      3200.00      1.01700
      3201.00      1.01411
      3202.00      1.01121
      3203.00      1.00832
      3204.00      1.00543
      3205.00      1.00254
      3206.00     0.999655
      3207.00     0.996770
      3208.00     0.993889
      3209.00     0.991011
      3210.00     0.988136
      3211.00     0.985266
      3212.00     0.982400
      3213.00     0.979539
      3214.00     0.976684
      3215.00     0.973834
      3216.00     0.970991
      3217.00     0.968154
      3218.00     0.965324
      3219.00     0.962502
      3220.00     0.959688
      3221.00     0.956882
      3222.00     0.954085
      3223.00     0.951297
      3224.00     0.948518
      3225.00     0.945750
      3226.00     0.942992
      3227.00     0.940245
      3228.00     0.937509
      3229.00     0.934784
      3230.00     0.932072
      3231.00     0.929372
      3232.00     0.926685
      3233.00     0.924012
      3234.00     0.921352
      3235.00     0.918706
      3236.00     0.916075
      3237.00     0.913459
      3238.00     0.910858
      3239.00     0.908273
      3240.00     0.905704
      3241.00     0.903152
      3242.00     0.900617
      3243.00     0.898099
      3244.00     0.895599
      3245.00     0.893118
      3246.00     0.890655
      3247.00     0.888212
      3248.00     0.885788
      3249.00     0.883384
      3250.00     0.881000
      3251.00     0.878637
      3252.00     0.876295
      3253.00     0.873973
      3254.00     0.871672
      3255.00     0.869392
      3256.00     0.867132
      3257.00     0.864893
      3258.00     0.862673
      3259.00     0.860475
      3260.00     0.858296
      3261.00     0.856138
      3262.00     0.853999
      3263.00     0.851881
      3264.00     0.849782
      3265.00     0.847704
      3266.00     0.845645
      3267.00     0.843607
      3268.00     0.841587
      3269.00     0.839588
      3270.00     0.837608
      3271.00     0.835648
      3272.00     0.833707
      3273.00     0.831785
      3274.00     0.829883
      3275.00     0.828000
      3276.00     0.826136
      3277.00     0.824292
      3278.00     0.822466
      3279.00     0.820660
      3280.00     0.818872
      3281.00     0.817103
      3282.00     0.815353
      3283.00     0.813622
      3284.00     0.811910
      3285.00     0.810216
      3286.00     0.808541
      3287.00     0.806884
      3288.00     0.805246
      3289.00     0.803626
      3290.00     0.802024
      3291.00     0.800441
      3292.00     0.798875
      3293.00     0.797328
      3294.00     0.795799
      3295.00     0.794288
      3296.00     0.792795
      3297.00     0.791319
      3298.00     0.789862
      3299.00     0.788422
      3300.00     0.787000
      3301.00     0.785515
      3302.00     0.784053
      3303.00     0.782614
      3304.00     0.781195
      3305.00     0.779798
      3306.00     0.778421
      3307.00     0.777065
      3308.00     0.775728
      3309.00     0.774411
      3310.00     0.773112
      3311.00     0.771831
      3312.00     0.770569
      3313.00     0.769323
      3314.00     0.768094
      3315.00     0.766882
      3316.00     0.765685
      3317.00     0.764504
      3318.00     0.763338
      3319.00     0.762186
      3320.00     0.761048
      3321.00     0.759923
      3322.00     0.758812
      3323.00     0.757713
      3324.00     0.756626
      3325.00     0.755550
      3326.00     0.754485
      3327.00     0.753431
      3328.00     0.752388
      3329.00     0.751353
      3330.00     0.750328
      3331.00     0.749311
      3332.00     0.748303
      3333.00     0.747302
      3334.00     0.746309
      3335.00     0.745322
      3336.00     0.744341
      3337.00     0.743367
      3338.00     0.742397
      3339.00     0.741432
      3340.00     0.740472
      3341.00     0.739515
      3342.00     0.738562
      3343.00     0.737612
      3344.00     0.736664
      3345.00     0.735718
      3346.00     0.734774
      3347.00     0.733830
      3348.00     0.732887
      3349.00     0.731944
      3350.00     0.731000
      3351.00     0.729957
      3352.00     0.728918
      3353.00     0.727884
      3354.00     0.726854
      3355.00     0.725828
      3356.00     0.724806
      3357.00     0.723789
      3358.00     0.722775
      3359.00     0.721766
      3360.00     0.720760
      3361.00     0.719758
      3362.00     0.718760
      3363.00     0.717766
      3364.00     0.716775
      3365.00     0.715788
      3366.00     0.714804
      3367.00     0.713824
      3368.00     0.712848
      3369.00     0.711874
      3370.00     0.710904
      3371.00     0.709937
      3372.00     0.708973
      3373.00     0.708013
      3374.00     0.707055
      3375.00     0.706100
      3376.00     0.705148
      3377.00     0.704199
      3378.00     0.703253
      3379.00     0.702309
      3380.00     0.701368
      3381.00     0.700430
      3382.00     0.699494
      3383.00     0.698560
      3384.00     0.697629
      3385.00     0.696700
      3386.00     0.695773
      3387.00     0.694849
      3388.00     0.693927
      3389.00     0.693006
      3390.00     0.692088
      3391.00     0.691172
      3392.00     0.690257
      3393.00     0.689344
      3394.00     0.688433
      3395.00     0.687524
      3396.00     0.686616
      3397.00     0.685710
      3398.00     0.684805
      3399.00     0.683902
      3400.00     0.683000
      3401.00     0.682070
      3402.00     0.681142
      3403.00     0.680216
      3404.00     0.679292
      3405.00     0.678369
      3406.00     0.677448
      3407.00     0.676529
      3408.00     0.675612
      3409.00     0.674697
      3410.00     0.673784
      3411.00     0.672873
      3412.00     0.671963
      3413.00     0.671056
      3414.00     0.670151
      3415.00     0.669247
      3416.00     0.668346
      3417.00     0.667446
      3418.00     0.666549
      3419.00     0.665653
      3420.00     0.664760
      3421.00     0.663869
      3422.00     0.662980
      3423.00     0.662093
      3424.00     0.661208
      3425.00     0.660325
      3426.00     0.659444
      3427.00     0.658566
      3428.00     0.657690
      3429.00     0.656816
      3430.00     0.655944
      3431.00     0.655074
      3432.00     0.654207
      3433.00     0.653342
      3434.00     0.652479
      3435.00     0.651619
      3436.00     0.650761
      3437.00     0.649905
      3438.00     0.649052
      3439.00     0.648201
      3440.00     0.647352
      3441.00     0.646506
      3442.00     0.645662
      3443.00     0.644820
      3444.00     0.643982
      3445.00     0.643145
      3446.00     0.642311
      3447.00     0.641479
      3448.00     0.640650
      3449.00     0.639824
      3450.00     0.639000
      3451.00     0.638156
      3452.00     0.637315
      3453.00     0.636476
      3454.00     0.635638
      3455.00     0.634803
      3456.00     0.633971
      3457.00     0.633140
      3458.00     0.632312
      3459.00     0.631487
      3460.00     0.630663
      3461.00     0.629842
      3462.00     0.629024
      3463.00     0.628208
      3464.00     0.627394
      3465.00     0.626583
      3466.00     0.625775
      3467.00     0.624969
      3468.00     0.624165
      3469.00     0.623364
      3470.00     0.622566
      3471.00     0.621771
      3472.00     0.620978
      3473.00     0.620188
      3474.00     0.619401
      3475.00     0.618617
      3476.00     0.617835
      3477.00     0.617057
      3478.00     0.616281
      3479.00     0.615508
      3480.00     0.614738
      3481.00     0.613971
      3482.00     0.613207
      3483.00     0.612446
      3484.00     0.611688
      3485.00     0.610933
      3486.00     0.610182
      3487.00     0.609433
      3488.00     0.608688
      3489.00     0.607945
      3490.00     0.607206
      3491.00     0.606471
      3492.00     0.605738
      3493.00     0.605009
      3494.00     0.604283
      3495.00     0.603561
      3496.00     0.602842
      3497.00     0.602126
      3498.00     0.601414
      3499.00     0.600705
      3500.00     0.600000
      3501.00     0.599290
      3502.00     0.598583
      3503.00     0.597881
      3504.00     0.597182
      3505.00     0.596488
      3506.00     0.595797
      3507.00     0.595109
      3508.00     0.594426
      3509.00     0.593746
      3510.00     0.593069
      3511.00     0.592396
      3512.00     0.591726
      3513.00     0.591060
      3514.00     0.590396
      3515.00     0.589736
      3516.00     0.589080
      3517.00     0.588426
      3518.00     0.587775
      3519.00     0.587127
      3520.00     0.586483
      3521.00     0.585840
      3522.00     0.585201
      3523.00     0.584565
      3524.00     0.583931
      3525.00     0.583299
      3526.00     0.582671
      3527.00     0.582044
      3528.00     0.581420
      3529.00     0.580799
      3530.00     0.580179
      3531.00     0.579562
      3532.00     0.578947
      3533.00     0.578335
      3534.00     0.577724
      3535.00     0.577115
      3536.00     0.576508
      3537.00     0.575903
      3538.00     0.575300
      3539.00     0.574698
      3540.00     0.574099
      3541.00     0.573500
      3542.00     0.572904
      3543.00     0.572309
      3544.00     0.571715
      3545.00     0.571122
      3546.00     0.570531
      3547.00     0.569942
      3548.00     0.569353
      3549.00     0.568765
      3550.00     0.568179
      3551.00     0.567594
      3552.00     0.567009
      3553.00     0.566425
      3554.00     0.565843
      3555.00     0.565260
      3556.00     0.564679
      3557.00     0.564098
      3558.00     0.563518
      3559.00     0.562938
      3560.00     0.562359
      3561.00     0.561780
      3562.00     0.561202
      3563.00     0.560624
      3564.00     0.560046
      3565.00     0.559468
      3566.00     0.558890
      3567.00     0.558312
      3568.00     0.557734
      3569.00     0.557156
      3570.00     0.556578
      3571.00     0.556000
      3572.00     0.555388
      3573.00     0.554777
      3574.00     0.554166
      3575.00     0.553556
      3576.00     0.552946
      3577.00     0.552337
      3578.00     0.551728
      3579.00     0.551119
      3580.00     0.550511
      3581.00     0.549904
      3582.00     0.549297
      3583.00     0.548690
      3584.00     0.548085
      3585.00     0.547480
      3586.00     0.546875
      3587.00     0.546271
      3588.00     0.545668
      3589.00     0.545066
      3590.00     0.544464
      3591.00     0.543864
      3592.00     0.543264
      3593.00     0.542665
      3594.00     0.542066
      3595.00     0.541469
      3596.00     0.540872
      3597.00     0.540277
      3598.00     0.539682
      3599.00     0.539088
      3600.00     0.538495
      3601.00     0.537904
      3602.00     0.537313
      3603.00     0.536723
      3604.00     0.536134
      3605.00     0.535547
      3606.00     0.534960
      3607.00     0.534375
      3608.00     0.533791
      3609.00     0.533208
      3610.00     0.532626
      3611.00     0.532046
      3612.00     0.531467
      3613.00     0.530889
      3614.00     0.530312
      3615.00     0.529737
      3616.00     0.529162
      3617.00     0.528590
      3618.00     0.528019
      3619.00     0.527449
      3620.00     0.526880
      3621.00     0.526313
      3622.00     0.525748
      3623.00     0.525184
      3624.00     0.524622
      3625.00     0.524061
      3626.00     0.523501
      3627.00     0.522944
      3628.00     0.522388
      3629.00     0.521833
      3630.00     0.521280
      3631.00     0.520729
      3632.00     0.520180
      3633.00     0.519632
      3634.00     0.519086
      3635.00     0.518542
      3636.00     0.518000
      3637.00     0.517458
      3638.00     0.516918
      3639.00     0.516380
      3640.00     0.515844
      3641.00     0.515310
      3642.00     0.514777
      3643.00     0.514247
      3644.00     0.513718
      3645.00     0.513190
      3646.00     0.512665
      3647.00     0.512140
      3648.00     0.511618
      3649.00     0.511097
      3650.00     0.510578
      3651.00     0.510060
      3652.00     0.509544
      3653.00     0.509029
      3654.00     0.508515
      3655.00     0.508003
      3656.00     0.507493
      3657.00     0.506983
      3658.00     0.506475
      3659.00     0.505968
      3660.00     0.505463
      3661.00     0.504959
      3662.00     0.504455
      3663.00     0.503953
      3664.00     0.503453
      3665.00     0.502953
      3666.00     0.502454
      3667.00     0.501957
      3668.00     0.501460
      3669.00     0.500964
      3670.00     0.500470
      3671.00     0.499976
      3672.00     0.499483
      3673.00     0.498991
      3674.00     0.498500
      3675.00     0.498009
      3676.00     0.497520
      3677.00     0.497031
      3678.00     0.496542
      3679.00     0.496055
      3680.00     0.495568
      3681.00     0.495082
      3682.00     0.494596
      3683.00     0.494111
      3684.00     0.493626
      3685.00     0.493142
      3686.00     0.492659
      3687.00     0.492176
      3688.00     0.491693
      3689.00     0.491210
      3690.00     0.490728
      3691.00     0.490247
      3692.00     0.489765
      3693.00     0.489284
      3694.00     0.488803
      3695.00     0.488322
      3696.00     0.487842
      3697.00     0.487361
      3698.00     0.486881
      3699.00     0.486401
      3700.00     0.485921
      3701.00     0.485441
      3702.00     0.484960
      3703.00     0.484480
      3704.00     0.484000
      3705.00     0.483503
      3706.00     0.483005
      3707.00     0.482508
      3708.00     0.482011
      3709.00     0.481515
      3710.00     0.481018
      3711.00     0.480522
      3712.00     0.480026
      3713.00     0.479531
      3714.00     0.479036
      3715.00     0.478541
      3716.00     0.478046
      3717.00     0.477552
      3718.00     0.477058
      3719.00     0.476565
      3720.00     0.476072
      3721.00     0.475580
      3722.00     0.475088
      3723.00     0.474596
      3724.00     0.474106
      3725.00     0.473615
      3726.00     0.473126
      3727.00     0.472637
      3728.00     0.472148
      3729.00     0.471661
      3730.00     0.471174
      3731.00     0.470687
      3732.00     0.470202
      3733.00     0.469717
      3734.00     0.469233
      3735.00     0.468750
      3736.00     0.468268
      3737.00     0.467786
      3738.00     0.467305
      3739.00     0.466826
      3740.00     0.466347
      3741.00     0.465869
      3742.00     0.465392
      3743.00     0.464916
      3744.00     0.464441
      3745.00     0.463968
      3746.00     0.463495
      3747.00     0.463023
      3748.00     0.462552
      3749.00     0.462083
      3750.00     0.461615
      3751.00     0.461148
      3752.00     0.460682
      3753.00     0.460217
      3754.00     0.459753
      3755.00     0.459291
      3756.00     0.458830
      3757.00     0.458371
      3758.00     0.457912
      3759.00     0.457456
      3760.00     0.457000
      3761.00     0.456545
      3762.00     0.456091
      3763.00     0.455639
      3764.00     0.455188
      3765.00     0.454739
      3766.00     0.454291
      3767.00     0.453844
      3768.00     0.453398
      3769.00     0.452953
      3770.00     0.452510
      3771.00     0.452068
      3772.00     0.451627
      3773.00     0.451187
      3774.00     0.450749
      3775.00     0.450311
      3776.00     0.449874
      3777.00     0.449439
      3778.00     0.449004
      3779.00     0.448571
      3780.00     0.448138
      3781.00     0.447706
      3782.00     0.447276
      3783.00     0.446846
      3784.00     0.446417
      3785.00     0.445989
      3786.00     0.445561
      3787.00     0.445135
      3788.00     0.444709
      3789.00     0.444284
      3790.00     0.443859
      3791.00     0.443436
      3792.00     0.443013
      3793.00     0.442591
      3794.00     0.442169
      3795.00     0.441748
      3796.00     0.441327
      3797.00     0.440907
      3798.00     0.440488
      3799.00     0.440069
      3800.00     0.439650
      3801.00     0.439232
      3802.00     0.438815
      3803.00     0.438397
      3804.00     0.437981
      3805.00     0.437564
      3806.00     0.437148
      3807.00     0.436732
      3808.00     0.436317
      3809.00     0.435902
      3810.00     0.435487
      3811.00     0.435072
      3812.00     0.434657
      3813.00     0.434243
      3814.00     0.433828
      3815.00     0.433414
      3816.00     0.433000
      3817.00     0.432576
      3818.00     0.432153
      3819.00     0.431730
      3820.00     0.431307
      3821.00     0.430885
      3822.00     0.430463
      3823.00     0.430041
      3824.00     0.429620
      3825.00     0.429199
      3826.00     0.428778
      3827.00     0.428358
      3828.00     0.427938
      3829.00     0.427518
      3830.00     0.427099
      3831.00     0.426681
      3832.00     0.426263
      3833.00     0.425845
      3834.00     0.425428
      3835.00     0.425011
      3836.00     0.424595
      3837.00     0.424180
      3838.00     0.423765
      3839.00     0.423350
      3840.00     0.422936
      3841.00     0.422523
      3842.00     0.422110
      3843.00     0.421698
      3844.00     0.421286
      3845.00     0.420876
      3846.00     0.420465
      3847.00     0.420056
      3848.00     0.419647
      3849.00     0.419239
      3850.00     0.418831
      3851.00     0.418424
      3852.00     0.418018
      3853.00     0.417613
      3854.00     0.417208
      3855.00     0.416804
      3856.00     0.416401
      3857.00     0.415999
      3858.00     0.415597
      3859.00     0.415197
      3860.00     0.414797
      3861.00     0.414398
      3862.00     0.414000
      3863.00     0.413597
      3864.00     0.413195
      3865.00     0.412794
      3866.00     0.412394
      3867.00     0.411994
      3868.00     0.411594
      3869.00     0.411196
      3870.00     0.410798
      3871.00     0.410401
      3872.00     0.410004
      3873.00     0.409608
      3874.00     0.409213
      3875.00     0.408819
      3876.00     0.408425
      3877.00     0.408032
      3878.00     0.407639
      3879.00     0.407247
      3880.00     0.406856
      3881.00     0.406466
      3882.00     0.406076
      3883.00     0.405687
      3884.00     0.405299
      3885.00     0.404911
      3886.00     0.404524
      3887.00     0.404138
      3888.00     0.403753
      3889.00     0.403368
      3890.00     0.402984
      3891.00     0.402600
      3892.00     0.402218
      3893.00     0.401836
      3894.00     0.401454
      3895.00     0.401074
      3896.00     0.400694
      3897.00     0.400315
      3898.00     0.399937
      3899.00     0.399559
      3900.00     0.399182
      3901.00     0.398806
      3902.00     0.398430
      3903.00     0.398056
      3904.00     0.397682
      3905.00     0.397308
      3906.00     0.396936
      3907.00     0.396564
      3908.00     0.396193
      3909.00     0.395823
      3910.00     0.395453
      3911.00     0.395084
      3912.00     0.394716
      3913.00     0.394349
      3914.00     0.393982
      3915.00     0.393616
      3916.00     0.393251
      3917.00     0.392887
      3918.00     0.392524
      3919.00     0.392161
      3920.00     0.391799
      3921.00     0.391437
      3922.00     0.391077
      3923.00     0.390717
      3924.00     0.390358
      3925.00     0.390000
      3926.00     0.389643
      3927.00     0.389286
      3928.00     0.388930
      3929.00     0.388575
      3930.00     0.388220
      3931.00     0.387867
      3932.00     0.387514
      3933.00     0.387162
      3934.00     0.386811
      3935.00     0.386461
      3936.00     0.386111
      3937.00     0.385762
      3938.00     0.385414
      3939.00     0.385067
      3940.00     0.384720
      3941.00     0.384375
      3942.00     0.384030
      3943.00     0.383686
      3944.00     0.383342
      3945.00     0.383000
      3946.00     0.382658
      3947.00     0.382317
      3948.00     0.381977
      3949.00     0.381638
      3950.00     0.381300
      3951.00     0.380962
      3952.00     0.380626
      3953.00     0.380291
      3954.00     0.379957
      3955.00     0.379623
      3956.00     0.379290
      3957.00     0.378959
      3958.00     0.378627
      3959.00     0.378297
      3960.00     0.377967
      3961.00     0.377638
      3962.00     0.377309
      3963.00     0.376982
      3964.00     0.376654
      3965.00     0.376328
      3966.00     0.376001
      3967.00     0.375676
      3968.00     0.375350
      3969.00     0.375025
      3970.00     0.374701
      3971.00     0.374377
      3972.00     0.374053
      3973.00     0.373729
      3974.00     0.373406
      3975.00     0.373083
      3976.00     0.372760
      3977.00     0.372438
      3978.00     0.372115
      3979.00     0.371793
      3980.00     0.371471
      3981.00     0.371149
      3982.00     0.370827
      3983.00     0.370504
      3984.00     0.370182
      3985.00     0.369860
      3986.00     0.369538
      3987.00     0.369215
      3988.00     0.368893
      3989.00     0.368570
      3990.00     0.368247
      3991.00     0.367924
      3992.00     0.367601
      3993.00     0.367277
      3994.00     0.366953
      3995.00     0.366628
      3996.00     0.366304
      3997.00     0.365978
      3998.00     0.365653
      3999.00     0.365327
      4000.00     0.365000
      4001.00     0.364665
      4002.00     0.364329
      4003.00     0.363993
      4004.00     0.363656
      4005.00     0.363319
      4006.00     0.362983
      4007.00     0.362645
      4008.00     0.362308
      4009.00     0.361971
      4010.00     0.361634
      4011.00     0.361296
      4012.00     0.360959
      4013.00     0.360622
      4014.00     0.360285
      4015.00     0.359948
      4016.00     0.359612
      4017.00     0.359275
      4018.00     0.358939
      4019.00     0.358604
      4020.00     0.358269
      4021.00     0.357934
      4022.00     0.357600
      4023.00     0.357266
      4024.00     0.356933
      4025.00     0.356601
      4026.00     0.356269
      4027.00     0.355938
      4028.00     0.355608
      4029.00     0.355279
      4030.00     0.354950
      4031.00     0.354623
      4032.00     0.354296
      4033.00     0.353970
      4034.00     0.353646
      4035.00     0.353322
      4036.00     0.353000
      4037.00     0.352679
      4038.00     0.352358
      4039.00     0.352038
      4040.00     0.351720
      4041.00     0.351402
      4042.00     0.351085
      4043.00     0.350769
      4044.00     0.350454
      4045.00     0.350139
      4046.00     0.349826
      4047.00     0.349513
      4048.00     0.349201
      4049.00     0.348890
      4050.00     0.348579
      4051.00     0.348269
      4052.00     0.347960
      4053.00     0.347652
      4054.00     0.347344
      4055.00     0.347037
      4056.00     0.346731
      4057.00     0.346425
      4058.00     0.346120
      4059.00     0.345815
      4060.00     0.345511
      4061.00     0.345208
      4062.00     0.344905
      4063.00     0.344603
      4064.00     0.344301
      4065.00     0.344000
      4066.00     0.343689
      4067.00     0.343379
      4068.00     0.343068
      4069.00     0.342757
      4070.00     0.342447
      4071.00     0.342136
      4072.00     0.341825
      4073.00     0.341515
      4074.00     0.341204
      4075.00     0.340894
      4076.00     0.340584
      4077.00     0.340274
      4078.00     0.339964
      4079.00     0.339655
      4080.00     0.339345
      4081.00     0.339036
      4082.00     0.338727
      4083.00     0.338418
      4084.00     0.338109
      4085.00     0.337801
      4086.00     0.337493
      4087.00     0.337186
      4088.00     0.336878
      4089.00     0.336571
      4090.00     0.336264
      4091.00     0.335958
      4092.00     0.335652
      4093.00     0.335347
      4094.00     0.335042
      4095.00     0.334737
      4096.00     0.334433
      4097.00     0.334129
      4098.00     0.333826
      4099.00     0.333523
      4100.00     0.333221
      4101.00     0.332919
      4102.00     0.332618
      4103.00     0.332318
      4104.00     0.332018
      4105.00     0.331718
      4106.00     0.331419
      4107.00     0.331121
      4108.00     0.330824
      4109.00     0.330527
      4110.00     0.330231
      4111.00     0.329935
      4112.00     0.329641
      4113.00     0.329347
      4114.00     0.329053
      4115.00     0.328761
      4116.00     0.328469
      4117.00     0.328178
      4118.00     0.327888
      4119.00     0.327599
      4120.00     0.327310
      4121.00     0.327022
      4122.00     0.326736
      4123.00     0.326450
      4124.00     0.326165
      4125.00     0.325881
      4126.00     0.325598
      4127.00     0.325316
      4128.00     0.325035
      4129.00     0.324754
      4130.00     0.324475
      4131.00     0.324197
      4132.00     0.323920
      4133.00     0.323644
      4134.00     0.323369
      4135.00     0.323095
      4136.00     0.322822
      4137.00     0.322551
      4138.00     0.322280
      4139.00     0.322011
      4140.00     0.321742
      4141.00     0.321475
      4142.00     0.321209
      4143.00     0.320945
      4144.00     0.320681
      4145.00     0.320419
      4146.00     0.320158
      4147.00     0.319899
      4148.00     0.319640
      4149.00     0.319383
      4150.00     0.319128
      4151.00     0.318873
      4152.00     0.318620
      4153.00     0.318369
      4154.00     0.318119
      4155.00     0.317870
      4156.00     0.317622
      4157.00     0.317376
      4158.00     0.317132
      4159.00     0.316889
      4160.00     0.316647
      4161.00     0.316407
      4162.00     0.316169
      4163.00     0.315932
      4164.00     0.315697
      4165.00     0.315463
      4166.00     0.315231
      4167.00     0.315000
      4168.00     0.314777
      4169.00     0.314555
      4170.00     0.314334
      4171.00     0.314115
      4172.00     0.313898
      4173.00     0.313681
      4174.00     0.313465
      4175.00     0.313249
      4176.00     0.313035
      4177.00     0.312820
      4178.00     0.312606
      4179.00     0.312392
      4180.00     0.312178
      4181.00     0.311964
      4182.00     0.311749
      4183.00     0.311534
      4184.00     0.311318
      4185.00     0.311101
      4186.00     0.310883
      4187.00     0.310665
      4188.00     0.310445
      4189.00     0.310223
      4190.00     0.310000
      4191.00     0.309768
      4192.00     0.309535
      4193.00     0.309299
      4194.00     0.309063
      4195.00     0.308824
      4196.00     0.308584
      4197.00     0.308342
      4198.00     0.308099
      4199.00     0.307855
      4200.00     0.307609
      4201.00     0.307361
      4202.00     0.307113
      4203.00     0.306863
      4204.00     0.306611
      4205.00     0.306359
      4206.00     0.306105
      4207.00     0.305850
      4208.00     0.305594
      4209.00     0.305337
      4210.00     0.305079
      4211.00     0.304820
      4212.00     0.304560
      4213.00     0.304299
      4214.00     0.304037
      4215.00     0.303774
      4216.00     0.303510
      4217.00     0.303246
      4218.00     0.302981
      4219.00     0.302715
      4220.00     0.302449
      4221.00     0.302182
      4222.00     0.301914
      4223.00     0.301646
      4224.00     0.301377
      4225.00     0.301108
      4226.00     0.300838
      4227.00     0.300568
      4228.00     0.300298
      4229.00     0.300027
      4230.00     0.299756
      4231.00     0.299485
      4232.00     0.299213
      4233.00     0.298942
      4234.00     0.298670
      4235.00     0.298398
      4236.00     0.298126
      4237.00     0.297854
      4238.00     0.297582
      4239.00     0.297310
      4240.00     0.297039
      4241.00     0.296767
      4242.00     0.296496
      4243.00     0.296224
      4244.00     0.295953
      4245.00     0.295683
      4246.00     0.295412
      4247.00     0.295142
      4248.00     0.294873
      4249.00     0.294604
      4250.00     0.294335
      4251.00     0.294067
      4252.00     0.293799
      4253.00     0.293532
      4254.00     0.293266
      4255.00     0.293000
      4256.00     0.292736
      4257.00     0.292471
      4258.00     0.292206
      4259.00     0.291942
      4260.00     0.291677
      4261.00     0.291413
      4262.00     0.291149
      4263.00     0.290884
      4264.00     0.290621
      4265.00     0.290357
      4266.00     0.290094
      4267.00     0.289831
      4268.00     0.289569
      4269.00     0.289307
      4270.00     0.289045
      4271.00     0.288785
      4272.00     0.288524
      4273.00     0.288265
      4274.00     0.288006
      4275.00     0.287748
      4276.00     0.287491
      4277.00     0.287234
      4278.00     0.286979
      4279.00     0.286724
      4280.00     0.286471
      4281.00     0.286218
      4282.00     0.285967
      4283.00     0.285716
      4284.00     0.285467
      4285.00     0.285219
      4286.00     0.284973
      4287.00     0.284727
      4288.00     0.284484
      4289.00     0.284241
      4290.00     0.284000
      4291.00     0.283762
      4292.00     0.283525
      4293.00     0.283290
      4294.00     0.283057
      4295.00     0.282825
      4296.00     0.282594
      4297.00     0.282365
      4298.00     0.282137
      4299.00     0.281911
      4300.00     0.281686
      4301.00     0.281462
      4302.00     0.281240
      4303.00     0.281019
      4304.00     0.280799
      4305.00     0.280580
      4306.00     0.280363
      4307.00     0.280147
      4308.00     0.279932
      4309.00     0.279718
      4310.00     0.279506
      4311.00     0.279294
      4312.00     0.279084
      4313.00     0.278874
      4314.00     0.278666
      4315.00     0.278459
      4316.00     0.278253
      4317.00     0.278048
      4318.00     0.277843
      4319.00     0.277640
      4320.00     0.277438
      4321.00     0.277236
      4322.00     0.277035
      4323.00     0.276836
      4324.00     0.276637
      4325.00     0.276439
      4326.00     0.276241
      4327.00     0.276045
      4328.00     0.275849
      4329.00     0.275654
      4330.00     0.275459
      4331.00     0.275266
      4332.00     0.275072
      4333.00     0.274880
      4334.00     0.274688
      4335.00     0.274497
      4336.00     0.274306
      4337.00     0.274116
      4338.00     0.273926
      4339.00     0.273737
      4340.00     0.273549
      4341.00     0.273360
      4342.00     0.273173
      4343.00     0.272985
      4344.00     0.272798
      4345.00     0.272612
      4346.00     0.272425
      4347.00     0.272239
      4348.00     0.272054
      4349.00     0.271868
      4350.00     0.271683
      4351.00     0.271498
      4352.00     0.271314
      4353.00     0.271129
      4354.00     0.270945
      4355.00     0.270761
      4356.00     0.270577
      4357.00     0.270393
      4358.00     0.270209
      4359.00     0.270025
      4360.00     0.269841
      4361.00     0.269657
      4362.00     0.269474
      4363.00     0.269290
      4364.00     0.269106
      4365.00     0.268922
      4366.00     0.268738
      4367.00     0.268554
      4368.00     0.268369
      4369.00     0.268185
      4370.00     0.268000
      4371.00     0.267807
      4372.00     0.267615
      4373.00     0.267422
      4374.00     0.267230
      4375.00     0.267038
      4376.00     0.266847
      4377.00     0.266655
      4378.00     0.266464
      4379.00     0.266273
      4380.00     0.266082
      4381.00     0.265892
      4382.00     0.265701
      4383.00     0.265511
      4384.00     0.265321
      4385.00     0.265131
      4386.00     0.264941
      4387.00     0.264752
      4388.00     0.264562
      4389.00     0.264373
      4390.00     0.264184
      4391.00     0.263995
      4392.00     0.263806
      4393.00     0.263617
      4394.00     0.263428
      4395.00     0.263239
      4396.00     0.263051
      4397.00     0.262862
      4398.00     0.262673
      4399.00     0.262485
      4400.00     0.262297
      4401.00     0.262108
      4402.00     0.261920
      4403.00     0.261732
      4404.00     0.261543
      4405.00     0.261355
      4406.00     0.261167
      4407.00     0.260979
      4408.00     0.260790
      4409.00     0.260602
      4410.00     0.260414
      4411.00     0.260225
      4412.00     0.260037
      4413.00     0.259848
      4414.00     0.259660
      4415.00     0.259471
      4416.00     0.259283
      4417.00     0.259094
      4418.00     0.258905
      4419.00     0.258716
      4420.00     0.258527
      4421.00     0.258338
      4422.00     0.258149
      4423.00     0.257960
      4424.00     0.257770
      4425.00     0.257581
      4426.00     0.257391
      4427.00     0.257201
      4428.00     0.257011
      4429.00     0.256821
      4430.00     0.256630
      4431.00     0.256440
      4432.00     0.256249
      4433.00     0.256058
      4434.00     0.255867
      4435.00     0.255675
      4436.00     0.255484
      4437.00     0.255292
      4438.00     0.255100
      4439.00     0.254908
      4440.00     0.254715
      4441.00     0.254522
      4442.00     0.254329
      4443.00     0.254136
      4444.00     0.253942
      4445.00     0.253748
      4446.00     0.253554
      4447.00     0.253360
      4448.00     0.253165
      4449.00     0.252970
      4450.00     0.252774
      4451.00     0.252578
      4452.00     0.252382
      4453.00     0.252186
      4454.00     0.251989
      4455.00     0.251792
      4456.00     0.251594
      4457.00     0.251397
      4458.00     0.251198
      4459.00     0.251000
      4460.00     0.250800
      4461.00     0.250601
      4462.00     0.250401
      4463.00     0.250201
      4464.00     0.250000
      4465.00     0.249794
      4466.00     0.249587
      4467.00     0.249380
      4468.00     0.249173
      4469.00     0.248965
      4470.00     0.248757
      4471.00     0.248549
      4472.00     0.248341
      4473.00     0.248132
      4474.00     0.247924
      4475.00     0.247715
      4476.00     0.247507
      4477.00     0.247298
      4478.00     0.247090
      4479.00     0.246882
      4480.00     0.246673
      4481.00     0.246465
      4482.00     0.246258
      4483.00     0.246050
      4484.00     0.245843
      4485.00     0.245636
      4486.00     0.245430
      4487.00     0.245224
      4488.00     0.245018
      4489.00     0.244814
      4490.00     0.244609
      4491.00     0.244406
      4492.00     0.244202
      4493.00     0.244000
      4494.00     0.243798
      4495.00     0.243598
      4496.00     0.243397
      4497.00     0.243198
      4498.00     0.243000
      4499.00     0.242803
      4500.00     0.242607
      4501.00     0.242412
      4502.00     0.242218
      4503.00     0.242024
      4504.00     0.241831
      4505.00     0.241639
      4506.00     0.241447
      4507.00     0.241256
      4508.00     0.241066
      4509.00     0.240877
      4510.00     0.240688
      4511.00     0.240500
      4512.00     0.240313
      4513.00     0.240126
      4514.00     0.239940
      4515.00     0.239754
      4516.00     0.239570
      4517.00     0.239386
      4518.00     0.239202
      4519.00     0.239019
      4520.00     0.238837
      4521.00     0.238656
      4522.00     0.238475
      4523.00     0.238294
      4524.00     0.238114
      4525.00     0.237935
      4526.00     0.237757
      4527.00     0.237579
      4528.00     0.237401
      4529.00     0.237224
      4530.00     0.237048
      4531.00     0.236872
      4532.00     0.236696
      4533.00     0.236522
      4534.00     0.236347
      4535.00     0.236174
      4536.00     0.236000
      4537.00     0.235828
      4538.00     0.235655
      4539.00     0.235483
      4540.00     0.235312
      4541.00     0.235141
      4542.00     0.234971
      4543.00     0.234801
      4544.00     0.234631
      4545.00     0.234462
      4546.00     0.234294
      4547.00     0.234125
      4548.00     0.233958
      4549.00     0.233790
      4550.00     0.233623
      4551.00     0.233457
      4552.00     0.233290
      4553.00     0.233125
      4554.00     0.232959
      4555.00     0.232794
      4556.00     0.232629
      4557.00     0.232465
      4558.00     0.232301
      4559.00     0.232137
      4560.00     0.231974
      4561.00     0.231811
      4562.00     0.231648
      4563.00     0.231486
      4564.00     0.231323
      4565.00     0.231162
      4566.00     0.231000
      4567.00     0.230833
      4568.00     0.230667
      4569.00     0.230502
      4570.00     0.230337
      4571.00     0.230172
      4572.00     0.230007
      4573.00     0.229844
      4574.00     0.229680
      4575.00     0.229517
      4576.00     0.229355
      4577.00     0.229193
      4578.00     0.229031
      4579.00     0.228870
      4580.00     0.228709
      4581.00     0.228549
      4582.00     0.228389
      4583.00     0.228230
      4584.00     0.228071
      4585.00     0.227913
      4586.00     0.227755
      4587.00     0.227598
      4588.00     0.227441
      4589.00     0.227284
      4590.00     0.227129
      4591.00     0.226973
      4592.00     0.226818
      4593.00     0.226664
      4594.00     0.226510
      4595.00     0.226357
      4596.00     0.226204
      4597.00     0.226052
      4598.00     0.225900
      4599.00     0.225749
      4600.00     0.225598
      4601.00     0.225448
      4602.00     0.225298
      4603.00     0.225149
      4604.00     0.225000
      4605.00     0.224853
      4606.00     0.224708
      4607.00     0.224563
      4608.00     0.224419
      4609.00     0.224275
      4610.00     0.224133
      4611.00     0.223991
      4612.00     0.223850
      4613.00     0.223709
      4614.00     0.223570
      4615.00     0.223431
      4616.00     0.223292
      4617.00     0.223154
      4618.00     0.223017
      4619.00     0.222880
      4620.00     0.222744
      4621.00     0.222608
      4622.00     0.222473
      4623.00     0.222338
      4624.00     0.222204
      4625.00     0.222070
      4626.00     0.221936
      4627.00     0.221803
      4628.00     0.221670
      4629.00     0.221538
      4630.00     0.221406
      4631.00     0.221274
      4632.00     0.221142
      4633.00     0.221011
      4634.00     0.220880
      4635.00     0.220749
      4636.00     0.220618
      4637.00     0.220488
      4638.00     0.220357
      4639.00     0.220227
      4640.00     0.220097
      4641.00     0.219967
      4642.00     0.219837
      4643.00     0.219706
      4644.00     0.219576
      4645.00     0.219446
      4646.00     0.219316
      4647.00     0.219186
      4648.00     0.219056
      4649.00     0.218925
      4650.00     0.218795
      4651.00     0.218664
      4652.00     0.218533
      4653.00     0.218402
      4654.00     0.218271
      4655.00     0.218140
      4656.00     0.218008
      4657.00     0.217876
      4658.00     0.217744
      4659.00     0.217611
      4660.00     0.217478
      4661.00     0.217345
      4662.00     0.217211
      4663.00     0.217077
      4664.00     0.216942
      4665.00     0.216807
      4666.00     0.216672
      4667.00     0.216536
      4668.00     0.216399
      4669.00     0.216262
      4670.00     0.216124
      4671.00     0.215986
      4672.00     0.215847
      4673.00     0.215708
      4674.00     0.215568
      4675.00     0.215427
      4676.00     0.215285
      4677.00     0.215143
      4678.00     0.215000
      4679.00     0.214838
      4680.00     0.214676
      4681.00     0.214512
      4682.00     0.214347
      4683.00     0.214182
      4684.00     0.214016
      4685.00     0.213849
      4686.00     0.213682
      4687.00     0.213514
      4688.00     0.213345
      4689.00     0.213176
      4690.00     0.213007
      4691.00     0.212837
      4692.00     0.212667
      4693.00     0.212497
      4694.00     0.212327
      4695.00     0.212157
      4696.00     0.211987
      4697.00     0.211817
      4698.00     0.211646
      4699.00     0.211476
      4700.00     0.211307
      4701.00     0.211137
      4702.00     0.210968
      4703.00     0.210800
      4704.00     0.210632
      4705.00     0.210464
      4706.00     0.210297
      4707.00     0.210131
      4708.00     0.209966
      4709.00     0.209801
      4710.00     0.209637
      4711.00     0.209474
      4712.00     0.209312
      4713.00     0.209151
      4714.00     0.208991
      4715.00     0.208833
      4716.00     0.208675
      4717.00     0.208519
      4718.00     0.208364
      4719.00     0.208211
      4720.00     0.208059
      4721.00     0.207909
      4722.00     0.207760
      4723.00     0.207613
      4724.00     0.207468
      4725.00     0.207324
      4726.00     0.207182
      4727.00     0.207042
      4728.00     0.206905
      4729.00     0.206769
      4730.00     0.206635
      4731.00     0.206503
      4732.00     0.206374
      4733.00     0.206247
      4734.00     0.206122
      4735.00     0.206000
      4736.00     0.205895
      4737.00     0.205793
      4738.00     0.205693
      4739.00     0.205595
      4740.00     0.205500
      4741.00     0.205407
      4742.00     0.205316
      4743.00     0.205227
      4744.00     0.205140
      4745.00     0.205055
      4746.00     0.204972
      4747.00     0.204890
      4748.00     0.204809
      4749.00     0.204731
      4750.00     0.204653
      4751.00     0.204577
      4752.00     0.204502
      4753.00     0.204427
      4754.00     0.204354
      4755.00     0.204282
      4756.00     0.204210
      4757.00     0.204139
      4758.00     0.204068
      4759.00     0.203998
      4760.00     0.203929
      4761.00     0.203859
      4762.00     0.203790
      4763.00     0.203720
      4764.00     0.203651
      4765.00     0.203581
      4766.00     0.203511
      4767.00     0.203441
      4768.00     0.203370
      4769.00     0.203299
      4770.00     0.203227
      4771.00     0.203154
      4772.00     0.203080
      4773.00     0.203006
      4774.00     0.202930
      4775.00     0.202854
      4776.00     0.202775
      4777.00     0.202696
      4778.00     0.202615
      4779.00     0.202533
      4780.00     0.202449
      4781.00     0.202363
      4782.00     0.202275
      4783.00     0.202186
      4784.00     0.202094
      4785.00     0.202000
      4786.00     0.201893
      4787.00     0.201785
      4788.00     0.201675
      4789.00     0.201564
      4790.00     0.201451
      4791.00     0.201337
      4792.00     0.201222
      4793.00     0.201106
      4794.00     0.200988
      4795.00     0.200869
      4796.00     0.200750
      4797.00     0.200629
      4798.00     0.200507
      4799.00     0.200384
      4800.00     0.200260
      4801.00     0.200135
      4802.00     0.200010
      4803.00     0.199883
      4804.00     0.199756
      4805.00     0.199629
      4806.00     0.199500
      4807.00     0.199371
      4808.00     0.199242
      4809.00     0.199112
      4810.00     0.198981
      4811.00     0.198850
      4812.00     0.198719
      4813.00     0.198588
      4814.00     0.198456
      4815.00     0.198324
      4816.00     0.198191
      4817.00     0.198059
      4818.00     0.197926
      4819.00     0.197794
      4820.00     0.197661
      4821.00     0.197529
      4822.00     0.197396
      4823.00     0.197264
      4824.00     0.197132
      4825.00     0.197000
      4826.00     0.196871
      4827.00     0.196741
      4828.00     0.196611
      4829.00     0.196481
      4830.00     0.196351
      4831.00     0.196220
      4832.00     0.196089
      4833.00     0.195958
      4834.00     0.195827
      4835.00     0.195695
      4836.00     0.195563
      4837.00     0.195432
      4838.00     0.195300
      4839.00     0.195168
      4840.00     0.195035
      4841.00     0.194903
      4842.00     0.194771
      4843.00     0.194638
      4844.00     0.194506
      4845.00     0.194374
      4846.00     0.194241
      4847.00     0.194109
      4848.00     0.193976
      4849.00     0.193844
      4850.00     0.193711
      4851.00     0.193579
      4852.00     0.193447
      4853.00     0.193314
      4854.00     0.193182
      4855.00     0.193050
      4856.00     0.192919
      4857.00     0.192787
      4858.00     0.192655
      4859.00     0.192524
      4860.00     0.192393
      4861.00     0.192262
      4862.00     0.192131
      4863.00     0.192000
      4864.00     0.191870
      4865.00     0.191740
      4866.00     0.191610
      4867.00     0.191481
      4868.00     0.191352
      4869.00     0.191223
      4870.00     0.191095
      4871.00     0.190966
      4872.00     0.190839
      4873.00     0.190711
      4874.00     0.190584
      4875.00     0.190458
      4876.00     0.190332
      4877.00     0.190206
      4878.00     0.190081
      4879.00     0.189956
      4880.00     0.189832
      4881.00     0.189708
      4882.00     0.189585
      4883.00     0.189462
      4884.00     0.189340
      4885.00     0.189218
      4886.00     0.189097
      4887.00     0.188976
      4888.00     0.188857
      4889.00     0.188737
      4890.00     0.188619
      4891.00     0.188501
      4892.00     0.188383
      4893.00     0.188267
      4894.00     0.188151
      4895.00     0.188036
      4896.00     0.187921
      4897.00     0.187807
      4898.00     0.187694
      4899.00     0.187582
      4900.00     0.187471
      4901.00     0.187360
      4902.00     0.187250
      4903.00     0.187141
      4904.00     0.187033
      4905.00     0.186925
      4906.00     0.186819
      4907.00     0.186713
      4908.00     0.186609
      4909.00     0.186505
      4910.00     0.186402
      4911.00     0.186300
      4912.00     0.186199
      4913.00     0.186099
      4914.00     0.186000
      4915.00     0.185909
      4916.00     0.185820
      4917.00     0.185731
      4918.00     0.185644
      4919.00     0.185557
      4920.00     0.185472
      4921.00     0.185388
      4922.00     0.185304
      4923.00     0.185221
      4924.00     0.185140
      4925.00     0.185059
      4926.00     0.184979
      4927.00     0.184900
      4928.00     0.184822
      4929.00     0.184744
      4930.00     0.184667
      4931.00     0.184591
      4932.00     0.184516
      4933.00     0.184442
      4934.00     0.184368
      4935.00     0.184295
      4936.00     0.184222
      4937.00     0.184151
      4938.00     0.184079
      4939.00     0.184009
      4940.00     0.183939
      4941.00     0.183869
      4942.00     0.183800
      4943.00     0.183732
      4944.00     0.183664
      4945.00     0.183596
      4946.00     0.183529
      4947.00     0.183463
      4948.00     0.183397
      4949.00     0.183331
      4950.00     0.183265
      4951.00     0.183200
      4952.00     0.183136
      4953.00     0.183071
      4954.00     0.183007
      4955.00     0.182943
      4956.00     0.182879
      4957.00     0.182816
      4958.00     0.182753
      4959.00     0.182690
      4960.00     0.182627
      4961.00     0.182564
      4962.00     0.182501
      4963.00     0.182439
      4964.00     0.182376
      4965.00     0.182314
      4966.00     0.182251
      4967.00     0.182189
      4968.00     0.182126
      4969.00     0.182064
      4970.00     0.182001
      4971.00     0.181939
      4972.00     0.181876
      4973.00     0.181813
      4974.00     0.181751
      4975.00     0.181687
      4976.00     0.181624
      4977.00     0.181561
      4978.00     0.181497
      4979.00     0.181433
      4980.00     0.181369
      4981.00     0.181305
      4982.00     0.181240
      4983.00     0.181175
      4984.00     0.181110
      4985.00     0.181044
      4986.00     0.180978
      4987.00     0.180911
      4988.00     0.180844
      4989.00     0.180777
      4990.00     0.180709
      4991.00     0.180641
      4992.00     0.180572
      4993.00     0.180502
      4994.00     0.180432
      4995.00     0.180362
      4996.00     0.180291
      4997.00     0.180219
      4998.00     0.180147
      4999.00     0.180074
      5000.00     0.180000
      5001.00     0.179918
      5002.00     0.179836
      5003.00     0.179754
      5004.00     0.179671
      5005.00     0.179588
      5006.00     0.179504
      5007.00     0.179420
      5008.00     0.179336
      5009.00     0.179251
      5010.00     0.179166
      5011.00     0.179081
      5012.00     0.178995
      5013.00     0.178909
      5014.00     0.178823
      5015.00     0.178737
      5016.00     0.178650
      5017.00     0.178562
      5018.00     0.178475
      5019.00     0.178387
      5020.00     0.178299
      5021.00     0.178211
      5022.00     0.178123
      5023.00     0.178034
      5024.00     0.177945
      5025.00     0.177856
      5026.00     0.177766
      5027.00     0.177676
      5028.00     0.177587
      5029.00     0.177497
      5030.00     0.177406
      5031.00     0.177316
      5032.00     0.177225
      5033.00     0.177135
      5034.00     0.177044
      5035.00     0.176952
      5036.00     0.176861
      5037.00     0.176770
      5038.00     0.176678
      5039.00     0.176587
      5040.00     0.176495
      5041.00     0.176403
      5042.00     0.176311
      5043.00     0.176219
      5044.00     0.176127
      5045.00     0.176035
      5046.00     0.175942
      5047.00     0.175850
      5048.00     0.175757
      5049.00     0.175665
      5050.00     0.175572
      5051.00     0.175480
      5052.00     0.175387
      5053.00     0.175295
      5054.00     0.175202
      5055.00     0.175109
      5056.00     0.175017
      5057.00     0.174924
      5058.00     0.174832
      5059.00     0.174739
      5060.00     0.174646
      5061.00     0.174554
      5062.00     0.174461
      5063.00     0.174369
      5064.00     0.174277
      5065.00     0.174184
      5066.00     0.174092
      5067.00     0.174000
      5068.00     0.173907
      5069.00     0.173814
      5070.00     0.173720
      5071.00     0.173627
      5072.00     0.173533
      5073.00     0.173439
      5074.00     0.173345
      5075.00     0.173251
      5076.00     0.173157
      5077.00     0.173063
      5078.00     0.172969
      5079.00     0.172875
      5080.00     0.172781
      5081.00     0.172686
      5082.00     0.172592
      5083.00     0.172498
      5084.00     0.172403
      5085.00     0.172309
      5086.00     0.172215
      5087.00     0.172120
      5088.00     0.172026
      5089.00     0.171932
      5090.00     0.171838
      5091.00     0.171743
      5092.00     0.171649
      5093.00     0.171555
      5094.00     0.171461
      5095.00     0.171368
      5096.00     0.171274
      5097.00     0.171180
      5098.00     0.171087
      5099.00     0.170993
      5100.00     0.170900
      5101.00     0.170807
      5102.00     0.170714
      5103.00     0.170621
      5104.00     0.170529
      5105.00     0.170437
      5106.00     0.170344
      5107.00     0.170252
      5108.00     0.170161
      5109.00     0.170069
      5110.00     0.169978
      5111.00     0.169887
      5112.00     0.169796
      5113.00     0.169705
      5114.00     0.169615
      5115.00     0.169525
      5116.00     0.169435
      5117.00     0.169346
      5118.00     0.169257
      5119.00     0.169168
      5120.00     0.169079
      5121.00     0.168991
      5122.00     0.168903
      5123.00     0.168816
      5124.00     0.168729
      5125.00     0.168642
      5126.00     0.168556
      5127.00     0.168470
      5128.00     0.168384
      5129.00     0.168299
      5130.00     0.168214
      5131.00     0.168130
      5132.00     0.168046
      5133.00     0.167963
      5134.00     0.167880
      5135.00     0.167797
      5136.00     0.167715
      5137.00     0.167634
      5138.00     0.167553
      5139.00     0.167472
      5140.00     0.167392
      5141.00     0.167313
      5142.00     0.167234
      5143.00     0.167155
      5144.00     0.167077
      5145.00     0.167000
      5146.00     0.166920
      5147.00     0.166841
      5148.00     0.166762
      5149.00     0.166683
      5150.00     0.166604
      5151.00     0.166527
      5152.00     0.166449
      5153.00     0.166372
      5154.00     0.166295
      5155.00     0.166219
      5156.00     0.166143
      5157.00     0.166068
      5158.00     0.165993
      5159.00     0.165918
      5160.00     0.165844
      5161.00     0.165770
      5162.00     0.165697
      5163.00     0.165624
      5164.00     0.165552
      5165.00     0.165480
      5166.00     0.165409
      5167.00     0.165338
      5168.00     0.165268
      5169.00     0.165198
      5170.00     0.165128
      5171.00     0.165059
      5172.00     0.164991
      5173.00     0.164923
      5174.00     0.164856
      5175.00     0.164789
      5176.00     0.164722
      5177.00     0.164657
      5178.00     0.164591
      5179.00     0.164526
      5180.00     0.164462
      5181.00     0.164399
      5182.00     0.164336
      5183.00     0.164273
      5184.00     0.164211
      5185.00     0.164150
      5186.00     0.164089
      5187.00     0.164028
      5188.00     0.163969
      5189.00     0.163910
      5190.00     0.163851
      5191.00     0.163793
      5192.00     0.163736
      5193.00     0.163679
      5194.00     0.163623
      5195.00     0.163568
      5196.00     0.163513
      5197.00     0.163459
      5198.00     0.163405
      5199.00     0.163352
      5200.00     0.163300
      5201.00     0.163248
      5202.00     0.163197
      5203.00     0.163147
      5204.00     0.163097
      5205.00     0.163048
      5206.00     0.163000
      5207.00     0.162952
      5208.00     0.162905
      5209.00     0.162858
      5210.00     0.162812
      5211.00     0.162767
      5212.00     0.162723
      5213.00     0.162679
      5214.00     0.162636
      5215.00     0.162594
      5216.00     0.162553
      5217.00     0.162512
      5218.00     0.162472
      5219.00     0.162432
      5220.00     0.162393
      5221.00     0.162355
      5222.00     0.162317
      5223.00     0.162279
      5224.00     0.162242
      5225.00     0.162206
      5226.00     0.162170
      5227.00     0.162135
      5228.00     0.162100
      5229.00     0.162065
      5230.00     0.162031
      5231.00     0.161997
      5232.00     0.161964
      5233.00     0.161930
      5234.00     0.161898
      5235.00     0.161865
      5236.00     0.161833
      5237.00     0.161801
      5238.00     0.161769
      5239.00     0.161738
      5240.00     0.161706
      5241.00     0.161675
      5242.00     0.161644
      5243.00     0.161614
      5244.00     0.161583
      5245.00     0.161552
      5246.00     0.161522
      5247.00     0.161492
      5248.00     0.161461
      5249.00     0.161431
      5250.00     0.161401
      5251.00     0.161371
      5252.00     0.161340
      5253.00     0.161310
      5254.00     0.161279
      5255.00     0.161249
      5256.00     0.161218
      5257.00     0.161188
      5258.00     0.161157
      5259.00     0.161126
      5260.00     0.161095
      5261.00     0.161063
      5262.00     0.161032
      5263.00     0.161000
      5264.00     0.160965
      5265.00     0.160929
      5266.00     0.160894
      5267.00     0.160858
      5268.00     0.160823
      5269.00     0.160787
      5270.00     0.160752
      5271.00     0.160716
      5272.00     0.160680
      5273.00     0.160645
      5274.00     0.160609
      5275.00     0.160573
      5276.00     0.160537
      5277.00     0.160501
      5278.00     0.160466
      5279.00     0.160430
      5280.00     0.160394
      5281.00     0.160358
      5282.00     0.160321
      5283.00     0.160285
      5284.00     0.160249
      5285.00     0.160213
      5286.00     0.160176
      5287.00     0.160140
      5288.00     0.160103
      5289.00     0.160067
      5290.00     0.160030
      5291.00     0.159993
      5292.00     0.159956
      5293.00     0.159919
      5294.00     0.159882
      5295.00     0.159845
      5296.00     0.159808
      5297.00     0.159771
      5298.00     0.159733
      5299.00     0.159696
      5300.00     0.159658
      5301.00     0.159621
      5302.00     0.159583
      5303.00     0.159545
      5304.00     0.159507
      5305.00     0.159469
      5306.00     0.159430
      5307.00     0.159392
      5308.00     0.159353
      5309.00     0.159315
      5310.00     0.159276
      5311.00     0.159237
      5312.00     0.159198
      5313.00     0.159159
      5314.00     0.159120
      5315.00     0.159080
      5316.00     0.159041
      5317.00     0.159001
      5318.00     0.158961
      5319.00     0.158921
      5320.00     0.158881
      5321.00     0.158841
      5322.00     0.158800
      5323.00     0.158760
      5324.00     0.158719
      5325.00     0.158678
      5326.00     0.158637
      5327.00     0.158596
      5328.00     0.158555
      5329.00     0.158513
      5330.00     0.158471
      5331.00     0.158429
      5332.00     0.158387
      5333.00     0.158345
      5334.00     0.158302
      5335.00     0.158260
      5336.00     0.158217
      5337.00     0.158174
      5338.00     0.158131
      5339.00     0.158087
      5340.00     0.158044
      5341.00     0.158000
      5342.00     0.157955
      5343.00     0.157910
      5344.00     0.157865
      5345.00     0.157819
      5346.00     0.157773
      5347.00     0.157727
      5348.00     0.157681
      5349.00     0.157634
      5350.00     0.157587
      5351.00     0.157541
      5352.00     0.157493
      5353.00     0.157446
      5354.00     0.157399
      5355.00     0.157351
      5356.00     0.157303
      5357.00     0.157255
      5358.00     0.157207
      5359.00     0.157158
      5360.00     0.157109
      5361.00     0.157061
      5362.00     0.157012
      5363.00     0.156963
      5364.00     0.156913
      5365.00     0.156864
      5366.00     0.156814
      5367.00     0.156764
      5368.00     0.156715
      5369.00     0.156665
      5370.00     0.156614
      5371.00     0.156564
      5372.00     0.156514
      5373.00     0.156463
      5374.00     0.156413
      5375.00     0.156362
      5376.00     0.156311
      5377.00     0.156260
      5378.00     0.156209
      5379.00     0.156158
      5380.00     0.156106
      5381.00     0.156055
      5382.00     0.156003
      5383.00     0.155952
      5384.00     0.155900
      5385.00     0.155849
      5386.00     0.155797
      5387.00     0.155745
      5388.00     0.155693
      5389.00     0.155641
      5390.00     0.155589
      5391.00     0.155537
      5392.00     0.155485
      5393.00     0.155433
      5394.00     0.155380
      5395.00     0.155328
      5396.00     0.155276
      5397.00     0.155223
      5398.00     0.155171
      5399.00     0.155119
      5400.00     0.155066
      5401.00     0.155014
      5402.00     0.154961
      5403.00     0.154909
      5404.00     0.154857
      5405.00     0.154804
      5406.00     0.154752
      5407.00     0.154699
      5408.00     0.154647
      5409.00     0.154595
      5410.00     0.154542
      5411.00     0.154490
      5412.00     0.154438
      5413.00     0.154385
      5414.00     0.154333
      5415.00     0.154281
      5416.00     0.154229
      5417.00     0.154177
      5418.00     0.154124
      5419.00     0.154072
      5420.00     0.154021
      5421.00     0.153969
      5422.00     0.153917
      5423.00     0.153865
      5424.00     0.153813
      5425.00     0.153762
      5426.00     0.153710
      5427.00     0.153659
      5428.00     0.153608
      5429.00     0.153556
      5430.00     0.153505
      5431.00     0.153454
      5432.00     0.153403
      5433.00     0.153352
      5434.00     0.153302
      5435.00     0.153251
      5436.00     0.153201
      5437.00     0.153150
      5438.00     0.153100
      5439.00     0.153050
      5440.00     0.153000
      5441.00     0.152950
      5442.00     0.152901
      5443.00     0.152851
      5444.00     0.152802
      5445.00     0.152752
      5446.00     0.152703
      5447.00     0.152653
      5448.00     0.152604
      5449.00     0.152554
      5450.00     0.152505
      5451.00     0.152456
      5452.00     0.152407
      5453.00     0.152358
      5454.00     0.152309
      5455.00     0.152260
      5456.00     0.152211
      5457.00     0.152162
      5458.00     0.152113
      5459.00     0.152064
      5460.00     0.152016
      5461.00     0.151967
      5462.00     0.151919
      5463.00     0.151870
      5464.00     0.151822
      5465.00     0.151774
      5466.00     0.151726
      5467.00     0.151678
      5468.00     0.151630
      5469.00     0.151582
      5470.00     0.151535
      5471.00     0.151487
      5472.00     0.151440
      5473.00     0.151392
      5474.00     0.151345
      5475.00     0.151298
      5476.00     0.151251
      5477.00     0.151204
      5478.00     0.151158
      5479.00     0.151111
      5480.00     0.151065
      5481.00     0.151018
      5482.00     0.150972
      5483.00     0.150926
      5484.00     0.150880
      5485.00     0.150835
      5486.00     0.150789
      5487.00     0.150744
      5488.00     0.150699
      5489.00     0.150654
      5490.00     0.150609
      5491.00     0.150564
      5492.00     0.150520
      5493.00     0.150475
      5494.00     0.150431
      5495.00     0.150387
      5496.00     0.150343
      5497.00     0.150300
      5498.00     0.150256
      5499.00     0.150213
      5500.00     0.150170
      5501.00     0.150127
      5502.00     0.150085
      5503.00     0.150042
      5504.00     0.150000
      5505.00     0.149955
      5506.00     0.149910
      5507.00     0.149865
      5508.00     0.149821
      5509.00     0.149776
      5510.00     0.149732
      5511.00     0.149688
      5512.00     0.149644
      5513.00     0.149600
      5514.00     0.149556
      5515.00     0.149513
      5516.00     0.149469
      5517.00     0.149426
      5518.00     0.149383
      5519.00     0.149340
      5520.00     0.149298
      5521.00     0.149256
      5522.00     0.149214
      5523.00     0.149172
      5524.00     0.149130
      5525.00     0.149089
      5526.00     0.149048
      5527.00     0.149008
      5528.00     0.148967
      5529.00     0.148927
      5530.00     0.148888
      5531.00     0.148848
      5532.00     0.148809
      5533.00     0.148771
      5534.00     0.148732
      5535.00     0.148695
      5536.00     0.148657
      5537.00     0.148620
      5538.00     0.148583
      5539.00     0.148547
      5540.00     0.148511
      5541.00     0.148475
      5542.00     0.148440
      5543.00     0.148406
      5544.00     0.148371
      5545.00     0.148338
      5546.00     0.148304
      5547.00     0.148272
      5548.00     0.148239
      5549.00     0.148208
      5550.00     0.148176
      5551.00     0.148146
      5552.00     0.148115
      5553.00     0.148086
      5554.00     0.148057
      5555.00     0.148028
      5556.00     0.148000
      5557.00     0.147973
      5558.00     0.147946
      5559.00     0.147920
      5560.00     0.147895
      5561.00     0.147870
      5562.00     0.147846
      5563.00     0.147822
      5564.00     0.147799
      5565.00     0.147777
      5566.00     0.147755
      5567.00     0.147734
      5568.00     0.147713
      5569.00     0.147692
      5570.00     0.147672
      5571.00     0.147653
      5572.00     0.147634
      5573.00     0.147616
      5574.00     0.147598
      5575.00     0.147580
      5576.00     0.147563
      5577.00     0.147546
      5578.00     0.147530
      5579.00     0.147514
      5580.00     0.147499
      5581.00     0.147484
      5582.00     0.147469
      5583.00     0.147454
      5584.00     0.147440
      5585.00     0.147427
      5586.00     0.147413
      5587.00     0.147400
      5588.00     0.147388
      5589.00     0.147375
      5590.00     0.147363
      5591.00     0.147352
      5592.00     0.147340
      5593.00     0.147329
      5594.00     0.147318
      5595.00     0.147307
      5596.00     0.147296
      5597.00     0.147286
      5598.00     0.147276
      5599.00     0.147266
      5600.00     0.147256
      5601.00     0.147247
      5602.00     0.147237
      5603.00     0.147228
      5604.00     0.147219
      5605.00     0.147210
      5606.00     0.147201
      5607.00     0.147192
      5608.00     0.147184
      5609.00     0.147175
      5610.00     0.147167
      5611.00     0.147158
      5612.00     0.147150
      5613.00     0.147142
      5614.00     0.147134
      5615.00     0.147126
      5616.00     0.147117
      5617.00     0.147109
      5618.00     0.147101
      5619.00     0.147093
      5620.00     0.147085
      5621.00     0.147077
      5622.00     0.147068
      5623.00     0.147060
      5624.00     0.147052
      5625.00     0.147043
      5626.00     0.147035
      5627.00     0.147026
      5628.00     0.147018
      5629.00     0.147009
      5630.00     0.147000
      5631.00     0.146990
      5632.00     0.146979
      5633.00     0.146969
      5634.00     0.146959
      5635.00     0.146950
      5636.00     0.146940
      5637.00     0.146930
      5638.00     0.146920
      5639.00     0.146911
      5640.00     0.146901
      5641.00     0.146892
      5642.00     0.146883
      5643.00     0.146873
      5644.00     0.146864
      5645.00     0.146855
      5646.00     0.146846
      5647.00     0.146836
      5648.00     0.146827
      5649.00     0.146818
      5650.00     0.146809
      5651.00     0.146800
      5652.00     0.146790
      5653.00     0.146781
      5654.00     0.146772
      5655.00     0.146763
      5656.00     0.146753
      5657.00     0.146744
      5658.00     0.146734
      5659.00     0.146725
      5660.00     0.146715
      5661.00     0.146706
      5662.00     0.146696
      5663.00     0.146686
      5664.00     0.146676
      5665.00     0.146666
      5666.00     0.146656
      5667.00     0.146646
      5668.00     0.146636
      5669.00     0.146625
      5670.00     0.146614
      5671.00     0.146604
      5672.00     0.146593
      5673.00     0.146582
      5674.00     0.146570
      5675.00     0.146559
      5676.00     0.146547
      5677.00     0.146536
      5678.00     0.146524
      5679.00     0.146511
      5680.00     0.146499
      5681.00     0.146487
      5682.00     0.146474
      5683.00     0.146461
      5684.00     0.146447
      5685.00     0.146434
      5686.00     0.146420
      5687.00     0.146406
      5688.00     0.146392
      5689.00     0.146378
      5690.00     0.146363
      5691.00     0.146348
      5692.00     0.146332
      5693.00     0.146317
      5694.00     0.146301
      5695.00     0.146285
      5696.00     0.146268
      5697.00     0.146251
      5698.00     0.146234
      5699.00     0.146217
      5700.00     0.146199
      5701.00     0.146180
      5702.00     0.146162
      5703.00     0.146143
      5704.00     0.146124
      5705.00     0.146104
      5706.00     0.146084
      5707.00     0.146064
      5708.00     0.146043
      5709.00     0.146022
      5710.00     0.146000
      5711.00     0.145988
      5712.00     0.145976
      5713.00     0.145964
      5714.00     0.145952
      5715.00     0.145940
      5716.00     0.145928
      5717.00     0.145915
      5718.00     0.145903
      5719.00     0.145890
      5720.00     0.145877
      5721.00     0.145864
      5722.00     0.145850
      5723.00     0.145836
      5724.00     0.145822
      5725.00     0.145808
      5726.00     0.145793
      5727.00     0.145777
      5728.00     0.145762
      5729.00     0.145745
      5730.00     0.145728
      5731.00     0.145711
      5732.00     0.145693
      5733.00     0.145675
      5734.00     0.145656
      5735.00     0.145636
      5736.00     0.145616
      5737.00     0.145594
      5738.00     0.145573
      5739.00     0.145550
      5740.00     0.145527
      5741.00     0.145502
      5742.00     0.145477
      5743.00     0.145452
      5744.00     0.145425
      5745.00     0.145397
      5746.00     0.145368
      5747.00     0.145339
      5748.00     0.145308
      5749.00     0.145276
      5750.00     0.145244
      5751.00     0.145210
      5752.00     0.145175
      5753.00     0.145139
      5754.00     0.145102
      5755.00     0.145063
      5756.00     0.145024
      5757.00     0.144983
      5758.00     0.144940
      5759.00     0.144897
      5760.00     0.144852
      5761.00     0.144806
      5762.00     0.144758
      5763.00     0.144709
      5764.00     0.144659
      5765.00     0.144607
      5766.00     0.144553
      5767.00     0.144498
      5768.00     0.144442
      5769.00     0.144384
      5770.00     0.144324
      5771.00     0.144263
      5772.00     0.144199
      5773.00     0.144135
      5774.00     0.144068
      5775.00     0.144000
      5776.00     0.143921
      5777.00     0.143839
      5778.00     0.143756
      5779.00     0.143670
      5780.00     0.143583
      5781.00     0.143494
      5782.00     0.143403
      5783.00     0.143310
      5784.00     0.143215
      5785.00     0.143119
      5786.00     0.143021
      5787.00     0.142921
      5788.00     0.142821
      5789.00     0.142718
      5790.00     0.142615
      5791.00     0.142510
      5792.00     0.142403
      5793.00     0.142296
      5794.00     0.142187
      5795.00     0.142078
      5796.00     0.141967
      5797.00     0.141856
      5798.00     0.141743
      5799.00     0.141630
      5800.00     0.141516
      5801.00     0.141401
      5802.00     0.141286
      5803.00     0.141170
      5804.00     0.141053
      5805.00     0.140936
      5806.00     0.140819
      5807.00     0.140701
      5808.00     0.140583
      5809.00     0.140465
      5810.00     0.140346
      5811.00     0.140227
      5812.00     0.140109
      5813.00     0.139990
      5814.00     0.139871
      5815.00     0.139753
      5816.00     0.139635
      5817.00     0.139516
      5818.00     0.139399
      5819.00     0.139281
      5820.00     0.139164
      5821.00     0.139048
      5822.00     0.138931
      5823.00     0.138816
      5824.00     0.138701
      5825.00     0.138587
      5826.00     0.138474
      5827.00     0.138361
      5828.00     0.138249
      5829.00     0.138139
      5830.00     0.138029
      5831.00     0.137920
      5832.00     0.137813
      5833.00     0.137707
      5834.00     0.137601
      5835.00     0.137498
      5836.00     0.137395
      5837.00     0.137294
      5838.00     0.137194
      5839.00     0.137096
      5840.00     0.137000
      5841.00     0.136911
      5842.00     0.136824
      5843.00     0.136737
      5844.00     0.136651
      5845.00     0.136566
      5846.00     0.136481
      5847.00     0.136398
      5848.00     0.136316
      5849.00     0.136234
      5850.00     0.136153
      5851.00     0.136073
      5852.00     0.135994
      5853.00     0.135916
      5854.00     0.135839
      5855.00     0.135763
      5856.00     0.135687
      5857.00     0.135613
      5858.00     0.135539
      5859.00     0.135467
      5860.00     0.135395
      5861.00     0.135324
      5862.00     0.135254
      5863.00     0.135185
      5864.00     0.135116
      5865.00     0.135049
      5866.00     0.134983
      5867.00     0.134917
      5868.00     0.134853
      5869.00     0.134789
      5870.00     0.134727
      5871.00     0.134665
      5872.00     0.134604
      5873.00     0.134544
      5874.00     0.134485
      5875.00     0.134427
      5876.00     0.134370
      5877.00     0.134314
      5878.00     0.134259
      5879.00     0.134204
      5880.00     0.134151
      5881.00     0.134099
      5882.00     0.134047
      5883.00     0.133997
      5884.00     0.133947
      5885.00     0.133898
      5886.00     0.133851
      5887.00     0.133804
      5888.00     0.133758
      5889.00     0.133714
      5890.00     0.133670
      5891.00     0.133627
      5892.00     0.133585
      5893.00     0.133544
      5894.00     0.133504
      5895.00     0.133465
      5896.00     0.133428
      5897.00     0.133391
      5898.00     0.133355
      5899.00     0.133320
      5900.00     0.133286
      5901.00     0.133253
      5902.00     0.133220
      5903.00     0.133189
      5904.00     0.133159
      5905.00     0.133130
      5906.00     0.133102
      5907.00     0.133075
      5908.00     0.133049
      5909.00     0.133024
      5910.00     0.133000
      5911.00     0.132976
      5912.00     0.132953
      5913.00     0.132931
      5914.00     0.132910
      5915.00     0.132891
      5916.00     0.132873
      5917.00     0.132857
      5918.00     0.132841
      5919.00     0.132827
      5920.00     0.132813
      5921.00     0.132801
      5922.00     0.132790
      5923.00     0.132780
      5924.00     0.132771
      5925.00     0.132763
      5926.00     0.132756
      5927.00     0.132749
      5928.00     0.132744
      5929.00     0.132739
      5930.00     0.132736
      5931.00     0.132733
      5932.00     0.132731
      5933.00     0.132730
      5934.00     0.132729
      5935.00     0.132729
      5936.00     0.132730
      5937.00     0.132732
      5938.00     0.132734
      5939.00     0.132736
      5940.00     0.132739
      5941.00     0.132743
      5942.00     0.132747
      5943.00     0.132752
      5944.00     0.132757
      5945.00     0.132763
      5946.00     0.132769
      5947.00     0.132775
      5948.00     0.132782
      5949.00     0.132789
      5950.00     0.132796
      5951.00     0.132803
      5952.00     0.132811
      5953.00     0.132819
      5954.00     0.132827
      5955.00     0.132835
      5956.00     0.132843
      5957.00     0.132852
      5958.00     0.132860
      5959.00     0.132868
      5960.00     0.132877
      5961.00     0.132885
      5962.00     0.132894
      5963.00     0.132902
      5964.00     0.132910
      5965.00     0.132918
      5966.00     0.132926
      5967.00     0.132933
      5968.00     0.132940
      5969.00     0.132948
      5970.00     0.132954
      5971.00     0.132961
      5972.00     0.132967
      5973.00     0.132973
      5974.00     0.132978
      5975.00     0.132983
      5976.00     0.132987
      5977.00     0.132991
      5978.00     0.132995
      5979.00     0.132998
      5980.00     0.133000
      5981.00     0.133002
      5982.00     0.133004
      5983.00     0.133006
      5984.00     0.133008
      5985.00     0.133010
      5986.00     0.133011
      5987.00     0.133013
      5988.00     0.133015
      5989.00     0.133017
      5990.00     0.133019
      5991.00     0.133020
      5992.00     0.133022
      5993.00     0.133023
      5994.00     0.133024
      5995.00     0.133025
      5996.00     0.133026
      5997.00     0.133026
      5998.00     0.133027
      5999.00     0.133027
      6000.00     0.133026
      6001.00     0.133026
      6002.00     0.133025
      6003.00     0.133024
      6004.00     0.133022
      6005.00     0.133021
      6006.00     0.133018
      6007.00     0.133016
      6008.00     0.133012
      6009.00     0.133009
      6010.00     0.133005
      6011.00     0.133000
      6012.00     0.132995
      6013.00     0.132990
      6014.00     0.132984
      6015.00     0.132977
      6016.00     0.132970
      6017.00     0.132962
      6018.00     0.132954
      6019.00     0.132945
      6020.00     0.132935
      6021.00     0.132925
      6022.00     0.132914
      6023.00     0.132902
      6024.00     0.132890
      6025.00     0.132877
      6026.00     0.132863
      6027.00     0.132848
      6028.00     0.132832
      6029.00     0.132816
      6030.00     0.132799
      6031.00     0.132781
      6032.00     0.132762
      6033.00     0.132742
      6034.00     0.132722
      6035.00     0.132700
      6036.00     0.132678
      6037.00     0.132654
      6038.00     0.132630
      6039.00     0.132604
      6040.00     0.132578
      6041.00     0.132550
      6042.00     0.132521
      6043.00     0.132492
      6044.00     0.132461
      6045.00     0.132429
      6046.00     0.132396
      6047.00     0.132362
      6048.00     0.132327
      6049.00     0.132290
      6050.00     0.132253
      6051.00     0.132214
      6052.00     0.132173
      6053.00     0.132132
      6054.00     0.132089
      6055.00     0.132045
      6056.00     0.132000
      6057.00     0.131949
      6058.00     0.131897
      6059.00     0.131844
      6060.00     0.131789
      6061.00     0.131732
      6062.00     0.131675
      6063.00     0.131616
      6064.00     0.131556
      6065.00     0.131494
      6066.00     0.131431
      6067.00     0.131368
      6068.00     0.131302
      6069.00     0.131236
      6070.00     0.131169
      6071.00     0.131100
      6072.00     0.131030
      6073.00     0.130960
      6074.00     0.130888
      6075.00     0.130815
      6076.00     0.130741
      6077.00     0.130666
      6078.00     0.130590
      6079.00     0.130514
      6080.00     0.130436
      6081.00     0.130358
      6082.00     0.130278
      6083.00     0.130198
      6084.00     0.130117
      6085.00     0.130035
      6086.00     0.129952
      6087.00     0.129869
      6088.00     0.129785
      6089.00     0.129700
      6090.00     0.129615
      6091.00     0.129529
      6092.00     0.129442
      6093.00     0.129355
      6094.00     0.129267
      6095.00     0.129178
      6096.00     0.129089
      6097.00     0.129000
      6098.00     0.128910
      6099.00     0.128819
      6100.00     0.128728
      6101.00     0.128637
      6102.00     0.128545
      6103.00     0.128453
      6104.00     0.128361
      6105.00     0.128268
      6106.00     0.128175
      6107.00     0.128081
      6108.00     0.127988
      6109.00     0.127894
      6110.00     0.127800
      6111.00     0.127706
      6112.00     0.127611
      6113.00     0.127517
      6114.00     0.127422
      6115.00     0.127327
      6116.00     0.127233
      6117.00     0.127138
      6118.00     0.127043
      6119.00     0.126948
      6120.00     0.126853
      6121.00     0.126759
      6122.00     0.126664
      6123.00     0.126569
      6124.00     0.126475
      6125.00     0.126381
      6126.00     0.126287
      6127.00     0.126193
      6128.00     0.126099
      6129.00     0.126005
      6130.00     0.125912
      6131.00     0.125819
      6132.00     0.125727
      6133.00     0.125634
      6134.00     0.125543
      6135.00     0.125451
      6136.00     0.125360
      6137.00     0.125269
      6138.00     0.125179
      6139.00     0.125089
      6140.00     0.125000
      6141.00     0.124921
      6142.00     0.124842
      6143.00     0.124763
      6144.00     0.124684
      6145.00     0.124605
      6146.00     0.124527
      6147.00     0.124448
      6148.00     0.124370
      6149.00     0.124292
      6150.00     0.124214
      6151.00     0.124136
      6152.00     0.124059
      6153.00     0.123981
      6154.00     0.123903
      6155.00     0.123826
      6156.00     0.123749
      6157.00     0.123672
      6158.00     0.123595
      6159.00     0.123518
      6160.00     0.123441
      6161.00     0.123365
      6162.00     0.123288
      6163.00     0.123212
      6164.00     0.123135
      6165.00     0.123059
      6166.00     0.122983
      6167.00     0.122907
      6168.00     0.122831
      6169.00     0.122756
      6170.00     0.122680
      6171.00     0.122604
      6172.00     0.122529
      6173.00     0.122454
      6174.00     0.122378
      6175.00     0.122303
      6176.00     0.122228
      6177.00     0.122153
      6178.00     0.122079
      6179.00     0.122004
      6180.00     0.121929
      6181.00     0.121854
      6182.00     0.121780
      6183.00     0.121706
      6184.00     0.121631
      6185.00     0.121557
      6186.00     0.121483
      6187.00     0.121409
      6188.00     0.121335
      6189.00     0.121261
      6190.00     0.121187
      6191.00     0.121113
      6192.00     0.121040
      6193.00     0.120966
      6194.00     0.120892
      6195.00     0.120819
      6196.00     0.120745
      6197.00     0.120672
      6198.00     0.120599
      6199.00     0.120526
      6200.00     0.120452
      6201.00     0.120379
      6202.00     0.120306
      6203.00     0.120233
      6204.00     0.120160
      6205.00     0.120087
      6206.00     0.120015
      6207.00     0.119942
      6208.00     0.119869
      6209.00     0.119796
      6210.00     0.119724
      6211.00     0.119651
      6212.00     0.119579
      6213.00     0.119506
      6214.00     0.119434
      6215.00     0.119361
      6216.00     0.119289
      6217.00     0.119217
      6218.00     0.119144
      6219.00     0.119072
      6220.00     0.119000
      6221.00     0.118926
      6222.00     0.118853
      6223.00     0.118779
      6224.00     0.118706
      6225.00     0.118632
      6226.00     0.118559
      6227.00     0.118486
      6228.00     0.118413
      6229.00     0.118339
      6230.00     0.118266
      6231.00     0.118193
      6232.00     0.118120
      6233.00     0.118047
      6234.00     0.117974
      6235.00     0.117902
      6236.00     0.117829
      6237.00     0.117756
      6238.00     0.117683
      6239.00     0.117611
      6240.00     0.117538
      6241.00     0.117466
      6242.00     0.117393
      6243.00     0.117321
      6244.00     0.117249
      6245.00     0.117177
      6246.00     0.117104
      6247.00     0.117032
      6248.00     0.116960
      6249.00     0.116888
      6250.00     0.116816
      6251.00     0.116745
      6252.00     0.116673
      6253.00     0.116601
      6254.00     0.116529
      6255.00     0.116458
      6256.00     0.116386
      6257.00     0.116315
      6258.00     0.116244
      6259.00     0.116172
      6260.00     0.116101
      6261.00     0.116030
      6262.00     0.115959
      6263.00     0.115888
      6264.00     0.115817
      6265.00     0.115746
      6266.00     0.115675
      6267.00     0.115605
      6268.00     0.115534
      6269.00     0.115463
      6270.00     0.115393
      6271.00     0.115323
      6272.00     0.115252
      6273.00     0.115182
      6274.00     0.115112
      6275.00     0.115042
      6276.00     0.114972
      6277.00     0.114902
      6278.00     0.114832
      6279.00     0.114762
      6280.00     0.114692
      6281.00     0.114623
      6282.00     0.114553
      6283.00     0.114484
      6284.00     0.114414
      6285.00     0.114345
      6286.00     0.114276
      6287.00     0.114207
      6288.00     0.114138
      6289.00     0.114069
      6290.00     0.114000
      6291.00     0.113932
      6292.00     0.113863
      6293.00     0.113795
      6294.00     0.113727
      6295.00     0.113659
      6296.00     0.113591
      6297.00     0.113524
      6298.00     0.113456
      6299.00     0.113389
      6300.00     0.113321
      6301.00     0.113254
      6302.00     0.113187
      6303.00     0.113119
      6304.00     0.113052
      6305.00     0.112985
      6306.00     0.112919
      6307.00     0.112852
      6308.00     0.112785
      6309.00     0.112718
      6310.00     0.112652
      6311.00     0.112585
      6312.00     0.112519
      6313.00     0.112452
      6314.00     0.112386
      6315.00     0.112320
      6316.00     0.112253
      6317.00     0.112187
      6318.00     0.112121
      6319.00     0.112055
      6320.00     0.111989
      6321.00     0.111923
      6322.00     0.111857
      6323.00     0.111791
      6324.00     0.111725
      6325.00     0.111659
      6326.00     0.111593
      6327.00     0.111527
      6328.00     0.111461
      6329.00     0.111395
      6330.00     0.111329
      6331.00     0.111263
      6332.00     0.111197
      6333.00     0.111131
      6334.00     0.111065
      6335.00     0.111000
      6336.00     0.110934
      6337.00     0.110868
      6338.00     0.110802
      6339.00     0.110736
      6340.00     0.110670
      6341.00     0.110603
      6342.00     0.110537
      6343.00     0.110471
      6344.00     0.110405
      6345.00     0.110339
      6346.00     0.110272
      6347.00     0.110206
      6348.00     0.110140
      6349.00     0.110073
      6350.00     0.110007
      6351.00     0.109940
      6352.00     0.109874
      6353.00     0.109807
      6354.00     0.109740
      6355.00     0.109673
      6356.00     0.109606
      6357.00     0.109539
      6358.00     0.109472
      6359.00     0.109405
      6360.00     0.109338
      6361.00     0.109270
      6362.00     0.109203
      6363.00     0.109135
      6364.00     0.109068
      6365.00     0.109000
      6366.00     0.108933
      6367.00     0.108866
      6368.00     0.108800
      6369.00     0.108733
      6370.00     0.108666
      6371.00     0.108599
      6372.00     0.108532
      6373.00     0.108465
      6374.00     0.108398
      6375.00     0.108331
      6376.00     0.108264
      6377.00     0.108197
      6378.00     0.108130
      6379.00     0.108062
      6380.00     0.107995
      6381.00     0.107928
      6382.00     0.107860
      6383.00     0.107793
      6384.00     0.107725
      6385.00     0.107657
      6386.00     0.107590
      6387.00     0.107522
      6388.00     0.107454
      6389.00     0.107386
      6390.00     0.107317
      6391.00     0.107249
      6392.00     0.107181
      6393.00     0.107112
      6394.00     0.107044
      6395.00     0.106975
      6396.00     0.106906
      6397.00     0.106837
      6398.00     0.106768
      6399.00     0.106699
      6400.00     0.106629
      6401.00     0.106560
      6402.00     0.106490
      6403.00     0.106420
      6404.00     0.106350
      6405.00     0.106280
      6406.00     0.106209
      6407.00     0.106139
      6408.00     0.106068
      6409.00     0.105997
      6410.00     0.105926
      6411.00     0.105855
      6412.00     0.105783
      6413.00     0.105712
      6414.00     0.105640
      6415.00     0.105568
      6416.00     0.105496
      6417.00     0.105423
      6418.00     0.105350
      6419.00     0.105278
      6420.00     0.105204
      6421.00     0.105131
      6422.00     0.105057
      6423.00     0.104984
      6424.00     0.104909
      6425.00     0.104835
      6426.00     0.104760
      6427.00     0.104686
      6428.00     0.104611
      6429.00     0.104535
      6430.00     0.104460
      6431.00     0.104384
      6432.00     0.104308
      6433.00     0.104231
      6434.00     0.104154
      6435.00     0.104077
      6436.00     0.104000
      6437.00     0.103921
      6438.00     0.103841
      6439.00     0.103761
      6440.00     0.103681
      6441.00     0.103600
      6442.00     0.103519
      6443.00     0.103438
      6444.00     0.103357
      6445.00     0.103275
      6446.00     0.103194
      6447.00     0.103112
      6448.00     0.103030
      6449.00     0.102948
      6450.00     0.102866
      6451.00     0.102784
      6452.00     0.102701
      6453.00     0.102619
      6454.00     0.102537
      6455.00     0.102454
      6456.00     0.102372
      6457.00     0.102290
      6458.00     0.102208
      6459.00     0.102126
      6460.00     0.102044
      6461.00     0.101962
      6462.00     0.101881
      6463.00     0.101799
      6464.00     0.101718
      6465.00     0.101637
      6466.00     0.101556
      6467.00     0.101476
      6468.00     0.101396
      6469.00     0.101316
      6470.00     0.101236
      6471.00     0.101157
      6472.00     0.101078
      6473.00     0.101000
      6474.00     0.100922
      6475.00     0.100845
      6476.00     0.100768
      6477.00     0.100691
      6478.00     0.100615
      6479.00     0.100539
      6480.00     0.100463
      6481.00     0.100387
      6482.00     0.100312
      6483.00     0.100236
      6484.00     0.100162
      6485.00     0.100087
      6486.00     0.100013
      6487.00    0.0999386
      6488.00    0.0998648
      6489.00    0.0997913
      6490.00    0.0997180
      6491.00    0.0996450
      6492.00    0.0995723
      6493.00    0.0994998
      6494.00    0.0994276
      6495.00    0.0993557
      6496.00    0.0992840
      6497.00    0.0992126
      6498.00    0.0991414
      6499.00    0.0990705
      6500.00    0.0989999
      6501.00    0.0989295
      6502.00    0.0988594
      6503.00    0.0987896
      6504.00    0.0987200
      6505.00    0.0986506
      6506.00    0.0985816
      6507.00    0.0985127
      6508.00    0.0984442
      6509.00    0.0983759
      6510.00    0.0983078
      6511.00    0.0982401
      6512.00    0.0981725
      6513.00    0.0981052
      6514.00    0.0980382
      6515.00    0.0979714
      6516.00    0.0979049
      6517.00    0.0978386
      6518.00    0.0977726
      6519.00    0.0977069
      6520.00    0.0976414
      6521.00    0.0975761
      6522.00    0.0975111
      6523.00    0.0974463
      6524.00    0.0973818
      6525.00    0.0973176
      6526.00    0.0972536
      6527.00    0.0971898
      6528.00    0.0971263
      6529.00    0.0970630
      6530.00    0.0970000
      6531.00    0.0969345
      6532.00    0.0968693
      6533.00    0.0968042
      6534.00    0.0967395
      6535.00    0.0966749
      6536.00    0.0966106
      6537.00    0.0965466
      6538.00    0.0964828
      6539.00    0.0964192
      6540.00    0.0963559
      6541.00    0.0962928
      6542.00    0.0962299
      6543.00    0.0961673
      6544.00    0.0961050
      6545.00    0.0960428
      6546.00    0.0959809
      6547.00    0.0959193
      6548.00    0.0958579
      6549.00    0.0957967
      6550.00    0.0957358
      6551.00    0.0956752
      6552.00    0.0956147
      6553.00    0.0955545
      6554.00    0.0954946
      6555.00    0.0954349
      6556.00    0.0953754
      6557.00    0.0953162
      6558.00    0.0952572
      6559.00    0.0951985
      6560.00    0.0951400
      6561.00    0.0950817
      6562.00    0.0950237
      6563.00    0.0949659
      6564.00    0.0949084
      6565.00    0.0948511
      6566.00    0.0947941
      6567.00    0.0947373
      6568.00    0.0946807
      6569.00    0.0946244
      6570.00    0.0945684
      6571.00    0.0945125
      6572.00    0.0944570
      6573.00    0.0944016
      6574.00    0.0943465
      6575.00    0.0942917
      6576.00    0.0942371
      6577.00    0.0941827
      6578.00    0.0941286
      6579.00    0.0940747
      6580.00    0.0940211
      6581.00    0.0939677
      6582.00    0.0939146
      6583.00    0.0938617
      6584.00    0.0938090
      6585.00    0.0937566
      6586.00    0.0937045
      6587.00    0.0936526
      6588.00    0.0936009
      6589.00    0.0935495
      6590.00    0.0934983
      6591.00    0.0934474
      6592.00    0.0933967
      6593.00    0.0933462
      6594.00    0.0932960
      6595.00    0.0932461
      6596.00    0.0931964
      6597.00    0.0931469
      6598.00    0.0930977
      6599.00    0.0930487
      6600.00    0.0930000
      6601.00    0.0929545
      6602.00    0.0929095
      6603.00    0.0928650
      6604.00    0.0928209
      6605.00    0.0927772
      6606.00    0.0927339
      6607.00    0.0926910
      6608.00    0.0926485
      6609.00    0.0926063
      6610.00    0.0925644
      6611.00    0.0925229
      6612.00    0.0924817
      6613.00    0.0924407
      6614.00    0.0924000
      6615.00    0.0923596
      6616.00    0.0923193
      6617.00    0.0922793
      6618.00    0.0922395
      6619.00    0.0921998
      6620.00    0.0921604
      6621.00    0.0921210
      6622.00    0.0920818
      6623.00    0.0920427
      6624.00    0.0920036
      6625.00    0.0919646
      6626.00    0.0919257
      6627.00    0.0918869
      6628.00    0.0918480
      6629.00    0.0918091
      6630.00    0.0917703
      6631.00    0.0917314
      6632.00    0.0916924
      6633.00    0.0916533
      6634.00    0.0916142
      6635.00    0.0915750
      6636.00    0.0915357
      6637.00    0.0914962
      6638.00    0.0914565
      6639.00    0.0914167
      6640.00    0.0913767
      6641.00    0.0913365
      6642.00    0.0912960
      6643.00    0.0912553
      6644.00    0.0912144
      6645.00    0.0911731
      6646.00    0.0911316
      6647.00    0.0910897
      6648.00    0.0910475
      6649.00    0.0910050
      6650.00    0.0909621
      6651.00    0.0909188
      6652.00    0.0908751
      6653.00    0.0908310
      6654.00    0.0907865
      6655.00    0.0907415
      6656.00    0.0906960
      6657.00    0.0906500
      6658.00    0.0906036
      6659.00    0.0905566
      6660.00    0.0905090
      6661.00    0.0904609
      6662.00    0.0904123
      6663.00    0.0903630
      6664.00    0.0903131
      6665.00    0.0902626
      6666.00    0.0902115
      6667.00    0.0901596
      6668.00    0.0901071
      6669.00    0.0900539
      6670.00    0.0900000
      6671.00    0.0899364
      6672.00    0.0898719
      6673.00    0.0898066
      6674.00    0.0897405
      6675.00    0.0896736
      6676.00    0.0896060
      6677.00    0.0895377
      6678.00    0.0894687
      6679.00    0.0893991
      6680.00    0.0893288
      6681.00    0.0892580
      6682.00    0.0891865
      6683.00    0.0891146
      6684.00    0.0890421
      6685.00    0.0889691
      6686.00    0.0888956
      6687.00    0.0888218
      6688.00    0.0887475
      6689.00    0.0886728
      6690.00    0.0885978
      6691.00    0.0885224
      6692.00    0.0884468
      6693.00    0.0883709
      6694.00    0.0882947
      6695.00    0.0882183
      6696.00    0.0881417
      6697.00    0.0880650
      6698.00    0.0879881
      6699.00    0.0879112
      6700.00    0.0878341
      6701.00    0.0877570
      6702.00    0.0876799
      6703.00    0.0876027
      6704.00    0.0875256
      6705.00    0.0874486
      6706.00    0.0873716
      6707.00    0.0872948
      6708.00    0.0872181
      6709.00    0.0871415
      6710.00    0.0870652
      6711.00    0.0869891
      6712.00    0.0869132
      6713.00    0.0868376
      6714.00    0.0867623
      6715.00    0.0866873
      6716.00    0.0866127
      6717.00    0.0865384
      6718.00    0.0864646
      6719.00    0.0863912
      6720.00    0.0863183
      6721.00    0.0862459
      6722.00    0.0861740
      6723.00    0.0861026
      6724.00    0.0860318
      6725.00    0.0859617
      6726.00    0.0858921
      6727.00    0.0858233
      6728.00    0.0857551
      6729.00    0.0856876
      6730.00    0.0856208
      6731.00    0.0855548
      6732.00    0.0854896
      6733.00    0.0854253
      6734.00    0.0853618
      6735.00    0.0852991
      6736.00    0.0852374
      6737.00    0.0851766
      6738.00    0.0851167
      6739.00    0.0850579
      6740.00    0.0850000
      6741.00    0.0849473
      6742.00    0.0848953
      6743.00    0.0848441
      6744.00    0.0847937
      6745.00    0.0847439
      6746.00    0.0846949
      6747.00    0.0846466
      6748.00    0.0845989
      6749.00    0.0845519
      6750.00    0.0845055
      6751.00    0.0844598
      6752.00    0.0844147
      6753.00    0.0843702
      6754.00    0.0843262
      6755.00    0.0842828
      6756.00    0.0842400
      6757.00    0.0841977
      6758.00    0.0841560
      6759.00    0.0841147
      6760.00    0.0840739
      6761.00    0.0840336
      6762.00    0.0839938
      6763.00    0.0839544
      6764.00    0.0839154
      6765.00    0.0838768
      6766.00    0.0838386
      6767.00    0.0838008
      6768.00    0.0837634
      6769.00    0.0837263
      6770.00    0.0836896
      6771.00    0.0836531
      6772.00    0.0836170
      6773.00    0.0835811
      6774.00    0.0835455
      6775.00    0.0835102
      6776.00    0.0834751
      6777.00    0.0834402
      6778.00    0.0834056
      6779.00    0.0833711
      6780.00    0.0833368
      6781.00    0.0833026
      6782.00    0.0832686
      6783.00    0.0832348
      6784.00    0.0832010
      6785.00    0.0831674
      6786.00    0.0831338
      6787.00    0.0831003
      6788.00    0.0830668
      6789.00    0.0830334
      6790.00    0.0830000
      6791.00    0.0829644
      6792.00    0.0829291
      6793.00    0.0828940
      6794.00    0.0828592
      6795.00    0.0828246
      6796.00    0.0827901
      6797.00    0.0827559
      6798.00    0.0827219
      6799.00    0.0826881
      6800.00    0.0826544
      6801.00    0.0826209
      6802.00    0.0825876
      6803.00    0.0825544
      6804.00    0.0825214
      6805.00    0.0824885
      6806.00    0.0824557
      6807.00    0.0824231
      6808.00    0.0823905
      6809.00    0.0823581
      6810.00    0.0823257
      6811.00    0.0822934
      6812.00    0.0822612
      6813.00    0.0822290
      6814.00    0.0821969
      6815.00    0.0821648
      6816.00    0.0821328
      6817.00    0.0821008
      6818.00    0.0820688
      6819.00    0.0820368
      6820.00    0.0820049
      6821.00    0.0819729
      6822.00    0.0819408
      6823.00    0.0819088
      6824.00    0.0818767
      6825.00    0.0818446
      6826.00    0.0818124
      6827.00    0.0817802
      6828.00    0.0817478
      6829.00    0.0817154
      6830.00    0.0816829
      6831.00    0.0816503
      6832.00    0.0816176
      6833.00    0.0815848
      6834.00    0.0815519
      6835.00    0.0815188
      6836.00    0.0814855
      6837.00    0.0814521
      6838.00    0.0814186
      6839.00    0.0813849
      6840.00    0.0813510
      6841.00    0.0813169
      6842.00    0.0812826
      6843.00    0.0812481
      6844.00    0.0812134
      6845.00    0.0811784
      6846.00    0.0811432
      6847.00    0.0811078
      6848.00    0.0810721
      6849.00    0.0810362
      6850.00    0.0810000
      6851.00    0.0809586
      6852.00    0.0809169
      6853.00    0.0808748
      6854.00    0.0808323
      6855.00    0.0807894
      6856.00    0.0807462
      6857.00    0.0807026
      6858.00    0.0806587
      6859.00    0.0806144
      6860.00    0.0805698
      6861.00    0.0805249
      6862.00    0.0804797
      6863.00    0.0804341
      6864.00    0.0803883
      6865.00    0.0803422
      6866.00    0.0802957
      6867.00    0.0802490
      6868.00    0.0802020
      6869.00    0.0801547
      6870.00    0.0801072
      6871.00    0.0800594
      6872.00    0.0800114
      6873.00    0.0799631
      6874.00    0.0799146
      6875.00    0.0798659
      6876.00    0.0798169
      6877.00    0.0797678
      6878.00    0.0797184
      6879.00    0.0796688
      6880.00    0.0796190
      6881.00    0.0795690
      6882.00    0.0795189
      6883.00    0.0794686
      6884.00    0.0794181
      6885.00    0.0793674
      6886.00    0.0793166
      6887.00    0.0792657
      6888.00    0.0792146
      6889.00    0.0791633
      6890.00    0.0791120
      6891.00    0.0790605
      6892.00    0.0790089
      6893.00    0.0789572
      6894.00    0.0789054
      6895.00    0.0788535
      6896.00    0.0788015
      6897.00    0.0787494
      6898.00    0.0786973
      6899.00    0.0786451
      6900.00    0.0785929
      6901.00    0.0785405
      6902.00    0.0784882
      6903.00    0.0784358
      6904.00    0.0783834
      6905.00    0.0783309
      6906.00    0.0782784
      6907.00    0.0782259
      6908.00    0.0781734
      6909.00    0.0781210
      6910.00    0.0780685
      6911.00    0.0780160
      6912.00    0.0779636
      6913.00    0.0779111
      6914.00    0.0778588
      6915.00    0.0778064
      6916.00    0.0777541
      6917.00    0.0777019
      6918.00    0.0776497
      6919.00    0.0775976
      6920.00    0.0775456
      6921.00    0.0774937
      6922.00    0.0774418
      6923.00    0.0773901
      6924.00    0.0773384
      6925.00    0.0772869
      6926.00    0.0772354
      6927.00    0.0771841
      6928.00    0.0771330
      6929.00    0.0770819
      6930.00    0.0770310
      6931.00    0.0769803
      6932.00    0.0769297
      6933.00    0.0768793
      6934.00    0.0768290
      6935.00    0.0767790
      6936.00    0.0767291
      6937.00    0.0766794
      6938.00    0.0766299
      6939.00    0.0765806
      6940.00    0.0765315
      6941.00    0.0764827
      6942.00    0.0764340
      6943.00    0.0763856
      6944.00    0.0763375
      6945.00    0.0762896
      6946.00    0.0762419
      6947.00    0.0761945
      6948.00    0.0761474
      6949.00    0.0761005
      6950.00    0.0760539
      6951.00    0.0760076
      6952.00    0.0759616
      6953.00    0.0759159
      6954.00    0.0758705
      6955.00    0.0758254
      6956.00    0.0757807
      6957.00    0.0757362
      6958.00    0.0756921
      6959.00    0.0756483
      6960.00    0.0756049
      6961.00    0.0755619
      6962.00    0.0755192
      6963.00    0.0754768
      6964.00    0.0754349
      6965.00    0.0753933
      6966.00    0.0753521
      6967.00    0.0753113
      6968.00    0.0752709
      6969.00    0.0752309
      6970.00    0.0751914
      6971.00    0.0751522
      6972.00    0.0751135
      6973.00    0.0750752
      6974.00    0.0750374
      6975.00    0.0750000
      6976.00    0.0749666
      6977.00    0.0749334
      6978.00    0.0749007
      6979.00    0.0748682
      6980.00    0.0748361
      6981.00    0.0748043
      6982.00    0.0747728
      6983.00    0.0747417
      6984.00    0.0747108
      6985.00    0.0746803
      6986.00    0.0746500
      6987.00    0.0746200
      6988.00    0.0745903
      6989.00    0.0745609
      6990.00    0.0745318
      6991.00    0.0745029
      6992.00    0.0744744
      6993.00    0.0744460
      6994.00    0.0744180
      6995.00    0.0743902
      6996.00    0.0743626
      6997.00    0.0743353
      6998.00    0.0743082
      6999.00    0.0742813
      7000.00    0.0742547
      7001.00    0.0742283
      7002.00    0.0742021
      7003.00    0.0741761
      7004.00    0.0741504
      7005.00    0.0741248
      7006.00    0.0740995
      7007.00    0.0740743
      7008.00    0.0740494
      7009.00    0.0740246
      7010.00    0.0740000
      7011.00    0.0739755
      7012.00    0.0739513
      7013.00    0.0739272
      7014.00    0.0739032
      7015.00    0.0738795
      7016.00    0.0738558
      7017.00    0.0738323
      7018.00    0.0738090
      7019.00    0.0737858
      7020.00    0.0737627
      7021.00    0.0737398
      7022.00    0.0737169
      7023.00    0.0736942
      7024.00    0.0736716
      7025.00    0.0736492
      7026.00    0.0736268
      7027.00    0.0736045
      7028.00    0.0735823
      7029.00    0.0735602
      7030.00    0.0735381
      7031.00    0.0735162
      7032.00    0.0734943
      7033.00    0.0734725
      7034.00    0.0734507
      7035.00    0.0734290
      7036.00    0.0734074
      7037.00    0.0733858
      7038.00    0.0733643
      7039.00    0.0733428
      7040.00    0.0733213
      7041.00    0.0732998
      7042.00    0.0732784
      7043.00    0.0732570
      7044.00    0.0732357
      7045.00    0.0732143
      7046.00    0.0731929
      7047.00    0.0731715
      7048.00    0.0731502
      7049.00    0.0731288
      7050.00    0.0731074
      7051.00    0.0730860
      7052.00    0.0730645
      7053.00    0.0730430
      7054.00    0.0730215
      7055.00    0.0730000
      7056.00    0.0729798
      7057.00    0.0729597
      7058.00    0.0729397
      7059.00    0.0729199
      7060.00    0.0729002
      7061.00    0.0728806
      7062.00    0.0728610
      7063.00    0.0728415
      7064.00    0.0728220
      7065.00    0.0728026
      7066.00    0.0727832
      7067.00    0.0727637
      7068.00    0.0727442
      7069.00    0.0727247
      7070.00    0.0727051
      7071.00    0.0726854
      7072.00    0.0726656
      7073.00    0.0726457
      7074.00    0.0726256
      7075.00    0.0726054
      7076.00    0.0725850
      7077.00    0.0725645
      7078.00    0.0725437
      7079.00    0.0725227
      7080.00    0.0725015
      7081.00    0.0724800
      7082.00    0.0724583
      7083.00    0.0724362
      7084.00    0.0724139
      7085.00    0.0723912
      7086.00    0.0723681
      7087.00    0.0723448
      7088.00    0.0723210
      7089.00    0.0722968
      7090.00    0.0722722
      7091.00    0.0722473
      7092.00    0.0722218
      7093.00    0.0721959
      7094.00    0.0721695
      7095.00    0.0721426
      7096.00    0.0721152
      7097.00    0.0720872
      7098.00    0.0720587
      7099.00    0.0720297
      7100.00    0.0720000
      7101.00    0.0719673
      7102.00    0.0719340
      7103.00    0.0719001
      7104.00    0.0718655
      7105.00    0.0718304
      7106.00    0.0717947
      7107.00    0.0717585
      7108.00    0.0717217
      7109.00    0.0716845
      7110.00    0.0716467
      7111.00    0.0716086
      7112.00    0.0715699
      7113.00    0.0715309
      7114.00    0.0714915
      7115.00    0.0714517
      7116.00    0.0714116
      7117.00    0.0713712
      7118.00    0.0713304
      7119.00    0.0712894
      7120.00    0.0712481
      7121.00    0.0712066
      7122.00    0.0711649
      7123.00    0.0711230
      7124.00    0.0710809
      7125.00    0.0710387
      7126.00    0.0709963
      7127.00    0.0709539
      7128.00    0.0709113
      7129.00    0.0708687
      7130.00    0.0708261
      7131.00    0.0707835
      7132.00    0.0707409
      7133.00    0.0706983
      7134.00    0.0706557
      7135.00    0.0706132
      7136.00    0.0705709
      7137.00    0.0705286
      7138.00    0.0704865
      7139.00    0.0704445
      7140.00    0.0704028
      7141.00    0.0703612
      7142.00    0.0703198
      7143.00    0.0702788
      7144.00    0.0702379
      7145.00    0.0701974
      7146.00    0.0701572
      7147.00    0.0701174
      7148.00    0.0700778
      7149.00    0.0700387
      7150.00    0.0700000
      7151.00    0.0699669
      7152.00    0.0699342
      7153.00    0.0699019
      7154.00    0.0698700
      7155.00    0.0698384
      7156.00    0.0698072
      7157.00    0.0697763
      7158.00    0.0697457
      7159.00    0.0697154
      7160.00    0.0696855
      7161.00    0.0696558
      7162.00    0.0696264
      7163.00    0.0695973
      7164.00    0.0695684
      7165.00    0.0695397
      7166.00    0.0695113
      7167.00    0.0694831
      7168.00    0.0694552
      7169.00    0.0694274
      7170.00    0.0693998
      7171.00    0.0693723
      7172.00    0.0693451
      7173.00    0.0693179
      7174.00    0.0692910
      7175.00    0.0692641
      7176.00    0.0692374
      7177.00    0.0692107
      7178.00    0.0691842
      7179.00    0.0691577
      7180.00    0.0691313
      7181.00    0.0691050
      7182.00    0.0690787
      7183.00    0.0690525
      7184.00    0.0690262
      7185.00    0.0690000
      7186.00    0.0689738
      7187.00    0.0689476
      7188.00    0.0689213
      7189.00    0.0688950
      7190.00    0.0688687
      7191.00    0.0688423
      7192.00    0.0688158
      7193.00    0.0687893
      7194.00    0.0687626
      7195.00    0.0687359
      7196.00    0.0687090
      7197.00    0.0686821
      7198.00    0.0686549
      7199.00    0.0686277
      7200.00    0.0686002
      7201.00    0.0685726
      7202.00    0.0685448
      7203.00    0.0685169
      7204.00    0.0684887
      7205.00    0.0684603
      7206.00    0.0684316
      7207.00    0.0684027
      7208.00    0.0683736
      7209.00    0.0683442
      7210.00    0.0683145
      7211.00    0.0682846
      7212.00    0.0682543
      7213.00    0.0682237
      7214.00    0.0681928
      7215.00    0.0681616
      7216.00    0.0681300
      7217.00    0.0680981
      7218.00    0.0680658
      7219.00    0.0680331
      7220.00    0.0680000
      7221.00    0.0679612
      7222.00    0.0679221
      7223.00    0.0678825
      7224.00    0.0678426
      7225.00    0.0678023
      7226.00    0.0677617
      7227.00    0.0677209
      7228.00    0.0676797
      7229.00    0.0676383
      7230.00    0.0675967
      7231.00    0.0675549
      7232.00    0.0675128
      7233.00    0.0674707
      7234.00    0.0674284
      7235.00    0.0673859
      7236.00    0.0673434
      7237.00    0.0673008
      7238.00    0.0672582
      7239.00    0.0672155
      7240.00    0.0671728
      7241.00    0.0671301
      7242.00    0.0670875
      7243.00    0.0670449
      7244.00    0.0670025
      7245.00    0.0669601
      7246.00    0.0669178
      7247.00    0.0668757
      7248.00    0.0668338
      7249.00    0.0667921
      7250.00    0.0667506
      7251.00    0.0667093
      7252.00    0.0666683
      7253.00    0.0666275
      7254.00    0.0665871
      7255.00    0.0665470
      7256.00    0.0665073
      7257.00    0.0664679
      7258.00    0.0664289
      7259.00    0.0663903
      7260.00    0.0663522
      7261.00    0.0663146
      7262.00    0.0662774
      7263.00    0.0662407
      7264.00    0.0662045
      7265.00    0.0661690
      7266.00    0.0661339
      7267.00    0.0660995
      7268.00    0.0660657
      7269.00    0.0660325
      7270.00    0.0660000
      7271.00    0.0659724
      7272.00    0.0659455
      7273.00    0.0659194
      7274.00    0.0658939
      7275.00    0.0658691
      7276.00    0.0658450
      7277.00    0.0658215
      7278.00    0.0657987
      7279.00    0.0657765
      7280.00    0.0657549
      7281.00    0.0657339
      7282.00    0.0657135
      7283.00    0.0656938
      7284.00    0.0656746
      7285.00    0.0656559
      7286.00    0.0656378
      7287.00    0.0656203
      7288.00    0.0656033
      7289.00    0.0655868
      7290.00    0.0655708
      7291.00    0.0655554
      7292.00    0.0655404
      7293.00    0.0655259
      7294.00    0.0655118
      7295.00    0.0654982
      7296.00    0.0654850
      7297.00    0.0654723
      7298.00    0.0654600
      7299.00    0.0654481
      7300.00    0.0654366
      7301.00    0.0654255
      7302.00    0.0654147
      7303.00    0.0654044
      7304.00    0.0653943
      7305.00    0.0653846
      7306.00    0.0653753
      7307.00    0.0653663
      7308.00    0.0653575
      7309.00    0.0653491
      7310.00    0.0653409
      7311.00    0.0653330
      7312.00    0.0653254
      7313.00    0.0653180
      7314.00    0.0653109
      7315.00    0.0653040
      7316.00    0.0652973
      7317.00    0.0652908
      7318.00    0.0652846
      7319.00    0.0652784
      7320.00    0.0652725
      7321.00    0.0652667
      7322.00    0.0652611
      7323.00    0.0652556
      7324.00    0.0652503
      7325.00    0.0652450
      7326.00    0.0652399
      7327.00    0.0652348
      7328.00    0.0652298
      7329.00    0.0652249
      7330.00    0.0652201
      7331.00    0.0652153
      7332.00    0.0652106
      7333.00    0.0652058
      7334.00    0.0652011
      7335.00    0.0651964
      7336.00    0.0651916
      7337.00    0.0651869
      7338.00    0.0651821
      7339.00    0.0651773
      7340.00    0.0651724
      7341.00    0.0651675
      7342.00    0.0651625
      7343.00    0.0651574
      7344.00    0.0651522
      7345.00    0.0651468
      7346.00    0.0651414
      7347.00    0.0651358
      7348.00    0.0651301
      7349.00    0.0651243
      7350.00    0.0651182
      7351.00    0.0651120
      7352.00    0.0651056
      7353.00    0.0650990
      7354.00    0.0650922
      7355.00    0.0650851
      7356.00    0.0650779
      7357.00    0.0650704
      7358.00    0.0650626
      7359.00    0.0650545
      7360.00    0.0650462
      7361.00    0.0650376
      7362.00    0.0650287
      7363.00    0.0650194
      7364.00    0.0650099
      7365.00    0.0650000
      7366.00    0.0649839
      7367.00    0.0649677
      7368.00    0.0649513
      7369.00    0.0649347
      7370.00    0.0649179
      7371.00    0.0649010
      7372.00    0.0648840
      7373.00    0.0648667
      7374.00    0.0648493
      7375.00    0.0648318
      7376.00    0.0648141
      7377.00    0.0647963
      7378.00    0.0647783
      7379.00    0.0647602
      7380.00    0.0647419
      7381.00    0.0647235
      7382.00    0.0647049
      7383.00    0.0646862
      7384.00    0.0646674
      7385.00    0.0646485
      7386.00    0.0646294
      7387.00    0.0646102
      7388.00    0.0645908
      7389.00    0.0645713
      7390.00    0.0645517
      7391.00    0.0645320
      7392.00    0.0645122
      7393.00    0.0644923
      7394.00    0.0644722
      7395.00    0.0644520
      7396.00    0.0644317
      7397.00    0.0644114
      7398.00    0.0643909
      7399.00    0.0643703
      7400.00    0.0643495
      7401.00    0.0643287
      7402.00    0.0643079
      7403.00    0.0642869
      7404.00    0.0642658
      7405.00    0.0642446
      7406.00    0.0642233
      7407.00    0.0642020
      7408.00    0.0641805
      7409.00    0.0641590
      7410.00    0.0641374
      7411.00    0.0641157
      7412.00    0.0640939
      7413.00    0.0640721
      7414.00    0.0640502
      7415.00    0.0640282
      7416.00    0.0640062
      7417.00    0.0639841
      7418.00    0.0639619
      7419.00    0.0639396
      7420.00    0.0639173
      7421.00    0.0638950
      7422.00    0.0638726
      7423.00    0.0638501
      7424.00    0.0638276
      7425.00    0.0638050
      7426.00    0.0637824
      7427.00    0.0637597
      7428.00    0.0637370
      7429.00    0.0637143
      7430.00    0.0636915
      7431.00    0.0636687
      7432.00    0.0636458
      7433.00    0.0636229
      7434.00    0.0636000
      7435.00    0.0635770
      7436.00    0.0635541
      7437.00    0.0635311
      7438.00    0.0635080
      7439.00    0.0634850
      7440.00    0.0634619
      7441.00    0.0634389
      7442.00    0.0634158
      7443.00    0.0633927
      7444.00    0.0633695
      7445.00    0.0633464
      7446.00    0.0633233
      7447.00    0.0633001
      7448.00    0.0632770
      7449.00    0.0632539
      7450.00    0.0632307
      7451.00    0.0632076
      7452.00    0.0631845
      7453.00    0.0631614
      7454.00    0.0631383
      7455.00    0.0631152
      7456.00    0.0630921
      7457.00    0.0630691
      7458.00    0.0630460
      7459.00    0.0630230
      7460.00    0.0630000
      7461.00    0.0629950
      7462.00    0.0629905
      7463.00    0.0629864
      7464.00    0.0629828
      7465.00    0.0629795
      7466.00    0.0629765
      7467.00    0.0629739
      7468.00    0.0629716
      7469.00    0.0629696
      7470.00    0.0629678
      7471.00    0.0629662
      7472.00    0.0629648
      7473.00    0.0629635
      7474.00    0.0629623
      7475.00    0.0629613
      7476.00    0.0629603
      7477.00    0.0629593
      7478.00    0.0629583
      7479.00    0.0629573
      7480.00    0.0629563
      7481.00    0.0629551
      7482.00    0.0629539
      7483.00    0.0629525
      7484.00    0.0629509
      7485.00    0.0629492
      7486.00    0.0629472
      7487.00    0.0629449
      7488.00    0.0629423
      7489.00    0.0629395
      7490.00    0.0629363
      7491.00    0.0629327
      7492.00    0.0629287
      7493.00    0.0629242
      7494.00    0.0629193
      7495.00    0.0629139
      7496.00    0.0629080
      7497.00    0.0629015
      7498.00    0.0628945
      7499.00    0.0628868
      7500.00    0.0628785
      7501.00    0.0628695
      7502.00    0.0628598
      7503.00    0.0628494
      7504.00    0.0628383
      7505.00    0.0628263
      7506.00    0.0628135
      7507.00    0.0627999
      7508.00    0.0627854
      7509.00    0.0627701
      7510.00    0.0627537
      7511.00    0.0627364
      7512.00    0.0627182
      7513.00    0.0626989
      7514.00    0.0626785
      7515.00    0.0626571
      7516.00    0.0626346
      7517.00    0.0626109
      7518.00    0.0625860
      7519.00    0.0625600
      7520.00    0.0625327
      7521.00    0.0625042
      7522.00    0.0624744
      7523.00    0.0624433
      7524.00    0.0624108
      7525.00    0.0623770
      7526.00    0.0623418
      7527.00    0.0623051
      7528.00    0.0622670
      7529.00    0.0622274
      7530.00    0.0621863
      7531.00    0.0621436
      7532.00    0.0620994
      7533.00    0.0620535
      7534.00    0.0620060
      7535.00    0.0619569
      7536.00    0.0619060
      7537.00    0.0618534
      7538.00    0.0617991
      7539.00    0.0617430
      7540.00    0.0616851
      7541.00    0.0616254
      7542.00    0.0615637
      7543.00    0.0615002
      7544.00    0.0614348
      7545.00    0.0613674
      7546.00    0.0612980
      7547.00    0.0612266
      7548.00    0.0611531
      7549.00    0.0610776
      7550.00    0.0610000
      7551.00    0.0609122
      7552.00    0.0608223
      7553.00    0.0607305
      7554.00    0.0606370
      7555.00    0.0605418
      7556.00    0.0604451
      7557.00    0.0603470
      7558.00    0.0602477
      7559.00    0.0601472
      7560.00    0.0600457
      7561.00    0.0599433
      7562.00    0.0598402
      7563.00    0.0597364
      7564.00    0.0596322
      7565.00    0.0595276
      7566.00    0.0594227
      7567.00    0.0593177
      7568.00    0.0592127
      7569.00    0.0591079
      7570.00    0.0590033
      7571.00    0.0588991
      7572.00    0.0587955
      7573.00    0.0586924
      7574.00    0.0585902
      7575.00    0.0584888
      7576.00    0.0583885
      7577.00    0.0582893
      7578.00    0.0581914
      7579.00    0.0580949
      7580.00    0.0580000
      7581.00    0.0579186
      7582.00    0.0578389
      7583.00    0.0577610
      7584.00    0.0576848
      7585.00    0.0576103
      7586.00    0.0575375
      7587.00    0.0574664
      7588.00    0.0573969
      7589.00    0.0573291
      7590.00    0.0572628
      7591.00    0.0571982
      7592.00    0.0571351
      7593.00    0.0570736
      7594.00    0.0570137
      7595.00    0.0569553
      7596.00    0.0568984
      7597.00    0.0568430
      7598.00    0.0567891
      7599.00    0.0567366
      7600.00    0.0566856
      7601.00    0.0566361
      7602.00    0.0565879
      7603.00    0.0565411
      7604.00    0.0564957
      7605.00    0.0564517
      7606.00    0.0564090
      7607.00    0.0563677
      7608.00    0.0563276
      7609.00    0.0562889
      7610.00    0.0562514
      7611.00    0.0562152
      7612.00    0.0561802
      7613.00    0.0561464
      7614.00    0.0561139
      7615.00    0.0560825
      7616.00    0.0560523
      7617.00    0.0560233
      7618.00    0.0559954
      7619.00    0.0559686
      7620.00    0.0559429
      7621.00    0.0559184
      7622.00    0.0558949
      7623.00    0.0558724
      7624.00    0.0558510
      7625.00    0.0558306
      7626.00    0.0558112
      7627.00    0.0557927
      7628.00    0.0557753
      7629.00    0.0557588
      7630.00    0.0557432
      7631.00    0.0557286
      7632.00    0.0557148
      7633.00    0.0557020
      7634.00    0.0556900
      7635.00    0.0556788
      7636.00    0.0556685
      7637.00    0.0556590
      7638.00    0.0556502
      7639.00    0.0556423
      7640.00    0.0556351
      7641.00    0.0556287
      7642.00    0.0556230
      7643.00    0.0556180
      7644.00    0.0556137
      7645.00    0.0556101
      7646.00    0.0556072
      7647.00    0.0556048
      7648.00    0.0556032
      7649.00    0.0556021
      7650.00    0.0556016
      7651.00    0.0556017
      7652.00    0.0556023
      7653.00    0.0556035
      7654.00    0.0556052
      7655.00    0.0556074
      7656.00    0.0556101
      7657.00    0.0556133
      7658.00    0.0556169
      7659.00    0.0556210
      7660.00    0.0556255
      7661.00    0.0556304
      7662.00    0.0556356
      7663.00    0.0556413
      7664.00    0.0556473
      7665.00    0.0556536
      7666.00    0.0556603
      7667.00    0.0556672
      7668.00    0.0556744
      7669.00    0.0556819
      7670.00    0.0556897
      7671.00    0.0556977
      7672.00    0.0557059
      7673.00    0.0557143
      7674.00    0.0557228
      7675.00    0.0557316
      7676.00    0.0557405
      7677.00    0.0557495
      7678.00    0.0557586
      7679.00    0.0557678
      7680.00    0.0557772
      7681.00    0.0557865
      7682.00    0.0557959
      7683.00    0.0558054
      7684.00    0.0558148
      7685.00    0.0558243
      7686.00    0.0558337
      7687.00    0.0558431
      7688.00    0.0558524
      7689.00    0.0558616
      7690.00    0.0558708
      7691.00    0.0558798
      7692.00    0.0558887
      7693.00    0.0558975
      7694.00    0.0559061
      7695.00    0.0559145
      7696.00    0.0559228
      7697.00    0.0559308
      7698.00    0.0559386
      7699.00    0.0559461
      7700.00    0.0559534
      7701.00    0.0559604
      7702.00    0.0559671
      7703.00    0.0559735
      7704.00    0.0559796
      7705.00    0.0559853
      7706.00    0.0559907
      7707.00    0.0559956
      7708.00    0.0560002
      7709.00    0.0560043
      7710.00    0.0560081
      7711.00    0.0560113
      7712.00    0.0560141
      7713.00    0.0560164
      7714.00    0.0560182
      7715.00    0.0560195
      7716.00    0.0560203
      7717.00    0.0560204
      7718.00    0.0560201
      7719.00    0.0560191
      7720.00    0.0560175
      7721.00    0.0560153
      7722.00    0.0560125
      7723.00    0.0560090
      7724.00    0.0560049
      7725.00    0.0560000
      7726.00    0.0559788
      7727.00    0.0559576
      7728.00    0.0559361
      7729.00    0.0559146
      7730.00    0.0558930
      7731.00    0.0558713
      7732.00    0.0558495
      7733.00    0.0558277
      7734.00    0.0558059
      7735.00    0.0557840
      7736.00    0.0557621
      7737.00    0.0557402
      7738.00    0.0557183
      7739.00    0.0556965
      7740.00    0.0556747
      7741.00    0.0556529
      7742.00    0.0556313
      7743.00    0.0556097
      7744.00    0.0555882
      7745.00    0.0555669
      7746.00    0.0555456
      7747.00    0.0555245
      7748.00    0.0555036
      7749.00    0.0554828
      7750.00    0.0554623
      7751.00    0.0554419
      7752.00    0.0554217
      7753.00    0.0554018
      7754.00    0.0553821
      7755.00    0.0553626
      7756.00    0.0553434
      7757.00    0.0553245
      7758.00    0.0553059
      7759.00    0.0552876
      7760.00    0.0552697
      7761.00    0.0552520
      7762.00    0.0552348
      7763.00    0.0552179
      7764.00    0.0552013
      7765.00    0.0551852
      7766.00    0.0551695
      7767.00    0.0551542
      7768.00    0.0551393
      7769.00    0.0551249
      7770.00    0.0551109
      7771.00    0.0550975
      7772.00    0.0550845
      7773.00    0.0550720
      7774.00    0.0550600
      7775.00    0.0550486
      7776.00    0.0550377
      7777.00    0.0550274
      7778.00    0.0550177
      7779.00    0.0550085
      7780.00    0.0550000
      7781.00    0.0549940
      7782.00    0.0549887
      7783.00    0.0549840
      7784.00    0.0549798
      7785.00    0.0549762
      7786.00    0.0549731
      7787.00    0.0549705
      7788.00    0.0549684
      7789.00    0.0549667
      7790.00    0.0549655
      7791.00    0.0549646
      7792.00    0.0549641
      7793.00    0.0549640
      7794.00    0.0549642
      7795.00    0.0549647
      7796.00    0.0549654
      7797.00    0.0549665
      7798.00    0.0549677
      7799.00    0.0549691
      7800.00    0.0549707
      7801.00    0.0549725
      7802.00    0.0549743
      7803.00    0.0549763
      7804.00    0.0549783
      7805.00    0.0549804
      7806.00    0.0549825
      7807.00    0.0549846
      7808.00    0.0549867
      7809.00    0.0549887
      7810.00    0.0549906
      7811.00    0.0549924
      7812.00    0.0549941
      7813.00    0.0549957
      7814.00    0.0549970
      7815.00    0.0549982
      7816.00    0.0549991
      7817.00    0.0549998
      7818.00    0.0550002
      7819.00    0.0550003
      7820.00    0.0550000
      7821.00    0.0549971
      7822.00    0.0549940
      7823.00    0.0549906
      7824.00    0.0549871
      7825.00    0.0549833
      7826.00    0.0549794
      7827.00    0.0549752
      7828.00    0.0549709
      7829.00    0.0549663
      7830.00    0.0549615
      7831.00    0.0549566
      7832.00    0.0549514
      7833.00    0.0549460
      7834.00    0.0549405
      7835.00    0.0549347
      7836.00    0.0549287
      7837.00    0.0549226
      7838.00    0.0549162
      7839.00    0.0549097
      7840.00    0.0549029
      7841.00    0.0548960
      7842.00    0.0548888
      7843.00    0.0548815
      7844.00    0.0548740
      7845.00    0.0548663
      7846.00    0.0548584
      7847.00    0.0548503
      7848.00    0.0548420
      7849.00    0.0548336
      7850.00    0.0548250
      7851.00    0.0548161
      7852.00    0.0548071
      7853.00    0.0547979
      7854.00    0.0547886
      7855.00    0.0547790
      7856.00    0.0547693
      7857.00    0.0547594
      7858.00    0.0547493
      7859.00    0.0547390
      7860.00    0.0547285
      7861.00    0.0547179
      7862.00    0.0547071
      7863.00    0.0546962
      7864.00    0.0546850
      7865.00    0.0546737
      7866.00    0.0546622
      7867.00    0.0546505
      7868.00    0.0546387
      7869.00    0.0546267
      7870.00    0.0546145
      7871.00    0.0546022
      7872.00    0.0545897
      7873.00    0.0545770
      7874.00    0.0545642
      7875.00    0.0545512
      7876.00    0.0545381
      7877.00    0.0545247
      7878.00    0.0545113
      7879.00    0.0544976
      7880.00    0.0544838
      7881.00    0.0544699
      7882.00    0.0544557
      7883.00    0.0544415
      7884.00    0.0544271
      7885.00    0.0544125
      7886.00    0.0543977
      7887.00    0.0543828
      7888.00    0.0543678
      7889.00    0.0543526
      7890.00    0.0543373
      7891.00    0.0543218
      7892.00    0.0543061
      7893.00    0.0542903
      7894.00    0.0542744
      7895.00    0.0542583
      7896.00    0.0542421
      7897.00    0.0542257
      7898.00    0.0542092
      7899.00    0.0541925
      7900.00    0.0541757
      7901.00    0.0541587
      7902.00    0.0541417
      7903.00    0.0541244
      7904.00    0.0541071
      7905.00    0.0540895
      7906.00    0.0540719
      7907.00    0.0540541
      7908.00    0.0540362
      7909.00    0.0540182
      7910.00    0.0540000
      7911.00    0.0539814
      7912.00    0.0539625
      7913.00    0.0539434
      7914.00    0.0539240
      7915.00    0.0539044
      7916.00    0.0538846
      7917.00    0.0538646
      7918.00    0.0538444
      7919.00    0.0538240
      7920.00    0.0538034
      7921.00    0.0537826
      7922.00    0.0537616
      7923.00    0.0537404
      7924.00    0.0537191
      7925.00    0.0536975
      7926.00    0.0536758
      7927.00    0.0536540
      7928.00    0.0536320
      7929.00    0.0536099
      7930.00    0.0535876
      7931.00    0.0535651
      7932.00    0.0535426
      7933.00    0.0535199
      7934.00    0.0534971
      7935.00    0.0534742
      7936.00    0.0534511
      7937.00    0.0534280
      7938.00    0.0534048
      7939.00    0.0533814
      7940.00    0.0533580
      7941.00    0.0533345
      7942.00    0.0533110
      7943.00    0.0532873
      7944.00    0.0532636
      7945.00    0.0532398
      7946.00    0.0532160
      7947.00    0.0531921
      7948.00    0.0531682
      7949.00    0.0531443
      7950.00    0.0531203
      7951.00    0.0530962
      7952.00    0.0530722
      7953.00    0.0530481
      7954.00    0.0530241
      7955.00    0.0530000
      7956.00    0.0529759
      7957.00    0.0529519
      7958.00    0.0529278
      7959.00    0.0529038
      7960.00    0.0528797
      7961.00    0.0528558
      7962.00    0.0528318
      7963.00    0.0528079
      7964.00    0.0527840
      7965.00    0.0527602
      7966.00    0.0527364
      7967.00    0.0527127
      7968.00    0.0526890
      7969.00    0.0526655
      7970.00    0.0526420
      7971.00    0.0526186
      7972.00    0.0525952
      7973.00    0.0525720
      7974.00    0.0525489
      7975.00    0.0525258
      7976.00    0.0525029
      7977.00    0.0524801
      7978.00    0.0524574
      7979.00    0.0524349
      7980.00    0.0524124
      7981.00    0.0523901
      7982.00    0.0523680
      7983.00    0.0523460
      7984.00    0.0523242
      7985.00    0.0523025
      7986.00    0.0522810
      7987.00    0.0522596
      7988.00    0.0522384
      7989.00    0.0522174
      7990.00    0.0521966
      7991.00    0.0521760
      7992.00    0.0521556
      7993.00    0.0521354
      7994.00    0.0521154
      7995.00    0.0520956
      7996.00    0.0520760
      7997.00    0.0520566
      7998.00    0.0520375
      7999.00    0.0520186
      8000.00    0.0520000
      8001.00    0.0519834
      8002.00    0.0519670
      8003.00    0.0519508
      8004.00    0.0519348
      8005.00    0.0519189
      8006.00    0.0519033
      8007.00    0.0518878
      8008.00    0.0518724
      8009.00    0.0518572
      8010.00    0.0518422
      8011.00    0.0518274
      8012.00    0.0518127
      8013.00    0.0517982
      8014.00    0.0517839
      8015.00    0.0517697
      8016.00    0.0517556
      8017.00    0.0517417
      8018.00    0.0517280
      8019.00    0.0517144
      8020.00    0.0517010
      8021.00    0.0516877
      8022.00    0.0516745
      8023.00    0.0516615
      8024.00    0.0516486
      8025.00    0.0516358
      8026.00    0.0516232
      8027.00    0.0516108
      8028.00    0.0515984
      8029.00    0.0515862
      8030.00    0.0515741
      8031.00    0.0515621
      8032.00    0.0515502
      8033.00    0.0515385
      8034.00    0.0515269
      8035.00    0.0515154
      8036.00    0.0515040
      8037.00    0.0514927
      8038.00    0.0514816
      8039.00    0.0514705
      8040.00    0.0514595
      8041.00    0.0514487
      8042.00    0.0514379
      8043.00    0.0514273
      8044.00    0.0514167
      8045.00    0.0514062
      8046.00    0.0513959
      8047.00    0.0513856
      8048.00    0.0513754
      8049.00    0.0513653
      8050.00    0.0513553
      8051.00    0.0513453
      8052.00    0.0513355
      8053.00    0.0513257
      8054.00    0.0513160
      8055.00    0.0513064
      8056.00    0.0512968
      8057.00    0.0512873
      8058.00    0.0512779
      8059.00    0.0512686
      8060.00    0.0512593
      8061.00    0.0512500
      8062.00    0.0512409
      8063.00    0.0512317
      8064.00    0.0512227
      8065.00    0.0512137
      8066.00    0.0512047
      8067.00    0.0511958
      8068.00    0.0511870
      8069.00    0.0511782
      8070.00    0.0511694
      8071.00    0.0511607
      8072.00    0.0511520
      8073.00    0.0511434
      8074.00    0.0511347
      8075.00    0.0511262
      8076.00    0.0511176
      8077.00    0.0511091
      8078.00    0.0511006
      8079.00    0.0510921
      8080.00    0.0510837
      8081.00    0.0510752
      8082.00    0.0510668
      8083.00    0.0510584
      8084.00    0.0510501
      8085.00    0.0510417
      8086.00    0.0510334
      8087.00    0.0510250
      8088.00    0.0510167
      8089.00    0.0510083
      8090.00    0.0510000
      8091.00    0.0509922
      8092.00    0.0509846
      8093.00    0.0509770
      8094.00    0.0509695
      8095.00    0.0509622
      8096.00    0.0509549
      8097.00    0.0509477
      8098.00    0.0509407
      8099.00    0.0509337
      8100.00    0.0509267
      8101.00    0.0509199
      8102.00    0.0509131
      8103.00    0.0509065
      8104.00    0.0508998
      8105.00    0.0508933
      8106.00    0.0508868
      8107.00    0.0508804
      8108.00    0.0508740
      8109.00    0.0508677
      8110.00    0.0508615
      8111.00    0.0508553
      8112.00    0.0508491
      8113.00    0.0508430
      8114.00    0.0508370
      8115.00    0.0508309
      8116.00    0.0508250
      8117.00    0.0508190
      8118.00    0.0508131
      8119.00    0.0508072
      8120.00    0.0508013
      8121.00    0.0507954
      8122.00    0.0507896
      8123.00    0.0507838
      8124.00    0.0507780
      8125.00    0.0507722
      8126.00    0.0507664
      8127.00    0.0507606
      8128.00    0.0507548
      8129.00    0.0507490
      8130.00    0.0507432
      8131.00    0.0507374
      8132.00    0.0507316
      8133.00    0.0507257
      8134.00    0.0507199
      8135.00    0.0507140
      8136.00    0.0507081
      8137.00    0.0507022
      8138.00    0.0506962
      8139.00    0.0506903
      8140.00    0.0506842
      8141.00    0.0506782
      8142.00    0.0506721
      8143.00    0.0506659
      8144.00    0.0506598
      8145.00    0.0506535
      8146.00    0.0506472
      8147.00    0.0506409
      8148.00    0.0506345
      8149.00    0.0506280
      8150.00    0.0506215
      8151.00    0.0506149
      8152.00    0.0506082
      8153.00    0.0506015
      8154.00    0.0505947
      8155.00    0.0505878
      8156.00    0.0505808
      8157.00    0.0505737
      8158.00    0.0505666
      8159.00    0.0505593
      8160.00    0.0505520
      8161.00    0.0505446
      8162.00    0.0505370
      8163.00    0.0505294
      8164.00    0.0505217
      8165.00    0.0505138
      8166.00    0.0505058
      8167.00    0.0504978
      8168.00    0.0504896
      8169.00    0.0504812
      8170.00    0.0504728
      8171.00    0.0504642
      8172.00    0.0504555
      8173.00    0.0504467
      8174.00    0.0504378
      8175.00    0.0504286
      8176.00    0.0504194
      8177.00    0.0504100
      8178.00    0.0504005
      8179.00    0.0503908
      8180.00    0.0503810
      8181.00    0.0503710
      8182.00    0.0503608
      8183.00    0.0503505
      8184.00    0.0503400
      8185.00    0.0503294
      8186.00    0.0503186
      8187.00    0.0503076
      8188.00    0.0502964
      8189.00    0.0502850
      8190.00    0.0502735
      8191.00    0.0502618
      8192.00    0.0502499
      8193.00    0.0502378
      8194.00    0.0502255
      8195.00    0.0502130
      8196.00    0.0502003
      8197.00    0.0501874
      8198.00    0.0501743
      8199.00    0.0501610
      8200.00    0.0501475
      8201.00    0.0501338
      8202.00    0.0501198
      8203.00    0.0501056
      8204.00    0.0500912
      8205.00    0.0500766
      8206.00    0.0500618
      8207.00    0.0500467
      8208.00    0.0500314
      8209.00    0.0500158
      8210.00    0.0500000
      8211.00    0.0499819
      8212.00    0.0499635
      8213.00    0.0499450
      8214.00    0.0499262
      8215.00    0.0499072
      8216.00    0.0498880
      8217.00    0.0498687
      8218.00    0.0498491
      8219.00    0.0498295
      8220.00    0.0498096
      8221.00    0.0497896
      8222.00    0.0497695
      8223.00    0.0497492
      8224.00    0.0497288
      8225.00    0.0497084
      8226.00    0.0496878
      8227.00    0.0496671
      8228.00    0.0496464
      8229.00    0.0496256
      8230.00    0.0496047
      8231.00    0.0495838
      8232.00    0.0495629
      8233.00    0.0495419
      8234.00    0.0495209
      8235.00    0.0494999
      8236.00    0.0494789
      8237.00    0.0494579
      8238.00    0.0494369
      8239.00    0.0494160
      8240.00    0.0493950
      8241.00    0.0493742
      8242.00    0.0493534
      8243.00    0.0493327
      8244.00    0.0493120
      8245.00    0.0492914
      8246.00    0.0492710
      8247.00    0.0492506
      8248.00    0.0492304
      8249.00    0.0492102
      8250.00    0.0491902
      8251.00    0.0491704
      8252.00    0.0491507
      8253.00    0.0491312
      8254.00    0.0491119
      8255.00    0.0490927
      8256.00    0.0490737
      8257.00    0.0490550
      8258.00    0.0490364
      8259.00    0.0490181
      8260.00    0.0490000
      8261.00    0.0489836
      8262.00    0.0489674
      8263.00    0.0489514
      8264.00    0.0489356
      8265.00    0.0489200
      8266.00    0.0489045
      8267.00    0.0488893
      8268.00    0.0488743
      8269.00    0.0488595
      8270.00    0.0488449
      8271.00    0.0488304
      8272.00    0.0488162
      8273.00    0.0488021
      8274.00    0.0487882
      8275.00    0.0487745
      8276.00    0.0487610
      8277.00    0.0487476
      8278.00    0.0487345
      8279.00    0.0487215
      8280.00    0.0487086
      8281.00    0.0486959
      8282.00    0.0486834
      8283.00    0.0486711
      8284.00    0.0486589
      8285.00    0.0486469
      8286.00    0.0486351
      8287.00    0.0486234
      8288.00    0.0486118
      8289.00    0.0486005
      8290.00    0.0485892
      8291.00    0.0485781
      8292.00    0.0485672
      8293.00    0.0485564
      8294.00    0.0485457
      8295.00    0.0485352
      8296.00    0.0485248
      8297.00    0.0485146
      8298.00    0.0485045
      8299.00    0.0484945
      8300.00    0.0484847
      8301.00    0.0484749
      8302.00    0.0484653
      8303.00    0.0484559
      8304.00    0.0484465
      8305.00    0.0484373
      8306.00    0.0484282
      8307.00    0.0484192
      8308.00    0.0484104
      8309.00    0.0484016
      8310.00    0.0483929
      8311.00    0.0483844
      8312.00    0.0483760
      8313.00    0.0483676
      8314.00    0.0483594
      8315.00    0.0483513
      8316.00    0.0483432
      8317.00    0.0483353
      8318.00    0.0483275
      8319.00    0.0483197
      8320.00    0.0483121
      8321.00    0.0483045
      8322.00    0.0482970
      8323.00    0.0482896
      8324.00    0.0482823
      8325.00    0.0482751
      8326.00    0.0482679
      8327.00    0.0482608
      8328.00    0.0482538
      8329.00    0.0482469
      8330.00    0.0482400
      8331.00    0.0482332
      8332.00    0.0482265
      8333.00    0.0482198
      8334.00    0.0482132
      8335.00    0.0482067
      8336.00    0.0482002
      8337.00    0.0481938
      8338.00    0.0481874
      8339.00    0.0481811
      8340.00    0.0481748
      8341.00    0.0481686
      8342.00    0.0481624
      8343.00    0.0481563
      8344.00    0.0481502
      8345.00    0.0481441
      8346.00    0.0481381
      8347.00    0.0481321
      8348.00    0.0481262
      8349.00    0.0481203
      8350.00    0.0481144
      8351.00    0.0481085
      8352.00    0.0481027
      8353.00    0.0480969
      8354.00    0.0480911
      8355.00    0.0480854
      8356.00    0.0480796
      8357.00    0.0480739
      8358.00    0.0480682
      8359.00    0.0480625
      8360.00    0.0480568
      8361.00    0.0480511
      8362.00    0.0480454
      8363.00    0.0480398
      8364.00    0.0480341
      8365.00    0.0480284
      8366.00    0.0480227
      8367.00    0.0480171
      8368.00    0.0480114
      8369.00    0.0480057
      8370.00    0.0480000
      8371.00    0.0479899
      8372.00    0.0479799
      8373.00    0.0479697
      8374.00    0.0479596
      8375.00    0.0479494
      8376.00    0.0479392
      8377.00    0.0479290
      8378.00    0.0479188
      8379.00    0.0479085
      8380.00    0.0478982
      8381.00    0.0478879
      8382.00    0.0478776
      8383.00    0.0478672
      8384.00    0.0478568
      8385.00    0.0478464
      8386.00    0.0478359
      8387.00    0.0478255
      8388.00    0.0478150
      8389.00    0.0478044
      8390.00    0.0477939
      8391.00    0.0477833
      8392.00    0.0477727
      8393.00    0.0477621
      8394.00    0.0477514
      8395.00    0.0477408
      8396.00    0.0477301
      8397.00    0.0477193
      8398.00    0.0477086
      8399.00    0.0476978
      8400.00    0.0476870
      8401.00    0.0476762
      8402.00    0.0476653
      8403.00    0.0476544
      8404.00    0.0476435
      8405.00    0.0476326
      8406.00    0.0476217
      8407.00    0.0476107
      8408.00    0.0475997
      8409.00    0.0475887
      8410.00    0.0475776
      8411.00    0.0475665
      8412.00    0.0475554
      8413.00    0.0475443
      8414.00    0.0475332
      8415.00    0.0475220
      8416.00    0.0475108
      8417.00    0.0474996
      8418.00    0.0474883
      8419.00    0.0474771
      8420.00    0.0474658
      8421.00    0.0474545
      8422.00    0.0474431
      8423.00    0.0474317
      8424.00    0.0474203
      8425.00    0.0474089
      8426.00    0.0473975
      8427.00    0.0473860
      8428.00    0.0473745
      8429.00    0.0473630
      8430.00    0.0473515
      8431.00    0.0473399
      8432.00    0.0473283
      8433.00    0.0473167
      8434.00    0.0473051
      8435.00    0.0472935
      8436.00    0.0472818
      8437.00    0.0472701
      8438.00    0.0472583
      8439.00    0.0472466
      8440.00    0.0472348
      8441.00    0.0472230
      8442.00    0.0472112
      8443.00    0.0471994
      8444.00    0.0471875
      8445.00    0.0471756
      8446.00    0.0471637
      8447.00    0.0471517
      8448.00    0.0471398
      8449.00    0.0471278
      8450.00    0.0471158
      8451.00    0.0471038
      8452.00    0.0470917
      8453.00    0.0470796
      8454.00    0.0470675
      8455.00    0.0470554
      8456.00    0.0470433
      8457.00    0.0470311
      8458.00    0.0470189
      8459.00    0.0470067
      8460.00    0.0469945
      8461.00    0.0469822
      8462.00    0.0469699
      8463.00    0.0469576
      8464.00    0.0469453
      8465.00    0.0469329
      8466.00    0.0469205
      8467.00    0.0469081
      8468.00    0.0468957
      8469.00    0.0468833
      8470.00    0.0468708
      8471.00    0.0468583
      8472.00    0.0468458
      8473.00    0.0468333
      8474.00    0.0468207
      8475.00    0.0468082
      8476.00    0.0467956
      8477.00    0.0467829
      8478.00    0.0467703
      8479.00    0.0467576
      8480.00    0.0467449
      8481.00    0.0467322
      8482.00    0.0467195
      8483.00    0.0467068
      8484.00    0.0466940
      8485.00    0.0466812
      8486.00    0.0466684
      8487.00    0.0466555
      8488.00    0.0466427
      8489.00    0.0466298
      8490.00    0.0466169
      8491.00    0.0466039
      8492.00    0.0465910
      8493.00    0.0465780
      8494.00    0.0465650
      8495.00    0.0465520
      8496.00    0.0465390
      8497.00    0.0465259
      8498.00    0.0465128
      8499.00    0.0464997
      8500.00    0.0464866
      8501.00    0.0464734
      8502.00    0.0464603
      8503.00    0.0464471
      8504.00    0.0464339
      8505.00    0.0464207
      8506.00    0.0464074
      8507.00    0.0463941
      8508.00    0.0463808
      8509.00    0.0463675
      8510.00    0.0463542
      8511.00    0.0463408
      8512.00    0.0463275
      8513.00    0.0463141
      8514.00    0.0463006
      8515.00    0.0462872
      8516.00    0.0462737
      8517.00    0.0462603
      8518.00    0.0462467
      8519.00    0.0462332
      8520.00    0.0462197
      8521.00    0.0462061
      8522.00    0.0461925
      8523.00    0.0461789
      8524.00    0.0461653
      8525.00    0.0461516
      8526.00    0.0461380
      8527.00    0.0461243
      8528.00    0.0461106
      8529.00    0.0460969
      8530.00    0.0460831
      8531.00    0.0460693
      8532.00    0.0460555
      8533.00    0.0460417
      8534.00    0.0460279
      8535.00    0.0460141
      8536.00    0.0460002
      8537.00    0.0459863
      8538.00    0.0459724
      8539.00    0.0459584
      8540.00    0.0459445
      8541.00    0.0459305
      8542.00    0.0459165
      8543.00    0.0459025
      8544.00    0.0458885
      8545.00    0.0458744
      8546.00    0.0458604
      8547.00    0.0458463
      8548.00    0.0458322
      8549.00    0.0458180
      8550.00    0.0458039
      8551.00    0.0457897
      8552.00    0.0457755
      8553.00    0.0457613
      8554.00    0.0457471
      8555.00    0.0457329
      8556.00    0.0457186
      8557.00    0.0457043
      8558.00    0.0456900
      8559.00    0.0456757
      8560.00    0.0456613
      8561.00    0.0456470
      8562.00    0.0456326
      8563.00    0.0456182
      8564.00    0.0456038
      8565.00    0.0455893
      8566.00    0.0455749
      8567.00    0.0455604
      8568.00    0.0455459
      8569.00    0.0455314
      8570.00    0.0455169
      8571.00    0.0455023
      8572.00    0.0454877
      8573.00    0.0454731
      8574.00    0.0454585
      8575.00    0.0454439
      8576.00    0.0454292
      8577.00    0.0454146
      8578.00    0.0453999
      8579.00    0.0453852
      8580.00    0.0453705
      8581.00    0.0453557
      8582.00    0.0453410
      8583.00    0.0453262
      8584.00    0.0453114
      8585.00    0.0452966
      8586.00    0.0452818
      8587.00    0.0452669
      8588.00    0.0452520
      8589.00    0.0452372
      8590.00    0.0452223
      8591.00    0.0452073
      8592.00    0.0451924
      8593.00    0.0451774
      8594.00    0.0451625
      8595.00    0.0451475
      8596.00    0.0451324
      8597.00    0.0451174
      8598.00    0.0451024
      8599.00    0.0450873
      8600.00    0.0450722
      8601.00    0.0450571
      8602.00    0.0450420
      8603.00    0.0450269
      8604.00    0.0450117
      8605.00    0.0449965
      8606.00    0.0449813
      8607.00    0.0449661
      8608.00    0.0449509
      8609.00    0.0449357
      8610.00    0.0449204
      8611.00    0.0449051
      8612.00    0.0448898
      8613.00    0.0448745
      8614.00    0.0448592
      8615.00    0.0448438
      8616.00    0.0448285
      8617.00    0.0448131
      8618.00    0.0447977
      8619.00    0.0447823
      8620.00    0.0447668
      8621.00    0.0447514
      8622.00    0.0447359
      8623.00    0.0447204
      8624.00    0.0447049
      8625.00    0.0446894
      8626.00    0.0446739
      8627.00    0.0446583
      8628.00    0.0446428
      8629.00    0.0446272
      8630.00    0.0446116
      8631.00    0.0445960
      8632.00    0.0445803
      8633.00    0.0445647
      8634.00    0.0445490
      8635.00    0.0445333
      8636.00    0.0445176
      8637.00    0.0445019
      8638.00    0.0444862
      8639.00    0.0444704
      8640.00    0.0444546
      8641.00    0.0444389
      8642.00    0.0444231
      8643.00    0.0444072
      8644.00    0.0443914
      8645.00    0.0443756
      8646.00    0.0443597
      8647.00    0.0443438
      8648.00    0.0443279
      8649.00    0.0443120
      8650.00    0.0442961
      8651.00    0.0442801
      8652.00    0.0442642
      8653.00    0.0442482
      8654.00    0.0442322
      8655.00    0.0442162
      8656.00    0.0442001
      8657.00    0.0441841
      8658.00    0.0441681
      8659.00    0.0441520
      8660.00    0.0441359
      8661.00    0.0441198
      8662.00    0.0441037
      8663.00    0.0440875
      8664.00    0.0440714
      8665.00    0.0440552
      8666.00    0.0440390
      8667.00    0.0440228
      8668.00    0.0440066
      8669.00    0.0439904
      8670.00    0.0439742
      8671.00    0.0439579
      8672.00    0.0439416
      8673.00    0.0439253
      8674.00    0.0439090
      8675.00    0.0438927
      8676.00    0.0438764
      8677.00    0.0438600
      8678.00    0.0438437
      8679.00    0.0438273
      8680.00    0.0438109
      8681.00    0.0437945
      8682.00    0.0437781
      8683.00    0.0437616
      8684.00    0.0437452
      8685.00    0.0437287
      8686.00    0.0437122
      8687.00    0.0436957
      8688.00    0.0436792
      8689.00    0.0436627
      8690.00    0.0436462
      8691.00    0.0436296
      8692.00    0.0436130
      8693.00    0.0435964
      8694.00    0.0435798
      8695.00    0.0435632
      8696.00    0.0435466
      8697.00    0.0435300
      8698.00    0.0435133
      8699.00    0.0434966
      8700.00    0.0434799
      8701.00    0.0434633
      8702.00    0.0434465
      8703.00    0.0434298
      8704.00    0.0434131
      8705.00    0.0433963
      8706.00    0.0433795
      8707.00    0.0433628
      8708.00    0.0433460
      8709.00    0.0433292
      8710.00    0.0433123
      8711.00    0.0432955
      8712.00    0.0432786
      8713.00    0.0432618
      8714.00    0.0432449
      8715.00    0.0432280
      8716.00    0.0432111
      8717.00    0.0431942
      8718.00    0.0431772
      8719.00    0.0431603
      8720.00    0.0431433
      8721.00    0.0431264
      8722.00    0.0431094
      8723.00    0.0430924
      8724.00    0.0430753
      8725.00    0.0430583
      8726.00    0.0430413
      8727.00    0.0430242
      8728.00    0.0430072
      8729.00    0.0429901
      8730.00    0.0429730
      8731.00    0.0429559
      8732.00    0.0429387
      8733.00    0.0429216
      8734.00    0.0429045
      8735.00    0.0428873
      8736.00    0.0428701
      8737.00    0.0428529
      8738.00    0.0428358
      8739.00    0.0428185
      8740.00    0.0428013
      8741.00    0.0427841
      8742.00    0.0427668
      8743.00    0.0427496
      8744.00    0.0427323
      8745.00    0.0427150
      8746.00    0.0426977
      8747.00    0.0426804
      8748.00    0.0426631
      8749.00    0.0426457
      8750.00    0.0426284
      8751.00    0.0426110
      8752.00    0.0425937
      8753.00    0.0425763
      8754.00    0.0425589
      8755.00    0.0425415
      8756.00    0.0425240
      8757.00    0.0425066
      8758.00    0.0424892
      8759.00    0.0424717
      8760.00    0.0424542
      8761.00    0.0424367
      8762.00    0.0424192
      8763.00    0.0424017
      8764.00    0.0423842
      8765.00    0.0423667
      8766.00    0.0423491
      8767.00    0.0423316
      8768.00    0.0423140
      8769.00    0.0422964
      8770.00    0.0422788
      8771.00    0.0422612
      8772.00    0.0422436
      8773.00    0.0422260
      8774.00    0.0422084
      8775.00    0.0421907
      8776.00    0.0421731
      8777.00    0.0421554
      8778.00    0.0421377
      8779.00    0.0421200
      8780.00    0.0421023
      8781.00    0.0420846
      8782.00    0.0420669
      8783.00    0.0420491
      8784.00    0.0420314
      8785.00    0.0420136
      8786.00    0.0419958
      8787.00    0.0419781
      8788.00    0.0419603
      8789.00    0.0419425
      8790.00    0.0419246
      8791.00    0.0419068
      8792.00    0.0418890
      8793.00    0.0418711
      8794.00    0.0418533
      8795.00    0.0418354
      8796.00    0.0418175
      8797.00    0.0417996
      8798.00    0.0417817
      8799.00    0.0417638
      8800.00    0.0417459
      8801.00    0.0417279
      8802.00    0.0417100
      8803.00    0.0416920
      8804.00    0.0416741
      8805.00    0.0416561
      8806.00    0.0416381
      8807.00    0.0416201
      8808.00    0.0416021
      8809.00    0.0415841
      8810.00    0.0415661
      8811.00    0.0415480
      8812.00    0.0415300
      8813.00    0.0415119
      8814.00    0.0414939
      8815.00    0.0414758
      8816.00    0.0414577
      8817.00    0.0414396
      8818.00    0.0414215
      8819.00    0.0414034
      8820.00    0.0413852
      8821.00    0.0413671
      8822.00    0.0413489
      8823.00    0.0413308
      8824.00    0.0413126
      8825.00    0.0412944
      8826.00    0.0412763
      8827.00    0.0412581
      8828.00    0.0412398
      8829.00    0.0412216
      8830.00    0.0412034
      8831.00    0.0411852
      8832.00    0.0411669
      8833.00    0.0411487
      8834.00    0.0411304
      8835.00    0.0411121
      8836.00    0.0410939
      8837.00    0.0410756
      8838.00    0.0410573
      8839.00    0.0410390
      8840.00    0.0410206
      8841.00    0.0410023
      8842.00    0.0409840
      8843.00    0.0409656
      8844.00    0.0409473
      8845.00    0.0409289
      8846.00    0.0409105
      8847.00    0.0408922
      8848.00    0.0408738
      8849.00    0.0408554
      8850.00    0.0408370
      8851.00    0.0408185
      8852.00    0.0408001
      8853.00    0.0407817
      8854.00    0.0407632
      8855.00    0.0407448
      8856.00    0.0407263
      8857.00    0.0407079
      8858.00    0.0406894
      8859.00    0.0406709
      8860.00    0.0406524
      8861.00    0.0406339
      8862.00    0.0406154
      8863.00    0.0405969
      8864.00    0.0405783
      8865.00    0.0405598
      8866.00    0.0405413
      8867.00    0.0405227
      8868.00    0.0405041
      8869.00    0.0404856
      8870.00    0.0404670
      8871.00    0.0404484
      8872.00    0.0404298
      8873.00    0.0404112
      8874.00    0.0403926
      8875.00    0.0403740
      8876.00    0.0403554
      8877.00    0.0403367
      8878.00    0.0403181
      8879.00    0.0402994
      8880.00    0.0402808
      8881.00    0.0402621
      8882.00    0.0402435
      8883.00    0.0402248
      8884.00    0.0402061
      8885.00    0.0401874
      8886.00    0.0401687
      8887.00    0.0401500
      8888.00    0.0401313
      8889.00    0.0401125
      8890.00    0.0400938
      8891.00    0.0400751
      8892.00    0.0400563
      8893.00    0.0400376
      8894.00    0.0400188
      8895.00    0.0400001
      8896.00    0.0399813
      8897.00    0.0399625
      8898.00    0.0399437
      8899.00    0.0399249
      8900.00    0.0399061
      8901.00    0.0398873
      8902.00    0.0398685
      8903.00    0.0398497
      8904.00    0.0398308
      8905.00    0.0398120
      8906.00    0.0397931
      8907.00    0.0397743
      8908.00    0.0397554
      8909.00    0.0397366
      8910.00    0.0397177
      8911.00    0.0396988
      8912.00    0.0396799
      8913.00    0.0396611
      8914.00    0.0396422
      8915.00    0.0396233
      8916.00    0.0396043
      8917.00    0.0395854
      8918.00    0.0395665
      8919.00    0.0395476
      8920.00    0.0395286
      8921.00    0.0395097
      8922.00    0.0394908
      8923.00    0.0394718
      8924.00    0.0394528
      8925.00    0.0394339
      8926.00    0.0394149
      8927.00    0.0393959
      8928.00    0.0393769
      8929.00    0.0393579
      8930.00    0.0393390
      8931.00    0.0393200
      8932.00    0.0393009
      8933.00    0.0392819
      8934.00    0.0392629
      8935.00    0.0392439
      8936.00    0.0392249
      8937.00    0.0392058
      8938.00    0.0391868
      8939.00    0.0391677
      8940.00    0.0391487
      8941.00    0.0391296
      8942.00    0.0391106
      8943.00    0.0390915
      8944.00    0.0390724
      8945.00    0.0390533
      8946.00    0.0390342
      8947.00    0.0390152
      8948.00    0.0389961
      8949.00    0.0389770
      8950.00    0.0389579
      8951.00    0.0389387
      8952.00    0.0389196
      8953.00    0.0389005
      8954.00    0.0388814
      8955.00    0.0388622
      8956.00    0.0388431
      8957.00    0.0388240
      8958.00    0.0388048
      8959.00    0.0387857
      8960.00    0.0387665
      8961.00    0.0387474
      8962.00    0.0387282
      8963.00    0.0387090
      8964.00    0.0386898
      8965.00    0.0386707
      8966.00    0.0386515
      8967.00    0.0386323
      8968.00    0.0386131
      8969.00    0.0385939
      8970.00    0.0385747
      8971.00    0.0385555
      8972.00    0.0385363
      8973.00    0.0385171
      8974.00    0.0384978
      8975.00    0.0384786
      8976.00    0.0384594
      8977.00    0.0384401
      8978.00    0.0384209
      8979.00    0.0384017
      8980.00    0.0383824
      8981.00    0.0383632
      8982.00    0.0383439
      8983.00    0.0383247
      8984.00    0.0383054
      8985.00    0.0382861
      8986.00    0.0382669
      8987.00    0.0382476
      8988.00    0.0382283
      8989.00    0.0382090
      8990.00    0.0381898
      8991.00    0.0381705
      8992.00    0.0381512
      8993.00    0.0381319
      8994.00    0.0381126
      8995.00    0.0380933
      8996.00    0.0380740
      8997.00    0.0380547
      8998.00    0.0380353
      8999.00    0.0380160
      9000.00    0.0379967
      9001.00    0.0379774
      9002.00    0.0379581
      9003.00    0.0379387
      9004.00    0.0379194
      9005.00    0.0379001
      9006.00    0.0378807
      9007.00    0.0378614
      9008.00    0.0378420
      9009.00    0.0378227
      9010.00    0.0378033
      9011.00    0.0377840
      9012.00    0.0377646
      9013.00    0.0377453
      9014.00    0.0377259
      9015.00    0.0377065
      9016.00    0.0376871
      9017.00    0.0376678
      9018.00    0.0376484
      9019.00    0.0376290
      9020.00    0.0376096
      9021.00    0.0375903
      9022.00    0.0375709
      9023.00    0.0375515
      9024.00    0.0375321
      9025.00    0.0375127
      9026.00    0.0374933
      9027.00    0.0374739
      9028.00    0.0374545
      9029.00    0.0374351
      9030.00    0.0374157
      9031.00    0.0373963
      9032.00    0.0373769
      9033.00    0.0373575
      9034.00    0.0373381
      9035.00    0.0373186
      9036.00    0.0372992
      9037.00    0.0372798
      9038.00    0.0372604
      9039.00    0.0372410
      9040.00    0.0372215
      9041.00    0.0372021
      9042.00    0.0371827
      9043.00    0.0371632
      9044.00    0.0371438
      9045.00    0.0371244
      9046.00    0.0371049
      9047.00    0.0370855
      9048.00    0.0370661
      9049.00    0.0370466
      9050.00    0.0370272
      9051.00    0.0370077
      9052.00    0.0369883
      9053.00    0.0369688
      9054.00    0.0369494
      9055.00    0.0369299
      9056.00    0.0369105
      9057.00    0.0368910
      9058.00    0.0368716
      9059.00    0.0368521
      9060.00    0.0368327
      9061.00    0.0368132
      9062.00    0.0367937
      9063.00    0.0367743
      9064.00    0.0367548
      9065.00    0.0367353
      9066.00    0.0367159
      9067.00    0.0366964
      9068.00    0.0366770
      9069.00    0.0366575
      9070.00    0.0366380
      9071.00    0.0366186
      9072.00    0.0365991
      9073.00    0.0365796
      9074.00    0.0365601
      9075.00    0.0365407
      9076.00    0.0365212
      9077.00    0.0365017
      9078.00    0.0364822
      9079.00    0.0364628
      9080.00    0.0364433
      9081.00    0.0364238
      9082.00    0.0364044
      9083.00    0.0363849
      9084.00    0.0363654
      9085.00    0.0363459
      9086.00    0.0363264
      9087.00    0.0363070
      9088.00    0.0362875
      9089.00    0.0362680
      9090.00    0.0362485
      9091.00    0.0362291
      9092.00    0.0362096
      9093.00    0.0361901
      9094.00    0.0361706
      9095.00    0.0361511
      9096.00    0.0361317
      9097.00    0.0361122
      9098.00    0.0360927
      9099.00    0.0360732
      9100.00    0.0360538
      9101.00    0.0360343
      9102.00    0.0360148
      9103.00    0.0359953
      9104.00    0.0359759
      9105.00    0.0359564
      9106.00    0.0359369
      9107.00    0.0359174
      9108.00    0.0358980
      9109.00    0.0358785
      9110.00    0.0358590
      9111.00    0.0358395
      9112.00    0.0358201
      9113.00    0.0358006
      9114.00    0.0357811
      9115.00    0.0357617
      9116.00    0.0357422
      9117.00    0.0357227
      9118.00    0.0357033
      9119.00    0.0356838
      9120.00    0.0356643
      9121.00    0.0356449
      9122.00    0.0356254
      9123.00    0.0356059
      9124.00    0.0355865
      9125.00    0.0355670
      9126.00    0.0355476
      9127.00    0.0355281
      9128.00    0.0355086
      9129.00    0.0354892
      9130.00    0.0354697
      9131.00    0.0354503
      9132.00    0.0354308
      9133.00    0.0354114
      9134.00    0.0353919
      9135.00    0.0353725
      9136.00    0.0353530
      9137.00    0.0353336
      9138.00    0.0353142
      9139.00    0.0352947
      9140.00    0.0352753
      9141.00    0.0352558
      9142.00    0.0352364
      9143.00    0.0352170
      9144.00    0.0351975
      9145.00    0.0351781
      9146.00    0.0351587
      9147.00    0.0351393
      9148.00    0.0351198
      9149.00    0.0351004
      9150.00    0.0350810
      9151.00    0.0350616
      9152.00    0.0350422
      9153.00    0.0350227
      9154.00    0.0350033
      9155.00    0.0349839
      9156.00    0.0349645
      9157.00    0.0349451
      9158.00    0.0349257
      9159.00    0.0349063
      9160.00    0.0348869
      9161.00    0.0348675
      9162.00    0.0348481
      9163.00    0.0348287
      9164.00    0.0348093
      9165.00    0.0347900
      9166.00    0.0347706
      9167.00    0.0347512
      9168.00    0.0347318
      9169.00    0.0347124
      9170.00    0.0346931
      9171.00    0.0346737
      9172.00    0.0346543
      9173.00    0.0346350
      9174.00    0.0346156
      9175.00    0.0345963
      9176.00    0.0345769
      9177.00    0.0345576
      9178.00    0.0345382
      9179.00    0.0345189
      9180.00    0.0344995
      9181.00    0.0344802
      9182.00    0.0344608
      9183.00    0.0344415
      9184.00    0.0344222
      9185.00    0.0344028
      9186.00    0.0343835
      9187.00    0.0343642
      9188.00    0.0343449
      9189.00    0.0343256
      9190.00    0.0343063
      9191.00    0.0342870
      9192.00    0.0342677
      9193.00    0.0342484
      9194.00    0.0342291
      9195.00    0.0342098
      9196.00    0.0341905
      9197.00    0.0341712
      9198.00    0.0341519
      9199.00    0.0341326
      9200.00    0.0341134
      9201.00    0.0340941
      9202.00    0.0340748
      9203.00    0.0340556
      9204.00    0.0340363
      9205.00    0.0340171
      9206.00    0.0339978
      9207.00    0.0339786
      9208.00    0.0339593
      9209.00    0.0339401
      9210.00    0.0339209
      9211.00    0.0339016
      9212.00    0.0338824
      9213.00    0.0338632
      9214.00    0.0338440
      9215.00    0.0338248
      9216.00    0.0338056
      9217.00    0.0337863
      9218.00    0.0337672
      9219.00    0.0337480
      9220.00    0.0337288
      9221.00    0.0337096
      9222.00    0.0336904
      9223.00    0.0336712
      9224.00    0.0336521
      9225.00    0.0336329
      9226.00    0.0336137
      9227.00    0.0335946
      9228.00    0.0335754
      9229.00    0.0335563
      9230.00    0.0335371
      9231.00    0.0335180
      9232.00    0.0334989
      9233.00    0.0334798
      9234.00    0.0334606
      9235.00    0.0334415
      9236.00    0.0334224
      9237.00    0.0334033
      9238.00    0.0333842
      9239.00    0.0333651
      9240.00    0.0333460
      9241.00    0.0333269
      9242.00    0.0333078
      9243.00    0.0332888
      9244.00    0.0332697
      9245.00    0.0332506
      9246.00    0.0332316
      9247.00    0.0332125
      9248.00    0.0331935
      9249.00    0.0331744
      9250.00    0.0331554
      9251.00    0.0331364
      9252.00    0.0331173
      9253.00    0.0330983
      9254.00    0.0330793
      9255.00    0.0330603
      9256.00    0.0330413
      9257.00    0.0330223
      9258.00    0.0330033
      9259.00    0.0329843
      9260.00    0.0329654
      9261.00    0.0329464
      9262.00    0.0329274
      9263.00    0.0329085
      9264.00    0.0328895
      9265.00    0.0328706
      9266.00    0.0328516
      9267.00    0.0328327
      9268.00    0.0328138
      9269.00    0.0327948
      9270.00    0.0327759
      9271.00    0.0327570
      9272.00    0.0327381
      9273.00    0.0327192
      9274.00    0.0327003
      9275.00    0.0326815
      9276.00    0.0326626
      9277.00    0.0326437
      9278.00    0.0326248
      9279.00    0.0326060
      9280.00    0.0325871
      9281.00    0.0325683
      9282.00    0.0325495
      9283.00    0.0325306
      9284.00    0.0325118
      9285.00    0.0324930
      9286.00    0.0324742
      9287.00    0.0324554
      9288.00    0.0324366
      9289.00    0.0324178
      9290.00    0.0323990
      9291.00    0.0323802
      9292.00    0.0323615
      9293.00    0.0323427
      9294.00    0.0323240
      9295.00    0.0323052
      9296.00    0.0322865
      9297.00    0.0322678
      9298.00    0.0322490
      9299.00    0.0322303
      9300.00    0.0322116
      9301.00    0.0321929
      9302.00    0.0321742
      9303.00    0.0321555
      9304.00    0.0321369
      9305.00    0.0321182
      9306.00    0.0320995
      9307.00    0.0320809
      9308.00    0.0320622
      9309.00    0.0320436
      9310.00    0.0320249
      9311.00    0.0320063
      9312.00    0.0319877
      9313.00    0.0319691
      9314.00    0.0319505
      9315.00    0.0319319
      9316.00    0.0319133
      9317.00    0.0318948
      9318.00    0.0318762
      9319.00    0.0318576
      9320.00    0.0318391
      9321.00    0.0318205
      9322.00    0.0318020
      9323.00    0.0317835
      9324.00    0.0317649
      9325.00    0.0317464
      9326.00    0.0317279
      9327.00    0.0317094
      9328.00    0.0316910
      9329.00    0.0316725
      9330.00    0.0316540
      9331.00    0.0316356
      9332.00    0.0316171
      9333.00    0.0315987
      9334.00    0.0315802
      9335.00    0.0315618
      9336.00    0.0315434
      9337.00    0.0315250
      9338.00    0.0315066
      9339.00    0.0314882
      9340.00    0.0314698
      9341.00    0.0314514
      9342.00    0.0314331
      9343.00    0.0314147
      9344.00    0.0313964
      9345.00    0.0313780
      9346.00    0.0313597
      9347.00    0.0313414
      9348.00    0.0313231
      9349.00    0.0313048
      9350.00    0.0312865
      9351.00    0.0312682
      9352.00    0.0312499
      9353.00    0.0312317
      9354.00    0.0312134
      9355.00    0.0311952
      9356.00    0.0311770
      9357.00    0.0311587
      9358.00    0.0311405
      9359.00    0.0311223
      9360.00    0.0311041
      9361.00    0.0310859
      9362.00    0.0310677
      9363.00    0.0310496
      9364.00    0.0310314
      9365.00    0.0310133
      9366.00    0.0309951
      9367.00    0.0309770
      9368.00    0.0309589
      9369.00    0.0309408
      9370.00    0.0309227
      9371.00    0.0309046
      9372.00    0.0308865
      9373.00    0.0308685
      9374.00    0.0308504
      9375.00    0.0308324
      9376.00    0.0308143
      9377.00    0.0307963
      9378.00    0.0307783
      9379.00    0.0307603
      9380.00    0.0307423
      9381.00    0.0307243
      9382.00    0.0307063
      9383.00    0.0306883
      9384.00    0.0306704
      9385.00    0.0306524
      9386.00    0.0306345
      9387.00    0.0306166
      9388.00    0.0305987
      9389.00    0.0305808
      9390.00    0.0305629
      9391.00    0.0305450
      9392.00    0.0305271
      9393.00    0.0305093
      9394.00    0.0304914
      9395.00    0.0304736
      9396.00    0.0304558
      9397.00    0.0304380
      9398.00    0.0304201
      9399.00    0.0304024
      9400.00    0.0303846
      9401.00    0.0303668
      9402.00    0.0303490
      9403.00    0.0303313
      9404.00    0.0303136
      9405.00    0.0302958
      9406.00    0.0302781
      9407.00    0.0302604
      9408.00    0.0302427
      9409.00    0.0302250
      9410.00    0.0302074
      9411.00    0.0301897
      9412.00    0.0301721
      9413.00    0.0301544
      9414.00    0.0301368
      9415.00    0.0301192
      9416.00    0.0301016
      9417.00    0.0300840
      9418.00    0.0300664
      9419.00    0.0300489
      9420.00    0.0300313
      9421.00    0.0300138
      9422.00    0.0299962
      9423.00    0.0299787
      9424.00    0.0299612
      9425.00    0.0299437
      9426.00    0.0299262
      9427.00    0.0299088
      9428.00    0.0298913
      9429.00    0.0298739
      9430.00    0.0298564
      9431.00    0.0298390
      9432.00    0.0298216
      9433.00    0.0298042
      9434.00    0.0297868
      9435.00    0.0297694
      9436.00    0.0297521
      9437.00    0.0297347
      9438.00    0.0297174
      9439.00    0.0297001
      9440.00    0.0296828
      9441.00    0.0296655
      9442.00    0.0296482
      9443.00    0.0296309
      9444.00    0.0296136
      9445.00    0.0295964
      9446.00    0.0295792
      9447.00    0.0295619
      9448.00    0.0295447
      9449.00    0.0295275
      9450.00    0.0295103
      9451.00    0.0294932
      9452.00    0.0294760
      9453.00    0.0294589
      9454.00    0.0294417
      9455.00    0.0294246
      9456.00    0.0294075
      9457.00    0.0293904
      9458.00    0.0293733
      9459.00    0.0293563
      9460.00    0.0293392
      9461.00    0.0293222
      9462.00    0.0293052
      9463.00    0.0292881
      9464.00    0.0292711
      9465.00    0.0292542
      9466.00    0.0292372
      9467.00    0.0292202
      9468.00    0.0292033
      9469.00    0.0291863
      9470.00    0.0291694
      9471.00    0.0291525
      9472.00    0.0291356
      9473.00    0.0291188
      9474.00    0.0291019
      9475.00    0.0290850
      9476.00    0.0290682
      9477.00    0.0290514
      9478.00    0.0290346
      9479.00    0.0290178
      9480.00    0.0290010
      9481.00    0.0289842
      9482.00    0.0289675
      9483.00    0.0289507
      9484.00    0.0289340
      9485.00    0.0289173
      9486.00    0.0289006
      9487.00    0.0288839
      9488.00    0.0288672
      9489.00    0.0288506
      9490.00    0.0288340
      9491.00    0.0288173
      9492.00    0.0288007
      9493.00    0.0287841
      9494.00    0.0287675
      9495.00    0.0287510
      9496.00    0.0287344
      9497.00    0.0287179
      9498.00    0.0287014
      9499.00    0.0286848
      9500.00    0.0286683
      9501.00    0.0286519
      9502.00    0.0286354
      9503.00    0.0286189
      9504.00    0.0286025
      9505.00    0.0285861
      9506.00    0.0285697
      9507.00    0.0285533
      9508.00    0.0285369
      9509.00    0.0285206
      9510.00    0.0285042
      9511.00    0.0284879
      9512.00    0.0284716
      9513.00    0.0284553
      9514.00    0.0284390
      9515.00    0.0284227
      9516.00    0.0284064
      9517.00    0.0283902
      9518.00    0.0283740
      9519.00    0.0283578
      9520.00    0.0283416
      9521.00    0.0283254
      9522.00    0.0283092
      9523.00    0.0282931
      9524.00    0.0282769
      9525.00    0.0282608
      9526.00    0.0282447
      9527.00    0.0282286
      9528.00    0.0282126
      9529.00    0.0281965
      9530.00    0.0281805
      9531.00    0.0281645
      9532.00    0.0281484
      9533.00    0.0281325
      9534.00    0.0281165
      9535.00    0.0281005
      9536.00    0.0280846
      9537.00    0.0280686
      9538.00    0.0280527
      9539.00    0.0280368
      9540.00    0.0280210
      9541.00    0.0280051
      9542.00    0.0279893
      9543.00    0.0279734
      9544.00    0.0279576
      9545.00    0.0279418
      9546.00    0.0279260
      9547.00    0.0279103
      9548.00    0.0278945
      9549.00    0.0278788
      9550.00    0.0278631
      9551.00    0.0278474
      9552.00    0.0278317
      9553.00    0.0278160
      9554.00    0.0278004
      9555.00    0.0277847
      9556.00    0.0277691
      9557.00    0.0277535
      9558.00    0.0277379
      9559.00    0.0277224
      9560.00    0.0277068
      9561.00    0.0276913
      9562.00    0.0276758
      9563.00    0.0276603
      9564.00    0.0276448
      9565.00    0.0276293
      9566.00    0.0276139
      9567.00    0.0275984
      9568.00    0.0275830
      9569.00    0.0275676
      9570.00    0.0275522
      9571.00    0.0275369
      9572.00    0.0275215
      9573.00    0.0275062
      9574.00    0.0274909
      9575.00    0.0274756
      9576.00    0.0274603
      9577.00    0.0274451
      9578.00    0.0274298
      9579.00    0.0274146
      9580.00    0.0273994
      9581.00    0.0273842
      9582.00    0.0273690
      9583.00    0.0273539
      9584.00    0.0273387
      9585.00    0.0273236
      9586.00    0.0273085
      9587.00    0.0272934
      9588.00    0.0272784
      9589.00    0.0272633
      9590.00    0.0272483
      9591.00    0.0272333
      9592.00    0.0272183
      9593.00    0.0272033
      9594.00    0.0271884
      9595.00    0.0271734
      9596.00    0.0271585
      9597.00    0.0271436
      9598.00    0.0271287
      9599.00    0.0271139
      9600.00    0.0270990
      9601.00    0.0270842
      9602.00    0.0270694
      9603.00    0.0270546
      9604.00    0.0270398
      9605.00    0.0270250
      9606.00    0.0270103
      9607.00    0.0269956
      9608.00    0.0269809
      9609.00    0.0269662
      9610.00    0.0269515
      9611.00    0.0269369
      9612.00    0.0269223
      9613.00    0.0269077
      9614.00    0.0268931
      9615.00    0.0268785
      9616.00    0.0268640
      9617.00    0.0268494
      9618.00    0.0268349
      9619.00    0.0268204
      9620.00    0.0268059
      9621.00    0.0267915
      9622.00    0.0267771
      9623.00    0.0267626
      9624.00    0.0267482
      9625.00    0.0267339
      9626.00    0.0267195
      9627.00    0.0267052
      9628.00    0.0266908
      9629.00    0.0266765
      9630.00    0.0266622
      9631.00    0.0266480
      9632.00    0.0266337
      9633.00    0.0266195
      9634.00    0.0266053
      9635.00    0.0265911
      9636.00    0.0265770
      9637.00    0.0265628
      9638.00    0.0265487
      9639.00    0.0265346
      9640.00    0.0265205
      9641.00    0.0265064
      9642.00    0.0264924
      9643.00    0.0264783
      9644.00    0.0264643
      9645.00    0.0264504
      9646.00    0.0264364
      9647.00    0.0264224
      9648.00    0.0264085
      9649.00    0.0263946
      9650.00    0.0263807
      9651.00    0.0263668
      9652.00    0.0263530
      9653.00    0.0263392
      9654.00    0.0263254
      9655.00    0.0263116
      9656.00    0.0262978
      9657.00    0.0262841
      9658.00    0.0262703
      9659.00    0.0262566
      9660.00    0.0262429
      9661.00    0.0262293
      9662.00    0.0262156
      9663.00    0.0262020
      9664.00    0.0261884
      9665.00    0.0261748
      9666.00    0.0261612
      9667.00    0.0261477
      9668.00    0.0261342
      9669.00    0.0261207
      9670.00    0.0261072
      9671.00    0.0260937
      9672.00    0.0260803
      9673.00    0.0260669
      9674.00    0.0260535
      9675.00    0.0260401
      9676.00    0.0260268
      9677.00    0.0260134
      9678.00    0.0260001
      9679.00    0.0259868
      9680.00    0.0259736
      9681.00    0.0259603
      9682.00    0.0259471
      9683.00    0.0259339
      9684.00    0.0259207
      9685.00    0.0259075
      9686.00    0.0258944
      9687.00    0.0258813
      9688.00    0.0258682
      9689.00    0.0258551
      9690.00    0.0258420
      9691.00    0.0258290
      9692.00    0.0258160
      9693.00    0.0258030
      9694.00    0.0257900
      9695.00    0.0257771
      9696.00    0.0257641
      9697.00    0.0257512
      9698.00    0.0257384
      9699.00    0.0257255
      9700.00    0.0257127
      9701.00    0.0256998
      9702.00    0.0256870
      9703.00    0.0256743
      9704.00    0.0256615
      9705.00    0.0256488
      9706.00    0.0256361
      9707.00    0.0256234
      9708.00    0.0256107
      9709.00    0.0255981
      9710.00    0.0255855
      9711.00    0.0255729
      9712.00    0.0255603
      9713.00    0.0255478
      9714.00    0.0255352
      9715.00    0.0255227
      9716.00    0.0255102
      9717.00    0.0254978
      9718.00    0.0254853
      9719.00    0.0254729
      9720.00    0.0254605
      9721.00    0.0254482
      9722.00    0.0254358
      9723.00    0.0254235
      9724.00    0.0254112
      9725.00    0.0253989
      9726.00    0.0253866
      9727.00    0.0253744
      9728.00    0.0253622
      9729.00    0.0253500
      9730.00    0.0253378
      9731.00    0.0253257
      9732.00    0.0253136
      9733.00    0.0253015
      9734.00    0.0252894
      9735.00    0.0252773
      9736.00    0.0252653
      9737.00    0.0252533
      9738.00    0.0252413
      9739.00    0.0252294
      9740.00    0.0252174
      9741.00    0.0252055
      9742.00    0.0251936
      9743.00    0.0251818
      9744.00    0.0251699
      9745.00    0.0251581
      9746.00    0.0251463
      9747.00    0.0251346
      9748.00    0.0251228
      9749.00    0.0251111
      9750.00    0.0250994
      9751.00    0.0250877
      9752.00    0.0250761
      9753.00    0.0250644
      9754.00    0.0250528
      9755.00    0.0250412
      9756.00    0.0250297
      9757.00    0.0250181
      9758.00    0.0250066
      9759.00    0.0249952
      9760.00    0.0249837
      9761.00    0.0249723
      9762.00    0.0249608
      9763.00    0.0249495
      9764.00    0.0249381
      9765.00    0.0249268
      9766.00    0.0249154
      9767.00    0.0249041
      9768.00    0.0248929
      9769.00    0.0248816
      9770.00    0.0248704
      9771.00    0.0248592
      9772.00    0.0248481
      9773.00    0.0248369
      9774.00    0.0248258
      9775.00    0.0248147
      9776.00    0.0248036
      9777.00    0.0247926
      9778.00    0.0247815
      9779.00    0.0247706
      9780.00    0.0247596
      9781.00    0.0247486
      9782.00    0.0247377
      9783.00    0.0247268
      9784.00    0.0247159
      9785.00    0.0247051
      9786.00    0.0246943
      9787.00    0.0246835
      9788.00    0.0246727
      9789.00    0.0246619
      9790.00    0.0246512
      9791.00    0.0246405
      9792.00    0.0246298
      9793.00    0.0246192
      9794.00    0.0246086
      9795.00    0.0245980
      9796.00    0.0245874
      9797.00    0.0245769
      9798.00    0.0245663
      9799.00    0.0245559
      9800.00    0.0245454
      9801.00    0.0245349
      9802.00    0.0245245
      9803.00    0.0245141
      9804.00    0.0245038
      9805.00    0.0244934
      9806.00    0.0244831
      9807.00    0.0244728
      9808.00    0.0244625
      9809.00    0.0244523
      9810.00    0.0244421
      9811.00    0.0244319
      9812.00    0.0244217
      9813.00    0.0244116
      9814.00    0.0244015
      9815.00    0.0243914
      9816.00    0.0243814
      9817.00    0.0243713
      9818.00    0.0243613
      9819.00    0.0243513
      9820.00    0.0243414
      9821.00    0.0243315
      9822.00    0.0243216
      9823.00    0.0243117
      9824.00    0.0243018
      9825.00    0.0242920
      9826.00    0.0242822
      9827.00    0.0242725
      9828.00    0.0242627
      9829.00    0.0242530
      9830.00    0.0242433
      9831.00    0.0242336
      9832.00    0.0242240
      9833.00    0.0242144
      9834.00    0.0242048
      9835.00    0.0241953
      9836.00    0.0241857
      9837.00    0.0241762
      9838.00    0.0241668
      9839.00    0.0241573
      9840.00    0.0241479
      9841.00    0.0241385
      9842.00    0.0241291
      9843.00    0.0241198
      9844.00    0.0241105
      9845.00    0.0241012
      9846.00    0.0240919
      9847.00    0.0240827
      9848.00    0.0240735
      9849.00    0.0240643
      9850.00    0.0240552
      9851.00    0.0240460
      9852.00    0.0240369
      9853.00    0.0240279
      9854.00    0.0240188
      9855.00    0.0240098
      9856.00    0.0240008
      9857.00    0.0239919
      9858.00    0.0239830
      9859.00    0.0239740
      9860.00    0.0239652
      9861.00    0.0239563
      9862.00    0.0239475
      9863.00    0.0239387
      9864.00    0.0239300
      9865.00    0.0239212
      9866.00    0.0239125
      9867.00    0.0239038
      9868.00    0.0238952
      9869.00    0.0238866
      9870.00    0.0238780
      9871.00    0.0238694
      9872.00    0.0238608
      9873.00    0.0238523
      9874.00    0.0238438
      9875.00    0.0238354
      9876.00    0.0238270
      9877.00    0.0238186
      9878.00    0.0238102
      9879.00    0.0238018
      9880.00    0.0237935
      9881.00    0.0237852
      9882.00    0.0237770
      9883.00    0.0237688
      9884.00    0.0237606
      9885.00    0.0237524
      9886.00    0.0237442
      9887.00    0.0237361
      9888.00    0.0237280
      9889.00    0.0237200
      9890.00    0.0237120
      9891.00    0.0237040
      9892.00    0.0236960
      9893.00    0.0236880
      9894.00    0.0236801
      9895.00    0.0236722
      9896.00    0.0236644
      9897.00    0.0236566
      9898.00    0.0236488
      9899.00    0.0236410
      9900.00    0.0236333
      9901.00    0.0236255
      9902.00    0.0236179
      9903.00    0.0236102
      9904.00    0.0236026
      9905.00    0.0235950
      9906.00    0.0235874
      9907.00    0.0235799
      9908.00    0.0235724
      9909.00    0.0235649
      9910.00    0.0235575
      9911.00    0.0235500
      9912.00    0.0235427
      9913.00    0.0235353
      9914.00    0.0235280
      9915.00    0.0235207
      9916.00    0.0235134
      9917.00    0.0235062
      9918.00    0.0234990
      9919.00    0.0234918
      9920.00    0.0234846
      9921.00    0.0234775
      9922.00    0.0234704
      9923.00    0.0234633
      9924.00    0.0234563
      9925.00    0.0234493
      9926.00    0.0234424
      9927.00    0.0234354
      9928.00    0.0234285
      9929.00    0.0234216
      9930.00    0.0234148
      9931.00    0.0234079
      9932.00    0.0234012
      9933.00    0.0233944
      9934.00    0.0233877
      9935.00    0.0233810
      9936.00    0.0233743
      9937.00    0.0233677
      9938.00    0.0233611
      9939.00    0.0233545
      9940.00    0.0233479
      9941.00    0.0233414
      9942.00    0.0233349
      9943.00    0.0233285
      9944.00    0.0233221
      9945.00    0.0233157
      9946.00    0.0233093
      9947.00    0.0233030
      9948.00    0.0232967
      9949.00    0.0232904
      9950.00    0.0232842
      9951.00    0.0232779
      9952.00    0.0232718
      9953.00    0.0232656
      9954.00    0.0232595
      9955.00    0.0232534
      9956.00    0.0232474
      9957.00    0.0232413
      9958.00    0.0232354
      9959.00    0.0232294
      9960.00    0.0232235
      9961.00    0.0232176
      9962.00    0.0232117
      9963.00    0.0232059
      9964.00    0.0232001
      9965.00    0.0231943
      9966.00    0.0231886
      9967.00    0.0231828
      9968.00    0.0231772
      9969.00    0.0231715
      9970.00    0.0231659
      9971.00    0.0231603
      9972.00    0.0231548
      9973.00    0.0231493
      9974.00    0.0231438
      9975.00    0.0231383
      9976.00    0.0231329
      9977.00    0.0231275
      9978.00    0.0231221
      9979.00    0.0231168
      9980.00    0.0231115
      9981.00    0.0231063
      9982.00    0.0231010
      9983.00    0.0230958
      9984.00    0.0230907
      9985.00    0.0230855
      9986.00    0.0230804
      9987.00    0.0230753
      9988.00    0.0230703
      9989.00    0.0230653
      9990.00    0.0230603
      9991.00    0.0230554
      9992.00    0.0230505
      9993.00    0.0230456
      9994.00    0.0230408
      9995.00    0.0230359
      9996.00    0.0230312
      9997.00    0.0230264
      9998.00    0.0230217
      9999.00    0.0230170
      10000.0    0.0230124
      10001.0    0.0230078
      10002.0    0.0230032
      10003.0    0.0229986
      10004.0    0.0229941
      10005.0    0.0229896
      10006.0    0.0229852
      10007.0    0.0229807
      10008.0    0.0229764
      10009.0    0.0229720
      10010.0    0.0229677
      10011.0    0.0229634
      10012.0    0.0229592
      10013.0    0.0229549
      10014.0    0.0229507
      10015.0    0.0229466
      10016.0    0.0229425
      10017.0    0.0229384
      10018.0    0.0229343
      10019.0    0.0229303
      10020.0    0.0229263
      10021.0    0.0229224
      10022.0    0.0229184
      10023.0    0.0229146
      10024.0    0.0229107
      10025.0    0.0229069
      10026.0    0.0229031
      10027.0    0.0228993
      10028.0    0.0228956
      10029.0    0.0228919
      10030.0    0.0228883
      10031.0    0.0228847
      10032.0    0.0228811
      10033.0    0.0228775
      10034.0    0.0228740
      10035.0    0.0228705
      10036.0    0.0228671
      10037.0    0.0228637
      10038.0    0.0228603
      10039.0    0.0228570
      10040.0    0.0228537
      10041.0    0.0228504
      10042.0    0.0228471
      10043.0    0.0228439
      10044.0    0.0228407
      10045.0    0.0228376
      10046.0    0.0228345
      10047.0    0.0228314
      10048.0    0.0228284
      10049.0    0.0228254
      10050.0    0.0228224
      10051.0    0.0228195
      10052.0    0.0228166
      10053.0    0.0228137
      10054.0    0.0228109
      10055.0    0.0228081
      10056.0    0.0228053
      10057.0    0.0228026
      10058.0    0.0227999
      10059.0    0.0227973
      10060.0    0.0227947
      10061.0    0.0227921
      10062.0    0.0227895
      10063.0    0.0227870
      10064.0    0.0227845
      10065.0    0.0227821
      10066.0    0.0227797
      10067.0    0.0227773
      10068.0    0.0227749
      10069.0    0.0227726
      10070.0    0.0227704
      10071.0    0.0227681
      10072.0    0.0227659
      10073.0    0.0227638
      10074.0    0.0227616
      10075.0    0.0227595
      10076.0    0.0227575
      10077.0    0.0227555
      10078.0    0.0227535
      10079.0    0.0227515
      10080.0    0.0227496
      10081.0    0.0227477
      10082.0    0.0227459
      10083.0    0.0227441
      10084.0    0.0227423
      10085.0    0.0227406
      10086.0    0.0227389
      10087.0    0.0227372
      10088.0    0.0227356
      10089.0    0.0227340
      10090.0    0.0227324
      10091.0    0.0227309
      10092.0    0.0227294
      10093.0    0.0227280
      10094.0    0.0227265
      10095.0    0.0227252
      10096.0    0.0227238
      10097.0    0.0227225
      10098.0    0.0227213
      10099.0    0.0227200
      10100.0    0.0227188
      10101.0    0.0227177
      10102.0    0.0227165
      10103.0    0.0227154
      10104.0    0.0227144
      10105.0    0.0227134
      10106.0    0.0227124
      10107.0    0.0227115
      10108.0    0.0227106
      10109.0    0.0227097
      10110.0    0.0227089
      10111.0    0.0227081
      10112.0    0.0227073
      10113.0    0.0227066
      10114.0    0.0227059
      10115.0    0.0227052
      10116.0    0.0227046
      10117.0    0.0227041
      10118.0    0.0227035
      10119.0    0.0227030
      10120.0    0.0227026
      10121.0    0.0227021
      10122.0    0.0227017
      10123.0    0.0227014
      10124.0    0.0227011
      10125.0    0.0227008
      10126.0    0.0227006
      10127.0    0.0227004
      10128.0    0.0227002
      10129.0    0.0227001
      10130.0    0.0227000
      10131.0    0.0226999
      10132.0    0.0226999
      10133.0    0.0226999
      10134.0    0.0227000
      10135.0    0.0227001
      10136.0    0.0227002
      10137.0    0.0227004
      10138.0    0.0227006
      10139.0    0.0227009
      10140.0    0.0227011
      10141.0    0.0227015
      10142.0    0.0227018
      10143.0    0.0227022
      10144.0    0.0227027
      10145.0    0.0227031
      10146.0    0.0227036
      10147.0    0.0227042
      10148.0    0.0227048
      10149.0    0.0227054
      10150.0    0.0227061
      10151.0    0.0227068
      10152.0    0.0227075
      10153.0    0.0227083
      10154.0    0.0227091
      10155.0    0.0227100
      10156.0    0.0227109
      10157.0    0.0227118
      10158.0    0.0227128
      10159.0    0.0227138
      10160.0    0.0227148
      10161.0    0.0227159
      10162.0    0.0227170
      10163.0    0.0227182
      10164.0    0.0227194
      10165.0    0.0227206
      10166.0    0.0227219
      10167.0    0.0227232
      10168.0    0.0227246
      10169.0    0.0227260
      10170.0    0.0227274
      10171.0    0.0227289
      10172.0    0.0227304
      10173.0    0.0227320
      10174.0    0.0227335
      10175.0    0.0227352
      10176.0    0.0227368
      10177.0    0.0227386
      10178.0    0.0227403
      10179.0    0.0227421
      10180.0    0.0227439
      10181.0    0.0227458
      10182.0    0.0227477
      10183.0    0.0227496
      10184.0    0.0227516
      10185.0    0.0227536
      10186.0    0.0227557
      10187.0    0.0227578
      10188.0    0.0227599
      10189.0    0.0227621
      10190.0    0.0227643
      10191.0    0.0227666
      10192.0    0.0227689
      10193.0    0.0227712
      10194.0    0.0227736
      10195.0    0.0227760
      10196.0    0.0227785
      10197.0    0.0227810
      10198.0    0.0227835
      10199.0    0.0227861
      10200.0    0.0227887
      10201.0    0.0227913
      10202.0    0.0227940
      10203.0    0.0227968
      10204.0    0.0227995
      10205.0    0.0228024
      10206.0    0.0228052
      10207.0    0.0228081
      10208.0    0.0228111
      10209.0    0.0228140
      10210.0    0.0228171
      10211.0    0.0228201
      10212.0    0.0228232
      10213.0    0.0228263
      10214.0    0.0228295
      10215.0    0.0228327
      10216.0    0.0228360
      10217.0    0.0228393
      10218.0    0.0228426
      10219.0    0.0228460
      10220.0    0.0228494
      10221.0    0.0228529
      10222.0    0.0228564
      10223.0    0.0228600
      10224.0    0.0228635
      10225.0    0.0228672
      10226.0    0.0228708
      10227.0    0.0228745
      10228.0    0.0228783
      10229.0    0.0228821
      10230.0    0.0228859
      10231.0    0.0228898
      10232.0    0.0228937
      10233.0    0.0228976
      10234.0    0.0229016
      10235.0    0.0229057
      10236.0    0.0229098
      10237.0    0.0229139
      10238.0    0.0229180
      10239.0    0.0229222
      10240.0    0.0229265
      10241.0    0.0229308
      10242.0    0.0229351
      10243.0    0.0229394
      10244.0    0.0229439
      10245.0    0.0229483
      10246.0    0.0229528
      10247.0    0.0229573
      10248.0    0.0229619
      10249.0    0.0229665
      10250.0    0.0229712
      10251.0    0.0229759
      10252.0    0.0229806
      10253.0    0.0229854
      10254.0    0.0229902
      10255.0    0.0229951
      10256.0    0.0230000
      10257.0    0.0230050
      10258.0    0.0230099
      10259.0    0.0230150
      10260.0    0.0230201
      10261.0    0.0230252
      10262.0    0.0230303
      10263.0    0.0230355
      10264.0    0.0230408
      10265.0    0.0230460
      10266.0    0.0230513
      10267.0    0.0230567
      10268.0    0.0230621
      10269.0    0.0230675
      10270.0    0.0230730
      10271.0    0.0230785
      10272.0    0.0230841
      10273.0    0.0230896
      10274.0    0.0230953
      10275.0    0.0231009
      10276.0    0.0231066
      10277.0    0.0231123
      10278.0    0.0231181
      10279.0    0.0231239
      10280.0    0.0231297
      10281.0    0.0231356
      10282.0    0.0231415
      10283.0    0.0231474
      10284.0    0.0231534
      10285.0    0.0231594
      10286.0    0.0231655
      10287.0    0.0231715
      10288.0    0.0231777
      10289.0    0.0231838
      10290.0    0.0231900
      10291.0    0.0231962
      10292.0    0.0232024
      10293.0    0.0232087
      10294.0    0.0232150
      10295.0    0.0232213
      10296.0    0.0232277
      10297.0    0.0232341
      10298.0    0.0232405
      10299.0    0.0232469
      10300.0    0.0232534
      10301.0    0.0232599
      10302.0    0.0232664
      10303.0    0.0232730
      10304.0    0.0232796
      10305.0    0.0232862
      10306.0    0.0232929
      10307.0    0.0232996
      10308.0    0.0233063
      10309.0    0.0233130
      10310.0    0.0233198
      10311.0    0.0233265
      10312.0    0.0233334
      10313.0    0.0233402
      10314.0    0.0233470
      10315.0    0.0233539
      10316.0    0.0233608
      10317.0    0.0233678
      10318.0    0.0233747
      10319.0    0.0233817
      10320.0    0.0233887
      10321.0    0.0233958
      10322.0    0.0234028
      10323.0    0.0234099
      10324.0    0.0234170
      10325.0    0.0234241
      10326.0    0.0234313
      10327.0    0.0234384
      10328.0    0.0234456
      10329.0    0.0234528
      10330.0    0.0234600
      10331.0    0.0234673
      10332.0    0.0234746
      10333.0    0.0234818
      10334.0    0.0234891
      10335.0    0.0234965
      10336.0    0.0235038
      10337.0    0.0235112
      10338.0    0.0235186
      10339.0    0.0235260
      10340.0    0.0235334
      10341.0    0.0235408
      10342.0    0.0235483
      10343.0    0.0235557
      10344.0    0.0235632
      10345.0    0.0235707
      10346.0    0.0235783
      10347.0    0.0235858
      10348.0    0.0235933
      10349.0    0.0236009
      10350.0    0.0236085
      10351.0    0.0236161
      10352.0    0.0236237
      10353.0    0.0236313
      10354.0    0.0236389
      10355.0    0.0236466
      10356.0    0.0236543
      10357.0    0.0236619
      10358.0    0.0236696
      10359.0    0.0236773
      10360.0    0.0236850
      10361.0    0.0236928
      10362.0    0.0237005
      10363.0    0.0237082
      10364.0    0.0237160
      10365.0    0.0237238
      10366.0    0.0237316
      10367.0    0.0237393
      10368.0    0.0237471
      10369.0    0.0237549
      10370.0    0.0237628
      10371.0    0.0237706
      10372.0    0.0237784
      10373.0    0.0237863
      10374.0    0.0237941
      10375.0    0.0238020
      10376.0    0.0238098
      10377.0    0.0238177
      10378.0    0.0238256
      10379.0    0.0238335
      10380.0    0.0238414
      10381.0    0.0238493
      10382.0    0.0238572
      10383.0    0.0238651
      10384.0    0.0238730
      10385.0    0.0238809
      10386.0    0.0238888
      10387.0    0.0238967
      10388.0    0.0239047
      10389.0    0.0239126
      10390.0    0.0239205
      10391.0    0.0239285
      10392.0    0.0239364
      10393.0    0.0239444
      10394.0    0.0239523
      10395.0    0.0239602
      10396.0    0.0239682
      10397.0    0.0239761
      10398.0    0.0239841
      10399.0    0.0239920
      10400.0    0.0240000
      10401.0    0.0240080
      10402.0    0.0240159
      10403.0    0.0240239
      10404.0    0.0240318
      10405.0    0.0240398
      10406.0    0.0240477
      10407.0    0.0240556
      10408.0    0.0240636
      10409.0    0.0240715
      10410.0    0.0240795
      10411.0    0.0240874
      10412.0    0.0240953
      10413.0    0.0241033
      10414.0    0.0241112
      10415.0    0.0241191
      10416.0    0.0241270
      10417.0    0.0241349
      10418.0    0.0241428
      10419.0    0.0241507
      10420.0    0.0241586
      10421.0    0.0241665
      10422.0    0.0241744
      10423.0    0.0241823
      10424.0    0.0241902
      10425.0    0.0241980
      10426.0    0.0242059
      10427.0    0.0242137
      10428.0    0.0242216
      10429.0    0.0242294
      10430.0    0.0242372
      10431.0    0.0242451
      10432.0    0.0242529
      10433.0    0.0242607
      10434.0    0.0242685
      10435.0    0.0242762
      10436.0    0.0242840
      10437.0    0.0242918
      10438.0    0.0242995
      10439.0    0.0243072
      10440.0    0.0243150
      10441.0    0.0243227
      10442.0    0.0243304
      10443.0    0.0243381
      10444.0    0.0243457
      10445.0    0.0243534
      10446.0    0.0243611
      10447.0    0.0243687
      10448.0    0.0243763
      10449.0    0.0243839
      10450.0    0.0243915
      10451.0    0.0243991
      10452.0    0.0244067
      10453.0    0.0244142
      10454.0    0.0244217
      10455.0    0.0244293
      10456.0    0.0244368
      10457.0    0.0244443
      10458.0    0.0244517
      10459.0    0.0244592
      10460.0    0.0244666
      10461.0    0.0244740
      10462.0    0.0244814
      10463.0    0.0244888
      10464.0    0.0244962
      10465.0    0.0245035
      10466.0    0.0245109
      10467.0    0.0245182
      10468.0    0.0245254
      10469.0    0.0245327
      10470.0    0.0245400
      10471.0    0.0245472
      10472.0    0.0245544
      10473.0    0.0245616
      10474.0    0.0245687
      10475.0    0.0245759
      10476.0    0.0245830
      10477.0    0.0245901
      10478.0    0.0245972
      10479.0    0.0246042
      10480.0    0.0246113
      10481.0    0.0246183
      10482.0    0.0246253
      10483.0    0.0246322
      10484.0    0.0246392
      10485.0    0.0246461
      10486.0    0.0246530
      10487.0    0.0246598
      10488.0    0.0246667
      10489.0    0.0246735
      10490.0    0.0246802
      10491.0    0.0246870
      10492.0    0.0246937
      10493.0    0.0247004
      10494.0    0.0247071
      10495.0    0.0247138
      10496.0    0.0247204
      10497.0    0.0247270
      10498.0    0.0247336
      10499.0    0.0247401
      10500.0    0.0247466
      10501.0    0.0247531
      10502.0    0.0247595
      10503.0    0.0247659
      10504.0    0.0247723
      10505.0    0.0247787
      10506.0    0.0247850
      10507.0    0.0247913
      10508.0    0.0247976
      10509.0    0.0248038
      10510.0    0.0248100
      10511.0    0.0248162
      10512.0    0.0248223
      10513.0    0.0248285
      10514.0    0.0248345
      10515.0    0.0248406
      10516.0    0.0248466
      10517.0    0.0248526
      10518.0    0.0248585
      10519.0    0.0248644
      10520.0    0.0248703
      10521.0    0.0248761
      10522.0    0.0248819
      10523.0    0.0248877
      10524.0    0.0248934
      10525.0    0.0248991
      10526.0    0.0249047
      10527.0    0.0249104
      10528.0    0.0249159
      10529.0    0.0249215
      10530.0    0.0249270
      10531.0    0.0249325
      10532.0    0.0249379
      10533.0    0.0249433
      10534.0    0.0249487
      10535.0    0.0249540
      10536.0    0.0249592
      10537.0    0.0249645
      10538.0    0.0249697
      10539.0    0.0249748
      10540.0    0.0249799
      10541.0    0.0249850
      10542.0    0.0249901
      10543.0    0.0249950
      10544.0    0.0250000
      10545.0    0.0250049
      10546.0    0.0250098
      10547.0    0.0250146
      10548.0    0.0250194
      10549.0    0.0250241
      10550.0    0.0250288
      10551.0    0.0250335
      10552.0    0.0250381
      10553.0    0.0250426
      10554.0    0.0250471
      10555.0    0.0250516
      10556.0    0.0250560
      10557.0    0.0250604
      10558.0    0.0250648
      10559.0    0.0250691
      10560.0    0.0250733
      10561.0    0.0250775
      10562.0    0.0250817
      10563.0    0.0250858
      10564.0    0.0250898
      10565.0    0.0250938
      10566.0    0.0250978
      10567.0    0.0251017
      10568.0    0.0251056
      10569.0    0.0251094
      10570.0    0.0251131
      10571.0    0.0251169
      10572.0    0.0251205
      10573.0    0.0251241
      10574.0    0.0251277
      10575.0    0.0251312
      10576.0    0.0251347
      10577.0    0.0251381
      10578.0    0.0251414
      10579.0    0.0251448
      10580.0    0.0251480
      10581.0    0.0251512
      10582.0    0.0251544
      10583.0    0.0251575
      10584.0    0.0251605
      10585.0    0.0251635
      10586.0    0.0251664
      10587.0    0.0251693
      10588.0    0.0251721
      10589.0    0.0251749
      10590.0    0.0251776
      10591.0    0.0251803
      10592.0    0.0251829
      10593.0    0.0251855
      10594.0    0.0251880
      10595.0    0.0251904
      10596.0    0.0251928
      10597.0    0.0251951
      10598.0    0.0251974
      10599.0    0.0251996
      10600.0    0.0252017
