#- THIS FILE IS PROVIDED FOR BACKWARDS COMPATIBILITY
#- Please use fiberpos-all.[ecsv,fits] for additional columns
#- and non-spectrofiber device hole locations.
#-#- Fiber to focal plane device hole mapping; x,y,z in mm on focal plane
#- See doc/fiberpos.rst and DESI-0530 for more details.
#- Coordinates at zenith: +x = East = +RA; +y = South = -dec

#- fiber=at spectrograph; fpdevice=numbering on focal plane

#- fiber location spectro  x  y  z
 400     0   0     -3.747139    -28.364713     -0.082419
 449     1   0     -6.966135    -38.271797     -0.156482
 420     2   0      3.252039    -36.116075     -0.132583
 401     3   0    -10.185094    -48.178776     -0.250794
 403     4   0      0.035233    -46.023825     -0.214058
 427     5   0    -13.404014    -58.085656     -0.370357
 412     6   0     -3.183120    -55.930962     -0.321973
 447     7   0      7.071069    -53.784630     -0.298069
 437     8   0    -16.622549    -67.991373     -0.512207
 431     9   0     -6.408217    -65.834694     -0.452002
 417    10   0      3.844867    -63.689157     -0.415379
 429    12   0    -19.841053    -77.897018     -0.677508
 432    13   0     -9.634424    -75.737966     -0.605282
 424    14   0      0.589396    -73.583995     -0.555854
 448    15   0     10.813390    -71.437363     -0.531959
 446    16   0    -23.059512    -87.802558     -0.867238
 416    17   0    -12.857268    -85.642217     -0.783149
 418    18   0     -2.632252    -83.488402     -0.721322
 415    19   0      7.560440    -81.333062     -0.684166
 414    20   0     17.804625    -79.162632     -0.673227
 111    21   0    -26.277918    -97.707949     -1.081164
 138    22   0    -16.075661    -95.547768     -0.984994
 419    23   0     -5.847068    -93.394864     -0.910713
 442    24   0      4.347186    -91.241593     -0.860655
 402    25   0     14.551742    -89.056108     -0.835814
 125    26   0    -29.496251   -107.613142     -1.320156
 129    27   0    -19.295105   -105.452791     -1.211997
 127    28   0     -9.068703   -103.299037     -1.125368
 105    29   0      1.125964   -101.146540     -1.062541
 404    30   0     11.342237    -98.963544     -1.024468
 409    31   0     21.584955    -96.767566     -1.012965
 132    32   0    -32.714496   -117.518086     -1.583982
 131    33   0    -22.510609   -115.358858     -1.463453
 114    34   0    -12.286381   -113.204368     -1.364217
 149    35   0     -2.092375   -111.051996     -1.288481
 438    36   0      8.122247   -108.867424     -1.236996
 426    37   0     18.376264   -106.676554     -1.212562
 124    39   0    -35.932640   -127.422736     -1.873627
 107    40   0    -25.725619   -125.264805     -1.741059
 104    41   0    -15.489742   -123.114151     -1.629601
 119    42   0     -5.292677   -120.962426     -1.541285
 137    43   0      4.905485   -118.772237     -1.476525
 440    44   0     15.158797   -116.582428     -1.438054
 423    45   0     25.460899   -114.423973     -1.428027
 122    46   0    -39.150672   -137.327064     -2.184513
 141    47   0    -28.944478   -135.169193     -2.040655
 121    48   0    -18.693368   -133.023617     -1.917673
 135    49   0     -8.486819   -130.876180     -1.817481
 126    50   0      1.719299   -128.686849     -1.740193
 434    51   0     11.942100   -126.488279     -1.688277
 445    52   0     22.243312   -124.330427     -1.665163
 430    53   0     32.462174   -122.157906     -1.667694
 257    54   0    -42.368586   -147.231053     -2.514409
 297    55   0    -32.168084   -145.071709     -2.347411
 147    56   0    -21.909507   -142.928764     -2.202635
 108    57   0    -11.699894   -140.781122     -2.120728
 109    58   0     -1.487311   -138.594829     -2.030820
 439    59   0      8.733177   -136.396396     -1.965773
 407    60   0     19.014184   -134.232942     -1.928552
 425    61   0     29.245203   -132.064367     -1.918115
 291    62   0    -45.586379   -157.134698     -2.876179
 263    63   0    -35.381136   -154.977325     -2.699909
 259    64   0    -25.136202   -152.830188     -2.545162
 142    65   0    -14.939994   -150.676592     -2.449555
 143    66   0     -4.703240   -148.499751     -2.346645
 441    67   0      5.545555   -146.311163     -2.268482
 443    68   0     15.819544   -144.146422     -2.217617
 411    69   0     26.015397   -141.966443     -2.193495
 422    70   0     36.253819   -139.824928     -2.197208
 268    71   0    -48.804055   -167.038010     -3.269993
 282    72   0    -38.599731   -164.880825     -3.080838
 290    73   0    -28.372075   -162.728318     -2.912979
 267    74   0    -18.162363   -160.577546     -2.799882
 421    76   0      2.328085   -156.216110     -2.596348
 436    77   0     12.608636   -154.054423     -2.533258
 410    78   0     22.820677   -151.879663     -2.495911
 413    79   0     33.028417   -149.728666     -2.486192
 254    80   0    -52.021620   -176.941008     -3.668074
 265    81   0    -41.820005   -174.783491     -3.492957
 273    82   0    -31.579592   -172.635370     -3.309242
 269    83   0    -21.369171   -170.483464     -3.148813
 262    84   0    -11.164240   -168.299948     -3.053816
 277    85   0     -0.922272   -166.110142     -2.950526
 284    86   0      9.382284   -163.957171     -2.874291
 428    87   0     19.605262   -161.785970     -2.823563
 433    88   0     29.814438   -159.635875     -2.800809
 444    89   0     40.010304   -157.481344     -2.803969
 270    90   0    -55.239084   -186.843730     -4.111473
 271    91   0    -45.043986   -184.684704     -3.885771
 279    92   0    -34.828662   -182.528588     -3.731882
 253    93   0    -24.602606   -180.380447     -3.559001
 289    94   0    -14.363535   -178.210078     -3.452486
 293    95   0     -4.134643   -176.016389     -3.333855
 278    96   0      6.133235   -173.852257     -3.242170
 251    97   0     16.381172   -171.689237     -3.177193
 408    98   0     26.575893   -169.534844     -3.140530
 405    99   0     36.781990   -167.383826     -3.131882
 435   100   0     46.993856   -165.225325     -3.147111
 212   101   0    -58.456466   -196.746234     -4.607107
 258   102   0    -48.264720   -194.586791     -4.380274
 261   103   0    -38.068697   -192.424508     -4.174130
 276   104   0    -27.852528   -190.271666     -3.990580
 252   105   0    -17.602511   -188.107243     -3.874327
 298   106   0     -7.350211   -185.921435     -3.743110
 255   107   0      2.910351   -183.755639     -3.638223
 250   108   0     13.135286   -181.585171     -3.559418
 280   109   0     23.348250   -179.437124     -3.508540
 118   110   0     33.543871   -177.282640     -3.485072
 406   111   0     43.752045   -175.122833     -3.488175
 210   112   0    -61.673791   -206.648597     -5.102750
 240   113   0    -51.477033   -204.491501     -4.874930
 285   114   0    -41.286154   -202.327587     -4.666639
 266   115   0    -31.091431   -200.166300     -4.479482
 299   116   0    -20.857860   -197.998957     -4.314150
 256   117   0    -10.568060   -195.825588     -4.172058
 264   118   0     -0.312482   -193.658793     -4.055322
 288   119   0      9.919146   -191.490599     -3.964290
 296   120   0     20.114447   -189.336941     -3.900247
 100   121   0     30.310899   -187.183069     -3.863857
 145   122   0     40.514097   -185.021418     -3.854716
 110   123   0     50.713387   -182.870239     -3.870224
 226   124   0    -64.891091   -216.550923     -5.631160
 218   125   0    -54.699051   -214.392978     -5.390210
 234   126   0    -44.499478   -212.231895     -5.168814
 236   127   0    -34.277667   -210.077872     -4.968633
 274   128   0    -24.081766   -207.900873     -4.789814
 294   129   0    -13.820359   -205.718364     -4.633875
 295   130   0     -3.554321   -203.556016     -4.503711
 281   131   0      6.672006   -201.385810     -4.398841
 272   132   0     16.881547   -199.236960     -4.321324
 123   133   0     27.078468   -197.083147     -4.270353
 148   134   0     37.281502   -194.921590     -4.246718
 130   135   0     47.476247   -192.769434     -4.250040
 221   136   0    -68.108359   -226.453185     -6.175114
 208   137   0    -57.916932   -224.295637     -5.922058
 220   138   0    -47.725905   -222.131883     -5.675097
 233   139   0    -37.515103   -219.972787     -5.450284
 214   140   0    -27.275389   -217.812509     -5.248607
  21   141   0    -17.073904   -215.610627     -5.124218
 260   142   0     -6.801014   -213.450942     -4.978887
 283   143   0      3.430441   -211.283464     -4.859057
 292   144   0     13.634931   -209.132004     -4.766554
 275   145   0     23.844317   -206.982712     -4.701286
 101   146   0     34.048921   -204.821644     -4.663958
 136   147   0     44.244090   -202.670008     -4.655151
 120   148   0     54.439307   -200.522727     -4.670876
 245   149   0    -71.328678   -236.364886     -6.785760
 200   151   0    -50.942324   -232.034849     -6.238847
 247   152   0    -40.749075   -229.868869     -6.021931
 239   153   0    -30.524245   -227.707222     -5.816175
 242   154   0    -20.270047   -225.521498     -5.632352
  48   155   0    -10.053770   -223.343724     -5.473643
   3   156   0      0.184324   -221.178733     -5.340989
 287   157   0     10.395005   -219.029232     -5.235410
 286   158   0     20.598136   -216.877808     -5.156520
 117   159   0     30.814891   -214.721153     -5.106238
 115   160   0     41.011126   -212.570054     -5.085266
 116   161   0     51.206883   -210.423187     -5.088871
 128   162   0     61.401377   -208.274086     -5.116722
 350   163   0    -74.546735   -246.269669     -7.380383
 376   164   0    -64.356352   -244.104565     -7.091268
 207   165   0    -54.165577   -241.935210     -6.822292
 215   166   0    -43.965002   -239.770933     -6.575103
 230   167   0    -33.771335   -237.602819     -6.384656
 205   168   0    -23.518925   -235.416200     -6.195876
  31   169   0    -13.280630   -233.244782     -6.031352
  12   170   0     -3.065421   -231.072239     -5.890991
  25   171   0      7.149037   -228.924340     -5.776892
   7   172   0     17.358226   -226.775211     -5.688272
 106   173   0     27.568336   -224.617282     -5.625258
 139   174   0     37.774947   -222.468766     -5.589214
 102   175   0     47.971849   -220.322662     -5.579877
 146   176   0     58.166729   -218.173420     -5.597043
 375   177   0    -77.765006   -256.175166     -7.999898
 370   178   0    -67.576603   -254.006732     -7.709798
 354   179   0    -57.382786   -251.838842     -7.439187
 202   180   0    -47.190085   -249.672274     -7.189266
 243   181   0    -36.988947   -247.506116     -6.960929
 203   182   0    -26.765995   -245.311962     -6.753479
  42   183   0    -16.529769   -243.139289     -6.571180
  23   184   0     -6.299628   -240.975533     -6.443853
  43   185   0      3.899618   -238.818193     -6.321365
  13   186   0     14.112320   -236.670453     -6.223767
  29   187   0     24.328245   -234.514689     -6.150667
  30   188   0     34.529371   -232.364356     -6.103104
 134   189   0     44.734060   -230.221155     -6.081529
 133   190   0     54.929342   -228.072312     -6.085230
 144   191   0     65.125200   -225.926772     -6.114756
 352   192   0    -80.986973   -266.092090     -8.654410
 371   193   0    -70.798329   -263.920123     -8.343013
 360   194   0    -60.603024   -261.746211     -8.051450
 369   195   0    -50.408885   -259.577877     -7.781371
 355   196   0    -40.217527   -257.409102     -7.585102
 237   197   0    -29.986780   -255.218550     -7.376590
   4   198   0    -19.776658   -253.035354     -7.190973
  40   199   0     -9.548989   -250.869667     -7.029470
  45   200   0      0.667316   -248.718788     -6.892818
  34   201   0     10.862443   -246.564231     -6.780510
  17   202   0     21.079243   -244.406922     -6.693235
  15   203   0     31.286592   -242.260812     -6.632193
   5   204   0     41.488993   -240.117239     -6.597178
 112   205   0     51.693718   -237.971730     -6.588175
 140   206   0     61.890151   -235.826750     -6.605236
 383   207   0    -84.208408   -276.007433     -9.270176
 377   208   0    -74.011140   -273.831406     -8.934130
 382   209   0    -63.821182   -271.653625     -8.618842
 366   210   0    -53.624461   -269.479025     -8.325447
 378   211   0    -43.431308   -267.311932     -8.057812
  89   212   0    -33.221896   -265.121021     -7.968727
  87   213   0    -23.001265   -262.944434     -7.775619
  24   214   0    -12.796168   -260.765580     -7.604921
  28   215   0     -2.582304   -258.612664     -7.458936
  10   216   0      7.630807   -256.464995     -7.337149
  14   217   0     17.833005   -254.304081     -7.238990
  47   218   0     28.038696   -252.155620     -7.166476
  35   219   0     38.244993   -250.013706     -7.119610
  22   220   0     48.446865   -247.867495     -7.097938
 103   221   0     58.653227   -245.725700     -7.102169
 113   222   0     68.850220   -243.580129     -7.131614
 475   223   0    -87.432124   -285.929859     -9.945771
 392   224   0    -77.244632   -283.746184     -9.576919
 393   225   0    -67.033875   -281.572045     -9.230172
 388   226   0    -56.843217   -279.390289     -8.988372
 374   227   0    -46.647826   -277.220346     -8.700651
  77   228   0    -36.435145   -275.028939     -8.508113
  88   229   0    -26.242311   -272.845121     -8.280385
  83   230   0    -16.021530   -270.677918     -8.078327
  62   231   0     -5.828372   -268.509433     -8.050726
  41   232   0      4.382168   -266.358308     -7.921129
   6   233   0     14.601016   -264.205182     -7.814872
  32   234   0     24.796171   -262.051313     -7.732386
  36   235   0     34.994190   -259.908046     -7.674762
  44   236   0     45.202279   -257.764092     -7.641696
  11   237   0     55.405482   -255.621560     -7.633348
  37   238   0     65.609536   -253.479150     -7.649732
 460   240   0    -90.658431   -295.860327    -10.648641
 468   241   0    -80.471062   -293.671787    -10.275968
 361   242   0    -70.270028   -291.485363     -9.924388
 384   243   0    -60.065888   -289.309168     -9.682214
 395   244   0    -49.868648   -287.131622     -9.379064
 381   245   0    -39.672255   -284.949894     -9.174415
  91   246   0    -29.461877   -282.764899     -8.929441
  54   247   0    -19.271450   -280.578494     -8.709425
  97   248   0     -9.055862   -278.418298     -8.585696
  50   249   0      1.135524   -276.252477     -8.427561
  52   250   0     11.351396   -274.098324     -8.296061
  20   251   0     21.556696   -271.959989     -8.192020
   2   252   0     31.751867   -269.804358     -8.113546
  49   253   0     41.951634   -267.658876     -8.064458
  16   254   0     52.157037   -265.517330     -8.044111
  27   255   0     62.358439   -263.377220     -8.048185
  46   256   0     72.559436   -261.236575     -8.076585
 464   257   0    -93.888983   -305.803940    -11.465965
 457   258   0    -83.699314   -303.607186    -11.107393
 476   259   0    -73.502936   -301.417256    -10.751845
 493   260   0    -63.304623   -299.230894    -10.378272
 390   261   0    -53.099749   -297.053847    -10.069687
 399   262   0    -42.898267   -294.870432     -9.788515
  67   263   0    -32.702825   -292.694162     -9.610085
  76   264   0    -22.499766   -290.506097     -9.375028
  96   265   0    -12.309209   -288.319757     -9.238062
  69   266   0     -2.103149   -286.166049     -9.064657
  63   267   0      8.092818   -283.993873     -8.916018
  81   268   0     18.307008   -281.853417     -8.796378
  90   269   0     28.507999   -279.711206     -8.703714
  39   270   0     38.704113   -277.558938     -8.640122
  18   271   0     48.906213   -275.412544     -8.607271
   1   272   0     59.109576   -273.273946     -8.599280
  19   273   0     69.310528   -271.133273     -8.615484
  26   274   0     79.511513   -268.992724     -8.656044
 486   275   0    -97.123585   -315.760093    -12.287947
 453   276   0    -86.934222   -313.561643    -11.897665
 462   277   0    -76.734705   -311.355412    -11.527167
 477   278   0    -66.539481   -309.165781    -11.181189
 467   279   0    -56.338760   -306.980755    -10.892887
 482   280   0    -46.131299   -304.798264    -10.601487
  68   281   0    -35.932933   -302.619881    -10.294693
  85   282   0    -25.743238   -300.435875    -10.052668
  70   283   0    -15.549295   -298.251776     -9.835457
  74   284   0     -5.361210   -296.070557     -9.730157
  99   285   0      4.852069   -293.908490     -9.567638
  58   286   0     15.045786   -291.749750     -9.432034
  75   287   0     25.254530   -289.608995     -9.325006
  51   288   0     35.453234   -287.466716     -9.245389
  71   289   0     45.652371   -285.317044     -9.194992
   9   290   0     55.850530   -283.176141     -9.174607
  33   291   0     66.058766   -281.035601     -9.178725
  38   292   0     76.262845   -278.894104     -9.207083
 455   293   0   -100.361327   -325.725998    -13.110740
 450   294   0    -90.168922   -323.522811    -12.719374
 488   295   0    -79.979447   -321.309009    -12.347160
 481   296   0    -69.775963   -319.110668    -11.996645
 454   297   0    -59.577352   -316.920646    -11.668532
 494   298   0    -49.380105   -314.733959    -11.363222
 166   299   0    -39.183600   -312.560899    -11.113030
 175   300   0    -28.992126   -310.382228    -10.864462
  56   301   0    -18.797120   -308.201233    -10.639783
  93   302   0     -8.594900   -305.997320    -10.398192
  73   303   0      1.596331   -303.816867    -10.224952
  84   304   0     11.793709   -301.663529    -10.079608
  72   305   0     21.993292   -299.513027     -9.960853
  57   306   0     32.194449   -297.374051     -9.869764
  82   307   0     42.394348   -295.232496     -9.807638
  98   308   0     52.594241   -293.088157     -9.774844
 213   309   0     62.805666   -290.938899     -9.766236
   8   310   0     73.017603   -288.797716     -9.782557
   0   311   0     83.218976   -286.663723     -9.823532
 331   312   0   -103.600516   -335.696452    -13.823109
 309   313   0    -93.411764   -333.491128    -13.395467
 315   314   0    -83.211442   -331.279068    -12.988033
 456   315   0    -73.027354   -329.069398    -12.603042
 473   316   0    -62.821912   -326.870972    -12.480605
 472   317   0    -52.619062   -324.681756    -12.185957
 197   318   0    -42.432256   -322.500325    -11.913554
 193   319   0    -32.225469   -320.320413    -11.663287
 156   320   0    -22.035369   -318.134319    -11.435609
  79   322   0     -1.649362   -313.765705    -11.051765
  61   323   0      8.543260   -311.587340    -10.897104
  86   324   0     18.740219   -309.435309    -10.769654
  55   325   0     28.938550   -307.287022    -10.668153
  80   326   0     39.147250   -305.146483    -10.593330
  78   327   0     49.350948   -303.003703    -10.544588
 235   328   0     59.550310   -300.855117    -10.521806
 209   329   0     69.767538   -298.705451    -10.525763
 217   330   0     79.974413   -296.574078    -10.557429
 316   332   0   -106.845569   -345.685062    -14.680311
 330   333   0    -96.650050   -343.475300    -14.239906
 310   334   0    -86.453054   -341.258403    -13.819800
 341   335   0    -76.258800   -339.048246    -13.422127
 492   336   0    -66.074486   -336.836378    -13.132447
 452   337   0    -55.866574   -334.640206    -12.791167
 168   338   0    -45.667788   -332.453711    -12.474602
 172   339   0    -35.480011   -330.271703    -12.429603
 170   340   0    -25.288620   -328.094775    -12.197187
 182   341   0    -15.094824   -325.909912    -11.986892
 174   342   0     -4.901378   -323.723304    -11.799789
 155   343   0      5.297365   -321.541924    -11.636948
  60   344   0     15.490256   -319.366248    -11.498889
  92   345   0     25.688491   -317.214683    -11.387434
  64   346   0     35.890907   -315.064445    -11.301254
  59   347   0     46.098495   -312.923995    -11.241290
 241   348   0     56.309413   -310.780386    -11.206787
 248   349   0     66.510894   -308.628030    -11.197274
 232   350   0     76.718555   -306.492742    -11.214886
 219   351   0     86.926271   -304.364090    -11.258703
 325   352   0   -110.096439   -355.691692    -15.605813
 304   353   0    -99.897180   -353.477393    -15.164314
 326   354   0    -89.695359   -351.258924    -14.742731
 324   355   0    -79.497783   -349.036064    -14.342003
 337   356   0    -69.300465   -346.827248    -13.964434
 498   357   0    -59.116900   -344.612489    -13.609318
 185   358   0    -48.911705   -342.420107    -13.279370
 176   359   0    -38.717424   -340.243370    -13.062494
 190   360   0    -28.531708   -338.054799    -12.789900
 173   361   0    -18.333944   -335.873229    -12.542919
 157   362   0     -8.143971   -333.683249    -12.550198
 152   363   0      2.050542   -331.495443    -12.379422
 188   364   0     12.246239   -329.330019    -12.233854
 162   365   0     22.440066   -327.155116    -12.111522
  65   366   0     32.641616   -325.000753    -12.015085
  94   367   0     42.842822   -322.853131    -11.943770
  66   368   0     53.056188   -320.710010    -11.897771
 204   369   0     63.259420   -318.574923    -11.877247
 224   370   0     73.460394   -316.422439    -11.880458
 216   371   0     83.674937   -314.287318    -11.910223
 223   372   0     93.885116   -312.160288    -11.965463
 300   373   0   -113.355209   -365.722769    -16.533580
 305   374   0   -103.149589   -363.497114    -16.090380
 332   375   0    -92.942438   -361.271451    -15.666897
 313   376   0    -82.734005   -359.043093    -15.263689
 302   377   0    -72.541385   -356.821795    -14.882677
 318   378   0    -62.347023   -354.611124    -14.524573
 306   379   0    -52.161267   -352.400955    -14.189411
 159   380   0    -41.967782   -350.222467    -13.880420
 199   381   0    -31.775369   -348.041279    -13.595455
 163   382   0    -21.588738   -345.854191    -13.334931
 160   383   0    -11.396375   -343.666059    -13.101877
 167   384   0     -1.208617   -341.475154    -12.980105
 150   385   0      8.989155   -339.292563    -12.803170
 180   386   0     19.196218   -337.123165    -12.653928
 196   387   0     29.390925   -334.947497    -12.531037
  95   388   0     39.591503   -332.794057    -12.437357
  53   389   0     49.799799   -330.649584    -12.374466
 225   390   0     60.003920   -328.516882    -12.342239
 211   391   0     70.207624   -326.384471    -12.334575
 201   392   0     80.407005   -324.231228    -12.349843
 249   393   0     90.614688   -322.110316    -12.392174
 301   394   0   -116.622000   -375.778675    -17.496987
 348   395   0   -106.409242   -373.540907    -17.052049
 314   396   0    -96.202004   -371.308367    -16.626885
 307   397   0    -85.997366   -369.081269    -16.219415
 320   398   0    -75.796525   -366.855999    -15.824074
 342   399   0    -65.603104   -364.633542    -15.451113
 335   400   0    -55.412060   -362.420727    -15.101768
 329   401   0    -45.223102   -360.212964    -14.776341
 153   402   0    -35.026403   -358.032553    -14.426173
 164   403   0    -24.828039   -355.850772    -14.154888
 181   404   0    -14.635636   -353.660750    -13.908127
 178   405   0     -4.442452   -351.470382    -13.772251
 183   406   0      5.746668   -349.276827    -13.580968
 186   407   0     15.944978   -347.087663    -13.416427
 158   408   0     26.152922   -344.914293    -13.280128
 194   409   0     36.352284   -342.748868    -13.171647
 357   410   0     46.554442   -340.600880    -13.095076
 246   411   0     56.753829   -338.463071    -13.049912
 244   412   0     66.958923   -336.331674    -13.029974
 228   413   0     77.164011   -334.200459    -13.034708
 222   414   0     87.362437   -332.049790    -13.062499
 229   415   0     97.567355   -329.935611    -13.117824
 333   416   0   -119.914402   -385.913567    -18.465351
 343   417   0   -109.687965   -383.619169    -18.033354
 340   418   0    -99.470731   -381.376842    -17.593686
 303   419   0    -89.260829   -379.141182    -17.174308
 349   420   0    -79.056785   -376.908017    -16.775928
 312   421   0    -68.857545   -374.678042    -16.399269
 347   422   0    -58.661361   -372.450374    -16.044907
 322   423   0    -48.469636   -370.235608    -15.714485
 344   424   0    -38.278718   -368.034992    -15.408733
 480   425   0    -28.080358   -365.855201    -15.128849
 195   426   0    -17.879944   -363.671109    -14.873264
 151   427   0     -7.682659   -361.477585    -14.589111
 198   428   0      2.514923   -359.283673    -14.385890
 154   429   0     12.713901   -357.079176    -14.207747
 161   430   0     22.906928   -354.889776    -14.057384
 165   431   0     33.113195   -352.727729    -13.936381
 367   432   0     43.311446   -350.566095    -13.845719
 380   433   0     53.513083   -348.423479    -13.787508
 359   434   0     63.715119   -346.290413    -13.754884
 227   435   0     73.921479   -344.154443    -13.746898
 238   436   0     84.126466   -342.034550    -13.764947
 206   437   0     94.320684   -339.885817    -13.805322
 339   440   0   -102.798411   -391.518360    -18.558744
 311   441   0    -92.575695   -389.263612    -18.135586
 328   442   0    -82.362751   -387.025679    -17.734221
 338   443   0    -72.156726   -384.789640    -17.353915
 346   444   0    -61.957770   -382.552476    -16.995032
 334   445   0    -51.758757   -380.315463    -16.658214
 308   446   0    -41.559102   -378.094388    -16.345523
 487   447   0    -31.361379   -375.894572    -16.058100
 463   448   0    -21.162509   -373.711133    -15.796083
 451   449   0    -10.957844   -371.521821    -15.558018
 179   450   0     -0.764913   -369.333052    -15.341269
 171   451   0      9.430224   -367.139682    -15.158896
 177   452   0     19.625454   -364.951316    -15.002116
 187   453   0     29.816713   -362.753692    -14.870018
 351   454   0     40.022011   -360.602847    -14.767968
 396   455   0     50.221751   -358.442944    -14.691181
 394   456   0     60.424940   -356.301606    -14.642343
 389   457   0     70.629065   -354.165952    -14.620425
 386   458   0     80.834230   -352.034382    -14.625344
 231   459   0     91.040316   -349.915504    -14.657821
 321   462   0    -85.630512   -397.123181    -18.643714
 319   463   0    -75.416412   -394.880403    -18.290204
 317   464   0    -65.208527   -392.640501    -17.945513
 323   465   0    -55.006560   -390.399896    -17.604613
 327   466   0    -44.807278   -388.159672    -17.285798
 499   467   0    -34.610824   -385.935131    -16.991032
 458   468   0    -24.414504   -383.745563    -16.722610
 479   469   0    -14.218174   -381.564654    -16.478705
 483   470   0     -4.023602   -379.374684    -16.258222
 189   471   0      6.170595   -377.185759    -16.062534
 184   472   0     16.364391   -374.991085    -15.891449
 169   473   0     26.561291   -372.798944    -15.746117
 372   474   0     36.758053   -370.608969    -15.626828
 364   475   0     46.961250   -368.453152    -15.536806
 362   476   0     57.166990   -366.303255    -15.473697
 385   477   0     67.372218   -364.161808    -15.437837
 345   483   0    -58.283728   -400.528134    -18.555111
 336   484   0    -48.079325   -398.280167    -18.231208
 484   485   0    -37.880564   -396.036464    -17.929700
 490   486   0    -27.676123   -393.811531    -17.652346
 461   487   0    -17.475413   -391.619832    -17.401072
 466   488   0     -7.278311   -389.435855    -17.174044
 491   489   0      2.922514   -387.242127    -16.970118
 469   490   0     13.118277   -385.054350    -16.791136
 192   491   0     23.319462   -382.854083    -16.635827
 387   492   0     33.521473   -380.658437    -16.506076
 373   493   0     43.714848   -378.467828    -16.402110
 358   494   0     53.916803   -376.312176    -16.326995
 391   495   0     64.124660   -374.169415    -16.278919
 489   502   0    -30.942314   -403.929793    -18.548737
 497   503   0    -20.735893   -401.695754    -18.307991
 465   504   0    -10.528746   -399.504177    -18.091874
 496   505   0     -0.311200   -397.303874    -17.880776
 474   506   0      9.890604   -395.107263    -17.692956
 495   507   0     20.086875   -392.922329    -17.530265
 191   508   0     30.288263   -390.721610    -17.390585
 353   509   0     40.488035   -388.527981    -17.276249
 397   510   0     50.679468   -386.337663    -17.187061
 363   511   0     60.883070   -384.186400    -17.126637
 379   512   0     71.096299   -382.042909    -17.092325
 470   518   0     -3.648662   -407.467595    -18.803131
 485   519   0      6.583466   -405.255299    -18.606050
 471   520   0     16.787925   -403.050247    -18.433080
 459   521   0     26.989452   -400.868204    -18.285939
 478   522   0     37.193964   -398.660097    -18.160510
 368   523   0     47.391252   -396.468960    -18.060839
 356   524   0     57.591699   -394.284529    -17.986280
 398   525   0     67.799981   -392.134900    -17.939582
 365   526   0     78.013903   -389.993238    -17.918434
 711  1000   1     13.640861    -25.150048     -0.082419
 702  1001   1     16.859877    -35.057125     -0.156482
 742  1002   1     23.859451    -27.307018     -0.132583
 739  1003   1     20.078860    -44.964096     -0.250794
 708  1004   1     27.080630    -37.213347     -0.214058
 700  1005   1     23.297817    -54.870965     -0.369095
 730  1006   1     30.300197    -47.120090     -0.328127
 706  1007   1     37.334427    -39.356409     -0.307886
 718  1008   1     26.516402    -64.776666     -0.512207
 709  1009   1     33.512306    -57.028042     -0.452002
 724  1010   1     40.546110    -49.265654     -0.415379
 714  1012   1     29.734970    -74.682289     -0.677508
 733  1013   1     36.723247    -66.936274     -0.605282
 744  1014   1     43.728419    -59.184265     -0.555854
 749  1015   1     50.738044    -51.438089     -0.531959
 734  1016   1     32.953511    -84.587803     -0.867238
 715  1017   1     39.937484    -76.843322     -0.783149
 745  1018   1     46.943715    -69.090735     -0.721322
 703  1019   1     53.922899    -61.355914     -0.684166
 705  1020   1     60.934872    -53.578618     -0.673227
 923  1021   1     36.172010    -94.493164     -1.081164
 905  1022   1     43.156086    -86.748805     -0.984994
 735  1023   1     50.165746    -78.994852     -0.910713
 746  1024   1     57.147410    -71.260787     -0.860655
 743  1025   1     64.118474    -63.494605     -0.835814
 908  1026   1     39.390450   -104.398322     -1.320156
 915  1027   1     46.373527    -96.654478     -1.211997
 903  1028   1     53.380916    -88.901127     -1.125368
 937  1029   1     60.363368    -81.167445     -1.062541
 722  1030   1     67.345374    -73.396390     -1.024468
 713  1031   1     74.341143    -65.599287     -1.012965
 926  1032   1     42.608815   -114.303227     -1.583982
 944  1033   1     49.594770   -106.558680     -1.463453
 949  1034   1     56.599967    -98.806011     -1.364217
 941  1035   1     63.581958    -91.072819     -1.288481
 720  1036   1     70.561702    -83.301460     -1.236996
 721  1037   1     77.569615    -75.501848     -1.237790
 933  1039   1     45.827089   -124.207835     -1.865693
 910  1040   1     52.816342   -116.462496     -1.743510
 939  1041   1     59.833218   -108.706082     -1.640784
 922  1042   1     66.818064   -100.971616     -1.559386
 942  1043   1     73.781190    -93.205387     -1.499699
 732  1044   1     80.789156    -85.407048     -1.464243
 704  1045   1     87.855024    -77.605398     -1.455001
 925  1046   1     49.045264   -134.112116     -2.184513
 938  1047   1     56.033883   -126.367311     -2.040655
 927  1048   1     63.066068   -118.606053     -1.917673
 919  1049   1     70.061107   -110.869481     -1.817481
 917  1050   1     77.031174   -103.099269     -1.740193
 738  1051   1     84.009307    -95.311777     -1.688277
 748  1052   1     91.074809    -87.511137     -1.694804
 701  1053   1     98.065066    -79.747035     -1.697538
 605  1054   1     52.263336   -144.016053     -2.523729
 645  1055   1     59.246485   -136.273403     -2.368105
 913  1056   1     66.286256   -128.509884     -2.233188
 914  1057   1     73.283654   -120.771345     -2.120728
 948  1058   1     80.260737   -112.999792     -2.030820
 747  1059   1     87.237078   -105.213770     -1.965773
 741  1060   1     94.282942    -97.420474     -1.928552
 737  1061   1    101.285354    -89.652418     -1.947075
 633  1062   1     55.481302   -153.919642     -2.876179
 636  1063   1     62.469446   -146.175800     -2.699909
 614  1064   1     69.495716   -138.416908     -2.545162
 920  1065   1     76.478770   -130.681432     -2.449555
 945  1066   1     83.480963   -122.903317     -2.346645
 716  1067   1     90.485992   -115.108622     -2.268482
 710  1068   1     97.525421   -107.318411     -2.217617
 729  1069   1    104.492679    -99.561799     -2.193495
 717  1070   1    111.516987    -91.811283     -2.197208
 624  1071   1     58.699169   -163.822892     -3.269993
 631  1072   1     65.686679   -156.079742     -3.080838
 617  1073   1     72.695815   -148.326662     -2.912979
 630  1074   1     79.691453   -140.585532     -2.799882
 736  1076   1     93.704986   -125.013074     -2.596348
 725  1077   1    100.751518   -117.221476     -2.533258
 726  1078   1    107.734942   -109.459571     -2.495911
 740  1079   1    114.728852   -101.719419     -2.486192
 646  1080   1     61.916940   -173.725823     -3.665457
 629  1081   1     68.902064   -165.983996     -3.486760
 644  1082   1     75.924097   -158.226967     -3.326867
 621  1083   1     82.919643   -150.484503     -3.187240
 648  1084   1     89.892168   -142.719694     -3.067892
 620  1085   1     96.890958   -134.928026     -2.970934
 632  1086   1    103.962035   -127.129370     -2.899374
 728  1087   1    110.956397   -119.363916     -2.851756
 723  1088   1    117.952000   -111.623649     -2.830016
 727  1089   1    124.934227   -103.887616     -2.833364
 635  1090   1     65.134631   -183.628472     -4.145217
 649  1091   1     72.113595   -175.889254     -3.927933
 603  1092   1     79.110633   -168.140503     -3.731882
 602  1093   1     86.121040   -160.391896     -3.559001
 634  1094   1     93.128912   -152.617655     -3.452486
 608  1095   1    100.114841   -144.830533     -3.333855
 625  1096   1    107.149684   -137.044405     -3.242170
 642  1097   1    114.169048   -129.270899     -3.177193
 719  1098   1    121.150430   -121.535652     -3.140530
 712  1099   1    128.142999   -113.796448     -3.131882
 731  1100   1    135.135837   -106.047801     -3.147111
 984  1101   1     68.352260   -193.530895     -4.607107
 619  1102   1     75.328267   -185.793311     -4.380274
 623  1103   1     82.306065   -178.050915     -4.174130
 626  1104   1     89.305711   -170.304316     -3.990580
 618  1105   1     96.325933   -162.528452     -3.874327
 615  1106   1    103.335432   -154.733946     -3.743110
 641  1107   1    110.363378   -146.950773     -3.638223
 639  1108   1    117.359755   -139.184762     -3.559418
 612  1109   1    124.359626   -131.443926     -3.508540
 924  1110   1    131.341683   -123.708076     -3.485072
 707  1111   1    138.330767   -115.960541     -3.488175
 988  1112   1     71.569852   -203.433172     -5.102750
 982  1113   1     78.551294   -195.694541     -4.874930
 611  1114   1     85.523971   -187.953849     -4.666639
 616  1115   1     92.501303   -180.213024     -4.479482
 601  1116   1     99.506504   -172.444463     -4.314150
 613  1117   1    106.553652   -164.637979     -4.172058
 622  1118   1    113.576979   -156.856927     -4.055322
 638  1119   1    120.580108   -149.088821     -3.964290
 610  1120   1    127.562391   -141.353828     -3.900247
 918  1121   1    134.545480   -133.617985     -3.863857
 912  1122   1    141.529454   -125.871883     -3.854716
 916  1123   1    148.516422   -118.136550     -3.870224
 985  1124   1     74.787443   -213.335403     -5.598405
 977  1125   1     81.764569   -205.598858     -5.369662
 954  1126   1     88.745944   -197.855347     -5.159482
 993  1127   1     95.749460   -190.104476     -4.969443
 637  1128   1    102.718509   -182.350246     -4.799683
 600  1129   1    109.737315   -174.553055     -4.651644
 609  1130   1    116.771718   -166.769454     -4.528074
 640  1131   1    123.769376   -159.002836     -4.428517
 647  1132   1    130.766005   -151.263362     -4.354927
 934  1133   1    137.749508   -143.527291     -4.306538
 943  1134   1    144.733404   -135.781362     -4.283690
 931  1135   1    151.716121   -128.047910     -4.287254
 999  1136   1     78.005023   -223.237564     -6.200372
 959  1137   1     84.981885   -215.501700     -5.943376
 957  1138   1     91.954777   -207.761052     -5.706084
 997  1139   1     98.946404   -200.012547     -5.490074
 968  1140   1    105.960728   -192.246093     -5.296293
 799  1141   1    112.919668   -184.468450     -5.124218
 604  1142   1    119.961180   -176.682975     -4.978887
 643  1143   1    126.964589   -168.915551     -4.859057
 628  1144   1    133.955598   -161.176934     -4.766554
 627  1145   1    140.951844   -153.437194     -4.701286
 921  1146   1    147.937297   -145.690737     -4.663958
 909  1147   1    154.920663   -137.957457     -4.655151
 946  1148   1    161.906626   -130.227672     -4.670876
 955  1149   1     81.225682   -233.149155     -6.755788
 987  1151   1     95.173456   -217.663283     -6.258341
 990  1152   1    102.146837   -209.919526     -6.039337
 975  1153   1    109.148314   -202.160714     -5.841638
 973  1154   1    116.159398   -194.365159     -5.665013
 781  1155   1    123.144477   -186.598326     -5.512518
 766  1156   1    130.154719   -178.829011     -5.385058
 607  1157   1    137.151888   -171.088340     -5.283613
 606  1158   1    144.141819   -163.350551     -5.207812
 900  1159   1    151.139697   -155.600524     -5.158091
 928  1160   1    158.124241   -147.867051     -5.135117
 907  1161   1    165.110885   -140.137283     -5.139071
 930  1162   1    172.095194   -132.406451     -5.169572
 577  1163   1     84.444104   -243.053818     -7.380383
 582  1164   1     91.415681   -235.312456     -7.091268
 962  1165   1     98.385077   -227.567424     -6.822292
 963  1166   1    105.365384   -219.820739     -6.575103
 979  1167   1    112.337849   -212.075011     -6.384656
 994  1168   1    119.346961   -204.279783     -6.195876
 763  1169   1    126.353588   -196.505151     -6.031352
 787  1170   1    133.340877   -188.743178     -5.890991
 778  1171   1    140.342044   -181.001583     -5.776892
 771  1172   1    147.338224   -173.262090     -5.688272
 935  1173   1    154.329978   -165.514937     -5.625258
 901  1174   1    161.324434   -157.777456     -5.589214
 902  1175   1    168.312452   -150.047633     -5.579877
 906  1176   1    175.296991   -142.316459     -5.597043
 571  1177   1     87.662773   -252.959186     -7.999898
 574  1178   1     94.630790   -245.216293     -7.709798
 566  1179   1    101.603509   -237.470658     -7.439187
 958  1180   1    108.576100   -229.726748     -7.189266
 950  1181   1    115.555758   -221.978212     -6.960929
 981  1182   1    122.536608   -214.194203     -6.753479
 798  1183   1    129.540825   -206.419771     -6.571180
 783  1184   1    136.545359   -198.656130     -6.443853
 769  1185   1    143.528669   -190.915839     -6.321365
 760  1186   1    150.528509   -183.175405     -6.223767
 796  1187   1    157.526239   -175.426585     -6.150667
 786  1188   1    164.515190   -167.690858     -6.103104
 929  1189   1    171.511215   -159.958806     -6.081529
 911  1190   1    178.496313   -152.227719     -6.085230
 940  1191   1    185.483818   -144.498966     -6.114756
 581  1192   1     90.885168   -262.875971     -8.654410
 588  1193   1     97.851305   -255.130079     -8.343013
 550  1194   1    104.821687   -247.378697     -8.051450
 578  1195   1    111.794403   -239.632512     -7.781371
 559  1196   1    118.764611   -231.887607     -7.585102
 965  1197   1    125.753886   -224.101931     -7.376590
 795  1198   1    132.730797   -216.334330     -7.190973
 759  1199   1    139.732196   -208.570580     -7.029470
 792  1200   1    146.733106   -200.825488     -6.892818
 790  1201   1    153.714720   -193.089869     -6.780510
 773  1202   1    160.712250   -185.339285     -6.693235
 756  1203   1    167.708717   -177.603316     -6.632193
 764  1204   1    174.702673   -169.872309     -6.597178
 904  1205   1    181.697370   -162.138369     -6.588175
 936  1206   1    188.685670   -154.409731     -6.605236
 560  1207   1     94.107065   -272.791164     -9.270176
 561  1208   1    101.077792   -265.036918     -8.934130
 580  1209   1    108.041574   -257.285549     -8.618842
 590  1210   1    115.012696   -249.532779     -8.325447
 567  1211   1    121.985345   -241.788178     -8.057812
 823  1212   1    128.957147   -234.014752     -7.968727
 825  1213   1    135.946446   -226.246320     -7.775619
 774  1214   1    142.921845   -218.485184     -7.604921
 761  1215   1    149.919582   -210.739880     -7.458936
 754  1216   1    156.919795   -202.999264     -7.337149
 785  1217   1    163.903392   -195.254346     -7.238990
 758  1218   1    170.897136   -187.517450     -7.166476
 779  1219   1    177.895219   -179.785494     -7.119610
 765  1220   1    184.887195   -172.052663     -7.097938
 932  1221   1    191.885400   -164.320765     -7.102169
 947  1222   1    198.873806   -156.591320     -7.131614
 652  1223   1     97.331280   -282.713429     -9.945771
 563  1224   1    104.289602   -274.958740     -9.576919
 569  1225   1    111.272352   -267.198093     -9.230172
 598  1226   1    118.234363   -259.443097     -8.988372
 583  1227   1    125.207147   -251.694876     -8.700651
 805  1228   1    132.181303   -243.919127     -8.508113
 838  1229   1    139.143862   -236.161183     -8.280385
 828  1230   1    146.138798   -228.400255     -8.078327
 810  1231   1    153.110633   -220.654526     -8.050726
 755  1232   1    160.106733   -212.912624     -7.921129
 767  1233   1    167.108380   -205.164220     -7.814872
 775  1234   1    174.090421   -197.429142     -7.732386
 772  1235   1    181.081011   -189.700957     -7.674762
 784  1236   1    188.079344   -181.966298     -7.641696
 776  1237   1    195.074560   -174.235661     -7.633348
 750  1238   1    202.070536   -166.504623     -7.649732
 657  1240   1    100.558126   -292.643721    -10.648641
 650  1241   1    107.513489   -284.885170    -10.275968
 596  1242   1    114.481151   -277.120299     -9.924388
 593  1243   1    121.457338   -269.361877     -9.682214
 564  1244   1    128.427149   -261.606418     -9.379064
 587  1245   1    135.393817   -253.848074     -9.174415
 849  1246   1    142.369878   -246.078866     -8.929441
 829  1247   1    149.328971   -238.320244     -8.709425
 816  1248   1    156.323823   -230.568037     -8.585696
 841  1249   1    163.295790   -222.825504     -8.427561
 804  1250   1    170.294424   -215.078019     -8.296061
 768  1251   1    177.293804   -207.349544     -8.192020
 757  1252   1    184.274823   -199.613031     -8.113546
 752  1253   1    191.265524   -191.882027     -8.064458
 762  1254   1    198.263100   -184.150895     -8.044111
 797  1255   1    205.258283   -176.423276     -8.048185
 777  1256   1    212.252823   -168.695462     -8.076585
 696  1257   1    103.789263   -302.587144    -11.465965
 660  1258   1    110.741659   -294.820595    -11.107393
 656  1259   1    117.703493   -287.055625    -10.751845
 683  1260   1    124.668990   -279.292402    -10.378272
 592  1261   1    131.645271   -271.532860    -10.069687
 591  1262   1    138.615064   -263.770159     -9.788515
 837  1263   1    145.584171   -256.016790     -9.610085
 801  1264   1    152.552507   -248.249400     -9.375028
 807  1265   1    159.511742   -240.490755     -9.238062
 803  1266   1    166.502700   -232.749396     -9.064657
 842  1267   1    173.474637   -224.999030     -8.916018
 813  1268   1    180.479962   -217.263615     -8.796378
 820  1269   1    187.473577   -209.534538     -8.703714
 753  1270   1    194.457336   -201.800191     -8.640122
 751  1271   1    201.449389   -194.067078     -8.607271
 780  1272   1    208.447047   -186.339529     -8.599280
 770  1273   1    215.441534   -178.611720     -8.615484
 793  1274   1    222.436122   -170.883990     -8.656044
 678  1275   1    107.024495   -312.543092    -12.245737
 662  1276   1    113.975646   -304.775352    -11.887942
 663  1277   1    120.930439   -296.995347    -11.548285
 667  1278   1    127.891515   -289.231297    -11.229594
 664  1279   1    134.859747   -281.467740    -10.931729
 654  1280   1    141.834920   -273.702272    -10.655401
 821  1281   1    148.805150   -265.945475    -10.401715
 808  1282   1    155.765060   -258.189224    -10.170691
 824  1283   1    162.728351   -250.430401     -9.963354
 831  1284   1    169.688597   -242.677353     -9.780653
 800  1285   1    176.680482   -234.924989     -9.624388
 845  1286   1    183.658497   -227.186814     -9.494002
 826  1287   1    190.659241   -219.454358     -9.391093
 834  1288   1    197.650965   -211.726571     -9.314539
 846  1289   1    204.638695   -203.992548     -9.264259
 791  1290   1    211.630787   -196.266193     -9.241580
 794  1291   1    218.631246   -188.534208     -9.246164
 789  1292   1    225.627779   -180.803894     -9.277708
 659  1293   1    110.262919   -322.508775    -13.110740
 698  1294   1    117.213747   -314.735415    -12.719374
 690  1295   1    124.155965   -306.955188    -12.347160
 688  1296   1    131.118605   -299.179236    -11.996645
 673  1297   1    138.082192   -291.412877    -11.668532
 658  1298   1    145.046635   -283.650019    -11.363222
 891  1299   1    152.018488   -275.898621    -11.113030
 874  1300   1    158.982974   -268.145641    -10.864462
 847  1301   1    165.948950   -260.388706    -10.639783
 811  1302   1    172.907291   -252.608987    -10.398192
 822  1303   1    179.870533   -244.854709    -10.224952
 818  1304   1    186.854685   -237.118753    -10.079608
 844  1305   1    193.842287   -229.383796     -9.960853
 814  1306   1    200.837938   -221.657238     -9.869764
 833  1307   1    207.831055   -213.929334     -9.807638
 819  1308   1    214.822531   -206.199180     -9.774844
 998  1309   1    221.820445   -198.458270     -9.766236
 788  1310   1    228.823520   -190.723591     -9.782557
 782  1311   1    235.822274   -183.000937     -9.823532
 519  1312   1    113.502846   -332.478990    -13.823109
 537  1313   1    120.449462   -324.706047    -13.395467
 546  1314   1    127.401480   -316.920854    -12.988033
 675  1315   1    134.341769   -309.147137    -12.603042
 653  1316   1    141.305942   -301.369965    -12.480605
 686  1317   1    148.273432   -293.601767    -12.185957
 895  1318   1    155.232519   -285.849298    -11.913554
 886  1319   1    162.208663   -278.086314    -11.663287
 870  1320   1    169.167673   -270.328136    -11.435609
 802  1322   1    183.092492   -254.811258    -11.051765
 840  1323   1    190.058086   -247.057852    -10.897104
 832  1324   1    197.042667   -239.323199    -10.769654
 843  1325   1    204.030559   -231.590770    -10.668153
 848  1326   1    211.031393   -223.858515    -10.593330
 812  1327   1    218.026864   -216.127386    -10.544588
 952  1328   1    225.015413   -208.394109    -10.521806
 970  1329   1    232.017783   -200.649457    -10.525763
 980  1330   1    239.022529   -192.925689    -10.557429
 512  1332   1    116.748700   -342.467339    -14.680311
 514  1333   1    123.698183   -334.686829    -14.239906
 531  1334   1    130.644667   -326.899678    -13.819800
 544  1335   1    137.592893   -319.119591    -13.422127
 672  1336   1    144.532074   -311.343962    -13.132447
 685  1337   1    151.499570   -303.567162    -12.791167
 862  1338   1    158.465372   -295.803555    -12.474602
 854  1339   1    165.424904   -288.050048    -12.429603
 884  1340   1    172.390346   -280.298527    -12.197187
 887  1341   1    179.353071   -272.539173    -11.986892
 878  1342   1    186.314486   -264.778612    -11.799789
 875  1343   1    193.283259   -257.019168    -11.636948
 809  1344   1    200.250651   -249.267778    -11.498889
 815  1345   1    207.236539   -241.532753    -11.387434
 817  1346   1    214.226588   -233.796344    -11.301254
 806  1347   1    221.226575   -226.064814    -11.241290
 972  1348   1    228.227400   -218.328772    -11.206787
 960  1349   1    235.215448   -210.591199    -11.197274
 996  1350   1    242.218528   -202.863802    -11.214886
 989  1351   1    249.225554   -195.141741    -11.258703
 527  1352   1    120.000441   -352.473687    -15.605813
 501  1353   1    126.950282   -344.687307    -15.164314
 507  1354   1    133.899745   -336.896048    -14.742731
 526  1355   1    140.843194   -329.103732    -14.342003
 548  1356   1    147.794688   -321.322929    -13.964434
 691  1357   1    154.731562   -313.545402    -13.609318
 872  1358   1    161.699088   -305.773265    -13.279370
 867  1359   1    168.666981   -298.020199    -13.062494
 857  1360   1    175.620989   -290.262595    -12.789900
 881  1361   1    182.588858   -282.503572    -12.542919
 858  1362   1    189.545482   -274.742325    -12.550198
 865  1363   1    196.507056   -266.980169    -12.379422
 890  1364   1    203.482744   -259.235424    -12.233854
 856  1365   1    210.451347   -251.484109    -12.111522
 839  1366   1    217.438271   -243.744872    -12.015085
 827  1367   1    224.428880   -236.011291    -11.943770
 830  1368   1    231.431972   -228.274203    -11.897771
 969  1369   1    238.431588   -220.549573    -11.877247
 992  1370   1    245.419150   -212.812194    -11.880458
 966  1371   1    252.427896   -205.080887    -11.910223
 961  1372   1    259.437868   -197.358692    -11.965463
 542  1373   1    123.260160   -362.504455    -16.533580
 532  1374   1    130.208473   -354.705150    -16.090380
 530  1375   1    137.158019   -346.904937    -15.666897
 547  1376   1    144.107019   -339.101792    -15.263689
 502  1377   1    151.047376   -331.313652    -14.882677
 541  1378   1    157.995388   -323.533087    -14.524573
 511  1379   1    164.936733   -315.757985    -14.189411
 885  1380   1    171.902953   -308.003971    -13.880420
 892  1381   1    178.866717   -300.248402    -13.595455
 853  1382   1    185.822337   -292.491460    -13.334931
 859  1383   1    192.781980   -284.730303    -13.101877
 864  1384   1    199.736268   -276.969609    -12.980105
 855  1385   1    206.703543   -269.209757    -12.803170
 893  1386   1    213.686091   -261.455116    -12.653928
 896  1387   1    220.654956   -253.702665    -12.531037
 836  1388   1    227.641637   -245.964746    -12.437357
 835  1389   1    234.639833   -238.229545    -12.374466
 956  1390   1    241.641570   -230.506321    -12.342239
 991  1391   1    248.643140   -222.783578    -12.334575
 976  1392   1    255.628968   -215.046522    -12.349843
 983  1393   1    262.640516   -207.330743    -12.392174
 503  1394   1    126.527984   -372.560025    -17.496987
 528  1395   1    133.474951   -364.746725    -17.052049
 521  1396   1    140.420526   -356.940898    -16.626885
 518  1397   1    147.367196   -349.141003    -16.219415
 540  1398   1    154.311869   -341.344818    -15.824074
 505  1399   1    161.252193   -333.555269    -15.451113
 539  1400   1    168.196260   -325.774919    -15.101768
 504  1401   1    175.141610   -317.999882    -14.776341
 899  1402   1    182.109299   -310.242423    -14.627819
 882  1403   1    189.077530   -302.482877    -14.382445
 894  1404   1    196.036095   -294.720168    -14.159253
 851  1405   1    202.995088   -286.956720    -13.959365
 861  1406   1    209.948920   -279.193082    -13.783047
 868  1407   1    216.912768   -271.427594    -13.631377
 889  1408   1    223.893693   -263.669223    -13.505742
 863  1409   1    230.872346   -255.922323    -13.405747
 572  1410   1    237.863509   -248.187886    -13.332483
 964  1411   1    244.858414   -240.463312    -13.285498
 995  1412   1    251.861704   -232.740573    -13.264726
 986  1413   1    258.865097   -225.017983    -13.269661
 971  1414   1    265.851666   -217.283571    -13.298610
 974  1415   1    272.864935   -209.574864    -13.356134
 510  1416   1    129.821514   -382.694551    -18.434329
 500  1417   1    136.746263   -374.827395    -17.983739
 534  1418   1    143.694171   -367.007775    -17.556454
 529  1419   1    150.640067   -359.197859    -17.149278
 517  1420   1    157.582691   -351.393404    -16.762488
 549  1421   1    164.523304   -343.594353    -16.396788
 536  1422   1    171.462800   -335.798965    -16.030670
 533  1423   1    178.406271   -328.016636    -15.734947
 513  1424   1    185.357407   -320.246229    -15.461304
 695  1425   1    192.326805   -312.488296    -15.210812
 883  1426   1    199.295336   -304.725675    -14.982068
 852  1427   1    206.255792   -296.957263    -14.775194
 879  1428   1    213.216260   -289.188362    -14.591383
 866  1429   1    220.171636   -281.410079    -14.430255
 888  1430   1    227.131071   -273.647505    -14.294254
 880  1431   1    234.117294   -265.899279    -14.184809
 553  1432   1    241.097276   -258.156099    -14.099895
 551  1433   1    248.091176   -250.426315    -14.041308
 595  1434   1    255.091012   -242.704021    -14.008405
 951  1435   1    262.092639   -234.976838    -14.000343
 978  1436   1    269.102605   -227.263468    -14.018562
 953  1437   1    276.086907   -219.533095    -14.059267
 522  1440   1    146.963056   -377.168397    -18.521661
 508  1441   1    153.908100   -369.335506    -18.131763
 515  1442   1    160.855121   -361.521962    -17.734760
 516  1443   1    167.797657   -353.714017    -17.354605
 520  1444   1    174.733814   -345.909318    -16.995864
 543  1445   1    181.670106   -338.104707    -16.659178
 509  1446   1    188.616285   -330.312613    -16.346611
 668  1447   1    195.573397   -322.538853    -16.059302
 671  1448   1    202.541063   -314.777668    -15.797389
 694  1449   1    209.509966   -307.008326    -15.559417
 897  1450   1    216.469693   -299.246320    -15.346537
 869  1451   1    223.428502   -291.479296    -15.158706
 877  1452   1    230.390327   -283.716264    -14.997234
 860  1453   1    237.343498   -275.948077    -14.861182
 554  1454   1    244.335522   -268.209484    -14.756077
 585  1455   1    251.317727   -260.466828    -14.677868
 589  1456   1    258.313632   -252.737166    -14.629443
 579  1457   1    265.313637   -245.011551    -14.607710
 586  1458   1    272.316884   -237.288629    -14.612588
 967  1459   1    279.328335   -229.575434    -14.644789
 506  1462   1    164.146610   -371.611755    -18.643714
 523  1463   1    171.091718   -363.793611    -18.290204
 524  1464   1    178.033489   -355.981448    -17.945513
 538  1465   1    184.970059   -348.172195    -17.604613
 535  1466   1    191.904682   -340.364828    -17.285798
 665  1467   1    198.846233   -332.571812    -16.991032
 692  1468   1    205.808234   -324.807168    -16.722610
 677  1469   1    212.775333   -317.049522    -16.478705
 689  1470   1    219.735682   -309.285581    -16.258222
 871  1471   1    226.696343   -301.522704    -16.062534
 898  1472   1    233.653300   -293.755413    -15.891449
 873  1473   1    240.614257   -285.988346    -15.746117
 599  1474   1    247.576376   -278.223113    -15.626828
 570  1475   1    254.563778   -270.481732    -15.536806
 565  1476   1    261.556717   -262.743645    -15.473697
 555  1477   1    268.554209   -255.012695    -15.437837
 525  1483   1    188.272004   -358.292383    -18.555111
 545  1484   1    195.206218   -350.475742    -18.231208
 666  1485   1    202.138373   -342.665867    -17.929700
 674  1486   1    209.086157   -334.867838    -17.652346
 693  1487   1    216.050456   -327.098890    -17.401072
 697  1488   1    223.016375   -319.338309    -17.174044
 684  1489   1    229.979575   -311.567651    -16.970118
 669  1490   1    236.942177   -303.804783    -16.791136
 850  1491   1    243.901824   -296.028623    -16.635827
 573  1492   1    250.864856   -288.255717    -16.506076
 556  1493   1    257.823863   -280.491962    -16.402110
 558  1494   1    264.810358   -272.751444    -16.326995
 568  1495   1    271.809204   -265.017886    -16.278919
 670  1502   1    212.391117   -344.973503    -18.548737
 687  1503   1    219.335151   -337.166944    -18.307991
 676  1504   1    226.304728   -329.394310    -18.091874
 681  1505   1    233.277591   -321.608504    -17.880776
 699  1506   1    240.239889   -313.834939    -17.692956
 680  1507   1    247.204574   -306.074073    -17.530265
 876  1508   1    254.164119   -298.297428    -17.390585
 576  1509   1    261.126525   -290.527469    -17.276249
 584  1510   1    268.084132   -282.765091    -17.187061
 594  1511   1    275.074538   -275.027156    -17.126637
 562  1512   1    282.077302   -267.289849    -17.092325
 651  1518   1    236.551614   -331.792839    -18.803131
 682  1519   1    243.529224   -323.988760    -18.606050
 655  1520   1    250.488708   -316.206805    -18.433080
 679  1521   1    257.459344   -308.445187    -18.285939
 661  1522   1    264.417075   -300.660730    -18.160510
 557  1523   1    271.378936   -292.894248    -18.060839
 597  1524   1    278.347295   -285.131333    -17.986280
 552  1525   1    285.342448   -277.391970    -17.939582
 575  1526   1    292.346847   -269.655735    -17.918434
1199  2000   2     25.818515    -12.328920     -0.082419
1183  2001   2     34.245988    -18.451823     -0.156482
1177  2002   2     35.353364     -8.067608     -0.132583
1197  2003   2     42.673372    -24.574660     -0.250794
1154  2004   2     43.782146    -14.188635     -0.214058
1168  2005   2     51.100674    -30.697430     -0.370357
1195  2006   2     52.209868    -20.310945     -0.321973
1162  2007   2     53.337303     -9.895378     -0.298069
1157  2008   2     59.526989    -36.819474     -0.512207
1163  2009   2     60.632267    -26.438616     -0.452002
1161  2010   2     61.760117    -16.024345     -0.415379
1169  2012   2     67.953244    -42.941465     -0.677508
1188  2013   2     69.053886    -32.567200     -0.605282
1189  2014   2     70.164672    -22.178156     -0.555854
1182  2015   2     71.282490    -11.791214     -0.531959
1171  2016   2     76.379414    -49.063382     -0.867238
1164  2017   2     77.477474    -38.692889     -0.783149
1167  2018   2     78.588778    -28.302755     -0.721322
1196  2019   2     79.688643    -17.942893     -0.684166
1185  2020   2     80.790068     -7.529394     -0.673227
1445  2021   2     84.805459    -55.185202     -1.081164
1417  2022   2     85.903675    -44.814746     -0.984994
1152  2023   2     87.016950    -34.421492     -0.910713
1181  2024   2     88.119266    -24.060783     -0.860655
1170  2025   2     89.194127    -13.680322     -0.835814
1409  2026   2     93.231337    -61.306892     -1.320156
1406  2027   2     94.329048    -50.937440     -1.211997
1419  2028   2     95.440839    -40.546007     -1.125368
1400  2029   2     96.544018    -30.185145     -1.062541
1191  2030   2     97.624868    -19.794309     -1.024468
1186  2031   2     98.701542     -9.374311     -1.012965
1421  2032   2    101.657006    -67.428421     -1.583982
1418  2033   2    102.756632    -57.056709     -1.463453
1443  2034   2    103.867051    -46.667116     -1.364217
1411  2035   2    104.970145    -36.306921     -1.288481
1158  2036   2    106.048986    -25.917168     -1.236996
1173  2037   2    107.134010    -15.488002     -1.212562
1434  2039   2    110.082427    -73.549762     -1.873627
1431  2040   2    111.184256    -63.175471     -1.741059
1440  2041   2    112.301922    -52.775985     -1.629601
1423  2042   2    113.406576    -42.413081     -1.541285
1428  2043   2    114.474988    -32.037247     -1.476525
1193  2044   2    115.560804    -21.609079     -1.438054
1153  2045   2    116.691516    -11.144199     -1.428027
1433  2046   2    118.507576    -79.670898     -2.184513
1444  2047   2    119.609206    -69.297412     -2.040655
1410  2048   2    120.736409    -58.885008     -1.917673
1402  2049   2    121.848072    -48.514408     -1.817481
1430  2050   2    122.919759    -38.131273     -1.740193
1174  2051   2    123.987814    -27.729416     -1.688277
1155  2052   2    125.118824    -17.265568     -1.665163
1175  2053   2    126.210436     -6.875507     -1.667694
1253  2054   2    126.932439    -85.791817     -2.514409
1267  2055   2    128.030910    -75.423289     -2.347411
1427  2056   2    129.162922    -65.004596     -2.202635
1405  2057   2    130.275337    -54.631019     -2.120728
1403  2058   2    131.351911    -44.242674     -2.030820
1150  2059   2    132.419381    -33.843060     -1.965773
1190  2060   2    133.538820    -23.396696     -1.928552
1165  2061   2    134.637942    -12.996293     -1.918115
1251  2062   2    135.357012    -91.912515     -2.876179
1266  2063   2    136.458822    -81.540087     -2.699909
1298  2064   2    137.582633    -71.133074     -2.545162
1407  2065   2    138.685243    -60.770406     -2.449555
1424  2066   2    139.778275    -50.361994     -2.346645
1194  2067   2    140.863855    -39.938500     -2.268482
1180  2068   2    141.979902    -29.498414     -2.217617
1179  2069   2    143.057310    -19.127931     -2.193495
1187  2070   2    144.184455     -8.728848     -2.197208
1272  2071   2    143.781305    -98.032998     -3.269993
1258  2072   2    144.883010    -87.661503     -3.080838
1295  2073   2    145.996374    -77.269263     -2.912979
1276  2074   2    147.105842    -66.894624     -2.799882
1159  2076   2    149.289767    -46.059293     -2.596348
1184  2077   2    150.410745    -35.613909     -2.533258
1198  2078   2    151.498120    -25.229643     -2.495911
1160  2079   2    152.606765    -14.856811     -2.486192
1257  2080   2    152.205334   -104.153279     -3.665457
1274  2081   2    153.305886    -93.784257     -3.486760
1281  2082   2    154.427363    -83.381240     -3.326867
1254  2083   2    155.535972    -73.005577     -3.187240
1299  2084   2    156.612822    -62.625367     -3.067892
1290  2085   2    157.695135    -52.207990     -2.970934
1261  2086   2    158.831822    -41.742470     -2.899374
1172  2087   2    159.925960    -31.348902     -2.851756
1192  2088   2    161.035907    -20.974983     -2.830016
1176  2089   2    162.137522    -10.612351     -2.833364
1287  2090   2    160.629131   -110.273379     -4.145217
1265  2091   2    161.726234    -99.910088     -3.927933
1297  2092   2    162.832354    -89.528461     -3.731882
1293  2093   2    163.949376    -79.139092     -3.559001
1250  2094   2    165.049279    -68.730476     -3.452486
1291  2095   2    166.123859    -58.324335     -3.333855
1270  2096   2    167.238596    -47.890249     -3.242170
1288  2097   2    168.348228    -37.475472     -3.177193
1156  2098   2    169.449621    -27.113972     -3.140530
1151  2099   2    170.557738    -16.742695     -3.131882
1166  2100   2    171.660522     -6.363621     -3.147111
1019  2101   2    169.052746   -116.393333     -4.607107
1275  2102   2    170.148417   -106.033101     -4.380274
1255  2103   2    171.242708    -95.667925     -4.174130
1284  2104   2    172.352203    -85.286506     -3.990580
1286  2105   2    173.461144    -74.869318     -3.874327
1252  2106   2    174.550452    -64.443349     -3.743110
1289  2107   2    175.661346    -54.015707     -3.638223
1271  2108   2    176.756787    -43.620505     -3.559418
1278  2109   2    177.869852    -33.243615     -3.508540
1416  2110   2    178.971437    -22.881231     -3.485072
1178  2111   2    180.071837    -12.505264     -3.488175
1010  2112   2    177.476245   -122.513189     -5.102750
1021  2113   2    178.575697   -112.148917     -4.874930
1264  2114   2    179.666847   -101.788128     -4.666639
1263  2115   2    180.761684    -91.424497     -4.479482
1260  2116   2    181.862765    -81.022046     -4.314150
1285  2117   2    182.975491    -70.564257     -4.172058
1279  2118   2    184.083894    -60.141046     -4.055322
1296  2119   2    185.183567    -49.740181     -3.964290
1273  2120   2    186.285838    -39.378357     -3.900247
1413  2121   2    187.388261    -29.015372     -3.863857
1404  2122   2    188.485370    -18.643566     -3.854716
1425  2123   2    189.591231     -8.278714     -3.870224
1015  2124   2    185.899716   -128.633010     -5.631160
1023  2125   2    186.996902   -118.272962     -5.390210
1033  2126   2    188.093432   -107.904781     -5.168814
1002  2127   2    189.203548    -97.517631     -4.968633
1268  2128   2    190.283805    -87.148024     -4.789814
1292  2129   2    191.379064    -76.714413     -4.633875
1283  2130   2    192.494930    -66.282628     -4.503711
1282  2131   2    193.591051    -55.886183     -4.398841
1280  2132   2    194.702294    -45.512301     -4.321324
1447  2133   2    195.804918    -35.148888     -4.270353
1415  2134   2    196.902066    -24.777269     -4.246718
1437  2135   2    198.005593    -14.416437     -4.250040
1044  2136   2    194.323137   -134.752781     -6.175114
1027  2137   2    195.420511   -124.393439     -5.922058
1016  2138   2    196.511860   -114.032560     -5.675097
1007  2139   2    197.613748   -103.654313     -5.450284
1026  2140   2    198.723448    -93.248203     -5.248607
1100  2141   2    199.781765    -82.865596     -5.124218
1262  2142   2    200.902280    -72.428117     -4.978887
1256  2143   2    202.002580    -62.027638     -4.859057
1269  2144   2    203.109781    -51.657754     -4.766554
1277  2145   2    204.220557    -41.283882     -4.701286
1439  2146   2    205.318654    -30.910921     -4.663958
1446  2147   2    206.422808    -20.549846     -4.655151
1401  2148   2    207.531117    -10.190073     -4.670876
1042  2149   2    202.754592   -140.878371     -6.785760
1048  2151   2    204.936211   -120.151741     -6.238847
1018  2152   2    206.026129   -109.788060     -6.021931
1006  2153   2    207.129927    -99.395684     -5.816175
1049  2154   2    208.219901    -88.967936     -5.632352
1141  2155   2    209.305718    -78.578710     -5.473643
1144  2156   2    210.410435    -68.172685     -5.340989
1294  2157   2    211.521411    -57.797518     -5.235410
1259  2158   2    212.628226    -47.428937     -5.156520
1412  2159   2    213.734277    -37.045783     -5.106238
1448  2160   2    214.839270    -26.683860     -5.150914
1420  2161   2    215.948140    -16.323701     -5.154635
1435  2162   2    217.054496     -5.964052     -5.183336
1485  2163   2    211.180165   -146.999671     -7.380383
1487  2164   2    212.270031   -136.638987     -7.091268
1034  2165   2    213.355975   -126.276616     -6.822292
1030  2166   2    214.449775   -115.906495     -6.575103
1028  2167   2    215.537793   -105.541757     -6.384656
1043  2168   2    216.626363    -95.115433     -6.195876
1145  2169   2    217.725029    -84.707231     -6.031352
1142  2170   2    218.815492    -74.320638     -5.890991
1135  2171   2    219.929159    -63.942373     -5.776892
1143  2172   2    221.040029    -53.568740     -5.688272
1408  2173   2    222.142814    -43.191512     -5.625258
1429  2174   2    223.253470    -32.820520     -5.589214
1426  2175   2    224.363420    -22.459508     -5.579877
1432  2176   2    225.469760    -12.099448     -5.597043
1468  2177   2    219.606352   -153.121395     -7.999898
1490  2178   2    220.692438   -142.761565     -7.709798
1498  2179   2    221.780716   -132.396754     -7.439187
1035  2180   2    222.869905   -122.033413     -7.189266
1045  2181   2    223.962091   -111.662175     -6.960929
1000  2182   2    225.034392   -101.261539     -6.753479
1119  2183   2    226.131226    -90.854917     -6.571180
1106  2184   2    227.234659    -80.456837     -6.443853
1120  2185   2    228.334647    -70.090124     -6.321365
1134  2186   2    229.447923    -59.713578     -6.223767
1127  2187   2    230.554564    -49.331489     -6.150667
1104  2188   2    231.661798    -38.965152     -6.103104
1414  2189   2    232.776915    -28.597630     -6.081529
1436  2190   2    233.883758    -18.237312     -6.085230
1438  2191   2    234.993922     -7.877466     -6.114756
1494  2192   2    228.042265   -159.250167     -8.654410
1484  2193   2    229.125066   -148.889016     -8.343013
1493  2194   2    230.208076   -138.520928     -8.051450
1459  2195   2    231.296029   -128.155673     -7.781371
1473  2196   2    232.382704   -117.792928     -7.585102
1047  2197   2    233.460841   -107.385992     -7.376590
1111  2198   2    234.539599    -97.000944     -7.190973
1115  2199   2    235.640432    -86.604619     -7.029470
1121  2200   2    236.751836    -76.223677     -6.892818
1128  2201   2    237.853198    -65.861740     -6.780510
1113  2202   2    238.958640    -55.478341     -6.693235
1129  2203   2    240.071812    -45.107391     -6.632193
1112  2204   2    241.185869    -34.741930     -6.597178
1442  2205   2    242.298802    -24.373661     -6.588175
1441  2206   2    243.409676    -14.013442     -6.605236
1454  2207   2    236.476839   -165.377943     -9.270176
1456  2208   2    237.558443   -155.007335     -8.934130
1479  2209   2    238.636121   -144.643137     -8.618842
1475  2210   2    239.718913   -134.273492     -8.325447
1466  2211   2    240.807742   -123.909558     -8.057812
1328  2212   2    241.878944   -113.522802     -7.968727
1302  2213   2    242.967236   -103.129801     -7.775619
1109  2214   2    244.048570    -92.750874     -7.604921
1137  2215   2    245.157283    -82.371625     -7.458936
1108  2216   2    246.270754    -71.994713     -7.337149
1103  2217   2    247.368255    -61.624088     -7.238990
1146  2218   2    248.478679    -51.253988     -7.166476
1122  2219   2    249.595517    -40.885334     -7.119610
1110  2220   2    250.706901    -30.519562     -7.097938
1449  2221   2    251.823872    -20.150883     -7.102169
1422  2222   2    252.934357     -9.789949     -7.131614
1081  2223   2    244.917443   -171.510077     -9.945771
1465  2224   2    245.988753   -161.146404     -9.576919
1471  2225   2    247.076322   -150.763550     -9.230172
1460  2226   2    248.150435   -140.397460     -8.988372
1461  2227   2    249.237246   -130.030517     -8.700651
1345  2228   2    250.308986   -119.640498     -8.508113
1340  2229   2    251.381810   -109.271700     -8.280385
1344  2230   2    252.479073    -98.881457     -8.078327
1321  2231   2    253.566580    -88.517089     -8.050726
1125  2232   2    254.675969    -78.141554     -7.921129
1132  2233   2    255.786022    -67.757500     -7.814872
1148  2234   2    256.888047    -57.395749     -7.732386
1149  2235   2    258.001040    -47.034550     -7.674762
1123  2236   2    259.116492    -36.663563     -7.641696
1133  2237   2    260.231786    -26.297661     -7.633348
1130  2238   2    261.347459    -15.930988     -7.649732
1054  2240   2    253.364897   -177.647160    -10.648641
1088  2241   2    254.431541   -167.282101    -10.275968
1496  2242   2    255.504421   -156.904699     -9.924388
1495  2243   2    256.587989   -146.527504     -9.682214
1462  2244   2    257.668140   -136.156454     -9.379064
1463  2245   2    258.744053   -125.784917     -9.174415
1342  2246   2    259.821179   -115.399070     -8.929441
1343  2247   2    260.890800   -105.031761     -8.709425
1310  2248   2    261.993121    -94.648622     -8.585696
1337  2249   2    263.082615    -84.286762     -8.427561
1324  2250   2    264.190771    -73.905221     -8.296061
1138  2251   2    265.310705    -63.538622     -8.192020
1124  2252   2    266.411059    -53.176311     -8.113546
1102  2253   2    267.522486    -42.812767     -8.064458
1117  2254   2    268.639398    -32.445077     -8.044111
1136  2255   2    269.756439    -22.081637     -8.048185
1118  2256   2    270.872846    -11.718416     -8.076585
1071  2257   2    261.823538   -183.792344    -11.465965
1068  2258   2    262.883082   -173.422558    -11.107393
1052  2259   2    263.951189   -163.048501    -10.751845
1083  2260   2    265.023287   -152.673706    -10.378272
1497  2261   2    266.106272   -142.295549    -10.069687
1464  2262   2    267.182152   -131.918651     -9.788515
1349  2263   2    268.262962   -121.549705     -9.610085
1315  2264   2    269.334907   -111.169870     -9.375028
1338  2265   2    270.404629   -100.802459     -9.238062
1301  2266   2    271.510177    -90.430385     -9.064657
1323  2267   2    272.595041    -80.062206     -8.916018
1305  2268   2    273.715705    -69.686496     -8.796378
1309  2269   2    274.830621    -59.322798     -8.703714
1105  2270   2    275.934466    -48.960630     -8.640122
1139  2271   2    277.045746    -38.594584     -8.607271
1140  2272   2    278.164830    -28.229746     -8.599280
1114  2273   2    279.281197    -17.866560     -8.615484
1131  2274   2    280.397692     -7.503380     -8.656044
1075  2275   2    270.292855   -189.945253    -12.287947
1061  2276   2    271.350692   -179.575235    -11.897665
1069  2277   2    272.404265   -169.193155    -11.527167
1096  2278   2    273.472300   -158.820288    -11.181189
1095  2279   2    274.546414   -148.443615    -10.892887
1062  2280   2    275.625019   -138.061316    -10.601487
1317  2281   2    276.704723   -127.688936    -10.294693
1312  2282   2    277.776399   -117.323065    -10.052668
1306  2283   2    278.849298   -106.953125     -9.835457
1346  2284   2    279.923128    -96.589648     -9.730157
1347  2285   2    281.022957    -86.208126     -9.567638
1307  2286   2    282.119904    -75.846238     -9.432034
1339  2287   2    283.238601    -65.475616     -9.325006
1336  2288   2    284.352746    -55.114071     -9.245389
1320  2289   2    285.459993    -44.749831     -9.194992
1116  2290   2    286.575277    -34.389230     -9.174607
1126  2291   2    287.694021    -24.019156     -9.178725
1147  2292   2    288.810570    -13.652743     -9.207083
1065  2293   2    278.770477   -196.104162    -13.110740
1094  2294   2    279.824749   -185.729787    -12.719374
1060  2295   2    280.868018   -175.354918    -12.347160
1091  2296   2    281.930322   -164.971504    -11.996645
1059  2297   2    282.999032   -154.595294    -11.668532
1090  2298   2    284.070491   -144.221413    -11.363222
1223  2299   2    285.154681   -133.852448    -11.113030
1210  2300   2    286.231981   -123.486533    -10.864462
1308  2301   2    287.308162   -113.116543    -10.639783
1333  2302   2    288.364774   -102.732608    -10.398192
1313  2303   2    289.440305    -92.366374    -10.224952
1332  2304   2    290.543521    -82.002673    -10.079608
1341  2305   2    291.650117    -71.637752     -9.960853
1348  2306   2    292.768161    -61.274895     -9.869764
1314  2307   2    293.883363    -50.912438     -9.807638
1335  2308   2    294.995916    -40.549126     -9.774844
1037  2309   2    296.107354    -30.173326     -9.766236
1107  2310   2    297.226630    -19.799536     -9.782557
1101  2311   2    298.349479     -9.438013     -9.823532
1372  2312   2    287.251978   -202.265854    -13.823109
1386  2313   2    288.303088   -191.894293    -13.395467
1353  2314   2    289.351367   -181.509646    -12.988033
1057  2315   2    290.396902   -171.141177    -12.603042
1066  2316   2    291.459729   -160.755874    -12.480605
1082  2317   2    292.530515   -150.375883    -12.185957
1232  2318   2    293.603748   -140.013554    -11.913554
1238  2319   2    294.684599   -129.632694    -11.663287
1211  2320   2    295.754414   -119.265792    -11.435609
1325  2322   2    297.899237    -98.527571    -11.051765
1300  2323   2    298.977183    -88.160661    -10.897104
1311  2324   2    300.081514    -77.797761    -10.769654
1327  2325   2    301.189829    -67.434715    -10.668153
1322  2326   2    302.308717    -57.064202    -10.593330
1319  2327   2    303.423928    -46.697753    -10.544588
1020  2328   2    304.532277    -36.333634    -10.521806
1011  2329   2    305.645121    -25.952189    -10.525763
1014  2330   2    306.772163    -15.586244    -10.557429
1369  2332   2    295.748934   -208.438733    -14.680311
1399  2333   2    296.797914   -198.059365    -14.239906
1377  2334   2    297.840565   -187.676386    -13.819800
1362  2335   2    298.888778   -177.298099    -13.422127
1064  2336   2    299.932293   -166.928735    -13.132447
1097  2337   2    300.998027   -156.541780    -12.791167
1200  2338   2    302.070146   -146.166494    -12.474602
1234  2339   2    303.143129   -135.803065    -12.429603
1222  2340   2    304.222060   -125.437768    -12.197187
1245  2341   2    305.294189   -115.067732    -11.986892
1205  2342   2    306.364549   -104.697490    -11.799789
1206  2343   2    307.441517    -94.323826    -11.636948
1318  2344   2    308.522104    -83.957489    -11.498889
1331  2345   2    309.627272    -73.593521    -11.387434
1304  2346   2    310.734994    -63.225987    -11.301254
1329  2347   2    311.853623    -52.856559    -11.241290
1009  2348   2    312.970277    -42.482987    -11.206787
1036  2349   2    314.075696    -32.115688    -11.197274
1024  2350   2    315.199256    -21.747785    -11.214886
1038  2351   2    316.329146    -11.381880    -11.258703
1397  2352   2    304.261231   -214.622713    -15.605813
1396  2353   2    305.307051   -204.238386    -15.164314
1384  2354   2    306.349698   -193.850333    -14.742731
1388  2355   2    307.386857   -183.464960    -14.342003
1356  2356   2    308.437293   -173.084173    -13.964434
1098  2357   2    309.477827   -162.714628    -13.609318
1226  2358   2    310.546326   -152.331428    -13.279370
1249  2359   2    311.626332   -141.963442    -13.062494
1209  2360   2    312.692437   -131.599945    -12.789900
1220  2361   2    313.768923   -121.227152    -12.542919
1213  2362   2    314.835003   -110.859171    -12.550198
1208  2363   2    315.904554   -100.487544    -12.379422
1219  2364   2    316.995757    -90.121707    -12.233854
1231  2365   2    318.077367    -79.754719    -12.111522
1326  2366   2    319.180898    -69.386735    -12.015085
1334  2367   2    320.290734    -59.021159    -11.943770
1330  2368   2    321.408609    -48.645410    -11.897771
1013  2369   2    322.530993    -38.281782    -11.877247
1005  2370   2    323.636132    -27.914925    -11.880458
1001  2371   2    324.761979    -17.540529    -11.910223
1004  2372   2    325.894172     -7.172783    -11.965463
1393  2373   2    312.794336   -220.821760    -16.533580
1368  2374   2    313.831323   -210.427874    -16.090380
1391  2375   2    314.868775   -200.032529    -15.666897
1385  2376   2    315.904060   -189.635132    -15.263689
1378  2377   2    316.941173   -179.254955    -14.882677
1376  2378   2    317.988931   -168.876406    -14.524573
1354  2379   2    319.034507   -158.506197    -14.189411
1225  2380   2    320.112602   -148.138426    -13.880420
1233  2381   2    321.187797   -137.770842    -13.595455
1247  2382   2    322.255595   -127.406932    -13.334931
1207  2383   2    323.324171   -117.037249    -13.101877
1248  2384   2    324.388687   -106.671088    -12.980105
1224  2385   2    325.464204    -96.297974    -12.803170
1217  2386   2    326.555140    -85.920099    -12.653928
1203  2387   2    327.636294    -75.552038    -12.531037
1316  2388   2    328.740403    -65.185262    -12.437357
1303  2389   2    329.855425    -54.813917    -12.374466
1012  2390   2    330.980352    -44.450180    -12.342239
1008  2391   2    332.105427    -34.086930    -12.334575
1003  2392   2    333.209353    -23.721353    -12.349843
1025  2393   2    334.346594    -13.357873    -12.392174
1361  2394   2    321.348577   -227.036109    -17.496987
1366  2395   2    322.376249   -216.631692    -17.052049
1375  2396   2    323.407188   -206.234138    -16.626885
1352  2397   2    324.442499   -195.840740    -16.219415
1359  2398   2    325.478374   -185.451517    -15.824074
1381  2399   2    326.514632   -175.070220    -15.451113
1350  2400   2    327.559326   -164.694164    -15.101768
1360  2401   2    328.608180   -154.321653    -14.776341
1216  2402   2    329.685439   -143.950232    -14.426173
1237  2403   2    330.761909   -133.576804    -14.154888
1202  2404   2    331.828701   -123.206499    -13.908127
1221  2405   2    332.895404   -112.835344    -13.772251
1239  2406   2    333.957820   -102.467069    -13.580968
1240  2407   2    335.027253    -92.091411    -13.416427
1243  2408   2    336.114684    -81.711472    -13.280128
1246  2409   2    337.207018    -71.342148    -13.171647
1453  2410   2    338.316801    -60.975555    -13.095076
1040  2411   2    339.435407    -50.614742    -13.049912
1046  2412   2    340.561875    -40.250483    -13.029974
1017  2413   2    341.688515    -29.886285    -13.034708
1031  2414   2    342.794594    -19.522413    -13.062499
1041  2415   2    343.937384     -9.163642    -13.117824
1395  2416   2    329.970025   -233.299224    -18.465351
1383  2417   2    330.948066   -222.864296    -18.033354
1370  2418   2    331.972784   -212.454213    -17.593686
1398  2419   2    333.001579   -202.053162    -17.174308
1382  2420   2    334.030936   -191.658453    -16.775928
1389  2421   2    335.061842   -181.269299    -16.399269
1380  2422   2    336.093998   -170.883765    -16.044907
1367  2423   2    337.137047   -160.506458    -15.714485
1394  2424   2    338.193303   -150.134291    -15.408733
1050  2425   2    339.271665   -139.761482    -15.128849
1215  2426   2    340.346572   -129.385390    -14.873264
1218  2427   2    341.411541   -119.009360    -14.589111
1235  2428   2    342.476232   -108.632926    -14.385890
1229  2429   2    343.531289    -98.251896    -14.207747
1228  2430   2    344.598864    -87.881189    -14.057384
1212  2431   2    345.696545    -77.506343    -13.936381
1470  2432   2    346.792142    -67.139248    -13.845719
1499  2433   2    347.906872    -56.774810    -13.787508
1474  2434   2    349.030808    -46.412943    -13.754884
1022  2435   2    350.153319    -36.046067    -13.746898
1039  2436   2    351.290695    -25.685465    -13.764947
1029  2437   2    352.397316    -15.326192    -13.805322
1363  2440   2    340.589632   -218.752926    -18.558744
1387  2441   2    341.604232   -208.333789    -18.135586
1365  2442   2    342.631804   -197.929143    -17.734221
1364  2443   2    343.659040   -187.531663    -17.353915
1392  2444   2    344.683021   -177.140558    -16.995032
1371  2445   2    345.707164   -166.749445    -16.658214
1390  2446   2    346.746662   -156.362646    -16.345523
1086  2447   2    347.805783   -145.984255    -16.058100
1076  2448   2    348.880833   -135.609833    -15.796083
1067  2449   2    349.952089   -125.228085    -15.558018
1214  2450   2    351.020235   -114.857665    -15.341269
1242  2451   2    352.084687   -104.483725    -15.158896
1227  2452   2    353.153926    -94.111242    -15.002116
1241  2453   2    354.213133    -83.739676    -14.870018
1482  2454   2    355.321169    -73.369214    -14.767968
1452  2455   2    356.418872    -63.001237    -14.691181
1472  2456   2    357.535297    -52.635719    -14.642343
1483  2457   2    358.657417    -42.271066    -14.620425
1476  2458   2    359.783744    -31.906685    -14.625344
1032  2459   2    360.922425    -21.545351    -14.657821
1355  2462   2    351.225306   -204.157269    -18.643714
1358  2463   2    352.248627   -193.750025    -18.290204
1351  2464   2    353.272764   -183.349582    -17.945513
1379  2465   2    354.294403   -172.954550    -17.604613
1374  2466   2    355.315576   -162.562189    -17.285798
1085  2467   2    356.350788   -152.177364    -16.991032
1092  2468   2    357.419221   -141.803474    -16.722610
1058  2469   2    358.495893   -131.432249    -16.478705
1073  2470   2    359.563404   -121.059897    -16.258222
1244  2471   2    360.631792   -110.688225    -16.062534
1230  2472   2    361.694590   -100.315157    -15.891449
1204  2473   2    362.760756    -89.939921    -15.746117
1478  2474   2    363.828938    -79.565484    -15.626828
1477  2475   2    364.931595    -69.195483    -15.536806
1492  2476   2    366.040669    -58.824893    -15.473697
1450  2477   2    367.157620    -48.457401    -15.437837
1357  2483   2    362.914229   -179.201119    -18.555111
1373  2484   2    363.929620   -168.801496    -18.231208
1051  2485   2    364.947322   -158.408555    -17.929700
1077  2486   2    365.984631   -148.016012    -17.652346
1078  2487   2    367.052394   -137.637289    -17.401072
1055  2488   2    368.126385   -127.264383    -17.174044
1053  2489   2    369.192255   -116.884922    -16.970118
1099  2490   2    370.262219   -106.512115    -16.791136
1236  2491   2    371.321980    -96.130292    -16.635827
1451  2492   2    372.386391    -85.749111    -16.506076
1469  2493   2    373.452925    -75.377699    -16.402110
1488  2494   2    374.555356    -65.008930    -16.326995
1467  2495   2    375.671870    -54.638532    -16.278919
1080  2502   2    374.598361   -154.249060    -18.548737
1093  2503   2    375.627622   -143.851820    -18.307991
1089  2504   2    376.697489   -133.467013    -18.091874
1070  2505   2    377.762272   -123.069618    -17.880776
1087  2506   2    378.825701   -112.688335    -17.692956
1056  2507   2    379.898528   -102.315924    -17.530265
1201  2508   2    380.957921    -91.933768    -17.390585
1480  2509   2    382.023559    -81.555340    -17.276249
1489  2510   2    383.089769    -71.185865    -17.187061
1457  2511   2    384.196883    -60.816886    -17.126637
1455  2512   2    385.314362    -50.441153    -17.092325
1072  2518   2    386.397213   -129.384495    -18.803131
1063  2519   2    387.455096   -118.969526    -18.606050
1084  2520   2    388.511319   -108.583110    -18.433080
1079  2521   2    389.588517    -98.206593    -18.285939
1074  2522   2    390.641850    -87.819183    -18.160510
1486  2523   2    391.709090    -77.443888    -18.060839
1491  2524   2    392.783685    -67.067659    -17.986280
1458  2525   2    393.893799    -56.694735    -17.939582
1481  2526   2    395.013232    -46.318907    -17.918434
1515  3000   3     28.134375      5.201437     -0.082419
1510  3001   3     38.551296      5.201448     -0.156482
1528  3002   3     33.343493     14.253354     -0.132583
1511  3003   3     48.968106      5.201461     -0.250794
1508  3004   3     43.760371     14.255653     -0.214058
1536  3005   3     59.384810      5.201480     -0.369095
1513  3006   3     54.177144     14.256291     -0.328127
1512  3007   3     48.967142     23.345351     -0.307886
1548  3008   3     69.800289      5.201506     -0.512207
1543  3009   3     64.592763     14.249463     -0.452002
1502  3010   3     59.383858     23.337718     -0.415379
1514  3012   3     80.215689      5.201540     -0.677508
1517  3013   3     75.008287     14.241437     -0.605282
1521  3014   3     69.800405     23.299254     -0.555854
1529  3015   3     64.599448     32.359504     -0.531959
1532  3016   3     90.630976      5.201583     -0.867238
1538  3017   3     85.423703     14.236912     -0.783149
1519  3018   3     80.215599     23.295915     -0.721322
1549  3019   3     75.016034     32.323704     -0.684166
1525  3020   3     69.786205     41.395803     -0.673227
1708  3021   3    101.046105      5.201632     -1.081164
1738  3022   3     95.838980     14.237022     -0.984994
1509  3023   3     90.630637     23.299708     -0.910713
1537  3024   3     85.432557     32.329622     -0.860655
1527  3025   3     80.200656     41.359380     -0.835814
1716  3026   3    111.461023      5.201688     -1.320156
1706  3027   3    106.254079     14.235969     -1.211997
1718  3028   3    101.045606     23.296309     -1.125368
1712  3029   3     95.848134     32.326855     -1.062541
1518  3030   3     90.614980     41.368525     -1.024468
1539  3031   3     85.361306     50.431334     -1.012965
1719  3032   3    121.875677      5.201751     -1.583982
1702  3033   3    116.668954     14.238986     -1.463453
1732  3034   3    111.460452     23.297031     -1.364217
1743  3035   3    106.263304     32.326987     -1.288481
1547  3036   3    101.029161     41.366600     -1.236996
1526  3037   3     95.776854     50.441734     -1.212562
1707  3039   3    132.290020      5.201820     -1.873627
1703  3040   3    127.083563     14.242436     -1.741059
1721  3041   3    121.875109     23.312745     -1.629601
1747  3042   3    116.677631     32.345810     -1.541285
1711  3043   3    111.443232     41.368033     -1.476525
1541  3044   3    106.192152     50.442824     -1.438054
1505  3045   3    100.955815     59.573706     -1.428027
1730  3046   3    142.704022      5.201895     -2.184513
1735  3047   3    137.497877     14.241743     -2.040655
1742  3048   3    132.289546     23.328109     -1.917673
1736  3049   3    127.093215     32.371519     -1.817481
1717  3050   3    121.857174     41.401574     -1.740193
1516  3051   3    116.607190     50.444640     -1.688277
1544  3052   3    111.371701     59.574862     -1.665163
1546  3053   3    106.147709     68.622231     -1.667694
1817  3054   3    153.117665      5.201978     -2.514409
1800  3055   3    147.911879     14.235958     -2.347411
1729  3056   3    142.703742     23.330238     -2.202635
1740  3057   3    137.506269     32.376499     -2.120728
1749  3058   3    132.271120     41.413641     -2.030820
1535  3059   3    127.021981     50.454549     -1.965773
1504  3060   3    121.787408     59.563824     -1.928552
1542  3061   3    116.563412     68.623975     -1.918115
1839  3062   3    163.530944      5.202069     -2.876179
1824  3063   3    158.325567     14.241167     -2.699909
1808  3064   3    153.117660     23.321177     -2.545162
1715  3065   3    147.918667     32.352849     -2.449555
1720  3066   3    142.685037     41.415900     -2.346645
1531  3067   3    137.436514     50.486772     -2.268482
1523  3068   3    132.202886     59.588974     -2.217617
1500  3069   3    126.978911     68.612156     -2.193495
1540  3070   3    121.778363     77.687710     -2.197208
1828  3071   3    173.943870      5.202169     -3.269993
1836  3072   3    168.738956     14.240451     -3.080838
1821  3073   3    163.531281     23.302369     -2.912979
1829  3074   3    158.330800     32.347757     -2.799882
1524  3076   3    147.850932     50.487573     -2.596348
1530  3077   3    142.618180     59.596960     -2.533258
1501  3078   3    137.394166     68.637151     -2.495911
1533  3079   3    132.194081     77.680593     -2.486192
1832  3080   3    184.356463      5.202278     -3.665457
1847  3081   3    179.152070     14.237881     -3.486760
1845  3082   3    173.944624     23.313286     -3.326867
1810  3083   3    168.742846     32.358998     -3.187240
1840  3084   3    163.512702     41.389721     -3.067892
1801  3085   3    158.265131     50.453724     -2.970934
1825  3086   3    153.033251     59.588635     -2.899374
1506  3087   3    147.809242     68.640326     -2.851756
1507  3088   3    142.609571     77.685414     -2.830016
1522  3089   3    137.409794     86.716472     -2.833364
1841  3090   3    194.768763      5.202397     -4.145217
1833  3091   3    189.564948     14.231336     -3.927933
1827  3092   3    184.357651     23.280410     -3.731882
1848  3093   3    179.154623     32.342155     -3.559001
1843  3094   3    173.926432     41.409409     -3.452486
1846  3095   3    168.679209     50.459776     -3.333855
1812  3096   3    163.448048     59.556355     -3.242170
1813  3097   3    158.224107     68.634312     -3.177193
1534  3098   3    153.024816     77.664324     -3.140530
1545  3099   3    147.825218     86.706198     -3.131882
1520  3100   3    142.616722     95.751246     -3.147111
1575  3101   3    205.180829      5.202527     -4.607107
1806  3102   3    199.977654     14.228149     -4.380274
1818  3103   3    194.770456     23.256961     -4.174130
1803  3104   3    189.566012     32.307850     -3.990580
1815  3105   3    184.340094     41.387352     -3.874327
1816  3106   3    179.093132     50.462417     -3.743110
1834  3107   3    173.862650     59.551524     -3.638223
1831  3108   3    168.638734     68.605303     -3.559418
1823  3109   3    163.439840     77.654626     -3.508540
1746  3110   3    158.240184     86.685466     -3.485072
1503  3111   3    153.031586     95.726599     -3.488175
1589  3112   3    215.592744      5.202667     -5.102750
1586  3113   3    210.390253     14.233781     -4.874930
1809  3114   3    205.183093     23.257197     -4.666639
1826  3115   3    199.977245     32.285080     -4.479482
1814  3116   3    194.753631     41.348039     -4.314150
1844  3117   3    189.506912     50.462612     -4.172058
1822  3118   3    184.277019     59.546670     -4.055322
1842  3119   3    179.053197     68.607518     -3.964290
1804  3120   3    173.854426     77.638308     -3.900247
1723  3121   3    168.655095     86.670127     -3.863857
1745  3122   3    163.446281     95.705959     -3.854716
1744  3123   3    158.248634    104.741309     -3.870224
1563  3124   3    226.004616      5.202820     -5.631160
1560  3125   3    220.802775     14.229185     -5.390210
1561  3126   3    215.595622     23.261744     -5.168814
1582  3127   3    210.388311     32.317634     -4.968633
1819  3128   3    205.167155     41.341782     -4.789814
1849  3129   3    199.920516     50.426528     -4.633875
1838  3130   3    194.691621     59.521908     -4.503711
1805  3131   3    189.467524     68.577093     -4.398841
1807  3132   3    184.268924     77.622912     -4.321324
1748  3133   3    179.069504     86.655195     -4.270353
1734  3134   3    173.860831     95.690899     -4.246718
1704  3135   3    168.663659    104.721625     -4.250040
1598  3136   3    236.416418      5.202984     -6.175114
1572  3137   3    231.215143     14.228888     -5.922058
1553  3138   3    226.008091     23.252494     -5.675097
1581  3139   3    220.799357     32.296346     -5.450284
1585  3140   3    215.580565     41.367331     -5.248607
1901  3141   3    210.334018     50.389100     -5.124218
1820  3142   3    205.105538     59.491820     -4.978887
1830  3143   3    199.882451     68.552724     -4.859057
1802  3144   3    194.682930     77.592933     -4.766554
1811  3145   3    189.483958     86.638469     -4.701286
1705  3146   3    184.275264     95.675817     -4.663958
1722  3147   3    179.078456    104.707107     -4.655151
1700  3148   3    173.885775    113.739788     -4.670876
1597  3149   3    246.838139      5.203163     -6.755788
1568  3151   3    236.420299     23.253682     -6.258341
1573  3152   3    231.210442     32.278714     -6.039337
1556  3153   3    225.994948     41.335119     -5.841638
1593  3154   3    220.747479     50.412015     -5.665013
1904  3155   3    215.519290     59.455303     -5.512518
1942  3156   3    210.296516     68.523290     -5.385058
1837  3157   3    205.096945     77.569992     -5.283613
1835  3158   3    199.897878     86.608920     -5.207812
1713  3159   3    194.689627     95.659188     -5.158091
1701  3160   3    189.493000    104.691658     -5.135117
1710  3161   3    184.300546    113.724981     -5.139071
1741  3162   3    179.106358    122.756412     -5.169572
1898  3163   3    257.252581      5.203355     -7.380383
1885  3164   3    252.044444     14.225931     -7.091268
1569  3165   3    246.832142     23.247567     -6.822292
1591  3166   3    241.621641     32.280091     -6.575103
1564  3167   3    236.409626     41.304861     -6.384656
1558  3168   3    231.161858     50.379780     -6.195876
1947  3169   3    225.932910     59.445972     -6.031352
1941  3170   3    220.710026     68.489860     -5.890991
1932  3171   3    215.510811     77.540650     -5.776892
1903  3172   3    210.312055     86.586048     -5.688272
1728  3173   3    205.104645     95.629603     -5.625258
1737  3174   3    199.907269    104.672739     -5.589214
1739  3175   3    194.715187    113.707386     -5.579877
1714  3176   3    189.520745    122.739141     -5.597043
1866  3177   3    267.667769      5.203564     -7.999898
1875  3178   3    262.457076     14.223228     -7.709798
1892  3179   3    257.245228     23.248210     -7.439187
1580  3180   3    252.034981     32.272538     -7.189266
1579  3181   3    246.822518     41.305017     -6.960929
1550  3182   3    241.576687     50.349591     -6.753479
1946  3183   3    236.347185     59.413428     -6.571180
1939  3184   3    231.128043     68.474233     -6.443853
1924  3185   3    225.924551     77.507637     -6.321365
1911  3186   3    220.726030     86.556806     -6.223767
1928  3187   3    215.518882     95.606560     -6.150667
1918  3188   3    210.321473    104.643918     -6.103104
1727  3189   3    205.129745    113.686869     -6.081529
1726  3190   3    199.935558    122.719129     -6.085230
1709  3191   3    194.744335    131.752958     -6.114756
1880  3192   3    278.094967      5.203789     -8.654410
1899  3193   3    272.880840     14.222591     -8.343013
1853  3194   3    267.662804     23.247127     -8.051450
1874  3195   3    262.450433     32.272277     -7.781371
1896  3196   3    257.238503     41.294646     -7.585102
1584  3197   3    251.993690     50.347747     -7.376590
1937  3198   3    246.762246     59.383505     -7.190973
1900  3199   3    241.542032     68.441362     -7.029470
1948  3200   3    236.339412     77.492988     -6.892818
1933  3201   3    231.139839     86.523335     -6.780510
1916  3202   3    225.930951     95.573444     -6.693235
1920  3203   3    220.735635    104.618025     -6.632193
1930  3204   3    215.544261    113.658685     -6.597178
1724  3205   3    210.350327    122.700956     -6.588175
1733  3206   3    205.159459    131.735505     -6.605236
1857  3207   3    288.520497      5.204032     -9.270176
1877  3208   3    283.299843     14.229781     -8.934130
1871  3209   3    278.079780     23.248036     -8.618842
1888  3210   3    272.860653     32.273705     -8.325447
1859  3211   3    267.649767     41.298301     -8.057812
1683  3212   3    262.411205     50.331000     -7.968727
1677  3213   3    257.182799     59.378796     -7.775619
1917  3214   3    251.957037     68.411117     -7.604921
1938  3215   3    246.753235     77.459791     -7.458936
1927  3216   3    241.554656     86.509371     -7.337149
1909  3217   3    236.346852     95.544478     -7.238990
1907  3218   3    231.149812    104.586756     -7.166476
1906  3219   3    225.958811    113.631634     -7.119610
1902  3220   3    220.765092    122.670975     -7.097938
1725  3221   3    215.574184    131.715951     -7.102169
1731  3222   3    210.382581    140.750850     -7.131614
1775  3223   3    298.953468      5.204294     -9.945771
1881  3224   3    293.728561     14.218382     -9.576919
1869  3225   3    288.505535     23.257544     -9.230172
1884  3226   3    283.281475     32.275235     -8.988372
1876  3227   3    278.067188     41.301079     -8.700651
1661  3228   3    272.827144     50.336734     -8.508113
1698  3229   3    267.600450     59.355858     -8.280385
1671  3230   3    262.380923     68.406696     -8.078327
1675  3231   3    257.168712     77.430867     -8.050726
1945  3232   3    251.967640     86.476933     -7.921129
1934  3233   3    246.762098     95.530283     -7.814872
1936  3234   3    241.563171    104.560869     -7.732386
1908  3235   3    236.373441    113.597456     -7.674762
1914  3236   3    231.179947    122.643407     -7.641696
1915  3237   3    225.989315    131.685151     -7.633348
1931  3238   3    220.798536    140.727742     -7.649732
1785  3240   3    309.394888      5.204578    -10.648641
1760  3241   3    304.165392     14.217045    -10.275968
1883  3242   3    298.933687     23.243163     -9.924388
1862  3243   3    293.710750     32.275395     -9.682214
1858  3244   3    288.488660     41.300648     -9.379064
1895  3245   3    283.262855     50.323803     -9.174415
1672  3246   3    278.029621     59.359249     -8.929441
1650  3247   3    272.801211     68.375285     -8.709425
1660  3248   3    267.589952     77.423349     -8.585696
1688  3249   3    262.380822     86.446658     -8.427561
1654  3250   3    257.175223     95.496859     -8.296061
1929  3251   3    251.987934    104.541895     -8.192020
1925  3252   3    246.787326    113.571952     -8.113546
1943  3253   3    241.594950    122.609516     -8.064458
1940  3254   3    236.404576    131.653657     -8.044111
1921  3255   3    231.216804    140.694437     -8.048185
1910  3256   3    226.028648    149.734666     -8.076585
1786  3257   3    319.850121      5.204885    -11.465965
1754  3258   3    314.612103     14.217002    -11.107393
1771  3259   3    309.378502     23.237608    -10.751845
1753  3260   3    304.147696     32.261157    -10.378272
1850  3261   3    298.923722     41.293825    -10.069687
1879  3262   3    293.694739     50.321298     -9.788515
1695  3263   3    288.474419     59.345236     -9.610085
1692  3264   3    283.240527     68.372772     -9.375028
1674  3265   3    278.012139     77.388951     -9.238062
1658  3266   3    272.809994     86.429959     -9.064657
1656  3267   3    267.593405     95.455660     -8.916018
1653  3268   3    262.401352    104.508495     -8.796378
1693  3269   3    257.211709    113.548234     -8.703714
1922  3270   3    252.014008    122.580228     -8.640122
1923  3271   3    246.820044    131.619729     -8.607271
1935  3272   3    241.633103    140.662841     -8.599280
1912  3273   3    236.444935    149.703018     -8.615484
1913  3274   3    231.256874    158.743266     -8.656044
1765  3275   3    330.318532      5.205216    -12.287947
1791  3276   3    325.078996     14.216518    -11.897665
1764  3277   3    319.828921     23.235072    -11.527167
1779  3278   3    314.595961     32.254673    -11.181189
1761  3279   3    309.365682     41.280926    -10.892887
1770  3280   3    304.135730     50.314371    -10.601487
1666  3281   3    298.912497     59.340436    -10.294693
1679  3282   3    293.686595     68.356517    -10.052668
1680  3283   3    288.459291     77.376609     -9.835457
1697  3284   3    283.236538     86.392020     -9.730157
1663  3285   3    278.024213     95.437310     -9.567638
1657  3286   3    272.821097    104.465024     -9.432034
1662  3287   3    267.630443    113.512587     -9.325006
1667  3288   3    262.441442    122.550130     -9.245389
1690  3289   3    257.245276    131.585800     -9.194992
1944  3290   3    252.057751    140.623250     -9.174607
1919  3291   3    246.867458    149.670397     -9.178725
1905  3292   3    241.677540    158.713293     -9.207083
1757  3293   3    340.797188      5.205575    -13.078388
1768  3294   3    335.552207     14.218306    -12.705240
1780  3295   3    330.298035     23.224970    -12.350354
1783  3296   3    325.054239     32.249735    -12.016156
1778  3297   3    319.819860     41.272437    -11.703316
1755  3298   3    314.589074     50.294871    -11.412219
1966  3299   3    309.371478     59.320811    -11.144412
1983  3300   3    304.150100     68.340233    -10.899267
1670  3301   3    298.925421     77.362295    -10.677682
1682  3302   3    293.676715     86.384136    -10.478821
1678  3303   3    288.453718     95.402776    -10.306839
1668  3304   3    283.254608    104.435641    -10.162550
1685  3305   3    278.057515    113.471479    -10.044655
1684  3306   3    272.870897    122.512376     -9.954227
1699  3307   3    267.682215    131.551279     -9.890517
1681  3308   3    262.490887    140.589317     -9.853749
1583  3309   3    257.291318    149.636802     -9.844088
1949  3310   3    252.099270    158.687269     -9.862406
1926  3311   3    246.917324    167.729911     -9.908331
1618  3312   3    351.280618      5.205963    -13.933914
1601  3313   3    346.034733     14.214559    -13.541841
1617  3314   3    340.778866     23.232078    -13.168296
1751  3315   3    335.530289     32.234896    -12.815326
1769  3316   3    330.285806     41.261496    -12.483771
1766  3317   3    325.050884     50.288478    -12.174737
1956  3318   3    319.828324     59.302608    -11.889034
1989  3319   3    314.601034     68.336209    -11.626549
1960  3320   3    309.373021     77.352030    -11.387754
1651  3322   3    298.918599     95.390299    -11.019089
1669  3323   3    293.697158    104.410906    -10.862268
1673  3324   3    288.499421    113.443777    -10.733039
1696  3325   3    283.304821    122.479109    -10.630121
1652  3326   3    278.114386    131.526696    -10.555159
1694  3327   3    272.923365    140.568834    -10.507759
1552  3328   3    267.728162    149.605054    -10.485605
1596  3329   3    262.526411    158.657932    -10.489453
1599  3330   3    257.345257    167.706617    -10.520247
1644  3332   3    361.783127      5.206384    -14.612543
1607  3333   3    356.530930     14.220045    -14.163723
1623  3334   3    351.271491     23.232906    -13.819800
1610  3335   3    346.019309     32.245241    -13.422127
1776  3336   3    340.768571     41.247595    -13.132447
1797  3337   3    335.525469     50.277241    -12.791167
1967  3338   3    330.294391     59.301199    -12.474602
1998  3339   3    325.070982     68.316073    -12.429603
1988  3340   3    319.851287     77.335954    -12.197187
1992  3341   3    314.623303     86.355671    -11.986892
1955  3342   3    309.393767     95.374515    -11.799789
1961  3343   3    304.167566    104.400012    -11.636948
1655  3344   3    298.948599    113.421707    -11.498889
1665  3345   3    293.750911    122.455935    -11.387434
1686  3346   3    288.553193    131.494549    -11.301254
1687  3347   3    283.363186    140.541106    -11.241290
1557  3348   3    278.169146    149.589855    -11.206787
1574  3349   3    272.969703    158.626925    -11.197274
1595  3350   3    267.784582    167.675147    -11.214886
1570  3351   3    262.605756    176.725473    -11.258703
1636  3352   3    372.304572      5.206842    -15.605813
1606  3353   3    367.046904     14.222657    -15.164314
1616  3354   3    361.784479     23.239621    -14.742731
1646  3355   3    356.519189     32.251191    -14.342003
1622  3356   3    351.267336     41.266855    -13.964434
1752  3357   3    346.014080     50.267603    -13.609318
1974  3358   3    340.775422     59.295836    -13.279370
1994  3359   3    335.555016     68.318525    -13.062494
1950  3360   3    330.326002     77.329411    -12.789900
1952  3361   3    325.099923     86.353919    -12.542919
1971  3362   3    319.868254     95.368418    -12.550198
1959  3363   3    314.637249    104.387907    -12.379422
1995  3364   3    309.427165    113.415438    -12.233854
1981  3365   3    304.208643    122.438262    -12.111522
1664  3366   3    299.007270    131.474777    -12.015085
1659  3367   3    293.812414    140.513049    -11.943770
1691  3368   3    288.618081    149.564277    -11.897771
1594  3369   3    283.434521    158.608349    -11.877247
1567  3370   3    278.235112    167.644897    -11.880458
1571  3371   3    273.048024    176.699716    -11.910223
1590  3372   3    267.869980    185.752885    -11.965463
1641  3373   3    382.851708      5.207341    -16.533580
1625  3374   3    377.581275     14.225697    -16.090380
1602  3375   3    372.310360     23.245507    -15.666897
1648  3376   3    367.036487     32.265703    -15.263689
1605  3377   3    361.774214     41.273042    -14.882677
1634  3378   3    356.521510     50.285321    -14.524573
1619  3379   3    351.271943     59.289571    -14.189411
1964  3380   3    346.050117     68.310962    -13.880420
1984  3381   3    340.826055     77.330498    -13.595455
1965  3382   3    335.598169     86.342713    -13.334931
1997  3383   3    330.367518     95.360056    -13.101877
1980  3384   3    325.135653    104.372163    -12.980105
1977  3385   3    319.908601    113.396362    -12.803170
1970  3386   3    314.691225    122.433475    -12.653928
1976  3387   3    309.471704    131.456899    -12.531037
1689  3388   3    304.271509    140.492776    -12.437357
1676  3389   3    299.077457    149.538764    -12.374466
1559  3390   3    293.895890    158.584419    -12.342239
1588  3391   3    288.714729    167.629767    -12.334575
1576  3392   3    283.515091    176.664566    -12.349843
1587  3393   3    278.343637    185.717251    -12.392174
1600  3394   3    393.424937      5.207884    -17.432614
1647  3395   3    388.140778     14.229285    -16.999382
1609  3396   3    382.863296     23.247053    -16.585405
1624  3397   3    377.591794     32.264029    -16.191333
1604  3398   3    372.323203     41.277959    -15.817593
1633  3399   3    367.059580     50.285702    -15.465010
1628  3400   3    361.805862     59.294163    -15.134752
1635  3401   3    356.557594     68.302202    -14.827106
1990  3402   3    351.332946     77.326055    -14.544544
1954  3403   3    346.106481     86.351068    -14.285358
1986  3404   3    340.874021     95.367865    -14.049602
1985  3405   3    335.640990    104.385298    -13.838464
1962  3406   3    330.406184    113.397881    -13.652220
1979  3407   3    325.172714    122.420562    -13.492013
1958  3408   3    319.951289    131.457285    -13.359306
1996  3409   3    314.740071    140.488302    -13.253682
1854  3410   3    309.544573    149.527366    -13.176294
1562  3411   3    304.359611    158.566940    -13.126665
1578  3412   3    299.178985    167.613923    -13.104724
1554  3413   3    293.998533    176.660957    -13.109936
1577  3414   3    288.801639    185.695643    -13.140515
1555  3415   3    283.637442    194.747780    -13.201277
1626  3416   3    404.081201      5.208477    -18.465351
1621  3417   3    398.738956     14.225389    -18.033354
1630  3418   3    393.449077     23.249638    -17.593686
1649  3419   3    388.167805     32.268975    -17.174308
1640  3420   3    382.890716     41.283512    -16.775928
1637  3421   3    377.618145     50.294466    -16.399269
1608  3422   3    372.348713     59.303226    -16.044907
1614  3423   3    367.092929     68.311732    -15.714485
1642  3424   3    361.850852     77.323843    -15.408733
1767  3425   3    356.626281     86.349467    -15.128849
1968  3426   3    351.396985     95.375716    -14.873264
1969  3427   3    346.159685    104.396074    -14.589111
1951  3428   3    340.921924    113.416595    -14.385890
1978  3429   3    335.673666    122.435172    -14.207747
1972  3430   3    330.441604    131.452755    -14.057384
1957  3431   3    325.231465    140.491382    -13.936381
1882  3432   3    320.024196    149.522514    -13.845719
1851  3433   3    314.833968    158.562743    -13.787508
1886  3434   3    309.652699    167.606302    -13.754884
1592  3435   3    304.467332    176.653076    -13.746898
1565  3436   3    299.297680    185.703512    -13.764947
1551  3437   3    294.103927    194.734795    -13.805322
1629  3440   3    404.122544     23.218728    -18.558744
1632  3441   3    398.819158     32.244354    -18.135586
1620  3442   3    393.534784     41.265881    -17.734221
1639  3443   3    388.254349     50.281413    -17.353915
1611  3444   3    382.975029     59.289875    -16.995032
1631  3445   3    377.695835     68.298438    -16.658214
1615  3446   3    372.431600     77.312536    -16.345523
1759  3447   3    367.188181     86.331367    -16.058100
1750  3448   3    361.959983     95.356349    -15.796083
1774  3449   3    356.724409    104.385028    -15.558018
1973  3450   3    351.492977    113.402714    -15.341269
1963  3451   3    346.256488    122.421077    -15.158896
1993  3452   3    341.024728    131.441075    -15.002116
1999  3453   3    335.785391    140.454435    -14.870018
1856  3454   3    330.586206    149.495602    -14.767968
1861  3455   3    325.380123    158.528685    -14.691181
1867  3456   3    320.190631    167.570784    -14.642343
1890  3457   3    315.006255    176.615530    -14.620425
1864  3458   3    309.825442    185.662528    -14.625344
1566  3459   3    304.656415    194.714323    -14.657821
1612  3462   3    404.147873     41.278355    -18.643714
1643  3463   3    398.858533     50.299485    -18.290204
1613  3464   3    393.573850     59.315593    -17.945513
1638  3465   3    388.290327     68.325855    -17.604613
1627  3466   3    383.007996     77.333682    -17.285798
1790  3467   3    377.741454     86.343664    -16.991032
1798  3468   3    372.508215     95.364327    -16.722610
1789  3469   3    367.283208    104.387676    -16.478705
1777  3470   3    362.050127    113.406552    -16.258222
1991  3471   3    356.818155    122.425394    -16.062534
1982  3472   3    351.580840    131.442079    -15.891449
1953  3473   3    346.344975    140.462498    -15.746117
1893  3474   3    341.111212    149.483456    -15.626828
1897  3475   3    335.907947    158.521088    -15.536806
1891  3476   3    330.709526    167.562969    -15.473697
1863  3477   3    325.519300    176.606974    -15.437837
1645  3483   3    398.935554     68.338881    -18.555111
1603  3484   3    393.644277     77.349185    -18.231208
1795  3485   3    388.358798     86.355441    -17.929700
1781  3486   3    383.089415     95.372899    -17.652346
1792  3487   3    377.852793    104.397078    -17.401072
1773  3488   3    372.624629    113.420212    -17.174044
1758  3489   3    367.386042    122.443874    -16.970118
1793  3490   3    362.154678    131.464561    -16.791136
1987  3491   3    356.909760    140.486544    -16.635827
1870  3492   3    351.668982    149.510741    -16.506076
1889  3493   3    346.435663    158.528282    -16.402110
1873  3494   3    341.232939    167.564785    -16.326995
1860  3495   3    336.040651    176.610884    -16.278919
1794  3502   3    393.721763     95.393281    -18.548737
1763  3503   3    388.443108    104.409809    -18.307991
1756  3504   3    383.204612    113.440147    -18.091874
1787  3505   3    377.954604    122.477680    -17.880776
1788  3506   3    372.712972    131.501382    -17.692956
1784  3507   3    367.484156    140.523431    -17.530265
1975  3508   3    362.238745    149.545467    -17.390585
1855  3509   3    357.000577    158.568158    -17.276249
1868  3510   3    351.768135    167.583942    -17.187061
1887  3511   3    346.569076    176.623367    -17.126637
1894  3512   3    341.374433    185.674350    -17.092325
1762  3518   3    388.652210    122.444328    -18.803131
1782  3519   3    383.386290    131.492023    -18.606050
1772  3520   3    378.135810    140.515642    -18.433080
1799  3521   3    372.908118    149.543582    -18.285939
1796  3522   3    367.654716    158.566307    -18.160510
1852  3523   3    362.419686    167.587405    -18.060839
1865  3524   3    357.190057    176.613581    -17.986280
1878  3525   3    351.991106    185.657962    -17.939582
1872  3526   3    346.797988    194.710169    -17.918434
2108  4000   4     19.703860     20.745022     -0.082419
2117  4001   4     28.131319     26.867943     -0.156482
2143  4002   4     18.597541     31.130019     -0.132583
2116  4003   4     36.558688     32.990801     -0.250794
2128  4004   4     27.023621     37.254766     -0.214058
2106  4005   4     44.985967     39.113601     -0.370357
2131  4006   4     35.450593     43.378108     -0.321973
2129  4007   4     25.893197     47.668950     -0.298069
2122  4008   4     53.412251     45.235687     -0.512207
2115  4009   4     43.881019     49.494731     -0.452002
2125  4010   4     34.324984     53.785566     -0.415379
2144  4012   4     61.838467     51.357733     -0.677508
2138  4013   4     52.312072     55.610329     -0.605282
2133  4014   4     42.774756     59.877141     -0.555854
2137  4015   4     33.241612     64.149992     -0.531959
2148  4016   4     70.264586     57.479720     -0.867238
2119  4017   4     60.740981     61.728697     -0.783149
2140  4018   4     51.202788     65.996337     -0.721322
2142  4019   4     41.689850     70.243744     -0.684166
2136  4020   4     32.126383     74.509210     -0.673227
2274  4021   4     78.690574     63.601619     -1.081164
2294  4022   4     69.167052     67.850732     -0.984994
2110  4023   4     59.626501     72.121212     -0.910713
2141  4024   4     50.113515     76.371211     -0.860655
2107  4025   4     40.573260     80.601204     -0.835814
2292  4026   4     87.116386     69.723400     -1.320156
2268  4027   4     77.593663     73.971721     -1.211997
2276  4028   4     68.054386     78.240227     -1.125368
2252  4029   4     58.541521     82.491095     -1.062541
2121  4030   4     48.993250     86.729989     -1.024468
2109  4031   4     39.415953     90.973923     -1.012965
2267  4032   4     95.541981     75.845031     -1.583982
2278  4033   4     86.017701     80.095872     -1.463453
2253  4034   4     76.479749     84.362504     -1.364217
2251  4035   4     66.967493     88.613085     -1.288481
2103  4036   4     57.419631     92.849733     -1.236996
2113  4037   4     47.836195     97.104442     -1.212562
2288  4039   4    103.967321     81.966484     -1.873627
2291  4040   4     94.441268     86.220217     -1.741059
2254  4041   4     84.896147     90.496799     -1.629601
2270  4042   4     75.381796     94.749701     -1.541285
2275  4043   4     65.843949     98.972130     -1.476525
2134  4044   4     56.261708    103.227283     -1.438054
2118  4045   4     46.658424    107.536480     -1.428027
2261  4046   4    112.392382     88.087741     -2.184513
2298  4047   4    102.867033     92.341036     -2.040655
2266  4048   4     93.312572     96.630681     -1.917673
2269  4049   4     83.793069    100.892626     -1.817481
2257  4050   4     74.249290    105.120427     -1.740193
2124  4051   4     64.686583    109.350558     -1.688277
2114  4052   4     55.084374    113.659719     -1.665163
2101  4053   4     45.540165    117.908609     -1.667694
2457  4054   4    120.817147     94.208794     -2.514409
2486  4055   4    111.295538     98.457553     -2.347411
2280  4056   4    101.736583    102.753714     -2.202635
2250  4057   4     92.214480    107.017295     -2.120728
2285  4058   4     82.667257    111.251353     -2.030820
2126  4059   4     73.106501    115.480235     -1.965773
2147  4060   4     63.517345    119.772988     -1.928552
2120  4061   4     53.965621    124.032217     -1.918115
2472  4062   4    129.241613    100.329639     -2.876179
2459  4063   4    119.717326    104.582779     -2.699909
2455  4064   4    110.166945    108.867531     -2.545162
2263  4065   4    100.652188    113.118416     -2.449555
2259  4066   4     91.090965    117.374327     -2.346645
2146  4067   4     81.513095    121.627813     -2.268482
2105  4068   4     71.928861    125.915399     -2.217617
2145  4069   4     62.398884    130.144731     -2.193495
2132  4070   4     52.857075    134.430203     -2.197208
2475  4071   4    137.665789    106.450285     -3.269993
2478  4072   4    128.142356    110.703037     -3.080838
2470  4073   4    118.602797    114.973288     -2.912979
2485  4074   4    109.078773    119.234394     -2.799882
2139  4076   4     89.938066    127.749902     -2.596348
2127  4077   4     80.350317    132.043816     -2.533258
2102  4078   4     70.810310    136.286886     -2.495911
2104  4079   4     61.287751    140.546651     -2.486192
2490  4080   4    146.089689    112.570741     -3.665457
2474  4081   4    136.568253    116.821632     -3.486760
2477  4082   4    127.020951    121.102929     -3.326867
2496  4083   4    117.495688    125.363536     -3.187240
2497  4084   4    107.956287    129.595342     -3.067892
2495  4085   4     98.383226    133.843830     -2.970934
2463  4086   4     88.781180    138.158906     -2.899374
2100  4087   4     79.234417    142.411283     -2.851756
2149  4088   4     69.711226    146.672623     -2.830016
2123  4089   4     60.196195    150.922550     -2.833364
2494  4090   4    154.513347    118.691034     -4.145217
2464  4091   4    144.996295    122.936873     -3.927933
2479  4092   4    135.464591    127.196956     -3.731882
2499  4093   4    125.928893    131.469798     -3.559001
2456  4094   4    116.369599    135.732307     -3.452486
2491  4095   4    106.804835    139.969968     -3.333855
2493  4096   4     97.225901    144.254455     -3.242170
2482  4097   4     87.663755    148.528121     -3.177193
2112  4098   4     78.149732    152.777488     -3.140530
2111  4099   4     68.628489    157.036271     -3.163189
2135  4100   4     59.098181    161.292391     -3.179383
2236  4101   4    162.936809    124.811198     -4.586962
2461  4102   4    153.422224    129.054730     -4.348024
2460  4103   4    143.902510    133.298478     -4.209050
2473  4104   4    134.372048    137.561706     -4.041121
2480  4105   4    124.807394    141.835460     -3.894288
2481  4106   4    115.228323    146.093255     -3.769587
2498  4107   4    105.654331    150.372097     -3.669909
2476  4108   4     96.106416    154.626217     -3.595018
2492  4109   4     86.581364    158.891440     -3.546666
2272  4110   4     77.066560    163.141262     -3.523942
2130  4111   4     67.538471    167.394155     -3.527312
2220  4112   4    171.360143    130.931281     -5.090631
2211  4113   4    161.842884    135.179659     -4.835596
2469  4114   4    152.326372    139.419064     -4.649670
2453  4115   4    142.808296    143.662854     -4.452526
2454  4116   4    133.255230    147.924578     -4.278371
2483  4117   4    123.653133    152.214479     -4.207154
2450  4118   4    114.082586    156.489582     -4.100353
2471  4119   4    104.530592    160.749477     -4.017068
2467  4120   4     95.016533    164.999778     -3.958475
2264  4121   4     85.501416    169.250583     -3.924448
2260  4122   4     75.976268    173.499061     -3.915030
2296  4123   4     66.460438    177.753712     -3.931007
2243  4124   4    179.783434    137.051350     -5.612040
2233  4125   4    170.269492    141.296267     -5.345537
2209  4126   4    160.747612    145.543073     -5.102630
2203  4127   4    151.211890    149.808662     -4.968633
2488  4128   4    141.683625    154.040432     -4.789814
2487  4129   4    132.099125    158.306249     -4.633875
2451  4130   4    122.522730    162.591099     -4.503711
2458  4131   4    112.973843    166.846250     -4.398841
2462  4132   4    103.451088    171.108811     -4.321324
2273  4133   4     93.935626    175.359939     -4.270353
2293  4134   4     84.410668    179.608396     -4.246718
2282  4135   4     74.897940    183.859586     -4.250040
2219  4136   4    188.206663    143.171386     -6.153274
2231  4137   4    178.693450    147.416263     -5.911452
2246  4138   4    169.176913    151.655886     -5.688170
2240  4139   4    159.647116    155.910899     -5.484914
2241  4140   4    150.093234    160.181951     -5.302575
2353  4141   4    140.545825    164.396872     -5.140659
2465  4142   4    130.965451    168.687904     -5.003909
2452  4143   4    121.414020    172.948276     -4.891153
2466  4144   4    111.893817    177.205757     -4.804112
2484  4145   4    102.370928    181.467870     -4.742698
2265  4146   4     92.844986    185.717644     -4.706625
2299  4147   4     83.332221    189.969504     -4.697131
2295  4148   4     73.821977    194.224916     -4.714083
2228  4149   4    196.637907    149.297265     -6.785760
2237  4151   4    177.599868    157.776989     -6.238847
2213  4152   4    168.080225    162.016116     -6.021931
2249  4153   4    158.537580    166.277311     -5.816175
2239  4154   4    148.957023    170.536289     -5.632352
2384  4155   4    139.411818    174.779411     -5.473643
2361  4156   4    129.856476    179.045697     -5.340989
2468  4157   4    120.332417    183.308401     -5.235410
2489  4158   4    110.813335    187.565113     -5.156520
2290  4159   4    101.280157    191.825600     -5.106238
2286  4160   4     91.766845    196.078521     -5.150914
2271  4161   4     82.256407    200.334585     -5.154635
2281  4162   4     72.745679    204.588099     -5.183336
2424  4163   4    205.063255    155.418876     -7.380383
2418  4164   4    195.546446    159.657027     -7.091268
2218  4165   4    186.026821    163.891970     -6.822292
2201  4166   4    176.502252    168.136779     -6.575103
2242  4167   4    166.981017    172.374426     -6.384656
2225  4168   4    157.401380    176.631629     -6.195876
2375  4169   4    147.842098    180.892834     -6.031352
2370  4170   4    138.300832    185.139559     -5.890991
2377  4171   4    128.774658    189.405780     -5.776892
2392  4172   4    119.252025    193.667909     -5.688272
2255  4173   4    109.723473    197.923460     -5.625258
2256  4174   4    100.203286    202.184569     -5.589214
2289  4175   4     90.692371    206.441923     -5.579877
2287  4176   4     81.181247    210.695550     -5.597043
2401  4177   4    213.489196    161.540939     -7.999898
2430  4178   4    203.972031    165.775232     -7.709798
2400  4179   4    194.450806    170.013148     -7.439187
2204  4180   4    184.931261    174.251477     -7.189266
2235  4181   4    175.405132    178.495097     -6.960929
2226  4182   4    165.844898    182.728889     -6.753479
2376  4183   4    156.286552    186.987863     -6.571180
2380  4184   4    146.738370    191.250473     -6.443853
2395  4185   4    137.218955    195.500115     -6.321365
2355  4186   4    127.694295    199.765432     -6.223767
2373  4187   4    118.162312    204.026152     -6.150667
2378  4188   4    108.645494    208.282568     -6.103104
2297  4189   4     99.129985    212.546848     -6.081529
2279  4190   4     89.618770    216.801033     -6.085230
2262  4191   4     80.109031    221.058230     -6.114756
2414  4192   4    221.924844    167.670074     -8.654410
2438  4193   4    212.405408    171.901651     -8.343013
2447  4194   4    202.879439    176.135570     -8.051450
2412  4195   4    193.357692    180.373315     -7.781371
2420  4196   4    183.837937    184.609069     -7.585102
2206  4197   4    174.273515    188.850358     -7.376590
2374  4198   4    164.730102    193.085474     -7.190973
2354  4199   4    155.182786    197.345069     -7.029470
2371  4200   4    145.653365    201.609965     -6.892818
2390  4201   4    136.138918    205.859437     -6.780510
2360  4202   4    126.605318    210.119421     -6.693235
2363  4203   4    117.085948    214.382911     -6.632193
2382  4204   4    107.572071    218.645546     -6.597178
2283  4205   4     98.055177    222.907979     -6.588175
2284  4206   4     88.545302    227.165967     -6.605236
2417  4207   4    230.359132    173.798243     -9.270176
2427  4208   4    220.830332    178.031604     -8.934130
2428  4209   4    211.306415    182.259250     -8.618842
2434  4210   4    201.778898    186.493444     -8.325447
2425  4211   4    192.258678    190.731613     -8.057812
2084  4212   4    182.711305    194.960071     -7.968727
2095  4213   4    173.163274    199.206711     -7.775619
2358  4214   4    163.626479    203.442387     -7.604921
2359  4215   4    154.097838    207.704200     -7.458936
2389  4216   4    144.572889    211.969816     -7.337149
2399  4217   4    135.048985    216.218300     -7.238990
2356  4218   4    125.529573    220.478914     -7.166476
2369  4219   4    116.013519    224.745180     -7.119610
2362  4220   4    106.498521    229.005369     -7.097938
2258  4221   4     96.982485    233.271769     -7.102169
2277  4222   4     87.471809    237.529608     -7.131614
2036  4223   4    238.799429    179.930802     -9.945771
2440  4224   4    229.274042    184.152229     -9.576919
2443  4225   4    219.735439    188.395047     -9.230172
2404  4226   4    210.208620    192.619887     -8.988372
2413  4227   4    200.684916    196.857067     -8.700651
2081  4228   4    191.134606    201.087045     -8.508113
2065  4229   4    181.604814    205.311496     -8.280385
2088  4230   4    172.062179    209.565817     -8.078327
2093  4231   4    162.541137    213.802864     -8.050726
2357  4232   4    153.016237    218.064171     -7.921129
2372  4233   4    143.483439    222.328744     -7.814872
2387  4234   4    133.969374    226.578789     -7.732386
2386  4235   4    124.459221    230.839095     -7.674762
2366  4236   4    114.940520    235.104764     -7.641696
2350  4237   4    105.426607    239.368712     -7.633348
2383  4238   4     95.912077    243.633258     -7.649732
2019  4240   4    247.246548    186.068344    -10.648641
2016  4241   4    237.718402    190.285763    -10.275968
2426  4242   4    228.180445    194.512927     -9.924388
2435  4243   4    218.645987    198.750190     -9.682214
2405  4244   4    209.116317    202.982306     -9.379064
2442  4245   4    199.584874    207.210541     -9.174415
2053  4246   4    190.040197    211.444352     -8.929441
2096  4247   4    180.510832    215.665296     -8.709425
2098  4248   4    170.976516    219.922233     -8.585696
2050  4249   4    161.458473    224.160393     -8.427561
2080  4250   4    151.927481    228.422385     -8.296061
2379  4251   4    142.414337    232.690961     -8.192020
2351  4252   4    132.899222    236.939590     -8.113546
2397  4253   4    123.386355    241.199131     -8.064458
2385  4254   4    113.871242    245.465169     -8.044111
2393  4255   4    104.360209    249.730018     -8.048185
2381  4256   4     94.849189    253.994195     -8.076585
2002  4257   4    255.704829    192.214024    -11.465965
2029  4258   4    246.169994    196.426151    -11.107393
2009  4259   4    236.633743    200.647741    -10.751845
2027  4260   4    227.098023    204.873354    -10.378272
2402  4261   4    217.562470    209.110362    -10.069687
2419  4262   4    208.025918    213.340222     -9.788515
2079  4263   4    198.498453    217.572314     -9.610085
2069  4264   4    188.957893    221.799339     -9.375028
2071  4265   4    179.428461    226.020412     -9.238062
2077  4266   4    169.905666    230.276997     -9.064657
2086  4267   4    160.380183    234.512708     -8.916018
2055  4268   4    150.858601    238.784793     -8.796378
2076  4269   4    141.346666    243.047700     -8.703714
2352  4270   4    131.832765    247.299605     -8.640122
2396  4271   4    122.317475    251.559779     -8.607271
2398  4272   4    112.805743    255.827003     -8.599280
2394  4273   4    103.294744    260.091131     -8.615484
2364  4274   4     93.783790    264.355380     -8.656044
2003  4275   4    264.173757    198.367470    -12.287947
2014  4276   4    254.638173    202.578044    -11.897665
2024  4277   4    245.089800    206.788291    -11.527167
2040  4278   4    235.554658    211.009445    -11.181189
2012  4279   4    226.017775    215.237556    -10.892887
2035  4280   4    216.476929    219.471678    -10.601487
2051  4281   4    206.945857    223.703779    -10.294693
2068  4282   4    197.418494    227.926233    -10.052668
2097  4283   4    187.887639    232.151109     -9.835457
2054  4284   4    178.363217    236.374872     -9.730157
2063  4285   4    168.829670    240.628938     -9.567638
2057  4286   4    159.313903    244.874197     -9.432034
2064  4287   4    149.796552    249.142839     -9.325006
2052  4288   4    140.286428    253.404347     -9.245389
2062  4289   4    130.771607    257.660128     -9.194992
2365  4290   4    121.262732    261.922428     -9.174607
2367  4291   4    111.745917    266.190946     -9.178725
2368  4292   4    102.231904    270.456245     -9.207083
2049  4293   4    272.650957    204.526960    -13.078388
2006  4294   4    263.110127    208.735490    -12.705240
2043  4295   4    253.565429    212.933709    -12.350354
2004  4296   4    244.018485    217.152672    -12.016156
2008  4297   4    234.480372    221.375500    -11.703316
2033  4298   4    224.945324    225.600224    -11.412219
2337  4299   4    215.418885    229.835536    -11.144412
2305  4300   4    205.893219    234.063353    -10.899267
2091  4301   4    196.363330    238.291365    -10.677682
2090  4302   4    186.814132    242.505076    -10.478821
2078  4303   4    177.287615    246.731309    -10.306839
2058  4304   4    167.772062    250.983090    -10.162550
2085  4305   4    158.256393    255.238461    -10.044655
2060  4306   4    148.746225    259.504083     -9.954227
2067  4307   4    139.235559    263.766879     -9.890517
2070  4308   4    129.723261    268.027419     -9.853749
2227  4309   4    120.198743    272.290758     -9.844088
2391  4310   4    110.678557    276.560930     -9.862406
2388  4311   4    101.171143    280.830710     -9.908331
2162  4312   4    281.132001    210.689279    -13.933914
2199  4313   4    271.592871    214.893933    -13.541841
2154  4314   4    262.040421    219.099938    -13.168296
2039  4315   4    252.502509    223.298334    -12.815326
2023  4316   4    242.953931    227.518377    -12.483771
2013  4317   4    233.412863    231.744349    -12.174737
2347  4318   4    223.889351    235.967190    -11.889034
2339  4319   4    214.350567    240.203003    -11.626549
2300  4320   4    204.821649    244.424006    -11.387754
2061  4322   4    185.761216    252.872317    -11.019089
2092  4323   4    176.234801    257.101055    -10.862268
2074  4324   4    166.720355    261.353648    -10.733039
2094  4325   4    157.207001    265.610076    -10.630121
2059  4326   4    147.689812    269.878867    -10.555159
2073  4327   4    138.175353    274.142905    -10.507759
2234  4328   4    128.660989    278.399696    -10.485605
2200  4329   4    119.131535    282.666116    -10.489453
2238  4330   4    109.621210    286.941250    -10.520247
2171  4332   4    289.628462    216.862840    -14.612543
2161  4333   4    280.081249    221.067881    -14.163723
2150  4334   4    270.528646    225.268018    -13.819800
2197  4335   4    260.982224    229.471995    -13.422127
2030  4336   4    251.442837    233.668746    -13.132447
2048  4337   4    241.893586    237.892065    -12.791167
2313  4338   4    232.357405    242.117850    -12.474602
2330  4339   4    222.832769    246.340793    -12.429603
2336  4340   4    213.308194    250.569970    -12.197187
2322  4341   4    203.777009    254.794143    -11.986892
2348  4342   4    194.245082    259.016697    -11.799789
2341  4343   4    184.711943    263.246593    -11.636948
2089  4344   4    175.186890    267.477666    -11.498889
2072  4345   4    165.671686    271.731386    -11.387434
2056  4346   4    156.153880    275.988636    -11.301254
2099  4347   4    146.637644    280.256845    -11.241290
2221  4348   4    137.116856    284.524457    -11.206787
2205  4349   4    127.598562    288.779444    -11.197274
2216  4350   4    118.085299    293.051872    -11.214886
2212  4351   4    108.575893    297.329702    -11.258703
2191  4352   4    298.140221    223.047560    -15.605813
2174  4353   4    288.587315    227.251128    -15.164314
2183  4354   4    279.029885    231.452830    -14.742731
2158  4355   4    269.473308    235.648483    -14.342003
2195  4356   4    259.925196    239.855347    -13.964434
2038  4357   4    250.384715    244.049318    -13.609318
2308  4358   4    240.839890    248.274106    -13.279370
2319  4359   4    231.313089    252.505137    -13.062494
2344  4360   4    221.786262    256.721560    -12.789900
2307  4361   4    212.253803    260.950728    -12.542919
2314  4362   4    202.722704    265.168513    -12.550198
2331  4363   4    193.189209    269.390726    -12.379422
2312  4364   4    183.667913    273.631741    -12.233854
2324  4365   4    174.142557    277.863989    -12.111522
2083  4366   4    164.623028    282.117393    -12.015085
2082  4367   4    155.107738    286.376048    -11.943770
2066  4368   4    145.585256    290.645493    -11.897771
2217  4369   4    136.075696    294.915481    -11.877247
2232  4370   4    126.557736    299.170066    -11.880458
2230  4371   4    117.039005    303.446675    -11.910223
2223  4372   4    107.528560    307.727264    -11.965463
2181  4373   4    306.672740    229.247415    -16.533580
2152  4374   4    297.108013    233.445536    -16.090380
2153  4375   4    287.542042    237.644549    -15.666897
2175  4376   4    277.973451    241.842136    -15.263689
2173  4377   4    268.421802    246.036140    -14.882677
2190  4378   4    258.874990    250.239765    -14.524573
2165  4379   4    249.335436    254.438738    -14.189411
2303  4380   4    239.808250    258.667884    -13.880420
2309  4381   4    230.280344    262.894216    -13.595455
2333  4382   4    220.753649    267.112377    -13.334931
2343  4383   4    211.221702    271.333061    -13.101877
2316  4384   4    201.691851    275.548795    -12.980105
2301  4385   4    192.158786    279.777142    -12.803170
2317  4386   4    182.625958    284.021623    -12.653928
2325  4387   4    173.099441    288.253769    -12.531037
2087  4388   4    163.581240    292.507349    -12.437357
2075  4389   4    154.062065    296.772720    -12.374466
2207  4390   4    144.553187    301.045160    -12.342239
2214  4391   4    135.044817    305.317590    -12.334575
2224  4392   4    125.527700    309.570625    -12.349843
2222  4393   4    116.022871    313.854697    -12.392174
2159  4394   4    315.226343    235.462643    -17.496987
2185  4395   4    305.648722    239.655159    -17.052049
2189  4396   4    296.078638    243.848660    -16.626885
2196  4397   4    286.513858    248.045036    -16.219415
2194  4398   4    276.953223    252.240658    -15.824074
2179  4399   4    267.400244    256.434195    -15.451113
2160  4400   4    257.854856    260.634135    -15.101768
2170  4401   4    248.314126    264.836938    -14.776341
2315  4402   4    238.783209    269.066417    -14.426173
2306  4403   4    229.250141    273.295767    -14.154888
2340  4404   4    219.717051    277.514946    -13.908127
2323  4405   4    210.183126    281.734304    -13.772251
2302  4406   4    200.650616    285.948695    -13.580968
2327  4407   4    191.113251    290.172041    -13.416427
2346  4408   4    181.577377    294.413827    -13.280128
2318  4409   4    172.053114    298.656996    -13.171647
2448  4410   4    162.536840    302.915915    -13.095076
2202  4411   4    153.028789    307.181440    -13.049912
2245  4412   4    143.519891    311.455507    -13.029974
2210  4413   4    134.011104    315.729718    -13.034708
2247  4414   4    124.496274    319.984275    -13.062499
2208  4415   4    114.997638    324.272169    -13.117824
2187  4416   4    323.847093    241.726717    -18.465351
2188  4417   4    314.225118    245.881459    -18.033354
2177  4418   4    304.641195    250.072917    -17.593686
2166  4419   4    295.067123    254.265460    -17.174308
2192  4420   4    285.499257    258.456579    -16.775928
2184  4421   4    275.937151    262.647454    -16.399269
2168  4422   4    266.378875    266.838400    -16.044907
2167  4423   4    256.831789    271.037162    -15.714485
2198  4424   4    247.293674    275.246897    -15.408733
2025  4425   4    237.761779    279.477855    -15.128849
2345  4426   4    228.225693    283.706541    -14.873264
2310  4427   4    218.686595    287.925756    -14.589111
2320  4428   4    209.147028    292.144832    -14.385890
2321  4429   4    199.600112    296.356165    -14.207747
2326  4430   4    190.066883    300.576214    -14.057384
2304  4431   4    180.539020    304.826174    -13.936381
2406  4432   4    171.017885    309.071758    -13.845719
2441  4433   4    161.505189    313.334717    -13.787508
2415  4434   4    151.997783    317.605636    -13.754884
2248  4435   4    142.485173    321.876748    -13.746898
2244  4436   4    132.983124    326.160059    -13.764947
2229  4437   4    123.472834    330.413709    -13.805322
2155  4440   4    313.294380    256.321617    -18.558744
2164  4441   4    303.698721    260.506250    -18.135586
2180  4442   4    294.120852    264.698741    -17.734221
2156  4443   4    284.549693    268.888698    -17.353915
2186  4444   4    274.983593    273.073591    -16.995032
2178  4445   4    265.417535    277.258639    -16.658214
2176  4446   4    255.860325    281.456957    -16.345523
2017  4447   4    246.317174    285.671341    -16.058100
2028  4448   4    236.782722    289.899647    -15.796083
2045  4449   4    227.240129    294.126608    -15.558018
2338  4450   4    217.707349    298.347111    -15.341269
2349  4451   4    208.170080    302.565189    -15.158896
2311  4452   4    198.635675    306.787369    -15.002116
2332  4453   4    189.099042    310.999726    -14.870018
2407  4454   4    179.578549    315.258179    -14.767968
2429  4455   4    170.057226    319.506038    -14.691181
2411  4456   4    160.544026    323.770943    -14.642343
2437  4457   4    151.033410    328.040996    -14.620425
2439  4458   4    141.524352    332.314966    -14.625344
2215  4459   4    132.022010    336.599744    -14.657821
2182  4462   4    302.699689    270.947050    -18.643714
2169  4463   4    293.118036    275.136302    -18.290204
2172  4464   4    283.543102    279.324227    -17.945513
2193  4465   4    273.972543    283.508106    -17.604613
2157  4466   4    264.404380    287.690715    -17.285798
2007  4467   4    254.847723    291.884347    -16.991032
2021  4468   4    245.311731    296.106196    -16.722610
2020  4469   4    235.780821    300.335057    -16.478705
2034  4470   4    226.246007    304.555553    -16.258222
2328  4471   4    216.712110    308.776674    -16.062534
2329  4472   4    207.175159    312.992908    -15.891449
2335  4473   4    197.637186    317.213016    -15.746117
2436  4474   4    188.100597    321.434796    -15.626828
2410  4475   4    178.578880    325.687992    -15.536806
2416  4476   4    169.058585    329.947472    -15.473697
2408  4477   4    159.543671    334.213487    -15.437837
2151  4483   4    282.577056    289.775751    -18.555111
2163  4484   4    273.000200    293.955106    -18.231208
2046  4485   4    263.430413    298.134593    -17.929700
2011  4486   4    253.867064    302.332605    -17.652346
2044  4487   4    244.326268    306.555310    -17.401072
2001  4488   4    234.792929    310.782141    -17.174044
2010  4489   4    225.250848    315.003272    -16.970118
2032  4490   4    215.716359    319.226243    -16.791136
2334  4491   4    206.170143    323.442295    -16.635827
2446  4492   4    196.625974    327.662572    -16.506076
2433  4493   4    187.091753    331.881848    -16.402110
2403  4494   4    177.571137    336.134448    -16.326995
2431  4495   4    168.053324    340.400945    -16.278919
2037  4502   4    262.456834    308.598631    -18.548737
2018  4503   4    252.886530    312.790440    -18.307991
2031  4504   4    243.340598    317.017026    -18.091874
2041  4505   4    233.781124    321.242667    -17.880776
2022  4506   4    224.236555    325.462041    -17.692956
2026  4507   4    214.703327    329.687611    -17.530265
2342  4508   4    205.156681    333.903416    -17.390585
2432  4509   4    195.615509    338.124009    -17.276249
2421  4510   4    186.083030    342.342379    -17.187061
2422  4511   4    176.563662    346.599497    -17.126637
2423  4512   4    167.041073    350.868562    -17.092325
2047  4518   4    242.455273    327.503580    -18.803131
2000  4519   4    232.876952    331.728088    -18.606050
2015  4520   4    223.325274    335.942195    -18.433080
2042  4521   4    213.789493    340.173191    -18.285939
2005  4522   4    204.235977    344.384857    -18.160510
2409  4523   4    194.698280    348.606005    -18.060839
2445  4524   4    185.161968    352.834436    -17.986280
2449  4525   4    175.639775    357.095627    -17.939582
2444  4526   4    166.117700    361.366579    -17.918434
2819  5000   5      3.747139     28.364713     -0.082419
2837  5001   5      6.966135     38.271797     -0.156482
2846  5002   5     -3.252039     36.116075     -0.132583
2817  5003   5     10.185094     48.178776     -0.250794
2831  5004   5     -0.035233     46.023825     -0.221006
2824  5005   5     13.404014     58.085656     -0.370357
2818  5006   5      3.183120     55.930962     -0.321973
2839  5007   5     -7.071069     53.784630     -0.307886
2802  5008   5     16.622549     67.991373     -0.512207
2827  5009   5      6.408217     65.834694     -0.452002
2805  5010   5     -3.844867     63.689157     -0.415379
2822  5012   5     19.841053     77.897018     -0.677508
2813  5013   5      9.634424     75.737966     -0.605282
2845  5014   5     -0.589396     73.583995     -0.555854
2815  5015   5    -10.813390     71.437363     -0.531959
2847  5016   5     23.059512     87.802558     -0.867238
2830  5017   5     12.857268     85.642217     -0.783149
2803  5018   5      2.632252     83.488402     -0.721322
2844  5019   5     -7.560440     81.333062     -0.684166
2835  5020   5    -17.804625     79.162632     -0.673227
2622  5021   5     26.277918     97.707949     -1.081164
2625  5022   5     16.075661     95.547768     -0.984994
2838  5023   5      5.847068     93.394864     -0.910713
2823  5024   5     -4.347186     91.241593     -0.860655
2843  5025   5    -14.551742     89.056108     -0.835814
2617  5026   5     29.496251    107.613142     -1.320156
2634  5027   5     19.295105    105.452791     -1.211997
2626  5028   5      9.068703    103.299037     -1.125368
2607  5029   5     -1.125964    101.146540     -1.062541
2832  5030   5    -11.342237     98.963544     -1.024468
2806  5031   5    -21.584955     96.767566     -1.012965
2618  5032   5     32.714496    117.518086     -1.577147
2621  5033   5     22.510609    115.358858     -1.467181
2638  5034   5     12.286381    113.204368     -1.376641
2633  5035   5      2.092375    111.051996     -1.307543
2807  5036   5     -8.122247    108.867424     -1.260570
2801  5037   5    -18.376264    106.676554     -1.237790
2628  5039   5     35.932640    127.422736     -1.865693
2601  5040   5     25.725619    125.264805     -1.743510
2604  5041   5     15.489742    123.114151     -1.640784
2606  5042   5      5.292677    120.962426     -1.559386
2636  5043   5     -4.905485    118.772237     -1.499699
2849  5044   5    -15.158797    116.582428     -1.464243
2840  5045   5    -25.460899    114.423973     -1.455001
2619  5046   5     39.150672    137.327064     -2.184513
2600  5047   5     28.944478    135.169193     -2.040655
2641  5048   5     18.693368    133.023617     -1.917673
2640  5049   5      8.486819    130.876180     -1.817481
2631  5050   5     -1.719299    128.686849     -1.740193
2808  5051   5    -11.942100    126.488279     -1.688277
2834  5052   5    -22.243312    124.330427     -1.694804
2828  5053   5    -32.462174    122.157906     -1.697538
2541  5054   5     42.368586    147.231053     -2.523729
2547  5055   5     32.168084    145.071709     -2.368105
2623  5056   5     21.909507    142.928764     -2.233188
2609  5057   5     11.699894    140.781122     -2.120728
2611  5058   5      1.487311    138.594829     -2.030820
2820  5059   5     -8.733177    136.396396     -1.965773
2848  5060   5    -19.014184    134.232942     -1.928552
2826  5061   5    -29.245203    132.064367     -1.947075
2508  5062   5     45.586379    157.134698     -2.876179
2513  5063   5     35.381136    154.977325     -2.699909
2502  5064   5     25.136202    152.830188     -2.545162
2632  5065   5     14.939994    150.676592     -2.449555
2627  5066   5      4.703240    148.499751     -2.346645
2821  5067   5     -5.545555    146.311163     -2.268482
2812  5068   5    -15.819544    144.146422     -2.217617
2841  5069   5    -26.015397    141.966443     -2.193495
2842  5070   5    -36.253819    139.824928     -2.197208
2523  5071   5     48.804055    167.038010     -3.269993
2500  5072   5     38.599731    164.880825     -3.080838
2503  5073   5     28.372075    162.728318     -2.912979
2532  5074   5     18.162363    160.577546     -2.799882
2836  5076   5     -2.328085    156.216110     -2.596348
2810  5077   5    -12.608636    154.054423     -2.533258
2833  5078   5    -22.820677    151.879663     -2.495911
2825  5079   5    -33.028417    149.728666     -2.486192
2535  5080   5     52.021620    176.941008     -3.665457
2510  5081   5     41.820005    174.783491     -3.486760
2544  5082   5     31.579592    172.635370     -3.326867
2518  5083   5     21.369171    170.483464     -3.187240
2540  5084   5     11.164240    168.299948     -3.067892
2501  5085   5      0.922272    166.110142     -2.970934
2548  5086   5     -9.382284    163.957171     -2.899374
2814  5087   5    -19.605262    161.785970     -2.851756
2800  5088   5    -29.814438    159.635875     -2.830016
2811  5089   5    -40.010304    157.481344     -2.833364
2527  5090   5     55.239084    186.843730     -4.145217
2530  5091   5     45.043986    184.684704     -3.927933
2515  5092   5     34.828662    182.528588     -3.731882
2507  5093   5     24.602606    180.380447     -3.559001
2528  5094   5     14.363535    178.210078     -3.452486
2516  5095   5      4.134643    176.016389     -3.333855
2520  5096   5     -6.133235    173.852257     -3.242170
2529  5097   5    -16.381172    171.689237     -3.177193
2829  5098   5    -26.575893    169.534844     -3.140530
2816  5099   5    -36.781990    167.383826     -3.131882
2804  5100   5    -46.993856    165.225325     -3.147111
2998  5101   5     58.456466    196.746234     -4.607107
2511  5102   5     48.264720    194.586791     -4.380274
2505  5103   5     38.068697    192.424508     -4.174130
2531  5104   5     27.852528    190.271666     -3.990580
2525  5105   5     17.602511    188.107243     -3.874327
2506  5106   5      7.350211    185.921435     -3.743110
2524  5107   5     -2.910351    183.755639     -3.638223
2536  5108   5    -13.135286    181.585171     -3.559418
2517  5109   5    -23.348250    179.437124     -3.508540
2643  5110   5    -33.543871    177.282640     -3.485072
2809  5111   5    -43.752045    175.122833     -3.488175
2968  5112   5     61.673791    206.648597     -5.102750
2971  5113   5     51.477033    204.491501     -4.874930
2543  5114   5     41.286154    202.327587     -4.666639
2522  5115   5     31.091431    200.166300     -4.479482
2533  5116   5     20.857860    197.998957     -4.314150
2537  5117   5     10.568060    195.825588     -4.172058
2514  5118   5      0.312482    193.658793     -4.055322
2519  5119   5     -9.919146    191.490599     -3.964290
2542  5120   5    -20.114447    189.336941     -3.900247
2620  5121   5    -30.310899    187.183069     -3.863857
2639  5122   5    -40.514097    185.021418     -3.854716
2630  5123   5    -50.713387    182.870239     -3.870224
2958  5124   5     64.891091    216.550923     -5.631160
2980  5125   5     54.699051    214.392978     -5.390210
2983  5126   5     44.499478    212.231895     -5.168814
2984  5127   5     34.277667    210.077872     -4.968633
2512  5128   5     24.081766    207.900873     -4.789814
2539  5129   5     13.820359    205.718364     -4.633875
2504  5130   5      3.554321    203.556016     -4.503711
2549  5131   5     -6.672006    201.385810     -4.398841
2521  5132   5    -16.881547    199.236960     -4.321324
2646  5133   5    -27.078468    197.083147     -4.270353
2647  5134   5    -37.281502    194.921590     -4.246718
2629  5135   5    -47.476247    192.769434     -4.250040
2955  5136   5     68.108359    226.453185     -6.153274
2981  5137   5     57.916932    224.295637     -5.911452
2951  5138   5     47.725905    222.131883     -5.688170
2967  5139   5     37.515103    219.972787     -5.484914
2966  5140   5     27.275389    217.812509     -5.302575
2719  5141   5     17.073904    215.610627     -5.140659
2546  5142   5      6.801014    213.450942     -5.003909
2509  5143   5     -3.430441    211.283464     -4.891153
2538  5144   5    -13.634931    209.132004     -4.804112
2526  5145   5    -23.844317    206.982712     -4.742698
2616  5146   5    -34.048921    204.821644     -4.706625
2637  5147   5    -44.244090    202.670008     -4.697131
2605  5148   5    -54.439307    200.522727     -4.714083
2957  5149   5     71.328678    236.364886     -6.785760
2989  5151   5     50.942324    232.034849     -6.238847
2953  5152   5     40.749075    229.868869     -6.021931
2982  5153   5     30.524245    227.707222     -5.816175
2970  5154   5     20.270047    225.521498     -5.632352
2748  5155   5     10.053770    223.343724     -5.473643
2739  5156   5     -0.184324    221.178733     -5.340989
2534  5157   5    -10.395005    219.029232     -5.235410
2545  5158   5    -20.598136    216.877808     -5.156520
2610  5159   5    -30.814891    214.721153     -5.106238
2649  5160   5    -41.011126    212.570054     -5.150914
2613  5161   5    -51.206883    210.423187     -5.154635
2615  5162   5    -61.401377    208.274086     -5.183336
2563  5163   5     74.546735    246.269669     -7.380383
2574  5164   5     64.356352    244.104565     -7.091268
2985  5165   5     54.165577    241.935210     -6.822292
2950  5166   5     43.965002    239.770933     -6.575103
2986  5167   5     33.771335    237.602819     -6.384656
2956  5168   5     23.518925    235.416200     -6.195876
2727  5169   5     13.280630    233.244782     -6.031352
2715  5170   5      3.065421    231.072239     -5.890991
2749  5171   5     -7.149037    228.924340     -5.776892
2721  5172   5    -17.358226    226.775211     -5.688272
2612  5173   5    -27.568336    224.617282     -5.625258
2608  5174   5    -37.774947    222.468766     -5.589214
2614  5175   5    -47.971849    220.322662     -5.579877
2648  5176   5    -58.166729    218.173420     -5.597043
2581  5177   5     77.765006    256.175166     -7.999898
2577  5178   5     67.576603    254.006732     -7.709798
2569  5179   5     57.382786    251.838842     -7.439187
2992  5180   5     47.190085    249.672274     -7.189266
2988  5181   5     36.988947    247.506116     -6.960929
2952  5182   5     26.765995    245.311962     -6.753479
2710  5183   5     16.529769    243.139289     -6.571180
2733  5184   5      6.299628    240.975533     -6.443853
2703  5185   5     -3.899618    238.818193     -6.321365
2704  5186   5    -14.112320    236.670453     -6.223767
2735  5187   5    -24.328245    234.514689     -6.150667
2732  5188   5    -34.529371    232.364356     -6.103104
2642  5189   5    -44.734060    230.221155     -6.081529
2645  5190   5    -54.929342    228.072312     -6.085230
2635  5191   5    -65.125200    225.926772     -6.114756
2554  5192   5     80.986973    266.092090     -8.654410
2570  5193   5     70.798329    263.920123     -8.343013
2583  5194   5     60.603024    261.746211     -8.051450
2589  5195   5     50.408885    259.577877     -7.781371
2595  5196   5     40.217527    257.409102     -7.585102
2994  5197   5     29.986780    255.218550     -7.376590
2729  5198   5     19.776658    253.035354     -7.190973
2716  5199   5      9.548989    250.869667     -7.029470
2718  5200   5     -0.667316    248.718788     -6.892818
2700  5201   5    -10.862443    246.564231     -6.780510
2747  5202   5    -21.079243    244.406922     -6.693235
2724  5203   5    -31.286592    242.260812     -6.632193
2707  5204   5    -41.488993    240.117239     -6.597178
2603  5205   5    -51.693718    237.971730     -6.588175
2602  5206   5    -61.890151    235.826750     -6.605236
2559  5207   5     84.208408    276.007433     -9.270176
2596  5208   5     74.011140    273.831406     -8.934130
2565  5209   5     63.821182    271.653625     -8.618842
2558  5210   5     53.624461    269.479025     -8.325447
2590  5211   5     43.431308    267.311932     -8.057812
2871  5212   5     33.221896    265.121021     -7.968727
2853  5213   5     23.001265    262.944434     -7.775619
2713  5214   5     12.796168    260.765580     -7.604921
2730  5215   5      2.582304    258.612664     -7.458936
2745  5216   5     -7.630807    256.464995     -7.337149
2743  5217   5    -17.833005    254.304081     -7.238990
2738  5218   5    -28.038696    252.155620     -7.166476
2734  5219   5    -38.244993    250.013706     -7.119610
2746  5220   5    -48.446865    247.867495     -7.097938
2644  5221   5    -58.653227    245.725700     -7.102169
2624  5222   5    -68.850220    243.580129     -7.131614
2692  5223   5     87.432124    285.929859     -9.945771
2579  5224   5     77.244632    283.746184     -9.576919
2572  5225   5     67.033875    281.572045     -9.230172
2573  5226   5     56.843217    279.390289     -8.988372
2599  5227   5     46.647826    277.220346     -8.700651
2882  5228   5     36.435145    275.028939     -8.508113
2851  5229   5     26.242311    272.845121     -8.280385
2898  5230   5     16.021530    270.677918     -8.078327
2877  5231   5      5.828372    268.509433     -8.050726
2741  5232   5     -4.382168    266.358308     -7.921129
2701  5233   5    -14.601016    264.205182     -7.814872
2712  5234   5    -24.796171    262.051313     -7.732386
2711  5235   5    -34.994190    259.908046     -7.674762
2740  5236   5    -45.202279    257.764092     -7.641696
2742  5237   5    -55.405482    255.621560     -7.633348
2737  5238   5    -65.609536    253.479150     -7.649732
2690  5240   5     90.658431    295.860327    -10.648641
2686  5241   5     80.471062    293.671787    -10.275968
2578  5242   5     70.270028    291.485363     -9.924388
2585  5243   5     60.065888    289.309168     -9.682214
2594  5244   5     49.868648    287.131622     -9.379064
2555  5245   5     39.672255    284.949894     -9.174415
2854  5246   5     29.461877    282.764899     -8.929441
2870  5247   5     19.271450    280.578494     -8.709425
2885  5248   5      9.055862    278.418298     -8.585696
2862  5249   5     -1.135524    276.252477     -8.427561
2876  5250   5    -11.351396    274.098324     -8.296061
2709  5251   5    -21.556696    271.959989     -8.192020
2706  5252   5    -31.751867    269.804358     -8.113546
2714  5253   5    -41.951634    267.658876     -8.064458
2722  5254   5    -52.157037    265.517330     -8.044111
2731  5255   5    -62.358439    263.377220     -8.048185
2726  5256   5    -72.559436    261.236575     -8.076585
2685  5257   5     93.888983    305.803940    -11.465965
2654  5258   5     83.699314    303.607186    -11.107393
2693  5259   5     73.502936    301.417256    -10.751845
2680  5260   5     63.304623    299.230894    -10.378272
2597  5261   5     53.099749    297.053847    -10.069687
2591  5262   5     42.898267    294.870432     -9.788515
2864  5263   5     32.702825    292.694162     -9.610085
2857  5264   5     22.499766    290.506097     -9.375028
2886  5265   5     12.309209    288.319757     -9.238062
2894  5266   5      2.103149    286.166049     -9.064657
2856  5267   5     -8.092818    283.993873     -8.916018
2895  5268   5    -18.307008    281.853417     -8.796378
2879  5269   5    -28.507999    279.711206     -8.703714
2702  5270   5    -38.704113    277.558938     -8.640122
2744  5271   5    -48.906213    275.412544     -8.607271
2705  5272   5    -59.109576    273.273946     -8.599280
2725  5273   5    -69.310528    271.133273     -8.615484
2717  5274   5    -79.511513    268.992724     -8.656044
2683  5275   5     97.123585    315.760093    -12.287947
2669  5276   5     86.934222    313.561643    -11.897665
2660  5277   5     76.734705    311.355412    -11.527167
2698  5278   5     66.539481    309.165781    -11.181189
2681  5279   5     56.338760    306.980755    -10.892887
2665  5280   5     46.131299    304.798264    -10.601487
2865  5281   5     35.932933    302.619881    -10.294693
2872  5282   5     25.743238    300.435875    -10.052668
2873  5283   5     15.549295    298.251776     -9.835457
2891  5284   5      5.361210    296.070557     -9.730157
2868  5285   5     -4.852069    293.908490     -9.567638
2878  5286   5    -15.045786    291.749750     -9.432034
2866  5287   5    -25.254530    289.608995     -9.325006
2867  5288   5    -35.453234    287.466716     -9.245389
2888  5289   5    -45.652371    285.317044     -9.194992
2728  5290   5    -55.850530    283.176141     -9.174607
2708  5291   5    -66.058766    281.035601     -9.178725
2736  5292   5    -76.262845    278.894104     -9.207083
2682  5293   5    100.361327    325.725998    -13.110740
2653  5294   5     90.168922    323.522811    -12.719374
2695  5295   5     79.979447    321.309009    -12.347160
2663  5296   5     69.775963    319.110668    -11.996645
2652  5297   5     59.577352    316.920646    -11.668532
2696  5298   5     49.380105    314.733959    -11.363222
2774  5299   5     39.183600    312.560899    -11.113030
2795  5300   5     28.992126    310.382228    -10.864462
2899  5301   5     18.797120    308.201233    -10.639783
2893  5302   5      8.594900    305.997320    -10.398192
2859  5303   5     -1.596331    303.816867    -10.224952
2860  5304   5    -11.793709    301.663529    -10.079608
2852  5305   5    -21.993292    299.513027     -9.960853
2861  5306   5    -32.194449    297.374051     -9.869764
2897  5307   5    -42.394348    295.232496     -9.807638
2875  5308   5    -52.594241    293.088157     -9.774844
2969  5309   5    -62.805666    290.938899     -9.766236
2723  5310   5    -73.017603    288.797716     -9.782557
2720  5311   5    -83.218976    286.663723     -9.823532
2907  5312   5    103.600516    335.696452    -13.807346
2937  5313   5     93.411764    333.491128    -13.430793
2933  5314   5     83.211442    331.279068    -13.072033
2655  5315   5     73.027354    329.069398    -12.733035
2694  5316   5     62.821912    326.870972    -12.414605
2657  5317   5     52.619062    324.681756    -12.117803
2772  5318   5     42.432256    322.500325    -11.843409
2768  5319   5     32.225469    320.320413    -11.591314
2783  5320   5     22.035369    318.134319    -11.361972
2863  5322   5      1.649362    313.765705    -10.975322
2896  5323   5     -8.543260    311.587340    -10.819531
2887  5324   5    -18.740219    309.435309    -10.691150
2890  5325   5    -28.938550    307.287022    -10.588907
2883  5326   5    -39.147250    305.146483    -10.513537
2884  5327   5    -49.350948    303.003703    -10.464438
2959  5328   5    -59.550310    300.855117    -10.441491
2964  5329   5    -69.767538    298.705451    -10.445476
2996  5330   5    -79.974413    296.574078    -10.477373
2936  5332   5    106.845569    345.685062    -14.667090
2909  5333   5     96.650050    343.475300    -14.390436
2904  5334   5     86.453054    341.258403    -14.003195
2919  5335   5     76.258800    339.048246    -13.636631
2666  5336   5     66.074486    336.836378    -13.290972
2676  5337   5     55.866574    334.640206    -12.967879
2787  5338   5     45.667788    332.453711    -12.668183
2789  5339   5     35.480011    330.271703    -12.392180
2791  5340   5     25.288620    328.094775    -12.140470
2788  5341   5     15.094824    325.909912    -11.912718
2775  5342   5      4.901378    323.723304    -11.769715
2776  5343   5     -5.297365    321.541924    -11.598924
2881  5344   5    -15.490256    319.366248    -11.454124
2858  5345   5    -25.688491    317.214683    -11.337227
2892  5346   5    -35.890907    315.064445    -11.246839
2850  5347   5    -46.098495    312.923995    -11.185277
2975  5348   5    -56.309413    310.780386    -11.151724
2965  5349   5    -66.510894    308.628030    -11.142473
2972  5350   5    -76.718555    306.492742    -11.159600
2999  5351   5    -86.926271    304.364090    -11.202211
2931  5352   5    110.096439    355.691692    -15.605813
2935  5353   5     99.897180    353.477393    -15.164314
2914  5354   5     89.695359    351.258924    -14.742731
2940  5355   5     79.497783    349.036064    -14.342003
2917  5356   5     69.300465    346.827248    -13.964434
2699  5357   5     59.116900    344.612489    -13.609318
2771  5358   5     48.911705    342.420107    -13.279370
2756  5359   5     38.717424    340.243370    -13.062494
2794  5360   5     28.531708    338.054799    -12.789900
2764  5361   5     18.333944    335.873229    -12.542919
2758  5362   5      8.143971    333.683249    -12.550198
2797  5363   5     -2.050542    331.495443    -12.379422
2754  5364   5    -12.246239    329.330019    -12.233854
2786  5365   5    -22.440066    327.155116    -12.111522
2855  5366   5    -32.641616    325.000753    -12.015085
2880  5367   5    -42.842822    322.853131    -11.943770
2889  5368   5    -53.056188    320.710010    -11.897771
2991  5369   5    -63.259420    318.574923    -11.877247
2993  5370   5    -73.460394    316.422439    -11.880458
2961  5371   5    -83.674937    314.287318    -11.910223
2987  5372   5    -93.885116    312.160288    -11.965463
2901  5373   5    113.355209    365.722769    -16.533580
2903  5374   5    103.149589    363.497114    -16.090380
2938  5375   5     92.942438    361.271451    -15.666897
2920  5376   5     82.734005    359.043093    -15.263689
2918  5377   5     72.541385    356.821795    -14.882677
2915  5378   5     62.347023    354.611124    -14.524573
2916  5379   5     52.161267    352.400955    -14.189411
2762  5380   5     41.967782    350.222467    -13.880420
2763  5381   5     31.775369    348.041279    -13.595455
2793  5382   5     21.588738    345.854191    -13.334931
2785  5383   5     11.396375    343.666059    -13.101877
2790  5384   5      1.208617    341.475154    -12.980105
2752  5385   5     -8.989155    339.292563    -12.803170
2751  5386   5    -19.196218    337.123165    -12.653928
2765  5387   5    -29.390925    334.947497    -12.531037
2869  5388   5    -39.591503    332.794057    -12.437357
2874  5389   5    -49.799799    330.649584    -12.374466
2974  5390   5    -60.003920    328.516882    -12.342239
2995  5391   5    -70.207624    326.384471    -12.334575
2977  5392   5    -80.407005    324.231228    -12.349843
2990  5393   5    -90.614688    322.110316    -12.392174
2905  5394   5    116.622000    375.778675    -17.496987
2948  5395   5    106.409242    373.540907    -17.052049
2923  5396   5     96.202004    371.308367    -16.626885
2924  5397   5     85.997366    369.081269    -16.219415
2947  5398   5     75.796525    366.855999    -15.824074
2942  5399   5     65.603104    364.633542    -15.451113
2946  5400   5     55.412060    362.420727    -15.101768
2913  5401   5     45.223102    360.212964    -14.776341
2750  5402   5     35.026403    358.032553    -14.627819
2773  5403   5     24.828039    355.850772    -14.382445
2753  5404   5     14.635636    353.660750    -14.159253
2770  5405   5      4.442452    351.470382    -13.959365
2781  5406   5     -5.746668    349.276827    -13.783047
2798  5407   5    -15.944978    347.087663    -13.631377
2792  5408   5    -26.152922    344.914293    -13.505742
2778  5409   5    -36.352284    342.748868    -13.405747
2571  5410   5    -46.554442    340.600880    -13.332483
2963  5411   5    -56.753829    338.463071    -13.285498
2978  5412   5    -66.958923    336.331674    -13.264726
2954  5413   5    -77.164011    334.200459    -13.269661
2997  5414   5    -87.362437    332.049790    -13.298610
2962  5415   5    -97.567355    329.935611    -13.356134
2911  5416   5    119.914402    385.913567    -18.434329
2941  5417   5    109.687965    383.619169    -17.983739
2906  5418   5     99.470731    381.376842    -17.556454
2945  5419   5     89.260829    379.141182    -17.149278
2930  5420   5     79.056785    376.908017    -16.762488
2926  5421   5     68.857545    374.678042    -16.396788
2939  5422   5     58.661361    372.450374    -16.030670
2922  5423   5     48.469636    370.235608    -15.734947
2944  5424   5     38.278718    368.034992    -15.461304
2684  5425   5     28.080358    365.855201    -15.210812
2782  5426   5     17.879944    363.671109    -14.982068
2761  5427   5      7.682659    361.477585    -14.775194
2759  5428   5     -2.514923    359.283673    -14.591383
2755  5429   5    -12.713901    357.079176    -14.430255
2796  5430   5    -22.906928    354.889776    -14.294254
2799  5431   5    -33.113195    352.727729    -14.184809
2552  5432   5    -43.311446    350.566095    -14.099895
2566  5433   5    -53.513083    348.423479    -14.041308
2561  5434   5    -63.715119    346.290413    -14.008405
2976  5435   5    -73.921479    344.154443    -14.000343
2960  5436   5    -84.126466    342.034550    -14.018562
2973  5437   5    -94.320684    339.885817    -14.059267
2927  5440   5    102.798411    391.518360    -18.521661
2912  5441   5     92.575695    389.263612    -18.131763
2932  5442   5     82.362751    387.025679    -17.734760
2908  5443   5     72.156726    384.789640    -17.354605
2928  5444   5     61.957770    382.552476    -16.995864
2910  5445   5     51.758757    380.315463    -16.659178
2925  5446   5     41.559102    378.094388    -16.346611
2672  5447   5     31.361379    375.894572    -16.059302
2656  5448   5     21.162509    373.711133    -15.797389
2673  5449   5     10.957844    371.521821    -15.559417
2769  5450   5      0.764913    369.333052    -15.346537
2757  5451   5     -9.430224    367.139682    -15.158706
2766  5452   5    -19.625454    364.951316    -14.997234
2784  5453   5    -29.816713    362.753692    -14.861182
2551  5454   5    -40.022011    360.602847    -14.756077
2582  5455   5    -50.221751    358.442944    -14.677868
2588  5456   5    -60.424940    356.301606    -14.629443
2550  5457   5    -70.629065    354.165952    -14.607710
2593  5458   5    -80.834230    352.034382    -14.612588
2979  5459   5    -91.040316    349.915504    -14.644789
2902  5462   5     85.630512    397.123181    -18.643714
2900  5463   5     75.416412    394.880403    -18.290204
2949  5464   5     65.208527    392.640501    -17.945513
2921  5465   5     55.006560    390.399896    -17.604613
2934  5466   5     44.807278    388.159672    -17.285798
2691  5467   5     34.610824    385.935131    -16.991032
2664  5468   5     24.414504    383.745563    -16.722610
2688  5469   5     14.218174    381.564654    -16.478705
2689  5470   5      4.023602    379.374684    -16.258222
2779  5471   5     -6.170595    377.185759    -16.062534
2760  5472   5    -16.364391    374.991085    -15.891449
2767  5473   5    -26.561291    372.798944    -15.746117
2580  5474   5    -36.758053    370.608969    -15.626828
2557  5475   5    -46.961250    368.453152    -15.536806
2562  5476   5    -57.166990    366.303255    -15.473697
2584  5477   5    -67.372218    364.161808    -15.437837
2943  5483   5     58.283728    400.528134    -18.555111
2929  5484   5     48.079325    398.280167    -18.231208
2679  5485   5     37.880564    396.036464    -17.929700
2678  5486   5     27.676123    393.811531    -17.652346
2674  5487   5     17.475413    391.619832    -17.401072
2670  5488   5      7.278311    389.435855    -17.174044
2659  5489   5     -2.922514    387.242127    -16.970118
2697  5490   5    -13.118277    385.054350    -16.791136
2777  5491   5    -23.319462    382.854083    -16.635827
2586  5492   5    -33.521473    380.658437    -16.506076
2553  5493   5    -43.714848    378.467828    -16.402110
2560  5494   5    -53.916803    376.312176    -16.326995
2556  5495   5    -64.124660    374.169415    -16.278919
2687  5502   5     30.942314    403.929793    -18.548737
2650  5503   5     20.735893    401.695754    -18.307991
2668  5504   5     10.528746    399.504177    -18.091874
2677  5505   5      0.311200    397.303874    -17.880776
2671  5506   5     -9.890604    395.107263    -17.692956
2662  5507   5    -20.086875    392.922329    -17.530265
2780  5508   5    -30.288263    390.721610    -17.390585
2598  5509   5    -40.488035    388.527981    -17.276249
2587  5510   5    -50.679468    386.337663    -17.187061
2576  5511   5    -60.883070    384.186400    -17.126637
2567  5512   5    -71.096299    382.042909    -17.092325
2675  5518   5      3.648662    407.467595    -18.803131
2661  5519   5     -6.583466    405.255299    -18.606050
2651  5520   5    -16.787925    403.050247    -18.433080
2658  5521   5    -26.989452    400.868204    -18.285939
2667  5522   5    -37.193964    398.660097    -18.160510
2564  5523   5    -47.391252    396.468960    -18.060839
2568  5524   5    -57.591699    394.284529    -17.986280
2592  5525   5    -67.799981    392.134900    -17.939582
2575  5526   5    -78.013903    389.993238    -17.918434
3416  6000   6    -13.640861     25.150048     -0.082419
3406  6001   6    -16.859877     35.057125     -0.156482
3449  6002   6    -23.859451     27.307018     -0.132583
3420  6003   6    -20.078860     44.964096     -0.250794
3435  6004   6    -27.080630     37.213347     -0.214058
3443  6005   6    -23.297817     54.870965     -0.370357
3426  6006   6    -30.300197     47.120090     -0.321973
3422  6007   6    -37.334427     39.356409     -0.298069
3415  6008   6    -26.516402     64.776666     -0.512207
3431  6009   6    -33.512306     57.028042     -0.452002
3419  6010   6    -40.546110     49.265654     -0.415379
3404  6012   6    -29.734970     74.682289     -0.677508
3444  6013   6    -36.723247     66.936274     -0.605282
3410  6014   6    -43.728419     59.184265     -0.555854
3409  6015   6    -50.738044     51.438089     -0.531959
3448  6016   6    -32.953511     84.587803     -0.867238
3436  6017   6    -39.937484     76.843322     -0.783149
3401  6018   6    -46.943715     69.090735     -0.721322
3433  6019   6    -53.922899     61.355914     -0.684166
3446  6020   6    -60.934872     53.578618     -0.673227
3324  6021   6    -36.172010     94.493164     -1.081164
3315  6022   6    -43.156086     86.748805     -0.984994
3442  6023   6    -50.165746     78.994852     -0.910713
3438  6024   6    -57.147410     71.260787     -0.860655
3432  6025   6    -64.118474     63.494605     -0.835814
3344  6026   6    -39.390450    104.398322     -1.320156
3318  6027   6    -46.373527     96.654478     -1.211997
3337  6028   6    -53.380916     88.901127     -1.125368
3332  6029   6    -60.363368     81.167445     -1.062541
3437  6030   6    -67.345374     73.396390     -1.024468
3423  6031   6    -74.341143     65.599287     -1.012965
3302  6032   6    -42.608815    114.303227     -1.583982
3347  6033   6    -49.594770    106.558680     -1.463453
3321  6034   6    -56.599967     98.806011     -1.364217
3319  6035   6    -63.581958     91.072819     -1.288481
3434  6036   6    -70.561702     83.301460     -1.236996
3425  6037   6    -77.569615     75.501848     -1.237790
3311  6039   6    -45.827089    124.207835     -1.873627
3330  6040   6    -52.816342    116.462496     -1.741059
3327  6041   6    -59.833218    108.706082     -1.629601
3331  6042   6    -66.818064    100.971616     -1.541285
3326  6043   6    -73.781190     93.205387     -1.476525
3440  6044   6    -80.789156     85.407048     -1.438054
3417  6045   6    -87.855024     77.605398     -1.428027
3314  6046   6    -49.045264    134.112116     -2.184513
3333  6047   6    -56.033883    126.367311     -2.040655
3329  6048   6    -63.066068    118.606053     -1.917673
3325  6049   6    -70.061107    110.869481     -1.817481
3306  6050   6    -77.031174    103.099269     -1.740193
3424  6051   6    -84.009307     95.311777     -1.688277
3412  6052   6    -91.074809     87.511137     -1.665163
3413  6053   6    -98.065066     79.747035     -1.667694
3235  6054   6    -52.263336    144.016053     -2.514409
3243  6055   6    -59.246485    136.273403     -2.347411
3303  6056   6    -66.286256    128.509884     -2.202635
3323  6057   6    -73.283654    120.771345     -2.120728
3312  6058   6    -80.260737    112.999792     -2.030820
3441  6059   6    -87.237078    105.213770     -1.965773
3445  6060   6    -94.282942     97.420474     -1.928552
3411  6061   6   -101.285354     89.652418     -1.918115
3231  6062   6    -55.481302    153.919642     -2.876179
3224  6063   6    -62.469446    146.175800     -2.699909
3211  6064   6    -69.495716    138.416908     -2.545162
3317  6065   6    -76.478770    130.681432     -2.449555
3316  6066   6    -83.480963    122.903317     -2.346645
3427  6067   6    -90.485992    115.108622     -2.268482
3421  6068   6    -97.525421    107.318411     -2.217617
3439  6069   6   -104.492679     99.561799     -2.193495
3418  6070   6   -111.516987     91.811283     -2.197208
3229  6071   6    -58.699169    163.822892     -3.269993
3216  6072   6    -65.686679    156.079742     -3.080838
3241  6073   6    -72.695815    148.326662     -2.912979
3244  6074   6    -79.691453    140.585532     -2.799882
3407  6076   6    -93.704986    125.013074     -2.596348
3408  6077   6   -100.751518    117.221476     -2.533258
3414  6078   6   -107.734942    109.459571     -2.495911
3430  6079   6   -114.728852    101.719419     -2.486192
3246  6080   6    -61.916940    173.725823     -3.665457
3210  6081   6    -68.902064    165.983996     -3.486760
3220  6082   6    -75.924097    158.226967     -3.326867
3249  6083   6    -82.919643    150.484503     -3.187240
3242  6084   6    -89.892168    142.719694     -3.067892
3227  6085   6    -96.890958    134.928026     -2.970934
3217  6086   6   -103.962035    127.129370     -2.899374
3428  6087   6   -110.956397    119.363916     -2.851756
3447  6088   6   -117.952000    111.623649     -2.830016
3400  6089   6   -124.934227    103.887616     -2.833364
3226  6090   6    -65.134631    183.628472     -4.145217
3221  6091   6    -72.113595    175.889254     -3.927933
3223  6092   6    -79.110633    168.140503     -3.731882
3225  6093   6    -86.121040    160.391896     -3.559001
3212  6094   6    -93.128912    152.617655     -3.452486
3218  6095   6   -100.114841    144.830533     -3.333855
3208  6096   6   -107.149684    137.044405     -3.242170
3202  6097   6   -114.169048    129.270899     -3.177193
3402  6098   6   -121.150430    121.535652     -3.140530
3429  6099   6   -128.142999    113.796448     -3.131882
3403  6100   6   -135.135837    106.047801     -3.147111
3391  6101   6    -68.352260    193.530895     -4.607107
3233  6102   6    -75.328267    185.793311     -4.380274
3205  6103   6    -82.306065    178.050915     -4.174130
3207  6104   6    -89.305711    170.304316     -3.990580
3204  6105   6    -96.325933    162.528452     -3.874327
3201  6106   6   -103.335432    154.733946     -3.743110
3247  6107   6   -110.363378    146.950773     -3.638223
3234  6108   6   -117.359755    139.184762     -3.559418
3230  6109   6   -124.359626    131.443926     -3.508540
3342  6110   6   -131.341683    123.708076     -3.485072
3405  6111   6   -138.330767    115.960541     -3.488175
3385  6112   6    -71.569852    203.433172     -5.102750
3367  6113   6    -78.551294    195.694541     -4.874930
3239  6114   6    -85.523971    187.953849     -4.666639
3209  6115   6    -92.501303    180.213024     -4.479482
3236  6116   6    -99.506504    172.444463     -4.314150
3213  6117   6   -106.553652    164.637979     -4.172058
3214  6118   6   -113.576979    156.856927     -4.055322
3245  6119   6   -120.580108    149.088821     -3.964290
3200  6120   6   -127.562391    141.353828     -3.900247
3304  6121   6   -134.545480    133.617985     -3.863857
3346  6122   6   -141.529454    125.871883     -3.854716
3339  6123   6   -148.516422    118.136550     -3.870224
3386  6124   6    -74.787443    213.335403     -5.631160
3378  6125   6    -81.764569    205.598858     -5.390210
3390  6126   6    -88.745944    197.855347     -5.168814
3359  6127   6    -95.749460    190.104476     -4.968633
3228  6128   6   -102.718509    182.350246     -4.789814
3248  6129   6   -109.737315    174.553055     -4.633875
3219  6130   6   -116.771718    166.769454     -4.503711
3203  6131   6   -123.769376    159.002836     -4.398841
3222  6132   6   -130.766005    151.263362     -4.321324
3313  6133   6   -137.749508    143.527291     -4.270353
3336  6134   6   -144.733404    135.781362     -4.246718
3341  6135   6   -151.716121    128.047910     -4.250040
3393  6136   6    -78.005023    223.237564     -6.175114
3351  6137   6    -84.981885    215.501700     -5.922058
3376  6138   6    -91.954777    207.761052     -5.675097
3371  6139   6    -98.946404    200.012547     -5.450284
3373  6140   6   -105.960728    192.246093     -5.248607
3104  6141   6   -112.919668    184.468450     -5.140659
3206  6142   6   -119.961180    176.682975     -5.003909
3215  6143   6   -126.964589    168.915551     -4.891153
3237  6144   6   -133.955598    161.176934     -4.804112
3238  6145   6   -140.951844    153.437194     -4.742698
3328  6146   6   -147.937297    145.690737     -4.706625
3305  6147   6   -154.920663    137.957457     -4.697131
3338  6148   6   -161.906626    130.227672     -4.714083
3366  6149   6    -81.225682    233.149155     -6.785760
3361  6151   6    -95.173456    217.663283     -6.238847
3397  6152   6   -102.146837    209.919526     -6.021931
3365  6153   6   -109.148314    202.160714     -5.816175
3358  6154   6   -116.159398    194.365159     -5.632352
3111  6155   6   -123.144477    186.598326     -5.473643
3141  6156   6   -130.154719    178.829011     -5.340989
3240  6157   6   -137.151888    171.088340     -5.235410
3232  6158   6   -144.141819    163.350551     -5.156520
3301  6159   6   -151.139697    155.600524     -5.106238
3308  6160   6   -158.124241    147.867051     -5.150914
3322  6161   6   -165.110885    140.137283     -5.154635
3340  6162   6   -172.095194    132.406451     -5.183336
3025  6163   6    -84.444104    243.053818     -7.380383
3026  6164   6    -91.415681    235.312456     -7.091268
3398  6165   6    -98.385077    227.567424     -6.822292
3395  6166   6   -105.365384    219.820739     -6.575103
3392  6167   6   -112.337849    212.075011     -6.384656
3362  6168   6   -119.346961    204.279783     -6.195876
3149  6169   6   -126.353588    196.505151     -6.031352
3134  6170   6   -133.340877    188.743178     -5.890991
3102  6171   6   -140.342044    181.001583     -5.776892
3128  6172   6   -147.338224    173.262090     -5.688272
3345  6173   6   -154.329978    165.514937     -5.625258
3348  6174   6   -161.324434    157.777456     -5.589214
3335  6175   6   -168.312452    150.047633     -5.579877
3310  6176   6   -175.296991    142.316459     -5.597043
3040  6177   6    -87.662773    252.959186     -7.999898
3012  6178   6    -94.630790    245.216293     -7.709798
3022  6179   6   -101.603509    237.470658     -7.439187
3357  6180   6   -108.576100    229.726748     -7.189266
3355  6181   6   -115.555758    221.978212     -6.960929
3384  6182   6   -122.536608    214.194203     -6.753479
3135  6183   6   -129.540825    206.419771     -6.571180
3109  6184   6   -136.545359    198.656130     -6.443853
3125  6185   6   -143.528669    190.915839     -6.321365
3103  6186   6   -150.528509    183.175405     -6.223767
3132  6187   6   -157.526239    175.426585     -6.150667
3114  6188   6   -164.515190    167.690858     -6.103104
3334  6189   6   -171.511215    159.958806     -6.081529
3307  6190   6   -178.496313    152.227719     -6.085230
3349  6191   6   -185.483818    144.498966     -6.114756
3024  6192   6    -90.885168    262.875971     -8.654410
3023  6193   6    -97.851305    255.130079     -8.343013
3018  6194   6   -104.821687    247.378697     -8.051450
3041  6195   6   -111.794403    239.632512     -7.781371
3031  6196   6   -118.764611    231.887607     -7.585102
3352  6197   6   -125.753886    224.101931     -7.376590
3127  6198   6   -132.730797    216.334330     -7.190973
3115  6199   6   -139.732196    208.570580     -7.029470
3143  6200   6   -146.733106    200.825488     -6.892818
3117  6201   6   -153.714720    193.089869     -6.780510
3131  6202   6   -160.712250    185.339285     -6.693235
3101  6203   6   -167.708717    177.603316     -6.632193
3118  6204   6   -174.702673    169.872309     -6.597178
3309  6205   6   -181.697370    162.138369     -6.588175
3343  6206   6   -188.685670    154.409731     -6.605236
3013  6207   6    -94.107065    272.791164     -9.270176
3029  6208   6   -101.077792    265.036918     -8.934130
3043  6209   6   -108.041574    257.285549     -8.618842
3045  6210   6   -115.012696    249.532779     -8.325447
3049  6211   6   -121.985345    241.788178     -8.057812
3253  6212   6   -128.957147    234.014752     -7.968727
3279  6213   6   -135.946446    226.246320     -7.775619
3147  6214   6   -142.921845    218.485184     -7.604921
3108  6215   6   -149.919582    210.739880     -7.458936
3124  6216   6   -156.919795    202.999264     -7.337149
3106  6217   6   -163.903392    195.254346     -7.238990
3138  6218   6   -170.897136    187.517450     -7.166476
3142  6219   6   -177.895219    179.785494     -7.119610
3122  6220   6   -184.887195    172.052663     -7.097938
3320  6221   6   -191.885400    164.320765     -7.102169
3300  6222   6   -198.873806    156.591320     -7.131614
3461  6223   6    -97.331280    282.713429     -9.945771
3035  6224   6   -104.289602    274.958740     -9.576919
3003  6225   6   -111.272352    267.198093     -9.230172
3009  6226   6   -118.234363    259.443097     -8.988372
3007  6227   6   -125.207147    251.694876     -8.700651
3271  6228   6   -132.181303    243.919127     -8.508113
3255  6229   6   -139.143862    236.161183     -8.280385
3290  6230   6   -146.138798    228.400255     -8.078327
3264  6231   6   -153.110633    220.654526     -8.050726
3137  6232   6   -160.106733    212.912624     -7.921129
3144  6233   6   -167.108380    205.164220     -7.814872
3120  6234   6   -174.090421    197.429142     -7.732386
3145  6235   6   -181.081011    189.700957     -7.674762
3123  6236   6   -188.079344    181.966298     -7.641696
3110  6237   6   -195.074560    174.235661     -7.633348
3107  6238   6   -202.070536    166.504623     -7.649732
3477  6240   6   -100.558126    292.643721    -10.648641
3462  6241   6   -107.513489    284.885170    -10.275968
3005  6242   6   -114.481151    277.120299     -9.924388
3036  6243   6   -121.457338    269.361877     -9.682214
3020  6244   6   -128.427149    261.606418     -9.379064
3010  6245   6   -135.393817    253.848074     -9.174415
3275  6246   6   -142.369878    246.078866     -8.929441
3281  6247   6   -149.328971    238.320244     -8.709425
3274  6248   6   -156.323823    230.568037     -8.585696
3295  6249   6   -163.295790    222.825504     -8.427561
3280  6250   6   -170.294424    215.078019     -8.296061
3129  6251   6   -177.293804    207.349544     -8.192020
3130  6252   6   -184.274823    199.613031     -8.113546
3133  6253   6   -191.265524    191.882027     -8.064458
3126  6254   6   -198.263100    184.150895     -8.044111
3136  6255   6   -205.258283    176.423276     -8.048185
3116  6256   6   -212.252823    168.695462     -8.076585
3482  6257   6   -103.789263    302.587144    -11.465965
3463  6258   6   -110.741659    294.820595    -11.107393
3489  6259   6   -117.703493    287.055625    -10.751845
3495  6260   6   -124.668990    279.292402    -10.378272
3015  6261   6   -131.645271    271.532860    -10.069687
3042  6262   6   -138.615064    263.770159     -9.788515
3250  6263   6   -145.584171    256.016790     -9.610085
3296  6264   6   -152.552507    248.249400     -9.375028
3299  6265   6   -159.511742    240.490755     -9.238062
3294  6266   6   -166.502700    232.749396     -9.064657
3259  6267   6   -173.474637    224.999030     -8.916018
3262  6268   6   -180.479962    217.263615     -8.796378
3263  6269   6   -187.473577    209.534538     -8.703714
3105  6270   6   -194.457336    201.800191     -8.640122
3140  6271   6   -201.449389    194.067078     -8.607271
3113  6272   6   -208.447047    186.339529     -8.599280
3121  6273   6   -215.441534    178.611720     -8.615484
3148  6274   6   -222.436122    170.883990     -8.656044
3497  6275   6   -107.024495    312.543092    -12.245737
3465  6276   6   -113.975646    304.775352    -11.887942
3484  6277   6   -120.930439    296.995347    -11.548285
3490  6278   6   -127.891515    289.231297    -11.229594
3453  6279   6   -134.859747    281.467740    -10.931729
3456  6280   6   -141.834920    273.702272    -10.655401
3272  6281   6   -148.805150    265.945475    -10.401715
3291  6282   6   -155.765060    258.189224    -10.170691
3292  6283   6   -162.728351    250.430401     -9.963354
3298  6284   6   -169.688597    242.677353     -9.780653
3267  6285   6   -176.680482    234.924989     -9.624388
3278  6286   6   -183.658497    227.186814     -9.494002
3288  6287   6   -190.659241    219.454358     -9.391093
3257  6288   6   -197.650965    211.726571     -9.314539
3270  6289   6   -204.638695    203.992548     -9.264259
3112  6290   6   -211.630787    196.266193     -9.241580
3146  6291   6   -218.631246    188.534208     -9.246164
3100  6292   6   -225.627779    180.803894     -9.277708
3493  6293   6   -110.262919    322.508775    -13.110740
3492  6294   6   -117.213747    314.735415    -12.719374
3479  6295   6   -124.155965    306.955188    -12.347160
3458  6296   6   -131.118605    299.179236    -11.996645
3455  6297   6   -138.082192    291.412877    -11.668532
3483  6298   6   -145.046635    283.650019    -11.363222
3157  6299   6   -152.018488    275.898621    -11.113030
3175  6300   6   -158.982974    268.145641    -10.864462
3256  6301   6   -165.948950    260.388706    -10.639783
3260  6302   6   -172.907291    252.608987    -10.398192
3268  6303   6   -179.870533    244.854709    -10.224952
3269  6304   6   -186.854685    237.118753    -10.079608
3258  6305   6   -193.842287    229.383796     -9.960853
3252  6306   6   -200.837938    221.657238     -9.869764
3284  6307   6   -207.831055    213.929334     -9.807638
3266  6308   6   -214.822531    206.199180     -9.774844
3372  6309   6   -221.820445    198.458270     -9.766236
3139  6310   6   -228.823520    190.723591     -9.782557
3119  6311   6   -235.822274    183.000937     -9.823532
3077  6312   6   -113.502846    332.478990    -13.823109
3095  6313   6   -120.449462    324.706047    -13.395467
3075  6314   6   -127.401480    316.920854    -12.988033
3454  6315   6   -134.341769    309.147137    -12.603042
3481  6316   6   -141.305942    301.369965    -12.480605
3485  6317   6   -148.273432    293.601767    -12.185957
3179  6318   6   -155.232519    285.849298    -11.913554
3195  6319   6   -162.208663    278.086314    -11.663287
3156  6320   6   -169.167673    270.328136    -11.435609
3254  6322   6   -183.092492    254.811258    -11.051765
3293  6323   6   -190.058086    247.057852    -10.897104
3265  6324   6   -197.042667    239.323199    -10.769654
3283  6325   6   -204.030559    231.590770    -10.668153
3285  6326   6   -211.031393    223.858515    -10.593330
3297  6327   6   -218.026864    216.127386    -10.544588
3363  6328   6   -225.015413    208.394109    -10.521806
3377  6329   6   -232.017783    200.649457    -10.525763
3350  6330   6   -239.022529    192.925689    -10.557429
3094  6332   6   -116.748700    342.467339    -14.680311
3082  6333   6   -123.698183    334.686829    -14.239906
3053  6334   6   -130.644667    326.899678    -13.819800
3052  6335   6   -137.592893    319.119591    -13.422127
3473  6336   6   -144.532074    311.343962    -13.132447
3452  6337   6   -151.499570    303.567162    -12.791167
3186  6338   6   -158.465372    295.803555    -12.474602
3170  6339   6   -165.424904    288.050048    -12.429603
3183  6340   6   -172.390346    280.298527    -12.197187
3192  6341   6   -179.353071    272.539173    -11.986892
3161  6342   6   -186.314486    264.778612    -11.799789
3158  6343   6   -193.283259    257.019168    -11.636948
3282  6344   6   -200.250651    249.267778    -11.498889
3286  6345   6   -207.236539    241.532753    -11.387434
3251  6346   6   -214.226588    233.796344    -11.301254
3289  6347   6   -221.226575    226.064814    -11.241290
3364  6348   6   -228.227400    218.328772    -11.206787
3353  6349   6   -235.215448    210.591199    -11.197274
3380  6350   6   -242.218528    202.863802    -11.214886
3387  6351   6   -249.225554    195.141741    -11.258703
3060  6352   6   -120.000441    352.473687    -15.605813
3057  6353   6   -126.950282    344.687307    -15.164314
3073  6354   6   -133.899745    336.896048    -14.742731
3055  6355   6   -140.843194    329.103732    -14.342003
3062  6356   6   -147.794688    321.322929    -13.964434
3459  6357   6   -154.731562    313.545402    -13.609318
3185  6358   6   -161.699088    305.773265    -13.279370
3168  6359   6   -168.666981    298.020199    -13.062494
3182  6360   6   -175.620989    290.262595    -12.789900
3153  6361   6   -182.588858    282.503572    -12.542919
3178  6362   6   -189.545482    274.742325    -12.550198
3196  6363   6   -196.507056    266.980169    -12.379422
3151  6364   6   -203.482744    259.235424    -12.233854
3155  6365   6   -210.451347    251.484109    -12.111522
3273  6366   6   -217.438271    243.744872    -12.015085
3277  6367   6   -224.428880    236.011291    -11.943770
3261  6368   6   -231.431972    228.274203    -11.897771
3368  6369   6   -238.431588    220.549573    -11.877247
3375  6370   6   -245.419150    212.812194    -11.880458
3369  6371   6   -252.427896    205.080887    -11.910223
3370  6372   6   -259.437868    197.358692    -11.965463
3085  6373   6   -123.260160    362.504455    -16.533580
3066  6374   6   -130.208473    354.705150    -16.090380
3072  6375   6   -137.158019    346.904937    -15.666897
3068  6376   6   -144.107019    339.101792    -15.263689
3070  6377   6   -151.047376    331.313652    -14.882677
3091  6378   6   -157.995388    323.533087    -14.524573
3088  6379   6   -164.936733    315.757985    -14.189411
3160  6380   6   -171.902953    308.003971    -13.880420
3173  6381   6   -178.866717    300.248402    -13.595455
3167  6382   6   -185.822337    292.491460    -13.334931
3181  6383   6   -192.781980    284.730303    -13.101877
3197  6384   6   -199.736268    276.969609    -12.980105
3188  6385   6   -206.703543    269.209757    -12.803170
3172  6386   6   -213.686091    261.455116    -12.653928
3154  6387   6   -220.654956    253.702665    -12.531037
3287  6388   6   -227.641637    245.964746    -12.437357
3276  6389   6   -234.639833    238.229545    -12.374466
3374  6390   6   -241.641570    230.506321    -12.342239
3356  6391   6   -248.643140    222.783578    -12.334575
3354  6392   6   -255.628968    215.046522    -12.349843
3360  6393   6   -262.640516    207.330743    -12.392174
3071  6394   6   -126.527984    372.560025    -17.496987
3063  6395   6   -133.474951    364.746725    -17.052049
3086  6396   6   -140.420526    356.940898    -16.626885
3097  6397   6   -147.367196    349.141003    -16.219415
3067  6398   6   -154.311869    341.344818    -15.824074
3064  6399   6   -161.252193    333.555269    -15.451113
3093  6400   6   -168.196260    325.774919    -15.101768
3084  6401   6   -175.141610    317.999882    -14.776341
3199  6402   6   -182.109299    310.242423    -14.627819
3165  6403   6   -189.077530    302.482877    -14.382445
3159  6404   6   -196.036095    294.720168    -14.159253
3177  6405   6   -202.995088    286.956720    -13.959365
3198  6406   6   -209.948920    279.193082    -13.783047
3166  6407   6   -216.912768    271.427594    -13.631377
3152  6408   6   -223.893693    263.669223    -13.505742
3191  6409   6   -230.872346    255.922323    -13.405747
3017  6410   6   -237.863509    248.187886    -13.332483
3383  6411   6   -244.858414    240.463312    -13.285498
3379  6412   6   -251.861704    232.740573    -13.264726
3381  6413   6   -258.865097    225.017983    -13.269661
3399  6414   6   -265.851666    217.283571    -13.298610
3382  6415   6   -272.864935    209.574864    -13.356134
3054  6416   6   -129.821514    382.694551    -18.434329
3081  6417   6   -136.746263    374.827395    -17.983739
3058  6418   6   -143.694171    367.007775    -17.556454
3061  6419   6   -150.640067    359.197859    -17.149278
3069  6420   6   -157.582691    351.393404    -16.762488
3080  6421   6   -164.523304    343.594353    -16.396788
3065  6422   6   -171.462800    335.798965    -16.030670
3059  6423   6   -178.406271    328.016636    -15.734947
3098  6424   6   -185.357407    320.246229    -15.461304
3471  6425   6   -192.326805    312.488296    -15.210812
3174  6426   6   -199.295336    304.725675    -14.982068
3184  6427   6   -206.255792    296.957263    -14.775194
3162  6428   6   -213.216260    289.188362    -14.591383
3171  6429   6   -220.171636    281.410079    -14.430255
3180  6430   6   -227.131071    273.647505    -14.294254
3176  6431   6   -234.117294    265.899279    -14.184809
3048  6432   6   -241.097276    258.156099    -14.099895
3011  6433   6   -248.091176    250.426315    -14.041308
3038  6434   6   -255.091012    242.704021    -14.008405
3394  6435   6   -262.092639    234.976838    -14.000343
3389  6436   6   -269.102605    227.263468    -14.018562
3396  6437   6   -276.086907    219.533095    -14.059267
3090  6440   6   -146.963056    377.168397    -18.521661
3089  6441   6   -153.908100    369.335506    -18.131763
3099  6442   6   -160.855121    361.521962    -17.734760
3050  6443   6   -167.797657    353.714017    -17.354605
3079  6444   6   -174.733814    345.909318    -16.995864
3051  6445   6   -181.670106    338.104707    -16.659178
3056  6446   6   -188.616285    330.312613    -16.346611
3474  6447   6   -195.573397    322.538853    -16.059302
3450  6448   6   -202.541063    314.777668    -15.797389
3494  6449   6   -209.509966    307.008326    -15.559417
3189  6450   6   -216.469693    299.246320    -15.346537
3169  6451   6   -223.428502    291.479296    -15.158706
3194  6452   6   -230.390327    283.716264    -14.997234
3163  6453   6   -237.343498    275.948077    -14.861182
3044  6454   6   -244.335522    268.209484    -14.756077
3047  6455   6   -251.317727    260.466828    -14.677868
3027  6456   6   -258.313632    252.737166    -14.629443
3030  6457   6   -265.313637    245.011551    -14.607710
3032  6458   6   -272.316884    237.288629    -14.612588
3388  6459   6   -279.328335    229.575434    -14.644789
3074  6462   6   -164.146610    371.611755    -18.643714
3092  6463   6   -171.091718    363.793611    -18.290204
3076  6464   6   -178.033489    355.981448    -17.945513
3096  6465   6   -184.970059    348.172195    -17.604613
3083  6466   6   -191.904682    340.364828    -17.285798
3475  6467   6   -198.846233    332.571812    -16.991032
3487  6468   6   -205.808234    324.807168    -16.722610
3472  6469   6   -212.775333    317.049522    -16.478705
3496  6470   6   -219.735682    309.285581    -16.258222
3190  6471   6   -226.696343    301.522704    -16.062534
3187  6472   6   -233.653300    293.755413    -15.891449
3193  6473   6   -240.614257    285.988346    -15.746117
3001  6474   6   -247.576376    278.223113    -15.626828
3021  6475   6   -254.563778    270.481732    -15.536806
3028  6476   6   -261.556717    262.743645    -15.473697
3016  6477   6   -268.554209    255.012695    -15.437837
3087  6483   6   -188.272004    358.292383    -18.555111
3078  6484   6   -195.206218    350.475742    -18.231208
3470  6485   6   -202.138373    342.665867    -17.929700
3491  6486   6   -209.086157    334.867838    -17.652346
3499  6487   6   -216.050456    327.098890    -17.401072
3498  6488   6   -223.016375    319.338309    -17.174044
3467  6489   6   -229.979575    311.567651    -16.970118
3480  6490   6   -236.942177    303.804783    -16.791136
3150  6491   6   -243.901824    296.028623    -16.635827
3008  6492   6   -250.864856    288.255717    -16.506076
3004  6493   6   -257.823863    280.491962    -16.402110
3039  6494   6   -264.810358    272.751444    -16.326995
3019  6495   6   -271.809204    265.017886    -16.278919
3476  6502   6   -212.391117    344.973503    -18.548737
3466  6503   6   -219.335151    337.166944    -18.307991
3457  6504   6   -226.304728    329.394310    -18.091874
3486  6505   6   -233.277591    321.608504    -17.880776
3469  6506   6   -240.239889    313.834939    -17.692956
3464  6507   6   -247.204574    306.074073    -17.530265
3164  6508   6   -254.164119    298.297428    -17.390585
3037  6509   6   -261.126525    290.527469    -17.276249
3002  6510   6   -268.084132    282.765091    -17.187061
3014  6511   6   -275.074538    275.027156    -17.126637
3046  6512   6   -282.077302    267.289849    -17.092325
3478  6518   6   -236.551614    331.792839    -18.803131
3451  6519   6   -243.529224    323.988760    -18.606050
3488  6520   6   -250.488708    316.206805    -18.433080
3468  6521   6   -257.459344    308.445187    -18.285939
3460  6522   6   -264.417075    300.660730    -18.160510
3000  6523   6   -271.378936    292.894248    -18.060839
3033  6524   6   -278.347295    285.131333    -17.986280
3006  6525   6   -285.342448    277.391970    -17.939582
3034  6526   6   -292.346847    269.655735    -17.918434
3970  7000   7    -25.818515     12.328920     -0.082419
3954  7001   7    -34.245988     18.451823     -0.156482
3971  7002   7    -35.353364      8.067608     -0.132583
3963  7003   7    -42.673372     24.574660     -0.250794
3967  7004   7    -43.782146     14.188635     -0.214058
3975  7005   7    -51.100674     30.697430     -0.369095
3998  7006   7    -52.209868     20.310945     -0.328127
3972  7007   7    -53.337303      9.895378     -0.307886
3987  7008   7    -59.526989     36.819474     -0.512207
3990  7009   7    -60.632267     26.438616     -0.452002
3959  7010   7    -61.760117     16.024345     -0.415379
3978  7012   7    -67.953244     42.941465     -0.677508
3988  7013   7    -69.053886     32.567200     -0.605282
3964  7014   7    -70.164672     22.178156     -0.555854
3993  7015   7    -71.282490     11.791214     -0.531959
3974  7016   7    -76.379414     49.063382     -0.867238
3956  7017   7    -77.477474     38.692889     -0.783149
3999  7018   7    -78.588778     28.302755     -0.721322
3957  7019   7    -79.688643     17.942893     -0.684166
3989  7020   7    -80.790068      7.529394     -0.673227
3532  7021   7    -84.805459     55.185202     -1.081164
3527  7022   7    -85.903675     44.814746     -0.984994
3977  7023   7    -87.016950     34.421492     -0.910713
3965  7024   7    -88.119266     24.060783     -0.860655
3991  7025   7    -89.194127     13.680322     -0.835814
3546  7026   7    -93.231337     61.306892     -1.320156
3503  7027   7    -94.329048     50.937440     -1.211997
3547  7028   7    -95.440839     40.546007     -1.125368
3506  7029   7    -96.544018     30.185145     -1.062541
3960  7030   7    -97.624868     19.794309     -1.024468
3986  7031   7    -98.701542      9.374311     -1.012965
3511  7032   7   -101.657006     67.428421     -1.583982
3540  7033   7   -102.756632     57.056709     -1.463453
3539  7034   7   -103.867051     46.667116     -1.364217
3520  7035   7   -104.970145     36.306921     -1.288481
3994  7036   7   -106.048986     25.917168     -1.236996
3981  7037   7   -107.134010     15.488002     -1.212562
3507  7039   7   -110.082427     73.549762     -1.873627
3526  7040   7   -111.184256     63.175471     -1.741059
3512  7041   7   -112.301922     52.775985     -1.629601
3542  7042   7   -113.406576     42.413081     -1.541285
3548  7043   7   -114.474988     32.037247     -1.476525
3983  7044   7   -115.560804     21.609079     -1.438054
3980  7045   7   -116.691516     11.144199     -1.428027
3522  7046   7   -118.507576     79.670898     -2.184513
3508  7047   7   -119.609206     69.297412     -2.040655
3544  7048   7   -120.736409     58.885008     -1.917673
3528  7049   7   -121.848072     48.514408     -1.817481
3516  7050   7   -122.919759     38.131273     -1.740193
3995  7051   7   -123.987814     27.729416     -1.688277
3955  7052   7   -125.118824     17.265568     -1.694804
3958  7053   7   -126.210436      6.875507     -1.697538
3747  7054   7   -126.932439     85.791817     -2.523729
3707  7055   7   -128.030910     75.423289     -2.368105
3537  7056   7   -129.162922     65.004596     -2.233188
3515  7057   7   -130.275337     54.631019     -2.120728
3545  7058   7   -131.351911     44.242674     -2.030820
3966  7059   7   -132.419381     33.843060     -1.965773
3976  7060   7   -133.538820     23.396696     -1.928552
3962  7061   7   -134.637942     12.996293     -1.918115
3733  7062   7   -135.357012     91.912515     -2.876179
3709  7063   7   -136.458822     81.540087     -2.699909
3737  7064   7   -137.582633     71.133074     -2.545162
3517  7065   7   -138.685243     60.770406     -2.449555
3543  7066   7   -139.778275     50.361994     -2.346645
3961  7067   7   -140.863855     39.938500     -2.268482
3973  7068   7   -141.979902     29.498414     -2.217617
3951  7069   7   -143.057310     19.127931     -2.193495
3969  7070   7   -144.184455      8.728848     -2.197208
3705  7071   7   -143.781305     98.032998     -3.269993
3744  7072   7   -144.883010     87.661503     -3.080838
3703  7073   7   -145.996374     77.269263     -2.912979
3704  7074   7   -147.105842     66.894624     -2.799882
3996  7076   7   -149.289767     46.059293     -2.596348
3992  7077   7   -150.410745     35.613909     -2.533258
3950  7078   7   -151.498120     25.229643     -2.495911
3984  7079   7   -152.606765     14.856811     -2.486192
3718  7080   7   -152.205334    104.153279     -3.665457
3732  7081   7   -153.305886     93.784257     -3.486760
3717  7082   7   -154.427363     83.381240     -3.326867
3740  7083   7   -155.535972     73.005577     -3.187240
3742  7084   7   -156.612822     62.625367     -3.067892
3724  7085   7   -157.695135     52.207990     -2.970934
3728  7086   7   -158.831822     41.742470     -2.899374
3979  7087   7   -159.925960     31.348902     -2.851756
3982  7088   7   -161.035907     20.974983     -2.830016
3985  7089   7   -162.137522     10.612351     -2.833364
3735  7090   7   -160.629131    110.273379     -4.145217
3731  7091   7   -161.726234     99.910088     -3.927933
3743  7092   7   -162.832354     89.528461     -3.731882
3738  7093   7   -163.949376     79.139092     -3.559001
3702  7094   7   -165.049279     68.730476     -3.452486
3719  7095   7   -166.123859     58.324335     -3.333855
3745  7096   7   -167.238596     47.890249     -3.242170
3746  7097   7   -168.348228     37.475472     -3.177193
3997  7098   7   -169.449621     27.113972     -3.140530
3968  7099   7   -170.557738     16.742695     -3.131882
3953  7100   7   -171.660522      6.363621     -3.147111
3565  7101   7   -169.052746    116.393333     -4.607107
3748  7102   7   -170.148417    106.033101     -4.380274
3725  7103   7   -171.242708     95.667925     -4.174130
3714  7104   7   -172.352203     85.286506     -3.990580
3716  7105   7   -173.461144     74.869318     -3.874327
3730  7106   7   -174.550452     64.443349     -3.743110
3741  7107   7   -175.661346     54.015707     -3.638223
3710  7108   7   -176.756787     43.620505     -3.559418
3722  7109   7   -177.869852     33.243615     -3.508540
3533  7110   7   -178.971437     22.881231     -3.485072
3952  7111   7   -180.071837     12.505264     -3.488175
3581  7112   7   -177.476245    122.513189     -5.102750
3584  7113   7   -178.575697    112.148917     -4.874930
3734  7114   7   -179.666847    101.788128     -4.666639
3713  7115   7   -180.761684     91.424497     -4.479482
3720  7116   7   -181.862765     81.022046     -4.314150
3726  7117   7   -182.975491     70.564257     -4.172058
3721  7118   7   -184.083894     60.141046     -4.055322
3706  7119   7   -185.183567     49.740181     -3.964290
3701  7120   7   -186.285838     39.378357     -3.900247
3531  7121   7   -187.388261     29.015372     -3.863857
3504  7122   7   -188.485370     18.643566     -3.854716
3500  7123   7   -189.591231      8.278714     -3.870224
3579  7124   7   -185.899716    128.633010     -5.631160
3572  7125   7   -186.996902    118.272962     -5.390210
3593  7126   7   -188.093432    107.904781     -5.168814
3585  7127   7   -189.203548     97.517631     -4.968633
3749  7128   7   -190.283805     87.148024     -4.789814
3729  7129   7   -191.379064     76.714413     -4.633875
3736  7130   7   -192.494930     66.282628     -4.503711
3739  7131   7   -193.591051     55.886183     -4.398841
3708  7132   7   -194.702294     45.512301     -4.321324
3501  7133   7   -195.804918     35.148888     -4.270353
3513  7134   7   -196.902066     24.777269     -4.246718
3523  7135   7   -198.005593     14.416437     -4.250040
3589  7136   7   -194.323137    134.752781     -6.175114
3556  7137   7   -195.420511    124.393439     -5.922058
3594  7138   7   -196.511860    114.032560     -5.675097
3576  7139   7   -197.613748    103.654313     -5.450284
3571  7140   7   -198.723448     93.248203     -5.248607
3886  7141   7   -199.781765     82.865596     -5.124218
3712  7142   7   -200.902280     72.428117     -4.978887
3715  7143   7   -202.002580     62.027638     -4.859057
3723  7144   7   -203.109781     51.657754     -4.766554
3727  7145   7   -204.220557     41.283882     -4.701286
3514  7146   7   -205.318654     30.910921     -4.663958
3538  7147   7   -206.422808     20.549846     -4.655151
3518  7148   7   -207.531117     10.190073     -4.670876
3558  7149   7   -202.754592    140.878371     -6.785760
3553  7151   7   -204.936211    120.151741     -6.238847
3573  7152   7   -206.026129    109.788060     -6.021931
3563  7153   7   -207.129927     99.395684     -5.816175
3588  7154   7   -208.219901     88.967936     -5.632352
3889  7155   7   -209.305718     78.578710     -5.473643
3878  7156   7   -210.410435     68.172685     -5.340989
3700  7157   7   -211.521411     57.797518     -5.235410
3711  7158   7   -212.628226     47.428937     -5.156520
3510  7159   7   -213.734277     37.045783     -5.106238
3541  7160   7   -214.839270     26.683860     -5.150914
3530  7161   7   -215.948140     16.323701     -5.154635
3509  7162   7   -217.054496      5.964052     -5.183336
3841  7163   7   -211.180165    146.999671     -7.380383
3811  7164   7   -212.270031    136.638987     -7.091268
3554  7165   7   -213.355975    126.276616     -6.822292
3557  7166   7   -214.449775    115.906495     -6.575103
3566  7167   7   -215.537793    105.541757     -6.384656
3561  7168   7   -216.626363     95.115433     -6.195876
3893  7169   7   -217.725029     84.707231     -6.031352
3858  7170   7   -218.815492     74.320638     -5.890991
3861  7171   7   -219.929159     63.942373     -5.776892
3852  7172   7   -221.040029     53.568740     -5.688272
3521  7173   7   -222.142814     43.191512     -5.625258
3534  7174   7   -223.253470     32.820520     -5.589214
3525  7175   7   -224.363420     22.459508     -5.579877
3536  7176   7   -225.469760     12.099448     -5.597043
3831  7177   7   -219.606352    153.121395     -7.999898
3844  7178   7   -220.692438    142.761565     -7.709798
3830  7179   7   -221.780716    132.396754     -7.439187
3552  7180   7   -222.869905    122.033413     -7.189266
3567  7181   7   -223.962091    111.662175     -6.960929
3788  7182   7   -225.034392    101.261539     -6.753479
3866  7183   7   -226.131226     90.854917     -6.571180
3882  7184   7   -227.234659     80.456837     -6.443853
3873  7185   7   -228.334647     70.090124     -6.321365
3876  7186   7   -229.447923     59.713578     -6.223767
3890  7187   7   -230.554564     49.331489     -6.150667
3880  7188   7   -231.661798     38.965152     -6.103104
3549  7189   7   -232.776915     28.597630     -6.081529
3505  7190   7   -233.883758     18.237312     -6.085230
3519  7191   7   -234.993922      7.877466     -6.114756
3818  7192   7   -228.042265    159.250167     -8.654410
3808  7193   7   -229.125066    148.889016     -8.343013
3847  7194   7   -230.208076    138.520928     -8.051450
3814  7195   7   -231.296029    128.155673     -7.781371
3819  7196   7   -232.382704    117.792928     -7.585102
3595  7197   7   -233.460841    107.385992     -7.376590
3864  7198   7   -234.539599     97.000944     -7.190973
3894  7199   7   -235.640432     86.604619     -7.029470
3879  7200   7   -236.751836     76.223677     -6.892818
3872  7201   7   -237.853198     65.861740     -6.780510
3871  7202   7   -238.958640     55.478341     -6.693235
3896  7203   7   -240.071812     45.107391     -6.632193
3856  7204   7   -241.185869     34.741930     -6.597178
3502  7205   7   -242.298802     24.373661     -6.588175
3524  7206   7   -243.409676     14.013442     -6.605236
3838  7207   7   -236.476839    165.377943     -9.270176
3806  7208   7   -237.558443    155.007335     -8.934130
3829  7209   7   -238.636121    144.643137     -8.618842
3800  7210   7   -239.718913    134.273492     -8.325447
3834  7211   7   -240.807742    123.909558     -8.057812
3663  7212   7   -241.878944    113.522802     -7.968727
3656  7213   7   -242.967236    103.129801     -7.775619
3897  7214   7   -244.048570     92.750874     -7.604921
3853  7215   7   -245.157283     82.371625     -7.458936
3898  7216   7   -246.270754     71.994713     -7.337149
3869  7217   7   -247.368255     61.624088     -7.238990
3863  7218   7   -248.478679     51.253988     -7.166476
3857  7219   7   -249.595517     40.885334     -7.119610
3891  7220   7   -250.706901     30.519562     -7.097938
3535  7221   7   -251.823872     20.150883     -7.102169
3529  7222   7   -252.934357      9.789949     -7.131614
3621  7223   7   -244.917443    171.510077     -9.945771
3820  7224   7   -245.988753    161.146404     -9.576919
3824  7225   7   -247.076322    150.763550     -9.230172
3849  7226   7   -248.150435    140.397460     -8.988372
3846  7227   7   -249.237246    130.030517     -8.700651
3654  7228   7   -250.308986    119.640498     -8.508113
3657  7229   7   -251.381810    109.271700     -8.280385
3672  7230   7   -252.479073     98.881457     -8.078327
3696  7231   7   -253.566580     88.517089     -8.050726
3867  7232   7   -254.675969     78.141554     -7.921129
3860  7233   7   -255.786022     67.757500     -7.814872
3865  7234   7   -256.888047     57.395749     -7.732386
3881  7235   7   -258.001040     47.034550     -7.674762
3885  7236   7   -259.116492     36.663563     -7.641696
3859  7237   7   -260.231786     26.297661     -7.633348
3855  7238   7   -261.347459     15.930988     -7.649732
3614  7240   7   -253.364897    177.647160    -10.648641
3601  7241   7   -254.431541    167.282101    -10.275968
3845  7242   7   -255.504421    156.904699     -9.924388
3821  7243   7   -256.587989    146.527504     -9.682214
3805  7244   7   -257.668140    136.156454     -9.379064
3832  7245   7   -258.744053    125.784917     -9.174415
3680  7246   7   -259.821179    115.399070     -8.929441
3679  7247   7   -260.890800    105.031761     -8.709425
3694  7248   7   -261.993121     94.648622     -8.585696
3651  7249   7   -263.082615     84.286762     -8.427561
3670  7250   7   -264.190771     73.905221     -8.296061
3874  7251   7   -265.310705     63.538622     -8.192020
3862  7252   7   -266.411059     53.176311     -8.113546
3875  7253   7   -267.522486     42.812767     -8.064458
3884  7254   7   -268.639398     32.445077     -8.044111
3851  7255   7   -269.756439     22.081637     -8.048185
3877  7256   7   -270.872846     11.718416     -8.076585
3644  7257   7   -261.823538    183.792344    -11.465965
3606  7258   7   -262.883082    173.422558    -11.107393
3647  7259   7   -263.951189    163.048501    -10.751845
3625  7260   7   -265.023287    152.673706    -10.378272
3804  7261   7   -266.106272    142.295549    -10.069687
3807  7262   7   -267.182152    131.918651     -9.788515
3658  7263   7   -268.262962    121.549705     -9.610085
3688  7264   7   -269.334907    111.169870     -9.375028
3693  7265   7   -270.404629    100.802459     -9.238062
3689  7266   7   -271.510177     90.430385     -9.064657
3699  7267   7   -272.595041     80.062206     -8.916018
3690  7268   7   -273.715705     69.686496     -8.796378
3686  7269   7   -274.830621     59.322798     -8.703714
3899  7270   7   -275.934466     48.960630     -8.640122
3870  7271   7   -277.045746     38.594584     -8.607271
3854  7272   7   -278.164830     28.229746     -8.599280
3850  7273   7   -279.281197     17.866560     -8.615484
3888  7274   7   -280.397692      7.503380     -8.656044
3616  7275   7   -270.292855    189.945253    -12.287947
3633  7276   7   -271.350692    179.575235    -11.897665
3604  7277   7   -272.404265    169.193155    -11.527167
3630  7278   7   -273.472300    158.820288    -11.181189
3636  7279   7   -274.546414    148.443615    -10.892887
3617  7280   7   -275.625019    138.061316    -10.601487
3664  7281   7   -276.704723    127.688936    -10.294693
3692  7282   7   -277.776399    117.323065    -10.052668
3673  7283   7   -278.849298    106.953125     -9.835457
3676  7284   7   -279.923128     96.589648     -9.730157
3687  7285   7   -281.022957     86.208126     -9.567638
3695  7286   7   -282.119904     75.846238     -9.432034
3674  7287   7   -283.238601     65.475616     -9.325006
3684  7288   7   -284.352746     55.114071     -9.245389
3697  7289   7   -285.459993     44.749831     -9.194992
3895  7290   7   -286.575277     34.389230     -9.174607
3892  7291   7   -287.694021     24.019156     -9.178725
3883  7292   7   -288.810570     13.652743     -9.207083
3626  7293   7   -278.770477    196.104162    -13.078388
3641  7294   7   -279.824749    185.729787    -12.705240
3620  7295   7   -280.868018    175.354918    -12.350354
3631  7296   7   -281.930322    164.971504    -12.016156
3623  7297   7   -282.999032    154.595294    -11.703316
3642  7298   7   -284.070491    144.221413    -11.412219
3904  7299   7   -285.154681    133.852448    -11.144412
3937  7300   7   -286.231981    123.486533    -10.899267
3678  7301   7   -287.308162    113.116543    -10.677682
3675  7302   7   -288.364774    102.732608    -10.478821
3650  7303   7   -289.440305     92.366374    -10.306839
3660  7304   7   -290.543521     82.002673    -10.162550
3685  7305   7   -291.650117     71.637752    -10.044655
3666  7306   7   -292.768161     61.274895     -9.954227
3698  7307   7   -293.883363     50.912438     -9.890517
3691  7308   7   -294.995916     40.549126     -9.853749
3591  7309   7   -296.107354     30.173326     -9.844088
3887  7310   7   -297.226630     19.799536     -9.862406
3868  7311   7   -298.349479      9.438013     -9.908331
3780  7312   7   -287.251978    202.265854    -13.933914
3762  7313   7   -288.303088    191.894293    -13.541841
3765  7314   7   -289.351367    181.509646    -13.168296
3610  7315   7   -290.396902    171.141177    -12.815326
3619  7316   7   -291.459729    160.755874    -12.483771
3640  7317   7   -292.530515    150.375883    -12.174737
3911  7318   7   -293.603748    140.013554    -11.889034
3919  7319   7   -294.684599    129.632694    -11.626549
3942  7320   7   -295.754414    119.265792    -11.387754
3677  7322   7   -297.899237     98.527571    -11.019089
3682  7323   7   -298.977183     88.160661    -10.862268
3681  7324   7   -300.081514     77.797761    -10.733039
3662  7325   7   -301.189829     67.434715    -10.630121
3683  7326   7   -302.308717     57.064202    -10.555159
3661  7327   7   -303.423928     46.697753    -10.507759
3562  7328   7   -304.532277     36.333634    -10.485605
3586  7329   7   -305.645121     25.952189    -10.489453
3590  7330   7   -306.772163     15.586244    -10.520247
3752  7332   7   -295.748934    208.438733    -14.667090
3786  7333   7   -296.797914    198.059365    -14.287019
3776  7334   7   -297.840565    187.676386    -13.924468
3796  7335   7   -298.888778    177.298099    -13.581275
3648  7336   7   -299.932293    166.928735    -13.257654
3600  7337   7   -300.998027    156.541780    -12.955160
3902  7338   7   -302.070146    146.166494    -12.674572
3944  7339   7   -303.143129    135.803065    -12.416166
3925  7340   7   -304.222060    125.437768    -12.180505
3935  7341   7   -305.294189    115.067732    -11.967274
3928  7342   7   -306.364549    104.697490    -11.777558
3908  7343   7   -307.441517     94.323826    -11.612444
3668  7344   7   -308.522104     83.957489    -11.472457
3653  7345   7   -309.627272     73.593521    -11.359445
3665  7346   7   -310.734994     63.225987    -11.272062
3669  7347   7   -311.853623     52.856559    -11.211261
3597  7348   7   -312.970277     42.482987    -11.176276
3559  7349   7   -314.075696     32.115688    -11.166630
3599  7350   7   -315.199256     21.747785    -11.184488
3568  7351   7   -316.329146     11.381880    -11.228917
3795  7352   7   -304.261231    214.622713    -15.618999
3774  7353   7   -305.307051    204.238386    -15.164286
3778  7354   7   -306.349698    193.850333    -14.730085
3779  7355   7   -307.386857    183.464960    -14.484546
3791  7356   7   -308.437293    173.084173    -14.136514
3635  7357   7   -309.477827    162.714628    -13.809179
3939  7358   7   -310.546326    152.331428    -13.505043
3946  7359   7   -311.626332    141.963442    -13.224747
3918  7360   7   -312.692437    131.599945    -12.966679
3906  7361   7   -313.768923    121.227152    -12.732860
3936  7362   7   -314.835003    110.859171    -12.522786
3910  7363   7   -315.904554    100.487544    -12.337833
3901  7364   7   -316.995757     90.121707    -12.180181
3922  7365   7   -318.077367     79.754719    -12.047694
3671  7366   7   -319.180898     69.386735    -11.943252
3659  7367   7   -320.290734     59.021159    -11.868414
3655  7368   7   -321.408609     48.645410    -11.823682
3560  7369   7   -322.530993     38.281782    -11.803724
3574  7370   7   -323.636132     27.914925    -11.806846
3569  7371   7   -324.761979     17.540529    -11.835791
3582  7372   7   -325.894172      7.172783    -11.889511
3775  7373   7   -312.794336    220.821760    -16.504676
3755  7374   7   -313.831323    210.427874    -16.096148
3769  7375   7   -314.868775    200.032529    -15.705794
3770  7376   7   -315.904060    189.635132    -15.334129
3757  7377   7   -316.941173    179.254955    -14.982923
3782  7378   7   -317.988931    168.876406    -14.652834
3768  7379   7   -319.034507    158.506197    -14.343891
3932  7380   7   -320.112602    148.138426    -14.059073
3938  7381   7   -321.187797    137.770842    -13.796400
3920  7382   7   -322.255595    127.406932    -13.556257
3940  7383   7   -323.324171    117.037249    -13.339554
3912  7384   7   -324.388687    106.671088    -13.146748
3945  7385   7   -325.464204     96.297974    -12.979242
3933  7386   7   -326.555140     85.920099    -12.837953
3909  7387   7   -327.636294     75.552038    -12.721611
3652  7388   7   -328.740403     65.185262    -12.632923
3667  7389   7   -329.855425     54.813917    -12.571128
3592  7390   7   -330.980352     44.450180    -12.536506
3577  7391   7   -332.105427     34.086930    -12.528263
3550  7392   7   -333.209353     23.721353    -12.544683
3598  7393   7   -334.346594     13.357873    -12.590148
3785  7394   7   -321.348577    227.036109    -17.496987
3751  7395   7   -322.376249    216.631692    -17.052049
3790  7396   7   -323.407188    206.234138    -16.626885
3784  7397   7   -324.442499    195.840740    -16.219415
3756  7398   7   -325.478374    185.451517    -15.824074
3914  7399   7   -326.514632    175.070220    -15.451113
3777  7400   7   -327.559326    164.694164    -15.101768
3766  7401   7   -328.608180    154.321653    -14.776341
3941  7402   7   -329.685439    143.950232    -14.627819
3921  7403   7   -330.761909    133.576804    -14.382445
3907  7404   7   -331.828701    123.206499    -14.159253
3934  7405   7   -332.895404    112.835344    -13.959365
3949  7406   7   -333.957820    102.467069    -13.783047
3915  7407   7   -335.027253     92.091411    -13.631377
3947  7408   7   -336.114684     81.711472    -13.505742
3929  7409   7   -337.207018     71.342148    -13.405747
3836  7410   7   -338.316801     60.975555    -13.332483
3596  7411   7   -339.435407     50.614742    -13.285498
3570  7412   7   -340.561875     40.250483    -13.264726
3551  7413   7   -341.688515     29.886285    -13.269661
3564  7414   7   -342.794594     19.522413    -13.298610
3578  7415   7   -343.937384      9.163642    -13.356134
3764  7416   7   -329.970025    233.299224    -18.434329
3761  7417   7   -330.948066    222.864296    -17.983739
3750  7418   7   -331.972784    212.454213    -17.556454
3760  7419   7   -333.001579    202.053162    -17.149278
3799  7420   7   -334.030936    191.658453    -16.762488
3767  7421   7   -335.061842    181.269299    -16.396788
3783  7422   7   -336.093998    170.883765    -16.030670
3771  7423   7   -337.137047    160.506458    -15.734947
3781  7424   7   -338.193303    150.134291    -15.461304
3607  7425   7   -339.271665    139.761482    -15.210812
3913  7426   7   -340.346572    129.385390    -14.982068
3923  7427   7   -341.411541    119.009360    -14.775194
3900  7428   7   -342.476232    108.632926    -14.591383
3917  7429   7   -343.531289     98.251896    -14.430255
3924  7430   7   -344.598864     87.881189    -14.294254
3587  7431   7   -345.696545     77.506343    -14.184809
3812  7432   7   -346.792142     67.139248    -14.099895
3816  7433   7   -347.906872     56.774810    -14.041308
3815  7434   7   -349.030808     46.412943    -14.008405
3555  7435   7   -350.153319     36.046067    -14.000343
3583  7436   7   -351.290695     25.685465    -14.018562
3580  7437   7   -352.397316     15.326192    -14.059267
3754  7440   7   -340.589632    218.752926    -18.521661
3772  7441   7   -341.604232    208.333789    -18.131763
3789  7442   7   -342.631804    197.929143    -17.734760
3763  7443   7   -343.659040    187.531663    -17.354605
3753  7444   7   -344.683021    177.140558    -16.995864
3773  7445   7   -345.707164    166.749445    -16.659178
3787  7446   7   -346.746662    156.362646    -16.346611
3608  7447   7   -347.805783    145.984255    -16.059302
3645  7448   7   -348.880833    135.609833    -15.797389
3627  7449   7   -349.952089    125.228085    -15.559417
3927  7450   7   -351.020235    114.857665    -15.346537
3943  7451   7   -352.084687    104.483725    -15.158706
3905  7452   7   -353.153926     94.111242    -14.997234
3916  7453   7   -354.213133     83.739676    -14.861182
3826  7454   7   -355.321169     73.369214    -14.756077
3817  7455   7   -356.418872     63.001237    -14.677868
3802  7456   7   -357.535297     52.635719    -14.629443
3801  7457   7   -358.657417     42.271066    -14.607710
3839  7458   7   -359.783744     31.906685    -14.612588
3575  7459   7   -360.922425     21.545351    -14.644789
3794  7462   7   -351.225306    204.157269    -18.643714
3759  7463   7   -352.248627    193.750025    -18.290204
3792  7464   7   -353.272764    183.349582    -17.945513
3798  7465   7   -354.294403    172.954550    -17.604613
3758  7466   7   -355.315576    162.562189    -17.285798
3609  7467   7   -356.350788    152.177364    -16.991032
3638  7468   7   -357.419221    141.803474    -16.722610
3613  7469   7   -358.495893    131.432249    -16.478705
3628  7470   7   -359.563404    121.059897    -16.258222
3931  7471   7   -360.631792    110.688225    -16.062534
3903  7472   7   -361.694590    100.315157    -15.891449
3930  7473   7   -362.760756     89.939921    -15.746117
3835  7474   7   -363.828938     79.565484    -15.626828
3809  7475   7   -364.931595     69.195483    -15.536806
3822  7476   7   -366.040669     58.824893    -15.473697
3823  7477   7   -367.157620     48.457401    -15.437837
3793  7483   7   -362.914229    179.201119    -18.555111
3797  7484   7   -363.929620    168.801496    -18.231208
3611  7485   7   -364.947322    158.408555    -17.929700
3637  7486   7   -365.984631    148.016012    -17.652346
3603  7487   7   -367.052394    137.637289    -17.401072
3649  7488   7   -368.126385    127.264383    -17.174044
3643  7489   7   -369.192255    116.884922    -16.970118
3629  7490   7   -370.262219    106.512115    -16.791136
3926  7491   7   -371.321980     96.130292    -16.635827
3848  7492   7   -372.386391     85.749111    -16.506076
3810  7493   7   -373.452925     75.377699    -16.402110
3813  7494   7   -374.555356     65.008930    -16.326995
3837  7495   7   -375.671870     54.638532    -16.278919
3624  7502   7   -374.598361    154.249060    -18.548737
3605  7503   7   -375.627622    143.851820    -18.307991
3615  7504   7   -376.697489    133.467013    -18.091874
3622  7505   7   -377.762272    123.069618    -17.880776
3646  7506   7   -378.825701    112.688335    -17.692956
3612  7507   7   -379.898528    102.315924    -17.530265
3948  7508   7   -380.957921     91.933768    -17.390585
3840  7509   7   -382.023559     81.555340    -17.276249
3843  7510   7   -383.089769     71.185865    -17.187061
3842  7511   7   -384.196883     60.816886    -17.126637
3828  7512   7   -385.314362     50.441153    -17.092325
3602  7518   7   -386.397213    129.384495    -18.803131
3632  7519   7   -387.455096    118.969526    -18.606050
3634  7520   7   -388.511319    108.583110    -18.433080
3639  7521   7   -389.588517     98.206593    -18.285939
3618  7522   7   -390.641850     87.819183    -18.160510
3827  7523   7   -391.709090     77.443888    -18.060839
3825  7524   7   -392.783685     67.067659    -17.986280
3833  7525   7   -393.893799     56.694735    -17.939582
3803  7526   7   -395.013232     46.318907    -17.918434
4222  8000   8    -28.134375     -5.201437     -0.082419
4204  8001   8    -38.551296     -5.201448     -0.156482
4240  8002   8    -33.343493    -14.253354     -0.132583
4203  8003   8    -48.968106     -5.201461     -0.250171
4211  8004   8    -43.760371    -14.255653     -0.221006
4213  8005   8    -59.384810     -5.201480     -0.370357
4201  8006   8    -54.177144    -14.256291     -0.321973
4205  8007   8    -48.967142    -23.345351     -0.307886
4243  8008   8    -69.800289     -5.201506     -0.512207
4229  8009   8    -64.592763    -14.249463     -0.452002
4206  8010   8    -59.383858    -23.337718     -0.415379
4212  8012   8    -80.215689     -5.201540     -0.677508
4233  8013   8    -75.008287    -14.241437     -0.605282
4202  8014   8    -69.800405    -23.299254     -0.555854
4230  8015   8    -64.599448    -32.359504     -0.531959
4214  8016   8    -90.630976     -5.201583     -0.867238
4234  8017   8    -85.423703    -14.236912     -0.783149
4227  8018   8    -80.215599    -23.295915     -0.721322
4225  8019   8    -75.016034    -32.323704     -0.684166
4246  8020   8    -69.786205    -41.395803     -0.673227
4143  8021   8   -101.046105     -5.201632     -1.081164
4116  8022   8    -95.838980    -14.237022     -0.984994
4247  8023   8    -90.630637    -23.299708     -0.910713
4226  8024   8    -85.432557    -32.329622     -0.860655
4249  8025   8    -80.200656    -41.359380     -0.856310
4101  8026   8   -111.461023     -5.201688     -1.302306
4141  8027   8   -106.254079    -14.235969     -1.211997
4130  8028   8   -101.045606    -23.296309     -1.125368
4123  8029   8    -95.848134    -32.326855     -1.062541
4241  8030   8    -90.614980    -41.368525     -1.024468
4235  8031   8    -85.361306    -50.431334     -1.035555
4149  8032   8   -121.875677     -5.201751     -1.567971
4115  8033   8   -116.668954    -14.238986     -1.437198
4108  8034   8   -111.460452    -23.297031     -1.364217
4137  8035   8   -106.263304    -32.326987     -1.288481
4231  8036   8   -101.029161    -41.366600     -1.236996
4242  8037   8    -95.776854    -50.441734     -1.237790
4129  8039   8   -132.290020     -5.201820     -1.873627
4139  8040   8   -127.083563    -14.242436     -1.741059
4119  8041   8   -121.875109    -23.312745     -1.629601
4107  8042   8   -116.677631    -32.345810     -1.541285
4145  8043   8   -111.443232    -41.368033     -1.476525
4238  8044   8   -106.192152    -50.442824     -1.438054
4244  8045   8   -100.955815    -59.573706     -1.428027
4146  8046   8   -142.704022     -5.201895     -2.184513
4125  8047   8   -137.497877    -14.241743     -2.040655
4133  8048   8   -132.289546    -23.328109     -1.917673
4104  8049   8   -127.093215    -32.371519     -1.817481
4117  8050   8   -121.857174    -41.401574     -1.740193
4245  8051   8   -116.607190    -50.444640     -1.688277
4223  8052   8   -111.371701    -59.574862     -1.665163
4224  8053   8   -106.147709    -68.622231     -1.667694
4336  8054   8   -153.117665     -5.201978     -2.514409
4300  8055   8   -147.911879    -14.235958     -2.347411
4144  8056   8   -142.703742    -23.330238     -2.202635
4124  8057   8   -137.506269    -32.376499     -2.120728
4110  8058   8   -132.271120    -41.413641     -2.030820
4237  8059   8   -127.021981    -50.454549     -1.965773
4228  8060   8   -121.787408    -59.563824     -1.928552
4207  8061   8   -116.563412    -68.623975     -1.918115
4307  8062   8   -163.530944     -5.202069     -2.876179
4335  8063   8   -158.325567    -14.241167     -2.699909
4325  8064   8   -153.117660    -23.321177     -2.545162
4113  8065   8   -147.918667    -32.352849     -2.449555
4136  8066   8   -142.685037    -41.415900     -2.346645
4220  8067   8   -137.436514    -50.486772     -2.268482
4215  8068   8   -132.202886    -59.588974     -2.217617
4210  8069   8   -126.978911    -68.612156     -2.193495
4209  8070   8   -121.778363    -77.687710     -2.197208
4309  8071   8   -173.943870     -5.202169     -3.269993
4349  8072   8   -168.738956    -14.240451     -3.080838
4347  8073   8   -163.531281    -23.302369     -2.912979
4342  8074   8   -158.330800    -32.347757     -2.799882
4200  8076   8   -147.850932    -50.487573     -2.596348
4219  8077   8   -142.618180    -59.596960     -2.533258
4218  8078   8   -137.394166    -68.637151     -2.495911
4217  8079   8   -132.194081    -77.680593     -2.486192
4331  8080   8   -184.356463     -5.202278     -3.665457
4332  8081   8   -179.152070    -14.237881     -3.486760
4302  8082   8   -173.944624    -23.313286     -3.326867
4344  8083   8   -168.742846    -32.358998     -3.187240
4345  8084   8   -163.512702    -41.389721     -3.067892
4326  8085   8   -158.265131    -50.453724     -2.970934
4318  8086   8   -153.033251    -59.588635     -2.899374
4239  8087   8   -147.809242    -68.640326     -2.851756
4232  8088   8   -142.609571    -77.685414     -2.830016
4248  8089   8   -137.409794    -86.716472     -2.833364
4324  8090   8   -194.768763     -5.202397     -4.145217
4348  8091   8   -189.564948    -14.231336     -3.927933
4343  8092   8   -184.357651    -23.280410     -3.731882
4313  8093   8   -179.154623    -32.342155     -3.559001
4334  8094   8   -173.926432    -41.409409     -3.452486
4310  8095   8   -168.679209    -50.459776     -3.333855
4320  8096   8   -163.448048    -59.556355     -3.242170
4314  8097   8   -158.224107    -68.634312     -3.177193
4221  8098   8   -153.024816    -77.664324     -3.140530
4216  8099   8   -147.825218    -86.706198     -3.131882
4236  8100   8   -142.616722    -95.751246     -3.147111
4150  8101   8   -205.180829     -5.202527     -4.607107
4317  8102   8   -199.977654    -14.228149     -4.380274
4346  8103   8   -194.770456    -23.256961     -4.174130
4321  8104   8   -189.566012    -32.307850     -3.990580
4312  8105   8   -184.340094    -41.387352     -3.874327
4327  8106   8   -179.093132    -50.462417     -3.743110
4333  8107   8   -173.862650    -59.551524     -3.638223
4301  8108   8   -168.638734    -68.605303     -3.559418
4337  8109   8   -163.439840    -77.654626     -3.508540
4103  8110   8   -158.240184    -86.685466     -3.485072
4208  8111   8   -153.031586    -95.726599     -3.488175
4154  8112   8   -215.592744     -5.202667     -5.102750
4191  8113   8   -210.390253    -14.233781     -4.874930
4306  8114   8   -205.183093    -23.257197     -4.666639
4304  8115   8   -199.977245    -32.285080     -4.479482
4338  8116   8   -194.753631    -41.348039     -4.314150
4305  8117   8   -189.506912    -50.462612     -4.172058
4322  8118   8   -184.277019    -59.546670     -4.055322
4323  8119   8   -179.053197    -68.607518     -3.964290
4328  8120   8   -173.854426    -77.638308     -3.900247
4120  8121   8   -168.655095    -86.670127     -3.863857
4100  8122   8   -163.446281    -95.705959     -3.854716
4102  8123   8   -158.248634   -104.741309     -3.870224
4177  8124   8   -226.004616     -5.202820     -5.631160
4187  8125   8   -220.802775    -14.229185     -5.390210
4170  8126   8   -215.595622    -23.261744     -5.168814
4160  8127   8   -210.388311    -32.317634     -4.968633
4339  8128   8   -205.167155    -41.341782     -4.789814
4319  8129   8   -199.920516    -50.426528     -4.633875
4308  8130   8   -194.691621    -59.521908     -4.503711
4341  8131   8   -189.467524    -68.577093     -4.398841
4316  8132   8   -184.268924    -77.622912     -4.321324
4138  8133   8   -179.069504    -86.655195     -4.270353
4132  8134   8   -173.860831    -95.690899     -4.246718
4147  8135   8   -168.663659   -104.721625     -4.250040
4182  8136   8   -236.416418     -5.202984     -6.175114
4189  8137   8   -231.215143    -14.228888     -5.922058
4195  8138   8   -226.008091    -23.252494     -5.675097
4194  8139   8   -220.799357    -32.296346     -5.450284
4190  8140   8   -215.580565    -41.367331     -5.248607
4432  8141   8   -210.334018    -50.389100     -5.140659
4340  8142   8   -205.105538    -59.491820     -5.003909
4311  8143   8   -199.882451    -68.552724     -4.891153
4303  8144   8   -194.682930    -77.592933     -4.804112
4329  8145   8   -189.483958    -86.638469     -4.742698
4128  8146   8   -184.275264    -95.675817     -4.706625
4118  8147   8   -179.078456   -104.707107     -4.697131
4121  8148   8   -173.885775   -113.739788     -4.714083
4172  8149   8   -246.838139     -5.203163     -6.785760
4153  8151   8   -236.420299    -23.253682     -6.238847
4186  8152   8   -231.210442    -32.278714     -6.021931
4178  8153   8   -225.994948    -41.335119     -5.816175
4184  8154   8   -220.747479    -50.412015     -5.632352
4421  8155   8   -215.519290    -59.455303     -5.473643
4427  8156   8   -210.296516    -68.523290     -5.340989
4315  8157   8   -205.096945    -77.569992     -5.235410
4330  8158   8   -199.897878    -86.608920     -5.156520
4135  8159   8   -194.689627    -95.659188     -5.106238
4109  8160   8   -189.493000   -104.691658     -5.150914
4105  8161   8   -184.300546   -113.724981     -5.154635
4126  8162   8   -179.106358   -122.756412     -5.183336
4389  8163   8   -257.252581     -5.203355     -7.380383
4362  8164   8   -252.044444    -14.225931     -7.091268
4158  8165   8   -246.832142    -23.247567     -6.822292
4183  8166   8   -241.621641    -32.280091     -6.575103
4196  8167   8   -236.409626    -41.304861     -6.384656
4171  8168   8   -231.161858    -50.379780     -6.195876
4423  8169   8   -225.932910    -59.445972     -6.031352
4419  8170   8   -220.710026    -68.489860     -5.890991
4408  8171   8   -215.510811    -77.540650     -5.776892
4417  8172   8   -210.312055    -86.586048     -5.688272
4127  8173   8   -205.104645    -95.629603     -5.625258
4122  8174   8   -199.907269   -104.672739     -5.589214
4131  8175   8   -194.715187   -113.707386     -5.579877
4112  8176   8   -189.520745   -122.739141     -5.597043
4368  8177   8   -267.667769     -5.203564     -7.999898
4367  8178   8   -262.457076    -14.223228     -7.709798
4357  8179   8   -257.245228    -23.248210     -7.439187
4157  8180   8   -252.034981    -32.272538     -7.189266
4152  8181   8   -246.822518    -41.305017     -6.960929
4155  8182   8   -241.576687    -50.349591     -6.753479
4428  8183   8   -236.347185    -59.413428     -6.571180
4429  8184   8   -231.128043    -68.474233     -6.443853
4435  8185   8   -225.924551    -77.507637     -6.321365
4412  8186   8   -220.726030    -86.556806     -6.223767
4449  8187   8   -215.518882    -95.606560     -6.150667
4447  8188   8   -210.321473   -104.643918     -6.103104
4106  8189   8   -205.129745   -113.686869     -6.081529
4134  8190   8   -199.935558   -122.719129     -6.085230
4140  8191   8   -194.744335   -131.752958     -6.114756
4374  8192   8   -278.094967     -5.203789     -8.654410
4393  8193   8   -272.880840    -14.222591     -8.343013
4361  8194   8   -267.662804    -23.247127     -8.051450
4351  8195   8   -262.450433    -32.272277     -7.781371
4382  8196   8   -257.238503    -41.294646     -7.585102
4167  8197   8   -251.993690    -50.347747     -7.376590
4411  8198   8   -246.762246    -59.383505     -7.190973
4442  8199   8   -241.542032    -68.441362     -7.029470
4407  8200   8   -236.339412    -77.492988     -6.892818
4448  8201   8   -231.139839    -86.523335     -6.780510
4406  8202   8   -225.930951    -95.573444     -6.693235
4446  8203   8   -220.735635   -104.618025     -6.632193
4403  8204   8   -215.544261   -113.658685     -6.597178
4142  8205   8   -210.350327   -122.700956     -6.588175
4148  8206   8   -205.159459   -131.735505     -6.605236
4366  8207   8   -288.520497     -5.204032     -9.270176
4395  8208   8   -283.299843    -14.229781     -8.934130
4387  8209   8   -278.079780    -23.248036     -8.618842
4379  8210   8   -272.860653    -32.273705     -8.325447
4399  8211   8   -267.649767    -41.298301     -8.057812
4034  8212   8   -262.411205    -50.331000     -7.968727
4033  8213   8   -257.182799    -59.378796     -7.775619
4440  8214   8   -251.957037    -68.411117     -7.604921
4404  8215   8   -246.753235    -77.459791     -7.458936
4431  8216   8   -241.554656    -86.509371     -7.337149
4426  8217   8   -236.346852    -95.544478     -7.238990
4433  8218   8   -231.149812   -104.586756     -7.166476
4401  8219   8   -225.958811   -113.631634     -7.119610
4414  8220   8   -220.765092   -122.670975     -7.097938
4114  8221   8   -215.574184   -131.715951     -7.102169
4111  8222   8   -210.382581   -140.750850     -7.131614
4063  8223   8   -298.953468     -5.204294     -9.945771
4372  8224   8   -293.728561    -14.218382     -9.576919
4377  8225   8   -288.505535    -23.257544     -9.230172
4353  8226   8   -283.281475    -32.275235     -8.988372
4384  8227   8   -278.067188    -41.301079     -8.700651
4025  8228   8   -272.827144    -50.336734     -8.508113
4014  8229   8   -267.600450    -59.355858     -8.280385
4017  8230   8   -262.380923    -68.406696     -8.078327
4047  8231   8   -257.168712    -77.430867     -8.050726
4405  8232   8   -251.967640    -86.476933     -7.921129
4439  8233   8   -246.762098    -95.530283     -7.814872
4402  8234   8   -241.563171   -104.560869     -7.732386
4422  8235   8   -236.373441   -113.597456     -7.674762
4415  8236   8   -231.179947   -122.643407     -7.641696
4445  8237   8   -225.989315   -131.685151     -7.633348
4416  8238   8   -220.798536   -140.727742     -7.649732
4078  8240   8   -309.394888     -5.204578    -10.648641
4054  8241   8   -304.165392    -14.217045    -10.275968
4352  8242   8   -298.933687    -23.243163     -9.924388
4355  8243   8   -293.710750    -32.275395     -9.682214
4354  8244   8   -288.488660    -41.300648     -9.379064
4358  8245   8   -283.262855    -50.323803     -9.174415
4022  8246   8   -278.029621    -59.359249     -8.929441
4023  8247   8   -272.801211    -68.375285     -8.709425
4043  8248   8   -267.589952    -77.423349     -8.585696
4005  8249   8   -262.380822    -86.446658     -8.427561
4019  8250   8   -257.175223    -95.496859     -8.296061
4437  8251   8   -251.987934   -104.541895     -8.192020
4410  8252   8   -246.787326   -113.571952     -8.113546
4424  8253   8   -241.594950   -122.609516     -8.064458
4441  8254   8   -236.404576   -131.653657     -8.044111
4443  8255   8   -231.216804   -140.694437     -8.048185
4436  8256   8   -226.028648   -149.734666     -8.076585
4086  8257   8   -319.850121     -5.204885    -11.465965
4079  8258   8   -314.612103    -14.217002    -11.107393
4085  8259   8   -309.378502    -23.237608    -10.751845
4096  8260   8   -304.147696    -32.261157    -10.378272
4371  8261   8   -298.923722    -41.293825    -10.069687
4381  8262   8   -293.694739    -50.321298     -9.788515
4002  8263   8   -288.474419    -59.345236     -9.610085
4015  8264   8   -283.240527    -68.372772     -9.375028
4018  8265   8   -278.012139    -77.388951     -9.238062
4000  8266   8   -272.809994    -86.429959     -9.064657
4037  8267   8   -267.593405    -95.455660     -8.916018
4001  8268   8   -262.401352   -104.508495     -8.796378
4016  8269   8   -257.211709   -113.548234     -8.703714
4425  8270   8   -252.014008   -122.580228     -8.640122
4413  8271   8   -246.820044   -131.619729     -8.607271
4444  8272   8   -241.633103   -140.662841     -8.599280
4420  8273   8   -236.444935   -149.703018     -8.615484
4400  8274   8   -231.256874   -158.743266     -8.656044
4060  8275   8   -330.318532     -5.205216    -12.287947
4050  8276   8   -325.078996    -14.216518    -11.897665
4071  8277   8   -319.828921    -23.235072    -11.527167
4073  8278   8   -314.595961    -32.254673    -11.181189
4080  8279   8   -309.365682    -41.280926    -10.892887
4076  8280   8   -304.135730    -50.314371    -10.601487
4042  8281   8   -298.912497    -59.340436    -10.294693
4003  8282   8   -293.686595    -68.356517    -10.052668
4029  8283   8   -288.459291    -77.376609     -9.835457
4048  8284   8   -283.236538    -86.392020     -9.730157
4004  8285   8   -278.024213    -95.437310     -9.567638
4020  8286   8   -272.821097   -104.465024     -9.432034
4026  8287   8   -267.630443   -113.512587     -9.325006
4041  8288   8   -262.441442   -122.550130     -9.245389
4011  8289   8   -257.245276   -131.585800     -9.194992
4438  8290   8   -252.057751   -140.623250     -9.174607
4418  8291   8   -246.867458   -149.670397     -9.178725
4409  8292   8   -241.677540   -158.713293     -9.207083
4089  8293   8   -340.797188     -5.205575    -13.078388
4072  8294   8   -335.552207    -14.218306    -12.705240
4095  8295   8   -330.298035    -23.224970    -12.350354
4052  8296   8   -325.054239    -32.249735    -12.016156
4075  8297   8   -319.819860    -41.272437    -11.703316
4066  8298   8   -314.589074    -50.294871    -11.412219
4252  8299   8   -309.371478    -59.320811    -11.144412
4289  8300   8   -304.150100    -68.340233    -10.899267
4036  8301   8   -298.925421    -77.362295    -10.677682
4024  8302   8   -293.676715    -86.384136    -10.478821
4046  8303   8   -288.453718    -95.402776    -10.306839
4021  8304   8   -283.254608   -104.435641    -10.162550
4027  8305   8   -278.057515   -113.471479    -10.044655
4010  8306   8   -272.870897   -122.512376     -9.954227
4040  8307   8   -267.682215   -131.551279     -9.890517
4049  8308   8   -262.490887   -140.589317     -9.853749
4156  8309   8   -257.291318   -149.636802     -9.844088
4434  8310   8   -252.099270   -158.687269     -9.862406
4430  8311   8   -246.917324   -167.729911     -9.908331
4458  8312   8   -351.280618     -5.205963    -13.933914
4466  8313   8   -346.034733    -14.214559    -13.541841
4490  8314   8   -340.778866    -23.232078    -13.168296
4090  8315   8   -335.530289    -32.234896    -12.815326
4062  8316   8   -330.285806    -41.261496    -12.483771
4097  8317   8   -325.050884    -50.288478    -12.174737
4271  8318   8   -319.828324    -59.302608    -11.889034
4296  8319   8   -314.601034    -68.336209    -11.626549
4287  8320   8   -309.373021    -77.352030    -11.387754
4012  8322   8   -298.918599    -95.390299    -11.019089
4009  8323   8   -293.697158   -104.410906    -10.862268
4039  8324   8   -288.499421   -113.443777    -10.733039
4008  8325   8   -283.304821   -122.479109    -10.630121
4045  8326   8   -278.114386   -131.526696    -10.555159
4044  8327   8   -272.923365   -140.568834    -10.507759
4173  8328   8   -267.728162   -149.605054    -10.485605
4199  8329   8   -262.526411   -158.657932    -10.489453
4176  8330   8   -257.345257   -167.706617    -10.520247
4486  8332   8   -361.783127     -5.206384    -14.612543
4493  8333   8   -356.530930    -14.220045    -14.163723
4477  8334   8   -351.271491    -23.232906    -13.819800
4462  8335   8   -346.019309    -32.245241    -13.422127
4094  8336   8   -340.768571    -41.247595    -13.132447
4069  8337   8   -335.525469    -50.277241    -12.791167
4291  8338   8   -330.294391    -59.301199    -12.474602
4275  8339   8   -325.070982    -68.316073    -12.429603
4255  8340   8   -319.851287    -77.335954    -12.197187
4253  8341   8   -314.623303    -86.355671    -11.986892
4283  8342   8   -309.393767    -95.374515    -11.799789
4297  8343   8   -304.167566   -104.400012    -11.636948
4007  8344   8   -298.948599   -113.421707    -11.498889
4028  8345   8   -293.750911   -122.455935    -11.387434
4013  8346   8   -288.553193   -131.494549    -11.301254
4030  8347   8   -283.363186   -140.541106    -11.241290
4166  8348   8   -278.169146   -149.589855    -11.206787
4197  8349   8   -272.969703   -158.626925    -11.197274
4188  8350   8   -267.784582   -167.675147    -11.214886
4192  8351   8   -262.605756   -176.725473    -11.258703
4478  8352   8   -372.304572     -5.206842    -15.605813
4465  8353   8   -367.046904    -14.222657    -15.164314
4469  8354   8   -361.784479    -23.239621    -14.742731
4492  8355   8   -356.519189    -32.251191    -14.342003
4485  8356   8   -351.267336    -41.266855    -13.964434
4077  8357   8   -346.014080    -50.267603    -13.609318
4277  8358   8   -340.775422    -59.295836    -13.279370
4259  8359   8   -335.555016    -68.318525    -13.062494
4265  8360   8   -330.326002    -77.329411    -12.789900
4294  8361   8   -325.099923    -86.353919    -12.542919
4267  8362   8   -319.868254    -95.368418    -12.550198
4290  8363   8   -314.637249   -104.387907    -12.379422
4264  8364   8   -309.427165   -113.415438    -12.233854
4258  8365   8   -304.208643   -122.438262    -12.111522
4032  8366   8   -299.007270   -131.474777    -12.015085
4006  8367   8   -293.812414   -140.513049    -11.943770
4035  8368   8   -288.618081   -149.564277    -11.897771
4151  8369   8   -283.434521   -158.608349    -11.877247
4180  8370   8   -278.235112   -167.644897    -11.880458
4179  8371   8   -273.048024   -176.699716    -11.910223
4168  8372   8   -267.869980   -185.752885    -11.965463
4470  8373   8   -382.851708     -5.207341    -16.533580
4497  8374   8   -377.581275    -14.225697    -16.090380
4459  8375   8   -372.310360    -23.245507    -15.666897
4489  8376   8   -367.036487    -32.265703    -15.263689
4467  8377   8   -361.774214    -41.273042    -14.882677
4480  8378   8   -356.521510    -50.285321    -14.524573
4495  8379   8   -351.271943    -59.289571    -14.189411
4272  8380   8   -346.050117    -68.310962    -13.880420
4261  8381   8   -340.826055    -77.330498    -13.595455
4263  8382   8   -335.598169    -86.342713    -13.334931
4254  8383   8   -330.367518    -95.360056    -13.101877
4282  8384   8   -325.135653   -104.372163    -12.980105
4268  8385   8   -319.908601   -113.396362    -12.803170
4299  8386   8   -314.691225   -122.433475    -12.653928
4284  8387   8   -309.471704   -131.456899    -12.531037
4031  8388   8   -304.271509   -140.492776    -12.437357
4038  8389   8   -299.077457   -149.538764    -12.374466
4164  8390   8   -293.895890   -158.584419    -12.342239
4161  8391   8   -288.714729   -167.629767    -12.334575
4185  8392   8   -283.515091   -176.664566    -12.349843
4159  8393   8   -278.343637   -185.717251    -12.392174
4453  8394   8   -393.424937     -5.207884    -17.432614
4488  8395   8   -388.140778    -14.229285    -16.999382
4481  8396   8   -382.863296    -23.247053    -16.585405
4457  8397   8   -377.591794    -32.264029    -16.191333
4479  8398   8   -372.323203    -41.277959    -15.817593
4455  8399   8   -367.059580    -50.285702    -15.465010
4482  8400   8   -361.805862    -59.294163    -15.134752
4487  8401   8   -356.557594    -68.302202    -14.827106
4270  8402   8   -351.332946    -77.326055    -14.544544
4256  8403   8   -346.106481    -86.351068    -14.285358
4260  8404   8   -340.874021    -95.367865    -14.049602
4262  8405   8   -335.640990   -104.385298    -13.838464
4269  8406   8   -330.406184   -113.397881    -13.652220
4292  8407   8   -325.172714   -122.420562    -13.492013
4257  8408   8   -319.951289   -131.457285    -13.359306
4286  8409   8   -314.740071   -140.488302    -13.253682
4383  8410   8   -309.544573   -149.527366    -13.176294
4163  8411   8   -304.359611   -158.566940    -13.126665
4174  8412   8   -299.178985   -167.613923    -13.104724
4175  8413   8   -293.998533   -176.660957    -13.109936
4169  8414   8   -288.801639   -185.695643    -13.140515
4181  8415   8   -283.637442   -194.747780    -13.201277
4473  8416   8   -404.081201     -5.208477    -18.465351
4474  8417   8   -398.738956    -14.225389    -18.033354
4475  8418   8   -393.449077    -23.249638    -17.593686
4468  8419   8   -388.167805    -32.268975    -17.174308
4476  8420   8   -382.890716    -41.283512    -16.775928
4456  8421   8   -377.618145    -50.294466    -16.399269
4463  8422   8   -372.348713    -59.303226    -16.044907
4491  8423   8   -367.092929    -68.311732    -15.714485
4483  8424   8   -361.850852    -77.323843    -15.408733
4093  8425   8   -356.626281    -86.349467    -15.128849
4278  8426   8   -351.396985    -95.375716    -14.873264
4288  8427   8   -346.159685   -104.396074    -14.589111
4251  8428   8   -340.921924   -113.416595    -14.385890
4279  8429   8   -335.673666   -122.435172    -14.207747
4280  8430   8   -330.441604   -131.452755    -14.057384
4293  8431   8   -325.231465   -140.491382    -13.936381
4376  8432   8   -320.024196   -149.522514    -13.845719
4397  8433   8   -314.833968   -158.562743    -13.787508
4365  8434   8   -309.652699   -167.606302    -13.754884
4165  8435   8   -304.467332   -176.653076    -13.746898
4198  8436   8   -299.297680   -185.703512    -13.764947
4193  8437   8   -294.103927   -194.734795    -13.805322
4496  8440   8   -404.122544    -23.218728    -18.558744
4452  8441   8   -398.819158    -32.244354    -18.135586
4464  8442   8   -393.534784    -41.265881    -17.734221
4484  8443   8   -388.254349    -50.281413    -17.353915
4499  8444   8   -382.975029    -59.289875    -16.995032
4471  8445   8   -377.695835    -68.298438    -16.658214
4454  8446   8   -372.431600    -77.312536    -16.345523
4082  8447   8   -367.188181    -86.331367    -16.058100
4059  8448   8   -361.959983    -95.356349    -15.796083
4098  8449   8   -356.724409   -104.385028    -15.558018
4298  8450   8   -351.492977   -113.402714    -15.341269
4266  8451   8   -346.256488   -122.421077    -15.158896
4273  8452   8   -341.024728   -131.441075    -15.002116
4285  8453   8   -335.785391   -140.454435    -14.870018
4388  8454   8   -330.586206   -149.495602    -14.767968
4380  8455   8   -325.380123   -158.528685    -14.691181
4350  8456   8   -320.190631   -167.570784    -14.642343
4364  8457   8   -315.006255   -176.615530    -14.620425
4398  8458   8   -309.825442   -185.662528    -14.625344
4162  8459   8   -304.656415   -194.714323    -14.657821
4460  8462   8   -404.147873    -41.278355    -18.643714
4450  8463   8   -398.858533    -50.299485    -18.290204
4472  8464   8   -393.573850    -59.315593    -17.945513
4451  8465   8   -388.290327    -68.325855    -17.604613
4461  8466   8   -383.007996    -77.333682    -17.285798
4087  8467   8   -377.741454    -86.343664    -16.991032
4070  8468   8   -372.508215    -95.364327    -16.722610
4083  8469   8   -367.283208   -104.387676    -16.478705
4057  8470   8   -362.050127   -113.406552    -16.258222
4274  8471   8   -356.818155   -122.425394    -16.062534
4276  8472   8   -351.580840   -131.442079    -15.891449
4281  8473   8   -346.344975   -140.462498    -15.746117
4375  8474   8   -341.111212   -149.483456    -15.626828
4390  8475   8   -335.907947   -158.521088    -15.536806
4396  8476   8   -330.709526   -167.562969    -15.473697
4369  8477   8   -325.519300   -176.606974    -15.437837
4494  8483   8   -398.935554    -68.338881    -18.555111
4498  8484   8   -393.644277    -77.349185    -18.231208
4091  8485   8   -388.358798    -86.355441    -17.929700
4056  8486   8   -383.089415    -95.372899    -17.652346
4058  8487   8   -377.852793   -104.397078    -17.401072
4074  8488   8   -372.624629   -113.420212    -17.174044
4055  8489   8   -367.386042   -122.443874    -16.970118
4068  8490   8   -362.154678   -131.464561    -16.791136
4250  8491   8   -356.909760   -140.486544    -16.635827
4386  8492   8   -351.668982   -149.510741    -16.506076
4363  8493   8   -346.435663   -158.528282    -16.402110
4359  8494   8   -341.232939   -167.564785    -16.326995
4394  8495   8   -336.040651   -176.610884    -16.278919
4084  8502   8   -393.721763    -95.393281    -18.548737
4067  8503   8   -388.443108   -104.409809    -18.307991
4081  8504   8   -383.204612   -113.440147    -18.091874
4099  8505   8   -377.954604   -122.477680    -17.880776
4053  8506   8   -372.712972   -131.501382    -17.692956
4088  8507   8   -367.484156   -140.523431    -17.530265
4295  8508   8   -362.238745   -149.545467    -17.390585
4391  8509   8   -357.000577   -158.568158    -17.276249
4385  8510   8   -351.768135   -167.583942    -17.187061
4360  8511   8   -346.569076   -176.623367    -17.126637
4392  8512   8   -341.374433   -185.674350    -17.092325
4061  8518   8   -388.652210   -122.444328    -18.803131
4065  8519   8   -383.386290   -131.492023    -18.606050
4064  8520   8   -378.135810   -140.515642    -18.433080
4051  8521   8   -372.908118   -149.543582    -18.285939
4092  8522   8   -367.654716   -158.566307    -18.160510
4373  8523   8   -362.419686   -167.587405    -18.060839
4370  8524   8   -357.190057   -176.613581    -17.986280
4378  8525   8   -351.991106   -185.657962    -17.939582
4356  8526   8   -346.797988   -194.710169    -17.918434
4869  9000   9    -19.703860    -20.745022     -0.082419
4862  9001   9    -28.131319    -26.867943     -0.156482
4863  9002   9    -18.597541    -31.130019     -0.132583
4858  9003   9    -36.558688    -32.990801     -0.250794
4851  9004   9    -27.023621    -37.254766     -0.214058
4888  9005   9    -44.985967    -39.113601     -0.370357
4884  9006   9    -35.450593    -43.378108     -0.321973
4859  9007   9    -25.893197    -47.668950     -0.307886
4878  9008   9    -53.412251    -45.235687     -0.512207
4868  9009   9    -43.881019    -49.494731     -0.452002
4890  9010   9    -34.324984    -53.785566     -0.415379
4879  9012   9    -61.838467    -51.357733     -0.677508
4896  9013   9    -52.312072    -55.610329     -0.605282
4889  9014   9    -42.774756    -59.877141     -0.555854
4895  9015   9    -33.241612    -64.149992     -0.531959
4883  9016   9    -70.264586    -57.479720     -0.867238
4897  9017   9    -60.740981    -61.728697     -0.783149
4876  9018   9    -51.202788    -65.996337     -0.721322
4857  9019   9    -41.689850    -70.243744     -0.684166
4871  9020   9    -32.126383    -74.509210     -0.673227
4598  9021   9    -78.690574    -63.601619     -1.081164
4591  9022   9    -69.167052    -67.850732     -0.984994
4886  9023   9    -59.626501    -72.121212     -0.910713
4861  9024   9    -50.113515    -76.371211     -0.860655
4855  9025   9    -40.573260    -80.601204     -0.856310
4571  9026   9    -87.116386    -69.723400     -1.302306
4587  9027   9    -77.593663    -73.971721     -1.211997
4559  9028   9    -68.054386    -78.240227     -1.125368
4567  9029   9    -58.541521    -82.491095     -1.062541
4885  9030   9    -48.993250    -86.729989     -1.024468
4899  9031   9    -39.415953    -90.973923     -1.035555
4597  9032   9    -95.541981    -75.845031     -1.567971
4582  9033   9    -86.017701    -80.095872     -1.437198
4560  9034   9    -76.479749    -84.362504     -1.364217
4570  9035   9    -66.967493    -88.613085     -1.288481
4891  9036   9    -57.419631    -92.849733     -1.236996
4872  9037   9    -47.836195    -97.104442     -1.237790
4581  9039   9   -103.967321    -81.966484     -1.873627
4575  9040   9    -94.441268    -86.220217     -1.741059
4592  9041   9    -84.896147    -90.496799     -1.629601
4566  9042   9    -75.381796    -94.749701     -1.541285
4551  9043   9    -65.843949    -98.972130     -1.476525
4864  9044   9    -56.261708   -103.227283     -1.438054
4892  9045   9    -46.658424   -107.536480     -1.428027
4555  9046   9   -112.392382    -88.087741     -2.184513
4564  9047   9   -102.867033    -92.341036     -2.040655
4576  9048   9    -93.312572    -96.630681     -1.917673
4562  9049   9    -83.793069   -100.892626     -1.817481
4579  9050   9    -74.249290   -105.120427     -1.740193
4873  9051   9    -64.686583   -109.350558     -1.688277
4880  9052   9    -55.084374   -113.659719     -1.665163
4881  9053   9    -45.540165   -117.908609     -1.667694
4675  9054   9   -120.817147    -94.208794     -2.514409
4684  9055   9   -111.295538    -98.457553     -2.347411
4577  9056   9   -101.736583   -102.753714     -2.202635
4578  9057   9    -92.214480   -107.017295     -2.120728
4580  9058   9    -82.667257   -111.251353     -2.030820
4866  9059   9    -73.106501   -115.480235     -1.965773
4898  9060   9    -63.517345   -119.772988     -1.928552
4882  9061   9    -53.965621   -124.032217     -1.918115
4697  9062   9   -129.241613   -100.329639     -2.876179
4699  9063   9   -119.717326   -104.582779     -2.699909
4695  9064   9   -110.166945   -108.867531     -2.545162
4563  9065   9   -100.652188   -113.118416     -2.449555
4585  9066   9    -91.090965   -117.374327     -2.346645
4887  9067   9    -81.513095   -121.627813     -2.268482
4893  9068   9    -71.928861   -125.915399     -2.217617
4854  9069   9    -62.398884   -130.144731     -2.193495
4894  9070   9    -52.857075   -134.430203     -2.197208
4674  9071   9   -137.665789   -106.450285     -3.269993
4655  9072   9   -128.142356   -110.703037     -3.080838
4689  9073   9   -118.602797   -114.973288     -2.912979
4651  9074   9   -109.078773   -119.234394     -2.799882
4856  9076   9    -89.938066   -127.749902     -2.596348
4877  9077   9    -80.350317   -132.043816     -2.533258
4852  9078   9    -70.810310   -136.286886     -2.495911
4865  9079   9    -61.287751   -140.546651     -2.486192
4688  9080   9   -146.089689   -112.570741     -3.665457
4698  9081   9   -136.568253   -116.821632     -3.486760
4676  9082   9   -127.020951   -121.102929     -3.326867
4686  9083   9   -117.495688   -125.363536     -3.187240
4677  9084   9   -107.956287   -129.595342     -3.067892
4687  9085   9    -98.383226   -133.843830     -2.970934
4659  9086   9    -88.781180   -138.158906     -2.899374
4875  9087   9    -79.234417   -142.411283     -2.851756
4860  9088   9    -69.711226   -146.672623     -2.830016
4867  9089   9    -60.196195   -150.922550     -2.833364
4657  9090   9   -154.513347   -118.691034     -4.145217
4656  9091   9   -144.996295   -122.936873     -3.927933
4669  9092   9   -135.464591   -127.196956     -3.731882
4661  9093   9   -125.928893   -131.469798     -3.559001
4667  9094   9   -116.369599   -135.732307     -3.452486
4665  9095   9   -106.804835   -139.969968     -3.333855
4696  9096   9    -97.225901   -144.254455     -3.242170
4652  9097   9    -87.663755   -148.528121     -3.177193
4874  9098   9    -78.149732   -152.777488     -3.140530
4870  9099   9    -68.628489   -157.036271     -3.131882
4850  9100   9    -59.098181   -161.292391     -3.147111
4797  9101   9   -162.936809   -124.811198     -4.607107
4685  9102   9   -153.422224   -129.054730     -4.380274
4682  9103   9   -143.902510   -133.298478     -4.174130
4681  9104   9   -134.372048   -137.561706     -3.990580
4671  9105   9   -124.807394   -141.835460     -3.874327
4690  9106   9   -115.228323   -146.093255     -3.743110
4679  9107   9   -105.654331   -150.372097     -3.638223
4654  9108   9    -96.106416   -154.626217     -3.559418
4650  9109   9    -86.581364   -158.891440     -3.508540
4552  9110   9    -77.066560   -163.141262     -3.485072
4853  9111   9    -67.538471   -167.394155     -3.488175
4778  9112   9   -171.360143   -130.931281     -5.102750
4765  9113   9   -161.842884   -135.179659     -4.874930
4664  9114   9   -152.326372   -139.419064     -4.666639
4658  9115   9   -142.808296   -143.662854     -4.479482
4660  9116   9   -133.255230   -147.924578     -4.314150
4653  9117   9   -123.653133   -152.214479     -4.172058
4680  9118   9   -114.082586   -156.489582     -4.055322
4662  9119   9   -104.530592   -160.749477     -3.964290
4693  9120   9    -95.016533   -164.999778     -3.900247
4572  9121   9    -85.501416   -169.250583     -3.863857
4565  9122   9    -75.976268   -173.499061     -3.854716
4588  9123   9    -66.460438   -177.753712     -3.870224
4750  9124   9   -179.783434   -137.051350     -5.598405
4753  9125   9   -170.269492   -141.296267     -5.369662
4773  9126   9   -160.747612   -145.543073     -5.159482
4770  9127   9   -151.211890   -149.808662     -4.969443
4673  9128   9   -141.683625   -154.040432     -4.799683
4678  9129   9   -132.099125   -158.306249     -4.651644
4683  9130   9   -122.522730   -162.591099     -4.528074
4670  9131   9   -112.973843   -166.846250     -4.428517
4692  9132   9   -103.451088   -171.108811     -4.354927
4568  9133   9    -93.935626   -175.359939     -4.306538
4558  9134   9    -84.410668   -179.608396     -4.283690
4554  9135   9    -74.897940   -183.859586     -4.287254
4768  9136   9   -188.206663   -143.171386     -6.200372
4781  9137   9   -178.693450   -147.416263     -5.943376
4776  9138   9   -169.176913   -151.655886     -5.706084
4757  9139   9   -159.647116   -155.910899     -5.490074
4766  9140   9   -150.093234   -160.181951     -5.296293
4958  9141   9   -140.545825   -164.396872     -5.124218
4672  9142   9   -130.965451   -168.687904     -4.978887
4694  9143   9   -121.414020   -172.948276     -4.859057
4668  9144   9   -111.893817   -177.205757     -4.766554
4663  9145   9   -102.370928   -181.467870     -4.701286
4586  9146   9    -92.844986   -185.717644     -4.663958
4557  9147   9    -83.332221   -189.969504     -4.655151
4553  9148   9    -73.821977   -194.224916     -4.670876
4758  9149   9   -196.637907   -149.297265     -6.785760
4759  9151   9   -177.599868   -157.776989     -6.238847
4789  9152   9   -168.080225   -162.016116     -6.021931
4784  9153   9   -158.537580   -166.277311     -5.816175
4756  9154   9   -148.957023   -170.536289     -5.632352
4973  9155   9   -139.411818   -174.779411     -5.473643
4959  9156   9   -129.856476   -179.045697     -5.340989
4666  9157   9   -120.332417   -183.308401     -5.235410
4691  9158   9   -110.813335   -187.565113     -5.156520
4574  9159   9   -101.280157   -191.825600     -5.106238
4561  9160   9    -91.766845   -196.078521     -5.150914
4595  9161   9    -82.256407   -200.334585     -5.154635
4593  9162   9    -72.745679   -204.588099     -5.183336
4922  9163   9   -205.063255   -155.418876     -7.380383
4940  9164   9   -195.546446   -159.657027     -7.091268
4775  9165   9   -186.026821   -163.891970     -6.822292
4763  9166   9   -176.502252   -168.136779     -6.575103
4799  9167   9   -166.981017   -172.374426     -6.384656
4762  9168   9   -157.401380   -176.631629     -6.195876
4970  9169   9   -147.842098   -180.892834     -6.031352
4988  9170   9   -138.300832   -185.139559     -5.890991
4980  9171   9   -128.774658   -189.405780     -5.776892
4957  9172   9   -119.252025   -193.667909     -5.688272
4584  9173   9   -109.723473   -197.923460     -5.625258
4583  9174   9   -100.203286   -202.184569     -5.589214
4569  9175   9    -90.692371   -206.441923     -5.579877
4599  9176   9    -81.181247   -210.695550     -5.597043
4939  9177   9   -213.489196   -161.540939     -7.999898
4920  9178   9   -203.972031   -165.775232     -7.709798
4916  9179   9   -194.450806   -170.013148     -7.439187
4752  9180   9   -184.931261   -174.251477     -7.189266
4785  9181   9   -175.405132   -178.495097     -6.960929
4751  9182   9   -165.844898   -182.728889     -6.753479
4976  9183   9   -156.286552   -186.987863     -6.571180
4982  9184   9   -146.738370   -191.250473     -6.443853
4971  9185   9   -137.218955   -195.500115     -6.321365
4960  9186   9   -127.694295   -199.765432     -6.223767
4951  9187   9   -118.162312   -204.026152     -6.150667
4991  9188   9   -108.645494   -208.282568     -6.103104
4590  9189   9    -99.129985   -212.546848     -6.081529
4556  9190   9    -89.618770   -216.801033     -6.085230
4573  9191   9    -80.109031   -221.058230     -6.114756
4924  9192   9   -221.924844   -167.670074     -8.654410
4921  9193   9   -212.405408   -171.901651     -8.343013
4949  9194   9   -202.879439   -176.135570     -8.051450
4943  9195   9   -193.357692   -180.373315     -7.781371
4946  9196   9   -183.837937   -184.609069     -7.585102
4780  9197   9   -174.273515   -188.850358     -7.376590
4974  9198   9   -164.730102   -193.085474     -7.190973
4962  9199   9   -155.182786   -197.345069     -7.029470
4995  9200   9   -145.653365   -201.609965     -6.892818
4997  9201   9   -136.138918   -205.859437     -6.780510
4965  9202   9   -126.605318   -210.119421     -6.693235
4979  9203   9   -117.085948   -214.382911     -6.632193
4978  9204   9   -107.572071   -218.645546     -6.597178
4596  9205   9    -98.055177   -222.907979     -6.588175
4550  9206   9    -88.545302   -227.165967     -6.605236
4941  9207   9   -230.359132   -173.798243     -9.270176
4930  9208   9   -220.830332   -178.031604     -8.934130
4911  9209   9   -211.306415   -182.259250     -8.618842
4901  9210   9   -201.778898   -186.493444     -8.325447
4907  9211   9   -192.258678   -190.731613     -8.057812
4643  9212   9   -182.711305   -194.960071     -7.968727
4644  9213   9   -173.163274   -199.206711     -7.775619
4999  9214   9   -163.626479   -203.442387     -7.604921
4952  9215   9   -154.097838   -207.704200     -7.458936
4963  9216   9   -144.572889   -211.969816     -7.337149
4966  9217   9   -135.048985   -216.218300     -7.238990
4969  9218   9   -125.529573   -220.478914     -7.166476
4955  9219   9   -116.013519   -224.745180     -7.119610
4990  9220   9   -106.498521   -229.005369     -7.097938
4589  9221   9    -96.982485   -233.271769     -7.102169
4594  9222   9    -87.471809   -237.529608     -7.131614
4822  9223   9   -238.799429   -179.930802     -9.945771
4902  9224   9   -229.274042   -184.152229     -9.576919
4933  9225   9   -219.735439   -188.395047     -9.230172
4936  9226   9   -210.208620   -192.619887     -8.988372
4903  9227   9   -200.684916   -196.857067     -8.700651
4635  9228   9   -191.134606   -201.087045     -8.508113
4646  9229   9   -181.604814   -205.311496     -8.280385
4631  9230   9   -172.062179   -209.565817     -8.078327
4622  9231   9   -162.541137   -213.802864     -8.050726
4987  9232   9   -153.016237   -218.064171     -7.921129
4984  9233   9   -143.483439   -222.328744     -7.814872
4998  9234   9   -133.969374   -226.578789     -7.732386
4983  9235   9   -124.459221   -230.839095     -7.674762
4975  9236   9   -114.940520   -235.104764     -7.641696
4981  9237   9   -105.426607   -239.368712     -7.633348
4992  9238   9    -95.912077   -243.633258     -7.649732
4841  9240   9   -247.246548   -186.068344    -10.648641
4842  9241   9   -237.718402   -190.285763    -10.275968
4929  9242   9   -228.180445   -194.512927     -9.924388
4913  9243   9   -218.645987   -198.750190     -9.682214
4945  9244   9   -209.116317   -202.982306     -9.379064
4935  9245   9   -199.584874   -207.210541     -9.174415
4617  9246   9   -190.040197   -211.444352     -8.929441
4639  9247   9   -180.510832   -215.665296     -8.709425
4618  9248   9   -170.976516   -219.922233     -8.585696
4603  9249   9   -161.458473   -224.160393     -8.427561
4629  9250   9   -151.927481   -228.422385     -8.296061
4989  9251   9   -142.414337   -232.690961     -8.192020
4993  9252   9   -132.899222   -236.939590     -8.113546
4961  9253   9   -123.386355   -241.199131     -8.064458
4968  9254   9   -113.871242   -245.465169     -8.044111
4977  9255   9   -104.360209   -249.730018     -8.048185
4996  9256   9    -94.849189   -253.994195     -8.076585
4807  9257   9   -255.704829   -192.214024    -11.465965
4816  9258   9   -246.169994   -196.426151    -11.107393
4838  9259   9   -236.633743   -200.647741    -10.751845
4833  9260   9   -227.098023   -204.873354    -10.378272
4906  9261   9   -217.562470   -209.110362    -10.069687
4923  9262   9   -208.025918   -213.340222     -9.788515
4628  9263   9   -198.498453   -217.572314     -9.610085
4647  9264   9   -188.957893   -221.799339     -9.375028
4623  9265   9   -179.428461   -226.020412     -9.238062
4637  9266   9   -169.905666   -230.276997     -9.064657
4604  9267   9   -160.380183   -234.512708     -8.916018
4632  9268   9   -150.858601   -238.784793     -8.796378
4649  9269   9   -141.346666   -243.047700     -8.703714
4954  9270   9   -131.832765   -247.299605     -8.640122
4972  9271   9   -122.317475   -251.559779     -8.607271
4967  9272   9   -112.805743   -255.827003     -8.599280
4950  9273   9   -103.294744   -260.091131     -8.615484
4985  9274   9    -93.783790   -264.355380     -8.656044
4811  9275   9   -264.173757   -198.367470    -12.287947
4812  9276   9   -254.638173   -202.578044    -11.897665
4805  9277   9   -245.089800   -206.788291    -11.527167
4800  9278   9   -235.554658   -211.009445    -11.181189
4815  9279   9   -226.017775   -215.237556    -10.892887
4804  9280   9   -216.476929   -219.471678    -10.601487
4625  9281   9   -206.945857   -223.703779    -10.294693
4621  9282   9   -197.418494   -227.926233    -10.052668
4615  9283   9   -187.887639   -232.151109     -9.835457
4627  9284   9   -178.363217   -236.374872     -9.730157
4636  9285   9   -168.829670   -240.628938     -9.567638
4610  9286   9   -159.313903   -244.874197     -9.432034
4638  9287   9   -149.796552   -249.142839     -9.325006
4620  9288   9   -140.286428   -253.404347     -9.245389
4630  9289   9   -130.771607   -257.660128     -9.194992
4953  9290   9   -121.262732   -261.922428     -9.174607
4994  9291   9   -111.745917   -266.190946     -9.178725
4986  9292   9   -102.231904   -270.456245     -9.207083
4824  9293   9   -272.650957   -204.526960    -13.078388
4801  9294   9   -263.110127   -208.735490    -12.705240
4829  9295   9   -253.565429   -212.933709    -12.350354
4809  9296   9   -244.018485   -217.152672    -12.016156
4840  9297   9   -234.480372   -221.375500    -11.703316
4839  9298   9   -224.945324   -225.600224    -11.412219
4503  9299   9   -215.418885   -229.835536    -11.144412
4505  9300   9   -205.893219   -234.063353    -10.899267
4602  9301   9   -196.363330   -238.291365    -10.677682
4642  9302   9   -186.814132   -242.505076    -10.478821
4641  9303   9   -177.287615   -246.731309    -10.306839
4619  9304   9   -167.772062   -250.983090    -10.162550
4624  9305   9   -158.256393   -255.238461    -10.044655
4605  9306   9   -148.746225   -259.504083     -9.954227
4616  9307   9   -139.235559   -263.766879     -9.890517
4614  9308   9   -129.723261   -268.027419     -9.853749
4791  9309   9   -120.198743   -272.290758     -9.844088
4964  9310   9   -110.678557   -276.560930     -9.862406
4956  9311   9   -101.171143   -280.830710     -9.908331
4717  9312   9   -281.132001   -210.689279    -13.933914
4713  9313   9   -271.592871   -214.893933    -13.541841
4719  9314   9   -262.040421   -219.099938    -13.168296
4819  9315   9   -252.502509   -223.298334    -12.815326
4831  9316   9   -242.953931   -227.518377    -12.483771
4843  9317   9   -233.412863   -231.744349    -12.174737
4506  9318   9   -223.889351   -235.967190    -11.889034
4539  9319   9   -214.350567   -240.203003    -11.626549
4525  9320   9   -204.821649   -244.424006    -11.387754
4609  9322   9   -185.761216   -252.872317    -11.019089
4645  9323   9   -176.234801   -257.101055    -10.862268
4612  9324   9   -166.720355   -261.353648    -10.733039
4626  9325   9   -157.207001   -265.610076    -10.630121
4613  9326   9   -147.689812   -269.878867    -10.555159
4640  9327   9   -138.175353   -274.142905    -10.507759
4790  9328   9   -128.660989   -278.399696    -10.485605
4796  9329   9   -119.131535   -282.666116    -10.489453
4769  9330   9   -109.621210   -286.941250    -10.520247
4731  9332   9   -289.628462   -216.862840    -14.612543
4728  9333   9   -280.081249   -221.067881    -14.163723
4701  9334   9   -270.528646   -225.268018    -13.819800
4718  9335   9   -260.982224   -229.471995    -13.422127
4845  9336   9   -251.442837   -233.668746    -13.132447
4813  9337   9   -241.893586   -237.892065    -12.791167
4547  9338   9   -232.357405   -242.117850    -12.474602
4504  9339   9   -222.832769   -246.340793    -12.429603
4514  9340   9   -213.308194   -250.569970    -12.197187
4530  9341   9   -203.777009   -254.794143    -11.986892
4510  9342   9   -194.245082   -259.016697    -11.799789
4520  9343   9   -184.711943   -263.246593    -11.636948
4606  9344   9   -175.186890   -267.477666    -11.498889
4634  9345   9   -165.671686   -271.731386    -11.387434
4633  9346   9   -156.153880   -275.988636    -11.301254
4648  9347   9   -146.637644   -280.256845    -11.241290
4767  9348   9   -137.116856   -284.524457    -11.206787
4788  9349   9   -127.598562   -288.779444    -11.197274
4764  9350   9   -118.085299   -293.051872    -11.214886
4760  9351   9   -108.575893   -297.329702    -11.258703
4744  9352   9   -298.140221   -223.047560    -15.605813
4721  9353   9   -288.587315   -227.251128    -15.164314
4700  9354   9   -279.029885   -231.452830    -14.742731
4720  9355   9   -269.473308   -235.648483    -14.342003
4716  9356   9   -259.925196   -239.855347    -13.964434
4832  9357   9   -250.384715   -244.049318    -13.609318
4548  9358   9   -240.839890   -248.274106    -13.279370
4513  9359   9   -231.313089   -252.505137    -13.062494
4540  9360   9   -221.786262   -256.721560    -12.789900
4519  9361   9   -212.253803   -260.950728    -12.542919
4544  9362   9   -202.722704   -265.168513    -12.550198
4545  9363   9   -193.189209   -269.390726    -12.379422
4542  9364   9   -183.667913   -273.631741    -12.233854
4524  9365   9   -174.142557   -277.863989    -12.111522
4600  9366   9   -164.623028   -282.117393    -12.015085
4601  9367   9   -155.107738   -286.376048    -11.943770
4608  9368   9   -145.585256   -290.645493    -11.897771
4772  9369   9   -136.075696   -294.915481    -11.877247
4792  9370   9   -126.557736   -299.170066    -11.880458
4793  9371   9   -117.039005   -303.446675    -11.910223
4795  9372   9   -107.528560   -307.727264    -11.965463
4723  9373   9   -306.672740   -229.247415    -16.533580
4737  9374   9   -297.108013   -233.445536    -16.090380
4702  9375   9   -287.542042   -237.644549    -15.666897
4742  9376   9   -277.973451   -241.842136    -15.263689
4715  9377   9   -268.421802   -246.036140    -14.882677
4711  9378   9   -258.874990   -250.239765    -14.524573
4747  9379   9   -249.335436   -254.438738    -14.189411
4534  9380   9   -239.808250   -258.667884    -13.880420
4507  9381   9   -230.280344   -262.894216    -13.595455
4537  9382   9   -220.753649   -267.112377    -13.334931
4521  9383   9   -211.221702   -271.333061    -13.101877
4546  9384   9   -201.691851   -275.548795    -12.980105
4529  9385   9   -192.158786   -279.777142    -12.803170
4549  9386   9   -182.625958   -284.021623    -12.653928
4517  9387   9   -173.099441   -288.253769    -12.531037
4607  9388   9   -163.581240   -292.507349    -12.437357
4611  9389   9   -154.062065   -296.772720    -12.374466
4771  9390   9   -144.553187   -301.045160    -12.342239
4782  9391   9   -135.044817   -305.317590    -12.334575
4794  9392   9   -125.527700   -309.570625    -12.349843
4786  9393   9   -116.022871   -313.854697    -12.392174
4710  9394   9   -315.226343   -235.462643    -17.432614
4704  9395   9   -305.648722   -239.655159    -16.999382
4709  9396   9   -296.078638   -243.848660    -16.585405
4708  9397   9   -286.513858   -248.045036    -16.191333
4707  9398   9   -276.953223   -252.240658    -15.817593
4732  9399   9   -267.400244   -256.434195    -15.465010
4746  9400   9   -257.854856   -260.634135    -15.134752
4706  9401   9   -248.314126   -264.836938    -14.827106
4512  9402   9   -238.783209   -269.066417    -14.544544
4500  9403   9   -229.250141   -273.295767    -14.285358
4508  9404   9   -219.717051   -277.514946    -14.049602
4518  9405   9   -210.183126   -281.734304    -13.838464
4538  9406   9   -200.650616   -285.948695    -13.652220
4526  9407   9   -191.113251   -290.172041    -13.492013
4509  9408   9   -181.577377   -294.413827    -13.359306
4532  9409   9   -172.053114   -298.656996    -13.253682
4908  9410   9   -162.536840   -302.915915    -13.176294
4779  9411   9   -153.028789   -307.181440    -13.126665
4787  9412   9   -143.519891   -311.455507    -13.104724
4774  9413   9   -134.011104   -315.729718    -13.109936
4783  9414   9   -124.496274   -319.984275    -13.140515
4761  9415   9   -114.997638   -324.272169    -13.201277
4726  9416   9   -323.847093   -241.726717    -18.465351
4740  9417   9   -314.225118   -245.881459    -18.033354
4736  9418   9   -304.641195   -250.072917    -17.593686
4712  9419   9   -295.067123   -254.265460    -17.174308
4734  9420   9   -285.499257   -258.456579    -16.775928
4739  9421   9   -275.937151   -262.647454    -16.399269
4703  9422   9   -266.378875   -266.838400    -16.044907
4730  9423   9   -256.831789   -271.037162    -15.714485
4705  9424   9   -247.293674   -275.246897    -15.408733
4818  9425   9   -237.761779   -279.477855    -15.128849
4502  9426   9   -228.225693   -283.706541    -14.873264
4531  9427   9   -218.686595   -287.925756    -14.589111
4528  9428   9   -209.147028   -292.144832    -14.385890
4522  9429   9   -199.600112   -296.356165    -14.207747
4523  9430   9   -190.066883   -300.576214    -14.057384
4515  9431   9   -180.539020   -304.826174    -13.936381
4928  9432   9   -171.017885   -309.071758    -13.845719
4925  9433   9   -161.505189   -313.334717    -13.787508
4934  9434   9   -151.997783   -317.605636    -13.754884
4798  9435   9   -142.485173   -321.876748    -13.746898
4755  9436   9   -132.983124   -326.160059    -13.764947
4777  9437   9   -123.472834   -330.413709    -13.805322
4741  9440   9   -313.294380   -256.321617    -18.558744
4743  9441   9   -303.698721   -260.506250    -18.135586
4724  9442   9   -294.120852   -264.698741    -17.734221
4725  9443   9   -284.549693   -268.888698    -17.353915
4729  9444   9   -274.983593   -273.073591    -16.995032
4749  9445   9   -265.417535   -277.258639    -16.658214
4735  9446   9   -255.860325   -281.456957    -16.345523
4820  9447   9   -246.317174   -285.671341    -16.058100
4828  9448   9   -236.782722   -289.899647    -15.796083
4826  9449   9   -227.240129   -294.126608    -15.558018
4541  9450   9   -217.707349   -298.347111    -15.341269
4535  9451   9   -208.170080   -302.565189    -15.158896
4501  9452   9   -198.635675   -306.787369    -15.002116
4511  9453   9   -189.099042   -310.999726    -14.870018
4932  9454   9   -179.578549   -315.258179    -14.767968
4931  9455   9   -170.057226   -319.506038    -14.691181
4914  9456   9   -160.544026   -323.770943    -14.642343
4905  9457   9   -151.033410   -328.040996    -14.620425
4937  9458   9   -141.524352   -332.314966    -14.625344
4754  9459   9   -132.022010   -336.599744    -14.657821
4714  9462   9   -302.699689   -270.947050    -18.643714
4727  9463   9   -293.118036   -275.136302    -18.290204
4745  9464   9   -283.543102   -279.324227    -17.945513
4738  9465   9   -273.972543   -283.508106    -17.604613
4722  9466   9   -264.404380   -287.690715    -17.285798
4803  9467   9   -254.847723   -291.884347    -16.991032
4821  9468   9   -245.311731   -296.106196    -16.722610
4849  9469   9   -235.780821   -300.335057    -16.478705
4814  9470   9   -226.246007   -304.555553    -16.258222
4516  9471   9   -216.712110   -308.776674    -16.062534
4533  9472   9   -207.175159   -312.992908    -15.891449
4527  9473   9   -197.637186   -317.213016    -15.746117
4918  9474   9   -188.100597   -321.434796    -15.626828
4915  9475   9   -178.578880   -325.687992    -15.536806
4926  9476   9   -169.058585   -329.947472    -15.473697
4947  9477   9   -159.543671   -334.213487    -15.437837
4733  9483   9   -282.577056   -289.775751    -18.555111
4748  9484   9   -273.000200   -293.955106    -18.231208
4836  9485   9   -263.430413   -298.134593    -17.929700
4846  9486   9   -253.867064   -302.332605    -17.652346
4830  9487   9   -244.326268   -306.555310    -17.401072
4835  9488   9   -234.792929   -310.782141    -17.174044
4844  9489   9   -225.250848   -315.003272    -16.970118
4823  9490   9   -215.716359   -319.226243    -16.791136
4543  9491   9   -206.170143   -323.442295    -16.635827
4904  9492   9   -196.625974   -327.662572    -16.506076
4927  9493   9   -187.091753   -331.881848    -16.402110
4938  9494   9   -177.571137   -336.134448    -16.326995
4919  9495   9   -168.053324   -340.400945    -16.278919
4825  9502   9   -262.456834   -308.598631    -18.548737
4834  9503   9   -252.886530   -312.790440    -18.307991
4802  9504   9   -243.340598   -317.017026    -18.091874
4808  9505   9   -233.781124   -321.242667    -17.880776
4806  9506   9   -224.236555   -325.462041    -17.692956
4827  9507   9   -214.703327   -329.687611    -17.530265
4536  9508   9   -205.156681   -333.903416    -17.390585
4910  9509   9   -195.615509   -338.124009    -17.276249
4948  9510   9   -186.083030   -342.342379    -17.187061
4912  9511   9   -176.563662   -346.599497    -17.126637
4917  9512   9   -167.041073   -350.868562    -17.092325
4848  9518   9   -242.455273   -327.503580    -18.803131
4817  9519   9   -232.876952   -331.728088    -18.606050
4847  9520   9   -223.325274   -335.942195    -18.433080
4837  9521   9   -213.789493   -340.173191    -18.285939
4810  9522   9   -204.235977   -344.384857    -18.160510
4942  9523   9   -194.698280   -348.606005    -18.060839
4944  9524   9   -185.161968   -352.834436    -17.986280
4909  9525   9   -175.639775   -357.095627    -17.939582
4900  9526   9   -166.117700   -361.366579    -17.918434
