# Lyman-alpha forest S/N per Ang for mean quasar with mean forest
# INFILE= /Users/schlegel/desimodel/data/spectra/spec-lya.dat
# GMAG= 21.7500
# EXPTIME= 4000.00
#
# Wave SN(z=2.0) SN(z=2.25) SN(z=2.50) SN(z=2.75) SN(z=3.00) SN(z=3.25) SN(z=3.50) SN(z=3.75) SN(z=4.00) SN(z=4.25) SN(z=4.50) SN(z=4.75)
 3500.25  0.00  0.00  0.00  0.00  0.00  0.00  0.00  0.00  0.00  0.00  0.00  0.00
 3501.25  0.00  0.00  0.00  0.00  0.00  0.00  0.00  0.00  0.00  0.00  0.00  0.00
 3502.25  0.00  0.00  0.00  0.00  0.00  0.00  0.00  0.00  0.00  0.00  0.00  0.00
 3503.25  0.00  0.00  0.00  0.00  0.00  0.00  0.00  0.00  0.00  0.00  0.00  0.00
 3504.25  0.00  0.00  0.00  0.00  0.00  0.00  0.00  0.00  0.00  0.00  0.00  0.00
 3505.25  0.00  0.00  0.00  0.00  0.00  0.00  0.00  0.00  0.00  0.00  0.00  0.00
 3506.25  0.00  0.00  0.00  0.00  0.00  0.00  0.00  0.00  0.00  0.00  0.00  0.00
 3507.25  0.00  0.00  0.00  0.00  0.00  0.00  0.00  0.00  0.00  0.00  0.00  0.00
 3508.25  0.00  0.00  0.00  0.00  0.00  0.00  0.00  0.00  0.00  0.00  0.00  0.00
 3509.25  0.00  0.00  0.00  0.00  0.00  0.00  0.00  0.00  0.00  0.00  0.00  0.00
 3510.25  0.00  0.00  0.00  0.00  0.00  0.00  0.00  0.00  0.00  0.00  0.00  0.00
 3511.25  0.00  0.00  0.00  0.00  0.00  0.00  0.00  0.00  0.00  0.00  0.00  0.00
 3512.25  0.00  0.00  0.00  0.00  0.00  0.00  0.00  0.00  0.00  0.00  0.00  0.00
 3513.25  0.00  0.00  0.00  0.00  0.00  0.00  0.00  0.00  0.00  0.00  0.00  0.00
 3514.25  0.00  0.00  0.00  0.00  0.00  0.00  0.00  0.00  0.00  0.00  0.00  0.00
 3515.25  0.00  0.00  0.00  0.00  0.00  0.00  0.00  0.00  0.00  0.00  0.00  0.00
 3516.25  0.00  0.00  0.00  0.00  0.00  0.00  0.00  0.00  0.00  0.00  0.00  0.00
 3517.25  0.00  0.00  0.00  0.00  0.00  0.00  0.00  0.00  0.00  0.00  0.00  0.00
 3518.25  0.00  0.00  0.00  0.00  0.00  0.00  0.00  0.00  0.00  0.00  0.00  0.00
 3519.25  0.00  0.00  0.00  0.00  0.00  0.00  0.00  0.00  0.00  0.00  0.00  0.00
 3520.25  0.00  0.00  0.00  0.00  0.00  0.00  0.00  0.00  0.00  0.00  0.00  0.00
 3521.25  0.00  0.00  0.00  0.00  0.00  0.00  0.00  0.00  0.00  0.00  0.00  0.00
 3522.25  0.00  0.00  0.00  0.00  0.00  0.00  0.00  0.00  0.00  0.00  0.00  0.00
 3523.25  0.00  0.00  0.00  0.00  0.00  0.00  0.00  0.00  0.00  0.00  0.00  0.00
 3524.25  0.00  0.00  0.00  0.00  0.00  0.00  0.00  0.00  0.00  0.00  0.00  0.00
 3525.25  0.00  0.00  0.00  0.00  0.00  0.00  0.00  0.00  0.00  0.00  0.00  0.00
 3526.25  0.00  0.00  0.00  0.00  0.00  0.00  0.00  0.00  0.00  0.00  0.00  0.00
 3527.25  0.00  0.00  0.00  0.00  0.00  0.00  0.00  0.00  0.00  0.00  0.00  0.00
 3528.25  0.00  0.00  0.00  0.00  0.00  0.00  0.00  0.00  0.00  0.00  0.00  0.00
 3529.25  0.00  0.00  0.00  0.00  0.00  0.00  0.00  0.00  0.00  0.00  0.00  0.00
 3530.25  0.00  0.00  0.00  0.00  0.00  0.00  0.00  0.00  0.00  0.00  0.00  0.00
 3531.25  0.00  0.00  0.00  0.00  0.00  0.00  0.00  0.00  0.00  0.00  0.00  0.00
 3532.25  0.00  0.00  0.00  0.00  0.00  0.00  0.00  0.00  0.00  0.00  0.00  0.00
 3533.25  0.00  0.00  0.00  0.00  0.00  0.00  0.00  0.00  0.00  0.00  0.00  0.00
 3534.25  0.00  0.00  0.00  0.00  0.00  0.00  0.00  0.00  0.00  0.00  0.00  0.00
 3535.25  0.00  0.00  0.00  0.00  0.00  0.00  0.00  0.00  0.00  0.00  0.00  0.00
 3536.25  0.00  0.00  0.00  0.00  0.00  0.00  0.00  0.00  0.00  0.00  0.00  0.00
 3537.25  0.00  0.00  0.00  0.00  0.00  0.00  0.00  0.00  0.00  0.00  0.00  0.00
 3538.25  0.00  0.00  0.00  0.00  0.00  0.00  0.00  0.00  0.00  0.00  0.00  0.00
 3539.25  0.00  0.00  0.00  0.00  0.00  0.00  0.00  0.00  0.00  0.00  0.00  0.00
 3540.25  0.00  0.00  0.00  0.00  0.00  0.00  0.00  0.00  0.00  0.00  0.00  0.00
 3541.25  0.00  0.00  0.00  0.00  0.00  0.00  0.00  0.00  0.00  0.00  0.00  0.00
 3542.25  0.00  0.00  0.00  0.00  0.00  0.00  0.00  0.00  0.00  0.00  0.00  0.00
 3543.25  0.00  0.00  0.00  0.00  0.00  0.00  0.00  0.00  0.00  0.00  0.00  0.00
 3544.25  0.00  0.00  0.00  0.00  0.00  0.00  0.00  0.00  0.00  0.00  0.00  0.00
 3545.25  0.00  0.00  0.00  0.00  0.00  0.00  0.00  0.00  0.00  0.00  0.00  0.00
 3546.25  0.00  0.00  0.00  0.00  0.00  0.00  0.00  0.00  0.00  0.00  0.00  0.00
 3547.25  0.00  0.00  0.00  0.00  0.00  0.00  0.00  0.00  0.00  0.00  0.00  0.00
 3548.25  0.00  0.00  0.00  0.00  0.00  0.00  0.00  0.00  0.00  0.00  0.00  0.00
 3549.25  0.00  0.00  0.00  0.00  0.00  0.00  0.00  0.00  0.00  0.00  0.00  0.00
 3550.25  0.00  0.00  0.00  0.00  0.00  0.00  0.00  0.00  0.00  0.00  0.00  0.00
 3551.25  0.00  0.00  0.00  0.00  0.00  0.00  0.00  0.00  0.00  0.00  0.00  0.00
 3552.25  0.00  0.00  0.00  0.00  0.00  0.00  0.00  0.00  0.00  0.00  0.00  0.00
 3553.25  0.00  0.00  0.00  0.00  0.00  0.00  0.00  0.00  0.00  0.00  0.00  0.00
 3554.25  0.00  0.00  0.00  0.00  0.00  0.00  0.00  0.00  0.00  0.00  0.00  0.00
 3555.25  0.00  0.00  0.00  0.00  0.00  0.00  0.00  0.00  0.00  0.00  0.00  0.00
 3556.25  0.00  0.00  0.00  0.00  0.00  0.00  0.00  0.00  0.00  0.00  0.00  0.00
 3557.25  0.00  0.00  0.00  0.00  0.00  0.00  0.00  0.00  0.00  0.00  0.00  0.00
 3558.25  0.00  0.00  0.00  0.00  0.00  0.00  0.00  0.00  0.00  0.00  0.00  0.00
 3559.25  0.00  0.00  0.00  0.00  0.00  0.00  0.00  0.00  0.00  0.00  0.00  0.00
 3560.25  0.00  0.00  0.00  0.00  0.00  0.00  0.00  0.00  0.00  0.00  0.00  0.00
 3561.25  0.00  0.00  0.00  0.00  0.00  0.00  0.00  0.00  0.00  0.00  0.00  0.00
 3562.25  0.00  0.00  0.00  0.00  0.00  0.00  0.00  0.00  0.00  0.00  0.00  0.00
 3563.25  0.00  0.00  0.00  0.00  0.00  0.00  0.00  0.00  0.00  0.00  0.00  0.00
 3564.25  0.46  0.40  0.41  0.30  0.15  0.08  0.11  0.17  0.29  0.50  0.77  1.02
 3565.25  0.95  0.81  0.84  0.60  0.30  0.16  0.23  0.34  0.59  1.01  1.56  2.07
 3566.25  1.08  0.91  0.95  0.67  0.34  0.18  0.25  0.38  0.66  1.13  1.73  2.29
 3567.25  1.16  0.95  1.00  0.71  0.36  0.18  0.27  0.40  0.69  1.18  1.81  2.38
 3568.25  1.13  0.91  0.96  0.68  0.34  0.18  0.25  0.38  0.66  1.13  1.74  2.30
 3569.25  1.13  0.89  0.94  0.66  0.33  0.17  0.25  0.37  0.64  1.10  1.69  2.24
 3570.25  1.16  0.90  0.95  0.66  0.34  0.17  0.25  0.37  0.64  1.10  1.70  2.26
 3571.25  1.26  0.96  1.02  0.71  0.36  0.19  0.27  0.40  0.68  1.17  1.81  2.39
 3572.25  1.39  1.04  1.12  0.77  0.40  0.20  0.29  0.43  0.74  1.27  1.95  2.57
 3573.25  1.34  0.99  1.06  0.73  0.38  0.19  0.27  0.41  0.70  1.20  1.85  2.45
 3574.25  1.35  0.98  1.06  0.72  0.37  0.19  0.27  0.40  0.69  1.19  1.83  2.43
 3575.25  1.40  1.00  1.08  0.73  0.38  0.20  0.27  0.41  0.70  1.21  1.86  2.46
 3576.25  1.39  0.97  1.07  0.71  0.38  0.19  0.27  0.40  0.68  1.18  1.82  2.41
 3577.25  1.44  0.99  1.09  0.72  0.38  0.20  0.27  0.40  0.69  1.19  1.84  2.44
 3578.25  1.46  0.99  1.09  0.72  0.38  0.20  0.27  0.40  0.69  1.19  1.84  2.44
 3579.25  1.48  0.99  1.10  0.72  0.38  0.20  0.27  0.40  0.69  1.19  1.84  2.44
 3580.25  1.53  1.01  1.12  0.74  0.39  0.20  0.28  0.41  0.70  1.21  1.87  2.48
 3581.25  1.63  1.06  1.18  0.77  0.42  0.21  0.29  0.43  0.73  1.27  1.95  2.58
 3582.25  1.66  1.06  1.19  0.77  0.42  0.21  0.29  0.43  0.73  1.26  1.95  2.58
 3583.25  1.61  1.01  1.14  0.73  0.40  0.20  0.27  0.41  0.69  1.20  1.86  2.47
 3584.25  1.62  1.00  1.14  0.73  0.40  0.20  0.27  0.40  0.69  1.19  1.85  2.46
 3585.25  1.77  1.08  1.23  0.79  0.43  0.22  0.30  0.44  0.74  1.28  1.98  2.63
 3586.25  1.92  1.17  1.33  0.85  0.47  0.24  0.32  0.47  0.79  1.38  2.12  2.80
 3587.25  2.02  1.21  1.39  0.88  0.49  0.25  0.33  0.49  0.82  1.43  2.19  2.89
 3588.25  2.03  1.20  1.38  0.87  0.48  0.24  0.33  0.48  0.81  1.41  2.17  2.87
 3589.25  1.97  1.15  1.33  0.83  0.46  0.23  0.31  0.46  0.77  1.35  2.08  2.76
 3590.25  1.94  1.11  1.30  0.81  0.45  0.23  0.30  0.44  0.75  1.31  2.02  2.68
 3591.25  1.94  1.09  1.28  0.79  0.44  0.22  0.30  0.43  0.73  1.28  1.99  2.64
 3592.25  1.93  1.08  1.27  0.78  0.44  0.22  0.29  0.43  0.72  1.26  1.96  2.60
 3593.25  1.97  1.09  1.29  0.79  0.44  0.22  0.29  0.43  0.72  1.27  1.97  2.62
 3594.25  2.06  1.12  1.33  0.81  0.46  0.23  0.30  0.44  0.74  1.31  2.03  2.70
 3595.25  2.07  1.11  1.33  0.80  0.46  0.23  0.30  0.44  0.73  1.29  2.01  2.67
 3596.25  2.02  1.07  1.29  0.77  0.44  0.22  0.29  0.42  0.71  1.25  1.94  2.59
 3597.25  2.00  1.05  1.26  0.75  0.43  0.21  0.28  0.41  0.69  1.21  1.89  2.53
 3598.25  1.99  1.03  1.25  0.74  0.42  0.21  0.28  0.40  0.67  1.19  1.86  2.49
 3599.25  2.10  1.08  1.31  0.77  0.45  0.22  0.29  0.42  0.70  1.24  1.94  2.59
 3600.25  2.22  1.14  1.38  0.82  0.47  0.24  0.30  0.44  0.74  1.30  2.03  2.71
 3601.25  2.27  1.15  1.40  0.82  0.48  0.24  0.31  0.44  0.74  1.31  2.05  2.73
 3602.25  2.28  1.14  1.40  0.82  0.48  0.24  0.30  0.44  0.73  1.30  2.03  2.71
 3603.25  2.32  1.15  1.41  0.82  0.48  0.24  0.31  0.44  0.74  1.31  2.04  2.73
 3604.25  2.36  1.15  1.42  0.83  0.48  0.24  0.31  0.44  0.74  1.31  2.04  2.74
 3605.25  2.41  1.17  1.45  0.84  0.49  0.25  0.31  0.45  0.75  1.33  2.06  2.77
 3606.25  2.49  1.20  1.49  0.86  0.51  0.25  0.32  0.46  0.76  1.36  2.10  2.83
 3607.25  2.52  1.20  1.50  0.86  0.51  0.25  0.32  0.46  0.76  1.36  2.09  2.83
 3608.25  2.54  1.20  1.50  0.86  0.51  0.25  0.32  0.46  0.76  1.35  2.08  2.82
 3609.25  2.64  1.24  1.55  0.88  0.53  0.26  0.33  0.47  0.78  1.39  2.13  2.90
 3610.25  2.73  1.27  1.60  0.91  0.55  0.27  0.34  0.48  0.80  1.43  2.18  2.97
 3611.25  2.75  1.27  1.61  0.90  0.55  0.27  0.34  0.48  0.80  1.42  2.16  2.96
 3612.25  2.75  1.26  1.60  0.90  0.54  0.27  0.33  0.48  0.79  1.41  2.14  2.94
 3613.25  2.79  1.26  1.61  0.90  0.54  0.27  0.33  0.48  0.79  1.41  2.13  2.94
 3614.25  2.90  1.31  1.67  0.93  0.57  0.28  0.35  0.49  0.81  1.45  2.19  3.03
 3615.25  2.98  1.33  1.70  0.94  0.58  0.28  0.35  0.50  0.82  1.47  2.22  3.07
 3616.25  2.80  1.21  1.57  0.86  0.53  0.26  0.32  0.45  0.75  1.35  2.03  2.84
 3617.25  2.68  1.13  1.47  0.80  0.49  0.24  0.30  0.42  0.69  1.25  1.89  2.66
 3618.25  2.76  1.15  1.50  0.81  0.50  0.24  0.30  0.42  0.70  1.27  1.91  2.70
 3619.25  2.93  1.20  1.57  0.85  0.53  0.26  0.31  0.45  0.73  1.33  1.99  2.81
 3620.25  3.07  1.25  1.63  0.89  0.55  0.27  0.33  0.46  0.76  1.37  2.05  2.89
 3621.25  3.11  1.25  1.64  0.89  0.55  0.27  0.32  0.46  0.75  1.37  2.04  2.89
 3622.25  3.14  1.23  1.62  0.88  0.54  0.27  0.32  0.45  0.74  1.35  2.01  2.86
 3623.25  3.13  1.21  1.59  0.87  0.53  0.26  0.31  0.44  0.72  1.32  1.96  2.81
 3624.25  3.15  1.19  1.56  0.86  0.53  0.26  0.31  0.44  0.71  1.30  1.93  2.78
 3625.25  3.23  1.21  1.57  0.87  0.54  0.26  0.31  0.44  0.72  1.32  1.94  2.80
 3626.25  3.27  1.20  1.56  0.87  0.54  0.26  0.31  0.44  0.71  1.31  1.93  2.79
 3627.25  3.28  1.19  1.53  0.87  0.53  0.26  0.31  0.43  0.70  1.29  1.90  2.76
 3628.25  3.35  1.19  1.53  0.87  0.54  0.26  0.31  0.43  0.70  1.30  1.90  2.78
 3629.25  3.47  1.22  1.56  0.90  0.55  0.27  0.32  0.44  0.72  1.33  1.94  2.84
 3630.25  3.52  1.22  1.55  0.90  0.56  0.27  0.32  0.44  0.72  1.32  1.93  2.84
 3631.25  3.53  1.21  1.53  0.90  0.55  0.26  0.31  0.43  0.70  1.30  1.90  2.80
 3632.25  3.63  1.23  1.54  0.92  0.56  0.27  0.32  0.44  0.72  1.33  1.92  2.85
 3633.25  3.68  1.23  1.54  0.92  0.56  0.27  0.32  0.44  0.71  1.33  1.92  2.85
 3634.25  3.62  1.19  1.48  0.89  0.55  0.26  0.31  0.42  0.69  1.28  1.85  2.76
 3635.25  3.57  1.15  1.42  0.86  0.53  0.25  0.30  0.41  0.66  1.24  1.78  2.68
 3636.25  3.54  1.12  1.38  0.85  0.52  0.25  0.29  0.40  0.64  1.20  1.73  2.62
 3637.25  3.59  1.12  1.38  0.85  0.52  0.25  0.29  0.40  0.64  1.20  1.73  2.62
 3638.25  3.80  1.18  1.44  0.90  0.55  0.26  0.31  0.42  0.67  1.27  1.81  2.75
 3639.25  3.88  1.19  1.45  0.91  0.56  0.26  0.31  0.42  0.68  1.28  1.82  2.77
 3640.25  4.05  1.23  1.49  0.95  0.58  0.28  0.32  0.44  0.70  1.32  1.88  2.86
 3641.25  4.10  1.24  1.49  0.96  0.59  0.28  0.32  0.44  0.70  1.32  1.87  2.86
 3642.25  4.02  1.19  1.42  0.92  0.56  0.27  0.31  0.42  0.67  1.27  1.79  2.76
 3643.25  4.05  1.19  1.41  0.92  0.56  0.27  0.31  0.42  0.66  1.26  1.78  2.76
 3644.25  4.21  1.22  1.45  0.96  0.59  0.27  0.32  0.43  0.68  1.30  1.83  2.84
 3645.25  4.39  1.29  1.51  1.01  0.62  0.29  0.34  0.45  0.72  1.37  1.91  2.96
 3646.25  4.46  1.29  1.51  1.02  0.62  0.29  0.34  0.45  0.71  1.37  1.90  2.96
 3647.25  4.72  1.28  1.50  1.02  0.62  0.29  0.34  0.45  0.71  1.36  1.90  2.96
 3648.25  5.04  1.33  1.55  1.06  0.65  0.30  0.35  0.46  0.74  1.41  1.96  3.06
 3649.25  4.99  1.33  1.53  1.06  0.65  0.30  0.35  0.46  0.73  1.40  1.94  3.05
 3650.25  4.81  1.29  1.48  1.03  0.63  0.29  0.34  0.45  0.71  1.36  1.88  2.97
 3651.25  4.82  1.32  1.50  1.06  0.65  0.30  0.35  0.45  0.72  1.39  1.91  3.02
 3652.25  4.82  1.34  1.52  1.08  0.66  0.31  0.35  0.46  0.73  1.41  1.93  3.07
 3653.25  4.81  1.36  1.54  1.11  0.68  0.31  0.36  0.47  0.74  1.43  1.96  3.11
 3654.25  4.68  1.34  1.51  1.09  0.67  0.31  0.36  0.46  0.73  1.41  1.92  3.07
 3655.25  4.49  1.30  1.45  1.06  0.65  0.30  0.34  0.44  0.70  1.36  1.86  2.98
 3656.25  4.41  1.30  1.44  1.06  0.65  0.30  0.34  0.44  0.70  1.36  1.84  2.97
 3657.25  4.30  1.28  1.42  1.05  0.64  0.30  0.34  0.44  0.69  1.34  1.82  2.94
 3658.25  4.20  1.27  1.40  1.05  0.64  0.29  0.34  0.43  0.68  1.33  1.80  2.92
 3659.25  4.11  1.26  1.39  1.04  0.64  0.29  0.34  0.43  0.67  1.32  1.79  2.90
 3660.25  4.07  1.27  1.40  1.05  0.65  0.30  0.34  0.43  0.68  1.33  1.81  2.93
 3661.25  4.07  1.30  1.43  1.07  0.67  0.30  0.35  0.44  0.69  1.36  1.85  2.98
 3662.25  4.00  1.30  1.43  1.08  0.67  0.30  0.35  0.44  0.69  1.36  1.86  2.98
 3663.25  3.87  1.27  1.40  1.06  0.66  0.30  0.34  0.43  0.67  1.34  1.82  2.93
 3664.25  3.79  1.27  1.40  1.06  0.66  0.30  0.34  0.43  0.67  1.33  1.82  2.93
 3665.25  3.77  1.29  1.42  1.08  0.68  0.31  0.35  0.44  0.68  1.35  1.85  2.97
 3666.25  3.71  1.30  1.42  1.08  0.68  0.31  0.35  0.44  0.68  1.36  1.86  2.98
 3667.25  3.73  1.33  1.46  1.12  0.71  0.32  0.36  0.45  0.70  1.40  1.92  3.06
 3668.25  3.75  1.38  1.51  1.15  0.73  0.33  0.37  0.47  0.72  1.44  1.98  3.15
 3669.25  3.68  1.38  1.51  1.16  0.74  0.33  0.38  0.47  0.72  1.44  1.99  3.15
 3670.25  3.56  1.36  1.48  1.14  0.73  0.33  0.37  0.46  0.71  1.42  1.96  3.11
 3671.25  3.48  1.35  1.48  1.14  0.73  0.33  0.37  0.46  0.71  1.42  1.96  3.11
 3672.25  3.41  1.36  1.49  1.15  0.74  0.33  0.37  0.46  0.71  1.43  1.98  3.12
 3673.25  3.38  1.38  1.51  1.17  0.76  0.34  0.38  0.47  0.72  1.45  2.01  3.17
 3674.25  3.36  1.41  1.53  1.19  0.78  0.35  0.39  0.47  0.73  1.48  2.05  3.22
 3675.25  3.33  1.42  1.55  1.21  0.79  0.35  0.39  0.48  0.74  1.49  2.07  3.25
 3676.25  3.31  1.42  1.55  1.21  0.79  0.35  0.39  0.48  0.74  1.49  2.07  3.25
 3677.25  3.25  1.39  1.52  1.19  0.78  0.35  0.39  0.47  0.72  1.46  2.04  3.20
 3678.25  3.30  1.42  1.55  1.22  0.80  0.36  0.39  0.48  0.74  1.50  2.09  3.26
 3679.25  3.30  1.43  1.55  1.22  0.81  0.36  0.40  0.48  0.74  1.50  2.10  3.27
 3680.25  3.35  1.45  1.58  1.25  0.83  0.37  0.40  0.49  0.75  1.53  2.13  3.32
 3681.25  3.43  1.50  1.62  1.29  0.86  0.38  0.42  0.51  0.78  1.57  2.20  3.42
 3682.25  3.38  1.48  1.60  1.27  0.85  0.38  0.41  0.50  0.77  1.55  2.18  3.38
 3683.25  3.31  1.44  1.56  1.25  0.83  0.37  0.40  0.49  0.75  1.52  2.14  3.31
 3684.25  3.20  1.39  1.51  1.20  0.81  0.36  0.39  0.47  0.72  1.47  2.07  3.21
 3685.25  3.23  1.41  1.53  1.22  0.82  0.37  0.40  0.48  0.73  1.49  2.10  3.25
 3686.25  3.41  1.50  1.62  1.31  0.88  0.39  0.42  0.51  0.78  1.58  2.23  3.44
 3687.25  3.49  1.55  1.67  1.35  0.92  0.41  0.44  0.53  0.81  1.63  2.30  3.53
 3688.25  3.45  1.53  1.65  1.34  0.91  0.41  0.43  0.52  0.80  1.61  2.28  3.50
 3689.25  3.38  1.50  1.62  1.31  0.90  0.40  0.42  0.51  0.78  1.58  2.24  3.44
 3690.25  3.35  1.49  1.60  1.30  0.89  0.40  0.42  0.51  0.78  1.57  2.23  3.42
 3691.25  3.30  1.47  1.58  1.29  0.88  0.39  0.42  0.50  0.76  1.55  2.20  3.38
 3692.25  3.30  1.47  1.58  1.29  0.89  0.40  0.42  0.50  0.76  1.55  2.21  3.38
 3693.25  3.34  1.50  1.61  1.32  0.91  0.41  0.43  0.51  0.78  1.58  2.25  3.44
 3694.25  3.34  1.50  1.61  1.32  0.91  0.41  0.43  0.51  0.78  1.58  2.26  3.44
 3695.25  3.30  1.49  1.60  1.31  0.91  0.41  0.42  0.51  0.77  1.56  2.24  3.41
 3696.25  3.32  1.51  1.62  1.32  0.92  0.41  0.43  0.51  0.78  1.58  2.26  3.44
 3697.25  3.31  1.51  1.62  1.32  0.93  0.41  0.43  0.51  0.78  1.58  2.27  3.44
 3698.25  3.16  1.44  1.55  1.26  0.88  0.39  0.41  0.49  0.74  1.50  2.17  3.30
 3699.25  2.97  1.34  1.45  1.18  0.83  0.37  0.38  0.46  0.69  1.41  2.04  3.11
 3700.25  2.92  1.33  1.43  1.16  0.82  0.37  0.37  0.45  0.68  1.39  2.01  3.07
 3701.25  2.94  1.34  1.45  1.17  0.83  0.37  0.38  0.45  0.69  1.40  2.04  3.10
 3702.25  2.97  1.36  1.47  1.19  0.85  0.38  0.38  0.46  0.70  1.42  2.06  3.13
 3703.25  2.98  1.37  1.48  1.20  0.86  0.38  0.39  0.46  0.70  1.43  2.08  3.16
 3704.25  2.98  1.37  1.49  1.20  0.86  0.39  0.39  0.47  0.70  1.43  2.09  3.16
 3705.25  2.99  1.38  1.50  1.21  0.87  0.39  0.39  0.47  0.71  1.44  2.11  3.19
 3706.25  3.03  1.41  1.53  1.23  0.89  0.40  0.40  0.48  0.72  1.46  2.15  3.24
 3707.25  3.10  1.45  1.58  1.27  0.92  0.41  0.41  0.50  0.74  1.50  2.21  3.32
 3708.25  3.10  1.46  1.59  1.28  0.93  0.42  0.42  0.50  0.75  1.50  2.23  3.34
 3709.25  3.15  1.49  1.62  1.30  0.95  0.43  0.43  0.51  0.76  1.53  2.27  3.40
 3710.25  3.17  1.51  1.64  1.32  0.97  0.44  0.43  0.52  0.77  1.55  2.30  3.44
 3711.25  3.06  1.46  1.59  1.27  0.94  0.42  0.42  0.50  0.74  1.49  2.23  3.34
 3712.25  3.00  1.43  1.56  1.25  0.92  0.42  0.41  0.49  0.73  1.46  2.19  3.28
 3713.25  2.93  1.40  1.53  1.22  0.90  0.41  0.40  0.48  0.71  1.43  2.15  3.23
 3714.25  2.87  1.37  1.50  1.20  0.89  0.40  0.39  0.47  0.70  1.40  2.11  3.17
 3715.25  2.95  1.42  1.56  1.24  0.92  0.42  0.41  0.49  0.72  1.44  2.18  3.27
 3716.25  3.07  1.50  1.64  1.30  0.97  0.44  0.43  0.51  0.76  1.52  2.29  3.42
 3717.25  3.14  1.54  1.69  1.34  1.01  0.46  0.44  0.53  0.79  1.56  2.36  3.51
 3718.25  3.14  1.54  1.69  1.35  1.01  0.46  0.44  0.53  0.79  1.56  2.36  3.52
 3719.25  3.13  1.55  1.70  1.35  1.02  0.46  0.45  0.53  0.79  1.56  2.37  3.53
 3720.25  3.20  1.59  1.75  1.39  1.05  0.48  0.46  0.55  0.81  1.60  2.44  3.62
 3721.25  3.25  1.63  1.79  1.42  1.08  0.50  0.47  0.56  0.83  1.63  2.49  3.70
 3722.25  3.30  1.67  1.83  1.45  1.11  0.51  0.48  0.58  0.85  1.67  2.54  3.77
 3723.25  3.20  1.62  1.78  1.41  1.08  0.50  0.47  0.56  0.82  1.61  2.47  3.67
 3724.25  3.13  1.59  1.75  1.38  1.06  0.49  0.46  0.55  0.80  1.58  2.43  3.61
 3725.25  3.18  1.62  1.79  1.41  1.08  0.50  0.47  0.56  0.82  1.61  2.48  3.68
 3726.25  2.98  1.52  1.68  1.32  1.01  0.47  0.44  0.52  0.77  1.50  2.33  3.47
 3727.25  2.82  1.44  1.59  1.25  0.96  0.44  0.41  0.49  0.72  1.42  2.21  3.31
 3728.25  2.99  1.54  1.70  1.33  1.03  0.48  0.44  0.53  0.77  1.51  2.36  3.51
 3729.25  2.93  1.52  1.67  1.31  1.02  0.47  0.43  0.52  0.76  1.48  2.32  3.46
 3730.25  2.79  1.45  1.59  1.25  0.97  0.45  0.41  0.49  0.72  1.41  2.22  3.32
 3731.25  2.88  1.50  1.65  1.30  1.01  0.47  0.43  0.51  0.75  1.46  2.30  3.44
 3732.25  2.84  1.49  1.64  1.28  1.00  0.47  0.43  0.50  0.74  1.44  2.28  3.41
 3733.25  2.91  1.54  1.69  1.32  1.04  0.48  0.44  0.52  0.77  1.49  2.35  3.50
 3734.25  3.12  1.67  1.83  1.44  1.14  0.53  0.48  0.57  0.84  1.61  2.54  3.77
 3735.25  3.30  1.79  1.96  1.54  1.22  0.57  0.52  0.61  0.90  1.72  2.71  4.00
 3736.25  3.41  1.87  2.04  1.60  1.28  0.60  0.54  0.64  0.94  1.79  2.82  4.15
 3737.25  3.31  1.82  1.99  1.56  1.25  0.59  0.53  0.62  0.91  1.74  2.75  4.05
 3738.25  3.06  1.68  1.84  1.43  1.15  0.54  0.48  0.57  0.84  1.60  2.55  3.78
 3739.25  2.84  1.57  1.71  1.33  1.07  0.50  0.45  0.52  0.78  1.49  2.38  3.55
 3740.25  2.81  1.56  1.70  1.32  1.07  0.50  0.44  0.52  0.77  1.47  2.37  3.54
 3741.25  2.89  1.62  1.77  1.38  1.11  0.53  0.46  0.54  0.80  1.53  2.46  3.66
 3742.25  2.92  1.65  1.80  1.40  1.14  0.54  0.47  0.55  0.82  1.55  2.50  3.72
 3743.25  2.98  1.70  1.85  1.44  1.17  0.56  0.49  0.57  0.84  1.59  2.57  3.81
 3744.25  2.96  1.70  1.85  1.44  1.17  0.56  0.49  0.56  0.84  1.59  2.57  3.81
 3745.25  2.91  1.68  1.83  1.42  1.16  0.55  0.48  0.56  0.83  1.57  2.54  3.78
 3746.25  2.93  1.71  1.86  1.44  1.18  0.56  0.49  0.57  0.84  1.59  2.58  3.83
 3747.25  2.82  1.65  1.80  1.39  1.14  0.55  0.47  0.54  0.81  1.53  2.50  3.72
 3748.25  2.93  1.74  1.88  1.46  1.20  0.58  0.50  0.57  0.85  1.60  2.62  3.88
 3749.25  3.18  1.92  2.07  1.61  1.33  0.64  0.55  0.63  0.95  1.76  2.87  4.22
 3750.25  3.11  1.89  2.04  1.58  1.31  0.64  0.54  0.62  0.93  1.73  2.82  4.16
 3751.25  2.89  1.76  1.90  1.47  1.22  0.59  0.50  0.57  0.86  1.60  2.64  3.91
 3752.25  2.96  1.82  1.96  1.51  1.26  0.61  0.52  0.59  0.89  1.65  2.72  4.02
 3753.25  3.09  1.92  2.07  1.60  1.34  0.65  0.55  0.63  0.94  1.74  2.87  4.22
 3754.25  2.97  1.86  2.00  1.54  1.29  0.63  0.53  0.60  0.91  1.68  2.78  4.09
 3755.25  2.65  1.66  1.79  1.37  1.15  0.56  0.47  0.53  0.80  1.50  2.49  3.71
 3756.25  2.56  1.61  1.73  1.33  1.12  0.54  0.46  0.52  0.78  1.45  2.42  3.61
 3757.25  2.72  1.74  1.86  1.43  1.20  0.59  0.49  0.56  0.84  1.56  2.60  3.85
 3758.25  2.90  1.88  2.01  1.55  1.31  0.65  0.54  0.61  0.91  1.68  2.80  4.13
 3759.25  2.92  1.92  2.04  1.57  1.33  0.66  0.55  0.61  0.92  1.71  2.84  4.18
 3760.25  2.76  1.82  1.94  1.49  1.26  0.62  0.52  0.58  0.87  1.62  2.70  4.00
 3761.25  2.70  1.80  1.91  1.46  1.24  0.61  0.51  0.57  0.86  1.58  2.66  3.94
 3762.25  2.76  1.86  1.97  1.51  1.29  0.64  0.53  0.59  0.89  1.64  2.75  4.06
 3763.25  2.79  1.90  2.01  1.54  1.32  0.66  0.54  0.60  0.90  1.67  2.80  4.13
 3764.25  2.75  1.89  1.99  1.53  1.31  0.65  0.53  0.59  0.90  1.65  2.78  4.10
 3765.25  2.68  1.86  1.95  1.49  1.28  0.64  0.52  0.58  0.88  1.62  2.73  4.04
 3766.25  2.68  1.87  1.96  1.50  1.29  0.65  0.53  0.58  0.88  1.62  2.74  4.05
 3767.25  2.74  1.92  2.01  1.54  1.33  0.67  0.54  0.60  0.91  1.66  2.81  4.13
 3768.25  2.81  1.98  2.06  1.58  1.37  0.69  0.56  0.62  0.93  1.71  2.89  4.23
 3769.25  2.85  2.02  2.10  1.61  1.40  0.71  0.57  0.63  0.95  1.74  2.93  4.28
 3770.25  2.88  2.05  2.12  1.64  1.42  0.72  0.58  0.63  0.96  1.76  2.97  4.32
 3771.25  2.82  2.02  2.08  1.61  1.39  0.71  0.57  0.62  0.94  1.72  2.91  4.24
 3772.25  2.58  1.85  1.90  1.47  1.27  0.65  0.51  0.56  0.86  1.57  2.68  3.92
 3773.25  2.34  1.67  1.72  1.33  1.15  0.58  0.46  0.50  0.77  1.42  2.43  3.57
 3774.25  2.25  1.62  1.66  1.28  1.11  0.57  0.45  0.48  0.74  1.36  2.35  3.45
 3775.25  2.24  1.62  1.65  1.28  1.11  0.57  0.44  0.48  0.74  1.36  2.34  3.44
 3776.25  2.22  1.61  1.64  1.28  1.10  0.56  0.44  0.48  0.73  1.35  2.33  3.40
 3777.25  2.28  1.67  1.69  1.32  1.14  0.59  0.46  0.49  0.76  1.39  2.40  3.50
 3778.25  2.28  1.68  1.69  1.33  1.15  0.59  0.46  0.50  0.76  1.39  2.41  3.50
 3779.25  2.31  1.71  1.72  1.36  1.17  0.60  0.47  0.50  0.77  1.41  2.44  3.54
 3780.25  2.42  1.80  1.81  1.43  1.23  0.64  0.49  0.53  0.81  1.49  2.56  3.70
 3781.25  2.43  1.82  1.82  1.44  1.24  0.65  0.50  0.54  0.82  1.50  2.58  3.71
 3782.25  2.40  1.81  1.80  1.44  1.23  0.65  0.49  0.53  0.81  1.48  2.56  3.68
 3783.25  2.42  1.83  1.82  1.46  1.25  0.66  0.50  0.54  0.82  1.50  2.59  3.71
 3784.25  2.23  1.69  1.68  1.34  1.14  0.60  0.46  0.50  0.75  1.38  2.39  3.43
 3785.25  2.13  1.62  1.60  1.29  1.09  0.58  0.44  0.47  0.72  1.32  2.30  3.29
 3786.25  2.29  1.76  1.73  1.40  1.19  0.63  0.48  0.51  0.78  1.42  2.47  3.52
 3787.25  2.52  1.95  1.91  1.55  1.32  0.71  0.53  0.57  0.87  1.57  2.72  3.85
 3788.25  2.67  2.08  2.03  1.66  1.40  0.76  0.57  0.61  0.92  1.67  2.89  4.06
 3789.25  2.73  2.15  2.09  1.71  1.45  0.78  0.59  0.63  0.95  1.72  2.97  4.15
 3790.25  2.66  2.10  2.04  1.67  1.41  0.77  0.57  0.62  0.93  1.68  2.90  4.05
 3791.25  2.50  1.99  1.92  1.57  1.32  0.72  0.54  0.58  0.87  1.57  2.74  3.83
 3792.25  2.43  1.95  1.87  1.54  1.29  0.71  0.52  0.56  0.85  1.53  2.67  3.74
 3793.25  2.43  1.96  1.87  1.55  1.29  0.71  0.53  0.56  0.85  1.53  2.68  3.74
 3794.25  2.47  2.00  1.91  1.58  1.32  0.73  0.54  0.58  0.87  1.56  2.73  3.79
 3795.25  2.47  2.01  1.90  1.58  1.32  0.73  0.54  0.58  0.86  1.56  2.73  3.78
 3796.25  2.44  2.00  1.89  1.58  1.31  0.73  0.53  0.57  0.86  1.55  2.71  3.75
 3797.25  2.51  2.07  1.95  1.63  1.35  0.76  0.55  0.59  0.88  1.59  2.79  3.84
 3798.25  2.67  2.23  2.08  1.75  1.46  0.82  0.60  0.64  0.95  1.71  2.98  4.08
 3799.25  2.84  2.39  2.22  1.88  1.56  0.88  0.64  0.69  1.02  1.83  3.17  4.31
 3800.25  2.87  2.43  2.25  1.91  1.58  0.90  0.65  0.70  1.04  1.85  3.21  4.35
 3801.25  2.69  2.28  2.11  1.79  1.48  0.84  0.61  0.65  0.97  1.73  3.02  4.10
 3802.25  2.57  2.19  2.01  1.72  1.41  0.80  0.58  0.62  0.92  1.65  2.89  3.93
 3803.25  2.47  2.12  1.94  1.65  1.36  0.78  0.56  0.60  0.88  1.59  2.79  3.79
 3804.25  2.25  1.94  1.77  1.51  1.24  0.71  0.51  0.54  0.80  1.44  2.56  3.49
 3805.25  2.25  1.95  1.77  1.52  1.24  0.71  0.51  0.54  0.80  1.44  2.56  3.48
 3806.25  2.38  2.08  1.87  1.62  1.32  0.76  0.55  0.58  0.86  1.53  2.71  3.67
 3807.25  2.51  2.21  1.98  1.73  1.40  0.81  0.58  0.62  0.91  1.62  2.87  3.85
 3808.25  2.55  2.27  2.02  1.78  1.43  0.84  0.60  0.63  0.93  1.65  2.93  3.91
 3809.25  2.50  2.23  1.98  1.75  1.40  0.82  0.59  0.62  0.91  1.62  2.87  3.83
 3810.25  2.40  2.15  1.90  1.70  1.35  0.79  0.57  0.59  0.87  1.55  2.77  3.69
 3811.25  2.39  2.16  1.90  1.71  1.35  0.80  0.57  0.59  0.87  1.55  2.76  3.68
 3812.25  2.49  2.27  1.99  1.80  1.42  0.84  0.60  0.62  0.92  1.62  2.89  3.83
 3813.25  2.42  2.21  1.93  1.76  1.37  0.82  0.58  0.61  0.89  1.57  2.81  3.72
 3814.25  2.23  2.05  1.78  1.64  1.26  0.76  0.54  0.56  0.81  1.44  2.61  3.45
 3815.25  2.21  2.05  1.77  1.64  1.26  0.76  0.54  0.55  0.81  1.43  2.60  3.43
 3816.25  2.29  2.14  1.84  1.72  1.31  0.79  0.56  0.58  0.85  1.49  2.70  3.55
 3817.25  2.34  2.20  1.88  1.77  1.35  0.82  0.58  0.59  0.87  1.52  2.76  3.61
 3818.25  2.25  2.12  1.81  1.72  1.29  0.79  0.56  0.57  0.83  1.46  2.66  3.48
 3819.25  2.13  2.03  1.72  1.64  1.23  0.75  0.53  0.54  0.79  1.39  2.53  3.32
 3820.25  2.18  2.09  1.76  1.70  1.27  0.78  0.55  0.56  0.81  1.42  2.60  3.39
 3821.25  2.36  2.27  1.91  1.86  1.38  0.85  0.60  0.61  0.89  1.55  2.82  3.65
 3822.25  2.42  2.34  1.96  1.93  1.42  0.88  0.62  0.63  0.91  1.59  2.89  3.73
 3823.25  2.46  2.39  2.00  1.98  1.45  0.91  0.64  0.64  0.93  1.62  2.95  3.79
 3824.25  2.52  2.47  2.06  2.06  1.50  0.94  0.66  0.67  0.96  1.67  3.03  3.90
 3825.25  2.58  2.54  2.11  2.12  1.54  0.97  0.68  0.69  0.99  1.70  3.10  3.98
 3826.25  2.63  2.59  2.15  2.18  1.58  1.00  0.70  0.70  1.01  1.74  3.16  4.06
 3827.25  2.59  2.56  2.12  2.16  1.56  0.99  0.69  0.69  0.99  1.71  3.12  4.02
 3828.25  2.54  2.52  2.07  2.13  1.53  0.97  0.68  0.68  0.97  1.67  3.06  3.95
 3829.25  2.35  2.34  1.92  1.99  1.41  0.90  0.63  0.63  0.89  1.54  2.85  3.69
 3830.25  2.16  2.16  1.76  1.84  1.30  0.83  0.58  0.57  0.82  1.41  2.63  3.43
 3831.25  2.07  2.08  1.68  1.77  1.24  0.79  0.55  0.55  0.78  1.35  2.52  3.29
 3832.25  2.10  2.11  1.71  1.81  1.26  0.81  0.56  0.56  0.79  1.36  2.56  3.35
 3833.25  2.18  2.20  1.78  1.90  1.32  0.85  0.59  0.58  0.82  1.42  2.66  3.48
 3834.25  2.19  2.22  1.79  1.92  1.33  0.86  0.59  0.59  0.83  1.42  2.67  3.50
 3835.25  2.13  2.17  1.74  1.88  1.29  0.83  0.58  0.57  0.80  1.38  2.60  3.42
 3836.25  2.14  2.18  1.75  1.90  1.30  0.84  0.58  0.57  0.81  1.38  2.61  3.44
 3837.25  2.27  2.32  1.86  2.02  1.38  0.90  0.62  0.61  0.86  1.47  2.76  3.63
 3838.25  2.27  2.33  1.87  2.05  1.39  0.91  0.63  0.62  0.86  1.47  2.77  3.65
 3839.25  2.37  2.43  1.95  2.14  1.45  0.95  0.66  0.65  0.90  1.53  2.88  3.79
 3840.25  2.53  2.61  2.09  2.31  1.56  1.03  0.72  0.70  0.97  1.64  3.08  4.05
 3841.25  2.49  2.58  2.06  2.29  1.54  1.02  0.71  0.69  0.95  1.61  3.04  4.00
 3842.25  2.29  2.38  1.89  2.12  1.41  0.94  0.65  0.63  0.87  1.48  2.80  3.71
 3843.25  2.30  2.39  1.90  2.14  1.42  0.94  0.65  0.63  0.87  1.48  2.81  3.73
 3844.25  2.40  2.51  1.99  2.25  1.49  1.00  0.69  0.67  0.91  1.55  2.94  3.89
 3845.25  2.43  2.55  2.02  2.30  1.51  1.01  0.70  0.68  0.92  1.56  2.97  3.94
 3846.25  2.24  2.36  1.86  2.14  1.40  0.94  0.64  0.62  0.85  1.44  2.75  3.67
 3847.25  2.27  2.40  1.89  2.18  1.41  0.95  0.66  0.63  0.86  1.45  2.79  3.72
 3848.25  2.42  2.56  2.02  2.34  1.52  1.03  0.71  0.68  0.92  1.55  2.97  3.95
 3849.25  2.51  2.67  2.10  2.44  1.58  1.08  0.74  0.71  0.96  1.61  3.08  4.10
 3850.25  2.50  2.66  2.09  2.45  1.58  1.08  0.74  0.71  0.95  1.60  3.07  4.09
 3851.25  2.34  2.51  1.96  2.31  1.48  1.01  0.69  0.66  0.89  1.49  2.88  3.86
 3852.25  2.42  2.61  2.03  2.40  1.53  1.05  0.72  0.69  0.92  1.54  2.98  3.99
 3853.25  2.52  2.73  2.12  2.52  1.60  1.11  0.75  0.72  0.96  1.61  3.10  4.15
 3854.25  2.49  2.72  2.10  2.51  1.58  1.10  0.75  0.71  0.95  1.59  3.07  4.11
 3855.25  2.46  2.70  2.07  2.49  1.56  1.09  0.74  0.70  0.93  1.56  3.03  4.07
 3856.25  2.42  2.67  2.03  2.46  1.54  1.07  0.72  0.69  0.91  1.53  2.97  4.01
 3857.25  2.50  2.77  2.10  2.55  1.59  1.12  0.75  0.72  0.95  1.57  3.06  4.13
 3858.25  2.64  2.94  2.22  2.71  1.69  1.19  0.80  0.76  1.00  1.67  3.23  4.34
 3859.25  2.69  3.01  2.26  2.77  1.72  1.22  0.82  0.78  1.02  1.69  3.28  4.42
 3860.25  2.73  3.06  2.29  2.82  1.75  1.24  0.83  0.79  1.03  1.71  3.32  4.47
 3861.25  2.78  3.13  2.34  2.89  1.79  1.27  0.85  0.81  1.05  1.75  3.38  4.55
 3862.25  2.69  3.05  2.26  2.81  1.73  1.23  0.82  0.78  1.01  1.68  3.27  4.42
 3863.25  2.61  2.98  2.19  2.74  1.69  1.20  0.80  0.76  0.98  1.63  3.17  4.31
 3864.25  2.62  2.99  2.19  2.75  1.70  1.20  0.80  0.76  0.98  1.63  3.17  4.31
 3865.25  2.57  2.95  2.14  2.71  1.67  1.18  0.78  0.74  0.95  1.59  3.11  4.23
 3866.25  2.51  2.90  2.10  2.67  1.64  1.16  0.77  0.72  0.93  1.56  3.04  4.16
 3867.25  2.46  2.85  2.04  2.62  1.60  1.13  0.75  0.70  0.90  1.52  2.97  4.07
 3868.25  2.44  2.85  2.03  2.61  1.60  1.13  0.74  0.70  0.90  1.50  2.95  4.05
 3869.25  2.41  2.82  2.01  2.59  1.59  1.12  0.74  0.69  0.88  1.48  2.91  4.00
 3870.25  2.48  2.91  2.06  2.67  1.64  1.15  0.76  0.71  0.90  1.52  2.98  4.10
 3871.25  2.63  3.10  2.19  2.84  1.75  1.23  0.81  0.76  0.96  1.62  3.15  4.33
 3872.25  2.75  3.25  2.30  2.99  1.84  1.30  0.85  0.80  1.01  1.69  3.29  4.51
 3873.25  2.74  3.25  2.29  2.99  1.84  1.30  0.85  0.80  1.00  1.68  3.27  4.50
 3874.25  2.57  3.06  2.15  2.81  1.72  1.21  0.79  0.74  0.93  1.57  3.06  4.24
 3875.25  2.53  3.04  2.12  2.78  1.71  1.20  0.78  0.73  0.91  1.54  3.02  4.18
 3876.25  2.60  3.13  2.18  2.87  1.76  1.24  0.81  0.75  0.94  1.58  3.09  4.28
 3877.25  2.67  3.22  2.24  2.96  1.82  1.28  0.83  0.77  0.97  1.63  3.17  4.39
 3878.25  2.75  3.33  2.31  3.06  1.88  1.32  0.86  0.80  1.00  1.68  3.25  4.51
 3879.25  2.79  3.39  2.34  3.11  1.91  1.35  0.87  0.81  1.01  1.70  3.28  4.56
 3880.25  2.74  3.34  2.30  3.06  1.88  1.32  0.86  0.79  0.99  1.66  3.22  4.49
 3881.25  2.70  3.31  2.27  3.03  1.86  1.31  0.85  0.78  0.98  1.63  3.17  4.44
 3882.25  2.72  3.35  2.29  3.04  1.89  1.32  0.85  0.78  0.98  1.64  3.18  4.46
 3883.25  2.75  3.40  2.31  3.06  1.91  1.34  0.86  0.79  0.99  1.66  3.20  4.50
 3884.25  2.71  3.37  2.28  3.00  1.89  1.32  0.85  0.78  0.97  1.63  3.14  4.43
 3885.25  2.69  3.39  2.26  2.96  1.88  1.31  0.84  0.77  0.97  1.61  3.11  4.40
 3886.25  2.78  3.54  2.34  3.04  1.95  1.37  0.88  0.80  1.00  1.66  3.20  4.53
 3887.25  2.94  3.78  2.48  3.20  2.08  1.46  0.93  0.85  1.06  1.77  3.37  4.76
 3888.25  2.85  3.71  2.40  3.09  2.01  1.41  0.90  0.82  1.03  1.70  3.26  4.62
 3889.25  2.54  3.36  2.13  2.74  1.79  1.25  0.79  0.72  0.90  1.50  2.90  4.15
 3890.25  2.50  3.35  2.10  2.68  1.76  1.23  0.78  0.71  0.88  1.47  2.85  4.09
 3891.25  2.61  3.53  2.19  2.78  1.85  1.29  0.82  0.74  0.92  1.54  2.95  4.25
 3892.25  2.61  3.56  2.19  2.77  1.85  1.29  0.82  0.74  0.92  1.53  2.94  4.24
 3893.25  2.60  3.59  2.18  2.74  1.85  1.29  0.81  0.73  0.92  1.52  2.92  4.22
 3894.25  2.58  3.60  2.16  2.70  1.84  1.28  0.81  0.73  0.91  1.50  2.89  4.18
 3895.25  2.56  3.61  2.14  2.67  1.83  1.27  0.80  0.72  0.90  1.49  2.85  4.15
 3896.25  2.56  3.66  2.15  2.66  1.84  1.28  0.81  0.72  0.90  1.49  2.85  4.15
 3897.25  2.56  3.69  2.14  2.64  1.84  1.28  0.81  0.72  0.89  1.48  2.83  4.14
 3898.25  2.52  3.68  2.11  2.59  1.81  1.26  0.80  0.70  0.88  1.45  2.78  4.08
 3899.25  2.43  3.58  2.03  2.47  1.74  1.21  0.77  0.67  0.84  1.39  2.67  3.93
 3900.25  2.35  3.50  1.96  2.38  1.69  1.17  0.74  0.65  0.81  1.34  2.57  3.80
 3901.25  2.43  3.65  2.03  2.44  1.75  1.22  0.77  0.67  0.84  1.38  2.65  3.91
 3902.25  2.45  3.72  2.05  2.46  1.76  1.23  0.78  0.68  0.85  1.40  2.66  3.95
 3903.25  2.41  3.70  2.01  2.40  1.73  1.21  0.77  0.67  0.83  1.37  2.61  3.88
 3904.25  2.46  3.80  2.05  2.44  1.77  1.24  0.78  0.68  0.85  1.39  2.65  3.95
 3905.25  2.41  3.76  2.00  2.37  1.73  1.22  0.77  0.66  0.83  1.36  2.59  3.87
 3906.25  2.39  3.76  1.98  2.33  1.71  1.21  0.76  0.66  0.82  1.34  2.55  3.83
 3907.25  2.40  3.81  1.99  2.33  1.71  1.22  0.77  0.66  0.82  1.34  2.55  3.83
 3908.25  2.27  3.65  1.88  2.19  1.62  1.15  0.72  0.62  0.77  1.26  2.41  3.64
 3909.25  2.24  3.64  1.85  2.15  1.59  1.14  0.72  0.61  0.76  1.24  2.36  3.59
 3910.25  2.30  3.76  1.90  2.19  1.63  1.17  0.74  0.62  0.78  1.27  2.42  3.67
 3911.25  2.34  3.85  1.93  2.22  1.66  1.19  0.75  0.64  0.79  1.29  2.45  3.72
 3912.25  2.31  3.84  1.90  2.17  1.64  1.18  0.74  0.63  0.78  1.27  2.41  3.67
 3913.25  1.97  3.34  1.62  1.85  1.39  1.00  0.63  0.53  0.66  1.08  2.05  3.16
 3914.25  1.61  2.77  1.32  1.49  1.13  0.81  0.51  0.43  0.53  0.87  1.67  2.59
 3915.25  1.83  3.16  1.50  1.69  1.29  0.93  0.59  0.49  0.61  0.99  1.89  2.93
 3916.25  2.33  4.02  1.92  2.15  1.65  1.20  0.76  0.63  0.78  1.28  2.40  3.69
 3917.25  2.51  4.38  2.07  2.31  1.79  1.31  0.83  0.68  0.85  1.38  2.58  3.97
 3918.25  2.36  4.23  1.96  2.17  1.69  1.24  0.78  0.64  0.80  1.30  2.43  3.76
 3919.25  2.22  4.07  1.84  2.04  1.59  1.16  0.73  0.60  0.75  1.22  2.28  3.55
 3920.25  2.41  4.47  2.01  2.21  1.73  1.28  0.81  0.66  0.82  1.33  2.48  3.85
 3921.25  2.59  4.87  2.17  2.38  1.87  1.39  0.88  0.72  0.89  1.44  2.66  4.12
 3922.25  2.62  4.99  2.19  2.40  1.89  1.41  0.89  0.73  0.90  1.45  2.68  4.16
 3923.25  2.59  5.04  2.18  2.38  1.88  1.40  0.89  0.72  0.89  1.44  2.66  4.14
 3924.25  2.60  5.14  2.19  2.39  1.89  1.41  0.89  0.72  0.90  1.45  2.67  4.16
 3925.25  2.66  5.33  2.25  2.45  1.94  1.46  0.92  0.74  0.92  1.49  2.72  4.25
 3926.25  2.71  5.51  2.30  2.49  1.99  1.49  0.95  0.76  0.94  1.52  2.78  4.33
 3927.25  2.77  5.70  2.35  2.55  2.03  1.54  0.97  0.78  0.96  1.55  2.83  4.43
 3928.25  2.82  5.88  2.40  2.59  2.08  1.58  1.00  0.80  0.98  1.59  2.88  4.51
 3929.25  2.81  5.96  2.40  2.59  2.08  1.58  1.00  0.80  0.98  1.58  2.87  4.51
 3930.25  2.92  6.25  2.50  2.69  2.17  1.66  1.05  0.84  1.03  1.65  2.98  4.67
 3931.25  3.06  6.58  2.63  2.82  2.28  1.75  1.11  0.88  1.08  1.74  3.12  4.88
 3932.25  2.88  6.35  2.48  2.65  2.15  1.64  1.04  0.82  1.01  1.63  2.94  4.63
 3933.25  2.74  6.19  2.36  2.52  2.04  1.57  0.99  0.78  0.96  1.55  2.79  4.43
 3934.25  2.95  6.67  2.56  2.72  2.22  1.71  1.09  0.85  1.04  1.68  3.01  4.75
 3935.25  3.20  7.20  2.78  2.95  2.41  1.87  1.20  0.94  1.14  1.83  3.26  5.11
 3936.25  3.11  7.15  2.71  2.87  2.35  1.82  1.17  0.91  1.10  1.78  3.18  5.00
 3937.25  2.88  6.81  2.51  2.66  2.18  1.68  1.07  0.83  1.01  1.64  2.94  4.67
 3938.25  2.78  6.71  2.42  2.56  2.10  1.63  1.04  0.80  0.97  1.58  2.84  4.53
 3939.25  2.77  6.77  2.41  2.55  2.09  1.62  1.04  0.80  0.97  1.57  2.82  4.51
 3940.25  2.64  6.59  2.30  2.43  2.00  1.55  0.99  0.76  0.92  1.49  2.69  4.32
 3941.25  2.56  6.52  2.23  2.35  1.94  1.51  0.96  0.74  0.89  1.45  2.61  4.21
 3942.25  2.56  6.60  2.23  2.35  1.94  1.51  0.97  0.74  0.89  1.45  2.61  4.21
 3943.25  2.49  6.53  2.17  2.29  1.89  1.47  0.94  0.72  0.86  1.41  2.54  4.11
 3944.25  2.41  6.44  2.10  2.21  1.82  1.43  0.92  0.69  0.83  1.36  2.46  3.99
 3945.25  2.47  6.66  2.16  2.27  1.88  1.48  0.95  0.71  0.86  1.40  2.53  4.09
 3946.25  2.42  6.62  2.11  2.22  1.84  1.45  0.93  0.70  0.84  1.37  2.47  4.01
 3947.25  2.38  6.61  2.07  2.18  1.81  1.43  0.92  0.69  0.82  1.35  2.43  3.95
 3948.25  2.39  6.69  2.08  2.19  1.82  1.44  0.93  0.69  0.82  1.35  2.44  3.97
 3949.25  2.42  6.76  2.10  2.21  1.83  1.46  0.94  0.70  0.83  1.37  2.46  4.00
 3950.25  2.53  7.20  2.20  2.31  1.92  1.53  0.99  0.74  0.87  1.43  2.57  4.18
 3951.25  2.58  7.89  2.25  2.35  1.96  1.57  1.02  0.75  0.89  1.46  2.62  4.25
 3952.25  2.51  8.06  2.18  2.29  1.91  1.53  0.99  0.73  0.86  1.42  2.55  4.15
 3953.25  2.56  8.14  2.22  2.33  1.95  1.57  1.02  0.75  0.88  1.45  2.59  4.22
 3954.25  2.70  8.39  2.35  2.46  2.06  1.67  1.09  0.79  0.93  1.54  2.74  4.44
 3955.25  2.66  8.20  2.31  2.42  2.03  1.64  1.07  0.78  0.92  1.51  2.69  4.38
 3956.25  2.64  8.04  2.29  2.39  2.01  1.63  1.07  0.77  0.91  1.50  2.67  4.34
 3957.25  2.66  7.99  2.31  2.41  2.02  1.65  1.08  0.78  0.91  1.51  2.68  4.37
 3958.25  2.67  7.91  2.32  2.43  2.03  1.66  1.09  0.78  0.92  1.51  2.69  4.39
 3959.25  2.70  7.88  2.34  2.46  2.06  1.69  1.11  0.80  0.93  1.53  2.72  4.44
 3960.25  2.69  7.77  2.34  2.46  2.06  1.69  1.11  0.79  0.93  1.53  2.71  4.43
 3961.25  2.65  7.56  2.29  2.41  2.02  1.66  1.09  0.78  0.91  1.50  2.66  4.36
 3962.25  2.74  7.66  2.38  2.50  2.09  1.73  1.14  0.81  0.94  1.56  2.75  4.49
 3963.25  2.90  7.88  2.51  2.65  2.22  1.84  1.21  0.86  1.00  1.65  2.91  4.73
 3964.25  2.96  7.90  2.57  2.71  2.27  1.89  1.25  0.89  1.02  1.69  2.97  4.82
 3965.25  2.98  7.83  2.59  2.74  2.28  1.91  1.26  0.89  1.03  1.70  2.99  4.85
 3966.25  3.02  7.79  2.62  2.78  2.32  1.94  1.29  0.91  1.04  1.73  3.02  4.91
 3967.25  3.16  7.94  2.74  2.91  2.43  2.04  1.36  0.96  1.10  1.81  3.16  5.11
 3968.25  3.15  7.81  2.74  2.91  2.42  2.04  1.36  0.96  1.09  1.81  3.15  5.10
 3969.25  3.06  7.51  2.65  2.82  2.34  1.98  1.32  0.92  1.05  1.75  3.05  4.96
 3970.25  3.02  7.33  2.62  2.79  2.32  1.96  1.31  0.91  1.04  1.73  3.01  4.91
 3971.25  2.86  6.91  2.47  2.64  2.19  1.86  1.24  0.86  0.98  1.63  2.85  4.68
 3972.25  2.72  6.53  2.35  2.52  2.08  1.77  1.18  0.81  0.92  1.54  2.71  4.47
 3973.25  2.68  6.35  2.32  2.48  2.05  1.75  1.16  0.80  0.91  1.52  2.67  4.41
 3974.25  2.61  6.09  2.25  2.42  1.99  1.70  1.13  0.78  0.88  1.47  2.59  4.30
 3975.25  2.54  5.84  2.19  2.36  1.94  1.66  1.11  0.76  0.85  1.43  2.52  4.20
 3976.25  2.49  5.62  2.14  2.31  1.89  1.62  1.08  0.74  0.83  1.40  2.46  4.11
 3977.25  2.53  5.58  2.18  2.34  1.92  1.65  1.11  0.75  0.85  1.42  2.50  4.17
 3978.25  2.54  5.47  2.18  2.35  1.93  1.66  1.11  0.75  0.85  1.42  2.50  4.18
 3979.25  2.48  5.23  2.12  2.29  1.87  1.61  1.08  0.73  0.83  1.38  2.43  4.07
 3980.25  2.48  5.10  2.11  2.28  1.86  1.61  1.08  0.73  0.82  1.38  2.42  4.06
 3981.25  2.37  4.81  2.02  2.18  1.78  1.53  1.03  0.69  0.78  1.31  2.30  3.88
 3982.25  2.37  4.76  2.01  2.17  1.77  1.53  1.04  0.69  0.78  1.30  2.29  3.87
 3983.25  2.49  4.96  2.11  2.29  1.86  1.62  1.10  0.73  0.83  1.37  2.41  4.05
 3984.25  2.53  5.00  2.14  2.32  1.88  1.64  1.12  0.74  0.84  1.39  2.43  4.10
 3985.25  2.50  4.92  2.11  2.29  1.85  1.62  1.10  0.73  0.82  1.37  2.39  4.04
 3986.25  2.55  5.01  2.15  2.34  1.89  1.65  1.13  0.75  0.84  1.40  2.44  4.12
 3987.25  2.63  5.11  2.21  2.40  1.94  1.70  1.17  0.77  0.87  1.44  2.50  4.22
 3988.25  2.57  4.99  2.16  2.34  1.89  1.66  1.14  0.75  0.84  1.40  2.44  4.12
 3989.25  2.46  4.78  2.06  2.24  1.81  1.59  1.09  0.72  0.81  1.33  2.33  3.95
 3990.25  2.51  4.84  2.09  2.28  1.83  1.62  1.12  0.73  0.82  1.35  2.36  4.01
 3991.25  2.61  4.99  2.18  2.37  1.90  1.69  1.17  0.76  0.85  1.41  2.44  4.15
 3992.25  2.63  5.01  2.19  2.39  1.92  1.70  1.18  0.77  0.86  1.42  2.45  4.18
 3993.25  2.64  5.02  2.20  2.40  1.92  1.71  1.19  0.77  0.87  1.42  2.46  4.19
 3994.25  2.60  4.92  2.16  2.36  1.88  1.68  1.17  0.76  0.85  1.39  2.41  4.12
 3995.25  2.61  4.91  2.16  2.36  1.88  1.68  1.18  0.76  0.85  1.39  2.40  4.12
 3996.25  2.69  5.03  2.22  2.43  1.94  1.74  1.22  0.78  0.88  1.44  2.47  4.23
 3997.25  2.71  5.04  2.24  2.44  1.95  1.75  1.23  0.79  0.88  1.45  2.48  4.25
 3998.25  2.74  5.06  2.25  2.46  1.96  1.77  1.25  0.79  0.89  1.46  2.49  4.28
 3999.25  2.66  4.91  2.19  2.39  1.90  1.71  1.21  0.77  0.86  1.41  2.41  4.16
 4000.25  2.45  4.55  2.01  2.20  1.74  1.57  1.11  0.70  0.79  1.29  2.21  3.85
 4001.25  2.50  4.61  2.05  2.24  1.78  1.61  1.14  0.72  0.80  1.31  2.25  3.91
 4002.25  2.67  4.88  2.18  2.39  1.90  1.72  1.23  0.77  0.86  1.41  2.40  4.15
 4003.25  2.64  4.79  2.15  2.35  1.86  1.69  1.21  0.76  0.85  1.38  2.35  4.08
 4004.25  2.55  4.64  2.08  2.27  1.80  1.64  1.17  0.73  0.82  1.33  2.27  3.96
 4005.25  2.58  4.66  2.09  2.29  1.81  1.65  1.19  0.74  0.82  1.34  2.28  3.98
 4006.25  2.62  4.71  2.13  2.32  1.84  1.68  1.21  0.75  0.84  1.36  2.31  4.04
 4007.25  2.69  4.82  2.19  2.39  1.89  1.74  1.25  0.78  0.87  1.40  2.37  4.15
 4008.25  2.65  4.74  2.16  2.36  1.86  1.71  1.24  0.76  0.85  1.38  2.33  4.09
 4009.25  2.51  4.51  2.04  2.23  1.76  1.62  1.17  0.72  0.80  1.30  2.20  3.89
 4010.25  2.49  4.46  2.02  2.21  1.74  1.61  1.17  0.71  0.80  1.29  2.18  3.85
 4011.25  2.52  4.49  2.05  2.24  1.76  1.63  1.18  0.72  0.81  1.30  2.20  3.89
 4012.25  2.52  4.49  2.06  2.24  1.76  1.64  1.19  0.73  0.81  1.31  2.20  3.89
 4013.25  2.51  4.45  2.04  2.23  1.75  1.63  1.19  0.72  0.80  1.30  2.18  3.87
 4014.25  2.49  4.40  2.03  2.21  1.73  1.62  1.18  0.72  0.80  1.29  2.16  3.84
 4015.25  2.49  4.39  2.03  2.21  1.73  1.62  1.19  0.72  0.80  1.29  2.15  3.84
 4016.25  2.54  4.45  2.07  2.25  1.77  1.66  1.22  0.74  0.82  1.31  2.19  3.91
 4017.25  2.54  4.45  2.08  2.26  1.77  1.66  1.23  0.74  0.82  1.31  2.19  3.92
 4018.25  2.61  4.55  2.14  2.33  1.82  1.71  1.27  0.77  0.84  1.35  2.25  4.02
 4019.25  2.63  4.56  2.16  2.34  1.83  1.72  1.28  0.78  0.85  1.36  2.26  4.04
 4020.25  2.53  4.39  2.08  2.25  1.76  1.66  1.24  0.75  0.82  1.30  2.17  3.90
 4021.25  2.50  4.32  2.05  2.22  1.74  1.63  1.22  0.74  0.81  1.28  2.13  3.85
 4022.25  2.52  4.34  2.08  2.25  1.76  1.65  1.24  0.75  0.81  1.30  2.15  3.88
 4023.25  2.59  4.44  2.14  2.31  1.82  1.70  1.28  0.77  0.84  1.33  2.21  3.98
 4024.25  2.65  4.52  2.19  2.37  1.87  1.74  1.32  0.80  0.86  1.36  2.26  4.07
 4025.25  2.63  4.46  2.17  2.35  1.85  1.73  1.31  0.79  0.85  1.35  2.23  4.03
 4026.25  2.59  4.40  2.15  2.32  1.84  1.70  1.30  0.78  0.84  1.33  2.20  3.99
 4027.25  2.59  4.38  2.15  2.32  1.84  1.70  1.30  0.78  0.84  1.33  2.19  3.98
 4028.25  2.59  4.37  2.15  2.32  1.84  1.71  1.31  0.79  0.85  1.33  2.19  3.99
 4029.25  2.57  4.32  2.14  2.30  1.83  1.69  1.31  0.78  0.84  1.32  2.16  3.96
 4030.25  2.56  4.28  2.13  2.29  1.83  1.68  1.30  0.78  0.84  1.31  2.15  3.93
 4031.25  2.74  4.55  2.29  2.46  1.97  1.81  1.41  0.85  0.90  1.41  2.30  4.19
 4032.25  2.85  4.71  2.39  2.56  2.06  1.89  1.48  0.89  0.95  1.47  2.39  4.36
 4033.25  2.77  4.56  2.32  2.48  2.00  1.83  1.44  0.86  0.92  1.42  2.31  4.24
 4034.25  2.72  4.47  2.28  2.43  1.97  1.80  1.42  0.85  0.90  1.39  2.27  4.16
 4035.25  2.61  4.28  2.18  2.33  1.89  1.72  1.36  0.81  0.86  1.33  2.17  4.00
 4036.25  2.54  4.16  2.13  2.27  1.84  1.67  1.33  0.79  0.84  1.29  2.10  3.90
 4037.25  2.52  4.11  2.11  2.25  1.83  1.66  1.32  0.79  0.83  1.28  2.08  3.87
 4038.25  2.53  4.11  2.12  2.25  1.84  1.67  1.34  0.79  0.84  1.28  2.09  3.88
 4039.25  2.52  4.08  2.12  2.24  1.84  1.66  1.34  0.79  0.84  1.27  2.07  3.87
 4040.25  2.63  4.24  2.21  2.34  1.92  1.74  1.41  0.84  0.88  1.33  2.16  4.03
 4041.25  2.68  4.30  2.26  2.39  1.97  1.78  1.44  0.86  0.90  1.36  2.20  4.11
 4042.25  2.55  4.09  2.15  2.27  1.88  1.69  1.38  0.81  0.85  1.29  2.09  3.92
 4043.25  2.44  3.91  2.06  2.17  1.80  1.61  1.32  0.78  0.81  1.23  1.99  3.76
 4044.25  2.47  3.94  2.09  2.20  1.82  1.63  1.34  0.79  0.83  1.24  2.02  3.80
 4045.25  2.56  4.06  2.18  2.28  1.90  1.70  1.40  0.83  0.86  1.29  2.09  3.93
 4046.25  2.72  4.27  2.32  2.42  2.02  1.81  1.50  0.88  0.92  1.37  2.23  4.16
 4047.25  2.84  4.43  2.43  2.53  2.12  1.89  1.58  0.93  0.97  1.44  2.33  4.33
 4048.25  2.59  4.04  2.22  2.30  1.93  1.72  1.44  0.84  0.88  1.30  2.12  3.97
 4049.25  2.53  3.93  2.17  2.25  1.89  1.68  1.41  0.83  0.86  1.27  2.07  3.89
 4050.25  2.65  4.08  2.28  2.35  1.99  1.76  1.48  0.87  0.90  1.33  2.16  4.05
 4051.25  2.55  3.92  2.20  2.26  1.92  1.70  1.43  0.84  0.87  1.28  2.08  3.91
 4052.25  2.54  3.88  2.19  2.25  1.91  1.69  1.43  0.84  0.86  1.27  2.07  3.90
 4053.25  2.76  4.17  2.39  2.45  2.09  1.84  1.57  0.92  0.95  1.39  2.26  4.21
 4054.25  2.81  4.22  2.44  2.49  2.13  1.88  1.61  0.94  0.97  1.41  2.30  4.28
 4055.25  2.70  4.03  2.35  2.39  2.05  1.80  1.55  0.90  0.93  1.35  2.20  4.11
 4056.25  2.78  4.12  2.42  2.46  2.11  1.85  1.60  0.94  0.96  1.39  2.27  4.22
 4057.25  2.91  4.28  2.55  2.58  2.23  1.95  1.69  0.99  1.01  1.46  2.38  4.40
 4058.25  2.92  4.27  2.56  2.58  2.24  1.95  1.70  0.99  1.01  1.46  2.39  4.40
 4059.25  2.79  4.07  2.45  2.47  2.14  1.87  1.63  0.95  0.97  1.39  2.28  4.22
 4060.25  2.60  3.78  2.29  2.29  2.00  1.73  1.52  0.88  0.90  1.29  2.12  3.94
 4061.25  2.51  3.63  2.21  2.21  1.94  1.67  1.47  0.85  0.86  1.24  2.04  3.81
 4062.25  2.52  3.62  2.22  2.22  1.96  1.68  1.48  0.86  0.87  1.24  2.05  3.81
 4063.25  2.62  3.74  2.32  2.31  2.05  1.76  1.55  0.90  0.91  1.30  2.13  3.95
 4064.25  2.76  3.90  2.45  2.43  2.18  1.85  1.64  0.95  0.96  1.37  2.25  4.14
 4065.25  2.68  3.77  2.38  2.35  2.13  1.80  1.60  0.92  0.93  1.32  2.18  4.02
 4066.25  2.52  3.53  2.24  2.21  2.01  1.69  1.51  0.87  0.87  1.24  2.05  3.79
 4067.25  2.64  3.67  2.36  2.32  2.12  1.78  1.59  0.91  0.92  1.30  2.15  3.96
 4068.25  2.76  3.79  2.46  2.41  2.23  1.85  1.66  0.96  0.96  1.36  2.24  4.10
 4069.25  2.64  3.61  2.36  2.31  2.15  1.78  1.60  0.92  0.92  1.30  2.14  3.94
 4070.25  2.64  3.58  2.36  2.30  2.16  1.77  1.60  0.92  0.92  1.29  2.13  3.92
 4071.25  2.72  3.66  2.44  2.36  2.23  1.83  1.66  0.95  0.95  1.33  2.20  4.02
 4072.25  2.90  3.85  2.60  2.52  2.39  1.95  1.78  1.02  1.02  1.43  2.34  4.26
 4073.25  3.05  4.02  2.75  2.65  2.54  2.07  1.88  1.08  1.08  1.51  2.47  4.46
 4074.25  3.19  4.16  2.88  2.77  2.67  2.16  1.98  1.14  1.14  1.58  2.58  4.64
 4075.25  3.09  4.00  2.79  2.67  2.60  2.09  1.92  1.10  1.10  1.53  2.49  4.49
 4076.25  2.75  3.56  2.48  2.37  2.32  1.85  1.71  0.97  0.97  1.35  2.21  4.02
 4077.25  2.55  3.28  2.30  2.19  2.16  1.71  1.58  0.89  0.89  1.24  2.04  3.73
 4078.25  2.75  3.49  2.49  2.36  2.34  1.85  1.72  0.97  0.96  1.34  2.20  3.99
 4079.25  2.95  3.72  2.68  2.53  2.53  1.99  1.86  1.05  1.04  1.45  2.36  4.26
 4080.25  2.84  3.57  2.58  2.43  2.44  1.91  1.79  1.01  1.00  1.39  2.27  4.09
 4081.25  2.59  3.26  2.36  2.21  2.24  1.74  1.63  0.92  0.90  1.26  2.06  3.75
 4082.25  2.58  3.24  2.36  2.20  2.24  1.74  1.63  0.91  0.90  1.26  2.05  3.73
 4083.25  2.73  3.41  2.51  2.32  2.39  1.84  1.74  0.97  0.96  1.33  2.17  3.92
 4084.25  2.82  3.50  2.59  2.39  2.47  1.90  1.80  1.01  0.99  1.38  2.24  4.03
 4085.25  2.87  3.55  2.64  2.43  2.53  1.94  1.84  1.03  1.01  1.40  2.28  4.09
 4086.25  2.82  3.48  2.60  2.38  2.50  1.90  1.81  1.01  0.99  1.37  2.23  4.00
 4087.25  2.71  3.34  2.51  2.28  2.41  1.83  1.75  0.97  0.95  1.32  2.14  3.85
 4088.25  2.70  3.32  2.51  2.27  2.42  1.82  1.75  0.97  0.94  1.31  2.13  3.83
 4089.25  2.75  3.37  2.56  2.31  2.48  1.86  1.79  0.99  0.96  1.34  2.17  3.89
 4090.25  2.75  3.35  2.57  2.30  2.49  1.86  1.79  0.99  0.96  1.34  2.17  3.88
 4091.25  2.80  3.41  2.62  2.34  2.55  1.89  1.84  1.01  0.98  1.37  2.21  3.94
 4092.25  2.85  3.44  2.67  2.37  2.60  1.92  1.87  1.03  1.00  1.39  2.24  3.98
 4093.25  2.89  3.48  2.71  2.40  2.65  1.95  1.90  1.05  1.01  1.41  2.27  4.02
 4094.25  2.88  3.46  2.71  2.39  2.66  1.95  1.91  1.05  1.01  1.40  2.26  4.01
 4095.25  2.87  3.44  2.71  2.38  2.66  1.94  1.91  1.05  1.01  1.40  2.25  3.99
 4096.25  2.92  3.48  2.76  2.41  2.71  1.97  1.94  1.07  1.02  1.42  2.28  4.03
 4097.25  2.94  3.49  2.79  2.43  2.75  1.99  1.97  1.08  1.03  1.43  2.30  4.05
 4098.25  2.98  3.52  2.83  2.45  2.79  2.01  2.00  1.09  1.05  1.45  2.32  4.09
 4099.25  3.06  3.61  2.92  2.52  2.89  2.07  2.06  1.13  1.08  1.49  2.39  4.19
 4100.25  3.01  3.53  2.87  2.47  2.85  2.04  2.03  1.11  1.06  1.46  2.34  4.10
 4101.25  3.01  3.51  2.87  2.46  2.86  2.03  2.03  1.11  1.06  1.46  2.33  4.09
 4102.25  3.17  3.68  3.03  2.59  3.02  2.16  2.16  1.17  1.12  1.54  2.46  4.28
 4103.25  3.22  3.72  3.09  2.62  3.08  2.20  2.20  1.20  1.14  1.57  2.50  4.33
 4104.25  3.20  3.69  3.08  2.60  3.08  2.20  2.19  1.19  1.13  1.56  2.48  4.30
 4105.25  3.18  3.65  3.06  2.58  3.07  2.19  2.18  1.18  1.12  1.55  2.46  4.26
 4106.25  3.11  3.57  3.00  2.52  3.02  2.15  2.14  1.16  1.09  1.51  2.40  4.16
 4107.25  3.06  3.49  2.96  2.47  2.98  2.12  2.11  1.14  1.07  1.48  2.36  4.08
 4108.25  2.99  3.40  2.89  2.41  2.92  2.07  2.06  1.11  1.04  1.44  2.29  3.98
 4109.25  2.99  3.39  2.91  2.41  2.94  2.08  2.07  1.11  1.05  1.44  2.30  3.97
 4110.25  3.03  3.41  2.94  2.43  2.99  2.11  2.10  1.13  1.06  1.46  2.32  4.00
 4111.25  3.09  3.46  3.01  2.48  3.06  2.16  2.15  1.16  1.08  1.49  2.36  4.07
 4112.25  3.04  3.40  2.97  2.44  3.02  2.14  2.12  1.14  1.06  1.46  2.32  4.00
 4113.25  2.99  3.33  2.92  2.40  2.98  2.11  2.09  1.12  1.04  1.44  2.28  3.93
 4114.25  2.96  3.28  2.89  2.37  2.96  2.09  2.07  1.11  1.03  1.42  2.25  3.88
 4115.25  2.91  3.22  2.85  2.33  2.93  2.07  2.05  1.10  1.01  1.40  2.21  3.81
 4116.25  2.94  3.24  2.88  2.35  2.97  2.09  2.07  1.11  1.02  1.41  2.23  3.84
 4117.25  2.97  3.26  2.91  2.37  3.01  2.12  2.10  1.13  1.03  1.42  2.24  3.87
 4118.25  2.98  3.26  2.92  2.38  3.04  2.14  2.11  1.14  1.04  1.43  2.25  3.88
 4119.25  3.06  3.33  3.00  2.44  3.13  2.20  2.18  1.17  1.06  1.46  2.31  3.96
 4120.25  3.09  3.35  3.03  2.46  3.17  2.23  2.21  1.19  1.07  1.48  2.33  3.99
 4121.25  3.02  3.26  2.97  2.40  3.11  2.19  2.16  1.16  1.05  1.44  2.27  3.90
 4122.25  3.00  3.22  2.95  2.38  3.10  2.18  2.15  1.15  1.04  1.43  2.25  3.86
 4123.25  3.01  3.23  2.96  2.39  3.13  2.20  2.17  1.16  1.04  1.43  2.26  3.87
 4124.25  2.98  3.18  2.94  2.36  3.11  2.18  2.15  1.15  1.03  1.41  2.23  3.82
 4125.25  2.95  3.14  2.91  2.33  3.09  2.16  2.13  1.14  1.02  1.39  2.20  3.78
 4126.25  2.94  3.11  2.89  2.32  3.08  2.16  2.12  1.14  1.01  1.38  2.19  3.75
 4127.25  2.98  3.13  2.93  2.34  3.13  2.19  2.16  1.16  1.02  1.40  2.21  3.78
 4128.25  2.96  3.09  2.90  2.32  3.11  2.18  2.14  1.15  1.01  1.38  2.19  3.74
 4129.25  2.92  3.03  2.86  2.28  3.08  2.15  2.11  1.13  1.00  1.35  2.15  3.68
 4130.25  3.00  3.10  2.94  2.34  3.17  2.21  2.18  1.17  1.02  1.39  2.20  3.77
 4131.25  3.06  3.13  2.99  2.38  3.23  2.26  2.22  1.19  1.04  1.41  2.24  3.82
 4132.25  3.08  3.14  3.01  2.39  3.26  2.28  2.24  1.20  1.05  1.42  2.25  3.83
 4133.25  3.14  3.18  3.06  2.43  3.33  2.33  2.28  1.23  1.06  1.44  2.28  3.88
 4134.25  3.12  3.14  3.04  2.41  3.31  2.31  2.27  1.22  1.05  1.42  2.26  3.84
 4135.25  3.13  3.13  3.05  2.41  3.33  2.32  2.28  1.22  1.05  1.42  2.26  3.84
 4136.25  3.05  3.03  2.96  2.33  3.24  2.26  2.22  1.19  1.02  1.37  2.19  3.72
 4137.25  2.93  2.89  2.84  2.23  3.12  2.17  2.13  1.14  0.97  1.31  2.09  3.57
 4138.25  2.93  2.87  2.84  2.22  3.13  2.17  2.13  1.14  0.97  1.30  2.08  3.55
 4139.25  2.96  2.89  2.87  2.24  3.17  2.20  2.16  1.15  0.98  1.31  2.10  3.58
 4140.25  2.97  2.88  2.87  2.25  3.18  2.21  2.17  1.16  0.98  1.31  2.10  3.58
 4141.25  3.01  2.90  2.91  2.27  3.20  2.25  2.20  1.18  0.99  1.33  2.12  3.61
 4142.25  3.11  2.97  3.00  2.34  3.28  2.32  2.27  1.22  1.03  1.36  2.18  3.70
 4143.25  3.24  3.08  3.12  2.43  3.40  2.42  2.37  1.27  1.07  1.42  2.27  3.84
 4144.25  3.36  3.18  3.23  2.52  3.50  2.51  2.46  1.32  1.11  1.47  2.35  3.96
 4145.25  3.30  3.12  3.18  2.47  3.42  2.47  2.43  1.30  1.09  1.44  2.30  3.89
 4146.25  3.12  2.93  3.00  2.33  3.22  2.33  2.29  1.22  1.02  1.35  2.16  3.66
 4147.25  3.12  2.91  2.99  2.32  3.19  2.31  2.28  1.22  1.01  1.34  2.15  3.64
 4148.25  3.18  2.96  3.06  2.37  3.23  2.36  2.34  1.25  1.03  1.36  2.19  3.70
 4149.25  3.11  2.88  3.00  2.31  3.14  2.30  2.28  1.22  1.01  1.32  2.13  3.60
 4150.25  3.12  2.88  3.01  2.31  3.13  2.30  2.29  1.22  1.01  1.32  2.13  3.60
 4151.25  3.26  3.00  3.16  2.42  3.25  2.40  2.40  1.28  1.05  1.38  2.22  3.74
 4152.25  3.33  3.06  3.24  2.47  3.31  2.46  2.46  1.32  1.08  1.41  2.27  3.81
 4153.25  3.35  3.05  3.25  2.48  3.30  2.46  2.47  1.32  1.08  1.41  2.27  3.81
 4154.25  3.30  3.00  3.22  2.44  3.23  2.42  2.43  1.30  1.06  1.38  2.23  3.74
 4155.25  3.23  2.92  3.15  2.38  3.14  2.36  2.38  1.27  1.03  1.34  2.17  3.65
 4156.25  3.08  2.77  3.01  2.26  2.97  2.24  2.26  1.21  0.97  1.27  2.05  3.46
 4157.25  3.06  2.74  2.99  2.24  2.93  2.22  2.25  1.20  0.96  1.25  2.03  3.42
 4158.25  3.11  2.77  3.05  2.27  2.96  2.25  2.29  1.22  0.98  1.27  2.06  3.46
 4159.25  3.05  2.70  3.00  2.22  2.88  2.20  2.24  1.19  0.95  1.23  2.01  3.38
 4160.25  3.12  2.75  3.06  2.27  2.92  2.24  2.29  1.22  0.97  1.26  2.04  3.43
 4161.25  3.21  2.81  3.16  2.33  2.98  2.30  2.36  1.26  1.00  1.29  2.09  3.51
 4162.25  3.16  2.76  3.11  2.29  2.91  2.26  2.32  1.24  0.98  1.26  2.05  3.44
 4163.25  3.25  2.82  3.21  2.35  2.98  2.32  2.39  1.28  1.01  1.29  2.10  3.53
 4164.25  3.23  2.79  3.19  2.33  2.93  2.30  2.37  1.27  1.00  1.28  2.08  3.49
 4165.25  3.02  2.59  2.99  2.17  2.72  2.13  2.21  1.18  0.92  1.18  1.93  3.24
 4166.25  2.99  2.55  2.96  2.14  2.67  2.10  2.18  1.17  0.91  1.16  1.90  3.19
 4167.25  3.10  2.64  3.08  2.22  2.75  2.18  2.26  1.21  0.94  1.20  1.97  3.30
 4168.25  3.16  2.67  3.13  2.25  2.78  2.21  2.30  1.24  0.96  1.22  2.00  3.34
 4169.25  3.08  2.59  3.06  2.19  2.69  2.15  2.24  1.20  0.93  1.18  1.93  3.24
 4170.25  3.10  2.60  3.09  2.20  2.69  2.16  2.25  1.21  0.93  1.18  1.94  3.25
 4171.25  3.22  2.68  3.21  2.29  2.77  2.24  2.34  1.26  0.97  1.23  2.01  3.35
 4172.25  3.29  2.73  3.28  2.33  2.81  2.28  2.38  1.29  0.99  1.25  2.04  3.40
 4173.25  3.27  2.69  3.26  2.31  2.77  2.26  2.37  1.28  0.98  1.23  2.02  3.36
 4174.25  3.28  2.69  3.28  2.31  2.76  2.26  2.37  1.28  0.98  1.23  2.02  3.35
 4175.25  3.39  2.77  3.39  2.38  2.83  2.33  2.45  1.33  1.01  1.27  2.08  3.44
 4176.25  3.35  2.72  3.35  2.35  2.77  2.29  2.41  1.31  0.99  1.25  2.05  3.38
 4177.25  3.41  2.76  3.42  2.39  2.80  2.33  2.46  1.34  1.01  1.27  2.07  3.42
 4178.25  3.44  2.78  3.46  2.41  2.81  2.35  2.48  1.35  1.02  1.28  2.09  3.44
 4179.25  3.39  2.73  3.41  2.36  2.74  2.30  2.44  1.33  0.99  1.25  2.05  3.36
 4180.25  3.50  2.81  3.52  2.44  2.81  2.37  2.51  1.37  1.03  1.29  2.11  3.45
 4181.25  3.54  2.84  3.57  2.47  2.84  2.40  2.55  1.39  1.04  1.31  2.13  3.48
 4182.25  3.53  2.83  3.57  2.45  2.81  2.38  2.53  1.39  1.03  1.30  2.11  3.44
 4183.25  3.53  2.81  3.58  2.44  2.79  2.37  2.53  1.38  1.03  1.29  2.09  3.42
 4184.25  3.52  2.80  3.61  2.43  2.77  2.36  2.52  1.38  1.02  1.28  2.08  3.40
 4185.25  3.59  2.86  3.72  2.48  2.82  2.41  2.57  1.41  1.04  1.31  2.12  3.45
 4186.25  3.47  2.76  3.65  2.39  2.72  2.33  2.49  1.37  1.00  1.26  2.05  3.33
 4187.25  3.42  2.72  3.64  2.35  2.68  2.29  2.46  1.35  0.99  1.24  2.01  3.27
 4188.25  3.64  2.90  3.91  2.51  2.85  2.44  2.63  1.45  1.06  1.33  2.15  3.47
 4189.25  3.74  2.99  4.07  2.59  2.93  2.51  2.71  1.50  1.09  1.37  2.21  3.56
 4190.25  3.64  2.91  4.01  2.52  2.84  2.44  2.64  1.46  1.06  1.33  2.14  3.46
 4191.25  3.59  2.88  4.01  2.49  2.80  2.41  2.61  1.45  1.05  1.31  2.12  3.41
 4192.25  3.61  2.90  4.08  2.50  2.81  2.42  2.63  1.46  1.05  1.32  2.13  3.42
 4193.25  3.52  2.83  4.03  2.44  2.74  2.36  2.57  1.43  1.03  1.29  2.07  3.33
 4194.25  3.54  2.85  4.10  2.46  2.75  2.38  2.59  1.44  1.03  1.30  2.08  3.34
 4195.25  3.63  2.93  4.26  2.53  2.82  2.44  2.67  1.49  1.07  1.33  2.14  3.42
 4196.25  3.72  3.00  4.40  2.59  2.89  2.50  2.74  1.53  1.09  1.37  2.19  3.49
 4197.25  3.80  3.08  4.55  2.66  2.95  2.56  2.82  1.57  1.12  1.40  2.24  3.57
 4198.25  3.84  3.11  4.64  2.69  2.98  2.59  2.85  1.60  1.14  1.42  2.27  3.60
 4199.25  3.91  3.18  4.78  2.75  3.04  2.64  2.92  1.64  1.16  1.45  2.31  3.66
 4200.25  3.80  3.09  4.70  2.66  2.94  2.56  2.84  1.59  1.13  1.41  2.24  3.54
 4201.25  3.63  2.95  4.55  2.55  2.81  2.44  2.72  1.52  1.07  1.34  2.14  3.38
 4202.25  3.62  2.95  4.58  2.54  2.79  2.43  2.71  1.52  1.07  1.33  2.13  3.36
 4203.25  3.78  3.09  4.83  2.66  2.92  2.55  2.85  1.60  1.13  1.40  2.23  3.51
 4204.25  3.83  3.13  4.94  2.70  2.96  2.59  2.89  1.63  1.14  1.42  2.26  3.55
 4205.25  3.79  3.11  4.95  2.68  2.92  2.56  2.87  1.62  1.13  1.41  2.23  3.51
 4206.25  3.68  3.02  4.86  2.60  2.83  2.48  2.79  1.57  1.10  1.37  2.16  3.40
 4207.25  3.53  2.89  4.72  2.49  2.71  2.37  2.68  1.51  1.05  1.31  2.07  3.25
 4208.25  3.40  2.79  4.60  2.40  2.60  2.28  2.59  1.46  1.01  1.25  1.99  3.13
 4209.25  3.38  2.77  4.61  2.38  2.58  2.27  2.57  1.45  1.00  1.25  1.97  3.10
 4210.25  3.53  2.91  4.86  2.49  2.70  2.37  2.69  1.53  1.05  1.31  2.06  3.23
 4211.25  3.64  3.01  5.05  2.58  2.78  2.45  2.79  1.59  1.09  1.35  2.13  3.33
 4212.25  3.61  2.99  5.06  2.56  2.76  2.43  2.77  1.58  1.08  1.34  2.11  3.29
 4213.25  3.55  2.95  5.03  2.52  2.71  2.39  2.73  1.56  1.06  1.32  2.07  3.23
 4214.25  3.51  2.92  5.02  2.49  2.67  2.36  2.70  1.55  1.05  1.30  2.05  3.19
 4215.25  3.52  2.93  5.09  2.50  2.68  2.37  2.71  1.56  1.05  1.31  2.05  3.19
 4216.25  3.57  3.00  5.23  2.55  2.73  2.42  2.77  1.60  1.08  1.34  2.09  3.24
 4217.25  3.52  2.96  5.22  2.52  2.69  2.38  2.74  1.58  1.06  1.32  2.06  3.19
 4218.25  3.49  2.95  5.26  2.51  2.67  2.37  2.73  1.58  1.06  1.31  2.04  3.17
 4219.25  3.51  2.99  5.39  2.53  2.69  2.39  2.76  1.60  1.07  1.33  2.06  3.19
 4220.25  3.52  3.00  5.50  2.54  2.70  2.40  2.77  1.61  1.07  1.33  2.07  3.20
 4221.25  3.48  2.99  5.55  2.52  2.68  2.38  2.75  1.60  1.07  1.32  2.05  3.17
 4222.25  3.38  2.92  5.51  2.46  2.61  2.32  2.69  1.57  1.04  1.29  1.99  3.08
 4223.25  3.42  2.97  5.67  2.49  2.65  2.36  2.73  1.60  1.06  1.31  2.02  3.12
 4224.25  3.57  3.11  6.00  2.61  2.79  2.47  2.87  1.69  1.11  1.38  2.12  3.26
 4225.25  3.68  3.22  6.27  2.70  2.88  2.55  2.97  1.75  1.15  1.43  2.19  3.36
 4226.25  3.60  3.17  6.26  2.65  2.83  2.51  2.92  1.72  1.13  1.40  2.15  3.29
 4227.25  3.75  3.32  6.59  2.77  2.96  2.62  3.06  1.81  1.19  1.47  2.24  3.43
 4228.25  3.92  3.49  6.97  2.90  3.11  2.75  3.21  1.92  1.26  1.55  2.36  3.60
 4229.25  3.64  3.26  6.65  2.70  2.90  2.56  3.00  1.78  1.17  1.44  2.19  3.35
 4230.25  3.43  3.08  6.41  2.54  2.74  2.41  2.83  1.68  1.10  1.35  2.06  3.17
 4231.25  3.36  3.03  6.40  2.50  2.69  2.37  2.78  1.66  1.09  1.33  2.02  3.11
 4232.25  3.33  3.02  6.46  2.48  2.68  2.35  2.77  1.66  1.08  1.32  2.00  3.09
 4233.25  3.42  3.11  6.70  2.55  2.76  2.42  2.86  1.71  1.12  1.36  2.06  3.17
 4234.25  3.56  3.27  7.06  2.67  2.89  2.53  3.00  1.80  1.18  1.44  2.16  3.32
 4235.25  3.54  3.26  7.13  2.66  2.89  2.52  2.99  1.80  1.18  1.43  2.15  3.31
 4236.25  3.46  3.20  7.09  2.60  2.83  2.47  2.93  1.77  1.16  1.40  2.10  3.24
 4237.25  3.49  3.24  7.25  2.63  2.86  2.50  2.97  1.80  1.17  1.42  2.12  3.28
 4238.25  3.43  3.20  7.25  2.59  2.82  2.46  2.93  1.78  1.16  1.40  2.09  3.23
 4239.25  3.39  3.18  7.28  2.57  2.80  2.43  2.91  1.77  1.15  1.39  2.07  3.20
 4240.25  3.46  3.27  7.52  2.63  2.87  2.49  2.99  1.82  1.19  1.43  2.12  3.27
 4241.25  3.50  3.32  7.70  2.67  2.92  2.53  3.04  1.86  1.21  1.46  2.15  3.33
 4242.25  3.43  3.26  7.68  2.62  2.87  2.48  2.99  1.83  1.19  1.43  2.11  3.26
 4243.25  3.47  3.30  7.85  2.66  2.92  2.52  3.04  1.86  1.21  1.45  2.14  3.31
 4244.25  3.47  3.32  7.97  2.67  2.93  2.53  3.06  1.88  1.22  1.46  2.14  3.32
 4245.25  3.32  3.18  7.79  2.55  2.81  2.42  2.94  1.80  1.17  1.40  2.05  3.19
 4246.25  3.23  3.09  7.71  2.49  2.74  2.36  2.87  1.76  1.15  1.37  1.99  3.10
 4247.25  3.20  3.06  7.73  2.46  2.72  2.33  2.84  1.75  1.14  1.35  1.97  3.07
 4248.25  3.22  3.08  7.87  2.48  2.75  2.35  2.87  1.77  1.15  1.37  1.99  3.10
 4249.25  3.29  3.15  8.10  2.54  2.81  2.40  2.94  1.82  1.18  1.40  2.03  3.16
 4250.25  3.30  3.16  8.22  2.55  2.83  2.42  2.96  1.84  1.19  1.41  2.04  3.18
 4251.25  3.32  3.17  8.34  2.56  2.85  2.43  2.98  1.86  1.20  1.42  2.05  3.20
 4252.25  3.25  3.11  8.26  2.51  2.80  2.38  2.93  1.83  1.18  1.40  2.00  3.14
 4253.25  3.15  3.01  8.08  2.43  2.71  2.30  2.84  1.78  1.15  1.35  1.94  3.04
 4254.25  3.15  3.01  8.47  2.43  2.72  2.31  2.85  1.79  1.15  1.36  1.94  3.04
 4255.25  3.23  3.09  9.62  2.50  2.80  2.37  2.93  1.85  1.19  1.40  2.00  3.13
 4256.25  3.23  3.10 10.11  2.51  2.81  2.38  2.94  1.86  1.20  1.40  2.00  3.13
 4257.25  3.16  3.02  9.90  2.45  2.75  2.32  2.87  1.82  1.17  1.37  1.95  3.06
 4258.25  3.16  3.02  9.79  2.45  2.75  2.32  2.87  1.83  1.18  1.38  1.95  3.06
 4259.25  3.17  3.03  9.71  2.46  2.77  2.33  2.89  1.85  1.19  1.38  1.95  3.07
 4260.25  3.23  3.10  9.77  2.52  2.83  2.38  2.95  1.90  1.22  1.42  2.00  3.14
 4261.25  3.41  3.26 10.06  2.66  2.99  2.52  3.12  2.02  1.30  1.51  2.11  3.32
 4262.25  3.46  3.32 10.07  2.71  3.05  2.56  3.17  2.07  1.33  1.54  2.15  3.37
 4263.25  3.34  3.20  9.70  2.62  2.95  2.47  3.07  2.00  1.28  1.49  2.07  3.26
 4264.25  3.29  3.15  9.47  2.58  2.90  2.43  3.02  1.98  1.26  1.46  2.04  3.21
 4265.25  3.30  3.16  9.37  2.59  2.91  2.44  3.03  1.99  1.27  1.47  2.05  3.22
 4266.25  3.27  3.13  9.20  2.57  2.89  2.42  3.01  1.99  1.27  1.46  2.03  3.19
 4267.25  3.17  3.03  8.87  2.49  2.80  2.34  2.92  1.93  1.23  1.42  1.97  3.10
 4268.25  3.10  2.96  8.60  2.44  2.75  2.29  2.86  1.90  1.21  1.39  1.93  3.03
 4269.25  3.12  2.99  8.55  2.47  2.78  2.32  2.89  1.93  1.22  1.40  1.95  3.06
 4270.25  3.21  3.07  8.62  2.54  2.86  2.38  2.98  1.99  1.26  1.45  2.01  3.15
 4271.25  3.34  3.20  8.80  2.66  2.98  2.49  3.11  2.09  1.33  1.52  2.11  3.29
 4272.25  3.52  3.37  9.03  2.80  3.15  2.63  3.28  2.22  1.41  1.61  2.23  3.46
 4273.25  3.47  3.33  8.83  2.77  3.11  2.61  3.24  2.21  1.40  1.59  2.20  3.42
 4274.25  3.31  3.18  8.38  2.64  2.97  2.49  3.10  2.11  1.33  1.52  2.10  3.27
 4275.25  3.34  3.20  8.31  2.67  3.00  2.52  3.13  2.14  1.35  1.54  2.12  3.29
 4276.25  3.28  3.15  8.06  2.62  2.95  2.48  3.07  2.11  1.33  1.51  2.08  3.23
 4277.25  3.13  3.01  7.64  2.50  2.82  2.37  2.94  2.02  1.27  1.44  1.99  3.09
 4278.25  3.10  2.98  7.45  2.48  2.79  2.36  2.91  2.01  1.26  1.43  1.97  3.06
 4279.25  3.11  2.99  7.35  2.49  2.80  2.37  2.92  2.02  1.27  1.43  1.98  3.07
 4280.25  3.19  3.06  7.37  2.55  2.87  2.43  2.99  2.08  1.30  1.47  2.03  3.14
 4281.25  3.28  3.15  7.42  2.63  2.96  2.52  3.09  2.16  1.35  1.52  2.09  3.24
 4282.25  3.26  3.13  7.26  2.62  2.95  2.51  3.07  2.15  1.35  1.52  2.08  3.22
 4283.25  3.24  3.11  7.07  2.60  2.92  2.49  3.05  2.15  1.34  1.50  2.07  3.20
 4284.25  3.26  3.12  6.97  2.61  2.94  2.51  3.07  2.17  1.35  1.51  2.08  3.21
 4285.25  3.19  3.06  6.71  2.56  2.88  2.46  3.00  2.13  1.32  1.48  2.04  3.14
 4286.25  3.19  3.06  6.59  2.57  2.89  2.48  3.01  2.14  1.33  1.49  2.04  3.15
 4287.25  3.28  3.14  6.63  2.64  2.97  2.55  3.09  2.21  1.37  1.53  2.10  3.24
 4288.25  3.25  3.11  6.51  2.61  2.94  2.53  3.07  2.20  1.36  1.52  2.08  3.21
 4289.25  3.24  3.11  6.48  2.61  2.94  2.53  3.06  2.20  1.36  1.52  2.08  3.20
 4290.25  3.36  3.22  6.67  2.71  3.05  2.64  3.18  2.30  1.42  1.58  2.16  3.32
 4291.25  3.37  3.23  6.67  2.72  3.06  2.65  3.19  2.31  1.43  1.58  2.17  3.33
 4292.25  3.20  3.07  6.38  2.58  2.91  2.52  3.03  2.20  1.36  1.50  2.06  3.16
 4293.25  3.12  2.99  6.22  2.52  2.84  2.46  2.96  2.16  1.33  1.46  2.01  3.08
 4294.25  3.11  2.99  6.20  2.51  2.83  2.46  2.95  2.16  1.33  1.46  2.00  3.08
 4295.25  3.16  3.03  6.27  2.56  2.88  2.51  3.00  2.20  1.35  1.49  2.04  3.13
 4296.25  3.12  2.99  6.19  2.53  2.84  2.48  2.96  2.18  1.34  1.47  2.01  3.09
 4297.25  3.10  2.97  6.13  2.51  2.82  2.47  2.95  2.18  1.33  1.46  2.00  3.06
 4298.25  3.17  3.04  6.25  2.58  2.89  2.54  3.02  2.24  1.37  1.50  2.05  3.14
 4299.25  3.36  3.22  6.56  2.74  3.07  2.70  3.20  2.39  1.46  1.60  2.18  3.33
 4300.25  3.53  3.39  6.83  2.88  3.23  2.85  3.37  2.53  1.55  1.69  2.30  3.49
 4301.25  3.60  3.46  6.94  2.95  3.29  2.91  3.45  2.59  1.59  1.73  2.35  3.57
 4302.25  3.64  3.49  6.99  2.99  3.33  2.95  3.49  2.63  1.61  1.75  2.38  3.61
 4303.25  3.63  3.49  6.96  2.98  3.32  2.95  3.49  2.64  1.61  1.75  2.38  3.60
 4304.25  3.58  3.44  6.86  2.94  3.27  2.92  3.44  2.61  1.59  1.72  2.34  3.55
 4305.25  3.50  3.36  6.71  2.88  3.19  2.85  3.36  2.56  1.55  1.68  2.29  3.47
 4306.25  3.46  3.32  6.64  2.85  3.16  2.83  3.34  2.55  1.54  1.66  2.27  3.43
 4307.25  3.36  3.23  6.45  2.76  3.06  2.75  3.24  2.48  1.49  1.61  2.20  3.33
 4308.25  3.29  3.17  6.32  2.71  3.00  2.70  3.17  2.44  1.46  1.58  2.15  3.26
 4309.25  3.31  3.19  6.33  2.73  3.01  2.72  3.19  2.46  1.48  1.59  2.16  3.27
 4310.25  3.31  3.20  6.32  2.73  3.01  2.73  3.20  2.47  1.48  1.59  2.17  3.28
 4311.25  3.32  3.21  6.33  2.75  3.02  2.74  3.22  2.49  1.49  1.60  2.18  3.29
 4312.25  3.30  3.20  6.28  2.73  3.00  2.73  3.20  2.49  1.49  1.59  2.16  3.27
 4313.25  3.26  3.17  6.20  2.70  2.97  2.71  3.17  2.47  1.47  1.57  2.14  3.23
 4314.25  3.19  3.10  6.06  2.64  2.90  2.65  3.10  2.42  1.44  1.53  2.09  3.15
 4315.25  3.07  2.99  5.84  2.54  2.79  2.57  2.98  2.34  1.38  1.47  2.01  3.04
 4316.25  3.06  2.98  5.81  2.54  2.77  2.57  2.98  2.34  1.38  1.47  2.00  3.02
 4317.25  2.98  2.92  5.67  2.48  2.71  2.53  2.91  2.29  1.35  1.43  1.95  2.95
 4318.25  2.95  2.89  5.59  2.45  2.67  2.51  2.88  2.27  1.34  1.42  1.93  2.92
 4319.25  3.02  2.96  5.70  2.51  2.73  2.59  2.95  2.34  1.37  1.45  1.98  2.99
 4320.25  3.09  3.04  5.80  2.57  2.80  2.67  3.02  2.40  1.41  1.49  2.02  3.05
 4321.25  3.06  3.02  5.74  2.56  2.77  2.66  3.00  2.39  1.40  1.48  2.00  3.03
 4322.25  3.10  3.07  5.80  2.59  2.81  2.72  3.04  2.44  1.43  1.50  2.03  3.07
 4323.25  3.24  3.20  6.01  2.71  2.93  2.85  3.18  2.56  1.50  1.57  2.12  3.20
 4324.25  3.56  3.53  6.52  3.00  3.23  3.16  3.50  2.83  1.67  1.75  2.34  3.53
 4325.25  3.65  3.63  6.65  3.08  3.31  3.27  3.60  2.92  1.72  1.80  2.41  3.62
 4326.25  3.49  3.48  6.37  2.94  3.16  3.14  3.44  2.80  1.64  1.71  2.29  3.45
 4327.25  3.38  3.37  6.16  2.84  3.05  3.05  3.33  2.72  1.59  1.65  2.21  3.34
 4328.25  3.30  3.30  6.03  2.78  2.98  3.00  3.26  2.67  1.56  1.62  2.16  3.27
 4329.25  3.25  3.25  5.92  2.74  2.93  2.97  3.21  2.63  1.54  1.59  2.12  3.21
 4330.25  3.19  3.20  5.81  2.69  2.88  2.93  3.16  2.59  1.51  1.56  2.08  3.16
 4331.25  3.15  3.17  5.73  2.67  2.84  2.91  3.13  2.57  1.50  1.54  2.05  3.12
 4332.25  3.17  3.19  5.73  2.68  2.85  2.94  3.14  2.59  1.51  1.55  2.06  3.13
 4333.25  3.18  3.21  5.74  2.70  2.87  2.98  3.16  2.62  1.53  1.56  2.07  3.15
 4334.25  3.19  3.22  5.74  2.72  2.87  3.00  3.18  2.64  1.54  1.57  2.07  3.16
 4335.25  3.22  3.25  5.76  2.74  2.89  3.04  3.20  2.67  1.56  1.58  2.09  3.18
 4336.25  3.20  3.24  5.71  2.73  2.87  3.04  3.19  2.66  1.55  1.57  2.07  3.16
 4337.25  3.15  3.19  5.61  2.69  2.83  3.01  3.14  2.63  1.53  1.54  2.04  3.11
 4338.25  3.26  3.31  5.76  2.79  2.92  3.13  3.25  2.73  1.60  1.60  2.11  3.21
 4339.25  3.40  3.45  5.96  2.92  3.04  3.28  3.39  2.86  1.67  1.67  2.20  3.35
 4340.25  3.48  3.54  6.07  3.00  3.12  3.38  3.48  2.95  1.73  1.72  2.25  3.43
 4341.25  3.52  3.57  6.10  3.03  3.15  3.43  3.52  2.99  1.75  1.74  2.27  3.46
 4342.25  3.48  3.52  6.01  3.00  3.10  3.41  3.48  2.96  1.73  1.72  2.24  3.42
 4343.25  3.38  3.42  5.84  2.92  3.01  3.33  3.39  2.88  1.69  1.67  2.17  3.32
 4344.25  3.27  3.30  5.64  2.82  2.90  3.23  3.29  2.79  1.63  1.61  2.09  3.21
 4345.25  3.21  3.25  5.53  2.78  2.85  3.19  3.25  2.76  1.61  1.58  2.05  3.15
 4346.25  3.16  3.20  5.43  2.74  2.80  3.16  3.21  2.72  1.59  1.55  2.02  3.10
 4347.25  3.13  3.16  5.36  2.72  2.77  3.14  3.19  2.70  1.57  1.54  1.99  3.07
 4348.25  3.14  3.17  5.36  2.73  2.78  3.17  3.22  2.72  1.59  1.54  2.00  3.08
 4349.25  3.10  3.12  5.27  2.70  2.73  3.14  3.18  2.69  1.57  1.52  1.97  3.03
 4350.25  3.00  3.02  5.10  2.62  2.64  3.06  3.10  2.62  1.52  1.47  1.90  2.93
 4351.25  3.11  3.13  5.24  2.71  2.73  3.18  3.22  2.72  1.58  1.52  1.96  3.03
 4352.25  3.32  3.34  5.55  2.91  2.92  3.41  3.45  2.92  1.70  1.64  2.10  3.24
 4353.25  3.35  3.37  5.57  2.94  2.94  3.46  3.50  2.96  1.72  1.65  2.12  3.27
 4354.25  3.26  3.28  5.41  2.86  2.85  3.38  3.41  2.88  1.68  1.60  2.06  3.17
 4355.25  3.24  3.26  5.36  2.85  2.83  3.38  3.41  2.88  1.67  1.59  2.04  3.15
 4356.25  3.23  3.25  5.32  2.84  2.82  3.38  3.41  2.87  1.67  1.59  2.03  3.14
 4357.25  3.19  3.20  5.24  2.81  2.78  3.35  3.38  2.85  1.65  1.57  2.00  3.09
 4358.25  3.14  3.14  5.12  2.76  2.72  3.31  3.33  2.80  1.63  1.54  1.96  3.04
 4359.25  3.17  3.17  5.14  2.79  2.74  3.35  3.37  2.84  1.65  1.55  1.98  3.06
 4360.25  3.30  3.30  5.31  2.91  2.85  3.51  3.53  2.97  1.73  1.62  2.06  3.19
 4361.25  3.24  3.24  5.20  2.87  2.80  3.47  3.48  2.93  1.70  1.59  2.02  3.13
 4362.25  3.07  3.07  4.91  2.71  2.64  3.30  3.31  2.78  1.61  1.50  1.90  2.96
 4363.25  3.04  3.04  4.84  2.69  2.62  3.28  3.29  2.76  1.60  1.49  1.88  2.93
 4364.25  3.16  3.15  4.99  2.80  2.71  3.42  3.43  2.88  1.67  1.55  1.95  3.04
 4365.25  3.20  3.19  5.01  2.84  2.74  3.48  3.48  2.92  1.70  1.57  1.98  3.08
 4366.25  3.16  3.14  4.92  2.81  2.70  3.45  3.45  2.89  1.68  1.55  1.94  3.03
 4367.25  3.19  3.17  4.94  2.84  2.72  3.50  3.49  2.93  1.70  1.56  1.96  3.06
 4368.25  3.17  3.15  4.89  2.83  2.70  3.50  3.49  2.92  1.69  1.55  1.95  3.04
 4369.25  3.01  2.99  4.63  2.69  2.56  3.34  3.33  2.78  1.61  1.47  1.84  2.88
 4370.25  3.06  3.03  4.66  2.73  2.59  3.40  3.39  2.83  1.64  1.49  1.87  2.92
 4371.25  3.23  3.21  4.88  2.90  2.74  3.61  3.59  3.00  1.74  1.58  1.97  3.09
 4372.25  3.25  3.22  4.87  2.92  2.75  3.64  3.62  3.02  1.75  1.59  1.98  3.10
 4373.25  3.18  3.15  4.74  2.86  2.68  3.57  3.55  2.97  1.72  1.55  1.93  3.03
 4374.25  3.19  3.16  4.73  2.88  2.69  3.60  3.58  2.99  1.73  1.56  1.94  3.04
 4375.25  3.28  3.25  4.83  2.98  2.76  3.72  3.70  3.09  1.79  1.61  2.00  3.12
 4376.25  3.31  3.27  4.83  3.01  2.78  3.77  3.74  3.12  1.81  1.62  2.02  3.14
 4377.25  3.17  3.13  4.61  2.88  2.65  3.63  3.59  2.99  1.73  1.55  1.93  3.01
 4378.25  3.02  2.98  4.37  2.75  2.52  3.46  3.43  2.85  1.65  1.47  1.83  2.85
 4379.25  2.99  2.95  4.31  2.73  2.49  3.45  3.42  2.84  1.64  1.46  1.81  2.83
 4380.25  3.00  2.95  4.29  2.74  2.49  3.47  3.43  2.85  1.65  1.46  1.82  2.83
 4381.25  3.06  3.01  4.34  2.80  2.54  3.55  3.51  2.92  1.69  1.49  1.85  2.88
 4382.25  3.12  3.07  4.39  2.87  2.59  3.64  3.60  2.99  1.73  1.52  1.89  2.94
 4383.25  3.16  3.11  4.42  2.92  2.63  3.70  3.65  3.04  1.76  1.54  1.92  2.98
 4384.25  3.34  3.28  4.62  3.09  2.78  3.92  3.87  3.22  1.87  1.63  2.03  3.14
 4385.25  3.49  3.42  4.78  3.23  2.90  4.10  4.05  3.37  1.96  1.71  2.13  3.28
 4386.25  3.38  3.32  4.62  3.14  2.81  4.00  3.94  3.28  1.91  1.66  2.06  3.18
 4387.25  3.24  3.18  4.40  3.01  2.69  3.85  3.79  3.14  1.83  1.58  1.97  3.03
 4388.25  3.24  3.17  4.37  3.02  2.69  3.87  3.79  3.15  1.83  1.58  1.97  3.03
 4389.25  3.33  3.26  4.45  3.12  2.76  3.99  3.90  3.25  1.89  1.63  2.03  3.12
 4390.25  3.33  3.26  4.42  3.12  2.76  4.00  3.90  3.26  1.90  1.63  2.03  3.11
 4391.25  3.30  3.23  4.35  3.10  2.74  3.99  3.87  3.24  1.89  1.62  2.01  3.08
 4392.25  3.26  3.18  4.27  3.07  2.70  3.95  3.82  3.20  1.86  1.59  1.98  3.04
 4393.25  3.19  3.11  4.16  3.01  2.64  3.88  3.74  3.14  1.83  1.56  1.93  2.97
 4394.25  3.10  3.03  4.04  2.93  2.56  3.79  3.64  3.07  1.78  1.51  1.88  2.88
 4395.25  3.10  3.03  4.03  2.94  2.56  3.81  3.64  3.07  1.79  1.51  1.88  2.88
 4396.25  3.16  3.07  4.08  3.00  2.60  3.88  3.70  3.13  1.82  1.54  1.91  2.92
 4397.25  3.14  3.05  4.05  2.99  2.59  3.87  3.68  3.12  1.82  1.53  1.90  2.90
 4398.25  3.11  3.03  4.00  2.97  2.56  3.85  3.65  3.10  1.81  1.52  1.88  2.87
 4399.25  3.16  3.06  4.04  3.01  2.59  3.90  3.70  3.14  1.84  1.54  1.91  2.91
 4400.25  3.17  3.07  4.05  3.03  2.60  3.91  3.72  3.16  1.85  1.54  1.91  2.92
 4401.25  3.21  3.11  4.08  3.08  2.64  3.94  3.76  3.20  1.88  1.57  1.94  2.95
 4402.25  3.21  3.10  4.07  3.08  2.63  3.92  3.76  3.21  1.88  1.56  1.94  2.94
 4403.25  3.08  2.97  3.89  2.95  2.52  3.74  3.60  3.08  1.80  1.49  1.85  2.81
 4404.25  3.04  2.93  3.83  2.92  2.48  3.68  3.56  3.04  1.78  1.47  1.82  2.77
 4405.25  3.12  3.01  3.92  3.01  2.55  3.77  3.65  3.13  1.84  1.52  1.88  2.84
 4406.25  3.09  2.98  3.87  2.98  2.52  3.71  3.62  3.10  1.82  1.50  1.85  2.80
 4407.25  2.94  2.84  3.68  2.84  2.40  3.53  3.45  2.96  1.74  1.42  1.76  2.66
 4408.25  2.98  2.88  3.71  2.88  2.43  3.56  3.49  3.00  1.77  1.44  1.79  2.69
 4409.25  2.98  2.88  3.70  2.89  2.43  3.54  3.49  3.01  1.77  1.44  1.79  2.69
 4410.25  2.91  2.81  3.60  2.82  2.36  3.44  3.41  2.94  1.73  1.41  1.74  2.62
 4411.25  3.00  2.89  3.70  2.91  2.44  3.53  3.51  3.03  1.79  1.45  1.79  2.69
 4412.25  2.96  2.85  3.64  2.87  2.40  3.47  3.47  3.00  1.77  1.43  1.77  2.65
 4413.25  2.81  2.71  3.45  2.73  2.27  3.28  3.29  2.85  1.68  1.35  1.67  2.51
 4414.25  2.88  2.77  3.51  2.79  2.33  3.35  3.37  2.92  1.73  1.39  1.71  2.57
 4415.25  3.01  2.90  3.65  2.92  2.43  3.48  3.51  3.05  1.81  1.45  1.79  2.67
 4416.25  3.01  2.90  3.65  2.93  2.43  3.47  3.52  3.07  1.82  1.46  1.80  2.67
 4417.25  2.91  2.80  3.51  2.83  2.34  3.34  3.40  2.96  1.76  1.40  1.73  2.57
 4418.25  3.00  2.89  3.61  2.92  2.42  3.43  3.51  3.06  1.82  1.45  1.79  2.65
 4419.25  3.11  3.00  3.73  3.03  2.51  3.54  3.63  3.18  1.89  1.50  1.85  2.75
 4420.25  3.07  2.96  3.67  2.99  2.47  3.47  3.59  3.14  1.87  1.48  1.83  2.70
 4421.25  2.98  2.86  3.54  2.90  2.40  3.35  3.48  3.05  1.81  1.43  1.77  2.61
 4422.25  3.00  2.88  3.56  2.93  2.41  3.36  3.50  3.07  1.83  1.44  1.78  2.63
 4423.25  3.11  2.99  3.67  3.03  2.51  3.47  3.62  3.19  1.90  1.50  1.85  2.72
 4424.25  3.16  3.04  3.72  3.09  2.55  3.51  3.68  3.25  1.94  1.53  1.88  2.76
 4425.25  3.12  3.00  3.66  3.05  2.52  3.45  3.64  3.21  1.92  1.51  1.85  2.72
 4426.25  3.00  2.89  3.51  2.94  2.42  3.31  3.50  3.10  1.85  1.44  1.78  2.61
 4427.25  2.96  2.84  3.44  2.89  2.38  3.24  3.45  3.05  1.83  1.42  1.75  2.56
 4428.25  2.97  2.85  3.44  2.91  2.39  3.23  3.46  3.06  1.84  1.42  1.75  2.56
 4429.25  3.01  2.89  3.48  2.95  2.43  3.27  3.51  3.11  1.87  1.45  1.78  2.59
 4430.25  3.12  2.99  3.59  3.06  2.52  3.36  3.63  3.22  1.94  1.50  1.85  2.68
 4431.25  3.25  3.12  3.72  3.18  2.63  3.49  3.77  3.36  2.03  1.56  1.93  2.79
 4432.25  3.17  3.03  3.62  3.10  2.56  3.38  3.68  3.28  1.98  1.52  1.88  2.71
 4433.25  3.07  2.93  3.49  3.00  2.47  3.26  3.56  3.18  1.92  1.47  1.81  2.61
 4434.25  3.12  2.99  3.53  3.06  2.52  3.30  3.61  3.24  1.96  1.50  1.84  2.65
 4435.25  3.21  3.07  3.62  3.15  2.60  3.38  3.71  3.33  2.03  1.54  1.90  2.72
 4436.25  3.25  3.11  3.65  3.19  2.63  3.40  3.75  3.38  2.06  1.56  1.93  2.75
 4437.25  3.17  3.03  3.55  3.11  2.56  3.30  3.65  3.29  2.01  1.52  1.87  2.67
 4438.25  3.09  2.95  3.44  3.03  2.49  3.20  3.55  3.21  1.96  1.48  1.82  2.60
 4439.25  3.02  2.88  3.36  2.97  2.44  3.11  3.47  3.15  1.92  1.45  1.78  2.53
 4440.25  3.01  2.88  3.33  2.96  2.43  3.09  3.46  3.14  1.92  1.45  1.78  2.52
 4441.25  3.09  2.95  3.41  3.04  2.50  3.16  3.55  3.23  1.97  1.49  1.83  2.58
 4442.25  3.20  3.05  3.51  3.14  2.59  3.25  3.66  3.34  2.05  1.55  1.89  2.66
 4443.25  3.22  3.07  3.52  3.17  2.60  3.26  3.67  3.36  2.07  1.56  1.90  2.67
 4444.25  3.24  3.10  3.53  3.20  2.63  3.28  3.70  3.39  2.09  1.58  1.92  2.69
 4445.25  3.24  3.09  3.51  3.21  2.62  3.27  3.69  3.38  2.09  1.58  1.92  2.68
 4446.25  3.08  2.94  3.33  3.06  2.49  3.10  3.51  3.22  1.99  1.50  1.82  2.54
 4447.25  2.98  2.84  3.21  2.97  2.41  3.00  3.39  3.12  1.93  1.45  1.76  2.45
 4448.25  3.04  2.90  3.26  3.05  2.46  3.05  3.45  3.18  1.97  1.48  1.79  2.49
 4449.25  3.10  2.95  3.31  3.11  2.51  3.09  3.51  3.24  2.01  1.51  1.83  2.53
 4450.25  3.11  2.97  3.31  3.14  2.52  3.11  3.52  3.26  2.03  1.52  1.84  2.54
 4451.25  3.13  2.98  3.31  3.16  2.53  3.11  3.53  3.27  2.04  1.53  1.84  2.54
 4452.25  3.13  2.98  3.30  3.18  2.54  3.11  3.53  3.28  2.05  1.54  1.85  2.54
 4453.25  3.22  3.06  3.38  3.28  2.61  3.18  3.62  3.36  2.11  1.58  1.90  2.61
 4454.25  3.29  3.13  3.44  3.37  2.67  3.25  3.70  3.44  2.17  1.62  1.94  2.66
 4455.25  3.31  3.15  3.45  3.40  2.69  3.26  3.71  3.46  2.18  1.64  1.96  2.67
 4456.25  3.34  3.18  3.46  3.44  2.71  3.28  3.74  3.49  2.21  1.66  1.97  2.69
 4457.25  3.33  3.17  3.44  3.45  2.71  3.26  3.73  3.48  2.21  1.65  1.97  2.68
 4458.25  3.33  3.17  3.43  3.46  2.71  3.26  3.73  3.49  2.22  1.66  1.97  2.68
 4459.25  3.34  3.18  3.43  3.48  2.72  3.26  3.73  3.50  2.23  1.67  1.98  2.68
 4460.25  3.36  3.20  3.44  3.52  2.74  3.27  3.75  3.52  2.25  1.68  1.99  2.70
 4461.25  3.30  3.15  3.36  3.47  2.69  3.21  3.68  3.46  2.21  1.65  1.96  2.65
 4462.25  3.18  3.03  3.23  3.36  2.58  3.08  3.54  3.34  2.13  1.59  1.88  2.55
 4463.25  3.22  3.07  3.26  3.41  2.62  3.11  3.58  3.38  2.16  1.61  1.90  2.58
 4464.25  3.25  3.09  3.28  3.45  2.64  3.13  3.61  3.41  2.19  1.63  1.92  2.60
 4465.25  3.30  3.15  3.33  3.53  2.69  3.18  3.67  3.47  2.23  1.66  1.96  2.64
 4466.25  3.39  3.24  3.41  3.63  2.76  3.26  3.76  3.57  2.30  1.72  2.01  2.71
 4467.25  3.42  3.26  3.43  3.68  2.78  3.28  3.79  3.60  2.33  1.73  2.03  2.74
 4468.25  3.40  3.25  3.41  3.67  2.77  3.26  3.76  3.58  2.32  1.73  2.02  2.72
 4469.25  3.34  3.18  3.33  3.61  2.71  3.18  3.69  3.51  2.28  1.69  1.98  2.66
 4470.25  3.40  3.25  3.39  3.69  2.76  3.23  3.75  3.57  2.33  1.73  2.02  2.71
 4471.25  3.45  3.31  3.43  3.76  2.80  3.28  3.80  3.63  2.37  1.76  2.05  2.75
 4472.25  3.37  3.24  3.35  3.69  2.74  3.20  3.71  3.55  2.32  1.72  2.00  2.69
 4473.25  3.30  3.18  3.27  3.63  2.68  3.12  3.63  3.48  2.27  1.69  1.96  2.62
 4474.25  3.26  3.14  3.22  3.59  2.64  3.07  3.58  3.43  2.25  1.67  1.93  2.59
 4475.25  3.18  3.07  3.14  3.52  2.58  2.99  3.49  3.35  2.20  1.63  1.88  2.52
 4476.25  3.20  3.09  3.15  3.55  2.59  3.00  3.50  3.37  2.22  1.64  1.89  2.53
 4477.25  3.29  3.19  3.23  3.66  2.66  3.08  3.60  3.47  2.29  1.69  1.95  2.61
 4478.25  3.28  3.19  3.22  3.67  2.66  3.07  3.59  3.47  2.29  1.69  1.95  2.60
 4479.25  3.27  3.18  3.20  3.67  2.65  3.05  3.57  3.45  2.29  1.69  1.94  2.59
 4480.25  3.30  3.22  3.22  3.71  2.67  3.07  3.60  3.49  2.32  1.71  1.96  2.61
 4481.25  3.38  3.30  3.30  3.82  2.74  3.14  3.67  3.57  2.38  1.75  2.01  2.67
 4482.25  3.42  3.35  3.33  3.91  2.77  3.17  3.72  3.62  2.42  1.78  2.04  2.71
 4483.25  3.40  3.33  3.30  3.93  2.75  3.14  3.69  3.60  2.41  1.77  2.02  2.69
 4484.25  3.30  3.25  3.20  3.86  2.67  3.05  3.58  3.50  2.35  1.72  1.96  2.61
 4485.25  3.24  3.19  3.13  3.83  2.62  2.99  3.50  3.43  2.30  1.69  1.92  2.55
 4486.25  3.23  3.19  3.12  3.86  2.61  2.98  3.49  3.42  2.31  1.69  1.92  2.55
 4487.25  3.25  3.21  3.13  3.93  2.63  3.00  3.50  3.44  2.33  1.70  1.93  2.56
 4488.25  3.28  3.24  3.15  4.00  2.65  3.02  3.52  3.47  2.35  1.72  1.94  2.58
 4489.25  3.36  3.33  3.22  4.14  2.71  3.10  3.61  3.56  2.42  1.76  1.99  2.64
 4490.25  3.38  3.36  3.24  4.21  2.73  3.12  3.62  3.58  2.44  1.78  2.00  2.66
 4491.25  3.33  3.32  3.18  4.19  2.69  3.07  3.56  3.52  2.41  1.75  1.97  2.62
 4492.25  3.30  3.29  3.14  4.19  2.66  3.03  3.52  3.48  2.39  1.73  1.95  2.58
 4493.25  3.29  3.28  3.13  4.22  2.65  3.03  3.51  3.47  2.39  1.73  1.94  2.58
 4494.25  3.30  3.30  3.13  4.27  2.66  3.03  3.51  3.47  2.40  1.74  1.95  2.58
 4495.25  3.41  3.41  3.22  4.45  2.75  3.13  3.62  3.59  2.49  1.80  2.01  2.67
 4496.25  3.40  3.41  3.21  4.48  2.74  3.12  3.60  3.57  2.49  1.80  2.00  2.65
 4497.25  3.31  3.32  3.11  4.40  2.66  3.04  3.50  3.47  2.43  1.75  1.95  2.58
 4498.25  3.30  3.32  3.10  4.43  2.65  3.03  3.48  3.46  2.43  1.75  1.94  2.57
 4499.25  3.28  3.30  3.08  4.44  2.63  3.01  3.45  3.43  2.42  1.73  1.93  2.55
 4500.25  3.28  3.31  3.08  4.48  2.63  3.00  3.45  3.43  2.42  1.73  1.92  2.55
 4501.25  3.29  3.32  3.09  4.54  2.63  3.01  3.45  3.43  2.44  1.74  1.93  2.55
 4502.25  3.35  3.40  3.15  4.66  2.68  3.07  3.51  3.50  2.49  1.78  1.97  2.60
 4503.25  3.37  3.42  3.17  4.73  2.69  3.09  3.52  3.51  2.51  1.79  1.98  2.61
 4504.25  3.26  3.32  3.06  4.62  2.59  2.98  3.40  3.39  2.43  1.73  1.91  2.52
 4505.25  3.22  3.28  3.02  4.60  2.55  2.94  3.35  3.35  2.40  1.71  1.88  2.49
 4506.25  3.23  3.30  3.03  4.66  2.56  2.95  3.36  3.36  2.42  1.72  1.89  2.50
 4507.25  3.18  3.26  2.98  4.63  2.52  2.91  3.30  3.30  2.39  1.69  1.85  2.45
 4508.25  3.20  3.29  3.00  4.69  2.53  2.92  3.31  3.32  2.41  1.70  1.87  2.47
 4509.25  3.31  3.41  3.10  4.88  2.61  3.02  3.42  3.42  2.50  1.77  1.93  2.55
 4510.25  3.37  3.48  3.16  5.01  2.65  3.08  3.48  3.48  2.55  1.80  1.97  2.60
 4511.25  3.35  3.47  3.14  5.02  2.63  3.06  3.45  3.46  2.54  1.79  1.95  2.58
 4512.25  3.36  3.48  3.14  5.07  2.63  3.06  3.45  3.46  2.55  1.80  1.95  2.58
 4513.25  3.41  3.55  3.20  5.18  2.67  3.11  3.50  3.51  2.60  1.83  1.99  2.62
 4514.25  3.42  3.56  3.20  5.23  2.67  3.11  3.50  3.52  2.61  1.84  1.99  2.62
 4515.25  3.43  3.58  3.21  5.28  2.67  3.12  3.50  3.52  2.62  1.84  1.99  2.62
 4516.25  3.44  3.59  3.21  5.33  2.67  3.12  3.50  3.52  2.64  1.85  2.00  2.62
 4517.25  3.45  3.61  3.22  5.38  2.67  3.13  3.50  3.53  2.65  1.85  2.00  2.62
 4518.25  3.46  3.62  3.22  5.43  2.67  3.13  3.50  3.53  2.66  1.86  2.00  2.62
 4519.25  3.49  3.66  3.25  5.53  2.69  3.15  3.52  3.55  2.68  1.87  2.01  2.63
 4520.25  3.50  3.68  3.25  5.62  2.69  3.16  3.52  3.55  2.70  1.88  2.02  2.63
 4521.25  3.49  3.67  3.24  5.68  2.67  3.14  3.50  3.53  2.69  1.87  2.01  2.61
 4522.25  3.43  3.61  3.18  5.66  2.62  3.09  3.43  3.46  2.64  1.84  1.97  2.56
 4523.25  3.41  3.60  3.16  5.71  2.60  3.07  3.41  3.44  2.63  1.83  1.95  2.54
 4524.25  3.43  3.62  3.17  5.80  2.60  3.07  3.42  3.45  2.65  1.84  1.96  2.54
 4525.25  3.44  3.63  3.17  5.89  2.60  3.08  3.43  3.45  2.66  1.84  1.96  2.54
 4526.25  3.52  3.72  3.24  6.09  2.65  3.14  3.51  3.52  2.73  1.89  2.00  2.59
 4527.25  3.54  3.74  3.25  6.18  2.66  3.15  3.52  3.53  2.74  1.89  2.01  2.59
 4528.25  3.49  3.70  3.21  6.19  2.62  3.11  3.47  3.48  2.71  1.87  1.98  2.55
 4529.25  3.52  3.74  3.23  6.31  2.63  3.13  3.50  3.50  2.74  1.88  1.99  2.57
 4530.25  3.59  3.81  3.29  6.49  2.67  3.18  3.57  3.56  2.80  1.92  2.03  2.61
 4531.25  3.56  3.79  3.26  6.51  2.64  3.15  3.54  3.52  2.78  1.91  2.01  2.58
 4532.25  3.53  3.75  3.22  6.52  2.61  3.11  3.50  3.48  2.75  1.88  1.98  2.54
 4533.25  3.44  3.66  3.14  6.44  2.53  3.02  3.41  3.38  2.68  1.83  1.93  2.46
 4534.25  3.43  3.64  3.12  6.48  2.51  3.00  3.39  3.36  2.68  1.82  1.91  2.44
 4535.25  3.48  3.69  3.17  6.64  2.54  3.04  3.44  3.40  2.72  1.85  1.94  2.47
 4536.25  3.53  3.74  3.22  6.79  2.57  3.08  3.49  3.45  2.77  1.88  1.97  2.50
 4537.25  3.50  3.69  3.18  6.80  2.54  3.04  3.45  3.41  2.75  1.86  1.94  2.47
 4538.25  3.45  3.63  3.14  6.79  2.50  2.99  3.40  3.35  2.71  1.83  1.91  2.43
 4539.25  3.43  3.61  3.12  6.82  2.48  2.97  3.39  3.33  2.70  1.82  1.90  2.40
 4540.25  3.44  3.61  3.13  6.90  2.48  2.97  3.39  3.34  2.71  1.83  1.90  2.40
 4541.25  3.49  3.65  3.17  7.05  2.50  3.00  3.44  3.37  2.75  1.85  1.92  2.43
 4542.25  3.51  3.66  3.18  7.15  2.51  3.01  3.45  3.39  2.77  1.86  1.93  2.43
 4543.25  3.41  3.55  3.10  7.04  2.43  2.92  3.35  3.29  2.70  1.81  1.87  2.35
 4544.25  3.39  3.52  3.07  7.06  2.41  2.89  3.33  3.26  2.68  1.80  1.85  2.33
 4545.25  3.47  3.58  3.14  7.26  2.46  2.95  3.40  3.33  2.74  1.84  1.89  2.37
 4546.25  3.56  3.66  3.22  7.48  2.52  3.02  3.48  3.40  2.82  1.89  1.94  2.42
 4547.25  3.59  3.67  3.23  7.58  2.52  3.03  3.50  3.42  2.84  1.91  1.94  2.43
 4548.25  3.57  3.63  3.20  7.58  2.49  2.99  3.47  3.38  2.81  1.89  1.92  2.40
 4549.25  3.64  3.69  3.26  7.77  2.54  3.04  3.53  3.44  2.87  1.93  1.96  2.44
 4550.25  3.79  3.82  3.39  8.09  2.63  3.15  3.66  3.57  2.99  2.01  2.03  2.53
 4551.25  3.76  3.78  3.35  8.09  2.60  3.11  3.63  3.52  2.96  1.99  2.01  2.49
 4552.25  3.66  3.65  3.25  7.94  2.51  3.01  3.51  3.41  2.88  1.93  1.94  2.40
 4553.25  3.72  3.70  3.30  8.11  2.55  3.05  3.57  3.46  2.92  1.96  1.96  2.43
 4554.25  3.74  3.70  3.31  8.19  2.55  3.05  3.57  3.46  2.94  1.97  1.97  2.43
 4555.25  3.72  3.66  3.28  8.19  2.52  3.02  3.54  3.43  2.91  1.96  1.95  2.40
 4556.25  3.79  3.71  3.33  8.33  2.56  3.06  3.60  3.48  2.97  1.99  1.98  2.44
 4557.25  3.88  3.78  3.40  8.50  2.61  3.12  3.67  3.55  3.04  2.04  2.02  2.48
 4558.25  3.81  3.70  3.33  8.94  2.54  3.05  3.60  3.47  2.98  2.00  1.97  2.42
 4559.25  3.74  3.61  3.26 10.02  2.48  2.98  3.52  3.39  2.91  1.95  1.92  2.36
 4560.25  3.72  3.58  3.24 10.50  2.46  2.95  3.49  3.37  2.90  1.94  1.90  2.33
 4561.25  3.75  3.59  3.26 10.49  2.47  2.97  3.51  3.38  2.92  1.96  1.91  2.34
 4562.25  3.79  3.61  3.28 10.42  2.48  2.98  3.53  3.40  2.94  1.97  1.92  2.35
 4563.25  3.79  3.59  3.27 10.27  2.47  2.97  3.53  3.39  2.94  1.97  1.91  2.33
 4564.25  3.83  3.62  3.30 10.21  2.49  2.99  3.56  3.41  2.97  1.99  1.93  2.35
 4565.25  3.93  3.69  3.37 10.27  2.54  3.05  3.64  3.49  3.05  2.04  1.97  2.40
 4566.25  3.98  3.72  3.41 10.22  2.57  3.08  3.67  3.52  3.08  2.07  1.99  2.42
 4567.25  3.98  3.70  3.40 10.06  2.55  3.06  3.67  3.50  3.08  2.06  1.98  2.40
 4568.25  3.94  3.64  3.35  9.84  2.52  3.02  3.63  3.46  3.05  2.04  1.95  2.37
 4569.25  3.93  3.60  3.32  9.66  2.49  2.99  3.62  3.43  3.03  2.03  1.94  2.34
 4570.25  3.97  3.61  3.34  9.60  2.51  3.01  3.67  3.46  3.07  2.05  1.95  2.36
 4571.25  4.01  3.62  3.35  9.51  2.52  3.02  3.70  3.48  3.09  2.07  1.96  2.36
 4572.25  4.07  3.66  3.39  9.48  2.56  3.06  3.77  3.52  3.14  2.10  1.99  2.39
 4573.25  4.14  3.69  3.43  9.46  2.59  3.10  3.84  3.57  3.19  2.14  2.02  2.43
 4574.25  4.07  3.60  3.35  9.17  2.53  3.03  3.78  3.50  3.13  2.10  1.97  2.37
 4575.25  4.07  3.57  3.32  8.99  2.51  3.00  3.77  3.47  3.12  2.09  1.96  2.36
 4576.25  4.14  3.60  3.36  8.95  2.54  3.03  3.83  3.51  3.16  2.12  1.98  2.38
 4577.25  4.16  3.58  3.34  8.81  2.53  3.02  3.84  3.51  3.17  2.12  1.97  2.38
 4578.25  4.16  3.53  3.31  8.62  2.51  2.99  3.83  3.48  3.15  2.10  1.96  2.36
 4579.25  4.21  3.55  3.32  8.54  2.52  3.01  3.87  3.50  3.18  2.12  1.97  2.37
 4580.25  4.28  3.57  3.35  8.47  2.55  3.03  3.92  3.53  3.22  2.15  1.99  2.39
 4581.25  4.35  3.58  3.37  8.40  2.57  3.05  3.97  3.56  3.25  2.17  2.00  2.41
 4582.25  4.43  3.62  3.41  8.36  2.60  3.08  4.04  3.61  3.30  2.21  2.03  2.44
 4583.25  4.43  3.58  3.38  8.18  2.59  3.06  4.03  3.58  3.29  2.20  2.02  2.43
 4584.25  4.41  3.53  3.33  7.96  2.55  3.02  4.00  3.55  3.26  2.18  1.99  2.40
 4585.25  4.46  3.53  3.34  7.86  2.56  3.03  4.04  3.57  3.28  2.19  2.00  2.41
 4586.25  4.43  3.47  3.29  7.62  2.53  2.98  4.00  3.53  3.24  2.16  1.97  2.37
 4587.25  4.47  3.46  3.28  7.50  2.53  2.98  4.02  3.55  3.26  2.17  1.97  2.37
 4588.25  4.53  3.47  3.30  7.41  2.55  2.99  4.07  3.59  3.29  2.19  1.98  2.39
 4589.25  4.55  3.46  3.29  7.26  2.54  2.99  4.08  3.60  3.29  2.20  1.98  2.39
 4590.25  4.49  3.37  3.22  7.00  2.49  2.92  4.02  3.54  3.23  2.15  1.94  2.33
 4591.25  4.54  3.37  3.22  6.88  2.50  2.92  4.05  3.56  3.25  2.17  1.94  2.34
 4592.25  4.65  3.43  3.28  6.86  2.55  2.98  4.14  3.64  3.33  2.22  1.98  2.39
 4593.25  4.75  3.46  3.32  6.83  2.59  3.02  4.22  3.70  3.38  2.25  2.01  2.42
 4594.25  4.74  3.42  3.29  6.70  2.56  2.99  4.20  3.69  3.36  2.24  1.99  2.40
 4595.25  4.73  3.38  3.25  6.61  2.54  2.95  4.18  3.67  3.34  2.23  1.97  2.38
 4596.25  4.85  3.44  3.31  6.71  2.60  3.01  4.28  3.75  3.42  2.28  2.02  2.43
 4597.25  4.94  3.47  3.35  6.77  2.63  3.04  4.35  3.81  3.47  2.31  2.04  2.46
 4598.25  4.91  3.41  3.30  6.67  2.59  3.00  4.32  3.78  3.44  2.29  2.02  2.43
 4599.25  4.95  3.41  3.30  6.67  2.60  3.00  4.35  3.80  3.45  2.30  2.02  2.43
 4600.25  4.98  3.40  3.29  6.65  2.60  3.00  4.36  3.81  3.46  2.31  2.02  2.43
 4601.25  5.06  3.43  3.33  6.70  2.63  3.03  4.43  3.86  3.51  2.34  2.04  2.46
 4602.25  5.11  3.44  3.33  6.70  2.64  3.03  4.46  3.89  3.53  2.36  2.05  2.46
 4603.25  5.07  3.38  3.28  6.59  2.60  2.98  4.41  3.85  3.49  2.33  2.02  2.43
 4604.25  5.02  3.32  3.22  6.47  2.55  2.93  4.36  3.79  3.44  2.29  1.98  2.38
 4605.25  4.99  3.26  3.16  6.36  2.51  2.88  4.31  3.74  3.39  2.26  1.95  2.34
 4606.25  5.13  3.32  3.22  6.46  2.56  2.93  4.41  3.83  3.47  2.31  1.99  2.39
 4607.25  5.25  3.35  3.26  6.50  2.59  2.96  4.47  3.88  3.51  2.34  2.01  2.42
 4608.25  5.28  3.32  3.23  6.45  2.58  2.94  4.47  3.87  3.50  2.34  2.00  2.40
 4609.25  5.27  3.27  3.19  6.36  2.54  2.89  4.43  3.83  3.47  2.31  1.97  2.37
 4610.25  5.20  3.18  3.09  6.18  2.47  2.80  4.32  3.74  3.38  2.25  1.92  2.30
 4611.25  5.22  3.15  3.07  6.13  2.45  2.78  4.32  3.73  3.37  2.24  1.90  2.28
 4612.25  5.42  3.24  3.16  6.27  2.52  2.86  4.45  3.85  3.47  2.31  1.96  2.35
 4613.25  5.57  3.29  3.21  6.35  2.57  2.90  4.55  3.93  3.54  2.36  2.00  2.39
 4614.25  5.75  3.35  3.28  6.45  2.63  2.96  4.66  4.02  3.63  2.42  2.04  2.45
 4615.25  5.85  3.37  3.30  6.48  2.65  2.98  4.71  4.07  3.66  2.45  2.06  2.47
 4616.25  5.81  3.31  3.24  6.36  2.60  2.92  4.65  4.01  3.61  2.41  2.02  2.42
 4617.25  5.78  3.24  3.18  6.24  2.55  2.86  4.59  3.95  3.55  2.37  1.98  2.37
 4618.25  5.83  3.23  3.17  6.22  2.55  2.86  4.61  3.96  3.56  2.37  1.98  2.37
 4619.25  5.93  3.25  3.19  6.23  2.57  2.87  4.65  4.00  3.59  2.40  2.00  2.39
 4620.25  6.07  3.29  3.23  6.30  2.61  2.91  4.74  4.07  3.65  2.44  2.03  2.42
 4621.25  6.10  3.26  3.21  6.25  2.60  2.89  4.73  4.06  3.64  2.43  2.02  2.41
 4622.25  6.09  3.22  3.17  6.16  2.57  2.85  4.70  4.03  3.61  2.41  1.99  2.38
 4623.25  6.19  3.23  3.19  6.18  2.59  2.86  4.75  4.06  3.64  2.43  2.01  2.40
 4624.25  6.22  3.21  3.17  6.13  2.58  2.84  4.75  4.06  3.63  2.43  2.00  2.38
 4625.25  6.23  3.18  3.14  6.07  2.56  2.82  4.73  4.04  3.61  2.41  1.98  2.36
 4626.25  6.33  3.20  3.16  6.09  2.58  2.83  4.78  4.08  3.65  2.44  1.99  2.38
 4627.25  6.36  3.18  3.14  6.05  2.57  2.81  4.78  4.07  3.64  2.43  1.99  2.37
 4628.25  6.34  3.12  3.09  5.95  2.54  2.77  4.73  4.03  3.59  2.40  1.96  2.33
 4629.25  6.36  3.10  3.07  5.90  2.53  2.75  4.72  4.02  3.58  2.39  1.94  2.32
 4630.25  6.53  3.16  3.13  5.99  2.58  2.80  4.83  4.11  3.65  2.45  1.99  2.37
 4631.25  6.69  3.20  3.18  6.06  2.63  2.84  4.93  4.18  3.72  2.50  2.02  2.41
 4632.25  6.69  3.17  3.14  5.98  2.61  2.81  4.90  4.15  3.69  2.48  2.00  2.39
 4633.25  6.66  3.12  3.09  5.88  2.57  2.76  4.86  4.09  3.65  2.45  1.97  2.36
 4634.25  6.76  3.14  3.12  5.91  2.60  2.78  4.91  4.13  3.68  2.48  1.99  2.38
 4635.25  6.85  3.17  3.15  5.94  2.63  2.81  4.98  4.17  3.73  2.51  2.01  2.41
 4636.25  6.85  3.18  3.16  5.94  2.64  2.81  5.02  4.19  3.75  2.53  2.02  2.42
 4637.25  6.86  3.20  3.18  5.96  2.66  2.83  5.07  4.22  3.78  2.55  2.04  2.44
 4638.25  6.84  3.21  3.19  5.95  2.67  2.83  5.10  4.23  3.80  2.57  2.04  2.44
 4639.25  6.89  3.25  3.23  6.01  2.72  2.87  5.19  4.29  3.86  2.61  2.07  2.48
 4640.25  6.92  3.28  3.27  6.05  2.75  2.89  5.27  4.34  3.91  2.65  2.10  2.51
 4641.25  6.80  3.23  3.23  5.95  2.71  2.85  5.21  4.28  3.86  2.62  2.07  2.48
 4642.25  6.76  3.23  3.23  5.92  2.72  2.84  5.23  4.28  3.86  2.62  2.07  2.48
 4643.25  6.68  3.20  3.21  5.86  2.70  2.81  5.21  4.25  3.84  2.61  2.05  2.46
 4644.25  6.62  3.18  3.20  5.82  2.69  2.80  5.21  4.23  3.83  2.60  2.04  2.45
 4645.25  6.70  3.24  3.26  5.90  2.75  2.85  5.33  4.31  3.91  2.66  2.08  2.50
 4646.25  6.74  3.28  3.31  5.95  2.79  2.88  5.42  4.37  3.97  2.71  2.11  2.54
 4647.25  6.84  3.35  3.39  6.05  2.86  2.94  5.55  4.47  4.07  2.78  2.16  2.60
 4648.25  6.93  3.42  3.47  6.15  2.92  3.01  5.68  4.57  4.16  2.85  2.22  2.66
 4649.25  6.93  3.44  3.49  6.15  2.94  3.02  5.73  4.59  4.19  2.87  2.24  2.68
 4650.25  6.65  3.30  3.36  5.91  2.83  2.89  5.54  4.42  4.04  2.77  2.15  2.57
 4651.25  6.36  3.16  3.22  5.66  2.71  2.76  5.34  4.24  3.88  2.65  2.06  2.46
 4652.25  6.30  3.14  3.21  5.62  2.70  2.74  5.34  4.22  3.87  2.65  2.05  2.45
 4653.25  6.35  3.18  3.26  5.67  2.74  2.78  5.43  4.28  3.93  2.70  2.09  2.49
 4654.25  6.32  3.19  3.27  5.66  2.75  2.78  5.47  4.30  3.94  2.71  2.10  2.50
 4655.25  6.29  3.18  3.27  5.64  2.76  2.78  5.49  4.30  3.95  2.72  2.11  2.50
 4656.25  6.21  3.16  3.25  5.58  2.74  2.76  5.47  4.27  3.93  2.71  2.10  2.48
 4657.25  6.16  3.15  3.25  5.55  2.74  2.76  5.47  4.26  3.93  2.71  2.10  2.48
 4658.25  6.14  3.15  3.26  5.54  2.75  2.76  5.48  4.27  3.94  2.73  2.10  2.49
 4659.25  6.01  3.10  3.21  5.43  2.71  2.71  5.38  4.21  3.89  2.69  2.07  2.45
 4660.25  5.89  3.04  3.16  5.33  2.67  2.67  5.28  4.14  3.84  2.65  2.04  2.41
 4661.25  5.81  3.02  3.14  5.27  2.65  2.65  5.23  4.12  3.81  2.64  2.03  2.39
 4662.25  5.82  3.04  3.17  5.29  2.68  2.67  5.25  4.15  3.85  2.67  2.05  2.41
 4663.25  5.84  3.07  3.20  5.32  2.72  2.70  5.28  4.19  3.90  2.71  2.08  2.44
 4664.25  5.92  3.13  3.28  5.41  2.78  2.75  5.37  4.28  3.99  2.77  2.13  2.50
 4665.25  5.98  3.19  3.34  5.48  2.84  2.81  5.45  4.36  4.07  2.84  2.18  2.55
 4666.25  5.94  3.19  3.34  5.46  2.85  2.81  5.43  4.36  4.07  2.85  2.19  2.55
 4667.25  5.96  3.22  3.39  5.49  2.89  2.84  5.47  4.41  4.13  2.89  2.22  2.58
 4668.25  6.08  3.32  3.50  5.63  2.99  2.93  5.61  4.55  4.26  2.99  2.29  2.67
 4669.25  6.05  3.33  3.51  5.62  3.01  2.94  5.61  4.56  4.28  3.01  2.31  2.68
 4670.25  5.88  3.25  3.43  5.47  2.94  2.86  5.47  4.46  4.19  2.94  2.26  2.61
 4671.25  5.66  3.14  3.32  5.28  2.85  2.77  5.29  4.33  4.07  2.86  2.19  2.53
 4672.25  5.53  3.08  3.27  5.16  2.81  2.72  5.18  4.26  4.00  2.81  2.15  2.49
 4673.25  5.45  3.06  3.25  5.10  2.80  2.70  5.13  4.23  3.98  2.80  2.14  2.47
 4674.25  5.49  3.11  3.30  5.15  2.85  2.75  5.19  4.30  4.06  2.86  2.18  2.52
 4675.25  5.49  3.14  3.33  5.17  2.88  2.77  5.22  4.34  4.10  2.89  2.21  2.54
 4676.25  5.37  3.09  3.27  5.06  2.85  2.73  5.13  4.28  4.04  2.86  2.18  2.50
 4677.25  5.32  3.08  3.26  5.03  2.85  2.72  5.10  4.27  4.04  2.86  2.18  2.50
 4678.25  5.29  3.08  3.27  5.01  2.86  2.73  5.09  4.28  4.05  2.87  2.19  2.51
 4679.25  5.29  3.11  3.30  5.03  2.89  2.75  5.12  4.32  4.09  2.91  2.22  2.53
 4680.25  5.33  3.16  3.35  5.08  2.95  2.80  5.18  4.39  4.16  2.97  2.26  2.58
 4681.25  5.28  3.16  3.35  5.05  2.96  2.80  5.16  4.39  4.17  2.98  2.26  2.58
 4682.25  5.20  3.13  3.32  4.98  2.94  2.77  5.11  4.35  4.14  2.96  2.25  2.56
 4683.25  5.12  3.11  3.29  4.92  2.93  2.75  5.06  4.32  4.11  2.95  2.24  2.55
 4684.25  5.02  3.07  3.25  4.84  2.90  2.72  4.98  4.27  4.07  2.92  2.22  2.52
 4685.25  4.94  3.04  3.22  4.77  2.88  2.69  4.92  4.23  4.04  2.90  2.20  2.50
 4686.25  4.90  3.04  3.22  4.74  2.89  2.69  4.91  4.23  4.05  2.91  2.21  2.50
 4687.25  4.95  3.10  3.29  4.81  2.96  2.75  4.99  4.31  4.13  2.99  2.26  2.56
 4688.25  5.08  3.22  3.41  4.96  3.08  2.86  5.15  4.47  4.29  3.11  2.36  2.66
 4689.25  5.05  3.23  3.42  4.94  3.10  2.87  5.15  4.49  4.31  3.13  2.37  2.67
 4690.25  4.84  3.11  3.30  4.75  3.00  2.77  4.96  4.33  4.17  3.03  2.29  2.57
 4691.25  4.73  3.06  3.25  4.65  2.96  2.72  4.87  4.26  4.11  2.99  2.26  2.53
 4692.25  4.74  3.10  3.29  4.68  3.00  2.76  4.92  4.32  4.17  3.04  2.30  2.57
 4693.25  4.76  3.15  3.33  4.72  3.05  2.80  4.96  4.38  4.23  3.09  2.34  2.60
 4694.25  4.70  3.13  3.32  4.67  3.05  2.79  4.93  4.36  4.22  3.09  2.33  2.60
 4695.25  4.71  3.16  3.35  4.69  3.09  2.82  4.96  4.40  4.26  3.13  2.36  2.62
 4696.25  4.70  3.17  3.36  4.67  3.10  2.82  4.95  4.41  4.28  3.14  2.37  2.63
 4697.25  4.61  3.11  3.30  4.56  3.06  2.78  4.85  4.33  4.21  3.10  2.34  2.59
 4698.25  4.56  3.10  3.28  4.51  3.05  2.76  4.81  4.31  4.19  3.09  2.33  2.57
 4699.25  4.57  3.11  3.30  4.51  3.07  2.78  4.82  4.33  4.22  3.12  2.35  2.59
 4700.25  4.59  3.14  3.32  4.51  3.10  2.81  4.83  4.36  4.26  3.15  2.37  2.61
 4701.25  4.58  3.14  3.32  4.48  3.11  2.82  4.82  4.36  4.27  3.17  2.38  2.61
 4702.25  4.61  3.18  3.36  4.50  3.15  2.85  4.86  4.41  4.32  3.21  2.41  2.64
 4703.25  4.56  3.16  3.33  4.44  3.13  2.83  4.81  4.38  4.29  3.20  2.40  2.62
 4704.25  4.55  3.16  3.33  4.42  3.14  2.84  4.81  4.38  4.30  3.22  2.41  2.63
 4705.25  4.55  3.17  3.34  4.40  3.15  2.85  4.82  4.39  4.32  3.24  2.42  2.64
 4706.25  4.44  3.10  3.27  4.29  3.09  2.80  4.72  4.30  4.24  3.18  2.37  2.58
 4707.25  4.38  3.08  3.24  4.24  3.07  2.77  4.67  4.26  4.21  3.16  2.36  2.56
 4708.25  4.45  3.14  3.30  4.31  3.14  2.84  4.76  4.35  4.30  3.24  2.41  2.61
 4709.25  4.43  3.13  3.29  4.29  3.13  2.83  4.74  4.34  4.29  3.24  2.41  2.61
 4710.25  4.40  3.13  3.29  4.27  3.13  2.83  4.73  4.33  4.29  3.25  2.41  2.60
 4711.25  4.40  3.14  3.30  4.28  3.15  2.84  4.74  4.34  4.31  3.27  2.42  2.61
 4712.25  4.35  3.12  3.27  4.24  3.13  2.83  4.70  4.31  4.28  3.26  2.41  2.60
 4713.25  4.40  3.16  3.32  4.29  3.18  2.87  4.76  4.37  4.35  3.32  2.45  2.64
 4714.25  4.44  3.21  3.37  4.34  3.23  2.92  4.82  4.43  4.41  3.38  2.49  2.68
 4715.25  4.47  3.25  3.40  4.37  3.27  2.95  4.86  4.47  4.46  3.42  2.52  2.71
 4716.25  4.43  3.23  3.38  4.34  3.25  2.94  4.82  4.44  4.44  3.41  2.51  2.69
 4717.25  4.35  3.18  3.33  4.27  3.21  2.90  4.75  4.38  4.38  3.38  2.48  2.65
 4718.25  4.28  3.14  3.29  4.21  3.18  2.87  4.69  4.33  4.34  3.35  2.45  2.62
 4719.25  4.20  3.09  3.23  4.13  3.13  2.82  4.61  4.26  4.27  3.30  2.42  2.58
 4720.25  4.10  3.03  3.17  4.04  3.07  2.77  4.52  4.17  4.20  3.25  2.37  2.53
 4721.25  4.15  3.08  3.22  4.09  3.12  2.82  4.58  4.23  4.26  3.31  2.41  2.57
 4722.25  4.26  3.18  3.32  4.21  3.23  2.91  4.71  4.37  4.40  3.43  2.50  2.65
 4723.25  4.28  3.21  3.35  4.24  3.26  2.94  4.75  4.40  4.44  3.47  2.53  2.68
 4724.25  4.23  3.19  3.33  4.20  3.25  2.92  4.71  4.37  4.42  3.46  2.51  2.66
 4725.25  4.08  3.08  3.21  4.04  3.13  2.82  4.54  4.22  4.27  3.34  2.43  2.56
 4726.25  3.97  3.00  3.13  3.94  3.06  2.76  4.43  4.12  4.17  3.27  2.37  2.50
 4727.25  4.01  3.04  3.16  3.97  3.10  2.79  4.47  4.16  4.21  3.32  2.40  2.53
 4728.25  4.13  3.14  3.27  4.09  3.21  2.89  4.61  4.29  4.35  3.45  2.49  2.62
 4729.25  4.23  3.23  3.35  4.19  3.30  2.97  4.72  4.40  4.46  3.55  2.56  2.69
 4730.25  4.23  3.23  3.35  4.18  3.30  2.97  4.71  4.39  4.46  3.56  2.57  2.69
 4731.25  4.15  3.17  3.29  4.10  3.25  2.92  4.62  4.31  4.38  3.51  2.52  2.64
 4732.25  4.05  3.10  3.22  3.99  3.18  2.86  4.52  4.22  4.29  3.44  2.47  2.58
 4733.25  3.98  3.05  3.16  3.92  3.13  2.82  4.44  4.15  4.22  3.39  2.43  2.54
 4734.25  3.94  3.02  3.13  3.88  3.11  2.79  4.40  4.10  4.18  3.37  2.41  2.52
 4735.25  3.98  3.06  3.17  3.92  3.15  2.83  4.44  4.15  4.23  3.43  2.45  2.55
 4736.25  4.01  3.10  3.20  3.94  3.19  2.86  4.48  4.19  4.27  3.47  2.48  2.58
 4737.25  4.05  3.14  3.24  3.98  3.23  2.90  4.52  4.24  4.32  3.52  2.52  2.61
 4738.25  4.07  3.16  3.26  4.00  3.26  2.93  4.55  4.26  4.35  3.56  2.54  2.63
 4739.25  4.00  3.11  3.21  3.92  3.21  2.88  4.47  4.19  4.28  3.51  2.50  2.58
 4740.25  4.01  3.13  3.22  3.93  3.23  2.90  4.49  4.21  4.30  3.54  2.52  2.60
 4741.25  4.13  3.23  3.33  4.05  3.35  2.99  4.62  4.33  4.43  3.67  2.61  2.69
 4742.25  4.15  3.25  3.35  4.06  3.39  3.02  4.64  4.36  4.46  3.70  2.63  2.71
 4743.25  4.09  3.21  3.31  4.00  3.36  2.98  4.58  4.30  4.40  3.66  2.60  2.67
 4744.25  4.06  3.19  3.29  3.97  3.36  2.96  4.54  4.27  4.38  3.65  2.59  2.65
 4745.25  4.06  3.20  3.30  3.96  3.38  2.97  4.54  4.27  4.38  3.67  2.60  2.66
 4746.25  4.06  3.20  3.30  3.96  3.39  2.97  4.54  4.27  4.38  3.68  2.60  2.66
 4747.25  3.96  3.13  3.23  3.86  3.33  2.90  4.44  4.18  4.29  3.61  2.55  2.60
 4748.25  3.92  3.11  3.20  3.82  3.32  2.88  4.40  4.14  4.26  3.59  2.53  2.58
 4749.25  4.04  3.21  3.31  3.93  3.44  2.98  4.54  4.27  4.39  3.72  2.62  2.67
 4750.25  4.07  3.24  3.34  3.96  3.49  3.01  4.58  4.30  4.43  3.77  2.65  2.69
 4751.25  4.00  3.19  3.29  3.88  3.45  2.96  4.51  4.23  4.36  3.72  2.61  2.65
 4752.25  3.94  3.15  3.25  3.83  3.42  2.92  4.46  4.17  4.30  3.68  2.58  2.61
 4753.25  3.94  3.15  3.25  3.82  3.44  2.93  4.47  4.17  4.31  3.70  2.59  2.62
 4754.25  3.95  3.16  3.27  3.82  3.46  2.94  4.48  4.18  4.32  3.72  2.60  2.62
 4755.25  4.01  3.22  3.33  3.88  3.54  2.99  4.56  4.25  4.39  3.80  2.65  2.67
 4756.25  4.03  3.24  3.35  3.89  3.58  3.01  4.59  4.27  4.42  3.84  2.67  2.69
 4757.25  4.03  3.25  3.36  3.89  3.60  3.02  4.60  4.28  4.42  3.85  2.68  2.69
 4758.25  4.07  3.28  3.39  3.91  3.65  3.05  4.64  4.31  4.46  3.90  2.71  2.72
 4759.25  4.05  3.26  3.37  3.88  3.64  3.03  4.62  4.28  4.44  3.90  2.71  2.71
 4760.25  3.98  3.21  3.32  3.81  3.60  2.98  4.55  4.21  4.37  3.85  2.67  2.66
 4761.25  3.97  3.21  3.32  3.79  3.61  2.98  4.54  4.20  4.36  3.85  2.67  2.66
 4762.25  4.02  3.25  3.36  3.84  3.67  3.02  4.61  4.25  4.41  3.92  2.72  2.69
 4763.25  4.05  3.28  3.39  3.86  3.72  3.05  4.64  4.28  4.45  3.96  2.75  2.72
 4764.25  4.00  3.24  3.35  3.79  3.68  3.01  4.58  4.22  4.39  3.92  2.72  2.68
 4765.25  3.99  3.24  3.34  3.78  3.69  3.00  4.58  4.21  4.38  3.93  2.72  2.67
 4766.25  3.99  3.24  3.35  3.77  3.71  3.01  4.59  4.21  4.39  3.95  2.73  2.68
 4767.25  4.01  3.26  3.37  3.78  3.74  3.03  4.61  4.23  4.41  3.98  2.76  2.69
 4768.25  4.04  3.29  3.40  3.80  3.79  3.05  4.65  4.26  4.44  4.03  2.79  2.72
 4769.25  4.05  3.31  3.41  3.81  3.82  3.06  4.67  4.27  4.46  4.05  2.81  2.73
 4770.25  4.01  3.28  3.38  3.76  3.80  3.04  4.63  4.23  4.41  4.03  2.79  2.70
 4771.25  3.90  3.19  3.29  3.65  3.71  2.95  4.51  4.11  4.29  3.93  2.72  2.62
 4772.25  3.90  3.19  3.29  3.63  3.72  2.95  4.51  4.10  4.29  3.94  2.72  2.62
 4773.25  3.91  3.20  3.30  3.63  3.74  2.96  4.52  4.11  4.30  3.96  2.74  2.63
 4774.25  3.86  3.16  3.26  3.58  3.71  2.92  4.47  4.06  4.25  3.93  2.71  2.60
 4775.25  3.82  3.14  3.23  3.54  3.69  2.90  4.43  4.03  4.21  3.90  2.70  2.57
 4776.25  3.79  3.12  3.21  3.50  3.68  2.88  4.40  4.01  4.18  3.89  2.68  2.55
 4777.25  3.83  3.15  3.25  3.53  3.74  2.91  4.45  4.06  4.23  3.94  2.72  2.58
 4778.25  3.80  3.13  3.22  3.49  3.72  2.89  4.42  4.03  4.20  3.92  2.71  2.56
 4779.25  3.78  3.12  3.22  3.47  3.72  2.88  4.40  4.02  4.18  3.92  2.70  2.55
 4780.25  3.85  3.17  3.27  3.52  3.81  2.93  4.48  4.10  4.26  4.00  2.76  2.60
 4781.25  3.85  3.18  3.28  3.52  3.86  2.94  4.49  4.11  4.26  4.02  2.77  2.60
 4782.25  3.76  3.11  3.21  3.43  3.81  2.86  4.39  4.02  4.17  3.94  2.71  2.54
 4783.25  3.73  3.09  3.19  3.40  3.82  2.84  4.36  3.99  4.14  3.92  2.70  2.52
 4784.25  3.75  3.11  3.21  3.41  3.89  2.85  4.38  4.02  4.16  3.96  2.72  2.53
 4785.25  3.82  3.17  3.27  3.48  4.00  2.91  4.47  4.10  4.24  4.04  2.78  2.58
 4786.25  3.86  3.21  3.31  3.51  4.09  2.94  4.52  4.16  4.29  4.10  2.82  2.62
 4787.25  3.88  3.22  3.33  3.52  4.15  2.95  4.54  4.18  4.31  4.13  2.84  2.63
 4788.25  3.88  3.22  3.33  3.52  4.19  2.94  4.54  4.18  4.31  4.14  2.85  2.63
 4789.25  3.88  3.23  3.33  3.51  4.24  2.94  4.54  4.19  4.31  4.15  2.86  2.63
 4790.25  3.93  3.28  3.38  3.56  4.34  2.98  4.60  4.25  4.38  4.22  2.91  2.66
 4791.25  3.91  3.25  3.36  3.53  4.35  2.96  4.57  4.23  4.35  4.21  2.90  2.65
 4792.25  3.80  3.17  3.27  3.43  4.28  2.87  4.46  4.12  4.23  4.11  2.82  2.57
 4793.25  3.77  3.14  3.25  3.39  4.28  2.84  4.42  4.09  4.20  4.08  2.80  2.55
 4794.25  3.82  3.18  3.29  3.44  4.38  2.88  4.47  4.15  4.25  4.14  2.85  2.58
 4795.25  3.82  3.19  3.30  3.44  4.43  2.88  4.48  4.16  4.26  4.16  2.86  2.58
 4796.25  3.83  3.20  3.31  3.44  4.48  2.88  4.48  4.17  4.27  4.18  2.88  2.59
 4797.25  3.87  3.24  3.35  3.47  4.57  2.91  4.53  4.22  4.31  4.24  2.91  2.62
 4798.25  3.86  3.23  3.34  3.46  4.60  2.90  4.51  4.21  4.30  4.24  2.91  2.61
 4799.25  3.90  3.27  3.37  3.49  4.69  2.92  4.56  4.26  4.35  4.29  2.95  2.64
 4800.25  3.95  3.31  3.42  3.53  4.79  2.96  4.61  4.32  4.40  4.36  3.00  2.67
 4801.25  3.97  3.33  3.44  3.54  4.86  2.97  4.63  4.35  4.43  4.39  3.02  2.69
 4802.25  3.97  3.34  3.45  3.54  4.90  2.97  4.63  4.36  4.43  4.41  3.03  2.69
 4803.25  3.99  3.36  3.47  3.56  4.97  2.99  4.66  4.39  4.46  4.44  3.06  2.71
 4804.25  4.04  3.40  3.51  3.59  5.07  3.02  4.71  4.44  4.51  4.51  3.10  2.74
 4805.25  4.05  3.42  3.53  3.60  5.13  3.03  4.72  4.46  4.52  4.54  3.12  2.75
 4806.25  4.10  3.46  3.57  3.64  5.23  3.06  4.77  4.52  4.58  4.60  3.16  2.78
 4807.25  4.13  3.49  3.60  3.66  5.31  3.08  4.81  4.56  4.61  4.65  3.20  2.81
 4808.25  4.15  3.51  3.62  3.68  5.38  3.09  4.83  4.58  4.63  4.68  3.22  2.82
 4809.25  4.13  3.50  3.60  3.65  5.40  3.07  4.80  4.57  4.61  4.67  3.21  2.81
 4810.25  4.09  3.47  3.57  3.61  5.40  3.04  4.76  4.53  4.57  4.65  3.19  2.78
 4811.25  4.09  3.47  3.57  3.61  5.44  3.04  4.75  4.54  4.57  4.65  3.20  2.78
 4812.25  4.09  3.47  3.58  3.60  5.48  3.03  4.75  4.54  4.57  4.67  3.20  2.78
 4813.25  4.07  3.46  3.56  3.58  5.50  3.01  4.72  4.52  4.55  4.66  3.19  2.77
 4814.25  4.05  3.44  3.56  3.56  5.52  2.99  4.70  4.51  4.53  4.65  3.19  2.75
 4815.25  4.04  3.43  3.55  3.54  5.54  2.98  4.69  4.50  4.52  4.65  3.19  2.74
 4816.25  3.99  3.40  3.52  3.49  5.52  2.94  4.63  4.45  4.47  4.61  3.16  2.71
 4817.25  3.95  3.36  3.49  3.45  5.51  2.91  4.58  4.41  4.43  4.57  3.13  2.68
 4818.25  3.95  3.37  3.50  3.45  5.55  2.90  4.58  4.42  4.42  4.58  3.14  2.68
 4819.25  3.98  3.39  3.53  3.47  5.64  2.92  4.61  4.46  4.46  4.63  3.17  2.70
 4820.25  3.98  3.39  3.54  3.47  5.69  2.92  4.61  4.46  4.46  4.64  3.18  2.70
 4821.25  3.98  3.40  3.55  3.47  5.76  2.91  4.60  4.47  4.46  4.65  3.19  2.70
 4822.25  3.94  3.37  3.52  3.44  5.79  2.88  4.56  4.44  4.42  4.62  3.17  2.68
 4823.25  3.98  3.40  3.56  3.48  5.92  2.91  4.60  4.50  4.46  4.68  3.20  2.70
 4824.25  4.11  3.51  3.69  3.59  6.18  3.00  4.74  4.66  4.60  4.83  3.32  2.79
 4825.25  4.11  3.52  3.70  3.59  6.26  3.00  4.74  4.69  4.60  4.85  3.33  2.79
 4826.25  4.03  3.45  3.63  3.52  6.23  2.93  4.64  4.62  4.53  4.76  3.27  2.74
 4827.25  4.03  3.45  3.64  3.53  6.32  2.94  4.65  4.64  4.55  4.78  3.28  2.74
 4828.25  4.05  3.47  3.67  3.55  6.43  2.95  4.67  4.69  4.59  4.82  3.31  2.75
 4829.25  4.02  3.44  3.64  3.52  6.45  2.92  4.62  4.67  4.56  4.79  3.28  2.73
 4830.25  4.05  3.47  3.68  3.55  6.58  2.94  4.66  4.73  4.61  4.84  3.32  2.75
 4831.25  4.13  3.55  3.76  3.62  6.78  3.00  4.74  4.84  4.72  4.94  3.39  2.81
 4832.25  4.14  3.55  3.78  3.63  6.87  3.00  4.75  4.87  4.74  4.96  3.41  2.81
 4833.25  4.11  3.53  3.76  3.61  6.91  2.98  4.72  4.86  4.73  4.95  3.40  2.80
 4834.25  4.02  3.45  3.68  3.53  6.85  2.91  4.61  4.77  4.64  4.85  3.33  2.73
 4835.25  4.00  3.43  3.67  3.51  6.89  2.89  4.58  4.77  4.63  4.84  3.31  2.72
 4836.25  4.11  3.53  3.78  3.61  7.14  2.97  4.70  4.92  4.76  4.97  3.41  2.79
 4837.25  4.15  3.57  3.83  3.65  7.28  3.00  4.75  4.99  4.83  5.04  3.46  2.82
 4838.25  4.08  3.51  3.77  3.59  7.26  2.95  4.67  4.93  4.76  4.97  3.41  2.77
 4839.25  4.03  3.47  3.74  3.55  7.26  2.91  4.61  4.90  4.73  4.93  3.38  2.74
 4840.25  4.07  3.50  3.78  3.58  7.40  2.94  4.64  4.96  4.78  4.98  3.42  2.77
 4841.25  4.10  3.53  3.81  3.61  7.52  2.96  4.67  5.01  4.83  5.03  3.45  2.79
 4842.25  4.09  3.53  3.82  3.60  7.59  2.95  4.66  5.03  4.84  5.03  3.45  2.78
 4843.25  4.01  3.45  3.75  3.53  7.52  2.89  4.56  4.95  4.75  4.94  3.39  2.72
 4844.25  4.02  3.46  3.76  3.54  7.61  2.89  4.56  4.98  4.78  4.96  3.40  2.73
 4845.25  4.08  3.52  3.83  3.60  7.80  2.94  4.62  5.07  4.87  5.05  3.47  2.77
 4846.25  4.10  3.53  3.85  3.61  7.90  2.95  4.63  5.11  4.90  5.08  3.49  2.78
 4847.25  4.04  3.48  3.80  3.56  7.87  2.90  4.56  5.06  4.84  5.02  3.44  2.74
 4848.25  4.00  3.45  3.78  3.53  7.88  2.87  4.51  5.03  4.81  4.99  3.42  2.72
 4849.25  4.11  3.55  3.89  3.63  8.15  2.95  4.63  5.19  4.96  5.13  3.52  2.79
 4850.25  4.25  3.67  4.04  3.75  8.46  3.05  4.77  5.38  5.13  5.31  3.65  2.89
 4851.25  4.24  3.66  4.03  3.74  8.51  3.04  4.75  5.38  5.13  5.30  3.65  2.88
 4852.25  4.17  3.60  3.98  3.68  8.47  2.98  4.67  5.32  5.07  5.23  3.60  2.83
 4853.25  4.16  3.59  3.98  3.67  8.53  2.97  4.65  5.32  5.07  5.23  3.59  2.82
 4854.25  4.21  3.64  4.04  3.72  8.69  3.01  4.70  5.40  5.14  5.30  3.64  2.86
 4855.25  4.34  3.75  4.18  3.84  9.00  3.11  4.84  5.59  5.31  5.47  3.77  2.95
 4856.25  4.51  3.90  4.35  3.99  9.36  3.23  5.01  5.82  5.52  5.68  3.93  3.07
 4857.25  4.51  3.90  4.36  3.99  9.43  3.22  5.00  5.83  5.53  5.69  3.93  3.07
 4858.25  4.42  3.83  4.29  3.92  9.36  3.16  4.90  5.75  5.45  5.59  3.86  3.01
 4859.25  4.47  3.87  4.34  3.96  9.51  3.19  4.94  5.83  5.52  5.66  3.91  3.05
 4860.25  4.56  3.95  4.45  4.05  9.68  3.26  5.04  5.96  5.64  5.78  4.00  3.12
 4861.25  4.53  3.93  4.43  4.03  9.72  3.23  5.00  5.95  5.62  5.75  3.99  3.10
 4862.25  4.23  3.66  4.14  3.76 10.17  3.00  4.66  5.58  5.27  5.38  3.72  2.89
 4863.25  4.24  3.67  4.17  3.77 11.97  3.01  4.67  5.62  5.30  5.41  3.74  2.90
 4864.25  4.49  3.90  4.42  4.00 13.15  3.19  4.93  5.96  5.62  5.72  3.97  3.09
 4865.25  4.54  3.94  4.48  4.05 13.19  3.22  4.97  6.04  5.69  5.78  4.02  3.13
 4866.25  4.49  3.89  4.44  4.00 12.95  3.18  4.91  5.99  5.64  5.73  3.98  3.09
 4867.25  4.47  3.88  4.43  3.99 12.78  3.17  4.88  5.99  5.63  5.71  3.98  3.09
 4868.25  4.45  3.86  4.42  3.98 12.60  3.15  4.85  5.98  5.62  5.70  3.97  3.08
 4869.25  4.40  3.83  4.39  3.94 12.37  3.12  4.79  5.95  5.58  5.65  3.93  3.05
 4870.25  4.31  3.75  4.31  3.86 12.05  3.05  4.69  5.85  5.48  5.54  3.86  2.99
 4871.25  4.33  3.76  4.34  3.88 11.95  3.06  4.70  5.89  5.52  5.57  3.89  3.01
 4872.25  4.57  3.98  4.59  4.10 12.31  3.24  4.95  6.22  5.83  5.87  4.12  3.19
 4873.25  4.70  4.10  4.73  4.22 12.42  3.33  5.08  6.41  6.00  6.04  4.24  3.29
 4874.25  4.55  3.97  4.60  4.10 12.00  3.23  4.92  6.25  5.83  5.87  4.12  3.19
 4875.25  4.44  3.86  4.49  3.99 11.63  3.14  4.78  6.11  5.70  5.73  4.02  3.10
 4876.25  4.41  3.84  4.47  3.96 11.43  3.11  4.74  6.10  5.66  5.70  4.00  3.09
 4877.25  4.41  3.84  4.48  3.97 11.29  3.11  4.73  6.11  5.66  5.70  4.01  3.09
 4878.25  4.34  3.78  4.42  3.91 11.02  3.06  4.66  6.05  5.58  5.63  3.96  3.05
 4879.25  4.34  3.78  4.43  3.91 10.87  3.06  4.64  6.06  5.57  5.63  3.96  3.05
 4880.25  4.27  3.71  4.36  3.84 10.59  3.00  4.56  5.99  5.48  5.54  3.90  3.00
 4881.25  4.15  3.60  4.24  3.73 10.20  2.91  4.42  5.84  5.32  5.39  3.80  2.91
 4882.25  4.17  3.63  4.28  3.76 10.11  2.93  4.43  5.89  5.35  5.43  3.83  2.93
 4883.25  4.24  3.69  4.34  3.82 10.09  2.97  4.49  6.00  5.43  5.52  3.90  2.99
 4884.25  4.21  3.66  4.31  3.79  9.89  2.95  4.45  5.97  5.39  5.48  3.87  2.97
 4885.25  4.22  3.67  4.32  3.81  9.78  2.96  4.46  6.01  5.41  5.50  3.90  2.98
 4886.25  4.23  3.67  4.31  3.81  9.64  2.96  4.45  6.03  5.41  5.51  3.91  2.99
 4887.25  4.25  3.70  4.33  3.84  9.55  2.97  4.47  6.09  5.44  5.55  3.94  3.01
 4888.25  4.26  3.70  4.33  3.85  9.41  2.98  4.46  6.11  5.44  5.56  3.95  3.02
 4889.25  4.23  3.68  4.30  3.82  9.21  2.95  4.42  6.09  5.40  5.53  3.93  3.00
 4890.25  4.28  3.72  4.34  3.87  9.15  2.98  4.46  6.17  5.46  5.59  3.98  3.04
 4891.25  4.29  3.73  4.35  3.88  9.02  2.99  4.46  6.20  5.47  5.61  4.00  3.05
 4892.25  4.34  3.78  4.39  3.93  8.96  3.03  4.50  6.29  5.53  5.68  4.06  3.09
 4893.25  4.36  3.80  4.40  3.94  8.84  3.03  4.51  6.33  5.54  5.70  4.08  3.11
 4894.25  4.31  3.76  4.35  3.90  8.61  3.00  4.45  6.28  5.48  5.65  4.04  3.08
 4895.25  4.31  3.76  4.34  3.88  8.45  2.99  4.44  6.29  5.48  5.65  4.04  3.08
 4896.25  4.26  3.72  4.28  3.83  8.21  2.95  4.37  6.24  5.41  5.59  4.00  3.04
 4897.25  4.20  3.67  4.22  3.77  7.97  2.91  4.31  6.18  5.34  5.52  3.96  3.00
 4898.25  4.21  3.68  4.22  3.77  7.83  2.92  4.30  6.21  5.35  5.54  3.97  3.01
 4899.25  4.28  3.74  4.28  3.82  7.80  2.96  4.36  6.32  5.42  5.62  4.04  3.07
 4900.25  4.39  3.85  4.39  3.92  7.88  3.04  4.47  6.49  5.56  5.77  4.16  3.16
 4901.25  4.48  3.93  4.47  3.98  7.96  3.10  4.54  6.63  5.66  5.88  4.25  3.22
 4902.25  4.40  3.86  4.38  3.90  7.80  3.04  4.45  6.53  5.56  5.78  4.17  3.16
 4903.25  4.39  3.86  4.37  3.88  7.77  3.03  4.43  6.54  5.55  5.78  4.18  3.16
 4904.25  4.52  3.98  4.49  3.99  7.95  3.13  4.55  6.74  5.70  5.95  4.31  3.27
 4905.25  4.50  3.97  4.47  3.97  7.90  3.11  4.53  6.73  5.68  5.93  4.30  3.26
 4906.25  4.36  3.85  4.32  3.83  7.66  3.01  4.38  6.56  5.52  5.77  4.18  3.16
 4907.25  4.35  3.86  4.32  3.83  7.64  3.01  4.37  6.58  5.51  5.77  4.19  3.16
 4908.25  4.42  3.93  4.39  3.88  7.73  3.07  4.44  6.71  5.61  5.88  4.27  3.23
 4909.25  4.48  3.99  4.45  3.93  7.81  3.12  4.50  6.82  5.69  5.96  4.34  3.28
 4910.25  4.51  4.04  4.48  3.96  7.85  3.15  4.53  6.90  5.74  6.02  4.39  3.32
 4911.25  4.51  4.04  4.48  3.96  7.83  3.16  4.53  6.93  5.74  6.03  4.41  3.33
 4912.25  4.49  4.04  4.47  3.94  7.79  3.15  4.51  6.93  5.73  6.02  4.41  3.33
 4913.25  4.48  4.04  4.45  3.92  7.75  3.14  4.49  6.94  5.72  6.01  4.41  3.32
 4914.25  4.45  4.03  4.43  3.90  7.70  3.14  4.46  6.94  5.70  5.99  4.40  3.32
 4915.25  4.40  3.99  4.37  3.85  7.61  3.10  4.41  6.89  5.64  5.93  4.36  3.28
 4916.25  4.32  3.93  4.30  3.78  7.48  3.06  4.33  6.80  5.56  5.85  4.30  3.24
 4917.25  4.31  3.92  4.28  3.76  7.44  3.05  4.31  6.77  5.54  5.84  4.30  3.23
 4918.25  4.35  3.97  4.32  3.80  7.49  3.09  4.35  6.82  5.61  5.91  4.36  3.27
 4919.25  4.48  4.11  4.45  3.91  7.68  3.20  4.49  7.00  5.78  6.09  4.51  3.39
 4920.25  4.66  4.28  4.61  4.07  7.93  3.34  4.66  7.23  6.00  6.32  4.70  3.54
 4921.25  4.72  4.35  4.67  4.12  8.02  3.39  4.72  7.31  6.09  6.42  4.79  3.60
 4922.25  4.70  4.35  4.64  4.10  7.97  3.39  4.70  7.27  6.07  6.40  4.79  3.59
 4923.25  4.66  4.33  4.59  4.07  7.90  3.37  4.66  7.20  6.04  6.37  4.77  3.57
 4924.25  4.75  4.42  4.67  4.14  8.02  3.44  4.75  7.31  6.15  6.49  4.87  3.65
 4925.25  4.73  4.43  4.64  4.12  7.98  3.43  4.73  7.27  6.13  6.48  4.88  3.65
 4926.25  4.63  4.35  4.54  4.03  7.82  3.37  4.63  7.12  6.02  6.37  4.80  3.58
 4927.25  4.68  4.42  4.58  4.07  7.88  3.41  4.68  7.17  6.08  6.44  4.87  3.63
 4928.25  4.66  4.42  4.55  4.05  7.83  3.41  4.66  7.13  6.06  6.43  4.87  3.62
 4929.25  4.64  4.42  4.51  4.03  7.78  3.39  4.64  7.08  6.03  6.41  4.86  3.61
 4930.25  4.60  4.41  4.47  4.00  7.72  3.38  4.61  7.02  6.00  6.38  4.85  3.59
 4931.25  4.61  4.44  4.47  4.00  7.72  3.39  4.62  7.02  6.01  6.41  4.88  3.61
 4932.25  4.60  4.44  4.45  3.99  7.68  3.39  4.61  6.98  6.00  6.40  4.88  3.61
 4933.25  4.55  4.41  4.39  3.94  7.59  3.36  4.56  6.90  5.94  6.34  4.85  3.58
 4934.25  4.66  4.54  4.49  4.04  7.74  3.45  4.68  7.04  6.08  6.50  4.98  3.68
 4935.25  4.75  4.65  4.57  4.12  7.86  3.53  4.77  7.14  6.19  6.63  5.10  3.76
 4936.25  4.69  4.61  4.49  4.07  7.75  3.49  4.71  7.04  6.12  6.56  5.05  3.72
 4937.25  4.65  4.59  4.45  4.03  7.68  3.47  4.68  6.98  6.08  6.52  5.03  3.70
 4938.25  4.63  4.59  4.42  4.01  7.63  3.46  4.66  6.93  6.05  6.50  5.03  3.69
 4939.25  4.61  4.59  4.39  3.99  7.59  3.45  4.64  6.88  6.03  6.49  5.02  3.68
 4940.25  4.78  4.78  4.54  4.14  7.81  3.59  4.81  7.10  6.23  6.72  5.22  3.83
 4941.25  4.81  4.82  4.55  4.17  7.83  3.62  4.84  7.12  6.27  6.76  5.27  3.86
 4942.25  4.75  4.78  4.48  4.11  7.73  3.58  4.78  7.02  6.20  6.69  5.23  3.82
 4943.25  4.73  4.78  4.45  4.09  7.68  3.57  4.77  6.97  6.17  6.68  5.22  3.81
 4944.25  4.70  4.77  4.41  4.07  7.61  3.55  4.74  6.91  6.14  6.65  5.21  3.80
 4945.25  4.69  4.78  4.40  4.06  7.58  3.55  4.74  6.89  6.13  6.65  5.22  3.80
 4946.25  4.73  4.84  4.42  4.09  7.62  3.59  4.78  6.92  6.18  6.71  5.28  3.84
 4947.25  4.80  4.93  4.47  4.15  7.70  3.65  4.85  6.99  6.27  6.81  5.37  3.91
 4948.25  4.73  4.88  4.40  4.09  7.58  3.61  4.78  6.89  6.19  6.74  5.32  3.86
 4949.25  4.64  4.81  4.31  4.01  7.44  3.54  4.70  6.75  6.08  6.63  5.24  3.79
 4950.25  4.61  4.80  4.26  3.98  7.37  3.52  4.67  6.69  6.04  6.60  5.23  3.78
 4951.25  4.66  4.87  4.30  4.02  7.42  3.57  4.72  6.74  6.10  6.67  5.30  3.82
 4952.25  4.70  4.92  4.32  4.05  7.45  3.61  4.76  6.77  6.15  6.73  5.36  3.87
 4953.25  4.67  4.91  4.29  4.03  7.39  3.60  4.73  6.71  6.12  6.70  5.34  3.85
 4954.25  4.65  4.91  4.27  4.01  7.34  3.59  4.71  6.67  6.09  6.69  5.34  3.84
 4955.25  4.67  4.95  4.28  4.02  7.35  3.62  4.73  6.68  6.12  6.72  5.38  3.87
 4956.25  4.72  5.03  4.32  4.07  7.40  3.67  4.78  6.72  6.18  6.80  5.45  3.92
 4957.25  4.69  5.03  4.29  4.04  7.34  3.66  4.76  6.67  6.15  6.77  5.44  3.90
 4958.25  4.75  5.13  4.34  4.09  7.40  3.72  4.82  6.73  6.22  6.86  5.53  3.96
 4959.25  4.74  5.15  4.33  4.08  7.36  3.72  4.81  6.70  6.21  6.86  5.53  3.96
 4960.25  4.55  4.99  4.15  3.92  7.08  3.58  4.63  6.43  5.98  6.62  5.34  3.81
 4961.25  4.48  4.95  4.08  3.85  6.96  3.53  4.56  6.32  5.89  6.53  5.28  3.76
 4962.25  4.50  5.00  4.09  3.87  6.97  3.56  4.58  6.33  5.92  6.56  5.32  3.78
 4963.25  4.50  5.03  4.08  3.86  6.94  3.56  4.57  6.31  5.91  6.56  5.33  3.79
 4964.25  4.43  4.99  4.02  3.80  6.83  3.52  4.51  6.21  5.83  6.47  5.27  3.74
 4965.25  4.36  4.96  3.95  3.74  6.71  3.48  4.44  6.12  5.75  6.38  5.21  3.69
 4966.25  4.40  5.03  3.98  3.77  6.74  3.52  4.48  6.16  5.80  6.43  5.28  3.73
 4967.25  4.39  5.05  3.97  3.76  6.71  3.52  4.47  6.14  5.78  6.42  5.28  3.73
 4968.25  4.32  5.00  3.89  3.69  6.58  3.46  4.40  6.03  5.69  6.32  5.21  3.67
 4969.25  4.35  5.06  3.91  3.72  6.59  3.49  4.42  6.06  5.72  6.36  5.25  3.70
 4970.25  4.41  5.16  3.96  3.78  6.66  3.56  4.49  6.14  5.80  6.44  5.34  3.76
 4971.25  4.43  5.22  3.98  3.80  6.67  3.58  4.51  6.16  5.82  6.47  5.39  3.79
 4972.25  4.37  5.18  3.91  3.75  6.56  3.54  4.45  6.07  5.75  6.39  5.33  3.74
 4973.25  4.33  5.17  3.87  3.72  6.48  3.52  4.42  6.02  5.70  6.34  5.30  3.71
 4974.25  4.41  5.29  3.94  3.79  6.56  3.59  4.50  6.11  5.79  6.44  5.41  3.79
 4975.25  4.46  5.38  3.98  3.84  6.61  3.64  4.55  6.17  5.85  6.51  5.48  3.84
 4976.25  4.43  5.38  3.94  3.82  6.54  3.62  4.53  6.12  5.81  6.47  5.46  3.83
 4977.25  4.42  5.40  3.93  3.81  6.51  3.62  4.52  6.10  5.79  6.45  5.46  3.83
 4978.25  4.43  5.44  3.93  3.82  6.50  3.64  4.54  6.11  5.80  6.47  5.49  3.85
 4979.25  4.47  5.52  3.96  3.86  6.53  3.68  4.59  6.15  5.85  6.52  5.56  3.90
 4980.25  4.53  5.63  4.01  3.92  6.58  3.75  4.65  6.23  5.92  6.60  5.65  3.97
 4981.25  4.55  5.68  4.01  3.94  6.57  3.77  4.67  6.23  5.93  6.62  5.68  3.99
 4982.25  4.57  5.74  4.03  3.97  6.58  3.80  4.71  6.26  5.96  6.66  5.74  4.03
 4983.25  4.70  5.92  4.14  4.08  6.71  3.91  4.84  6.41  6.11  6.82  5.90  4.15
 4984.25  4.84  6.12  4.25  4.21  6.86  4.04  4.99  6.58  6.28  7.01  6.09  4.29
 4985.25  4.83  6.15  4.24  4.21  6.82  4.05  4.99  6.57  6.27  7.00  6.10  4.29
 4986.25  4.77  6.12  4.19  4.16  6.71  4.01  4.94  6.49  6.19  6.92  6.05  4.25
 4987.25  4.71  6.07  4.12  4.10  6.59  3.96  4.87  6.40  6.11  6.83  5.99  4.21
 4988.25  4.57  5.93  3.99  3.99  6.38  3.85  4.74  6.21  5.93  6.65  5.84  4.09
 4989.25  4.51  5.91  3.93  3.94  6.27  3.81  4.68  6.13  5.86  6.57  5.79  4.05
 4990.25  4.55  6.03  3.97  3.98  6.30  3.85  4.73  6.18  5.91  6.63  5.86  4.10
 4991.25  4.55  6.09  3.97  3.98  6.26  3.86  4.73  6.17  5.90  6.63  5.88  4.11
 4992.25  4.56  6.17  3.97  4.00  6.24  3.88  4.75  6.17  5.91  6.64  5.91  4.13
 4993.25  4.53  6.19  3.94  3.97  6.17  3.86  4.72  6.12  5.86  6.59  5.88  4.11
 4994.25  4.52  6.24  3.93  3.97  6.12  3.86  4.72  6.11  5.85  6.58  5.89  4.12
 4995.25  4.56  6.36  3.97  4.01  6.15  3.90  4.77  6.16  5.90  6.64  5.97  4.17
 4996.25  4.55  6.41  3.95  4.00  6.10  3.90  4.76  6.13  5.88  6.62  5.97  4.17
 4997.25  4.52  6.45  3.93  3.99  6.04  3.88  4.75  6.10  5.85  6.60  5.96  4.16
 4998.25  4.54  6.55  3.95  4.02  6.05  3.91  4.78  6.13  5.88  6.64  6.02  4.20
 4999.25  4.53  6.60  3.94  4.02  6.01  3.92  4.78  6.11  5.87  6.63  6.03  4.21
 5000.25  4.53  6.67  3.94  4.02  5.97  3.92  4.79  6.11  5.87  6.63  6.05  4.22
 5001.25  4.53  6.74  3.94  4.03  5.95  3.93  4.80  6.11  5.87  6.63  6.07  4.24
 5002.25  4.51  6.78  3.92  4.02  5.89  3.92  4.79  6.08  5.85  6.61  6.07  4.23
 5003.25  4.53  6.89  3.95  4.05  5.90  3.96  4.83  6.11  5.88  6.66  6.13  4.28
 5004.25  4.55  6.97  3.96  4.07  5.89  3.97  4.85  6.12  5.90  6.67  6.17  4.30
 5005.25  4.48  6.95  3.91  4.02  5.78  3.92  4.79  6.04  5.82  6.59  6.11  4.26
 5006.25  4.45  6.99  3.89  4.00  5.73  3.91  4.77  6.00  5.79  6.56  6.10  4.25
 5007.25  4.50  7.13  3.93  4.05  5.76  3.96  4.83  6.06  5.84  6.63  6.18  4.31
 5008.25  4.48  7.17  3.91  4.04  5.71  3.95  4.82  6.03  5.82  6.60  6.18  4.30
 5009.25  4.46  7.20  3.89  4.02  5.65  3.94  4.80  5.99  5.79  6.58  6.17  4.29
 5010.25  4.42  7.22  3.86  3.99  5.58  3.92  4.77  5.95  5.75  6.53  6.15  4.28
 5011.25  4.42  7.29  3.87  3.99  5.56  3.92  4.78  5.95  5.75  6.54  6.17  4.29
 5012.25  4.47  7.43  3.91  4.03  5.58  3.97  4.84  6.00  5.80  6.60  6.25  4.35
 5013.25  4.54  7.61  3.97  4.10  5.65  4.05  4.93  6.11  5.89  6.71  6.37  4.44
 5014.25  4.58  7.74  4.01  4.14  5.66  4.09  4.98  6.16  5.94  6.77  6.44  4.49
 5015.25  4.62  7.86  4.05  4.18  5.68  4.13  5.03  6.22  5.99  6.82  6.51  4.54
 5016.25  4.57  7.87  4.01  4.14  5.60  4.10  4.99  6.17  5.93  6.77  6.48  4.51
 5017.25  4.49  7.82  3.94  4.07  5.48  4.04  4.91  6.08  5.83  6.67  6.40  4.45
 5018.25  4.52  7.93  3.97  4.10  5.49  4.07  4.95  6.12  5.87  6.72  6.46  4.49
 5019.25  4.64  8.18  4.07  4.21  5.60  4.19  5.08  6.28  6.01  6.89  6.64  4.62
 5020.25  4.62  8.23  4.06  4.20  5.56  4.18  5.07  6.26  5.99  6.87  6.64  4.62
 5021.25  4.54  8.14  3.98  4.12  5.45  4.11  4.98  6.16  5.89  6.76  6.55  4.55
 5022.25  4.58  8.20  4.02  4.16  5.49  4.16  5.03  6.22  5.93  6.82  6.62  4.61
 5023.25  4.63  8.26  4.07  4.21  5.54  4.22  5.10  6.30  6.00  6.91  6.72  4.68
 5024.25  4.63  8.23  4.08  4.22  5.54  4.23  5.11  6.31  6.00  6.92  6.74  4.70
 5025.25  4.61  8.17  4.06  4.20  5.50  4.21  5.08  6.28  5.98  6.89  6.73  4.69
 5026.25  4.62  8.16  4.08  4.21  5.52  4.24  5.11  6.31  6.01  6.92  6.78  4.72
 5027.25  4.68  8.21  4.12  4.26  5.57  4.29  5.17  6.38  6.08  7.00  6.87  4.79
 5028.25  4.73  8.27  4.18  4.32  5.62  4.35  5.24  6.46  6.16  7.08  6.97  4.86
 5029.25  4.78  8.31  4.22  4.36  5.67  4.40  5.29  6.53  6.23  7.15  7.05  4.92
 5030.25  4.69  8.15  4.14  4.28  5.56  4.33  5.20  6.42  6.14  7.04  6.96  4.85
 5031.25  4.60  7.97  4.06  4.20  5.45  4.25  5.11  6.31  6.03  6.92  6.85  4.77
 5032.25  4.58  7.91  4.05  4.18  5.42  4.24  5.09  6.29  6.02  6.90  6.85  4.76
 5033.25  4.57  7.87  4.04  4.18  5.40  4.24  5.09  6.29  6.02  6.90  6.86  4.77
 5034.25  4.51  7.74  3.98  4.12  5.32  4.19  5.02  6.21  5.96  6.81  6.80  4.72
 5035.25  4.47  7.66  3.95  4.09  5.27  4.16  4.99  6.17  5.92  6.77  6.77  4.70
 5036.25  4.53  7.71  4.01  4.14  5.33  4.23  5.06  6.25  6.00  6.86  6.87  4.77
 5037.25  4.61  7.80  4.08  4.22  5.41  4.32  5.15  6.36  6.12  6.97  7.00  4.87
 5038.25  4.53  7.66  4.02  4.15  5.32  4.27  5.07  6.27  6.04  6.88  6.93  4.81
 5039.25  4.46  7.52  3.95  4.08  5.23  4.22  5.00  6.18  5.95  6.78  6.84  4.75
 5040.25  4.51  7.57  4.00  4.13  5.28  4.29  5.06  6.26  6.03  6.86  6.94  4.82
 5041.25  4.55  7.60  4.04  4.17  5.32  4.35  5.11  6.32  6.09  6.93  7.02  4.88
 5042.25  4.61  7.66  4.10  4.23  5.38  4.43  5.18  6.40  6.18  7.02  7.13  4.96
 5043.25  4.65  7.69  4.14  4.27  5.42  4.49  5.23  6.46  6.25  7.08  7.21  5.02
 5044.25  4.51  7.44  4.01  4.14  5.25  4.37  5.08  6.28  6.08  6.89  7.03  4.89
 5045.25  4.43  7.31  3.94  4.08  5.16  4.32  5.01  6.20  6.00  6.79  6.95  4.83
 5046.25  4.43  7.26  3.94  4.07  5.14  4.34  5.00  6.19  6.00  6.79  6.96  4.83
 5047.25  4.37  7.15  3.89  4.02  5.07  4.30  4.95  6.13  5.94  6.72  6.91  4.79
 5048.25  4.35  7.09  3.88  4.01  5.05  4.31  4.93  6.11  5.93  6.70  6.90  4.79
 5049.25  4.40  7.14  3.92  4.06  5.10  4.38  5.00  6.18  6.01  6.78  7.00  4.86
 5050.25  4.45  7.17  3.97  4.10  5.14  4.44  5.05  6.25  6.08  6.85  7.09  4.93
 5051.25  4.43  7.11  3.95  4.08  5.10  4.44  5.03  6.23  6.06  6.83  7.08  4.92
 5052.25  4.41  7.05  3.93  4.07  5.07  4.44  5.01  6.21  6.04  6.80  7.07  4.91
 5053.25  4.44  7.07  3.97  4.10  5.11  4.50  5.06  6.26  6.10  6.86  7.15  4.97
 5054.25  4.42  7.00  3.95  4.08  5.07  4.50  5.04  6.24  6.09  6.84  7.14  4.96
 5055.25  4.40  6.94  3.93  4.07  5.05  4.50  5.03  6.22  6.08  6.82  7.14  4.96
 5056.25  4.38  6.86  3.92  4.05  5.01  4.49  5.01  6.20  6.06  6.80  7.13  4.95
 5057.25  4.38  6.82  3.91  4.05  5.00  4.51  5.01  6.20  6.06  6.80  7.14  4.96
 5058.25  4.39  6.79  3.92  4.06  5.00  4.54  5.02  6.22  6.09  6.82  7.18  4.98
 5059.25  4.38  6.73  3.91  4.05  4.97  4.54  5.01  6.20  6.07  6.80  7.17  4.98
 5060.25  4.37  6.68  3.91  4.04  4.96  4.55  5.00  6.19  6.08  6.79  7.18  4.99
 5061.25  4.42  6.70  3.95  4.08  5.00  4.62  5.06  6.25  6.14  6.86  7.27  5.05
 5062.25  4.42  6.66  3.95  4.08  4.99  4.64  5.06  6.25  6.15  6.86  7.29  5.07
 5063.25  4.41  6.59  3.94  4.07  4.96  4.64  5.04  6.23  6.14  6.84  7.28  5.06
 5064.25  4.42  6.57  3.96  4.08  4.97  4.67  5.05  6.25  6.17  6.87  7.33  5.09
 5065.25  4.51  6.65  4.04  4.16  5.06  4.78  5.15  6.36  6.29  7.00  7.48  5.21
 5066.25  4.62  6.75  4.14  4.27  5.16  4.92  5.27  6.50  6.44  7.16  7.66  5.34
 5067.25  4.59  6.65  4.11  4.23  5.11  4.89  5.22  6.45  6.40  7.12  7.62  5.31
 5068.25  4.56  6.57  4.09  4.21  5.07  4.88  5.19  6.42  6.37  7.11  7.60  5.30
 5069.25  4.59  6.56  4.12  4.23  5.09  4.93  5.22  6.46  6.42  7.17  7.66  5.34
 5070.25  4.60  6.53  4.12  4.24  5.09  4.96  5.22  6.46  6.44  7.21  7.69  5.36
 5071.25  4.53  6.39  4.06  4.17  5.00  4.90  5.14  6.37  6.35  7.13  7.61  5.30
 5072.25  4.53  6.34  4.06  4.17  4.99  4.92  5.13  6.37  6.36  7.15  7.62  5.31
 5073.25  4.61  6.41  4.14  4.25  5.07  5.03  5.22  6.48  6.48  7.30  7.77  5.42
 5074.25  4.62  6.37  4.15  4.25  5.07  5.05  5.22  6.48  6.49  7.33  7.79  5.44
 5075.25  4.61  6.31  4.14  4.25  5.05  5.06  5.21  6.48  6.50  7.34  7.81  5.44
 5076.25  4.64  6.29  4.16  4.27  5.06  5.10  5.23  6.50  6.56  7.40  7.86  5.48
 5077.25  4.60  6.20  4.13  4.23  5.01  5.08  5.19  6.45  6.53  7.36  7.82  5.45
 5078.25  4.52  6.05  4.06  4.15  4.91  5.01  5.10  6.35  6.46  7.27  7.72  5.37
 5079.25  4.45  5.92  4.00  4.09  4.83  4.98  5.02  6.26  6.40  7.20  7.63  5.31
 5080.25  4.50  5.93  4.04  4.13  4.87  5.07  5.06  6.32  6.49  7.29  7.72  5.37
 5081.25  4.58  5.99  4.12  4.21  4.95  5.22  5.15  6.42  6.63  7.44  7.87  5.49
 5082.25  4.55  5.90  4.10  4.19  4.90  5.24  5.12  6.38  6.62  7.41  7.84  5.46
 5083.25  4.48  5.76  4.03  4.12  4.81  5.20  5.03  6.28  6.55  7.32  7.74  5.39
 5084.25  4.46  5.69  4.01  4.10  4.78  5.23  5.00  6.25  6.54  7.32  7.73  5.37
 5085.25  4.50  5.70  4.05  4.14  4.81  5.33  5.04  6.31  6.63  7.40  7.81  5.44
 5086.25  4.48  5.63  4.03  4.13  4.78  5.36  5.02  6.28  6.64  7.40  7.80  5.43
 5087.25  4.46  5.57  4.01  4.10  4.74  5.38  4.98  6.24  6.62  7.38  7.78  5.41
 5088.25  4.44  5.53  3.99  4.08  4.70  5.41  4.95  6.21  6.62  7.37  7.76  5.39
 5089.25  4.42  5.49  3.97  4.07  4.67  5.44  4.93  6.19  6.63  7.36  7.74  5.39
 5090.25  4.41  5.46  3.96  4.06  4.65  5.47  4.91  6.17  6.64  7.37  7.74  5.39
 5091.25  4.36  5.38  3.91  4.01  4.58  5.46  4.85  6.10  6.59  7.31  7.66  5.34
 5092.25  4.36  5.36  3.91  4.01  4.57  5.50  4.84  6.09  6.61  7.32  7.67  5.35
 5093.25  4.37  5.35  3.92  4.02  4.56  5.56  4.85  6.10  6.65  7.36  7.70  5.38
 5094.25  4.34  5.29  3.89  3.99  4.52  5.57  4.80  6.06  6.63  7.33  7.66  5.35
 5095.25  4.34  5.27  3.89  3.99  4.50  5.61  4.79  6.04  6.65  7.34  7.66  5.35
 5096.25  4.37  5.29  3.92  4.02  4.52  5.69  4.82  6.08  6.72  7.40  7.72  5.40
 5097.25  4.41  5.32  3.95  4.06  4.55  5.79  4.86  6.13  6.80  7.49  7.79  5.47
 5098.25  4.50  5.40  4.04  4.14  4.63  5.95  4.95  6.25  6.95  7.64  7.94  5.59
 5099.25  4.56  5.45  4.09  4.20  4.67  6.07  5.01  6.32  7.06  7.75  8.04  5.67
 5100.25  4.60  5.47  4.12  4.23  4.70  6.17  5.04  6.36  7.13  7.82  8.10  5.72
 5101.25  4.56  5.40  4.08  4.19  4.65  6.16  4.99  6.30  7.10  7.78  8.05  5.69
 5102.25  4.49  5.30  4.02  4.13  4.57  6.12  4.91  6.21  7.03  7.69  7.95  5.62
 5103.25  4.46  5.25  3.99  4.10  4.54  6.13  4.87  6.16  7.01  7.67  7.91  5.59
 5104.25  4.47  5.25  4.01  4.12  4.54  6.19  4.88  6.18  7.05  7.71  7.95  5.62
 5105.25  4.53  5.28  4.05  4.16  4.59  6.31  4.92  6.24  7.15  7.80  8.03  5.70
 5106.25  4.53  5.27  4.05  4.17  4.59  6.35  4.92  6.23  7.18  7.82  8.05  5.71
 5107.25  4.55  5.27  4.07  4.19  4.60  6.43  4.94  6.25  7.23  7.87  8.09  5.75
 5108.25  4.63  5.34  4.15  4.26  4.68  6.58  5.02  6.35  7.37  8.01  8.22  5.86
 5109.25  4.72  5.42  4.23  4.35  4.76  6.75  5.11  6.46  7.52  8.17  8.37  5.98
 5110.25  4.69  5.37  4.20  4.32  4.72  6.75  5.07  6.41  7.50  8.14  8.33  5.95
 5111.25  4.73  5.38  4.23  4.35  4.75  6.84  5.10  6.44  7.58  8.21  8.39  6.00
 5112.25  4.71  5.34  4.21  4.34  4.73  6.87  5.08  6.41  7.57  8.20  8.37  6.00
 5113.25  4.58  5.18  4.10  4.21  4.59  6.74  4.94  6.23  7.41  8.02  8.18  5.85
 5114.25  4.53  5.10  4.05  4.17  4.53  6.71  4.88  6.16  7.36  7.96  8.11  5.80
 5115.25  4.58  5.13  4.09  4.21  4.57  6.82  4.92  6.21  7.45  8.04  8.18  5.87
 5116.25  4.62  5.16  4.13  4.25  4.61  6.92  4.96  6.25  7.54  8.13  8.26  5.93
 5117.25  4.64  5.15  4.14  4.26  4.62  6.99  4.97  6.26  7.58  8.17  8.29  5.96
 5118.25  4.57  5.06  4.08  4.20  4.54  6.94  4.90  6.17  7.51  8.08  8.20  5.89
 5119.25  4.52  4.99  4.03  4.15  4.48  6.91  4.83  6.08  7.45  8.00  8.11  5.83
 5120.25  4.51  4.96  4.01  4.14  4.46  6.93  4.82  6.06  7.45  7.98  8.10  5.83
 5121.25  4.53  4.98  4.04  4.16  4.48  7.02  4.84  6.08  7.51  8.02  8.15  5.87
 5122.25  4.55  4.99  4.05  4.18  4.49  7.12  4.85  6.09  7.55  8.04  8.18  5.90
 5123.25  4.54  4.97  4.04  4.17  4.47  7.19  4.84  6.07  7.56  8.02  8.17  5.90
 5124.25  4.57  4.98  4.06  4.19  4.49  7.31  4.85  6.09  7.62  8.06  8.22  5.94
 5125.25  4.60  5.01  4.09  4.23  4.52  7.45  4.89  6.12  7.70  8.11  8.28  5.99
 5126.25  4.62  5.01  4.11  4.24  4.52  7.56  4.90  6.13  7.74  8.13  8.31  6.02
 5127.25  4.62  5.00  4.10  4.24  4.51  7.64  4.89  6.12  7.76  8.12  8.31  6.03
 5128.25  4.58  4.95  4.07  4.21  4.47  7.68  4.85  6.06  7.73  8.07  8.27  6.00
 5129.25  4.57  4.93  4.06  4.20  4.45  7.74  4.83  6.04  7.73  8.04  8.25  5.99
 5130.25  4.58  4.93  4.07  4.21  4.46  7.85  4.84  6.04  7.77  8.06  8.28  6.01
 5131.25  4.54  4.88  4.03  4.17  4.41  7.87  4.79  5.98  7.73  7.99  8.22  5.97
 5132.25  4.44  4.75  3.93  4.07  4.30  7.78  4.67  5.83  7.59  7.82  8.05  5.85
 5133.25  4.40  4.70  3.90  4.04  4.25  7.81  4.62  5.78  7.56  7.76  8.00  5.81
 5134.25  4.40  4.69  3.90  4.04  4.25  7.89  4.62  5.77  7.58  7.76  8.01  5.82
 5135.25  4.41  4.70  3.91  4.05  4.25  7.99  4.63  5.77  7.62  7.78  8.03  5.84
 5136.25  4.38  4.65  3.88  4.02  4.21  8.01  4.58  5.72  7.59  7.72  7.98  5.81
 5137.25  4.39  4.65  3.89  4.03  4.22  8.11  4.60  5.72  7.63  7.74  8.01  5.84
 5138.25  4.47  4.73  3.97  4.11  4.29  8.32  4.67  5.81  7.78  7.86  8.14  5.95
 5139.25  4.49  4.73  3.98  4.12  4.29  8.42  4.68  5.82  7.82  7.88  8.17  5.97
 5140.25  4.56  4.79  4.04  4.19  4.35  8.61  4.75  5.89  7.94  7.98  8.28  6.07
 5141.25  4.61  4.84  4.09  4.24  4.40  8.78  4.80  5.95  8.05  8.06  8.37  6.14
 5142.25  4.46  4.67  3.95  4.10  4.26  8.62  4.64  5.76  7.84  7.83  8.15  5.97
 5143.25  4.48  4.67  3.96  4.11  4.28  8.72  4.65  5.76  7.88  7.84  8.17  5.99
 5144.25  4.55  4.74  4.03  4.18  4.35  8.92  4.72  5.84  8.02  7.96  8.29  6.10
 5145.25  4.53  4.70  4.01  4.16  4.32  8.95  4.69  5.80  8.00  7.91  8.25  6.07
 5146.25  4.53  4.69  4.01  4.16  4.32  9.03  4.68  5.79  8.02  7.91  8.25  6.08
 5147.25  4.55  4.71  4.03  4.19  4.35  9.15  4.70  5.81  8.08  7.95  8.29  6.13
 5148.25  4.56  4.70  4.04  4.19  4.35  9.24  4.70  5.80  8.11  7.95  8.30  6.15
 5149.25  4.57  4.70  4.05  4.20  4.36  9.33  4.71  5.81  8.15  7.96  8.31  6.17
 5150.25  4.59  4.72  4.07  4.22  4.39  9.45  4.73  5.83  8.21  8.00  8.35  6.22
 5151.25  4.61  4.73  4.09  4.24  4.41  9.56  4.74  5.84  8.26  8.02  8.38  6.25
 5152.25  4.62  4.73  4.09  4.25  4.41  9.65  4.74  5.84  8.29  8.03  8.39  6.28
 5153.25  4.63  4.74  4.10  4.26  4.43  9.74  4.75  5.84  8.33  8.04  8.41  6.30
 5154.25  4.62  4.73  4.10  4.26  4.42  9.81  4.74  5.82  8.34  8.03  8.41  6.31
 5155.25  4.64  4.74  4.12  4.28  4.44  9.92  4.76  5.84  8.40  8.06  8.44  6.35
 5156.25  4.65  4.75  4.12  4.29  4.45 10.01  4.76  5.83  8.43  8.07  8.45  6.37
 5157.25  4.65  4.74  4.13  4.29  4.45 10.09  4.77  5.82  8.45  8.07  8.46  6.39
 5158.25  4.64  4.73  4.12  4.29  4.45 10.15  4.75  5.80  8.46  8.05  8.44  6.39
 5159.25  4.63  4.71  4.11  4.29  4.43 10.20  4.74  5.77  8.46  8.03  8.42  6.39
 5160.25  4.64  4.72  4.12  4.31  4.45 10.30  4.75  5.78  8.50  8.05  8.44  6.41
 5161.25  4.67  4.75  4.15  4.35  4.48 10.43  4.78  5.80  8.57  8.09  8.49  6.47
 5162.25  4.67  4.74  4.14  4.35  4.47 10.49  4.77  5.78  8.59  8.08  8.48  6.47
 5163.25  4.69  4.76  4.16  4.38  4.50 10.59  4.79  5.80  8.64  8.11  8.52  6.52
 5164.25  4.73  4.79  4.20  4.42  4.53 10.65  4.83  5.83  8.73  8.17  8.58  6.58
 5165.25  4.69  4.74  4.16  4.39  4.49 10.76  4.78  5.77  8.68  8.10  8.52  6.54
 5166.25  4.65  4.70  4.13  4.37  4.46 12.30  4.75  5.72  8.65  8.05  8.47  6.51
 5167.25  4.67  4.72  4.15  4.39  4.48 14.68  4.76  5.73  8.70  8.07  8.50  6.54
 5168.25  4.90  4.95  4.36  4.62  4.71 15.89  5.00  5.99  9.08  8.41  8.85  6.85
 5169.25  5.00  5.05  4.46  4.73  4.81 16.03  5.10  6.10  9.26  8.56  9.01  7.00
 5170.25  4.88  4.92  4.35  4.62  4.69 15.64  4.97  5.94  9.10  8.38  8.83  6.86
 5171.25  4.74  4.77  4.23  4.49  4.56 15.21  4.83  5.77  8.90  8.17  8.61  6.69
 5172.25  4.76  4.79  4.24  4.52  4.58 15.11  4.85  5.78  8.95  8.19  8.64  6.73
 5173.25  5.03  5.06  4.49  4.79  4.84 15.51  5.12  6.08  9.39  8.58  9.06  7.09
 5174.25  5.15  5.17  4.60  4.91  4.95 15.59  5.23  6.20  9.59  8.74  9.23  7.25
 5175.25  4.87  4.88  4.35  4.65  4.68 14.90  4.95  5.87  9.16  8.32  8.81  6.91
 5176.25  4.62  4.62  4.12  4.41  4.44 14.23  4.69  5.56  8.74  7.94  8.42  6.59
 5177.25  4.54  4.55  4.05  4.35  4.37 13.94  4.61  5.47  8.59  7.82  8.31  6.50
 5178.25  4.54  4.54  4.05  4.36  4.37 13.79  4.61  5.46  8.56  7.81  8.31  6.51
 5179.25  4.55  4.54  4.06  4.37  4.38 13.66  4.61  5.45  8.54  7.81  8.32  6.54
 5180.25  4.57  4.56  4.09  4.40  4.40 13.56  4.64  5.47  8.55  7.83  8.35  6.58
 5181.25  4.59  4.58  4.11  4.43  4.43 13.46  4.66  5.48  8.56  7.86  8.39  6.62
 5182.25  4.62  4.61  4.14  4.47  4.46 13.38  4.68  5.50  8.57  7.89  8.44  6.67
 5183.25  4.71  4.69  4.22  4.56  4.55 13.42  4.78  5.60  8.69  8.03  8.58  6.81
 5184.25  5.00  4.98  4.49  4.86  4.84 13.84  5.07  5.93  9.12  8.45  9.04  7.21
 5185.25  5.22  5.19  4.69  5.08  5.05 14.08  5.28  6.15  9.41  8.75  9.36  7.50
 5186.25  4.98  4.96  4.48  4.86  4.83 13.49  5.05  5.88  9.02  8.40  9.01  7.21
 5187.25  4.73  4.71  4.25  4.62  4.59 12.86  4.79  5.58  8.61  8.03  8.63  6.89
 5188.25  4.46  4.44  4.00  4.36  4.33 12.16  4.51  5.26  8.15  7.61  8.20  6.54
 5189.25  4.35  4.33  3.91  4.26  4.23 11.79  4.40  5.13  7.95  7.44  8.03  6.41
 5190.25  4.49  4.47  4.04  4.41  4.37 11.93  4.54  5.28  8.15  7.64  8.25  6.61
 5191.25  4.46  4.44  4.02  4.39  4.35 11.72  4.51  5.23  8.08  7.59  8.21  6.58
 5192.25  4.58  4.56  4.13  4.52  4.47 11.80  4.63  5.36  8.23  7.76  8.40  6.76
 5193.25  4.83  4.80  4.35  4.77  4.71 12.11  4.88  5.63  8.58  8.12  8.79  7.10
 5194.25  4.92  4.89  4.44  4.87  4.81 12.12  4.97  5.72  8.69  8.24  8.93  7.23
 5195.25  4.80  4.77  4.33  4.76  4.69 11.74  4.84  5.57  8.48  8.06  8.74  7.09
 5196.25  4.82  4.79  4.36  4.80  4.72 11.62  4.87  5.59  8.49  8.09  8.78  7.13
 5197.25  4.70  4.67  4.25  4.69  4.61 11.24  4.75  5.45  8.28  7.91  8.60  6.99
 5198.25  3.52  3.50  3.17  3.52  3.45  8.73  3.56  4.09  6.36  6.07  6.64  5.34
 5199.25  2.54  2.52  2.28  2.55  2.49  6.43  2.57  2.96  4.67  4.46  4.90  3.92
 5200.25  2.95  2.93  2.66  2.97  2.90  7.25  2.99  3.43  5.36  5.14  5.65  4.54
 5201.25  3.11  3.08  2.80  3.13  3.06  7.46  3.15  3.60  5.60  5.39  5.91  4.77
 5202.25  3.21  3.18  2.89  3.25  3.16  7.55  3.25  3.71  5.76  5.55  6.09  4.94
 5203.25  4.10  4.07  3.71  4.16  4.05  9.18  4.16  4.72  7.18  6.96  7.60  6.23
 5204.25  4.25  4.22  3.85  4.32  4.20  9.30  4.31  4.89  7.39  7.18  7.84  6.46
 5205.25  4.47  4.43  4.05  4.55  4.42  9.53  4.53  5.12  7.70  7.50  8.18  6.78
 5206.25  4.82  4.78  4.37  4.92  4.77 10.00  4.89  5.51  8.19  8.00  8.72  7.27
 5207.25  4.90  4.85  4.44  5.01  4.85 10.07  4.97  5.59  8.28  8.11  8.84  7.40
 5208.25  4.83  4.78  4.38  4.95  4.78  9.92  4.90  5.51  8.15  8.00  8.72  7.31
 5209.25  4.76  4.71  4.32  4.90  4.72  9.79  4.84  5.43  8.02  7.90  8.62  7.24
 5210.25  4.70  4.64  4.25  4.84  4.65  9.65  4.77  5.35  7.89  7.79  8.50  7.16
 5211.25  4.66  4.61  4.23  4.82  4.63  9.57  4.74  5.31  7.82  7.74  8.45  7.14
 5212.25  4.63  4.57  4.19  4.79  4.59  9.48  4.71  5.27  7.73  7.68  8.38  7.10
 5213.25  4.61  4.54  4.17  4.77  4.57  9.42  4.69  5.24  7.67  7.64  8.34  7.09
 5214.25  4.59  4.52  4.15  4.77  4.56  9.36  4.67  5.22  7.62  7.60  8.31  7.08
 5215.25  4.59  4.53  4.16  4.78  4.57  9.35  4.68  5.22  7.60  7.60  8.31  7.10
 5216.25  4.67  4.60  4.23  4.87  4.65  9.45  4.76  5.30  7.69  7.71  8.43  7.23
 5217.25  4.70  4.63  4.26  4.92  4.68  9.48  4.80  5.33  7.70  7.75  8.47  7.29
 5218.25  4.58  4.50  4.14  4.79  4.56  9.24  4.67  5.19  7.49  7.56  8.27  7.13
 5219.25  4.53  4.45  4.10  4.75  4.51  9.14  4.63  5.13  7.39  7.48  8.18  7.07
 5220.25  4.55  4.47  4.12  4.79  4.53  9.15  4.65  5.15  7.39  7.50  8.21  7.12
 5221.25  4.53  4.45  4.10  4.78  4.51  9.09  4.63  5.12  7.34  7.47  8.18  7.11
 5222.25  4.56  4.48  4.13  4.82  4.53  9.12  4.67  5.15  7.36  7.51  8.22  7.17
 5223.25  4.59  4.51  4.15  4.86  4.55  9.14  4.70  5.18  7.37  7.54  8.26  7.22
 5224.25  4.49  4.40  4.06  4.76  4.44  8.94  4.60  5.06  7.19  7.38  8.09  7.09
 5225.25  4.22  4.14  3.81  4.49  4.16  8.46  4.32  4.76  6.78  6.97  7.65  6.72
 5226.25  4.37  4.29  3.95  4.66  4.31  8.69  4.48  4.93  6.99  7.19  7.89  6.96
 5227.25  4.72  4.63  4.27  5.04  4.64  9.26  4.85  5.31  7.48  7.69  8.44  7.48
 5228.25  4.86  4.77  4.40  5.19  4.77  9.45  4.99  5.46  7.66  7.88  8.64  7.68
 5229.25  4.80  4.71  4.35  5.15  4.71  9.34  4.93  5.39  7.57  7.79  8.55  7.62
 5230.25  4.72  4.62  4.27  5.06  4.61  9.17  4.85  5.29  7.43  7.65  8.41  7.51
 5231.25  4.70  4.61  4.26  5.06  4.59  9.12  4.84  5.27  7.40  7.63  8.39  7.51
 5232.25  4.62  4.52  4.18  4.97  4.50  8.96  4.76  5.18  7.27  7.50  8.25  7.41
 5233.25  4.54  4.44  4.10  4.88  4.41  8.80  4.67  5.08  7.14  7.37  8.12  7.31
 5234.25  4.74  4.63  4.29  5.08  4.59  9.10  4.88  5.29  7.41  7.64  8.41  7.60
 5235.25  4.86  4.75  4.40  5.20  4.70  9.26  5.00  5.42  7.56  7.81  8.59  7.79
 5236.25  4.79  4.69  4.34  5.13  4.64  9.14  4.95  5.35  7.47  7.71  8.50  7.72
 5237.25  4.77  4.67  4.33  5.11  4.61  9.09  4.93  5.33  7.43  7.68  8.46  7.72
 5238.25  4.76  4.66  4.32  5.10  4.60  9.05  4.93  5.32  7.41  7.66  8.45  7.72
 5239.25  4.49  4.40  4.08  4.81  4.33  8.60  4.66  5.03  7.02  7.26  8.03  7.35
 5240.25  4.21  4.12  3.82  4.50  4.05  8.10  4.37  4.71  6.60  6.84  7.58  6.95
 5241.25  4.54  4.45  4.13  4.86  4.37  8.64  4.72  5.08  7.07  7.32  8.10  7.46
 5242.25  4.78  4.69  4.36  5.11  4.59  9.00  4.97  5.34  7.40  7.66  8.47  7.83
 5243.25  4.81  4.72  4.39  5.14  4.61  9.03  5.01  5.37  7.43  7.70  8.51  7.89
 5244.25  4.88  4.79  4.46  5.21  4.67  9.11  5.09  5.44  7.52  7.79  8.62  8.01
 5245.25  4.94  4.85  4.51  5.27  4.72  9.18  5.17  5.51  7.59  7.87  8.71  8.12
 5246.25  4.92  4.83  4.50  5.24  4.70  9.13  5.16  5.48  7.55  7.83  8.67  8.11
 5247.25  4.88  4.80  4.47  5.20  4.66  9.06  5.13  5.44  7.50  7.78  8.62  8.08
 5248.25  4.89  4.80  4.48  5.21  4.66  9.04  5.15  5.45  7.49  7.78  8.62  8.11
 5249.25  4.85  4.77  4.45  5.17  4.62  8.96  5.12  5.41  7.43  7.72  8.57  8.08
 5250.25  4.75  4.67  4.36  5.05  4.51  8.78  5.02  5.30  7.28  7.57  8.41  7.94
 5251.25  4.67  4.59  4.29  4.97  4.43  8.63  4.95  5.22  7.16  7.45  8.29  7.85
 5252.25  4.75  4.67  4.37  5.05  4.50  8.73  5.05  5.32  7.27  7.56  8.41  7.99
 5253.25  4.76  4.69  4.38  5.06  4.51  8.73  5.07  5.33  7.27  7.57  8.43  8.03
 5254.25  4.73  4.66  4.35  5.03  4.47  8.65  5.05  5.30  7.22  7.52  8.38  8.00
 5255.25  4.69  4.63  4.33  4.99  4.43  8.58  5.02  5.27  7.17  7.47  8.34  7.97
 5256.25  4.56  4.49  4.20  4.84  4.30  8.34  4.89  5.13  6.97  7.27  8.13  7.78
 5257.25  4.22  4.16  3.89  4.49  3.97  7.77  4.54  4.76  6.48  6.77  7.60  7.29
 5258.25  4.26  4.21  3.93  4.53  4.00  7.82  4.59  4.81  6.53  6.83  7.67  7.37
 5259.25  4.54  4.48  4.20  4.82  4.26  8.24  4.90  5.12  6.92  7.22  8.11  7.81
 5260.25  4.60  4.55  4.26  4.89  4.32  8.32  4.98  5.20  7.00  7.32  8.22  7.94
 5261.25  4.59  4.54  4.25  4.87  4.30  8.27  4.98  5.19  6.97  7.29  8.19  7.93
 5262.25  4.62  4.57  4.28  4.90  4.33  8.29  5.02  5.23  7.00  7.32  8.24  8.00
 5263.25  4.73  4.68  4.39  5.01  4.43  8.44  5.15  5.36  7.15  7.48  8.42  8.19
 5264.25  4.81  4.77  4.48  5.10  4.51  8.55  5.25  5.46  7.26  7.59  8.56  8.34
 5265.25  4.88  4.83  4.54  5.16  4.57  8.62  5.33  5.53  7.33  7.67  8.65  8.45
 5266.25  4.90  4.86  4.57  5.19  4.59  8.63  5.37  5.57  7.36  7.71  8.70  8.51
 5267.25  4.92  4.89  4.60  5.21  4.61  8.65  5.41  5.60  7.38  7.74  8.74  8.57
 5268.25  4.88  4.86  4.57  5.17  4.57  8.57  5.38  5.56  7.32  7.68  8.68  8.54
 5269.25  4.80  4.78  4.50  5.08  4.49  8.42  5.30  5.48  7.20  7.56  8.56  8.44
 5270.25  4.89  4.87  4.60  5.16  4.58  8.53  5.41  5.59  7.32  7.68  8.71  8.60
 5271.25  4.96  4.95  4.67  5.23  4.64  8.62  5.50  5.67  7.41  7.78  8.82  8.73
 5272.25  4.76  4.75  4.50  5.01  4.45  8.30  5.30  5.46  7.13  7.50  8.53  8.45
 5273.25  4.65  4.64  4.40  4.88  4.34  8.10  5.19  5.34  6.97  7.33  8.36  8.30
 5274.25  4.68  4.68  4.44  4.90  4.38  8.13  5.24  5.39  7.01  7.38  8.41  8.38
 5275.25  4.67  4.68  4.44  4.89  4.37  8.10  5.25  5.39  7.00  7.37  8.41  8.39
 5276.25  4.51  4.51  4.29  4.70  4.21  7.83  5.07  5.20  6.78  7.13  8.15  8.15
 5277.25  4.39  4.40  4.19  4.57  4.10  7.62  4.95  5.08  6.62  6.96  7.97  7.99
 5278.25  4.41  4.43  4.22  4.59  4.12  7.64  5.00  5.12  6.66  7.02  8.02  8.06
 5279.25  4.58  4.60  4.40  4.75  4.28  7.88  5.20  5.31  6.90  7.27  8.29  8.35
 5280.25  4.63  4.66  4.46  4.80  4.33  7.93  5.27  5.38  6.97  7.35  8.38  8.45
 5281.25  4.63  4.66  4.46  4.78  4.32  7.91  5.28  5.38  6.98  7.36  8.38  8.47
 5282.25  4.69  4.73  4.53  4.83  4.38  7.98  5.36  5.46  7.06  7.46  8.48  8.59
 5283.25  4.74  4.78  4.59  4.87  4.42  8.02  5.42  5.52  7.13  7.54  8.56  8.68
 5284.25  4.77  4.82  4.63  4.90  4.45  8.05  5.47  5.56  7.19  7.60  8.62  8.76
 5285.25  4.83  4.88  4.69  4.94  4.51  8.11  5.55  5.63  7.27  7.69  8.71  8.87
 5286.25  4.77  4.84  4.65  4.88  4.45  8.01  5.50  5.58  7.20  7.62  8.63  8.81
 5287.25  4.73  4.80  4.62  4.82  4.41  7.92  5.46  5.54  7.14  7.57  8.57  8.77
 5288.25  4.71  4.79  4.61  4.79  4.39  7.88  5.46  5.53  7.13  7.56  8.55  8.77
 5289.25  4.71  4.79  4.62  4.78  4.39  7.85  5.46  5.53  7.13  7.57  8.56  8.79
 5290.25  4.76  4.85  4.68  4.82  4.44  7.90  5.53  5.60  7.21  7.66  8.64  8.89
 5291.25  4.74  4.84  4.68  4.79  4.42  7.85  5.52  5.59  7.19  7.65  8.62  8.89
 5292.25  4.67  4.77  4.61  4.71  4.35  7.71  5.44  5.51  7.09  7.55  8.51  8.79
 5293.25  4.65  4.76  4.61  4.68  4.34  7.66  5.43  5.50  7.07  7.54  8.49  8.79
 5294.25  4.66  4.78  4.63  4.68  4.34  7.65  5.45  5.52  7.09  7.56  8.52  8.83
 5295.25  4.59  4.72  4.57  4.60  4.28  7.52  5.38  5.45  7.01  7.48  8.41  8.75
 5296.25  4.60  4.73  4.58  4.60  4.28  7.49  5.40  5.46  7.02  7.50  8.43  8.78
 5297.25  4.66  4.80  4.65  4.65  4.34  7.55  5.47  5.53  7.11  7.60  8.53  8.90
 5298.25  4.72  4.86  4.72  4.69  4.39  7.60  5.55  5.60  7.19  7.69  8.62  9.01
 5299.25  4.64  4.78  4.65  4.60  4.31  7.45  5.46  5.51  7.08  7.58  8.50  8.91
 5300.25  4.43  4.57  4.45  4.38  4.12  7.12  5.23  5.28  6.80  7.29  8.18  8.59
 5301.25  4.45  4.59  4.47  4.38  4.13  7.11  5.25  5.29  6.82  7.32  8.20  8.63
 5302.25  4.57  4.72  4.60  4.49  4.25  7.25  5.40  5.44  6.99  7.51  8.40  8.85
 5303.25  4.57  4.73  4.62  4.48  4.26  7.22  5.41  5.44  6.99  7.51  8.40  8.87
 5304.25  4.53  4.69  4.59  4.42  4.22  7.12  5.36  5.39  6.94  7.46  8.34  8.83
 5305.25  4.47  4.63  4.55  4.36  4.17  7.01  5.30  5.33  6.86  7.39  8.25  8.75
 5306.25  4.45  4.62  4.55  4.33  4.16  6.95  5.29  5.31  6.84  7.37  8.23  8.74
 5307.25  4.47  4.64  4.58  4.33  4.18  6.94  5.31  5.33  6.86  7.40  8.25  8.78
 5308.25  4.47  4.64  4.60  4.33  4.18  6.91  5.32  5.33  6.87  7.41  8.28  8.81
 5309.25  4.48  4.66  4.62  4.33  4.20  6.89  5.34  5.35  6.88  7.43  8.31  8.84
 5310.25  4.48  4.66  4.64  4.33  4.20  6.86  5.34  5.35  6.89  7.44  8.34  8.87
 5311.25  4.48  4.66  4.65  4.32  4.20  6.82  5.35  5.35  6.88  7.45  8.36  8.88
 5312.25  4.42  4.61  4.61  4.26  4.16  6.71  5.29  5.29  6.81  7.38  8.30  8.81
 5313.25  4.36  4.55  4.56  4.19  4.10  6.59  5.22  5.21  6.72  7.29  8.22  8.72
 5314.25  4.28  4.47  4.50  4.11  4.03  6.44  5.13  5.12  6.61  7.18  8.11  8.60
 5315.25  4.34  4.53  4.58  4.17  4.09  6.50  5.21  5.20  6.70  7.28  8.24  8.73
 5316.25  4.48  4.68  4.75  4.30  4.23  6.66  5.38  5.36  6.90  7.50  8.50  8.99
 5317.25  4.52  4.71  4.80  4.33  4.27  6.68  5.43  5.41  6.96  7.56  8.58  9.07
 5318.25  4.50  4.68  4.79  4.30  4.26  6.61  5.41  5.38  6.93  7.53  8.57  9.05
 5319.25  4.43  4.61  4.74  4.23  4.20  6.49  5.34  5.30  6.83  7.44  8.48  8.95
 5320.25  4.43  4.61  4.76  4.23  4.20  6.46  5.34  5.30  6.84  7.45  8.51  8.96
 5321.25  4.44  4.62  4.79  4.23  4.22  6.44  5.36  5.32  6.85  7.48  8.55  9.00
 5322.25  4.48  4.65  4.84  4.26  4.26  6.45  5.41  5.36  6.90  7.54  8.63  9.07
 5323.25  4.49  4.66  4.87  4.27  4.27  6.44  5.43  5.38  6.93  7.57  8.68  9.11
 5324.25  4.43  4.60  4.82  4.20  4.22  6.32  5.36  5.31  6.84  7.48  8.60  9.01
 5325.25  4.47  4.63  4.88  4.23  4.26  6.33  5.41  5.35  6.89  7.54  8.68  9.09
 5326.25  4.49  4.65  4.92  4.25  4.28  6.33  5.44  5.37  6.92  7.58  8.74  9.13
 5327.25  4.50  4.65  4.94  4.25  4.29  6.30  5.45  5.38  6.92  7.59  8.77  9.16
 5328.25  4.60  4.74  5.06  4.33  4.39  6.39  5.57  5.49  7.06  7.75  8.96  9.33
 5329.25  4.86  5.01  5.36  4.57  4.64  6.69  5.87  5.79  7.41  8.15  9.40  9.77
 5330.25  4.84  4.99  5.36  4.55  4.63  6.63  5.86  5.78  7.39  8.16  9.40  9.76
 5331.25  4.45  4.58  4.95  4.18  4.26  6.10  5.41  5.33  6.84  7.60  8.78  9.12
 5332.25  4.30  4.42  4.80  4.03  4.12  5.87  5.24  5.15  6.62  7.40  8.55  8.87
 5333.25  4.50  4.62  5.03  4.20  4.31  6.08  5.48  5.38  6.90  7.73  8.90  9.22
 5334.25  4.65  4.76  5.20  4.33  4.46  6.24  5.67  5.55  7.09  7.98  9.16  9.48
 5335.25  4.61  4.72  5.18  4.29  4.42  6.17  5.64  5.50  7.03  7.95  9.12  9.42
 5336.25  4.56  4.67  5.14  4.24  4.38  6.11  5.61  5.45  6.97  7.91  9.07  9.35
 5337.25  4.61  4.71  5.21  4.28  4.43  6.15  5.68  5.50  7.03  8.01  9.17  9.44
 5338.25  4.64  4.74  5.27  4.30  4.46  6.18  5.74  5.54  7.07  8.09  9.24  9.51
 5339.25  4.62  4.71  5.27  4.27  4.44  6.13  5.72  5.50  7.03  8.08  9.22  9.47
 5340.25  4.62  4.71  5.31  4.26  4.44  6.12  5.75  5.51  7.03  8.11  9.24  9.49
 5341.25  4.75  4.83  5.48  4.37  4.56  6.26  5.91  5.65  7.19  8.33  9.47  9.71
 5342.25  4.79  4.87  5.57  4.41  4.61  6.30  5.99  5.70  7.25  8.43  9.57  9.80
 5343.25  4.67  4.74  5.46  4.29  4.48  6.13  5.86  5.56  7.08  8.27  9.39  9.60
 5344.25  4.58  4.64  5.39  4.20  4.39  6.01  5.77  5.45  6.95  8.16  9.25  9.45
 5345.25  4.57  4.62  5.40  4.18  4.37  5.97  5.77  5.43  6.92  8.16  9.25  9.44
 5346.25  4.57  4.62  5.44  4.18  4.37  5.96  5.79  5.42  6.92  8.19  9.28  9.45
 5347.25  4.55  4.60  5.45  4.16  4.35  5.93  5.79  5.40  6.90  8.20  9.27  9.44
 5348.25  4.51  4.55  5.43  4.11  4.31  5.86  5.75  5.34  6.83  8.16  9.22  9.37
 5349.25  4.55  4.59  5.51  4.15  4.35  5.90  5.82  5.38  6.88  8.25  9.31  9.45
 5350.25  4.57  4.61  5.56  4.16  4.36  5.91  5.86  5.40  6.90  8.31  9.36  9.49
 5351.25  4.47  4.50  5.47  4.06  4.26  5.77  5.75  5.27  6.76  8.17  9.20  9.32
 5352.25  4.44  4.47  5.47  4.04  4.23  5.72  5.74  5.24  6.71  8.16  9.18  9.29
 5353.25  4.49  4.52  5.55  4.07  4.27  5.76  5.81  5.28  6.77  8.26  9.28  9.38
 5354.25  4.52  4.54  5.62  4.10  4.30  5.78  5.87  5.31  6.81  8.33  9.35  9.44
 5355.25  4.50  4.52  5.63  4.08  4.27  5.75  5.86  5.28  6.78  8.33  9.34  9.42
 5356.25  4.47  4.50  5.63  4.05  4.25  5.70  5.85  5.25  6.74  8.32  9.31  9.38
 5357.25  4.45  4.48  5.64  4.03  4.23  5.67  5.85  5.22  6.71  8.32  9.31  9.36
 5358.25  4.40  4.42  5.61  3.98  4.18  5.59  5.80  5.16  6.64  8.27  9.24  9.29
 5359.25  4.41  4.43  5.65  3.99  4.19  5.59  5.84  5.17  6.65  8.31  9.28  9.32
 5360.25  4.46  4.47  5.74  4.03  4.23  5.63  5.91  5.21  6.71  8.41  9.38  9.40
 5361.25  4.48  4.50  5.80  4.05  4.25  5.65  5.96  5.23  6.74  8.48  9.44  9.46
 5362.25  4.47  4.49  5.82  4.04  4.24  5.63  5.97  5.22  6.73  8.50  9.45  9.46
 5363.25  4.50  4.52  5.89  4.06  4.27  5.65  6.03  5.25  6.77  8.58  9.51  9.53
 5364.25  4.55  4.56  5.98  4.10  4.31  5.69  6.10  5.29  6.82  8.68  9.59  9.61
 5365.25  4.54  4.56  6.01  4.10  4.30  5.68  6.12  5.28  6.82  8.70  9.59  9.62
 5366.25  4.57  4.58  6.07  4.11  4.32  5.69  6.16  5.30  6.84  8.77  9.63  9.67
 5367.25  4.56  4.57  6.09  4.10  4.31  5.67  6.17  5.29  6.83  8.78  9.61  9.67
 5368.25  4.51  4.52  6.06  4.06  4.26  5.60  6.13  5.23  6.77  8.74  9.54  9.60
 5369.25  4.51  4.52  6.09  4.05  4.26  5.58  6.15  5.22  6.76  8.76  9.54  9.61
 5370.25  4.55  4.55  6.17  4.09  4.29  5.62  6.22  5.26  6.81  8.86  9.60  9.68
 5371.25  4.63  4.64  6.32  4.16  4.38  5.71  6.35  5.36  6.93  9.03  9.76  9.85
 5372.25  4.70  4.70  6.43  4.22  4.43  5.77  6.45  5.42  7.01  9.16  9.86  9.97
 5373.25  4.64  4.64  6.42  4.17  4.38  5.69  6.40  5.35  6.93  9.10  9.77  9.89
 5374.25  4.56  4.56  6.37  4.09  4.30  5.58  6.31  5.25  6.81  8.99  9.63  9.75
 5375.25  4.54  4.54  6.42  4.07  4.28  5.55  6.31  5.23  6.79  9.00  9.61  9.74
 5376.25  4.52  4.52  6.45  4.05  4.26  5.51  6.30  5.20  6.75  8.99  9.57  9.71
 5377.25  4.54  4.54  6.54  4.06  4.27  5.52  6.35  5.22  6.77  9.05  9.60  9.75
 5378.25  4.60  4.60  6.68  4.12  4.33  5.58  6.48  5.28  6.85  9.18  9.71  9.86
 5379.25  4.65  4.65  6.81  4.16  4.38  5.62  6.60  5.33  6.91  9.29  9.80  9.96
 5380.25  4.60  4.60  6.81  4.11  4.33  5.56  6.60  5.27  6.84  9.24  9.72  9.88
 5381.25  4.59  4.59  6.86  4.10  4.32  5.53  6.65  5.26  6.82  9.26  9.71  9.87
 5382.25  4.65  4.65  7.01  4.16  4.38  5.59  6.79  5.32  6.89  9.39  9.81  9.98
 5383.25  4.65  4.66  7.08  4.16  4.38  5.58  6.85  5.32  6.89  9.42  9.82  9.99
 5384.25  4.65  4.65  7.13  4.15  4.37  5.57  6.91  5.31  6.87  9.45  9.81  9.99
 5385.25  4.67  4.68  7.23  4.17  4.39  5.58  7.00  5.33  6.90  9.51  9.85 10.03
 5386.25  4.62  4.62  7.22  4.12  4.34  5.50  6.98  5.26  6.82  9.45  9.76  9.95
 5387.25  4.61  4.61  7.26  4.11  4.32  5.48  7.03  5.25  6.79  9.46  9.74  9.93
 5388.25  4.59  4.59  7.30  4.09  4.31  5.44  7.06  5.22  6.76  9.46  9.71  9.91
 5389.25  4.59  4.60  7.37  4.09  4.31  5.44  7.13  5.22  6.76  9.51  9.73  9.92
 5390.25  4.63  4.64  7.49  4.12  4.34  5.47  7.24  5.26  6.81  9.60  9.79  9.99
 5391.25  4.61  4.62  7.52  4.10  4.32  5.44  7.27  5.23  6.77  9.60  9.76  9.97
 5392.25  4.61  4.62  7.58  4.10  4.32  5.42  7.33  5.23  6.76  9.62  9.76  9.97
 5393.25  4.62  4.63  7.66  4.11  4.33  5.42  7.41  5.24  6.78  9.68  9.79 10.00
 5394.25  4.61  4.62  7.71  4.10  4.32  5.40  7.45  5.22  6.75  9.69  9.77  9.99
 5395.25  4.63  4.64  7.79  4.11  4.33  5.40  7.52  5.24  6.76  9.74  9.79 10.01
 5396.25  4.62  4.63  7.84  4.10  4.32  5.38  7.57  5.23  6.75  9.76  9.78 10.01
 5397.25  4.59  4.60  7.85  4.07  4.29  5.33  7.58  5.19  6.70  9.73  9.73  9.96
 5398.25  4.62  4.63  7.97  4.10  4.32  5.36  7.69  5.22  6.73  9.82  9.78 10.02
 5399.25  4.60  4.61  8.00  4.08  4.30  5.32  7.72  5.20  6.70  9.81  9.75  9.99
 5400.25  4.51  4.53  7.93  4.00  4.22  5.21  7.65  5.10  6.58  9.70  9.61  9.85
 5401.25  4.53  4.54  8.01  4.01  4.23  5.21  7.72  5.11  6.59  9.75  9.63  9.87
 5402.25  4.56  4.58  8.13  4.04  4.26  5.24  7.84  5.15  6.63  9.84  9.69  9.94
 5403.25  4.54  4.56  8.15  4.02  4.24  5.20  7.86  5.12  6.59  9.83  9.65  9.91
 5404.25  4.56  4.58  8.24  4.04  4.26  5.22  7.95  5.14  6.61  9.89  9.69  9.95
 5405.25  4.66  4.68  8.46  4.12  4.35  5.31  8.15  5.25  6.73 10.09  9.86 10.13
 5406.25  4.70  4.72  8.59  4.16  4.39  5.35  8.28  5.30  6.79 10.20  9.94 10.21
 5407.25  4.67  4.68  8.57  4.13  4.35  5.29  8.28  5.25  6.73 10.17  9.88 10.15
 5408.25  4.57  4.59  8.42  4.04  4.26  5.17  8.18  5.14  6.59 10.02  9.71  9.99
 5409.25  4.53  4.55  8.33  4.00  4.22  5.12  8.17  5.10  6.53  9.98  9.64  9.92
 5410.25  4.56  4.58  8.34  4.02  4.24  5.14  8.28  5.12  6.56 10.06  9.69  9.98
 5411.25  4.58  4.60  8.34  4.04  4.26  5.15  8.37  5.15  6.59 10.13  9.74 10.03
 5412.25  4.57  4.58  8.29  4.03  4.25  5.12  8.40  5.13  6.56 10.14  9.72 10.01
 5413.25  4.53  4.55  8.20  4.00  4.22  5.07  8.41  5.09  6.51 10.11  9.66  9.95
 5414.25  4.48  4.49  8.09  3.95  4.17  5.01  8.38  5.04  6.44 10.05  9.58  9.87
 5415.25  4.50  4.51  8.09  3.97  4.19  5.02  8.47  5.06  6.46 10.11  9.61  9.91
 5416.25  4.56  4.56  8.14  4.01  4.23  5.06  8.61  5.11  6.52 10.24  9.71 10.01
 5417.25  4.54  4.53  8.07  3.99  4.21  5.03  8.63  5.09  6.48 10.23  9.67  9.98
 5418.25  4.50  4.49  7.98  3.96  4.18  4.97  8.62  5.04  6.43 10.19  9.60  9.92
 5419.25  4.54  4.52  7.99  3.98  4.20  5.00  8.73  5.07  6.46 10.27  9.65  9.98
 5420.25  4.56  4.53  7.98  4.00  4.22  5.01  8.81  5.09  6.48 10.34  9.68 10.02
 5421.25  4.57  4.53  7.96  4.01  4.23  5.01  8.88  5.10  6.48 10.38  9.68 10.04
 5422.25  4.56  4.52  7.91  4.00  4.22  5.00  8.93  5.09  6.46 10.39  9.66 10.03
 5423.25  4.55  4.51  7.87  3.99  4.22  4.99  9.01  5.08  6.45 10.41  9.65 10.02
 5424.25  4.58  4.53  7.88  4.02  4.24  5.01  9.16  5.11  6.48 10.49  9.69 10.08
 5425.25  4.68  4.62  7.98  4.10  4.33  5.11  9.42  5.20  6.59 10.68  9.84 10.24
 5426.25  4.70  4.64  7.98  4.12  4.36  5.13  9.56  5.23  6.61 10.75  9.88 10.29
 5427.25  4.64  4.57  7.85  4.07  4.30  5.05  9.56  5.16  6.52 10.67  9.76 10.19
 5428.25  4.60  4.52  7.75  4.03  4.26  5.00  9.60  5.11  6.46 10.62  9.69 10.12
 5429.25  4.64  4.56  7.78  4.07  4.30  5.05  9.78  5.15  6.51 10.73  9.76 10.20
 5430.25  4.76  4.67  7.91  4.17  4.41  5.16 10.08  5.28  6.65 10.96  9.95 10.41
 5431.25  4.84  4.75  7.99  4.25  4.49  5.24 10.32  5.36  6.74 11.13 10.08 10.55
 5432.25  4.74  4.64  7.80  4.15  4.39  5.12 10.24  5.24  6.59 10.97  9.89 10.37
 5433.25  4.68  4.57  7.68  4.10  4.33  5.05 10.24  5.18  6.51 10.89  9.78 10.27
 5434.25  4.71  4.59  7.68  4.12  4.36  5.08 10.39  5.20  6.53 10.94  9.82 10.32
 5435.25  4.71  4.59  7.65  4.13  4.37  5.08 10.50  5.21  6.53 10.92  9.83 10.33
 5436.25  4.70  4.57  7.59  4.11  4.35  5.05 10.57  5.18  6.50 10.86  9.79 10.29
 5437.25  4.63  4.50  7.46  4.05  4.29  4.98 10.56  5.11  6.41 10.72  9.68 10.18
 5438.25  4.62  4.48  7.39  4.03  4.28  4.95 10.62  5.09  6.37 10.65  9.64 10.14
 5439.25  4.58  4.44  7.30  4.00  4.24  4.91 10.65  5.05  6.32 10.55  9.57 10.07
 5440.25  4.52  4.37  7.18  3.95  4.18  4.84 10.64  4.98  6.23 10.41  9.45  9.95
 5441.25  4.49  4.34  7.10  3.92  4.16  4.80 10.69  4.95  6.18 10.33  9.40  9.90
 5442.25  4.49  4.33  7.05  3.92  4.15  4.79 10.77  4.94  6.16 10.29  9.38  9.88
 5443.25  4.46  4.29  6.97  3.89  4.13  4.75 10.81  4.91  6.12 10.21  9.32  9.82
 5444.25  4.45  4.28  6.92  3.88  4.12  4.74 10.89  4.90  6.10 10.16  9.30  9.80
 5445.25  4.45  4.28  6.87  3.88  4.12  4.73 10.98  4.90  6.09 10.13  9.29  9.80
 5446.25  4.49  4.31  6.89  3.92  4.16  4.77 11.16  4.94  6.13 10.18  9.36  9.87
 5447.25  4.58  4.39  6.96  3.99  4.24  4.85 11.42  5.04  6.23 10.30  9.50 10.01
 5448.25  4.65  4.45  7.02  4.05  4.31  4.92 11.64  5.11  6.31 10.40  9.61 10.13
 5449.25  4.57  4.38  6.87  3.99  4.24  4.84 11.60  5.03  6.21 10.24  9.48 10.00
 5450.25  4.46  4.26  6.67  3.89  4.13  4.71 11.47  4.91  6.05 10.00  9.28  9.79
 5451.25  4.39  4.19  6.54  3.83  4.07  4.64 11.43  4.84  5.96  9.85  9.16  9.67
 5452.25  4.37  4.16  6.46  3.80  4.05  4.60 11.47  4.81  5.92  9.78  9.11  9.61
 5453.25  4.40  4.19  6.47  3.83  4.08  4.63 11.64  4.85  5.95  9.81  9.16  9.67
 5454.25  4.43  4.22  6.47  3.86  4.11  4.66 11.79  4.88  5.98  9.84  9.21  9.73
 5455.25  4.44  4.22  6.43  3.87  4.12  4.66 11.90  4.89  5.98  9.82  9.22  9.73
 5456.25  4.51  4.28  6.48  3.93  4.18  4.73 12.12  4.96  6.06  9.91  9.32  9.84
 5457.25  4.58  4.35  6.53  3.99  4.25  4.80 12.36  5.04  6.14 10.01  9.44  9.97
 5458.25  4.50  4.27  6.39  3.93  4.18  4.71 12.30  4.96  6.04  9.85  9.31  9.83
 5459.25  4.43  4.20  6.25  3.86  4.12  4.63 12.24  4.88  5.94  9.69  9.18  9.70
 5460.25  4.39  4.15  6.15  3.83  4.08  4.59 12.25  4.84  5.88  9.59  9.10  9.62
 5461.25  4.37  4.13  6.08  3.81  4.06  4.56 12.30  4.82  5.84  9.53  9.06  9.58
 5462.25  4.39  4.14  6.05  3.82  4.08  4.57 12.42  4.83  5.85  9.52  9.08  9.60
 5463.25  4.46  4.20  6.10  3.88  4.15  4.65 12.65  4.91  5.93  9.62  9.20  9.72
 5464.25  4.56  4.30  6.20  3.98  4.25  4.76 12.96  5.02  6.06  9.78  9.37  9.91
 5465.25  4.59  4.32  6.18  4.00  4.27  4.79 13.10  5.05  6.07  9.78  9.40  9.94
 5466.25  4.51  4.24  6.04  3.93  4.21  4.71 13.03  4.97  5.97  9.63  9.27  9.81
 5467.25  4.49  4.21  5.96  3.91  4.18  4.69 13.03  4.94  5.93  9.55  9.22  9.75
 5468.25  4.48  4.20  5.91  3.91  4.18  4.69 13.00  4.93  5.92  9.51  9.21  9.74
 5469.25  4.45  4.16  5.82  3.87  4.15  4.65 13.23  4.89  5.86  9.42  9.14  9.67
 5470.25  4.43  4.14  5.75  3.86  4.13  4.63 15.65  4.87  5.83  9.35  9.10  9.63
 5471.25  4.45  4.16  5.74  3.88  4.16  4.66 19.21  4.90  5.85  9.37  9.14  9.68
 5472.25  4.50  4.20  5.76  3.92  4.20  4.71 20.41  4.95  5.90  9.43  9.21  9.76
 5473.25  4.55  4.24  5.77  3.97  4.25  4.77 20.47  5.01  5.95  9.48  9.29  9.84
 5474.25  4.61  4.29  5.79  4.02  4.31  4.83 20.45  5.07  6.01  9.55  9.37  9.93
 5475.25  4.63  4.31  5.77  4.04  4.33  4.85 20.33  5.09  6.03  9.55  9.40  9.97
 5476.25  4.62  4.30  5.72  4.03  4.33  4.84 20.15  5.08  6.02  9.51  9.38  9.95
 5477.25  4.67  4.34  5.74  4.08  4.38  4.90 20.10  5.14  6.08  9.57  9.45 10.03
 5478.25  4.75  4.41  5.79  4.14  4.45  4.98 20.10  5.22  6.17  9.66  9.57 10.15
 5479.25  4.71  4.37  5.72  4.10  4.41  4.93 19.83  5.17  6.11  9.55  9.48 10.07
 5480.25  4.65  4.31  5.63  4.05  4.35  4.87 19.52  5.10  6.03  9.42  9.37  9.96
 5481.25  4.62  4.28  5.58  4.02  4.33  4.85 19.28  5.07  5.99  9.34  9.31  9.91
 5482.25  4.65  4.31  5.60  4.05  4.36  4.88 19.19  5.11  6.03  9.37  9.36  9.96
 5483.25  4.69  4.34  5.62  4.08  4.39  4.92 19.09  5.14  6.07  9.39  9.40 10.01
 5484.25  4.65  4.31  5.56  4.05  4.36  4.89 18.84  5.10  6.02  9.30  9.34  9.95
 5485.25  4.61  4.26  5.49  4.01  4.32  4.84 18.56  5.06  5.97  9.20  9.26  9.87
 5486.25  4.58  4.23  5.44  3.98  4.29  4.81 18.31  5.02  5.92  9.12  9.19  9.80
 5487.25  4.55  4.20  5.39  3.96  4.27  4.78 18.07  5.00  5.89  9.06  9.14  9.75
 5488.25  4.57  4.22  5.39  3.97  4.29  4.80 17.93  5.02  5.90  9.07  9.15  9.77
 5489.25  4.61  4.26  5.42  4.01  4.33  4.85 17.86  5.07  5.95  9.13  9.22  9.84
 5490.25  4.60  4.24  5.39  4.00  4.32  4.84 17.64  5.06  5.93  9.09  9.18  9.81
 5491.25  4.54  4.18  5.30  3.94  4.26  4.77 17.32  4.99  5.85  8.98  9.07  9.70
 5492.25  4.46  4.11  5.19  3.87  4.19  4.69 16.95  4.91  5.75  8.83  8.93  9.56
 5493.25  4.45  4.09  5.15  3.86  4.17  4.68 16.73  4.90  5.73  8.79  8.89  9.53
 5494.25  4.48  4.12  5.17  3.89  4.21  4.71 16.62  4.93  5.76  8.83  8.93  9.59
 5495.25  4.47  4.11  5.15  3.88  4.20  4.70 16.42  4.93  5.75  8.80  8.91  9.57
 5496.25  4.43  4.07  5.08  3.84  4.16  4.66 16.14  4.89  5.70  8.72  8.83  9.50
 5497.25  4.41  4.05  5.04  3.83  4.14  4.64 15.91  4.87  5.67  8.67  8.78  9.46
 5498.25  4.41  4.05  5.02  3.83  4.15  4.65 15.72  4.87  5.67  8.66  8.78  9.46
 5499.25  4.41  4.04  5.00  3.82  4.14  4.64 15.52  4.87  5.65  8.63  8.75  9.45
 5500.25  4.34  3.97  4.90  3.76  4.08  4.57 15.17  4.80  5.57  8.51  8.63  9.33
 5501.25  4.30  3.94  4.85  3.73  4.05  4.53 14.90  4.76  5.52  8.43  8.56  9.26
 5502.25  4.34  3.97  4.87  3.77  4.10  4.58 14.80  4.81  5.57  8.49  8.62  9.33
 5503.25  4.39  4.01  4.90  3.81  4.15  4.62 14.71  4.86  5.62  8.55  8.68  9.41
 5504.25  4.39  4.01  4.88  3.81  4.15  4.62 14.51  4.86  5.61  8.53  8.66  9.40
 5505.25  4.37  3.99  4.85  3.79  4.15  4.61 14.28  4.85  5.58  8.49  8.63  9.37
 5506.25  4.36  3.97  4.81  3.78  4.14  4.60 14.04  4.83  5.56  8.44  8.59  9.34
 5507.25  4.38  3.99  4.81  3.80  4.16  4.62 13.90  4.86  5.58  8.46  8.61  9.38
 5508.25  4.44  4.04  4.85  3.84  4.22  4.68 13.81  4.92  5.64  8.54  8.69  9.47
 5509.25  4.45  4.04  4.84  3.85  4.23  4.69 13.62  4.93  5.64  8.53  8.69  9.48
 5510.25  4.42  4.01  4.79  3.82  4.21  4.66 13.35  4.89  5.60  8.47  8.62  9.42
 5511.25  4.42  4.01  4.77  3.82  4.22  4.66 13.15  4.89  5.59  8.45  8.61  9.41
 5512.25  4.41  3.99  4.73  3.80  4.21  4.65 12.94  4.88  5.57  8.40  8.57  9.38
 5513.25  4.44  4.02  4.75  3.83  4.24  4.68 12.90  4.91  5.60  8.44  8.61  9.43
 5514.25  4.50  4.07  4.80  3.88  4.31  4.75 12.99  4.98  5.67  8.52  8.69  9.53
 5515.25  4.51  4.08  4.80  3.89  4.32  4.76 12.97  4.99  5.67  8.51  8.69  9.54
 5516.25  4.52  4.09  4.80  3.90  4.33  4.77 12.96  5.00  5.68  8.51  8.69  9.55
 5517.25  4.53  4.09  4.79  3.90  4.34  4.78 12.93  5.00  5.67  8.50  8.68  9.55
 5518.25  4.52  4.08  4.77  3.89  4.34  4.77 12.88  4.99  5.65  8.46  8.65  9.53
 5519.25  4.49  4.05  4.73  3.86  4.32  4.74 12.79  4.96  5.61  8.40  8.60  9.48
 5520.25  4.51  4.06  4.73  3.87  4.33  4.76 12.78  4.98  5.62  8.40  8.60  9.49
 5521.25  4.57  4.11  4.78  3.92  4.39  4.82 12.86  5.04  5.68  8.48  8.68  9.59
 5522.25  4.59  4.13  4.79  3.94  4.42  4.84 12.88  5.06  5.70  8.50  8.70  9.62
 5523.25  4.61  4.14  4.79  3.95  4.44  4.86 12.87  5.08  5.71  8.50  8.71  9.64
 5524.25  4.61  4.14  4.79  3.95  4.45  4.86 12.85  5.09  5.71  8.49  8.70  9.64
 5525.25  4.61  4.13  4.77  3.94  4.45  4.86 12.80  5.08  5.70  8.46  8.68  9.63
 5526.25  4.60  4.12  4.75  3.93  4.45  4.85 12.75  5.07  5.69  8.43  8.65  9.60
 5527.25  4.57  4.09  4.71  3.91  4.42  4.82 12.66  5.04  5.65  8.37  8.59  9.55
 5528.25  4.60  4.12  4.73  3.93  4.46  4.86 12.68  5.07  5.69  8.39  8.63  9.59
 5529.25  4.72  4.22  4.83  4.03  4.57  4.98 12.88  5.19  5.82  8.55  8.81  9.78
 5530.25  4.76  4.26  4.86  4.07  4.62  5.02 12.93  5.24  5.87  8.60  8.89  9.85
 5531.25  4.70  4.20  4.79  4.01  4.56  4.96 12.77  5.17  5.80  8.49  8.79  9.74
 5532.25  4.69  4.18  4.76  3.99  4.55  4.94 12.70  5.16  5.78  8.45  8.76  9.71
 5533.25  4.71  4.20  4.77  4.01  4.58  4.97 12.71  5.18  5.80  8.46  8.80  9.74
 5534.25  4.70  4.19  4.75  4.01  4.58  4.96 12.66  5.18  5.79  8.43  8.79  9.72
 5535.25  4.70  4.18  4.73  4.00  4.58  4.96 12.62  5.18  5.79  8.41  8.78  9.71
 5536.25  4.73  4.21  4.75  4.02  4.61  4.99 12.64  5.21  5.82  8.43  8.83  9.75
 5537.25  4.73  4.20  4.73  4.02  4.61  4.98 12.59  5.21  5.81  8.40  8.82  9.73
 5538.25  4.68  4.15  4.67  3.97  4.56  4.93 12.45  5.16  5.75  8.31  8.74  9.64
 5539.25  4.65  4.12  4.62  3.94  4.54  4.90 12.36  5.13  5.71  8.25  8.70  9.58
 5540.25  4.65  4.11  4.61  3.94  4.54  4.89 12.32  5.13  5.71  8.24  8.69  9.57
 5541.25  4.64  4.10  4.58  3.93  4.54  4.88 12.26  5.12  5.69  8.21  8.67  9.54
 5542.25  4.56  4.02  4.49  3.86  4.46  4.80 12.07  5.04  5.60  8.08  8.54  9.40
 5543.25  4.32  3.80  4.24  3.65  4.23  4.55 11.53  4.78  5.31  7.70  8.15  8.97
 5544.25  4.26  3.74  4.17  3.59  4.18  4.48 11.36  4.71  5.23  7.59  8.04  8.85
 5545.25  4.26  3.74  4.15  3.59  4.18  4.48 11.33  4.72  5.23  7.58  8.04  8.84
 5546.25  4.11  3.60  3.99  3.45  4.04  4.31 10.97  4.55  5.04  7.33  7.78  8.56
 5547.25  4.34  3.81  4.21  3.65  4.27  4.55 11.42  4.81  5.32  7.69  8.17  8.97
 5548.25  4.56  3.99  4.41  3.83  4.49  4.76 11.81  5.05  5.57  8.02  8.52  9.33
 5549.25  4.56  3.99  4.40  3.83  4.50  4.75 11.78  5.05  5.57  8.01  8.52  9.33
 5550.25  4.47  3.91  4.30  3.75  4.41  4.64 11.55  4.95  5.45  7.86  8.36  9.19
 5551.25  4.45  3.89  4.28  3.73  4.40  4.61 11.48  4.94  5.43  7.83  8.34  9.17
 5552.25  4.50  3.93  4.31  3.77  4.45  4.65 11.54  4.99  5.48  7.89  8.41  9.27
 5553.25  4.51  3.94  4.32  3.78  4.47  4.65 11.52  5.01  5.49  7.90  8.43  9.30
 5554.25  4.54  3.95  4.33  3.80  4.50  4.66 11.53  5.04  5.52  7.93  8.46  9.36
 5555.25  4.57  3.98  4.36  3.82  4.54  4.68 11.56  5.07  5.55  7.97  8.52  9.43
 5556.25  4.64  4.03  4.41  3.88  4.61  4.73 11.64  5.15  5.63  8.07  8.62  9.56
 5557.25  4.64  4.03  4.40  3.87  4.61  4.72 11.60  5.15  5.62  8.06  8.62  9.57
 5558.25  4.60  4.00  4.36  3.84  4.58  4.67 11.50  5.11  5.58  8.00  8.56  9.53
 5559.25  4.63  4.02  4.38  3.86  4.62  4.69 11.51  5.15  5.61  8.03  8.60  9.59
 5560.25  4.61  4.00  4.35  3.85  4.61  4.66 11.43  5.13  5.58  7.99  8.57  9.57
 5561.25  4.61  3.99  4.34  3.84  4.61  4.64 11.38  5.13  5.58  7.98  8.56  9.58
 5562.25  4.65  4.02  4.37  3.87  4.65  4.67 11.41  5.17  5.62  8.03  8.62  9.66
 5563.25  4.65  4.02  4.36  3.87  4.66  4.66 11.37  5.18  5.62  8.03  8.62  9.68
 5564.25  4.45  3.84  4.16  3.70  4.46  4.45 10.95  4.96  5.38  7.71  8.30  9.34
 5565.25  4.04  3.47  3.76  3.34  4.05  4.02 10.07  4.51  4.89  7.05  7.61  8.61
 5566.25  4.24  3.65  3.95  3.51  4.26  4.21 10.45  4.73  5.13  7.37  7.95  8.99
 5567.25  4.68  4.03  4.36  3.88  4.71  4.64 11.26  5.22  5.64  8.04  8.66  9.78
 5568.25  4.74  4.09  4.41  3.94  4.79  4.70 11.35  5.30  5.72  8.13  8.77  9.92
 5569.25  4.73  4.08  4.39  3.93  4.78  4.67 11.28  5.28  5.70  8.11  8.74  9.91
 5570.25  4.61  3.97  4.27  3.82  4.67  4.54 11.02  5.16  5.56  7.92  8.56  9.72
 5571.25  4.57  3.94  4.24  3.79  4.64  4.50 10.92  5.13  5.52  7.87  8.50  9.68
 5572.25  4.72  4.07  4.37  3.92  4.80  4.64 11.16  5.29  5.69  8.09  8.74  9.96
 5573.25  4.80  4.14  4.44  3.99  4.89  4.71 11.27  5.39  5.79  8.20  8.87 10.11
 5574.25  4.93  4.25  4.55  4.09  5.02  4.82 11.46  5.53  5.93  8.39  9.07 10.35
 5575.25  4.88  4.20  4.50  4.05  4.98  4.76 11.33  5.48  5.87  8.31  8.99 10.28
 5576.25  4.26  3.66  3.91  3.52  4.36  4.14 10.11  4.80  5.14  7.35  7.98  9.18
 5577.25  1.72  1.47  1.57  1.41  1.77  1.67  4.41  1.96  2.11  3.10  3.40  3.98
 5578.25  0.64  0.54  0.58  0.52  0.66  0.62  1.66  0.73  0.78  1.16  1.28  1.50
 5579.25  0.56  0.47  0.51  0.46  0.57  0.54  1.44  0.64  0.68  1.01  1.12  1.32
 5580.25  1.20  1.02  1.10  0.98  1.24  1.16  3.08  1.38  1.47  2.18  2.40  2.83
 5581.25  3.65  3.12  3.33  3.00  3.75  3.51  8.67  4.14  4.41  6.35  6.94  8.08
 5582.25  4.67  4.01  4.27  3.87  4.80  4.49 10.70  5.29  5.61  7.97  8.69 10.05
 5583.25  4.72  4.05  4.31  3.90  4.84  4.53 10.74  5.34  5.66  8.04  8.78 10.15
 5584.25  4.88  4.19  4.46  4.04  5.00  4.68 11.00  5.52  5.85  8.28  9.07 10.46
 5585.25  4.94  4.24  4.50  4.09  5.05  4.72 11.06  5.59  5.91  8.36  9.19 10.57
 5586.25  4.94  4.24  4.50  4.09  5.04  4.71 11.02  5.58  5.90  8.35  9.21 10.58
 5587.25  4.95  4.25  4.51  4.10  5.05  4.71 11.00  5.60  5.91  8.36  9.26 10.62
 5588.25  5.01  4.30  4.56  4.15  5.11  4.76 11.08  5.67  5.99  8.45  9.39 10.75
 5589.25  4.84  4.15  4.40  4.00  4.93  4.59 10.74  5.48  5.79  8.20  9.14 10.48
 5590.25  4.30  3.68  3.90  3.55  4.38  4.07  9.72  4.89  5.16  7.38  8.29  9.53
 5591.25  4.33  3.70  3.92  3.57  4.40  4.09  9.74  4.92  5.19  7.42  8.36  9.59
 5592.25  4.74  4.06  4.30  3.92  4.81  4.48 10.45  5.38  5.66  8.04  9.07 10.36
 5593.25  4.82  4.12  4.36  3.98  4.88  4.54 10.55  5.46  5.75  8.14  9.22 10.51
 5594.25  4.80  4.10  4.35  3.96  4.86  4.52 10.48  5.44  5.72  8.10  9.21 10.49
 5595.25  4.78  4.09  4.32  3.95  4.83  4.49 10.41  5.42  5.70  8.07  9.21 10.48
 5596.25  4.79  4.10  4.33  3.96  4.84  4.50 10.39  5.44  5.71  8.08  9.26 10.52
 5597.25  4.71  4.03  4.26  3.89  4.75  4.42 10.22  5.35  5.62  7.95  9.16 10.40
 5598.25  4.59  3.91  4.14  3.78  4.62  4.30  9.96  5.21  5.47  7.76  8.98 10.19
 5599.25  4.45  3.80  4.01  3.67  4.48  4.16  9.68  5.07  5.31  7.55  8.78  9.96
 5600.25  4.60  3.93  4.15  3.79  4.63  4.30  9.91  5.23  5.48  7.77  9.06 10.25
 5601.25  4.73  4.04  4.26  3.90  4.75  4.42 10.10  5.38  5.63  7.95  9.30 10.50
 5602.25  4.78  4.08  4.31  3.94  4.80  4.46 10.15  5.44  5.68  8.02  9.41 10.61
 5603.25  4.80  4.10  4.32  3.96  4.81  4.47 10.14  5.46  5.70  8.04  9.47 10.67
 5604.25  4.79  4.09  4.31  3.95  4.80  4.46 10.08  5.45  5.69  8.02  9.48 10.67
 5605.25  4.59  3.91  4.13  3.78  4.59  4.26  9.69  5.23  5.46  7.72  9.18 10.33
 5606.25  4.07  3.45  3.65  3.34  4.06  3.77  8.70  4.65  4.85  6.91  8.29  9.35
 5607.25  4.09  3.47  3.66  3.36  4.08  3.78  8.70  4.67  4.87  6.93  8.35  9.39
 5608.25  4.56  3.88  4.09  3.76  4.55  4.22  9.50  5.20  5.41  7.65  9.20 10.28
 5609.25  4.70  4.00  4.22  3.88  4.68  4.35  9.70  5.36  5.58  7.86  9.47 10.54
 5610.25  4.69  3.99  4.21  3.87  4.67  4.33  9.64  5.36  5.57  7.84  9.48 10.52
 5611.25  4.70  4.00  4.21  3.88  4.67  4.33  9.61  5.36  5.57  7.84  9.52 10.52
 5612.25  4.69  3.99  4.20  3.87  4.66  4.32  9.55  5.36  5.56  7.82  9.54 10.51
 5613.25  4.65  3.95  4.16  3.84  4.61  4.28  9.44  5.31  5.51  7.75  9.49 10.43
 5614.25  4.65  3.95  4.15  3.83  4.60  4.27  9.38  5.31  5.50  7.74  9.51 10.42
 5615.25  4.73  4.02  4.23  3.91  4.68  4.34  9.47  5.40  5.60  7.85  9.68 10.56
 5616.25  4.87  4.14  4.36  4.03  4.82  4.47  9.67  5.57  5.76  8.06  9.95 10.81
 5617.25  4.93  4.19  4.40  4.07  4.86  4.51  9.70  5.63  5.82  8.13 10.06 10.90
 5618.25  4.68  3.97  4.18  3.87  4.62  4.28  9.26  5.36  5.53  7.76  9.67 10.47
 5619.25  4.63  3.93  4.13  3.83  4.56  4.23  9.13  5.30  5.48  7.68  9.62 10.37
 5620.25  4.80  4.07  4.28  3.97  4.72  4.38  9.36  5.49  5.66  7.92  9.93 10.67
 5621.25  4.84  4.10  4.32  4.01  4.75  4.41  9.38  5.54  5.71  7.97 10.03 10.74
 5622.25  4.85  4.11  4.32  4.01  4.74  4.41  9.34  5.55  5.72  7.98 10.06 10.75
 5623.25  4.85  4.11  4.32  4.01  4.73  4.40  9.30  5.55  5.71  7.97 10.09 10.74
 5624.25  4.62  3.91  4.11  3.82  4.49  4.19  8.88  5.29  5.45  7.63  9.72 10.33
 5625.25  4.29  3.61  3.81  3.53  4.15  3.87  8.28  4.92  5.06  7.13  9.16  9.72
 5626.25  4.62  3.89  4.10  3.81  4.45  4.17  8.79  5.29  5.43  7.61  9.78 10.34
 5627.25  4.98  4.20  4.42  4.11  4.78  4.49  9.31  5.68  5.82  8.12 10.41 10.96
 5628.25  5.01  4.21  4.43  4.13  4.78  4.50  9.29  5.71  5.83  8.14 10.47 10.99
 5629.25  4.98  4.18  4.39  4.09  4.73  4.46  9.18  5.67  5.78  8.07 10.43 10.92
 5630.25  4.94  4.13  4.35  4.05  4.67  4.41  9.06  5.64  5.72  8.00 10.38 10.83
 5631.25  4.96  4.14  4.36  4.07  4.67  4.42  9.03  5.67  5.73  8.01 10.43 10.85
 5632.25  5.02  4.18  4.40  4.11  4.70  4.46  9.06  5.74  5.77  8.07 10.54 10.93
 5633.25  5.02  4.18  4.39  4.10  4.68  4.45  9.00  5.75  5.76  8.06 10.55 10.92
 5634.25  5.05  4.20  4.42  4.13  4.69  4.48  8.99  5.79  5.78  8.09 10.62 10.96
 5635.25  5.09  4.22  4.44  4.15  4.71  4.51  8.99  5.84  5.80  8.12 10.70 11.01
 5636.25  5.09  4.21  4.43  4.15  4.69  4.50  8.93  5.85  5.79  8.11 10.72 10.99
 5637.25  5.10  4.21  4.43  4.14  4.67  4.50  8.88  5.86  5.78  8.09 10.74 10.99
 5638.25  5.12  4.22  4.44  4.16  4.67  4.52  8.85  5.90  5.79  8.11 10.79 11.01
 5639.25  5.13  4.22  4.44  4.16  4.65  4.52  8.81  5.92  5.78  8.10 10.82 11.01
 5640.25  4.98  4.08  4.29  4.02  4.49  4.38  8.52  5.75  5.59  7.87 10.57 10.73
 5641.25  4.94  4.04  4.25  3.99  4.43  4.34  8.40  5.71  5.53  7.80 10.52 10.64
 5642.25  5.13  4.19  4.41  4.13  4.58  4.50  8.62  5.93  5.72  8.04 10.85 10.95
 5643.25  5.12  4.18  4.39  4.12  4.55  4.48  8.54  5.93  5.70  8.01 10.86 10.92
 5644.25  5.03  4.10  4.31  4.05  4.45  4.40  8.36  5.84  5.59  7.87 10.73 10.76
 5645.25  4.95  4.02  4.22  3.97  4.35  4.32  8.17  5.75  5.48  7.73 10.59 10.59
 5646.25  4.69  3.80  3.99  3.75  4.10  4.08  7.73  5.46  5.18  7.34 10.15 10.12
 5647.25  4.65  3.76  3.94  3.72  4.05  4.04  7.62  5.43  5.12  7.27 10.09 10.04
 5648.25  4.87  3.93  4.13  3.90  4.22  4.23  7.90  5.68  5.35  7.56 10.50 10.41
 5649.25  4.92  3.97  4.16  3.94  4.25  4.27  7.95  5.75  5.39  7.61 10.61 10.49
 5650.25  4.93  3.97  4.16  3.95  4.23  4.27  7.93  5.77  5.38  7.60 10.64 10.49
 5651.25  5.00  4.02  4.21  4.00  4.27  4.33  7.99  5.85  5.43  7.67 10.76 10.58
 5652.25  5.01  4.02  4.22  4.01  4.26  4.33  7.98  5.88  5.44  7.67 10.80 10.60
 5653.25  4.99  4.00  4.19  3.98  4.22  4.30  7.91  5.85  5.39  7.61 10.77 10.54
 5654.25  4.61  3.68  3.86  3.67  3.88  3.97  7.35  5.43  4.98  7.07 10.12  9.86
 5655.25  2.74  2.16  2.27  2.16  2.28  2.34  4.48  3.26  2.96  4.30  6.37  6.18
 5656.25  1.57  1.23  1.29  1.23  1.29  1.33  2.58  1.88  1.69  2.48  3.74  3.61
 5657.25  1.77  1.39  1.46  1.39  1.45  1.50  2.89  2.12  1.90  2.78  4.22  4.06
 5658.25  3.57  2.80  2.94  2.81  2.91  3.03  5.66  4.23  3.80  5.46  8.10  7.79
 5659.25  4.77  3.76  3.94  3.77  3.90  4.06  7.39  5.63  5.05  7.16 10.44 10.04
 5660.25  4.61  3.62  3.79  3.64  3.74  3.91  7.13  5.44  4.86  6.91 10.15  9.73
 5661.25  4.99  3.93  4.11  3.95  4.04  4.24  7.64  5.89  5.25  7.42 10.85 10.38
 5662.25  5.31  4.17  4.36  4.20  4.29  4.50  8.02  6.24  5.55  7.81 11.39 10.88
 5663.25  5.61  4.41  4.61  4.45  4.53  4.76  8.40  6.59  5.85  8.18 11.91 11.35
 5664.25  5.83  4.58  4.78  4.62  4.69  4.94  8.64  6.83  6.05  8.43 12.26 11.66
 5665.25  5.81  4.55  4.75  4.60  4.66  4.92  8.58  6.82  6.01  8.39 12.24 11.61
 5666.25  5.91  4.62  4.82  4.67  4.72  4.99  8.67  6.93  6.09  8.48 12.40 11.72
 5667.25  6.05  4.73  4.93  4.78  4.82  5.11  8.81  7.09  6.21  8.63 12.63 11.91
 5668.25  6.17  4.81  5.02  4.87  4.89  5.20  8.92  7.22  6.30  8.75 12.81 12.05
 5669.25  6.17  4.80  5.01  4.87  4.87  5.19  8.88  7.22  6.28  8.72 12.82 12.02
 5670.25  5.85  4.52  4.72  4.59  4.58  4.90  8.43  6.86  5.94  8.29 12.33 11.50
 5671.25  5.64  4.35  4.54  4.42  4.40  4.71  8.13  6.64  5.71  8.00 12.01 11.16
 5672.25  5.74  4.41  4.60  4.49  4.45  4.78  8.21  6.74  5.78  8.09 12.16 11.27
 5673.25  5.75  4.41  4.60  4.49  4.45  4.78  8.19  6.76  5.78  8.08 12.19 11.27
 5674.25  5.76  4.40  4.60  4.49  4.43  4.78  8.16  6.77  5.77  8.06 12.21 11.25
 5675.25  5.84  4.45  4.65  4.55  4.48  4.83  8.23  6.87  5.83  8.14 12.35 11.34
 5676.25  5.91  4.50  4.70  4.61  4.52  4.88  8.28  6.96  5.88  8.20 12.47 11.43
 5677.25  5.92  4.49  4.70  4.61  4.51  4.87  8.26  7.01  5.87  8.19 12.49 11.41
 5678.25  5.86  4.43  4.63  4.55  4.44  4.80  8.14  6.98  5.79  8.08 12.40 11.28
 5679.25  5.78  4.35  4.55  4.48  4.35  4.71  8.00  6.93  5.69  7.95 12.28 11.13
 5680.25  5.75  4.31  4.52  4.45  4.31  4.67  7.92  6.93  5.65  7.89 12.23 11.06
 5681.25  5.72  4.27  4.48  4.42  4.27  4.62  7.84  6.94  5.60  7.82 12.19 10.97
 5682.25  5.64  4.19  4.40  4.35  4.19  4.54  7.71  6.89  5.50  7.69 12.06 10.82
 5683.25  5.63  4.17  4.38  4.34  4.16  4.52  7.66  6.91  5.48  7.65 12.05 10.78
 5684.25  5.74  4.25  4.46  4.44  4.23  4.59  7.76  7.08  5.57  7.76 12.24 10.92
 5685.25  5.69  4.20  4.41  4.40  4.17  4.54  7.66  7.07  5.50  7.68 12.17 10.82
 5686.25  5.58  4.09  4.30  4.31  4.07  4.43  7.48  6.97  5.38  7.51 11.98 10.61
 5687.25  5.60  4.10  4.31  4.33  4.06  4.43  7.47  7.04  5.38  7.51 12.02 10.61
 5688.25  5.75  4.20  4.42  4.45  4.16  4.54  7.63  7.26  5.51  7.67 12.28 10.82
 5689.25  5.74  4.19  4.41  4.45  4.14  4.52  7.58  7.29  5.49  7.64 12.28 10.78
 5690.25  5.56  4.04  4.26  4.31  3.99  4.36  7.33  7.12  5.30  7.40 11.99 10.48
 5691.25  5.62  4.07  4.30  4.35  4.02  4.39  7.36  7.22  5.34  7.44 12.09 10.54
 5692.25  5.60  4.04  4.27  4.34  3.98  4.36  7.30  7.23  5.30  7.39 12.04 10.48
 5693.25  5.53  3.97  4.21  4.28  3.91  4.29  7.18  7.19  5.22  7.28 11.90 10.35
 5694.25  5.59  4.01  4.25  4.34  3.95  4.33  7.23  7.31  5.27  7.33 11.96 10.42
 5695.25  5.68  4.07  4.31  4.41  4.00  4.39  7.30  7.45  5.34  7.42 12.05 10.53
 5696.25  5.70  4.07  4.32  4.43  3.99  4.39  7.29  7.51  5.34  7.41 12.03 10.53
 5697.25  5.58  3.97  4.21  4.33  3.88  4.27  7.11  7.40  5.21  7.24 11.77 10.31
 5698.25  5.48  3.88  4.13  4.26  3.80  4.18  6.96  7.32  5.10  7.10 11.56 10.14
 5699.25  5.58  3.94  4.20  4.34  3.85  4.25  7.05  7.47  5.18  7.19 11.67 10.26
 5700.25  5.65  3.99  4.25  4.40  3.89  4.29  7.10  7.60  5.23  7.25 11.73 10.34
 5701.25  5.62  3.95  4.21  4.37  3.85  4.25  7.03  7.60  5.19  7.19 11.63 10.27
 5702.25  5.62  3.94  4.21  4.38  3.85  4.24  7.00  7.64  5.18  7.17 11.58 10.25
 5703.25  5.60  3.91  4.18  4.36  3.81  4.21  6.94  7.64  5.14  7.11 11.49 10.19
 5704.25  5.57  3.88  4.15  4.34  3.78  4.18  6.88  7.65  5.10  7.06 11.40 10.13
 5705.25  5.59  3.88  4.16  4.36  3.78  4.18  6.87  7.70  5.10  7.05 11.37 10.12
 5706.25  5.61  3.88  4.17  4.38  3.78  4.18  6.86  7.76  5.11  7.05 11.35 10.13
 5707.25  5.66  3.91  4.20  4.42  3.81  4.20  6.89  7.86  5.14  7.08 11.38 10.18
 5708.25  5.65  3.89  4.18  4.41  3.79  4.18  6.85  7.89  5.12  7.05 11.32 10.14
 5709.25  5.66  3.88  4.18  4.42  3.78  4.18  6.82  7.93  5.11  7.03 11.28 10.13
 5710.25  5.74  3.93  4.24  4.49  3.83  4.23  6.89  8.07  5.17  7.11 11.36 10.23
 5711.25  5.76  3.93  4.24  4.51  3.83  4.23  6.87  8.13  5.17  7.10 11.34 10.23
 5712.25  5.75  3.91  4.23  4.50  3.81  4.21  6.83  8.15  5.15  7.07 11.27 10.19
 5713.25  5.76  3.91  4.23  4.51  3.80  4.20  6.81  8.20  5.15  7.06 11.24 10.18
 5714.25  5.70  3.85  4.17  4.46  3.75  4.14  6.71  8.16  5.08  6.96 11.09 10.06
 5715.25  5.66  3.82  4.15  4.44  3.72  4.11  6.65  8.16  5.04  6.90 10.99  9.99
 5716.25  5.69  3.85  4.18  4.49  3.74  4.14  6.68  8.26  5.07  6.94 11.03 10.05
 5717.25  5.68  3.85  4.19  4.51  3.74  4.14  6.67  8.32  5.08  6.94 11.01 10.05
 5718.25  5.61  3.80  4.14  4.47  3.70  4.09  6.58  8.29  5.02  6.86 10.88  9.96
 5719.25  5.61  3.81  4.15  4.50  3.70  4.10  6.58  8.36  5.03  6.87 10.87  9.97
 5720.25  5.63  3.83  4.18  4.56  3.72  4.12  6.60  8.45  5.06  6.90 10.89 10.01
 5721.25  5.65  3.85  4.21  4.60  3.74  4.14  6.62  8.54  5.08  6.92 10.90 10.05
 5722.25  5.63  3.84  4.20  4.62  3.73  4.13  6.59  8.58  5.07  6.90 10.86 10.03
 5723.25  5.56  3.80  4.16  4.60  3.69  4.09  6.52  8.56  5.02  6.83 10.75  9.94
 5724.25  5.57  3.81  4.17  4.65  3.70  4.10  6.52  8.67  5.04  6.85 10.75  9.96
 5725.25  5.63  3.86  4.22  4.73  3.75  4.15  6.58  8.86  5.10  6.92 10.83 10.06
 5726.25  5.62  3.86  4.22  4.76  3.75  4.15  6.57  8.96  5.10  6.91 10.81 10.06
 5727.25  5.62  3.87  4.23  4.80  3.76  4.16  6.57  9.08  5.12  6.92 10.80 10.07
 5728.25  5.62  3.87  4.24  4.84  3.76  4.17  6.57  9.19  5.13  6.93 10.79 10.08
 5729.25  5.64  3.90  4.26  4.90  3.78  4.20  6.60  9.35  5.17  6.96 10.82 10.13
 5730.25  5.67  3.92  4.29  4.96  3.81  4.22  6.62  9.50  5.20  7.00 10.84 10.17
 5731.25  5.65  3.91  4.28  4.98  3.80  4.21  6.59  9.58  5.20  6.98 10.80 10.15
 5732.25  5.66  3.93  4.30  5.03  3.82  4.23  6.61  9.72  5.22  7.00 10.82 10.19
 5733.25  5.74  3.99  4.36  5.14  3.88  4.30  6.69  9.95  5.30  7.09 10.92 10.31
 5734.25  5.73  4.00  4.36  5.17  3.88  4.30  6.68 10.05  5.31  7.09 10.90 10.31
 5735.25  5.68  3.97  4.33  5.16  3.85  4.27  6.62 10.10  5.28  7.04 10.81 10.25
 5736.25  5.60  3.92  4.27  5.13  3.80  4.22  6.53 10.10  5.22  6.96 10.68 10.14
 5737.25  5.59  3.91  4.27  5.15  3.79  4.21  6.51 10.19  5.21  6.94 10.64 10.13
 5738.25  5.64  3.96  4.32  5.24  3.84  4.26  6.58 10.39  5.28  7.01 10.72 10.22
 5739.25  5.66  3.99  4.34  5.30  3.86  4.29  6.61 10.54  5.31  7.05 10.74 10.27
 5740.25  5.62  3.96  4.31  5.30  3.83  4.26  6.57 10.58  5.28  7.00 10.66 10.21
 5741.25  5.64  3.98  4.33  5.36  3.85  4.28  6.59 10.73  5.32  7.03 10.68 10.25
 5742.25  5.68  4.02  4.37  5.43  3.89  4.32  6.65 10.90  5.37  7.08 10.73 10.32
 5743.25  5.48  3.89  4.22  5.28  3.75  4.18  6.44 10.72  5.19  6.86 10.42 10.04
 5744.25  5.30  3.76  4.08  5.15  3.63  4.04  6.24 10.54  5.04  6.65 10.13  9.77
 5745.25  5.44  3.87  4.20  5.32  3.74  4.16  6.41 10.88  5.18  6.83 10.34 10.00
 5746.25  5.46  3.90  4.23  5.38  3.76  4.18  6.44 11.03  5.22  6.86 10.36 10.05
 5747.25  5.43  3.89  4.21  5.40  3.75  4.17  6.42 11.11  5.21  6.83 10.32 10.02
 5748.25  5.42  3.90  4.22  5.44  3.76  4.18  6.43 11.22  5.22  6.84 10.32 10.04
 5749.25  5.43  3.92  4.24  5.49  3.78  4.20  6.45 11.35  5.25  6.87 10.35 10.06
 5750.25  5.39  3.90  4.22  5.49  3.76  4.18  6.41 11.41  5.23  6.84 10.30 10.02
 5751.25  5.32  3.86  4.17  5.47  3.72  4.14  6.35 11.42  5.18  6.78 10.21  9.94
 5752.25  5.29  3.85  4.16  5.49  3.71  4.13  6.33 11.50  5.17  6.76 10.19  9.92
 5753.25  5.28  3.86  4.17  5.53  3.72  4.14  6.34 11.61  5.18  6.78 10.20  9.93
 5754.25  5.27  3.86  4.16  5.55  3.72  4.13  6.34 11.71  5.19  6.78 10.19  9.93
 5755.25  5.22  3.84  4.14  5.55  3.69  4.11  6.30 11.74  5.16  6.74 10.13  9.87
 5756.25  5.15  3.80  4.09  5.53  3.65  4.07  6.23 11.74  5.11  6.67 10.03  9.78
 5757.25  5.07  3.75  4.04  5.51  3.60  4.01  6.15 11.71  5.04  6.59  9.91  9.66
 5758.25  5.02  3.73  4.01  5.53  3.58  3.98  6.11 11.74  5.01  6.55  9.84  9.60
 5759.25  4.99  3.72  4.00  5.57  3.57  3.97  6.09 11.79  4.99  6.53  9.80  9.57
 5760.25  4.96  3.71  3.99  5.60  3.56  3.96  6.07 11.86  4.98  6.51  9.77  9.54
 5761.25  4.91  3.69  3.96  5.63  3.54  3.95  6.03 11.89  4.95  6.47  9.71  9.48
 5762.25  4.96  3.74  4.02  5.76  3.58  4.00  6.10 12.10  5.02  6.55  9.81  9.58
 5763.25  5.00  3.78  4.06  5.87  3.62  4.05  6.16 12.28  5.07  6.61  9.88  9.66
 5764.25  4.96  3.76  4.04  5.90  3.61  4.03  6.13 12.32  5.05  6.58  9.82  9.61
 5765.25  4.87  3.71  3.98  5.87  3.55  3.97  6.04 12.27  4.97  6.48  9.69  9.48
 5766.25  4.81  3.68  3.95  5.87  3.52  3.94  5.99 12.27  4.93  6.43  9.61  9.40
 5767.25  4.80  3.68  3.95  5.94  3.52  3.95  5.99 12.37  4.94  6.44  9.61  9.41
 5768.25  4.76  3.66  3.93  5.96  3.50  3.93  5.96 12.40  4.91  6.40  9.55  9.35
 5769.25  4.72  3.64  3.91  5.98  3.48  3.91  5.92 12.43  4.88  6.36  9.49  9.30
 5770.25  4.72  3.66  3.92  6.05  3.49  3.93  5.93 12.53  4.90  6.38  9.50  9.31
 5771.25  4.82  3.76  4.03  6.25  3.59  4.03  6.08 12.81  5.03  6.53  9.70  9.51
 5772.25  4.91  3.85  4.12  6.43  3.67  4.13  6.20 12.98  5.14  6.66  9.86  9.67
 5773.25  4.90  3.86  4.13  6.50  3.68  4.14  6.21 13.48  5.15  6.67  9.86  9.68
 5774.25  4.91  3.88  4.15  6.59  3.70  4.16  6.23 16.78  5.17  6.70  9.89  9.71
 5775.25  4.92  3.90  4.17  6.67  3.71  4.18  6.25 20.79  5.19  6.72  9.91  9.73
 5776.25  4.93  3.92  4.18  6.75  3.73  4.21  6.28 21.83  5.22  6.75  9.93  9.76
 5777.25  4.89  3.90  4.16  6.77  3.71  4.18  6.24 21.68  5.19  6.70  9.87  9.70
 5778.25  4.80  3.84  4.10  6.73  3.65  4.12  6.14 21.36  5.12  6.61  9.73  9.57
 5779.25  4.77  3.83  4.08  6.76  3.63  4.11  6.12 21.16  5.10  6.58  9.69  9.54
 5780.25  4.81  3.87  4.12  6.88  3.67  4.15  6.17 21.12  5.16  6.64  9.76  9.62
 5781.25  4.87  3.93  4.18  7.02  3.72  4.21  6.25 21.12  5.23  6.72  9.85  9.74
 5782.25  4.90  3.96  4.21  7.12  3.76  4.25  6.29 21.04  5.28  6.76  9.90  9.81
 5783.25  4.90  3.98  4.22  7.19  3.77  4.26  6.30 20.91  5.29  6.78  9.90  9.83
 5784.25  4.92  4.00  4.25  7.28  3.79  4.29  6.34 20.81  5.33  6.81  9.94  9.89
 5785.25  4.91  4.00  4.25  7.34  3.79  4.29  6.35 20.66  5.33  6.81  9.92  9.90
 5786.25  4.90  4.01  4.26  7.41  3.80  4.30  6.37 20.51  5.34  6.81  9.92  9.92
 5787.25  4.92  4.04  4.28  7.50  3.83  4.33  6.41 20.41  5.38  6.85  9.96  9.97
 5788.25  4.88  4.02  4.25  7.51  3.80  4.31  6.38 20.18  5.35  6.81  9.89  9.93
 5789.25  4.84  3.99  4.22  7.52  3.78  4.28  6.34 19.93  5.32  6.76  9.82  9.88
 5790.25  4.79  3.96  4.19  7.52  3.75  4.25  6.30 19.69  5.28  6.71  9.74  9.82
 5791.25  4.71  3.91  4.13  7.48  3.69  4.19  6.22 19.36  5.21  6.61  9.61  9.71
 5792.25  4.69  3.90  4.12  7.51  3.68  4.18  6.20 19.16  5.20  6.59  9.58  9.70
 5793.25  4.70  3.92  4.14  7.59  3.70  4.20  6.24 19.04  5.22  6.61  9.60  9.74
 5794.25  4.63  3.87  4.09  7.52  3.66  4.15  6.17 18.73  5.17  6.54  9.49  9.65
 5795.25  4.63  3.88  4.10  7.52  3.67  4.17  6.19 18.59  5.18  6.55  9.50  9.68
 5796.25  4.74  3.99  4.20  7.66  3.76  4.27  6.34 18.68  5.31  6.70  9.67  9.88
 5797.25  4.75  4.01  4.23  7.66  3.78  4.30  6.37 18.56  5.34  6.72  9.70  9.93
 5798.25  4.40  3.72  3.92  7.15  3.51  3.99  5.95 17.59  4.98  6.28  9.11  9.35
 5799.25  4.44  3.76  3.97  7.19  3.55  4.04  6.02 17.53  5.03  6.34  9.18  9.44
 5800.25  4.72  4.02  4.24  7.58  3.79  4.31  6.39 18.04  5.36  6.72  9.66  9.95
 5801.25  4.65  3.97  4.18  7.47  3.74  4.25  6.32 17.72  5.29  6.63  9.54  9.85
 5802.25  4.58  3.92  4.14  7.37  3.70  4.21  6.26 17.42  5.24  6.57  9.44  9.77
 5803.25  4.52  3.88  4.09  7.27  3.66  4.17  6.20 17.12  5.18  6.50  9.35  9.69
 5804.25  4.45  3.83  4.04  7.15  3.61  4.11  6.13 16.80  5.12  6.43  9.24  9.59
 5805.25  4.46  3.84  4.05  7.15  3.62  4.13  6.15 16.65  5.14  6.45  9.27  9.62
 5806.25  4.47  3.86  4.07  7.15  3.64  4.15  6.18 16.51  5.17  6.48  9.30  9.66
 5807.25  4.47  3.86  4.08  7.12  3.64  4.16  6.19 16.33  5.17  6.48  9.31  9.67
 5808.25  4.45  3.85  4.06  7.07  3.63  4.14  6.17 16.10  5.15  6.46  9.27  9.64
 5809.25  4.43  3.84  4.05  7.02  3.62  4.14  6.16 15.88  5.14  6.45  9.25  9.63
 5810.25  4.39  3.81  4.02  6.95  3.59  4.11  6.12 15.62  5.11  6.40  9.19  9.57
 5811.25  4.37  3.80  4.01  6.90  3.58  4.10  6.11 15.39  5.10  6.39  9.17  9.55
 5812.25  4.36  3.79  4.00  6.86  3.58  4.09  6.10 15.18  5.09  6.38  9.15  9.54
 5813.25  4.34  3.78  3.99  6.81  3.57  4.08  6.09 14.95  5.08  6.36  9.12  9.52
 5814.25  4.35  3.79  4.01  6.80  3.58  4.10  6.11 14.79  5.10  6.38  9.15  9.56
 5815.25  4.34  3.79  4.01  6.78  3.58  4.11  6.12 14.60  5.10  6.39  9.15  9.57
 5816.25  4.35  3.81  4.02  6.77  3.60  4.13  6.14 14.44  5.12  6.41  9.18  9.60
 5817.25  4.38  3.83  4.05  6.78  3.62  4.16  6.18 14.30  5.16  6.45  9.22  9.65
 5818.25  4.36  3.82  4.04  6.74  3.61  4.15  6.17 14.09  5.14  6.44  9.20  9.63
 5819.25  4.28  3.76  3.98  6.61  3.56  4.09  6.09 13.83  5.07  6.35  9.08  9.52
 5820.25  4.25  3.74  3.96  6.55  3.53  4.06  6.06 13.73  5.04  6.31  9.03  9.48
 5821.25  4.25  3.74  3.96  6.52  3.54  4.07  6.06 13.71  5.05  6.32  9.03  9.48
 5822.25  4.21  3.71  3.93  6.45  3.51  4.04  6.03 13.62  5.02  6.28  8.98  9.43
 5823.25  4.19  3.70  3.92  6.40  3.50  4.03  6.01 13.55  5.00  6.26  8.94  9.41
 5824.25  4.17  3.68  3.90  6.34  3.48  4.01  5.99 13.49  4.98  6.23  8.91  9.37
 5825.25  4.17  3.69  3.91  6.33  3.49  4.03  6.00 13.49  5.00  6.25  8.92  9.40
 5826.25  4.21  3.73  3.95  6.36  3.53  4.07  6.07 13.56  5.05  6.31  9.00  9.48
 5827.25  4.21  3.74  3.96  6.35  3.54  4.08  6.08 13.56  5.07  6.33  9.01  9.51
 5828.25  4.20  3.74  3.96  6.31  3.54  4.08  6.09 13.53  5.07  6.32  9.01  9.51
 5829.25  4.23  3.77  3.98  6.33  3.57  4.12  6.14 13.58  5.12  6.37  9.06  9.57
 5830.25  4.24  3.78  4.00  6.33  3.59  4.14  6.17 13.60  5.15  6.40  9.10  9.61
 5831.25  4.24  3.78  4.00  6.29  3.59  4.14  6.18 13.57  5.15  6.40  9.09  9.61
 5832.25  4.24  3.79  4.00  6.27  3.60  4.15  6.20 13.57  5.17  6.41  9.11  9.63
 5833.25  4.21  3.77  3.98  6.21  3.58  4.13  6.17 13.50  5.15  6.38  9.06  9.60
 5834.25  4.24  3.81  4.01  6.23  3.61  4.18  6.24 13.56  5.21  6.44  9.13  9.67
 5835.25  4.25  3.82  4.02  6.21  3.63  4.19  6.26 13.57  5.23  6.46  9.15  9.70
 5836.25  4.20  3.77  3.97  6.11  3.58  4.15  6.20 13.43  5.18  6.39  9.06  9.62
 5837.25  4.20  3.78  3.97  6.07  3.59  4.15  6.21 13.41  5.19  6.40  9.06  9.65
 5838.25  4.23  3.81  4.00  6.08  3.62  4.19  6.26 13.46  5.23  6.45  9.12  9.74
 5839.25  4.26  3.83  4.02  6.09  3.64  4.22  6.31 13.50  5.27  6.49  9.17  9.83
 5840.25  4.24  3.82  4.00  6.03  3.63  4.21  6.30 13.44  5.26  6.47  9.14  9.83
 5841.25  4.22  3.80  3.98  5.97  3.62  4.19  6.28 13.38  5.25  6.44  9.11  9.83
 5842.25  4.24  3.82  4.00  5.96  3.63  4.21  6.32 13.40  5.28  6.47  9.14  9.89
 5843.25  4.25  3.84  4.01  5.95  3.65  4.24  6.35 13.42  5.31  6.50  9.17  9.96
 5844.25  4.31  3.90  4.07  6.00  3.71  4.30  6.44 13.53  5.39  6.59  9.28 10.11
 5845.25  4.30  3.89  4.06  5.95  3.70  4.31  6.44 13.49  5.39  6.58  9.26 10.12
 5846.25  4.24  3.84  4.00  5.84  3.65  4.26  6.37 13.33  5.32  6.50  9.16 10.04
 5847.25  4.27  3.86  4.02  5.84  3.68  4.29  6.41 13.37  5.36  6.54  9.21 10.13
 5848.25  4.22  3.83  3.98  5.75  3.64  4.26  6.36 13.25  5.32  6.48  9.13 10.08
 5849.25  4.15  3.76  3.91  5.63  3.58  4.20  6.28 13.08  5.25  6.39  9.01  9.98
 5850.25  4.13  3.75  3.89  5.57  3.57  4.19  6.26 13.01  5.23  6.36  8.96  9.97
 5851.25  4.16  3.78  3.92  5.57  3.60  4.23  6.31 13.06  5.27  6.41  9.02 10.06
 5852.25  4.21  3.82  3.96  5.60  3.64  4.29  6.39 13.14  5.34  6.48  9.11 10.19
 5853.25  4.06  3.69  3.82  5.38  3.52  4.16  6.19 12.80  5.17  6.28  8.85  9.94
 5854.25  3.69  3.36  3.47  4.89  3.19  3.79  5.68 11.90  4.73  5.76  8.16  9.23
 5855.25  3.90  3.55  3.67  5.12  3.38  4.02  5.99 12.39  5.00  6.06  8.56  9.69
 5856.25  4.25  3.87  3.99  5.51  3.69  4.38  6.49 13.16  5.43  6.55  9.19 10.40
 5857.25  4.24  3.87  3.99  5.47  3.69  4.38  6.49 13.12  5.43  6.54  9.18 10.42
 5858.25  4.22  3.85  3.97  5.42  3.67  4.38  6.47 13.06  5.42  6.52  9.14 10.43
 5859.25  4.21  3.84  3.95  5.37  3.67  4.38  6.47 13.01  5.41  6.50  9.12 10.43
 5860.25  4.14  3.78  3.89  5.25  3.61  4.31  6.38 12.83  5.33  6.40  8.99 10.33
 5861.25  4.08  3.73  3.83  5.14  3.56  4.26  6.30 12.68  5.27  6.32  8.88 10.24
 5862.25  4.05  3.70  3.80  5.07  3.54  4.25  6.28 12.60  5.24  6.28  8.82 10.22
 5863.25  4.05  3.71  3.81  5.05  3.55  4.26  6.30 12.59  5.26  6.29  8.83 10.27
 5864.25  4.04  3.70  3.79  4.99  3.53  4.25  6.28 12.53  5.25  6.27  8.80 10.26
 5865.25  3.96  3.63  3.71  4.86  3.47  4.18  6.18 12.33  5.16  6.15  8.65 10.13
 5866.25  3.57  3.27  3.35  4.37  3.13  3.79  5.62 11.38  4.68  5.59  7.92  9.35
 5867.25  3.15  2.89  2.95  3.84  2.76  3.36  5.01 10.29  4.16  4.98  7.09  8.45
 5868.25  3.17  2.91  2.97  3.84  2.78  3.38  5.05 10.31  4.19  5.00  7.12  8.51
 5869.25  3.07  2.81  2.87  3.70  2.69  3.28  4.90 10.02  4.06  4.85  6.91  8.30
 5870.25  3.31  3.04  3.10  3.97  2.91  3.55  5.27 10.63  4.38  5.21  7.39  8.88
 5871.25  3.61  3.32  3.38  4.32  3.18  3.88  5.73 11.37  4.77  5.66  7.98  9.59
 5872.25  3.83  3.53  3.59  4.56  3.38  4.13  6.07 11.88  5.07  5.99  8.41 10.12
 5873.25  3.77  3.48  3.53  4.48  3.33  4.07  5.98 11.72  5.01  5.91  8.31 10.03
 5874.25  3.60  3.32  3.37  4.27  3.18  3.90  5.72 11.27  4.80  5.67  7.98  9.69
 5875.25  3.69  3.41  3.45  4.36  3.26  4.00  5.85 11.46  4.93  5.81  8.16  9.93
 5876.25  3.72  3.44  3.48  4.39  3.29  4.05  5.89 11.51  4.98  5.86  8.22 10.04
 5877.25  3.74  3.47  3.50  4.41  3.32  4.08  5.92 11.55  5.02  5.91  8.28 10.14
 5878.25  3.85  3.57  3.60  4.52  3.42  4.21  6.08 11.78  5.17  6.08  8.50 10.42
 5879.25  3.86  3.58  3.61  4.52  3.44  4.23  6.09 11.78  5.20  6.10  8.52 10.49
 5880.25  3.84  3.57  3.59  4.48  3.42  4.22  6.05 11.70  5.18  6.08  8.49 10.48
 5881.25  3.84  3.57  3.59  4.47  3.42  4.23  6.05 11.68  5.19  6.08  8.49 10.53
 5882.25  3.85  3.58  3.60  4.48  3.44  4.25  6.06 11.68  5.22  6.11  8.53 10.60
 5883.25  3.84  3.58  3.59  4.45  3.43  4.25  6.04 11.63  5.22  6.11  8.52 10.62
 5884.25  3.84  3.58  3.58  4.44  3.43  4.26  6.04 11.61  5.23  6.11  8.52 10.66
 5885.25  3.84  3.58  3.59  4.43  3.44  4.27  6.04 11.59  5.24  6.13  8.53 10.71
 5886.25  3.82  3.57  3.56  4.40  3.42  4.26  6.00 11.51  5.23  6.10  8.50 10.70
 5887.25  3.82  3.57  3.56  4.38  3.42  4.27  5.99 11.47  5.24  6.11  8.50 10.74
 5888.25  3.55  3.32  3.31  4.07  3.18  3.99  5.59 10.82  4.89  5.71  7.99 10.18
 5889.25  2.80  2.62  2.61  3.21  2.51  3.17  4.47  8.88  3.90  4.58  6.48  8.38
 5890.25  2.15  2.01  1.99  2.46  1.92  2.44  3.45  6.99  3.02  3.55  5.07  6.63
 5891.25  1.43  1.34  1.33  1.64  1.28  1.64  2.32  4.78  2.03  2.39  3.44  4.55
 5892.25  1.67  1.56  1.55  1.91  1.50  1.91  2.69  5.51  2.37  2.78  3.99  5.29
 5893.25  3.16  2.96  2.94  3.58  2.85  3.61  4.99  9.70  4.42  5.16  7.24  9.42
 5894.25  3.89  3.66  3.62  4.39  3.52  4.45  6.08 11.48  5.42  6.29  8.70 11.23
 5895.25  3.58  3.37  3.33  4.03  3.24  4.11  5.62 10.73  5.02  5.83  8.11 10.57
 5896.25  2.65  2.49  2.46  2.98  2.39  3.06  4.21  8.30  3.76  4.38  6.19  8.22
 5897.25  1.77  1.66  1.64  1.99  1.60  2.06  2.85  5.76  2.54  2.97  4.25  5.74
 5898.25  2.07  1.95  1.92  2.33  1.87  2.42  3.32  6.64  2.97  3.47  4.94  6.67
 5899.25  3.46  3.26  3.21  3.85  3.14  4.02  5.42 10.32  4.89  5.67  7.89 10.43
 5900.25  3.94  3.72  3.67  4.37  3.58  4.58  6.12 11.41  5.55  6.41  8.83 11.61
 5901.25  3.92  3.71  3.65  4.33  3.57  4.58  6.08 11.35  5.54  6.39  8.80 11.61
 5902.25  3.92  3.71  3.65  4.32  3.57  4.59  6.08 11.32  5.55  6.40  8.81 11.66
 5903.25  3.93  3.72  3.66  4.32  3.59  4.62  6.09 11.33  5.58  6.42  8.84 11.74
 5904.25  3.81  3.61  3.55  4.18  3.48  4.49  5.91 11.03  5.42  6.25  8.62 11.51
 5905.25  3.73  3.53  3.47  4.07  3.40  4.41  5.78 10.81  5.32  6.13  8.47 11.36
 5906.25  3.87  3.66  3.60  4.22  3.54  4.58  5.98 11.10  5.52  6.35  8.74 11.73
 5907.25  3.73  3.54  3.48  4.06  3.42  4.44  5.78 10.77  5.35  6.15  8.49 11.46
 5908.25  3.45  3.27  3.21  3.75  3.16  4.12  5.36 10.08  4.97  5.72  7.94 10.81
 5909.25  3.67  3.48  3.42  3.99  3.37  4.39  5.69 10.57  5.29  6.06  8.38 11.40
 5910.25  3.68  3.50  3.43  4.00  3.38  4.42  5.70 10.57  5.32  6.08  8.41 11.47
 5911.25  3.41  3.24  3.17  3.70  3.13  4.11  5.29  9.91  4.95  5.66  7.88 10.84
 5912.25  3.67  3.49  3.42  3.98  3.38  4.43  5.67 10.49  5.32  6.07  8.40 11.53
 5913.25  3.89  3.70  3.63  4.21  3.59  4.70  5.98 10.96  5.64  6.40  8.83 12.10
 5914.25  3.88  3.69  3.62  4.19  3.58  4.70  5.96 10.89  5.63  6.38  8.81 12.11
 5915.25  3.75  3.56  3.49  4.04  3.46  4.55  5.76 10.56  5.45  6.18  8.55 11.84
 5916.25  3.00  2.86  2.80  3.24  2.77  3.68  4.67  8.77  4.43  5.03  7.05  9.98
 5917.25  2.75  2.62  2.56  2.97  2.54  3.38  4.29  8.10  4.08  4.63  6.52  9.31
 5918.25  3.40  3.24  3.17  3.66  3.15  4.18  5.24  9.65  5.00  5.65  7.86 11.10
 5919.25  3.71  3.54  3.46  3.98  3.44  4.56  5.69 10.32  5.45  6.13  8.48 11.92
 5920.25  3.76  3.59  3.51  4.03  3.49  4.63  5.76 10.40  5.53  6.21  8.58 12.10
 5921.25  3.74  3.57  3.49  4.01  3.48  4.62  5.74 10.33  5.52  6.19  8.55 12.10
 5922.25  3.70  3.53  3.45  3.96  3.44  4.58  5.67 10.19  5.46  6.12  8.47 12.04
 5923.25  3.67  3.50  3.42  3.92  3.41  4.56  5.63 10.08  5.43  6.08  8.40 12.00
 5924.25  3.64  3.48  3.40  3.89  3.39  4.54  5.58  9.98  5.40  6.03  8.35 11.97
 5925.25  3.47  3.32  3.24  3.70  3.24  4.34  5.34  9.57  5.18  5.78  8.02 11.60
 5926.25  3.15  3.01  2.94  3.37  2.94  3.97  4.88  8.81  4.75  5.29  7.38 10.81
 5927.25  3.41  3.26  3.18  3.63  3.18  4.29  5.25  9.36  5.14  5.69  7.90 11.53
 5928.25  3.70  3.54  3.46  3.93  3.46  4.66  5.66  9.96  5.57  6.13  8.47 12.30
 5929.25  3.70  3.54  3.46  3.93  3.47  4.66  5.66  9.93  5.60  6.13  8.48 12.35
 5930.25  3.68  3.52  3.44  3.90  3.45  4.64  5.63  9.84  5.59  6.10  8.43 12.34
 5931.25  3.70  3.54  3.45  3.91  3.47  4.66  5.65  9.84  5.64  6.13  8.47 12.43
 5932.25  3.66  3.51  3.42  3.87  3.44  4.61  5.60  9.72  5.61  6.07  8.39 12.37
 5933.25  3.28  3.14  3.06  3.46  3.07  4.14  5.03  8.82  5.07  5.48  7.62 11.40
 5934.25  2.57  2.46  2.39  2.71  2.41  3.25  3.98  7.10  4.03  4.34  6.12  9.37
 5935.25  2.82  2.70  2.63  2.97  2.65  3.57  4.36  7.68  4.43  4.75  6.66 10.17
 5936.25  3.47  3.32  3.23  3.64  3.26  4.36  5.30  9.12  5.41  5.77  8.00 12.03
 5937.25  3.64  3.49  3.40  3.81  3.42  4.57  5.54  9.46  5.69  6.03  8.34 12.52
 5938.25  3.69  3.53  3.44  3.85  3.47  4.62  5.60  9.52  5.78  6.10  8.43 12.68
 5939.25  3.71  3.56  3.47  3.88  3.50  4.65  5.64  9.53  5.84  6.14  8.48 12.79
 5940.25  3.71  3.56  3.47  3.86  3.49  4.64  5.63  9.47  5.85  6.13  8.46 12.81
 5941.25  3.69  3.54  3.45  3.84  3.48  4.62  5.60  9.39  5.85  6.11  8.43 12.80
 5942.25  3.71  3.56  3.47  3.86  3.50  4.65  5.63  9.40  5.91  6.14  8.47 12.89
 5943.25  3.78  3.63  3.54  3.92  3.57  4.72  5.72  9.49  6.03  6.24  8.59 13.11
 5944.25  3.81  3.65  3.56  3.94  3.59  4.75  5.75  9.50  6.09  6.28  8.64 13.22
 5945.25  3.77  3.63  3.53  3.90  3.56  4.71  5.70  9.39  6.06  6.23  8.58 13.17
 5946.25  3.64  3.49  3.40  3.76  3.43  4.54  5.50  9.06  5.88  6.02  8.31 12.86
 5947.25  3.25  3.12  3.04  3.36  3.07  4.07  4.95  8.22  5.32  5.43  7.54 11.87
 5948.25  3.36  3.23  3.15  3.47  3.18  4.20  5.10  8.41  5.51  5.59  7.76 12.21
 5949.25  3.71  3.57  3.48  3.83  3.51  4.63  5.60  9.09  6.06  6.13  8.45 13.18
 5950.25  3.84  3.69  3.60  3.96  3.63  4.78  5.77  9.31  6.28  6.32  8.69 13.54
 5951.25  3.86  3.71  3.61  3.98  3.65  4.79  5.79  9.30  6.33  6.35  8.72 13.61
 5952.25  3.83  3.69  3.59  3.95  3.63  4.76  5.75  9.20  6.31  6.31  8.67 13.55
 5953.25  3.75  3.61  3.52  3.86  3.55  4.67  5.64  9.01  6.22  6.19  8.52 13.33
 5954.25  3.04  2.92  2.85  3.13  2.88  3.80  4.61  7.45  5.12  5.07  7.06 11.26
 5955.25  2.67  2.57  2.50  2.75  2.52  3.34  4.06  6.60  4.54  4.48  6.28 10.13
 5956.25  3.32  3.20  3.11  3.41  3.15  4.13  5.01  7.96  5.60  5.51  7.63 12.02
 5957.25  3.76  3.62  3.52  3.86  3.56  4.65  5.61  8.79  6.29  6.17  8.48 13.13
 5958.25  3.83  3.69  3.59  3.93  3.63  4.73  5.71  8.88  6.42  6.28  8.61 13.28
 5959.25  3.81  3.67  3.57  3.90  3.61  4.71  5.68  8.81  6.42  6.25  8.57 13.22
 5960.25  3.76  3.62  3.53  3.85  3.57  4.65  5.61  8.67  6.37  6.18  8.48 13.09
 5961.25  3.79  3.66  3.56  3.88  3.60  4.69  5.65  8.70  6.44  6.23  8.54 13.15
 5962.25  3.84  3.70  3.61  3.93  3.65  4.74  5.71  8.77  6.54  6.30  8.63 13.25
 5963.25  3.88  3.74  3.65  3.97  3.69  4.79  5.77  8.83  6.63  6.37  8.71 13.33
 5964.25  3.87  3.73  3.63  3.95  3.68  4.77  5.76  8.79  6.63  6.35  8.68 13.28
 5965.25  3.85  3.72  3.61  3.93  3.66  4.74  5.73  8.74  6.62  6.32  8.64 13.21
 5966.25  3.82  3.69  3.59  3.90  3.63  4.70  5.69  8.66  6.60  6.28  8.58 13.11
 5967.25  3.81  3.69  3.58  3.89  3.62  4.69  5.69  8.63  6.61  6.27  8.56 13.06
 5968.25  3.56  3.45  3.35  3.63  3.39  4.39  5.34  8.13  6.24  5.89  8.08 12.41
 5969.25  3.23  3.13  3.03  3.29  3.07  3.99  4.88  7.46  5.72  5.38  7.42 11.52
 5970.25  3.45  3.34  3.24  3.51  3.28  4.25  5.19  7.88  6.10  5.72  7.85 12.08
 5971.25  3.45  3.34  3.24  3.50  3.28  4.24  5.19  7.86  6.11  5.72  7.84 12.05
 5972.25  3.36  3.26  3.16  3.41  3.20  4.13  5.07  7.67  5.99  5.59  7.67 11.80
 5973.25  3.68  3.58  3.47  3.74  3.51  4.51  5.54  8.29  6.55  6.09  8.30 12.63
 5974.25  3.80  3.69  3.57  3.85  3.62  4.63  5.70  8.49  6.75  6.26  8.51 12.88
 5975.25  3.78  3.68  3.56  3.83  3.60  4.60  5.68  8.45  6.76  6.24  8.48 12.82
 5976.25  3.74  3.65  3.52  3.79  3.57  4.54  5.63  8.35  6.75  6.18  8.39 12.70
 5977.25  3.60  3.51  3.39  3.64  3.43  4.36  5.43  8.06  6.58  5.96  8.12 12.31
 5978.25  3.11  3.03  2.92  3.14  2.96  3.76  4.73  7.07  5.80  5.20  7.13 10.97
 5979.25  3.13  3.06  2.95  3.16  2.98  3.78  4.76  7.11  5.90  5.24  7.18 11.02
 5980.25  3.61  3.53  3.41  3.65  3.45  4.34  5.46  8.04  6.79  5.99  8.14 12.29
 5981.25  3.69  3.61  3.48  3.73  3.52  4.42  5.58  8.17  6.98  6.11  8.28 12.46
 5982.25  3.66  3.59  3.46  3.69  3.50  4.38  5.54  8.10  6.99  6.07  8.22 12.37
 5983.25  3.67  3.60  3.47  3.71  3.51  4.38  5.56  8.11  7.07  6.09  8.24 12.37
 5984.25  3.72  3.65  3.51  3.75  3.55  4.42  5.62  8.17  7.20  6.16  8.32 12.45
 5985.25  3.76  3.70  3.55  3.79  3.60  4.46  5.69  8.24  7.34  6.23  8.40 12.54
 5986.25  3.79  3.73  3.58  3.82  3.63  4.48  5.74  8.28  7.45  6.27  8.45 12.59
 5987.25  3.76  3.70  3.56  3.79  3.60  4.44  5.70  8.21  7.47  6.23  8.39 12.50
 5988.25  3.77  3.71  3.56  3.80  3.61  4.43  5.71  8.20  7.54  6.24  8.39 12.48
 5989.25  3.78  3.73  3.58  3.81  3.62  4.44  5.73  8.20  7.62  6.26  8.41 12.49
 5990.25  3.77  3.72  3.57  3.80  3.62  4.41  5.72  8.17  7.66  6.24  8.38 12.43
 5991.25  3.77  3.73  3.57  3.80  3.62  4.41  5.73  8.16  7.72  6.24  8.38 12.40
 5992.25  3.80  3.76  3.60  3.83  3.65  4.42  5.77  8.19  7.82  6.28  8.42 12.44
 5993.25  3.83  3.79  3.63  3.86  3.68  4.45  5.83  8.24  7.94  6.33  8.47 12.48
 5994.25  3.81  3.78  3.62  3.84  3.67  4.42  5.80  8.18  7.95  6.29  8.42 12.39
 5995.25  3.80  3.77  3.61  3.83  3.66  4.40  5.80  8.16  8.00  6.28  8.40 12.35
 5996.25  3.81  3.78  3.62  3.84  3.67  4.39  5.81  8.14  8.06  6.28  8.39 12.32
 5997.25  3.81  3.79  3.62  3.83  3.67  4.38  5.81  8.13  8.11  6.28  8.38 12.28
 5998.25  3.75  3.74  3.57  3.78  3.62  4.31  5.74  8.01  8.07  6.19  8.27 12.12
 5999.25  3.59  3.58  3.41  3.62  3.46  4.11  5.51  7.69  7.81  5.94  7.94 11.68
 6000.25  3.69  3.69  3.51  3.72  3.57  4.22  5.66  7.87  8.06  6.09  8.13 11.90
 6001.25  3.85  3.85  3.67  3.88  3.72  4.39  5.89  8.14  8.41  6.33  8.41 12.25
 6002.25  3.89  3.90  3.71  3.92  3.77  4.42  5.96  8.20  8.55  6.39  8.48 12.31
 6003.25  3.89  3.90  3.71  3.92  3.77  4.41  5.96  8.18  8.60  6.38  8.46 12.27
 6004.25  3.80  3.82  3.63  3.83  3.68  4.30  5.84  8.00  8.48  6.24  8.29 12.03
 6005.25  3.47  3.49  3.31  3.50  3.37  3.92  5.37  7.38  7.90  5.74  7.65 11.19
 6006.25  3.59  3.62  3.42  3.62  3.48  4.04  5.54  7.58  8.18  5.91  7.86 11.45
 6007.25  3.92  3.95  3.74  3.95  3.80  4.40  6.02  8.16  8.87  6.41  8.47 12.20
 6008.25  3.96  4.00  3.78  3.98  3.84  4.43  6.07  8.21  8.99  6.46  8.52 12.25
 6009.25  3.98  4.03  3.80  4.01  3.87  4.44  6.10  8.24  9.09  6.49  8.56 12.28
 6010.25  3.98  4.03  3.80  4.00  3.87  4.43  6.10  8.22  9.14  6.48  8.54 12.25
 6011.25  3.95  4.01  3.78  3.98  3.85  4.39  6.06  8.16  9.15  6.44  8.48 12.18
 6012.25  3.95  4.01  3.78  3.98  3.85  4.37  6.05  8.14  9.20  6.44  8.47 12.16
 6013.25  3.97  4.04  3.80  4.00  3.87  4.38  6.08  8.16  9.29  6.47  8.49 12.19
 6014.25  4.01  4.08  3.83  4.03  3.91  4.42  6.13  8.21  9.42  6.52  8.54 12.26
 6015.25  4.03  4.11  3.86  4.06  3.93  4.43  6.16  8.23  9.51  6.55  8.57 12.29
 6016.25  4.02  4.11  3.85  4.04  3.92  4.42  6.14  8.19  9.55  6.54  8.54 12.25
 6017.25  4.00  4.10  3.83  4.03  3.91  4.40  6.12  8.15  9.57  6.52  8.50 12.21
 6018.25  4.04  4.14  3.87  4.06  3.95  4.43  6.16  8.20  9.69  6.57  8.55 12.27
 6019.25  4.04  4.15  3.87  4.07  3.95  4.42  6.16  8.18  9.75  6.57  8.54 12.26
 6020.25  4.04  4.15  3.87  4.07  3.96  4.42  6.16  8.17  9.81  6.57  8.54 12.24
 6021.25  4.09  4.22  3.93  4.13  4.02  4.47  6.24  8.25  9.97  6.65  8.62 12.35
 6022.25  4.14  4.27  3.98  4.17  4.07  4.52  6.30  8.32 10.12  6.72  8.70 12.44
 6023.25  4.17  4.30  4.00  4.20  4.10  4.54  6.33  8.34 10.22  6.76  8.73 12.48
 6024.25  4.13  4.27  3.97  4.16  4.07  4.50  6.28  8.26 10.20  6.70  8.66 12.38
 6025.25  4.11  4.26  3.95  4.15  4.06  4.47  6.25  8.22 10.25  6.68  8.63 12.33
 6026.25  4.10  4.25  3.94  4.13  4.06  4.45  6.23  8.18 10.31  6.66  8.60 12.28
 6027.25  3.80  3.95  3.65  3.83  3.76  4.12  5.80  7.64  9.80  6.21  8.05 11.58
 6028.25  3.38  3.52  3.25  3.42  3.36  3.68  5.21  6.88  9.01  5.58  7.28 10.58
 6029.25  3.60  3.76  3.47  3.64  3.58  3.91  5.52  7.27  9.59  5.92  7.69 11.10
 6030.25  3.86  4.03  3.72  3.90  3.85  4.18  5.89  7.71 10.25  6.31  8.17 11.70
 6031.25  4.00  4.18  3.85  4.04  3.99  4.32  6.08  7.93 10.65  6.52  8.41 12.00
 6032.25  4.04  4.22  3.89  4.08  4.04  4.36  6.14  7.99 10.83  6.57  8.48 12.07
 6033.25  4.05  4.23  3.90  4.09  4.05  4.36  6.14  7.98 10.94  6.58  8.48 12.07
 6034.25  3.96  4.14  3.82  4.01  3.97  4.27  6.02  7.82 10.87  6.46  8.33 11.87
 6035.25  3.72  3.90  3.59  3.76  3.74  4.00  5.67  7.38 10.44  6.09  7.89 11.29
 6036.25  3.74  3.91  3.60  3.78  3.76  4.01  5.69  7.39 10.57  6.12  7.91 11.31
 6037.25  3.92  4.11  3.79  3.97  3.95  4.21  5.96  7.71 11.09  6.40  8.25 11.73
 6038.25  3.98  4.18  3.85  4.03  4.02  4.27  6.04  7.79 11.32  6.49  8.36 11.85
 6039.25  3.97  4.17  3.84  4.02  4.02  4.25  6.03  7.76 11.40  6.48  8.34 11.82
 6040.25  3.96  4.16  3.83  4.01  4.01  4.23  6.00  7.72 11.47  6.46  8.31 11.77
 6041.25  3.95  4.16  3.82  4.00  4.01  4.22  5.99  7.69 11.55  6.44  8.29 11.74
 6042.25  3.95  4.16  3.82  4.01  4.02  4.22  5.99  7.68 11.66  6.45  8.29 11.73
 6043.25  3.97  4.18  3.84  4.02  4.04  4.22  6.01  7.68 11.78  6.46  8.31 11.74
 6044.25  3.97  4.18  3.84  4.02  4.05  4.22  6.01  7.67 11.89  6.47  8.31 11.73
 6045.25  3.98  4.20  3.85  4.04  4.06  4.23  6.02  7.67 12.01  6.48  8.33 11.74
 6046.25  4.03  4.25  3.90  4.08  4.12  4.27  6.08  7.73 12.21  6.55  8.40 11.82
 6047.25  4.02  4.25  3.89  4.08  4.12  4.26  6.07  7.71 12.30  6.55  8.39 11.80
 6048.25  3.96  4.19  3.83  4.02  4.06  4.19  5.99  7.59 12.26  6.45  8.28 11.65
 6049.25  3.95  4.18  3.82  4.01  4.06  4.18  5.97  7.56 12.33  6.44  8.26 11.61
 6050.25  3.99  4.22  3.87  4.05  4.11  4.21  6.02  7.61 12.52  6.50  8.33 11.69
 6051.25  4.03  4.26  3.90  4.09  4.15  4.25  6.07  7.65 12.70  6.55  8.39 11.75
 6052.25  4.02  4.26  3.89  4.08  4.14  4.23  6.05  7.62 12.77  6.54  8.36 11.71
 6053.25  3.98  4.22  3.86  4.04  4.12  4.19  6.00  7.55 12.78  6.48  8.30 11.62
 6054.25  4.00  4.24  3.87  4.06  4.14  4.20  6.02  7.55 12.91  6.50  8.32 11.63
 6055.25  4.00  4.25  3.88  4.07  4.15  4.20  6.03  7.55 13.02  6.51  8.33 11.63
 6056.25  3.97  4.22  3.85  4.04  4.12  4.16  5.98  7.48 13.04  6.47  8.27 11.55
 6057.25  4.00  4.25  3.88  4.07  4.16  4.19  6.02  7.52 13.20  6.51  8.31 11.60
 6058.25  4.05  4.31  3.92  4.11  4.21  4.23  6.08  7.59 13.40  6.58  8.39 11.68
 6059.25  4.06  4.33  3.94  4.13  4.24  4.25  6.10  7.61 13.53  6.60  8.41 11.70
 6060.25  4.04  4.31  3.92  4.12  4.23  4.23  6.07  7.57 13.58  6.57  8.38 11.64
 6061.25  4.07  4.34  3.95  4.14  4.26  4.25  6.11  7.60 13.73  6.61  8.42 11.68
 6062.25  4.08  4.35  3.95  4.15  4.28  4.25  6.11  7.61 13.84  6.62  8.43 11.68
 6063.25  4.00  4.27  3.88  4.07  4.22  4.17  6.00  7.47 13.75  6.50  8.28 11.49
 6064.25  3.96  4.24  3.85  4.04  4.20  4.13  5.95  7.41 13.76  6.46  8.22 11.41
 6065.25  4.05  4.32  3.93  4.12  4.29  4.22  6.07  7.54 14.05  6.58  8.36 11.57
 6066.25  4.11  4.40  3.99  4.19  4.38  4.28  6.16  7.64 14.30  6.68  8.47 11.70
 6067.25  4.11  4.39  3.99  4.19  4.39  4.27  6.15  7.63 14.38  6.68  8.46 11.68
 6068.25  3.97  4.25  3.85  4.05  4.25  4.13  5.95  7.39 14.14  6.48  8.21 11.39
 6069.25  3.88  4.16  3.77  3.97  4.18  4.04  5.83  7.25 14.01  6.36  8.06 11.20
 6070.25  3.98  4.27  3.87  4.07  4.29  4.14  5.97  7.40 14.35  6.51  8.23 11.41
 6071.25  4.05  4.34  3.94  4.14  4.38  4.21  6.06  7.51 14.61  6.62  8.35 11.57
 6072.25  4.07  4.37  3.96  4.16  4.42  4.23  6.09  7.54 14.75  6.65  8.38 11.61
 6073.25  4.11  4.42  4.00  4.21  4.48  4.27  6.14  7.60 14.94  6.72  8.45 11.70
 6074.25  4.14  4.45  4.03  4.24  4.52  4.29  6.18  7.63 15.08  6.76  8.49 11.76
 6075.25  4.16  4.47  4.05  4.25  4.55  4.31  6.20  7.65 15.13  6.79  8.51 11.79
 6076.25  4.20  4.51  4.09  4.30  4.61  4.34  6.25  7.71 15.17  6.85  8.58 11.87
 6077.25  4.20  4.52  4.09  4.30  4.62  4.35  6.25  7.71 15.93  6.86  8.58 11.88
 6078.25  4.15  4.46  4.05  4.25  4.58  4.29  6.18  7.62 20.38  6.79  8.49 11.77
 6079.25  4.10  4.42  4.00  4.20  4.54  4.24  6.11  7.53 24.97  6.73  8.42 11.67
 6080.25  4.16  4.48  4.06  4.26  4.62  4.29  6.19  7.62 26.01  6.81  8.52 11.79
 6081.25  4.10  4.42  4.00  4.20  4.57  4.23  6.10  7.52 25.72  6.73  8.42 11.66
 6082.25  4.07  4.39  3.97  4.17  4.55  4.19  6.06  7.46 25.45  6.69  8.36 11.59
 6083.25  4.11  4.43  4.01  4.21  4.60  4.23  6.11  7.51 25.38  6.75  8.44 11.67
 6084.25  4.13  4.45  4.03  4.23  4.63  4.25  6.13  7.53 25.25  6.78  8.47 11.71
 6085.25  4.12  4.44  4.03  4.22  4.64  4.23  6.11  7.51 25.05  6.77  8.46 11.69
 6086.25  4.17  4.50  4.08  4.27  4.70  4.28  6.18  7.58 25.01  6.84  8.55 11.79
 6087.25  4.01  4.33  3.93  4.12  4.55  4.12  5.96  7.32 24.39  6.62  8.28 11.46
 6088.25  3.46  3.75  3.39  3.55  3.94  3.55  5.19  6.40 22.40  5.78  7.28 10.20
 6089.25  3.56  3.85  3.48  3.65  4.06  3.65  5.32  6.56 22.56  5.93  7.46 10.43
 6090.25  4.05  4.38  3.96  4.16  4.62  4.15  6.00  7.36 23.94  6.68  8.35 11.53
 6091.25  4.10  4.44  4.02  4.21  4.70  4.20  6.08  7.44 23.92  6.77  8.45 11.65
 6092.25  4.10  4.43  4.02  4.21  4.70  4.19  6.06  7.42 23.72  6.76  8.44 11.64
 6093.25  4.12  4.46  4.04  4.24  4.75  4.21  6.10  7.45 23.61  6.80  8.49 11.69
 6094.25  4.14  4.48  4.06  4.25  4.77  4.23  6.11  7.47 23.46  6.83  8.51 11.72
 6095.25  4.11  4.46  4.03  4.22  4.75  4.19  6.07  7.41 23.18  6.78  8.46 11.65
 6096.25  4.03  4.38  3.95  4.15  4.68  4.11  5.96  7.28 22.77  6.67  8.33 11.48
 6097.25  3.97  4.33  3.90  4.09  4.62  4.05  5.87  7.18 22.41  6.59  8.23 11.35
 6098.25  4.00  4.37  3.93  4.12  4.67  4.07  5.91  7.22 22.31  6.64  8.28 11.42
 6099.25  4.05  4.44  3.98  4.18  4.74  4.12  5.99  7.29 22.26  6.71  8.38 11.53
 6100.25  4.01  4.40  3.95  4.14  4.72  4.08  5.93  7.22 21.96  6.66  8.31 11.44
 6101.25  3.94  4.34  3.88  4.07  4.66  4.01  5.84  7.10 21.57  6.56  8.19 11.29
 6102.25  4.03  4.44  3.96  4.16  4.78  4.09  5.96  7.23 21.62  6.69  8.35 11.47
 6103.25  4.12  4.55  4.05  4.26  4.91  4.18  6.08  7.37 21.68  6.83  8.51 11.67
 6104.25  4.15  4.59  4.08  4.29  4.97  4.21  6.12  7.41 21.55  6.88  8.56 11.72
 6105.25  4.05  4.49  3.99  4.19  4.89  4.11  5.99  7.26 21.08  6.73  8.39 11.51
 6106.25  3.98  4.42  3.92  4.12  4.83  4.03  5.89  7.14 20.67  6.63  8.26 11.35
 6107.25  4.00  4.45  3.94  4.14  4.87  4.05  5.91  7.17 20.52  6.66  8.30 11.39
 6108.25  3.98  4.43  3.92  4.12  4.87  4.02  5.89  7.14 20.26  6.63  8.26 11.34
 6109.25  3.99  4.45  3.92  4.13  4.91  4.03  5.90  7.16 20.09  6.65  8.28 11.36
 6110.25  4.02  4.49  3.95  4.16  4.97  4.06  5.94  7.21 19.96  6.69  8.33 11.42
 6111.25  4.03  4.51  3.96  4.18  5.01  4.07  5.96  7.23 19.79  6.71  8.36 11.45
 6112.25  4.03  4.52  3.96  4.18  5.03  4.06  5.95  7.23 19.57  6.71  8.35 11.43
 6113.25  4.00  4.49  3.93  4.15  5.02  4.03  5.91  7.18 19.28  6.66  8.30 11.36
 6114.25  4.00  4.50  3.93  4.15  5.05  4.03  5.92  7.19 19.08  6.67  8.30 11.36
 6115.25  4.07  4.59  3.99  4.23  5.15  4.09  6.01  7.30 19.05  6.77  8.42 11.50
 6116.25  4.07  4.60  4.00  4.23  5.18  4.09  6.02  7.31 18.85  6.78  8.43 11.51
 6117.25  4.10  4.64  4.02  4.26  5.24  4.12  6.05  7.35 18.70  6.82  8.47 11.55
 6118.25  4.14  4.69  4.06  4.31  5.32  4.16  6.11  7.42 18.59  6.89  8.54 11.64
 6119.25  4.14  4.70  4.06  4.31  5.34  4.15  6.11  7.42 18.38  6.90  8.54 11.63
 6120.25  4.10  4.66  4.02  4.27  5.32  4.11  6.05  7.36 18.05  6.84  8.47 11.54
 6121.25  4.08  4.65  3.99  4.25  5.31  4.08  6.02  7.32 17.76  6.81  8.43 11.48
 6122.25  4.10  4.68  4.01  4.27  5.36  4.10  6.05  7.35 17.59  6.85  8.46 11.52
 6123.25  4.19  4.78  4.09  4.36  5.50  4.19  6.17  7.50 17.59  6.99  8.62 11.70
 6124.25  4.24  4.85  4.15  4.42  5.59  4.24  6.25  7.59 17.52  7.08  8.71 11.81
 6125.25  4.20  4.81  4.10  4.38  5.56  4.19  6.18  7.52 17.25  7.01  8.63 11.70
 6126.25  4.18  4.80  4.08  4.36  5.57  4.17  6.16  7.49 17.14  6.99  8.60 11.65
 6127.25  4.20  4.83  4.10  4.38  5.61  4.18  6.18  7.52 17.15  7.02  8.63 11.68
 6128.25  4.21  4.86  4.11  4.40  5.65  4.19  6.20  7.54 17.14  7.05  8.64 11.69
 6129.25  4.20  4.86  4.10  4.39  5.67  4.18  6.19  7.52 17.09  7.04  8.63 11.66
 6130.25  4.22  4.90  4.11  4.41  5.72  4.20  6.22  7.56 17.11  7.08  8.66 11.69
 6131.25  4.24  4.93  4.13  4.44  5.77  4.22  6.24  7.60 17.14  7.11  8.70 11.72
 6132.25  4.25  4.95  4.14  4.44  5.80  4.22  6.25  7.60 17.12  7.13  8.70 11.72
 6133.25  4.23  4.94  4.12  4.41  5.80  4.19  6.22  7.58 17.04  7.10  8.67 11.67
 6134.25  4.19  4.90  4.07  4.36  5.77  4.15  6.16  7.51 16.90  7.04  8.59 11.56
 6135.25  4.20  4.93  4.08  4.37  5.81  4.15  6.18  7.52 16.89  7.06  8.59 11.57
 6136.25  4.23  4.97  4.11  4.39  5.87  4.18  6.22  7.57 16.93  7.11  8.64 11.62
 6137.25  4.19  4.95  4.07  4.35  5.85  4.14  6.17  7.52 16.82  7.06  8.58 11.54
 6138.25  4.10  4.85  3.97  4.25  5.75  4.04  6.04  7.37 16.54  6.92  8.40 11.32
 6139.25  4.22  5.00  4.09  4.37  5.93  4.16  6.20  7.56 16.81  7.11  8.60 11.56
 6140.25  4.03  4.79  3.90  4.17  5.72  3.97  5.94  7.26 16.30  6.83  8.27 11.15
 6141.25  3.79  4.52  3.67  3.92  5.44  3.73  5.61  6.87 15.62  6.46  7.83 10.61
 6142.25  4.09  4.88  3.95  4.22  5.88  4.02  6.02  7.35 16.38  6.92  8.35 11.24
 6143.25  4.34  5.18  4.19  4.47  6.27  4.26  6.36  7.75 16.97  7.30  8.78 11.75
 6144.25  4.18  5.01  4.03  4.30  6.10  4.10  6.14  7.49 16.54  7.06  8.50 11.41
 6145.25  3.82  4.60  3.68  3.93  5.66  3.75  5.64  6.91 15.56  6.51  7.85 10.62
 6146.25  3.68  4.45  3.55  3.78  5.51  3.61  5.46  6.69 15.15  6.31  7.60 10.30
 6147.25  4.06  4.90  3.90  4.16  6.09  3.98  5.98  7.30 16.14  6.89  8.27 11.11
 6148.25  4.16  5.03  4.00  4.26  6.28  4.08  6.12  7.47 16.37  7.05  8.44 11.32
 6149.25  3.73  4.53  3.58  3.81  5.71  3.65  5.51  6.76 15.17  6.38  7.66 10.36
 6150.25  3.40  4.15  3.25  3.47  5.27  3.32  5.05  6.22 14.18  5.86  7.05  9.59
 6151.25  3.83  4.67  3.67  3.91  5.95  3.75  5.66  6.93 15.39  6.55  7.83 10.56
 6152.25  4.05  4.95  3.88  4.13  6.31  3.96  5.97  7.30 15.96  6.90  8.22 11.03
 6153.25  4.14  5.06  3.95  4.21  6.48  4.04  6.08  7.43 16.13  7.03  8.36 11.19
 6154.25  4.21  5.16  4.02  4.28  6.64  4.12  6.19  7.56 16.29  7.15  8.48 11.34
 6155.25  4.22  5.18  4.03  4.28  6.70  4.12  6.20  7.58 16.28  7.17  8.49 11.34
 6156.25  4.24  5.21  4.04  4.30  6.78  4.14  6.22  7.61 16.29  7.20  8.51 11.37
 6157.25  4.07  5.03  3.88  4.12  6.58  3.97  6.00  7.35 15.84  6.95  8.22 11.01
 6158.25  3.93  4.86  3.74  3.97  6.41  3.83  5.80  7.12 15.43  6.73  7.96 10.68
 6159.25  3.95  4.90  3.75  3.99  6.49  3.84  5.82  7.15 15.44  6.76  7.98 10.71
 6160.25  3.99  4.96  3.79  4.02  6.60  3.88  5.88  7.23 15.52  6.83  8.05 10.79
 6161.25  4.17  5.18  3.95  4.20  6.91  4.05  6.12  7.51 15.94  7.10  8.35 11.14
 6162.25  4.23  5.26  4.01  4.25  7.05  4.11  6.21  7.62 16.06  7.20  8.45 11.26
 6163.25  4.31  5.37  4.08  4.33  7.22  4.19  6.32  7.75 16.22  7.33  8.58 11.41
 6164.25  4.41  5.50  4.17  4.43  7.42  4.29  6.46  7.91 16.43  7.49  8.74 11.60
 6165.25  4.39  5.49  4.15  4.40  7.44  4.26  6.43  7.88 16.34  7.46  8.70 11.54
 6166.25  4.32  5.41  4.07  4.32  7.38  4.19  6.33  7.77 16.14  7.35  8.57 11.38
 6167.25  4.28  5.37  4.03  4.28  7.36  4.15  6.28  7.72 16.01  7.29  8.50 11.29
 6168.25  4.28  5.38  4.02  4.26  7.40  4.14  6.27  7.71 15.96  7.29  8.48 11.26
 6169.25  4.23  5.33  3.97  4.21  7.37  4.09  6.20  7.64 15.80  7.21  8.39 11.15
 6170.25  4.19  5.29  3.93  4.17  7.36  4.05  6.14  7.57 15.66  7.15  8.31 11.05
 6171.25  3.81  4.84  3.57  3.79  6.80  3.68  5.62  6.96 14.64  6.56  7.64 10.23
 6172.25  3.30  4.22  3.09  3.28  6.00  3.19  4.91  6.11 13.16  5.75  6.72  9.08
 6173.25  3.73  4.76  3.49  3.70  6.75  3.60  5.51  6.84 14.35  6.43  7.49 10.03
 6174.25  4.25  5.40  3.97  4.21  7.63  4.10  6.22  7.68 15.66  7.23  8.37 11.11
 6175.25  4.30  5.48  4.01  4.26  7.77  4.15  6.30  7.77 15.76  7.31  8.46 11.21
 6176.25  4.21  5.37  3.92  4.16  7.66  4.05  6.17  7.63 15.49  7.16  8.29 11.00
 6177.25  4.02  5.14  3.73  3.96  7.39  3.86  5.90  7.31 14.96  6.86  7.95 10.58
 6178.25  3.91  5.02  3.63  3.86  7.26  3.76  5.75  7.14 14.65  6.69  7.76 10.34
 6179.25  4.21  5.39  3.91  4.14  7.79  4.04  6.16  7.63 15.36  7.15  8.26 10.95
 6180.25  4.31  5.53  4.00  4.24  7.97  4.14  6.30  7.79 15.57  7.30  8.42 11.14
 6181.25  4.30  5.53  3.99  4.23  7.94  4.13  6.29  7.79 15.51  7.29  8.40 11.11
 6182.25  4.31  5.55  4.00  4.24  7.92  4.14  6.30  7.80 15.49  7.30  8.41 11.11
 6183.25  4.30  5.55  3.98  4.22  7.87  4.12  6.29  7.79 15.43  7.28  8.39 11.07
 6184.25  4.29  5.54  3.97  4.20  7.81  4.11  6.26  7.77 15.35  7.25  8.35 11.01
 6185.25  4.22  5.47  3.90  4.13  7.68  4.04  6.18  7.67 15.16  7.15  8.23 10.86
 6186.25  4.17  5.41  3.85  4.07  7.55  3.98  6.10  7.58 14.97  7.06  8.13 10.73
 6187.25  4.29  5.58  3.96  4.20  7.72  4.11  6.27  7.79 15.25  7.26  8.34 10.96
 6188.25  4.36  5.67  4.02  4.26  7.80  4.17  6.37  7.90 15.37  7.35  8.44 11.08
 6189.25  4.36  5.68  4.02  4.25  7.76  4.17  6.38  7.90 15.32  7.35  8.42 11.06
 6190.25  4.33  5.65  3.99  4.22  7.68  4.14  6.35  7.86 15.22  7.30  8.36 10.98
 6191.25  4.36  5.69  4.01  4.24  7.69  4.16  6.39  7.91 15.24  7.34  8.39 11.01
 6192.25  4.45  5.79  4.09  4.33  7.80  4.24  6.52  8.05 15.40  7.47  8.51 11.16
 6193.25  4.44  5.77  4.08  4.32  7.75  4.23  6.52  8.04 15.35  7.46  8.49 11.13
 6194.25  4.17  5.41  3.82  4.04  7.29  3.96  6.14  7.60 14.65  7.04  8.01 10.56
 6195.25  4.20  5.44  3.85  4.07  7.30  3.99  6.20  7.66 14.68  7.08  8.05 10.60
 6196.25  4.39  5.66  4.02  4.25  7.56  4.17  6.46  7.96 15.10  7.37  8.35 10.96
 6197.25  4.38  5.64  4.01  4.24  7.52  4.17  6.46  7.96 15.04  7.36  8.32 10.93
 6198.25  4.43  5.69  4.06  4.29  7.57  4.21  6.54  8.04 15.12  7.43  8.39 11.01
 6199.25  4.49  5.74  4.11  4.34  7.62  4.27  6.63  8.13 15.21  7.51  8.47 11.10
 6200.25  4.50  5.75  4.12  4.35  7.61  4.28  6.66  8.14 15.20  7.53  8.48 11.11
 6201.25  4.49  5.72  4.11  4.34  7.56  4.27  6.66  8.12 15.15  7.52  8.45 11.07
 6202.25  4.48  5.70  4.10  4.32  7.51  4.26  6.65  8.09 15.08  7.50  8.42 11.03
 6203.25  4.11  5.23  3.75  3.96  6.92  3.90  6.14  7.48 14.16  6.94  7.79 10.27
 6204.25  3.50  4.47  3.19  3.37  5.94  3.32  5.29  6.46 12.55  5.99  6.74  8.98
 6205.25  3.85  4.90  3.52  3.71  6.47  3.66  5.80  7.04 13.45  6.54  7.33  9.71
 6206.25  4.37  5.52  3.99  4.20  7.22  4.15  6.54  7.87 14.68  7.33  8.18 10.75
 6207.25  4.47  5.62  4.08  4.29  7.33  4.24  6.68  8.01 14.86  7.47  8.32 10.91
 6208.25  4.43  5.57  4.05  4.26  7.25  4.21  6.64  7.95 14.75  7.43  8.26 10.83
 6209.25  4.29  5.38  3.92  4.13  7.01  4.07  6.46  7.72 14.38  7.21  8.02 10.54
 6210.25  4.24  5.30  3.86  4.07  6.89  4.02  6.39  7.62 14.21  7.13  7.91 10.41
 6211.25  4.23  5.28  3.85  4.06  6.85  4.01  6.39  7.59 14.15  7.11  7.88 10.38
 6212.25  3.68  4.60  3.34  3.53  5.99  3.48  5.61  6.69 12.73  6.26  6.95  9.23
 6213.25  3.53  4.41  3.21  3.39  5.74  3.34  5.41  6.43 12.31  6.03  6.68  8.90
 6214.25  3.91  4.87  3.56  3.75  6.29  3.71  5.97  7.06 13.27  6.63  7.32  9.69
 6215.25  4.10  5.08  3.73  3.93  6.54  3.88  6.24  7.35 13.69  6.91  7.62 10.05
 6216.25  4.39  5.42  4.00  4.21  6.93  4.16  6.67  7.80 14.34  7.36  8.08 10.61
 6217.25  4.46  5.49  4.07  4.28  7.00  4.23  6.77  7.90 14.46  7.46  8.18 10.73
 6218.25  4.45  5.46  4.06  4.27  6.95  4.22  6.77  7.87 14.40  7.45  8.15 10.69
 6219.25  4.41  5.40  4.02  4.23  6.86  4.17  6.72  7.79 14.26  7.38  8.07 10.58
 6220.25  4.39  5.36  4.00  4.21  6.79  4.15  6.70  7.75 14.18  7.35  8.02 10.53
 6221.25  4.41  5.37  4.02  4.22  6.78  4.17  6.73  7.77 14.18  7.38  8.04 10.55
 6222.25  4.07  4.96  3.70  3.90  6.27  3.85  6.26  7.23 13.35  6.88  7.48  9.86
 6223.25  3.41  4.17  3.10  3.26  5.28  3.22  5.32  6.14 11.63  5.86  6.36  8.48
 6224.25  3.74  4.54  3.40  3.58  5.72  3.53  5.80  6.67 12.45  6.39  6.90  9.15
 6225.25  4.34  5.23  3.95  4.15  6.53  4.10  6.67  7.62 13.86  7.33  7.87 10.34
 6226.25  4.37  5.25  3.98  4.18  6.54  4.13  6.73  7.66 13.88  7.39  7.91 10.38
 6227.25  4.35  5.21  3.96  4.16  6.47  4.11  6.71  7.62 13.79  7.38  7.86 10.32
 6228.25  4.37  5.22  3.98  4.18  6.47  4.13  6.75  7.64 13.79  7.43  7.89 10.35
 6229.25  4.35  5.18  3.96  4.16  6.41  4.12  6.74  7.61 13.70  7.42  7.85 10.30
 6230.25  4.32  5.13  3.94  4.13  6.33  4.09  6.70  7.55 13.58  7.39  7.78 10.22
 6231.25  4.34  5.14  3.96  4.16  6.33  4.12  6.75  7.58 13.59  7.45  7.82 10.26
 6232.25  4.41  5.20  4.03  4.23  6.38  4.18  6.86  7.68 13.70  7.57  7.91 10.38
 6233.25  4.38  5.15  4.00  4.20  6.31  4.16  6.84  7.62 13.59  7.54  7.86 10.31
 6234.25  4.22  4.95  3.85  4.04  6.05  4.00  6.61  7.36 13.16  7.30  7.58  9.97
 6235.25  3.52  4.13  3.21  3.37  5.07  3.34  5.60  6.23 11.41  6.21  6.43  8.55
 6236.25  2.94  3.45  2.68  2.81  4.24  2.79  4.74  5.26  9.81  5.26  5.43  7.28
 6237.25  2.61  3.06  2.38  2.50  3.75  2.48  4.23  4.70  8.81  4.71  4.84  6.52
 6238.25  2.74  3.19  2.50  2.62  3.90  2.60  4.45  4.91  9.15  4.94  5.06  6.80
 6239.25  3.36  3.89  3.06  3.22  4.73  3.19  5.41  5.94 10.82  6.00  6.12  8.15
 6240.25  4.02  4.63  3.68  3.85  5.58  3.83  6.42  7.00 12.43  7.09  7.20  9.50
 6241.25  3.89  4.46  3.55  3.72  5.37  3.70  6.23  6.78 12.06  6.89  6.97  9.21
 6242.25  3.61  4.14  3.30  3.46  4.98  3.44  5.84  6.33 11.35  6.46  6.52  8.64
 6243.25  3.63  4.14  3.31  3.47  4.96  3.45  5.87  6.35 11.34  6.50  6.53  8.65
 6244.25  3.73  4.24  3.41  3.57  5.06  3.55  6.04  6.51 11.55  6.68  6.69  8.85
 6245.25  3.57  4.05  3.27  3.42  4.83  3.40  5.82  6.25 11.12  6.44  6.43  8.51
 6246.25  3.96  4.46  3.62  3.78  5.29  3.77  6.41  6.85 11.99  7.08  7.04  9.26
 6247.25  4.38  4.91  4.01  4.19  5.79  4.18  7.05  7.50 12.90  7.77  7.71 10.06
 6248.25  4.37  4.89  4.01  4.18  5.74  4.18  7.06  7.49 12.84  7.78  7.69 10.04
 6249.25  4.12  4.59  3.77  3.93  5.39  3.93  6.70  7.09 12.22  7.39  7.28  9.54
 6250.25  4.14  4.61  3.80  3.95  5.39  3.96  6.76  7.13 12.24  7.45  7.32  9.57
 6251.25  4.33  4.80  3.97  4.13  5.58  4.14  7.05  7.42 12.61  7.77  7.61  9.91
 6252.25  4.38  4.83  4.01  4.17  5.60  4.19  7.14  7.49 12.66  7.86  7.67  9.98
 6253.25  4.37  4.80  4.00  4.15  5.55  4.18  7.13  7.46 12.58  7.85  7.64  9.94
 6254.25  4.42  4.84  4.05  4.20  5.58  4.23  7.23  7.54 12.64  7.95  7.72 10.02
 6255.25  4.44  4.85  4.07  4.22  5.57  4.26  7.28  7.57 12.65  8.01  7.75 10.05
 6256.25  4.42  4.81  4.05  4.19  5.50  4.23  7.26  7.53 12.54  7.98  7.70  9.99
 6257.25  4.27  4.64  3.91  4.05  5.29  4.10  7.06  7.31 12.18  7.77  7.47  9.70
 6258.25  3.53  3.83  3.22  3.34  4.36  3.38  5.93  6.12 10.41  6.54  6.26  8.21
 6259.25  2.47  2.68  2.25  2.33  3.05  2.36  4.23  4.36  7.61  4.69  4.46  5.93
 6260.25  2.63  2.85  2.40  2.48  3.23  2.52  4.51  4.64  8.02  5.00  4.74  6.28
 6261.25  3.89  4.19  3.56  3.67  4.72  3.73  6.54  6.69 11.12  7.20  6.83  8.89
 6262.25  4.34  4.67  3.98  4.10  5.25  4.18  7.26  7.41 12.10  7.97  7.55  9.76
 6263.25  4.16  4.47  3.82  3.93  5.02  4.01  7.00  7.12 11.66  7.70  7.26  9.40
 6264.25  4.12  4.41  3.78  3.88  4.96  3.97  6.95  7.05 11.52  7.64  7.19  9.30
 6265.25  4.15  4.43  3.81  3.91  4.98  4.00  7.01  7.10 11.54  7.71  7.23  9.35
 6266.25  3.52  3.76  3.22  3.31  4.23  3.39  6.04  6.10 10.06  6.66  6.21  8.10
 6267.25  3.27  3.49  3.00  3.08  3.93  3.16  5.66  5.70  9.42  6.24  5.80  7.58
 6268.25  4.00  4.25  3.67  3.76  4.77  3.86  6.83  6.86 11.06  7.51  6.98  9.02
 6269.25  4.10  4.35  3.76  3.85  4.87  3.96  7.01  7.02 11.24  7.69  7.13  9.20
 6270.25  3.92  4.15  3.60  3.69  4.66  3.80  6.75  6.74 10.81  7.42  6.85  8.85
 6271.25  4.21  4.45  3.87  3.96  4.98  4.08  7.22  7.19 11.39  7.92  7.30  9.38
 6272.25  4.36  4.59  4.01  4.09  5.14  4.23  7.46  7.41 11.64  8.18  7.52  9.64
 6273.25  4.31  4.53  3.96  4.04  5.06  4.18  7.39  7.32 11.48  8.11  7.43  9.52
 6274.25  4.25  4.45  3.90  3.98  4.98  4.12  7.32  7.23 11.31  8.05  7.33  9.40
 6275.25  4.18  4.38  3.84  3.92  4.89  4.06  7.23  7.13 11.13  7.99  7.22  9.26
 6276.25  3.43  3.59  3.15  3.20  4.02  3.33  6.04  5.93  9.43  6.73  6.01  7.77
 6277.25  3.01  3.15  2.76  2.81  3.53  2.93  5.36  5.25  8.41  6.02  5.32  6.91
 6278.25  3.69  3.84  3.39  3.45  4.30  3.60  6.48  6.34  9.98  7.30  6.42  8.26
 6279.25  3.85  4.00  3.54  3.59  4.46  3.76  6.74  6.60 10.33  7.64  6.67  8.56
 6280.25  3.81  3.94  3.50  3.55  4.40  3.72  6.67  6.52 10.22  7.62  6.59  8.46
 6281.25  4.19  4.33  3.86  3.91  4.83  4.10  7.28  7.13 11.04  8.36  7.20  9.18
 6282.25  4.32  4.45  3.97  4.02  4.95  4.22  7.47  7.31 11.27  8.63  7.38  9.39
 6283.25  4.27  4.39  3.93  3.98  4.88  4.18  7.40  7.24 11.16  8.61  7.30  9.29
 6284.25  4.23  4.34  3.89  3.94  4.83  4.14  7.34  7.18 11.07  8.60  7.24  9.21
 6285.25  4.23  4.34  3.90  3.94  4.82  4.15  7.35  7.18 11.07  8.67  7.24  9.20
 6286.25  4.24  4.34  3.91  3.95  4.82  4.17  7.36  7.19 11.07  8.75  7.25  9.20
 6287.25  4.13  4.21  3.80  3.84  4.68  4.06  7.18  7.02 10.82  8.60  7.07  8.98
 6288.25  3.08  3.13  2.83  2.85  3.49  3.03  5.47  5.34  8.42  6.66  5.37  6.91
 6289.25  2.41  2.45  2.21  2.23  2.73  2.37  4.33  4.23  6.76  5.35  4.25  5.50
 6290.25  3.21  3.26  2.95  2.97  3.62  3.16  5.68  5.54  8.71  7.01  5.57  7.15
 6291.25  3.97  4.02  3.66  3.68  4.45  3.92  6.92  6.76 10.42  8.53  6.79  8.62
 6292.25  4.07  4.12  3.75  3.77  4.54  4.01  7.07  6.90 10.60  8.76  6.93  8.78
 6293.25  4.13  4.17  3.80  3.82  4.60  4.08  7.17  7.00 10.71  8.93  7.02  8.88
 6294.25  4.21  4.25  3.88  3.90  4.67  4.16  7.29  7.13 10.87  9.14  7.14  9.02
 6295.25  4.22  4.26  3.89  3.90  4.67  4.18  7.31  7.15 10.87  9.21  7.15  9.02
 6296.25  4.23  4.26  3.90  3.91  4.67  4.19  7.32  7.17 10.88  9.29  7.16  9.03
 6297.25  4.11  4.14  3.79  3.80  4.53  4.07  7.13  7.00 10.61  9.12  6.97  8.80
 6298.25  3.76  3.78  3.46  3.46  4.13  3.73  6.57  6.45  9.84  8.49  6.42  8.13
 6299.25  3.09  3.10  2.84  2.84  3.39  3.07  5.48  5.38  8.31  7.19  5.34  6.82
 6300.25  1.96  1.96  1.80  1.80  2.15  1.95  3.53  3.46  5.44  4.71  3.44  4.43
 6301.25  0.67  0.67  0.62  0.62  0.74  0.67  1.22  1.20  1.91  1.66  1.19  1.55
 6302.25  0.49  0.49  0.45  0.45  0.54  0.49  0.89  0.88  1.39  1.22  0.87  1.13
 6303.25  1.03  1.03  0.94  0.94  1.13  1.02  1.87  1.84  2.90  2.57  1.82  2.35
 6304.25  3.21  3.20  2.96  2.95  3.50  3.20  5.66  5.59  8.48  7.64  5.51  7.01
 6305.25  4.08  4.07  3.77  3.75  4.43  4.07  7.08  7.01 10.41  9.49  6.90  8.69
 6306.25  4.07  4.05  3.76  3.74  4.41  4.07  7.06  6.99 10.37  9.52  6.88  8.66
 6307.25  3.53  3.51  3.25  3.23  3.83  3.53  6.18  6.14  9.19  8.47  6.02  7.63
 6308.25  2.38  2.36  2.19  2.17  2.58  2.38  4.26  4.23  6.45  5.97  4.14  5.30
 6309.25  2.50  2.48  2.30  2.29  2.71  2.51  4.47  4.45  6.75  6.30  4.35  5.56
 6310.25  3.69  3.66  3.41  3.38  3.99  3.70  6.45  6.42  9.50  8.96  6.28  7.92
 6311.25  4.16  4.12  3.85  3.81  4.49  4.18  7.19  7.18 10.48  9.97  7.01  8.79
 6312.25  4.25  4.20  3.93  3.89  4.58  4.27  7.33  7.32 10.65 10.20  7.14  8.95
 6313.25  4.24  4.19  3.92  3.88  4.56  4.26  7.31  7.31 10.61 10.23  7.12  8.92
 6314.25  4.16  4.10  3.84  3.80  4.47  4.18  7.18  7.19 10.42 10.12  6.99  8.76
 6315.25  4.14  4.08  3.83  3.78  4.45  4.17  7.16  7.18 10.38 10.15  6.97  8.73
 6316.25  4.24  4.17  3.92  3.87  4.54  4.27  7.30  7.33 10.55 10.38  7.11  8.89
 6317.25  4.27  4.20  3.95  3.90  4.57  4.30  7.36  7.39 10.60 10.50  7.15  8.94
 6318.25  4.26  4.18  3.95  3.89  4.56  4.30  7.34  7.39 10.56 10.54  7.14  8.92
 6319.25  4.30  4.21  3.98  3.92  4.59  4.34  7.40  7.45 10.62 10.66  7.19  8.98
 6320.25  4.34  4.25  4.03  3.96  4.63  4.39  7.46  7.53 10.69 10.80  7.26  9.05
 6321.25  4.17  4.08  3.87  3.80  4.44  4.21  7.19  7.26 10.33 10.51  6.99  8.73
 6322.25  3.52  3.44  3.26  3.21  3.76  3.57  6.16  6.24  8.95  9.18  5.98  7.53
 6323.25  3.08  3.01  2.86  2.81  3.29  3.13  5.44  5.52  7.96  8.23  5.28  6.68
 6324.25  3.73  3.64  3.46  3.40  3.96  3.78  6.48  6.58  9.36  9.73  6.30  7.90
 6325.25  4.17  4.07  3.88  3.80  4.43  4.23  7.16  7.30 10.26 10.72  6.98  8.71
 6326.25  4.22  4.12  3.92  3.85  4.47  4.28  7.22  7.38 10.34 10.88  7.05  8.79
 6327.25  4.18  4.08  3.89  3.81  4.43  4.24  7.15  7.33 10.25 10.89  6.99  8.71
 6328.25  4.10  4.00  3.81  3.74  4.33  4.16  7.01  7.21 10.07 10.82  6.86  8.56
 6329.25  4.09  3.98  3.80  3.73  4.32  4.16  6.98  7.20 10.03 10.90  6.84  8.53
 6330.25  3.53  3.43  3.28  3.21  3.72  3.59  6.08  6.29  8.83  9.74  5.97  7.48
 6331.25  2.44  2.38  2.27  2.22  2.58  2.49  4.29  4.46  6.36  7.14  4.21  5.34
 6332.25  2.71  2.64  2.52  2.47  2.86  2.77  4.73  4.93  6.98  7.92  4.65  5.88
 6333.25  3.93  3.83  3.67  3.59  4.14  4.01  6.69  6.98  9.65 10.96  6.59  8.22
 6334.25  4.21  4.09  3.93  3.84  4.42  4.30  7.10  7.43 10.19 11.67  7.01  8.71
 6335.25  4.18  4.07  3.91  3.82  4.39  4.27  7.05  7.39 10.12 11.71  6.97  8.66
 6336.25  4.25  4.14  3.98  3.89  4.46  4.35  7.15  7.52 10.25 11.97  7.08  8.78
 6337.25  4.31  4.19  4.03  3.94  4.51  4.41  7.22  7.61 10.34 12.19  7.16  8.87
 6338.25  4.26  4.14  3.99  3.90  4.46  4.36  7.13  7.54 10.23 12.19  7.08  8.78
 6339.25  4.19  4.07  3.92  3.83  4.37  4.29  7.01  7.44 10.07 12.13  6.97  8.64
 6340.25  4.21  4.09  3.95  3.85  4.40  4.32  7.03  7.48 10.10 12.28  7.00  8.68
 6341.25  3.70  3.59  3.46  3.37  3.86  3.79  6.22  6.65  9.04 11.17  6.21  7.73
 6342.25  3.09  3.00  2.89  2.82  3.23  3.18  5.25  5.64  7.72  9.73  5.25  6.58
 6343.25  3.58  3.47  3.36  3.27  3.73  3.68  6.01  6.46  8.76 11.06  6.02  7.50
 6344.25  4.06  3.93  3.81  3.71  4.23  4.17  6.74  7.24  9.73 12.31  6.76  8.38
 6345.25  4.06  3.93  3.81  3.71  4.23  4.18  6.73  7.24  9.72 12.41  6.76  8.37
 6346.25  4.12  3.99  3.87  3.76  4.29  4.24  6.81  7.33  9.82 12.64  6.84  8.47
 6347.25  4.11  3.98  3.87  3.76  4.28  4.24  6.78  7.32  9.78 12.71  6.83  8.45
 6348.25  4.09  3.96  3.85  3.74  4.26  4.22  6.74  7.29  9.73 12.77  6.80  8.41
 6349.25  3.73  3.61  3.52  3.41  3.89  3.86  6.18  6.71  9.00 11.99  6.25  7.75
 6350.25  3.26  3.15  3.07  2.98  3.41  3.38  5.44  5.93  8.00 10.86  5.51  6.87
 6351.25  3.67  3.55  3.46  3.36  3.83  3.80  6.06  6.61  8.84 12.01  6.14  7.63
 6352.25  4.04  3.90  3.81  3.70  4.21  4.18  6.61  7.21  9.57 13.02  6.71  8.29
 6353.25  4.08  3.94  3.85  3.73  4.25  4.22  6.66  7.26  9.63 13.20  6.77  8.35
 6354.25  4.09  3.95  3.86  3.75  4.26  4.24  6.66  7.29  9.64 13.32  6.79  8.37
 6355.25  4.11  3.97  3.89  3.77  4.28  4.27  6.69  7.32  9.67 13.47  6.83  8.42
 6356.25  3.98  3.84  3.76  3.65  4.15  4.14  6.47  7.11  9.39 13.24  6.63  8.18
 6357.25  3.14  3.03  2.96  2.87  3.27  3.27  5.17  5.71  7.62 11.06  5.31  6.61
 6358.25  2.71  2.61  2.56  2.48  2.83  2.83  4.49  4.97  6.67  9.87  4.62  5.78
 6359.25  3.50  3.38  3.31  3.21  3.65  3.65  5.71  6.32  8.37 12.24  5.89  7.30
 6360.25  4.05  3.91  3.84  3.73  4.22  4.23  6.54  7.23  9.48 13.79  6.75  8.32
 6361.25  4.06  3.92  3.85  3.74  4.23  4.25  6.54  7.24  9.48 13.91  6.78  8.35
 6362.25  4.00  3.86  3.80  3.68  4.17  4.19  6.43  7.14  9.34 13.86  6.69  8.25
 6363.25  3.68  3.55  3.49  3.38  3.83  3.85  5.93  6.61  8.67 13.10  6.20  7.66
 6364.25  1.75  1.68  1.66  1.60  1.82  1.84  2.89  3.25  4.35  6.95  3.03  3.81
 6365.25  0.83  0.80  0.79  0.76  0.87  0.87  1.38  1.56  2.09  3.44  1.45  1.84
 6366.25  1.03  0.99  0.98  0.95  1.08  1.09  1.71  1.94  2.60  4.30  1.81  2.29
 6367.25  2.63  2.54  2.50  2.43  2.75  2.78  4.28  4.82  6.36 10.25  4.54  5.65
 6368.25  3.91  3.77  3.72  3.62  4.08  4.12  6.23  7.00  9.08 14.24  6.61  8.15
 6369.25  3.99  3.84  3.80  3.69  4.15  4.21  6.34  7.12  9.21 14.54  6.74  8.29
 6370.25  3.99  3.85  3.80  3.70  4.16  4.21  6.34  7.13  9.20 14.65  6.75  8.31
 6371.25  4.01  3.86  3.83  3.72  4.18  4.24  6.36  7.16  9.22 14.80  6.80  8.36
 6372.25  4.04  3.88  3.85  3.74  4.20  4.27  6.39  7.19  9.25 14.96  6.84  8.41
 6373.25  4.01  3.86  3.83  3.72  4.18  4.25  6.36  7.16  9.19 15.01  6.82  8.38
 6374.25  3.98  3.83  3.80  3.70  4.14  4.22  6.30  7.11  9.11 15.02  6.78  8.33
 6375.25  4.00  3.85  3.82  3.71  4.16  4.24  6.33  7.14  9.14 15.17  6.81  8.37
 6376.25  4.04  3.88  3.85  3.75  4.20  4.28  6.37  7.19  9.20 15.36  6.88  8.44
 6377.25  4.04  3.89  3.86  3.76  4.20  4.30  6.37  7.20  9.20 15.47  6.89  8.46
 6378.25  4.08  3.92  3.90  3.79  4.23  4.33  6.42  7.25  9.26 15.63  6.95  8.53
 6379.25  4.05  3.89  3.87  3.77  4.21  4.31  6.38  7.21  9.21 15.56  6.93  8.50
 6380.25  3.73  3.57  3.56  3.46  3.87  3.97  5.89  6.68  8.56 14.65  6.42  7.90
 6381.25  3.50  3.35  3.34  3.25  3.63  3.73  5.54  6.30  8.10 15.63  6.06  7.48
 6382.25  3.88  3.72  3.71  3.61  4.03  4.14  6.10  6.92  8.85 24.66  6.68  8.20
 6383.25  4.03  3.86  3.86  3.76  4.19  4.30  6.32  7.17  9.14 31.82  6.92  8.49
 6384.25  4.04  3.87  3.86  3.76  4.20  4.31  6.32  7.18  9.15 32.89  6.95  8.51
 6385.25  4.07  3.89  3.89  3.79  4.22  4.35  6.35  7.22  9.19 32.81  6.99  8.57
 6386.25  4.03  3.85  3.85  3.75  4.18  4.30  6.29  7.14  9.10 32.47  6.93  8.50
 6387.25  3.55  3.39  3.39  3.31  3.69  3.80  5.58  6.37  8.16 30.51  6.19  7.62
 6388.25  3.12  2.97  2.98  2.90  3.24  3.34  4.93  5.64  7.26 28.42  5.48  6.78
 6389.25  3.62  3.46  3.47  3.38  3.76  3.88  5.68  6.48  8.29 30.39  6.32  7.77
 6390.25  4.05  3.87  3.88  3.78  4.20  4.34  6.29  7.17  9.12 31.72  7.00  8.57
 6391.25  4.10  3.91  3.92  3.82  4.25  4.39  6.35  7.24  9.20 31.66  7.08  8.66
 6392.25  4.09  3.90  3.92  3.82  4.25  4.39  6.34  7.23  9.18 31.43  7.08  8.66
 6393.25  4.05  3.86  3.88  3.78  4.20  4.35  6.27  7.16  9.09 31.09  7.02  8.59
 6394.25  4.05  3.86  3.88  3.78  4.20  4.35  6.26  7.16  9.08 30.88  7.03  8.60
 6395.25  4.07  3.88  3.91  3.81  4.23  4.38  6.29  7.20  9.12 30.74  7.07  8.65
 6396.25  4.12  3.93  3.96  3.86  4.28  4.44  6.36  7.28  9.21 30.68  7.16  8.75
 6397.25  4.14  3.94  3.97  3.87  4.29  4.46  6.36  7.29  9.22 30.50  7.19  8.78
 6398.25  4.13  3.93  3.96  3.87  4.28  4.45  6.35  7.28  9.20 30.26  7.18  8.77
 6399.25  4.15  3.95  3.99  3.89  4.31  4.48  6.37  7.31  9.23 30.11  7.22  8.82
 6400.25  4.19  3.99  4.03  3.93  4.35  4.54  6.42  7.37  9.31 30.02  7.30  8.91
 6401.25  4.27  4.06  4.10  4.01  4.43  4.63  6.52  7.49  9.44 30.03  7.43  9.05
 6402.25  4.29  4.08  4.13  4.03  4.45  4.66  6.55  7.53  9.47 29.87  7.47  9.10
 6403.25  4.23  4.02  4.07  3.97  4.39  4.60  6.46  7.43  9.35 29.47  7.38  9.00
 6404.25  4.21  4.00  4.05  3.95  4.37  4.58  6.41  7.39  9.30 29.17  7.35  8.96
 6405.25  4.13  3.93  3.98  3.89  4.29  4.51  6.30  7.27  9.16 28.72  7.24  8.83
 6406.25  4.12  3.91  3.96  3.87  4.27  4.50  6.27  7.24  9.11 28.44  7.22  8.81
 6407.25  4.09  3.88  3.94  3.85  4.24  4.47  6.23  7.19  9.06 28.12  7.19  8.77
 6408.25  3.28  3.11  3.16  3.09  3.41  3.60  5.05  5.88  7.47 24.87  5.88  7.23
 6409.25  2.92  2.76  2.81  2.74  3.03  3.21  4.51  5.26  6.71 23.01  5.28  6.51
 6410.25  3.73  3.53  3.59  3.51  3.87  4.10  5.69  6.61  8.34 26.18  6.65  8.11
 6411.25  4.22  4.00  4.07  3.98  4.38  4.64  6.38  7.39  9.26 27.59  7.44  9.03
 6412.25  4.19  3.97  4.04  3.95  4.35  4.61  6.33  7.34  9.20 27.26  7.41  8.98
 6413.25  4.19  3.97  4.05  3.96  4.35  4.63  6.33  7.34  9.20 27.04  7.43  8.99
 6414.25  4.04  3.83  3.90  3.82  4.20  4.47  6.12  7.10  8.92 26.33  7.21  8.72
 6415.25  3.75  3.54  3.62  3.54  3.89  4.15  5.69  6.62  8.34 25.10  6.74  8.17
 6416.25  3.86  3.65  3.73  3.65  4.01  4.29  5.85  6.81  8.56 25.26  6.94  8.39
 6417.25  4.12  3.90  3.98  3.90  4.28  4.57  6.22  7.22  9.04 25.85  7.37  8.88
 6418.25  4.17  3.94  4.03  3.95  4.33  4.64  6.28  7.30  9.12 25.76  7.47  8.97
 6419.25  4.16  3.93  4.02  3.94  4.31  4.63  6.26  7.27  9.09 25.46  7.45  8.95
 6420.25  4.08  3.86  3.95  3.86  4.23  4.55  6.15  7.15  8.93 24.98  7.34  8.81
 6421.25  3.79  3.58  3.67  3.59  3.94  4.23  5.73  6.68  8.38 23.78  6.88  8.27
 6422.25  3.61  3.41  3.49  3.42  3.75  4.05  5.48  6.39  8.03 22.92  6.60  7.93
 6423.25  3.97  3.75  3.84  3.76  4.12  4.44  5.97  6.96  8.70 23.86  7.20  8.61
 6424.25  4.10  3.88  3.98  3.89  4.26  4.60  6.16  7.17  8.94 24.04  7.43  8.86
 6425.25  4.12  3.89  4.00  3.91  4.28  4.62  6.18  7.19  8.97 23.83  7.47  8.90
 6426.25  4.14  3.91  4.02  3.93  4.30  4.65  6.21  7.22  9.01 23.63  7.52  8.94
 6427.25  4.09  3.87  3.98  3.89  4.25  4.60  6.14  7.14  8.92 23.22  7.45  8.85
 6428.25  4.08  3.86  3.97  3.88  4.24  4.60  6.12  7.13  8.91 22.93  7.45  8.84
 6429.25  4.10  3.88  4.00  3.90  4.27  4.63  6.15  7.16  8.96 22.74  7.50  8.88
 6430.25  4.10  3.87  3.99  3.90  4.26  4.63  6.13  7.15  8.95 22.45  7.50  8.87
 6431.25  4.10  3.88  4.00  3.90  4.26  4.64  6.14  7.15  8.96 22.25  7.52  8.88
 6432.25  4.12  3.90  4.03  3.93  4.29  4.67  6.17  7.18  9.01 22.23  7.57  8.93
 6433.25  4.11  3.89  4.02  3.92  4.28  4.67  6.15  7.16  8.99 22.16  7.57  8.91
 6434.25  4.07  3.85  3.98  3.88  4.23  4.62  6.08  7.09  8.91 21.99  7.51  8.83
 6435.25  4.06  3.84  3.98  3.87  4.22  4.62  6.07  7.07  8.90 21.93  7.51  8.82
 6436.25  4.05  3.83  3.98  3.87  4.22  4.62  6.05  7.07  8.89 21.88  7.51  8.81
 6437.25  4.03  3.82  3.96  3.85  4.20  4.61  6.03  7.04  8.86 21.79  7.49  8.78
 6438.25  4.03  3.81  3.96  3.85  4.20  4.61  6.02  7.03  8.86 21.75  7.50  8.78
 6439.25  4.06  3.84  4.00  3.88  4.23  4.66  6.06  7.08  8.92 21.81  7.56  8.84
 6440.25  4.16  3.95  4.11  3.98  4.34  4.79  6.20  7.25  9.12 22.09  7.75  9.04
 6441.25  4.22  4.00  4.16  4.03  4.40  4.86  6.27  7.34  9.23 22.21  7.85  9.14
 6442.25  4.15  3.93  4.10  3.97  4.33  4.80  6.17  7.23  9.10 21.98  7.75  9.02
 6443.25  4.12  3.90  4.07  3.94  4.30  4.78  6.13  7.19  9.05 21.86  7.72  8.97
 6444.25  4.11  3.90  4.08  3.94  4.30  4.79  6.12  7.19  9.05 21.82  7.73  8.97
 6445.25  4.09  3.88  4.06  3.92  4.27  4.78  6.09  7.15  9.02 21.73  7.71  8.93
 6446.25  4.09  3.88  4.06  3.92  4.28  4.80  6.09  7.16  9.02 21.70  7.72  8.93
 6447.25  4.12  3.91  4.09  3.95  4.30  4.84  6.12  7.20  9.08 21.74  7.78  8.99
 6448.25  4.12  3.91  4.10  3.95  4.31  4.86  6.12  7.21  9.08 21.71  7.79  8.99
 6449.25  4.08  3.87  4.07  3.92  4.27  4.83  6.06  7.15  9.02 21.57  7.74  8.93
 6450.25  4.05  3.85  4.04  3.89  4.24  4.81  6.02  7.11  8.97 21.46  7.71  8.88
 6451.25  4.10  3.90  4.10  3.94  4.29  4.89  6.09  7.19  9.07 21.58  7.81  8.98
 6452.25  4.10  3.90  4.10  3.94  4.29  4.90  6.08  7.19  9.07 21.54  7.82  8.98
 6453.25  3.91  3.72  3.92  3.76  4.10  4.69  5.82  6.89  8.72 20.93  7.52  8.63
 6454.25  3.85  3.66  3.86  3.71  4.04  4.63  5.73  6.80  8.61 20.71  7.42  8.52
 6455.25  3.97  3.78  3.98  3.82  4.16  4.79  5.90  6.99  8.84 21.05  7.64  8.75
 6456.25  3.99  3.80  4.01  3.85  4.19  4.83  5.93  7.03  8.89 21.09  7.70  8.80
 6457.25  4.01  3.82  4.03  3.87  4.21  4.86  5.95  7.06  8.93 21.11  7.74  8.83
 6458.25  4.04  3.85  4.07  3.90  4.24  4.92  5.99  7.12  9.00 21.17  7.81  8.90
 6459.25  3.90  3.72  3.94  3.77  4.10  4.77  5.80  6.90  8.74 20.71  7.59  8.64
 6460.25  3.84  3.66  3.88  3.71  4.03  4.71  5.71  6.80  8.62 20.48  7.49  8.52
 6461.25  4.06  3.88  4.12  3.93  4.27  4.99  6.02  7.17  9.06 21.15  7.90  8.96
 6462.25  4.14  3.95  4.20  4.01  4.36  5.10  6.13  7.29  9.21 21.35  8.04  9.11
 6463.25  4.16  3.98  4.23  4.03  4.38  5.14  6.16  7.33  9.26 21.38  8.09  9.15
 6464.25  3.84  3.67  3.91  3.72  4.05  4.77  5.71  6.82  8.65 20.35  7.54  8.55
 6465.25  3.21  3.07  3.28  3.11  3.39  4.02  4.82  5.79  7.40 18.14  6.43  7.31
 6466.25  3.29  3.15  3.36  3.19  3.48  4.13  4.93  5.92  7.57 18.41  6.58  7.47
 6467.25  2.90  2.77  2.96  2.81  3.06  3.65  4.35  5.25  6.74 16.79  5.85  6.65
 6468.25  2.95  2.82  3.02  2.86  3.12  3.73  4.43  5.34  6.86 16.98  5.95  6.77
 6469.25  3.73  3.57  3.82  3.62  3.94  4.70  5.54  6.64  8.45 19.82  7.38  8.34
 6470.25  4.05  3.88  4.16  3.93  4.28  5.10  5.99  7.16  9.08 20.81  7.95  8.96
 6471.25  3.53  3.38  3.63  3.43  3.73  4.48  5.26  6.32  8.07 19.09  7.05  7.95
 6472.25  2.77  2.64  2.85  2.68  2.93  3.54  4.16  5.03  6.48 16.08  5.63  6.37
 6473.25  2.96  2.83  3.06  2.87  3.14  3.80  4.44  5.37  6.90 16.86  6.01  6.78
 6474.25  3.79  3.62  3.91  3.67  4.00  4.83  5.61  6.74  8.58 19.83  7.52  8.43
 6475.25  3.96  3.79  4.09  3.84  4.18  5.05  5.84  7.02  8.91 20.30  7.82  8.74
 6476.25  3.17  3.03  3.28  3.07  3.35  4.08  4.72  5.71  7.33 17.53  6.40  7.18
 6477.25  2.61  2.49  2.70  2.53  2.76  3.38  3.91  4.76  6.15 15.22  5.35  6.01
 6478.25  3.25  3.11  3.37  3.15  3.44  4.21  4.84  5.86  7.53 17.82  6.58  7.35
 6479.25  3.52  3.37  3.66  3.42  3.73  4.57  5.22  6.32  8.09 18.78  7.08  7.89
 6480.25  3.59  3.43  3.73  3.48  3.80  4.66  5.31  6.42  8.23 18.96  7.21  8.01
 6481.25  4.08  3.91  4.25  3.96  4.32  5.30  6.00  7.23  9.20 20.50  8.09  8.96
 6482.25  4.16  3.98  4.33  4.03  4.40  5.41  6.09  7.35  9.35 20.68  8.22  9.09
 6483.25  4.07  3.90  4.24  3.95  4.31  5.33  5.97  7.20  9.18 20.36  8.07  8.91
 6484.25  4.14  3.96  4.32  4.02  4.38  5.44  6.06  7.32  9.32 20.52  8.20  9.04
 6485.25  4.21  4.03  4.40  4.08  4.45  5.56  6.15  7.43  9.47 20.70  8.33  9.16
 6486.25  4.13  3.96  4.32  4.01  4.38  5.49  6.05  7.32  9.34 20.45  8.21  9.02
 6487.25  4.10  3.92  4.29  3.98  4.34  5.47  6.00  7.26  9.27 20.30  8.15  8.95
 6488.25  4.14  3.96  4.34  4.02  4.39  5.56  6.05  7.33  9.37 20.39  8.24  9.02
 6489.25  4.18  4.00  4.39  4.06  4.43  5.63  6.11  7.40  9.45 20.47  8.32  9.10
 6490.25  4.20  4.02  4.42  4.08  4.45  5.69  6.13  7.44  9.50 20.47  8.36  9.13
 6491.25  4.19  4.02  4.41  4.07  4.44  5.71  6.12  7.43  9.49 20.40  8.36  9.12
 6492.25  4.19  4.01  4.41  4.07  4.44  5.73  6.10  7.42  9.48 20.35  8.36  9.10
 6493.25  4.19  4.01  4.42  4.07  4.44  5.75  6.10  7.42  9.49 20.30  8.37  9.10
 6494.25  4.19  4.01  4.43  4.07  4.45  5.79  6.11  7.44  9.52 20.30  8.40  9.12
 6495.25  4.15  3.97  4.38  4.03  4.41  5.76  6.05  7.37  9.44 20.13  8.34  9.04
 6496.25  4.17  3.99  4.41  4.05  4.43  5.82  6.07  7.41  9.49 20.14  8.38  9.07
 6497.25  4.26  4.08  4.50  4.14  4.52  5.96  6.19  7.55  9.66 20.35  8.55  9.23
 6498.25  3.98  3.81  4.21  3.87  4.23  5.62  5.81  7.11  9.14 19.51  8.07  8.72
 6499.25  3.00  2.86  3.18  2.91  3.19  4.30  4.42  5.46  7.12 16.04  6.25  6.77
 6500.25  2.09  2.00  2.22  2.03  2.23  3.04  3.11  3.87  5.10 12.04  4.46  4.83
 6501.25  2.47  2.36  2.63  2.40  2.64  3.60  3.67  4.56  5.98 13.77  5.24  5.66
 6502.25  3.72  3.55  3.94  3.61  3.96  5.36  5.43  6.69  8.64 18.51  7.64  8.21
 6503.25  4.05  3.88  4.30  3.94  4.31  5.85  5.89  7.24  9.32 19.52  8.26  8.85
 6504.25  3.99  3.81  4.23  3.87  4.24  5.78  5.80  7.13  9.19 19.27  8.15  8.72
 6505.25  3.85  3.68  4.09  3.74  4.11  5.63  5.61  6.92  8.94 18.83  7.92  8.47
 6506.25  3.13  2.99  3.33  3.03  3.34  4.63  4.60  5.70  7.45 16.29  6.57  7.03
 6507.25  3.07  2.93  3.27  2.98  3.28  4.57  4.52  5.62  7.34 16.05  6.48  6.92
 6508.25  3.85  3.67  4.09  3.74  4.11  5.69  5.60  6.91  8.94 18.66  7.94  8.45
 6509.25  4.09  3.91  4.35  3.97  4.36  6.05  5.93  7.31  9.43 19.35  8.38  8.90
 6510.25  4.10  3.91  4.36  3.98  4.38  6.09  5.94  7.32  9.45 19.33  8.41  8.92
 6511.25  4.12  3.94  4.39  4.01  4.41  6.16  5.98  7.37  9.51 19.36  8.47  8.97
 6512.25  4.11  3.93  4.38  4.00  4.40  6.16  5.96  7.35  9.49 19.27  8.46  8.94
 6513.25  4.09  3.91  4.36  3.98  4.38  6.17  5.94  7.32  9.47 19.18  8.44  8.91
 6514.25  4.09  3.90  4.36  3.98  4.38  6.18  5.92  7.31  9.46 19.10  8.43  8.89
 6515.25  3.78  3.61  4.03  3.68  4.05  5.77  5.51  6.82  8.86 18.14  7.89  8.31
 6516.25  3.73  3.56  3.98  3.63  4.00  5.72  5.43  6.73  8.75 17.91  7.80  8.20
 6517.25  4.07  3.88  4.34  3.96  4.36  6.23  5.90  7.29  9.44 18.89  8.43  8.85
 6518.25  4.21  4.02  4.49  4.10  4.51  6.46  6.09  7.52  9.72 19.27  8.71  9.11
 6519.25  4.25  4.06  4.54  4.15  4.56  6.55  6.15  7.59  9.81 19.34  8.82  9.19
 6520.25  4.25  4.06  4.54  4.15  4.57  6.58  6.15  7.59  9.82 19.31  8.85  9.19
 6521.25  4.21  4.01  4.50  4.11  4.52  6.54  6.09  7.53  9.75 19.15  8.80  9.11
 6522.25  4.17  3.97  4.46  4.07  4.48  6.51  6.03  7.47  9.68 18.99  8.76  9.03
 6523.25  3.68  3.50  3.94  3.59  3.96  5.82  5.36  6.67  8.70 17.47  7.88  8.10
 6524.25  3.18  3.03  3.41  3.11  3.43  5.11  4.66  5.83  7.68 15.76  6.95  7.12
 6525.25  3.74  3.56  4.01  3.65  4.03  5.99  5.44  6.77  8.84 17.58  8.05  8.22
 6526.25  4.14  3.95  4.44  4.05  4.46  6.65  5.99  7.44  9.64 18.75  8.84  8.98
 6527.25  4.08  3.89  4.38  3.99  4.40  6.61  5.91  7.34  9.51 18.53  8.76  8.87
 6528.25  4.13  3.94  4.44  4.05  4.46  6.75  5.99  7.43  9.60 18.64  8.89  8.97
 6529.25  4.30  4.10  4.62  4.22  4.65  7.06  6.22  7.71  9.92 19.06  9.23  9.29
 6530.25  4.40  4.20  4.73  4.32  4.76  7.26  6.35  7.87 10.10 19.27  9.44  9.47
 6531.25  4.39  4.18  4.72  4.30  4.75  7.30  6.33  7.85 10.06 19.19  9.45  9.45
 6532.25  4.33  4.13  4.66  4.25  4.69  7.27  6.26  7.77  9.94 18.99  9.38  9.35
 6533.25  3.86  3.68  4.16  3.79  4.19  6.59  5.61  7.02  9.01 17.59  8.52  8.47
 6534.25  2.52  2.40  2.72  2.47  2.74  4.44  3.72  4.72  6.14 12.79  5.82  5.76
 6535.25  2.37  2.26  2.57  2.33  2.59  4.23  3.51  4.47  5.81 12.16  5.52  5.45
 6536.25  3.63  3.46  3.92  3.57  3.95  6.38  5.30  6.67  8.52 16.75  8.17  8.04
 6537.25  4.27  4.07  4.61  4.20  4.64  7.45  6.18  7.74  9.78 18.60  9.43  9.26
 6538.25  4.31  4.11  4.65  4.24  4.69  7.57  6.23  7.82  9.85 18.65  9.54  9.34
 6539.25  4.29  4.08  4.63  4.22  4.66  7.59  6.19  7.79  9.79 18.53  9.52  9.29
 6540.25  4.27  4.07  4.62  4.21  4.65  7.62  6.18  7.79  9.76 18.44  9.53  9.28
 6541.25  4.20  4.00  4.53  4.13  4.57  7.55  6.07  7.67  9.60 18.17  9.42  9.14
 6542.25  4.00  3.81  4.32  3.94  4.35  7.28  5.80  7.36  9.20 17.55  9.07  8.77
 6543.25  3.95  3.76  4.28  3.90  4.30  7.26  5.74  7.30  9.11 17.37  9.02  8.69
 6544.25  3.91  3.72  4.23  3.86  4.25  7.24  5.68  7.24  9.01 17.17  8.95  8.61
 6545.25  2.99  2.85  3.25  2.95  3.26  5.70  4.40  5.67  7.11 14.12  7.10  6.79
 6546.25  2.16  2.05  2.36  2.13  2.36  4.22  3.21  4.17  5.26 10.80  5.27  5.02
 6547.25  2.28  2.17  2.49  2.25  2.49  4.48  3.38  4.40  5.52 11.26  5.57  5.28
 6548.25  3.43  3.27  3.73  3.39  3.73  6.61  5.02  6.47  8.01 15.45  8.10  7.69
 6549.25  4.05  3.85  4.40  3.99  4.39  7.73  5.88  7.53  9.24 17.29  9.38  8.89
 6550.25  4.03  3.84  4.38  3.97  4.36  7.76  5.85  7.52  9.19 17.19  9.38  8.86
 6551.25  4.08  3.89  4.44  4.03  4.42  7.90  5.93  7.62  9.29 17.28  9.52  8.97
 6552.25  4.11  3.92  4.47  4.06  4.45  8.00  5.97  7.68  9.33 17.29  9.61  9.02
 6553.25  4.05  3.85  4.41  3.99  4.37  7.94  5.88  7.58  9.20 17.05  9.51  8.91
 6554.25  3.11  2.96  3.39  3.06  3.36  6.29  4.57  5.96  7.28 14.04  7.57  7.05
 6555.25  2.13  2.02  2.33  2.10  2.31  4.44  3.16  4.17  5.12 10.28  5.37  4.96
 6556.25  2.66  2.53  2.91  2.62  2.88  5.53  3.93  5.18  6.31 12.34  6.63  6.12
 6557.25  3.89  3.71  4.25  3.84  4.20  7.88  5.68  7.38  8.87 16.39  9.33  8.63
 6558.25  4.17  3.98  4.55  4.12  4.50  8.43  6.06  7.86  9.39 17.11  9.92  9.17
 6559.25  4.22  4.03  4.61  4.17  4.55  8.57  6.13  7.96  9.48 17.19 10.05  9.26
 6560.25  4.21  4.02  4.60  4.16  4.54  8.61  6.12  7.95  9.45 17.10 10.06  9.25
 6561.25  4.19  3.99  4.58  4.13  4.51  8.62  6.08  7.93  9.40 16.98 10.05  9.21
 6562.25  4.18  3.98  4.57  4.12  4.49  8.65  6.07  7.92  9.37 16.88 10.06  9.19
 6563.25  3.82  3.64  4.19  3.77  4.11  8.05  5.58  7.32  8.66 15.82  9.36  8.51
 6564.25  3.04  2.89  3.35  2.99  3.27  6.60  4.48  5.95  7.07 13.32  7.70  6.95
 6565.25  3.26  3.11  3.60  3.22  3.51  7.09  4.81  6.38  7.54 14.03  8.24  7.42
 6566.25  4.07  3.89  4.50  4.02  4.37  8.65  5.93  7.80  9.14 16.37  9.99  9.02
 6567.25  4.22  4.03  4.67  4.17  4.53  8.93  6.15  8.08  9.42 16.72 10.33  9.31
 6568.25  4.14  3.95  4.59  4.08  4.44  8.74  6.03  7.94  9.24 16.43 10.18  9.15
 6569.25  3.86  3.68  4.29  3.81  4.14  8.20  5.65  7.48  8.70 15.61  9.64  8.62
 6570.25  3.16  3.01  3.53  3.11  3.39  6.83  4.66  6.24  7.28 13.42  8.14  7.23
 6571.25  3.33  3.18  3.73  3.29  3.58  7.15  4.91  6.57  7.64 13.93  8.57  7.59
 6572.25  3.90  3.73  4.37  3.86  4.18  8.20  5.71  7.60  8.77 15.56  9.85  8.73
 6573.25  3.99  3.82  4.48  3.94  4.28  8.34  5.84  7.77  8.93 15.75 10.10  8.90
 6574.25  4.03  3.85  4.53  3.98  4.31  8.37  5.89  7.84  8.99 15.78 10.25  8.98
 6575.25  4.05  3.88  4.57  4.01  4.34  8.39  5.93  7.90  9.03 15.79 10.39  9.03
 6576.25  4.12  3.94  4.65  4.07  4.40  8.48  6.02  8.02  9.15 15.91 10.61  9.16
 6577.25  3.95  3.78  4.48  3.91  4.23  8.16  5.79  7.75  8.83 15.41 10.35  8.85
 6578.25  2.86  2.73  3.25  2.82  3.06  6.05  4.24  5.77  6.61 11.98  7.89  6.63
 6579.25  2.33  2.22  2.66  2.30  2.49  4.98  3.48  4.77  5.46 10.07  6.62  5.49
 6580.25  3.18  3.04  3.64  3.14  3.40  6.64  4.71  6.41  7.28 12.94  8.82  7.32
 6581.25  3.97  3.80  4.54  3.93  4.24  8.08  5.83  7.86  8.86 15.23 10.73  8.91
 6582.25  4.04  3.87  4.62  3.99  4.31  8.17  5.92  7.99  8.99 15.35 10.96  9.04
 6583.25  4.03  3.86  4.62  3.98  4.30  8.13  5.91  8.00  8.97 15.26 11.02  9.03
 6584.25  3.89  3.73  4.47  3.84  4.15  7.85  5.72  7.77  8.69 14.83 10.79  8.77
 6585.25  3.74  3.58  4.31  3.69  3.99  7.55  5.51  7.51  8.39 14.35 10.53  8.48
 6586.25  3.83  3.67  4.43  3.78  4.09  7.69  5.64  7.70  8.57 14.54 10.82  8.67
 6587.25  4.03  3.86  4.65  3.97  4.29  8.00  5.91  8.05  8.93 14.99 11.34  9.05
 6588.25  4.10  3.94  4.75  4.05  4.37  8.10  6.02  8.21  9.08 15.14 11.59  9.20
 6589.25  4.15  3.98  4.81  4.09  4.42  8.15  6.08  8.31  9.16 15.21 11.78  9.30
 6590.25  4.15  3.98  4.82  4.09  4.42  8.12  6.08  8.33  9.16 15.19 11.86  9.31
 6591.25  4.10  3.93  4.78  4.04  4.36  8.01  6.01  8.26  9.06 15.04 11.83  9.22
 6592.25  4.00  3.84  4.67  3.94  4.26  7.80  5.88  8.10  8.87 14.76 11.69  9.04
 6593.25  3.96  3.80  4.63  3.89  4.21  7.70  5.82  8.04  8.78 14.62 11.67  8.96
 6594.25  4.10  3.94  4.80  4.03  4.36  7.91  6.02  8.31  9.04 14.97 12.08  9.24
 6595.25  4.21  4.04  4.94  4.14  4.48  8.07  6.17  8.52  9.25 15.23 12.41  9.46
 6596.25  4.15  3.98  4.88  4.08  4.41  7.94  6.09  8.43  9.13 15.05 12.36  9.35
 6597.25  3.82  3.66  4.51  3.75  4.06  7.34  5.63  7.86  8.49 14.16 11.66  8.72
 6598.25  3.32  3.18  3.94  3.26  3.53  6.44  4.93  6.95  7.51 12.73 10.50  7.72
 6599.25  3.59  3.45  4.27  3.52  3.82  6.89  5.32  7.47  8.04 13.49 11.26  8.28
 6600.25  4.03  3.86  4.78  3.95  4.27  7.60  5.93  8.28  8.87 14.64 12.39  9.14
 6601.25  4.07  3.90  4.84  3.98  4.31  7.63  5.98  8.37  8.94 14.72 12.57  9.23
 6602.25  4.02  3.86  4.80  3.94  4.26  7.53  5.92  8.30  8.85 14.58 12.54  9.15
 6603.25  4.04  3.88  4.83  3.95  4.28  7.53  5.95  8.35  8.88 14.60 12.67  9.19
 6604.25  3.91  3.76  4.70  3.83  4.15  7.29  5.78  8.14  8.64 14.25 12.44  8.95
 6605.25  3.13  3.00  3.78  3.06  3.32  5.91  4.66  6.67  7.08 11.98 10.46  7.36
 6606.25  2.89  2.77  3.51  2.82  3.07  5.46  4.33  6.22  6.58 11.22  9.86  6.86
 6607.25  3.70  3.56  4.49  3.62  3.92  6.84  5.49  7.80  8.22 13.61 12.15  8.56
 6608.25  4.12  3.95  4.99  4.02  4.35  7.49  6.06  8.58  9.00 14.67 13.25  9.37
 6609.25  4.20  4.04  5.10  4.10  4.44  7.60  6.18  8.75  9.15 14.86 13.53  9.54
 6610.25  4.21  4.05  5.13  4.11  4.45  7.58  6.20  8.78  9.16 14.86 13.64  9.57
 6611.25  4.11  3.95  5.02  4.01  4.35  7.38  6.06  8.62  8.98 14.59 13.48  9.39
 6612.25  4.09  3.93  5.01  3.99  4.32  7.31  6.04  8.60  8.93 14.52 13.51  9.36
 6613.25  4.13  3.97  5.07  4.02  4.36  7.33  6.09  8.68  9.00 14.58 13.68  9.43
 6614.25  4.12  3.96  5.07  4.01  4.35  7.28  6.08  8.69  8.98 14.54 13.74  9.43
 6615.25  4.19  4.03  5.17  4.08  4.43  7.36  6.19  8.84  9.11 14.70 14.00  9.58
 6616.25  3.39  3.26  4.22  3.30  3.58  6.02  5.06  7.34  7.55 12.48 11.95  7.97
 6617.25  1.78  1.71  2.24  1.73  1.88  3.23  2.70  4.01  4.13  7.15  6.87  4.38
 6618.25  1.50  1.43  1.89  1.45  1.58  2.70  2.27  3.40  3.49  6.07  5.88  3.71
 6619.25  2.48  2.38  3.12  2.40  2.62  4.39  3.74  5.52  5.65  9.57  9.36  6.00
 6620.25  3.95  3.79  4.93  3.83  4.15  6.77  5.84  8.46  8.61 13.94 13.75  9.11
 6621.25  4.11  3.95  5.15  3.99  4.33  7.00  6.08  8.78  8.92 14.34 14.24  9.43
 6622.25  4.09  3.93  5.12  3.96  4.30  6.91  6.04  8.75  8.86 14.24 14.21  9.36
 6623.25  4.10  3.94  5.15  3.97  4.31  6.90  6.06  8.79  8.88 14.26 14.30  9.38
 6624.25  4.11  3.95  5.17  3.98  4.32  6.87  6.07  8.82  8.88 14.25 14.37  9.38
 6625.25  4.09  3.93  5.16  3.96  4.29  6.80  6.04  8.79  8.84 14.17 14.37  9.33
 6626.25  4.13  3.97  5.22  4.00  4.34  6.82  6.10  8.88  8.92 14.25 14.53  9.39
 6627.25  4.21  4.05  5.33  4.07  4.42  6.90  6.21  9.03  9.07 14.41 14.79  9.53
 6628.25  4.08  3.92  5.18  3.94  4.28  6.66  6.03  8.78  8.84 14.07 14.55  9.27
 6629.25  3.76  3.61  4.80  3.63  3.95  6.14  5.59  8.18  8.24 13.22 13.83  8.64
 6630.25  3.94  3.78  5.03  3.81  4.13  6.38  5.84  8.51  8.58 13.66 14.42  8.98
 6631.25  4.20  4.04  5.37  4.06  4.41  6.72  6.20  8.99  9.08 14.29 15.20  9.46
 6632.25  4.24  4.07  5.42  4.09  4.44  6.74  6.25  9.05  9.14 14.34 15.40  9.52
 6633.25  4.24  4.07  5.43  4.09  4.44  6.69  6.25  9.04  9.15 14.31 15.51  9.50
 6634.25  4.18  4.02  5.38  4.03  4.38  6.57  6.17  8.94  9.05 14.16 15.49  9.39
 6635.25  3.76  3.61  4.85  3.62  3.93  5.91  5.58  8.13  8.25 13.05 14.45  8.55
 6636.25  3.51  3.37  4.56  3.38  3.68  5.51  5.23  7.66  7.78 12.36 13.86  8.05
 6637.25  4.02  3.86  5.20  3.87  4.21  6.21  5.95  8.62  8.76 13.67 15.39  9.04
 6638.25  4.23  4.07  5.48  4.08  4.43  6.48  6.24  9.00  9.16 14.17 16.06  9.43
 6639.25  4.14  3.98  5.38  3.99  4.33  6.31  6.12  8.83  9.00 13.92 15.94  9.25
 6640.25  4.11  3.95  5.35  3.96  4.30  6.23  6.08  8.77  8.95 13.83 15.96  9.18
 6641.25  4.17  4.01  5.44  4.01  4.36  6.27  6.17  8.87  9.06 13.94 16.22  9.28
 6642.25  4.21  4.04  5.49  4.04  4.40  6.28  6.22  8.93  9.13 14.00 16.42  9.34
 6643.25  4.22  4.05  5.52  4.05  4.41  6.25  6.23  8.95  9.16 14.00 16.56  9.35
 6644.25  4.25  4.09  5.57  4.08  4.44  6.26  6.28  9.00  9.22 14.06 16.75  9.41
 6645.25  4.33  4.16  5.68  4.16  4.52  6.33  6.39  9.14  9.37 14.22 17.06  9.55
 6646.25  4.37  4.19  5.73  4.19  4.56  6.33  6.44  9.19  9.44 14.27 17.25  9.60
 6647.25  4.37  4.20  5.76  4.20  4.56  6.30  6.46  9.20  9.46 14.26 17.37  9.61
 6648.25  4.41  4.24  5.81  4.23  4.60  6.30  6.50  9.25  9.52 14.31 17.56  9.66
 6649.25  4.38  4.21  5.79  4.20  4.57  6.22  6.47  9.20  9.48 14.23 17.60  9.61
 6650.25  4.28  4.12  5.68  4.11  4.47  6.05  6.34  9.03  9.31 13.98 17.46  9.43
 6651.25  4.23  4.07  5.62  4.05  4.41  5.95  6.27  8.92  9.22 13.83 17.41  9.32
 6652.25  4.22  4.06  5.62  4.04  4.40  5.91  6.25  8.90  9.20 13.77 17.48  9.29
 6653.25  4.26  4.10  5.68  4.08  4.44  5.94  6.31  8.97  9.28 13.84 17.69  9.36
 6654.25  4.29  4.13  5.73  4.11  4.47  5.97  6.36  9.01  9.34 13.89 17.87  9.41
 6655.25  4.28  4.13  5.74  4.10  4.46  5.94  6.35  9.00  9.34 13.85 17.95  9.40
 6656.25  4.30  4.14  5.76  4.11  4.48  5.95  6.37  9.02  9.37 13.86 18.09  9.42
 6657.25  4.38  4.22  5.88  4.19  4.56  6.04  6.49  9.16  9.52 14.02 18.40  9.56
 6658.25  4.49  4.33  6.03  4.30  4.67  6.16  6.64  9.35  9.72 14.24 18.77  9.75
 6659.25  4.74  4.58  6.37  4.55  4.94  6.47  6.99  9.78 10.18 14.77 19.49 10.20
 6660.25  4.91  4.75  6.59  4.71  5.11  6.67  7.22 10.06 10.47 15.10 19.97 10.48
 6661.25  3.14  3.03  4.31  3.01  3.28  4.34  4.75  6.81  7.13 10.71 14.90  7.12
 6662.25  2.06  1.99  2.86  1.97  2.15  2.86  3.15  4.59  4.82  7.41 10.68  4.81
 6663.25  1.81  1.75  2.52  1.73  1.89  2.51  2.78  4.05  4.26  6.56  9.59  4.24
 6664.25  2.31  2.23  3.21  2.21  2.40  3.18  3.52  5.10  5.36  8.16 11.87  5.34
 6665.25  4.14  4.00  5.66  3.96  4.29  5.59  6.17  8.67  9.10 13.21 18.42  9.04
 6666.25  5.01  4.85  6.80  4.81  5.18  6.68  7.37 10.20 10.68 15.15 20.79 10.61
 6667.25  5.00  4.85  6.80  4.80  5.17  6.66  7.37 10.18 10.68 15.11 20.87 10.59
 6668.25  4.87  4.73  6.63  4.68  5.03  6.48  7.20  9.97 10.47 14.82 20.68 10.37
 6669.25  4.69  4.54  6.38  4.50  4.84  6.23  6.95  9.65 10.15 14.41 20.33 10.04
 6670.25  4.93  4.78  6.68  4.73  5.08  6.52  7.28 10.05 10.58 14.89 20.99 10.45
 6671.25  5.24  5.09  7.06  5.04  5.40  6.88  7.70 10.55 11.11 15.48 21.76 10.97
 6672.25  5.39  5.24  7.23  5.18  5.54  7.05  7.90 10.79 11.36 15.73 22.16 11.20
 6673.25  5.57  5.42  7.44  5.35  5.72  7.24  8.14 11.06 11.65 16.03 22.60 11.48
 6674.25  5.84  5.68  7.75  5.62  5.99  7.54  8.49 11.45 12.07 16.47 23.18 11.88
 6675.25  6.04  5.88  7.98  5.81  6.19  7.76  8.75 11.73 12.38 16.77 23.61 12.18
 6676.25  5.45  5.30  7.24  5.23  5.58  7.03  7.98 10.80 11.44 15.69 22.58 11.24
 6677.25  3.26  3.17  4.45  3.13  3.35  4.30  4.96  6.95  7.43 10.71 16.64  7.29
 6678.25  2.23  2.17  3.06  2.14  2.29  2.95  3.44  4.87  5.23  7.70 12.50  5.13
 6679.25  1.78  1.73  2.44  1.70  1.82  2.35  2.75  3.90  4.21  6.23 10.32  4.12
 6680.25  2.02  1.96  2.76  1.93  2.06  2.65  3.11  4.40  4.75  6.98 11.56  4.64
 6681.25  4.15  4.05  5.55  3.99  4.24  5.35  6.23  8.50  9.11 12.77 19.68  8.94
 6682.25  6.10  5.97  7.97  5.89  6.22  7.70  8.86 11.68 12.44 16.69 24.29 12.23
 6683.25  6.20  6.07  8.07  5.98  6.31  7.79  8.99 11.80 12.58 16.82 24.38 12.36
 6684.25  6.14  6.01  7.99  5.92  6.25  7.70  8.91 11.69 12.49 16.70 24.28 12.27
 6685.25  5.95  5.83  7.75  5.74  6.05  7.46  8.68 11.40 12.21 16.37 26.84 11.99
 6686.25  5.63  5.52  7.35  5.43  5.72  7.07  8.27 10.90 11.71 15.79 36.88 11.49
 6687.25  5.17  5.07  6.78  4.98  5.25  6.51  7.67 10.17 10.97 14.93 43.38 10.75
 6688.25  4.73  4.64  6.23  4.56  4.80  5.96  7.08  9.43 10.21 14.02 43.35 10.00
 6689.25  3.75  3.68  4.98  3.61  3.81  4.76  5.70  7.70  8.38 11.74 40.00  8.20
 6690.25  2.43  2.38  3.25  2.34  2.46  3.10  3.76  5.14  5.64  8.11 32.47  5.51
 6691.25  2.42  2.37  3.23  2.33  2.45  3.08  3.75  5.11  5.62  8.06 32.17  5.49
 6692.25  3.79  3.72  5.00  3.65  3.83  4.76  5.77  7.72  8.44 11.76 39.42  8.25
 6693.25  4.79  4.72  6.25  4.62  4.84  5.96  7.18  9.45 10.30 14.03 42.38 10.08
 6694.25  4.92  4.84  6.39  4.75  4.97  6.09  7.35  9.64 10.52 14.27 42.43 10.29
 6695.25  4.93  4.86  6.40  4.76  4.97  6.10  7.37  9.64 10.53 14.28 42.22 10.30
 6696.25  4.89  4.82  6.34  4.72  4.93  6.04  7.32  9.56 10.46 14.19 41.89 10.23
 6697.25  4.87  4.81  6.31  4.70  4.91  6.02  7.30  9.51 10.43 14.15 41.61 10.20
 6698.25  4.86  4.81  6.28  4.70  4.90  6.00  7.29  9.48 10.41 14.12 41.34 10.18
 6699.25  4.80  4.75  6.20  4.64  4.83  5.92  7.22  9.36 10.31 13.99 40.96 10.07
 6700.25  4.66  4.61  6.01  4.50  4.68  5.74  7.02  9.11 10.05 13.68 40.35  9.82
 6701.25  4.55  4.50  5.87  4.39  4.57  5.61  6.87  8.91  9.85 13.44 39.82  9.63
 6702.25  4.66  4.62  6.00  4.50  4.68  5.74  7.04  9.08 10.05 13.67 39.87  9.84
 6703.25  4.73  4.69  6.07  4.57  4.75  5.81  7.13  9.18 10.17 13.80 39.79  9.96
 6704.25  4.76  4.72  6.08  4.59  4.77  5.84  7.17  9.20 10.21 13.84 39.59 10.00
 6705.25  4.64  4.61  5.93  4.48  4.65  5.70  7.02  9.00 10.01 13.60 39.05  9.80
 6706.25  4.51  4.48  5.74  4.35  4.51  5.53  6.83  8.75  9.76 13.30 38.43  9.57
 6707.25  4.64  4.61  5.88  4.47  4.64  5.67  7.01  8.94  9.98 13.56 38.50  9.79
 6708.25  4.73  4.71  5.98  4.57  4.73  5.77  7.14  9.08 10.15 13.74 38.48  9.95
 6709.25  4.71  4.69  5.94  4.55  4.71  5.75  7.12  9.03 10.11 13.70 38.17  9.92
 6710.25  4.70  4.68  5.90  4.53  4.69  5.72  7.10  8.98 10.08 13.65 37.86  9.89
 6711.25  4.69  4.68  5.88  4.53  4.68  5.71  7.10  8.96 10.06 13.63 37.58  9.88
 6712.25  4.67  4.66  5.83  4.50  4.65  5.67  7.07  8.90 10.02 13.57 37.26  9.84
 6713.25  4.68  4.66  5.82  4.51  4.66  5.67  7.08  8.90 10.03 13.57 37.00  9.86
 6714.25  4.68  4.67  5.80  4.51  4.65  5.66  7.08  8.88 10.02 13.56 36.73  9.86
 6715.25  4.61  4.60  5.71  4.44  4.58  5.58  6.99  8.75  9.90 13.41 36.29  9.74
 6716.25  4.57  4.56  5.64  4.40  4.53  5.52  6.94  8.66  9.82 13.31 35.90  9.66
 6717.25  4.50  4.49  5.54  4.33  4.46  5.43  6.84  8.52  9.69 13.15 35.43  9.54
 6718.25  4.26  4.26  5.24  4.10  4.22  5.15  6.51  8.12  9.26 12.62 34.48  9.12
 6719.25  4.20  4.19  5.15  4.04  4.16  5.07  6.42  7.99  9.14 12.47 34.00  9.00
 6720.25  4.48  4.47  5.46  4.31  4.43  5.39  6.82  8.44  9.64 13.07 34.54  9.50
 6721.25  4.68  4.67  5.68  4.50  4.62  5.61  7.10  8.74  9.99 13.48 34.79  9.85
 6722.25  4.72  4.72  5.71  4.54  4.66  5.65  7.16  8.80 10.06 13.55 34.62  9.92
 6723.25  4.74  4.74  5.72  4.56  4.68  5.67  7.19  8.83 10.10 13.59 34.39  9.96
 6724.25  4.75  4.75  5.71  4.57  4.68  5.67  7.20  8.82 10.10 13.59 34.12  9.97
 6725.25  4.71  4.71  5.64  4.53  4.64  5.62  7.15  8.75 10.03 13.50 33.74  9.90
 6726.25  4.74  4.74  5.66  4.56  4.66  5.64  7.20  8.79 10.08 13.55 33.53  9.95
 6727.25  4.77  4.77  5.67  4.58  4.69  5.67  7.24  8.83 10.12 13.60 33.30 10.00
 6728.25  4.77  4.77  5.65  4.58  4.68  5.66  7.24  8.81 10.11 13.58 33.01  9.99
 6729.25  4.72  4.73  5.59  4.54  4.64  5.60  7.18  8.74 10.04 13.48 32.60  9.92
 6730.25  4.71  4.71  5.54  4.52  4.61  5.57  7.16  8.70 10.00 13.43 32.25  9.88
 6731.25  4.68  4.68  5.49  4.49  4.58  5.53  7.12  8.64  9.94 13.36 31.88  9.83
 6732.25  4.51  4.51  5.28  4.33  4.41  5.33  6.89  8.36  9.64 13.00 31.12  9.53
 6733.25  4.34  4.34  5.07  4.16  4.24  5.13  6.66  8.08  9.34 12.62 30.34  9.23
 6734.25  4.50  4.51  5.24  4.32  4.40  5.31  6.89  8.34  9.63 12.96 30.49  9.52
 6735.25  4.77  4.78  5.53  4.58  4.66  5.60  7.27  8.75 10.09 13.51 30.88  9.98
 6736.25  4.82  4.83  5.56  4.62  4.70  5.65  7.33  8.81 10.16 13.59 30.68 10.06
 6737.25  4.80  4.80  5.52  4.60  4.67  5.62  7.31  8.77 10.12 13.53 30.35 10.02
 6738.25  4.79  4.80  5.49  4.59  4.66  5.61  7.30  8.75 10.10 13.50 30.19 10.00
 6739.25  4.82  4.82  5.51  4.61  4.68  5.63  7.33  8.77 10.14 13.54 30.19 10.04
 6740.25  4.82  4.83  5.50  4.62  4.68  5.63  7.34  8.77 10.14 13.53 30.16 10.04
 6741.25  4.68  4.69  5.33  4.48  4.54  5.47  7.15  8.54  9.90 13.24 29.77  9.80
 6742.25  4.66  4.66  5.29  4.46  4.52  5.44  7.12  8.49  9.85 13.18 29.67  9.76
 6743.25  4.77  4.77  5.40  4.55  4.61  5.55  7.27  8.64 10.03 13.37 29.89  9.93
 6744.25  4.81  4.81  5.43  4.59  4.65  5.60  7.33  8.70 10.09 13.44 29.95 10.00
 6745.25  4.76  4.76  5.36  4.55  4.60  5.54  7.27  8.61 10.01 13.34 29.79  9.92
 6746.25  4.65  4.64  5.22  4.43  4.49  5.40  7.11  8.42  9.80 13.09 29.45  9.71
 6747.25  4.71  4.70  5.27  4.49  4.54  5.46  7.19  8.50  9.89 13.21 29.56  9.81
 6748.25  4.81  4.80  5.38  4.59  4.65  5.58  7.34  8.66 10.07 13.43 29.79  9.99
 6749.25  4.88  4.86  5.43  4.64  4.70  5.65  7.43  8.74 10.17 13.55 29.90 10.09
 6750.25  4.92  4.90  5.47  4.68  4.74  5.69  7.49  8.79 10.24 13.64 29.96 10.15
 6751.25  4.88  4.87  5.42  4.65  4.70  5.65  7.44  8.73 10.17 13.57 29.84 10.09
 6752.25  4.86  4.84  5.37  4.62  4.67  5.61  7.40  8.67 10.12 13.52 29.72 10.04
 6753.25  4.88  4.86  5.38  4.64  4.69  5.63  7.44  8.69 10.15 13.56 29.74 10.07
 6754.25  4.89  4.87  5.38  4.65  4.70  5.64  7.46  8.70 10.17 13.59 29.72 10.10
 6755.25  4.88  4.86  5.36  4.64  4.69  5.63  7.45  8.68 10.15 13.58 29.66 10.11
 6756.25  4.91  4.88  5.38  4.66  4.72  5.65  7.49  8.71 10.18 13.63 29.68 10.17
 6757.25  4.92  4.89  5.37  4.67  4.72  5.66  7.50  8.70 10.19 13.64 29.65 10.19
 6758.25  4.91  4.87  5.34  4.65  4.71  5.64  7.48  8.67 10.16 13.62 29.58 10.18
 6759.25  4.92  4.88  5.34  4.66  4.71  5.64  7.50  8.67 10.17 13.64 29.55 10.21
 6760.25  4.91  4.87  5.31  4.65  4.70  5.63  7.49  8.65 10.15 13.63 29.49 10.20
 6761.25  4.88  4.83  5.27  4.62  4.67  5.59  7.44  8.59 10.09 13.56 29.37 10.16
 6762.25  4.83  4.79  5.21  4.57  4.62  5.54  7.39  8.51 10.01 13.48 29.22 10.10
 6763.25  4.23  4.19  4.55  3.99  4.04  4.85  6.53  7.54  8.93 12.18 27.43  9.03
 6764.25  2.60  2.57  2.80  2.45  2.48  3.00  4.12  4.79  5.76  8.10 20.49  5.84
 6765.25  2.07  2.05  2.23  1.95  1.97  2.39  3.30  3.85  4.64  6.59 17.33  4.72
 6766.25  3.07  3.03  3.28  2.89  2.92  3.53  4.82  5.58  6.69  9.35 22.72  6.80
 6767.25  4.63  4.57  4.92  4.36  4.41  5.28  7.10  8.13  9.61 13.05 28.44  9.79
 6768.25  4.93  4.87  5.22  4.65  4.70  5.61  7.52  8.58 10.13 13.67 29.17 10.32
 6769.25  4.97  4.91  5.25  4.68  4.73  5.65  7.58  8.63 10.19 13.75 29.22 10.40
 6770.25  4.95  4.88  5.22  4.66  4.71  5.62  7.55  8.59 10.15 13.71 29.13 10.38
 6771.25  4.92  4.85  5.18  4.64  4.68  5.59  7.52  8.54 10.09 13.66 29.02 10.34
 6772.25  4.94  4.87  5.18  4.65  4.69  5.60  7.54  8.56 10.12 13.69 29.01 10.38
 6773.25  4.94  4.87  5.17  4.66  4.70  5.60  7.55  8.56 10.11 13.70 28.97 10.40
 6774.25  4.95  4.88  5.18  4.67  4.70  5.61  7.58  8.57 10.13 13.73 28.95 10.43
 6775.25  4.97  4.89  5.18  4.68  4.71  5.62  7.60  8.58 10.15 13.76 28.94 10.46
 6776.25  4.98  4.90  5.18  4.69  4.72  5.63  7.62  8.59 10.16 13.77 28.91 10.49
 6777.25  5.01  4.93  5.21  4.72  4.75  5.66  7.67  8.63 10.21 13.84 28.94 10.55
 6778.25  5.02  4.93  5.21  4.72  4.75  5.66  7.69  8.63 10.22 13.85 28.91 10.58
 6779.25  5.06  4.97  5.24  4.76  4.79  5.70  7.75  8.68 10.28 13.93 28.95 10.65
 6780.25  5.07  4.97  5.24  4.77  4.80  5.71  7.78  8.69 10.30 13.95 28.93 10.69
 6781.25  5.03  4.93  5.19  4.73  4.76  5.66  7.72  8.62 10.23 13.87 28.79 10.62
 6782.25  5.02  4.92  5.18  4.72  4.75  5.66  7.73  8.61 10.23 13.87 28.74 10.63
 6783.25  4.99  4.89  5.14  4.69  4.72  5.62  7.69  8.56 10.17 13.81 28.61 10.59
 6784.25  4.94  4.83  5.07  4.64  4.67  5.55  7.62  8.47 10.08 13.70 28.43 10.50
 6785.25  4.85  4.74  4.97  4.55  4.58  5.45  7.50  8.32  9.93 13.52 28.17 10.36
 6786.25  4.81  4.70  4.92  4.51  4.54  5.41  7.45  8.25  9.86 13.44 28.02 10.30
 6787.25  4.88  4.77  4.99  4.59  4.61  5.49  7.57  8.36  9.99 13.60 28.17 10.45
 6788.25  4.91  4.79  5.01  4.61  4.64  5.52  7.61  8.40 10.03 13.65 28.18 10.50
 6789.25  4.82  4.70  4.91  4.52  4.55  5.41  7.49  8.25  9.87 13.47 27.91 10.35
 6790.25  4.77  4.65  4.85  4.48  4.50  5.36  7.43  8.17  9.79 13.38 27.75 10.28
 6791.25  4.90  4.77  4.97  4.60  4.62  5.50  7.61  8.36 10.01 13.63 28.02 10.51
 6792.25  4.97  4.84  5.04  4.66  4.69  5.57  7.72  8.46 10.13 13.78 28.14 10.65
 6793.25  4.98  4.84  5.03  4.67  4.70  5.57  7.74  8.46 10.13 13.79 28.10 10.67
 6794.25  5.00  4.86  5.05  4.69  4.72  5.60  7.78  8.49 10.17 13.84 28.11 10.72
 6795.25  5.01  4.87  5.05  4.70  4.73  5.61  7.80  8.50 10.19 13.86 28.09 10.76
 6796.25  5.03  4.88  5.06  4.71  4.74  5.62  7.83  8.51 10.21 13.89 28.06 10.79
 6797.25  5.02  4.87  5.04  4.70  4.73  5.61  7.82  8.49 10.20 13.88 28.00 10.79
 6798.25  5.00  4.85  5.01  4.69  4.72  5.59  7.81  8.46 10.17 13.84 27.90 10.77
 6799.25  5.02  4.86  5.02  4.70  4.73  5.60  7.83  8.47 10.19 13.87 27.88 10.80
 6800.25  5.01  4.85  5.01  4.69  4.72  5.59  7.83  8.45 10.18 13.87 27.82 10.80
 6801.25  4.99  4.82  4.97  4.67  4.70  5.56  7.80  8.41 10.13 13.83 27.70 10.77
 6802.25  5.00  4.83  4.98  4.68  4.71  5.58  7.83  8.42 10.16 13.86 27.68 10.81
 6803.25  4.99  4.81  4.95  4.66  4.70  5.56  7.82  8.39 10.13 13.84 27.59 10.79
 6804.25  4.94  4.76  4.90  4.62  4.65  5.50  7.75  8.31 10.05 13.75 27.42 10.72
 6805.25  4.96  4.77  4.90  4.63  4.66  5.52  7.78  8.33 10.07 13.78 27.40 10.75
 6806.25  5.02  4.83  4.96  4.69  4.72  5.59  7.88  8.42 10.18 13.92 27.50 10.87
 6807.25  5.01  4.82  4.94  4.68  4.72  5.58  7.88  8.40 10.16 13.91 27.43 10.87
 6808.25  5.03  4.83  4.95  4.69  4.72  5.58  7.90  8.41 10.18 13.94 27.40 10.90
 6809.25  5.02  4.82  4.94  4.69  4.72  5.58  7.90  8.40 10.18 13.94 27.34 10.91
 6810.25  5.00  4.80  4.91  4.66  4.70  5.55  7.88  8.35 10.14 13.90 27.23 10.88
 6811.25  4.98  4.77  4.88  4.64  4.68  5.53  7.85  8.31 10.10 13.86 27.12 10.85
 6812.25  4.99  4.78  4.89  4.65  4.69  5.53  7.87  8.32 10.11 13.89 27.09 10.88
 6813.25  4.99  4.77  4.88  4.64  4.68  5.52  7.87  8.30 10.10 13.89 27.02 10.88
 6814.25  4.97  4.76  4.86  4.63  4.67  5.51  7.86  8.28 10.08 13.87 26.94 10.88
 6815.25  4.97  4.75  4.85  4.62  4.66  5.50  7.86  8.27 10.07 13.87 26.88 10.91
 6816.25  4.99  4.77  4.87  4.64  4.68  5.53  7.90  8.29 10.11 13.92 26.88 10.98
 6817.25  5.04  4.81  4.91  4.68  4.72  5.57  7.97  8.35 10.18 14.01 26.92 11.09
 6818.25  5.06  4.83  4.92  4.70  4.74  5.59  8.02  8.38 10.21 14.07 26.92 11.16
 6819.25  5.04  4.80  4.90  4.68  4.72  5.57  8.00  8.34 10.18 14.03 26.82 11.15
 6820.25  4.98  4.74  4.83  4.62  4.67  5.50  7.94  8.25 10.08 13.92 26.62 11.08
 6821.25  5.00  4.76  4.85  4.64  4.68  5.52  7.98  8.27 10.11 13.97 26.62 11.15
 6822.25  5.07  4.82  4.91  4.70  4.75  5.59  8.10  8.36 10.22 14.11 26.73 11.31
 6823.25  5.05  4.79  4.88  4.68  4.73  5.56  8.08  8.32 10.18 14.07 26.61 11.29
 6824.25  5.06  4.80  4.89  4.69  4.74  5.57  8.12  8.33 10.20 14.10 26.58 11.35
 6825.25  5.06  4.80  4.88  4.68  4.73  5.57  8.13  8.32 10.19 14.10 26.52 11.37
 6826.25  5.00  4.74  4.82  4.63  4.68  5.51  8.06  8.23 10.10 13.99 26.33 11.30
 6827.25  4.92  4.65  4.73  4.54  4.60  5.41  7.96  8.10  9.95 13.83 26.06 11.18
 6828.25  4.15  3.92  3.98  3.82  3.87  4.57  6.83  6.93  8.60 12.16 23.80  9.75
 6829.25  3.06  2.88  2.93  2.81  2.85  3.38  5.14  5.21  6.55  9.47 19.69  7.49
 6830.25  2.76  2.60  2.64  2.54  2.57  3.06  4.68  4.73  5.96  8.67 18.28  6.86
 6831.25  2.31  2.17  2.20  2.12  2.15  2.56  3.95  3.97  5.03  7.38 15.90  5.82
 6832.25  2.91  2.73  2.77  2.67  2.71  3.22  4.94  4.95  6.25  9.06 18.79  7.22
 6833.25  4.28  4.03  4.08  3.94  3.99  4.71  7.11  7.11  8.85 12.50 23.98 10.16
 6834.25  3.98  3.74  3.79  3.66  3.71  4.38  6.66  6.64  8.30 11.81 22.96  9.58
 6835.25  2.90  2.71  2.75  2.65  2.70  3.20  4.95  4.92  6.22  9.04 18.59  7.26
 6836.25  2.22  2.08  2.11  2.03  2.07  2.46  3.84  3.81  4.85  7.14 15.19  5.70
 6837.25  3.12  2.92  2.95  2.85  2.90  3.43  5.32  5.26  6.65  9.63 19.41  7.79
 6838.25  4.60  4.31  4.36  4.22  4.29  5.04  7.66  7.55  9.40 13.22 24.59 10.92
 6839.25  4.99  4.68  4.73  4.58  4.66  5.46  8.25  8.11 10.06 14.03 25.54 11.68
 6840.25  4.97  4.65  4.70  4.56  4.64  5.44  8.24  8.08 10.03 14.00 25.44 11.67
 6841.25  4.61  4.31  4.36  4.23  4.30  5.05  7.73  7.55  9.43 13.27 24.46 11.03
 6842.25  4.41  4.12  4.16  4.04  4.11  4.83  7.44  7.24  9.07 12.83 23.84 10.67
 6843.25  3.79  3.53  3.56  3.46  3.53  4.16  6.48  6.29  7.94 11.39 21.79  9.42
 6844.25  3.66  3.41  3.44  3.34  3.41  4.01  6.29  6.08  7.70 11.08 21.28  9.17
 6845.25  4.68  4.36  4.40  4.29  4.37  5.12  7.89  7.62  9.54 13.43 24.40 11.28
 6846.25  5.06  4.72  4.76  4.64  4.72  5.52  8.47  8.17 10.18 14.21 25.30 12.02
 6847.25  5.06  4.71  4.75  4.63  4.72  5.52  8.49  8.16 10.17 14.21 25.23 12.05
 6848.25  5.08  4.72  4.76  4.65  4.74  5.54  8.53  8.18 10.21 14.26 25.21 12.11
 6849.25  5.09  4.73  4.76  4.66  4.75  5.54  8.56  8.18 10.22 14.28 25.16 12.16
 6850.25  5.06  4.70  4.74  4.63  4.72  5.51  8.54  8.14 10.18 14.24 25.03 12.15
 6851.25  4.93  4.57  4.60  4.50  4.59  5.37  8.35  7.94  9.95 13.96 24.62 11.93
 6852.25  4.69  4.34  4.37  4.28  4.37  5.11  8.01  7.58  9.55 13.46 23.94 11.50
 6853.25  4.82  4.46  4.49  4.40  4.49  5.25  8.22  7.77  9.77 13.71 24.21 11.78
 6854.25  5.05  4.67  4.70  4.61  4.71  5.49  8.58  8.09 10.15 14.16 24.69 12.24
 6855.25  5.11  4.73  4.75  4.67  4.76  5.55  8.69  8.17 10.26 14.26 24.77 12.39
 6856.25  5.12  4.73  4.76  4.68  4.77  5.56  8.72  8.18 10.27 14.26 24.71 12.44
 6857.25  5.12  4.73  4.75  4.68  4.77  5.56  8.74  8.17 10.27 14.25 24.64 12.47
 6858.25  5.10  4.70  4.73  4.65  4.75  5.53  8.72  8.13 10.24 14.19 24.51 12.46
 6859.25  5.12  4.72  4.74  4.67  4.77  5.55  8.77  8.16 10.27 14.21 24.48 12.53
 6860.25  5.12  4.71  4.73  4.67  4.76  5.55  8.78  8.14 10.26 14.18 24.39 12.55
 6861.25  5.10  4.69  4.71  4.65  4.75  5.53  8.77  8.11 10.24 14.13 24.28 12.55
 6862.25  5.06  4.65  4.67  4.61  4.71  5.48  8.73  8.05 10.17 14.04 24.12 12.51
 6863.25  4.67  4.28  4.29  4.25  4.34  5.06  8.16  7.47  9.50 13.21 23.04 11.78
 6864.25  3.33  3.03  3.05  3.01  3.08  3.61  6.00  5.44  7.03 10.02 18.54  8.89
 6865.25  1.96  1.79  1.79  1.77  1.81  2.14  3.64  3.27  4.28  6.23 12.21  5.50
 6866.25  1.78  1.62  1.63  1.61  1.65  1.94  3.32  2.97  3.89  5.68 11.16  5.03
 6867.25  2.92  2.66  2.66  2.64  2.70  3.17  5.35  4.78  6.19  8.81 16.26  7.90
 6868.25  3.88  3.54  3.55  3.52  3.60  4.20  6.95  6.22  7.94 11.01 19.16  9.99
 6869.25  4.26  3.88  3.89  3.87  3.95  4.60  7.58  6.76  8.60 11.81 20.17 10.79
 6870.25  4.44  4.05  4.06  4.04  4.12  4.80  7.92  7.04  8.95 12.25 20.79 11.24
 6871.25  4.43  4.03  4.03  4.02  4.10  4.78  7.93  7.02  8.92 12.21 20.74 11.26
 6872.25  3.54  3.21  3.21  3.20  3.27  3.83  6.53  5.71  7.36 10.27 18.18  9.49
 6873.25  3.25  2.94  2.95  2.94  3.00  3.52  6.08  5.28  6.84  9.59 17.21  8.92
 6874.25  4.33  3.93  3.93  3.92  4.01  4.67  7.89  6.88  8.78 12.03 20.48 11.34
 6875.25  4.92  4.46  4.47  4.46  4.56  5.30  8.86  7.72  9.79 13.22 21.94 12.60
 6876.25  5.01  4.55  4.55  4.55  4.64  5.40  9.05  7.86  9.97 13.42 22.17 12.89
 6877.25  5.00  4.52  4.52  4.53  4.62  5.37  9.06  7.83  9.95 13.38 22.11 12.96
 6878.25  5.06  4.58  4.58  4.58  4.68  5.44  9.22  7.93 10.10 13.55 22.36 13.23
 6879.25  4.99  4.50  4.50  4.51  4.61  5.36  9.14  7.82  9.99 13.40 22.14 13.18
 6880.25  5.05  4.56  4.56  4.57  4.67  5.43  9.30  7.93 10.15 13.58 22.41 13.46
 6881.25  5.12  4.61  4.61  4.63  4.73  5.50  9.46  8.03 10.30 13.76 22.67 13.74
 6882.25  4.21  3.78  3.78  3.80  3.88  4.54  8.01  6.72  8.74 11.85 20.21 11.92
 6883.25  3.68  3.29  3.29  3.31  3.38  3.96  7.11  5.91  7.75 10.58 18.37 10.74
 6884.25  4.28  3.84  3.84  3.87  3.94  4.61  8.18  6.80  8.86 11.92 20.10 12.19
 6885.25  4.77  4.28  4.28  4.31  4.39  5.12  9.00  7.50  9.70 12.89 21.24 13.27
 6886.25  4.81  4.32  4.32  4.36  4.44  5.17  9.08  7.54  9.75 12.90 21.07 13.37
 6887.25  4.96  4.44  4.45  4.50  4.57  5.32  9.37  7.76 10.04 13.22 21.50 13.82
 6888.25  4.98  4.46  4.46  4.51  4.59  5.34  9.44  7.78 10.09 13.26 21.51 13.95
 6889.25  4.59  4.10  4.10  4.15  4.22  4.92  8.80  7.20  9.39 12.37 20.23 13.13
 6890.25  3.72  3.31  3.31  3.37  3.42  4.00  7.37  5.95  7.87 10.51 17.80 11.29
 6891.25  3.09  2.74  2.74  2.79  2.83  3.33  6.26  4.99  6.68  9.01 15.68  9.78
 6892.25  3.80  3.38  3.38  3.44  3.49  4.09  7.56  6.06  8.03 10.65 17.87 11.60
 6893.25  4.66  4.15  4.15  4.23  4.28  4.99  9.05  7.29  9.55 12.45 20.11 13.58
 6894.25  5.26  4.69  4.69  4.79  4.85  5.64 10.12  8.17 10.64 13.73 21.76 15.03
 6895.25  5.02  4.47  4.47  4.57  4.62  5.38  9.76  7.83 10.25 13.24 21.12 14.61
 6896.25  4.32  3.83  3.83  3.92  3.97  4.63  8.58  6.81  9.00 11.72 19.05 13.08
 6897.25  4.75  4.21  4.22  4.32  4.36  5.09  9.35  7.42  9.77 12.61 20.14 14.12
 6898.25  5.47  4.86  4.87  4.99  5.04  5.85 10.60  8.45 11.05 14.08 22.00 15.80
 6899.25  5.30  4.70  4.71  4.83  4.88  5.67 10.34  8.20 10.75 13.70 21.44 15.48
 6900.25  4.83  4.28  4.29  4.40  4.44  5.18  9.58  7.53  9.94 12.70 20.05 14.49
 6901.25  4.50  3.97  3.98  4.09  4.12  4.82  9.06  7.06  9.39 12.06 19.27 13.90
 6902.25  3.36  2.95  2.95  3.05  3.07  3.61  7.04  5.38  7.30  9.53 15.91 11.21
 6903.25  3.33  2.93  2.93  3.03  3.05  3.58  7.02  5.33  7.25  9.44 15.75 11.18
 6904.25  4.34  3.82  3.83  3.96  3.98  4.65  8.88  6.82  9.14 11.67 18.66 13.74
 6905.25  4.83  4.26  4.26  4.41  4.43  5.17  9.77  7.52 10.02 12.68 19.92 14.94
 6906.25  5.32  4.69  4.70  4.86  4.88  5.68 10.65  8.22 10.90 13.69 21.25 16.15
 6907.25  5.38  4.75  4.75  4.92  4.94  5.75 10.81  8.31 11.02 13.82 21.38 16.37
 6908.25  5.08  4.47  4.48  4.65  4.66  5.43 10.32  7.87 10.49 13.16 20.48 15.72
 6909.25  4.98  4.38  4.38  4.56  4.56  5.33 10.21  7.72 10.32 12.93 20.14 15.54
 6910.25  5.32  4.68  4.68  4.87  4.87  5.68 10.89  8.20 10.93 13.63 21.06 16.42
 6911.25  5.47  4.81  4.81  5.01  5.01  5.85 11.23  8.41 11.22 13.94 21.47 16.87
 6912.25  5.20  4.57  4.57  4.76  4.76  5.56 10.85  8.04 10.77 13.41 20.79 16.37
 6913.25  4.09  3.58  3.58  3.74  3.73  4.39  8.90  6.44  8.78 11.07 17.75 13.79
 6914.25  2.79  2.43  2.43  2.54  2.54  3.00  6.37  4.48  6.24  7.99 13.42 10.22
 6915.25  3.37  2.94  2.93  3.08  3.07  3.62  7.63  5.36  7.43  9.43 15.52 12.04
 6916.25  5.08  4.45  4.45  4.65  4.64  5.44 10.94  7.86 10.62 13.16 20.45 16.46
 6917.25  5.31  4.66  4.65  4.87  4.85  5.69 11.40  8.18 11.02 13.57 20.89 16.99
 6918.25  5.12  4.49  4.49  4.70  4.68  5.49 11.12  7.90 10.69 13.16 20.32 16.60
 6919.25  5.19  4.54  4.54  4.76  4.73  5.56 11.31  7.99 10.81 13.29 20.47 16.83
 6920.25  5.46  4.78  4.78  5.02  4.98  5.84 11.88  8.38 11.31 13.83 21.16 17.55
 6921.25  5.48  4.80  4.80  5.05  5.00  5.87 12.00  8.41 11.37 13.88 21.21 17.69
 6922.25  5.26  4.60  4.60  4.85  4.80  5.64 11.69  8.10 11.01 13.45 20.66 17.29
 6923.25  4.67  4.07  4.07  4.29  4.25  5.01 10.64  7.25  9.95 12.22 19.09 15.96
 6924.25  2.90  2.51  2.51  2.65  2.62  3.12  7.05  4.62  6.52  8.16 13.50 11.07
 6925.25  2.25  1.94  1.94  2.06  2.03  2.42  5.62  3.61  5.15  6.48 10.95  8.96
 6926.25  3.49  3.02  3.02  3.21  3.16  3.76  8.47  5.52  7.76  9.60 15.57 13.05
 6927.25  5.06  4.41  4.41  4.68  4.61  5.44 11.69  7.81 10.74 13.02 20.07 17.25
 6928.25  5.21  4.54  4.54  4.82  4.74  5.59 12.01  8.01 11.00 13.28 20.33 17.62
 6929.25  5.05  4.40  4.40  4.67  4.59  5.42 11.77  7.78 10.73 12.93 19.85 17.32
 6930.25  5.13  4.46  4.47  4.75  4.66  5.51 12.00  7.89 10.89 13.09 20.06 17.68
 6931.25  5.29  4.60  4.60  4.90  4.80  5.67 12.36  8.11 11.18 13.39 20.41 18.19
 6932.25  5.34  4.64  4.64  4.95  4.85  5.73 12.52  8.17 11.29 13.48 20.50 18.44
 6933.25  5.31  4.62  4.62  4.93  4.82  5.70 12.54  8.14 11.26 13.41 20.38 18.51
 6934.25  5.31  4.61  4.62  4.93  4.82  5.70 12.59  8.13 11.26 13.39 20.32 18.63
 6935.25  5.34  4.64  4.64  4.96  4.85  5.73 12.72  8.17 11.34 13.44 20.37 18.85
 6936.25  5.40  4.69  4.69  5.02  4.90  5.80 12.91  8.25 11.47 13.55 20.50 19.15
 6937.25  5.40  4.68  4.69  5.02  4.89  5.79 12.96  8.24 11.47 13.52 20.43 19.26
 6938.25  5.32  4.61  4.62  4.96  4.83  5.72 12.89  8.14 11.35 13.37 20.22 19.23
 6939.25  5.11  4.42  4.43  4.76  4.63  5.49 12.56  7.84 11.00 12.95 19.68 18.87
 6940.25  4.14  3.57  3.57  3.85  3.74  4.46 10.65  6.45  9.22 10.93 17.09 16.50
 6941.25  2.98  2.55  2.56  2.77  2.68  3.22  8.08  4.72  6.90  8.25 13.39 13.01
 6942.25  3.54  3.04  3.05  3.30  3.19  3.82  9.45  5.56  8.07  9.58 15.25 14.99
 6943.25  4.87  4.20  4.21  4.54  4.40  5.24 12.36  7.49 10.64 12.44 18.98 18.86
 6944.25  5.20  4.49  4.49  4.86  4.70  5.59 13.06  7.94 11.24 13.06 19.73 19.77
 6945.25  5.37  4.64  4.64  5.02  4.86  5.77 13.46  8.18 11.56 13.39 20.11 20.32
 6946.25  5.42  4.67  4.68  5.07  4.90  5.82 13.60  8.24 11.65 13.45 20.15 20.53
 6947.25  5.34  4.60  4.61  5.00  4.83  5.73 13.48  8.11 11.50 13.25 19.85 20.40
 6948.25  5.31  4.57  4.58  4.97  4.80  5.70 13.50  8.07 11.47 13.20 19.77 20.48
 6949.25  4.66  4.00  4.01  4.36  4.21  5.01 12.28  7.17 10.33 11.93 18.20 19.06
 6950.25  2.67  2.27  2.27  2.49  2.39  2.87  7.66  4.21  6.29  7.36 11.92 12.70
 6951.25  2.21  1.88  1.88  2.06  1.98  2.38  6.49  3.51  5.29  6.19 10.14 10.94
 6952.25  3.69  3.15  3.15  3.45  3.32  3.96 10.28  5.74  8.47  9.79 15.34 16.57
 6953.25  4.92  4.21  4.22  4.61  4.44  5.26 12.99  7.52 10.87 12.41 18.74 20.27
 6954.25  5.08  4.35  4.36  4.77  4.58  5.42 13.26  7.73 11.17 12.70 19.08 20.78
 6955.25  5.27  4.51  4.52  4.95  4.75  5.61 13.57  7.99 11.51 13.04 19.45 21.33
 6956.25  5.15  4.40  4.41  4.83  4.64  5.47 13.26  7.81 11.29 12.77 19.07 21.09
 6957.25  5.07  4.33  4.34  4.76  4.56  5.38 13.08  7.70 11.18 12.64 18.90 21.09
 6958.25  5.10  4.34  4.36  4.78  4.58  5.40 13.10  7.73 11.25 12.70 18.96 21.32
 6959.25  5.09  4.33  4.35  4.77  4.57  5.39 13.02  7.71 11.24 12.68 18.87 21.38
 6960.25  5.16  4.39  4.41  4.83  4.63  5.45 13.10  7.80 11.37 12.80 18.98 21.65
 6961.25  5.16  4.39  4.41  4.84  4.64  5.44 13.05  7.80 11.38 12.80 18.93 21.76
 6962.25  5.21  4.43  4.45  4.88  4.68  5.49 13.12  7.87 11.50 12.92 19.06 22.07
 6963.25  5.27  4.48  4.50  4.94  4.73  5.54 13.19  7.95 11.62 13.03 19.17 22.34
 6964.25  5.29  4.49  4.51  4.95  4.75  5.55 13.17  7.97 11.66 13.06 19.15 22.48
 6965.25  5.31  4.50  4.52  4.97  4.76  5.57 13.16  7.99 11.71 13.10 19.16 22.65
 6966.25  5.35  4.54  4.56  5.01  4.80  5.60 13.19  8.05 11.80 13.18 19.23 22.89
 6967.25  5.22  4.42  4.44  4.88  4.68  5.46 12.89  7.86 11.58 12.93 18.90 22.70
 6968.25  5.04  4.26  4.28  4.71  4.51  5.27 12.51  7.62 11.28 12.60 18.46 22.40
 6969.25  5.24  4.43  4.46  4.91  4.70  5.47 12.84  7.90 11.65 12.98 18.88 22.99
 6970.25  5.08  4.29  4.31  4.75  4.55  5.29 12.48  7.67 11.37 12.67 18.46 22.70
 6971.25  3.83  3.21  3.23  3.57  3.41  3.99  9.87  5.89  8.97 10.07 15.14 19.18
 6972.25  3.63  3.03  3.05  3.38  3.23  3.77  9.38  5.59  8.57  9.62 14.51 18.61
 6973.25  4.92  4.13  4.16  4.59  4.39  5.10 12.02  7.43 11.10 12.34 17.95 22.63
 6974.25  5.43  4.57  4.60  5.07  4.85  5.62 12.92  8.12 12.03 13.32 19.07 23.99
 6975.25  5.43  4.57  4.61  5.08  4.86  5.62 12.89  8.14 12.05 13.34 19.06 24.13
 6976.25  5.43  4.57  4.60  5.08  4.86  5.61 12.84  8.13 12.04 13.33 19.01 24.23
 6977.25  5.35  4.50  4.53  5.00  4.79  5.52 12.65  8.02 11.90 13.19 18.80 24.16
 6978.25  5.25  4.41  4.45  4.92  4.70  5.42 12.44  7.90 11.73 13.03 18.57 24.07
 6979.25  3.91  3.27  3.30  3.66  3.49  4.04  9.73  6.01  9.16 10.27 15.11 20.30
 6980.25  2.72  2.26  2.28  2.54  2.42  2.81  7.02  4.24  6.61  7.48 11.32 15.79
 6981.25  3.51  2.92  2.95  3.28  3.13  3.62  8.78  5.42  8.31  9.37 13.86 19.09
 6982.25  5.11  4.29  4.34  4.80  4.58  5.27 12.02  7.72 11.46 12.80 18.15 24.22
 6983.25  5.43  4.57  4.61  5.10  4.87  5.59 12.55  8.16 12.02 13.40 18.82 25.11
 6984.25  5.31  4.46  4.51  5.00  4.76  5.47 12.30  8.00 11.81 13.20 18.54 24.96
 6985.25  5.21  4.38  4.42  4.90  4.67  5.36 12.07  7.86 11.63 13.01 18.28 24.81
 6986.25  5.24  4.40  4.45  4.93  4.69  5.38 12.06  7.90 11.66 13.05 18.27 24.87
 6987.25  5.25  4.41  4.46  4.95  4.70  5.39 12.04  7.92 11.68 13.08 18.27 24.83
 6988.25  5.14  4.31  4.36  4.84  4.60  5.28 11.80  7.77 11.48 12.88 18.00 24.59
 6989.25  5.17  4.34  4.39  4.88  4.63  5.31 11.81  7.81 11.52 12.94 18.02 28.14
 6990.25  5.27  4.43  4.48  4.98  4.73  5.41 11.96  7.96 11.71 13.16 18.25 41.18
 6991.25  5.34  4.49  4.54  5.05  4.79  5.48 12.06  8.06 11.84 13.31 18.39 50.20
 6992.25  5.34  4.49  4.54  5.05  4.79  5.48 12.01  8.07 11.83 13.32 18.36 51.32
 6993.25  5.29  4.44  4.49  5.00  4.74  5.42 11.86  7.99 11.72 13.20 18.18 50.80
 6994.25  5.31  4.46  4.52  5.03  4.77  5.45 11.87  8.03 11.77 13.27 18.21 50.60
 6995.25  5.43  4.56  4.63  5.15  4.88  5.57 12.05  8.20 11.98 13.52 18.47 50.83
 6996.25  5.41  4.54  4.61  5.13  4.85  5.55 11.97  8.18 11.95 13.49 18.42 50.61
 6997.25  5.28  4.43  4.49  5.01  4.74  5.41 11.70  8.00 11.72 13.26 18.10 50.02
 6998.25  5.08  4.26  4.32  4.82  4.55  5.20 11.28  7.72 11.34 12.86 17.59 49.08
 6999.25  5.08  4.25  4.32  4.82  4.55  5.20 11.23  7.72 11.33 12.87 17.56 48.79
 7000.25  5.32  4.46  4.53  5.06  4.77  5.45 11.62  8.06 11.77 13.36 18.10 49.31
 7001.25  5.29  4.44  4.51  5.03  4.75  5.42 11.52  8.03 11.73 13.32 18.02 49.03
 7002.25  5.24  4.39  4.46  4.98  4.70  5.37 11.38  7.96 11.63 13.23 17.88 48.64
 7003.25  5.20  4.36  4.43  4.95  4.66  5.33 11.27  7.91 11.56 13.17 17.77 48.27
 7004.25  4.97  4.16  4.23  4.73  4.45  5.09 10.80  7.59 11.13 12.71 17.19 47.22
 7005.25  4.18  3.49  3.54  3.98  3.73  4.28  9.29  6.47  9.63 11.08 15.21 44.52
 7006.25  4.16  3.47  3.53  3.97  3.72  4.27  9.23  6.45  9.61 11.07 15.17 44.38
 7007.25  5.14  4.31  4.38  4.91  4.61  5.26 10.96  7.85 11.44 13.09 17.52 47.03
 7008.25  5.48  4.61  4.68  5.24  4.92  5.61 11.49  8.32 12.03 13.73 18.22 47.51
 7009.25  5.52  4.65  4.72  5.28  4.96  5.65 11.51  8.38 12.10 13.81 18.27 47.29
 7010.25  5.48  4.62  4.69  5.25  4.93  5.61 11.39  8.33 12.03 13.73 18.15 46.87
 7011.25  5.33  4.49  4.56  5.11  4.79  5.46 11.09  8.13 11.76 13.45 17.80 46.23
 7012.25  4.40  3.69  3.75  4.22  3.95  4.51  9.41  6.83 10.06 11.60 15.63 43.53
 7013.25  3.44  2.87  2.92  3.29  3.08  3.53  7.54  5.43  8.14  9.46 13.00 39.47
 7014.25  4.15  3.48  3.53  3.98  3.72  4.26  8.86  6.48  9.57 11.06 14.96 42.11
 7015.25  5.30  4.47  4.53  5.09  4.77  5.43 10.83  8.12 11.70 13.38 17.67 45.03
 7016.25  5.46  4.61  4.68  5.26  4.92  5.60 11.05  8.35 11.97 13.67 17.97 44.91
 7017.25  5.55  4.69  4.76  5.35  5.00  5.69 11.15  8.48 12.13 13.84 18.18 44.98
 7018.25  5.62  4.75  4.82  5.42  5.07  5.76 11.22  8.58 12.26 13.98 18.34 44.98
 7019.25  5.57  4.71  4.78  5.37  5.02  5.71 11.09  8.52 12.18 13.89 18.23 44.59
 7020.25  5.48  4.64  4.70  5.29  4.94  5.62 10.89  8.41 12.02 13.73 18.04 44.11
 7021.25  5.42  4.58  4.65  5.24  4.88  5.55 10.74  8.33 11.92 13.62 17.91 43.72
 7022.25  5.38  4.55  4.61  5.20  4.84  5.51 10.62  8.28 11.84 13.54 17.81 43.31
 7023.25  5.34  4.52  4.58  5.17  4.81  5.47 10.50  8.23 11.77 13.45 17.70 42.82
 7024.25  5.39  4.56  4.63  5.22  4.86  5.53 10.54  8.31 11.86 13.55 17.81 42.71
 7025.25  5.46  4.63  4.69  5.29  4.92  5.60 10.61  8.42 11.98 13.69 17.97 42.65
 7026.25  5.40  4.58  4.65  5.24  4.87  5.54 10.46  8.35 11.86 13.58 17.82 42.11
 7027.25  5.33  4.52  4.58  5.17  4.80  5.47 10.28  8.24 11.70 13.42 17.62 41.46
 7028.25  5.39  4.58  4.64  5.24  4.86  5.53 10.33  8.34 11.80 13.55 17.77 41.44
 7029.25  5.41  4.59  4.65  5.26  4.87  5.55 10.32  8.38 11.83 13.60 17.83 41.34
 7030.25  5.31  4.51  4.57  5.17  4.78  5.45 10.11  8.25 11.65 13.42 17.63 40.85
 7031.25  5.18  4.40  4.45  5.05  4.66  5.32  9.86  8.08 11.41 13.18 17.35 40.25
 7032.25  5.27  4.48  4.53  5.14  4.74  5.41  9.94  8.20 11.54 13.34 17.53 40.14
 7033.25  5.42  4.61  4.67  5.30  4.88  5.56 10.13  8.42 11.78 13.62 17.83 40.15
 7034.25  5.44  4.63  4.69  5.34  4.90  5.59 10.11  8.46 11.81 13.66 17.87 39.88
 7035.25  5.44  4.63  4.69  5.35  4.90  5.58 10.05  8.46 11.78 13.65 17.85 39.54
 7036.25  5.42  4.62  4.67  5.34  4.88  5.56  9.96  8.44 11.72 13.60 17.79 39.11
 7037.25  5.37  4.58  4.63  5.30  4.84  5.52  9.83  8.38 11.61 13.50 17.65 38.58
 7038.25  5.39  4.59  4.65  5.33  4.85  5.54  9.80  8.41 11.63 13.53 17.68 38.30
 7039.25  5.40  4.60  4.65  5.35  4.86  5.55  9.76  8.42 11.62 13.54 17.68 37.92
 7040.25  5.39  4.60  4.65  5.35  4.85  5.54  9.69  8.42 11.59 13.52 17.66 37.58
 7041.25  5.35  4.56  4.61  5.32  4.81  5.50  9.58  8.37 11.51 13.45 17.58 37.25
 7042.25  4.94  4.20  4.25  4.92  4.43  5.08  8.89  7.79 10.77 12.67 16.68 35.93
 7043.25  4.43  3.76  3.80  4.42  3.97  4.56  8.05  7.06  9.83 11.64 15.48 34.17
 7044.25  4.91  4.18  4.22  4.91  4.40  5.05  8.80  7.76 10.69 12.61 16.60 35.35
 7045.25  5.36  4.58  4.62  5.38  4.82  5.52  9.48  8.41 11.46 13.47 17.58 36.40
 7046.25  5.28  4.50  4.55  5.30  4.74  5.43  9.33  8.30 11.29 13.31 17.38 36.15
 7047.25  4.95  4.22  4.26  4.98  4.44  5.10  8.80  7.84 10.70 12.68 16.66 35.29
 7048.25  4.63  3.94  3.98  4.67  4.15  4.77  8.29  7.39 10.12 12.04 15.92 34.40
 7049.25  4.06  3.45  3.48  4.10  3.63  4.19  7.35  6.55  9.03 10.83 14.47 32.47
 7050.25  3.75  3.18  3.21  3.80  3.35  3.87  6.81  6.08  8.40 10.13 13.61 31.20
 7051.25  4.29  3.65  3.68  4.35  3.83  4.42  7.68  6.89  9.42 11.31 15.03 33.12
 7052.25  4.65  3.96  4.00  4.73  4.16  4.79  8.24  7.43 10.07 12.06 15.91 34.21
 7053.25  4.71  4.02  4.05  4.80  4.21  4.86  8.32  7.52 10.16 12.18 16.05 34.37
 7054.25  4.87  4.16  4.19  4.97  4.35  5.02  8.55  7.76 10.43 12.50 16.42 34.84
 7055.25  4.93  4.21  4.24  5.03  4.40  5.08  8.61  7.84 10.51 12.61 16.53 34.95
 7056.25  5.04  4.30  4.34  5.15  4.50  5.19  8.76  8.00 10.68 12.82 16.76 35.17
 7057.25  5.14  4.39  4.43  5.27  4.59  5.30  8.89  8.15 10.83 13.00 16.96 35.36
 7058.25  5.17  4.42  4.45  5.31  4.62  5.33  8.92  8.20 10.87 13.06 17.03 35.42
 7059.25  5.33  4.56  4.60  5.48  4.76  5.49  9.14  8.43 11.12 13.36 17.36 35.77
 7060.25  5.39  4.62  4.65  5.55  4.82  5.55  9.21  8.52 11.20 13.46 17.46 35.85
 7061.25  5.28  4.52  4.55  5.45  4.72  5.45  9.03  8.37 11.00 13.27 17.23 35.58
 7062.25  5.14  4.40  4.43  5.32  4.60  5.31  8.80  8.18 10.75 13.01 16.94 35.23
 7063.25  5.15  4.41  4.44  5.34  4.60  5.31  8.79  8.19 10.74 13.01 16.93 35.19
 7064.25  5.03  4.30  4.33  5.22  4.49  5.19  8.59  8.02 10.51 12.78 16.66 34.85
 7065.25  4.86  4.15  4.18  5.06  4.33  5.01  8.31  7.78 10.20 12.44 16.27 34.35
 7066.25  5.01  4.29  4.32  5.22  4.47  5.17  8.52  8.00 10.44 12.74 16.60 34.72
 7067.25  5.10  4.37  4.39  5.32  4.55  5.26  8.63  8.13 10.58 12.91 16.79 34.93
 7068.25  4.83  4.14  4.16  5.06  4.31  4.99  8.22  7.76 10.10 12.39 16.21 34.21
 7069.25  4.87  4.17  4.20  5.11  4.35  5.03  8.26  7.82 10.16 12.47 16.31 34.29
 7070.25  5.21  4.47  4.50  5.48  4.66  5.38  8.74  8.31 10.71 13.12 17.06 35.10
 7071.25  5.02  4.30  4.32  5.29  4.48  5.18  8.43  8.03 10.36 12.75 16.64 34.56
 7072.25  4.82  4.12  4.15  5.09  4.30  4.98  8.11  7.74  9.99 12.35 16.19 33.98
 7073.25  5.11  4.38  4.41  5.42  4.57  5.28  8.53  8.18 10.48 12.92 16.86 34.71
 7074.25  5.28  4.53  4.55  5.60  4.72  5.45  8.75  8.41 10.74 13.22 17.21 35.06
 7075.25  4.94  4.23  4.26  5.26  4.41  5.11  8.24  7.94 10.15 12.58 16.49 34.18
 7076.25  4.85  4.15  4.17  5.18  4.32  5.01  8.07  7.80  9.98 12.39 16.29 33.89
 7077.25  5.19  4.45  4.48  5.56  4.64  5.36  8.56  8.30 10.56 13.06 17.05 34.71
 7078.25  5.33  4.57  4.60  5.71  4.77  5.50  8.74  8.50 10.77 13.30 17.34 34.95
 7079.25  5.05  4.32  4.35  5.43  4.51  5.20  8.30  8.10 10.29 12.76 16.74 34.23
 7080.25  4.88  4.18  4.21  5.27  4.36  5.03  8.04  7.87 10.01 12.45 16.39 33.80
 7081.25  5.11  4.38  4.40  5.52  4.56  5.26  8.35  8.20 10.38 12.88 16.90 34.35
 7082.25  5.32  4.57  4.60  5.76  4.76  5.47  8.64  8.51 10.73 13.29 17.37 34.83
 7083.25  5.07  4.34  4.37  5.50  4.52  5.21  8.25  8.14 10.29 12.80 16.83 34.18
 7084.25  4.52  3.86  3.89  4.93  4.03  4.64  7.43  7.35  9.34 11.71 15.58 32.63
 7085.25  4.80  4.11  4.13  5.24  4.28  4.93  7.82  7.76  9.82 12.27 16.24 33.38
 7086.25  5.37  4.61  4.64  5.87  4.80  5.51  8.62  8.59 10.77 13.37 17.50 34.79
 7087.25  5.41  4.64  4.67  5.93  4.84  5.54  8.66  8.65 10.82 13.43 17.59 34.82
 7088.25  5.22  4.48  4.51  5.74  4.66  5.35  8.38  8.38 10.50 13.08 17.19 34.32
 7089.25  4.88  4.17  4.20  5.38  4.35  4.99  7.87  7.89  9.91 12.41 16.45 33.43
 7090.25  4.41  3.77  3.79  4.88  3.93  4.51  7.17  7.20  9.09 11.47 15.35 32.03
 7091.25  4.55  3.89  3.92  5.05  4.06  4.65  7.38  7.42  9.34 11.76 15.71 32.43
 7092.25  5.00  4.28  4.31  5.55  4.46  5.10  8.02  8.07 10.09 12.65 16.75 33.65
 7093.25  5.12  4.39  4.42  5.69  4.57  5.22  8.19  8.25 10.29 12.88 17.03 33.91
 7094.25  5.15  4.41  4.45  5.74  4.60  5.25  8.22  8.30 10.33 12.93 17.10 33.94
 7095.25  5.27  4.52  4.55  5.88  4.71  5.36  8.38  8.47 10.52 13.15 17.36 34.18
 7096.25  5.36  4.60  4.63  6.00  4.79  5.45  8.50  8.61 10.66 13.32 17.56 34.35
 7097.25  5.40  4.63  4.67  6.05  4.82  5.48  8.54  8.66 10.70 13.38 17.63 34.38
 7098.25  5.39  4.62  4.66  6.06  4.81  5.47  8.52  8.65 10.68 13.36 17.63 34.32
 7099.25  5.33  4.57  4.60  6.00  4.76  5.40  8.42  8.57 10.57 13.24 17.50 34.12
 7100.25  5.38  4.61  4.65  6.07  4.80  5.45  8.48  8.64 10.64 13.33 17.61 34.19
 7101.25  5.45  4.68  4.72  6.17  4.87  5.52  8.58  8.75 10.75 13.46 17.77 34.32
 7102.25  5.36  4.60  4.64  6.08  4.79  5.43  8.44  8.63 10.60 13.30 17.60 34.07
 7103.25  5.33  4.56  4.60  6.05  4.76  5.38  8.38  8.58 10.53 13.22 17.53 33.94
 7104.25  5.35  4.58  4.63  6.10  4.78  5.41  8.41  8.62 10.56 13.27 17.59 33.96
 7105.25  5.31  4.55  4.59  6.07  4.75  5.36  8.34  8.57 10.49 13.19 17.51 33.81
 7106.25  5.31  4.55  4.59  6.08  4.75  5.35  8.33  8.57 10.47 13.18 17.51 33.73
 7107.25  5.41  4.63  4.68  6.20  4.84  5.45  8.46  8.72 10.62 13.36 17.73 33.93
 7108.25  5.46  4.67  4.72  6.27  4.88  5.49  8.52  8.79 10.69 13.45 17.83 33.99
 7109.25  5.35  4.58  4.63  6.16  4.79  5.38  8.36  8.65 10.51 13.25 17.62 33.69
 7110.25  5.30  4.53  4.58  6.12  4.74  5.32  8.27  8.57 10.41 13.14 17.51 33.52
 7111.25  5.35  4.57  4.63  6.18  4.78  5.37  8.33  8.65 10.48 13.23 17.62 33.58
 7112.25  5.37  4.59  4.65  6.22  4.81  5.39  8.35  8.69 10.51 13.27 17.68 33.59
 7113.25  5.39  4.60  4.66  6.25  4.82  5.40  8.37  8.71 10.52 13.30 17.72 33.58
 7114.25  5.38  4.59  4.65  6.25  4.81  5.38  8.34  8.70 10.49 13.27 17.70 33.49
 7115.25  5.42  4.63  4.69  6.31  4.85  5.42  8.39  8.76 10.55 13.35 17.79 33.53
 7116.25  5.47  4.67  4.73  6.38  4.90  5.47  8.45  8.84 10.62 13.45 17.90 33.59
 7117.25  5.42  4.63  4.69  6.34  4.86  5.42  8.37  8.78 10.53 13.37 17.81 33.43
 7118.25  5.36  4.58  4.64  6.29  4.80  5.35  8.28  8.70 10.42 13.25 17.69 33.22
 7119.25  5.38  4.59  4.66  6.32  4.82  5.36  8.29  8.73 10.44 13.29 17.73 33.21
 7120.25  5.45  4.66  4.72  6.42  4.89  5.43  8.39  8.84 10.55 13.43 17.89 33.34
 7121.25  5.47  4.67  4.74  6.45  4.91  5.45  8.40  8.87 10.57 13.46 17.94 33.32
 7122.25  5.47  4.67  4.74  6.46  4.91  5.44  8.39  8.87 10.56 13.46 17.94 33.26
 7123.25  5.46  4.65  4.72  6.46  4.89  5.42  8.36  8.85 10.52 13.44 17.92 33.17
 7124.25  5.40  4.61  4.68  6.41  4.85  5.37  8.28  8.78 10.43 13.35 17.83 33.00
 7125.25  5.40  4.60  4.67  6.42  4.84  5.35  8.25  8.77 10.40 13.33 17.82 32.92
 7126.25  5.41  4.61  4.69  6.44  4.85  5.36  8.26  8.80 10.42 13.36 17.86 32.90
 7127.25  5.39  4.59  4.67  6.43  4.84  5.34  8.22  8.77 10.38 13.32 17.83 32.78
 7128.25  5.14  4.36  4.44  6.15  4.60  5.08  7.86  8.41  9.96 12.84 17.28 32.09
 7129.25  4.77  4.05  4.12  5.74  4.27  4.72  7.34  7.87  9.35 12.14 16.47 31.08
 7130.25  4.97  4.21  4.29  5.98  4.45  4.90  7.60  8.17  9.67 12.52 16.93 31.55
 7131.25  5.25  4.46  4.54  6.31  4.70  5.18  7.98  8.58 10.12 13.05 17.56 32.20
 7132.25  5.41  4.60  4.69  6.51  4.85  5.33  8.19  8.81 10.37 13.35 17.91 32.52
 7133.25  5.34  4.53  4.62  6.44  4.79  5.26  8.08  8.71 10.25 13.22 17.77 32.30
 7134.25  4.93  4.18  4.26  5.98  4.42  4.85  7.52  8.13  9.59 12.45 16.89 31.22
 7135.25  4.83  4.09  4.18  5.88  4.33  4.75  7.38  7.98  9.42 12.26 16.68 30.91
 7136.25  5.20  4.41  4.51  6.32  4.66  5.11  7.88  8.53 10.02 12.97 17.52 31.79
 7137.25  5.35  4.53  4.63  6.50  4.79  5.24  8.07  8.73 10.24 13.23 17.82 32.04
 7138.25  5.39  4.57  4.67  6.56  4.83  5.28  8.13  8.80 10.30 13.31 17.92 32.09
 7139.25  5.46  4.63  4.74  6.65  4.90  5.35  8.22  8.91 10.41 13.45 18.09 32.21
 7140.25  5.48  4.65  4.75  6.69  4.91  5.36  8.24  8.93 10.43 13.48 18.13 32.18
 7141.25  5.49  4.66  4.76  6.71  4.92  5.37  8.25  8.96 10.44 13.50 18.17 32.14
 7142.25  5.32  4.50  4.61  6.52  4.76  5.19  8.01  8.71 10.16 13.18 17.81 31.68
 7143.25  4.97  4.20  4.30  6.12  4.44  4.84  7.53  8.20  9.58 12.52 17.06 30.75
 7144.25  4.74  4.00  4.10  5.85  4.24  4.62  7.21  7.87  9.20 12.08 16.55 30.09
 7145.25  4.66  3.93  4.03  5.75  4.16  4.53  7.09  7.75  9.06 11.92 16.37 29.80
 7146.25  4.67  3.94  4.03  5.74  4.16  4.53  7.09  7.76  9.06 11.92 16.38 29.73
 7147.25  4.70  3.96  4.06  5.77  4.19  4.56  7.13  7.81  9.11 11.98 16.46 29.74
 7148.25  4.77  4.02  4.12  5.83  4.25  4.62  7.22  7.91  9.21 12.11 16.63 29.87
 7149.25  4.90  4.13  4.24  5.98  4.37  4.74  7.40  8.11  9.42 12.38 16.95 30.19
 7150.25  5.01  4.22  4.33  6.09  4.46  4.84  7.54  8.28  9.59 12.58 17.19 30.38
 7151.25  5.07  4.28  4.39  6.16  4.52  4.90  7.62  8.38  9.69 12.70 17.34 30.47
 7152.25  5.25  4.43  4.55  6.36  4.68  5.07  7.87  8.66  9.98 13.05 17.76 30.90
 7153.25  5.30  4.47  4.59  6.40  4.73  5.11  7.93  8.73 10.04 13.14 17.87 30.95
 7154.25  5.36  4.52  4.64  6.45  4.78  5.16  8.00  8.82 10.13 13.25 18.00 31.03
 7155.25  5.46  4.62  4.74  6.56  4.87  5.26  8.14  8.99 10.29 13.44 18.23 31.19
 7156.25  5.50  4.65  4.77  6.59  4.90  5.29  8.18  9.05 10.33 13.50 18.31 31.19
 7157.25  5.43  4.59  4.71  6.50  4.84  5.22  8.08  8.96 10.22 13.38 18.18 30.98
 7158.25  5.29  4.46  4.58  6.33  4.71  5.08  7.88  8.76  9.99 13.11 17.88 30.57
 7159.25  5.31  4.48  4.61  6.34  4.73  5.09  7.91  8.80 10.01 13.15 17.93 30.53
 7160.25  5.16  4.34  4.47  6.15  4.58  4.94  7.70  8.58  9.77 12.87 17.62 30.12
 7161.25  5.07  4.26  4.39  6.04  4.50  4.85  7.57  8.46  9.61 12.70 17.43 29.81
 7162.25  5.21  4.38  4.52  6.18  4.63  4.98  7.75  8.67  9.83 12.95 17.74 30.04
 7163.25  5.06  4.26  4.39  6.01  4.49  4.84  7.55  8.47  9.59 12.68 17.43 29.59
 7164.25  4.88  4.10  4.23  5.79  4.33  4.66  7.30  8.20  9.29 12.32 17.01 29.01
 7165.25  5.15  4.33  4.47  6.08  4.57  4.92  7.66  8.61  9.71 12.83 17.62 29.61
 7166.25  5.28  4.45  4.59  6.22  4.69  5.05  7.83  8.81  9.91 13.08 17.90 29.78
 7167.25  4.80  4.03  4.16  5.66  4.25  4.58  7.17  8.09  9.12 12.12 16.76 28.30
 7168.25  4.72  3.97  4.10  5.56  4.18  4.51  7.05  7.99  8.98 11.98 16.60 28.02
 7169.25  5.19  4.37  4.51  6.08  4.60  4.95  7.69  8.70  9.74 12.90 17.70 29.25
 7170.25  5.20  4.38  4.52  6.08  4.61  4.96  7.69  8.71  9.73 12.89 17.68 29.06
 7171.25  4.88  4.10  4.23  5.70  4.31  4.65  7.25  8.24  9.22 12.29 17.00 28.25
 7172.25  4.75  3.99  4.12  5.54  4.20  4.52  7.06  8.05  8.99 12.02 16.67 27.72
 7173.25  4.93  4.15  4.29  5.74  4.37  4.70  7.31  8.32  9.26 12.34 17.01 27.87
 7174.25  5.23  4.41  4.55  6.06  4.63  4.98  7.71  8.78  9.74 12.94 17.75 28.73
 7175.25  5.10  4.29  4.44  5.91  4.51  4.85  7.54  8.61  9.56 12.75 17.57 28.57
 7176.25  4.78  4.02  4.15  5.53  4.22  4.54  7.09  8.12  9.01 12.08 16.76 27.45
 7177.25  4.64  3.90  4.03  5.36  4.09  4.41  6.88  7.91  8.76 11.76 16.34 26.72
 7178.25  4.77  4.01  4.15  5.50  4.21  4.53  7.07  8.13  8.99 12.07 16.74 27.25
 7179.25  5.16  4.35  4.50  5.93  4.56  4.91  7.61  8.75  9.64 12.89 17.72 28.46
 7180.25  5.12  4.31  4.46  5.87  4.52  4.86  7.55  8.69  9.57 12.81 17.61 28.28
 7181.25  4.89  4.12  4.26  5.60  4.31  4.64  7.22  8.33  9.16 12.30 16.94 27.28
 7182.25  4.89  4.12  4.26  5.59  4.31  4.64  7.23  8.35  9.17 12.33 16.97 27.29
 7183.25  4.88  4.10  4.25  5.56  4.30  4.62  7.22  8.34  9.15 12.33 16.98 27.32
 7184.25  4.77  4.02  4.16  5.42  4.20  4.52  7.05  8.16  8.93 12.03 16.52 26.48
 7185.25  4.83  4.06  4.21  5.46  4.25  4.57  7.12  8.25  9.02 12.14 16.63 26.53
 7186.25  4.81  4.05  4.20  5.43  4.24  4.56  7.09  8.22  8.97 12.07 16.50 26.22
 7187.25  4.93  4.16  4.30  5.54  4.34  4.67  7.24  8.40  9.14 12.28 16.71 26.37
 7188.25  5.40  4.56  4.72  6.04  4.76  5.11  7.90  9.15  9.94 13.29 17.96 28.02
 7189.25  5.65  4.77  4.94  6.30  4.98  5.35  8.24  9.55 10.34 13.81 18.59 28.82
 7190.25  5.39  4.54  4.70  5.99  4.74  5.09  7.88  9.16  9.92 13.31 17.98 28.04
 7191.25  4.96  4.18  4.33  5.51  4.36  4.69  7.29  8.50  9.20 12.41 16.84 26.42
 7192.25  5.10  4.30  4.45  5.64  4.48  4.81  7.47  8.71  9.41 12.67 17.12 26.68
 7193.25  5.23  4.41  4.57  5.76  4.59  4.93  7.64  8.91  9.61 12.92 17.40 26.96
 7194.25  5.27  4.44  4.60  5.79  4.63  4.97  7.70  8.99  9.68 13.02 17.51 27.07
 7195.25  5.42  4.57  4.74  5.93  4.76  5.11  7.91  9.24  9.93 13.36 17.91 27.57
 7196.25  5.40  4.56  4.72  5.90  4.74  5.09  7.89  9.23  9.90 13.35 17.90 27.54
 7197.25  5.34  4.50  4.67  5.80  4.68  5.03  7.79  9.14  9.78 13.20 17.68 27.17
 7198.25  5.34  4.50  4.67  5.79  4.68  5.03  7.79  9.16  9.77 13.19 17.64 27.03
 7199.25  5.40  4.55  4.72  5.83  4.73  5.08  7.87  9.27  9.87 13.32 17.79 27.18
 7200.25  5.03  4.23  4.40  5.42  4.40  4.73  7.35  8.70  9.24 12.55 16.82 25.83
 7201.25  4.91  4.13  4.29  5.27  4.29  4.61  7.18  8.53  9.03 12.29 16.48 25.32
 7202.25  5.24  4.41  4.58  5.61  4.58  4.92  7.65  9.09  9.60 13.03 17.40 26.56
 7203.25  5.31  4.47  4.65  5.66  4.64  4.98  7.74  9.22  9.71 13.17 17.54 26.66
 7204.25  5.15  4.33  4.50  5.47  4.50  4.83  7.50  8.97  9.42 12.80 17.05 25.91
 7205.25  5.25  4.42  4.60  5.56  4.59  4.92  7.65  9.15  9.59 13.03 17.32 26.22
 7206.25  5.28  4.44  4.63  5.58  4.61  4.95  7.68  9.21  9.61 13.05 17.30 26.06
 7207.25  5.48  4.62  4.81  5.77  4.79  5.14  7.95  9.55  9.94 13.49 17.82 26.69
 7208.25  5.67  4.77  4.97  5.94  4.95  5.32  8.20  9.87 10.24 13.88 18.28 27.24
 7209.25  5.49  4.62  4.82  5.74  4.79  5.15  7.97  9.61  9.96 13.54 17.86 26.66
 7210.25  5.41  4.55  4.74  5.64  4.72  5.07  7.86  9.52  9.83 13.40 17.69 26.43
 7211.25  5.55  4.66  4.86  5.76  4.83  5.20  8.04  9.74 10.04 13.66 17.98 26.71
 7212.25  5.59  4.70  4.91  5.78  4.87  5.24  8.10  9.84 10.11 13.76 18.08 26.78
 7213.25  5.62  4.72  4.93  5.79  4.90  5.27  8.13  9.90 10.15 13.83 18.13 26.79
 7214.25  5.61  4.71  4.92  5.76  4.88  5.26  8.12  9.91 10.12 13.81 18.09 26.66
 7215.25  5.58  4.69  4.90  5.72  4.86  5.23  8.07  9.88 10.07 13.74 17.99 26.47
 7216.25  5.53  4.64  4.85  5.64  4.80  5.17  7.99  9.80  9.96 13.61 17.81 26.16
 7217.25  5.58  4.68  4.90  5.67  4.85  5.22  8.05  9.90 10.03 13.71 17.90 26.24
 7218.25  5.62  4.71  4.94  5.69  4.88  5.26  8.11  9.99 10.10 13.81 17.99 26.36
 7219.25  5.67  4.75  4.97  5.72  4.91  5.30  8.16 10.07 10.16 13.90 18.08 26.45
 7220.25  5.71  4.78  5.01  5.74  4.95  5.33  8.21 10.15 10.21 13.99 18.15 26.53
 7221.25  5.69  4.76  4.99  5.71  4.93  5.31  8.18 10.14 10.17 13.97 18.09 26.46
 7222.25  5.53  4.62  4.84  5.53  4.78  5.15  7.96  9.91  9.91 13.67 17.71 26.01
 7223.25  5.13  4.27  4.49  5.12  4.43  4.78  7.42  9.29  9.27 12.90 16.78 24.86
 7224.25  5.08  4.22  4.44  5.05  4.38  4.72  7.35  9.23  9.19 12.82 16.66 24.75
 7225.25  5.36  4.46  4.69  5.32  4.62  4.99  7.73  9.71  9.64 13.41 17.32 25.54
 7226.25  5.43  4.52  4.75  5.37  4.68  5.05  7.81  9.83  9.73 13.54 17.43 25.64
 7227.25  5.25  4.37  4.60  5.19  4.53  4.89  7.57  9.56  9.44 13.19 16.97 25.05
 7228.25  5.47  4.55  4.79  5.38  4.71  5.08  7.85  9.91  9.77 13.62 17.42 25.56
 7229.25  5.65  4.70  4.95  5.55  4.87  5.25  8.10 10.22 10.06 14.00 17.83 26.05
 7230.25  5.35  4.44  4.67  5.23  4.60  4.96  7.69  9.77  9.59 13.44 17.18 25.32
 7231.25  5.09  4.21  4.44  4.97  4.37  4.72  7.34  9.36  9.17 12.94 16.56 24.56
 7232.25  5.18  4.30  4.52  5.05  4.45  4.81  7.45  9.50  9.28 13.06 16.61 24.47
 7233.25  5.31  4.40  4.63  5.15  4.56  4.92  7.60  9.69  9.45 13.26 16.79 24.60
 7234.25  5.05  4.17  4.40  4.89  4.33  4.67  7.25  9.29  9.04 12.77 16.20 23.88
 7235.25  4.69  3.86  4.08  4.52  4.01  4.34  6.77  8.74  8.48 12.09 15.41 22.97
 7236.25  5.01  4.13  4.36  4.82  4.29  4.63  7.20  9.29  8.99 12.78 16.21 23.97
 7237.25  5.57  4.61  4.86  5.35  4.78  5.16  7.95 10.22  9.88 13.92 17.49 25.48
 7238.25  5.60  4.63  4.88  5.37  4.80  5.18  7.99 10.29  9.93 14.00 17.56 25.56
 7239.25  4.65  3.81  4.03  4.43  3.97  4.29  6.70  8.74  8.40 12.09 15.34 22.90
 7240.25  2.58  2.10  2.22  2.45  2.19  2.37  3.80  5.08  4.85  7.25  9.47 15.05
 7241.25  1.97  1.59  1.69  1.86  1.66  1.80  2.91  3.91  3.73  5.63  7.40 11.99
 7242.25  1.80  1.46  1.55  1.70  1.52  1.65  2.67  3.60  3.42  5.19  6.82 11.10
 7243.25  2.00  1.62  1.72  1.88  1.69  1.84  2.96  4.00  3.79  5.74  7.51 12.14
 7244.25  2.94  2.38  2.53  2.76  2.49  2.70  4.31  5.80  5.48  8.20 10.57 16.56
 7245.25  3.72  3.02  3.21  3.48  3.15  3.41  5.41  7.26  6.84 10.12 12.88 19.71
 7246.25  2.09  1.69  1.80  1.95  1.76  1.91  3.09  4.22  3.95  6.00  7.79 12.51
 7247.25  1.72  1.38  1.47  1.59  1.44  1.57  2.54  3.50  3.25  4.98  6.47 10.50
 7248.25  2.61  2.11  2.24  2.42  2.20  2.39  3.83  5.27  4.89  7.40  9.52 15.04
 7249.25  3.80  3.08  3.27  3.51  3.21  3.48  5.51  7.52  6.96 10.34 13.05 19.85
 7250.25  4.98  4.05  4.30  4.60  4.23  4.57  7.11  9.59  8.88 12.90 15.98 23.42
 7251.25  5.13  4.18  4.43  4.73  4.36  4.71  7.31  9.87  9.11 13.20 16.28 23.72
 7252.25  4.86  3.95  4.19  4.46  4.12  4.46  6.92  9.41  8.64 12.57 15.51 22.67
 7253.25  4.74  3.85  4.09  4.35  4.02  4.35  6.76  9.24  8.45 12.33 15.20 22.24
 7254.25  3.74  3.01  3.21  3.41  3.15  3.42  5.40  7.53  6.82 10.20 12.76 19.31
 7255.25  3.07  2.46  2.62  2.78  2.58  2.80  4.46  6.32  5.67  8.63 10.88 16.86
 7256.25  4.06  3.27  3.48  3.68  3.42  3.71  5.84  8.19  7.36 11.00 13.65 20.48
 7257.25  4.20  3.38  3.60  3.80  3.54  3.84  6.03  8.47  7.58 11.31 13.98 20.83
 7258.25  4.36  3.51  3.74  3.94  3.67  3.98  6.24  8.78  7.83 11.66 14.36 21.27
 7259.25  5.33  4.31  4.59  4.82  4.51  4.88  7.53 10.49  9.37 13.68 16.60 23.92
 7260.25  5.56  4.51  4.79  5.02  4.71  5.10  7.83 10.90  9.71 14.12 17.05 24.40
 7261.25  5.37  4.34  4.62  4.83  4.53  4.91  7.57 10.61  9.40 13.75 16.62 23.86
 7262.25  5.33  4.30  4.58  4.79  4.50  4.88  7.52 10.59  9.35 13.70 16.53 23.75
 7263.25  5.52  4.46  4.74  4.95  4.66  5.05  7.76 10.92  9.62 14.05 16.89 24.12
 7264.25  5.25  4.23  4.51  4.70  4.43  4.80  7.40 10.49  9.19 13.50 16.24 23.28
 7265.25  4.94  3.97  4.23  4.41  4.15  4.51  6.97  9.97  8.68 12.85 15.47 22.31
 7266.25  5.33  4.29  4.57  4.75  4.49  4.87  7.49 10.70  9.30 13.68 16.39 23.43
 7267.25  5.70  4.59  4.88  5.07  4.80  5.21  7.98 11.38  9.87 14.46 17.25 24.47
 7268.25  5.41  4.35  4.63  4.81  4.55  4.95  7.61 10.95  9.45 13.95 16.66 23.80
 7269.25  4.96  3.97  4.23  4.38  4.15  4.52  7.00 10.20  8.73 13.04 15.63 22.56
 7270.25  4.70  3.75  4.00  4.14  3.93  4.28  6.65  9.77  8.31 12.51 15.01 21.80
 7271.25  4.88  3.90  4.15  4.30  4.08  4.44  6.89 10.13  8.60 12.91 15.43 22.29
 7272.25  5.03  4.03  4.29  4.43  4.21  4.59  7.09 10.41  8.82 13.18 15.69 22.49
 7273.25  4.99  3.98  4.24  4.38  4.17  4.54  7.01 10.34  8.72 13.07 15.51 22.20
 7274.25  5.42  4.34  4.61  4.75  4.54  4.94  7.58 11.14  9.40 13.98 16.49 23.38
 7275.25  5.34  4.27  4.54  4.68  4.47  4.87  7.47 11.02  9.26 13.81 16.26 23.05
 7276.25  3.72  2.95  3.14  3.23  3.09  3.38  5.30  8.07  6.67 10.32 12.33 18.22
 7277.25  1.98  1.56  1.67  1.71  1.64  1.80  2.87  4.50  3.65  5.85  7.10 10.99
 7278.25  1.31  1.03  1.10  1.13  1.08  1.19  1.91  3.02  2.44  3.95  4.80  7.54
 7279.25  1.90  1.50  1.60  1.64  1.57  1.73  2.76  4.38  3.52  5.67  6.85 10.61
 7280.25  4.44  3.54  3.76  3.85  3.70  4.05  6.30  9.61  7.86 12.08 14.20 20.54
 7281.25  5.42  4.34  4.62  4.72  4.54  4.96  7.61 11.45  9.42 14.19 16.49 23.24
 7282.25  5.11  4.09  4.35  4.44  4.28  4.68  7.21 10.96  8.95 13.61 15.83 22.47
 7283.25  4.61  3.68  3.91  3.99  3.85  4.22  6.55 10.10  8.18 12.62 14.71 21.16
 7284.25  4.88  3.90  4.14  4.22  4.08  4.46  6.91 10.64  8.60 13.21 15.34 21.89
 7285.25  3.72  2.95  3.15  3.20  3.10  3.40  5.33  8.40  6.70 10.56 12.36 18.15
 7286.25  2.16  1.71  1.82  1.85  1.79  1.97  3.15  5.12  4.00  6.52  7.72 11.82
 7287.25  2.54  2.01  2.14  2.18  2.11  2.32  3.69  5.97  4.67  7.57  8.91 13.46
 7288.25  4.16  3.32  3.53  3.58  3.48  3.82  5.96  9.41  7.45 11.69 13.53 19.53
 7289.25  5.28  4.24  4.50  4.56  4.43  4.85  7.45 11.53  9.21 14.10 16.13 22.59
 7290.25  5.41  4.35  4.62  4.67  4.55  4.98  7.61 11.74  9.39 14.29 16.30 22.62
 7291.25  5.12  4.12  4.37  4.41  4.31  4.71  7.25 11.32  8.97 13.79 15.76 22.02
 7292.25  5.00  4.02  4.26  4.30  4.20  4.61  7.10 11.21  8.80 13.63 15.58 21.83
 7293.25  5.00  4.02  4.26  4.30  4.20  4.61  7.10 11.29  8.81 13.67 15.62 21.84
 7294.25  5.09  4.09  4.34  4.37  4.28  4.69  7.22 11.53  8.94 13.87 15.82 22.03
 7295.25  5.50  4.43  4.70  4.73  4.64  5.08  7.76 12.34  9.57 14.70 16.68 22.95
 7296.25  5.36  4.32  4.58  4.60  4.52  4.95  7.59 12.20  9.37 14.49 16.45 22.68
 7297.25  3.84  3.06  3.26  3.27  3.21  3.53  5.54  9.29  6.94 11.17 12.83 18.36
 7298.25  3.36  2.68  2.85  2.86  2.81  3.09  4.88  8.34  6.14 10.01 11.54 16.68
 7299.25  4.66  3.75  3.97  3.99  3.92  4.30  6.67 11.12  8.29 13.10 14.91 20.77
 7300.25  5.57  4.51  4.77  4.79  4.71  5.16  7.88 12.90  9.70 14.99 16.90 22.99
 7301.25  5.69  4.61  4.87  4.89  4.81  5.27  8.04 13.20  9.88 15.26 17.18 23.27
 7302.25  5.58  4.52  4.78  4.79  4.72  5.17  7.89 13.06  9.71 15.03 16.91 22.89
 7303.25  5.41  4.39  4.63  4.65  4.58  5.02  7.67 12.79  9.44 14.67 16.50 22.33
 7304.25  4.47  3.61  3.81  3.82  3.77  4.14  6.42 11.05  7.97 12.72 14.41 19.89
 7305.25  2.76  2.21  2.33  2.34  2.31  2.55  4.04  7.33  5.10  8.52  9.78 14.08
 7306.25  2.83  2.26  2.39  2.39  2.37  2.61  4.14  7.55  5.22  8.73 10.00 14.35
 7307.25  4.61  3.73  3.93  3.93  3.89  4.28  6.63 11.64  8.23 13.21 14.91 20.46
 7308.25  5.20  4.22  4.44  4.44  4.40  4.83  7.42 12.87  9.16 14.48 16.24 21.92
 7309.25  5.03  4.08  4.29  4.29  4.25  4.67  7.19 12.58  8.88 14.10 15.81 21.35
 7310.25  5.41  4.40  4.62  4.62  4.59  5.03  7.69 13.39  9.46 14.90 16.64 22.24
 7311.25  5.60  4.56  4.78  4.78  4.75  5.20  7.94 13.84  9.76 15.32 17.08 22.71
 7312.25  4.89  3.97  4.17  4.17  4.14  4.54  7.02 12.57  8.68 13.93 15.59 21.01
 7313.25  4.53  3.67  3.85  3.85  3.83  4.20  6.53 11.91  8.11 13.17 14.77 20.03
 7314.25  5.26  4.28  4.49  4.48  4.47  4.90  7.53 13.48  9.27 14.78 16.46 21.93
 7315.25  5.65  4.62  4.83  4.82  4.81  5.26  8.04 14.27  9.85 15.55 17.25 22.73
 7316.25  5.05  4.11  4.30  4.29  4.28  4.70  7.24 13.17  8.92 14.33 15.96 21.24
 7317.25  2.43  1.96  2.05  2.05  2.04  2.25  3.59  7.05  4.52  7.74  8.77 12.31
 7318.25  1.43  1.14  1.20  1.20  1.20  1.32  2.12  4.28  2.68  4.70  5.34  7.63
 7319.25  2.23  1.79  1.88  1.87  1.87  2.07  3.30  6.60  4.15  7.18  8.12 11.40
 7320.25  4.87  3.97  4.14  4.13  4.13  4.53  7.02 13.11  8.65 14.06 15.61 20.70
 7321.25  5.63  4.61  4.81  4.79  4.80  5.26  8.05 14.75  9.85 15.71 17.33 22.59
 7322.25  5.74  4.70  4.90  4.88  4.89  5.36  8.19 15.03 10.00 15.94 17.56 22.79
 7323.25  5.85  4.80  5.00  4.97  4.99  5.46  8.34 15.30 10.16 16.15 17.77 22.96
 7324.25  5.80  4.76  4.96  4.93  4.95  5.42  8.28 15.28 10.09 16.07 17.67 22.81
 7325.25  5.80  4.77  4.95  4.93  4.96  5.42  8.29 15.38 10.10 16.09 17.71 22.81
 7326.25  5.77  4.74  4.93  4.90  4.93  5.40  8.26 15.39 10.06 16.02 17.65 22.70
 7327.25  5.71  4.69  4.87  4.84  4.88  5.34  8.18 15.33  9.96 15.87 17.50 22.48
 7328.25  5.72  4.71  4.88  4.85  4.89  5.35  8.20 15.45  9.99 15.90 17.56 22.51
 7329.25  5.23  4.29  4.45  4.42  4.46  4.89  7.56 14.57  9.25 14.93 16.56 21.38
 7330.25  3.07  2.49  2.59  2.57  2.60  2.86  4.55  9.46  5.67  9.67 10.90 14.64
 7331.25  2.15  1.74  1.81  1.79  1.81  2.00  3.22  6.91  4.03  7.02  7.97 10.88
 7332.25  3.25  2.64  2.74  2.72  2.75  3.03  4.82 10.07  5.99 10.16 11.46 15.28
 7333.25  4.91  4.03  4.17  4.13  4.19  4.59  7.14 14.17  8.75 14.21 15.85 20.43
 7334.25  5.24  4.31  4.45  4.42  4.48  4.90  7.59 14.94  9.27 14.91 16.60 21.25
 7335.25  5.47  4.51  4.66  4.61  4.68  5.12  7.91 15.48  9.63 15.37 17.10 21.77
 7336.25  5.66  4.67  4.82  4.78  4.85  5.31  8.17 15.95  9.93 15.75 17.52 22.21
 7337.25  5.70  4.70  4.85  4.81  4.88  5.34  8.22 16.11  9.99 15.83 17.62 22.30
 7338.25  5.64  4.66  4.81  4.76  4.84  5.29  8.16 16.07  9.91 15.72 17.53 22.18
 7339.25  5.59  4.62  4.76  4.71  4.80  5.25  8.10 15.99  9.84 15.62 17.43 22.05
 7340.25  5.53  4.57  4.70  4.65  4.74  5.18  8.01 15.82  9.74 15.48 17.30 21.88
 7341.25  3.97  3.26  3.36  3.32  3.39  3.72  5.88 12.21  7.23 11.95 13.52 17.54
 7342.25  1.71  1.40  1.44  1.42  1.45  1.60  2.59  5.76  3.24  5.64  6.49  8.76
 7343.25  1.43  1.17  1.20  1.19  1.22  1.34  2.17  4.83  2.72  4.74  5.47  7.41
 7344.25  2.92  2.39  2.45  2.42  2.49  2.73  4.37  9.29  5.42  9.17 10.47 13.80
 7345.25  5.28  4.37  4.49  4.43  4.55  4.96  7.71 15.11  9.38 14.96 16.78 21.23
 7346.25  5.24  4.33  4.45  4.39  4.51  4.92  7.66 15.00  9.32 14.89 16.71 21.16
 7347.25  5.14  4.25  4.36  4.31  4.43  4.82  7.53 14.75  9.17 14.68 16.49 20.90
 7348.25  5.31  4.39  4.50  4.45  4.58  4.98  7.76 15.03  9.43 14.99 16.82 21.25
 7349.25  5.14  4.26  4.36  4.31  4.44  4.83  7.54 14.64  9.17 14.64 16.44 20.82
 7350.25  5.33  4.42  4.52  4.46  4.61  5.00  7.79 14.97  9.46 15.02 16.84 21.25
 7351.25  5.47  4.54  4.65  4.58  4.74  5.14  7.99 15.24  9.69 15.32 17.17 21.61
 7352.25  5.11  4.23  4.33  4.27  4.42  4.79  7.51 14.46  9.13 14.58 16.39 20.75
 7353.25  4.92  4.07  4.16  4.10  4.25  4.62  7.25 14.02  8.84 14.17 15.95 20.26
 7354.25  4.98  4.12  4.21  4.15  4.31  4.67  7.34 14.10  8.93 14.30 16.08 20.40
 7355.25  5.28  4.39  4.48  4.41  4.59  4.97  7.76 14.69  9.42 14.93 16.75 21.12
 7356.25  5.44  4.53  4.62  4.55  4.73  5.12  7.98 14.95  9.66 15.23 17.06 21.45
 7357.25  5.43  4.52  4.61  4.54  4.73  5.11  7.97 14.88  9.64 15.20 17.03 21.40
 7358.25  5.33  4.44  4.52  4.45  4.65  5.02  7.84 14.66  9.50 15.01 16.84 21.19
 7359.25  4.28  3.54  3.61  3.55  3.71  4.02  6.37 12.30  7.80 12.65 14.31 18.33
 7360.25  2.43  2.00  2.04  2.00  2.10  2.28  3.70  7.52  4.59  7.79  8.94 11.84
 7361.25  2.52  2.07  2.11  2.07  2.18  2.36  3.83  7.74  4.76  8.04  9.22 12.19
 7362.25  4.40  3.65  3.71  3.65  3.83  4.13  6.53 12.46  8.01 12.93 14.61 18.65
 7363.25  5.42  4.52  4.59  4.51  4.74  5.10  7.93 14.59  9.64 15.14 16.97 21.28
 7364.25  5.51  4.60  4.67  4.59  4.83  5.19  8.04 14.71  9.78 15.31 17.14 21.45
 7365.25  5.36  4.48  4.54  4.46  4.70  5.05  7.84 14.39  9.56 15.02 16.84 21.12
 7366.25  5.18  4.32  4.38  4.30  4.54  4.88  7.60 13.99  9.29 14.65 16.45 20.70
 7367.25  5.23  4.36  4.42  4.33  4.58  4.92  7.65 14.03  9.36 14.74 16.55 20.79
 7368.25  5.29  4.42  4.47  4.38  4.64  4.97  7.72 14.09  9.44 14.84 16.64 20.88
 7369.25  4.97  4.15  4.19  4.11  4.36  4.67  7.29 13.40  8.95 14.16 15.92 20.07
 7370.25  2.74  2.27  2.29  2.24  2.39  2.57  4.12  8.05  5.15  8.60  9.84 12.88
 7371.25  1.54  1.27  1.28  1.25  1.34  1.44  2.33  4.67  2.94  5.02  5.79  7.73
 7372.25  2.10  1.73  1.75  1.71  1.83  1.96  3.17  6.25  3.99  6.73  7.74 10.24
 7373.25  4.53  3.77  3.80  3.72  3.97  4.25  6.64 12.24  8.22 13.11 14.80 18.77
 7374.25  5.54  4.64  4.67  4.58  4.88  5.21  8.01 14.28  9.83 15.28 17.11 21.35
 7375.25  5.16  4.31  4.34  4.25  4.54  4.85  7.50 13.51  9.25 14.52 16.32 20.47
 7376.25  4.85  4.04  4.07  3.99  4.26  4.55  7.08 12.84  8.76 13.86 15.62 19.69
 7377.25  5.33  4.46  4.48  4.39  4.70  5.01  7.71 13.73  9.51 14.82 16.64 20.81
 7378.25  5.65  4.73  4.75  4.66  4.98  5.31  8.12 14.27  9.99 15.40 17.27 21.47
 7379.25  5.57  4.67  4.68  4.59  4.92  5.24  8.02 14.09  9.88 15.23 17.12 21.31
 7380.25  5.39  4.51  4.52  4.43  4.76  5.07  7.78 13.71  9.61 14.86 16.75 20.90
 7381.25  5.39  4.51  4.52  4.43  4.76  5.06  7.76 13.64  9.60 14.82 16.72 20.86
 7382.25  5.53  4.64  4.64  4.55  4.89  5.20  7.95 13.86  9.83 15.07 17.00 21.14
 7383.25  5.60  4.69  4.70  4.60  4.96  5.26  8.02 13.92  9.92 15.15 17.11 21.24
 7384.25  5.48  4.59  4.59  4.49  4.85  5.15  7.86 13.65  9.74 14.90 16.86 20.98
 7385.25  5.38  4.51  4.50  4.41  4.77  5.06  7.73 13.44  9.61 14.71 16.68 20.79
 7386.25  5.49  4.60  4.59  4.50  4.87  5.17  7.87 13.59  9.78 14.89 16.90 21.01
 7387.25  5.73  4.81  4.80  4.70  5.09  5.39  8.17 13.96 10.13 15.31 17.35 21.48
 7388.25  5.77  4.84  4.82  4.73  5.13  5.42  8.20 13.96 10.19 15.34 17.40 21.53
 7389.25  5.55  4.66  4.64  4.54  4.94  5.22  7.92 13.52  9.87 14.91 16.97 21.07
 7390.25  5.45  4.57  4.54  4.45  4.85  5.12  7.78 13.26  9.71 14.67 16.74 20.82
 7391.25  5.29  4.43  4.41  4.32  4.71  4.97  7.56 12.91  9.47 14.33 16.40 20.46
 7392.25  4.88  4.08  4.05  3.96  4.33  4.58  7.00 12.06  8.82 13.47 15.49 19.49
 7393.25  3.61  3.00  2.97  2.91  3.20  3.38  5.25  9.31  6.70 10.51 12.25 15.76
 7394.25  2.60  2.15  2.13  2.08  2.30  2.43  3.82  6.90  4.92  7.86  9.27 12.14
 7395.25  3.63  3.02  2.99  2.93  3.23  3.41  5.28  9.27  6.75 10.52 12.30 15.83
 7396.25  5.25  4.40  4.35  4.26  4.69  4.93  7.47 12.53  9.40 14.10 16.24 20.35
 7397.25  5.56  4.67  4.62  4.53  4.98  5.23  7.87 13.05  9.89 14.68 16.89 21.06
 7398.25  5.67  4.77  4.71  4.61  5.08  5.34  8.01 13.18 10.06 14.86 17.10 21.30
 7399.25  5.70  4.80  4.74  4.64  5.11  5.37  8.04 13.18 10.11 14.89 17.15 21.37
 7400.25  5.61  4.72  4.66  4.56  5.04  5.28  7.92 12.97  9.98 14.70 16.97 21.19
 7401.25  5.55  4.67  4.60  4.50  4.99  5.22  7.83 12.80  9.88 14.56 16.84 21.06
 7402.25  4.44  3.72  3.66  3.58  3.98  4.17  6.35 10.62  8.12 12.22 14.31 18.24
 7403.25  2.30  1.91  1.88  1.83  2.05  2.15  3.36  5.85  4.38  6.87  8.23 10.90
 7404.25  2.01  1.67  1.64  1.60  1.80  1.89  2.94  5.13  3.85  6.05  7.28  9.70
 7405.25  3.68  3.07  3.02  2.95  3.30  3.46  5.30  8.89  6.84 10.38 12.31 15.93
 7406.25  5.45  4.59  4.50  4.41  4.92  5.13  7.68 12.33  9.75 14.23 16.59 20.84
 7407.25  5.61  4.73  4.64  4.54  5.07  5.29  7.89 12.54  9.99 14.50 16.90 21.19
 7408.25  5.71  4.82  4.72  4.63  5.17  5.39  8.01 12.66 10.14 14.66 17.09 21.40
 7409.25  5.77  4.87  4.77  4.68  5.23  5.44  8.08 12.69 10.23 14.73 17.19 21.52
 7410.25  5.80  4.90  4.80  4.70  5.26  5.47  8.12 12.68 10.28 14.75 17.23 21.57
 7411.25  5.82  4.92  4.81  4.72  5.28  5.49  8.13 12.65 10.31 14.76 17.26 21.60
 7412.25  5.77  4.88  4.77  4.68  5.25  5.45  8.08 12.52 10.25 14.66 17.17 21.53
 7413.25  5.44  4.59  4.48  4.40  4.94  5.13  7.64 11.89  9.75 14.01 16.50 20.82
 7414.25  5.04  4.25  4.14  4.06  4.57  4.75  7.12 11.13  9.13 13.21 15.66 19.90
 7415.25  5.19  4.38  4.27  4.19  4.72  4.90  7.32 11.34  9.37 13.49 15.98 20.27
 7416.25  5.52  4.67  4.54  4.46  5.03  5.21  7.73 11.84  9.87 14.07 16.63 20.98
 7417.25  5.54  4.69  4.56  4.48  5.05  5.23  7.76 11.82  9.91 14.09 16.67 21.04
 7418.25  5.28  4.47  4.34  4.26  4.82  4.99  7.43 11.33  9.52 13.58 16.14 20.48
 7419.25  5.30  4.48  4.34  4.27  4.84  5.00  7.44 11.29  9.55 13.58 16.16 20.51
 7420.25  5.42  4.59  4.44  4.38  4.95  5.11  7.59 11.43  9.73 13.77 16.39 20.77
 7421.25  5.63  4.77  4.62  4.55  5.15  5.31  7.86 11.72 10.05 14.13 16.80 21.21
 7422.25  5.67  4.81  4.65  4.59  5.19  5.35  7.90 11.73 10.12 14.17 16.87 21.29
 7423.25  5.70  4.84  4.67  4.61  5.22  5.37  7.93 11.71 10.16 14.19 16.91 21.35
 7424.25  5.50  4.67  4.51  4.45  5.04  5.19  7.69 11.33  9.87 13.81 16.52 20.94
 7425.25  5.38  4.57  4.41  4.35  4.93  5.07  7.53 11.07  9.69 13.56 16.27 20.68
 7426.25  5.63  4.79  4.62  4.55  5.17  5.31  7.84 11.42 10.07 13.99 16.76 21.21
 7427.25  5.70  4.85  4.67  4.61  5.23  5.37  7.92 11.46 10.17 14.08 16.87 21.35
 7428.25  5.67  4.82  4.64  4.58  5.20  5.34  7.88 11.35 10.13 14.00 16.81 21.29
 7429.25  5.63  4.79  4.61  4.55  5.17  5.30  7.83 11.23 10.07 13.92 16.73 21.22
 7430.25  5.10  4.33  4.15  4.10  4.67  4.79  7.14 10.29  9.25 12.90 15.62 20.02
 7431.25  3.47  2.93  2.80  2.77  3.17  3.25  4.95  7.30  6.54  9.40 11.63 15.39
 7432.25  3.28  2.76  2.64  2.61  3.00  3.07  4.68  6.88  6.21  8.93 11.10 14.75
 7433.25  4.83  4.10  3.92  3.88  4.43  4.54  6.78  9.66  8.83 12.32 15.01 19.36
 7434.25  5.53  4.72  4.51  4.47  5.09  5.20  7.69 10.79  9.93 13.66 16.49 21.01
 7435.25  5.56  4.75  4.54  4.49  5.12  5.23  7.74 10.84 10.00 13.75 16.62 21.20
 7436.25  5.61  4.79  4.57  4.53  5.17  5.28  7.80 10.91 10.10 13.87 16.78 21.43
 7437.25  5.65  4.83  4.61  4.57  5.21  5.31  7.85 10.96 10.16 13.93 16.85 21.52
 7438.25  5.52  4.72  4.50  4.46  5.09  5.19  7.68 10.72  9.96 13.68 16.59 21.24
 7439.25  4.10  3.48  3.31  3.28  3.76  3.84  5.79  8.25  7.64 10.75 13.28 17.47
 7440.25  2.62  2.21  2.10  2.08  2.40  2.45  3.75  5.44  5.03  7.24  9.12 12.37
 7441.25  3.01  2.55  2.41  2.39  2.76  2.81  4.30  6.19  5.74  8.20 10.29 13.86
 7442.25  4.89  4.18  3.97  3.93  4.51  4.59  6.85  9.58  8.98 12.40 15.19 19.73
 7443.25  5.74  4.92  4.68  4.64  5.30  5.39  7.95 10.95 10.31 14.01 16.99 21.73
 7444.25  5.75  4.93  4.68  4.64  5.31  5.39  7.95 10.93 10.32 14.01 16.99 21.75
 7445.25  5.68  4.88  4.63  4.59  5.26  5.33  7.87 10.81 10.23 13.88 16.87 21.63
 7446.25  5.62  4.83  4.57  4.54  5.20  5.28  7.79 10.69 10.14 13.76 16.74 21.51
 7447.25  5.74  4.93  4.67  4.64  5.31  5.38  7.93 10.85 10.31 13.95 16.96 21.75
 7448.25  5.77  4.97  4.70  4.67  5.35  5.42  7.98 10.88 10.37 14.00 17.02 21.84
 7449.25  5.72  4.92  4.66  4.62  5.30  5.36  7.91 10.77 10.29 13.89 16.91 21.74
 7450.25  5.71  4.91  4.64  4.61  5.29  5.35  7.89 10.73 10.27 13.86 16.88 21.73
 7451.25  5.70  4.91  4.64  4.61  5.29  5.35  7.89 10.70 10.27 13.84 16.87 21.73
 7452.25  5.70  4.91  4.64  4.61  5.29  5.34  7.88 10.67 10.27 13.82 16.86 21.74
 7453.25  5.64  4.86  4.58  4.55  5.23  5.28  7.80 10.54 10.17 13.69 16.73 21.62
 7454.25  5.62  4.84  4.57  4.54  5.21  5.26  7.78 10.49 10.15 13.65 16.70 21.59
 7455.25  5.68  4.90  4.62  4.59  5.28  5.32  7.86 10.57 10.25 13.75 16.82 21.74
 7456.25  5.70  4.92  4.64  4.61  5.30  5.34  7.89 10.58 10.29 13.77 16.87 21.80
 7457.25  5.71  4.93  4.64  4.62  5.31  5.35  7.89 10.56 10.30 13.77 16.88 21.82
 7458.25  5.70  4.93  4.63  4.61  5.30  5.34  7.88 10.52 10.29 13.74 16.86 21.82
 7459.25  5.57  4.81  4.52  4.50  5.18  5.21  7.71 10.30 10.09 13.49 16.61 21.55
 7460.25  5.31  4.58  4.30  4.28  4.94  4.96  7.38  9.86  9.69 13.00 16.08 20.99
 7461.25  5.48  4.74  4.45  4.42  5.10  5.12  7.60 10.11  9.96 13.30 16.43 21.38
 7462.25  5.55  4.80  4.50  4.48  5.16  5.18  7.68 10.19 10.06 13.41 16.56 21.54
 7463.25  5.03  4.34  4.07  4.05  4.68  4.69  7.01  9.35  9.25 12.43 15.49 20.36
 7464.25  4.48  3.85  3.61  3.59  4.16  4.17  6.29  8.42  8.36 11.32 14.24 18.94
 7465.25  4.69  4.04  3.78  3.77  4.36  4.37  6.57  8.75  8.71 11.74 14.74 19.52
 7466.25  4.98  4.30  4.02  4.01  4.64  4.64  6.95  9.20  9.18 12.30 15.39 20.28
 7467.25  4.70  4.05  3.79  3.77  4.37  4.37  6.58  8.72  8.73 11.73 14.75 19.57
 7468.25  3.95  3.40  3.17  3.16  3.67  3.66  5.57  7.44  7.46 10.14 12.91 17.40
 7469.25  4.11  3.54  3.30  3.29  3.82  3.81  5.79  7.69  7.74 10.47 13.32 17.90
 7470.25  5.12  4.42  4.13  4.12  4.77  4.75  7.12  9.32  9.40 12.50 15.68 20.65
 7471.25  5.26  4.55  4.25  4.24  4.90  4.88  7.30  9.52  9.63 12.75 15.98 20.99
 7472.25  4.28  3.69  3.44  3.43  3.98  3.97  6.01  7.91  8.03 10.79 13.74 18.42
 7473.25  3.46  2.97  2.76  2.76  3.21  3.19  4.90  6.48  6.60  8.97 11.58 15.83
 7474.25  3.77  3.24  3.02  3.01  3.51  3.48  5.32  7.01  7.16  9.67 12.44 16.89
 7475.25  3.27  2.81  2.61  2.61  3.04  3.02  4.64  6.12  6.28  8.52 11.05 15.18
 7476.25  3.34  2.88  2.67  2.66  3.11  3.08  4.74  6.23  6.40  8.67 11.25 15.43
 7477.25  4.90  4.24  3.94  3.94  4.57  4.53  6.82  8.80  9.06 11.96 15.18 20.14
 7478.25  5.40  4.68  4.36  4.35  5.04  4.99  7.47  9.56  9.86 12.91 16.27 21.39
 7479.25  5.33  4.62  4.30  4.29  4.98  4.93  7.38  9.42  9.75 12.77 16.12 21.23
 7480.25  4.28  3.70  3.43  3.43  3.99  3.95  6.01  7.74  8.04 10.68 13.72 18.48
 7481.25  3.12  2.68  2.49  2.48  2.90  2.87  4.43  5.75  6.01  8.10 10.61 14.67
 7482.25  3.23  2.78  2.57  2.57  3.00  2.96  4.57  5.93  6.21  8.34 10.92 15.07
 7483.25  4.45  3.85  3.57  3.57  4.15  4.10  6.23  7.97  8.34 11.00 14.14 19.00
 7484.25  4.30  3.72  3.44  3.44  4.01  3.95  6.02  7.70  8.08 10.67 13.74 18.53
 7485.25  2.85  2.46  2.27  2.27  2.66  2.62  4.06  5.26  5.54  7.45  9.82 13.68
 7486.25  3.29  2.84  2.62  2.62  3.07  3.02  4.66  6.00  6.33  8.46 11.09 15.30
 7487.25  5.02  4.36  4.04  4.04  4.70  4.62  6.98  8.83  9.29 12.11 15.45 20.56
 7488.25  5.35  4.66  4.32  4.31  5.01  4.93  7.41  9.34  9.83 12.73 16.18 21.39
 7489.25  5.29  4.60  4.26  4.25  4.95  4.86  7.32  9.22  9.72 12.60 16.04 21.25
 7490.25  5.22  4.54  4.20  4.20  4.89  4.79  7.23  9.10  9.62 12.47 15.90 21.10
 7491.25  5.46  4.75  4.40  4.40  5.11  5.01  7.54  9.46 10.00 12.90 16.39 21.66
 7492.25  5.63  4.90  4.54  4.54  5.27  5.17  7.75  9.69 10.26 13.19 16.72 22.03
 7493.25  5.63  4.91  4.54  4.54  5.28  5.16  7.75  9.68 10.26 13.18 16.72 22.04
 7494.25  5.24  4.56  4.22  4.21  4.91  4.80  7.24  9.09  9.66 12.47 15.93 21.17
 7495.25  4.10  3.55  3.27  3.27  3.83  3.74  5.74  7.28  7.78 10.20 13.29 18.13
 7496.25  4.16  3.61  3.32  3.32  3.89  3.79  5.81  7.37  7.89 10.32 13.44 18.31
 7497.25  5.32  4.64  4.28  4.28  4.99  4.87  7.33  9.18  9.80 12.60 16.10 21.40
 7498.25  5.64  4.92  4.54  4.54  5.29  5.16  7.72  9.63 10.29 13.15 16.74 22.12
 7499.25  5.62  4.91  4.53  4.53  5.28  5.14  7.70  9.60 10.27 13.12 16.72 22.10
 7500.25  5.60  4.89  4.51  4.50  5.26  5.11  7.66  9.55 10.23 13.07 16.67 22.05
 7501.25  5.40  4.71  4.34  4.34  5.08  4.93  7.40  9.25  9.94 12.71 16.28 21.64
 7502.25  5.36  4.68  4.31  4.30  5.04  4.89  7.34  9.17  9.87 12.63 16.19 21.55
 7503.25  5.50  4.80  4.42  4.42  5.18  5.01  7.51  9.36 10.09 12.87 16.47 21.86
 7504.25  5.44  4.75  4.37  4.37  5.14  4.96  7.43  9.27 10.00 12.75 16.35 21.73
 7505.25  5.46  4.77  4.39  4.39  5.17  4.98  7.45  9.29 10.04 12.79 16.40 21.77
 7506.25  5.57  4.87  4.48  4.48  5.28  5.08  7.58  9.43 10.21 12.97 16.61 21.98
 7507.25  5.64  4.94  4.54  4.54  5.36  5.15  7.67  9.53 10.33 13.10 16.76 22.12
 7508.25  5.69  4.98  4.58  4.57  5.41  5.18  7.71  9.58 10.40 13.16 16.84 22.19
 7509.25  5.65  4.95  4.54  4.54  5.38  5.15  7.66  9.51 10.34 13.09 16.77 22.09
 7510.25  5.57  4.88  4.48  4.48  5.31  5.08  7.56  9.39 10.23 12.95 16.63 21.91
 7511.25  5.56  4.86  4.46  4.46  5.30  5.06  7.53  9.35 10.21 12.91 16.59 21.85
 7512.25  5.64  4.94  4.53  4.53  5.39  5.13  7.62  9.46 10.34 13.04 16.76 22.01
 7513.25  5.71  5.01  4.59  4.59  5.47  5.20  7.71  9.55 10.45 13.16 16.90 22.14
 7514.25  5.67  4.97  4.55  4.55  5.44  5.16  7.65  9.48 10.39 13.08 16.83 22.04
 7515.25  5.64  4.95  4.52  4.53  5.42  5.13  7.61  9.43 10.35 13.03 16.78 21.96
 7516.25  5.61  4.92  4.50  4.50  5.40  5.11  7.56  9.38 10.31 12.97 16.73 21.88
 7517.25  5.55  4.87  4.45  4.45  5.35  5.05  7.48  9.28 10.22 12.86 16.61 21.73
 7518.25  5.04  4.42  4.02  4.03  4.86  4.58  6.83  8.51  9.42 11.92 15.55 20.53
 7519.25  4.24  3.71  3.37  3.37  4.10  3.84  5.79  7.27  8.10 10.34 13.70 18.38
 7520.25  4.65  4.07  3.70  3.71  4.50  4.22  6.32  7.90  8.79 11.16 14.68 19.50
 7521.25  5.43  4.77  4.34  4.35  5.27  4.94  7.31  9.06 10.06 12.62 16.40 21.41
 7522.25  5.48  4.82  4.39  4.40  5.33  4.98  7.37  9.13 10.14 12.71 16.51 21.52
 7523.25  5.13  4.51  4.10  4.11  5.00  4.66  6.93  8.61  9.60 12.07 15.79 20.69
 7524.25  3.84  3.36  3.04  3.05  3.74  3.48  5.24  6.59  7.41  9.46 12.66 17.00
 7525.25  2.25  1.97  1.77  1.78  2.20  2.04  3.11  3.95  4.49  5.81  7.98 11.04
 7526.25  1.79  1.56  1.40  1.41  1.75  1.61  2.47  3.14  3.58  4.65  6.42  8.95
 7527.25  2.84  2.49  2.24  2.25  2.79  2.57  3.91  4.94  5.62  7.21  9.82 13.40
 7528.25  4.93  4.35  3.93  3.95  4.85  4.48  6.65  8.26  9.32 11.66 15.37 20.09
 7529.25  5.33  4.72  4.26  4.27  5.25  4.85  7.15  8.85  9.98 12.42 16.27 21.09
 7530.25  5.03  4.45  4.01  4.03  4.96  4.57  6.77  8.41  9.52 11.87 15.64 20.38
 7531.25  4.67  4.13  3.71  3.73  4.61  4.24  6.30  7.85  8.92 11.15 14.80 19.40
 7532.25  3.29  2.90  2.59  2.60  3.25  2.98  4.49  5.66  6.49  8.23 11.20 15.08
 7533.25  3.20  2.83  2.53  2.54  3.18  2.90  4.38  5.53  6.35  8.04 10.98 14.77
 7534.25  4.72  4.19  3.76  3.77  4.69  4.29  6.36  7.93  9.04 11.24 14.94 19.48
 7535.25  5.54  4.93  4.43  4.45  5.52  5.05  7.39  9.15 10.40 12.78 16.75 21.49
 7536.25  5.61  5.00  4.49  4.51  5.60  5.11  7.47  9.25 10.52 12.91 16.91 21.64
 7537.25  5.58  4.98  4.47  4.49  5.58  5.09  7.44  9.21 10.49 12.86 16.87 21.57
 7538.25  5.51  4.93  4.41  4.43  5.52  5.03  7.35  9.11 10.40 12.74 16.74 21.42
 7539.25  5.44  4.87  4.35  4.37  5.46  4.96  7.26  9.01 10.31 12.61 16.61 21.25
 7540.25  5.48  4.90  4.38  4.40  5.51  4.99  7.30  9.05 10.37 12.67 16.69 21.31
 7541.25  5.08  4.54  4.05  4.07  5.12  4.62  6.79  8.46  9.74 11.93 15.84 20.36
 7542.25  4.36  3.89  3.46  3.48  4.40  3.96  5.87  7.37  8.53 10.53 14.18 18.46
 7543.25  4.70  4.21  3.74  3.76  4.76  4.28  6.30  7.89  9.13 11.21 15.01 19.38
 7544.25  5.38  4.83  4.30  4.32  5.46  4.90  7.16  8.90 10.27 12.48 16.52 21.04
 7545.25  5.58  5.02  4.46  4.49  5.68  5.09  7.40  9.19 10.60 12.84 16.94 21.48
 7546.25  5.67  5.10  4.54  4.56  5.78  5.18  7.51  9.32 10.76 13.00 17.13 21.67
 7547.25  5.66  5.10  4.53  4.55  5.78  5.17  7.49  9.30 10.75 12.98 17.12 21.63
 7548.25  5.52  4.98  4.42  4.44  5.66  5.04  7.32  9.10 10.55 12.74 16.86 21.33
 7549.25  5.53  4.99  4.43  4.45  5.68  5.05  7.33  9.12 10.58 12.75 16.89 21.34
 7550.25  5.67  5.12  4.55  4.56  5.84  5.18  7.50  9.31 10.81 13.00 17.18 21.63
 7551.25  5.66  5.12  4.54  4.56  5.84  5.18  7.48  9.30 10.81 12.98 17.17 21.60
 7552.25  5.64  5.10  4.52  4.53  5.83  5.15  7.44  9.26 10.78 12.93 17.13 21.53
 7553.25  5.66  5.12  4.53  4.55  5.86  5.17  7.46  9.28 10.83 12.96 17.17 21.56
 7554.25  5.46  4.94  4.37  4.38  5.67  4.99  7.21  8.99 10.52 12.61 16.78 21.12
 7555.25  5.30  4.80  4.24  4.25  5.52  4.84  7.01  8.76 10.28 12.33 16.47 20.75
 7556.25  5.55  5.03  4.45  4.46  5.79  5.08  7.32  9.12 10.70 12.77 16.99 21.30
 7557.25  5.73  5.20  4.59  4.61  5.99  5.24  7.53  9.37 10.99 13.08 17.36 21.67
 7558.25  4.89  4.42  3.90  3.91  5.13  4.47  6.48  8.13  9.62 11.52 15.54 19.65
 7559.25  3.53  3.19  2.80  2.81  3.72  3.22  4.74  6.02  7.21  8.74 12.11 15.66
 7560.25  3.81  3.44  3.02  3.03  4.02  3.47  5.09  6.46  7.73  9.33 12.87 16.55
 7561.25  5.17  4.68  4.13  4.14  5.46  4.73  6.82  8.55 10.13 12.06 16.22 20.35
 7562.25  5.62  5.09  4.50  4.51  5.94  5.15  7.37  9.20 10.88 12.88 17.19 21.39
 7563.25  5.60  5.07  4.49  4.50  5.93  5.13  7.34  9.17 10.86 12.84 17.17 21.34
 7564.25  5.64  5.12  4.53  4.54  5.99  5.17  7.40  9.23 10.95 12.92 17.28 21.44
 7565.25  5.69  5.16  4.56  4.57  6.06  5.22  7.45  9.30 11.04 12.99 17.40 21.53
 7566.25  5.74  5.21  4.61  4.62  6.13  5.27  7.51  9.37 11.14 13.09 17.53 21.64
 7567.25  5.80  5.26  4.66  4.67  6.20  5.33  7.58  9.46 11.25 13.19 17.68 21.76
 7568.25  5.48  4.97  4.39  4.40  5.88  5.03  7.18  8.99 10.74 12.62 17.05 21.06
 7569.25  4.74  4.28  3.78  3.79  5.10  4.34  6.25  7.89  9.50 11.22 15.42 19.24
 7570.25  4.78  4.32  3.81  3.82  5.16  4.38  6.30  7.95  9.59 11.30 15.54 19.34
 7571.25  5.37  4.86  4.30  4.31  5.80  4.93  7.03  8.82 10.60 12.41 16.89 20.79
 7572.25  4.34  3.92  3.46  3.46  4.71  3.97  5.72  7.25  8.80 10.37 14.42 17.99
 7573.25  2.45  2.20  1.93  1.94  2.67  2.23  3.27  4.21  5.19  6.20  8.94 11.47
 7574.25  2.28  2.05  1.80  1.80  2.49  2.08  3.05  3.92  4.85  5.79  8.40 10.78
 7575.25  3.57  3.22  2.83  2.84  3.91  3.27  4.73  6.04  7.42  8.77 12.45 15.64
 7576.25  4.39  3.96  3.50  3.50  4.81  4.02  5.78  7.33  8.98 10.51 14.72 18.24
 7577.25  5.02  4.53  4.01  4.02  5.50  4.61  6.56  8.29 10.11 11.74 16.25 19.92
 7578.25  5.64  5.10  4.53  4.53  6.18  5.18  7.32  9.20 11.17 12.87 17.62 21.37
 7579.25  5.73  5.19  4.60  4.61  6.29  5.27  7.43  9.33 11.35 13.03 17.84 21.57
 7580.25  5.75  5.20  4.62  4.62  6.32  5.29  7.45  9.35 11.40 13.06 17.89 21.60
 7581.25  5.77  5.22  4.63  4.64  6.35  5.30  7.46  9.37 11.45 13.08 17.95 21.63
 7582.25  5.73  5.18  4.60  4.60  6.32  5.27  7.41  9.32 11.42 13.01 17.90 21.55
 7583.25  5.75  5.21  4.62  4.63  6.36  5.30  7.44  9.36 11.49 13.06 17.98 21.60
 7584.25  5.79  5.24  4.66  4.66  6.42  5.33  7.49  9.41 11.57 13.12 18.08 21.67
 7585.25  5.78  5.23  4.65  4.65  6.42  5.33  7.48  9.40 11.59 13.10 18.09 21.65
 7586.25  5.45  4.92  4.37  4.37  6.07  5.02  7.07  8.92 11.06 12.51 17.41 20.90
 7587.25  4.00  3.60  3.19  3.18  4.49  3.67  5.25  6.72  8.48  9.66 13.89 16.97
 7588.25  3.21  2.88  2.54  2.54  3.61  2.94  4.23  5.45  6.95  7.94 11.62 14.34
 7589.25  4.23  3.80  3.37  3.36  4.75  3.87  5.53  7.07  8.94 10.12 14.52 17.63
 7590.25  5.56  5.02  4.46  4.46  6.24  5.11  7.19  9.08 11.34 12.70 17.73 21.12
 7591.25  5.73  5.17  4.61  4.60  6.44  5.27  7.40  9.32 11.65 13.01 18.11 21.49
 7592.25  5.57  5.03  4.48  4.47  6.28  5.13  7.21  9.09 11.40 12.71 17.76 21.07
 7593.25  5.20  4.69  4.18  4.17  5.87  4.78  6.73  8.50 10.70 11.91 16.71 19.82
 7594.25  4.45  4.00  3.56  3.56  5.04  4.08  5.78  7.32  9.27 10.33 14.62 17.39
 7595.25  3.90  3.51  3.12  3.12  4.43  3.58  5.08  6.45  8.22  9.15 13.04 15.54
 7596.25  3.82  3.43  3.06  3.05  4.35  3.51  4.97  6.31  8.05  8.93 12.73 15.12
 7597.25  4.06  3.65  3.26  3.25  4.63  3.73  5.27  6.67  8.49  9.39 13.31 15.72
 7598.25  3.81  3.42  3.05  3.05  4.35  3.50  4.95  6.28  8.03  8.87 12.64 14.94
 7599.25  2.49  2.23  1.98  1.98  2.87  2.28  3.28  4.21  5.50  6.11  9.02 10.85
 7600.25  1.50  1.33  1.18  1.18  1.73  1.37  1.98  2.57  3.40  3.79  5.75  7.01
 7601.25  1.74  1.55  1.38  1.38  2.02  1.59  2.30  2.98  3.94  4.37  6.60  7.99
 7602.25  2.81  2.51  2.24  2.23  3.24  2.57  3.66  4.69  6.11  6.71  9.79 11.61
 7603.25  3.48  3.12  2.79  2.79  4.01  3.19  4.51  5.72  7.38  8.06 11.52 13.49
 7604.25  3.49  3.13  2.80  2.79  4.02  3.20  4.51  5.72  7.39  8.04 11.48 13.40
 7605.25  3.55  3.18  2.85  2.85  4.11  3.26  4.60  5.83  7.55  8.20 11.72 13.66
 7606.25  3.57  3.20  2.87  2.86  4.13  3.27  4.62  5.85  7.59  8.23 11.78 13.70
 7607.25  3.57  3.20  2.86  2.86  4.14  3.27  4.62  5.86  7.63  8.25 11.85 13.77
 7608.25  3.76  3.37  3.02  3.02  4.37  3.45  4.86  6.16  8.03  8.66 12.41 14.39
 7609.25  3.73  3.34  3.00  2.99  4.34  3.42  4.82  6.11  7.98  8.60 12.34 14.29
 7610.25  3.74  3.34  3.00  2.99  4.36  3.42  4.84  6.14  8.05  8.66 12.48 14.45
 7611.25  4.02  3.60  3.23  3.23  4.70  3.69  5.20  6.59  8.65  9.28 13.36 15.42
 7612.25  3.85  3.43  3.09  3.08  4.51  3.52  4.97  6.32  8.32  8.91 12.89 14.88
 7613.25  4.10  3.66  3.29  3.29  4.82  3.76  5.30  6.73  8.88  9.49 13.72 15.80
 7614.25  4.71  4.21  3.79  3.78  5.52  4.31  6.06  7.66 10.07 10.72 15.37 17.61
 7615.25  4.44  3.96  3.57  3.56  5.22  4.07  5.73  7.26  9.59 10.19 14.71 16.86
 7616.25  4.81  4.30  3.87  3.86  5.67  4.41  6.20  7.85 10.38 11.01 15.88 18.14
 7617.25  5.94  5.31  4.80  4.79  6.98  5.45  7.59  9.55 12.52 13.22 18.78 21.30
 7618.25  5.90  5.28  4.76  4.76  6.96  5.42  7.57  9.54 12.58 13.27 18.98 21.53
 7619.25  4.15  3.68  3.31  3.31  4.95  3.79  5.40  6.93  9.38  9.93 14.82 17.06
 7620.25  2.95  2.61  2.34  2.34  3.54  2.69  3.87  5.00  6.89  7.29 11.18 12.98
 7621.25  3.43  3.04  2.73  2.73  4.09  3.13  4.47  5.75  7.86  8.29 12.52 14.42
 7622.25  4.35  3.86  3.48  3.48  5.16  3.97  5.63  7.18  9.69 10.18 15.03 17.13
 7623.25  3.62  3.21  2.89  2.89  4.29  3.30  4.69  6.01  8.19  8.59 12.84 14.68
 7624.25  3.06  2.71  2.44  2.44  3.64  2.79  3.99  5.14  7.07  7.41 11.25 12.91
 7625.25  4.10  3.64  3.27  3.27  4.84  3.74  5.30  6.77  9.23  9.62 14.31 16.27
 7626.25  4.68  4.17  3.76  3.76  5.50  4.28  6.02  7.64 10.34 10.72 15.71 17.73
 7627.25  3.58  3.18  2.86  2.86  4.22  3.27  4.64  5.93  8.15  8.43 12.60 14.31
 7628.25  3.53  3.13  2.82  2.82  4.15  3.22  4.58  5.86  8.12  8.36 12.57 14.27
 7629.25  3.85  3.42  3.07  3.08  4.53  3.51  5.00  6.42  8.94  9.17 13.87 15.75
 7630.25  2.47  2.18  1.96  1.96  2.92  2.25  3.24  4.21  6.01  6.16  9.67 11.12
 7631.25  1.83  1.61  1.45  1.45  2.16  1.66  2.40  3.13  4.51  4.60  7.32  8.44
 7632.25  2.98  2.63  2.37  2.37  3.49  2.71  3.88  5.00  7.10  7.20 11.08 12.60
 7633.25  5.15  4.58  4.14  4.15  5.97  4.71  6.61  8.35 11.53 11.63 17.08 19.09
 7634.25  5.07  4.51  4.08  4.08  5.87  4.64  6.51  8.22 11.40 11.46 16.87 18.84
 7635.25  3.55  3.14  2.83  2.84  4.13  3.23  4.60  5.89  8.36  8.38 12.72 14.33
 7636.25  3.55  3.14  2.83  2.84  4.12  3.24  4.60  5.89  8.40  8.37 12.74 14.33
 7637.25  5.38  4.80  4.34  4.35  6.20  4.93  6.89  8.68 12.10 12.02 17.62 19.57
 7638.25  5.98  5.34  4.84  4.86  6.86  5.49  7.63  9.57 13.27 13.14 19.11 21.14
 7639.25  4.28  3.80  3.43  3.44  4.94  3.91  5.54  7.04 10.04  9.90 14.91 16.64
 7640.25  3.45  3.06  2.76  2.77  3.99  3.15  4.49  5.75  8.34  8.19 12.58 14.09
 7641.25  4.59  4.08  3.69  3.70  5.28  4.20  5.93  7.52 10.79 10.55 15.86 17.64
 7642.25  5.98  5.34  4.83  4.85  6.83  5.48  7.66  9.61 13.57 13.25 19.47 21.48
 7643.25  5.17  4.60  4.16  4.18  5.92  4.73  6.66  8.43 12.09 11.76 17.60 19.50
 7644.25  3.77  3.34  3.01  3.03  4.33  3.44  4.91  6.27  9.22  8.92 13.74 15.32
 7645.25  3.90  3.46  3.12  3.14  4.47  3.56  5.07  6.47  9.52  9.17 14.10 15.68
 7646.25  5.36  4.77  4.32  4.34  6.10  4.91  6.91  8.72 12.61 12.13 18.15 20.02
 7647.25  6.02  5.37  4.86  4.89  6.83  5.52  7.73  9.71 13.98 13.42 19.91 21.88
 7648.25  5.09  4.53  4.09  4.12  5.78  4.66  6.58  8.33 12.19 11.65 17.62 19.44
 7649.25  4.08  3.62  3.27  3.29  4.65  3.73  5.31  6.77 10.09  9.59 14.79 16.38
 7650.25  4.41  3.92  3.53  3.56  5.01  4.03  5.73  7.28 10.84 10.26 15.75 17.38
 7651.25  5.66  5.04  4.56  4.60  6.39  5.19  7.30  9.19 13.49 12.76 19.18 21.04
 7652.25  6.07  5.42  4.90  4.94  6.84  5.57  7.82  9.83 14.39 13.58 20.32 22.24
 7653.25  5.20  4.63  4.18  4.22  5.88  4.77  6.75  8.54 12.73 11.95 18.22 20.01
 7654.25  3.85  3.41  3.07  3.10  4.36  3.51  5.04  6.45  9.88  9.20 14.50 16.03
 7655.25  3.33  2.95  2.65  2.67  3.77  3.03  4.38  5.64  8.80  8.14 13.09 14.52
 7656.25  4.52  4.01  3.61  3.65  5.10  4.13  5.91  7.54 11.57 10.70 16.79 18.47
 7657.25  5.92  5.28  4.77  4.82  6.63  5.43  7.65  9.64 14.43 13.39 20.30 22.14
 7658.25  5.65  5.04  4.55  4.60  6.33  5.18  7.32  9.24 13.91 12.86 19.60 21.37
 7659.25  4.93  4.39  3.96  4.01  5.53  4.52  6.42  8.14 12.42 11.41 17.62 19.25
 7660.25  4.93  4.39  3.96  4.01  5.51  4.52  6.42  8.13 12.42 11.38 17.57 19.17
 7661.25  5.78  5.16  4.67  4.72  6.43  5.31  7.48  9.42 14.25 13.05 19.85 21.56
 7662.25  6.10  5.45  4.92  4.98  6.76  5.60  7.89  9.91 15.02 13.72 20.85 22.62
 7663.25  4.60  4.09  3.68  3.73  5.12  4.21  6.04  7.70 12.12 10.94 17.38 19.01
 7664.25  3.11  2.75  2.47  2.51  3.47  2.84  4.13  5.33  8.68  7.75 12.82 14.14
 7665.25  3.28  2.91  2.61  2.65  3.65  3.00  4.35  5.60  9.09  8.10 13.31 14.63
 7666.25  4.94  4.40  3.96  4.02  5.44  4.52  6.46  8.19 12.85 11.52 18.07 19.63
 7667.25  6.12  5.47  4.94  5.01  6.71  5.62  7.92  9.95 15.29 13.75 21.02 22.69
 7668.25  6.19  5.53  5.00  5.07  6.77  5.69  8.02 10.07 15.53 13.93 21.32 23.00
 7669.25  5.91  5.28  4.76  4.84  6.45  5.43  7.68  9.67 15.05 13.43 20.73 22.36
 7670.25  5.60  4.99  4.50  4.58  6.10  5.13  7.28  9.18 14.39 12.79 19.85 21.41
 7671.25  5.48  4.89  4.41  4.49  5.96  5.03  7.14  9.00 14.16 12.54 19.50 21.03
 7672.25  5.86  5.23  4.72  4.80  6.34  5.38  7.61  9.57 15.00 13.27 20.52 22.08
 7673.25  6.18  5.52  4.98  5.08  6.67  5.68  8.02 10.07 15.75 13.91 21.41 23.02
 7674.25  5.95  5.31  4.78  4.88  6.41  5.46  7.74  9.74 15.41 13.53 20.99 22.61
 7675.25  5.74  5.12  4.61  4.70  6.17  5.27  7.49  9.44 15.06 13.15 20.50 22.12
 7676.25  5.69  5.08  4.57  4.67  6.10  5.22  7.42  9.35 14.96 13.00 20.22 21.82
 7677.25  5.69  5.08  4.57  4.67  6.08  5.23  7.42  9.34 15.01 12.97 20.12 21.72
 7678.25  5.98  5.34  4.81  4.92  6.37  5.50  7.78  9.78 15.73 13.53 20.87 22.50
 7679.25  6.22  5.56  5.01  5.12  6.61  5.72  8.09 10.14 16.34 14.00 21.50 23.17
 7680.25  6.14  5.48  4.94  5.05  6.51  5.65  7.99 10.04 16.31 13.88 21.36 23.03
 7681.25  6.02  5.37  4.84  4.95  6.37  5.53  7.85  9.86 16.17 13.66 21.09 22.76
 7682.25  5.69  5.07  4.56  4.68  6.01  5.23  7.45  9.38 15.59 13.06 20.30 21.93
 7683.25  5.09  4.53  4.06  4.17  5.36  4.67  6.70  8.49 14.42 11.93 18.85 20.43
 7684.25  5.07  4.51  4.05  4.15  5.32  4.65  6.67  8.46 14.50 11.91 18.85 20.44
 7685.25  5.47  4.87  4.38  4.49  5.73  5.03  7.18  9.08 15.48 12.70 19.89 21.52
 7686.25  5.36  4.77  4.29  4.40  5.60  4.93  7.05  8.92 15.36 12.51 19.66 21.29
 7687.25  5.06  4.50  4.04  4.15  5.27  4.65  6.68  8.47 14.81 11.94 18.93 20.53
 7688.25  4.70  4.18  3.75  3.85  4.89  4.31  6.23  7.93 14.07 11.23 17.97 19.53
 7689.25  4.53  4.02  3.60  3.71  4.69  4.15  6.00  7.65 13.71 10.86 17.44 18.98
 7690.25  4.74  4.21  3.78  3.89  4.89  4.35  6.28  7.98 14.30 11.28 18.01 19.57
 7691.25  5.13  4.56  4.10  4.22  5.28  4.72  6.78  8.59 15.30 12.07 19.05 20.66
 7692.25  5.20  4.63  4.16  4.28  5.34  4.78  6.87  8.70 15.56 12.22 19.25 20.86
 7693.25  4.77  4.23  3.80  3.91  4.88  4.38  6.32  8.04 14.66 11.37 18.13 19.71
 7694.25  4.54  4.03  3.61  3.72  4.63  4.17  6.04  7.69 14.20 10.92 17.52 19.06
 7695.25  4.99  4.44  3.98  4.11  5.08  4.59  6.61  8.38 15.33 11.81 18.68 20.27
 7696.25  5.35  4.76  4.28  4.42  5.43  4.93  7.07  8.92 16.21 12.49 19.53 21.15
 7697.25  5.43  4.84  4.34  4.48  5.49  5.00  7.17  9.04 16.47 12.65 19.72 21.35
 7698.25  5.43  4.84  4.35  4.49  5.48  5.00  7.17  9.05 16.59 12.67 19.75 21.38
 7699.25  5.37  4.78  4.30  4.44  5.40  4.95  7.11  8.97 16.56 12.57 19.63 21.25
 7700.25  4.87  4.34  3.89  4.02  4.89  4.49  6.48  8.22 15.52 11.62 18.40 19.98
 7701.25  4.13  3.67  3.28  3.40  4.14  3.80  5.53  7.07 13.75 10.11 16.34 17.83
 7702.25  4.26  3.79  3.39  3.51  4.26  3.92  5.71  7.27 14.17 10.38 16.71 18.21
 7703.25  5.15  4.59  4.12  4.26  5.14  4.75  6.84  8.65 16.41 12.16 19.05 20.66
 7704.25  5.62  5.02  4.51  4.67  5.60  5.19  7.44  9.36 17.54 13.05 20.17 21.81
 7705.25  5.67  5.06  4.55  4.71  5.65  5.24  7.51  9.44 17.75 13.15 20.29 21.94
 7706.25  5.71  5.10  4.59  4.75  5.67  5.28  7.56  9.50 17.93 13.23 20.38 22.03
 7707.25  5.86  5.24  4.71  4.88  5.82  5.42  7.75  9.73 18.34 13.51 20.71 22.37
 7708.25  5.99  5.36  4.83  5.00  5.94  5.55  7.92  9.92 18.70 13.75 20.98 22.65
 7709.25  6.02  5.39  4.85  5.03  5.95  5.58  7.96  9.96 18.83 13.79 21.03 22.69
 7710.25  5.96  5.34  4.80  4.98  5.89  5.53  7.89  9.88 18.81 13.70 20.90 22.56
 7711.25  5.84  5.23  4.70  4.88  5.76  5.41  7.74  9.71 18.66 13.49 20.65 22.30
 7712.25  5.10  4.56  4.09  4.25  5.02  4.72  6.82  8.61 17.11 12.12 18.93 20.53
 7713.25  2.90  2.58  2.30  2.40  2.84  2.67  3.94  5.07 10.91  7.36 12.18 13.38
 7714.25  1.71  1.52  1.35  1.41  1.68  1.58  2.35  3.03  6.79  4.47  7.59  8.39
 7715.25  1.87  1.66  1.48  1.54  1.82  1.72  2.55  3.30  7.41  4.86  8.22  9.08
 7716.25  2.75  2.44  2.18  2.28  2.68  2.54  3.75  4.83 10.65  7.04 11.70 12.87
 7717.25  2.42  2.15  1.92  2.00  2.36  2.23  3.31  4.27  9.54  6.24 10.43 11.50
 7718.25  1.84  1.63  1.46  1.52  1.79  1.70  2.52  3.26  7.44  4.80  8.10  8.95
 7719.25  1.68  1.49  1.33  1.39  1.63  1.55  2.30  2.98  6.86  4.39  7.43  8.21
 7720.25  2.19  1.94  1.73  1.81  2.12  2.02  3.00  3.87  8.84  5.67  9.50 10.48
 7721.25  3.62  3.23  2.89  3.02  3.50  3.35  4.92  6.30 13.80  9.07 14.66 16.04
 7722.25  5.17  4.63  4.16  4.34  5.00  4.80  6.94  8.77 18.18 12.33 19.11 20.72
 7723.25  5.41  4.85  4.35  4.55  5.22  5.02  7.24  9.13 18.82 12.78 19.67 21.30
 7724.25  4.93  4.41  3.96  4.14  4.74  4.57  6.64  8.41 17.73 11.86 18.48 20.07
 7725.25  3.74  3.34  2.99  3.13  3.59  3.46  5.09  6.52 14.45  9.37 15.08 16.49
 7726.25  3.48  3.11  2.78  2.91  3.33  3.22  4.75  6.10 13.63  8.79 14.24 15.60
 7727.25  3.34  2.98  2.67  2.79  3.19  3.09  4.56  5.86 13.13  8.47 13.76 15.09
 7728.25  2.96  2.64  2.36  2.47  2.82  2.74  4.05  5.22 11.81  7.58 12.41 13.66
 7729.25  3.89  3.48  3.12  3.26  3.71  3.60  5.29  6.78 14.74  9.70 15.47 16.94
 7730.25  5.29  4.75  4.27  4.46  5.03  4.91  7.11  8.99 18.44 12.58 19.29 20.98
 7731.25  5.42  4.87  4.38  4.59  5.16  5.04  7.28  9.21 18.71 12.85 19.59 21.31
 7732.25  5.32  4.79  4.30  4.50  5.05  4.95  7.16  9.06 18.44 12.67 19.33 21.06
 7733.25  5.51  4.96  4.46  4.67  5.22  5.13  7.40  9.35 18.81 13.02 19.74 21.50
 7734.25  5.61  5.05  4.55  4.76  5.31  5.22  7.53  9.51 18.99 13.21 19.94 21.74
 7735.25  5.28  4.75  4.27  4.47  4.98  4.91  7.11  9.01 18.20 12.60 19.15 20.94
 7736.25  4.72  4.24  3.80  3.99  4.44  4.38  6.39  8.15 16.77 11.49 17.71 19.47
 7737.25  4.36  3.91  3.51  3.68  4.09  4.04  5.92  7.58 15.77 10.75 16.70 18.42
 7738.25  4.58  4.11  3.69  3.87  4.28  4.25  6.21  7.93 16.31 11.21 17.27 19.05
 7739.25  5.34  4.81  4.33  4.54  5.00  4.97  7.20  9.13 18.14 12.73 19.18 21.08
 7740.25  5.62  5.06  4.56  4.78  5.25  5.23  7.55  9.55 18.71 13.25 19.78 21.73
 7741.25  5.30  4.78  4.30  4.51  4.95  4.93  7.13  9.04 17.73 12.56 18.78 20.66
 7742.25  5.01  4.52  4.06  4.26  4.67  4.66  6.77  8.61 17.03 12.02 18.08 19.96
 7743.25  5.08  4.58  4.11  4.32  4.73  4.72  6.85  8.71 17.14 12.15 18.22 20.13
 7744.25  5.52  4.98  4.49  4.71  5.13  5.14  7.41  9.38 18.08 12.98 19.20 21.18
 7745.25  5.71  5.16  4.65  4.88  5.31  5.32  7.66  9.67 18.44 13.34 19.60 21.62
 7746.25  5.55  5.02  4.52  4.74  5.16  5.18  7.47  9.45 18.08 13.07 19.25 21.29
 7747.25  5.25  4.74  4.27  4.48  4.87  4.89  7.09  9.01 17.38 12.52 18.56 20.59
 7748.25  5.21  4.70  4.23  4.44  4.82  4.85  7.03  8.95 17.24 12.45 18.44 20.50
 7749.25  5.40  4.88  4.39  4.61  4.99  5.03  7.28  9.24 17.62 12.82 18.85 20.95
 7750.25  4.31  3.88  3.49  3.66  3.97  4.01  5.87  7.53 14.89 10.64 16.04 18.00
 7751.25  2.33  2.09  1.87  1.97  2.14  2.16  3.22  4.20  8.81  6.10  9.59 10.95
 7752.25  1.38  1.24  1.11  1.17  1.27  1.28  1.92  2.52  5.38  3.69  5.88  6.77
 7753.25  1.40  1.25  1.12  1.18  1.28  1.29  1.94  2.54  5.40  3.72  5.92  6.82
 7754.25  2.55  2.29  2.05  2.16  2.33  2.37  3.53  4.59  9.45  6.65 10.33 11.83
 7755.25  4.76  4.30  3.86  4.06  4.37  4.43  6.47  8.28 15.84 11.61 17.15 19.31
 7756.25  5.68  5.14  4.63  4.86  5.22  5.30  7.65  9.71 17.93 13.41 19.33 21.64
 7757.25  5.53  5.01  4.51  4.73  5.07  5.16  7.46  9.49 17.56 13.14 18.98 21.30
 7758.25  4.86  4.40  3.95  4.15  4.45  4.53  6.61  8.47 16.00 11.87 17.39 19.65
 7759.25  4.65  4.20  3.77  3.96  4.24  4.33  6.33  8.14 15.44 11.44 16.82 19.08
 7760.25  4.42  3.99  3.58  3.76  4.02  4.11  6.03  7.77 14.78 10.95 16.15 18.38
 7761.25  2.66  2.39  2.14  2.26  2.41  2.47  3.68  4.81  9.61  6.95 10.62 12.29
 7762.25  2.08  1.87  1.67  1.76  1.88  1.93  2.88  3.78  7.63  5.50  8.48  9.87
 7763.25  2.99  2.70  2.41  2.54  2.71  2.78  4.13  5.39 10.58  7.75 11.71 13.56
 7764.25  5.08  4.60  4.13  4.34  4.61  4.74  6.89  8.83 16.20 12.32 17.74 20.18
 7765.25  5.86  5.32  4.79  5.03  5.33  5.47  7.89 10.03 17.87 13.81 19.50 22.06
 7766.25  5.93  5.38  4.85  5.09  5.39  5.54  7.98 10.14 17.96 13.94 19.62 22.22
 7767.25  6.00  5.45  4.91  5.16  5.44  5.61  8.07 10.24 18.05 14.08 19.74 22.37
 7768.25  6.03  5.48  4.93  5.18  5.46  5.64  8.10 10.28 18.06 14.13 19.77 22.43
 7769.25  5.94  5.39  4.85  5.10  5.37  5.55  7.99 10.14 17.82 13.98 19.55 22.23
 7770.25  5.70  5.17  4.65  4.89  5.14  5.33  7.69  9.78 17.29 13.55 19.03 21.71
 7771.25  5.52  5.01  4.50  4.73  4.97  5.16  7.46  9.50 16.86 13.23 18.61 21.30
 7772.25  5.66  5.14  4.62  4.86  5.09  5.29  7.64  9.71 17.11 13.50 18.89 21.62
 7773.25  4.97  4.50  4.04  4.25  4.45  4.64  6.75  8.64 15.52 12.16 17.24 19.89
 7774.25  3.76  3.40  3.04  3.21  3.36  3.51  5.17  6.69 12.42  9.61 13.95 16.32
 7775.25  2.99  2.70  2.41  2.54  2.66  2.78  4.13  5.37 10.16  7.81 11.48 13.56
 7776.25  3.23  2.91  2.60  2.75  2.87  3.01  4.45  5.77 10.81  8.38 12.23 14.44
 7777.25  4.39  3.97  3.56  3.75  3.91  4.10  6.00  7.70 13.91 11.00 15.64 18.27
 7778.25  5.45  4.95  4.44  4.68  4.87  5.10  7.38  9.37 16.33 13.15 18.26 21.13
 7779.25  6.00  5.46  4.91  5.17  5.36  5.62  8.08 10.19 17.40 14.17 19.42 22.37
 7780.25  5.66  5.14  4.62  4.86  5.04  5.30  7.64  9.66 16.63 13.55 18.65 21.59
 7781.25  3.91  3.54  3.16  3.34  3.46  3.65  5.36  6.89 12.42  9.95 14.15 16.71
 7782.25  2.62  2.36  2.11  2.22  2.31  2.44  3.62  4.70  8.72  6.92 10.06 12.06
 7783.25  2.90  2.62  2.33  2.47  2.56  2.70  4.01  5.18  9.51  7.61 10.99 13.16
 7784.25  4.60  4.18  3.74  3.94  4.08  4.30  6.28  8.01 14.01 11.48 16.02 18.83
 7785.25  5.66  5.14  4.62  4.86  5.02  5.30  7.64  9.64 16.32 13.58 18.56 21.59
 7786.25  5.56  5.05  4.53  4.77  4.93  5.21  7.52  9.49 16.06 13.41 18.33 21.36
 7787.25  5.28  4.80  4.30  4.52  4.68  4.94  7.16  9.06 15.40 12.88 17.69 20.68
 7788.25  5.20  4.73  4.23  4.46  4.60  4.87  7.06  8.93 15.17 12.73 17.49 20.48
 7789.25  5.32  4.84  4.33  4.56  4.71  4.99  7.22  9.11 15.37 12.98 17.76 20.79
 7790.25  5.44  4.95  4.43  4.66  4.81  5.10  7.37  9.29 15.55 13.21 18.02 21.07
 7791.25  5.27  4.80  4.29  4.52  4.66  4.94  7.16  9.03 15.13 12.89 17.62 20.65
 7792.25  4.62  4.19  3.74  3.94  4.07  4.32  6.31  8.00 13.60 11.57 15.99 18.90
 7793.25  4.28  3.89  3.46  3.65  3.76  4.01  5.86  7.45 12.74 10.86 15.09 17.92
 7794.25  3.89  3.53  3.14  3.32  3.42  3.64  5.35  6.81 11.69  9.99 13.95 16.66
 7795.25  2.13  1.93  1.71  1.81  1.86  1.99  2.96  3.81  6.75  5.73  8.21 10.00
 7796.25  1.51  1.36  1.21  1.28  1.32  1.41  2.10  2.71  4.81  4.10  5.91  7.24
 7797.25  2.10  1.90  1.68  1.78  1.83  1.96  2.92  3.75  6.58  5.64  8.07  9.85
 7798.25  4.27  3.88  3.45  3.64  3.74  4.00  5.84  7.39 12.35 10.80 14.89 17.77
 7799.25  5.74  5.24  4.67  4.92  5.05  5.39  7.74  9.67 15.55 13.80 18.52 21.77
 7800.25  5.88  5.37  4.79  5.05  5.18  5.53  7.93  9.89 15.77 14.08 18.82 22.11
 7801.25  5.98  5.47  4.88  5.13  5.26  5.63  8.05 10.02 15.89 14.26 19.00 22.32
 7802.25  6.13  5.61  5.00  5.26  5.39  5.77  8.24 10.23 16.10 14.53 19.29 22.64
 7803.25  6.21  5.68  5.07  5.33  5.46  5.85  8.34 10.34 16.18 14.67 19.43 22.81
 7804.25  6.11  5.59  4.98  5.24  5.36  5.76  8.21 10.19 15.92 14.50 19.21 22.60
 7805.25  5.89  5.39  4.80  5.05  5.17  5.56  7.95  9.87 15.45 14.12 18.77 22.15
 7806.25  5.88  5.38  4.79  5.04  5.15  5.55  7.93  9.85 15.35 14.10 18.72 22.13
 7807.25  6.05  5.54  4.93  5.19  5.30  5.72  8.14 10.09 15.60 14.41 19.06 22.50
 7808.25  5.58  5.10  4.53  4.77  4.88  5.27  7.55  9.39 14.62 13.54 18.04 21.43
 7809.25  3.66  3.33  2.94  3.11  3.17  3.45  5.03  6.35 10.26  9.47 13.02 15.85
 7810.25  2.30  2.09  1.84  1.94  1.99  2.16  3.19  4.06  6.69  6.18  8.67 10.74
 7811.25  2.50  2.27  2.00  2.11  2.16  2.35  3.46  4.39  7.18  6.68  9.33 11.55
 7812.25  4.17  3.80  3.36  3.54  3.61  3.94  5.72  7.17 11.31 10.64 14.45 17.54
 7813.25  5.35  4.89  4.33  4.56  4.65  5.06  7.26  9.01 13.83 13.12 17.45 20.91
 7814.25  5.38  4.92  4.36  4.59  4.68  5.10  7.31  9.06 13.82 13.19 17.51 20.99
 7815.25  5.41  4.95  4.38  4.62  4.70  5.13  7.35  9.10 13.82 13.25 17.57 21.07
 7816.25  5.26  4.82  4.26  4.49  4.56  4.99  7.16  8.87 13.45 12.96 17.21 20.71
 7817.25  5.07  4.65  4.10  4.32  4.39  4.82  6.92  8.58 13.00 12.59 16.76 20.23
 7818.25  5.32  4.87  4.30  4.53  4.61  5.05  7.23  8.95 13.42 13.08 17.31 20.85
 7819.25  5.80  5.32  4.70  4.95  5.03  5.52  7.85  9.66 14.28 13.99 18.35 21.99
 7820.25  5.55  5.10  4.49  4.73  4.81  5.28  7.53  9.29 13.74 13.53 17.79 21.42
 7821.25  4.56  4.18  3.67  3.87  3.93  4.34  6.25  7.77 11.65 11.53 15.40 18.79
 7822.25  2.57  2.35  2.06  2.17  2.21  2.44  3.58  4.50  6.92  6.88  9.45 11.83
 7823.25  1.45  1.33  1.16  1.22  1.24  1.38  2.03  2.56  3.96  3.97  5.52  7.00
 7824.25  1.54  1.41  1.23  1.30  1.32  1.47  2.16  2.72  4.18  4.21  5.84  7.41
 7825.25  3.03  2.78  2.42  2.56  2.59  2.89  4.20  5.26  7.91  8.00 10.87 13.58
 7826.25  5.25  4.83  4.23  4.45  4.52  5.01  7.15  8.81 12.77 12.94 17.00 20.67
 7827.25  5.69  5.25  4.61  4.84  4.91  5.44  7.73  9.47 13.60 13.82 17.99 21.77
 7828.25  5.91  5.45  4.78  5.03  5.09  5.65  8.00  9.78 13.96 14.21 18.42 22.26
 7829.25  5.92  5.46  4.79  5.03  5.09  5.66  8.01  9.79 13.95 14.23 18.42 22.27
 7830.25  5.34  4.92  4.31  4.53  4.58  5.11  7.27  8.93 12.84 13.14 17.15 20.92
 7831.25  5.15  4.75  4.15  4.36  4.41  4.93  7.03  8.64 12.45 12.77 16.70 20.45
 7832.25  5.65  5.22  4.57  4.80  4.85  5.42  7.68  9.39 13.38 13.75 17.81 21.68
 7833.25  6.11  5.65  4.95  5.19  5.25  5.86  8.26 10.05 14.18 14.59 18.74 22.70
 7834.25  6.12  5.66  4.95  5.19  5.25  5.87  8.27 10.06 14.16 14.60 18.74 22.71
 7835.25  5.64  5.22  4.55  4.78  4.83  5.41  7.67  9.36 13.27 13.73 17.73 21.65
 7836.25  5.45  5.04  4.39  4.61  4.66  5.23  7.42  9.07 12.88 13.36 17.29 21.20
 7837.25  5.76  5.33  4.65  4.88  4.93  5.54  7.82  9.53 13.43 13.96 17.96 21.94
 7838.25  6.18  5.73  5.00  5.24  5.29  5.94  8.35 10.13 14.14 14.72 18.79 22.85
 7839.25  6.29  5.83  5.09  5.33  5.38  6.05  8.49 10.28 14.30 14.91 18.99 23.07
 7840.25  6.10  5.66  4.94  5.16  5.22  5.87  8.25 10.00 13.94 14.58 18.62 22.68
 7841.25  5.44  5.05  4.39  4.59  4.64  5.24  7.42  9.04 12.72 13.35 17.20 21.16
 7842.25  3.49  3.22  2.78  2.92  2.95  3.35  4.84  5.97  8.63  9.13 12.10 15.30
 7843.25  2.37  2.18  1.88  1.97  1.99  2.28  3.31  4.10  6.00  6.38  8.58 11.03
 7844.25  2.88  2.66  2.29  2.40  2.42  2.77  4.01  4.95  7.19  7.66 10.22 13.06
 7845.25  4.98  4.62  4.00  4.18  4.22  4.81  6.82  8.31 11.68 12.41 16.04 19.91
 7846.25  6.14  5.71  4.97  5.19  5.23  5.94  8.31 10.04 13.83 14.67 18.64 22.78
 7847.25  6.15  5.72  4.97  5.19  5.23  5.95  8.32 10.05 13.82 14.69 18.65 22.80
 7848.25  6.17  5.75  4.99  5.21  5.25  5.98  8.36 10.08 13.83 14.74 18.69 22.86
 7849.25  6.10  5.69  4.93  5.15  5.18  5.92  8.27  9.97 13.68 14.61 18.54 22.71
 7850.25  5.12  4.76  4.11  4.29  4.33  4.96  7.01  8.51 11.84 12.73 16.37 20.35
 7851.25  3.77  3.51  3.01  3.15  3.17  3.66  5.24  6.41  9.08  9.84 12.90 16.37
 7852.25  3.58  3.33  2.85  2.98  3.00  3.47  4.97  6.09  8.63  9.39 12.33 15.71
 7853.25  3.73  3.47  2.97  3.11  3.13  3.62  5.17  6.33  8.93  9.74 12.75 16.22
 7854.25  2.26  2.10  1.79  1.87  1.89  2.20  3.16  3.89  5.57  6.11  8.13 10.56
 7855.25  1.42  1.32  1.12  1.17  1.18  1.38  1.99  2.46  3.53  3.90  5.22  6.84
 7856.25  1.62  1.51  1.29  1.34  1.35  1.58  2.28  2.81  4.02  4.45  5.95  7.79
 7857.25  3.30  3.08  2.63  2.75  2.76  3.22  4.59  5.62  7.89  8.71 11.40 14.61
 7858.25  5.37  5.02  4.32  4.50  4.52  5.25  7.33  8.87 12.11 13.28 16.91 21.07
 7859.25  4.34  4.06  3.48  3.62  3.64  4.25  5.99  7.29 10.07 11.14 14.38 18.20
 7860.25  3.55  3.32  2.83  2.95  2.96  3.47  4.92  6.03  8.40  9.35 12.19 15.65
 7861.25  3.41  3.18  2.72  2.83  2.84  3.34  4.73  5.79  8.06  9.01 11.75 15.12
 7862.25  2.36  2.21  1.88  1.95  1.96  2.31  3.30  4.06  5.70  6.41  8.45 11.04
 7863.25  2.28  2.13  1.82  1.89  1.90  2.24  3.19  3.93  5.50  6.21  8.19 10.72
 7864.25  3.83  3.58  3.06  3.18  3.19  3.76  5.28  6.45  8.86  9.97 12.88 16.49
 7865.25  5.78  5.43  4.67  4.84  4.85  5.69  7.84  9.45 12.63 14.09 17.71 22.05
 7866.25  6.08  5.72  4.92  5.10  5.12  5.99  8.22  9.89 13.13 14.65 18.33 22.74
 7867.25  6.08  5.72  4.92  5.09  5.11  5.99  8.22  9.89 13.10 14.66 18.32 22.75
 7868.25  5.18  4.87  4.17  4.32  4.33  5.11  7.06  8.55 11.45 12.92 16.34 20.57
 7869.25  3.48  3.26  2.78  2.88  2.89  3.43  4.81  5.89  8.04  9.19 11.89 15.38
 7870.25  3.15  2.96  2.51  2.60  2.61  3.11  4.37  5.36  7.32  8.41 10.91 14.21
 7871.25  3.47  3.26  2.77  2.87  2.88  3.43  4.80  5.88  7.98  9.19 11.86 15.38
 7872.25  2.31  2.17  1.84  1.91  1.91  2.29  3.22  3.97  5.43  6.31  8.23 10.86
 7873.25  2.10  1.97  1.67  1.73  1.73  2.08  2.92  3.60  4.92  5.74  7.50  9.93
 7874.25  3.46  3.26  2.77  2.86  2.87  3.43  4.77  5.85  7.87  9.14 11.75 15.26
 7875.25  5.59  5.29  4.52  4.66  4.67  5.55  7.58  9.17 12.01 13.78 17.22 21.66
 7876.25  6.09  5.76  4.94  5.09  5.10  6.05  8.21  9.89 12.85 14.71 18.24 22.79
 7877.25  6.16  5.84  5.00  5.15  5.16  6.13  8.30 10.00 12.96 14.85 18.39 22.97
 7878.25  6.08  5.77  4.94  5.08  5.09  6.06  8.21  9.89 12.83 14.73 18.24 22.82
 7879.25  4.86  4.60  3.92  4.03  4.04  4.85  6.63  8.07 10.61 12.32 15.49 19.76
 7880.25  3.01  2.85  2.41  2.48  2.49  3.00  4.17  5.13  6.88  8.10 10.42 13.71
 7881.25  2.68  2.54  2.15  2.21  2.22  2.69  3.73  4.60  6.18  7.30  9.41 12.46
 7882.25  3.47  3.29  2.79  2.87  2.88  3.48  4.81  5.90  7.86  9.27 11.83 15.48
 7883.25  3.09  2.93  2.49  2.55  2.56  3.11  4.29  5.28  7.06  8.35 10.70 14.09
 7884.25  3.01  2.86  2.42  2.49  2.49  3.03  4.18  5.15  6.88  8.16 10.44 13.79
 7885.25  4.28  4.07  3.47  3.55  3.56  4.31  5.89  7.20  9.48 11.15 14.05 18.18
 7886.25  5.20  4.95  4.23  4.33  4.34  5.24  7.10  8.63 11.22 13.13 16.33 20.83
 7887.25  5.13  4.88  4.17  4.27  4.28  5.17  7.01  8.52 11.08 12.99 16.15 20.65
 7888.25  4.96  4.72  4.04  4.13  4.14  5.01  6.80  8.27 10.77 12.66 15.77 20.23
 7889.25  4.89  4.65  3.98  4.07  4.07  4.94  6.70  8.16 10.62 12.52 15.59 20.04
 7890.25  3.81  3.62  3.09  3.16  3.16  3.85  5.26  6.46  8.49 10.10 12.73 16.66
 7891.25  2.19  2.08  1.77  1.81  1.81  2.22  3.07  3.80  5.05  6.09  7.80 10.48
 7892.25  1.86  1.76  1.50  1.53  1.53  1.88  2.60  3.22  4.29  5.19  6.66  9.00
 7893.25  2.77  2.63  2.25  2.29  2.29  2.81  3.86  4.77  6.30  7.60  9.66 12.88
 7894.25  4.51  4.29  3.68  3.75  3.75  4.57  6.21  7.58  9.85 11.73 14.61 18.97
 7895.25  5.01  4.77  4.10  4.18  4.18  5.09  6.86  8.36 10.79 12.81 15.84 20.40
 7896.25  5.04  4.80  4.13  4.20  4.21  5.12  6.91  8.41 10.84 12.89 15.92 20.49
 7897.25  5.20  4.96  4.27  4.34  4.34  5.29  7.12  8.66 11.13 13.24 16.31 20.97
 7898.25  5.49  5.23  4.51  4.59  4.59  5.59  7.49  9.10 11.64 13.83 16.96 21.71
 7899.25  5.50  5.25  4.53  4.60  4.60  5.61  7.51  9.12 11.65 13.86 16.99 21.75
 7900.25  5.35  5.10  4.40  4.47  4.47  5.46  7.31  8.89 11.37 13.56 16.64 21.37
 7901.25  5.62  5.36  4.64  4.71  4.71  5.74  7.66  9.30 11.83 14.09 17.21 22.00
 7902.25  6.12  5.84  5.07  5.14  5.14  6.25  8.29 10.02 12.66 15.04 18.22 23.12
 7903.25  6.16  5.89  5.11  5.18  5.18  6.30  8.35 10.09 12.73 15.15 18.33 23.26
 7904.25  5.66  5.40  4.68  4.74  4.74  5.79  7.71  9.36 11.87 14.23 17.31 22.17
 7905.25  5.38  5.14  4.45  4.50  4.51  5.52  7.36  8.97 11.40 13.73 16.73 21.54
 7906.25  5.74  5.48  4.76  4.81  4.82  5.89  7.82  9.50 12.01 14.44 17.49 22.41
 7907.25  5.72  5.47  4.75  4.80  4.81  5.87  7.79  9.47 11.97 14.42 17.45 22.38
 7908.25  5.37  5.13  4.45  4.50  4.51  5.52  7.34  8.95 11.34 13.74 16.67 21.53
 7909.25  5.39  5.15  4.47  4.52  4.53  5.55  7.37  8.98 11.37 13.80 16.71 21.61
 7910.25  5.78  5.53  4.81  4.85  4.87  5.95  7.87  9.56 12.04 14.58 17.56 22.59
 7911.25  5.56  5.32  4.63  4.67  4.68  5.73  7.59  9.24 11.66 14.19 17.11 22.13
 7912.25  5.03  4.81  4.18  4.21  4.23  5.20  6.91  8.45 10.72 13.15 15.94 20.84
 7913.25  3.95  3.77  3.27  3.29  3.31  4.09  5.48  6.74  8.64 10.75 13.16 17.58
 7914.25  2.35  2.25  1.94  1.96  1.96  2.44  3.30  4.10  5.32  6.72  8.34 11.47
 7915.25  1.36  1.30  1.12  1.13  1.14  1.42  1.92  2.39  3.12  3.98  4.96  6.93
 7916.25  1.27  1.21  1.05  1.05  1.06  1.32  1.79  2.22  2.90  3.71  4.62  6.47
 7917.25  2.26  2.16  1.87  1.88  1.89  2.35  3.17  3.93  5.10  6.49  8.03 11.10
 7918.25  4.70  4.51  3.93  3.94  3.97  4.89  6.49  7.92 10.05 12.53 15.10 20.04
 7919.25  5.22  5.01  4.37  4.39  4.42  5.44  7.17  8.73 11.02 13.69 16.38 21.57
 7920.25  4.20  4.03  3.50  3.51  3.54  4.38  5.82  7.13  9.10 11.47 13.86 18.64
 7921.25  3.65  3.50  3.04  3.05  3.07  3.81  5.08  6.25  8.01 10.17 12.35 16.81
 7922.25  2.45  2.35  2.04  2.04  2.06  2.57  3.44  4.26  5.50  7.08  8.68 12.09
 7923.25  1.81  1.73  1.50  1.50  1.51  1.89  2.55  3.15  4.09  5.31  6.53  9.20
 7924.25  2.43  2.33  2.02  2.02  2.04  2.55  3.41  4.21  5.44  7.04  8.60 12.02
 7925.25  4.30  4.14  3.61  3.61  3.64  4.51  5.96  7.29  9.26 11.78 14.12 19.09
 7926.25  5.14  4.95  4.33  4.33  4.36  5.39  7.07  8.59 10.84 13.67 16.22 21.62
 7927.25  5.51  5.31  4.66  4.65  4.69  5.78  7.55  9.14 11.48 14.43 17.04 22.57
 7928.25  5.92  5.72  5.02  5.01  5.06  6.22  8.08  9.74 12.18 15.25 17.89 23.53
 7929.25  5.71  5.51  4.84  4.83  4.87  6.00  7.81  9.43 11.82 14.86 17.45 23.07
 7930.25  5.09  4.91  4.31  4.29  4.33  5.36  7.02  8.51 10.75 13.65 16.11 21.61
 7931.25  4.55  4.39  3.85  3.83  3.87  4.80  6.31  7.68  9.76 12.49 14.81 20.11
 7932.25  3.09  2.98  2.61  2.59  2.62  3.27  4.34  5.33  6.86  8.94 10.73 15.02
 7933.25  2.18  2.10  1.83  1.82  1.84  2.31  3.07  3.79  4.92  6.47  7.82 11.16
 7934.25  2.47  2.38  2.08  2.06  2.09  2.62  3.47  4.27  5.54  7.28  8.76 12.46
 7935.25  3.92  3.79  3.32  3.29  3.33  4.16  5.46  6.67  8.54 11.07 13.12 18.16
 7936.25  5.14  4.97  4.38  4.34  4.39  5.45  7.09  8.58 10.86 13.88 16.25 21.96
 7937.25  5.54  5.36  4.73  4.68  4.74  5.86  7.60  9.17 11.55 14.71 17.13 22.99
 7938.25  5.92  5.74  5.07  5.02  5.08  6.27  8.09  9.73 12.20 15.48 17.93 23.92
 7939.25  6.00  5.82  5.15  5.09  5.15  6.36  8.20  9.84 12.34 15.65 18.10 24.13
 7940.25  5.82  5.64  4.99  4.93  5.00  6.18  7.96  9.57 12.03 15.32 17.73 23.76
 7941.25  5.71  5.53  4.89  4.83  4.90  6.06  7.82  9.40 11.84 15.12 17.48 23.52
 7942.25  5.68  5.51  4.88  4.81  4.88  6.04  7.78  9.36 11.79 15.09 17.43 23.49
 7943.25  5.65  5.48  4.86  4.79  4.86  6.01  7.75  9.32 11.75 15.06 17.37 23.46
 7944.25  5.50  5.33  4.72  4.65  4.72  5.86  7.56  9.09 11.48 14.77 17.05 23.13
 7945.25  5.42  5.25  4.65  4.58  4.65  5.77  7.45  8.96 11.33 14.62 16.86 22.95
 7946.25  5.31  5.15  4.57  4.49  4.56  5.67  7.32  8.80 11.15 14.42 16.63 22.72
 7947.25  4.90  4.75  4.21  4.13  4.20  5.24  6.78  8.18 10.41 13.56 15.67 21.63
 7948.25  4.81  4.66  4.13  4.05  4.12  5.14  6.66  8.03 10.24 13.37 15.45 21.40
 7949.25  4.96  4.82  4.27  4.19  4.26  5.31  6.87  8.26 10.52 13.74 15.83 21.87
 7950.25  3.41  3.31  2.93  2.86  2.92  3.66  4.79  5.81  7.51 10.02 11.68 16.72
 7951.25  2.36  2.29  2.02  1.97  2.01  2.54  3.33  4.07  5.31  7.18  8.43 12.36
 7952.25  2.93  2.84  2.51  2.45  2.50  3.15  4.13  5.01  6.52  8.77 10.24 14.86
 7953.25  4.82  4.68  4.16  4.07  4.15  5.17  6.68  8.02 10.24 13.47 15.47 21.53
 7954.25  5.42  5.26  4.69  4.58  4.67  5.81  7.46  8.92 11.32 14.79 16.88 23.21
 7955.25  5.57  5.42  4.83  4.71  4.81  5.98  7.66  9.14 11.59 15.13 17.22 23.62
 7956.25  5.96  5.80  5.18  5.05  5.16  6.39  8.17  9.71 12.25 15.93 18.03 24.55
 7957.25  6.06  5.90  5.27  5.14  5.25  6.50  8.30  9.85 12.41 16.15 18.23 24.79
 7958.25  6.05  5.89  5.26  5.13  5.24  6.49  8.27  9.82 12.37 16.14 18.18 24.75
 7959.25  6.01  5.86  5.24  5.10  5.21  6.46  8.23  9.76 12.32 16.12 18.12 24.71
 7960.25  5.94  5.79  5.18  5.04  5.15  6.39  8.15  9.66 12.20 16.02 17.98 24.57
 7961.25  5.89  5.74  5.14  4.99  5.11  6.34  8.08  9.58 12.11 15.95 17.87 24.48
 7962.25  5.89  5.74  5.14  4.99  5.11  6.34  8.08  9.58 12.10 15.98 17.87 24.50
 7963.25  5.91  5.76  5.16  5.01  5.13  6.37  8.11  9.60 12.14 16.05 17.92 24.57
 7964.25  5.42  5.29  4.73  4.59  4.70  5.86  7.49  8.89 11.31 15.12 16.90 23.47
 7965.25  3.05  2.96  2.64  2.55  2.62  3.30  4.29  5.17  6.73  9.34 10.59 15.55
 7966.25  1.52  1.48  1.31  1.27  1.30  1.65  2.16  2.62  3.45  4.89  5.57  8.47
 7967.25  1.41  1.37  1.22  1.18  1.21  1.54  2.01  2.43  3.21  4.57  5.19  7.93
 7968.25  2.58  2.51  2.24  2.15  2.22  2.80  3.64  4.39  5.74  8.09  9.13 13.63
 7969.25  4.26  4.14  3.70  3.57  3.67  4.62  5.94  7.10  9.16 12.65 14.11 20.33
 7970.25  3.87  3.76  3.36  3.24  3.33  4.20  5.41  6.48  8.40 11.70 13.06 19.03
 7971.25  4.44  4.31  3.87  3.72  3.83  4.82  6.18  7.36  9.48 13.12 14.56 20.94
 7972.25  5.51  5.36  4.82  4.64  4.77  5.98  7.59  8.97 11.42 15.55 17.10 24.00
 7973.25  5.78  5.62  5.06  4.87  5.01  6.27  7.92  9.34 11.87 16.12 17.67 24.69
 7974.25  5.70  5.54  4.99  4.80  4.93  6.20  7.82  9.22 11.73 15.99 17.50 24.53
 7975.25  5.67  5.51  4.97  4.78  4.91  6.18  7.79  9.18 11.68 15.98 17.45 24.51
 7976.25  5.91  5.74  5.18  4.98  5.12  6.44  8.08  9.50 12.07 16.47 17.92 25.08
 7977.25  5.73  5.56  5.02  4.82  4.96  6.26  7.85  9.24 11.77 16.14 17.55 24.70
 7978.25  4.40  4.26  3.83  3.68  3.79  4.82  6.11  7.24  9.37 13.19 14.42 21.00
 7979.25  3.31  3.20  2.88  2.75  2.84  3.64  4.64  5.53  7.24 10.40 11.41 17.13
 7980.25  3.15  3.05  2.74  2.62  2.70  3.47  4.42  5.27  6.91  9.98 10.94 16.51
 7981.25  2.44  2.36  2.12  2.03  2.09  2.70  3.43  4.11  5.42  7.92  8.68 13.35
 7982.25  2.20  2.13  1.91  1.83  1.88  2.44  3.10  3.71  4.91  7.21  7.89 12.23
 7983.25  3.48  3.37  3.03  2.89  2.98  3.85  4.86  5.77  7.55 10.91 11.85 17.80
 7984.25  5.53  5.37  4.85  4.64  4.78  6.10  7.58  8.90 11.41 15.92 17.09 24.40
 7985.25  6.03  5.86  5.30  5.07  5.22  6.65  8.21  9.60 12.24 16.96 18.14 25.63
 7986.25  6.09  5.92  5.36  5.12  5.27  6.72  8.29  9.68 12.34 17.11 18.26 25.80
 7987.25  5.93  5.76  5.21  4.98  5.12  6.55  8.08  9.44 12.07 16.82 17.93 25.48
 7988.25  5.59  5.43  4.91  4.69  4.82  6.20  7.65  8.95 11.50 16.17 17.23 24.73
 7989.25  5.28  5.12  4.63  4.42  4.55  5.86  7.25  8.49 10.96 15.54 16.55 23.97
 7990.25  5.31  5.15  4.65  4.44  4.57  5.90  7.28  8.52 11.00 15.62 16.60 24.06
 7991.25  5.50  5.34  4.83  4.61  4.74  6.13  7.54  8.80 11.35 16.07 17.03 24.60
 7992.25  5.50  5.34  4.83  4.60  4.74  6.13  7.53  8.79 11.34 16.09 17.03 24.63
 7993.25  4.57  4.43  4.00  3.80  3.92  5.11  6.31  7.39  9.64 13.96 14.78 21.94
 7994.25  2.26  2.19  1.96  1.86  1.92  2.54  3.17  3.75  4.99  7.53  8.02 12.65
 7995.25  1.32  1.28  1.15  1.09  1.13  1.50  1.87  2.21  2.97  4.54  4.83  7.79
 7996.25  1.53  1.49  1.34  1.27  1.31  1.74  2.16  2.56  3.43  5.25  5.57  8.97
 7997.25  3.13  3.04  2.74  2.59  2.68  3.54  4.38  5.15  6.82 10.21 10.77 16.70
 7998.25  5.07  4.92  4.45  4.23  4.36  5.70  6.97  8.12 10.56 15.30 16.03 23.65
 7999.25  5.26  5.11  4.62  4.38  4.52  5.92  7.21  8.38 10.89 15.75 16.45 24.19
 8000.25  5.10  4.95  4.48  4.24  4.38  5.75  7.00  8.14 10.60 15.41 16.08 23.78
 8001.25  5.27  5.12  4.63  4.39  4.52  5.94  7.23  8.38 10.90 15.83 16.48 24.29
 8002.25  5.47  5.31  4.81  4.56  4.70  6.17  7.49  8.67 11.26 16.31 16.93 24.87
 8003.25  5.42  5.26  4.77  4.51  4.65  6.12  7.42  8.58 11.16 16.22 16.81 24.77
 8004.25  5.37  5.22  4.73  4.47  4.61  6.08  7.36  8.51 11.08 16.14 16.70 24.67
 8005.25  5.51  5.35  4.85  4.59  4.73  6.24  7.53  8.70 11.31 16.47 17.00 25.06
 8006.25  5.59  5.44  4.93  4.66  4.80  6.34  7.64  8.82 11.45 16.68 17.18 25.28
 8007.25  5.63  5.47  4.97  4.69  4.83  6.39  7.69  8.87 11.50 16.78 17.23 25.35
 8008.25  5.79  5.63  5.11  4.83  4.97  6.58  7.89  9.09 11.77 17.18 17.57 25.79
 8009.25  5.95  5.78  5.26  4.96  5.11  6.76  8.09  9.31 12.04 17.58 17.92 26.24
 8010.25  5.93  5.77  5.24  4.94  5.10  6.75  8.07  9.29 12.01 17.61 17.89 26.24
 8011.25  6.01  5.84  5.31  5.01  5.16  6.85  8.17  9.39 12.13 17.82 18.04 26.43
 8012.25  5.88  5.71  5.20  4.89  5.04  6.71  8.00  9.20 11.90 17.59 17.74 26.12
 8013.25  5.58  5.42  4.93  4.63  4.78  6.39  7.61  8.77 11.39 17.01 17.10 25.41
 8014.25  4.95  4.81  4.36  4.10  4.23  5.69  6.80  7.86 10.29 15.66 15.69 23.76
 8015.25  3.20  3.10  2.81  2.63  2.72  3.71  4.46  5.19  6.93 10.99 10.97 17.51
 8016.25  2.35  2.28  2.06  1.93  1.99  2.74  3.29  3.85  5.17  8.37  8.32 13.64
 8017.25  3.04  2.95  2.67  2.50  2.58  3.54  4.24  4.94  6.60 10.59 10.48 16.87
 8018.25  4.80  4.66  4.24  3.97  4.09  5.57  6.60  7.63 10.01 15.52 15.32 23.44
 8019.25  5.76  5.59  5.10  4.78  4.93  6.66  7.84  9.01 11.69 17.77 17.50 26.10
 8020.25  5.73  5.57  5.08  4.76  4.90  6.65  7.81  8.97 11.64 17.77 17.44 26.06
 8021.25  4.88  4.74  4.31  4.04  4.16  5.70  6.71  7.74 10.16 15.89 15.53 23.79
 8022.25  4.21  4.08  3.71  3.47  3.58  4.94  5.82  6.74  8.91 14.23 13.84 21.65
 8023.25  4.70  4.55  4.15  3.87  4.00  5.50  6.46  7.46  9.81 15.52 15.06 23.19
 8024.25  5.70  5.53  5.05  4.73  4.87  6.66  7.77  8.91 11.58 17.92 17.36 25.96
 8025.25  5.55  5.39  4.92  4.60  4.74  6.51  7.58  8.70 11.33 17.66 17.05 25.60
 8026.25  3.71  3.59  3.27  3.05  3.14  4.38  5.14  5.95  7.90 12.93 12.38 19.59
 8027.25  1.91  1.85  1.68  1.56  1.61  2.27  2.67  3.11  4.20  7.17  6.81 11.33
 8028.25  1.58  1.53  1.39  1.29  1.33  1.89  2.22  2.59  3.50  6.03  5.70  9.55
 8029.25  2.47  2.39  2.18  2.02  2.08  2.95  3.45  4.01  5.40  9.19  8.67 14.20
 8030.25  3.76  3.64  3.32  3.09  3.18  4.49  5.22  6.03  8.03 13.36 12.61 19.94
 8031.25  4.00  3.88  3.54  3.29  3.39  4.78  5.54  6.40  8.50 14.11 13.28 20.84
 8032.25  4.77  4.62  4.22  3.93  4.05  5.68  6.56  7.54  9.93 16.20 15.23 23.36
 8033.25  5.16  5.00  4.58  4.25  4.38  6.15  7.06  8.11 10.63 17.21 16.16 24.49
 8034.25  5.16  5.01  4.58  4.26  4.39  6.17  7.07  8.11 10.64 17.27 16.17 24.48
 8035.25  5.61  5.45  4.99  4.64  4.78  6.70  7.65  8.75 11.42 18.37 17.17 25.66
 8036.25  5.64  5.48  5.02  4.67  4.80  6.75  7.69  8.79 11.48 18.50 17.24 25.73
 8037.25  5.59  5.42  4.97  4.62  4.76  6.70  7.62  8.72 11.39 18.44 17.13 25.61
 8038.25  5.82  5.65  5.18  4.81  4.96  6.98  7.91  9.04 11.77 19.01 17.62 26.17
 8039.25  6.07  5.89  5.41  5.02  5.17  7.28  8.22  9.38 12.18 19.58 18.11 26.71
 8040.25  6.15  5.97  5.49  5.10  5.25  7.39  8.32  9.50 12.32 19.81 18.28 26.90
 8041.25  6.04  5.86  5.39  5.00  5.15  7.27  8.18  9.34 12.14 19.65 18.06 26.65
 8042.25  5.81  5.63  5.18  4.80  4.94  7.01  7.88  9.01 11.75 19.20 17.58 26.08
 8043.25  5.65  5.48  5.04  4.67  4.80  6.85  7.68  8.79 11.49 18.91 17.24 25.68
 8044.25  5.78  5.61  5.15  4.77  4.91  7.01  7.84  8.96 11.69 19.23 17.50 25.97
 8045.25  6.02  5.85  5.38  4.98  5.13  7.31  8.15  9.30 12.10 19.82 18.01 26.53
 8046.25  6.18  6.00  5.53  5.12  5.27  7.51  8.35  9.52 12.37 20.22 18.34 26.90
 8047.25  6.14  5.96  5.49  5.08  5.23  7.47  8.30  9.46 12.31 20.21 18.26 26.82
 8048.25  6.05  5.87  5.41  5.00  5.15  7.38  8.18  9.34 12.16 20.08 18.09 26.62
 8049.25  6.03  5.85  5.39  4.98  5.13  7.37  8.16  9.31 12.13 20.09 18.04 26.56
 8050.25  6.04  5.86  5.40  4.99  5.13  7.40  8.16  9.32 12.14 20.17 18.06 26.58
 8051.25  5.55  5.38  4.95  4.56  4.70  6.82  7.53  8.62 11.31 19.13 17.02 25.37
 8052.25  4.78  4.63  4.25  3.91  4.03  5.92  6.54  7.51  9.95 17.29 15.25 23.21
 8053.25  3.62  3.50  3.21  2.95  3.04  4.52  4.99  5.77  7.73 13.96 12.16 19.13
 8054.25  2.91  2.82  2.58  2.37  2.44  3.66  4.04  4.68  6.32 11.68 10.08 16.18
 8055.25  3.82  3.69  3.39  3.11  3.21  4.78  5.26  6.07  8.12 14.66 12.71 19.86
 8056.25  5.68  5.50  5.07  4.66  4.81  7.04  7.69  8.80 11.52 19.69 17.28 25.62
 8057.25  6.12  5.93  5.48  5.04  5.19  7.58  8.25  9.42 12.27 20.73 18.22 26.69
 8058.25  6.09  5.90  5.45  5.01  5.16  7.55  8.20  9.37 12.20 20.71 18.14 26.58
 8059.25  6.14  5.94  5.50  5.05  5.20  7.62  8.26  9.44 12.28 20.90 18.23 26.67
 8060.25  6.19  5.99  5.54  5.09  5.24  7.69  8.32  9.50 12.36 21.10 18.33 26.77
 8061.25  6.12  5.92  5.48  5.02  5.18  7.62  8.23  9.41 12.25 21.08 18.20 26.62
 8062.25  5.34  5.16  4.77  4.36  4.50  6.69  7.23  8.31 10.92 19.38 16.52 24.64
 8063.25  3.18  3.07  2.83  2.58  2.66  4.05  4.39  5.09  6.85 13.11 10.86 17.20
 8064.25  2.19  2.11  1.94  1.76  1.82  2.80  3.03  3.53  4.79  9.49  7.73 12.58
 8065.25  2.69  2.59  2.38  2.17  2.24  3.44  3.71  4.32  5.83 11.49  9.34 14.99
 8066.25  4.70  4.54  4.19  3.82  3.95  5.96  6.40  7.38  9.77 18.12 15.00 22.72
 8067.25  6.01  5.81  5.38  4.91  5.07  7.56  8.07  9.26 12.06 21.52 17.99 26.32
 8068.25  5.98  5.78  5.35  4.89  5.05  7.54  8.03  9.22 12.01 21.57 17.93 26.24
 8069.25  5.98  5.77  5.35  4.88  5.04  7.54  8.02  9.20 11.99 21.65 17.91 26.19
 8070.25  6.09  5.88  5.46  4.98  5.14  7.69  8.16  9.36 12.18 22.01 18.14 26.44
 8071.25  6.29  6.07  5.64  5.14  5.31  7.94  8.41  9.64 12.51 22.55 18.54 26.88
 8072.25  6.42  6.20  5.76  5.25  5.42  8.11  8.57  9.81 12.71 22.93 18.80 27.15
 8073.25  6.44  6.21  5.77  5.26  5.44  8.14  8.58  9.84 12.74 23.08 18.83 27.18
 8074.25  6.36  6.13  5.69  5.18  5.36  8.05  8.47  9.72 12.60 23.01 18.66 26.99
 8075.25  6.20  5.97  5.55  5.05  5.22  7.87  8.27  9.50 12.34 22.78 18.35 26.62
 8076.25  5.88  5.66  5.26  4.77  4.94  7.49  7.87  9.06 11.82 22.19 17.71 25.89
 8077.25  5.87  5.65  5.26  4.77  4.93  7.50  7.86  9.05 11.81 22.30 17.71 25.88
 8078.25  5.93  5.71  5.31  4.81  4.98  7.58  7.93  9.13 11.90 22.52 17.82 25.99
 8079.25  5.41  5.21  4.84  4.38  4.53  6.96  7.27  8.40 11.03 21.41 16.71 24.68
 8080.25  5.56  5.34  4.97  4.49  4.65  7.14  7.45  8.60 11.27 21.86 17.02 25.01
 8081.25  6.21  5.97  5.56  5.04  5.22  7.95  8.27  9.51 12.36 23.45 18.38 26.51
 8082.25  6.38  6.13  5.72  5.18  5.36  8.16  8.47  9.73 12.62 23.90 18.70 26.83
 8083.25  6.29  6.04  5.63  5.10  5.28  8.06  8.35  9.61 12.48 23.83 18.53 26.60
 8084.25  6.10  5.86  5.46  4.94  5.11  7.85  8.12  9.35 12.17 23.51 18.15 26.13
 8085.25  5.86  5.63  5.24  4.74  4.90  7.56  7.81  9.01 11.77 23.06 17.65 25.52
 8086.25  5.34  5.13  4.77  4.31  4.46  6.94  7.16  8.29 10.89 21.93 16.54 24.21
 8087.25  4.97  4.77  4.44  4.00  4.14  6.49  6.68  7.75 10.24 21.06 15.69 23.16
 8088.25  5.34  5.12  4.77  4.30  4.45  6.96  7.15  8.28 10.89 22.14 16.54 24.14
 8089.25  6.15  5.90  5.51  4.97  5.14  7.96  8.16  9.41 12.24 24.15 18.25 26.05
 8090.25  6.42  6.16  5.76  5.20  5.38  8.30  8.49  9.78 12.67 24.81 18.77 26.58
 8091.25  6.44  6.18  5.77  5.21  5.39  8.33  8.51  9.80 12.70 24.96 18.81 26.59
 8092.25  6.50  6.23  5.83  5.26  5.44  8.42  8.58  9.88 12.80 25.20 18.93 26.68
 8093.25  6.42  6.15  5.75  5.19  5.36  8.33  8.47  9.77 12.66 25.12 18.76 26.46
 8094.25  5.75  5.50  5.14  4.63  4.78  7.51  7.64  8.84 11.56 23.70 17.39 24.88
 8095.25  4.31  4.12  3.84  3.44  3.56  5.71  5.80  6.77  9.00 19.78 14.01 20.74
 8096.25  3.98  3.80  3.54  3.17  3.28  5.28  5.36  6.27  8.37 18.76 13.12 19.57
 8097.25  5.05  4.83  4.51  4.04  4.18  6.65  6.74  7.84 10.35 22.18 15.83 22.92
 8098.25  6.10  5.83  5.46  4.91  5.07  7.94  8.06  9.32 12.13 24.92 18.12 25.55
 8099.25  6.33  6.06  5.67  5.10  5.27  8.21  8.34  9.64 12.51 25.54 18.59 26.03
 8100.25  6.28  6.00  5.62  5.06  5.22  8.13  8.27  9.56 12.43 25.54 18.49 25.89
 8101.25  6.18  5.90  5.53  4.97  5.13  7.99  8.14  9.42 12.26 25.41 18.28 25.62
 8102.25  5.95  5.68  5.32  4.77  4.94  7.70  7.85  9.11 11.88 24.99 17.82 25.06
 8103.25  4.73  4.50  4.21  3.76  3.89  6.16  6.30  7.36  9.74 21.77 15.02 21.70
 8104.25  3.31  3.15  2.94  2.62  2.72  4.35  4.46  5.25  7.05 16.92 11.22 16.75
 8105.25  3.34  3.17  2.96  2.64  2.73  4.37  4.49  5.29  7.10 17.09 11.28 16.81
 8106.25  4.67  4.44  4.16  3.71  3.84  6.05  6.22  7.28  9.64 21.89 14.89 21.43
 8107.25  5.63  5.36  5.03  4.50  4.65  7.23  7.43  8.66 11.33 24.68 17.13 24.06
 8108.25  5.93  5.65  5.31  4.75  4.91  7.58  7.80  9.07 11.83 25.50 17.75 24.73
 8109.25  6.01  5.72  5.38  4.81  4.97  7.66  7.90  9.18 11.96 25.79 17.92 24.89
 8110.25  6.01  5.72  5.38  4.80  4.97  7.65  7.89  9.18 11.96 25.88 17.92 24.84
 8111.25  6.06  5.77  5.43  4.85  5.01  7.70  7.96  9.26 12.05 26.06 18.03 24.93
 8112.25  6.08  5.78  5.45  4.86  5.02  7.70  7.97  9.27 12.07 26.05 18.05 24.90
 8113.25  6.05  5.75  5.42  4.83  5.00  7.65  7.93  9.23 12.01 25.87 17.96 24.75
 8114.25  6.15  5.85  5.51  4.91  5.08  7.76  8.05  9.37 12.17 26.04 18.17 24.93
 8115.25  6.29  5.98  5.65  5.03  5.20  7.91  8.22  9.56 12.41 26.36 18.48 25.27
 8116.25  6.34  6.02  5.69  5.06  5.23  7.95  8.27  9.62 12.48 26.41 18.59 25.35
 8117.25  6.33  6.01  5.68  5.05  5.22  7.92  8.25  9.61 12.46 26.31 18.56 25.27
 8118.25  6.37  6.04  5.71  5.08  5.25  7.95  8.29  9.66 12.51 26.29 18.62 25.27
 8119.25  6.43  6.10  5.77  5.13  5.31  8.01  8.36  9.74 12.61 26.35 18.74 25.36
 8120.25  6.45  6.12  5.79  5.14  5.32  8.01  8.38  9.76 12.63 26.31 18.77 25.35
 8121.25  6.37  6.03  5.71  5.07  5.24  7.90  8.27  9.64 12.49 26.04 18.59 25.10
 8122.25  6.30  5.97  5.65  5.02  5.18  7.80  8.18  9.55 12.38 25.81 18.46 24.90
 8123.25  6.28  5.95  5.64  5.00  5.16  7.76  8.16  9.52 12.34 25.71 18.42 24.82
 8124.25  6.21  5.87  5.57  4.93  5.10  7.66  8.06  9.42 12.23 25.51 18.29 24.64
 8125.25  6.15  5.81  5.51  4.88  5.04  7.57  7.98  9.33 12.12 25.29 18.16 24.46
 8126.25  6.25  5.90  5.60  4.96  5.12  7.68  8.10  9.47 12.28 25.45 18.36 24.63
 8127.25  6.35  6.00  5.69  5.04  5.20  7.78  8.22  9.60 12.45 25.61 18.57 24.82
 8128.25  6.17  5.82  5.53  4.88  5.05  7.55  8.00  9.36 12.16 25.18 18.23 24.41
 8129.25  5.94  5.60  5.32  4.69  4.85  7.26  7.71  9.04 11.78 24.53 17.73 23.79
 8130.25  5.93  5.58  5.31  4.68  4.84  7.23  7.68  9.00 11.73 24.32 17.64 23.61
 8131.25  6.20  5.84  5.55  4.90  5.06  7.52  8.01  9.37 12.17 24.88 18.19 24.19
 8132.25  6.19  5.82  5.54  4.88  5.05  7.49  7.99  9.35 12.15 24.81 18.19 24.15
 8133.25  5.77  5.42  5.16  4.54  4.69  6.99  7.48  8.77 11.45 23.65 17.26 23.03
 8134.25  5.60  5.26  5.01  4.40  4.55  6.78  7.26  8.53 11.15 23.10 16.87 22.51
 8135.25  5.93  5.57  5.31  4.66  4.82  7.14  7.66  8.98 11.70 23.87 17.58 23.29
 8136.25  6.10  5.73  5.46  4.80  4.96  7.33  7.87  9.22 12.00 24.29 17.98 23.74
 8137.25  6.02  5.64  5.38  4.73  4.88  7.22  7.77  9.11 11.88 24.11 17.86 23.59
 8138.25  5.97  5.60  5.34  4.69  4.84  7.15  7.71  9.05 11.81 23.97 17.78 23.49
 8139.25  5.82  5.45  5.20  4.56  4.71  6.95  7.52  8.83 11.55 23.49 17.43 23.06
 8140.25  5.10  4.77  4.54  3.98  4.11  6.10  6.62  7.81 10.30 21.48 15.78 21.11
 8141.25  4.41  4.11  3.91  3.42  3.54  5.27  5.74  6.81  9.04 19.37 14.08 19.06
 8142.25  4.79  4.47  4.25  3.72  3.85  5.70  6.22  7.36  9.74 20.47 15.04 20.20
 8143.25  5.71  5.33  5.08  4.46  4.61  6.74  7.36  8.66 11.34 22.88 17.15 22.63
 8144.25  6.20  5.79  5.52  4.86  5.02  7.28  7.96  9.34 12.16 23.95 18.18 23.75
 8145.25  6.38  5.95  5.68  5.00  5.17  7.45  8.17  9.58 12.44 24.29 18.54 24.13
 8146.25  6.33  5.90  5.62  4.95  5.12  7.37  8.10  9.49 12.34 24.02 18.39 23.91
 8147.25  5.69  5.29  5.04  4.43  4.58  6.63  7.31  8.61 11.28 22.42 17.04 22.36
 8148.25  4.38  4.06  3.86  3.38  3.50  5.11  5.68  6.74  8.97 18.77 13.96 18.75
 8149.25  3.96  3.66  3.48  3.05  3.16  4.61  5.15  6.12  8.19 17.37 12.86 17.39
 8150.25  4.90  4.53  4.32  3.79  3.92  5.67  6.33  7.49  9.92 20.20 15.26 20.27
 8151.25  6.17  5.72  5.45  4.81  4.97  7.08  7.89  9.26 12.09 23.38 18.10 23.50
 8152.25  6.35  5.89  5.62  4.96  5.13  7.26  8.10  9.50 12.37 23.61 18.41 23.77
 8153.25  6.18  5.73  5.46  4.82  4.99  7.05  7.89  9.26 12.07 23.07 18.01 23.27
 8154.25  6.03  5.58  5.33  4.70  4.86  6.86  7.70  9.04 11.81 22.55 17.64 22.80
 8155.25  6.22  5.75  5.48  4.84  5.01  7.04  7.92  9.30 12.13 23.01 18.09 23.31
 8156.25  6.54  6.05  5.77  5.10  5.27  7.38  8.32  9.75 12.69 23.81 18.82 24.15
 8157.25  6.50  6.01  5.73  5.06  5.24  7.31  8.26  9.68 12.60 23.56 18.69 23.95
 8158.25  6.41  5.92  5.65  4.99  5.17  7.19  8.15  9.55 12.45 23.24 18.48 23.68
 8159.25  6.58  6.07  5.79  5.12  5.30  7.35  8.35  9.79 12.74 23.66 18.89 24.15
 8160.25  6.47  5.96  5.69  5.02  5.21  7.21  8.21  9.63 12.55 23.30 18.64 23.83
 8161.25  5.93  5.45  5.20  4.59  4.76  6.59  7.54  8.86 11.60 21.71 17.35 22.26
 8162.25  5.69  5.23  4.98  4.40  4.56  6.31  7.25  8.52 11.19 20.99 16.79 21.57
 8163.25  6.00  5.51  5.25  4.64  4.81  6.62  7.62  8.95 11.73 21.78 17.52 22.43
 8164.25  5.98  5.49  5.24  4.62  4.80  6.58  7.59  8.92 11.68 21.59 17.44 22.28
 8165.25  6.14  5.63  5.37  4.74  4.92  6.73  7.79  9.14 11.97 21.98 17.84 22.74
 8166.25  6.50  5.96  5.69  5.03  5.22  7.11  8.23  9.65 12.61 22.94 18.73 23.79
 8167.25  6.59  6.04  5.76  5.09  5.29  7.18  8.33  9.77 12.76 23.07 18.92 23.98
 8168.25  6.34  5.80  5.53  4.89  5.08  6.88  8.02  9.41 12.31 22.28 18.31 23.22
 8169.25  5.97  5.45  5.20  4.60  4.78  6.47  7.56  8.88 11.65 21.13 17.39 22.10
 8170.25  6.09  5.56  5.31  4.69  4.87  6.57  7.70  9.05 11.86 21.37 17.67 22.41
 8171.25  6.61  6.04  5.77  5.10  5.30  7.11  8.34  9.78 12.77 22.69 18.89 23.83
 8172.25  6.78  6.18  5.91  5.22  5.43  7.26  8.53 10.00 13.06 23.05 19.28 24.26
 8173.25  6.67  6.09  5.81  5.14  5.35  7.13  8.41  9.87 12.90 22.76 19.09 24.04
 8174.25  6.64  6.04  5.77  5.10  5.31  7.06  8.36  9.81 12.83 22.59 19.00 23.92
 8175.25  6.61  6.02  5.74  5.08  5.29  7.02  8.32  9.77 12.78 22.40 18.92 23.78
 8176.25  6.29  5.72  5.45  4.82  5.02  6.65  7.92  9.30 12.19 21.40 18.11 22.79
 8177.25  5.95  5.41  5.15  4.56  4.75  6.28  7.50  8.82 11.57 20.35 17.27 21.76
 8178.25  6.03  5.47  5.22  4.62  4.81  6.34  7.59  8.93 11.70 20.48 17.45 21.95
 8179.25  6.35  5.76  5.49  4.86  5.07  6.65  7.98  9.37 12.24 21.25 18.21 22.83
 8180.25  6.64  6.02  5.74  5.08  5.30  6.93  8.32  9.77 12.73 21.94 18.90 23.62
 8181.25  6.54  5.92  5.64  5.00  5.22  6.80  8.19  9.63 12.54 21.59 18.65 23.31
 8182.25  6.44  5.82  5.54  4.91  5.13  6.67  8.06  9.48 12.36 21.26 18.43 23.03
 8183.25  6.67  6.03  5.74  5.09  5.32  6.89  8.34  9.80 12.74 21.77 18.96 23.64
 8184.25  6.86  6.21  5.90  5.24  5.48  7.08  8.57 10.06 13.05 22.13 19.37 24.08
 8185.25  6.76  6.11  5.81  5.16  5.39  6.96  8.44  9.91 12.87 21.79 19.14 23.78
 8186.25  6.50  5.86  5.57  4.94  5.17  6.67  8.11  9.55 12.41 21.06 18.55 23.09
 8187.25  6.54  5.90  5.60  4.97  5.20  6.70  8.17  9.61 12.48 21.11 18.67 23.21
 8188.25  6.49  5.85  5.55  4.93  5.16  6.63  8.10  9.53 12.37 20.86 18.52 23.00
 8189.25  5.88  5.28  5.01  4.45  4.66  6.00  7.36  8.69 11.35 19.36 17.20 21.49
 8190.25  5.40  4.83  4.58  4.06  4.26  5.49  6.78  8.04 10.57 18.34 16.28 20.51
 8191.25  5.78  5.18  4.91  4.35  4.56  5.86  7.24  8.57 11.22 19.23 17.18 21.53
 8192.25  6.31  5.66  5.37  4.77  5.00  6.38  7.86  9.27 12.04 20.17 18.18 22.55
 8193.25  6.34  5.69  5.39  4.79  5.03  6.40  7.89  9.30 12.05 20.03 18.15 22.46
 8194.25  6.71  6.01  5.70  5.08  5.33  6.75  8.32  9.79 12.64 20.82 18.97 23.38
 8195.25  6.85  6.14  5.82  5.18  5.44  6.88  8.49  9.99 12.88 21.11 19.31 23.78
 8196.25  6.13  5.48  5.19  4.61  4.85  6.14  7.64  9.02 11.72 19.52 17.87 22.19
 8197.25  5.16  4.59  4.34  3.85  4.05  5.15  6.45  7.67 10.05 17.09 15.64 19.64
 8198.25  5.40  4.81  4.54  4.03  4.25  5.38  6.74  8.00 10.45 17.55 16.16 20.20
 8199.25  6.39  5.70  5.39  4.80  5.05  6.35  7.92  9.33 12.06 19.66 18.27 22.53
 8200.25  6.77  6.05  5.72  5.10  5.37  6.72  8.36  9.83 12.63 20.31 18.98 23.28
 8201.25  6.87  6.13  5.80  5.17  5.45  6.79  8.48  9.97 12.79 20.47 19.23 23.55
 8202.25  6.92  6.16  5.83  5.20  5.48  6.82  8.53 10.03 12.88 20.58 19.40 23.77
 8203.25  6.90  6.15  5.81  5.18  5.47  6.79  8.51 10.01 12.86 20.49 19.40 23.77
 8204.25  6.85  6.09  5.76  5.13  5.42  6.72  8.44  9.94 12.76 20.28 19.29 23.63
 8205.25  6.81  6.05  5.72  5.10  5.38  6.67  8.39  9.88 12.68 20.11 19.21 23.54
 8206.25  6.80  6.03  5.70  5.08  5.37  6.63  8.37  9.86 12.65 20.01 19.19 23.51
 8207.25  6.78  6.02  5.68  5.06  5.36  6.61  8.35  9.84 12.62 19.89 19.17 23.47
 8208.25  6.73  5.97  5.63  5.02  5.31  6.54  8.28  9.76 12.52 19.69 19.06 23.34
 8209.25  6.45  5.70  5.38  4.79  5.08  6.24  7.94  9.38 12.06 19.01 18.48 22.69
 8210.25  6.33  5.59  5.27  4.70  4.98  6.11  7.80  9.22 11.86 18.68 18.24 22.41
 8211.25  6.51  5.75  5.43  4.83  5.13  6.27  8.00  9.45 12.12 18.92 18.57 22.75
 8212.25  6.69  5.92  5.58  4.97  5.28  6.44  8.21  9.68 12.39 19.16 18.90 23.08
 8213.25  6.88  6.08  5.73  5.11  5.42  6.60  8.42  9.92 12.66 19.44 19.27 23.48
 8214.25  6.97  6.16  5.81  5.18  5.50  6.67  8.53 10.04 12.80 19.55 19.47 23.68
 8215.25  6.89  6.08  5.74  5.11  5.43  6.58  8.44  9.93 12.67 19.32 19.33 23.53
 8216.25  6.66  5.87  5.53  4.92  5.24  6.34  8.16  9.62 12.30 18.80 18.88 23.03
 8217.25  6.51  5.73  5.40  4.80  5.11  6.18  7.97  9.41 12.03 18.38 18.52 22.60
 8218.25  6.56  5.77  5.44  4.84  5.16  6.21  8.03  9.46 12.08 18.39 18.57 22.61
 8219.25  6.85  6.03  5.68  5.06  5.39  6.47  8.37  9.85 12.54 18.97 19.18 23.29
 8220.25  6.93  6.09  5.74  5.12  5.45  6.53  8.45  9.94 12.64 19.09 19.34 23.46
 8221.25  6.86  6.03  5.68  5.06  5.40  6.45  8.37  9.85 12.52 18.88 19.17 23.24
 8222.25  6.94  6.09  5.74  5.12  5.46  6.50  8.45  9.94 12.62 18.98 19.31 23.37
 8223.25  6.92  6.07  5.72  5.10  5.45  6.47  8.43  9.91 12.57 18.88 19.25 23.29
 8224.25  6.70  5.87  5.53  4.93  5.27  6.25  8.17  9.61 12.21 18.40 18.80 22.78
 8225.25  6.42  5.62  5.29  4.70  5.03  5.97  7.84  9.24 11.77 17.82 18.26 22.17
 8226.25  6.08  5.31  4.99  4.44  4.76  5.64  7.42  8.76 11.18 16.98 17.44 21.21
 8227.25  5.74  5.01  4.71  4.19  4.49  5.32  7.01  8.28 10.57 16.04 16.51 20.09
 8228.25  5.63  4.91  4.62  4.10  4.41  5.21  6.87  8.11 10.34 15.66 16.16 19.63
 8229.25  6.27  5.47  5.15  4.59  4.92  5.80  7.63  8.97 11.38 17.04 17.61 21.26
 8230.25  6.62  5.78  5.44  4.84  5.20  6.11  8.03  9.44 11.94 17.77 18.40 22.15
 8231.25  6.35  5.53  5.20  4.63  4.98  5.85  7.71  9.07 11.51 17.18 17.83 21.50
 8232.25  6.54  5.69  5.36  4.77  5.12  6.01  7.94  9.33 11.83 17.63 18.34 22.09
 8233.25  6.75  5.88  5.53  4.93  5.30  6.20  8.19  9.62 12.18 18.08 18.84 22.66
 8234.25  6.71  5.84  5.49  4.89  5.26  6.15  8.14  9.57 12.11 17.96 18.77 22.56
 8235.25  6.86  5.97  5.61  5.00  5.38  6.28  8.32  9.77 12.36 18.29 19.15 22.99
 8236.25  7.03  6.11  5.75  5.12  5.52  6.42  8.51  9.98 12.61 18.57 19.48 23.34
 8237.25  7.05  6.13  5.76  5.13  5.53  6.43  8.52 10.00 12.62 18.55 19.50 23.33
 8238.25  7.07  6.13  5.77  5.14  5.54  6.43  8.53 10.01 12.64 18.55 19.55 23.38
 8239.25  7.08  6.14  5.77  5.15  5.55  6.43  8.55 10.03 12.65 18.54 19.57 23.39
 8240.25  7.05  6.10  5.74  5.11  5.52  6.38  8.50  9.97 12.58 18.43 19.50 23.29
 8241.25  7.07  6.12  5.75  5.12  5.53  6.39  8.52 10.00 12.61 18.44 19.56 23.34
 8242.25  6.75  5.83  5.48  4.88  5.27  6.09  8.15  9.57 12.10 17.76 18.90 22.60
 8243.25  5.95  5.12  4.80  4.27  4.62  5.34  7.21  8.51 10.83 16.09 17.21 20.73
 8244.25  5.91  5.08  4.76  4.23  4.59  5.30  7.16  8.46 10.78 16.03 17.20 20.73
 8245.25  6.62  5.70  5.35  4.76  5.16  5.93  7.99  9.41 11.90 17.46 18.72 22.40
 8246.25  6.92  5.96  5.60  4.99  5.40  6.20  8.33  9.80 12.35 17.99 19.32 23.02
 8247.25  6.94  5.97  5.60  4.99  5.41  6.20  8.34  9.81 12.36 17.97 19.34 23.03
 8248.25  6.74  5.79  5.43  4.84  5.25  6.01  8.11  9.55 12.05 17.57 18.97 22.63
 8249.25  6.20  5.30  4.97  4.42  4.80  5.50  7.48  8.84 11.21 16.50 17.90 21.46
 8250.25  6.04  5.17  4.84  4.30  4.68  5.35  7.30  8.63 10.96 16.15 17.58 21.10
 8251.25  6.54  5.60  5.25  4.67  5.08  5.79  7.87  9.28 11.71 17.06 18.56 22.14
 8252.25  6.89  5.90  5.54  4.94  5.37  6.09  8.26  9.72 12.21 17.62 19.19 22.77
 8253.25  6.99  5.98  5.62  5.01  5.44  6.17  8.37  9.84 12.35 17.75 19.37 22.94
 8254.25  7.14  6.11  5.74  5.12  5.56  6.29  8.54 10.03 12.57 18.00 19.67 23.26
 8255.25  7.01  6.00  5.63  5.02  5.46  6.17  8.39  9.86 12.35 17.68 19.38 22.92
 8256.25  6.43  5.48  5.14  4.58  4.99  5.64  7.71  9.09 11.43 16.48 18.14 21.54
 8257.25  6.16  5.24  4.91  4.37  4.77  5.38  7.40  8.74 11.02 15.96 17.65 21.02
 8258.25  6.61  5.63  5.28  4.70  5.13  5.77  7.92  9.34 11.73 16.84 18.63 22.08
 8259.25  7.00  5.97  5.60  5.00  5.45  6.12  8.37  9.83 12.29 17.47 19.33 22.80
 8260.25  7.13  6.08  5.70  5.09  5.55  6.22  8.51  9.99 12.46 17.65 19.56 23.03
 8261.25  7.23  6.16  5.78  5.16  5.63  6.30  8.63 10.12 12.62 17.84 19.81 23.30
 8262.25  7.15  6.08  5.70  5.09  5.55  6.21  8.53 10.01 12.48 17.64 19.64 23.11
 8263.25  7.04  5.98  5.61  5.01  5.46  6.10  8.40  9.86 12.30 17.36 19.39 22.81
 8264.25  7.16  6.08  5.70  5.09  5.56  6.19  8.54 10.01 12.47 17.55 19.63 23.06
 8265.25  7.32  6.22  5.83  5.21  5.68  6.33  8.73 10.22 12.71 17.82 19.97 23.43
 8266.25  7.36  6.25  5.86  5.24  5.71  6.35  8.77 10.27 12.76 17.86 20.06 23.51
 8267.25  7.29  6.18  5.80  5.17  5.65  6.28  8.69 10.18 12.65 17.69 19.93 23.36
 8268.25  7.28  6.16  5.78  5.16  5.64  6.26  8.67 10.15 12.61 17.62 19.90 23.31
 8269.25  7.31  6.19  5.81  5.18  5.66  6.28  8.71 10.19 12.65 17.64 19.95 23.35
 8270.25  7.25  6.13  5.75  5.14  5.61  6.22  8.65 10.12 12.55 17.51 19.84 23.22
 8271.25  7.00  5.91  5.54  4.94  5.40  5.99  8.35  9.78 12.15 17.00 19.31 22.63
 8272.25  6.92  5.83  5.47  4.88  5.33  5.91  8.26  9.66 12.01 16.79 19.11 22.37
 8273.25  6.94  5.85  5.48  4.90  5.35  5.92  8.28  9.69 12.02 16.78 19.12 22.36
 8274.25  6.75  5.68  5.32  4.76  5.20  5.75  8.06  9.43 11.70 16.36 18.67 21.84
 8275.25  6.94  5.83  5.47  4.89  5.34  5.90  8.27  9.67 11.99 16.71 19.08 22.28
 8276.25  7.03  5.91  5.54  4.96  5.41  5.98  8.38  9.79 12.12 16.86 19.27 22.48
 8277.25  6.95  5.83  5.47  4.89  5.34  5.89  8.29  9.69 12.01 16.73 19.17 22.37
 8278.25  6.49  5.42  5.08  4.54  4.97  5.48  7.76  9.10 11.33 15.91 18.33 21.48
 8279.25  4.65  3.86  3.61  3.21  3.52  3.90  5.62  6.64  8.39 12.11 14.18 16.88
 8280.25  3.05  2.51  2.35  2.08  2.29  2.54  3.71  4.41  5.63  8.31  9.87 11.91
 8281.25  3.01  2.47  2.31  2.05  2.26  2.50  3.65  4.35  5.55  8.18  9.74 11.74
 8282.25  3.22  2.65  2.47  2.20  2.41  2.67  3.91  4.64  5.92  8.69 10.35 12.43
 8283.25  2.40  1.97  1.84  1.63  1.80  1.99  2.92  3.48  4.45  6.59  7.91  9.56
 8284.25  2.27  1.86  1.74  1.54  1.70  1.88  2.77  3.30  4.22  6.25  7.53  9.09
 8285.25  3.41  2.79  2.61  2.32  2.55  2.82  4.13  4.90  6.24  9.11 10.92 13.04
 8286.25  5.39  4.45  4.17  3.72  4.08  4.48  6.49  7.62  9.57 13.59 16.06 18.83
 8287.25  4.95  4.07  3.81  3.40  3.73  4.10  5.96  7.01  8.81 12.56 14.91 17.51
 8288.25  3.23  2.64  2.47  2.20  2.42  2.66  3.92  4.64  5.91  8.61 10.39 12.37
 8289.25  2.78  2.27  2.12  1.89  2.08  2.29  3.38  4.01  5.11  7.49  9.09 10.85
 8290.25  2.05  1.66  1.56  1.38  1.52  1.67  2.49  2.95  3.78  5.57  6.81  8.16
 8291.25  1.95  1.58  1.48  1.31  1.45  1.59  2.37  2.81  3.60  5.30  6.50  7.77
 8292.25  3.20  2.60  2.44  2.17  2.39  2.62  3.88  4.59  5.84  8.49 10.34 12.25
 8293.25  5.04  4.12  3.87  3.46  3.79  4.14  6.07  7.11  8.95 12.67 15.23 17.75
 8294.25  6.32  5.20  4.89  4.38  4.79  5.22  7.55  8.78 10.91 15.11 17.95 20.64
 8295.25  7.21  5.95  5.60  5.04  5.50  5.98  8.57  9.91 12.23 16.70 19.72 22.50
 8296.25  7.06  5.80  5.46  4.91  5.36  5.83  8.40  9.72 12.02 16.48 19.55 22.33
 8297.25  4.60  3.73  3.50  3.13  3.43  3.75  5.54  6.48  8.18 11.62 14.14 16.45
 8298.25  2.94  2.37  2.22  1.98  2.17  2.37  3.56  4.18  5.34  7.74  9.58 11.28
 8299.25  2.94  2.36  2.21  1.97  2.16  2.36  3.54  4.16  5.32  7.70  9.55 11.23
 8300.25  2.23  1.79  1.67  1.49  1.64  1.79  2.70  3.17  4.06  5.90  7.37  8.69
 8301.25  1.74  1.39  1.30  1.16  1.27  1.39  2.10  2.47  3.17  4.62  5.80  6.84
 8302.25  2.64  2.10  1.97  1.76  1.93  2.11  3.18  3.73  4.77  6.89  8.62 10.11
 8303.25  5.19  4.16  3.91  3.50  3.84  4.17  6.18  7.18  9.03 12.65 15.52 17.83
 8304.25  5.42  4.34  4.08  3.66  4.01  4.35  6.44  7.46  9.38 13.07 16.01 18.33
 8305.25  5.45  4.36  4.10  3.68  4.02  4.36  6.47  7.48  9.40 13.07 16.04 18.34
 8306.25  6.20  4.96  4.67  4.20  4.58  4.96  7.33  8.45 10.56 14.54 17.76 20.18
 8307.25  6.67  5.34  5.03  4.53  4.94  5.34  7.87  9.04 11.26 15.41 18.77 21.25
 8308.25  7.26  5.83  5.50  4.95  5.39  5.82  8.53  9.76 12.10 16.39 19.89 22.40
 8309.25  7.58  6.08  5.74  5.17  5.63  6.07  8.88 10.13 12.52 16.87 20.45 22.96
 8310.25  7.35  5.88  5.55  5.00  5.44  5.87  8.62  9.84 12.19 16.46 20.03 22.50
 8311.25  5.77  4.57  4.30  3.86  4.21  4.55  6.80  7.81  9.80 13.52 16.75 18.99
 8312.25  3.35  2.62  2.46  2.20  2.41  2.61  3.99  4.62  5.89  8.36 10.65 12.27
 8313.25  2.90  2.26  2.12  1.89  2.07  2.25  3.45  3.99  5.11  7.28  9.33 10.77
 8314.25  4.50  3.52  3.31  2.96  3.24  3.50  5.32  6.12  7.76 10.85 13.72 15.66
 8315.25  7.07  5.59  5.28  4.75  5.17  5.57  8.27  9.40 11.68 15.77 19.43 21.78
 8316.25  7.55  5.98  5.65  5.09  5.54  5.96  8.80  9.97 12.33 16.51 20.26 22.61
 8317.25  7.52  5.95  5.62  5.07  5.51  5.92  8.76  9.91 12.26 16.40 20.17 22.49
 8318.25  7.34  5.79  5.47  4.92  5.35  5.75  8.54  9.67 11.98 16.05 19.81 22.09
 8319.25  6.76  5.29  4.99  4.49  4.89  5.26  7.88  8.94 11.15 15.07 18.79 21.03
 8320.25  5.95  4.62  4.36  3.91  4.26  4.59  6.96  7.91  9.93 13.55 17.09 19.20
 8321.25  5.94  4.61  4.35  3.91  4.25  4.58  6.93  7.87  9.87 13.44 16.94 19.00
 8322.25  6.95  5.42  5.12  4.61  5.01  5.38  8.08  9.12 11.35 15.24 19.03 21.20
 8323.25  7.76  6.07  5.74  5.17  5.62  6.02  8.98 10.10 12.50 16.63 20.64 22.89
 8324.25  7.84  6.13  5.80  5.22  5.67  6.07  9.07 10.18 12.60 16.75 20.81 23.05
 8325.25  7.81  6.08  5.75  5.18  5.62  6.03  9.01 10.11 12.52 16.66 20.72 22.94
 8326.25  8.00  6.22  5.89  5.30  5.75  6.16  9.20 10.31 12.74 16.90 21.01 23.22
 8327.25  8.14  6.31  5.98  5.39  5.84  6.25  9.34 10.44 12.88 17.07 21.22 23.41
 8328.25  8.21  6.35  6.01  5.42  5.87  6.28  9.39 10.48 12.92 17.11 21.27 23.44
 8329.25  8.25  6.36  6.02  5.43  5.88  6.29  9.40 10.48 12.90 17.07 21.22 23.36
 8330.25  8.26  6.34  6.01  5.42  5.87  6.27  9.39 10.47 12.88 17.05 21.23 23.35
 8331.25  8.24  6.29  5.97  5.37  5.82  6.22  9.34 10.41 12.81 17.00 21.22 23.33
 8332.25  8.09  6.15  5.83  5.25  5.69  6.07  9.16 10.19 12.56 16.71 20.94 23.02
 8333.25  8.01  6.06  5.74  5.17  5.60  5.98  9.04 10.06 12.40 16.52 20.76 22.80
 8334.25  8.05  6.07  5.75  5.18  5.61  5.99  9.07 10.08 12.41 16.54 20.82 22.83
 8335.25  8.10  6.09  5.78  5.20  5.63  6.01  9.10 10.11 12.44 16.58 20.91 22.89
 8336.25  8.18  6.13  5.81  5.23  5.67  6.04  9.17 10.17 12.50 16.66 21.05 22.99
 8337.25  8.27  6.18  5.86  5.27  5.71  6.09  9.24 10.23 12.58 16.75 21.19 23.10
 8338.25  7.98  5.92  5.62  5.06  5.48  5.84  8.90  9.85 12.13 16.21 20.60 22.44
 8339.25  7.09  5.20  4.93  4.42  4.80  5.12  7.91  8.77 10.87 14.72 18.97 20.71
 8340.25  6.64  4.83  4.58  4.10  4.45  4.75  7.40  8.21 10.23 13.95 18.16 19.85
 8341.25  7.12  5.18  4.91  4.40  4.78  5.09  7.90  8.75 10.85 14.72 19.10 20.79
 8342.25  7.94  5.79  5.51  4.95  5.36  5.70  8.77  9.67 11.91 15.99 20.57 22.27
 8343.25  7.47  5.40  5.14  4.61  4.99  5.32  8.24  9.09 11.24 15.19 19.71 21.35
 8344.25  4.72  3.34  3.16  2.82  3.07  3.28  5.23  5.80  7.31 10.21 13.75 15.04
 8345.25  2.54  1.77  1.68  1.50  1.63  1.74  2.82  3.14  3.99  5.69  7.86  8.64
 8346.25  1.46  1.01  0.96  0.85  0.93  0.99  1.62  1.80  2.29  3.28  4.58  5.04
 8347.25  1.35  0.93  0.88  0.78  0.85  0.91  1.49  1.65  2.11  3.03  4.24  4.65
 8348.25  2.52  1.74  1.65  1.46  1.59  1.70  2.77  3.07  3.90  5.56  7.74  8.45
 8349.25  6.30  4.42  4.20  3.75  4.07  4.34  6.85  7.53  9.37 12.87 17.19 18.49
 8350.25  7.86  5.55  5.29  4.74  5.13  5.45  8.50  9.30 11.45 15.48 20.34 21.73
 8351.25  6.41  4.46  4.24  3.79  4.10  4.37  6.94  7.61  9.48 13.06 17.56 18.82
 8352.25  5.70  3.92  3.73  3.33  3.61  3.85  6.16  6.76  8.46 11.77 16.02 17.18
 8353.25  5.27  3.60  3.43  3.05  3.31  3.53  5.67  6.23  7.81 10.91 14.96 16.03
 8354.25  2.89  1.95  1.85  1.64  1.79  1.91  3.12  3.43  4.35  6.20  8.76  9.43
 8355.25  2.19  1.46  1.39  1.23  1.34  1.43  2.35  2.58  3.28  4.70  6.70  7.21
 8356.25  3.25  2.17  2.07  1.83  1.99  2.13  3.47  3.81  4.82  6.87  9.72 10.41
 8357.25  6.58  4.47  4.26  3.80  4.11  4.38  6.97  7.60  9.43 12.99 17.67 18.71
 8358.25  8.33  5.70  5.45  4.87  5.26  5.59  8.75  9.50 11.66 15.75 20.99 22.09
 8359.25  8.65  5.91  5.66  5.06  5.46  5.80  9.05  9.81 12.01 16.18 21.52 22.59
 8360.25  8.85  6.03  5.77  5.16  5.57  5.91  9.21  9.98 12.19 16.40 21.81 22.85
 8361.25  8.47  5.71  5.47  4.89  5.28  5.60  8.78  9.51 11.66 15.76 21.12 22.11
 8362.25  7.19  4.76  4.56  4.06  4.39  4.67  7.44  8.07  9.98 13.73 18.78 19.68
 8363.25  6.40  4.18  4.00  3.55  3.85  4.10  6.59  7.16  8.90 12.37 17.19 18.02
 8364.25  6.71  4.37  4.18  3.72  4.02  4.28  6.87  7.46  9.26 12.83 17.80 18.62
 8365.25  6.35  4.10  3.93  3.49  3.77  4.02  6.48  7.03  8.74 12.17 17.01 17.77
 8366.25  4.40  2.79  2.67  2.36  2.56  2.73  4.47  4.87  6.11  8.67 12.47 13.05
 8367.25  3.77  2.37  2.27  2.01  2.18  2.32  3.82  4.15  5.22  7.46 10.83 11.33
 8368.25  5.23  3.30  3.16  2.80  3.03  3.23  5.26  5.71  7.14 10.06 14.39 14.97
 8369.25  7.67  4.91  4.71  4.19  4.53  4.81  7.69  8.30 10.22 14.05 19.47 20.15
 8370.25  9.01  5.83  5.60  4.99  5.38  5.71  8.99  9.67 11.80 15.97 21.75 22.42
 8371.25  9.32  6.03  5.79  5.17  5.56  5.90  9.27  9.95 12.12 16.34 22.21 22.85
 8372.25  9.39  6.05  5.81  5.18  5.58  5.92  9.30  9.97 12.14 16.37 22.28 22.88
 8373.25  9.50  6.10  5.86  5.23  5.63  5.97  9.37 10.04 12.21 16.45 22.39 22.96
 8374.25  9.48  6.05  5.82  5.19  5.59  5.92  9.31  9.97 12.13 16.36 22.33 22.86
 8375.25  9.46  6.00  5.77  5.14  5.54  5.87  9.25  9.90 12.04 16.27 22.27 22.76
 8376.25  9.55  6.04  5.82  5.18  5.58  5.91  9.31  9.95 12.09 16.33 22.37 22.82
 8377.25  9.50  5.98  5.75  5.12  5.51  5.85  9.22  9.86 11.98 16.21 22.28 22.70
 8378.25  9.21  5.74  5.52  4.91  5.29  5.61  8.90  9.51 11.59 15.76 21.82 22.21
 8379.25  9.35  5.81  5.59  4.97  5.36  5.68  9.01  9.62 11.71 15.92 22.04 22.39
 8380.25  9.47  5.86  5.65  5.02  5.40  5.73  9.08  9.69 11.79 16.02 22.19 22.50
 8381.25  8.26  5.01  4.83  4.28  4.61  4.89  7.88  8.42 10.32 14.25 20.15 20.42
 8382.25  6.61  3.93  3.77  3.33  3.60  3.83  6.27  6.71  8.31 11.70 17.01 17.22
 8383.25  4.94  2.88  2.77  2.44  2.64  2.81  4.66  4.99  6.22  8.90 13.26 13.41
 8384.25  3.23  1.86  1.78  1.57  1.70  1.81  3.03  3.25  4.07  5.90  8.99  9.08
 8385.25  3.38  1.94  1.87  1.64  1.77  1.89  3.16  3.39  4.25  6.15  9.38  9.45
 8386.25  6.16  3.60  3.47  3.06  3.30  3.51  5.78  6.17  7.64 10.81 15.91 16.00
 8387.25  9.49  5.75  5.55  4.92  5.29  5.61  8.95  9.50 11.54 15.77 22.16 22.22
 8388.25  9.84  5.99  5.78  5.13  5.51  5.84  9.29  9.86 11.94 16.25 22.76 22.77
 8389.25  9.65  5.85  5.65  5.01  5.39  5.70  9.10  9.66 11.71 15.98 22.54 22.47
 8390.25  9.77  5.94  5.74  5.09  5.47  5.79  9.23  9.79 11.85 16.16 22.81 22.67
 8391.25  9.71  5.90  5.70  5.05  5.43  5.74  9.17  9.72 11.77 16.07 22.79 22.58
 8392.25  8.96  5.38  5.20  4.60  4.95  5.24  8.46  8.97 10.90 15.04 21.66 21.39
 8393.25  8.54  5.10  4.93  4.36  4.68  4.97  8.06  8.55 10.41 14.45 21.02 20.69
 8394.25  8.91  5.35  5.18  4.58  4.91  5.21  8.41  8.92 10.83 14.97 21.71 21.30
 8395.25  9.69  5.88  5.69  5.04  5.41  5.73  9.16  9.69 11.71 16.03 23.02 22.53
 8396.25  9.96  6.07  5.88  5.21  5.58  5.91  9.43  9.96 12.01 16.39 23.50 22.94
 8397.25  9.82  5.97  5.79  5.12  5.49  5.82  9.30  9.83 11.85 16.21 23.36 22.73
 8398.25  9.68  5.88  5.70  5.04  5.40  5.72  9.17  9.69 11.69 16.03 23.23 22.53
 8399.25  7.34  4.35  4.21  3.71  3.98  4.23  6.94  7.35  8.97 12.63 19.07 18.37
 8400.25  3.05  1.75  1.69  1.48  1.59  1.70  2.87  3.05  3.79  5.55  8.98  8.56
 8401.25  1.78  1.01  0.98  0.86  0.92  0.98  1.67  1.78  2.21  3.26  5.36  5.08
 8402.25  2.16  1.23  1.19  1.04  1.12  1.20  2.03  2.16  2.69  3.96  6.52  6.15
 8403.25  4.93  2.86  2.77  2.42  2.61  2.77  4.65  4.93  6.07  8.77 13.97 13.21
 8404.25  9.22  5.57  5.40  4.77  5.10  5.42  8.74  9.22 11.12 15.38 22.89 21.79
 8405.25  9.95  6.07  5.90  5.21  5.57  5.91  9.46  9.96 11.94 16.37 24.11 22.92
 8406.25  9.98  6.09  5.92  5.23  5.59  5.93  9.49  9.99 11.97 16.42 24.24 22.98
 8407.25 10.01  6.11  5.94  5.25  5.61  5.95  9.52 10.01 11.99 16.45 24.35 23.02
 8408.25  9.97  6.09  5.92  5.23  5.58  5.93  9.48  9.97 11.94 16.39 24.34 22.94
 8409.25  9.83  5.99  5.82  5.14  5.49  5.83  9.35  9.83 11.77 16.20 24.19 22.73
 8410.25  9.72  5.91  5.75  5.07  5.42  5.76  9.25  9.72 11.65 16.07 24.13 22.60
 8411.25  9.77  5.94  5.78  5.10  5.44  5.78  9.29  9.77 11.69 16.14 24.28 22.68
 8412.25  9.86  6.00  5.84  5.15  5.50  5.84  9.38  9.86 11.79 16.25 24.49 22.82
 8413.25  9.89  6.02  5.86  5.17  5.52  5.87  9.42  9.89 11.81 16.29 24.60 22.86
 8414.25  9.86  6.01  5.85  5.16  5.51  5.85  9.40  9.86 11.78 16.26 24.63 22.82
 8415.25  8.78  5.29  5.15  4.52  4.83  5.14  8.37  8.79 10.56 14.78 22.91 21.08
 8416.25  4.74  2.76  2.68  2.34  2.51  2.68  4.51  4.76  5.82  8.51 14.27 12.88
 8417.25  2.77  1.60  1.56  1.36  1.45  1.56  2.65  2.80  3.44  5.11  8.87  7.92
 8418.25  3.16  1.84  1.79  1.55  1.67  1.78  3.04  3.20  3.93  5.83 10.10  8.99
 8419.25  6.21  3.71  3.61  3.15  3.37  3.60  6.00  6.31  7.66 11.04 18.17 16.35
 8420.25  9.34  5.78  5.64  4.95  5.28  5.62  9.09  9.52 11.36 15.81 24.53 22.32
 8421.25  9.58  5.97  5.83  5.13  5.46  5.81  9.36  9.80 11.67 16.18 25.04 22.75
 8422.25  9.39  5.86  5.72  5.03  5.35  5.70  9.21  9.64 11.48 15.97 24.87 22.52
 8423.25  9.40  5.90  5.76  5.06  5.38  5.74  9.26  9.69 11.53 16.04 25.01 22.60
 8424.25  9.16  5.75  5.62  4.94  5.25  5.59  9.06  9.48 11.29 15.75 24.75 22.27
 8425.25  8.50  5.32  5.20  4.56  4.84  5.17  8.45  8.84 10.57 14.88 23.76 21.26
 8426.25  8.26  5.17  5.06  4.43  4.71  5.03  8.24  8.62 10.32 14.57 23.45 20.90
 8427.25  8.52  5.37  5.26  4.61  4.89  5.23  8.53  8.92 10.65 14.99 24.04 21.40
 8428.25  8.15  5.14  5.04  4.41  4.68  5.00  8.20  8.57 10.26 14.50 23.49 20.82
 8429.25  7.39  4.65  4.56  3.98  4.22  4.52  7.48  7.82  9.40 13.42 22.16 19.50
 8430.25  5.88  3.67  3.60  3.13  3.33  3.57  5.98  6.26  7.57 10.98 18.77 16.33
 8431.25  2.62  1.61  1.58  1.37  1.45  1.56  2.67  2.81  3.43  5.12  9.34  7.94
 8432.25  1.52  0.94  0.92  0.79  0.84  0.91  1.56  1.64  2.01  3.01  5.60  4.72
 8433.25  1.82  1.13  1.11  0.96  1.02  1.10  1.88  1.98  2.42  3.63  6.74  5.67
 8434.25  4.12  2.59  2.54  2.21  2.34  2.51  4.27  4.47  5.43  8.02 14.34 12.20
 8435.25  7.53  4.88  4.80  4.18  4.42  4.74  7.82  8.16  9.78 13.92 23.18 20.12
 8436.25  7.35  4.77  4.70  4.09  4.33  4.64  7.67  8.01  9.59 13.69 22.95 19.85
 8437.25  7.54  4.93  4.85  4.23  4.47  4.79  7.91  8.25  9.87 14.04 23.47 20.28
 8438.25  8.85  5.90  5.82  5.09  5.36  5.74  9.31  9.69 11.49 16.04 26.01 22.64
 8439.25  9.49  6.41  6.32  5.54  5.83  6.24 10.03 10.42 12.29 17.00 27.17 23.72
 8440.25  9.47  6.43  6.34  5.56  5.84  6.25 10.07 10.44 12.31 17.02 27.27 23.75
 8441.25  9.38  6.38  6.30  5.52  5.80  6.21 10.02 10.38 12.25 16.95 27.25 23.68
 8442.25  9.32  6.37  6.29  5.51  5.79  6.20 10.02 10.36 12.22 16.93 27.30 23.65
 8443.25  9.21  6.32  6.24  5.46  5.74  6.15  9.96 10.29 12.14 16.83 27.31 23.55
 8444.25  9.18  6.32  6.25  5.47  5.74  6.15  9.98 10.30 12.15 16.84 27.45 23.57
 8445.25  9.12  6.30  6.24  5.46  5.72  6.13  9.97 10.27 12.12 16.81 27.55 23.54
 8446.25  9.09  6.30  6.23  5.45  5.71  6.13  9.97 10.27 12.10 16.80 27.67 23.53
 8447.25  8.51  5.88  5.82  5.08  5.32  5.72  9.39  9.66 11.43 16.01 26.88 22.64
 8448.25  7.31  5.00  4.96  4.31  4.52  4.86  8.14  8.37  9.98 14.22 24.79 20.54
 8449.25  7.28  5.00  4.95  4.30  4.51  4.86  8.14  8.36  9.96 14.20 24.89 20.53
 8450.25  8.41  5.86  5.82  5.07  5.31  5.70  9.41  9.65 11.41 15.99 27.25 22.63
 8451.25  8.88  6.24  6.19  5.41  5.65  6.07  9.96 10.19 12.00 16.70 28.21 23.44
 8452.25  7.89  5.50  5.47  4.75  4.97  5.35  8.91  9.12 10.80 15.25 26.58 21.76
 8453.25  4.38  2.98  2.96  2.56  2.68  2.90  5.02  5.14  6.20  9.15 17.71 13.86
 8454.25  2.56  1.73  1.72  1.48  1.55  1.68  2.96  3.03  3.67  5.52 11.27  8.59
 8455.25  2.85  1.94  1.93  1.66  1.74  1.89  3.32  3.39  4.10  6.15 12.56  9.54
 8456.25  5.39  3.74  3.72  3.21  3.36  3.63  6.26  6.38  7.64 11.15 21.27 16.59
 8457.25  8.11  5.76  5.74  4.99  5.20  5.61  9.36  9.51 11.23 15.80 27.93 22.44
 8458.25  8.58  6.15  6.13  5.34  5.56  5.99  9.93 10.07 11.85 16.55 28.95 23.30
 8459.25  8.53  6.13  6.11  5.32  5.53  5.97  9.91 10.04 11.81 16.51 29.02 23.25
 8460.25  8.58  6.19  6.17  5.37  5.58  6.02 10.00 10.12 11.90 16.61 29.25 23.36
 8461.25  8.57  6.20  6.19  5.39  5.60  6.04 10.04 10.15 11.93 16.65 29.43 23.41
 8462.25  8.18  5.92  5.91  5.13  5.33  5.76  9.65  9.74 11.47 16.11 28.93 22.81
 8463.25  7.77  5.62  5.61  4.87  5.05  5.46  9.22  9.30 10.98 15.52 28.35 22.14
 8464.25  7.76  5.62  5.62  4.88  5.06  5.47  9.25  9.32 10.99 15.54 28.50 22.17
 8465.25  6.81  4.92  4.92  4.25  4.41  4.78  8.19  8.24  9.77 14.00 26.57 20.31
 8466.25  3.23  2.30  2.30  1.97  2.05  2.23  3.97  3.99  4.80  7.18 15.36 11.06
 8467.25  1.69  1.20  1.20  1.03  1.06  1.16  2.09  2.10  2.53  3.84  8.61  6.03
 8468.25  1.75  1.24  1.25  1.07  1.11  1.21  2.18  2.18  2.64  3.99  9.00  6.27
 8469.25  3.54  2.55  2.55  2.19  2.27  2.47  4.41  4.41  5.30  7.90 17.00 12.11
 8470.25  7.34  5.43  5.44  4.71  4.86  5.28  9.01  9.01 10.62 15.09 28.62 21.63
 8471.25  8.44  6.31  6.34  5.50  5.67  6.15 10.32 10.31 12.07 16.86 30.94 23.69
 8472.25  8.45  6.35  6.37  5.53  5.70  6.18 10.38 10.36 12.12 16.92 31.13 23.76
 8473.25  8.44  6.36  6.38  5.54  5.71  6.18 10.41 10.37 12.13 16.93 31.27 23.78
 8474.25  8.31  6.28  6.31  5.46  5.63  6.11 10.31 10.26 12.00 16.79 31.22 23.62
 8475.25  7.84  5.92  5.95  5.14  5.30  5.75  9.80  9.74 11.43 16.11 30.55 22.86
 8476.25  6.72  5.04  5.07  4.36  4.49  4.89  8.50  8.43  9.97 14.29 28.35 20.73
 8477.25  6.42  4.81  4.84  4.16  4.29  4.67  8.16  8.09  9.57 13.79 27.79 20.12
 8478.25  7.56  5.72  5.76  4.97  5.11  5.56  9.55  9.45 11.11 15.72 30.43 22.42
 8479.25  8.29  6.33  6.37  5.51  5.66  6.15 10.44 10.33 12.08 16.88 31.93 23.74
 8480.25  8.36  6.39  6.44  5.57  5.72  6.22 10.55 10.42 12.18 17.00 32.19 23.87
 8481.25  8.36  6.41  6.46  5.59  5.73  6.23 10.58 10.43 12.20 17.03 32.35 23.91
 8482.25  8.35  6.41  6.46  5.59  5.73  6.23 10.59 10.43 12.20 17.03 32.47 23.92
 8483.25  8.34  6.41  6.46  5.59  5.72  6.23 10.61 10.43 12.20 17.03 32.60 23.93
 8484.25  8.32  6.41  6.46  5.59  5.72  6.23 10.63 10.43 12.21 17.04 32.73 23.94
 8485.25  8.33  6.42  6.48  5.60  5.73  6.24 10.67 10.45 12.23 17.07 32.88 23.98
 8486.25  8.24  6.36  6.43  5.55  5.67  6.18 10.60 10.36 12.14 16.96 32.86 23.86
 8487.25  8.08  6.24  6.30  5.44  5.55  6.05 10.44 10.18 11.94 16.73 32.70 23.61
 8488.25  7.97  6.16  6.22  5.37  5.48  5.98 10.34 10.06 11.82 16.58 32.67 23.46
 8489.25  8.10  6.28  6.34  5.48  5.59  6.09 10.53 10.23 12.01 16.81 33.05 23.72
 8490.25  8.30  6.45  6.51  5.63  5.74  6.26 10.80 10.48 12.28 17.13 33.53 24.07
 8491.25  8.31  6.48  6.53  5.66  5.76  6.29 10.85 10.51 12.31 17.17 33.68 24.12
 8492.25  8.17  6.37  6.43  5.56  5.67  6.18 10.73 10.36 12.16 16.99 33.59 23.93
 8493.25  7.70  5.99  6.04  5.22  5.32  5.81 10.19  9.82 11.56 16.27 32.87 23.13
 8494.25  5.11  3.92  3.95  3.39  3.46  3.80  6.94  6.65  7.94 11.62 26.21 17.35
 8495.25  2.93  2.23  2.25  1.92  1.95  2.15  4.04  3.86  4.66  7.01 17.49 10.89
 8496.25  2.86  2.18  2.20  1.88  1.91  2.11  3.97  3.78  4.57  6.87 17.27 10.69
 8497.25  4.77  3.67  3.70  3.18  3.23  3.55  6.56  6.24  7.48 11.00 25.43 16.53
 8498.25  7.04  5.50  5.54  4.79  4.86  5.33  9.54  9.09 10.76 15.30 32.04 22.01
 8499.25  7.07  5.54  5.57  4.82  4.89  5.36  9.60  9.13 10.81 15.37 32.07 22.10
 8500.25  7.23  5.68  5.71  4.95  5.01  5.50  9.84  9.34 11.05 15.66 32.38 22.45
 8501.25  7.70  6.07  6.10  5.31  5.37  5.88 10.45  9.91 11.69 16.44 33.27 23.35
 8502.25  7.45  5.88  5.90  5.13  5.19  5.69 10.17  9.63 11.37 16.06 32.75 22.92
 8503.25  6.86  5.40  5.42  4.71  4.76  5.22  9.47  8.93 10.59 15.10 31.47 21.81
 8504.25  6.60  5.20  5.22  4.53  4.58  5.03  9.17  8.63 10.26 14.68 30.84 21.31
 8505.25  4.91  3.84  3.86  3.33  3.37  3.71  6.95  6.50  7.80 11.44 25.74 17.15
 8506.25  2.55  1.98  1.99  1.71  1.73  1.91  3.68  3.43  4.16  6.27 15.56  9.81
 8507.25  1.93  1.50  1.50  1.29  1.31  1.44  2.80  2.60  3.15  4.78 12.09  7.55
 8508.25  2.79  2.18  2.18  1.88  1.90  2.10  4.05  3.75  4.55  6.85 16.71 10.68
 8509.25  5.77  4.56  4.57  3.97  4.00  4.40  8.19  7.62  9.10 13.16 28.16 19.40
 8510.25  7.58  6.07  6.08  5.31  5.35  5.87 10.60  9.88 11.68 16.43 32.58 23.37
 8511.25  7.63  6.11  6.12  5.36  5.39  5.91 10.68  9.94 11.75 16.50 32.58 23.46
 8512.25  7.65  6.14  6.15  5.38  5.42  5.94 10.74  9.98 11.79 16.55 32.54 23.51
 8513.25  7.71  6.20  6.20  5.44  5.47  6.00 10.85 10.06 11.89 16.67 32.61 23.65
 8514.25  7.72  6.22  6.22  5.45  5.49  6.01 10.89 10.08 11.91 16.71 32.60 23.70
 8515.25  7.72  6.23  6.23  5.47  5.50  6.02 10.93 10.10 11.93 16.73 32.55 23.73
 8516.25  7.83  6.33  6.33  5.56  5.59  6.12 11.09 10.24 12.09 16.92 32.69 23.94
 8517.25  7.90  6.40  6.39  5.62  5.65  6.19 11.22 10.33 12.20 17.05 32.77 24.09
 8518.25  7.85  6.36  6.35  5.59  5.61  6.15 11.18 10.27 12.14 16.98 32.62 24.02
 8519.25  7.86  6.38  6.37  5.61  5.63  6.16 11.22 10.30 12.17 17.01 32.57 24.06
 8520.25  7.83  6.36  6.35  5.60  5.61  6.15 11.22 10.27 12.15 16.98 32.47 24.04
 8521.25  7.54  6.13  6.11  5.38  5.40  5.92 10.88  9.94 11.78 16.55 31.92 23.57
 8522.25  6.75  5.46  5.45  4.79  4.80  5.27  9.88  8.98 10.70 15.24 30.24 22.06
 8523.25  6.42  5.19  5.17  4.55  4.55  5.01  9.46  8.57 10.24 14.67 29.42 21.38
 8524.25  6.96  5.66  5.64  4.97  4.97  5.46 10.22  9.26 11.03 15.65 30.61 22.55
 8525.25  7.48  6.10  6.08  5.37  5.37  5.89 10.92  9.90 11.75 16.52 31.59 23.55
 8526.25  7.77  6.36  6.34  5.60  5.61  6.14 11.33 10.26 12.15 17.00 32.07 24.09
 8527.25  7.98  6.55  6.53  5.78  5.78  6.32 11.63 10.52 12.45 17.34 32.38 24.48
 8528.25  8.21  6.77  6.74  5.97  5.97  6.53 11.96 10.82 12.77 17.72 32.72 24.89
 8529.25  8.57  7.09  7.06  6.27  6.26  6.84 12.43 11.25 13.25 18.26 33.21 25.47
 8530.25  8.78  7.29  7.26  6.46  6.45  7.04 12.73 11.51 13.54 18.58 33.47 25.81
 8531.25  8.82  7.33  7.30  6.50  6.48  7.08 12.80 11.56 13.60 18.64 33.46 25.88
 8532.25  8.54  7.09  7.06  6.28  6.26  6.84 12.49 11.25 13.26 18.27 32.99 25.49
 8533.25  8.21  6.81  6.78  6.03  6.01  6.57 12.11 10.87 12.85 17.81 32.43 25.00
 8534.25  8.00  6.63  6.60  5.87  5.85  6.40 11.87 10.63 12.59 17.51 32.02 24.68
 8535.25  7.82  6.48  6.45  5.73  5.71  6.25 11.67 10.42 12.37 17.25 31.65 24.39
 8536.25  7.61  6.30  6.28  5.58  5.55  6.08 11.43 10.18 12.10 16.95 31.22 24.05
 8537.25  7.60  6.29  6.27  5.58  5.55  6.08 11.44 10.17 12.10 16.95 31.14 24.05
 8538.25  7.61  6.31  6.29  5.59  5.56  6.09 11.48 10.19 12.13 16.98 31.10 24.09
 8539.25  6.66  5.50  5.48  4.87  4.84  5.31 10.23  9.02 10.82 15.39 29.06 22.25
 8540.25  4.53  3.70  3.69  3.26  3.24  3.57  7.17  6.25  7.61 11.20 22.94 16.95
 8541.25  3.98  3.25  3.24  2.86  2.84  3.13  6.36  5.52  6.75 10.02 20.91 15.33
 8542.25  5.93  4.89  4.88  4.33  4.29  4.72  9.26  8.10  9.77 14.05 26.98 20.59
 8543.25  8.56  7.16  7.15  6.40  6.35  6.94 12.83 11.36 13.44 18.49 32.29 25.69
 8544.25  8.62  7.22  7.21  6.46  6.41  6.99 12.94 11.45 13.53 18.60 32.34 25.82
 8545.25  9.00  7.56  7.55  6.78  6.73  7.33 13.43 11.89 14.02 19.14 32.81 26.37
 8546.25  9.34  7.88  7.87  7.08  7.02  7.64 13.88 12.30 14.46 19.62 33.20 26.86
 8547.25  9.08  7.65  7.64  6.87  6.81  7.42 13.60 12.01 14.15 19.30 32.82 26.53
 8548.25  8.85  7.44  7.44  6.69  6.62  7.22 13.34 11.75 13.88 19.00 32.44 26.23
 8549.25  7.43  6.20  6.20  5.55  5.49  6.01 11.53 10.05 12.01 16.86 30.01 23.90
 8550.25  4.76  3.92  3.92  3.49  3.44  3.79  7.73  6.63  8.09 11.87 23.25 17.82
 8551.25  4.14  3.40  3.40  3.02  2.98  3.29  6.79  5.79  7.10 10.53 21.06 16.02
 8552.25  5.80  4.81  4.81  4.29  4.24  4.65  9.32  8.01  9.70 14.01 26.16 20.53
 8553.25  8.31  6.98  6.98  6.29  6.21  6.77 12.80 11.15 13.25 18.31 31.31 25.49
 8554.25  8.87  7.49  7.50  6.77  6.68  7.28 13.55 11.83 13.99 19.15 32.07 26.36
 8555.25  8.82  7.45  7.46  6.73  6.65  7.24 13.52 11.78 13.95 19.10 31.93 26.31
 8556.25  9.20  7.79  7.80  7.06  6.96  7.58 14.00 12.22 14.42 19.62 32.35 26.84
 8557.25  9.49  8.06  8.07  7.32  7.22  7.84 14.38 12.56 14.79 20.02 32.64 27.24
 8558.25  9.46  8.04  8.06  7.31  7.20  7.83 14.38 12.54 14.77 20.01 32.54 27.23
 8559.25  9.43  8.01  8.03  7.28  7.18  7.80 14.37 12.51 14.74 19.98 32.43 27.20
 8560.25  9.35  7.95  7.97  7.23  7.12  7.74 14.31 12.43 14.67 19.90 32.26 27.12
 8561.25  9.34  7.94  7.96  7.23  7.12  7.74 14.33 12.43 14.67 19.91 32.17 27.12
 8562.25  9.28  7.90  7.92  7.19  7.08  7.69 14.29 12.37 14.62 19.85 32.02 27.07
 8563.25  9.34  7.95  7.98  7.25  7.13  7.75 14.38 12.44 14.70 19.94 32.01 27.16
 8564.25  9.32  7.94  7.96  7.24  7.12  7.73 14.39 12.43 14.68 19.93 31.91 27.15
 8565.25  9.25  7.87  7.90  7.19  7.06  7.68 14.33 12.35 14.61 19.86 31.74 27.07
 8566.25  9.29  7.92  7.95  7.24  7.11  7.72 14.42 12.41 14.68 19.94 31.72 27.15
 8567.25  9.36  7.98  8.02  7.31  7.17  7.79 14.53 12.50 14.78 20.04 31.72 27.25
 8568.25  9.33  7.96  8.00  7.29  7.16  7.77 14.52 12.47 14.75 20.02 31.60 27.22
 8569.25  9.18  7.83  7.87  7.17  7.03  7.65 14.37 12.31 14.58 19.84 31.32 27.04
 8570.25  9.20  7.84  7.89  7.19  7.06  7.67 14.41 12.33 14.62 19.88 31.26 27.08
 8571.25  9.29  7.92  7.98  7.28  7.13  7.75 14.54 12.44 14.73 20.00 31.28 27.20
 8572.25  9.27  7.91  7.96  7.27  7.12  7.73 14.54 12.42 14.71 19.99 31.17 27.18
 8573.25  9.17  7.82  7.88  7.19  7.04  7.65 14.42 12.31 14.61 19.88 30.96 27.07
 8574.25  8.90  7.58  7.64  6.97  6.82  7.42 14.09 12.01 14.29 19.54 30.52 26.72
 8575.25  8.44  7.16  7.23  6.59  6.44  7.01 13.50 11.47 13.71 18.91 29.79 26.08
 8576.25  8.24  6.98  7.05  6.42  6.28  6.84 13.23 11.24 13.46 18.63 29.40 25.79
 8577.25  8.52  7.24  7.31  6.67  6.52  7.10 13.59 11.59 13.84 19.06 29.74 26.23
 8578.25  8.66  7.36  7.44  6.80  6.64  7.22 13.75 11.76 14.02 19.26 29.85 26.43
 8579.25  8.70  7.40  7.48  6.84  6.67  7.26 13.78 11.81 14.08 19.33 29.81 26.50
 8580.25  8.49  7.22  7.30  6.67  6.50  7.08 13.52 11.58 13.83 19.06 29.43 26.21
 8581.25  8.77  7.47  7.56  6.92  6.74  7.34 13.86 11.91 14.19 19.46 29.73 26.62
 8582.25  9.13  7.80  7.89  7.24  7.05  7.67 14.30 12.34 14.65 19.96 30.12 27.12
 8583.25  9.22  7.88  7.98  7.32  7.13  7.75 14.40 12.45 14.77 20.09 30.15 27.25
 8584.25  9.28  7.94  8.04  7.39  7.19  7.81 14.46 12.54 14.85 20.18 30.14 27.34
 8585.25  9.19  7.85  7.96  7.31  7.11  7.73 14.34 12.43 14.75 20.05 29.93 27.23
 8586.25  9.12  7.79  7.90  7.26  7.06  7.67 14.24 12.36 14.67 19.96 29.75 27.15
 8587.25  9.17  7.84  7.95  7.31  7.10  7.72 14.29 12.43 14.74 20.03 29.73 27.23
 8588.25  9.02  7.71  7.82  7.20  6.98  7.60 14.11 12.27 14.57 19.84 29.46 27.06
 8589.25  7.75  6.57  6.67  6.12  5.92  6.47 12.46 10.75 12.92 17.98 27.44 25.14
 8590.25  6.14  5.15  5.24  4.79  4.63  5.08 10.20  8.71 10.62 15.22 24.17 22.03
 8591.25  6.53  5.49  5.59  5.12  4.94  5.42 10.75  9.22 11.20 15.93 24.94 22.87
 8592.25  8.26  7.02  7.14  6.57  6.35  6.93 13.10 11.39 13.63 18.76 28.00 26.01
 8593.25  8.80  7.51  7.64  7.04  6.81  7.42 13.78 12.05 14.34 19.54 28.71 26.82
 8594.25  8.78  7.50  7.64  7.04  6.80  7.41 13.76 12.04 14.33 19.52 28.60 26.81
 8595.25  8.90  7.60  7.75  7.15  6.90  7.52 13.89 12.18 14.48 19.67 28.67 26.98
 8596.25  8.96  7.66  7.82  7.21  6.96  7.59 13.96 12.27 14.58 19.76 28.67 27.09
 8597.25  8.53  7.28  7.43  6.85  6.60  7.20 13.41 11.76 14.04 19.16 27.97 26.49
 8598.25  6.75  5.70  5.83  5.35  5.14  5.64 11.01  9.56 11.59 16.33 24.78 23.43
 8599.25  5.47  4.59  4.70  4.30  4.12  4.54  9.13  7.88  9.66 13.92 21.77 20.58
 8600.25  6.16  5.19  5.31  4.87  4.67  5.14 10.15  8.80 10.73 15.26 23.34 22.22
 8601.25  7.95  6.76  6.92  6.37  6.12  6.70 12.62 11.08 13.30 18.30 26.70 25.65
 8602.25  8.67  7.41  7.58  7.00  6.73  7.34 13.53 11.96 14.25 19.35 27.70 26.76
 8603.25  8.66  7.40  7.58  6.99  6.72  7.33 13.50 11.95 14.24 19.33 27.59 26.76
 8604.25  8.49  7.25  7.43  6.86  6.58  7.19 13.29 11.76 14.04 19.10 27.26 26.55
 8605.25  8.52  7.28  7.46  6.89  6.60  7.22 13.31 11.80 14.08 19.13 27.20 26.59
 8606.25  8.62  7.37  7.56  6.98  6.69  7.31 13.42 11.93 14.22 19.27 27.25 26.75
 8607.25  8.70  7.45  7.65  7.07  6.77  7.39 13.52 12.04 14.34 19.39 27.29 26.89
 8608.25  8.73  7.47  7.67  7.09  6.79  7.42 13.53 12.07 14.37 19.42 27.26 26.93
 8609.25  8.70  7.45  7.66  7.08  6.77  7.40 13.49 12.05 14.35 19.38 27.19 26.91
 8610.25  8.49  7.26  7.47  6.89  6.59  7.21 13.21 11.80 14.08 19.08 26.85 26.62
 8611.25  8.37  7.15  7.36  6.80  6.49  7.11 13.05 11.66 13.93 18.91 26.64 26.46
 8612.25  8.09  6.90  7.11  6.56  6.26  6.86 12.68 11.33 13.58 18.50 26.19 26.05
 8613.25  7.91  6.75  6.96  6.41  6.12  6.71 12.44 11.12 13.35 18.24 25.89 25.80
 8614.25  7.53  6.41  6.61  6.09  5.80  6.37 11.93 10.65 12.83 17.64 25.21 25.17
 8615.25  7.01  5.95  6.15  5.65  5.38  5.92 11.22 10.00 12.11 16.79 24.25 24.25
 8616.25  6.49  5.50  5.68  5.22  4.96  5.47 10.48  9.33 11.35 15.87 23.16 23.21
 8617.25  5.55  4.68  4.85  4.44  4.21  4.66  9.10  8.08  9.90 14.07 20.97 21.06
 8618.25  5.32  4.48  4.64  4.26  4.03  4.46  8.74  7.77  9.54 13.60 20.36 20.49
 8619.25  5.12  4.31  4.47  4.10  3.88  4.30  8.43  7.50  9.23 13.19 19.80 19.98
 8620.25  4.53  3.81  3.96  3.62  3.42  3.79  7.51  6.69  8.26 11.90 18.10 18.31
 8621.25  4.40  3.70  3.84  3.52  3.32  3.69  7.29  6.51  8.05 11.61 17.68 17.93
 8622.25  4.25  3.57  3.72  3.40  3.21  3.56  7.04  6.30  7.80 11.27 17.19 17.48
 8623.25  3.85  3.23  3.36  3.07  2.90  3.22  6.39  5.72  7.10 10.32 15.86 16.17
 8624.25  3.72  3.13  3.26  2.98  2.81  3.12  6.19  5.55  6.90 10.02 15.43 15.77
 8625.25  3.71  3.11  3.25  2.97  2.80  3.11  6.15  5.53  6.88  9.99 15.36 15.74
 8626.25  3.44  2.89  3.02  2.76  2.60  2.89  5.72  5.15  6.41  9.34 14.42 14.82
 8627.25  3.19  2.68  2.80  2.56  2.41  2.68  5.30  4.79  5.97  8.71 13.50 13.92
 8628.25  3.25  2.73  2.85  2.61  2.45  2.73  5.39  4.88  6.08  8.86 13.69 14.14
 8629.25  3.27  2.74  2.87  2.62  2.47  2.74  5.40  4.90  6.11  8.90 13.72 14.21
 8630.25  2.90  2.43  2.54  2.33  2.19  2.43  4.80  4.36  5.45  7.97 12.36 12.84
 8631.25  2.87  2.41  2.52  2.31  2.17  2.41  4.75  4.33  5.41  7.90 12.24 12.75
 8632.25  3.13  2.64  2.76  2.52  2.37  2.63  5.16  4.72  5.88  8.56 13.18 13.76
 8633.25  3.03  2.55  2.67  2.44  2.29  2.55  4.98  4.57  5.70  8.30 12.78 13.38
 8634.25  2.72  2.29  2.40  2.19  2.06  2.29  4.48  4.11  5.14  7.51 11.61 12.20
 8635.25  2.88  2.42  2.53  2.32  2.18  2.42  4.71  4.34  5.42  7.90 12.16 12.80
 8636.25  3.35  2.83  2.96  2.71  2.54  2.83  5.46  5.05  6.29  9.11 13.86 14.61
 8637.25  3.01  2.54  2.66  2.43  2.28  2.54  4.91  4.55  5.68  8.25 12.62 13.35
 8638.25  2.81  2.38  2.48  2.27  2.13  2.37  4.59  4.26  5.32  7.75 11.87 12.60
 8639.25  3.21  2.72  2.84  2.60  2.44  2.71  5.21  4.85  6.05  8.76 13.30 14.13
 8640.25  3.99  3.39  3.53  3.24  3.04  3.38  6.40  5.99  7.43 10.66 15.90 16.89
 8641.25  3.54  3.01  3.14  2.88  2.70  3.00  5.70  5.34  6.65  9.59 14.40 15.36
 8642.25  3.43  2.91  3.04  2.79  2.61  2.90  5.51  5.18  6.45  9.31 13.99 14.97
 8643.25  3.77  3.21  3.35  3.07  2.88  3.20  6.04  5.69  7.07 10.16 15.13 16.21
 8644.25  4.03  3.44  3.58  3.29  3.09  3.42  6.42  6.07  7.53 10.77 15.94 17.10
 8645.25  4.88  4.18  4.35  4.00  3.75  4.16  7.67  7.28  8.98 12.68 18.39 19.70
 8646.25  5.95  5.11  5.32  4.90  4.60  5.09  9.19  8.76 10.71 14.86 21.04 22.49
 8647.25  5.92  5.10  5.30  4.89  4.59  5.07  9.14  8.73 10.68 14.82 20.95 22.45
 8648.25  4.26  3.64  3.80  3.49  3.27  3.63  6.70  6.40  7.93 11.29 16.48 17.83
 8649.25  3.27  2.79  2.91  2.67  2.50  2.78  5.19  4.97  6.19  8.93 13.29 14.49
 8650.25  3.61  3.09  3.22  2.96  2.77  3.08  5.71  5.48  6.81  9.79 14.43 15.75
 8651.25  2.80  2.39  2.49  2.29  2.14  2.38  4.44  4.27  5.34  7.73 11.54 12.67
 8652.25  2.07  1.77  1.84  1.69  1.58  1.76  3.30  3.18  3.98  5.81  8.75  9.68
 8653.25  2.13  1.82  1.90  1.75  1.63  1.81  3.38  3.27  4.10  5.97  8.97  9.94
 8654.25  2.75  2.36  2.46  2.26  2.11  2.35  4.34  4.21  5.26  7.62 11.31 12.54
 8655.25  3.53  3.03  3.16  2.91  2.71  3.02  5.52  5.37  6.68  9.59 14.03 15.54
 8656.25  2.64  2.26  2.36  2.17  2.02  2.25  4.14  4.04  5.05  7.32 10.85 12.11
 8657.25  2.18  1.87  1.95  1.79  1.67  1.86  3.43  3.35  4.20  6.11  9.10 10.22
 8658.25  2.19  1.88  1.96  1.80  1.68  1.87  3.44  3.37  4.22  6.14  9.12 10.27
 8659.25  3.07  2.64  2.75  2.53  2.36  2.63  4.77  4.69  5.85  8.43 12.32 13.85
 8660.25  3.51  3.03  3.15  2.91  2.71  3.01  5.43  5.35  6.67  9.55 13.83 15.56
 8661.25  2.44  2.10  2.19  2.02  1.88  2.09  3.80  3.75  4.70  6.81 10.02 11.39
 8662.25  2.12  1.82  1.90  1.75  1.63  1.81  3.29  3.26  4.09  5.95  8.77 10.02
 8663.25  2.27  1.96  2.04  1.88  1.75  1.95  3.52  3.50  4.38  6.36  9.35 10.70
 8664.25  3.61  3.13  3.25  3.00  2.79  3.11  5.53  5.51  6.85  9.78 14.04 15.95
 8665.25  3.88  3.36  3.49  3.22  3.00  3.34  5.92  5.90  7.33 10.42 14.88 16.91
 8666.25  2.47  2.13  2.22  2.05  1.90  2.12  3.81  3.80  4.76  6.89 10.07 11.59
 8667.25  2.13  1.85  1.92  1.77  1.64  1.84  3.30  3.30  4.14  6.00  8.81 10.18
 8668.25  2.34  2.03  2.11  1.95  1.81  2.02  3.61  3.62  4.53  6.56  9.58 11.09
 8669.25  3.63  3.15  3.28  3.03  2.81  3.14  5.53  5.55  6.91  9.84 14.08 16.15
 8670.25  3.98  3.46  3.59  3.33  3.09  3.44  6.03  6.07  7.54 10.69 15.19 17.42
 8671.25  2.68  2.33  2.42  2.24  2.08  2.32  4.11  4.14  5.18  7.47 10.84 12.58
 8672.25  2.29  1.98  2.06  1.91  1.77  1.97  3.50  3.54  4.44  6.42  9.36 10.92
 8673.25  2.43  2.11  2.19  2.03  1.88  2.10  3.72  3.76  4.71  6.80  9.89 11.56
 8674.25  3.71  3.24  3.36  3.11  2.89  3.22  5.61  5.69  7.07 10.04 14.28 16.54
 8675.25  5.11  4.47  4.64  4.31  4.00  4.45  7.61  7.72  9.51 13.24 18.36 21.04
 8676.25  3.52  3.07  3.19  2.96  2.74  3.06  5.32  5.42  6.74  9.60 13.68 15.93
 8677.25  2.67  2.33  2.42  2.24  2.07  2.32  4.06  4.15  5.18  7.45 10.77 12.66
 8678.25  2.63  2.29  2.38  2.20  2.04  2.28  3.99  4.08  5.10  7.33 10.59 12.48
 8679.25  3.45  3.02  3.13  2.90  2.69  3.00  5.19  5.32  6.62  9.42 13.41 15.72
 8680.25  5.31  4.67  4.83  4.50  4.17  4.64  7.83  8.03  9.86 13.65 18.79 21.68
 8681.25  4.87  4.28  4.43  4.13  3.83  4.26  7.22  7.41  9.14 12.72 17.63 20.47
 8682.25  3.43  3.00  3.11  2.89  2.67  2.99  5.14  5.30  6.60  9.38 13.33 15.73
 8683.25  3.04  2.67  2.76  2.57  2.37  2.65  4.58  4.73  5.90  8.42 12.04 14.28
 8684.25  3.36  2.95  3.05  2.84  2.62  2.93  5.03  5.20  6.49  9.21 13.09 15.52
 8685.25  4.88  4.31  4.45  4.16  3.84  4.28  7.19  7.45  9.18 12.74 17.60 20.57
 8686.25  6.12  5.42  5.60  5.24  4.85  5.39  8.87  9.19 11.22 15.27 20.62 23.85
 8687.25  4.98  4.40  4.55  4.25  3.93  4.38  7.31  7.60  9.37 12.97 17.85 20.93
 8688.25  3.82  3.37  3.48  3.25  3.00  3.35  5.67  5.91  7.35 10.35 14.55 17.30
 8689.25  3.61  3.18  3.29  3.07  2.83  3.16  5.36  5.60  6.98  9.84 13.88 16.57
 8690.25  4.23  3.74  3.86  3.61  3.33  3.72  6.24  6.52  8.09 11.31 15.75 18.72
 8691.25  5.84  5.19  5.36  5.03  4.64  5.16  8.44  8.83 10.81 14.74 19.91 23.29
 8692.25  6.41  5.70  5.88  5.53  5.11  5.67  9.18  9.61 11.71 15.82 21.14 24.63
 8693.25  5.48  4.87  5.03  4.72  4.35  4.84  7.94  8.34 10.24 14.04 19.06 22.46
 8694.25  4.52  4.00  4.13  3.88  3.56  3.98  6.60  6.96  8.62 11.99 16.56 19.76
 8695.25  4.28  3.79  3.91  3.67  3.37  3.77  6.26  6.61  8.20 11.45 15.86 19.02
 8696.25  4.73  4.19  4.33  4.07  3.74  4.17  6.87  7.27  8.99 12.46 17.11 20.44
 8697.25  5.47  4.87  5.02  4.72  4.34  4.84  7.88  8.34 10.25 14.05 19.01 22.56
 8698.25  5.25  4.67  4.82  4.54  4.17  4.65  7.57  8.03  9.90 13.60 18.46 22.00
 8699.25  4.86  4.32  4.46  4.20  3.85  4.30  7.03  7.48  9.25 12.78 17.45 20.94
 8700.25  4.81  4.28  4.41  4.16  3.81  4.26  6.95  7.41  9.16 12.67 17.30 20.80
 8701.25  4.74  4.22  4.35  4.10  3.75  4.20  6.84  7.31  9.05 12.52 17.10 20.62
 8702.25  4.44  3.95  4.08  3.84  3.51  3.94  6.43  6.88  8.54 11.86 16.27 19.73
 8703.25  4.76  4.24  4.37  4.13  3.77  4.22  6.85  7.35  9.09 12.57 17.12 20.72
 8704.25  5.70  5.09  5.25  4.96  4.54  5.08  8.11  8.69 10.67 14.53 19.46 23.32
 8705.25  6.17  5.53  5.70  5.39  4.94  5.51  8.72  9.36 11.44 15.46 20.51 24.48
 8706.25  5.91  5.29  5.46  5.16  4.72  5.28  8.37  9.00 11.03 14.96 19.92 23.90
 8707.25  5.60  5.02  5.17  4.90  4.47  5.01  7.96  8.58 10.55 14.37 19.22 23.18
 8708.25  5.15  4.61  4.76  4.50  4.10  4.60  7.34  7.94  9.80 13.45 18.10 22.00
 8709.25  4.55  4.07  4.20  3.97  3.61  4.06  6.52  7.08  8.78 12.14 16.50 20.25
 8710.25  4.60  4.12  4.25  4.02  3.66  4.11  6.59  7.16  8.87 12.27 16.64 20.44
 8711.25  5.48  4.92  5.07  4.81  4.38  4.91  7.77  8.43 10.37 14.14 18.87 22.96
 8712.25  6.14  5.52  5.69  5.40  4.92  5.51  8.63  9.35 11.44 15.43 20.35 24.62
 8713.25  6.10  5.49  5.66  5.37  4.89  5.48  8.58  9.30 11.39 15.37 20.26 24.58
 8714.25  6.09  5.48  5.65  5.37  4.88  5.47  8.55  9.29 11.37 15.35 20.22 24.60
 8715.25  6.27  5.65  5.82  5.54  5.03  5.64  8.78  9.54 11.67 15.69 20.59 25.05
 8716.25  6.40  5.77  5.95  5.66  5.15  5.77  8.95  9.73 11.88 15.94 20.85 25.40
 8717.25  6.40  5.77  5.94  5.66  5.14  5.77  8.93  9.73 11.88 15.94 20.83 25.43
 8718.25  6.41  5.78  5.95  5.67  5.15  5.78  8.94  9.75 11.90 15.96 20.84 25.50
 8719.25  6.33  5.71  5.88  5.60  5.08  5.71  8.83  9.65 11.78 15.81 20.67 25.37
 8720.25  6.33  5.70  5.88  5.60  5.08  5.71  8.81  9.65 11.78 15.80 20.66 25.40
 8721.25  6.40  5.77  5.95  5.66  5.14  5.78  8.90  9.75 11.89 15.94 20.80 25.61
 8722.25  6.48  5.85  6.03  5.74  5.21  5.86  9.00  9.88 12.03 16.09 20.97 25.83
 8723.25  6.50  5.87  6.04  5.75  5.22  5.87  9.01  9.91 12.06 16.12 21.00 25.91
 8724.25  6.44  5.81  5.99  5.70  5.17  5.82  8.93  9.83 11.97 16.02 20.87 25.83
 8725.25  6.40  5.77  5.95  5.66  5.14  5.79  8.86  9.78 11.91 15.94 20.78 25.78
 8726.25  6.40  5.77  5.95  5.66  5.14  5.78  8.85  9.78 11.90 15.94 20.77 25.82
 8727.25  6.19  5.58  5.75  5.47  4.96  5.59  8.57  9.50 11.57 15.55 20.33 25.39
 8728.25  5.79  5.22  5.38  5.11  4.63  5.23  8.05  8.95 10.94 14.79 19.46 24.50
 8729.25  5.63  5.07  5.22  4.96  4.49  5.08  7.83  8.72 10.66 14.46 19.07 24.12
 8730.25  6.14  5.54  5.70  5.42  4.92  5.55  8.48  9.45 11.49 15.45 20.20 25.40
 8731.25  6.55  5.92  6.09  5.79  5.26  5.93  8.99 10.02 12.12 16.20 21.03 26.34
 8732.25  6.60  5.97  6.14  5.83  5.30  5.98  9.05 10.09 12.20 16.30 21.13 26.49
 8733.25  6.60  5.97  6.14  5.84  5.30  5.99  9.05 10.10 12.21 16.30 21.13 26.54
 8734.25  6.65  6.02  6.19  5.88  5.34  6.03  9.10 10.17 12.27 16.38 21.21 26.68
 8735.25  6.57  5.94  6.11  5.80  5.27  5.96  8.98 10.07 12.14 16.23 21.04 26.54
 8736.25  6.45  5.84  6.00  5.70  5.18  5.86  8.83  9.92 11.97 16.03 20.80 26.34
 8737.25  6.46  5.85  6.01  5.70  5.18  5.86  8.82  9.93 11.97 16.04 20.81 26.39
 8738.25  6.40  5.80  5.96  5.65  5.14  5.82  8.75  9.86 11.89 15.94 20.70 26.32
 8739.25  6.03  5.45  5.60  5.31  4.82  5.47  8.26  9.34 11.29 15.23 19.89 25.50
 8740.25  5.81  5.26  5.40  5.12  4.64  5.27  7.98  9.05 10.95 14.82 19.41 25.02
 8741.25  5.82  5.26  5.41  5.12  4.64  5.28  7.97  9.06 10.95 14.82 19.41 25.07
 8742.25  5.66  5.12  5.26  4.98  4.52  5.14  7.77  8.85 10.70 14.51 19.05 24.72
 8743.25  5.73  5.19  5.33  5.04  4.57  5.20  7.84  8.95 10.81 14.63 19.19 24.92
 8744.25  6.10  5.53  5.67  5.37  4.87  5.55  8.31  9.47 11.40 15.33 20.00 25.85
 8745.25  6.02  5.45  5.60  5.29  4.80  5.47  8.19  9.36 11.26 15.17 19.82 25.70
 8746.25  6.14  5.57  5.71  5.40  4.91  5.59  8.34  9.54 11.46 15.39 20.07 26.02
 8747.25  6.33  5.74  5.89  5.57  5.06  5.76  8.56  9.80 11.74 15.72 20.44 26.47
 8748.25  6.37  5.77  5.92  5.60  5.08  5.80  8.59  9.85 11.79 15.77 20.50 26.58
 8749.25  6.34  5.74  5.89  5.57  5.06  5.77  8.54  9.81 11.74 15.70 20.43 26.55
 8750.25  6.43  5.83  5.98  5.65  5.13  5.85  8.65  9.94 11.88 15.85 20.60 26.78
 8751.25  6.34  5.74  5.89  5.56  5.05  5.77  8.52  9.82 11.73 15.67 20.40 26.62
 8752.25  5.80  5.25  5.38  5.08  4.60  5.27  7.83  9.06 10.87 14.64 19.23 25.38
 8753.25  5.86  5.30  5.44  5.13  4.65  5.33  7.90  9.16 10.96 14.74 19.36 25.57
 8754.25  6.46  5.85  5.99  5.65  5.13  5.88  8.63  9.98 11.88 15.83 20.59 26.96
 8755.25  6.61  5.99  6.14  5.79  5.26  6.02  8.82 10.20 12.12 16.09 20.89 27.32
 8756.25  6.65  6.02  6.17  5.82  5.29  6.05  8.85 10.25 12.16 16.14 20.94 27.42
 8757.25  6.61  5.99  6.13  5.78  5.25  6.02  8.80 10.20 12.10 16.05 20.85 27.37
 8758.25  6.45  5.83  5.97  5.63  5.11  5.87  8.59  9.97 11.84 15.75 20.51 27.06
 8759.25  5.23  4.71  4.83  4.54  4.11  4.74  7.03  8.24  9.86 13.34 17.71 23.95
 8760.25  2.93  2.63  2.69  2.52  2.28  2.64  4.00  4.74  5.75  8.01 11.03 15.67
 8761.25  2.16  1.94  1.98  1.86  1.67  1.95  2.96  3.52  4.29  6.01  8.36 12.08
 8762.25  1.99  1.79  1.83  1.71  1.54  1.80  2.73  3.25  3.96  5.56  7.74 11.25
 8763.25  1.45  1.30  1.33  1.24  1.12  1.31  1.99  2.37  2.89  4.07  5.70  8.36
 8764.25  1.48  1.32  1.35  1.26  1.14  1.33  2.02  2.41  2.94  4.13  5.79  8.51
 8765.25  2.60  2.33  2.39  2.23  2.01  2.35  3.54  4.23  5.12  7.13  9.86 14.25
 8766.25  4.44  3.99  4.08  3.82  3.46  4.02  5.97  7.09  8.48 11.57 15.61 21.79
 8767.25  3.72  3.34  3.42  3.19  2.89  3.36  5.02  5.99  7.18  9.87 13.46 19.10
 8768.25  2.05  1.83  1.87  1.75  1.58  1.84  2.78  3.34  4.04  5.65  7.88 11.60
 8769.25  1.43  1.28  1.31  1.22  1.10  1.29  1.94  2.34  2.83  3.98  5.58  8.32
 8770.25  1.21  1.08  1.10  1.03  0.93  1.09  1.64  1.98  2.39  3.36  4.72  7.09
 8771.25  1.67  1.49  1.52  1.42  1.28  1.50  2.26  2.73  3.30  4.61  6.46  9.68
 8772.25  3.45  3.09  3.15  2.94  2.66  3.11  4.63  5.57  6.66  9.15 12.55 18.22
 8773.25  5.23  4.71  4.79  4.48  4.07  4.74  6.93  8.28  9.79 13.16 17.57 24.61
 8774.25  6.30  5.69  5.78  5.42  4.93  5.72  8.26  9.81 11.50 15.21 19.97 27.42
 8775.25  6.60  5.96  6.05  5.67  5.17  5.99  8.61 10.22 11.94 15.72 20.56 28.14
 8776.25  5.74  5.17  5.26  4.92  4.47  5.21  7.55  9.03 10.60 14.12 18.72 26.17
 8777.25  3.21  2.87  2.92  2.72  2.46  2.89  4.29  5.20  6.19  8.51 11.75 17.46
 8778.25  1.84  1.64  1.67  1.55  1.41  1.65  2.47  3.02  3.61  5.03  7.07 10.87
 8779.25  1.61  1.44  1.46  1.36  1.23  1.45  2.17  2.66  3.17  4.42  6.24  9.66
 8780.25  1.28  1.14  1.16  1.08  0.97  1.15  1.71  2.11  2.51  3.51  4.96  7.76
 8781.25  1.33  1.19  1.20  1.12  1.01  1.19  1.78  2.19  2.61  3.65  5.16  8.09
 8782.25  2.70  2.41  2.44  2.27  2.06  2.42  3.59  4.40  5.21  7.19 10.02 15.33
 8783.25  5.86  5.28  5.34  4.99  4.54  5.30  7.64  9.21 10.71 14.22 18.90 26.91
 8784.25  6.90  6.23  6.30  5.90  5.39  6.26  8.90 10.68 12.31 16.10 21.07 29.41
 8785.25  6.96  6.29  6.35  5.94  5.43  6.31  8.96 10.76 12.39 16.18 21.17 29.59
 8786.25  6.73  6.08  6.14  5.74  5.24  6.10  8.69 10.46 12.05 15.79 20.74 29.21
 8787.25  6.48  5.85  5.90  5.52  5.04  5.87  8.38 10.12 11.67 15.34 20.25 28.77
 8788.25  6.50  5.86  5.91  5.52  5.05  5.88  8.39 10.15 11.68 15.35 20.27 28.87
 8789.25  6.50  5.86  5.91  5.52  5.04  5.88  8.38 10.15 11.67 15.34 20.27 28.95
 8790.25  6.34  5.72  5.76  5.38  4.91  5.73  8.18  9.94 11.43 15.05 19.95 28.68
 8791.25  5.48  4.93  4.96  4.62  4.22  4.94  7.11  8.70 10.04 13.38 18.00 26.50
 8792.25  3.07  2.75  2.77  2.57  2.34  2.76  4.04  5.03  5.87  8.04 11.24 17.69
 8793.25  1.90  1.70  1.71  1.59  1.44  1.70  2.51  3.15  3.68  5.09  7.24 11.77
 8794.25  2.18  1.95  1.95  1.81  1.65  1.95  2.87  3.60  4.20  5.80  8.21 13.33
 8795.25  4.28  3.84  3.85  3.58  3.27  3.84  5.57  6.91  7.98 10.77 14.81 22.75
 8796.25  6.57  5.93  5.95  5.55  5.08  5.93  8.41 10.28 11.72 15.36 20.36 29.61
 8797.25  6.82  6.17  6.18  5.77  5.29  6.16  8.71 10.64 12.09 15.79 20.86 30.22
 8798.25  6.79  6.14  6.14  5.74  5.26  6.13  8.66 10.60 12.03 15.72 20.78 30.22
 8799.25  6.80  6.15  6.14  5.74  5.26  6.13  8.66 10.61 12.03 15.72 20.79 30.30
 8800.25  6.70  6.06  6.05  5.65  5.18  6.05  8.53 10.48 11.88 15.54 20.60 30.18
 8801.25  6.71  6.07  6.05  5.66  5.18  6.05  8.54 10.50 11.89 15.54 20.61 30.26
 8802.25  6.83  6.18  6.16  5.76  5.28  6.16  8.67 10.66 12.05 15.73 20.82 30.57
 8803.25  6.71  6.07  6.04  5.65  5.17  6.05  8.52 10.50 11.86 15.50 20.58 30.38
 8804.25  6.45  5.83  5.80  5.42  4.96  5.81  8.20 10.15 11.47 15.04 20.06 29.89
 8805.25  6.63  6.00  5.96  5.57  5.11  5.97  8.41 10.40 11.73 15.33 20.40 30.33
 8806.25  6.92  6.27  6.23  5.82  5.34  6.24  8.75 10.80 12.15 15.81 20.95 30.99
 8807.25  6.96  6.32  6.27  5.86  5.38  6.28  8.80 10.88 12.21 15.88 21.03 31.16
 8808.25  6.92  6.28  6.23  5.82  5.34  6.24  8.74 10.82 12.14 15.80 20.94 31.15
 8809.25  6.88  6.24  6.19  5.78  5.30  6.20  8.68 10.77 12.07 15.71 20.86 31.13
 8810.25  6.29  5.70  5.65  5.27  4.83  5.66  7.98  9.96 11.18 14.68 19.69 29.92
 8811.25  4.99  4.51  4.46  4.15  3.79  4.47  6.38  8.07  9.11 12.17 16.71 26.44
 8812.25  4.35  3.93  3.89  3.61  3.30  3.90  5.59  7.11  8.05 10.83 15.05 24.37
 8813.25  4.83  4.37  4.32  4.02  3.67  4.33  6.18  7.84  8.84 11.83 16.31 26.08
 8814.25  6.08  5.52  5.45  5.08  4.66  5.47  7.71  9.68 10.84 14.26 19.24 29.71
 8815.25  6.69  6.09  6.01  5.61  5.15  6.03  8.43 10.54 11.76 15.34 20.49 31.18
 8816.25  6.78  6.18  6.09  5.69  5.22  6.11  8.53 10.67 11.89 15.48 20.65 31.44
 8817.25  6.87  6.26  6.17  5.76  5.29  6.20  8.64 10.79 12.02 15.62 20.82 31.69
 8818.25  6.89  6.28  6.19  5.78  5.30  6.21  8.65 10.82 12.03 15.64 20.85 31.79
 8819.25  6.79  6.20  6.10  5.69  5.22  6.12  8.53 10.69 11.89 15.46 20.66 31.66
 8820.25  6.69  6.11  6.01  5.60  5.15  6.03  8.41 10.56 11.74 15.29 20.47 31.54
 8821.25  6.61  6.03  5.93  5.53  5.08  5.95  8.30 10.44 11.61 15.13 20.31 31.44
 8822.25  6.40  5.84  5.73  5.34  4.91  5.75  8.05 10.15 11.29 14.75 19.88 31.04
 8823.25  5.87  5.36  5.25  4.89  4.49  5.27  7.41  9.40 10.48 13.79 18.77 29.84
 8824.25  5.14  4.68  4.58  4.26  3.91  4.60  6.52  8.32  9.30 12.36 17.05 27.83
 8825.25  4.95  4.51  4.42  4.10  3.76  4.43  6.28  8.05  8.99 11.97 16.59 27.32
 8826.25  4.23  3.84  3.76  3.49  3.20  3.77  5.38  6.93  7.76 10.41 14.60 24.72
 8827.25  2.34  2.12  2.07  1.92  1.75  2.08  2.99  3.91  4.39  6.00  8.67 15.70
 8828.25  1.25  1.13  1.11  1.02  0.94  1.11  1.60  2.10  2.37  3.26  4.75  8.91
 8829.25  0.80  0.72  0.71  0.65  0.60  0.71  1.03  1.35  1.52  2.09  3.06  5.81
 8830.25  0.95  0.86  0.84  0.78  0.71  0.85  1.22  1.61  1.81  2.48  3.64  6.96
 8831.25  2.27  2.06  2.01  1.86  1.70  2.02  2.90  3.79  4.26  5.80  8.39 15.55
 8832.25  4.55  4.16  4.05  3.76  3.45  4.06  5.77  7.46  8.31 11.08 15.54 26.84
 8833.25  4.33  3.95  3.85  3.57  3.28  3.86  5.48  7.11  7.93 10.60 14.93 26.14
 8834.25  3.86  3.52  3.42  3.18  2.92  3.44  4.90  6.38  7.12  9.56 13.57 24.32
 8835.25  3.19  2.91  2.83  2.62  2.41  2.84  4.06  5.32  5.95  8.03 11.54 21.33
 8836.25  3.33  3.04  2.95  2.74  2.51  2.96  4.23  5.54  6.19  8.35 11.98 22.14
 8837.25  2.73  2.49  2.41  2.24  2.05  2.42  3.47  4.56  5.09  6.89  9.98 18.91
 8838.25  1.46  1.33  1.29  1.20  1.10  1.30  1.86  2.47  2.76  3.77  5.54 11.01
 8839.25  1.33  1.21  1.17  1.09  1.00  1.18  1.69  2.24  2.51  3.43  5.05 10.14
 8840.25  2.38  2.17  2.10  1.95  1.79  2.11  3.02  3.99  4.46  6.04  8.79 17.14
 8841.25  5.14  4.72  4.57  4.25  3.92  4.58  6.44  8.35  9.24 12.15 16.94 29.82
 8842.25  6.61  6.09  5.91  5.50  5.09  5.93  8.20 10.50 11.55 14.92 20.27 34.04
 8843.25  6.82  6.29  6.10  5.68  5.26  6.12  8.45 10.79 11.85 15.26 20.67 34.61
 8844.25  6.89  6.36  6.16  5.74  5.31  6.17  8.52 10.89 11.94 15.36 20.79 34.87
 8845.25  6.84  6.32  6.12  5.70  5.28  6.14  8.47 10.83 11.88 15.28 20.71 34.92
 8846.25  6.43  5.94  5.74  5.34  4.94  5.75  7.98 10.26 11.27 14.56 19.90 34.16
 8847.25  5.31  4.90  4.73  4.39  4.06  4.74  6.64  8.64  9.53 12.50 17.45 31.36
 8848.25  5.02  4.62  4.46  4.14  3.82  4.47  6.28  8.20  9.05 11.91 16.73 30.58
 8849.25  5.72  5.28  5.09  4.73  4.38  5.11  7.12  9.25 10.17 13.27 18.39 32.82
 8850.25  5.25  4.84  4.67  4.33  4.01  4.68  6.55  8.54  9.41 12.34 17.25 31.47
 8851.25  2.98  2.74  2.63  2.44  2.25  2.64  3.76  4.99  5.54  7.44 10.81 21.86
 8852.25  2.17  1.99  1.91  1.77  1.63  1.92  2.74  3.66  4.07  5.50  8.09 17.05
 8853.25  2.90  2.67  2.57  2.38  2.19  2.57  3.66  4.87  5.40  7.26 10.57 21.66
 8854.25  5.29  4.89  4.70  4.37  4.04  4.71  6.59  8.61  9.46 12.39 17.32 32.07
 8855.25  6.61  6.13  5.90  5.49  5.10  5.91  8.16 10.54 11.52 14.85 20.27 35.82
 8856.25  6.56  6.09  5.85  5.44  5.06  5.86  8.10 10.47 11.44 14.75 20.17 35.83
 8857.25  6.46  6.00  5.76  5.36  4.98  5.77  7.98 10.33 11.29 14.58 19.96 35.72
 8858.25  6.31  5.86  5.62  5.23  4.86  5.63  7.80 10.13 11.07 14.31 19.66 35.51
 8859.25  6.40  5.95  5.71  5.31  4.93  5.72  7.91 10.26 11.20 14.47 19.86 35.89
 8860.25  6.62  6.16  5.90  5.49  5.11  5.92  8.16 10.57 11.53 14.85 20.31 36.54
 8861.25  6.61  6.16  5.90  5.49  5.10  5.91  8.15 10.57 11.52 14.84 20.30 36.68
 8862.25  6.41  5.97  5.71  5.31  4.94  5.72  7.91 10.28 11.21 14.49 19.89 36.36
 8863.25  5.64  5.24  5.01  4.65  4.32  5.02  6.99  9.17 10.02 13.08 18.22 34.52
 8864.25  4.80  4.47  4.26  3.95  3.66  4.26  5.98  7.92  8.68 11.44 16.20 32.00
 8865.25  4.62  4.29  4.09  3.79  3.52  4.09  5.76  7.63  8.37 11.06 15.71 31.44
 8866.25  5.30  4.94  4.70  4.36  4.05  4.71  6.58  8.67  9.48 12.42 17.42 33.88
 8867.25  6.03  5.63  5.36  4.98  4.63  5.37  7.45  9.75 10.63 13.80 19.11 36.13
 8868.25  3.88  3.62  3.44  3.18  2.95  3.44  4.85  6.47  7.10  9.43 13.55 28.32
 8869.25  1.87  1.74  1.64  1.52  1.41  1.64  2.35  3.17  3.50  4.73  7.01 16.29
 8870.25  1.54  1.44  1.36  1.26  1.16  1.36  1.94  2.63  2.90  3.93  5.85 13.84
 8871.25  2.55  2.38  2.25  2.08  1.93  2.25  3.20  4.32  4.75  6.39  9.39 21.29
 8872.25  5.40  5.06  4.80  4.45  4.14  4.80  6.69  8.83  9.63 12.58 17.62 34.84
 8873.25  6.70  6.29  5.98  5.56  5.18  5.97  8.22 10.73 11.64 14.98 20.51 38.52
 8874.25  6.89  6.48  6.15  5.73  5.33  6.15  8.45 11.00 11.93 15.30 20.88 39.06
 8875.25  7.03  6.62  6.28  5.84  5.45  6.27  8.60 11.20 12.13 15.52 21.14 39.46
 8876.25  7.03  6.62  6.28  5.84  5.45  6.27  8.60 11.20 12.12 15.52 21.14 39.59
 8877.25  7.00  6.59  6.25  5.81  5.42  6.24  8.56 11.16 12.08 15.46 21.08 39.65
 8878.25  6.98  6.58  6.23  5.80  5.41  6.22  8.53 11.13 12.05 15.42 21.03 39.70
 8879.25  7.01  6.62  6.26  5.83  5.44  6.25  8.57 11.18 12.10 15.47 21.08 39.85
 8880.25  7.09  6.70  6.33  5.90  5.50  6.32  8.66 11.29 12.22 15.60 21.24 40.18
 8881.25  7.11  6.73  6.36  5.92  5.52  6.34  8.69 11.33 12.26 15.65 21.30 40.40
 8882.25  7.02  6.64  6.27  5.83  5.44  6.25  8.57 11.20 12.12 15.49 21.13 40.35
 8883.25  6.97  6.60  6.23  5.79  5.40  6.20  8.52 11.14 12.06 15.42 21.06 40.39
 8884.25  6.97  6.60  6.22  5.79  5.40  6.20  8.51 11.14 12.05 15.41 21.06 40.42
 8885.25  6.69  6.33  5.96  5.55  5.17  5.94  8.18 10.75 11.64 14.93 20.52 39.80
 8886.25  3.75  3.54  3.32  3.07  2.85  3.31  4.66  6.29  6.87  9.09 13.13 29.11
 8887.25  1.38  1.30  1.21  1.12  1.04  1.21  1.72  2.36  2.59  3.50  5.23 13.13
 8888.25  0.90  0.85  0.80  0.74  0.68  0.79  1.13  1.56  1.71  2.31  3.47  8.81
 8889.25  1.28  1.21  1.13  1.04  0.96  1.12  1.60  2.20  2.41  3.25  4.87 12.19
 8890.25  3.24  3.07  2.87  2.65  2.46  2.85  4.03  5.48  5.99  7.96 11.63 26.29
 8891.25  5.33  5.06  4.74  4.40  4.09  4.71  6.58  8.80  9.57 12.47 17.61 35.88
 8892.25  5.59  5.32  4.97  4.61  4.29  4.94  6.89  9.20  9.99 12.97 18.23 36.59
 8893.25  6.20  5.90  5.52  5.13  4.78  5.49  7.61 10.09 10.93 14.08 19.57 38.11
 8894.25  6.86  6.55  6.13  5.70  5.32  6.09  8.39 11.04 11.92 15.22 20.91 39.52
 8895.25  7.07  6.75  6.32  5.88  5.49  6.28  8.63 11.33 12.23 15.57 21.30 39.85
 8896.25  6.73  6.42  6.01  5.59  5.21  5.97  8.23 10.85 11.72 14.99 20.64 39.05
 8897.25  5.87  5.61  5.23  4.85  4.52  5.19  7.23  9.63 10.43 13.48 18.87 36.95
 8898.25  5.46  5.22  4.86  4.51  4.20  4.82  6.74  9.02  9.79 12.71 17.95 35.74
 8899.25  5.58  5.34  4.97  4.61  4.29  4.93  6.89  9.21  9.99 12.94 18.23 36.01
 8900.25  6.29  6.02  5.61  5.21  4.86  5.56  7.72 10.24 11.08 14.22 19.77 37.75
 8901.25  7.01  6.72  6.27  5.84  5.45  6.22  8.56 11.27 12.15 15.47 21.21 39.25
 8902.25  7.13  6.84  6.38  5.94  5.55  6.33  8.70 11.44 12.33 15.67 21.44 39.44
 8903.25  5.81  5.57  5.18  4.81  4.48  5.13  7.15  9.53 10.32 13.32 18.66 36.12
 8904.25  2.61  2.50  2.31  2.13  1.98  2.29  3.26  4.47  4.88  6.51  9.64 21.71
 8905.25  1.45  1.38  1.28  1.18  1.09  1.27  1.81  2.50  2.74  3.68  5.53 13.11
 8906.25  1.64  1.57  1.45  1.34  1.24  1.43  2.05  2.83  3.09  4.15  6.23 14.62
 8907.25  3.39  3.25  3.00  2.78  2.58  2.97  4.22  5.77  6.28  8.32 12.17 26.10
 8908.25  6.05  5.83  5.40  5.02  4.67  5.35  7.45  9.96 10.74 13.83 19.31 36.58
 8909.25  6.56  6.33  5.87  5.46  5.08  5.81  8.05 10.71 11.52 14.75 20.40 37.78
 8910.25  5.67  5.47  5.05  4.69  4.36  5.00  7.00  9.42 10.15 13.14 18.48 35.43
 8911.25  5.22  5.03  4.64  4.31  4.00  4.60  6.46  8.75  9.43 12.27 17.42 34.01
 8912.25  5.39  5.21  4.80  4.46  4.14  4.75  6.67  9.03  9.72 12.62 17.86 34.50
 8913.25  5.98  5.78  5.33  4.96  4.61  5.28  7.37  9.92 10.64 13.72 19.20 36.07
 8914.25  6.75  6.54  6.03  5.63  5.24  5.98  8.27 11.06 11.82 15.09 20.80 37.81
 8915.25  7.03  6.82  6.29  5.87  5.46  6.23  8.60 11.47 12.23 15.56 21.33 38.28
 8916.25  6.98  6.78  6.25  5.83  5.43  6.19  8.54 11.41 12.16 15.48 21.23 38.07
 8917.25  6.75  6.56  6.04  5.64  5.24  5.98  8.28 11.10 11.82 15.09 20.79 37.48
 8918.25  6.67  6.48  5.96  5.56  5.17  5.90  8.18 10.99 11.70 14.95 20.63 37.24
 8919.25  5.99  5.82  5.34  4.98  4.62  5.28  7.38 10.01 10.66 13.74 19.20 35.52
 8920.25  2.84  2.76  2.52  2.34  2.16  2.49  3.56  4.97  5.32  7.08 10.44 22.06
 8921.25  1.12  1.09  0.99  0.92  0.85  0.98  1.42  2.00  2.14  2.88  4.35  9.85
 8922.25  0.87  0.84  0.77  0.71  0.66  0.76  1.09  1.55  1.66  2.23  3.37  7.66
 8923.25  1.42  1.38  1.25  1.16  1.07  1.24  1.78  2.52  2.69  3.62  5.44 12.14
 8924.25  3.78  3.68  3.35  3.12  2.88  3.31  4.71  6.57  6.98  9.21 13.37 26.77
 8925.25  6.08  5.94  5.42  5.07  4.69  5.37  7.50 10.25 10.83 13.95 19.47 35.36
 8926.25  6.00  5.86  5.34  5.00  4.63  5.29  7.40 10.14 10.70 13.80 19.29 35.05
 8927.25  6.03  5.90  5.37  5.03  4.65  5.32  7.44 10.20 10.75 13.85 19.35 35.02
 8928.25  5.77  5.65  5.14  4.81  4.45  5.09  7.13  9.82 10.34 13.37 18.75 34.17
 8929.25  5.01  4.92  4.46  4.17  3.85  4.41  6.23  8.66  9.12 11.90 16.93 31.72
 8930.25  4.56  4.48  4.05  3.79  3.49  4.01  5.69  7.96  8.37 10.99 15.77 30.08
 8931.25  4.97  4.89  4.42  4.14  3.82  4.38  6.19  8.63  9.06 11.84 16.88 31.54
 8932.25  5.75  5.67  5.13  4.81  4.44  5.08  7.13  9.86 10.33 13.37 18.77 33.88
 8933.25  6.23  6.15  5.57  5.22  4.83  5.51  7.70 10.60 11.07 14.24 19.80 34.94
 8934.25  6.37  6.29  5.69  5.34  4.94  5.64  7.86 10.81 11.27 14.47 20.05 35.10
 8935.25  6.20  6.13  5.54  5.20  4.81  5.49  7.67 10.59 11.03 14.21 19.76 34.75
 8936.25  5.82  5.75  5.19  4.87  4.50  5.14  7.22 10.03 10.44 13.52 18.95 33.76
 8937.25  5.60  5.54  4.99  4.69  4.32  4.94  6.96  9.71 10.10 13.12 18.47 33.11
 8938.25  5.59  5.55  4.99  4.68  4.32  4.94  6.96  9.72 10.09 13.11 18.47 33.01
 8939.25  5.85  5.81  5.23  4.91  4.53  5.18  7.27 10.13 10.50 13.60 19.04 33.56
 8940.25  6.06  6.02  5.42  5.09  4.70  5.36  7.51 10.45 10.81 13.96 19.46 33.89
 8941.25  6.03  6.00  5.39  5.07  4.68  5.34  7.49 10.43 10.77 13.92 19.43 33.76
 8942.25  6.13  6.11  5.49  5.16  4.76  5.43  7.61 10.60 10.93 14.11 19.66 33.94
 8943.25  6.04  6.03  5.41  5.09  4.69  5.35  7.51 10.49 10.80 13.96 19.50 33.68
 8944.25  3.47  3.47  3.09  2.90  2.66  3.06  4.38  6.29  6.49  8.63 12.63 24.03
 8945.25  1.68  1.68  1.49  1.40  1.28  1.47  2.13  3.11  3.21  4.34  6.53 13.31
 8946.25  1.51  1.51  1.34  1.26  1.15  1.32  1.92  2.81  2.89  3.91  5.90 12.02
 8947.25  2.78  2.78  2.47  2.32  2.13  2.44  3.51  5.10  5.24  7.03 10.41 20.11
 8948.25  5.62  5.64  5.03  4.74  4.36  4.98  7.01  9.90 10.13 13.16 18.53 31.89
 8949.25  6.48  6.51  5.82  5.49  5.07  5.76  8.05 11.24 11.48 14.77 20.46 34.08
 8950.25  6.33  6.37  5.69  5.36  4.94  5.62  7.88 11.04 11.26 14.52 20.19 33.70
 8951.25  6.29  6.33  5.65  5.33  4.91  5.58  7.82 10.97 11.18 14.42 20.04 33.33
 8952.25  6.22  6.27  5.59  5.27  4.86  5.52  7.74 10.88 11.07 14.28 19.88 32.98
 8953.25  5.59  5.64  5.01  4.72  4.35  4.95  6.99  9.93 10.09 13.13 18.51 31.30
 8954.25  4.66  4.71  4.17  3.93  3.61  4.12  5.87  8.44  8.56 11.27 16.16 28.10
 8955.25  4.80  4.85  4.30  4.05  3.72  4.24  6.04  8.68  8.79 11.56 16.53 28.48
 8956.25  5.93  6.01  5.34  5.03  4.63  5.27  7.42 10.54 10.65 13.83 19.38 32.06
 8957.25  6.42  6.51  5.79  5.47  5.04  5.71  8.01 11.32 11.42 14.74 20.46 33.23
 8958.25  4.52  4.60  4.06  3.83  3.51  4.00  5.71  8.28  8.33 11.00 15.80 27.22
 8959.25  1.77  1.80  1.58  1.48  1.36  1.56  2.26  3.37  3.39  4.60  6.94 13.18
 8960.25  0.99  1.01  0.89  0.83  0.76  0.87  1.27  1.91  1.92  2.61  3.97  7.66
 8961.25  1.10  1.12  0.98  0.93  0.85  0.97  1.41  2.12  2.13  2.90  4.40  8.43
 8962.25  2.29  2.35  2.05  1.93  1.77  2.02  2.94  4.38  4.38  5.92  8.83 16.18
 8963.25  5.11  5.23  4.61  4.35  4.00  4.54  6.45  9.33  9.30 12.19 17.27 28.37
 8964.25  6.28  6.44  5.69  5.38  4.96  5.61  7.88 11.25 11.19 14.47 20.06 31.70
 8965.25  5.99  6.15  5.43  5.13  4.72  5.35  7.53 10.81 10.73 13.92 19.40 30.77
 8966.25  5.87  6.03  5.31  5.03  4.62  5.24  7.39 10.65 10.55 13.72 19.17 30.41
 8967.25  6.19  6.37  5.62  5.31  4.89  5.53  7.79 11.22 11.10 14.40 20.06 31.56
 8968.25  6.57  6.78  5.97  5.66  5.21  5.88  8.26 11.85 11.71 15.13 20.95 32.55
 8969.25  6.72  6.93  6.11  5.79  5.33  6.02  8.44 12.09 11.92 15.38 21.23 32.72
 8970.25  6.19  6.39  5.62  5.33  4.90  5.54  7.80 11.27 11.09 14.39 20.02 31.09
 8971.25  5.42  5.62  4.92  4.66  4.28  4.85  6.87 10.03  9.85 12.89 18.13 28.53
 8972.25  5.03  5.22  4.56  4.32  3.96  4.49  6.40  9.43  9.24 12.17 17.30 27.53
 8973.25  4.39  4.57  3.98  3.76  3.45  3.91  5.62  8.39  8.20 10.92 15.76 25.65
 8974.25  4.52  4.71  4.10  3.88  3.55  4.03  5.79  8.63  8.42 11.18 16.09 25.92
 8975.25  5.71  5.95  5.20  4.93  4.53  5.12  7.26 10.65 10.38 13.58 19.07 29.44
 8976.25  6.22  6.49  5.68  5.39  4.95  5.59  7.89 11.51 11.21 14.58 20.30 30.85
 8977.25  6.33  6.61  5.78  5.48  5.04  5.68  8.02 11.72 11.39 14.81 20.60 31.15
 8978.25  6.49  6.78  5.93  5.63  5.17  5.83  8.22 11.99 11.64 15.11 20.96 31.45
 8979.25  6.22  6.51  5.69  5.40  4.96  5.59  7.90 11.57 11.20 14.58 20.28 30.43
 8980.25  5.28  5.55  4.83  4.58  4.20  4.74  6.75 10.03  9.68 12.73 17.97 27.39
 8981.25  5.20  5.47  4.75  4.51  4.14  4.67  6.67  9.95  9.58 12.63 17.89 27.28
 8982.25  5.38  5.66  4.91  4.66  4.28  4.83  6.89 10.31  9.91 13.08 18.55 28.21
 8983.25  4.89  5.16  4.47  4.24  3.88  4.39  6.30  9.52  9.13 12.14 17.41 26.79
 8984.25  4.81  5.09  4.39  4.17  3.82  4.31  6.20  9.40  8.99 11.98 17.21 26.43
 8985.25  5.34  5.65  4.89  4.64  4.26  4.80  6.86 10.31  9.86 13.03 18.48 27.76
 8986.25  5.47  5.80  5.02  4.78  4.38  4.93  7.01 10.48 10.02 13.15 18.49 27.34
 8987.25  4.43  4.71  4.06  3.86  3.53  3.98  5.72  8.68  8.26 10.98 15.71 23.68
 8988.25  3.87  4.13  3.54  3.36  3.08  3.47  5.02  7.72  7.33  9.84 14.29 21.89
 8989.25  3.06  3.28  2.80  2.66  2.43  2.75  4.00  6.24  5.89  8.00 11.83 18.55
 8990.25  1.67  1.80  1.52  1.45  1.32  1.49  2.20  3.48  3.27  4.51  6.82 11.06
 8991.25  1.42  1.53  1.30  1.23  1.12  1.27  1.87  2.97  2.79  3.85  5.84  9.46
 8992.25  2.76  2.98  2.52  2.40  2.19  2.47  3.61  5.67  5.32  7.25 10.75 16.66
 8993.25  5.30  5.72  4.88  4.65  4.27  4.78  6.85 10.43  9.83 13.01 18.43 26.71
 8994.25  4.84  5.24  4.45  4.25  3.89  4.37  6.29  9.69  9.10 12.15 17.41 25.55
 8995.25  4.64  5.04  4.26  4.07  3.73  4.18  6.04  9.35  8.76 11.74 16.90 24.86
 8996.25  5.79  6.28  5.33  5.10  4.68  5.23  7.47 11.36 10.66 14.06 19.73 28.09
 8997.25  6.66  7.22  6.15  5.89  5.42  6.04  8.53 12.78 12.01 15.65 21.57 29.99
 8998.25  6.78  7.37  6.27  6.01  5.53  6.15  8.67 12.98 12.18 15.83 21.74 30.03
 8999.25  6.26  6.82  5.78  5.54  5.10  5.67  8.03 12.11 11.33 14.80 20.41 28.31
 9000.25  5.50  6.02  5.08  4.87  4.47  4.98  7.10 10.81 10.09 13.26 18.46 25.82
 9001.25  5.10  5.60  4.70  4.51  4.13  4.61  6.61 10.21  9.48 12.59 17.73 25.15
 9002.25  2.65  2.93  2.43  2.33  2.13  2.38  3.49  5.61  5.16  7.08 10.47 15.84
 9003.25  1.22  1.36  1.13  1.08  0.98  1.10  1.63  2.65  2.43  3.37  5.09  7.93
 9004.25  1.15  1.29  1.06  1.01  0.93  1.04  1.53  2.51  2.29  3.18  4.80  7.48
 9005.25  2.31  2.58  2.13  2.04  1.86  2.08  3.06  4.97  4.54  6.26  9.29 14.12
 9006.25  5.20  5.79  4.81  4.62  4.24  4.71  6.77 10.53  9.70 12.90 18.12 25.59
 9007.25  6.12  6.80  5.68  5.46  5.02  5.57  7.91 12.08 11.16 14.62 20.09 27.65
 9008.25  6.28  6.99  5.83  5.61  5.16  5.71  8.11 12.39 11.42 14.96 20.51 28.16
 9009.25  6.63  7.40  6.17  5.94  5.47  6.04  8.56 13.04 12.02 15.69 21.41 29.23
 9010.25  6.73  7.52  6.26  6.03  5.55  6.13  8.68 13.22 12.17 15.88 21.61 29.44
 9011.25  6.39  7.16  5.94  5.73  5.27  5.82  8.25 12.63 11.60 15.18 20.70 28.25
 9012.25  6.28  7.06  5.84  5.63  5.18  5.72  8.12 12.47 11.43 14.97 20.43 27.88
 9013.25  6.69  7.54  6.24  6.02  5.54  6.11  8.65 13.24 12.13 15.84 21.52 29.23
 9014.25  6.90  7.78  6.43  6.21  5.72  6.30  8.91 13.62 12.46 16.25 22.01 29.79
 9015.25  6.60  7.46  6.15  5.94  5.47  6.02  8.53 13.11 11.97 15.65 21.23 28.79
 9016.25  5.82  6.60  5.42  5.24  4.82  5.31  7.56 11.71 10.65 14.00 19.11 26.06
 9017.25  5.83  6.63  5.43  5.25  4.83  5.32  7.57 11.75 10.68 14.04 19.14 26.06
 9018.25  6.57  7.48  6.13  5.93  5.46  6.00  8.51 13.13 11.93 15.61 21.14 28.56
 9019.25  6.95  7.92  6.49  6.28  5.79  6.36  8.99 13.83 12.56 16.39 22.08 29.69
 9020.25  6.85  7.83  6.41  6.20  5.71  6.27  8.88 13.72 12.43 16.26 21.94 29.52
 9021.25  6.51  7.47  6.09  5.89  5.43  5.96  8.47 13.17 11.90 15.63 21.17 28.59
 9022.25  5.54  6.39  5.17  5.01  4.60  5.06  7.26 11.50 10.33 13.72 18.86 25.85
 9023.25  4.74  5.51  4.42  4.28  3.92  4.32  6.27 10.12  9.03 12.16 16.99 23.73
 9024.25  5.26  6.11  4.91  4.76  4.37  4.80  6.93 11.11  9.92 13.28 18.38 25.38
 9025.25  6.01  6.96  5.62  5.45  5.02  5.50  7.85 12.34 11.07 14.59 19.80 26.74
 9026.25  6.19  7.18  5.80  5.63  5.18  5.67  8.07 12.64 11.33 14.89 20.09 26.98
 9027.25  6.65  7.72  6.23  6.05  5.58  6.10  8.66 13.53 12.13 15.90 21.38 28.58
 9028.25  6.69  7.79  6.28  6.10  5.62  6.14  8.73 13.68 12.23 16.06 21.60 28.89
 9029.25  6.20  7.25  5.81  5.65  5.20  5.68  8.13 12.89 11.48 15.18 20.58 27.74
 9030.25  5.28  6.22  4.94  4.80  4.41  4.83  6.99 11.31 10.00 13.42 18.49 25.36
 9031.25  4.95  5.86  4.64  4.51  4.14  4.53  6.58 10.73  9.45 12.74 17.64 24.32
 9032.25  5.70  6.73  5.34  5.20  4.78  5.22  7.52 12.10 10.70 14.27 19.48 26.41
 9033.25  6.18  7.30  5.81  5.65  5.20  5.67  8.14 13.00 11.50 15.25 20.64 27.73
 9034.25  6.13  7.26  5.76  5.61  5.16  5.63  8.08 12.94 11.43 15.17 20.55 27.60
 9035.25  6.42  7.60  6.04  5.88  5.41  5.89  8.44 13.44 11.87 15.70 21.13 28.19
 9036.25  6.79  8.04  6.39  6.23  5.74  6.24  8.89 14.08 12.44 16.37 21.87 28.96
 9037.25  6.94  8.24  6.55  6.39  5.89  6.39  9.09 14.36 12.69 16.65 22.17 29.25
 9038.25  6.32  7.54  5.95  5.80  5.34  5.81  8.33 13.35 11.73 15.55 20.92 27.88
 9039.25  3.70  4.48  3.47  3.38  3.10  3.38  4.98  8.42  7.27 10.00 14.10 19.81
 9040.25  2.27  2.77  2.12  2.07  1.89  2.07  3.08  5.34  4.57  6.39  9.22 13.36
 9041.25  2.59  3.16  2.43  2.37  2.16  2.36  3.52  6.07  5.19  7.24 10.39 14.92
 9042.25  4.63  5.63  4.36  4.26  3.91  4.25  6.21 10.34  8.94 12.13 16.72 22.86
 9043.25  6.42  7.74  6.06  5.93  5.46  5.92  8.47 13.60 11.88 15.70 20.95 27.60
 9044.25  6.82  8.22  6.45  6.31  5.82  6.29  8.98 14.33 12.53 16.49 21.87 28.64
 9045.25  6.31  7.65  5.96  5.83  5.37  5.81  8.35 13.54 11.76 15.63 20.92 27.63
 9046.25  5.77  7.04  5.45  5.34  4.91  5.31  7.69 12.63 10.92 14.63 19.76 26.34
 9047.25  6.15  7.50  5.82  5.70  5.25  5.67  8.17 13.30 11.51 15.33 20.52 27.10
 9048.25  6.38  7.78  6.04  5.92  5.45  5.89  8.46 13.72 11.88 15.76 21.00 27.57
 9049.25  6.12  7.50  5.80  5.68  5.23  5.65  8.15 13.32 11.49 15.32 20.50 27.03
 9050.25  3.92  4.88  3.70  3.63  3.33  3.60  5.32  9.11  7.73 10.63 14.78 20.31
 9051.25  2.00  2.51  1.88  1.85  1.69  1.83  2.74  4.85  4.06  5.73  8.21 11.73
 9052.25  1.62  2.04  1.53  1.50  1.37  1.48  2.23  3.96  3.31  4.67  6.72  9.65
 9053.25  2.44  3.08  2.31  2.27  2.07  2.25  3.35  5.91  4.95  6.94  9.85 13.89
 9054.25  4.93  6.15  4.67  4.59  4.21  4.54  6.65 11.22  9.52 12.93 17.59 23.54
 9055.25  6.21  7.71  5.90  5.81  5.35  5.75  8.29 13.65 11.68 15.58 20.71 27.05
 9056.25  6.24  7.76  5.93  5.84  5.38  5.78  8.33 13.72 11.73 15.64 20.77 27.09
 9057.25  6.22  7.75  5.91  5.82  5.36  5.75  8.31 13.70 11.69 15.60 20.71 26.98
 9058.25  5.92  7.41  5.63  5.54  5.10  5.48  7.94 13.21 11.23 15.06 20.08 26.26
 9059.25  5.44  6.85  5.17  5.10  4.69  5.03  7.34 12.35 10.44 14.11 18.94 24.94
 9060.25  5.52  6.95  5.25  5.17  4.76  5.11  7.43 12.47 10.54 14.20 18.99 24.88
 9061.25  5.91  7.44  5.63  5.55  5.11  5.48  7.93 13.19 11.18 14.96 19.85 25.78
 9062.25  6.04  7.62  5.76  5.69  5.24  5.61  8.10 13.45 11.39 15.22 20.12 26.03
 9063.25  6.15  7.75  5.87  5.79  5.34  5.71  8.23 13.64 11.55 15.40 20.30 26.17
 9064.25  6.40  8.07  6.11  6.03  5.56  5.94  8.55 14.11 11.96 15.89 20.85 26.76
 9065.25  6.40  8.10  6.12  6.04  5.57  5.95  8.58 14.20 12.01 15.99 21.00 26.95
 9066.25  5.39  6.89  5.14  5.08  4.67  4.99  7.30 12.44 10.39 14.09 18.85 24.62
 9067.25  4.88  6.28  4.65  4.60  4.23  4.52  6.65 11.48  9.54 13.03 17.57 23.13
 9068.25  4.85  6.25  4.63  4.58  4.21  4.50  6.61 11.38  9.46 12.90 17.33 22.71
 9069.25  5.16  6.64  4.94  4.88  4.49  4.79  7.00 11.94  9.95 13.47 17.92 23.24
 9070.25  4.93  6.37  4.71  4.66  4.28  4.57  6.71 11.57  9.59 13.07 17.50 22.83
 9071.25  4.38  5.70  4.18  4.14  3.80  4.06  6.00 10.48  8.63 11.86 16.02 21.08
 9072.25  4.56  5.94  4.36  4.32  3.97  4.23  6.24 10.84  8.94 12.24 16.43 21.47
 9073.25  4.82  6.29  4.62  4.58  4.21  4.48  6.59 11.43  9.42 12.87 17.23 22.41
 9074.25  5.50  7.15  5.28  5.23  4.82  5.12  7.47 12.76 10.57 14.28 18.86 24.20
 9075.25  6.18  8.00  5.93  5.89  5.43  5.76  8.34 14.05 11.69 15.65 20.44 25.95
 9076.25  6.33  8.20  6.08  6.04  5.57  5.90  8.54 14.39 11.96 16.00 20.87 26.43
 9077.25  6.18  8.04  5.94  5.90  5.44  5.76  8.36 14.15 11.73 15.74 20.56 26.07
 9078.25  5.83  7.62  5.60  5.57  5.13  5.44  7.91 13.49 11.14 15.01 19.67 25.00
 9079.25  5.41  7.09  5.20  5.17  4.76  5.04  7.36 12.63 10.40 14.05 18.46 23.50
 9080.25  5.40  7.09  5.19  5.17  4.76  5.04  7.35 12.59 10.36 13.99 18.33 23.27
 9081.25  5.60  7.37  5.39  5.37  4.95  5.23  7.62 13.03 10.72 14.45 18.87 23.86
 9082.25  6.00  7.89  5.78  5.75  5.31  5.61  8.15 13.88 11.43 15.35 19.98 25.16
 9083.25  6.17  8.13  5.94  5.92  5.46  5.77  8.38 14.29 11.75 15.78 20.52 25.79
 9084.25  6.02  7.96  5.80  5.78  5.33  5.63  8.19 14.05 11.52 15.52 20.22 25.44
 9085.25  5.60  7.45  5.40  5.39  4.96  5.24  7.66 13.27 10.82 14.67 19.19 24.24
 9086.25  4.65  6.24  4.48  4.47  4.11  4.34  6.41 11.33  9.15 12.56 16.63 21.23
 9087.25  3.90  5.28  3.76  3.75  3.44  3.64  5.42  9.78  7.83 10.88 14.59 18.84
 9088.25  3.96  5.38  3.82  3.81  3.50  3.69  5.52 10.00  7.98 11.12 14.95 19.34
 9089.25  4.62  6.26  4.46  4.45  4.09  4.31  6.40 11.45  9.18 12.67 16.83 21.50
 9090.25  5.75  7.72  5.56  5.56  5.12  5.39  7.88 13.68 11.09 15.02 19.53 24.43
 9091.25  6.23  8.34  6.03  6.04  5.57  5.85  8.50 14.58 11.88 15.96 20.57 25.52
 9092.25  5.83  7.86  5.65  5.65  5.21  5.47  7.99 13.86 11.23 15.18 19.66 24.48
 9093.25  4.77  6.51  4.62  4.63  4.25  4.47  6.62 11.82  9.45 13.00 17.12 21.63
 9094.25  3.12  4.33  3.02  3.02  2.77  2.92  4.40  8.18  6.41  9.07 12.28 15.95
 9095.25  2.64  3.68  2.55  2.56  2.34  2.46  3.73  7.03  5.47  7.80 10.64 13.92
 9096.25  3.62  5.02  3.50  3.51  3.22  3.38  5.09  9.41  7.38 10.38 13.94 17.91
 9097.25  5.37  7.35  5.21  5.22  4.81  5.04  7.43 13.17 10.52 14.39 18.75 23.38
 9098.25  5.85  7.98  5.68  5.70  5.26  5.50  8.05 14.06 11.29 15.29 19.71 24.32
 9099.25  5.36  7.35  5.21  5.23  4.82  5.04  7.40 13.04 10.43 14.20 18.37 22.72
 9100.25  5.10  7.03  4.96  4.98  4.59  4.80  7.07 12.55 10.00 13.65 17.70 21.92
 9101.25  5.61  7.72  5.46  5.49  5.06  5.28  7.75 13.67 10.91 14.84 19.14 23.56
 9102.25  6.09  8.37  5.93  5.96  5.50  5.74  8.39 14.68 11.75 15.89 20.38 24.95
 9103.25  5.08  7.07  4.95  4.98  4.58  4.78  7.08 12.76 10.07 13.86 18.06 22.41
 9104.25  2.87  4.08  2.79  2.81  2.58  2.69  4.08  7.76  5.97  8.50 11.46 14.68
 9105.25  2.05  2.94  2.00  2.01  1.84  1.93  2.94  5.67  4.32  6.22  8.47 10.96
 9106.25  2.55  3.65  2.48  2.50  2.29  2.39  3.64  6.96  5.33  7.62 10.29 13.17
 9107.25  4.34  6.13  4.24  4.27  3.93  4.09  6.10 11.18  8.73 12.12 15.85 19.66
 9108.25  5.90  8.20  5.76  5.81  5.36  5.57  8.15 14.32 11.38 15.40 19.62 23.78
 9109.25  6.45  8.93  6.30  6.36  5.87  6.10  8.87 15.43 12.31 16.55 20.96 25.24
 9110.25  6.51  9.04  6.37  6.43  5.94  6.16  8.97 15.64 12.45 16.76 21.21 25.52
 9111.25  6.38  8.89  6.24  6.30  5.82  6.03  8.81 15.44 12.26 16.54 20.98 25.24
 9112.25  6.32  8.84  6.19  6.25  5.77  5.98  8.74 15.37 12.18 16.45 20.86 25.08
 9113.25  6.35  8.89  6.22  6.28  5.80  6.01  8.78 15.44 12.22 16.51 20.91 25.09
 9114.25  6.34  8.90  6.21  6.28  5.80  6.00  8.77 15.45 12.21 16.50 20.88 25.02
 9115.25  6.11  8.62  5.99  6.06  5.60  5.79  8.49 15.05 11.85 16.06 20.37 24.43
 9116.25  5.78  8.19  5.67  5.74  5.29  5.47  8.06 14.42 11.30 15.40 19.60 23.55
 9117.25  5.35  7.63  5.25  5.31  4.90  5.06  7.49 13.54 10.55 14.46 18.48 22.25
 9118.25  4.85  6.96  4.76  4.82  4.44  4.59  6.82 12.47  9.66 13.32 17.09 20.62
 9119.25  4.89  7.03  4.80  4.87  4.48  4.63  6.88 12.60  9.75 13.45 17.24 20.78
 9120.25  5.39  7.75  5.30  5.37  4.95  5.11  7.57 13.79 10.68 14.68 18.74 22.48
 9121.25  5.60  8.05  5.50  5.58  5.15  5.31  7.86 14.29 11.07 15.20 19.36 23.15
 9122.25  5.46  7.90  5.38  5.46  5.03  5.19  7.69 14.07 10.86 14.95 19.08 22.82
 9123.25  5.11  7.44  5.03  5.11  4.71  4.85  7.23 13.37 10.26 14.22 18.21 21.84
 9124.25  4.43  6.51  4.36  4.44  4.08  4.20  6.32 11.91  9.05 12.68 16.40 19.80
 9125.25  3.89  5.77  3.83  3.90  3.58  3.69  5.59 10.71  8.06 11.41 14.88 18.06
 9126.25  4.08  6.04  4.02  4.09  3.76  3.87  5.84 11.17  8.41 11.87 15.43 18.66
 9127.25  4.60  6.79  4.54  4.62  4.25  4.37  6.56 12.35  9.36 13.09 16.84 20.16
 9128.25  4.81  7.08  4.75  4.83  4.45  4.57  6.84 12.77  9.71 13.50 17.26 20.55
 9129.25  4.87  7.17  4.81  4.90  4.52  4.64  6.92 12.86  9.80 13.59 17.30 20.52
 9130.25  4.95  7.28  4.89  4.99  4.60  4.71  7.01 12.96  9.90 13.66 17.33 20.46
 9131.25  5.42  7.95  5.36  5.46  5.04  5.17  7.65 13.99 10.73 14.72 18.54 21.76
 9132.25  5.86  8.58  5.80  5.92  5.46  5.59  8.25 14.98 11.52 15.73 19.72 23.03
 9133.25  5.93  8.69  5.88  5.99  5.54  5.66  8.35 15.16 11.65 15.90 19.90 23.20
 9134.25  5.64  8.30  5.58  5.70  5.26  5.38  7.96 14.55 11.13 15.25 19.14 22.32
 9135.25  5.07  7.52  5.02  5.13  4.73  4.84  7.20 13.35 10.14 13.99 17.65 20.64
 9136.25  4.38  6.57  4.35  4.44  4.09  4.18  6.27 11.84  8.91 12.42 15.78 18.53
 9137.25  4.81  7.20  4.78  4.88  4.50  4.60  6.87 12.86  9.70 13.46 17.01 19.87
 9138.25  5.40  8.06  5.36  5.48  5.05  5.16  7.68 14.28 10.80 14.92 18.76 21.81
 9139.25  5.47  8.19  5.44  5.57  5.13  5.23  7.80 14.51 10.97 15.15 19.04 22.10
 9140.25  5.75  8.58  5.72  5.85  5.40  5.50  8.16 15.05 11.42 15.69 19.61 22.65
 9141.25  5.84  8.72  5.81  5.95  5.49  5.59  8.29 15.26 11.58 15.89 19.81 22.82
 9142.25  5.67  8.50  5.64  5.78  5.33  5.43  8.07 14.96 11.30 15.57 19.45 22.40
 9143.25  5.70  8.56  5.67  5.82  5.37  5.46  8.11 15.01 11.34 15.60 19.46 22.36
 9144.25  5.79  8.69  5.77  5.91  5.46  5.55  8.23 15.20 11.49 15.78 19.64 22.49
 9145.25  5.80  8.73  5.78  5.93  5.48  5.56  8.25 15.29 11.53 15.85 19.72 22.56
 9146.25  5.73  8.67  5.72  5.87  5.42  5.50  8.18 15.21 11.44 15.76 19.62 22.42
 9147.25  5.65  8.58  5.64  5.80  5.35  5.43  8.08 15.09 11.32 15.62 19.46 22.22
 9148.25  5.63  8.56  5.62  5.78  5.33  5.40  8.05 15.06 11.28 15.58 19.39 22.10
 9149.25  5.45  8.32  5.45  5.60  5.17  5.24  7.82 14.70 10.98 15.20 18.93 21.56
 9150.25  5.28  8.08  5.28  5.43  5.01  5.07  7.58 14.32 10.66 14.80 18.45 20.99
 9151.25  5.26  8.07  5.26  5.41  5.00  5.05  7.55 14.25 10.61 14.71 18.30 20.78
 9152.25  4.69  7.25  4.69  4.83  4.46  4.50  6.77 12.96  9.57 13.37 16.72 19.01
 9153.25  3.42  5.40  3.43  3.54  3.25  3.29  5.02 10.04  7.24 10.37 13.22 15.20
 9154.25  2.63  4.20  2.63  2.72  2.49  2.52  3.89  7.98  5.67  8.25 10.65 12.32
 9155.25  2.57  4.12  2.58  2.66  2.44  2.47  3.81  7.81  5.54  8.06 10.39 11.98
 9156.25  3.47  5.52  3.49  3.60  3.31  3.34  5.11 10.22  7.35 10.52 13.36 15.24
 9157.25  4.52  7.12  4.54  4.69  4.32  4.35  6.59 12.88  9.38 13.23 16.58 18.74
 9158.25  4.83  7.60  4.86  5.02  4.62  4.66  7.04 13.67  9.97 14.02 17.51 19.72
 9159.25  4.34  6.88  4.36  4.51  4.15  4.18  6.35 12.55  9.07 12.87 16.16 18.23
 9160.25  4.37  6.94  4.40  4.55  4.19  4.21  6.40 12.62  9.12 12.92 16.19 18.21
 9161.25  4.37  6.95  4.40  4.55  4.19  4.21  6.40 12.65  9.13 12.95 16.22 18.21
 9162.25  3.51  5.66  3.53  3.66  3.37  3.38  5.20 10.56  7.50 10.81 13.71 15.47
 9163.25  2.75  4.49  2.77  2.88  2.64  2.65  4.11  8.54  5.98  8.74 11.18 12.67
 9164.25  2.87  4.70  2.90  3.01  2.76  2.77  4.29  8.90  6.23  9.09 11.61 13.10
 9165.25  4.10  6.61  4.13  4.29  3.95  3.96  6.04 12.12  8.65 12.36 15.50 17.29
 9166.25  5.24  8.32  5.29  5.49  5.06  5.07  7.64 14.77 10.75 15.03 18.53 20.46
 9167.25  5.20  8.26  5.25  5.44  5.02  5.03  7.57 14.64 10.64 14.87 18.32 20.18
 9168.25  5.15  8.20  5.20  5.40  4.98  4.98  7.51 14.53 10.55 14.75 18.14 19.95
 9169.25  5.29  8.43  5.34  5.55  5.12  5.12  7.70 14.88 10.81 15.09 18.53 20.32
 9170.25  5.40  8.62  5.47  5.68  5.24  5.24  7.87 15.19 11.04 15.39 18.86 20.63
 9171.25  5.37  8.59  5.44  5.65  5.22  5.21  7.84 15.14 10.98 15.32 18.77 20.48
 9172.25  5.07  8.15  5.13  5.34  4.93  4.92  7.42 14.46 10.43 14.62 17.95 19.58
 9173.25  4.82  7.79  4.89  5.09  4.69  4.68  7.07 13.84  9.96 13.99 17.17 18.71
 9174.25  4.69  7.58  4.75  4.95  4.57  4.55  6.88 13.45  9.67 13.58 16.65 18.09
 9175.25  4.96  8.01  5.03  5.24  4.84  4.82  7.26 14.12 10.18 14.24 17.40 18.84
 9176.25  5.35  8.60  5.43  5.65  5.22  5.20  7.80 15.03 10.89 15.15 18.42 19.88
 9177.25  5.44  8.77  5.53  5.76  5.32  5.29  7.94 15.31 11.08 15.41 18.73 20.16
 9178.25  5.63  9.08  5.72  5.96  5.51  5.48  8.22 15.81 11.45 15.90 19.28 20.70
 9179.25  5.84  9.40  5.94  6.19  5.72  5.69  8.51 16.30 11.82 16.37 19.80 21.21
 9180.25  5.91  9.52  6.01  6.27  5.80  5.76  8.61 16.47 11.95 16.53 19.97 21.34
 9181.25  6.01  9.68  6.12  6.38  5.91  5.86  8.75 16.67 12.11 16.72 20.14 21.46
 9182.25  6.01  9.70  6.12  6.39  5.91  5.86  8.75 16.71 12.12 16.74 20.15 21.43
 9183.25  5.74  9.32  5.85  6.11  5.65  5.60  8.39 16.15 11.65 16.16 19.49 20.71
 9184.25  5.20  8.53  5.31  5.55  5.12  5.07  7.65 14.96 10.70 14.96 18.12 19.24
 9185.25  5.23  8.60  5.34  5.59  5.16  5.11  7.71 15.09 10.78 15.08 18.25 19.33
 9186.25  5.75  9.40  5.88  6.14  5.68  5.62  8.43 16.31 11.72 16.28 19.59 20.68
 9187.25  6.06  9.87  6.19  6.47  5.99  5.92  8.85 16.98 12.24 16.93 20.30 21.37
 9188.25  6.18 10.06  6.32  6.61  6.12  6.04  9.02 17.24 12.45 17.19 20.57 21.59
 9189.25  6.13 10.00  6.27  6.56  6.07  5.99  8.95 17.16 12.37 17.09 20.45 21.43
 9190.25  6.02  9.87  6.16  6.45  5.97  5.89  8.82 16.97 12.20 16.88 20.20 21.13
 9191.25  5.81  9.57  5.95  6.23  5.76  5.68  8.53 16.56 11.84 16.46 19.72 20.60
 9192.25  5.67  9.38  5.81  6.09  5.64  5.55  8.35 16.27 11.60 16.16 19.37 20.19
 9193.25  5.84  9.65  5.98  6.27  5.81  5.72  8.58 16.65 11.89 16.52 19.75 20.53
 9194.25  5.71  9.48  5.86  6.15  5.69  5.60  8.42 16.40 11.68 16.25 19.44 20.17
 9195.25  5.42  9.03  5.56  5.84  5.40  5.31  8.00 15.67 11.13 15.52 18.57 19.23
 9196.25  5.61  9.34  5.76  6.05  5.60  5.50  8.28 16.13 11.47 15.96 19.04 19.67
 9197.25  6.00  9.96  6.17  6.48  6.00  5.89  8.83 17.09 12.19 16.90 20.10 20.70
 9198.25  6.05 10.07  6.22  6.54  6.06  5.94  8.91 17.26 12.30 17.05 20.27 20.83
 9199.25  5.88  9.83  6.05  6.36  5.89  5.77  8.68 16.95 12.02 16.73 19.91 20.42
 9200.25  5.81  9.75  5.98  6.29  5.82  5.71  8.60 16.85 11.92 16.62 19.78 20.25
 9201.25  5.85  9.83  6.03  6.34  5.87  5.75  8.66 16.97 12.00 16.73 19.88 20.31
 9202.25  5.80  9.78  5.98  6.30  5.83  5.71  8.60 16.91 11.93 16.65 19.79 20.17
 9203.25  5.73  9.69  5.91  6.23  5.76  5.64  8.51 16.79 11.81 16.51 19.63 19.96
 9204.25  5.62  9.54  5.80  6.12  5.66  5.53  8.37 16.57 11.63 16.29 19.36 19.64
 9205.25  5.50  9.38  5.68  5.99  5.54  5.41  8.20 16.32 11.42 16.02 19.05 19.28
 9206.25  5.51  9.41  5.70  6.02  5.57  5.43  8.23 16.36 11.44 16.04 19.05 19.24
 9207.25  5.46  9.35  5.65  5.97  5.52  5.39  8.16 16.27 11.36 15.95 18.93 19.07
 9208.25  5.50  9.43  5.69  6.02  5.57  5.43  8.22 16.38 11.43 16.04 19.01 19.10
 9209.25  5.72  9.79  5.93  6.26  5.80  5.65  8.54 16.90 11.83 16.54 19.55 19.59
 9210.25  5.71  9.80  5.92  6.26  5.80  5.64  8.53 16.94 11.83 16.57 19.58 19.58
 9211.25  5.51  9.52  5.72  6.05  5.60  5.44  8.27 16.56 11.50 16.17 19.14 19.09
 9212.25  5.42  9.38  5.62  5.95  5.51  5.35  8.14 16.34 11.33 15.95 18.87 18.78
 9213.25  5.38  9.33  5.58  5.91  5.47  5.32  8.08 16.24 11.25 15.84 18.72 18.59
 9214.25  5.43  9.42  5.64  5.98  5.54  5.37  8.16 16.35 11.33 15.93 18.79 18.61
 9215.25  5.52  9.57  5.74  6.08  5.63  5.46  8.28 16.55 11.48 16.12 18.98 18.75
 9216.25  5.35  9.32  5.56  5.90  5.46  5.29  8.05 16.22 11.20 15.77 18.60 18.33
 9217.25  4.51  8.02  4.70  4.99  4.61  4.46  6.88 14.32  9.69 13.89 16.52 16.22
 9218.25  3.36  6.14  3.51  3.74  3.44  3.33  5.22 11.40  7.49 11.02 13.29 12.99
 9219.25  3.06  5.64  3.20  3.42  3.14  3.04  4.78 10.59  6.89 10.22 12.37 12.04
 9220.25  4.02  7.29  4.20  4.47  4.12  3.98  6.20 13.28  8.82 12.83 15.34 14.92
 9221.25  5.17  9.16  5.39  5.74  5.31  5.13  7.85 16.08 10.96 15.56 18.34 17.83
 9222.25  5.22  9.26  5.45  5.80  5.37  5.18  7.93 16.21 11.06 15.68 18.45 17.89
 9223.25  4.88  8.75  5.10  5.44  5.02  4.84  7.46 15.49 10.46 14.96 17.65 17.06
 9224.25  4.11  7.50  4.31  4.60  4.24  4.09  6.36 13.60  9.02 13.10 15.58 14.99
 9225.25  3.06  5.71  3.22  3.44  3.17  3.05  4.80 10.68  6.91 10.25 12.33 11.79
 9226.25  2.40  4.53  2.52  2.70  2.48  2.39  3.79  8.63  5.50  8.26 10.00  9.51
 9227.25  2.30  4.36  2.42  2.59  2.38  2.29  3.64  8.32  5.28  7.96  9.63  9.13
 9228.25  2.75  5.19  2.89  3.10  2.85  2.74  4.34  9.80  6.27  9.37 11.27 10.67
 9229.25  3.62  6.74  3.81  4.08  3.76  3.61  5.66 12.41  8.08 11.88 14.14 13.38
 9230.25  4.38  8.05  4.60  4.93  4.55  4.37  6.78 14.45  9.57 13.85 16.33 15.45
 9231.25  4.63  8.49  4.87  5.22  4.82  4.62  7.15 15.11 10.06 14.48 17.01 16.07
 9232.25  4.74  8.67  4.98  5.33  4.93  4.73  7.30 15.37 10.25 14.73 17.27 16.27
 9233.25  5.05  9.18  5.31  5.68  5.26  5.04  7.75 16.10 10.81 15.43 18.01 16.94
 9234.25  5.11  9.29  5.38  5.76  5.33  5.10  7.84 16.24 10.92 15.55 18.12 17.01
 9235.25  4.92  9.01  5.18  5.55  5.14  4.92  7.57 15.83 10.59 15.14 17.66 16.51
 9236.25  4.84  8.90  5.10  5.47  5.06  4.84  7.47 15.72 10.47 15.01 17.52 16.32
 9237.25  4.87  8.97  5.14  5.52  5.10  4.87  7.52 15.80 10.52 15.08 17.57 16.33
 9238.25  4.85  8.93  5.12  5.49  5.08  4.85  7.48 15.71 10.46 14.99 17.44 16.16
 9239.25  4.89  9.03  5.17  5.55  5.13  4.90  7.56 15.86 10.56 15.12 17.57 16.24
 9240.25  5.04  9.30  5.33  5.72  5.29  5.05  7.78 16.27 10.85 15.50 17.99 16.58
 9241.25  5.10  9.41  5.39  5.79  5.36  5.11  7.87 16.46 10.97 15.67 18.16 16.70
 9242.25  5.01  9.28  5.30  5.70  5.27  5.02  7.75 16.27 10.81 15.47 17.93 16.43
 9243.25  4.87  9.07  5.16  5.55  5.13  4.89  7.55 15.95 10.56 15.15 17.56 16.03
 9244.25  4.80  8.96  5.09  5.48  5.07  4.82  7.46 15.78 10.43 14.97 17.35 15.79
 9245.25  4.83  9.02  5.12  5.51  5.10  4.85  7.50 15.84 10.47 15.02 17.38 15.77
 9246.25  4.93  9.21  5.23  5.64  5.21  4.96  7.65 16.11 10.66 15.27 17.63 15.97
 9247.25  5.15  9.59  5.47  5.89  5.45  5.18  7.97 16.69 11.08 15.82 18.23 16.47
 9248.25  5.18  9.66  5.50  5.92  5.48  5.20  8.02 16.82 11.15 15.93 18.34 16.52
 9249.25  4.62  8.76  4.92  5.31  4.91  4.65  7.23 15.54 10.15 14.67 16.97 15.18
 9250.25  4.07  7.84  4.34  4.69  4.33  4.10  6.43 14.15  9.10 13.32 15.47 13.73
 9251.25  4.08  7.86  4.35  4.70  4.34  4.11  6.44 14.17  9.11 13.33 15.47 13.69
 9252.25  4.16  8.03  4.44  4.80  4.44  4.19  6.57 14.45  9.29 13.58 15.74 13.89
 9253.25  3.91  7.60  4.17  4.52  4.17  3.94  6.20 13.81  8.80 12.96 15.05 13.20
 9254.25  3.99  7.77  4.27  4.62  4.27  4.03  6.34 14.07  8.98 13.19 15.29 13.37
 9255.25  4.52  8.70  4.83  5.23  4.83  4.56  7.12 15.47 10.00 14.53 16.74 14.66
 9256.25  4.52  8.73  4.84  5.24  4.84  4.57  7.14 15.53 10.02 14.57 16.77 14.65
 9257.25  4.84  9.28  5.17  5.60  5.18  4.89  7.60 16.31 10.61 15.32 17.56 15.33
 9258.25  5.38 10.18  5.75  6.22  5.77  5.44  8.38 17.54 11.58 16.50 18.80 16.45
 9259.25  5.39 10.19  5.76  6.23  5.78  5.45  8.38 17.51 11.57 16.46 18.72 16.34
 9260.25  5.33 10.10  5.70  6.17  5.72  5.39  8.30 17.34 11.45 16.29 18.51 16.11
 9261.25  5.40 10.24  5.78  6.26  5.81  5.47  8.41 17.54 11.59 16.47 18.69 16.22
 9262.25  5.25 10.03  5.63  6.10  5.66  5.32  8.21 17.30 11.36 16.22 18.43 15.91
 9263.25  4.83  9.37  5.19  5.64  5.21  4.90  7.62 16.44 10.64 15.37 17.52 14.99
 9264.25  4.26  8.42  4.58  4.99  4.61  4.32  6.80 15.08  9.58 14.04 16.09 13.63
 9265.25  3.91  7.80  4.21  4.59  4.23  3.96  6.27 14.15  8.89 13.14 15.10 12.68
 9266.25  4.57  8.98  4.92  5.36  4.95  4.64  7.26 15.90 10.18 14.81 16.89 14.25
 9267.25  5.05  9.82  5.44  5.91  5.47  5.13  7.97 17.10 11.08 15.95 18.09 15.30
 9268.25  4.64  9.13  5.00  5.44  5.03  4.71  7.37 16.14 10.32 15.01 17.07 14.32
 9269.25  4.75  9.35  5.13  5.58  5.17  4.83  7.55 16.42 10.54 15.27 17.34 14.52
 9270.25  5.29 10.25  5.69  6.20  5.74  5.37  8.32 17.67 11.50 16.46 18.58 15.61
 9271.25  5.50 10.61  5.92  6.44  5.97  5.59  8.62 18.14 11.87 16.91 19.04 15.98
 9272.25  5.40 10.46  5.83  6.34  5.88  5.50  8.49 17.90 11.69 16.67 18.76 15.69
 9273.25  5.34 10.37  5.76  6.28  5.82  5.44  8.40 17.76 11.58 16.52 18.58 15.47
 9274.25  5.43 10.55  5.87  6.39  5.93  5.54  8.54 18.03 11.76 16.77 18.84 15.65
 9275.25  5.47 10.64  5.91  6.45  5.98  5.58  8.61 18.17 11.85 16.88 18.94 15.69
 9276.25  5.44 10.61  5.88  6.42  5.95  5.55  8.57 18.12 11.80 16.83 18.87 15.57
 9277.25  5.26 10.31  5.69  6.22  5.76  5.37  8.31 17.69 11.46 16.40 18.40 15.10
 9278.25  4.93  9.72  5.34  5.84  5.41  5.04  7.82 16.76 10.81 15.52 17.41 14.21
 9279.25  4.78  9.45  5.18  5.66  5.25  4.88  7.59 16.31 10.50 15.09 16.92 13.75
 9280.25  5.03  9.94  5.46  5.97  5.53  5.15  7.98 17.08 11.02 15.80 17.68 14.33
 9281.25  5.46 10.71  5.92  6.47  6.00  5.58  8.62 18.23 11.84 16.88 18.83 15.27
 9282.25  5.62 11.00  6.09  6.66  6.18  5.75  8.85 18.63 12.13 17.25 19.22 15.56
 9283.25  5.47 10.77  5.94  6.50  6.03  5.60  8.65 18.33 11.88 16.94 18.88 15.20
 9284.25  5.16 10.23  5.61  6.14  5.69  5.28  8.19 17.50 11.27 16.15 18.00 14.40
 9285.25  4.88  9.75  5.31  5.82  5.40  5.00  7.78 16.78 10.74 15.46 17.24 13.70
 9286.25  4.84  9.72  5.27  5.78  5.36  4.96  7.74 16.78 10.70 15.44 17.22 13.61
 9287.25  4.33  8.87  4.73  5.20  4.81  4.44  7.00 15.67  9.79 14.35 16.07 12.51
 9288.25  3.21  6.81  3.52  3.88  3.58  3.30  5.30 12.55  7.55 11.39 12.88  9.77
 9289.25  3.00  6.42  3.29  3.64  3.36  3.09  4.98 11.91  7.11 10.79 12.21  9.19
 9290.25  3.56  7.52  3.90  4.31  3.98  3.66  5.86 13.69  8.30 12.43 13.99 10.59
 9291.25  3.86  8.10  4.23  4.67  4.32  3.97  6.33 14.56  8.92 13.25 14.85 11.26
 9292.25  4.56  9.38  5.00  5.50  5.10  4.69  7.39 16.42 10.28 15.00 16.70 12.79
 9293.25  5.00 10.14  5.48  6.02  5.59  5.15  8.03 17.42 11.07 15.96 17.68 13.62
 9294.25  4.19  8.71  4.60  5.08  4.70  4.32  6.83 15.36  9.54 13.99 15.58 11.78
 9295.25  2.99  6.45  3.29  3.65  3.37  3.09  4.98 11.91  7.09 10.74 12.07  8.86
 9296.25  2.70  5.90  2.98  3.31  3.05  2.79  4.53 11.02  6.48  9.91 11.16  8.09
 9297.25  2.77  6.04  3.06  3.40  3.14  2.87  4.64 11.24  6.63 10.11 11.36  8.22
 9298.25  3.65  7.77  4.03  4.46  4.12  3.77  6.02 13.96  8.48 12.63 14.06 10.33
 9299.25  4.80  9.88  5.28  5.82  5.40  4.95  7.76 17.04 10.72 15.53 17.13 12.83
 9300.25  4.57  9.44  5.03  5.56  5.15  4.72  7.40 16.27 10.23 14.82 16.34 12.19
 9301.25  4.50  9.32  4.95  5.47  5.07  4.65  7.29 16.09 10.08 14.63 16.13 11.96
 9302.25  4.97 10.22  5.47  6.05  5.61  5.14  8.03 17.47 11.04 15.91 17.48 12.99
 9303.25  5.02 10.32  5.53  6.11  5.67  5.20  8.10 17.57 11.12 16.00 17.56 13.02
 9304.25  4.77  9.89  5.26  5.82  5.40  4.94  7.73 16.98 10.66 15.43 16.95 12.44
 9305.25  4.90 10.22  5.42  5.99  5.56  5.08  7.97 17.57 11.00 15.95 17.51 12.78
 9306.25  4.24  9.03  4.69  5.21  4.82  4.39  6.98 15.94  9.74 14.38 15.85 11.34
 9307.25  1.86  4.20  2.07  2.31  2.13  1.93  3.17  8.00  4.56  7.09  7.94  5.38
 9308.25  0.80  1.83  0.89  1.00  0.92  0.83  1.37  3.58  1.99  3.15  3.54  2.35
 9309.25  0.56  1.29  0.62  0.70  0.64  0.58  0.96  2.53  1.40  2.22  2.50  1.64
 9310.25  0.67  1.56  0.75  0.84  0.78  0.70  1.16  3.06  1.69  2.68  3.01  1.96
 9311.25  1.04  2.41  1.17  1.31  1.20  1.09  1.80  4.71  2.61  4.13  4.63  3.01
 9312.25  1.40  3.23  1.56  1.75  1.61  1.46  2.41  6.26  3.49  5.50  6.14  4.00
 9313.25  1.66  3.85  1.86  2.09  1.93  1.74  2.87  7.41  4.15  6.51  7.26  4.72
 9314.25  1.11  2.60  1.25  1.40  1.29  1.16  1.93  5.05  2.80  4.42  4.94  3.17
 9315.25  0.46  1.07  0.51  0.58  0.53  0.48  0.79  2.10  1.15  1.83  2.05  1.30
 9316.25  0.31  0.74  0.35  0.40  0.36  0.33  0.54  1.44  0.79  1.26  1.41  0.89
 9317.25  0.79  1.86  0.89  1.00  0.92  0.83  1.38  3.63  2.00  3.17  3.53  2.21
 9318.25  2.49  5.68  2.80  3.14  2.90  2.61  4.25 10.53  6.07  9.31 10.25  6.64
 9319.25  2.05  4.73  2.30  2.59  2.39  2.14  3.52  8.94  5.06  7.86  8.68  5.51
 9320.25  1.56  3.66  1.76  1.98  1.82  1.63  2.70  7.05  3.91  6.16  6.81  4.24
 9321.25  2.04  4.76  2.30  2.59  2.39  2.14  3.53  9.04  5.08  7.92  8.73  5.47
 9322.25  3.28  7.37  3.68  4.13  3.82  3.44  5.55 13.28  7.82 11.78 12.85  8.32
 9323.25  2.27  5.23  2.56  2.88  2.66  2.39  3.90  9.71  5.56  8.54  9.36  5.90
 9324.25  0.83  1.97  0.94  1.06  0.97  0.87  1.45  3.84  2.10  3.34  3.69  2.22
 9325.25  0.42  1.00  0.47  0.53  0.49  0.44  0.73  1.96  1.06  1.70  1.87  1.11
 9326.25  0.45  1.09  0.51  0.58  0.53  0.48  0.79  2.13  1.15  1.85  2.04  1.20
 9327.25  0.73  1.75  0.83  0.93  0.86  0.77  1.28  3.43  1.86  2.97  3.27  1.92
 9328.25  2.04  4.79  2.31  2.60  2.40  2.15  3.53  9.00  5.06  7.86  8.59  5.18
 9329.25  4.51  9.91  5.07  5.68  5.27  4.74  7.52 17.09 10.38 15.23 16.41 10.55
 9330.25  4.62 10.10  5.20  5.82  5.40  4.86  7.68 17.31 10.57 15.44 16.61 10.69
 9331.25  3.77  8.48  4.26  4.78  4.43  3.97  6.37 14.96  8.89 13.25 14.29  8.92
 9332.25  2.42  5.70  2.75  3.11  2.87  2.56  4.20 10.60  5.99  9.26 10.06  5.97
 9333.25  1.36  3.28  1.55  1.75  1.62  1.44  2.39  6.30  3.44  5.45  5.94  3.42
 9334.25  1.33  3.22  1.52  1.72  1.59  1.41  2.34  6.17  3.38  5.33  5.81  3.32
 9335.25  2.64  6.15  3.00  3.39  3.13  2.79  4.54 11.18  6.42  9.79 10.57  6.26
 9336.25  3.92  8.76  4.43  4.98  4.62  4.13  6.59 15.18  9.12 13.45 14.41  8.86
 9337.25  4.05  9.04  4.58  5.15  4.78  4.27  6.80 15.60  9.39 13.82 14.79  9.07
 9338.25  2.75  6.43  3.13  3.54  3.28  2.92  4.75 11.64  6.69 10.18 10.96  6.40
 9339.25  1.11  2.74  1.27  1.45  1.34  1.18  1.97  5.29  2.85  4.54  4.93  2.70
 9340.25  0.84  2.07  0.96  1.09  1.00  0.89  1.49  4.04  2.16  3.46  3.75  2.02
 9341.25  1.06  2.64  1.22  1.39  1.28  1.13  1.89  5.12  2.74  4.38  4.75  2.55
 9342.25  1.49  3.64  1.71  1.94  1.79  1.58  2.63  6.89  3.78  5.94  6.41  3.50
 9343.25  1.46  3.53  1.67  1.90  1.75  1.55  2.56  6.57  3.65  5.68  6.11  3.36
 9344.25  1.65  3.97  1.89  2.15  1.99  1.76  2.89  7.33  4.11  6.35  6.82  3.74
 9345.25  2.32  5.48  2.65  3.01  2.79  2.47  4.02  9.86  5.65  8.59  9.18  5.12
 9346.25  3.70  8.40  4.22  4.76  4.42  3.93  6.27 14.44  8.64 12.73 13.51  7.82
 9347.25  4.98 10.97  5.65  6.36  5.92  5.28  8.29 18.34 11.26 16.26 17.19 10.18
 9348.25  4.85 10.90  5.53  6.23  5.79  5.15  8.17 18.51 11.18 16.35 17.30 10.02
 9349.25  3.89  9.11  4.45  5.05  4.68  4.14  6.70 16.11  9.35 14.07 14.95  8.26
 9350.25  2.77  6.75  3.19  3.63  3.36  2.96  4.88 12.46  6.93 10.74 11.46  6.02
 9351.25  2.17  5.38  2.50  2.86  2.64  2.32  3.86 10.16  5.52  8.70  9.30  4.74
 9352.25  1.84  4.58  2.12  2.42  2.24  1.96  3.27  8.70  4.70  7.43  7.94  4.00
 9353.25  1.41  3.54  1.63  1.87  1.72  1.51  2.52  6.72  3.62  5.73  6.12  3.06
 9354.25  1.48  3.70  1.71  1.96  1.81  1.59  2.64  6.96  3.78  5.94  6.33  3.15
 9355.25  2.85  6.87  3.29  3.75  3.47  3.05  4.98 12.32  7.00 10.66 11.28  5.85
 9356.25  3.56  8.41  4.09  4.66  4.32  3.80  6.16 14.77  8.56 12.86 13.57  7.16
 9357.25  2.26  5.52  2.61  2.98  2.75  2.42  3.98 10.08  5.62  8.67  9.18  4.63
 9358.25  1.74  4.33  2.02  2.31  2.14  1.87  3.10  8.00  4.40  6.85  7.25  3.56
 9359.25  3.13  7.47  3.61  4.12  3.81  3.35  5.44 13.16  7.57 11.42 12.02  6.15
 9360.25  4.54 10.45  5.22  5.93  5.51  4.86  7.74 17.70 10.58 15.52 16.26  8.63
 9361.25  4.62 10.67  5.31  6.03  5.61  4.94  7.88 18.11 10.79 15.85 16.60  8.73
 9362.25  3.99  9.53  4.61  5.26  4.88  4.28  6.94 16.68  9.63 14.47 15.18  7.65
 9363.25  2.96  7.36  3.44  3.94  3.65  3.18  5.26 13.44  7.43 11.50 12.11  5.78
 9364.25  2.16  5.48  2.51  2.89  2.67  2.32  3.88 10.27  5.53  8.72  9.19  4.23
 9365.25  2.01  5.12  2.35  2.70  2.50  2.17  3.62  9.58  5.17  8.13  8.56  3.91
 9366.25  2.23  5.62  2.60  2.98  2.76  2.40  3.99 10.39  5.66  8.84  9.29  4.25
 9367.25  2.27  5.79  2.66  3.06  2.83  2.46  4.09 10.76  5.82  9.13  9.59  4.32
 9368.25  2.28  5.81  2.66  3.06  2.83  2.46  4.10 10.82  5.84  9.17  9.63  4.29
 9369.25  1.92  4.93  2.25  2.59  2.39  2.07  3.47  9.22  4.94  7.80  8.18  3.60
 9370.25  1.51  3.91  1.77  2.04  1.88  1.63  2.74  7.41  3.92  6.24  6.54  2.81
 9371.25  1.55  4.02  1.82  2.10  1.94  1.68  2.82  7.56  4.02  6.37  6.67  2.86
 9372.25  2.82  7.01  3.30  3.79  3.51  3.05  5.01 12.50  7.01 10.71 11.15  5.01
 9373.25  3.80  9.27  4.43  5.08  4.71  4.10  6.68 16.16  9.25 13.93 14.46  6.62
 9374.25  3.02  7.64  3.54  4.08  3.77  3.27  5.41 13.88  7.62 11.80 12.28  5.31
 9375.25  1.87  4.93  2.21  2.56  2.36  2.04  3.43  9.34  4.91  7.83  8.17  3.33
 9376.25  0.94  2.52  1.11  1.29  1.19  1.02  1.74  4.91  2.51  4.08  4.26  1.67
 9377.25  0.40  1.09  0.48  0.55  0.51  0.44  0.75  2.14  1.08  1.77  1.84  0.71
 9378.25  0.25  0.68  0.30  0.35  0.32  0.27  0.47  1.34  0.68  1.11  1.15  0.44
 9379.25  0.33  0.90  0.39  0.46  0.42  0.36  0.61  1.77  0.89  1.46  1.52  0.57
 9380.25  0.67  1.81  0.79  0.92  0.85  0.73  1.24  3.53  1.79  2.92  3.03  1.13
 9381.25  1.77  4.64  2.09  2.43  2.24  1.93  3.23  8.60  4.59  7.23  7.48  2.92
 9382.25  3.17  7.95  3.73  4.30  3.98  3.44  5.65 14.01  7.86 11.96 12.33  5.07
 9383.25  3.85  9.56  4.52  5.21  4.84  4.18  6.82 16.64  9.44 14.25 14.67  6.08
 9384.25  2.82  7.34  3.33  3.86  3.58  3.07  5.12 13.42  7.23 11.30 11.66  4.48
 9385.25  1.78  4.80  2.11  2.46  2.27  1.95  3.29  9.13  4.72  7.58  7.83  2.84
 9386.25  1.48  4.01  1.76  2.06  1.90  1.62  2.75  7.65  3.94  6.34  6.54  2.34
 9387.25  1.73  4.64  2.06  2.39  2.21  1.89  3.19  8.73  4.56  7.27  7.48  2.67
 9388.25  1.28  3.52  1.53  1.79  1.65  1.41  2.40  6.79  3.45  5.60  5.77  1.97
 9389.25  1.01  2.79  1.21  1.41  1.30  1.11  1.89  5.44  2.73  4.46  4.60  1.54
 9390.25  1.35  3.73  1.62  1.89  1.74  1.48  2.53  7.20  3.64  5.92  6.09  2.03
 9391.25  2.76  7.29  3.28  3.82  3.53  3.02  5.05 13.31  7.12 11.16 11.43  4.04
 9392.25  4.08 10.25  4.82  5.58  5.18  4.45  7.27 17.73 10.03 15.12 15.43  5.80
 9393.25  4.37 10.90  5.17  5.97  5.55  4.77  7.76 18.66 10.65 15.95 16.26  6.13
 9394.25  4.20 10.56  4.97  5.75  5.35  4.59  7.49 18.19 10.31 15.51 15.80  5.83
 9395.25  4.00 10.18  4.75  5.50  5.11  4.38  7.18 17.69  9.92 15.03 15.31  5.49
 9396.25  3.78  9.74  4.50  5.22  4.84  4.14  6.83 17.10  9.48 14.47 14.73  5.14
 9397.25  3.75  9.70  4.47  5.19  4.81  4.12  6.79 17.04  9.43 14.41 14.65  5.03
 9398.25  3.20  8.42  3.82  4.45  4.12  3.51  5.84 15.05  8.17 12.64 12.85  4.25
 9399.25  2.22  6.07  2.67  3.12  2.89  2.45  4.14 11.27  5.87  9.34  9.49  2.93
 9400.25  2.43  6.60  2.91  3.41  3.15  2.68  4.51 12.18  6.38 10.11 10.26  3.15
 9401.25  3.40  8.91  4.07  4.74  4.40  3.75  6.20 15.74  8.63 13.25 13.42  4.32
 9402.25  3.20  8.47  3.83  4.47  4.14  3.53  5.86 15.09  8.18 12.65 12.81  4.01
 9403.25  1.63  4.58  1.97  2.32  2.14  1.80  3.08  8.74  4.41  7.15  7.24  2.03
 9404.25  0.96  2.75  1.16  1.37  1.26  1.06  1.83  5.36  2.64  4.34  4.40  1.18
 9405.25  1.04  2.97  1.26  1.48  1.37  1.15  1.98  5.78  2.85  4.68  4.73  1.25
 9406.25  1.85  5.20  2.23  2.63  2.43  2.05  3.49  9.84  4.98  8.05  8.13  2.18
 9407.25  3.30  8.83  3.97  4.64  4.31  3.65  6.08 15.71  8.48 13.13 13.24  3.82
 9408.25  3.81  9.95  4.57  5.33  4.95  4.21  6.93 17.29  9.57 14.56 14.66  4.33
 9409.25  3.44  9.06  4.14  4.83  4.49  3.81  6.29 15.80  8.70 13.29 13.36  3.86
 9410.25  2.98  7.95  3.59  4.20  3.89  3.30  5.48 14.02  7.61 11.73 11.79  3.27
 9411.25  3.52  9.25  4.23  4.95  4.59  3.90  6.42 16.05  8.86 13.50 13.55  3.79
 9412.25  4.23 10.89  5.07  5.91  5.50  4.67  7.63 18.52 10.44 15.67 15.71  4.47
 9413.25  4.19 10.85  5.04  5.88  5.47  4.64  7.59 18.47 10.38 15.62 15.65  4.36
 9414.25  4.06 10.62  4.89  5.71  5.31  4.50  7.39 18.23 10.15 15.36 15.37  4.14
 9415.25  4.25 11.09  5.12  5.98  5.56  4.71  7.73 18.95 10.59 15.98 15.98  4.26
 9416.25  4.14 10.80  4.99  5.83  5.43  4.60  7.53 18.43 10.31 15.54 15.53  4.08
 9417.25  3.39  9.06  4.10  4.81  4.47  3.77  6.24 15.75  8.62 13.19 13.17  3.27
 9418.25  3.04  8.33  3.70  4.35  4.03  3.39  5.68 14.81  7.91 12.29 12.26  2.86
 9419.25  3.16  8.72  3.84  4.53  4.20  3.52  5.92 15.61  8.27 12.92 12.87  2.90
 9420.25  2.49  7.06  3.04  3.59  3.33  2.78  4.72 12.97  6.67 10.62 10.57  2.24
 9421.25  0.99  2.94  1.22  1.45  1.34  1.11  1.92  5.71  2.77  4.57  4.54  0.87
 9422.25  0.64  1.93  0.79  0.95  0.87  0.72  1.26  3.78  1.81  3.01  2.99  0.55
 9423.25  0.98  2.93  1.21  1.44  1.33  1.10  1.91  5.70  2.75  4.55  4.51  0.81
 9424.25  1.85  5.45  2.28  2.71  2.51  2.08  3.58 10.32  5.11  8.32  8.24  1.51
 9425.25  1.84  5.40  2.26  2.69  2.49  2.07  3.55 10.20  5.06  8.23  8.14  1.46
 9426.25  1.63  4.78  2.01  2.39  2.21  1.84  3.15  8.99  4.48  7.27  7.18  1.27
 9427.25  1.58  4.58  1.94  2.31  2.14  1.78  3.03  8.46  4.29  6.87  6.79  1.19
 9428.25  2.06  5.85  2.54  3.00  2.78  2.32  3.92 10.53  5.49  8.64  8.53  1.50
 9429.25  3.26  8.84  3.98  4.69  4.36  3.65  6.04 15.22  8.31 12.69 12.52  2.33
 9430.25  3.63  9.72  4.43  5.21  4.85  4.07  6.69 16.52  9.14 13.82 13.64  2.54
 9431.25  3.82 10.25  4.66  5.49  5.10  4.28  7.05 17.44  9.63 14.58 14.37  2.58
 9432.25  4.31 11.49  5.25  6.18  5.75  4.82  7.92 19.42 10.79 16.27 16.02  2.82
 9433.25  4.49 11.96  5.48  6.44  6.00  5.03  8.25 20.15 11.22 16.88 16.62  2.86
 9434.25  4.34 11.68  5.31  6.25  5.82  4.87  8.02 19.83 10.95 16.57 16.29  2.66
 9435.25  4.14 11.28  5.08  5.99  5.57  4.65  7.70 19.29 10.55 16.06 15.77  2.45
 9436.25  3.68 10.19  4.53  5.35  4.97  4.14  6.91 17.65  9.51 14.62 14.34  2.10
 9437.25  2.65  7.59  3.28  3.90  3.61  3.00  5.06 13.55  7.06 11.09 10.86  1.44
 9438.25  2.13  6.27  2.65  3.16  2.92  2.41  4.13 11.47  5.81  9.28  9.07  1.09
 9439.25  2.29  6.75  2.85  3.40  3.15  2.60  4.44 12.34  6.25  9.99  9.75  1.13
 9440.25  0.95  2.93  1.19  1.43  1.32  1.09  1.89  5.62  2.70  4.46  4.34  0.45
 9441.25  0.28  0.87  0.35  0.42  0.39  0.32  0.55  1.71  0.80  1.34  1.30  0.12
 9442.25  0.25  0.80  0.32  0.38  0.36  0.29  0.51  1.58  0.73  1.23  1.20  0.11
 9443.25  0.41  1.28  0.51  0.62  0.57  0.46  0.81  2.52  1.17  1.97  1.91  0.16
 9444.25  1.22  3.78  1.53  1.84  1.70  1.39  2.42  7.25  3.46  5.73  5.55  0.45
 9445.25  2.30  6.90  2.87  3.44  3.19  2.62  4.50 12.71  6.34 10.21  9.90  0.82
 9446.25  3.08  8.94  3.83  4.57  4.24  3.50  5.92 15.84  8.23 12.92 12.54  1.03
 9447.25  3.79 10.72  4.71  5.60  5.21  4.31  7.20 18.50  9.89 15.23 14.79  1.20
 9448.25  3.40  9.84  4.24  5.06  4.70  3.87  6.53 17.29  9.05 14.13 13.69  1.00
 9449.25  2.46  7.42  3.09  3.71  3.43  2.81  4.83 13.59  6.79 10.92 10.54  0.66
 9450.25  1.97  6.08  2.48  2.99  2.76  2.26  3.91 11.38  5.54  9.05  8.72  0.47
 9451.25  2.13  6.56  2.68  3.23  2.99  2.44  4.22 12.23  5.97  9.73  9.37  0.46
 9452.25  2.54  7.74  3.20  3.85  3.57  2.91  5.02 14.19  7.06 11.37 10.95  0.50
 9453.25  2.59  7.82  3.26  3.92  3.63  2.97  5.09 14.17  7.13 11.40 10.97  0.45
 9454.25  2.62  7.78  3.30  3.95  3.67  3.00  5.11 13.82  7.10 11.20 10.79  0.40
 9455.25  2.78  8.13  3.49  4.17  3.87  3.18  5.37 14.24  7.43 11.60 11.17  0.35
 9456.25  2.91  8.50  3.65  4.37  4.06  3.33  5.62 14.86  7.76 12.10 11.64  0.29
 9457.25  3.18  9.35  4.00  4.79  4.45  3.64  6.16 16.37  8.52 13.32 12.79  0.24
 9458.25  3.10  9.25  3.91  4.70  4.36  3.56  6.06 16.37  8.41 13.25 12.71  0.17
 9459.25  1.47  4.65  1.87  2.26  2.09  1.70  2.96  8.77  4.20  6.91  6.59  0.05
 9460.25  0.41  1.35  0.53  0.64  0.59  0.48  0.84  2.64  1.21  2.04  1.94  0.00
 9461.25  0.34  1.11  0.43  0.53  0.49  0.39  0.69  2.18  0.99  1.68  1.60  0.00
 9462.25  0.82  2.68  1.05  1.27  1.18  0.95  1.67  5.21  2.40  4.04  3.83  0.00
 9463.25  2.55  7.86  3.24  3.92  3.63  2.95  5.07 14.25  7.09 11.38 10.84  0.00
 9464.25  3.53 10.41  4.46  5.35  4.98  4.06  6.86 18.03  9.44 14.67 14.01  0.00
 9465.25  3.50 10.30  4.42  5.31  4.93  4.03  6.79 17.79  9.33 14.48 13.82  0.00
 9466.25  3.91 11.28  4.93  5.90  5.49  4.49  7.51 19.15 10.24 15.69 14.98  0.00
 9467.25  3.71 10.82  4.68  5.62  5.23  4.27  7.16 18.50  9.80 15.10 14.40  0.00
 9468.25  3.13  9.36  3.98  4.78  4.45  3.62  6.13 16.28  8.44 13.19 12.54  0.00
 9469.25  2.87  8.66  3.65  4.40  4.09  3.32  5.65 15.16  7.80 12.25 11.63  0.00
 9470.25  3.32  9.88  4.21  5.07  4.72  3.83  6.48 17.07  8.90 13.85 13.15  0.00
 9471.25  3.96 11.56  5.02  6.03  5.61  4.57  7.66 19.61 10.44 16.02 15.23  0.00
 9472.25  4.13 12.01  5.24  6.28  5.85  4.77  7.97 20.29 10.84 16.60 15.77  0.00
 9473.25  3.71 10.99  4.71  5.67  5.28  4.29  7.23 18.82  9.89 15.30 14.51  0.00
 9474.25  3.05  9.27  3.90  4.71  4.38  3.54  6.02 16.16  8.31 13.03 12.32  0.00
 9475.25  2.99  9.09  3.82  4.62  4.29  3.47  5.90 15.83  8.14 12.76 12.05  0.00
 9476.25  3.32 10.04  4.24  5.12  4.76  3.85  6.54 17.38  8.99 14.04 13.25  0.00
 9477.25  2.02  6.57  2.61  3.19  2.95  2.36  4.13 12.18  5.82  9.54  8.93  0.00
 9478.25  0.69  2.35  0.90  1.10  1.02  0.81  1.44  4.60  2.06  3.51  3.27  0.00
 9479.25  0.33  1.15  0.44  0.54  0.49  0.39  0.70  2.25  1.00  1.72  1.59  0.00
 9480.25  0.28  0.96  0.36  0.45  0.41  0.33  0.59  1.89  0.84  1.44  1.33  0.00
 9481.25  0.53  1.81  0.69  0.85  0.78  0.62  1.11  3.53  1.58  2.69  2.50  0.00
 9482.25  1.68  5.50  2.18  2.67  2.47  1.97  3.44 10.13  4.84  7.93  7.38  0.00
 9483.25  3.40 10.34  4.37  5.28  4.92  3.96  6.72 17.77  9.20 14.34 13.45  0.00
 9484.25  3.77 11.41  4.84  5.86  5.45  4.40  7.44 19.48 10.16 15.75 14.78  0.00
 9485.25  2.99  9.47  3.86  4.71  4.37  3.50  6.03 16.81  8.37 13.36 12.46  0.00
 9486.25  2.76  8.87  3.58  4.37  4.06  3.24  5.61 15.88  7.81 12.56 11.70  0.00
 9487.25  3.23 10.11  4.18  5.08  4.72  3.78  6.48 17.66  8.94 14.12 13.17  0.00
 9488.25  3.85 11.71  4.97  6.02  5.60  4.51  7.62 19.93 10.39 16.10 15.05  0.00
 9489.25  4.04 12.19  5.20  6.29  5.86  4.72  7.96 20.60 10.82 16.68 15.60  0.00
 9490.25  4.05 12.23  5.22  6.32  5.89  4.74  7.98 20.65 10.85 16.72 15.62  0.00
 9491.25  3.70 11.42  4.79  5.82  5.41  4.34  7.38 19.57 10.09 15.73 14.66  0.00
 9492.25  2.60  8.50  3.40  4.16  3.86  3.07  5.34 15.29  7.44 12.02 11.12  0.00
 9493.25  1.62  5.50  2.13  2.62  2.43  1.92  3.38 10.26  4.78  7.93  7.29  0.00
 9494.25  1.63  5.51  2.15  2.64  2.45  1.94  3.40 10.15  4.79  7.88  7.25  0.00
 9495.25  2.81  8.97  3.67  4.48  4.17  3.32  5.70 15.68  7.86 12.47 11.54  0.00
 9496.25  3.34 10.41  4.34  5.29  4.92  3.93  6.70 17.84  9.15 14.30 13.26  0.00
 9497.25  2.81  9.01  3.68  4.50  4.18  3.32  5.72 15.74  7.88 12.50 11.55  0.00
 9498.25  2.93  9.38  3.83  4.69  4.36  3.46  5.96 16.34  8.20 12.99 11.99  0.00
 9499.25  3.01  9.55  3.93  4.80  4.47  3.56  6.09 16.49  8.36 13.15 12.14  0.00
 9500.25  2.16  7.09  2.84  3.49  3.24  2.57  4.45 12.58  6.17  9.91  9.11  0.00
 9501.25  1.74  5.84  2.30  2.83  2.63  2.07  3.63 10.57  5.06  8.24  7.54  0.00
 9502.25  2.57  8.42  3.38  4.15  3.86  3.05  5.29 14.84  7.31 11.70 10.74  0.00
 9503.25  2.49  8.37  3.29  4.05  3.76  2.96  5.19 15.10  7.23 11.77 10.75  0.00
 9504.25  1.07  3.84  1.43  1.78  1.64  1.28  2.30  7.42  3.28  5.60  5.05  0.00
 9505.25  0.62  2.27  0.84  1.04  0.96  0.75  1.35  4.44  1.93  3.33  2.99  0.00
 9506.25  0.80  2.89  1.07  1.33  1.23  0.96  1.72  5.63  2.46  4.22  3.80  0.00
 9507.25  1.88  6.58  2.51  3.11  2.88  2.25  4.00 12.28  5.63  9.40  8.50  0.00
 9508.25  3.39 11.03  4.48  5.50  5.12  4.04  6.96 19.12  9.56 15.15 13.85  0.00
 9509.25  3.68 11.78  4.85  5.94  5.54  4.38  7.50 20.12 10.23 16.03 14.68  0.00
 9510.25  3.56 11.50  4.71  5.77  5.38  4.25  7.29 19.72  9.97 15.68 14.33  0.00
 9511.25  3.42 11.15  4.53  5.56  5.18  4.08  7.03 19.25  9.64 15.25 13.91  0.00
 9512.25  3.05 10.20  4.06  5.01  4.66  3.66  6.36 17.94  8.78 14.08 12.79  0.00
 9513.25  2.25  7.85  3.01  3.74  3.47  2.70  4.78 14.37  6.69 11.06  9.97  0.00
 9514.25  1.88  6.72  2.53  3.15  2.92  2.27  4.05 12.52  5.70  9.54  8.56  0.00
 9515.25  2.18  7.67  2.93  3.64  3.37  2.63  4.65 14.06  6.52 10.79  9.71  0.00
 9516.25  2.45  8.39  3.28  4.07  3.78  2.95  5.17 14.93  7.17 11.63 10.50  0.00
 9517.25  2.44  8.25  3.26  4.03  3.75  2.93  5.12 14.52  7.06 11.36 10.26  0.00
 9518.25  2.90  9.64  3.87  4.78  4.45  3.49  6.03 16.69  8.28 13.15 11.90  0.00
 9519.25  2.54  8.68  3.41  4.22  3.92  3.06  5.35 15.37  7.41 11.97 10.78  0.00
 9520.25  1.03  3.84  1.41  1.76  1.63  1.26  2.27  7.39  3.22  5.52  4.89  0.00
 9521.25  0.40  1.52  0.55  0.69  0.64  0.49  0.89  2.99  1.27  2.21  1.95  0.00
 9522.25  0.27  1.04  0.37  0.47  0.43  0.33  0.60  2.04  0.86  1.50  1.32  0.00
 9523.25  0.59  2.22  0.80  1.01  0.93  0.71  1.30  4.34  1.85  3.21  2.83  0.00
 9524.25  1.89  6.80  2.56  3.20  2.97  2.29  4.08 12.51  5.72  9.53  8.47  0.00
 9525.25  3.18 10.64  4.26  5.28  4.91  3.84  6.64 18.32  9.09 14.42 12.97  0.00
 9526.25  3.26 10.97  4.39  5.43  5.06  3.95  6.84 18.89  9.35 14.85 13.35  0.00
 9527.25  3.07 10.42  4.14  5.13  4.78  3.72  6.47 18.02  8.87 14.13 12.68  0.00
 9528.25  2.71  9.32  3.66  4.55  4.23  3.29  5.74 16.27  7.90 12.69 11.35  0.00
 9529.25  2.84  9.74  3.84  4.77  4.44  3.45  6.02 16.96  8.26 13.24 11.84  0.00
 9530.25  3.14 10.74  4.25  5.27  4.91  3.81  6.64 18.61  9.11 14.55 13.01  0.00
 9531.25  2.60  9.26  3.54  4.42  4.11  3.17  5.61 16.58  7.78 12.76 11.32  0.00
 9532.25  2.32  8.44  3.17  3.98  3.69  2.84  5.06 15.36  7.06 11.71 10.34  0.00
 9533.25  2.55  9.17  3.48  4.36  4.05  3.12  5.53 16.49  7.69 12.64 11.18  0.00
 9534.25  3.10 10.76  4.22  5.25  4.89  3.78  6.61 18.72  9.08 14.58 12.97  0.00
 9535.25  2.95 10.23  4.02  5.00  4.66  3.60  6.29 17.73  8.63 13.82 12.29  0.00
 9536.25  2.30  8.30  3.15  3.94  3.66  2.81  4.99 14.89  6.94 11.40 10.06  0.00
 9537.25  2.15  7.93  2.95  3.71  3.45  2.64  4.72 14.49  6.59 10.99  9.64  0.00
 9538.25  2.14  7.93  2.94  3.70  3.44  2.63  4.71 14.54  6.58 11.00  9.64  0.00
 9539.25  1.78  6.76  2.46  3.11  2.88  2.20  3.97 12.64  5.58  9.46  8.24  0.00
 9540.25  1.85  7.00  2.56  3.23  3.00  2.29  4.12 13.01  5.78  9.76  8.51  0.00
 9541.25  2.74  9.78  3.76  4.71  4.38  3.36  5.93 17.21  8.17 13.27 11.69  0.00
 9542.25  3.46 11.77  4.71  5.86  5.46  4.23  7.31 19.93  9.93 15.66 13.90  0.00
 9543.25  2.88 10.00  3.94  4.92  4.59  3.54  6.16 17.14  8.40 13.38 11.84  0.00
 9544.25  2.31  8.24  3.17  3.98  3.70  2.84  5.00 14.41  6.87 11.13  9.78  0.00
 9545.25  2.90 10.13  3.98  4.97  4.63  3.56  6.22 17.38  8.49 13.54 11.95  0.00
 9546.25  3.57 12.08  4.88  6.07  5.66  4.38  7.54 20.23 10.18 15.94 14.13  0.00
 9547.25  3.82 12.81  5.21  6.47  6.04  4.68  8.03 21.32 10.81 16.85 14.93  0.00
 9548.25  3.55 12.19  4.87  6.07  5.66  4.36  7.56 20.57 10.24 16.13 14.25  0.00
 9549.25  3.42 11.89  4.70  5.88  5.48  4.22  7.33 20.18  9.95 15.78 13.89  0.00
 9550.25  3.57 12.34  4.91  6.13  5.72  4.40  7.63 20.82 10.34 16.31 14.37  0.00
 9551.25  3.79 12.92  5.20  6.49  6.06  4.67  8.05 21.59 10.85 16.99 14.99  0.00
 9552.25  3.37 11.74  4.64  5.81  5.42  4.16  7.23 19.88  9.81 15.53 13.64  0.00
 9553.25  1.59  6.16  2.23  2.83  2.63  1.99  3.59 11.36  5.02  8.48  7.30  0.00
 9554.25  0.65  2.65  0.92  1.18  1.09  0.82  1.50  5.16  2.13  3.74  3.17  0.00
 9555.25  0.57  2.35  0.81  1.04  0.96  0.72  1.32  4.59  1.89  3.32  2.81  0.00
 9556.25  0.83  3.40  1.18  1.51  1.40  1.05  1.93  6.58  2.73  4.78  4.05  0.00
 9557.25  1.84  7.10  2.59  3.29  3.06  2.31  4.16 12.91  5.79  9.69  8.32  0.00
 9558.25  3.03 10.86  4.22  5.30  4.94  3.77  6.61 18.58  9.00 14.40 12.54  0.00
 9559.25  3.64 12.70  5.05  6.32  5.90  4.52  7.83 21.28 10.58 16.65 14.56  0.00
 9560.25  3.89 13.43  5.38  6.73  6.29  4.82  8.33 22.34 11.20 17.54 15.35  0.00
 9561.25  3.24 11.73  4.52  5.70  5.31  4.04  7.10 20.12  9.68 15.54 13.48  0.00
 9562.25  2.07  8.09  2.93  3.73  3.47  2.61  4.71 14.72  6.56 11.02  9.41  0.00
 9563.25  1.75  6.98  2.49  3.18  2.95  2.21  4.02 12.89  5.63  9.56  8.12  0.00
 9564.25  2.25  8.62  3.18  4.04  3.76  2.83  5.07 15.37  7.01 11.62  9.94  0.00
 9565.25  2.75 10.10  3.86  4.88  4.54  3.44  6.07 17.37  8.29 13.37 11.54  0.00
 9566.25  2.78 10.16  3.90  4.93  4.59  3.48  6.13 17.41  8.35 13.42 11.59  0.00
 9567.25  2.48  9.40  3.50  4.45  4.14  3.12  5.57 16.54  7.66 12.57 10.76  0.00
 9568.25  1.14  4.71  1.63  2.10  1.94  1.44  2.66  9.00  3.76  6.54  5.47  0.00
 9569.25  0.51  2.17  0.73  0.95  0.88  0.65  1.21  4.25  1.71  3.04  2.52  0.00
 9570.25  0.43  1.84  0.62  0.80  0.75  0.55  1.02  3.62  1.46  2.58  2.14  0.00
 9571.25  0.70  2.99  1.01  1.31  1.21  0.90  1.67  5.82  2.36  4.17  3.46  0.00
 9572.25  1.88  7.58  2.69  3.45  3.21  2.39  4.35 13.92  6.07 10.30  8.67  0.00
 9573.25  3.01 11.39  4.27  5.43  5.06  3.80  6.77 19.77  9.26 15.08 12.87  0.00
 9574.25  2.82 10.87  4.02  5.13  4.77  3.57  6.40 19.09  8.80 14.46 12.29  0.00
 9575.25  2.78 10.75  3.97  5.06  4.71  3.53  6.32 18.89  8.69 14.30 12.14  0.00
 9576.25  3.21 11.98  4.56  5.78  5.39  4.06  7.17 20.48  9.76 15.72 13.44  0.00
 9577.25  3.27 12.17  4.64  5.89  5.50  4.13  7.30 20.71  9.91 15.92 13.61  0.00
 9578.25  2.96 11.30  4.22  5.38  5.01  3.75  6.69 19.56  9.15 14.90 12.66  0.00
 9579.25  2.58 10.03  3.70  4.73  4.40  3.29  5.89 17.55  8.09 13.29 11.24  0.00
 9580.25  2.32  9.06  3.33  4.26  3.97  2.96  5.31 15.89  7.30 12.01 10.14  0.00
 9581.25  2.42  9.41  3.48  4.45  4.14  3.09  5.53 16.38  7.58 12.42 10.49  0.00
 9582.25  3.07 11.53  4.38  5.58  5.20  3.90  6.89 19.58  9.35 15.03 12.78  0.00
 9583.25  3.70 13.43  5.26  6.65  6.22  4.69  8.18 22.29 10.98 17.31 14.81  0.00
 9584.25  3.80 13.73  5.39  6.82  6.38  4.81  8.37 22.71 11.22 17.66 15.11  0.00
 9585.25  3.54 13.06  5.05  6.41  5.99  4.50  7.89 21.84 10.63 16.88 14.38  0.00
 9586.25  3.31 12.40  4.74  6.03  5.63  4.21  7.43 20.90 10.05 16.07 13.65  0.00
 9587.25  3.06 11.68  4.41  5.62  5.24  3.92  6.94 19.87  9.42 15.20 12.85  0.00
 9588.25  2.71 10.52  3.92  5.01  4.67  3.48  6.20 18.07  8.45 13.74 11.58  0.00
 9589.25  2.57  9.99  3.72  4.76  4.43  3.30  5.89 17.18  8.02 13.06 10.98  0.00
 9590.25  2.78 10.72  4.02  5.14  4.79  3.57  6.35 18.27  8.62 13.94 11.74  0.00
 9591.25  2.84 10.92  4.10  5.24  4.89  3.64  6.47 18.56  8.78 14.18 11.94  0.00
 9592.25  2.81 10.86  4.07  5.20  4.85  3.61  6.42 18.51  8.72 14.11 11.86  0.00
 9593.25  2.61 10.39  3.80  4.88  4.55  3.36  6.05 18.07  8.27 13.61 11.36  0.00
 9594.25  2.13  8.89  3.13  4.06  3.77  2.77  5.06 15.98  7.00 11.82  9.75  0.00
 9595.25  2.39  9.82  3.51  4.53  4.22  3.10  5.63 17.41  7.76 12.97 10.73  0.00
 9596.25  3.13 12.14  4.54  5.82  5.43  4.03  7.17 20.64  9.72 15.72 13.17  0.00
 9597.25  3.29 12.52  4.77  6.09  5.69  4.23  7.47 20.96 10.07 16.09 13.53  0.00
 9598.25  3.02 11.72  4.40  5.63  5.26  3.90  6.93 19.83  9.38 15.13 12.66  0.00
 9599.25  3.13 12.11  4.56  5.83  5.45  4.04  7.17 20.42  9.69 15.59 13.05  0.00
 9600.25  3.45 13.13  5.02  6.41  5.99  4.45  7.85 21.87 10.55 16.80 14.11  0.00
 9601.25  3.56 13.48  5.17  6.60  6.17  4.59  8.07 22.39 10.84 17.23 14.46  0.00
 9602.25  3.58 13.61  5.21  6.65  6.22  4.62  8.14 22.61 10.93 17.39 14.58  0.00
 9603.25  3.39 13.06  4.95  6.34  5.92  4.39  7.76 21.83 10.45 16.72 13.98  0.00
 9604.25  2.99 11.75  4.39  5.63  5.26  3.88  6.92 19.86  9.36 15.11 12.57  0.00
 9605.25  2.64 10.62  3.89  5.02  4.68  3.44  6.18 18.20  8.41 13.74 11.36  0.00
 9606.25  2.85 11.40  4.20  5.41  5.05  3.71  6.66 19.43  9.03 14.70 12.17  0.00
 9607.25  3.21 12.59  4.72  6.07  5.67  4.18  7.43 21.13 10.02 16.11 13.39  0.00
 9608.25  2.49 10.36  3.70  4.79  4.47  3.26  5.92 18.15  8.12 13.51 11.05  0.00
 9609.25  1.14  5.22  1.72  2.26  2.10  1.51  2.83  9.95  3.98  7.05  5.60  0.00
 9610.25  0.75  3.51  1.14  1.50  1.39  0.99  1.88  6.82  2.66  4.77  3.76  0.00
 9611.25  1.07  4.96  1.62  2.14  1.98  1.42  2.68  9.51  3.77  6.70  5.31  0.00
 9612.25  2.35 10.05  3.52  4.59  4.27  3.10  5.68 17.86  7.81 13.16 10.67  0.00
 9613.25  3.49 13.58  5.14  6.60  6.18  4.55  8.06 22.53 10.80 17.24 14.30  0.00
 9614.25  3.54 13.50  5.20  6.66  6.23  4.61  8.09 22.13 10.79 17.04 14.18  0.00
 9615.25  3.40 13.08  5.01  6.43  6.02  4.44  7.82 21.49 10.43 16.52 13.72  0.00
 9616.25  3.38 13.27  5.01  6.45  6.03  4.43  7.86 22.02 10.53 16.83 13.91  0.00
 9617.25  2.75 11.51  4.13  5.37  5.01  3.64  6.60 19.86  8.99 14.84 12.08  0.00
 9618.25  2.54 10.79  3.82  4.98  4.64  3.36  6.13 18.80  8.38 13.96 11.31  0.00
 9619.25  2.88 11.89  4.32  5.61  5.23  3.81  6.87 20.23  9.31 15.22 12.42  0.00
 9620.25  2.65 11.09  3.99  5.18  4.84  3.51  6.36 19.04  8.65 14.25 11.58  0.00
 9621.25  1.86  8.30  2.83  3.72  3.46  2.48  4.60 14.97  6.36 10.88  8.68  0.00
 9622.25  0.93  4.44  1.43  1.90  1.76  1.25  2.37  8.53  3.34  5.96  4.65  0.00
 9623.25  0.63  3.04  0.97  1.29  1.19  0.84  1.61  5.93  2.27  4.11  3.18  0.00
 9624.25  0.71  3.47  1.10  1.47  1.36  0.96  1.84  6.74  2.59  4.67  3.62  0.00
 9625.25  1.17  5.56  1.80  2.39  2.22  1.58  2.98 10.54  4.18  7.42  5.79  0.00
 9626.25  1.80  8.23  2.77  3.65  3.40  2.42  4.52 14.95  6.26 10.79  8.53  0.00
 9627.25  2.35 10.33  3.58  4.70  4.38  3.15  5.79 18.18  7.94 13.36 10.68  0.00
 9628.25  2.69 11.57  4.10  5.36  5.00  3.60  6.57 19.96  8.95 14.83 11.92  0.00
 9629.25  2.39 10.59  3.66  4.81  4.48  3.21  5.92 18.66  8.12 13.69 10.91  0.00
 9630.25  2.18  9.91  3.36  4.43  4.13  2.94  5.47 17.73  7.54 12.88 10.19  0.00
 9631.25  2.40 10.72  3.68  4.85  4.52  3.23  5.97 18.94  8.19 13.86 11.00  0.00
 9632.25  2.26 10.26  3.49  4.60  4.29  3.06  5.67 18.29  7.81 13.31 10.52  0.00
 9633.25  2.29 10.37  3.53  4.66  4.34  3.09  5.74 18.43  7.89 13.42 10.61  0.00
 9634.25  2.46 10.97  3.78  4.98  4.64  3.31  6.12 19.24  8.38 14.11 11.19  0.00
 9635.25  2.52 11.09  3.87  5.09  4.74  3.39  6.23 19.23  8.50 14.19 11.30  0.00
 9636.25  2.22  9.92  3.43  4.52  4.21  3.00  5.54 17.33  7.57 12.73 10.09  0.00
 9637.25  2.09  9.40  3.23  4.26  3.97  2.83  5.23 16.49  7.16 12.07  9.54  0.00
 9638.25  2.46 10.87  3.80  5.00  4.67  3.33  6.12 18.78  8.32 13.87 11.02  0.00
 9639.25  2.84 12.27  4.37  5.73  5.35  3.84  6.99 20.83  9.45 15.54 12.41  0.00
 9640.25  2.79 12.07  4.29  5.63  5.26  3.77  6.86 20.50  9.28 15.28 12.18  0.00
 9641.25  2.84 12.30  4.37  5.74  5.36  3.84  6.99 20.90  9.45 15.56 12.40  0.00
 9642.25  3.02 12.96  4.65  6.09  5.69  4.08  7.41 21.86  9.98 16.34 13.04  0.00
 9643.25  2.97 12.83  4.59  6.02  5.62  4.03  7.32 21.65  9.87 16.17 12.89  0.00
 9644.25  2.69 11.82  4.17  5.49  5.12  3.66  6.68 20.14  9.05 14.95 11.86  0.00
 9645.25  2.29 10.28  3.56  4.71  4.39  3.12  5.75 17.77  7.82 13.08 10.30  0.00
 9646.25  2.46 10.93  3.83  5.05  4.71  3.35  6.15 18.72  8.34 13.84 10.93  0.00
 9647.25  2.96 12.77  4.59  6.02  5.63  4.02  7.30 21.41  9.81 16.02 12.74  0.00
 9648.25  3.14 13.41  4.86  6.37  5.96  4.27  7.71 22.32 10.33 16.76 13.36  0.00
 9649.25  3.12 13.39  4.84  6.35  5.94  4.25  7.68 22.33 10.30 16.75 13.33  0.00
 9650.25  3.06 13.27  4.76  6.25  5.85  4.17  7.57 22.24 10.18 16.62 13.19  0.00
 9651.25  2.90 12.79  4.53  5.96  5.57  3.96  7.24 21.62  9.76 16.07 12.68  0.00
 9652.25  2.71 12.16  4.25  5.61  5.24  3.72  6.82 20.74  9.24 15.33 12.04  0.00
 9653.25  2.47 11.37  3.89  5.16  4.82  3.40  6.30 19.70  8.57 14.42 11.23  0.00
 9654.25  2.16 10.28  3.43  4.57  4.26  2.99  5.59 18.21  7.67 13.14 10.13  0.00
 9655.25  1.92  9.37  3.07  4.11  3.82  2.67  5.04 16.90  6.95 12.06  9.22  0.00
 9656.25  1.79  8.85  2.87  3.85  3.58  2.49  4.73 16.11  6.53 11.42  8.69  0.00
 9657.25  1.88  9.24  3.01  4.04  3.76  2.62  4.95 16.69  6.83 11.88  9.05  0.00
 9658.25  1.98  9.70  3.18  4.26  3.97  2.76  5.22 17.41  7.18 12.44  9.49  0.00
 9659.25  1.85  9.17  2.98  4.00  3.72  2.59  4.90 16.59  6.76 11.79  8.96  0.00
 9660.25  1.44  7.35  2.32  3.14  2.92  2.02  3.86 13.65  5.36  9.53  7.16  0.00
 9661.25  1.17  6.08  1.89  2.56  2.38  1.64  3.16 11.47  4.41  7.93  5.91  0.00
 9662.25  1.15  6.02  1.87  2.54  2.36  1.62  3.12 11.34  4.36  7.83  5.83  0.00
 9663.25  1.32  6.85  2.15  2.91  2.70  1.86  3.58 12.79  4.98  8.89  6.63  0.00
 9664.25  1.22  6.39  1.99  2.69  2.50  1.72  3.32 12.04  4.63  8.31  6.18  0.00
 9665.25  1.12  5.94  1.83  2.49  2.31  1.59  3.06 11.27  4.28  7.74  5.72  0.00
 9666.25  1.41  7.32  2.30  3.11  2.89  1.99  3.82 13.64  5.31  9.47  7.05  0.00
 9667.25  2.04 10.09  3.31  4.44  4.14  2.87  5.42 17.92  7.43 12.82  9.72  0.00
 9668.25  2.42 11.57  3.90  5.21  4.86  3.39  6.33 20.04  8.61 14.56 11.14  0.00
 9669.25  1.82  9.19  2.97  4.00  3.73  2.58  4.89 16.54  6.73 11.73  8.82  0.00
 9670.25  0.88  4.78  1.45  1.98  1.84  1.26  2.44  9.15  3.41  6.23  4.56  0.00
 9671.25  0.67  3.68  1.11  1.51  1.41  0.96  1.87  7.16  2.62  4.82  3.50  0.00
 9672.25  0.91  4.98  1.51  2.06  1.91  1.30  2.53  9.56  3.55  6.48  4.73  0.00
 9673.25  1.50  7.92  2.47  3.36  3.12  2.14  4.11 14.66  5.71 10.18  7.52  0.00
 9674.25  2.09 10.53  3.43  4.62  4.31  2.97  5.63 18.70  7.71 13.34 10.02  0.00
 9675.25  2.22 11.05  3.62  4.88  4.55  3.14  5.93 19.43  8.11 13.93 10.49  0.00
 9676.25  1.61  8.49  2.66  3.62  3.37  2.30  4.42 15.60  6.12 10.87  8.03  0.00
 9677.25  1.49  7.95  2.47  3.36  3.13  2.13  4.11 14.73  5.71 10.20  7.49  0.00
 9678.25  2.03 10.33  3.34  4.51  4.21  2.89  5.49 18.38  7.53 13.06  9.75  0.00
 9679.25  2.34 11.53  3.84  5.16  4.82  3.33  6.25 19.95  8.49 14.42 10.89  0.00
 9680.25  1.95  9.90  3.21  4.34  4.05  2.78  5.28 17.50  7.22 12.48  9.32  0.00
 9681.25  1.32  7.15  2.21  3.01  2.80  1.90  3.68 13.28  5.11  9.17  6.69  0.00
 9682.25  0.84  4.70  1.41  1.93  1.79  1.21  2.37  9.06  3.32  6.10  4.38  0.00
 9683.25  0.70  3.95  1.17  1.61  1.50  1.01  1.98  7.68  2.78  5.14  3.67  0.00
 9684.25  0.65  3.73  1.10  1.52  1.41  0.95  1.86  7.25  2.61  4.84  3.45  0.00
 9685.25  0.70  4.01  1.19  1.63  1.52  1.02  2.01  7.78  2.81  5.20  3.71  0.00
 9686.25  1.20  6.68  2.03  2.78  2.59  1.75  3.40 12.55  4.73  8.57  6.18  0.00
 9687.25  2.01 10.49  3.36  4.57  4.26  2.90  5.54 18.62  7.59 13.19  9.74  0.00
 9688.25  1.98 10.37  3.31  4.51  4.20  2.86  5.47 18.46  7.49 13.05  9.62  0.00
 9689.25  2.14 11.07  3.58  4.86  4.53  3.09  5.88 19.44  8.03 13.85 10.26  0.00
 9690.25  2.41 12.10  4.00  5.41  5.05  3.46  6.53 20.84  8.84 15.03 11.22  0.00
 9691.25  2.00 10.49  3.36  4.57  4.27  2.90  5.54 18.55  7.57 13.14  9.68  0.00
 9692.25  1.17  6.59  1.98  2.73  2.54  1.70  3.33 12.40  4.64  8.43  6.03  0.00
 9693.25  0.93  5.35  1.59  2.19  2.03  1.36  2.68 10.25  3.74  6.88  4.88  0.00
 9694.25  1.29  7.29  2.21  3.03  2.82  1.90  3.70 13.59  5.13  9.29  6.65  0.00
 9695.25  1.99 10.56  3.36  4.58  4.27  2.89  5.54 18.71  7.58 13.21  9.67  0.00
 9696.25  2.26 11.72  3.81  5.18  4.84  3.29  6.25 20.35  8.49 14.56 10.74  0.00
 9697.25  2.60 12.97  4.35  5.88  5.50  3.77  7.06 21.95  9.50 15.95 11.91  0.00
 9698.25  2.61 12.99  4.37  5.91  5.53  3.78  7.08 21.94  9.52 15.96 11.92  0.00
 9699.25  2.12 11.14  3.59  4.89  4.56  3.09  5.90 19.48  8.02 13.85 10.15  0.00
 9700.25  1.11  6.39  1.91  2.64  2.46  1.64  3.21 12.01  4.47  8.14  5.76  0.00
 9701.25  0.51  3.04  0.88  1.22  1.14  0.75  1.49  5.93  2.09  3.91  2.72  0.00
 9702.25  0.45  2.70  0.78  1.08  1.00  0.66  1.32  5.28  1.85  3.47  2.41  0.00
 9703.25  0.80  4.76  1.39  1.93  1.79  1.19  2.35  9.15  3.29  6.09  4.25  0.00
 9704.25  1.93 10.46  3.31  4.53  4.22  2.84  5.46 18.50  7.46 13.02  9.42  0.00
 9705.25  2.61 13.22  4.42  5.99  5.61  3.82  7.17 22.28  9.63 16.17 11.98  0.00
 9706.25  2.38 12.39  4.05  5.52  5.15  3.49  6.62 21.24  8.94 15.24 11.18  0.00
 9707.25  2.05 11.14  3.53  4.84  4.52  3.04  5.83 19.56  7.95 13.81  9.99  0.00
 9708.25  2.17 11.58  3.72  5.09  4.75  3.20  6.11 20.09  8.30 14.29 10.39  0.00
 9709.25  2.52 12.91  4.29  5.83  5.45  3.70  6.97 21.79  9.37 15.77 11.62  0.00
 9710.25  2.62 13.37  4.47  6.07  5.68  3.86  7.25 22.44  9.72 16.29 12.02  0.00
 9711.25  2.60 13.32  4.44  6.03  5.64  3.83  7.20 22.42  9.66 16.24 11.95  0.00
 9712.25  2.09 11.36  3.62  4.96  4.63  3.11  5.96 19.82  8.10 14.02 10.12  0.00
 9713.25  1.05  6.29  1.84  2.57  2.39  1.58  3.12 11.90  4.33  7.97  5.52  0.00
 9714.25  0.66  4.05  1.16  1.62  1.51  0.99  1.98  7.86  2.76  5.17  3.54  0.00
 9715.25  0.79  4.84  1.40  1.95  1.82  1.19  2.37  9.29  3.31  6.15  4.22  0.00
 9716.25  1.69  9.58  2.95  4.08  3.81  2.53  4.92 17.12  6.73 11.89  8.43  0.00
 9717.25  2.53 13.19  4.36  5.95  5.57  3.76  7.09 22.22  9.52 16.05 11.72  0.00
 9718.25  2.64 13.62  4.54  6.19  5.79  3.92  7.37 22.78  9.86 16.52 12.10  0.00
 9719.25  2.56 13.39  4.43  6.05  5.66  3.82  7.21 22.50  9.66 16.26 11.86  0.00
 9720.25  1.74  9.94  3.06  4.24  3.95  2.62  5.10 17.73  6.97 12.31  8.69  0.00
 9721.25  0.68  4.25  1.21  1.70  1.58  1.03  2.06  8.21  2.88  5.39  3.66  0.00
 9722.25  0.38  2.42  0.68  0.96  0.89  0.58  1.16  4.74  1.63  3.08  2.07  0.00
 9723.25  0.43  2.72  0.77  1.08  1.00  0.65  1.31  5.33  1.83  3.47  2.33  0.00
 9724.25  0.92  5.74  1.66  2.32  2.16  1.41  2.81 10.87  3.90  7.23  4.92  0.00
 9725.25  1.74 10.12  3.10  4.30  4.01  2.65  5.16 18.02  7.06 12.50  8.76  0.00
 9726.25  1.97 11.21  3.49  4.83  4.51  2.99  5.79 19.62  7.87 13.76  9.72  0.00
 9727.25  2.04 11.53  3.61  5.00  4.67  3.09  5.98 20.06  8.11 14.11  9.99  0.00
 9728.25  1.96 11.23  3.49  4.84  4.52  2.99  5.79 19.66  7.87 13.77  9.71  0.00
 9729.25  1.77 10.38  3.17  4.41  4.11  2.71  5.29 18.46  7.22 12.79  8.93  0.00
 9730.25  1.71 10.10  3.07  4.27  3.98  2.62  5.12 18.01  7.00 12.45  8.66  0.00
 9731.25  1.70 10.06  3.05  4.25  3.96  2.60  5.10 17.97  6.97 12.40  8.61  0.00
 9732.25  1.85 10.85  3.33  4.63  4.32  2.84  5.54 19.14  7.55 13.31  9.29  0.00
 9733.25  2.21 12.41  3.95  5.45  5.10  3.38  6.50 21.23  8.76 15.06 10.68  0.00
 9734.25  2.10 11.88  3.76  5.20  4.86  3.21  6.19 20.40  8.36 14.43 10.20  0.00
 9735.25  1.65  9.84  2.98  4.16  3.88  2.54  4.98 17.49  6.80 12.08  8.37  0.00
 9736.25  1.27  7.93  2.32  3.26  3.04  1.98  3.92 14.56  5.40  9.83  6.69  0.00
 9737.25  0.93  6.02  1.71  2.42  2.25  1.45  2.92 11.40  4.05  7.53  5.04  0.00
 9738.25  1.01  6.53  1.86  2.63  2.45  1.58  3.17 12.31  4.39  8.15  5.45  0.00
 9739.25  1.06  6.84  1.95  2.76  2.57  1.66  3.32 12.86  4.60  8.53  5.70  0.00
 9740.25  0.67  4.46  1.24  1.76  1.64  1.05  2.13  8.61  2.96  5.60  3.69  0.00
 9741.25  0.66  4.38  1.22  1.73  1.61  1.03  2.09  8.47  2.91  5.50  3.62  0.00
 9742.25  1.14  7.30  2.10  2.97  2.77  1.78  3.57 13.57  4.92  9.06  6.07  0.00
 9743.25  1.89 11.07  3.44  4.79  4.48  2.93  5.70 19.14  7.70 13.42  9.34  0.00
 9744.25  2.23 12.54  4.02  5.57  5.22  3.44  6.60 21.14  8.84 15.08 10.63  0.00
 9745.25  2.42 13.47  4.37  6.04  5.66  3.74  7.14 22.52  9.53 16.14 11.43  0.00
 9746.25  1.96 11.64  3.59  5.01  4.69  3.06  5.96 20.20  8.07 14.11  9.76  0.00
 9747.25  1.12  7.36  2.10  2.97  2.77  1.78  3.57 13.73  4.93  9.12  6.05  0.00
 9748.25  0.81  5.45  1.52  2.16  2.01  1.28  2.60 10.41  3.61  6.79  4.45  0.00
 9749.25  0.86  5.79  1.62  2.31  2.15  1.37  2.77 10.99  3.84  7.20  4.72  0.00
 9750.25  1.47  9.29  2.74  3.86  3.60  2.32  4.61 16.71  6.30 11.37  7.66  0.00
 9751.25  2.22 12.88  4.07  5.67  5.30  3.47  6.71 21.84  9.00 15.47 10.77  0.00
 9752.25  2.35 13.42  4.31  5.98  5.60  3.68  7.06 22.48  9.43 16.04 11.24  0.00
 9753.25  2.26 12.98  4.15  5.76  5.40  3.54  6.81 21.78  9.10 15.51 10.84  0.00
 9754.25  2.17 12.62  3.99  5.56  5.21  3.40  6.57 21.30  8.81 15.11 10.50  0.00
 9755.25  2.15 12.67  3.98  5.56  5.20  3.39  6.57 21.49  8.82 15.19 10.52  0.00
 9756.25  2.13 12.58  3.95  5.51  5.16  3.36  6.52 21.34  8.75 15.07 10.42  0.00
 9757.25  1.98 11.86  3.69  5.16  4.83  3.14  6.10 20.24  8.21 14.23  9.79  0.00
 9758.25  1.81 11.13  3.38  4.76  4.45  2.87  5.64 19.29  7.63 13.41  9.12  0.00
 9759.25  1.94 11.88  3.64  5.11  4.78  3.09  6.05 20.48  8.16 14.29  9.74  0.00
 9760.25  2.28 13.37  4.24  5.92  5.54  3.61  6.98 22.44  9.32 15.94 11.04  0.00
 9761.25  2.42 13.84  4.48  6.22  5.83  3.82  7.31 22.90  9.72 16.41 11.45  0.00
 9762.25  2.31 13.30  4.29  5.96  5.59  3.66  7.01 22.04  9.32 15.77 10.98  0.00
 9763.25  2.35 13.45  4.37  6.07  5.69  3.73  7.12 22.18  9.45 15.92 11.10  0.00
 9764.25  2.56 14.35  4.74  6.56  6.16  4.05  7.68 23.40 10.14 16.92 11.87  0.00
 9765.25  2.65 14.68  4.89  6.76  6.35  4.18  7.90 23.82 10.41 17.27 12.15  0.00
 9766.25  2.27 13.41  4.25  5.94  5.57  3.62  6.99 22.42  9.32 15.92 10.96  0.00
 9767.25  2.06 12.67  3.91  5.49  5.14  3.32  6.48 21.57  8.70 15.12 10.27  0.00
 9768.25  2.60 14.67  4.84  6.71  6.30  4.13  7.84 23.91 10.35 17.26 12.07  0.00
 9769.25  2.96 15.84  5.45  7.48  7.04  4.67  8.70 25.19 11.34 18.48 13.12  0.00
 9770.25  2.80 15.43  5.19  7.17  6.74  4.44  8.35 24.81 10.95 18.06 12.71  0.00
 9771.25  2.54 14.64  4.77  6.64  6.23  4.07  7.77 23.96 10.27 17.23 11.96  0.00
 9772.25  2.33 13.90  4.42  6.19  5.80  3.76  7.25 23.08  9.65 16.42 11.27  0.00
 9773.25  2.25 13.51  4.27  5.98  5.61  3.62  7.02 22.54  9.35 15.99 10.92  0.00
 9774.25  2.48 14.36  4.67  6.51  6.11  3.98  7.61 23.47 10.05 16.87 11.67  0.00
 9775.25  2.75 15.33  5.14  7.12  6.69  4.39  8.28 24.62 10.85 17.90 12.53  0.00
 9776.25  2.64 15.01  4.97  6.91  6.49  4.24  8.04 24.26 10.57 17.56 12.21  0.00
 9777.25  2.54 14.68  4.80  6.69  6.28  4.09  7.80 23.89 10.28 17.20 11.89  0.00
 9778.25  2.40 14.24  4.58  6.41  6.01  3.90  7.49 23.40  9.91 16.73 11.48  0.00
 9779.25  2.19 13.43  4.21  5.93  5.56  3.57  6.95 22.38  9.25 15.84 10.74  0.00
 9780.25  2.06 12.94  3.98  5.63  5.27  3.37  6.61 21.84  8.84 15.32 10.28  0.00
 9781.25  2.05 12.88  3.97  5.61  5.25  3.36  6.58 21.72  8.79 15.24 10.22  0.00
 9782.25  2.05 12.79  3.97  5.60  5.25  3.36  6.56 21.43  8.76 15.09 10.15  0.00
 9783.25  2.19 13.46  4.23  5.96  5.59  3.59  6.97 22.35  9.26 15.84 10.71  0.00
 9784.25  2.28 13.97  4.41  6.20  5.82  3.73  7.25 23.15  9.62 16.42 11.10  0.00
 9785.25  2.18 13.64  4.24  5.99  5.62  3.59  7.01 22.78  9.34 16.06 10.78  0.00
 9786.25  1.93 12.54  3.78  5.38  5.04  3.20  6.32 21.38  8.47 14.85  9.82  0.00
 9787.25  1.72 11.56  3.40  4.86  4.55  2.86  5.72 20.07  7.72 13.76  8.97  0.00
 9788.25  1.83 12.16  3.62  5.16  4.83  3.05  6.07 20.89  8.16 14.42  9.45  0.00
 9789.25  1.89 12.45  3.73  5.32  4.98  3.15  6.24 21.27  8.38 14.73  9.69  0.00
 9790.25  1.27  9.14  2.57  3.71  3.46  2.15  4.38 16.50  5.97 10.98  6.96  0.00
 9791.25  0.62  4.80  1.26  1.85  1.72  1.06  2.20  9.22  3.04  5.85  3.57  0.00
 9792.25  0.34  2.70  0.70  1.03  0.96  0.58  1.22  5.29  1.70  3.31  2.00  0.00
 9793.25  0.20  1.61  0.41  0.61  0.57  0.35  0.72  3.16  1.01  1.97  1.18  0.00
 9794.25  0.21  1.66  0.43  0.63  0.59  0.36  0.75  3.27  1.04  2.04  1.22  0.00
 9795.25  0.42  3.37  0.87  1.28  1.19  0.73  1.52  6.56  2.12  4.11  2.48  0.00
 9796.25  1.25  9.14  2.55  3.70  3.46  2.14  4.36 16.49  5.95 10.95  6.88  0.00
 9797.25  1.79 12.25  3.61  5.18  4.85  3.04  6.07 21.04  8.16 14.46  9.37  0.00
 9798.25  1.23  9.10  2.51  3.65  3.41  2.10  4.31 16.52  5.88 10.90  6.81  0.00
 9799.25  0.95  7.30  1.96  2.86  2.67  1.64  3.39 13.63  4.65  8.81  5.40  0.00
 9800.25  0.92  7.13  1.91  2.79  2.60  1.59  3.30 13.33  4.53  8.60  5.25  0.00
 9801.25  0.50  4.04  1.05  1.54  1.44  0.87  1.83  7.83  2.53  4.91  2.94  0.00
 9802.25  0.33  2.69  0.69  1.02  0.95  0.57  1.21  5.26  1.67  3.28  1.95  0.00
 9803.25  0.43  3.55  0.91  1.35  1.25  0.76  1.60  6.90  2.21  4.31  2.57  0.00
 9804.25  1.01  7.77  2.10  3.07  2.86  1.75  3.62 14.33  4.96  9.32  5.71  0.00
 9805.25  1.86 12.77  3.79  5.44  5.10  3.19  6.36 21.69  8.50 14.98  9.66  0.00
 9806.25  1.83 12.69  3.75  5.40  5.05  3.15  6.30 21.61  8.44 14.89  9.58  0.00
 9807.25  1.74 12.29  3.59  5.18  4.85  3.01  6.05 21.10  8.13 14.46  9.23  0.00
 9808.25  1.61 11.59  3.33  4.81  4.50  2.78  5.63 20.14  7.59 13.66  8.63  0.00
 9809.25  1.08  8.45  2.28  3.34  3.12  1.90  3.93 15.52  5.38 10.10  6.15  0.00
 9810.25  0.85  6.85  1.80  2.65  2.47  1.50  3.13 12.90  4.31  8.24  4.94  0.00
 9811.25  1.01  8.00  2.13  3.14  2.93  1.78  3.69 14.80  5.06  9.57  5.78  0.00
 9812.25  1.33 10.14  2.80  4.09  3.83  2.34  4.80 18.10  6.52 12.02  7.41  0.00
 9813.25  0.93  7.44  1.97  2.90  2.71  1.64  3.42 13.84  4.69  8.90  5.35  0.00
 9814.25  0.60  5.04  1.29  1.92  1.79  1.07  2.26  9.69  3.13  6.08  3.57  0.00
 9815.25  0.63  5.27  1.35  2.00  1.87  1.12  2.37 10.10  3.27  6.34  3.73  0.00
 9816.25  1.02  8.17  2.18  3.21  3.00  1.81  3.78 15.04  5.16  9.74  5.86  0.00
 9817.25  1.50 11.27  3.18  4.64  4.34  2.66  5.42 19.69  7.31 13.26  8.24  0.00
 9818.25  1.17  9.22  2.49  3.67  3.42  2.08  4.30 16.69  5.86 10.93  6.62  0.00
 9819.25  0.78  6.53  1.69  2.51  2.34  1.40  2.95 12.34  4.06  7.82  4.61  0.00
 9820.25  0.62  5.26  1.34  2.00  1.86  1.11  2.35 10.10  3.25  6.32  3.69  0.00
 9821.25  0.62  5.26  1.34  2.00  1.86  1.11  2.35 10.10  3.25  6.32  3.68  0.00
 9822.25  0.86  7.15  1.86  2.76  2.58  1.55  3.25 13.37  4.45  8.53  5.03  0.00
 9823.25  1.32 10.32  2.84  4.16  3.89  2.36  4.86 18.34  6.59 12.16  7.39  0.00
 9824.25  1.56 11.76  3.34  4.88  4.57  2.79  5.68 20.30  7.63 13.74  8.52  0.00
 9825.25  1.60 11.90  3.41  4.97  4.66  2.85  5.78 20.41  7.75 13.88  8.64  0.00
 9826.25  1.57 11.83  3.37  4.92  4.61  2.81  5.72 20.35  7.68 13.80  8.55  0.00
 9827.25  1.54 11.76  3.32  4.86  4.55  2.77  5.66 20.35  7.60 13.74  8.46  0.00
 9828.25  1.48 11.47  3.21  4.70  4.40  2.67  5.47 19.99  7.37 13.41  8.21  0.00
 9829.25  1.26 10.15  2.75  4.06  3.80  2.29  4.74 18.13  6.43 11.94  7.17  0.00
 9830.25  1.02  8.58  2.26  3.35  3.13  1.87  3.92 15.73  5.36 10.15  5.98  0.00
 9831.25  0.95  8.03  2.10  3.12  2.91  1.74  3.65 14.84  4.99  9.52  5.57  0.00
 9832.25  1.10  9.13  2.43  3.60  3.36  2.01  4.21 16.55  5.73 10.76  6.37  0.00
 9833.25  1.41 11.20  3.10  4.56  4.27  2.58  5.31 19.60  7.16 13.08  7.92  0.00
 9834.25  0.00  0.00  0.00  0.00  0.00  0.00  0.00  0.00  0.00  0.00  0.00  0.00
 9835.25  0.00  0.00  0.00  0.00  0.00  0.00  0.00  0.00  0.00  0.00  0.00  0.00
 9836.25  0.00  0.00  0.00  0.00  0.00  0.00  0.00  0.00  0.00  0.00  0.00  0.00
 9837.25  0.00  0.00  0.00  0.00  0.00  0.00  0.00  0.00  0.00  0.00  0.00  0.00
 9838.25  0.00  0.00  0.00  0.00  0.00  0.00  0.00  0.00  0.00  0.00  0.00  0.00
 9839.25  0.00  0.00  0.00  0.00  0.00  0.00  0.00  0.00  0.00  0.00  0.00  0.00
 9840.25  0.00  0.00  0.00  0.00  0.00  0.00  0.00  0.00  0.00  0.00  0.00  0.00
 9841.25  0.00  0.00  0.00  0.00  0.00  0.00  0.00  0.00  0.00  0.00  0.00  0.00
 9842.25  0.00  0.00  0.00  0.00  0.00  0.00  0.00  0.00  0.00  0.00  0.00  0.00
 9843.25  0.00  0.00  0.00  0.00  0.00  0.00  0.00  0.00  0.00  0.00  0.00  0.00
 9844.25  0.00  0.00  0.00  0.00  0.00  0.00  0.00  0.00  0.00  0.00  0.00  0.00
 9845.25  0.00  0.00  0.00  0.00  0.00  0.00  0.00  0.00  0.00  0.00  0.00  0.00
 9846.25  0.00  0.00  0.00  0.00  0.00  0.00  0.00  0.00  0.00  0.00  0.00  0.00
 9847.25  0.00  0.00  0.00  0.00  0.00  0.00  0.00  0.00  0.00  0.00  0.00  0.00
 9848.25  0.00  0.00  0.00  0.00  0.00  0.00  0.00  0.00  0.00  0.00  0.00  0.00
 9849.25  0.00  0.00  0.00  0.00  0.00  0.00  0.00  0.00  0.00  0.00  0.00  0.00
 9850.25  0.00  0.00  0.00  0.00  0.00  0.00  0.00  0.00  0.00  0.00  0.00  0.00
 9851.25  0.00  0.00  0.00  0.00  0.00  0.00  0.00  0.00  0.00  0.00  0.00  0.00
 9852.25  0.00  0.00  0.00  0.00  0.00  0.00  0.00  0.00  0.00  0.00  0.00  0.00
 9853.25  0.00  0.00  0.00  0.00  0.00  0.00  0.00  0.00  0.00  0.00  0.00  0.00
 9854.25  0.00  0.00  0.00  0.00  0.00  0.00  0.00  0.00  0.00  0.00  0.00  0.00
 9855.25  0.00  0.00  0.00  0.00  0.00  0.00  0.00  0.00  0.00  0.00  0.00  0.00
 9856.25  0.00  0.00  0.00  0.00  0.00  0.00  0.00  0.00  0.00  0.00  0.00  0.00
 9857.25  0.00  0.00  0.00  0.00  0.00  0.00  0.00  0.00  0.00  0.00  0.00  0.00
 9858.25  0.00  0.00  0.00  0.00  0.00  0.00  0.00  0.00  0.00  0.00  0.00  0.00
 9859.25  0.00  0.00  0.00  0.00  0.00  0.00  0.00  0.00  0.00  0.00  0.00  0.00
 9860.25  0.00  0.00  0.00  0.00  0.00  0.00  0.00  0.00  0.00  0.00  0.00  0.00
 9861.25  0.00  0.00  0.00  0.00  0.00  0.00  0.00  0.00  0.00  0.00  0.00  0.00
 9862.25  0.00  0.00  0.00  0.00  0.00  0.00  0.00  0.00  0.00  0.00  0.00  0.00
 9863.25  0.00  0.00  0.00  0.00  0.00  0.00  0.00  0.00  0.00  0.00  0.00  0.00
 9864.25  0.00  0.00  0.00  0.00  0.00  0.00  0.00  0.00  0.00  0.00  0.00  0.00
 9865.25  0.00  0.00  0.00  0.00  0.00  0.00  0.00  0.00  0.00  0.00  0.00  0.00
 9866.25  0.00  0.00  0.00  0.00  0.00  0.00  0.00  0.00  0.00  0.00  0.00  0.00
 9867.25  0.00  0.00  0.00  0.00  0.00  0.00  0.00  0.00  0.00  0.00  0.00  0.00
 9868.25  0.00  0.00  0.00  0.00  0.00  0.00  0.00  0.00  0.00  0.00  0.00  0.00
 9869.25  0.00  0.00  0.00  0.00  0.00  0.00  0.00  0.00  0.00  0.00  0.00  0.00
 9870.25  0.00  0.00  0.00  0.00  0.00  0.00  0.00  0.00  0.00  0.00  0.00  0.00
 9871.25  0.00  0.00  0.00  0.00  0.00  0.00  0.00  0.00  0.00  0.00  0.00  0.00
 9872.25  0.00  0.00  0.00  0.00  0.00  0.00  0.00  0.00  0.00  0.00  0.00  0.00
 9873.25  0.00  0.00  0.00  0.00  0.00  0.00  0.00  0.00  0.00  0.00  0.00  0.00
 9874.25  0.00  0.00  0.00  0.00  0.00  0.00  0.00  0.00  0.00  0.00  0.00  0.00
 9875.25  0.00  0.00  0.00  0.00  0.00  0.00  0.00  0.00  0.00  0.00  0.00  0.00
 9876.25  0.00  0.00  0.00  0.00  0.00  0.00  0.00  0.00  0.00  0.00  0.00  0.00
 9877.25  0.00  0.00  0.00  0.00  0.00  0.00  0.00  0.00  0.00  0.00  0.00  0.00
 9878.25  0.00  0.00  0.00  0.00  0.00  0.00  0.00  0.00  0.00  0.00  0.00  0.00
 9879.25  0.00  0.00  0.00  0.00  0.00  0.00  0.00  0.00  0.00  0.00  0.00  0.00
 9880.25  0.00  0.00  0.00  0.00  0.00  0.00  0.00  0.00  0.00  0.00  0.00  0.00
 9881.25  0.00  0.00  0.00  0.00  0.00  0.00  0.00  0.00  0.00  0.00  0.00  0.00
 9882.25  0.00  0.00  0.00  0.00  0.00  0.00  0.00  0.00  0.00  0.00  0.00  0.00
 9883.25  0.00  0.00  0.00  0.00  0.00  0.00  0.00  0.00  0.00  0.00  0.00  0.00
 9884.25  0.00  0.00  0.00  0.00  0.00  0.00  0.00  0.00  0.00  0.00  0.00  0.00
 9885.25  0.00  0.00  0.00  0.00  0.00  0.00  0.00  0.00  0.00  0.00  0.00  0.00
 9886.25  0.00  0.00  0.00  0.00  0.00  0.00  0.00  0.00  0.00  0.00  0.00  0.00
 9887.25  0.00  0.00  0.00  0.00  0.00  0.00  0.00  0.00  0.00  0.00  0.00  0.00
 9888.25  0.00  0.00  0.00  0.00  0.00  0.00  0.00  0.00  0.00  0.00  0.00  0.00
 9889.25  0.00  0.00  0.00  0.00  0.00  0.00  0.00  0.00  0.00  0.00  0.00  0.00
 9890.25  0.00  0.00  0.00  0.00  0.00  0.00  0.00  0.00  0.00  0.00  0.00  0.00
 9891.25  0.00  0.00  0.00  0.00  0.00  0.00  0.00  0.00  0.00  0.00  0.00  0.00
 9892.25  0.00  0.00  0.00  0.00  0.00  0.00  0.00  0.00  0.00  0.00  0.00  0.00
 9893.25  0.00  0.00  0.00  0.00  0.00  0.00  0.00  0.00  0.00  0.00  0.00  0.00
 9894.25  0.00  0.00  0.00  0.00  0.00  0.00  0.00  0.00  0.00  0.00  0.00  0.00
 9895.25  0.00  0.00  0.00  0.00  0.00  0.00  0.00  0.00  0.00  0.00  0.00  0.00
 9896.25  0.00  0.00  0.00  0.00  0.00  0.00  0.00  0.00  0.00  0.00  0.00  0.00
 9897.25  0.00  0.00  0.00  0.00  0.00  0.00  0.00  0.00  0.00  0.00  0.00  0.00
 9898.25  0.00  0.00  0.00  0.00  0.00  0.00  0.00  0.00  0.00  0.00  0.00  0.00
 9899.25  0.00  0.00  0.00  0.00  0.00  0.00  0.00  0.00  0.00  0.00  0.00  0.00
 9900.25  0.00  0.00  0.00  0.00  0.00  0.00  0.00  0.00  0.00  0.00  0.00  0.00
 9901.25  0.00  0.00  0.00  0.00  0.00  0.00  0.00  0.00  0.00  0.00  0.00  0.00
 9902.25  0.00  0.00  0.00  0.00  0.00  0.00  0.00  0.00  0.00  0.00  0.00  0.00
 9903.25  0.00  0.00  0.00  0.00  0.00  0.00  0.00  0.00  0.00  0.00  0.00  0.00
 9904.25  0.00  0.00  0.00  0.00  0.00  0.00  0.00  0.00  0.00  0.00  0.00  0.00
 9905.25  0.00  0.00  0.00  0.00  0.00  0.00  0.00  0.00  0.00  0.00  0.00  0.00
 9906.25  0.00  0.00  0.00  0.00  0.00  0.00  0.00  0.00  0.00  0.00  0.00  0.00
 9907.25  0.00  0.00  0.00  0.00  0.00  0.00  0.00  0.00  0.00  0.00  0.00  0.00
 9908.25  0.00  0.00  0.00  0.00  0.00  0.00  0.00  0.00  0.00  0.00  0.00  0.00
 9909.25  0.00  0.00  0.00  0.00  0.00  0.00  0.00  0.00  0.00  0.00  0.00  0.00
 9910.25  0.00  0.00  0.00  0.00  0.00  0.00  0.00  0.00  0.00  0.00  0.00  0.00
 9911.25  0.00  0.00  0.00  0.00  0.00  0.00  0.00  0.00  0.00  0.00  0.00  0.00
 9912.25  0.00  0.00  0.00  0.00  0.00  0.00  0.00  0.00  0.00  0.00  0.00  0.00
 9913.25  0.00  0.00  0.00  0.00  0.00  0.00  0.00  0.00  0.00  0.00  0.00  0.00
 9914.25  0.00  0.00  0.00  0.00  0.00  0.00  0.00  0.00  0.00  0.00  0.00  0.00
 9915.25  0.00  0.00  0.00  0.00  0.00  0.00  0.00  0.00  0.00  0.00  0.00  0.00
 9916.25  0.00  0.00  0.00  0.00  0.00  0.00  0.00  0.00  0.00  0.00  0.00  0.00
 9917.25  0.00  0.00  0.00  0.00  0.00  0.00  0.00  0.00  0.00  0.00  0.00  0.00
 9918.25  0.00  0.00  0.00  0.00  0.00  0.00  0.00  0.00  0.00  0.00  0.00  0.00
 9919.25  0.00  0.00  0.00  0.00  0.00  0.00  0.00  0.00  0.00  0.00  0.00  0.00
 9920.25  0.00  0.00  0.00  0.00  0.00  0.00  0.00  0.00  0.00  0.00  0.00  0.00
 9921.25  0.00  0.00  0.00  0.00  0.00  0.00  0.00  0.00  0.00  0.00  0.00  0.00
 9922.25  0.00  0.00  0.00  0.00  0.00  0.00  0.00  0.00  0.00  0.00  0.00  0.00
 9923.25  0.00  0.00  0.00  0.00  0.00  0.00  0.00  0.00  0.00  0.00  0.00  0.00
 9924.25  0.00  0.00  0.00  0.00  0.00  0.00  0.00  0.00  0.00  0.00  0.00  0.00
 9925.25  0.00  0.00  0.00  0.00  0.00  0.00  0.00  0.00  0.00  0.00  0.00  0.00
 9926.25  0.00  0.00  0.00  0.00  0.00  0.00  0.00  0.00  0.00  0.00  0.00  0.00
 9927.25  0.00  0.00  0.00  0.00  0.00  0.00  0.00  0.00  0.00  0.00  0.00  0.00
 9928.25  0.00  0.00  0.00  0.00  0.00  0.00  0.00  0.00  0.00  0.00  0.00  0.00
 9929.25  0.00  0.00  0.00  0.00  0.00  0.00  0.00  0.00  0.00  0.00  0.00  0.00
 9930.25  0.00  0.00  0.00  0.00  0.00  0.00  0.00  0.00  0.00  0.00  0.00  0.00
 9931.25  0.00  0.00  0.00  0.00  0.00  0.00  0.00  0.00  0.00  0.00  0.00  0.00
 9932.25  0.00  0.00  0.00  0.00  0.00  0.00  0.00  0.00  0.00  0.00  0.00  0.00
 9933.25  0.00  0.00  0.00  0.00  0.00  0.00  0.00  0.00  0.00  0.00  0.00  0.00
 9934.25  0.00  0.00  0.00  0.00  0.00  0.00  0.00  0.00  0.00  0.00  0.00  0.00
 9935.25  0.00  0.00  0.00  0.00  0.00  0.00  0.00  0.00  0.00  0.00  0.00  0.00
 9936.25  0.00  0.00  0.00  0.00  0.00  0.00  0.00  0.00  0.00  0.00  0.00  0.00
 9937.25  0.00  0.00  0.00  0.00  0.00  0.00  0.00  0.00  0.00  0.00  0.00  0.00
 9938.25  0.00  0.00  0.00  0.00  0.00  0.00  0.00  0.00  0.00  0.00  0.00  0.00
 9939.25  0.00  0.00  0.00  0.00  0.00  0.00  0.00  0.00  0.00  0.00  0.00  0.00
 9940.25  0.00  0.00  0.00  0.00  0.00  0.00  0.00  0.00  0.00  0.00  0.00  0.00
 9941.25  0.00  0.00  0.00  0.00  0.00  0.00  0.00  0.00  0.00  0.00  0.00  0.00
 9942.25  0.00  0.00  0.00  0.00  0.00  0.00  0.00  0.00  0.00  0.00  0.00  0.00
 9943.25  0.00  0.00  0.00  0.00  0.00  0.00  0.00  0.00  0.00  0.00  0.00  0.00
 9944.25  0.00  0.00  0.00  0.00  0.00  0.00  0.00  0.00  0.00  0.00  0.00  0.00
 9945.25  0.00  0.00  0.00  0.00  0.00  0.00  0.00  0.00  0.00  0.00  0.00  0.00
 9946.25  0.00  0.00  0.00  0.00  0.00  0.00  0.00  0.00  0.00  0.00  0.00  0.00
 9947.25  0.00  0.00  0.00  0.00  0.00  0.00  0.00  0.00  0.00  0.00  0.00  0.00
 9948.25  0.00  0.00  0.00  0.00  0.00  0.00  0.00  0.00  0.00  0.00  0.00  0.00
 9949.25  0.00  0.00  0.00  0.00  0.00  0.00  0.00  0.00  0.00  0.00  0.00  0.00
 9950.25  0.00  0.00  0.00  0.00  0.00  0.00  0.00  0.00  0.00  0.00  0.00  0.00
 9951.25  0.00  0.00  0.00  0.00  0.00  0.00  0.00  0.00  0.00  0.00  0.00  0.00
 9952.25  0.00  0.00  0.00  0.00  0.00  0.00  0.00  0.00  0.00  0.00  0.00  0.00
 9953.25  0.00  0.00  0.00  0.00  0.00  0.00  0.00  0.00  0.00  0.00  0.00  0.00
 9954.25  0.00  0.00  0.00  0.00  0.00  0.00  0.00  0.00  0.00  0.00  0.00  0.00
 9955.25  0.00  0.00  0.00  0.00  0.00  0.00  0.00  0.00  0.00  0.00  0.00  0.00
 9956.25  0.00  0.00  0.00  0.00  0.00  0.00  0.00  0.00  0.00  0.00  0.00  0.00
 9957.25  0.00  0.00  0.00  0.00  0.00  0.00  0.00  0.00  0.00  0.00  0.00  0.00
 9958.25  0.00  0.00  0.00  0.00  0.00  0.00  0.00  0.00  0.00  0.00  0.00  0.00
 9959.25  0.00  0.00  0.00  0.00  0.00  0.00  0.00  0.00  0.00  0.00  0.00  0.00
 9960.25  0.00  0.00  0.00  0.00  0.00  0.00  0.00  0.00  0.00  0.00  0.00  0.00
 9961.25  0.00  0.00  0.00  0.00  0.00  0.00  0.00  0.00  0.00  0.00  0.00  0.00
 9962.25  0.00  0.00  0.00  0.00  0.00  0.00  0.00  0.00  0.00  0.00  0.00  0.00
 9963.25  0.00  0.00  0.00  0.00  0.00  0.00  0.00  0.00  0.00  0.00  0.00  0.00
 9964.25  0.00  0.00  0.00  0.00  0.00  0.00  0.00  0.00  0.00  0.00  0.00  0.00
 9965.25  0.00  0.00  0.00  0.00  0.00  0.00  0.00  0.00  0.00  0.00  0.00  0.00
 9966.25  0.00  0.00  0.00  0.00  0.00  0.00  0.00  0.00  0.00  0.00  0.00  0.00
 9967.25  0.00  0.00  0.00  0.00  0.00  0.00  0.00  0.00  0.00  0.00  0.00  0.00
 9968.25  0.00  0.00  0.00  0.00  0.00  0.00  0.00  0.00  0.00  0.00  0.00  0.00
 9969.25  0.00  0.00  0.00  0.00  0.00  0.00  0.00  0.00  0.00  0.00  0.00  0.00
 9970.25  0.00  0.00  0.00  0.00  0.00  0.00  0.00  0.00  0.00  0.00  0.00  0.00
 9971.25  0.00  0.00  0.00  0.00  0.00  0.00  0.00  0.00  0.00  0.00  0.00  0.00
 9972.25  0.00  0.00  0.00  0.00  0.00  0.00  0.00  0.00  0.00  0.00  0.00  0.00
 9973.25  0.00  0.00  0.00  0.00  0.00  0.00  0.00  0.00  0.00  0.00  0.00  0.00
 9974.25  0.00  0.00  0.00  0.00  0.00  0.00  0.00  0.00  0.00  0.00  0.00  0.00
 9975.25  0.00  0.00  0.00  0.00  0.00  0.00  0.00  0.00  0.00  0.00  0.00  0.00
 9976.25  0.00  0.00  0.00  0.00  0.00  0.00  0.00  0.00  0.00  0.00  0.00  0.00
 9977.25  0.00  0.00  0.00  0.00  0.00  0.00  0.00  0.00  0.00  0.00  0.00  0.00
 9978.25  0.00  0.00  0.00  0.00  0.00  0.00  0.00  0.00  0.00  0.00  0.00  0.00
 9979.25  0.00  0.00  0.00  0.00  0.00  0.00  0.00  0.00  0.00  0.00  0.00  0.00
 9980.25  0.00  0.00  0.00  0.00  0.00  0.00  0.00  0.00  0.00  0.00  0.00  0.00
 9981.25  0.00  0.00  0.00  0.00  0.00  0.00  0.00  0.00  0.00  0.00  0.00  0.00
 9982.25  0.00  0.00  0.00  0.00  0.00  0.00  0.00  0.00  0.00  0.00  0.00  0.00
 9983.25  0.00  0.00  0.00  0.00  0.00  0.00  0.00  0.00  0.00  0.00  0.00  0.00
 9984.25  0.00  0.00  0.00  0.00  0.00  0.00  0.00  0.00  0.00  0.00  0.00  0.00
 9985.25  0.00  0.00  0.00  0.00  0.00  0.00  0.00  0.00  0.00  0.00  0.00  0.00
 9986.25  0.00  0.00  0.00  0.00  0.00  0.00  0.00  0.00  0.00  0.00  0.00  0.00
 9987.25  0.00  0.00  0.00  0.00  0.00  0.00  0.00  0.00  0.00  0.00  0.00  0.00
 9988.25  0.00  0.00  0.00  0.00  0.00  0.00  0.00  0.00  0.00  0.00  0.00  0.00
 9989.25  0.00  0.00  0.00  0.00  0.00  0.00  0.00  0.00  0.00  0.00  0.00  0.00
 9990.25  0.00  0.00  0.00  0.00  0.00  0.00  0.00  0.00  0.00  0.00  0.00  0.00
 9991.25  0.00  0.00  0.00  0.00  0.00  0.00  0.00  0.00  0.00  0.00  0.00  0.00
 9992.25  0.00  0.00  0.00  0.00  0.00  0.00  0.00  0.00  0.00  0.00  0.00  0.00
 9993.25  0.00  0.00  0.00  0.00  0.00  0.00  0.00  0.00  0.00  0.00  0.00  0.00
 9994.25  0.00  0.00  0.00  0.00  0.00  0.00  0.00  0.00  0.00  0.00  0.00  0.00
 9995.25  0.00  0.00  0.00  0.00  0.00  0.00  0.00  0.00  0.00  0.00  0.00  0.00
 9996.25  0.00  0.00  0.00  0.00  0.00  0.00  0.00  0.00  0.00  0.00  0.00  0.00
 9997.25  0.00  0.00  0.00  0.00  0.00  0.00  0.00  0.00  0.00  0.00  0.00  0.00
 9998.25  0.00  0.00  0.00  0.00  0.00  0.00  0.00  0.00  0.00  0.00  0.00  0.00
 9999.25  0.00  0.00  0.00  0.00  0.00  0.00  0.00  0.00  0.00  0.00  0.00  0.00
