# Lyman-alpha forest S/N per Ang for mean quasar with mean forest
# INFILE= /Users/schlegel/desimodel/data/spectra/spec-lya.dat
# GMAG= 19.2500
# EXPTIME= 4000.00
#
# Wave SN(z=2.0) SN(z=2.25) SN(z=2.50) SN(z=2.75) SN(z=3.00) SN(z=3.25) SN(z=3.50) SN(z=3.75) SN(z=4.00) SN(z=4.25) SN(z=4.50) SN(z=4.75)
 3500.25  0.00  0.00  0.00  0.00  0.00  0.00  0.00  0.00  0.00  0.00  0.00  0.00
 3501.25  0.00  0.00  0.00  0.00  0.00  0.00  0.00  0.00  0.00  0.00  0.00  0.00
 3502.25  0.00  0.00  0.00  0.00  0.00  0.00  0.00  0.00  0.00  0.00  0.00  0.00
 3503.25  0.00  0.00  0.00  0.00  0.00  0.00  0.00  0.00  0.00  0.00  0.00  0.00
 3504.25  0.00  0.00  0.00  0.00  0.00  0.00  0.00  0.00  0.00  0.00  0.00  0.00
 3505.25  0.00  0.00  0.00  0.00  0.00  0.00  0.00  0.00  0.00  0.00  0.00  0.00
 3506.25  0.00  0.00  0.00  0.00  0.00  0.00  0.00  0.00  0.00  0.00  0.00  0.00
 3507.25  0.00  0.00  0.00  0.00  0.00  0.00  0.00  0.00  0.00  0.00  0.00  0.00
 3508.25  0.00  0.00  0.00  0.00  0.00  0.00  0.00  0.00  0.00  0.00  0.00  0.00
 3509.25  0.00  0.00  0.00  0.00  0.00  0.00  0.00  0.00  0.00  0.00  0.00  0.00
 3510.25  0.00  0.00  0.00  0.00  0.00  0.00  0.00  0.00  0.00  0.00  0.00  0.00
 3511.25  0.00  0.00  0.00  0.00  0.00  0.00  0.00  0.00  0.00  0.00  0.00  0.00
 3512.25  0.00  0.00  0.00  0.00  0.00  0.00  0.00  0.00  0.00  0.00  0.00  0.00
 3513.25  0.00  0.00  0.00  0.00  0.00  0.00  0.00  0.00  0.00  0.00  0.00  0.00
 3514.25  0.00  0.00  0.00  0.00  0.00  0.00  0.00  0.00  0.00  0.00  0.00  0.00
 3515.25  0.00  0.00  0.00  0.00  0.00  0.00  0.00  0.00  0.00  0.00  0.00  0.00
 3516.25  0.00  0.00  0.00  0.00  0.00  0.00  0.00  0.00  0.00  0.00  0.00  0.00
 3517.25  0.00  0.00  0.00  0.00  0.00  0.00  0.00  0.00  0.00  0.00  0.00  0.00
 3518.25  0.00  0.00  0.00  0.00  0.00  0.00  0.00  0.00  0.00  0.00  0.00  0.00
 3519.25  0.00  0.00  0.00  0.00  0.00  0.00  0.00  0.00  0.00  0.00  0.00  0.00
 3520.25  0.00  0.00  0.00  0.00  0.00  0.00  0.00  0.00  0.00  0.00  0.00  0.00
 3521.25  0.00  0.00  0.00  0.00  0.00  0.00  0.00  0.00  0.00  0.00  0.00  0.00
 3522.25  0.00  0.00  0.00  0.00  0.00  0.00  0.00  0.00  0.00  0.00  0.00  0.00
 3523.25  0.00  0.00  0.00  0.00  0.00  0.00  0.00  0.00  0.00  0.00  0.00  0.00
 3524.25  0.00  0.00  0.00  0.00  0.00  0.00  0.00  0.00  0.00  0.00  0.00  0.00
 3525.25  0.00  0.00  0.00  0.00  0.00  0.00  0.00  0.00  0.00  0.00  0.00  0.00
 3526.25  0.00  0.00  0.00  0.00  0.00  0.00  0.00  0.00  0.00  0.00  0.00  0.00
 3527.25  0.00  0.00  0.00  0.00  0.00  0.00  0.00  0.00  0.00  0.00  0.00  0.00
 3528.25  0.00  0.00  0.00  0.00  0.00  0.00  0.00  0.00  0.00  0.00  0.00  0.00
 3529.25  0.00  0.00  0.00  0.00  0.00  0.00  0.00  0.00  0.00  0.00  0.00  0.00
 3530.25  0.00  0.00  0.00  0.00  0.00  0.00  0.00  0.00  0.00  0.00  0.00  0.00
 3531.25  0.00  0.00  0.00  0.00  0.00  0.00  0.00  0.00  0.00  0.00  0.00  0.00
 3532.25  0.00  0.00  0.00  0.00  0.00  0.00  0.00  0.00  0.00  0.00  0.00  0.00
 3533.25  0.00  0.00  0.00  0.00  0.00  0.00  0.00  0.00  0.00  0.00  0.00  0.00
 3534.25  0.00  0.00  0.00  0.00  0.00  0.00  0.00  0.00  0.00  0.00  0.00  0.00
 3535.25  0.00  0.00  0.00  0.00  0.00  0.00  0.00  0.00  0.00  0.00  0.00  0.00
 3536.25  0.00  0.00  0.00  0.00  0.00  0.00  0.00  0.00  0.00  0.00  0.00  0.00
 3537.25  0.00  0.00  0.00  0.00  0.00  0.00  0.00  0.00  0.00  0.00  0.00  0.00
 3538.25  0.00  0.00  0.00  0.00  0.00  0.00  0.00  0.00  0.00  0.00  0.00  0.00
 3539.25  0.00  0.00  0.00  0.00  0.00  0.00  0.00  0.00  0.00  0.00  0.00  0.00
 3540.25  0.00  0.00  0.00  0.00  0.00  0.00  0.00  0.00  0.00  0.00  0.00  0.00
 3541.25  0.00  0.00  0.00  0.00  0.00  0.00  0.00  0.00  0.00  0.00  0.00  0.00
 3542.25  0.00  0.00  0.00  0.00  0.00  0.00  0.00  0.00  0.00  0.00  0.00  0.00
 3543.25  0.00  0.00  0.00  0.00  0.00  0.00  0.00  0.00  0.00  0.00  0.00  0.00
 3544.25  0.00  0.00  0.00  0.00  0.00  0.00  0.00  0.00  0.00  0.00  0.00  0.00
 3545.25  0.00  0.00  0.00  0.00  0.00  0.00  0.00  0.00  0.00  0.00  0.00  0.00
 3546.25  0.00  0.00  0.00  0.00  0.00  0.00  0.00  0.00  0.00  0.00  0.00  0.00
 3547.25  0.00  0.00  0.00  0.00  0.00  0.00  0.00  0.00  0.00  0.00  0.00  0.00
 3548.25  0.00  0.00  0.00  0.00  0.00  0.00  0.00  0.00  0.00  0.00  0.00  0.00
 3549.25  0.00  0.00  0.00  0.00  0.00  0.00  0.00  0.00  0.00  0.00  0.00  0.00
 3550.25  0.00  0.00  0.00  0.00  0.00  0.00  0.00  0.00  0.00  0.00  0.00  0.00
 3551.25  0.00  0.00  0.00  0.00  0.00  0.00  0.00  0.00  0.00  0.00  0.00  0.00
 3552.25  0.00  0.00  0.00  0.00  0.00  0.00  0.00  0.00  0.00  0.00  0.00  0.00
 3553.25  0.00  0.00  0.00  0.00  0.00  0.00  0.00  0.00  0.00  0.00  0.00  0.00
 3554.25  0.00  0.00  0.00  0.00  0.00  0.00  0.00  0.00  0.00  0.00  0.00  0.00
 3555.25  0.00  0.00  0.00  0.00  0.00  0.00  0.00  0.00  0.00  0.00  0.00  0.00
 3556.25  0.00  0.00  0.00  0.00  0.00  0.00  0.00  0.00  0.00  0.00  0.00  0.00
 3557.25  0.00  0.00  0.00  0.00  0.00  0.00  0.00  0.00  0.00  0.00  0.00  0.00
 3558.25  0.00  0.00  0.00  0.00  0.00  0.00  0.00  0.00  0.00  0.00  0.00  0.00
 3559.25  0.00  0.00  0.00  0.00  0.00  0.00  0.00  0.00  0.00  0.00  0.00  0.00
 3560.25  0.00  0.00  0.00  0.00  0.00  0.00  0.00  0.00  0.00  0.00  0.00  0.00
 3561.25  0.00  0.00  0.00  0.00  0.00  0.00  0.00  0.00  0.00  0.00  0.00  0.00
 3562.25  0.00  0.00  0.00  0.00  0.00  0.00  0.00  0.00  0.00  0.00  0.00  0.00
 3563.25  0.00  0.00  0.00  0.00  0.00  0.00  0.00  0.00  0.00  0.00  0.00  0.00
 3564.25  3.70  3.30  3.39  2.55  1.36  0.73  1.05  1.54  2.51  3.96  5.60  6.94
 3565.25  7.57  6.66  6.87  5.15  2.76  1.49  2.12  3.11  5.06  7.99 11.28 13.98
 3566.25  8.25  7.17  7.42  5.59  3.05  1.66  2.34  3.42  5.48  8.53 11.89 14.62
 3567.25  8.62  7.38  7.66  5.77  3.18  1.73  2.44  3.54  5.65  8.74 12.13 14.88
 3568.25  8.57  7.21  7.52  5.61  3.09  1.67  2.35  3.42  5.48  8.54 11.93 14.68
 3569.25  8.59  7.10  7.44  5.50  3.03  1.63  2.29  3.33  5.36  8.41 11.79 14.55
 3570.25  8.78  7.15  7.52  5.54  3.06  1.65  2.30  3.35  5.39  8.45 11.84 14.62
 3571.25  9.25  7.45  7.86  5.80  3.25  1.76  2.44  3.53  5.63  8.76 12.20 14.99
 3572.25  9.80  7.83  8.28  6.13  3.49  1.90  2.62  3.77  5.95  9.15 12.63 15.43
 3573.25  9.69  7.60  8.08  5.91  3.35  1.81  2.50  3.60  5.73  8.90 12.37 15.18
 3574.25  9.79  7.57  8.08  5.88  3.33  1.80  2.48  3.57  5.68  8.85 12.33 15.15
 3575.25 10.03  7.67  8.21  5.96  3.40  1.84  2.51  3.62  5.74  8.94 12.43 15.27
 3576.25 10.07  7.58  8.15  5.87  3.35  1.80  2.46  3.55  5.65  8.83 12.33 15.18
 3577.25 10.28  7.65  8.26  5.92  3.40  1.83  2.49  3.58  5.69  8.90 12.41 15.27
 3578.25 10.44  7.67  8.32  5.94  3.42  1.84  2.49  3.58  5.69  8.91 12.43 15.30
 3579.25 10.58  7.68  8.35  5.93  3.42  1.84  2.49  3.57  5.67  8.90 12.43 15.31
 3580.25 10.82  7.77  8.49  6.01  3.49  1.88  2.53  3.62  5.74  8.99 12.54 15.43
 3581.25 11.22  8.01  8.76  6.21  3.64  1.97  2.64  3.76  5.92  9.23 12.81 15.71
 3582.25 11.36  8.02  8.80  6.21  3.65  1.97  2.63  3.75  5.91  9.22 12.81 15.73
 3583.25 11.25  7.81  8.62  6.02  3.52  1.89  2.52  3.60  5.71  8.98 12.57 15.50
 3584.25 11.38  7.80  8.65  6.00  3.53  1.89  2.51  3.59  5.69  8.97 12.56 15.50
 3585.25 11.91  8.16  9.05  6.31  3.76  2.03  2.68  3.80  5.97  9.33 12.96 15.91
 3586.25 12.43  8.52  9.46  6.63  4.00  2.18  2.86  4.03  6.27  9.69 13.35 16.31
 3587.25 12.76  8.70  9.68  6.78  4.13  2.25  2.95  4.14  6.41  9.86 13.54 16.51
 3588.25 12.86  8.67  9.68  6.75  4.12  2.24  2.93  4.11  6.36  9.82 13.51 16.49
 3589.25 12.79  8.48  9.52  6.57  3.99  2.16  2.81  3.96  6.17  9.61 13.31 16.30
 3590.25 12.78  8.36  9.42  6.45  3.91  2.10  2.74  3.86  6.04  9.47 13.17 16.18
 3591.25 12.84  8.29  9.39  6.38  3.87  2.07  2.70  3.81  5.96  9.39 13.09 16.11
 3592.25 12.90  8.23  9.36  6.31  3.84  2.05  2.66  3.75  5.89  9.31 13.02 16.05
 3593.25 13.09  8.28  9.45  6.36  3.88  2.07  2.68  3.77  5.92  9.35 13.08 16.12
 3594.25 13.41  8.45  9.66  6.50  3.99  2.14  2.75  3.87  6.04  9.51 13.26 16.32
 3595.25 13.50  8.42  9.66  6.46  3.98  2.12  2.73  3.83  5.99  9.47 13.23 16.29
 3596.25 13.45  8.26  9.52  6.31  3.88  2.06  2.64  3.72  5.84  9.28 13.04 16.12
 3597.25 13.45  8.15  9.44  6.20  3.81  2.01  2.58  3.63  5.72  9.16 12.91 16.00
 3598.25 13.50  8.08  9.40  6.14  3.78  1.99  2.54  3.58  5.65  9.08 12.83 15.93
 3599.25 13.88  8.31  9.67  6.33  3.92  2.08  2.64  3.71  5.82  9.29 13.09 16.20
 3600.25 14.31  8.57  9.99  6.55  4.10  2.18  2.76  3.86  6.02  9.56 13.38 16.50
 3601.25 14.50  8.63 10.09  6.60  4.15  2.21  2.79  3.89  6.05  9.61 13.44 16.58
 3602.25 14.60  8.61 10.10  6.57  4.14  2.20  2.77  3.86  6.01  9.57 13.41 16.56
 3603.25 14.79  8.67 10.19  6.61  4.18  2.22  2.79  3.88  6.04  9.61 13.45 16.63
 3604.25 14.94  8.69 10.25  6.63  4.21  2.23  2.79  3.89  6.04  9.63 13.45 16.66
 3605.25 15.16  8.78 10.38  6.70  4.27  2.27  2.83  3.93  6.09  9.70 13.51 16.76
 3606.25 15.42  8.90 10.54  6.80  4.36  2.32  2.88  3.99  6.18  9.81 13.61 16.90
 3607.25 15.57  8.92 10.60  6.81  4.38  2.33  2.89  3.99  6.17  9.82 13.60 16.93
 3608.25 15.69  8.92 10.63  6.80  4.38  2.33  2.88  3.98  6.15  9.80 13.56 16.93
 3609.25 15.99  9.09 10.84  6.94  4.50  2.40  2.95  4.07  6.27  9.96 13.71 17.12
 3610.25 16.28  9.24 11.03  7.07  4.62  2.46  3.03  4.16  6.38 10.10 13.84 17.29
 3611.25 16.41  9.24 11.07  7.06  4.62  2.46  3.02  4.14  6.36 10.09 13.80 17.30
 3612.25 16.50  9.21 11.07  7.03  4.61  2.45  2.99  4.11  6.31 10.05 13.74 17.28
 3613.25 16.66  9.24 11.14  7.04  4.63  2.46  3.00  4.11  6.31 10.06 13.74 17.32
 3614.25 16.98  9.42 11.36  7.20  4.76  2.54  3.09  4.22  6.45 10.23 13.90 17.52
 3615.25 17.25  9.52 11.50  7.28  4.84  2.59  3.13  4.27  6.51 10.31 13.97 17.63
 3616.25 17.01  9.08 11.08  6.88  4.53  2.39  2.89  3.97  6.12  9.86 13.47 17.18
 3617.25 16.85  8.74 10.74  6.56  4.30  2.24  2.71  3.74  5.81  9.48 13.05 16.80
 3618.25 17.19  8.83 10.87  6.64  4.37  2.28  2.75  3.78  5.86  9.56 13.12 16.91
 3619.25 17.71  9.08 11.18  6.87  4.55  2.38  2.86  3.92  6.05  9.81 13.37 17.21
 3620.25 18.15  9.27 11.42  7.05  4.68  2.46  2.95  4.03  6.18  9.99 13.54 17.42
 3621.25 18.40  9.28 11.46  7.07  4.69  2.47  2.94  4.02  6.17  9.98 13.51 17.44
 3622.25 18.59  9.25 11.45  7.06  4.68  2.45  2.92  3.98  6.12  9.94 13.44 17.41
 3623.25 18.71  9.15 11.33  6.99  4.61  2.41  2.86  3.90  6.01  9.82 13.29 17.31
 3624.25 18.89  9.10 11.24  6.96  4.59  2.39  2.83  3.86  5.95  9.76 13.21 17.27
 3625.25 19.20  9.17 11.27  7.04  4.65  2.42  2.86  3.89  5.99  9.82 13.25 17.36
 3626.25 19.42  9.15 11.23  7.06  4.65  2.41  2.86  3.88  5.96  9.80 13.21 17.36
 3627.25 19.59  9.10 11.13  7.03  4.63  2.39  2.83  3.83  5.90  9.73 13.12 17.31
 3628.25 19.86  9.14 11.13  7.09  4.67  2.41  2.84  3.85  5.91  9.76 13.13 17.37
 3629.25 20.24  9.27 11.24  7.23  4.77  2.47  2.91  3.92  6.00  9.89 13.25 17.54
 3630.25 20.48  9.28 11.21  7.27  4.79  2.48  2.91  3.91  5.98  9.89 13.23 17.56
 3631.25 20.63  9.22 11.10  7.23  4.76  2.45  2.88  3.87  5.91  9.82 13.13 17.50
 3632.25 20.97  9.32 11.17  7.34  4.84  2.50  2.92  3.92  5.97  9.91 13.21 17.63
 3633.25 21.21  9.34 11.14  7.38  4.87  2.50  2.93  3.92  5.96  9.92 13.19 17.66
 3634.25 21.23  9.16 10.91  7.25  4.76  2.43  2.84  3.80  5.80  9.73 12.96 17.46
 3635.25 21.24  8.97 10.68  7.11  4.64  2.36  2.76  3.68  5.64  9.53 12.72 17.26
 3636.25 21.30  8.85 10.50  7.02  4.57  2.31  2.70  3.60  5.52  9.39 12.54 17.12
 3637.25 21.53  8.86 10.47  7.05  4.59  2.32  2.70  3.60  5.51  9.40 12.52 17.14
 3638.25 22.09  9.15 10.75  7.34  4.81  2.44  2.84  3.75  5.72  9.69 12.82 17.50
 3639.25 22.38  9.22 10.77  7.42  4.86  2.46  2.86  3.78  5.75  9.74 12.85 17.58
 3640.25 22.82  9.42 10.94  7.62  5.02  2.55  2.96  3.89  5.89  9.94 13.04 17.82
 3641.25 23.05  9.43 10.91  7.66  5.04  2.56  2.96  3.88  5.88  9.95 13.02 17.85
 3642.25 23.03  9.22 10.65  7.49  4.91  2.47  2.86  3.75  5.69  9.72 12.76 17.62
 3643.25 23.24  9.22 10.60  7.51  4.92  2.47  2.86  3.74  5.67  9.71 12.72 17.62
 3644.25 23.63  9.40 10.76  7.70  5.06  2.55  2.94  3.83  5.79  9.89 12.89 17.84
 3645.25 24.02  9.68 11.01  7.98  5.27  2.67  3.08  3.98  5.99 10.16 13.16 18.17
 3646.25 24.30  9.69 10.97  8.01  5.29  2.68  3.08  3.98  5.97 10.16 13.13 18.19
 3647.25 25.33  9.69 10.93  8.04  5.31  2.68  3.08  3.97  5.96 10.16 13.10 18.21
 3648.25 26.23  9.91 11.12  8.27  5.48  2.78  3.19  4.09  6.11 10.37 13.30 18.46
 3649.25 26.14  9.89 11.05  8.27  5.48  2.77  3.17  4.06  6.07 10.34 13.24 18.45
 3650.25 25.75  9.74 10.85  8.15  5.38  2.70  3.10  3.96  5.93 10.17 13.04 18.29
 3651.25 25.64  9.86 10.93  8.29  5.48  2.76  3.16  4.02  6.00 10.29 13.14 18.44
 3652.25 25.51  9.97 11.00  8.42  5.58  2.81  3.21  4.07  6.07 10.39 13.22 18.56
 3653.25 25.37 10.07 11.06  8.54  5.67  2.86  3.26  4.12  6.12 10.47 13.29 18.67
 3654.25 25.05 10.00 10.94  8.50  5.63  2.83  3.22  4.07  6.04 10.39 13.18 18.59
 3655.25 24.62  9.83 10.72  8.36  5.52  2.75  3.13  3.95  5.89 10.21 12.96 18.40
 3656.25 24.36  9.82 10.67  8.37  5.52  2.75  3.13  3.94  5.87 10.19 12.92 18.39
 3657.25 24.05  9.77 10.58  8.34  5.50  2.73  3.10  3.90  5.81 10.13 12.84 18.34
 3658.25 23.73  9.71 10.51  8.30  5.48  2.71  3.08  3.86  5.75 10.08 12.78 18.29
 3659.25 23.44  9.68 10.47  8.28  5.49  2.71  3.07  3.84  5.72 10.05 12.76 18.27
 3660.25 23.24  9.73 10.52  8.34  5.55  2.74  3.10  3.86  5.75 10.11 12.84 18.34
 3661.25 23.10  9.85 10.63  8.46  5.66  2.80  3.16  3.93  5.82 10.22 12.99 18.49
 3662.25 22.85  9.86 10.64  8.48  5.69  2.81  3.17  3.93  5.82 10.24 13.02 18.51
 3663.25 22.45  9.76 10.53  8.40  5.64  2.77  3.13  3.86  5.73 10.13 12.93 18.41
 3664.25 22.17  9.75 10.52  8.40  5.66  2.77  3.13  3.86  5.71 10.13 12.94 18.41
 3665.25 21.98  9.84 10.60  8.50  5.75  2.82  3.18  3.90  5.77 10.22 13.06 18.53
 3666.25 21.73  9.87 10.62  8.53  5.79  2.84  3.19  3.91  5.78 10.25 13.11 18.57
 3667.25 21.63 10.04 10.79  8.71  5.95  2.92  3.29  4.01  5.90 10.43 13.32 18.78
 3668.25 21.52 10.22 10.97  8.89  6.11  3.02  3.38  4.11  6.02 10.61 13.53 18.99
 3669.25 21.23 10.23 10.97  8.91  6.14  3.03  3.39  4.11  6.02 10.62 13.56 19.01
 3670.25 20.84 10.15 10.89  8.85  6.11  3.00  3.35  4.06  5.94 10.54 13.50 18.94
 3671.25 20.53 10.15 10.89  8.86  6.14  3.01  3.35  4.06  5.93 10.55 13.52 18.96
 3672.25 20.25 10.18 10.91  8.90  6.18  3.03  3.37  4.07  5.94 10.58 13.58 19.01
 3673.25 20.04 10.28 11.01  9.01  6.29  3.08  3.43  4.12  6.01 10.69 13.71 19.14
 3674.25 19.83 10.38 11.11  9.12  6.39  3.14  3.48  4.18  6.07 10.79 13.84 19.26
 3675.25 19.68 10.44 11.16  9.19  6.46  3.17  3.51  4.21  6.11 10.85 13.92 19.34
 3676.25 19.62 10.45 11.16  9.21  6.50  3.19  3.52  4.21  6.11 10.86 13.96 19.37
 3677.25 19.49 10.35 11.06  9.13  6.44  3.15  3.47  4.14  6.03 10.76 13.87 19.28
 3678.25 19.60 10.48 11.18  9.26  6.57  3.23  3.54  4.21  6.13 10.89 14.03 19.43
 3679.25 19.61 10.50 11.20  9.29  6.61  3.25  3.55  4.22  6.14 10.92 14.08 19.47
 3680.25 19.70 10.60 11.30  9.41  6.73  3.31  3.61  4.28  6.22 11.02 14.21 19.60
 3681.25 19.87 10.79 11.48  9.60  6.91  3.42  3.72  4.39  6.37 11.21 14.43 19.81
 3682.25 19.78 10.72 11.40  9.54  6.87  3.40  3.68  4.34  6.31 11.14 14.38 19.75
 3683.25 19.63 10.60 11.27  9.44  6.80  3.35  3.61  4.27  6.21 11.02 14.27 19.64
 3684.25 19.39 10.40 11.06  9.26  6.66  3.26  3.51  4.15  6.06 10.82 14.08 19.44
 3685.25 19.46 10.48 11.14  9.35  6.75  3.32  3.55  4.20  6.12 10.91 14.19 19.55
 3686.25 19.83 10.85 11.51  9.72  7.09  3.52  3.76  4.43  6.41 11.28 14.61 19.95
 3687.25 19.99 11.02 11.68  9.90  7.26  3.63  3.86  4.55  6.55 11.46 14.82 20.15
 3688.25 19.91 10.96 11.61  9.86  7.24  3.61  3.83  4.51  6.49 11.40 14.78 20.10
 3689.25 19.78 10.86 11.50  9.77  7.18  3.57  3.77  4.44  6.41 11.30 14.69 20.01
 3690.25 19.71 10.83 11.45  9.74  7.17  3.56  3.75  4.42  6.38 11.26 14.67 19.99
 3691.25 19.62 10.77 11.38  9.69  7.14  3.54  3.71  4.38  6.32 11.19 14.62 19.93
 3692.25 19.60 10.78 11.38  9.71  7.17  3.56  3.72  4.39  6.32 11.20 14.66 19.96
 3693.25 19.70 10.90 11.51  9.83  7.29  3.63  3.79  4.46  6.41 11.32 14.80 20.09
 3694.25 19.68 10.92 11.53  9.85  7.33  3.65  3.79  4.46  6.41 11.33 14.83 20.12
 3695.25 19.60 10.87 11.49  9.80  7.31  3.63  3.76  4.43  6.37 11.28 14.80 20.07
 3696.25 19.64 10.93 11.57  9.86  7.39  3.68  3.80  4.47  6.41 11.34 14.88 20.15
 3697.25 19.63 10.96 11.60  9.88  7.42  3.70  3.81  4.48  6.42 11.36 14.92 20.19
 3698.25 19.29 10.67 11.32  9.61  7.21  3.56  3.66  4.31  6.20 11.06 14.64 19.89
 3699.25 18.84 10.29 10.94  9.24  6.91  3.37  3.46  4.08  5.90 10.67 14.24 19.48
 3700.25 18.71 10.21 10.87  9.16  6.86  3.34  3.41  4.03  5.84 10.59 14.16 19.39
 3701.25 18.76 10.29 10.95  9.23  6.94  3.39  3.45  4.07  5.88 10.65 14.26 19.48
 3702.25 18.82 10.37 11.05  9.31  7.03  3.44  3.49  4.12  5.94 10.73 14.37 19.59
 3703.25 18.85 10.43 11.12  9.36  7.09  3.48  3.52  4.15  5.98 10.77 14.45 19.66
 3704.25 18.84 10.45 11.15  9.38  7.13  3.51  3.53  4.16  5.99 10.78 14.49 19.69
 3705.25 18.87 10.51 11.22  9.43  7.19  3.55  3.56  4.20  6.03 10.82 14.57 19.76
 3706.25 18.97 10.64 11.36  9.55  7.31  3.62  3.63  4.27  6.11 10.93 14.73 19.91
 3707.25 19.12 10.82 11.55  9.72  7.48  3.73  3.72  4.37  6.24 11.09 14.94 20.11
 3708.25 19.12 10.86 11.60  9.75  7.53  3.76  3.74  4.39  6.27 11.11 15.00 20.16
 3709.25 19.22 10.99 11.74  9.88  7.65  3.84  3.81  4.47  6.36 11.23 15.16 20.32
 3710.25 19.26 11.06 11.83  9.95  7.73  3.89  3.85  4.52  6.41 11.29 15.25 20.42
 3711.25 19.01 10.87 11.64  9.76  7.58  3.79  3.74  4.40  6.26 11.07 15.06 20.22
 3712.25 18.85 10.76 11.54  9.65  7.51  3.75  3.69  4.33  6.17 10.95 14.96 20.12
 3713.25 18.68 10.65 11.43  9.54  7.43  3.70  3.63  4.26  6.08 10.82 14.85 20.02
 3714.25 18.49 10.53 11.32  9.42  7.34  3.65  3.56  4.19  5.98 10.67 14.72 19.89
 3715.25 18.70 10.75 11.55  9.63  7.54  3.77  3.68  4.32  6.14 10.88 14.97 20.16
 3716.25 19.00 11.07 11.89  9.93  7.83  3.95  3.84  4.50  6.37 11.18 15.33 20.53
 3717.25 19.16 11.25 12.09 10.11  8.01  4.07  3.94  4.62  6.51 11.35 15.54 20.74
 3718.25 19.14 11.28 12.12 10.13  8.04  4.09  3.95  4.63  6.52 11.35 15.57 20.79
 3719.25 19.13 11.31 12.16 10.15  8.08  4.12  3.97  4.64  6.53 11.36 15.61 20.84
 3720.25 19.27 11.48 12.35 10.32  8.25  4.24  4.07  4.75  6.66 11.52 15.81 21.05
 3721.25 19.39 11.64 12.52 10.46  8.40  4.34  4.15  4.85  6.78 11.66 15.98 21.23
 3722.25 19.48 11.78 12.67 10.59  8.54  4.43  4.23  4.93  6.88 11.77 16.14 21.39
 3723.25 19.27 11.62 12.51 10.43  8.41  4.34  4.13  4.82  6.73 11.59 15.97 21.24
 3724.25 19.10 11.52 12.40 10.32  8.33  4.29  4.06  4.74  6.64 11.46 15.87 21.14
 3725.25 19.20 11.66 12.56 10.45  8.46  4.38  4.14  4.83  6.74 11.58 16.02 21.31
 3726.25 18.73 11.28 12.16 10.06  8.13  4.16  3.91  4.58  6.42 11.16 15.61 20.91
 3727.25 18.31 10.94 11.82  9.74  7.85  3.99  3.73  4.37  6.16 10.81 15.25 20.56
 3728.25 18.74 11.38 12.27 10.15  8.25  4.24  3.96  4.63  6.48 11.22 15.73 21.05
 3729.25 18.58 11.29 12.17 10.05  8.17  4.20  3.90  4.56  6.40 11.10 15.64 20.96
 3730.25 18.21 11.01 11.88  9.77  7.94  4.05  3.75  4.39  6.18 10.79 15.33 20.66
 3731.25 18.43 11.27 12.13 10.00  8.17  4.20  3.88  4.52  6.35 11.02 15.61 20.95
 3732.25 18.32 11.22 12.08  9.94  8.14  4.18  3.84  4.48  6.31 10.94 15.56 20.91
 3733.25 18.48 11.43 12.28 10.13  8.33  4.31  3.95  4.59  6.45 11.12 15.78 21.14
 3734.25 18.99 11.96 12.82 10.63  8.81  4.63  4.24  4.91  6.85 11.62 16.35 21.72
 3735.25 19.36 12.38 13.24 11.02  9.21  4.91  4.49  5.17  7.18 12.01 16.79 22.15
 3736.25 19.55 12.65 13.51 11.26  9.46  5.10  4.66  5.35  7.39 12.25 17.07 22.43
 3737.25 19.33 12.51 13.36 11.11  9.34  5.01  4.56  5.23  7.26 12.08 16.92 22.30
 3738.25 18.76 12.04 12.87 10.63  8.92  4.71  4.26  4.90  6.86 11.58 16.44 21.83
 3739.25 18.22 11.61 12.43 10.21  8.55  4.46  4.01  4.62  6.51 11.13 15.98 21.40
 3740.25 18.11 11.59 12.41 10.17  8.54  4.46  4.00  4.59  6.49 11.08 15.96 21.38
 3741.25 18.30 11.85 12.66 10.41  8.77  4.62  4.13  4.73  6.67 11.31 16.24 21.67
 3742.25 18.36 11.98 12.79 10.51  8.89  4.71  4.20  4.80  6.76 11.41 16.38 21.82
 3743.25 18.48 12.17 12.98 10.68  9.06  4.83  4.30  4.91  6.90 11.57 16.58 22.03
 3744.25 18.40 12.18 12.98 10.68  9.07  4.85  4.30  4.90  6.89 11.55 16.60 22.05
 3745.25 18.26 12.13 12.93 10.62  9.03  4.83  4.27  4.85  6.84 11.48 16.55 22.01
 3746.25 18.29 12.25 13.04 10.71  9.14  4.90  4.32  4.91  6.91 11.56 16.67 22.14
 3747.25 17.99 12.05 12.83 10.50  8.96  4.79  4.20  4.77  6.74 11.33 16.46 21.94
 3748.25 18.23 12.36 13.14 10.79  9.25  4.99  4.38  4.95  6.98 11.61 16.79 22.28
 3749.25 18.77 12.98 13.76 11.37  9.82  5.42  4.75  5.34  7.46 12.19 17.43 22.90
 3750.25 18.60 12.90 13.67 11.27  9.74  5.37  4.69  5.27  7.38 12.08 17.35 22.84
 3751.25 18.07 12.47 13.23 10.84  9.35  5.09  4.42  4.97  7.02 11.63 16.91 22.43
 3752.25 18.21 12.69 13.45 11.04  9.55  5.24  4.54  5.10  7.18 11.81 17.14 22.66
 3753.25 18.48 13.05 13.81 11.37  9.89  5.49  4.76  5.32  7.46 12.14 17.51 23.02
 3754.25 18.18 12.86 13.60 11.16  9.70  5.36  4.62  5.17  7.28 11.91 17.31 22.84
 3755.25 17.35 12.17 12.88 10.47  9.07  4.91  4.21  4.71  6.71 11.20 16.57 22.13
 3756.25 17.06 12.00 12.69 10.28  8.91  4.81  4.10  4.59  6.57 11.01 16.38 21.94
 3757.25 17.47 12.49 13.17 10.72  9.34  5.12  4.36  4.86  6.92 11.46 16.89 22.46
 3758.25 17.91 13.02 13.69 11.20  9.82  5.47  4.66  5.18  7.32 11.94 17.43 23.00
 3759.25 17.93 13.15 13.79 11.29  9.93  5.55  4.73  5.23  7.39 12.03 17.55 23.12
 3760.25 17.51 12.85 13.48 10.98  9.65  5.35  4.53  5.02  7.13 11.71 17.24 22.83
 3761.25 17.31 12.77 13.37 10.87  9.56  5.30  4.47  4.94  7.04 11.60 17.14 22.74
 3762.25 17.46 13.02 13.61 11.08  9.78  5.46  4.61  5.07  7.21 11.81 17.39 22.99
 3763.25 17.50 13.17 13.73 11.20  9.91  5.57  4.68  5.15  7.31 11.92 17.53 23.14
 3764.25 17.37 13.16 13.69 11.15  9.88  5.56  4.66  5.11  7.27 11.88 17.51 23.13
 3765.25 17.18 13.06 13.56 11.04  9.79  5.50  4.59  5.03  7.17 11.75 17.40 23.03
 3766.25 17.18 13.12 13.59 11.06  9.83  5.54  4.61  5.04  7.19 11.78 17.45 23.08
 3767.25 17.33 13.32 13.76 11.22 10.00  5.68  4.71  5.14  7.32 11.93 17.64 23.24
 3768.25 17.50 13.54 13.95 11.40 10.20  5.83  4.83  5.26  7.47 12.11 17.84 23.41
 3769.25 17.59 13.67 14.06 11.52 10.31  5.93  4.91  5.32  7.56 12.21 17.96 23.50
 3770.25 17.66 13.79 14.14 11.62 10.41  6.01  4.97  5.37  7.63 12.29 18.06 23.57
 3771.25 17.51 13.70 14.02 11.53 10.32  5.95  4.89  5.28  7.53 12.16 17.95 23.44
 3772.25 16.89 13.15 13.44 11.00  9.80  5.57  4.54  4.91  7.06 11.60 17.36 22.84
 3773.25 16.15 12.49 12.75 10.39  9.21  5.16  4.17  4.51  6.56 10.94 16.65 22.10
 3774.25 15.86 12.27 12.49 10.18  9.01  5.02  4.05  4.36  6.37 10.69 16.39 21.80
 3775.25 15.82 12.29 12.48 10.19  9.01  5.04  4.05  4.35  6.36 10.68 16.39 21.77
 3776.25 15.73 12.26 12.42 10.16  8.98  5.03  4.02  4.32  6.32 10.62 16.33 21.68
 3777.25 15.96 12.52 12.65 10.40  9.20  5.19  4.14  4.45  6.49 10.83 16.60 21.92
 3778.25 15.96 12.57 12.68 10.45  9.24  5.22  4.16  4.46  6.50 10.85 16.63 21.93
 3779.25 16.06 12.71 12.78 10.57  9.35  5.31  4.22  4.52  6.58 10.95 16.76 22.02
 3780.25 16.40 13.09 13.13 10.93  9.67  5.56  4.41  4.73  6.83 11.27 17.14 22.38
 3781.25 16.43 13.17 13.18 11.00  9.73  5.61  4.45  4.76  6.87 11.32 17.21 22.42
 3782.25 16.36 13.15 13.13 10.98  9.69  5.60  4.42  4.73  6.83 11.26 17.17 22.34
 3783.25 16.42 13.26 13.21 11.08  9.77  5.68  4.47  4.78  6.89 11.34 17.26 22.41
 3784.25 15.77 12.70 12.62 10.56  9.26  5.33  4.17  4.46  6.47 10.78 16.64 21.75
 3785.25 15.41 12.42 12.31 10.30  8.99  5.16  4.02  4.30  6.25 10.48 16.32 21.38
 3786.25 15.98 13.02 12.87 10.84  9.48  5.53  4.30  4.60  6.64 11.00 16.93 21.98
 3787.25 16.69 13.76 13.57 11.53 10.11  6.01  4.70  5.01  7.16 11.66 17.68 22.70
 3788.25 17.10 14.23 13.99 11.96 10.51  6.33  4.95  5.28  7.49 12.06 18.13 23.11
 3789.25 17.27 14.47 14.18 12.17 10.69  6.49  5.08  5.41  7.64 12.23 18.33 23.27
 3790.25 17.07 14.35 14.01 12.04 10.54  6.40  4.98  5.30  7.51 12.07 18.17 23.09
 3791.25 16.64 13.99 13.61 11.68 10.18  6.13  4.74  5.05  7.19 11.68 17.77 22.66
 3792.25 16.43 13.86 13.43 11.54 10.03  6.04  4.64  4.95  7.06 11.50 17.60 22.46
 3793.25 16.42 13.93 13.45 11.59 10.06  6.08  4.66  4.97  7.07 11.52 17.63 22.46
 3794.25 16.54 14.12 13.59 11.75 10.19  6.19  4.75  5.05  7.18 11.65 17.79 22.58
 3795.25 16.51 14.16 13.59 11.77 10.19  6.22  4.75  5.06  7.17 11.64 17.80 22.55
 3796.25 16.44 14.16 13.54 11.75 10.15  6.20  4.73  5.03  7.14 11.58 17.76 22.48
 3797.25 16.63 14.41 13.74 11.98 10.35  6.37  4.85  5.16  7.29 11.78 17.98 22.67
 3798.25 17.09 14.94 14.21 12.46 10.79  6.75  5.15  5.47  7.67 12.23 18.48 23.13
 3799.25 17.49 15.41 14.63 12.91 11.20  7.10  5.44  5.76  8.02 12.64 18.92 23.52
 3800.25 17.56 15.56 14.72 13.03 11.30  7.20  5.50  5.84  8.09 12.72 19.03 23.58
 3801.25 17.12 15.18 14.30 12.64 10.90  6.90  5.23  5.55  7.74 12.31 18.62 23.15
 3802.25 16.79 14.93 14.00 12.38 10.64  6.70  5.05  5.36  7.51 12.02 18.33 22.84
 3803.25 16.50 14.72 13.73 12.16 10.40  6.53  4.90  5.20  7.30 11.76 18.07 22.55
 3804.25 15.81 14.11 13.09 11.57  9.83  6.12  4.56  4.82  6.83 11.15 17.40 21.84
 3805.25 15.79 14.17 13.09 11.61  9.85  6.15  4.58  4.83  6.83 11.15 17.43 21.83
 3806.25 16.21 14.65 13.51 12.06 10.24  6.47  4.83  5.08  7.15 11.55 17.89 22.26
 3807.25 16.59 15.11 13.91 12.51 10.61  6.79  5.09  5.33  7.45 11.91 18.32 22.65
 3808.25 16.73 15.31 14.05 12.73 10.76  6.93  5.20  5.44  7.57 12.05 18.49 22.78
 3809.25 16.56 15.22 13.91 12.67 10.64  6.86  5.13  5.35  7.46 11.90 18.36 22.61
 3810.25 16.26 15.00 13.64 12.48 10.40  6.69  4.99  5.19  7.25 11.64 18.09 22.31
 3811.25 16.23 15.04 13.63 12.55 10.40  6.72  5.00  5.19  7.25 11.62 18.09 22.28
 3812.25 16.54 15.43 13.96 12.95 10.71  6.99  5.22  5.40  7.50 11.92 18.45 22.60
 3813.25 16.30 15.27 13.75 12.83 10.53  6.87  5.11  5.28  7.35 11.71 18.25 22.36
 3814.25 15.69 14.73 13.17 12.34 10.02  6.49  4.80  4.94  6.92 11.16 17.66 21.73
 3815.25 15.63 14.75 13.14 12.39 10.01  6.51  4.80  4.93  6.90 11.12 17.64 21.68
 3816.25 15.91 15.10 13.43 12.75 10.28  6.74  4.98  5.11  7.12 11.38 17.97 21.97
 3817.25 16.05 15.32 13.58 12.98 10.43  6.89  5.09  5.21  7.23 11.52 18.15 22.11
 3818.25 15.74 15.08 13.31 12.79 10.19  6.72  4.95  5.05  7.03 11.25 17.87 21.79
 3819.25 15.32 14.75 12.93 12.50  9.87  6.49  4.76  4.84  6.77 10.90 17.49 21.36
 3820.25 15.50 14.99 13.13 12.77 10.06  6.66  4.89  4.96  6.91 11.07 17.71 21.55
 3821.25 16.11 15.65 13.73 13.45 10.62  7.13  5.26  5.33  7.36 11.62 18.37 22.17
 3822.25 16.27 15.88 13.91 13.71 10.80  7.30  5.40  5.45  7.50 11.79 18.58 22.34
 3823.25 16.39 16.06 14.05 13.93 10.95  7.45  5.51  5.55  7.62 11.91 18.74 22.46
 3824.25 16.58 16.32 14.25 14.22 11.16  7.64  5.67  5.69  7.78 12.10 18.96 22.68
 3825.25 16.73 16.52 14.41 14.46 11.33  7.81  5.80  5.81  7.91 12.25 19.14 22.87
 3826.25 16.86 16.70 14.55 14.68 11.48  7.95  5.91  5.92  8.03 12.37 19.29 23.05
 3827.25 16.76 16.64 14.45 14.66 11.41  7.91  5.87  5.86  7.94 12.26 19.20 22.99
 3828.25 16.62 16.54 14.31 14.59 11.29  7.83  5.79  5.78  7.83 12.11 19.07 22.89
 3829.25 16.07 16.02 13.77 14.13 10.81  7.44  5.46  5.44  7.41 11.59 18.52 22.37
 3830.25 15.44 15.43 13.15 13.60 10.27  7.02  5.11  5.09  6.95 11.01 17.89 21.76
 3831.25 15.09 15.12 12.82 13.34  9.99  6.81  4.94  4.91  6.71 10.69 17.54 21.43
 3832.25 15.21 15.28 12.94 13.53 10.11  6.93  5.03  4.98  6.79 10.78 17.67 21.59
 3833.25 15.52 15.63 13.24 13.91 10.40  7.18  5.22  5.17  7.00 11.04 18.00 21.95
 3834.25 15.56 15.70 13.28 14.02 10.45  7.23  5.26  5.20  7.02 11.07 18.05 22.03
 3835.25 15.34 15.52 13.09 13.89 10.27  7.11  5.15  5.09  6.87 10.86 17.83 21.84
 3836.25 15.37 15.60 13.14 14.00 10.32  7.17  5.19  5.12  6.89 10.88 17.88 21.91
 3837.25 15.82 16.09 13.58 14.51 10.73  7.53  5.47  5.38  7.21 11.27 18.35 22.42
 3838.25 15.85 16.15 13.62 14.62 10.77  7.58  5.51  5.41  7.22 11.28 18.39 22.49
 3839.25 16.15 16.50 13.93 15.00 11.06  7.84  5.72  5.61  7.44 11.54 18.71 22.83
 3840.25 16.66 17.05 14.44 15.58 11.55  8.28  6.07  5.95  7.83 12.00 19.24 23.38
 3841.25 16.55 16.98 14.35 15.55 11.46  8.22  6.02  5.89  7.74 11.89 19.14 23.31
 3842.25 15.93 16.39 13.75 15.01 10.91  7.77  5.64  5.51  7.27 11.30 18.51 22.72
 3843.25 15.94 16.45 13.79 15.11 10.95  7.82  5.67  5.53  7.28 11.30 18.55 22.78
 3844.25 16.29 16.84 14.13 15.53 11.28  8.12  5.91  5.75  7.53 11.60 18.91 23.16
 3845.25 16.37 16.96 14.23 15.70 11.37  8.22  5.99  5.82  7.60 11.67 19.00 23.29
 3846.25 15.78 16.40 13.67 15.19 10.86  7.80  5.64  5.47  7.16 11.12 18.41 22.72
 3847.25 15.87 16.54 13.77 15.36 10.95  7.91  5.71  5.53  7.22 11.18 18.51 22.85
 3848.25 16.36 17.07 14.26 15.94 11.42  8.33  6.04  5.85  7.58 11.62 19.02 23.39
 3849.25 16.64 17.39 14.55 16.30 11.69  8.59  6.25  6.04  7.79 11.86 19.31 23.71
 3850.25 16.60 17.40 14.53 16.35 11.68  8.60  6.24  6.03  7.76 11.82 19.29 23.71
 3851.25 16.13 16.98 14.08 15.95 11.26  8.27  5.95  5.74  7.40 11.37 18.82 23.28
 3852.25 16.38 17.31 14.34 16.29 11.51  8.50  6.13  5.91  7.59 11.58 19.09 23.57
 3853.25 16.67 17.70 14.65 16.67 11.80  8.79  6.35  6.12  7.81 11.84 19.40 23.90
 3854.25 16.60 17.71 14.58 16.67 11.75  8.76  6.32  6.08  7.75 11.76 19.33 23.86
 3855.25 16.51 17.70 14.50 16.66 11.68  8.72  6.27  6.03  7.67 11.65 19.24 23.80
 3856.25 16.39 17.65 14.38 16.60 11.56  8.65  6.19  5.94  7.56 11.51 19.11 23.70
 3857.25 16.65 17.97 14.62 16.91 11.79  8.87  6.37  6.11  7.73 11.70 19.35 23.97
 3858.25 17.08 18.46 15.02 17.39 12.19  9.25  6.67  6.39  8.04 12.06 19.76 24.40
 3859.25 17.23 18.68 15.16 17.60 12.32  9.39  6.78  6.49  8.13 12.17 19.89 24.56
 3860.25 17.34 18.85 15.25 17.76 12.44  9.51  6.86  6.56  8.20 12.25 19.98 24.67
 3861.25 17.49 19.07 15.39 17.97 12.61  9.66  6.97  6.67  8.30 12.38 20.12 24.83
 3862.25 17.28 18.92 15.17 17.81 12.43  9.49  6.81  6.50  8.09 12.15 19.89 24.64
 3863.25 17.09 18.79 14.96 17.68 12.28  9.34  6.67  6.36  7.92 11.95 19.68 24.47
 3864.25 17.11 18.87 14.97 17.75 12.33  9.37  6.68  6.37  7.91 11.95 19.68 24.50
 3865.25 16.99 18.81 14.83 17.68 12.24  9.28  6.59  6.27  7.78 11.81 19.54 24.39
 3866.25 16.85 18.74 14.69 17.60 12.15  9.19  6.50  6.18  7.65 11.66 19.38 24.27
 3867.25 16.69 18.63 14.52 17.49 12.03  9.07  6.39  6.06  7.51 11.49 19.20 24.11
 3868.25 16.66 18.66 14.48 17.51 12.03  9.06  6.37  6.04  7.46 11.44 19.15 24.09
 3869.25 16.58 18.65 14.41 17.49 11.99  9.02  6.32  5.98  7.38 11.35 19.05 24.03
 3870.25 16.79 18.93 14.62 17.76 12.22  9.21  6.46  6.11  7.51 11.52 19.25 24.25
 3871.25 17.27 19.46 15.09 18.29 12.69  9.62  6.78  6.42  7.84 11.93 19.70 24.73
 3872.25 17.62 19.88 15.44 18.70 13.06  9.94  7.04  6.66  8.09 12.24 20.04 25.09
 3873.25 17.61 19.93 15.44 18.74 13.08  9.95  7.03  6.64  8.06 12.20 20.01 25.09
 3874.25 17.14 19.52 14.97 18.32 12.66  9.56  6.69  6.30  7.67 11.74 19.51 24.63
 3875.25 17.04 19.49 14.89 18.28 12.60  9.50  6.62  6.23  7.58 11.64 19.40 24.55
 3876.25 17.26 19.77 15.11 18.56 12.84  9.70  6.78  6.36  7.72 11.81 19.60 24.78
 3877.25 17.48 20.05 15.33 18.83 13.08  9.90  6.93  6.50  7.88 11.99 19.80 25.00
 3878.25 17.72 20.35 15.56 19.12 13.33 10.12  7.10  6.65  8.05 12.19 20.00 25.25
 3879.25 17.83 20.52 15.68 19.29 13.47 10.24  7.18  6.72  8.12 12.27 20.07 25.36
 3880.25 17.72 20.47 15.57 19.22 13.39 10.15  7.10  6.63  8.02 12.14 19.92 25.26
 3881.25 17.63 20.45 15.49 19.16 13.34 10.09  7.03  6.55  7.94 12.04 19.80 25.18
 3882.25 17.70 20.58 15.56 19.20 13.44 10.17  7.08  6.59  7.98 12.08 19.83 25.25
 3883.25 17.79 20.74 15.65 19.23 13.55 10.27  7.15  6.64  8.03 12.14 19.88 25.34
 3884.25 17.69 20.77 15.55 19.06 13.48 10.19  7.07  6.56  7.94 12.02 19.74 25.23
 3885.25 17.64 20.90 15.51 18.95 13.47 10.17  7.04  6.52  7.89 11.95 19.65 25.19
 3886.25 17.91 21.36 15.77 19.15 13.75 10.41  7.23  6.69  8.08 12.17 19.87 25.44
 3887.25 18.35 21.98 16.20 19.52 14.20 10.82  7.55  6.99  8.41 12.56 20.26 25.85
 3888.25 18.14 21.95 15.98 19.23 14.01 10.63  7.38  6.81  8.21 12.32 19.99 25.63
 3889.25 17.27 21.26 15.12 18.28 13.20  9.89  6.75  6.20  7.53 11.49 19.07 24.76
 3890.25 17.17 21.33 15.02 18.11 13.12  9.81  6.68  6.12  7.44 11.37 18.91 24.64
 3891.25 17.52 21.87 15.35 18.39 13.48 10.12  6.91  6.33  7.67 11.65 19.22 24.98
 3892.25 17.54 22.06 15.36 18.33 13.51 10.14  6.92  6.32  7.66 11.63 19.18 24.98
 3893.25 17.52 22.22 15.34 18.23 13.51 10.13  6.90  6.30  7.63 11.58 19.11 24.95
 3894.25 17.48 22.36 15.29 18.12 13.50 10.11  6.88  6.25  7.58 11.52 19.02 24.89
 3895.25 17.43 22.48 15.24 17.99 13.47 10.08  6.85  6.21  7.53 11.44 18.92 24.83
 3896.25 17.47 22.69 15.27 17.95 13.52 10.12  6.88  6.21  7.53 11.44 18.90 24.85
 3897.25 17.47 22.87 15.26 17.88 13.54 10.13  6.88  6.20  7.51 11.41 18.85 24.83
 3898.25 17.37 22.94 15.16 17.70 13.47 10.06  6.82  6.12  7.43 11.30 18.70 24.72
 3899.25 17.06 22.79 14.85 17.31 13.20  9.81  6.62  5.92  7.19 10.99 18.32 24.38
 3900.25 16.80 22.69 14.59 16.97 12.97  9.61  6.46  5.75  7.00 10.74 18.01 24.09
 3901.25 17.09 23.16 14.87 17.19 13.23  9.86  6.65  5.91  7.18 10.96 18.25 24.38
 3902.25 17.20 23.44 14.96 17.22 13.31  9.96  6.73  5.96  7.23 11.02 18.31 24.48
 3903.25 17.08 23.48 14.83 17.02 13.18  9.87  6.65  5.87  7.13 10.89 18.13 24.33
 3904.25 17.26 23.84 14.99 17.13 13.34 10.02  6.77  5.96  7.23 11.01 18.26 24.51
 3905.25 17.10 23.84 14.82 16.89 13.17  9.90  6.67  5.85  7.11 10.84 18.04 24.32
 3906.25 17.04 23.94 14.74 16.74 13.10  9.86  6.64  5.80  7.05 10.76 17.93 24.24
 3907.25 17.08 24.15 14.77 16.71 13.12  9.91  6.67  5.81  7.06 10.77 17.92 24.27
 3908.25 16.62 23.82 14.31 16.17 12.68  9.55  6.39  5.54  6.75 10.35 17.39 23.76
 3909.25 16.51 23.87 14.19 15.99 12.57  9.48  6.33  5.47  6.66 10.24 17.23 23.63
 3910.25 16.76 24.30 14.41 16.15 12.78  9.68  6.48  5.59  6.80 10.41 17.43 23.87
 3911.25 16.93 24.64 14.56 16.24 12.92  9.82  6.59  5.67  6.89 10.52 17.54 24.03
 3912.25 16.82 24.69 14.44 16.06 12.81  9.75  6.53  5.60  6.81 10.40 17.38 23.90
 3913.25 15.38 23.24 13.08 14.57 11.53  8.68  5.73  4.87  5.96  9.26 15.87 22.28
 3914.25 13.47 21.11 11.33 12.65  9.91  7.38  4.79  4.04  4.97  7.85 13.88 20.02
 3915.25 14.67 22.75 12.42 13.75 10.91  8.22  5.39  4.54  5.57  8.70 15.06 21.45
 3916.25 16.92 25.54 14.53 15.90 12.89  9.92  6.65  5.64  6.84 10.42 17.32 23.99
 3917.25 17.58 26.56 15.19 16.51 13.52 10.50  7.10  6.02  7.28 10.98 17.98 24.72
 3918.25 17.06 26.37 14.72 15.97 13.07 10.12  6.80  5.73  6.95 10.56 17.44 24.20
 3919.25 16.50 26.13 14.21 15.40 12.59  9.72  6.49  5.44  6.62 10.11 16.87 23.63
 3920.25 17.23 27.27 14.94 16.12 13.28 10.36  6.98  5.85  7.09 10.72 17.60 24.44
 3921.25 17.86 28.28 15.58 16.74 13.90 10.93  7.43  6.24  7.53 11.26 18.23 25.13
 3922.25 17.94 28.71 15.68 16.82 13.99 11.04  7.52  6.30  7.59 11.34 18.29 25.23
 3923.25 17.85 28.97 15.63 16.74 13.94 11.02  7.50  6.26  7.55 11.28 18.20 25.17
 3924.25 17.88 29.35 15.69 16.77 14.00 11.10  7.56  6.29  7.58 11.31 18.22 25.23
 3925.25 18.07 29.88 15.90 16.95 14.20 11.31  7.72  6.42  7.72 11.49 18.39 25.45
 3926.25 18.22 30.37 16.08 17.11 14.38 11.49  7.87  6.53  7.84 11.63 18.54 25.63
 3927.25 18.39 30.87 16.27 17.28 14.57 11.69  8.04  6.65  7.97 11.80 18.70 25.83
 3928.25 18.53 31.34 16.44 17.42 14.73 11.87  8.18  6.76  8.08 11.94 18.83 26.00
 3929.25 18.51 31.66 16.45 17.41 14.75 11.91  8.21  6.77  8.07 11.93 18.80 26.01
 3930.25 18.81 32.27 16.78 17.70 15.06 12.23  8.48  6.99  8.30 12.21 19.09 26.33
 3931.25 19.16 32.91 17.15 18.05 15.44 12.61  8.80  7.26  8.58 12.55 19.43 26.69
 3932.25 18.68 32.80 16.71 17.58 15.00 12.21  8.45  6.93  8.21 12.12 18.94 26.26
 3933.25 18.28 32.76 16.35 17.19 14.64 11.89  8.19  6.67  7.92 11.77 18.55 25.90
 3934.25 18.86 33.62 16.95 17.77 15.24 12.47  8.68  7.09  8.37 12.32 19.13 26.50
 3935.25 19.46 34.45 17.58 18.36 15.86 13.08  9.22  7.55  8.86 12.89 19.73 27.09
 3936.25 19.26 34.59 17.40 18.16 15.68 12.93  9.09  7.41  8.69 12.71 19.53 26.92
 3937.25 18.66 34.38 16.84 17.57 15.13 12.41  8.64  6.99  8.22 12.17 18.94 26.38
 3938.25 18.38 34.44 16.58 17.29 14.88 12.19  8.46  6.81  8.01 11.92 18.66 26.13
 3939.25 18.33 34.69 16.53 17.23 14.85 12.18  8.46  6.78  7.97 11.88 18.61 26.09
 3940.25 17.93 34.63 16.14 16.83 14.49 11.87  8.20  6.54  7.69 11.53 18.21 25.71
 3941.25 17.67 34.69 15.90 16.58 14.26 11.68  8.05  6.38  7.51 11.32 17.95 25.46
 3942.25 17.67 34.99 15.91 16.57 14.28 11.72  8.09  6.40  7.51 11.33 17.95 25.47
 3943.25 17.42 35.05 15.67 16.32 14.05 11.54  7.95  6.25  7.34 11.12 17.70 25.22
 3944.25 17.13 35.06 15.40 16.04 13.80 11.33  7.79  6.09  7.15 10.88 17.41 24.94
 3945.25 17.36 35.58 15.62 16.26 14.02 11.56  7.98  6.24  7.31 11.08 17.64 25.19
 3946.25 17.18 35.69 15.44 16.07 13.85 11.44  7.89  6.14  7.18 10.93 17.44 25.00
 3947.25 17.03 35.82 15.29 15.91 13.72 11.34  7.81  6.06  7.08 10.80 17.28 24.84
 3948.25 17.07 36.07 15.33 15.93 13.75 11.40  7.87  6.08  7.10 10.83 17.31 24.88
 3949.25 17.15 36.23 15.40 16.00 13.84 11.50  7.96  6.14  7.15 10.91 17.38 24.97
 3950.25 17.54 37.27 15.78 16.37 14.21 11.87  8.27  6.38  7.40 11.24 17.76 25.38
 3951.25 17.71 39.47 15.94 16.52 14.36 12.05  8.43  6.49  7.51 11.38 17.92 25.55
 3952.25 17.48 40.42 15.70 16.27 14.14 11.87  8.28  6.35  7.34 11.17 17.67 25.31
 3953.25 17.63 40.46 15.85 16.41 14.29 12.04  8.43  6.45  7.45 11.31 17.81 25.47
 3954.25 18.09 40.54 16.30 16.85 14.73 12.48  8.81  6.75  7.77 11.71 18.26 25.93
 3955.25 17.97 40.10 16.17 16.71 14.61 12.39  8.74  6.68  7.67 11.60 18.12 25.80
 3956.25 17.89 39.69 16.09 16.63 14.54 12.35  8.72  6.63  7.61 11.53 18.03 25.73
 3957.25 17.95 39.40 16.14 16.69 14.60 12.43  8.79  6.67  7.64 11.58 18.08 25.79
 3958.25 17.98 39.08 16.17 16.74 14.63 12.50  8.85  6.70  7.66 11.61 18.10 25.82
 3959.25 18.08 38.82 16.26 16.85 14.73 12.62  8.96  6.77  7.73 11.69 18.19 25.92
 3960.25 18.07 38.45 16.24 16.85 14.71 12.63  8.98  6.76  7.71 11.67 18.16 25.91
 3961.25 17.92 37.96 16.09 16.72 14.58 12.52  8.89  6.67  7.59 11.54 18.00 25.76
 3962.25 18.20 37.85 16.36 17.01 14.84 12.81  9.14  6.86  7.79 11.79 18.26 26.04
 3963.25 18.64 37.87 16.78 17.46 15.27 13.25  9.53  7.17  8.11 12.19 18.69 26.47
 3964.25 18.81 37.64 16.95 17.65 15.44 13.44  9.71  7.30  8.24 12.34 18.85 26.63
 3965.25 18.86 37.32 16.99 17.72 15.49 13.52  9.79  7.35  8.27 12.39 18.89 26.69
 3966.25 18.96 37.03 17.09 17.83 15.59 13.65  9.91  7.43  8.35 12.48 18.98 26.78
 3967.25 19.29 36.92 17.42 18.18 15.92 14.00 10.23  7.69  8.61 12.80 19.29 27.10
 3968.25 19.28 36.53 17.40 18.18 15.91 14.02 10.25  7.69  8.59 12.78 19.27 27.09
 3969.25 19.05 35.95 17.16 17.96 15.68 13.82 10.08  7.51  8.39 12.56 19.02 26.87
 3970.25 18.97 35.49 17.07 17.90 15.60 13.77 10.04  7.46  8.32 12.48 18.93 26.79
 3971.25 18.55 34.72 16.65 17.50 15.20 13.40  9.71  7.16  7.99 12.09 18.50 26.40
 3972.25 18.16 33.96 16.27 17.13 14.82 13.06  9.42  6.89  7.69 11.73 18.10 26.02
 3973.25 18.05 33.44 16.15 17.03 14.71 12.98  9.36  6.82  7.60 11.63 17.97 25.90
 3974.25 17.82 32.80 15.93 16.81 14.49 12.80  9.20  6.68  7.43 11.42 17.73 25.67
 3975.25 17.60 32.15 15.71 16.61 14.27 12.61  9.06  6.54  7.27 11.22 17.49 25.44
 3976.25 17.44 31.54 15.53 16.44 14.10 12.46  8.94  6.43  7.15 11.06 17.29 25.26
 3977.25 17.60 31.22 15.66 16.58 14.22 12.59  9.07  6.51  7.24 11.16 17.40 25.38
 3978.25 17.64 30.78 15.68 16.61 14.23 12.62  9.11  6.53  7.25 11.17 17.40 25.40
 3979.25 17.45 30.10 15.46 16.40 14.02 12.44  8.97  6.39  7.10 10.98 17.16 25.17
 3980.25 17.44 29.61 15.43 16.37 13.98 12.42  8.97  6.37  7.08 10.94 17.11 25.13
 3981.25 17.06 28.83 15.03 15.98 13.59 12.08  8.69  6.13  6.82 10.59 16.68 24.70
 3982.25 17.06 28.64 15.01 15.97 13.56 12.07  8.70  6.12  6.81 10.57 16.64 24.67
 3983.25 17.53 29.03 15.43 16.41 13.97 12.48  9.06  6.39  7.09 10.93 17.06 25.13
 3984.25 17.66 29.10 15.54 16.53 14.06 12.59  9.17  6.46  7.17 11.01 17.15 25.23
 3985.25 17.55 28.91 15.41 16.41 13.92 12.48  9.10  6.38  7.08 10.90 17.00 25.09
 3986.25 17.77 29.06 15.59 16.60 14.09 12.67  9.28  6.50  7.21 11.05 17.17 25.28
 3987.25 18.02 29.23 15.80 16.83 14.29 12.88  9.48  6.65  7.36 11.23 17.37 25.50
 3988.25 17.83 28.98 15.60 16.64 14.08 12.71  9.35  6.52  7.22 11.05 17.14 25.28
 3989.25 17.48 28.54 15.23 16.27 13.72 12.38  9.09  6.29  6.97 10.72 16.73 24.88
 3990.25 17.64 28.63 15.36 16.42 13.84 12.52  9.22  6.38  7.07 10.83 16.84 25.03
 3991.25 18.00 28.92 15.68 16.75 14.14 12.83  9.51  6.58  7.28 11.10 17.14 25.36
 3992.25 18.08 28.93 15.73 16.82 14.18 12.90  9.58  6.62  7.32 11.14 17.17 25.41
 3993.25 18.15 28.92 15.77 16.87 14.21 12.95  9.65  6.65  7.35 11.17 17.18 25.45
 3994.25 18.01 28.71 15.61 16.72 14.05 12.82  9.55  6.55  7.25 11.03 16.99 25.28
 3995.25 18.05 28.68 15.63 16.73 14.05 12.84  9.59  6.56  7.26 11.03 16.97 25.29
 3996.25 18.33 28.88 15.87 16.98 14.28 13.09  9.83  6.73  7.43 11.24 17.20 25.54
 3997.25 18.41 28.88 15.92 17.03 14.32 13.15  9.90  6.76  7.47 11.27 17.22 25.59
 3998.25 18.50 28.90 15.98 17.09 14.37 13.22  9.98  6.81  7.51 11.32 17.25 25.65
 3999.25 18.27 28.59 15.73 16.84 14.12 13.00  9.80  6.65  7.34 11.10 16.97 25.38
 4000.25 17.57 27.80 15.03 16.13 13.43 12.36  9.27  6.21  6.86 10.48 16.22 24.62
 4001.25 17.76 27.92 15.19 16.29 13.58 12.53  9.43  6.31  6.97 10.61 16.36 24.78
 4002.25 18.36 28.46 15.74 16.85 14.10 13.06  9.91  6.66  7.35 11.09 16.89 25.37
 4003.25 18.25 28.27 15.60 16.71 13.96 12.94  9.82  6.58  7.25 10.96 16.73 25.22
 4004.25 17.99 27.93 15.32 16.43 13.68 12.70  9.63  6.40  7.07 10.71 16.41 24.91
 4005.25 18.07 27.95 15.39 16.50 13.73 12.78  9.71  6.45  7.11 10.76 16.45 24.98
 4006.25 18.22 28.05 15.52 16.64 13.85 12.92  9.85  6.54  7.21 10.87 16.56 25.12
 4007.25 18.48 28.26 15.78 16.89 14.09 13.17 10.09  6.70  7.38 11.08 16.79 25.38
 4008.25 18.34 28.08 15.65 16.76 13.95 13.06 10.01  6.62  7.29 10.96 16.63 25.24
 4009.25 17.88 27.55 15.21 16.30 13.51 12.65  9.67  6.34  6.99 10.57 16.14 24.74
 4010.25 17.79 27.41 15.14 16.22 13.42 12.60  9.64  6.29  6.94 10.49 16.03 24.65
 4011.25 17.90 27.47 15.25 16.33 13.51 12.70  9.75  6.36  7.01 10.57 16.10 24.76
 4012.25 17.92 27.45 15.28 16.35 13.52 12.74  9.80  6.37  7.02 10.58 16.10 24.77
 4013.25 17.87 27.34 15.24 16.30 13.47 12.71  9.79  6.35  6.99 10.54 16.02 24.72
 4014.25 17.80 27.22 15.19 16.24 13.39 12.66  9.77  6.32  6.95 10.47 15.92 24.64
 4015.25 17.82 27.18 15.21 16.25 13.40 12.69  9.81  6.34  6.96 10.48 15.91 24.65
 4016.25 17.98 27.29 15.38 16.42 13.55 12.85  9.97  6.46  7.07 10.61 16.05 24.83
 4017.25 18.01 27.26 15.42 16.45 13.57 12.89 10.03  6.50  7.09 10.62 16.05 24.86
 4018.25 18.26 27.47 15.68 16.71 13.79 13.12 10.26  6.67  7.26 10.82 16.27 25.12
 4019.25 18.33 27.48 15.76 16.78 13.85 13.18 10.35  6.73  7.30 10.87 16.31 25.19
 4020.25 17.99 27.06 15.44 16.45 13.54 12.88 10.11  6.54  7.09 10.58 15.95 24.84
 4021.25 17.87 26.88 15.34 16.33 13.45 12.77 10.05  6.49  7.01 10.47 15.81 24.71
 4022.25 17.96 26.91 15.44 16.43 13.56 12.86 10.15  6.56  7.07 10.53 15.87 24.81
 4023.25 18.22 27.12 15.70 16.69 13.82 13.09 10.39  6.74  7.24 10.73 16.10 25.08
 4024.25 18.43 27.28 15.92 16.90 14.05 13.29 10.60  6.89  7.38 10.90 16.28 25.30
 4025.25 18.35 27.13 15.86 16.83 14.00 13.22 10.56  6.86  7.34 10.82 16.17 25.22
 4026.25 18.24 26.97 15.77 16.73 13.93 13.13 10.51  6.81  7.28 10.73 16.05 25.11
 4027.25 18.23 26.89 15.78 16.73 13.94 13.12 10.54  6.83  7.28 10.71 16.01 25.10
 4028.25 18.25 26.85 15.81 16.76 13.99 13.15 10.60  6.86  7.30 10.72 16.01 25.13
 4029.25 18.19 26.72 15.76 16.69 13.95 13.09 10.58  6.84  7.27 10.65 15.91 25.06
 4030.25 18.14 26.61 15.73 16.65 13.93 13.05 10.58  6.82  7.24 10.60 15.84 25.01
 4031.25 18.76 27.18 16.34 17.26 14.54 13.61 11.14  7.24  7.67 11.10 16.42 25.65
 4032.25 19.12 27.49 16.71 17.62 14.91 13.96 11.49  7.51  7.93 11.41 16.75 26.02
 4033.25 18.87 27.17 16.48 17.36 14.69 13.72 11.31  7.35  7.76 11.17 16.47 25.77
 4034.25 18.71 26.95 16.34 17.20 14.57 13.58 11.22  7.27  7.66 11.03 16.29 25.61
 4035.25 18.34 26.50 16.00 16.83 14.26 13.25 10.95  7.05  7.42 10.72 15.91 25.23
 4036.25 18.10 26.18 15.77 16.59 14.05 13.03 10.79  6.91  7.27 10.51 15.64 24.98
 4037.25 18.03 26.04 15.72 16.51 14.02 12.97 10.77  6.89  7.23 10.44 15.55 24.91
 4038.25 18.07 26.02 15.78 16.55 14.08 13.02 10.85  6.94  7.27 10.47 15.56 24.95
 4039.25 18.04 25.93 15.76 16.51 14.08 12.99 10.86  6.94  7.26 10.43 15.51 24.92
 4040.25 18.45 26.28 16.16 16.90 14.48 13.36 11.24  7.21  7.53 10.75 15.87 25.34
 4041.25 18.65 26.41 16.37 17.08 14.69 13.54 11.44  7.36  7.67 10.90 16.03 25.54
 4042.25 18.19 25.87 15.95 16.63 14.30 13.13 11.10  7.09  7.38 10.52 15.57 25.08
 4043.25 17.78 25.37 15.58 16.22 13.94 12.77 10.81  6.85  7.13 10.18 15.16 24.64
 4044.25 17.90 25.42 15.71 16.33 14.07 12.87 10.94  6.94  7.21 10.26 15.27 24.76
 4045.25 18.24 25.71 16.07 16.66 14.42 13.18 11.26  7.17  7.44 10.52 15.59 25.13
 4046.25 18.79 26.21 16.64 17.19 14.96 13.69 11.77  7.55  7.81 10.96 16.12 25.70
 4047.25 19.19 26.52 17.05 17.57 15.36 14.05 12.15  7.84  8.10 11.28 16.50 26.10
 4048.25 18.36 25.57 16.27 16.75 14.61 13.30 11.48  7.31  7.54 10.59 15.70 25.25
 4049.25 18.16 25.26 16.11 16.54 14.45 13.12 11.36  7.20  7.42 10.41 15.50 25.04
 4050.25 18.58 25.60 16.54 16.94 14.86 13.50 11.75  7.49  7.70 10.74 15.89 25.47
 4051.25 18.25 25.16 16.25 16.62 14.58 13.21 11.51  7.29  7.49 10.46 15.58 25.13
 4052.25 18.22 25.02 16.25 16.57 14.57 13.18 11.52  7.29  7.48 10.42 15.54 25.09
 4053.25 18.97 25.71 17.01 17.31 15.31 13.86 12.21  7.81  7.99 11.02 16.26 25.87
 4054.25 19.14 25.78 17.21 17.46 15.50 14.02 12.40  7.95  8.12 11.15 16.42 26.04
 4055.25 18.78 25.31 16.88 17.10 15.18 13.69 12.12  7.72  7.88 10.84 16.07 25.65
 4056.25 19.05 25.48 17.17 17.35 15.46 13.94 12.39  7.92  8.07 11.05 16.32 25.90
 4057.25 19.48 25.81 17.62 17.77 15.90 14.34 12.82  8.24  8.38 11.40 16.73 26.31
 4058.25 19.51 25.73 17.68 17.79 15.95 14.37 12.88  8.28  8.41 11.41 16.76 26.32
 4059.25 19.13 25.25 17.34 17.40 15.62 14.02 12.58  8.03  8.15 11.08 16.38 25.91
 4060.25 18.47 24.46 16.72 16.75 15.04 13.44 12.05  7.60  7.71 10.53 15.75 25.22
 4061.25 18.15 24.02 16.44 16.43 14.81 13.16 11.82  7.42  7.51 10.26 15.44 24.86
 4062.25 18.19 23.96 16.51 16.46 14.93 13.20 11.89  7.46  7.54 10.28 15.47 24.87
 4063.25 18.57 24.25 16.91 16.82 15.36 13.56 12.26  7.72  7.80 10.57 15.83 25.25
 4064.25 19.05 24.63 17.40 17.28 15.90 14.00 12.71  8.06  8.13 10.94 16.28 25.72
 4065.25 18.79 24.26 17.18 17.02 15.73 13.77 12.53  7.90  7.96 10.72 16.03 25.43
 4066.25 18.23 23.55 16.65 16.45 15.27 13.27 12.07  7.53  7.59 10.25 15.48 24.81
 4067.25 18.69 23.90 17.11 16.88 15.77 13.68 12.50  7.84  7.89 10.59 15.90 25.26
 4068.25 19.09 24.19 17.52 17.24 16.22 14.04 12.87  8.12  8.16 10.89 16.26 25.63
 4069.25 18.72 23.68 17.17 16.85 15.93 13.70 12.58  7.87  7.90 10.57 15.89 25.21
 4070.25 18.72 23.55 17.19 16.83 16.00 13.70 12.61  7.88  7.91 10.57 15.87 25.17
 4071.25 19.01 23.71 17.48 17.08 16.33 13.96 12.88  8.08  8.10 10.78 16.12 25.42
 4072.25 19.59 24.18 18.07 17.62 16.97 14.49 13.44  8.50  8.51 11.26 16.67 25.98
 4073.25 20.08 24.54 18.56 18.07 17.51 14.94 13.91  8.86  8.86 11.66 17.12 26.43
 4074.25 20.46 24.79 18.96 18.42 17.95 15.31 14.31  9.16  9.16 11.99 17.48 26.77
 4075.25 20.20 24.40 18.72 18.14 17.76 15.06 14.09  8.97  8.95 11.75 17.20 26.47
 4076.25 19.17 23.22 17.72 17.10 16.82 14.10 13.20  8.23  8.20 10.87 16.19 25.39
 4077.25 18.47 22.36 17.05 16.39 16.21 13.46 12.61  7.76  7.72 10.31 15.50 24.62
 4078.25 19.18 22.97 17.77 17.05 16.96 14.10 13.27  8.24  8.19 10.86 16.16 25.32
 4079.25 19.85 23.55 18.46 17.67 17.68 14.71 13.91  8.72  8.65 11.40 16.78 25.96
 4080.25 19.50 23.14 18.15 17.31 17.41 14.39 13.63  8.48  8.40 11.11 16.43 25.57
 4081.25 18.66 22.23 17.36 16.46 16.65 13.62 12.92  7.91  7.82 10.42 15.61 24.66
 4082.25 18.64 22.15 17.37 16.41 16.70 13.60 12.93  7.91  7.80 10.40 15.57 24.59
 4083.25 19.20 22.67 17.95 16.92 17.30 14.10 13.46  8.29  8.17 10.83 16.08 25.13
 4084.25 19.49 22.92 18.27 17.18 17.65 14.36 13.75  8.49  8.36 11.06 16.34 25.39
 4085.25 19.67 23.05 18.49 17.33 17.90 14.53 13.95  8.63  8.48 11.20 16.49 25.53
 4086.25 19.50 22.83 18.36 17.14 17.80 14.38 13.84  8.52  8.36 11.05 16.31 25.32
 4087.25 19.16 22.42 18.05 16.77 17.53 14.06 13.56  8.29  8.12 10.76 15.96 24.92
 4088.25 19.14 22.35 18.06 16.72 17.57 14.04 13.58  8.28  8.10 10.74 15.93 24.86
 4089.25 19.33 22.49 18.29 16.88 17.83 14.21 13.79  8.42  8.22 10.89 16.09 25.02
 4090.25 19.33 22.44 18.32 16.85 17.89 14.21 13.82  8.43  8.22 10.88 16.07 24.98
 4091.25 19.52 22.58 18.55 17.01 18.15 14.39 14.03  8.57  8.34 11.03 16.24 25.13
 4092.25 19.67 22.68 18.73 17.13 18.36 14.52 14.20  8.68  8.44 11.14 16.36 25.24
 4093.25 19.81 22.77 18.90 17.23 18.56 14.65 14.36  8.79  8.53 11.24 16.48 25.34
 4094.25 19.81 22.71 18.93 17.20 18.62 14.64 14.39  8.79  8.52 11.23 16.45 25.29
 4095.25 19.79 22.64 18.95 17.15 18.67 14.62 14.41  8.78  8.50 11.21 16.42 25.23
 4096.25 19.95 22.74 19.13 17.27 18.89 14.76 14.59  8.90  8.60 11.32 16.54 25.34
 4097.25 20.04 22.77 19.25 17.33 19.04 14.84 14.70  8.97  8.66 11.39 16.61 25.39
 4098.25 20.16 22.83 19.40 17.41 19.22 14.94 14.84  9.06  8.73 11.47 16.70 25.46
 4099.25 20.45 23.05 19.71 17.65 19.56 15.20 15.14  9.27  8.93 11.70 16.95 25.69
 4100.25 20.29 22.84 19.59 17.46 19.47 15.05 15.02  9.16  8.81 11.55 16.78 25.49
 4101.25 20.30 22.78 19.62 17.43 19.53 15.06 15.06  9.17  8.80 11.54 16.76 25.45
 4102.25 20.79 23.22 20.14 17.88 20.09 15.55 15.55  9.54  9.15 11.95 17.21 25.89
 4103.25 20.94 23.31 20.32 17.99 20.30 15.73 15.72  9.66  9.26 12.06 17.33 25.99
 4104.25 20.92 23.22 20.33 17.93 20.34 15.75 15.73  9.65  9.23 12.03 17.29 25.92
 4105.25 20.87 23.10 20.30 17.84 20.35 15.73 15.71  9.60  9.17 11.97 17.21 25.82
 4106.25 20.70 22.87 20.16 17.64 20.24 15.61 15.58  9.47  9.03 11.81 17.02 25.59
 4107.25 20.55 22.66 20.04 17.48 20.16 15.51 15.47  9.37  8.92 11.67 16.86 25.39
 4108.25 20.34 22.38 19.86 17.26 20.01 15.35 15.30  9.21  8.75 11.48 16.63 25.13
 4109.25 20.37 22.35 19.92 17.28 20.11 15.42 15.36  9.25  8.77 11.49 16.64 25.11
 4110.25 20.49 22.40 20.06 17.37 20.28 15.56 15.50  9.35  8.84 11.57 16.73 25.17
 4111.25 20.68 22.53 20.28 17.54 20.54 15.79 15.71  9.51  8.97 11.72 16.89 25.32
 4112.25 20.56 22.35 20.18 17.40 20.47 15.71 15.62  9.43  8.86 11.60 16.75 25.16
 4113.25 20.40 22.13 20.05 17.24 20.38 15.60 15.51  9.33  8.75 11.46 16.58 24.97
 4114.25 20.31 21.98 19.97 17.14 20.36 15.56 15.45  9.28  8.67 11.38 16.47 24.84
 4115.25 20.18 21.78 19.85 17.00 20.29 15.47 15.36  9.20  8.57 11.26 16.32 24.67
 4116.25 20.29 21.83 19.98 17.09 20.46 15.62 15.49  9.30  8.64 11.33 16.40 24.75
 4117.25 20.38 21.86 20.07 17.16 20.61 15.74 15.61  9.38  8.69 11.39 16.46 24.81
 4118.25 20.44 21.86 20.15 17.20 20.73 15.83 15.70  9.44  8.72 11.43 16.50 24.84
 4119.25 20.69 22.05 20.41 17.43 21.04 16.11 15.96  9.64  8.89 11.62 16.71 25.06
 4120.25 20.80 22.10 20.53 17.52 21.22 16.25 16.10  9.74  8.96 11.70 16.80 25.13
 4121.25 20.60 21.83 20.34 17.31 21.08 16.10 15.94  9.61  8.81 11.52 16.58 24.89
 4122.25 20.54 21.70 20.29 17.23 21.07 16.07 15.91  9.57  8.75 11.44 16.49 24.79
 4123.25 20.60 21.70 20.36 17.27 21.19 16.17 16.00  9.63  8.78 11.46 16.53 24.82
 4124.25 20.51 21.55 20.28 17.17 21.16 16.12 15.94  9.58  8.71 11.36 16.42 24.69
 4125.25 20.43 21.39 20.20 17.07 21.13 16.07 15.89  9.53  8.64 11.26 16.31 24.56
 4126.25 20.42 21.29 20.17 17.01 21.15 16.07 15.89  9.52  8.60 11.20 16.25 24.49
 4127.25 20.57 21.35 20.31 17.11 21.34 16.23 16.03  9.62  8.67 11.27 16.34 24.58
 4128.25 20.53 21.21 20.24 17.02 21.32 16.19 15.99  9.58  8.61 11.18 16.25 24.46
 4129.25 20.42 21.00 20.11 16.87 21.24 16.10 15.89  9.50  8.50 11.05 16.09 24.28
 4130.25 20.72 21.21 20.39 17.12 21.57 16.39 16.18  9.71  8.67 11.23 16.32 24.52
 4131.25 20.92 21.31 20.57 17.26 21.80 16.59 16.37  9.85  8.78 11.34 16.45 24.66
 4132.25 21.03 21.32 20.66 17.32 21.94 16.70 16.47  9.92  8.82 11.38 16.51 24.70
 4133.25 21.22 21.42 20.84 17.46 22.17 16.89 16.66 10.06  8.93 11.48 16.64 24.83
 4134.25 21.19 21.29 20.79 17.38 22.16 16.87 16.63 10.03  8.87 11.40 16.55 24.73
 4135.25 21.24 21.25 20.82 17.39 22.24 16.92 16.68 10.06  8.87 11.39 16.55 24.72
 4136.25 21.00 20.90 20.55 17.11 22.02 16.70 16.45  9.87  8.67 11.14 16.26 24.40
 4137.25 20.61 20.42 20.15 16.70 21.66 16.35 16.09  9.58  8.38 10.79 15.85 23.94
 4138.25 20.64 20.35 20.16 16.68 21.72 16.38 16.12  9.60  8.37 10.76 15.83 23.90
 4139.25 20.78 20.39 20.27 16.76 21.87 16.51 16.25  9.68  8.43 10.81 15.90 23.96
 4140.25 20.84 20.36 20.32 16.78 21.92 16.58 16.31  9.73  8.44 10.82 15.91 23.96
 4141.25 21.00 20.41 20.45 16.88 22.00 16.74 16.46  9.83  8.51 10.89 16.00 24.05
 4142.25 21.33 20.65 20.76 17.15 22.23 17.06 16.77 10.07  8.71 11.10 16.26 24.32
 4143.25 21.77 20.98 21.18 17.52 22.56 17.48 17.19 10.39  8.98 11.39 16.61 24.69
 4144.25 22.14 21.27 21.53 17.84 22.83 17.82 17.54 10.67  9.21 11.64 16.91 25.00
 4145.25 22.01 21.07 21.38 17.69 22.60 17.67 17.42 10.57  9.08 11.48 16.73 24.80
 4146.25 21.48 20.48 20.83 17.15 21.96 17.12 16.92 10.15  8.68 11.00 16.18 24.19
 4147.25 21.47 20.40 20.82 17.12 21.85 17.08 16.91 10.14  8.64 10.95 16.12 24.12
 4148.25 21.70 20.57 21.06 17.32 21.98 17.27 17.13 10.30  8.77 11.08 16.28 24.28
 4149.25 21.50 20.30 20.90 17.10 21.67 17.04 16.95 10.15  8.60 10.87 16.05 24.01
 4150.25 21.55 20.29 20.98 17.12 21.62 17.05 16.99 10.18  8.61 10.86 16.04 23.99
 4151.25 22.02 20.68 21.49 17.55 21.98 17.46 17.44 10.52  8.89 11.17 16.42 24.39
 4152.25 22.28 20.87 21.78 17.76 22.13 17.67 17.68 10.71  9.04 11.32 16.61 24.58
 4153.25 22.34 20.86 21.88 17.79 22.08 17.69 17.74 10.75  9.05 11.32 16.61 24.57
 4154.25 22.22 20.67 21.80 17.65 21.86 17.54 17.63 10.64  8.93 11.17 16.44 24.38
 4155.25 22.03 20.42 21.64 17.44 21.56 17.32 17.44 10.49  8.76 10.96 16.21 24.11
 4156.25 21.56 19.87 21.19 16.96 20.97 16.83 16.99 10.12  8.41 10.54 15.71 23.55
 4157.25 21.52 19.75 21.17 16.88 20.81 16.74 16.93 10.07  8.34 10.45 15.61 23.42
 4158.25 21.73 19.87 21.41 17.04 20.90 16.89 17.12 10.21  8.44 10.55 15.73 23.55
 4159.25 21.55 19.62 21.25 16.83 20.60 16.68 16.94 10.07  8.28 10.35 15.50 23.28
 4160.25 21.80 19.78 21.52 17.02 20.72 16.86 17.16 10.23  8.40 10.48 15.66 23.45
 4161.25 22.13 20.02 21.87 17.30 20.93 17.12 17.46 10.46  8.58 10.66 15.90 23.70
 4162.25 22.00 19.81 21.76 17.14 20.68 16.95 17.32 10.35  8.45 10.50 15.71 23.48
 4163.25 22.33 20.05 22.11 17.40 20.88 17.21 17.61 10.58  8.63 10.69 15.95 23.73
 4164.25 22.29 19.93 22.09 17.33 20.72 17.12 17.54 10.53  8.56 10.60 15.84 23.60
 4165.25 21.59 19.17 21.41 16.64 19.91 16.43 16.87 10.01  8.08 10.03 15.15 22.80
 4166.25 21.50 19.00 21.34 16.51 19.69 16.29 16.75  9.93  7.99  9.91 15.00 22.62
 4167.25 21.94 19.34 21.80 16.88 20.00 16.65 17.14 10.23  8.22 10.16 15.33 22.98
 4168.25 22.16 19.47 22.03 17.04 20.09 16.80 17.31 10.37  8.31 10.25 15.46 23.11
 4169.25 21.90 19.14 21.80 16.77 19.72 16.51 17.05 10.17  8.12 10.01 15.16 22.76
 4170.25 22.02 19.17 21.94 16.84 19.71 16.58 17.13 10.24  8.15 10.04 15.21 22.78
 4171.25 22.46 19.52 22.40 17.21 20.02 16.93 17.52 10.55  8.39 10.29 15.53 23.13
 4172.25 22.70 19.67 22.66 17.39 20.13 17.11 17.72 10.71  8.50 10.41 15.68 23.27
 4173.25 22.66 19.55 22.64 17.32 19.97 17.02 17.65 10.66  8.44 10.32 15.58 23.13
 4174.25 22.74 19.54 22.73 17.35 19.91 17.04 17.70 10.70  8.44 10.32 15.58 23.10
 4175.25 23.11 19.81 23.12 17.65 20.15 17.34 18.02 10.96  8.64 10.54 15.85 23.38
 4176.25 23.00 19.64 23.03 17.51 19.92 17.19 17.89 10.87  8.54 10.42 15.69 23.17
 4177.25 23.22 19.79 23.27 17.68 20.01 17.35 18.08 11.02  8.64 10.54 15.82 23.29
 4178.25 23.37 19.89 23.44 17.78 20.03 17.43 18.19 11.11  8.70 10.60 15.88 23.33
 4179.25 23.22 19.70 23.31 17.60 19.77 17.25 18.03 10.99  8.57 10.45 15.69 23.09
 4180.25 23.59 20.01 23.70 17.91 20.01 17.54 18.34 11.25  8.77 10.68 15.95 23.36
 4181.25 23.76 20.13 23.89 18.02 20.08 17.65 18.48 11.36  8.84 10.76 16.04 23.43
 4182.25 23.75 20.07 23.92 17.97 19.99 17.59 18.44 11.34  8.80 10.70 15.96 23.31
 4183.25 23.76 20.03 24.05 17.92 19.92 17.55 18.42 11.33  8.77 10.67 15.90 23.22
 4184.25 23.77 20.00 24.22 17.89 19.85 17.52 18.41 11.32  8.74 10.63 15.85 23.13
 4185.25 24.01 20.21 24.65 18.08 20.02 17.71 18.63 11.51  8.87 10.78 16.02 23.29
 4186.25 23.64 19.87 24.52 17.75 19.64 17.37 18.32 11.26  8.64 10.51 15.68 22.89
 4187.25 23.47 19.72 24.58 17.60 19.46 17.22 18.19 11.16  8.54 10.39 15.52 22.68
 4188.25 24.14 20.39 25.49 18.24 20.08 17.84 18.86 11.71  8.98 10.89 16.12 23.32
 4189.25 24.43 20.69 26.01 18.53 20.35 18.12 19.18 11.98  9.19 11.12 16.38 23.57
 4190.25 24.14 20.43 25.96 18.27 20.05 17.85 18.95 11.79  9.00 10.91 16.11 23.25
 4191.25 24.01 20.33 26.06 18.17 19.91 17.73 18.86 11.72  8.92 10.82 15.99 23.09
 4192.25 24.06 20.39 26.34 18.22 19.94 17.77 18.95 11.80  8.96 10.86 16.03 23.11
 4193.25 23.79 20.16 26.30 17.99 19.67 17.53 18.73 11.63  8.79 10.67 15.79 22.81
 4194.25 23.84 20.23 26.59 18.06 19.71 17.58 18.83 11.71  8.84 10.72 15.83 22.83
 4195.25 24.13 20.53 27.11 18.34 19.96 17.84 19.14 11.97  9.03 10.94 16.08 23.08
 4196.25 24.36 20.78 27.57 18.58 20.18 18.07 19.40 12.20  9.21 11.12 16.30 23.29
 4197.25 24.60 21.03 28.03 18.82 20.39 18.29 19.67 12.43  9.38 11.32 16.51 23.49
 4198.25 24.70 21.16 28.36 18.93 20.48 18.40 19.81 12.55  9.46 11.41 16.60 23.56
 4199.25 24.90 21.37 28.79 19.14 20.65 18.59 20.05 12.76  9.62 11.57 16.79 23.72
 4200.25 24.59 21.09 28.70 18.86 20.33 18.29 19.78 12.53  9.40 11.33 16.49 23.38
 4201.25 24.13 20.66 28.46 18.43 19.87 17.85 19.38 12.19  9.09 10.98 16.06 22.89
 4202.25 24.08 20.64 28.64 18.40 19.81 17.81 19.37 12.19  9.06 10.95 16.02 22.81
 4203.25 24.55 21.12 29.33 18.87 20.25 18.26 19.87 12.62  9.40 11.33 16.45 23.25
 4204.25 24.68 21.27 29.68 19.01 20.36 18.39 20.04 12.77  9.50 11.44 16.57 23.34
 4205.25 24.58 21.19 29.80 18.93 20.24 18.29 19.98 12.73  9.44 11.36 16.47 23.21
 4206.25 24.27 20.91 29.71 18.65 19.93 18.00 19.72 12.51  9.23 11.13 16.18 22.87
 4207.25 23.82 20.50 29.48 18.24 19.48 17.58 19.33 12.20  8.94 10.80 15.77 22.39
 4208.25 23.42 20.13 29.28 17.87 19.07 17.21 18.97 11.92  8.68 10.50 15.40 21.96
 4209.25 23.34 20.08 29.41 17.82 18.98 17.14 18.92 11.90  8.64 10.45 15.32 21.84
 4210.25 23.81 20.57 30.11 18.28 19.42 17.58 19.40 12.32  8.96 10.81 15.73 22.28
 4211.25 24.15 20.94 30.67 18.62 19.73 17.90 19.76 12.64  9.19 11.07 16.03 22.58
 4212.25 24.06 20.89 30.79 18.55 19.63 17.82 19.70 12.61  9.14 11.01 15.94 22.46
 4213.25 23.88 20.75 30.82 18.39 19.44 17.65 19.55 12.50  9.03 10.88 15.76 22.25
 4214.25 23.75 20.66 30.91 18.29 19.30 17.53 19.46 12.45  8.95 10.80 15.64 22.09
 4215.25 23.76 20.72 31.15 18.33 19.31 17.56 19.51 12.51  8.98 10.83 15.66 22.09
 4216.25 23.93 20.96 31.57 18.54 19.49 17.75 19.73 12.72  9.13 10.99 15.83 22.25
 4217.25 23.74 20.85 31.66 18.42 19.33 17.62 19.62 12.65  9.04 10.88 15.68 22.07
 4218.25 23.63 20.83 31.92 18.37 19.26 17.56 19.59 12.64  9.01 10.85 15.62 21.98
 4219.25 23.68 20.96 32.40 18.47 19.34 17.66 19.71 12.77  9.08 10.93 15.70 22.04
 4220.25 23.68 21.03 32.82 18.51 19.38 17.70 19.78 12.84  9.12 10.97 15.72 22.05
 4221.25 23.55 20.99 33.12 18.42 19.31 17.62 19.72 12.82  9.07 10.91 15.64 21.93
 4222.25 23.22 20.75 33.22 18.15 19.06 17.36 19.48 12.63  8.89 10.71 15.38 21.62
 4223.25 23.33 20.94 33.75 18.30 19.22 17.51 19.66 12.80  9.01 10.84 15.51 21.74
 4224.25 23.77 21.45 34.61 18.76 19.71 17.97 20.16 13.25  9.35 11.21 15.93 22.19
 4225.25 24.06 21.82 35.31 19.07 20.05 18.29 20.51 13.58  9.60 11.48 16.23 22.49
 4226.25 23.82 21.67 35.49 18.88 19.88 18.11 20.35 13.46  9.49 11.34 16.04 22.27
 4227.25 24.20 22.13 36.27 19.30 20.32 18.52 20.81 13.88  9.83 11.70 16.43 22.69
 4228.25 24.62 22.63 37.07 19.75 20.80 18.98 21.30 14.34 10.22 12.10 16.86 23.15
 4229.25 23.88 21.98 36.77 19.06 20.14 18.30 20.64 13.77  9.72 11.55 16.19 22.45
 4230.25 23.24 21.43 36.56 18.49 19.58 17.74 20.09 13.31  9.33 11.10 15.64 21.87
 4231.25 23.00 21.28 36.72 18.30 19.41 17.55 19.93 13.19  9.23 10.97 15.46 21.67
 4232.25 22.89 21.26 37.02 18.25 19.37 17.49 19.90 13.19  9.22 10.94 15.40 21.61
 4233.25 23.13 21.57 37.65 18.51 19.67 17.76 20.21 13.47  9.44 11.17 15.64 21.89
 4234.25 23.56 22.08 38.46 18.96 20.14 18.20 20.70 13.92  9.80 11.56 16.06 22.36
 4235.25 23.48 22.08 38.78 18.92 20.13 18.17 20.69 13.94  9.81 11.55 16.02 22.32
 4236.25 23.21 21.90 38.91 18.71 19.94 17.95 20.51 13.79  9.68 11.39 15.81 22.10
 4237.25 23.27 22.05 39.36 18.81 20.06 18.06 20.65 13.93  9.79 11.50 15.90 22.21
 4238.25 23.07 21.94 39.56 18.66 19.94 17.91 20.53 13.85  9.71 11.39 15.75 22.06
 4239.25 22.93 21.88 39.81 18.57 19.86 17.82 20.46 13.81  9.67 11.34 15.66 21.96
 4240.25 23.13 22.17 40.39 18.80 20.12 18.05 20.74 14.07  9.88 11.55 15.87 22.21
 4241.25 23.24 22.35 40.87 18.95 20.30 18.19 20.92 14.25 10.02 11.69 16.01 22.36
 4242.25 23.00 22.16 41.03 18.77 20.13 18.01 20.77 14.13  9.92 11.56 15.82 22.17
 4243.25 23.09 22.29 41.50 18.90 20.29 18.14 20.93 14.30 10.05 11.69 15.94 22.31
 4244.25 23.09 22.32 41.88 18.94 20.36 18.18 21.01 14.39 10.11 11.74 15.98 22.36
 4245.25 22.62 21.87 41.79 18.51 19.95 17.76 20.61 14.05  9.82 11.41 15.57 21.92
 4246.25 22.33 21.59 41.87 18.26 19.71 17.51 20.37 13.87  9.66 11.22 15.32 21.65
 4247.25 22.21 21.47 42.10 18.16 19.63 17.41 20.30 13.83  9.62 11.16 15.21 21.55
 4248.25 22.28 21.55 42.51 18.24 19.73 17.49 20.42 13.95  9.71 11.24 15.28 21.64
 4249.25 22.49 21.75 43.05 18.44 19.97 17.69 20.67 14.18  9.89 11.43 15.47 21.85
 4250.25 22.52 21.79 43.42 18.49 20.03 17.74 20.75 14.27  9.96 11.49 15.51 21.90
 4251.25 22.56 21.83 43.78 18.54 20.11 17.79 20.83 14.37 10.03 11.55 15.55 21.96
 4252.25 22.34 21.61 43.79 18.34 19.93 17.59 20.66 14.24  9.91 11.41 15.35 21.75
 4253.25 22.00 21.27 43.56 18.02 19.63 17.28 20.35 14.01  9.71 11.17 15.05 21.42
 4254.25 22.00 21.27 44.99 18.04 19.67 17.29 20.38 14.08  9.75 11.20 15.06 21.44
 4255.25 22.27 21.54 48.72 18.31 19.97 17.56 20.67 14.38  9.98 11.44 15.30 21.72
 4256.25 22.27 21.55 50.42 18.32 20.00 17.57 20.70 14.45 10.03 11.47 15.31 21.74
 4257.25 22.01 21.28 50.08 18.09 19.78 17.33 20.46 14.29  9.88 11.29 15.08 21.49
 4258.25 22.00 21.28 49.71 18.10 19.81 17.34 20.48 14.35  9.91 11.32 15.07 21.50
 4259.25 22.03 21.31 49.36 18.15 19.87 17.37 20.53 14.44  9.97 11.37 15.10 21.54
 4260.25 22.25 21.53 49.19 18.39 20.12 17.60 20.77 14.70 10.17 11.57 15.30 21.77
 4261.25 22.78 22.06 49.28 18.92 20.67 18.11 21.32 15.25 10.61 12.03 15.79 22.32
 4262.25 22.94 22.21 49.03 19.09 20.85 18.27 21.50 15.46 10.78 12.18 15.94 22.49
 4263.25 22.58 21.86 48.33 18.77 20.52 17.95 21.17 15.21 10.55 11.92 15.63 22.15
 4264.25 22.40 21.68 47.78 18.62 20.37 17.79 21.02 15.11 10.45 11.81 15.49 21.99
 4265.25 22.42 21.70 47.40 18.67 20.41 17.82 21.07 15.20 10.51 11.86 15.53 22.02
 4266.25 22.32 21.61 46.91 18.60 20.34 17.74 21.00 15.18 10.48 11.81 15.47 21.94
 4267.25 21.99 21.28 46.20 18.30 20.04 17.44 20.70 14.95 10.28 11.58 15.20 21.63
 4268.25 21.74 21.04 45.55 18.09 19.83 17.22 20.48 14.81 10.14 11.42 15.01 21.40
 4269.25 21.84 21.13 45.23 18.21 19.95 17.32 20.60 14.96 10.25 11.52 15.12 21.51
 4270.25 22.11 21.40 45.07 18.49 20.24 17.59 20.90 15.27 10.49 11.76 15.38 21.80
 4271.25 22.54 21.83 45.04 18.93 20.69 18.02 21.35 15.73 10.86 12.14 15.80 22.24
 4272.25 23.04 22.33 45.07 19.44 21.22 18.55 21.88 16.27 11.30 12.59 16.29 22.76
 4273.25 22.91 22.21 44.52 19.34 21.11 18.48 21.78 16.22 11.24 12.52 16.20 22.65
 4274.25 22.43 21.74 43.65 18.90 20.67 18.07 21.33 15.85 10.91 12.15 15.78 22.19
 4275.25 22.51 21.82 43.27 18.99 20.76 18.18 21.42 15.98 11.00 12.24 15.87 22.27
 4276.25 22.32 21.63 42.63 18.82 20.59 18.04 21.25 15.87 10.89 12.11 15.71 22.09
 4277.25 21.84 21.16 41.70 18.37 20.13 17.63 20.79 15.49 10.56 11.74 15.29 21.61
 4278.25 21.74 21.06 41.11 18.28 20.04 17.56 20.70 15.45 10.51 11.68 15.21 21.51
 4279.25 21.78 21.09 40.67 18.33 20.09 17.64 20.75 15.54 10.56 11.72 15.26 21.55
 4280.25 22.02 21.34 40.42 18.57 20.34 17.90 21.00 15.82 10.77 11.93 15.49 21.80
 4281.25 22.34 21.65 40.22 18.89 20.66 18.24 21.33 16.16 11.04 12.20 15.79 22.11
 4282.25 22.28 21.59 39.66 18.84 20.61 18.22 21.28 16.17 11.02 12.16 15.75 22.05
 4283.25 22.20 21.51 39.07 18.77 20.54 18.18 21.21 16.15 10.99 12.11 15.68 21.97
 4284.25 22.25 21.56 38.60 18.83 20.61 18.26 21.27 16.25 11.05 12.16 15.74 22.03
 4285.25 22.02 21.34 37.85 18.62 20.39 18.08 21.06 16.10 10.91 11.99 15.55 21.80
 4286.25 22.06 21.37 37.36 18.66 20.44 18.15 21.10 16.18 10.96 12.03 15.59 21.84
 4287.25 22.32 21.64 37.17 18.93 20.71 18.44 21.38 16.49 11.19 12.26 15.84 22.11
 4288.25 22.23 21.54 36.84 18.84 20.63 18.39 21.29 16.45 11.14 12.19 15.77 22.02
 4289.25 22.20 21.52 36.73 18.83 20.62 18.40 21.28 16.49 11.16 12.19 15.76 22.00
 4290.25 22.57 21.89 37.05 19.20 20.99 18.80 21.66 16.89 11.47 12.50 16.11 22.37
 4291.25 22.60 21.91 37.02 19.23 21.02 18.85 21.70 16.97 11.52 12.53 16.14 22.40
 4292.25 22.08 21.40 36.47 18.74 20.53 18.40 21.20 16.55 11.14 12.13 15.69 21.89
 4293.25 21.81 21.13 36.15 18.49 20.27 18.17 20.94 16.35 10.97 11.92 15.45 21.62
 4294.25 21.79 21.11 36.07 18.48 20.26 18.19 20.93 16.39 10.97 11.91 15.44 21.60
 4295.25 21.96 21.27 36.19 18.66 20.43 18.38 21.10 16.60 11.13 12.06 15.60 21.77
 4296.25 21.81 21.13 36.00 18.55 20.31 18.28 20.98 16.52 11.05 11.96 15.49 21.63
 4297.25 21.74 21.05 35.87 18.49 20.24 18.25 20.91 16.51 11.02 11.91 15.43 21.56
 4298.25 21.99 21.31 36.08 18.76 20.50 18.53 21.18 16.80 11.24 12.13 15.67 21.82
 4299.25 22.59 21.90 36.62 19.35 21.10 19.14 21.80 17.42 11.74 12.63 16.23 22.41
 4300.25 23.08 22.39 37.04 19.86 21.60 19.66 22.31 17.95 12.17 13.06 16.70 22.91
 4301.25 23.28 22.59 37.18 20.08 21.80 19.89 22.54 18.21 12.37 13.25 16.91 23.12
 4302.25 23.39 22.69 37.23 20.20 21.90 20.03 22.66 18.38 12.48 13.35 17.02 23.22
 4303.25 23.36 22.67 37.16 20.20 21.87 20.05 22.67 18.42 12.50 13.34 17.01 23.20
 4304.25 23.22 22.53 36.97 20.08 21.73 19.95 22.55 18.35 12.41 13.23 16.89 23.07
 4305.25 22.99 22.30 36.70 19.87 21.50 19.76 22.34 18.20 12.24 13.05 16.68 22.84
 4306.25 22.90 22.21 36.55 19.80 21.40 19.70 22.27 18.17 12.19 12.98 16.60 22.74
 4307.25 22.58 21.92 36.19 19.50 21.08 19.42 21.97 17.92 11.95 12.72 16.31 22.43
 4308.25 22.37 21.74 35.93 19.32 20.86 19.25 21.78 17.78 11.81 12.55 16.13 22.21
 4309.25 22.43 21.82 35.92 19.39 20.91 19.34 21.86 17.90 11.88 12.61 16.19 22.27
 4310.25 22.44 21.86 35.87 19.41 20.91 19.38 21.88 17.97 11.91 12.62 16.20 22.27
 4311.25 22.48 21.94 35.86 19.47 20.95 19.45 21.95 18.07 11.97 12.67 16.25 22.32
 4312.25 22.42 21.90 35.73 19.42 20.88 19.43 21.90 18.07 11.94 12.63 16.20 22.25
 4313.25 22.30 21.82 35.56 19.32 20.75 19.35 21.80 18.02 11.87 12.54 16.10 22.13
 4314.25 22.05 21.60 35.25 19.10 20.50 19.17 21.57 17.84 11.70 12.34 15.88 21.88
 4315.25 21.65 21.23 34.78 18.73 20.10 18.87 21.19 17.52 11.41 12.03 15.53 21.48
 4316.25 21.60 21.21 34.67 18.70 20.05 18.92 21.17 17.54 11.41 12.01 15.50 21.44
 4317.25 21.35 20.99 34.35 18.48 19.79 18.77 20.93 17.36 11.24 11.82 15.28 21.18
 4318.25 21.22 20.89 34.15 18.37 19.65 18.74 20.82 17.30 11.16 11.72 15.16 21.05
 4319.25 21.47 21.17 34.35 18.62 19.89 19.08 21.09 17.59 11.38 11.93 15.37 21.30
 4320.25 21.71 21.45 34.54 18.88 20.13 19.41 21.36 17.89 11.59 12.13 15.58 21.54
 4321.25 21.63 21.40 34.40 18.81 20.04 19.42 21.29 17.87 11.55 12.08 15.50 21.46
 4322.25 21.78 21.57 34.48 18.97 20.17 19.66 21.46 18.06 11.69 12.20 15.62 21.60
 4323.25 22.22 22.05 34.87 19.42 20.61 20.19 21.92 18.55 12.07 12.58 16.02 22.05
 4324.25 23.19 23.05 35.75 20.39 21.56 21.24 22.91 19.56 12.91 13.41 16.91 23.01
 4325.25 23.45 23.33 35.91 20.65 21.80 21.59 23.18 19.86 13.16 13.64 17.14 23.26
 4326.25 23.00 22.92 35.42 20.23 21.35 21.24 22.76 19.49 12.81 13.26 16.71 22.82
 4327.25 22.66 22.61 35.02 19.92 21.01 21.00 22.44 19.22 12.57 12.98 16.38 22.48
 4328.25 22.44 22.42 34.72 19.71 20.78 20.87 22.23 19.06 12.43 12.80 16.17 22.25
 4329.25 22.26 22.27 34.48 19.56 20.60 20.80 22.08 18.96 12.33 12.67 16.00 22.08
 4330.25 22.08 22.12 34.21 19.40 20.41 20.70 21.91 18.84 12.22 12.52 15.82 21.89
 4331.25 21.95 22.02 34.01 19.29 20.28 20.67 21.80 18.77 12.15 12.43 15.69 21.76
 4332.25 21.99 22.09 33.98 19.37 20.31 20.81 21.87 18.88 12.23 12.47 15.72 21.80
 4333.25 22.05 22.18 33.96 19.46 20.36 20.96 21.95 18.99 12.32 12.53 15.77 21.86
 4334.25 22.08 22.25 33.92 19.52 20.39 21.08 21.99 19.08 12.39 12.56 15.78 21.89
 4335.25 22.16 22.35 33.92 19.62 20.45 21.25 22.09 19.22 12.49 12.63 15.84 21.96
 4336.25 22.11 22.32 33.78 19.60 20.38 21.28 22.05 19.21 12.48 12.59 15.78 21.90
 4337.25 21.95 22.18 33.53 19.47 20.21 21.21 21.90 19.11 12.38 12.46 15.61 21.73
 4338.25 22.32 22.56 33.82 19.85 20.55 21.65 22.27 19.52 12.72 12.76 15.93 22.08
 4339.25 22.74 22.99 34.15 20.28 20.95 22.16 22.70 19.98 13.10 13.12 16.30 22.49
 4340.25 23.01 23.25 34.32 20.57 21.19 22.50 22.98 20.29 13.37 13.35 16.53 22.75
 4341.25 23.11 23.35 34.34 20.70 21.27 22.69 23.09 20.44 13.49 13.43 16.60 22.84
 4342.25 22.99 23.22 34.13 20.60 21.13 22.65 22.99 20.38 13.42 13.33 16.47 22.71
 4343.25 22.71 22.92 33.77 20.35 20.83 22.45 22.76 20.15 13.21 13.09 16.19 22.41
 4344.25 22.36 22.56 33.32 20.02 20.46 22.18 22.47 19.85 12.95 12.79 15.85 22.05
 4345.25 22.19 22.38 33.06 19.88 20.27 22.09 22.37 19.74 12.84 12.65 15.67 21.86
 4346.25 22.03 22.20 32.80 19.75 20.08 22.01 22.28 19.63 12.74 12.52 15.51 21.69
 4347.25 21.93 22.09 32.61 19.67 19.96 21.99 22.24 19.58 12.69 12.44 15.40 21.57
 4348.25 21.97 22.12 32.56 19.74 19.98 22.12 22.36 19.68 12.76 12.47 15.42 21.61
 4349.25 21.82 21.96 32.31 19.61 19.81 22.04 22.27 19.58 12.66 12.35 15.26 21.44
 4350.25 21.47 21.60 31.86 19.30 19.45 21.77 21.99 19.30 12.42 12.08 14.94 21.08
 4351.25 21.85 21.96 32.16 19.68 19.78 22.22 22.43 19.71 12.75 12.37 15.24 21.44
 4352.25 22.57 22.67 32.79 20.40 20.46 23.02 23.22 20.46 13.38 12.95 15.87 22.14
 4353.25 22.67 22.76 32.81 20.52 20.53 23.20 23.39 20.61 13.49 13.04 15.94 22.22
 4354.25 22.38 22.46 32.42 20.25 20.22 22.98 23.16 20.37 13.28 12.79 15.65 21.92
 4355.25 22.33 22.40 32.27 20.22 20.14 23.01 23.17 20.37 13.27 12.75 15.58 21.85
 4356.25 22.30 22.36 32.15 20.21 20.09 23.06 23.21 20.39 13.27 12.72 15.53 21.80
 4357.25 22.16 22.21 31.91 20.10 19.92 23.00 23.13 20.30 13.19 12.61 15.38 21.65
 4358.25 21.97 22.01 31.60 19.93 19.71 22.89 23.00 20.16 13.06 12.45 15.19 21.44
 4359.25 22.08 22.10 31.58 20.05 19.78 23.07 23.17 20.31 13.17 12.53 15.26 21.53
 4360.25 22.51 22.52 31.90 20.50 20.18 23.58 23.67 20.79 13.57 12.89 15.63 21.94
 4361.25 22.34 22.34 31.60 20.35 19.99 23.49 23.56 20.67 13.45 12.74 15.45 21.76
 4362.25 21.75 21.73 30.86 19.79 19.38 22.97 23.03 20.13 12.99 12.26 14.90 21.15
 4363.25 21.65 21.63 30.63 19.71 19.26 22.95 23.00 20.09 12.94 12.18 14.80 21.04
 4364.25 22.07 22.03 30.94 20.14 19.64 23.45 23.48 20.54 13.32 12.51 15.15 21.44
 4365.25 22.20 22.15 30.94 20.29 19.74 23.66 23.68 20.72 13.46 12.62 15.24 21.55
 4366.25 22.06 22.00 30.67 20.17 19.57 23.60 23.60 20.63 13.37 12.50 15.09 21.39
 4367.25 22.17 22.09 30.64 20.29 19.65 23.78 23.77 20.78 13.49 12.58 15.16 21.48
 4368.25 22.12 22.03 30.46 20.26 19.57 23.81 23.78 20.78 13.48 12.54 15.09 21.41
 4369.25 21.56 21.45 29.74 19.74 19.00 23.31 23.27 20.27 13.04 12.09 14.58 20.84
 4370.25 21.72 21.60 29.78 19.94 19.13 23.55 23.49 20.47 13.20 12.22 14.70 20.98
 4371.25 22.33 22.19 30.27 20.56 19.68 24.24 24.17 21.12 13.73 12.70 15.20 21.56
 4372.25 22.38 22.23 30.19 20.65 19.70 24.37 24.28 21.21 13.81 12.74 15.23 21.59
 4373.25 22.16 21.99 29.82 20.47 19.45 24.22 24.11 21.03 13.64 12.55 15.02 21.35
 4374.25 22.20 22.03 29.73 20.55 19.47 24.34 24.22 21.13 13.71 12.58 15.05 21.38
 4375.25 22.52 22.33 29.92 20.89 19.74 24.73 24.60 21.48 14.01 12.83 15.33 21.67
 4376.25 22.60 22.40 29.87 21.01 19.79 24.89 24.74 21.61 14.11 12.90 15.40 21.73
 4377.25 22.14 21.93 29.26 20.60 19.32 24.50 24.34 21.20 13.75 12.52 14.99 21.26
 4378.25 21.60 21.38 28.55 20.10 18.76 24.02 23.84 20.71 13.33 12.08 14.51 20.70
 4379.25 21.52 21.29 28.33 20.06 18.66 24.01 23.82 20.67 13.30 12.02 14.44 20.60
 4380.25 21.54 21.30 28.21 20.12 18.66 24.10 23.90 20.74 13.35 12.03 14.45 20.60
 4381.25 21.75 21.50 28.30 20.36 18.85 24.39 24.18 20.99 13.56 12.19 14.63 20.80
 4382.25 21.99 21.72 28.40 20.63 19.06 24.71 24.48 21.27 13.78 12.38 14.83 21.01
 4383.25 22.13 21.85 28.41 20.81 19.20 24.93 24.68 21.46 13.94 12.49 14.96 21.13
 4384.25 22.72 22.42 28.86 21.42 19.75 25.60 25.34 22.08 14.48 12.97 15.47 21.69
 4385.25 23.17 22.86 29.18 21.91 20.19 26.13 25.85 22.58 14.91 13.35 15.88 22.12
 4386.25 22.86 22.54 28.72 21.64 19.88 25.89 25.60 22.31 14.67 13.08 15.60 21.80
 4387.25 22.40 22.07 28.11 21.22 19.42 25.49 25.18 21.90 14.30 12.70 15.18 21.32
 4388.25 22.41 22.07 27.97 21.26 19.42 25.57 25.22 21.95 14.34 12.71 15.18 21.31
 4389.25 22.72 22.36 28.14 21.60 19.71 25.96 25.53 22.30 14.64 12.96 15.45 21.60
 4390.25 22.72 22.35 27.99 21.63 19.70 26.03 25.54 22.35 14.67 12.96 15.45 21.57
 4391.25 22.63 22.25 27.76 21.59 19.61 26.01 25.45 22.30 14.63 12.89 15.37 21.47
 4392.25 22.48 22.09 27.48 21.48 19.45 25.94 25.31 22.20 14.53 12.77 15.23 21.30
 4393.25 22.26 21.85 27.15 21.29 19.23 25.78 25.08 22.02 14.37 12.58 15.03 21.06
 4394.25 21.96 21.54 26.78 21.03 18.93 25.54 24.78 21.75 14.14 12.34 14.76 20.75
 4395.25 21.97 21.54 26.74 21.07 18.93 25.62 24.79 21.79 14.18 12.35 14.77 20.73
 4396.25 22.16 21.71 26.87 21.29 19.09 25.88 24.98 22.01 14.37 12.49 14.92 20.89
 4397.25 22.11 21.64 26.76 21.27 19.03 25.89 24.93 21.98 14.35 12.45 14.87 20.82
 4398.25 22.02 21.53 26.60 21.21 18.93 25.85 24.84 21.91 14.30 12.37 14.78 20.70
 4399.25 22.17 21.66 26.69 21.38 19.06 25.99 24.99 22.08 14.45 12.48 14.90 20.82
 4400.25 22.23 21.70 26.69 21.47 19.10 25.99 25.04 22.17 14.53 12.53 14.94 20.85
 4401.25 22.37 21.83 26.77 21.64 19.22 26.06 25.19 22.33 14.68 12.64 15.06 20.95
 4402.25 22.37 21.81 26.71 21.67 19.21 25.98 25.18 22.35 14.71 12.63 15.05 20.92
 4403.25 21.90 21.33 26.17 21.23 18.74 25.42 24.70 21.91 14.33 12.25 14.63 20.42
 4404.25 21.76 21.18 25.96 21.13 18.59 25.20 24.56 21.79 14.23 12.14 14.51 20.25
 4405.25 22.08 21.48 26.22 21.46 18.88 25.45 24.87 22.13 14.53 12.38 14.77 20.52
 4406.25 21.96 21.37 26.04 21.37 18.75 25.25 24.75 22.04 14.46 12.28 14.66 20.37
 4407.25 21.43 20.84 25.42 20.86 18.23 24.62 24.21 21.53 14.03 11.87 14.20 19.82
 4408.25 21.58 20.98 25.52 21.03 18.36 24.70 24.36 21.70 14.18 11.98 14.32 19.94
 4409.25 21.59 20.98 25.46 21.04 18.35 24.62 24.36 21.73 14.21 11.97 14.31 19.90
 4410.25 21.31 20.71 25.11 20.78 18.08 24.26 24.07 21.48 14.01 11.76 14.07 19.60
 4411.25 21.66 21.05 25.41 21.14 18.39 24.54 24.43 21.85 14.33 12.02 14.36 19.91
 4412.25 21.51 20.90 25.19 21.00 18.24 24.31 24.28 21.72 14.23 11.91 14.22 19.73
 4413.25 20.92 20.32 24.51 20.43 17.67 23.62 23.66 21.15 13.76 11.45 13.72 19.12
 4414.25 21.20 20.59 24.74 20.71 17.91 23.83 23.95 21.45 14.01 11.66 13.94 19.36
 4415.25 21.70 21.08 25.19 21.22 18.36 24.26 24.46 21.97 14.46 12.03 14.35 19.80
 4416.25 21.73 21.11 25.16 21.26 18.38 24.21 24.49 22.03 14.51 12.05 14.37 19.80
 4417.25 21.33 20.71 24.68 20.88 17.99 23.72 24.07 21.65 14.20 11.74 14.02 19.38
 4418.25 21.70 21.07 24.99 21.25 18.32 24.02 24.45 22.04 14.53 12.01 14.32 19.70
 4419.25 22.11 21.47 25.35 21.67 18.70 24.36 24.87 22.48 14.91 12.33 14.67 20.07
 4420.25 21.96 21.32 25.13 21.54 18.55 24.13 24.71 22.35 14.81 12.21 14.53 19.89
 4421.25 21.61 20.97 24.71 21.20 18.22 23.69 24.35 22.02 14.53 11.93 14.22 19.51
 4422.25 21.70 21.06 24.73 21.30 18.31 23.70 24.44 22.13 14.63 11.99 14.29 19.56
 4423.25 22.11 21.46 25.09 21.71 18.70 24.03 24.85 22.56 15.01 12.31 14.63 19.92
 4424.25 22.30 21.64 25.22 21.91 18.89 24.14 25.05 22.77 15.20 12.45 14.78 20.07
 4425.25 22.17 21.51 25.01 21.79 18.77 23.93 24.91 22.66 15.11 12.34 14.66 19.91
 4426.25 21.74 21.08 24.51 21.38 18.37 23.41 24.46 22.25 14.77 12.00 14.28 19.46
 4427.25 21.57 20.90 24.26 21.21 18.20 23.14 24.28 22.10 14.65 11.86 14.13 19.25
 4428.25 21.62 20.94 24.24 21.26 18.25 23.11 24.32 22.16 14.71 11.89 14.16 19.26
 4429.25 21.80 21.10 24.35 21.44 18.41 23.19 24.49 22.35 14.89 12.01 14.30 19.38
 4430.25 22.20 21.49 24.69 21.85 18.79 23.51 24.89 22.77 15.26 12.31 14.64 19.73
 4431.25 22.66 21.94 25.09 22.31 19.24 23.89 25.35 23.25 15.70 12.67 15.03 20.14
 4432.25 22.39 21.66 24.74 22.04 18.97 23.52 25.06 22.99 15.48 12.44 14.79 19.83
 4433.25 22.02 21.29 24.30 21.69 18.63 23.07 24.67 22.64 15.19 12.14 14.47 19.44
 4434.25 22.23 21.49 24.45 21.90 18.82 23.19 24.85 22.86 15.39 12.29 14.64 19.59
 4435.25 22.56 21.80 24.71 22.23 19.14 23.43 25.16 23.21 15.71 12.54 14.92 19.87
 4436.25 22.71 21.94 24.79 22.38 19.28 23.49 25.28 23.37 15.87 12.66 15.04 19.97
 4437.25 22.42 21.65 24.43 22.10 19.00 23.11 24.96 23.10 15.64 12.44 14.79 19.65
 4438.25 22.14 21.37 24.07 21.82 18.73 22.73 24.64 22.83 15.41 12.23 14.54 19.34
 4439.25 21.89 21.12 23.75 21.58 18.50 22.40 24.37 22.60 15.23 12.05 14.33 19.06
 4440.25 21.87 21.09 23.65 21.57 18.48 22.29 24.32 22.59 15.23 12.05 14.31 19.00
 4441.25 22.18 21.40 23.90 21.89 18.78 22.53 24.62 22.93 15.53 12.30 14.57 19.26
 4442.25 22.57 21.78 24.22 22.28 19.15 22.86 24.98 23.32 15.90 12.62 14.89 19.59
 4443.25 22.64 21.84 24.22 22.36 19.22 22.89 25.03 23.39 15.99 12.69 14.95 19.62
 4444.25 22.74 21.94 24.25 22.50 19.32 22.95 25.11 23.50 16.11 12.79 15.04 19.68
 4445.25 22.73 21.93 24.17 22.55 19.31 22.90 25.08 23.49 16.13 12.79 15.03 19.63
 4446.25 22.17 21.37 23.53 22.05 18.78 22.29 24.47 22.93 15.65 12.36 14.54 19.05
 4447.25 21.80 21.00 23.08 21.75 18.43 21.88 24.07 22.56 15.36 12.09 14.22 18.66
 4448.25 22.04 21.24 23.26 22.06 18.66 22.08 24.30 22.81 15.60 12.29 14.43 18.86
 4449.25 22.25 21.44 23.40 22.33 18.86 22.24 24.48 23.02 15.80 12.47 14.60 19.01
 4450.25 22.32 21.51 23.40 22.47 18.93 22.27 24.53 23.10 15.90 12.54 14.66 19.04
 4451.25 22.37 21.55 23.38 22.59 18.98 22.28 24.56 23.15 15.97 12.59 14.69 19.05
 4452.25 22.41 21.58 23.34 22.68 19.01 22.27 24.57 23.19 16.02 12.63 14.72 19.04
 4453.25 22.72 21.89 23.58 23.06 19.31 22.54 24.86 23.50 16.33 12.89 14.98 19.30
 4454.25 22.97 22.14 23.77 23.38 19.56 22.75 25.09 23.77 16.58 13.11 15.20 19.51
 4455.25 23.05 22.21 23.77 23.53 19.64 22.78 25.15 23.85 16.68 13.19 15.26 19.54
 4456.25 23.15 22.31 23.81 23.70 19.74 22.85 25.23 23.96 16.80 13.29 15.35 19.61
 4457.25 23.13 22.29 23.72 23.75 19.73 22.79 25.19 23.94 16.81 13.29 15.34 19.57
 4458.25 23.15 22.31 23.67 23.83 19.75 22.77 25.19 23.97 16.86 13.32 15.35 19.58
 4459.25 23.18 22.35 23.63 23.94 19.79 22.76 25.20 24.01 16.92 13.37 15.38 19.60
 4460.25 23.26 22.43 23.64 24.09 19.87 22.80 25.26 24.10 17.03 13.45 15.45 19.66
 4461.25 23.07 22.24 23.39 23.96 19.68 22.58 25.05 23.92 16.88 13.31 15.29 19.47
 4462.25 22.65 21.82 22.90 23.60 19.27 22.11 24.60 23.50 16.53 12.98 14.92 19.05
 4463.25 22.79 21.97 23.00 23.82 19.41 22.22 24.73 23.65 16.69 13.12 15.04 19.18
 4464.25 22.90 22.07 23.06 23.99 19.50 22.29 24.81 23.77 16.81 13.22 15.13 19.26
 4465.25 23.10 22.27 23.23 24.27 19.69 22.45 25.00 23.98 17.03 13.40 15.31 19.45
 4466.25 23.41 22.58 23.51 24.65 19.99 22.72 25.29 24.30 17.34 13.68 15.58 19.73
 4467.25 23.51 22.68 23.57 24.82 20.07 22.78 25.37 24.41 17.46 13.77 15.67 19.82
 4468.25 23.46 22.63 23.48 24.83 20.02 22.69 25.30 24.36 17.44 13.75 15.62 19.75
 4469.25 23.24 22.44 23.23 24.68 19.80 22.43 25.06 24.15 17.27 13.58 15.43 19.53
 4470.25 23.45 22.67 23.40 24.96 20.00 22.60 25.25 24.37 17.49 13.77 15.61 19.72
 4471.25 23.63 22.89 23.55 25.21 20.17 22.74 25.41 24.56 17.70 13.94 15.78 19.89
 4472.25 23.38 22.67 23.27 25.03 19.93 22.46 25.14 24.32 17.49 13.75 15.55 19.63
 4473.25 23.14 22.48 23.00 24.86 19.70 22.18 24.88 24.09 17.31 13.57 15.35 19.40
 4474.25 23.00 22.36 22.82 24.77 19.55 22.00 24.71 23.95 17.20 13.47 15.22 19.24
 4475.25 22.73 22.13 22.51 24.57 19.29 21.70 24.42 23.69 16.99 13.27 14.99 18.98
 4476.25 22.79 22.23 22.54 24.70 19.35 21.72 24.46 23.76 17.09 13.34 15.05 19.03
 4477.25 23.13 22.60 22.85 25.11 19.66 22.02 24.79 24.11 17.44 13.63 15.34 19.34
 4478.25 23.12 22.62 22.80 25.17 19.65 21.97 24.75 24.11 17.47 13.64 15.33 19.31
 4479.25 23.07 22.60 22.71 25.18 19.60 21.88 24.67 24.06 17.46 13.61 15.29 19.25
 4480.25 23.19 22.75 22.79 25.37 19.70 21.95 24.76 24.19 17.60 13.73 15.38 19.35
 4481.25 23.46 23.06 23.03 25.77 19.96 22.19 25.01 24.48 17.90 13.97 15.63 19.61
 4482.25 23.62 23.25 23.15 26.10 20.11 22.30 25.14 24.64 18.08 14.12 15.76 19.74
 4483.25 23.55 23.22 23.05 26.25 20.03 22.20 25.04 24.58 18.05 14.08 15.70 19.66
 4484.25 23.24 22.94 22.70 26.15 19.73 21.86 24.69 24.27 17.80 13.83 15.41 19.35
 4485.25 23.01 22.74 22.43 26.13 19.50 21.63 24.43 24.04 17.63 13.66 15.21 19.12
 4486.25 23.00 22.76 22.39 26.34 19.49 21.62 24.39 24.04 17.66 13.67 15.19 19.10
 4487.25 23.08 22.87 22.42 26.63 19.55 21.68 24.43 24.12 17.76 13.74 15.24 19.16
 4488.25 23.18 23.00 22.48 26.94 19.64 21.77 24.50 24.22 17.89 13.84 15.32 19.23
 4489.25 23.48 23.33 22.75 27.46 19.92 22.06 24.77 24.52 18.20 14.10 15.57 19.51
 4490.25 23.57 23.44 22.79 27.75 19.99 22.14 24.82 24.59 18.31 14.17 15.63 19.57
 4491.25 23.41 23.31 22.59 27.80 19.83 21.97 24.63 24.41 18.20 14.05 15.48 19.40
 4492.25 23.29 23.22 22.43 27.89 19.71 21.85 24.48 24.27 18.13 13.96 15.36 19.27
 4493.25 23.28 23.24 22.38 28.08 19.68 21.83 24.43 24.24 18.15 13.96 15.34 19.25
 4494.25 23.32 23.30 22.37 28.32 19.71 21.86 24.43 24.25 18.22 13.99 15.36 19.26
 4495.25 23.71 23.72 22.72 28.92 20.07 22.23 24.79 24.62 18.61 14.32 15.68 19.61
 4496.25 23.68 23.72 22.65 29.09 20.03 22.19 24.73 24.57 18.62 14.31 15.64 19.57
 4497.25 23.37 23.44 22.31 28.97 19.73 21.88 24.38 24.24 18.36 14.06 15.36 19.26
 4498.25 23.36 23.46 22.28 29.16 19.71 21.86 24.33 24.21 18.38 14.05 15.34 19.23
 4499.25 23.28 23.41 22.20 29.28 19.62 21.78 24.22 24.11 18.35 14.00 15.26 19.14
 4500.25 23.29 23.44 22.20 29.49 19.61 21.78 24.20 24.10 18.39 14.01 15.26 19.13
 4501.25 23.34 23.52 22.24 29.73 19.63 21.81 24.21 24.12 18.46 14.06 15.29 19.16
 4502.25 23.57 23.80 22.47 30.17 19.82 22.04 24.41 24.34 18.71 14.26 15.48 19.37
 4503.25 23.65 23.92 22.54 30.44 19.86 22.10 24.45 24.39 18.82 14.33 15.53 19.42
 4504.25 23.26 23.57 22.14 30.22 19.46 21.71 24.02 23.98 18.48 14.01 15.18 19.03
 4505.25 23.12 23.47 22.00 30.27 19.30 21.56 23.85 23.81 18.38 13.90 15.05 18.89
 4506.25 23.17 23.58 22.05 30.52 19.32 21.61 23.87 23.85 18.47 13.96 15.08 18.92
 4507.25 23.00 23.44 21.87 30.53 19.12 21.42 23.66 23.65 18.34 13.82 14.92 18.74
 4508.25 23.08 23.57 21.95 30.80 19.17 21.50 23.70 23.71 18.45 13.89 14.98 18.80
 4509.25 23.47 24.01 22.33 31.40 19.51 21.87 24.06 24.09 18.85 14.22 15.30 19.15
 4510.25 23.71 24.29 22.56 31.83 19.70 22.09 24.26 24.30 19.10 14.42 15.49 19.36
 4511.25 23.66 24.28 22.50 31.97 19.62 22.04 24.18 24.23 19.08 14.39 15.43 19.29
 4512.25 23.67 24.34 22.52 32.17 19.60 22.04 24.16 24.23 19.13 14.41 15.44 19.29
 4513.25 23.87 24.59 22.71 32.56 19.76 22.23 24.33 24.41 19.35 14.58 15.60 19.46
 4514.25 23.91 24.67 22.74 32.79 19.76 22.26 24.33 24.42 19.42 14.62 15.61 19.47
 4515.25 23.95 24.74 22.76 33.00 19.76 22.28 24.32 24.43 19.47 14.65 15.62 19.46
 4516.25 24.01 24.83 22.80 33.22 19.76 22.31 24.32 24.45 19.54 14.69 15.65 19.46
 4517.25 24.06 24.91 22.83 33.45 19.77 22.33 24.32 24.46 19.61 14.73 15.66 19.45
 4518.25 24.11 24.97 22.84 33.67 19.76 22.35 24.31 24.46 19.66 14.75 15.67 19.44
 4519.25 24.23 25.12 22.94 34.05 19.82 22.44 24.38 24.54 19.79 14.84 15.74 19.49
 4520.25 24.29 25.20 22.97 34.43 19.82 22.46 24.38 24.56 19.86 14.88 15.76 19.49
 4521.25 24.26 25.20 22.92 34.74 19.75 22.41 24.30 24.49 19.84 14.85 15.71 19.41
 4522.25 24.08 25.03 22.71 34.88 19.52 22.20 24.07 24.26 19.68 14.68 15.52 19.18
 4523.25 24.04 25.02 22.65 35.17 19.43 22.13 24.00 24.18 19.65 14.64 15.46 19.08
 4524.25 24.11 25.11 22.69 35.57 19.44 22.17 24.05 24.21 19.73 14.68 15.48 19.09
 4525.25 24.16 25.18 22.71 35.95 19.44 22.18 24.09 24.21 19.79 14.71 15.49 19.08
 4526.25 24.45 25.50 22.97 36.57 19.66 22.44 24.37 24.46 20.09 14.95 15.71 19.29
 4527.25 24.52 25.59 23.02 36.96 19.67 22.47 24.43 24.49 20.17 14.99 15.74 19.30
 4528.25 24.40 25.48 22.86 37.15 19.50 22.30 24.29 24.31 20.07 14.87 15.60 19.12
 4529.25 24.52 25.63 22.96 37.58 19.56 22.37 24.40 24.39 20.20 14.96 15.67 19.17
 4530.25 24.76 25.89 23.17 38.13 19.73 22.56 24.62 24.58 20.44 15.15 15.84 19.34
 4531.25 24.68 25.84 23.07 38.36 19.61 22.44 24.53 24.46 20.39 15.07 15.75 19.21
 4532.25 24.58 25.76 22.95 38.56 19.45 22.29 24.42 24.31 20.31 14.97 15.62 19.05
 4533.25 24.28 25.47 22.64 38.56 19.12 21.96 24.11 23.97 20.04 14.71 15.34 18.71
 4534.25 24.25 25.42 22.59 38.82 19.04 21.88 24.06 23.89 20.03 14.67 15.28 18.62
 4535.25 24.46 25.59 22.78 39.33 19.17 22.04 24.25 24.05 20.24 14.83 15.42 18.75
 4536.25 24.65 25.74 22.96 39.82 19.30 22.18 24.43 24.20 20.44 14.97 15.55 18.87
 4537.25 24.55 25.59 22.85 40.01 19.15 22.04 24.32 24.06 20.36 14.88 15.43 18.72
 4538.25 24.41 25.39 22.69 40.15 18.96 21.85 24.15 23.88 20.23 14.74 15.27 18.52
 4539.25 24.36 25.29 22.64 40.39 18.87 21.76 24.10 23.81 20.21 14.69 15.20 18.42
 4540.25 24.41 25.29 22.67 40.73 18.86 21.76 24.13 23.82 20.27 14.72 15.21 18.41
 4541.25 24.59 25.42 22.84 41.19 18.98 21.89 24.30 23.96 20.46 14.86 15.32 18.51
 4542.25 24.67 25.45 22.90 41.55 19.01 21.92 24.36 24.01 20.55 14.92 15.35 18.52
 4543.25 24.35 25.08 22.58 41.50 18.67 21.56 24.02 23.65 20.25 14.66 15.05 18.17
 4544.25 24.29 24.96 22.50 41.71 18.57 21.45 23.94 23.55 20.21 14.61 14.96 18.05
 4545.25 24.58 25.19 22.76 42.28 18.78 21.68 24.21 23.80 20.49 14.85 15.16 18.25
 4546.25 24.93 25.46 23.06 42.87 19.02 21.94 24.51 24.08 20.80 15.11 15.39 18.47
 4547.25 25.06 25.50 23.14 43.23 19.06 21.98 24.58 24.13 20.90 15.19 15.43 18.50
 4548.25 25.01 25.35 23.03 43.40 18.93 21.84 24.47 24.00 20.82 15.12 15.31 18.35
 4549.25 25.30 25.55 23.26 43.92 19.12 22.04 24.71 24.22 21.08 15.33 15.49 18.52
 4550.25 25.82 25.98 23.72 44.66 19.51 22.45 25.16 24.65 21.55 15.74 15.86 18.89
 4551.25 25.76 25.82 23.60 44.82 19.37 22.31 25.04 24.51 21.46 15.65 15.74 18.73
 4552.25 25.45 25.42 23.25 44.74 19.00 21.92 24.68 24.13 21.14 15.36 15.40 18.35
 4553.25 25.69 25.57 23.43 45.20 19.15 22.07 24.86 24.30 21.35 15.53 15.54 18.47
 4554.25 25.79 25.58 23.47 45.51 19.15 22.08 24.91 24.32 21.41 15.58 15.55 18.46
 4555.25 25.75 25.44 23.38 45.67 19.03 21.95 24.81 24.20 21.35 15.52 15.44 18.33
 4556.25 26.01 25.61 23.58 45.97 19.19 22.12 25.01 24.39 21.57 15.70 15.59 18.47
 4557.25 26.33 25.83 23.84 46.33 19.40 22.34 25.27 24.62 21.85 15.94 15.79 18.65
 4558.25 26.13 25.55 23.59 48.39 19.14 22.06 25.02 24.35 21.63 15.74 15.56 18.38
 4559.25 25.92 25.25 23.34 52.85 18.86 21.78 24.76 24.08 21.41 15.54 15.31 18.09
 4560.25 25.91 25.15 23.28 54.74 18.77 21.68 24.69 23.99 21.37 15.50 15.23 17.99
 4561.25 26.05 25.19 23.36 54.65 18.82 21.73 24.77 24.05 21.48 15.58 15.28 18.01
 4562.25 26.19 25.24 23.44 54.29 18.86 21.78 24.85 24.11 21.59 15.67 15.33 18.04
 4563.25 26.23 25.19 23.43 53.82 18.81 21.73 24.83 24.08 21.60 15.67 15.29 17.98
 4564.25 26.40 25.26 23.54 53.48 18.89 21.81 24.95 24.17 21.73 15.78 15.36 18.03
 4565.25 26.74 25.52 23.83 53.30 19.12 22.05 25.23 24.43 22.04 16.04 15.58 18.25
 4566.25 26.94 25.60 23.96 52.97 19.22 22.15 25.37 24.55 22.20 16.17 15.67 18.32
 4567.25 26.97 25.51 23.93 52.49 19.16 22.10 25.36 24.51 22.20 16.16 15.63 18.25
 4568.25 26.89 25.30 23.77 51.91 19.01 21.94 25.28 24.36 22.10 16.07 15.50 18.09
 4569.25 26.87 25.14 23.65 51.36 18.91 21.83 25.27 24.26 22.05 16.02 15.41 17.97
 4570.25 27.05 25.18 23.72 51.01 19.00 21.90 25.47 24.37 22.20 16.14 15.49 18.04
 4571.25 27.19 25.19 23.75 50.62 19.04 21.94 25.62 24.43 22.31 16.23 15.54 18.07
 4572.25 27.43 25.28 23.87 50.31 19.18 22.07 25.88 24.59 22.51 16.40 15.67 18.20
 4573.25 27.67 25.39 24.01 50.00 19.32 22.20 26.14 24.76 22.72 16.57 15.81 18.35
 4574.25 27.50 25.07 23.72 49.29 19.07 21.93 25.98 24.50 22.52 16.39 15.58 18.11
 4575.25 27.52 24.93 23.61 48.74 18.99 21.83 25.99 24.42 22.49 16.35 15.51 18.04
 4576.25 27.80 25.01 23.72 48.41 19.11 21.94 26.23 24.57 22.68 16.51 15.63 18.16
 4577.25 27.94 24.93 23.67 47.91 19.08 21.90 26.30 24.55 22.71 16.52 15.60 18.14
 4578.25 27.98 24.76 23.54 47.32 18.97 21.77 26.29 24.45 22.65 16.46 15.51 18.04
 4579.25 28.22 24.78 23.59 46.91 19.04 21.83 26.47 24.53 22.78 16.57 15.58 18.11
 4580.25 28.49 24.84 23.67 46.53 19.14 21.91 26.68 24.65 22.95 16.70 15.67 18.21
 4581.25 28.74 24.88 23.74 46.13 19.23 21.99 26.87 24.75 23.10 16.82 15.75 18.30
 4582.25 29.05 24.97 23.86 45.77 19.37 22.11 27.12 24.91 23.30 16.99 15.88 18.43
 4583.25 29.13 24.83 23.75 45.19 19.30 22.01 27.14 24.84 23.27 16.96 15.81 18.36
 4584.25 29.14 24.63 23.59 44.53 19.17 21.85 27.09 24.74 23.19 16.87 15.69 18.23
 4585.25 29.34 24.62 23.60 44.06 19.22 21.88 27.24 24.85 23.29 16.95 15.73 18.27
 4586.25 29.31 24.38 23.40 43.36 19.06 21.69 27.16 24.74 23.17 16.83 15.57 18.11
 4587.25 29.48 24.34 23.39 42.84 19.07 21.68 27.26 24.83 23.23 16.88 15.58 18.12
 4588.25 29.72 24.36 23.44 42.39 19.16 21.74 27.45 24.98 23.37 16.99 15.65 18.20
 4589.25 29.86 24.29 23.40 41.83 19.15 21.70 27.53 25.04 23.41 17.01 15.64 18.18
 4590.25 29.75 23.98 23.13 41.03 18.92 21.44 27.37 24.85 23.22 16.83 15.42 17.96
 4591.25 29.94 23.95 23.13 40.51 18.95 21.45 27.50 24.96 23.30 16.89 15.45 17.99
 4592.25 30.33 24.13 23.33 40.18 19.17 21.66 27.83 25.26 23.59 17.14 15.65 18.20
 4593.25 30.66 24.24 23.48 39.85 19.34 21.80 28.10 25.50 23.81 17.32 15.80 18.35
 4594.25 30.70 24.07 23.35 39.42 19.24 21.68 28.09 25.47 23.76 17.27 15.71 18.26
 4595.25 30.74 23.91 23.21 39.18 19.15 21.55 28.08 25.43 23.71 17.22 15.62 18.16
 4596.25 31.14 24.09 23.42 39.36 19.37 21.77 28.42 25.74 24.00 17.47 15.83 18.38
 4597.25 31.44 24.16 23.53 39.43 19.51 21.88 28.65 25.96 24.19 17.64 15.96 18.51
 4598.25 31.43 23.96 23.36 39.22 19.38 21.72 28.60 25.88 24.10 17.55 15.83 18.37
 4599.25 31.61 23.94 23.36 39.18 19.40 21.72 28.72 25.97 24.18 17.62 15.86 18.40
 4600.25 31.75 23.90 23.32 39.10 19.40 21.69 28.81 26.03 24.22 17.65 15.86 18.39
 4601.25 32.04 24.01 23.43 39.17 19.53 21.80 29.04 26.24 24.41 17.81 15.97 18.51
 4602.25 32.23 24.02 23.44 39.14 19.57 21.82 29.17 26.35 24.50 17.89 16.01 18.55
 4603.25 32.19 23.82 23.25 38.90 19.41 21.62 29.08 26.24 24.38 17.77 15.86 18.38
 4604.25 32.13 23.58 23.02 38.61 19.21 21.40 28.96 26.09 24.22 17.62 15.68 18.18
 4605.25 32.14 23.36 22.82 38.35 19.04 21.19 28.86 25.97 24.08 17.49 15.52 18.01
 4606.25 32.64 23.56 23.04 38.51 19.26 21.39 29.18 26.27 24.36 17.74 15.72 18.22
 4607.25 33.06 23.67 23.16 38.58 19.39 21.50 29.41 26.47 24.55 17.90 15.84 18.34
 4608.25 33.28 23.57 23.07 38.44 19.32 21.41 29.44 26.47 24.53 17.88 15.78 18.28
 4609.25 33.39 23.38 22.90 38.20 19.17 21.23 29.36 26.37 24.42 17.77 15.64 18.13
 4610.25 33.32 23.01 22.55 37.78 18.86 20.88 29.09 26.09 24.13 17.50 15.35 17.82
 4611.25 33.52 22.91 22.46 37.63 18.79 20.79 29.11 26.08 24.10 17.48 15.29 17.75
 4612.25 34.16 23.22 22.78 37.91 19.11 21.09 29.55 26.50 24.50 17.82 15.59 18.06
 4613.25 34.65 23.40 22.98 38.06 19.31 21.26 29.87 26.78 24.76 18.05 15.77 18.25
 4614.25 35.19 23.62 23.22 38.25 19.55 21.48 30.22 27.11 25.07 18.33 15.99 18.48
 4615.25 35.57 23.69 23.30 38.28 19.64 21.55 30.42 27.27 25.21 18.46 16.07 18.56
 4616.25 35.62 23.44 23.07 37.98 19.44 21.31 30.29 27.12 25.05 18.30 15.89 18.36
 4617.25 35.67 23.20 22.85 37.69 19.25 21.08 30.16 26.96 24.89 18.14 15.71 18.17
 4618.25 35.93 23.16 22.82 37.61 19.24 21.04 30.25 27.02 24.93 18.17 15.70 18.16
 4619.25 36.28 23.21 22.88 37.62 19.32 21.09 30.43 27.17 25.06 18.28 15.77 18.23
 4620.25 36.74 23.36 23.05 37.73 19.50 21.24 30.71 27.43 25.30 18.50 15.94 18.40
 4621.25 36.93 23.25 22.96 37.58 19.45 21.15 30.74 27.42 25.28 18.47 15.87 18.33
 4622.25 37.05 23.09 22.81 37.37 19.34 20.99 30.69 27.35 25.19 18.39 15.76 18.21
 4623.25 37.39 23.13 22.87 37.37 19.44 21.04 30.87 27.50 25.32 18.50 15.83 18.28
 4624.25 37.59 23.04 22.79 37.23 19.40 20.96 30.90 27.50 25.31 18.48 15.78 18.22
 4625.25 37.76 22.92 22.69 37.06 19.34 20.85 30.91 27.48 25.27 18.44 15.71 18.14
 4626.25 38.10 22.97 22.75 37.07 19.43 20.90 31.08 27.63 25.39 18.56 15.78 18.21
 4627.25 38.30 22.88 22.68 36.93 19.40 20.82 31.12 27.64 25.37 18.55 15.74 18.16
 4628.25 38.38 22.68 22.50 36.68 19.26 20.63 31.04 27.54 25.24 18.43 15.60 18.01
 4629.25 38.56 22.58 22.41 36.52 19.22 20.53 31.06 27.53 25.20 18.41 15.54 17.95
 4630.25 39.06 22.78 22.63 36.69 19.46 20.74 31.41 27.84 25.48 18.67 15.75 18.18
 4631.25 39.52 22.95 22.81 36.82 19.67 20.90 31.71 28.10 25.72 18.90 15.92 18.37
 4632.25 39.66 22.82 22.68 36.62 19.58 20.77 31.69 28.01 25.65 18.83 15.83 18.28
 4633.25 39.73 22.63 22.49 36.35 19.44 20.58 31.60 27.84 25.51 18.71 15.68 18.13
 4634.25 40.06 22.71 22.58 36.37 19.56 20.65 31.81 27.96 25.65 18.85 15.78 18.24
 4635.25 40.29 22.82 22.68 36.41 19.70 20.74 32.03 28.10 25.81 19.00 15.89 18.36
 4636.25 40.27 22.86 22.72 36.38 19.76 20.77 32.18 28.16 25.90 19.09 15.93 18.42
 4637.25 40.22 22.92 22.79 36.37 19.86 20.82 32.36 28.25 26.03 19.21 16.01 18.51
 4638.25 40.11 22.94 22.82 36.32 19.91 20.82 32.48 28.30 26.09 19.28 16.04 18.55
 4639.25 40.14 23.09 23.01 36.40 20.10 20.96 32.76 28.48 26.30 19.48 16.19 18.72
 4640.25 40.13 23.21 23.16 36.45 20.24 21.06 32.99 28.63 26.48 19.65 16.31 18.85
 4641.25 39.81 23.02 23.01 36.18 20.10 20.87 32.90 28.46 26.34 19.53 16.17 18.70
 4642.25 39.66 23.00 23.02 36.09 20.12 20.84 32.99 28.47 26.37 19.57 16.17 18.71
 4643.25 39.43 22.89 22.95 35.90 20.05 20.73 32.99 28.38 26.32 19.52 16.09 18.64
 4644.25 39.23 22.83 22.92 35.76 20.02 20.65 33.03 28.34 26.30 19.51 16.05 18.60
 4645.25 39.32 23.04 23.17 35.91 20.27 20.85 33.37 28.59 26.58 19.78 16.26 18.83
 4646.25 39.33 23.19 23.35 35.98 20.44 20.98 33.62 28.76 26.78 19.97 16.40 18.99
 4647.25 39.45 23.43 23.62 36.15 20.71 21.20 33.98 29.04 27.08 20.27 16.64 19.24
 4648.25 39.55 23.66 23.89 36.31 20.97 21.42 34.33 29.30 27.37 20.56 16.89 19.49
 4649.25 39.46 23.70 23.97 36.28 21.05 21.46 34.48 29.38 27.47 20.67 16.97 19.56
 4650.25 38.85 23.23 23.53 35.72 20.63 20.98 34.11 28.92 27.04 20.27 16.59 19.14
 4651.25 38.18 22.71 23.05 35.11 20.17 20.47 33.67 28.40 26.56 19.84 16.18 18.68
 4652.25 37.98 22.64 23.01 34.96 20.14 20.39 33.71 28.36 26.54 19.84 16.16 18.64
 4653.25 38.00 22.80 23.20 35.04 20.32 20.53 33.98 28.55 26.75 20.05 16.35 18.81
 4654.25 37.88 22.81 23.25 34.98 20.37 20.55 34.11 28.59 26.82 20.13 16.40 18.85
 4655.25 37.73 22.80 23.27 34.89 20.39 20.54 34.20 28.60 26.86 20.18 16.44 18.87
 4656.25 37.50 22.70 23.21 34.71 20.34 20.46 34.21 28.53 26.82 20.15 16.40 18.80
 4657.25 37.31 22.66 23.21 34.59 20.33 20.43 34.24 28.51 26.83 20.17 16.41 18.79
 4658.25 37.19 22.67 23.25 34.52 20.38 20.45 34.25 28.54 26.89 20.25 16.46 18.82
 4659.25 36.83 22.46 23.08 34.23 20.22 20.26 33.98 28.36 26.73 20.11 16.32 18.66
 4660.25 36.47 22.26 22.90 33.93 20.06 20.07 33.70 28.17 26.57 19.98 16.19 18.49
 4661.25 36.22 22.15 22.83 33.74 20.01 19.98 33.53 28.08 26.51 19.94 16.14 18.42
 4662.25 36.17 22.23 22.95 33.75 20.14 20.07 33.56 28.20 26.65 20.08 16.26 18.52
 4663.25 36.14 22.34 23.09 33.78 20.30 20.18 33.61 28.33 26.82 20.25 16.39 18.64
 4664.25 36.25 22.58 23.37 33.96 20.59 20.43 33.80 28.61 27.12 20.55 16.66 18.90
 4665.25 36.32 22.80 23.62 34.10 20.85 20.64 33.96 28.86 27.39 20.81 16.89 19.12
 4666.25 36.14 22.78 23.63 34.00 20.89 20.64 33.88 28.87 27.43 20.86 16.92 19.13
 4667.25 36.10 22.91 23.79 34.05 21.06 20.77 33.95 29.02 27.61 21.04 17.08 19.28
 4668.25 36.28 23.25 24.17 34.32 21.45 21.11 34.24 29.40 28.01 21.44 17.43 19.63
 4669.25 36.12 23.28 24.22 34.24 21.53 21.14 34.19 29.45 28.09 21.52 17.50 19.67
 4670.25 35.65 22.99 23.97 33.83 21.30 20.87 33.83 29.18 27.84 21.31 17.28 19.42
 4671.25 35.07 22.61 23.61 33.31 20.97 20.50 33.36 28.79 27.49 20.99 16.97 19.08
 4672.25 34.65 22.39 23.41 32.96 20.81 20.29 33.06 28.59 27.31 20.83 16.81 18.89
 4673.25 34.37 22.29 23.33 32.75 20.77 20.21 32.89 28.51 27.26 20.80 16.77 18.83
 4674.25 34.39 22.48 23.52 32.83 21.00 20.40 33.02 28.73 27.51 21.04 16.98 19.03
 4675.25 34.30 22.57 23.61 32.81 21.14 20.49 33.04 28.85 27.64 21.19 17.11 19.14
 4676.25 33.92 22.38 23.42 32.49 21.01 20.31 32.77 28.67 27.48 21.06 16.98 18.98
 4677.25 33.69 22.35 23.38 32.33 21.02 20.29 32.67 28.65 27.48 21.09 16.99 18.97
 4678.25 33.52 22.36 23.40 32.23 21.09 20.31 32.61 28.69 27.53 21.17 17.04 19.01
 4679.25 33.45 22.47 23.50 32.22 21.24 20.42 32.66 28.81 27.67 21.33 17.18 19.13
 4680.25 33.46 22.66 23.70 32.30 21.48 20.61 32.79 29.02 27.90 21.57 17.40 19.33
 4681.25 33.25 22.64 23.68 32.16 21.52 20.60 32.70 29.00 27.92 21.62 17.42 19.34
 4682.25 32.95 22.54 23.57 31.94 21.47 20.51 32.52 28.90 27.84 21.58 17.37 19.26
 4683.25 32.66 22.44 23.48 31.71 21.42 20.42 32.35 28.80 27.78 21.54 17.33 19.20
 4684.25 32.31 22.30 23.33 31.44 21.33 20.29 32.13 28.65 27.66 21.46 17.24 19.08
 4685.25 31.99 22.18 23.21 31.19 21.26 20.18 31.93 28.53 27.57 21.40 17.17 18.99
 4686.25 31.80 22.18 23.21 31.07 21.31 20.18 31.86 28.53 27.60 21.46 17.21 19.01
 4687.25 31.86 22.42 23.45 31.20 21.61 20.43 32.05 28.79 27.89 21.76 17.48 19.26
 4688.25 32.12 22.85 23.89 31.53 22.08 20.85 32.43 29.24 28.37 22.24 17.91 19.68
 4689.25 31.95 22.88 23.92 31.44 22.17 20.89 32.39 29.28 28.43 22.34 17.99 19.73
 4690.25 31.31 22.46 23.49 30.87 21.80 20.49 31.88 28.84 28.03 21.97 17.64 19.34
 4691.25 30.90 22.26 23.29 30.54 21.65 20.30 31.59 28.63 27.85 21.84 17.50 19.16
 4692.25 30.86 22.42 23.45 30.57 21.86 20.46 31.69 28.80 28.05 22.05 17.68 19.32
 4693.25 30.82 22.57 23.60 30.61 22.06 20.61 31.78 28.96 28.24 22.26 17.87 19.48
 4694.25 30.58 22.52 23.56 30.43 22.06 20.58 31.66 28.92 28.23 22.28 17.86 19.45
 4695.25 30.53 22.63 23.66 30.41 22.22 20.68 31.69 29.02 28.37 22.44 18.00 19.56
 4696.25 30.45 22.65 23.68 30.30 22.29 20.71 31.64 29.05 28.42 22.51 18.06 19.59
 4697.25 30.17 22.45 23.47 29.96 22.13 20.54 31.35 28.83 28.24 22.37 17.91 19.41
 4698.25 30.02 22.38 23.39 29.75 22.11 20.49 31.19 28.76 28.19 22.35 17.88 19.35
 4699.25 30.01 22.46 23.45 29.68 22.22 20.58 31.19 28.82 28.29 22.48 17.98 19.42
 4700.25 30.02 22.54 23.53 29.63 22.34 20.68 31.19 28.90 28.40 22.62 18.09 19.51
 4701.25 29.96 22.57 23.54 29.51 22.39 20.72 31.13 28.92 28.45 22.70 18.15 19.53
 4702.25 30.02 22.70 23.66 29.51 22.54 20.87 31.20 29.05 28.61 22.90 18.30 19.67
 4703.25 29.85 22.62 23.57 29.28 22.48 20.81 31.06 28.96 28.55 22.87 18.25 19.59
 4704.25 29.79 22.64 23.58 29.16 22.53 20.85 31.05 28.97 28.59 22.96 18.30 19.61
 4705.25 29.75 22.68 23.61 29.06 22.59 20.90 31.06 29.00 28.65 23.05 18.36 19.65
 4706.25 29.40 22.43 23.34 28.68 22.37 20.68 30.77 28.73 28.42 22.86 18.16 19.42
 4707.25 29.21 22.33 23.23 28.49 22.28 20.59 30.62 28.61 28.33 22.82 18.09 19.32
 4708.25 29.38 22.58 23.47 28.69 22.55 20.85 30.85 28.86 28.61 23.13 18.34 19.56
 4709.25 29.27 22.55 23.43 28.61 22.55 20.85 30.80 28.83 28.60 23.16 18.34 19.54
 4710.25 29.17 22.53 23.40 28.54 22.56 20.85 30.75 28.80 28.61 23.20 18.35 19.53
 4711.25 29.13 22.58 23.44 28.53 22.62 20.91 30.76 28.84 28.67 23.30 18.42 19.57
 4712.25 28.96 22.50 23.35 28.40 22.57 20.85 30.64 28.74 28.61 23.28 18.37 19.50
 4713.25 29.06 22.67 23.51 28.52 22.76 21.03 30.79 28.91 28.81 23.51 18.55 19.66
 4714.25 29.16 22.85 23.68 28.65 22.95 21.22 30.94 29.08 29.01 23.74 18.74 19.83
 4715.25 29.20 22.97 23.79 28.73 23.10 21.35 31.03 29.19 29.16 23.92 18.88 19.95
 4716.25 29.04 22.91 23.72 28.61 23.05 21.30 30.93 29.11 29.11 23.91 18.84 19.89
 4717.25 28.79 22.75 23.55 28.39 22.91 21.16 30.73 28.94 28.96 23.81 18.72 19.74
 4718.25 28.56 22.61 23.40 28.19 22.79 21.04 30.54 28.78 28.83 23.72 18.61 19.60
 4719.25 28.28 22.42 23.20 27.94 22.63 20.87 30.31 28.57 28.66 23.59 18.46 19.42
 4720.25 27.95 22.19 22.96 27.64 22.41 20.66 30.03 28.32 28.43 23.41 18.26 19.20
 4721.25 28.06 22.38 23.14 27.79 22.62 20.86 30.20 28.50 28.65 23.65 18.46 19.38
 4722.25 28.38 22.76 23.52 28.13 23.03 21.25 30.57 28.89 29.07 24.10 18.84 19.75
 4723.25 28.40 22.88 23.62 28.20 23.16 21.38 30.65 28.99 29.20 24.26 18.97 19.86
 4724.25 28.24 22.80 23.53 28.06 23.10 21.31 30.53 28.90 29.14 24.24 18.92 19.78
 4725.25 27.73 22.38 23.10 27.56 22.69 20.91 30.05 28.44 28.70 23.86 18.55 19.38
 4726.25 27.38 22.09 22.80 27.21 22.42 20.65 29.71 28.12 28.40 23.63 18.30 19.10
 4727.25 27.49 22.23 22.93 27.30 22.59 20.80 29.83 28.26 28.54 23.82 18.45 19.24
 4728.25 27.87 22.63 23.32 27.66 23.01 21.20 30.21 28.65 28.95 24.28 18.85 19.62
 4729.25 28.15 22.94 23.63 27.93 23.34 21.52 30.50 28.95 29.26 24.65 19.17 19.92
 4730.25 28.11 22.94 23.61 27.87 23.35 21.54 30.46 28.93 29.25 24.71 19.19 19.91
 4731.25 27.86 22.74 23.40 27.60 23.17 21.35 30.20 28.69 29.03 24.55 19.02 19.72
 4732.25 27.54 22.47 23.11 27.26 22.91 21.10 29.88 28.38 28.74 24.33 18.79 19.46
 4733.25 27.30 22.29 22.92 27.01 22.74 20.93 29.64 28.16 28.53 24.19 18.63 19.28
 4734.25 27.14 22.17 22.79 26.83 22.65 20.83 29.48 28.01 28.39 24.12 18.55 19.17
 4735.25 27.25 22.32 22.93 26.93 22.82 20.99 29.60 28.14 28.54 24.33 18.71 19.32
 4736.25 27.33 22.44 23.03 26.99 22.95 21.12 29.68 28.24 28.65 24.50 18.84 19.43
 4737.25 27.45 22.59 23.17 27.09 23.12 21.28 29.80 28.37 28.80 24.70 19.01 19.57
 4738.25 27.50 22.68 23.25 27.12 23.22 21.38 29.85 28.44 28.88 24.84 19.11 19.65
 4739.25 27.24 22.48 23.03 26.85 23.04 21.19 29.59 28.20 28.65 24.69 18.94 19.46
 4740.25 27.28 22.55 23.09 26.86 23.15 21.26 29.63 28.25 28.71 24.81 19.03 19.52
 4741.25 27.63 22.93 23.46 27.19 23.60 21.63 29.98 28.61 29.10 25.25 19.41 19.88
 4742.25 27.67 23.01 23.54 27.22 23.76 21.72 30.03 28.68 29.17 25.38 19.51 19.96
 4743.25 27.48 22.86 23.39 27.01 23.68 21.57 29.84 28.50 29.01 25.28 19.39 19.82
 4744.25 27.37 22.80 23.32 26.88 23.69 21.51 29.73 28.40 28.93 25.27 19.35 19.75
 4745.25 27.36 22.83 23.36 26.86 23.80 21.54 29.73 28.41 28.95 25.35 19.40 19.78
 4746.25 27.33 22.84 23.37 26.82 23.88 21.55 29.70 28.40 28.96 25.41 19.43 19.78
 4747.25 27.02 22.58 23.12 26.50 23.70 21.30 29.40 28.11 28.68 25.20 19.20 19.53
 4748.25 26.89 22.50 23.04 26.35 23.69 21.22 29.30 28.00 28.58 25.16 19.14 19.45
 4749.25 27.25 22.88 23.43 26.69 24.15 21.60 29.70 28.37 28.97 25.60 19.53 19.81
 4750.25 27.33 23.00 23.55 26.76 24.34 21.72 29.83 28.47 29.09 25.78 19.66 19.92
 4751.25 27.09 22.81 23.37 26.51 24.22 21.53 29.64 28.25 28.88 25.64 19.50 19.73
 4752.25 26.90 22.67 23.23 26.31 24.15 21.39 29.49 28.08 28.72 25.55 19.39 19.59
 4753.25 26.88 22.69 23.25 26.27 24.25 21.41 29.52 28.07 28.73 25.63 19.43 19.61
 4754.25 26.89 22.73 23.30 26.26 24.36 21.46 29.57 28.09 28.76 25.73 19.49 19.65
 4755.25 27.08 22.95 23.52 26.42 24.66 21.67 29.80 28.29 28.98 26.02 19.71 19.85
 4756.25 27.14 23.03 23.60 26.45 24.81 21.75 29.88 28.35 29.05 26.16 19.81 19.92
 4757.25 27.15 23.05 23.63 26.41 24.90 21.77 29.91 28.34 29.06 26.24 19.85 19.94
 4758.25 27.25 23.17 23.74 26.47 25.09 21.88 30.03 28.44 29.17 26.41 20.00 20.04
 4759.25 27.17 23.11 23.69 26.35 25.11 21.83 29.97 28.35 29.10 26.42 19.98 19.98
 4760.25 26.97 22.93 23.51 26.11 24.99 21.65 29.79 28.14 28.90 26.29 19.85 19.80
 4761.25 26.94 22.91 23.50 26.03 25.05 21.63 29.77 28.09 28.87 26.33 19.87 19.78
 4762.25 27.10 23.08 23.67 26.15 25.29 21.80 29.95 28.24 29.03 26.56 20.08 19.94
 4763.25 27.19 23.19 23.78 26.20 25.47 21.90 30.06 28.32 29.13 26.73 20.22 20.03
 4764.25 27.01 23.04 23.62 25.98 25.38 21.75 29.90 28.14 28.96 26.63 20.11 19.88
 4765.25 26.98 23.04 23.62 25.91 25.44 21.74 29.90 28.10 28.93 26.67 20.14 19.86
 4766.25 26.99 23.07 23.64 25.87 25.54 21.76 29.92 28.10 28.95 26.76 20.20 19.88
 4767.25 27.05 23.14 23.71 25.88 25.68 21.83 30.00 28.14 29.01 26.88 20.31 19.94
 4768.25 27.14 23.25 23.82 25.93 25.86 21.93 30.11 28.23 29.10 27.05 20.45 20.04
 4769.25 27.17 23.31 23.88 25.92 25.97 21.98 30.16 28.25 29.14 27.16 20.54 20.08
 4770.25 27.05 23.21 23.77 25.76 25.94 21.88 30.06 28.11 29.02 27.11 20.48 19.97
 4771.25 26.70 22.89 23.45 25.36 25.67 21.56 29.72 27.75 28.67 26.83 20.20 19.65
 4772.25 26.68 22.89 23.45 25.30 25.74 21.55 29.72 27.72 28.66 26.88 20.24 19.65
 4773.25 26.70 22.93 23.49 25.28 25.85 21.59 29.76 27.74 28.68 26.98 20.32 19.68
 4774.25 26.55 22.80 23.36 25.08 25.78 21.46 29.62 27.60 28.53 26.90 20.23 19.54
 4775.25 26.42 22.71 23.26 24.92 25.74 21.36 29.52 27.51 28.42 26.85 20.17 19.44
 4776.25 26.33 22.64 23.18 24.78 25.74 21.28 29.44 27.45 28.34 26.83 20.14 19.36
 4777.25 26.46 22.78 23.33 24.86 25.95 21.42 29.59 27.62 28.49 27.03 20.31 19.49
 4778.25 26.34 22.69 23.23 24.70 25.91 21.32 29.49 27.54 28.38 26.98 20.25 19.39
 4779.25 26.29 22.66 23.21 24.60 25.96 21.29 29.46 27.53 28.35 27.01 20.26 19.35
 4780.25 26.49 22.88 23.43 24.76 26.30 21.50 29.68 27.77 28.58 27.28 20.51 19.55
 4781.25 26.50 22.91 23.47 24.73 26.52 21.52 29.71 27.82 28.61 27.37 20.57 19.57
 4782.25 26.19 22.63 23.19 24.41 26.45 21.22 29.42 27.55 28.31 27.13 20.34 19.29
 4783.25 26.09 22.55 23.12 24.30 26.58 21.12 29.33 27.48 28.23 27.10 20.30 19.21
 4784.25 26.16 22.64 23.21 24.35 26.88 21.18 29.42 27.59 28.31 27.24 20.42 19.28
 4785.25 26.39 22.88 23.45 24.57 27.34 21.39 29.67 27.86 28.56 27.54 20.68 19.50
 4786.25 26.53 23.03 23.61 24.69 27.70 21.51 29.83 28.03 28.72 27.75 20.86 19.63
 4787.25 26.59 23.09 23.67 24.72 27.98 21.54 29.89 28.11 28.78 27.86 20.96 19.68
 4788.25 26.59 23.10 23.69 24.69 28.19 21.53 29.90 28.14 28.79 27.92 21.00 19.68
 4789.25 26.60 23.12 23.70 24.68 28.42 21.51 29.91 28.18 28.80 27.99 21.05 19.69
 4790.25 26.77 23.30 23.89 24.83 28.81 21.66 30.10 28.38 28.98 28.23 21.26 19.85
 4791.25 26.69 23.23 23.82 24.72 28.94 21.56 30.02 28.32 28.90 28.20 21.22 19.77
 4792.25 26.35 22.91 23.50 24.37 28.81 21.23 29.68 28.01 28.57 27.92 20.95 19.45
 4793.25 26.24 22.81 23.41 24.23 28.90 21.10 29.56 27.92 28.46 27.87 20.88 19.35
 4794.25 26.40 22.98 23.58 24.37 29.28 21.24 29.72 28.11 28.63 28.10 21.08 19.50
 4795.25 26.43 23.02 23.61 24.37 29.51 21.24 29.74 28.16 28.66 28.18 21.14 19.52
 4796.25 26.46 23.06 23.66 24.38 29.75 21.25 29.76 28.22 28.70 28.27 21.22 19.54
 4797.25 26.59 23.21 23.80 24.48 30.10 21.36 29.89 28.38 28.84 28.46 21.38 19.66
 4798.25 26.56 23.19 23.78 24.42 30.27 21.31 29.84 28.37 28.81 28.49 21.39 19.63
 4799.25 26.69 23.33 23.92 24.53 30.60 21.41 29.97 28.53 28.95 28.68 21.56 19.74
 4800.25 26.84 23.50 24.08 24.66 30.97 21.54 30.12 28.71 29.11 28.89 21.75 19.89
 4801.25 26.92 23.59 24.17 24.71 31.24 21.59 30.18 28.81 29.19 29.03 21.86 19.95
 4802.25 26.92 23.61 24.19 24.69 31.45 21.58 30.18 28.85 29.20 29.09 21.91 19.96
 4803.25 27.00 23.70 24.27 24.74 31.73 21.63 30.25 28.95 29.28 29.23 22.02 20.03
 4804.25 27.14 23.85 24.43 24.86 32.08 21.75 30.39 29.12 29.44 29.43 22.20 20.17
 4805.25 27.19 23.92 24.49 24.88 32.33 21.78 30.43 29.19 29.49 29.54 22.29 20.22
 4806.25 27.33 24.07 24.64 24.99 32.67 21.90 30.56 29.36 29.64 29.75 22.47 20.35
 4807.25 27.42 24.18 24.74 25.06 32.96 21.97 30.65 29.48 29.74 29.90 22.60 20.45
 4808.25 27.49 24.25 24.81 25.10 33.22 22.01 30.70 29.57 29.81 30.03 22.71 20.51
 4809.25 27.43 24.21 24.77 25.01 33.36 21.93 30.64 29.54 29.75 30.03 22.69 20.45
 4810.25 27.32 24.13 24.68 24.89 33.45 21.82 30.53 29.46 29.66 29.99 22.63 20.36
 4811.25 27.32 24.14 24.69 24.86 33.64 21.79 30.51 29.48 29.66 30.05 22.67 20.36
 4812.25 27.32 24.16 24.71 24.84 33.84 21.78 30.51 29.52 29.67 30.12 22.72 20.36
 4813.25 27.26 24.11 24.68 24.75 33.97 21.70 30.44 29.48 29.61 30.11 22.70 20.31
 4814.25 27.21 24.07 24.67 24.67 34.11 21.63 30.38 29.45 29.56 30.12 22.70 20.26
 4815.25 27.17 24.05 24.68 24.61 34.27 21.57 30.33 29.44 29.53 30.15 22.71 20.23
 4816.25 27.03 23.93 24.59 24.45 34.32 21.42 30.18 29.33 29.40 30.07 22.63 20.10
 4817.25 26.92 23.82 24.51 24.30 34.39 21.29 30.05 29.23 29.28 30.01 22.56 19.99
 4818.25 26.92 23.84 24.55 24.28 34.57 21.26 30.04 29.25 29.28 30.06 22.60 19.99
 4819.25 27.02 23.95 24.69 24.37 34.87 21.34 30.13 29.38 29.39 30.22 22.74 20.08
 4820.25 27.02 23.96 24.73 24.37 35.12 21.31 30.12 29.40 29.39 30.28 22.78 20.08
 4821.25 27.02 23.97 24.78 24.38 35.46 21.29 30.11 29.45 29.39 30.34 22.83 20.08
 4822.25 26.91 23.87 24.71 24.28 35.70 21.17 29.99 29.42 29.28 30.29 22.77 19.98
 4823.25 27.04 24.01 24.87 24.41 36.18 21.26 30.10 29.64 29.41 30.47 22.93 20.09
 4824.25 27.43 24.40 25.30 24.80 36.93 21.61 30.48 30.13 29.81 30.92 23.35 20.45
 4825.25 27.44 24.42 25.35 24.81 37.28 21.61 30.48 30.24 29.85 30.99 23.41 20.46
 4826.25 27.20 24.19 25.15 24.58 37.39 21.37 30.22 30.10 29.67 30.80 23.22 20.23
 4827.25 27.22 24.22 25.22 24.61 37.76 21.38 30.23 30.23 29.76 30.88 23.28 20.25
 4828.25 27.29 24.30 25.32 24.69 38.17 21.43 30.29 30.40 29.90 31.01 23.39 20.32
 4829.25 27.19 24.20 25.26 24.59 38.41 21.32 30.17 30.39 29.87 30.96 23.33 20.22
 4830.25 27.29 24.31 25.40 24.70 38.85 21.40 30.26 30.60 30.04 31.12 23.48 20.31
 4831.25 27.54 24.56 25.69 24.96 39.44 21.63 30.51 30.95 30.37 31.43 23.76 20.55
 4832.25 27.56 24.59 25.76 24.99 39.80 21.64 30.52 31.07 30.46 31.51 23.83 20.57
 4833.25 27.50 24.53 25.73 24.93 40.06 21.56 30.44 31.11 30.47 31.50 23.81 20.50
 4834.25 27.22 24.26 25.50 24.66 40.12 21.29 30.15 30.93 30.26 31.28 23.58 20.24
 4835.25 27.16 24.21 25.48 24.61 40.38 21.22 30.07 30.96 30.27 31.27 23.56 20.18
 4836.25 27.49 24.54 25.85 24.95 41.04 21.52 30.40 31.40 30.68 31.67 23.93 20.49
 4837.25 27.63 24.68 26.02 25.08 41.50 21.64 30.52 31.63 30.89 31.86 24.11 20.62
 4838.25 27.43 24.49 25.87 24.90 41.62 21.44 30.29 31.53 30.76 31.71 23.96 20.43
 4839.25 27.30 24.37 25.77 24.77 41.81 21.30 30.13 31.49 30.69 31.63 23.87 20.30
 4840.25 27.42 24.49 25.93 24.90 42.24 21.40 30.22 31.71 30.88 31.81 24.03 20.41
 4841.25 27.50 24.58 26.06 24.99 42.65 21.47 30.28 31.90 31.04 31.96 24.16 20.49
 4842.25 27.49 24.57 26.09 24.98 42.95 21.44 30.24 31.98 31.10 32.00 24.18 20.48
 4843.25 27.24 24.33 25.88 24.74 43.01 21.19 29.95 31.82 30.91 31.80 23.98 20.24
 4844.25 27.26 24.36 25.94 24.77 43.34 21.20 29.95 31.95 31.01 31.88 24.05 20.26
 4845.25 27.47 24.57 26.19 24.98 43.85 21.38 30.13 32.25 31.29 32.14 24.29 20.45
 4846.25 27.52 24.62 26.27 25.03 44.20 21.41 30.14 32.39 31.40 32.24 24.38 20.49
 4847.25 27.34 24.44 26.13 24.86 44.33 21.22 29.93 32.30 31.28 32.11 24.24 20.32
 4848.25 27.24 24.35 26.08 24.76 44.53 21.11 29.79 32.29 31.25 32.06 24.18 20.22
 4849.25 27.58 24.69 26.47 25.11 45.16 21.42 30.10 32.73 31.66 32.46 24.55 20.54
 4850.25 28.00 25.10 26.94 25.52 45.86 21.81 30.49 33.24 32.15 32.93 25.00 20.93
 4851.25 27.97 25.07 26.96 25.49 46.12 21.75 30.42 33.30 32.18 32.95 25.01 20.88
 4852.25 27.78 24.89 26.83 25.31 46.23 21.56 30.20 33.20 32.06 32.81 24.86 20.71
 4853.25 27.76 24.86 26.86 25.29 46.50 21.52 30.14 33.27 32.09 32.83 24.87 20.67
 4854.25 27.91 25.01 27.06 25.44 46.93 21.65 30.26 33.51 32.31 33.04 25.06 20.81
 4855.25 28.30 25.40 27.50 25.83 47.59 22.00 30.62 33.99 32.77 33.48 25.48 21.17
 4856.25 28.75 25.85 28.01 26.29 48.29 22.43 31.04 34.54 33.29 33.98 25.97 21.61
 4857.25 28.75 25.86 28.06 26.30 48.58 22.41 31.00 34.63 33.35 34.02 26.01 21.60
 4858.25 28.54 25.64 27.90 26.10 48.66 22.18 30.75 34.50 33.20 33.83 25.83 21.39
 4859.25 28.67 25.78 28.08 26.25 49.02 22.29 30.85 34.72 33.40 34.00 26.00 21.53
 4860.25 28.92 26.03 28.39 26.51 49.30 22.52 31.07 35.06 33.71 34.28 26.29 21.79
 4861.25 28.85 25.97 28.37 26.46 49.55 22.43 30.96 35.08 33.70 34.24 26.25 21.75
 4862.25 28.02 25.15 27.59 25.65 52.48 21.61 30.09 34.34 32.94 33.44 25.47 20.98
 4863.25 28.07 25.22 27.70 25.72 58.73 21.65 30.11 34.48 33.06 33.53 25.56 21.06
 4864.25 28.77 25.91 28.45 26.43 61.52 22.30 30.78 35.27 33.82 34.26 26.29 21.75
 4865.25 28.89 26.04 28.62 26.57 61.45 22.41 30.87 35.48 34.00 34.42 26.45 21.90
 4866.25 28.76 25.92 28.55 26.46 60.92 22.27 30.70 35.44 33.94 34.32 26.36 21.80
 4867.25 28.73 25.89 28.56 26.44 60.46 22.22 30.63 35.49 33.96 34.31 26.36 21.79
 4868.25 28.68 25.85 28.56 26.41 59.98 22.17 30.55 35.53 33.98 34.30 26.35 21.77
 4869.25 28.56 25.74 28.50 26.31 59.44 22.05 30.40 35.50 33.92 34.21 26.28 21.68
 4870.25 28.31 25.50 28.30 26.08 58.79 21.80 30.11 35.35 33.74 34.00 26.08 21.47
 4871.25 28.37 25.56 28.41 26.15 58.38 21.85 30.13 35.49 33.85 34.08 26.18 21.55
 4872.25 29.02 26.22 29.11 26.81 58.49 22.47 30.75 36.23 34.56 34.76 26.88 22.20
 4873.25 29.35 26.55 29.49 27.16 58.31 22.79 31.04 36.64 34.95 35.12 27.25 22.55
 4874.25 28.99 26.21 29.19 26.82 57.55 22.44 30.65 36.38 34.66 34.80 26.94 22.23
 4875.25 28.69 25.90 28.93 26.53 56.83 22.13 30.31 36.17 34.39 34.52 26.68 21.96
 4876.25 28.62 25.83 28.91 26.47 56.29 22.05 30.19 36.18 34.32 34.48 26.65 21.91
 4877.25 28.63 25.84 28.96 26.48 55.82 22.04 30.16 36.27 34.32 34.51 26.69 21.93
 4878.25 28.46 25.68 28.83 26.33 55.19 21.87 29.95 36.19 34.14 34.36 26.57 21.79
 4879.25 28.46 25.67 28.87 26.33 54.70 21.85 29.90 36.27 34.13 34.38 26.60 21.81
 4880.25 28.27 25.47 28.72 26.14 54.03 21.65 29.66 36.15 33.92 34.21 26.44 21.64
 4881.25 27.91 25.12 28.40 25.80 53.20 21.29 29.25 35.87 33.55 33.87 26.12 21.32
 4882.25 28.00 25.20 28.52 25.89 52.78 21.36 29.29 36.03 33.63 33.98 26.25 21.42
 4883.25 28.20 25.40 28.72 26.10 52.46 21.54 29.45 36.32 33.82 34.20 26.48 21.62
 4884.25 28.12 25.32 28.61 26.02 51.87 21.45 29.32 36.31 33.72 34.14 26.44 21.56
 4885.25 28.18 25.37 28.63 26.08 51.40 21.48 29.32 36.45 33.77 34.21 26.53 21.63
 4886.25 28.20 25.38 28.62 26.11 50.90 21.49 29.29 36.54 33.78 34.25 26.58 21.67
 4887.25 28.29 25.47 28.68 26.20 50.45 21.56 29.32 36.71 33.85 34.36 26.70 21.77
 4888.25 28.31 25.49 28.67 26.24 49.94 21.57 29.30 36.81 33.87 34.41 26.76 21.81
 4889.25 28.24 25.42 28.57 26.17 49.33 21.48 29.17 36.82 33.78 34.35 26.72 21.75
 4890.25 28.39 25.56 28.68 26.32 48.93 21.60 29.27 37.04 33.91 34.52 26.90 21.91
 4891.25 28.43 25.61 28.69 26.37 48.42 21.63 29.26 37.16 33.95 34.59 26.98 21.97
 4892.25 28.59 25.77 28.82 26.53 48.02 21.76 29.37 37.39 34.09 34.76 27.17 22.13
 4893.25 28.64 25.84 28.84 26.58 47.50 21.79 29.36 37.52 34.13 34.83 27.26 22.20
 4894.25 28.52 25.73 28.68 26.44 46.82 21.66 29.19 37.47 33.99 34.73 27.17 22.09
 4895.25 28.52 25.75 28.65 26.40 46.25 21.65 29.13 37.55 33.98 34.75 27.20 22.11
 4896.25 28.38 25.63 28.48 26.21 45.53 21.50 28.94 37.48 33.83 34.63 27.10 21.99
 4897.25 28.22 25.49 28.29 26.00 44.79 21.33 28.73 37.40 33.66 34.49 26.97 21.86
 4898.25 28.26 25.55 28.29 25.99 44.24 21.35 28.71 37.51 33.68 34.54 27.04 21.91
 4899.25 28.46 25.76 28.46 26.14 43.87 21.53 28.86 37.79 33.87 34.76 27.28 22.11
 4900.25 28.80 26.12 28.78 26.44 43.80 21.84 29.16 38.20 34.20 35.13 27.65 22.46
 4901.25 29.05 26.38 28.99 26.63 43.84 22.06 29.35 38.52 34.44 35.39 27.93 22.71
 4902.25 28.83 26.18 28.73 26.36 43.53 21.83 29.07 38.37 34.20 35.19 27.74 22.51
 4903.25 28.82 26.19 28.70 26.31 43.43 21.81 29.02 38.44 34.18 35.20 27.77 22.52
 4904.25 29.18 26.57 29.03 26.62 43.69 22.15 29.33 38.88 34.54 35.59 28.17 22.89
 4905.25 29.13 26.56 28.96 26.53 43.57 22.10 29.25 38.92 34.50 35.58 28.17 22.88
 4906.25 28.73 26.20 28.56 26.12 43.11 21.74 28.83 38.64 34.12 35.23 27.84 22.54
 4907.25 28.70 26.23 28.53 26.08 43.03 21.73 28.80 38.73 34.13 35.27 27.89 22.57
 4908.25 28.89 26.47 28.73 26.25 43.15 21.94 28.98 39.03 34.35 35.52 28.16 22.81
 4909.25 29.04 26.68 28.89 26.39 43.25 22.12 29.12 39.31 34.54 35.73 28.39 23.02
 4910.25 29.13 26.82 28.98 26.47 43.28 22.25 29.21 39.51 34.66 35.87 28.56 23.16
 4911.25 29.11 26.86 28.97 26.44 43.20 22.28 29.18 39.62 34.68 35.90 28.62 23.21
 4912.25 29.06 26.87 28.93 26.38 43.10 22.28 29.13 39.69 34.66 35.90 28.65 23.21
 4913.25 29.00 26.86 28.87 26.31 42.98 22.26 29.06 39.75 34.64 35.89 28.67 23.22
 4914.25 28.93 26.85 28.81 26.23 42.86 22.24 28.98 39.80 34.60 35.86 28.68 23.21
 4915.25 28.77 26.75 28.66 26.06 42.65 22.13 28.82 39.75 34.48 35.75 28.59 23.11
 4916.25 28.55 26.59 28.44 25.83 42.38 21.97 28.59 39.61 34.29 35.58 28.46 22.96
 4917.25 28.49 26.58 28.38 25.76 42.27 21.95 28.53 39.54 34.27 35.57 28.48 22.95
 4918.25 28.61 26.76 28.48 25.87 42.33 22.11 28.64 39.61 34.42 35.74 28.67 23.12
 4919.25 28.97 27.17 28.80 26.21 42.62 22.50 28.99 39.90 34.81 36.14 29.11 23.52
 4920.25 29.42 27.67 29.21 26.65 42.99 22.98 29.43 40.28 35.30 36.64 29.64 24.01
 4921.25 29.57 27.88 29.32 26.79 43.08 23.17 29.58 40.37 35.48 36.83 29.87 24.21
 4922.25 29.52 27.88 29.23 26.72 42.97 23.17 29.52 40.26 35.46 36.83 29.90 24.21
 4923.25 29.42 27.84 29.09 26.61 42.82 23.11 29.41 40.10 35.40 36.78 29.88 24.17
 4924.25 29.62 28.13 29.25 26.81 42.96 23.36 29.61 40.25 35.64 37.03 30.18 24.42
 4925.25 29.57 28.17 29.16 26.74 42.85 23.35 29.55 40.14 35.61 37.03 30.22 24.42
 4926.25 29.32 28.02 28.87 26.48 42.56 23.15 29.30 39.84 35.39 36.83 30.06 24.23
 4927.25 29.44 28.23 28.94 26.58 42.61 23.31 29.41 39.89 35.51 36.99 30.27 24.40
 4928.25 29.38 28.27 28.85 26.52 42.50 23.30 29.36 39.78 35.47 36.98 30.30 24.39
 4929.25 29.30 28.29 28.73 26.43 42.37 23.27 29.31 39.65 35.41 36.96 30.32 24.37
 4930.25 29.22 28.30 28.61 26.33 42.23 23.23 29.24 39.50 35.34 36.92 30.32 24.34
 4931.25 29.24 28.42 28.58 26.35 42.20 23.29 29.28 39.46 35.37 36.99 30.43 24.41
 4932.25 29.18 28.46 28.49 26.29 42.09 23.29 29.24 39.35 35.34 36.99 30.47 24.41
 4933.25 29.05 28.42 28.31 26.16 41.90 23.20 29.13 39.16 35.21 36.90 30.43 24.33
 4934.25 29.32 28.79 28.54 26.44 42.10 23.51 29.42 39.37 35.50 37.22 30.79 24.65
 4935.25 29.54 29.10 28.71 26.65 42.24 23.77 29.65 39.51 35.72 37.48 31.10 24.91
 4936.25 29.39 29.04 28.51 26.50 42.03 23.65 29.51 39.30 35.58 37.37 31.03 24.81
 4937.25 29.29 29.03 28.37 26.40 41.88 23.60 29.43 39.14 35.49 37.32 31.01 24.76
 4938.25 29.24 29.06 28.26 26.34 41.76 23.57 29.38 39.01 35.44 37.30 31.04 24.74
 4939.25 29.19 29.10 28.16 26.28 41.64 23.56 29.34 38.89 35.39 37.29 31.07 24.74
 4940.25 29.60 29.59 28.51 26.68 41.95 24.00 29.76 39.21 35.80 37.72 31.56 25.18
 4941.25 29.66 29.75 28.53 26.74 41.94 24.10 29.83 39.21 35.87 37.83 31.70 25.29
 4942.25 29.52 29.69 28.33 26.59 41.72 23.99 29.69 39.00 35.73 37.72 31.64 25.19
 4943.25 29.47 29.72 28.22 26.54 41.60 23.97 29.65 38.88 35.68 37.71 31.67 25.18
 4944.25 29.39 29.73 28.10 26.46 41.45 23.94 29.59 38.73 35.62 37.68 31.68 25.15
 4945.25 29.38 29.80 28.03 26.43 41.35 23.95 29.58 38.64 35.60 37.70 31.74 25.18
 4946.25 29.47 29.98 28.06 26.52 41.36 24.08 29.68 38.66 35.70 37.83 31.91 25.31
 4947.25 29.63 30.22 28.17 26.67 41.43 24.27 29.85 38.74 35.85 38.02 32.15 25.51
 4948.25 29.47 30.15 27.96 26.51 41.21 24.15 29.70 38.52 35.71 37.91 32.07 25.40
 4949.25 29.25 30.01 27.68 26.28 40.91 23.97 29.49 38.23 35.49 37.73 31.93 25.22
 4950.25 29.17 30.02 27.55 26.19 40.76 23.92 29.42 38.08 35.42 37.69 31.93 25.18
 4951.25 29.29 30.22 27.61 26.30 40.79 24.08 29.54 38.12 35.54 37.85 32.13 25.34
 4952.25 29.38 30.40 27.66 26.39 40.79 24.22 29.64 38.13 35.63 37.97 32.30 25.47
 4953.25 29.31 30.41 27.55 26.31 40.65 24.20 29.58 37.99 35.56 37.94 32.31 25.44
 4954.25 29.26 30.45 27.48 26.26 40.52 24.21 29.54 37.87 35.52 37.93 32.34 25.44
 4955.25 29.30 30.57 27.50 26.29 40.47 24.30 29.59 37.83 35.56 38.01 32.46 25.52
 4956.25 29.42 30.80 27.59 26.40 40.51 24.47 29.72 37.87 35.68 38.17 32.65 25.68
 4957.25 29.35 30.87 27.51 26.33 40.36 24.46 29.66 37.74 35.62 38.14 32.67 25.66
 4958.25 29.49 31.17 27.63 26.46 40.41 24.65 29.81 37.80 35.76 38.31 32.88 25.84
 4959.25 29.46 31.30 27.58 26.43 40.30 24.68 29.79 37.69 35.74 38.33 32.94 25.85
 4960.25 29.00 30.99 27.09 25.96 39.77 24.27 29.34 37.17 35.29 37.91 32.55 25.43
 4961.25 28.81 30.96 26.89 25.77 39.51 24.15 29.16 36.91 35.11 37.76 32.45 25.29
 4962.25 28.86 31.16 26.91 25.80 39.47 24.24 29.21 36.88 35.15 37.82 32.57 25.38
 4963.25 28.85 31.31 26.87 25.79 39.38 24.29 29.21 36.80 35.15 37.82 32.64 25.41
 4964.25 28.67 31.28 26.67 25.60 39.12 24.16 29.04 36.57 34.97 37.66 32.54 25.27
 4965.25 28.49 31.26 26.47 25.41 38.86 24.04 28.87 36.36 34.79 37.49 32.44 25.13
 4966.25 28.60 31.51 26.55 25.51 38.87 24.19 28.97 36.44 34.90 37.59 32.61 25.28
 4967.25 28.57 31.63 26.49 25.47 38.75 24.21 28.95 36.39 34.87 37.57 32.66 25.28
 4968.25 28.36 31.57 26.25 25.25 38.45 24.05 28.74 36.16 34.65 37.36 32.52 25.11
 4969.25 28.44 31.80 26.30 25.33 38.44 24.17 28.82 36.21 34.73 37.44 32.67 25.22
 4970.25 28.62 32.12 26.45 25.52 38.52 24.39 29.00 36.35 34.90 37.62 32.92 25.43
 4971.25 28.69 32.32 26.48 25.60 38.48 24.50 29.06 36.39 34.96 37.68 33.05 25.52
 4972.25 28.52 32.30 26.28 25.46 38.23 24.38 28.90 36.20 34.79 37.52 32.95 25.39
 4973.25 28.42 32.34 26.15 25.37 38.03 24.32 28.81 36.07 34.68 37.42 32.92 25.33
 4974.25 28.63 32.70 26.33 25.60 38.14 24.57 29.05 36.25 34.88 37.63 33.20 25.58
 4975.25 28.77 32.97 26.43 25.76 38.18 24.75 29.21 36.35 35.01 37.76 33.40 25.77
 4976.25 28.69 33.04 26.32 25.70 38.00 24.72 29.15 36.24 34.91 37.68 33.39 25.75
 4977.25 28.66 33.15 26.26 25.69 37.88 24.74 29.15 36.19 34.87 37.66 33.44 25.78
 4978.25 28.70 33.32 26.26 25.74 37.81 24.81 29.21 36.19 34.89 37.69 33.54 25.87
 4979.25 28.81 33.57 26.34 25.87 37.82 24.96 29.35 36.27 34.98 37.79 33.73 26.04
 4980.25 28.97 33.88 26.47 26.05 37.87 25.17 29.54 36.40 35.13 37.96 33.98 26.26
 4981.25 29.01 34.05 26.47 26.10 37.79 25.25 29.60 36.41 35.15 37.99 34.09 26.35
 4982.25 29.08 34.27 26.52 26.20 37.73 25.37 29.70 36.45 35.21 38.06 34.25 26.48
 4983.25 29.40 34.72 26.80 26.53 37.91 25.72 30.04 36.73 35.50 38.37 34.64 26.85
 4984.25 29.73 35.18 27.09 26.88 38.10 26.10 30.39 37.02 35.81 38.69 35.04 27.24
 4985.25 29.72 35.31 27.05 26.89 37.96 26.13 30.41 36.98 35.78 38.68 35.11 27.29
 4986.25 29.59 35.32 26.89 26.78 37.71 26.05 30.30 36.83 35.64 38.55 35.06 27.22
 4987.25 29.43 35.30 26.70 26.63 37.43 25.93 30.17 36.64 35.47 38.40 34.98 27.11
 4988.25 29.09 35.11 26.34 26.31 36.96 25.63 29.85 36.27 35.11 38.06 34.72 26.82
 4989.25 28.93 35.17 26.17 26.18 36.68 25.52 29.72 36.10 34.94 37.91 34.65 26.73
 4990.25 29.06 35.54 26.27 26.32 36.67 25.69 29.87 36.18 35.05 38.03 34.85 26.91
 4991.25 29.05 35.81 26.25 26.33 36.53 25.73 29.89 36.15 35.03 38.03 34.93 26.96
 4992.25 29.08 36.11 26.27 26.38 36.43 25.80 29.95 36.15 35.04 38.06 35.03 27.05
 4993.25 29.00 36.29 26.16 26.31 36.21 25.76 29.89 36.03 34.94 37.97 35.03 27.02
 4994.25 28.97 36.54 26.13 26.31 36.06 25.77 29.89 35.99 34.90 37.95 35.09 27.05
 4995.25 29.09 36.93 26.23 26.45 36.04 25.92 30.04 36.07 35.01 38.07 35.29 27.23
 4996.25 29.03 37.16 26.19 26.44 35.88 25.91 30.03 36.01 34.96 38.04 35.33 27.25
 4997.25 28.96 37.37 26.12 26.41 35.69 25.89 30.01 35.93 34.89 37.99 35.36 27.26
 4998.25 29.01 37.71 26.18 26.50 35.64 26.00 30.11 35.98 34.96 38.07 35.52 27.40
 4999.25 28.98 37.96 26.16 26.51 35.49 26.01 30.13 35.94 34.93 38.06 35.59 27.44
 5000.25 28.96 38.22 26.14 26.53 35.36 26.04 30.16 35.91 34.92 38.06 35.67 27.50
 5001.25 28.94 38.49 26.14 26.57 35.23 26.08 30.19 35.90 34.91 38.07 35.76 27.57
 5002.25 28.88 38.71 26.08 26.54 35.05 26.07 30.18 35.82 34.85 38.03 35.80 27.59
 5003.25 28.94 39.06 26.16 26.65 35.01 26.18 30.29 35.88 34.93 38.12 35.96 27.73
 5004.25 28.96 39.35 26.19 26.72 34.91 26.24 30.35 35.88 34.94 38.15 36.07 27.82
 5005.25 28.78 39.45 26.02 26.58 34.62 26.11 30.21 35.69 34.76 37.99 35.99 27.72
 5006.25 28.70 39.65 25.95 26.54 34.43 26.07 30.17 35.59 34.68 37.92 36.00 27.71
 5007.25 28.82 40.04 26.08 26.68 34.43 26.23 30.33 35.69 34.79 38.05 36.21 27.90
 5008.25 28.76 40.26 26.02 26.63 34.25 26.21 30.31 35.61 34.73 38.00 36.24 27.91
 5009.25 28.69 40.46 25.96 26.57 34.06 26.18 30.28 35.52 34.65 37.94 36.26 27.91
 5010.25 28.59 40.63 25.87 26.48 33.84 26.12 30.22 35.41 34.55 37.85 36.25 27.88
 5011.25 28.58 40.90 25.87 26.49 33.72 26.15 30.25 35.39 34.54 37.86 36.33 27.94
 5012.25 28.68 41.27 25.98 26.60 33.70 26.30 30.39 35.51 34.64 37.97 36.52 28.11
 5013.25 28.87 41.71 26.18 26.80 33.77 26.53 30.62 35.72 34.82 38.17 36.79 28.37
 5014.25 28.96 42.07 26.28 26.91 33.74 26.66 30.75 35.84 34.91 38.27 36.97 28.53
 5015.25 29.04 42.41 26.37 27.00 33.70 26.78 30.87 35.95 34.98 38.38 37.14 28.69
 5016.25 28.92 42.56 26.26 26.90 33.47 26.71 30.79 35.86 34.86 38.29 37.11 28.64
 5017.25 28.71 42.62 26.06 26.70 33.13 26.54 30.62 35.68 34.65 38.11 37.00 28.50
 5018.25 28.77 42.94 26.13 26.77 33.07 26.64 30.71 35.76 34.71 38.20 37.14 28.63
 5019.25 29.05 43.47 26.42 27.07 33.24 26.97 31.02 36.07 34.98 38.50 37.51 28.99
 5020.25 29.00 43.67 26.38 27.03 33.10 26.96 31.00 36.05 34.93 38.48 37.55 29.01
 5021.25 28.78 43.61 26.16 26.82 32.83 26.78 30.80 35.85 34.70 38.28 37.42 28.85
 5022.25 28.86 43.68 26.26 26.92 32.89 26.91 30.91 35.97 34.79 38.40 37.59 29.01
 5023.25 28.99 43.70 26.40 27.06 32.98 27.07 31.07 36.12 34.91 38.55 37.80 29.21
 5024.25 28.98 43.59 26.41 27.07 32.95 27.11 31.09 36.14 34.90 38.57 37.88 29.27
 5025.25 28.91 43.41 26.35 27.01 32.85 27.08 31.04 36.10 34.85 38.53 37.90 29.27
 5026.25 28.94 43.32 26.39 27.05 32.85 27.15 31.10 36.15 34.91 38.58 38.02 29.37
 5027.25 29.06 43.31 26.52 27.17 32.93 27.31 31.23 36.29 35.07 38.71 38.21 29.55
 5028.25 29.18 43.30 26.65 27.30 33.01 27.46 31.38 36.43 35.24 38.85 38.41 29.74
 5029.25 29.28 43.28 26.76 27.41 33.08 27.60 31.50 36.55 35.38 38.97 38.59 29.90
 5030.25 29.07 42.97 26.56 27.21 32.84 27.43 31.31 36.37 35.22 38.79 38.47 29.76
 5031.25 28.83 42.62 26.33 26.98 32.57 27.23 31.10 36.16 35.03 38.58 38.32 29.59
 5032.25 28.77 42.45 26.29 26.94 32.48 27.21 31.06 36.13 35.02 38.55 38.36 29.61
 5033.25 28.74 42.30 26.27 26.92 32.42 27.22 31.06 36.12 35.04 38.55 38.41 29.65
 5034.25 28.57 42.02 26.11 26.76 32.21 27.09 30.91 35.98 34.92 38.41 38.33 29.55
 5035.25 28.46 41.80 26.01 26.66 32.07 27.02 30.82 35.90 34.86 38.32 38.32 29.52
 5036.25 28.60 41.81 26.16 26.81 32.17 27.22 30.98 36.05 35.04 38.48 38.53 29.73
 5037.25 28.79 41.87 26.36 27.01 32.33 27.49 31.20 36.26 35.27 38.69 38.81 29.99
 5038.25 28.60 41.57 26.18 26.83 32.11 27.40 31.03 36.10 35.13 38.53 38.71 29.88
 5039.25 28.39 41.25 25.99 26.63 31.87 27.29 30.85 35.93 34.98 38.36 38.60 29.75
 5040.25 28.52 41.25 26.13 26.77 31.96 27.51 31.00 36.08 35.15 38.50 38.81 29.95
 5041.25 28.61 41.21 26.23 26.87 32.02 27.70 31.12 36.19 35.28 38.62 38.99 30.11
 5042.25 28.75 41.22 26.38 27.02 32.12 27.94 31.28 36.35 35.46 38.77 39.20 30.32
 5043.25 28.83 41.17 26.48 27.12 32.17 28.12 31.39 36.45 35.59 38.87 39.37 30.48
 5044.25 28.47 40.71 26.12 26.77 31.78 27.86 31.05 36.12 35.28 38.55 39.11 30.19
 5045.25 28.28 40.39 25.94 26.58 31.55 27.76 30.88 35.96 35.14 38.38 39.01 30.07
 5046.25 28.24 40.24 25.92 26.56 31.49 27.82 30.87 35.95 35.15 38.38 39.06 30.11
 5047.25 28.09 39.96 25.78 26.43 31.30 27.77 30.74 35.83 35.05 38.25 39.00 30.03
 5048.25 28.03 39.78 25.73 26.38 31.20 27.81 30.70 35.79 35.03 38.22 39.03 30.05
 5049.25 28.16 39.77 25.87 26.52 31.30 28.03 30.85 35.94 35.20 38.36 39.23 30.24
 5050.25 28.26 39.75 25.99 26.64 31.37 28.23 30.98 36.07 35.35 38.49 39.42 30.42
 5051.25 28.19 39.55 25.92 26.57 31.26 28.25 30.93 36.02 35.33 38.44 39.43 30.42
 5052.25 28.13 39.36 25.87 26.52 31.16 28.29 30.89 35.98 35.31 38.40 39.46 30.43
 5053.25 28.21 39.31 25.97 26.62 31.21 28.47 31.00 36.09 35.44 38.51 39.63 30.59
 5054.25 28.14 39.10 25.91 26.57 31.11 28.49 30.96 36.04 35.42 38.46 39.64 30.59
 5055.25 28.10 38.89 25.87 26.52 31.02 28.54 30.92 36.01 35.41 38.44 39.68 30.61
 5056.25 28.04 38.66 25.81 26.46 30.91 28.56 30.88 35.97 35.39 38.39 39.69 30.61
 5057.25 28.03 38.49 25.80 26.46 30.85 28.63 30.88 35.97 35.41 38.39 39.76 30.66
 5058.25 28.06 38.34 25.83 26.48 30.83 28.74 30.91 36.01 35.47 38.43 39.85 30.75
 5059.25 28.02 38.13 25.80 26.44 30.74 28.78 30.88 35.97 35.46 38.40 39.88 30.76
 5060.25 28.01 37.94 25.79 26.42 30.67 28.84 30.87 35.95 35.48 38.39 39.94 30.80
 5061.25 28.13 37.88 25.91 26.53 30.74 29.04 31.00 36.06 35.62 38.51 40.12 30.98
 5062.25 28.13 37.70 25.92 26.53 30.70 29.12 31.01 36.05 35.66 38.53 40.19 31.04
 5063.25 28.09 37.48 25.88 26.48 30.61 29.15 30.95 36.01 35.64 38.49 40.22 31.05
 5064.25 28.14 37.35 25.93 26.52 30.60 29.27 30.98 36.04 35.72 38.54 40.33 31.15
 5065.25 28.36 37.39 26.16 26.74 30.78 29.58 31.19 36.25 35.97 38.77 40.62 31.43
 5066.25 28.62 37.46 26.43 27.00 30.99 29.92 31.43 36.50 36.25 39.05 40.93 31.74
 5067.25 28.53 37.19 26.34 26.91 30.85 29.90 31.32 36.41 36.19 39.03 40.91 31.71
 5068.25 28.47 36.95 26.29 26.84 30.74 29.92 31.24 36.34 36.16 39.06 40.92 31.70
 5069.25 28.54 36.83 26.36 26.91 30.76 30.06 31.29 36.40 36.26 39.21 41.06 31.82
 5070.25 28.56 36.67 26.39 26.92 30.73 30.16 31.29 36.41 36.31 39.31 41.14 31.90
 5071.25 28.39 36.31 26.22 26.74 30.51 30.06 31.10 36.24 36.17 39.24 41.05 31.78
 5072.25 28.38 36.12 26.22 26.73 30.45 30.13 31.07 36.22 36.19 39.31 41.11 31.83
 5073.25 28.60 36.14 26.44 26.94 30.61 30.42 31.26 36.42 36.43 39.60 41.38 32.09
 5074.25 28.60 35.96 26.45 26.94 30.57 30.50 31.25 36.42 36.47 39.70 41.45 32.15
 5075.25 28.59 35.76 26.45 26.93 30.51 30.57 31.22 36.40 36.52 39.77 41.51 32.20
 5076.25 28.65 35.62 26.50 26.97 30.51 30.69 31.25 36.45 36.67 39.91 41.62 32.30
 5077.25 28.55 35.34 26.41 26.87 30.37 30.67 31.14 36.35 36.69 39.90 41.60 32.26
 5078.25 28.36 34.95 26.23 26.68 30.12 30.57 30.93 36.15 36.61 39.80 41.49 32.12
 5079.25 28.19 34.60 26.06 26.51 29.91 30.56 30.74 35.98 36.56 39.73 41.40 32.01
 5080.25 28.31 34.52 26.19 26.62 29.97 30.88 30.84 36.09 36.79 39.93 41.57 32.18
 5081.25 28.52 34.53 26.40 26.83 30.13 31.32 31.03 36.28 37.10 40.21 41.83 32.44
 5082.25 28.44 34.26 26.33 26.76 30.00 31.47 30.93 36.21 37.15 40.22 41.83 32.42
 5083.25 28.25 33.87 26.15 26.58 29.76 31.50 30.72 36.01 37.07 40.13 41.72 32.29
 5084.25 28.20 33.62 26.10 26.53 29.65 31.67 30.65 35.95 37.13 40.16 41.73 32.28
 5085.25 28.32 33.53 26.21 26.66 29.72 32.00 30.74 36.06 37.35 40.35 41.91 32.45
 5086.25 28.28 33.32 26.17 26.62 29.62 32.17 30.68 36.00 37.42 40.39 41.93 32.46
 5087.25 28.22 33.14 26.11 26.56 29.49 32.32 30.59 35.93 37.46 40.41 41.93 32.44
 5088.25 28.17 33.01 26.05 26.51 29.39 32.48 30.51 35.86 37.52 40.44 41.93 32.44
 5089.25 28.14 32.89 26.02 26.48 29.29 32.66 30.45 35.81 37.59 40.48 41.94 32.45
 5090.25 28.12 32.79 25.99 26.46 29.21 32.84 30.40 35.78 37.67 40.54 41.96 32.49
 5091.25 27.99 32.58 25.85 26.33 29.01 32.91 30.23 35.63 37.64 40.48 41.87 32.40
 5092.25 28.00 32.50 25.85 26.33 28.95 33.12 30.21 35.62 37.74 40.56 41.91 32.46
 5093.25 28.03 32.45 25.88 26.37 28.92 33.36 30.21 35.63 37.88 40.67 41.98 32.55
 5094.25 27.95 32.28 25.80 26.29 28.78 33.48 30.10 35.54 37.90 40.67 41.94 32.52
 5095.25 27.95 32.19 25.79 26.28 28.71 33.67 30.06 35.51 37.99 40.73 41.97 32.57
 5096.25 28.04 32.19 25.87 26.37 28.73 33.95 30.12 35.58 38.17 40.89 42.09 32.71
 5097.25 28.16 32.22 25.98 26.48 28.79 34.27 30.21 35.68 38.39 41.08 42.24 32.88
 5098.25 28.40 32.38 26.22 26.72 28.96 34.70 30.42 35.90 38.72 41.38 42.50 33.17
 5099.25 28.55 32.44 26.36 26.87 29.05 35.04 30.53 36.02 38.96 41.59 42.68 33.37
 5100.25 28.64 32.45 26.46 26.97 29.09 35.33 30.60 36.10 39.15 41.75 42.80 33.51
 5101.25 28.55 32.26 26.35 26.87 28.96 35.43 30.47 35.99 39.15 41.73 42.75 33.47
 5102.25 28.38 32.01 26.18 26.70 28.76 35.46 30.27 35.81 39.09 41.65 42.63 33.35
 5103.25 28.31 31.86 26.11 26.63 28.66 35.58 30.17 35.72 39.12 41.65 42.60 33.34
 5104.25 28.36 31.81 26.15 26.68 28.68 35.81 30.19 35.74 39.25 41.77 42.68 33.43
 5105.25 28.49 31.86 26.28 26.81 28.78 36.13 30.29 35.85 39.48 41.96 42.84 33.61
 5106.25 28.50 31.78 26.29 26.82 28.76 36.33 30.27 35.84 39.58 42.04 42.88 33.67
 5107.25 28.56 31.75 26.34 26.88 28.79 36.57 30.29 35.86 39.73 42.16 42.97 33.78
 5108.25 28.77 31.87 26.54 27.09 28.97 36.95 30.47 36.03 40.02 42.42 43.19 34.03
 5109.25 28.99 32.00 26.76 27.31 29.16 37.34 30.67 36.20 40.31 42.69 43.42 34.29
 5110.25 28.92 31.84 26.69 27.24 29.06 37.46 30.58 36.10 40.34 42.70 43.39 34.27
 5111.25 29.01 31.84 26.77 27.32 29.11 37.72 30.64 36.14 40.51 42.84 43.50 34.40
 5112.25 28.97 31.71 26.73 27.28 29.05 37.87 30.59 36.07 40.57 42.88 43.50 34.42
 5113.25 28.67 31.32 26.42 26.98 28.71 37.75 30.26 35.73 40.37 42.66 43.25 34.17
 5114.25 28.55 31.11 26.29 26.85 28.55 37.81 30.12 35.57 40.34 42.61 43.17 34.09
 5115.25 28.67 31.14 26.41 26.97 28.64 38.10 30.22 35.65 40.54 42.78 43.31 34.25
 5116.25 28.79 31.16 26.52 27.09 28.73 38.39 30.31 35.72 40.74 42.96 43.44 34.41
 5117.25 28.83 31.10 26.55 27.12 28.73 38.59 30.32 35.72 40.86 43.05 43.51 34.49
 5118.25 28.68 30.87 26.39 26.97 28.55 38.62 30.15 35.53 40.81 42.97 43.40 34.39
 5119.25 28.54 30.66 26.24 26.83 28.37 38.66 29.99 35.35 40.76 42.86 43.29 34.29
 5120.25 28.52 30.58 26.21 26.81 28.32 38.81 29.94 35.28 40.82 42.84 43.30 34.31
 5121.25 28.59 30.60 26.27 26.88 28.35 39.09 29.98 35.30 40.97 42.90 43.39 34.42
 5122.25 28.65 30.61 26.32 26.93 28.37 39.43 30.01 35.31 41.10 42.94 43.46 34.52
 5123.25 28.64 30.55 26.29 26.92 28.32 39.75 29.97 35.25 41.17 42.92 43.48 34.54
 5124.25 28.70 30.56 26.35 26.98 28.35 40.15 30.01 35.28 41.32 42.97 43.56 34.65
 5125.25 28.80 30.61 26.44 27.08 28.41 40.58 30.08 35.33 41.49 43.05 43.68 34.79
 5126.25 28.85 30.61 26.47 27.12 28.41 40.95 30.09 35.32 41.62 43.08 43.75 34.87
 5127.25 28.85 30.56 26.46 27.12 28.38 41.27 30.07 35.28 41.71 43.07 43.77 34.91
 5128.25 28.77 30.44 26.39 27.05 28.27 41.53 29.97 35.16 41.72 42.99 43.73 34.88
 5129.25 28.75 30.36 26.35 27.02 28.20 41.82 29.91 35.09 41.78 42.95 43.72 34.89
 5130.25 28.79 30.35 26.39 27.06 28.20 42.18 29.92 35.08 41.90 42.98 43.78 34.97
 5131.25 28.69 30.20 26.29 26.97 28.07 42.40 29.80 34.94 41.90 42.88 43.72 34.91
 5132.25 28.42 29.88 26.02 26.69 27.76 42.46 29.50 34.63 41.72 42.61 43.49 34.68
 5133.25 28.32 29.74 25.92 26.60 27.63 42.68 29.38 34.49 41.72 42.51 43.42 34.63
 5134.25 28.33 29.70 25.92 26.61 27.60 43.00 29.36 34.45 41.81 42.50 43.45 34.67
 5135.25 28.38 29.69 25.96 26.65 27.61 43.34 29.38 34.45 41.93 42.53 43.52 34.75
 5136.25 28.29 29.55 25.87 26.56 27.48 43.56 29.26 34.31 41.93 42.44 43.45 34.70
 5137.25 28.33 29.55 25.91 26.61 27.49 43.91 29.28 34.31 42.06 42.47 43.52 34.79
 5138.25 28.55 29.72 26.13 26.83 27.67 44.42 29.47 34.48 42.35 42.66 43.75 35.04
 5139.25 28.60 29.71 26.17 26.87 27.68 44.75 29.49 34.48 42.47 42.69 43.81 35.12
 5140.25 28.78 29.84 26.34 27.05 27.84 45.21 29.64 34.61 42.72 42.85 44.00 35.34
 5141.25 28.92 29.93 26.48 27.19 27.97 45.64 29.75 34.70 42.94 42.97 44.15 35.51
 5142.25 28.55 29.51 26.11 26.82 27.60 45.59 29.36 34.29 42.67 42.61 43.83 35.19
 5143.25 28.59 29.50 26.14 26.86 27.64 45.92 29.37 34.29 42.79 42.64 43.88 35.27
 5144.25 28.79 29.65 26.34 27.06 27.84 46.39 29.55 34.44 43.06 42.82 44.07 35.50
 5145.25 28.73 29.54 26.28 27.00 27.78 46.62 29.46 34.34 43.09 42.75 44.02 35.48
 5146.25 28.73 29.49 26.28 27.00 27.78 46.91 29.43 34.29 43.17 42.74 44.02 35.53
 5147.25 28.81 29.52 26.36 27.08 27.86 47.26 29.49 34.33 43.33 42.81 44.10 35.65
 5148.25 28.82 29.49 26.37 27.10 27.88 47.56 29.47 34.30 43.42 42.81 44.12 35.72
 5149.25 28.85 29.47 26.40 27.13 27.91 47.87 29.48 34.29 43.54 42.83 44.16 35.81
 5150.25 28.91 29.50 26.47 27.21 27.98 48.21 29.53 34.31 43.69 42.89 44.23 35.93
 5151.25 28.96 29.51 26.52 27.26 28.03 48.54 29.55 34.32 43.81 42.93 44.28 36.03
 5152.25 28.98 29.50 26.54 27.28 28.06 48.83 29.55 34.29 43.92 42.94 44.30 36.11
 5153.25 29.01 29.51 26.57 27.32 28.09 49.14 29.57 34.29 44.03 42.96 44.34 36.19
 5154.25 29.01 29.48 26.56 27.32 28.09 49.40 29.55 34.23 44.11 42.95 44.34 36.24
 5155.25 29.06 29.52 26.62 27.37 28.15 49.73 29.60 34.24 44.24 42.99 44.40 36.35
 5156.25 29.08 29.51 26.64 27.41 28.17 50.01 29.60 34.21 44.34 43.00 44.42 36.42
 5157.25 29.09 29.51 26.65 27.45 28.19 50.29 29.61 34.18 44.44 43.01 44.44 36.49
 5158.25 29.07 29.47 26.64 27.46 28.17 50.55 29.58 34.11 44.50 42.98 44.43 36.53
 5159.25 29.05 29.42 26.61 27.48 28.15 50.79 29.54 34.04 44.56 42.95 44.41 36.56
 5160.25 29.08 29.44 26.64 27.55 28.19 51.09 29.57 34.02 44.67 42.98 44.45 36.64
 5161.25 29.16 29.50 26.73 27.66 28.27 51.42 29.64 34.06 44.83 43.05 44.53 36.78
 5162.25 29.15 29.47 26.72 27.69 28.27 51.67 29.62 34.00 44.90 43.03 44.53 36.82
 5163.25 29.21 29.51 26.78 27.79 28.33 51.91 29.67 34.01 45.04 43.08 44.59 36.93
 5164.25 29.30 29.58 26.88 27.92 28.43 51.98 29.75 34.06 45.21 43.16 44.69 37.08
 5165.25 29.21 29.46 26.80 27.86 28.34 52.54 29.65 33.91 45.20 43.06 44.60 37.04
 5166.25 29.13 29.36 26.72 27.81 28.26 57.87 29.55 33.79 45.20 42.98 44.54 37.01
 5167.25 29.18 29.39 26.78 27.90 28.31 65.53 29.59 33.79 45.33 43.02 44.59 37.12
 5168.25 29.72 29.92 27.33 28.48 28.86 68.24 30.13 34.28 45.91 43.52 45.09 37.69
 5169.25 29.95 30.13 27.57 28.75 29.10 68.20 30.35 34.45 46.19 43.72 45.31 37.97
 5170.25 29.69 29.84 27.32 28.52 28.84 67.58 30.08 34.15 46.04 43.47 45.08 37.77
 5171.25 29.37 29.51 27.01 28.24 28.52 66.91 29.75 33.79 45.83 43.17 44.80 37.52
 5172.25 29.42 29.53 27.06 28.32 28.57 66.50 29.79 33.79 45.95 43.18 44.84 37.61
 5173.25 30.03 30.12 27.68 28.97 29.19 66.51 30.38 34.34 46.57 43.71 45.40 38.25
 5174.25 30.27 30.35 27.93 29.25 29.44 66.24 30.62 34.53 46.86 43.91 45.63 38.54
 5175.25 29.68 29.73 27.34 28.69 28.85 65.36 30.02 33.90 46.34 43.34 45.10 38.03
 5176.25 29.08 29.12 26.75 28.13 28.26 64.45 29.41 33.27 45.73 42.75 44.56 37.50
 5177.25 28.90 28.92 26.58 27.99 28.08 63.85 29.22 33.04 45.47 42.55 44.40 37.38
 5178.25 28.89 28.90 26.59 28.03 28.08 63.39 29.21 32.99 45.36 42.52 44.41 37.43
 5179.25 28.91 28.90 26.62 28.09 28.11 62.94 29.23 32.97 45.28 42.51 44.44 37.51
 5180.25 28.97 28.94 26.69 28.19 28.18 62.53 29.28 32.98 45.23 42.54 44.50 37.62
 5181.25 29.03 28.98 26.76 28.28 28.26 62.10 29.33 33.00 45.18 42.57 44.57 37.73
 5182.25 29.10 29.04 26.84 28.39 28.35 61.69 29.39 33.02 45.15 42.61 44.64 37.86
 5183.25 29.33 29.25 27.08 28.66 28.61 61.39 29.62 33.21 45.25 42.80 44.86 38.13
 5184.25 30.00 29.91 27.77 29.37 29.30 61.44 30.28 33.82 45.76 43.39 45.48 38.83
 5185.25 30.44 30.35 28.23 29.86 29.76 61.29 30.72 34.21 46.05 43.76 45.89 39.30
 5186.25 29.95 29.86 27.75 29.41 29.30 60.44 30.22 33.69 45.52 43.30 45.46 38.90
 5187.25 29.39 29.29 27.19 28.88 28.75 59.49 29.65 33.09 44.90 42.74 44.95 38.41
 5188.25 28.69 28.59 26.51 28.23 28.08 58.42 28.95 32.35 44.15 42.06 44.32 37.79
 5189.25 28.41 28.30 26.24 27.98 27.81 57.67 28.66 32.02 43.77 41.75 44.05 37.56
 5190.25 28.78 28.67 26.62 28.40 28.21 57.49 29.03 32.35 44.02 42.09 44.42 37.98
 5191.25 28.71 28.59 26.56 28.37 28.16 56.91 28.95 32.24 43.85 41.99 44.36 37.97
 5192.25 29.02 28.90 26.88 28.72 28.49 56.66 29.26 32.50 44.04 42.26 44.66 38.32
 5193.25 29.62 29.49 27.49 29.35 29.11 56.64 29.85 33.05 44.49 42.79 45.22 38.95
 5194.25 29.82 29.70 27.71 29.61 29.34 56.29 30.05 33.21 44.57 42.96 45.42 39.20
 5195.25 29.55 29.42 27.45 29.39 29.09 55.53 29.76 32.89 44.21 42.67 45.17 38.99
 5196.25 29.61 29.47 27.52 29.51 29.17 55.05 29.82 32.91 44.17 42.70 45.24 39.10
 5197.25 29.32 29.18 27.24 29.28 28.91 54.27 29.53 32.58 43.80 42.40 44.98 38.88
 5198.25 25.55 25.40 23.53 25.56 25.16 50.06 25.75 28.70 39.86 38.54 41.15 35.07
 5199.25 21.04 20.91 19.21 21.10 20.71 44.21 21.24 23.93 34.56 33.34 35.91 30.07
 5200.25 23.17 23.03 21.25 23.29 22.84 46.30 23.40 26.14 37.02 35.85 38.47 32.58
 5201.25 23.92 23.77 21.97 24.09 23.61 46.63 24.16 26.90 37.79 36.70 39.33 33.49
 5202.25 24.37 24.21 22.41 24.59 24.07 46.55 24.62 27.34 38.18 37.16 39.81 34.03
 5203.25 27.68 27.51 25.65 27.97 27.39 49.41 27.95 30.72 41.57 40.64 43.28 37.58
 5204.25 28.14 27.97 26.11 28.49 27.88 49.27 28.43 31.17 41.93 41.07 43.72 38.10
 5205.25 28.74 28.56 26.71 29.14 28.49 49.24 29.04 31.74 42.39 41.62 44.26 38.75
 5206.25 29.62 29.43 27.59 30.06 29.39 49.58 29.92 32.59 43.11 42.42 45.05 39.66
 5207.25 29.81 29.61 27.78 30.31 29.59 49.52 30.12 32.76 43.18 42.57 45.20 39.90
 5208.25 29.65 29.44 27.62 30.19 29.44 49.28 29.97 32.58 42.93 42.39 45.03 39.81
 5209.25 29.51 29.28 27.47 30.09 29.31 49.06 29.84 32.42 42.68 42.23 44.87 39.74
 5210.25 29.34 29.10 27.31 29.98 29.16 48.83 29.69 32.24 42.43 42.05 44.71 39.65
 5211.25 29.28 29.02 27.24 29.96 29.11 48.68 29.63 32.15 42.26 41.96 44.62 39.65
 5212.25 29.19 28.92 27.15 29.91 29.03 48.52 29.55 32.05 42.07 41.85 44.52 39.63
 5213.25 29.14 28.85 27.09 29.91 28.99 48.38 29.52 31.98 41.92 41.78 44.45 39.64
 5214.25 29.10 28.80 27.05 29.92 28.97 48.26 29.49 31.92 41.78 41.71 44.40 39.67
 5215.25 29.11 28.81 27.07 29.98 29.00 48.19 29.52 31.92 41.69 41.71 44.39 39.75
 5216.25 29.31 28.99 27.27 30.23 29.21 48.29 29.73 32.10 41.77 41.87 44.56 40.01
 5217.25 29.40 29.07 27.35 30.36 29.31 48.27 29.83 32.17 41.75 41.92 44.62 40.15
 5218.25 29.08 28.74 27.03 30.09 29.00 47.90 29.52 31.84 41.34 41.60 44.30 39.92
 5219.25 28.96 28.62 26.91 30.01 28.89 47.70 29.42 31.70 41.12 41.46 44.17 39.86
 5220.25 29.02 28.67 26.97 30.12 28.94 47.67 29.49 31.74 41.07 41.49 44.21 39.99
 5221.25 28.98 28.62 26.92 30.12 28.87 47.54 29.46 31.68 40.92 41.42 44.15 40.01
 5222.25 29.06 28.69 27.01 30.25 28.92 47.53 29.56 31.75 40.90 41.48 44.21 40.16
 5223.25 29.14 28.76 27.08 30.37 28.95 47.51 29.64 31.80 40.86 41.52 44.25 40.29
 5224.25 28.87 28.49 26.81 30.15 28.64 47.18 29.39 31.52 40.50 41.23 43.98 40.10
 5225.25 28.12 27.72 26.06 29.44 27.85 46.37 28.64 30.74 39.67 40.46 43.23 39.42
 5226.25 28.56 28.16 26.50 29.93 28.25 46.70 29.10 31.17 40.05 40.86 43.64 39.92
 5227.25 29.48 29.07 27.42 30.90 29.13 47.47 30.04 32.08 40.89 41.71 44.50 40.87
 5228.25 29.81 29.40 27.75 31.28 29.42 47.68 30.38 32.39 41.16 41.99 44.78 41.25
 5229.25 29.69 29.26 27.62 31.20 29.26 47.48 30.27 32.25 40.99 41.83 44.65 41.20
 5230.25 29.48 29.05 27.41 31.03 29.01 47.20 30.07 32.02 40.75 41.60 44.44 41.06
 5231.25 29.46 29.02 27.39 31.04 28.94 47.09 30.06 31.98 40.67 41.54 44.39 41.10
 5232.25 29.26 28.81 27.18 30.83 28.70 46.82 29.87 31.76 40.43 41.31 44.18 40.97
 5233.25 29.05 28.59 26.98 30.60 28.45 46.54 29.67 31.54 40.18 41.08 43.97 40.84
 5234.25 29.54 29.08 27.48 31.07 28.91 46.90 30.18 32.01 40.61 41.52 44.41 41.37
 5235.25 29.83 29.37 27.77 31.34 29.16 47.08 30.49 32.29 40.84 41.76 44.67 41.71
 5236.25 29.68 29.22 27.64 31.18 28.98 46.87 30.37 32.14 40.67 41.60 44.52 41.65
 5237.25 29.64 29.18 27.61 31.12 28.91 46.75 30.34 32.09 40.59 41.53 44.47 41.68
 5238.25 29.61 29.16 27.60 31.09 28.85 46.65 30.35 32.06 40.53 41.48 44.44 41.73
 5239.25 28.92 28.48 26.94 30.39 28.14 45.94 29.69 31.37 39.83 40.80 43.79 41.15
 5240.25 28.11 27.68 26.15 29.58 27.31 45.09 28.90 30.56 39.00 39.99 43.01 40.44
 5241.25 29.04 28.62 27.09 30.50 28.21 45.90 29.86 31.48 39.88 40.88 43.89 41.42
 5242.25 29.65 29.23 27.72 31.09 28.79 46.38 30.50 32.09 40.43 41.43 44.46 42.08
 5243.25 29.71 29.30 27.80 31.15 28.83 46.36 30.60 32.15 40.46 41.47 44.51 42.21
 5244.25 29.87 29.46 27.98 31.30 28.96 46.43 30.81 32.30 40.57 41.60 44.65 42.44
 5245.25 30.00 29.60 28.13 31.42 29.07 46.47 30.99 32.43 40.66 41.70 44.77 42.64
 5246.25 29.95 29.56 28.10 31.36 28.99 46.35 30.99 32.38 40.58 41.64 44.72 42.67
 5247.25 29.87 29.49 28.03 31.27 28.88 46.20 30.96 32.29 40.47 41.54 44.64 42.67
 5248.25 29.88 29.50 28.06 31.27 28.86 46.13 31.01 32.30 40.44 41.52 44.64 42.75
 5249.25 29.79 29.43 28.00 31.18 28.75 45.97 30.98 32.23 40.33 41.42 44.56 42.75
 5250.25 29.54 29.19 27.76 30.92 28.47 45.66 30.78 32.00 40.06 41.16 44.32 42.59
 5251.25 29.35 29.00 27.59 30.72 28.26 45.39 30.63 31.83 39.84 40.96 44.13 42.48
 5252.25 29.54 29.21 27.80 30.90 28.42 45.48 30.87 32.05 39.99 41.12 44.31 42.74
 5253.25 29.56 29.24 27.84 30.92 28.42 45.42 30.95 32.10 39.98 41.12 44.34 42.83
 5254.25 29.48 29.18 27.78 30.83 28.31 45.26 30.92 32.04 39.87 41.03 44.27 42.83
 5255.25 29.40 29.10 27.72 30.73 28.20 45.09 30.88 31.98 39.75 40.92 44.20 42.83
 5256.25 29.05 28.76 27.38 30.37 27.83 44.67 30.58 31.65 39.38 40.56 43.89 42.57
 5257.25 28.11 27.84 26.47 29.43 26.86 43.69 29.69 30.74 38.42 39.62 43.00 41.74
 5258.25 28.23 27.96 26.60 29.53 26.95 43.71 29.85 30.88 38.50 39.72 43.12 41.93
 5259.25 28.99 28.74 27.39 30.29 27.69 44.36 30.67 31.67 39.22 40.45 43.87 42.75
 5260.25 29.17 28.93 27.58 30.46 27.84 44.43 30.89 31.87 39.36 40.59 44.05 42.99
 5261.25 29.12 28.89 27.55 30.40 27.78 44.30 30.90 31.84 39.28 40.53 44.01 43.02
 5262.25 29.19 28.97 27.64 30.47 27.85 44.28 31.02 31.94 39.31 40.58 44.09 43.16
 5263.25 29.47 29.26 27.94 30.73 28.11 44.44 31.34 32.24 39.54 40.82 44.36 43.50
 5264.25 29.67 29.48 28.16 30.93 28.30 44.54 31.59 32.47 39.71 40.99 44.56 43.77
 5265.25 29.81 29.63 28.32 31.06 28.43 44.59 31.78 32.63 39.81 41.10 44.71 43.98
 5266.25 29.86 29.70 28.40 31.11 28.48 44.55 31.89 32.71 39.83 41.14 44.77 44.11
 5267.25 29.91 29.77 28.48 31.16 28.53 44.51 31.99 32.79 39.85 41.17 44.83 44.24
 5268.25 29.81 29.69 28.42 31.06 28.43 44.34 31.95 32.73 39.73 41.07 44.77 44.24
 5269.25 29.61 29.51 28.27 30.83 28.22 44.08 31.81 32.56 39.51 40.86 44.60 44.14
 5270.25 29.82 29.73 28.52 31.00 28.42 44.18 32.07 32.79 39.68 41.04 44.81 44.41
 5271.25 29.97 29.90 28.72 31.10 28.57 44.23 32.27 32.97 39.80 41.17 44.96 44.64
 5272.25 29.51 29.46 28.30 30.60 28.11 43.73 31.87 32.55 39.33 40.72 44.56 44.30
 5273.25 29.22 29.20 28.07 30.27 27.82 43.38 31.65 32.30 39.04 40.44 44.32 44.13
 5274.25 29.30 29.30 28.19 30.31 27.90 43.37 31.78 32.41 39.09 40.50 44.41 44.28
 5275.25 29.28 29.29 28.22 30.24 27.87 43.27 31.82 32.42 39.06 40.47 44.41 44.35
 5276.25 28.85 28.88 27.83 29.76 27.44 42.77 31.44 32.02 38.65 40.06 44.03 44.03
 5277.25 28.52 28.57 27.55 29.39 27.11 42.38 31.17 31.73 38.35 39.77 43.74 43.80
 5278.25 28.59 28.66 27.67 29.41 27.18 42.36 31.30 31.83 38.44 39.88 43.83 43.96
 5279.25 29.03 29.12 28.16 29.81 27.61 42.70 31.79 32.30 38.89 40.35 44.26 44.46
 5280.25 29.15 29.27 28.33 29.89 27.73 42.73 31.97 32.46 39.03 40.51 44.40 44.66
 5281.25 29.14 29.28 28.37 29.83 27.72 42.63 32.02 32.48 39.04 40.54 44.41 44.73
 5282.25 29.28 29.45 28.55 29.92 27.86 42.68 32.21 32.65 39.19 40.72 44.56 44.95
 5283.25 29.39 29.58 28.70 29.98 27.96 42.69 32.37 32.78 39.31 40.86 44.67 45.13
 5284.25 29.46 29.69 28.83 30.01 28.03 42.68 32.51 32.90 39.41 40.98 44.76 45.29
 5285.25 29.59 29.84 29.00 30.09 28.15 42.71 32.68 33.05 39.54 41.14 44.90 45.48
 5286.25 29.46 29.74 28.92 29.91 28.02 42.50 32.61 32.95 39.44 41.06 44.80 45.45
 5287.25 29.34 29.66 28.85 29.75 27.90 42.31 32.55 32.87 39.35 41.00 44.71 45.43
 5288.25 29.30 29.65 28.86 29.67 27.86 42.19 32.55 32.86 39.33 41.00 44.70 45.48
 5289.25 29.29 29.67 28.90 29.61 27.85 42.09 32.58 32.89 39.34 41.04 44.71 45.55
 5290.25 29.41 29.81 29.06 29.68 27.96 42.12 32.74 33.03 39.48 41.20 44.84 45.74
 5291.25 29.36 29.80 29.06 29.59 27.91 41.98 32.73 33.02 39.45 41.20 44.82 45.79
 5292.25 29.17 29.64 28.92 29.35 27.72 41.69 32.57 32.86 39.29 41.06 44.66 45.70
 5293.25 29.13 29.63 28.93 29.27 27.67 41.54 32.57 32.86 39.27 41.07 44.65 45.75
 5294.25 29.15 29.68 28.99 29.24 27.69 41.44 32.63 32.91 39.31 41.13 44.68 45.85
 5295.25 28.98 29.53 28.87 29.02 27.51 41.16 32.49 32.77 39.17 41.01 44.54 45.77
 5296.25 29.00 29.57 28.92 28.98 27.52 41.05 32.54 32.80 39.19 41.06 44.57 45.86
 5297.25 29.15 29.75 29.11 29.07 27.66 41.07 32.72 32.97 39.35 41.24 44.73 46.08
 5298.25 29.29 29.91 29.29 29.15 27.78 41.07 32.88 33.12 39.50 41.41 44.87 46.28
 5299.25 29.10 29.74 29.13 28.91 27.58 40.76 32.72 32.94 39.32 41.26 44.70 46.18
 5300.25 28.57 29.22 28.64 28.31 27.05 40.12 32.21 32.41 38.82 40.78 44.21 45.77
 5301.25 28.60 29.27 28.71 28.29 27.10 40.02 32.27 32.45 38.86 40.85 44.25 45.87
 5302.25 28.92 29.61 29.07 28.55 27.44 40.20 32.62 32.78 39.18 41.19 44.57 46.24
 5303.25 28.92 29.63 29.13 28.49 27.46 40.07 32.64 32.79 39.19 41.23 44.58 46.32
 5304.25 28.81 29.55 29.10 28.33 27.37 39.84 32.56 32.69 39.10 41.16 44.49 46.29
 5305.25 28.66 29.42 29.03 28.12 27.24 39.56 32.44 32.55 38.96 41.05 44.36 46.23
 5306.25 28.62 29.39 29.06 28.02 27.22 39.39 32.42 32.52 38.93 41.04 44.33 46.26
 5307.25 28.65 29.44 29.17 28.02 27.27 39.28 32.48 32.55 38.97 41.10 44.39 46.36
 5308.25 28.66 29.47 29.25 28.00 27.30 39.16 32.52 32.57 38.99 41.15 44.46 46.44
 5309.25 28.68 29.52 29.35 28.00 27.35 39.05 32.57 32.60 39.03 41.20 44.57 46.54
 5310.25 28.68 29.54 29.43 27.97 27.37 38.92 32.60 32.62 39.04 41.24 44.67 46.62
 5311.25 28.67 29.55 29.50 27.94 27.38 38.78 32.61 32.62 39.04 41.27 44.76 46.68
 5312.25 28.53 29.43 29.43 27.77 27.26 38.50 32.50 32.48 38.91 41.17 44.72 46.63
 5313.25 28.36 29.27 29.34 27.57 27.11 38.20 32.35 32.32 38.75 41.03 44.65 46.54
 5314.25 28.14 29.05 29.19 27.32 26.91 37.84 32.15 32.10 38.54 40.84 44.53 46.39
 5315.25 28.32 29.22 29.45 27.47 27.11 37.88 32.35 32.28 38.72 41.04 44.79 46.63
 5316.25 28.70 29.59 29.91 27.83 27.51 38.13 32.75 32.67 39.10 41.45 45.24 47.06
 5317.25 28.80 29.67 30.08 27.90 27.63 38.08 32.87 32.77 39.20 41.56 45.42 47.21
 5318.25 28.74 29.60 30.10 27.81 27.59 37.89 32.83 32.71 39.15 41.54 45.45 47.22
 5319.25 28.56 29.40 29.99 27.61 27.44 37.58 32.68 32.54 38.98 41.40 45.38 47.12
 5320.25 28.56 29.39 30.07 27.58 27.46 37.44 32.70 32.54 38.99 41.43 45.47 47.17
 5321.25 28.60 29.41 30.18 27.59 27.52 37.33 32.76 32.58 39.03 41.49 45.59 47.24
 5322.25 28.69 29.48 30.35 27.65 27.63 37.29 32.87 32.68 39.12 41.60 45.76 47.37
 5323.25 28.73 29.51 30.46 27.66 27.69 37.18 32.93 32.72 39.16 41.67 45.88 47.45
 5324.25 28.56 29.32 30.37 27.47 27.54 36.88 32.78 32.55 39.00 41.54 45.81 47.34
 5325.25 28.66 29.40 30.54 27.54 27.66 36.83 32.90 32.65 39.09 41.65 45.99 47.48
 5326.25 28.72 29.44 30.67 27.56 27.73 36.74 32.97 32.71 39.14 41.73 46.13 47.57
 5327.25 28.74 29.44 30.76 27.55 27.77 36.62 33.01 32.73 39.14 41.78 46.23 47.63
 5328.25 29.00 29.67 31.08 27.77 28.04 36.71 33.27 32.97 39.37 42.04 46.54 47.90
 5329.25 29.62 30.27 31.76 28.36 28.67 37.17 33.90 33.59 39.94 42.69 47.18 48.49
 5330.25 29.59 30.22 31.80 28.30 28.66 36.99 33.89 33.56 39.90 42.77 47.23 48.50
 5331.25 28.63 29.24 30.92 27.30 27.72 35.90 32.95 32.60 38.96 41.98 46.44 47.68
 5332.25 28.23 28.81 30.58 26.86 27.33 35.35 32.58 32.19 38.54 41.70 46.14 47.34
 5333.25 28.77 29.32 31.18 27.36 27.87 35.73 33.16 32.72 39.05 42.32 46.71 47.87
 5334.25 29.14 29.67 31.62 27.70 28.26 36.00 33.61 33.09 39.39 42.79 47.14 48.25
 5335.25 29.04 29.55 31.59 27.57 28.18 35.83 33.59 32.99 39.28 42.80 47.12 48.20
 5336.25 28.94 29.42 31.55 27.42 28.08 35.66 33.56 32.88 39.16 42.81 47.10 48.14
 5337.25 29.06 29.52 31.75 27.51 28.22 35.73 33.76 33.00 39.26 43.04 47.29 48.29
 5338.25 29.14 29.58 31.94 27.56 28.32 35.75 33.92 33.07 39.32 43.22 47.45 48.40
 5339.25 29.08 29.49 32.01 27.46 28.26 35.62 33.94 33.00 39.24 43.27 47.46 48.37
 5340.25 29.09 29.48 32.16 27.43 28.28 35.58 34.03 33.01 39.23 43.39 47.55 48.42
 5341.25 29.40 29.76 32.60 27.70 28.57 35.81 34.40 33.31 39.50 43.78 47.90 48.73
 5342.25 29.51 29.85 32.85 27.78 28.67 35.87 34.59 33.42 39.60 43.99 48.08 48.87
 5343.25 29.22 29.53 32.69 27.46 28.36 35.52 34.38 33.12 39.30 43.83 47.89 48.64
 5344.25 28.99 29.28 32.60 27.20 28.12 35.23 34.23 32.88 39.06 43.72 47.76 48.47
 5345.25 28.96 29.23 32.70 27.15 28.07 35.14 34.28 32.82 39.01 43.80 47.80 48.48
 5346.25 28.97 29.21 32.84 27.14 28.06 35.09 34.36 32.80 39.00 43.91 47.89 48.52
 5347.25 28.93 29.16 32.94 27.08 28.01 34.99 34.40 32.73 38.94 43.98 47.93 48.53
 5348.25 28.82 29.03 32.96 26.95 27.88 34.82 34.37 32.59 38.81 43.98 47.90 48.46
 5349.25 28.93 29.13 33.20 27.04 27.97 34.87 34.55 32.67 38.90 44.19 48.07 48.59
 5350.25 28.98 29.17 33.39 27.07 28.01 34.86 34.67 32.69 38.93 44.34 48.19 48.67
 5351.25 28.72 28.89 33.25 26.79 27.72 34.53 34.48 32.39 38.65 44.19 48.02 48.46
 5352.25 28.65 28.80 33.32 26.70 27.64 34.40 34.49 32.29 38.56 44.23 48.04 48.44
 5353.25 28.77 28.91 33.57 26.80 27.74 34.46 34.69 32.38 38.67 44.45 48.22 48.59
 5354.25 28.86 28.98 33.79 26.86 27.81 34.48 34.85 32.44 38.73 44.63 48.37 48.70
 5355.25 28.81 28.92 33.87 26.80 27.75 34.37 34.87 32.36 38.66 44.69 48.40 48.69
 5356.25 28.74 28.84 33.94 26.72 27.67 34.25 34.89 32.27 38.58 44.74 48.42 48.67
 5357.25 28.69 28.79 34.03 26.66 27.61 34.15 34.92 32.20 38.52 44.80 48.46 48.67
 5358.25 28.55 28.64 34.02 26.51 27.46 33.95 34.86 32.03 38.38 44.78 48.41 48.58
 5359.25 28.57 28.67 34.19 26.52 27.48 33.93 34.97 32.04 38.39 44.92 48.52 48.65
 5360.25 28.69 28.77 34.44 26.62 27.59 33.99 35.17 32.13 38.49 45.13 48.70 48.79
 5361.25 28.75 28.83 34.64 26.67 27.64 34.00 35.31 32.17 38.54 45.30 48.84 48.89
 5362.25 28.73 28.80 34.75 26.64 27.61 33.92 35.37 32.13 38.51 45.39 48.88 48.92
 5363.25 28.81 28.88 34.97 26.71 27.69 33.95 35.53 32.19 38.58 45.58 49.00 49.04
 5364.25 28.92 28.99 35.22 26.81 27.79 34.01 35.72 32.28 38.68 45.79 49.11 49.18
 5365.25 28.91 28.97 35.34 26.79 27.77 33.94 35.80 32.24 38.66 45.89 49.10 49.21
 5366.25 28.96 29.02 35.53 26.83 27.81 33.94 35.93 32.28 38.70 46.05 49.16 49.31
 5367.25 28.94 28.99 35.64 26.80 27.78 33.87 35.99 32.23 38.67 46.13 49.15 49.33
 5368.25 28.82 28.87 35.66 26.67 27.66 33.69 35.95 32.09 38.54 46.13 49.05 49.27
 5369.25 28.82 28.85 35.79 26.65 27.64 33.63 36.03 32.06 38.53 46.23 49.05 49.30
 5370.25 28.91 28.95 36.02 26.74 27.73 33.67 36.20 32.14 38.61 46.43 49.14 49.43
 5371.25 29.13 29.16 36.37 26.94 27.94 33.84 36.49 32.33 38.81 46.74 49.34 49.67
 5372.25 29.28 29.30 36.67 27.08 28.08 33.93 36.72 32.46 38.95 46.98 49.48 49.85
 5373.25 29.14 29.16 36.75 26.94 27.94 33.74 36.67 32.30 38.80 46.97 49.37 49.77
 5374.25 28.93 28.95 36.80 26.72 27.72 33.48 36.54 32.07 38.59 46.88 49.19 49.62
 5375.25 28.89 28.90 37.02 26.66 27.67 33.38 36.58 32.01 38.53 46.95 49.16 49.63
 5376.25 28.83 28.84 37.22 26.59 27.60 33.27 36.61 31.93 38.45 47.00 49.11 49.61
 5377.25 28.88 28.88 37.52 26.63 27.64 33.26 36.76 31.95 38.47 47.15 49.16 49.68
 5378.25 29.03 29.03 37.93 26.77 27.79 33.36 37.10 32.09 38.59 47.39 49.30 49.84
 5379.25 29.16 29.15 38.30 26.88 27.90 33.43 37.45 32.19 38.68 47.61 49.42 49.97
 5380.25 29.04 29.03 38.44 26.75 27.78 33.27 37.58 32.05 38.54 47.61 49.32 49.89
 5381.25 29.01 29.01 38.67 26.72 27.74 33.19 37.80 32.00 38.48 47.69 49.30 49.89
 5382.25 29.16 29.17 39.07 26.86 27.89 33.29 38.18 32.13 38.60 47.94 49.44 50.04
 5383.25 29.16 29.17 39.32 26.85 27.88 33.24 38.43 32.11 38.57 48.05 49.45 50.06
 5384.25 29.15 29.17 39.55 26.83 27.87 33.17 38.65 32.07 38.54 48.15 49.45 50.07
 5385.25 29.21 29.22 39.85 26.88 27.91 33.17 38.94 32.10 38.56 48.30 49.50 50.14
 5386.25 29.07 29.09 39.97 26.74 27.77 32.99 39.05 31.95 38.40 48.29 49.38 50.04
 5387.25 29.04 29.07 40.18 26.70 27.74 32.91 39.25 31.90 38.34 48.37 49.37 50.04
 5388.25 28.99 29.02 40.38 26.64 27.68 32.80 39.44 31.82 38.27 48.44 49.33 50.01
 5389.25 29.01 29.04 40.64 26.65 27.69 32.77 39.69 31.82 38.25 48.56 49.35 50.05
 5390.25 29.10 29.13 40.96 26.73 27.77 32.80 40.00 31.88 38.31 48.74 49.43 50.14
 5391.25 29.05 29.09 41.16 26.68 27.72 32.70 40.19 31.82 38.23 48.81 49.40 50.12
 5392.25 29.04 29.08 41.39 26.66 27.70 32.64 40.41 31.80 38.20 48.91 49.39 50.14
 5393.25 29.08 29.12 41.66 26.69 27.73 32.62 40.67 31.82 38.20 49.05 49.43 50.19
 5394.25 29.05 29.10 41.87 26.65 27.70 32.54 40.87 31.78 38.15 49.13 49.41 50.18
 5395.25 29.08 29.13 42.13 26.67 27.72 32.51 41.12 31.80 38.14 49.26 49.44 50.23
 5396.25 29.07 29.12 42.35 26.65 27.70 32.45 41.33 31.78 38.10 49.35 49.43 50.23
 5397.25 28.98 29.04 42.50 26.56 27.60 32.31 41.47 31.68 37.99 49.38 49.36 50.18
 5398.25 29.06 29.12 42.81 26.63 27.67 32.33 41.76 31.75 38.03 49.55 49.44 50.26
 5399.25 29.01 29.07 42.99 26.57 27.62 32.23 41.94 31.69 37.96 49.61 49.40 50.24
 5400.25 28.79 28.86 43.02 26.35 27.39 31.95 41.94 31.46 37.71 49.52 49.20 50.06
 5401.25 28.82 28.89 43.27 26.37 27.41 31.93 42.19 31.48 37.71 49.65 49.23 50.10
 5402.25 28.91 28.98 43.58 26.45 27.50 31.96 42.49 31.56 37.77 49.83 49.32 50.20
 5403.25 28.85 28.92 43.75 26.38 27.43 31.85 42.64 31.48 37.68 49.88 49.26 50.16
 5404.25 28.90 28.98 44.03 26.42 27.47 31.84 42.91 31.53 37.70 50.02 49.31 50.23
 5405.25 29.14 29.22 44.47 26.65 27.70 32.03 43.34 31.75 37.90 50.34 49.53 50.45
 5406.25 29.25 29.33 44.79 26.75 27.81 32.08 43.65 31.85 37.97 50.53 49.63 50.57
 5407.25 29.15 29.24 44.85 26.65 27.70 31.93 43.77 31.74 37.85 50.54 49.54 50.50
 5408.25 28.90 28.99 44.63 26.40 27.45 31.63 43.75 31.49 37.58 50.43 49.32 50.30
 5409.25 28.80 28.89 44.43 26.28 27.34 31.46 43.86 31.37 37.45 50.43 49.23 50.22
 5410.25 28.87 28.97 44.37 26.35 27.40 31.48 44.13 31.43 37.49 50.60 49.30 50.30
 5411.25 28.93 29.02 44.29 26.40 27.45 31.48 44.39 31.48 37.51 50.75 49.36 50.37
 5412.25 28.89 28.97 44.13 26.35 27.41 31.39 44.56 31.43 37.45 50.81 49.32 50.35
 5413.25 28.80 28.86 43.92 26.26 27.31 31.25 44.69 31.34 37.33 50.84 49.25 50.29
 5414.25 28.68 28.72 43.67 26.12 27.18 31.06 44.77 31.20 37.18 50.82 49.14 50.20
 5415.25 28.73 28.74 43.58 26.16 27.22 31.05 45.02 31.23 37.19 50.96 49.18 50.25
 5416.25 28.87 28.86 43.58 26.29 27.35 31.13 45.35 31.36 37.30 51.18 49.31 50.39
 5417.25 28.82 28.78 43.40 26.22 27.28 31.02 45.49 31.29 37.21 51.23 49.25 50.36
 5418.25 28.73 28.66 43.17 26.12 27.18 30.87 45.60 31.18 37.08 51.24 49.15 50.29
 5419.25 28.81 28.72 43.11 26.19 27.25 30.91 45.87 31.25 37.13 51.40 49.20 50.37
 5420.25 28.86 28.74 43.02 26.24 27.29 30.92 46.11 31.28 37.14 51.54 49.22 50.43
 5421.25 28.89 28.74 42.91 26.26 27.31 30.92 46.33 31.29 37.13 51.66 49.22 50.47
 5422.25 28.87 28.69 42.75 26.23 27.29 30.87 46.53 31.25 37.07 51.73 49.17 50.46
 5423.25 28.86 28.65 42.60 26.22 27.28 30.83 46.83 31.22 37.02 51.81 49.13 50.46
 5424.25 28.94 28.70 42.53 26.29 27.36 30.87 47.26 31.29 37.06 51.97 49.18 50.54
 5425.25 29.16 28.90 42.60 26.51 27.59 31.07 47.84 31.50 37.25 52.26 49.35 50.76
 5426.25 29.23 28.94 42.52 26.57 27.65 31.10 48.27 31.54 37.27 52.41 49.38 50.82
 5427.25 29.07 28.76 42.24 26.41 27.50 30.92 48.50 31.37 37.08 52.37 49.22 50.70
 5428.25 28.98 28.63 42.00 26.31 27.40 30.80 48.78 31.26 36.94 52.37 49.10 50.63
 5429.25 29.09 28.71 41.96 26.42 27.51 30.88 49.24 31.36 37.01 52.56 49.18 50.74
 5430.25 29.37 28.97 42.08 26.69 27.79 31.13 49.85 31.62 37.24 52.89 49.40 50.99
 5431.25 29.56 29.13 42.12 26.88 27.98 31.29 50.37 31.79 37.38 53.14 49.54 51.17
 5432.25 29.32 28.86 41.75 26.63 27.74 31.01 50.51 31.53 37.10 53.02 49.30 50.97
 5433.25 29.18 28.69 41.47 26.48 27.60 30.84 50.74 31.38 36.92 52.97 49.15 50.86
 5434.25 29.24 28.73 41.39 26.55 27.67 30.88 51.15 31.42 36.95 53.02 49.18 50.91
 5435.25 29.26 28.72 41.26 26.56 27.68 30.87 51.51 31.42 36.92 52.94 49.16 50.90
 5436.25 29.22 28.65 41.07 26.51 27.65 30.80 51.82 31.37 36.84 52.81 49.10 50.85
 5437.25 29.07 28.47 40.78 26.36 27.49 30.62 52.03 31.20 36.65 52.57 48.94 50.69
 5438.25 29.02 28.39 40.59 26.30 27.45 30.54 52.32 31.14 36.56 52.42 48.87 50.63
 5439.25 28.93 28.27 40.36 26.21 27.36 30.42 52.58 31.04 36.43 52.24 48.76 50.53
 5440.25 28.78 28.09 40.06 26.05 27.20 30.23 52.78 30.88 36.24 51.99 48.59 50.37
 5441.25 28.71 28.00 39.85 25.98 27.14 30.14 53.06 30.81 36.13 51.83 48.51 50.29
 5442.25 28.69 27.95 39.68 25.96 27.12 30.09 53.38 30.79 36.07 51.70 48.46 50.25
 5443.25 28.61 27.84 39.44 25.87 27.04 29.98 53.63 30.70 35.95 51.52 48.36 50.16
 5444.25 28.60 27.80 39.25 25.85 27.03 29.93 53.95 30.68 35.89 51.40 48.32 50.12
 5445.25 28.59 27.77 39.07 25.85 27.02 29.90 54.27 30.68 35.84 51.29 48.29 50.09
 5446.25 28.70 27.86 39.00 25.95 27.14 29.98 54.69 30.78 35.91 51.28 48.36 50.17
 5447.25 28.92 28.06 39.04 26.17 27.36 30.18 55.20 31.00 36.09 51.37 48.54 50.35
 5448.25 29.09 28.21 39.04 26.34 27.53 30.32 55.67 31.17 36.22 51.42 48.67 50.49
 5449.25 28.91 28.00 38.68 26.16 27.35 30.11 55.83 30.99 36.00 51.15 48.48 50.30
 5450.25 28.61 27.68 38.22 25.86 27.06 29.79 55.90 30.69 35.67 50.78 48.19 50.02
 5451.25 28.44 27.49 37.87 25.69 26.89 29.58 56.07 30.52 35.46 50.52 48.00 49.85
 5452.25 28.37 27.39 37.63 25.61 26.83 29.49 56.32 30.45 35.34 50.35 47.91 49.76
 5453.25 28.46 27.47 37.54 25.70 26.92 29.55 56.71 30.54 35.40 50.33 47.98 49.83
 5454.25 28.55 27.53 37.45 25.79 27.01 29.61 57.10 30.63 35.45 50.30 48.03 49.89
 5455.25 28.56 27.52 37.29 25.80 27.03 29.60 57.42 30.64 35.42 50.21 48.02 49.89
 5456.25 28.73 27.67 37.28 25.97 27.21 29.75 57.88 30.81 35.55 50.26 48.16 50.02
 5457.25 28.93 27.84 37.29 26.16 27.40 29.91 58.35 31.00 35.70 50.32 48.31 50.18
 5458.25 28.73 27.63 36.92 25.97 27.21 29.69 58.49 30.81 35.47 50.05 48.11 49.99
 5459.25 28.54 27.41 36.55 25.78 27.03 29.47 58.63 30.62 35.24 49.77 47.91 49.80
 5460.25 28.44 27.29 36.26 25.68 26.93 29.34 58.84 30.51 35.10 49.57 47.79 49.68
 5461.25 28.38 27.21 36.02 25.62 26.88 29.27 59.10 30.45 35.01 49.41 47.71 49.61
 5462.25 28.41 27.22 35.87 25.65 26.92 29.30 59.42 30.49 35.00 49.33 47.72 49.63
 5463.25 28.61 27.39 35.88 25.85 27.12 29.50 59.88 30.68 35.15 49.40 47.88 49.79
 5464.25 28.88 27.65 35.97 26.12 27.41 29.79 60.41 30.95 35.39 49.54 48.11 50.02
 5465.25 28.94 27.68 35.83 26.18 27.47 29.85 60.74 31.01 35.40 49.48 48.13 50.05
 5466.25 28.75 27.47 35.46 25.99 27.30 29.67 60.87 30.82 35.18 49.21 47.94 49.86
 5467.25 28.68 27.37 35.20 25.92 27.23 29.61 60.98 30.75 35.06 49.03 47.84 49.78
 5468.25 28.67 27.34 35.00 25.91 27.23 29.61 60.90 30.74 35.02 48.92 47.81 49.75
 5469.25 28.57 27.22 34.72 25.81 27.14 29.52 61.85 30.64 34.88 48.72 47.70 49.64
 5470.25 28.51 27.15 34.47 25.76 27.10 29.47 69.76 30.58 34.79 48.56 47.62 49.57
 5471.25 28.59 27.20 34.35 25.83 27.18 29.56 80.74 30.66 34.82 48.52 47.67 49.62
 5472.25 28.71 27.30 34.29 25.96 27.32 29.69 84.16 30.78 34.90 48.53 47.76 49.72
 5473.25 28.83 27.40 34.21 26.08 27.45 29.82 84.05 30.90 34.98 48.53 47.84 49.81
 5474.25 28.98 27.52 34.16 26.22 27.60 29.97 83.65 31.04 35.09 48.55 47.93 49.91
 5475.25 29.03 27.55 34.02 26.28 27.66 30.04 83.18 31.09 35.11 48.48 47.94 49.94
 5476.25 29.02 27.51 33.80 26.25 27.65 30.02 82.66 31.07 35.07 48.36 47.89 49.91
 5477.25 29.15 27.63 33.75 26.38 27.79 30.16 82.23 31.20 35.18 48.36 47.97 50.00
 5478.25 29.33 27.80 33.81 26.56 27.97 30.34 81.83 31.37 35.34 48.41 48.09 50.13
 5479.25 29.22 27.68 33.62 26.45 27.87 30.24 81.25 31.26 35.22 48.20 47.96 50.02
 5480.25 29.08 27.53 33.39 26.30 27.73 30.11 80.63 31.11 35.06 47.96 47.79 49.87
 5481.25 29.01 27.45 33.24 26.23 27.67 30.04 80.05 31.04 34.98 47.78 47.68 49.79
 5482.25 29.10 27.52 33.25 26.31 27.76 30.13 79.59 31.12 35.05 47.75 47.73 49.84
 5483.25 29.18 27.59 33.25 26.39 27.85 30.22 79.11 31.19 35.11 47.70 47.76 49.89
 5484.25 29.11 27.50 33.09 26.31 27.78 30.15 78.52 31.11 35.02 47.52 47.65 49.80
 5485.25 29.00 27.39 32.91 26.20 27.68 30.05 77.91 31.01 34.89 47.32 47.52 49.69
 5486.25 28.92 27.30 32.74 26.11 27.60 29.97 77.31 30.92 34.80 47.14 47.40 49.59
 5487.25 28.86 27.22 32.60 26.05 27.54 29.91 76.72 30.87 34.72 47.02 47.31 49.52
 5488.25 28.91 27.26 32.56 26.09 27.59 29.96 76.20 30.93 34.75 47.01 47.31 49.53
 5489.25 29.02 27.36 32.59 26.19 27.71 30.08 75.73 31.05 34.84 47.06 47.37 49.61
 5490.25 28.99 27.32 32.48 26.16 27.68 30.05 75.15 31.03 34.79 46.97 47.31 49.56
 5491.25 28.84 27.15 32.25 26.00 27.53 29.90 74.48 30.90 34.62 46.78 47.13 49.41
 5492.25 28.63 26.94 31.96 25.79 27.33 29.70 73.76 30.70 34.40 46.54 46.90 49.21
 5493.25 28.59 26.89 31.84 25.75 27.30 29.67 73.16 30.68 34.34 46.45 46.82 49.17
 5494.25 28.68 26.96 31.84 25.84 27.39 29.76 72.65 30.78 34.41 46.48 46.87 49.25
 5495.25 28.66 26.93 31.74 25.82 27.38 29.75 72.05 30.77 34.38 46.41 46.81 49.23
 5496.25 28.56 26.82 31.55 25.72 27.28 29.64 71.39 30.68 34.26 46.26 46.67 49.13
 5497.25 28.51 26.75 31.41 25.66 27.23 29.59 70.76 30.64 34.19 46.16 46.58 49.07
 5498.25 28.51 26.75 31.34 25.67 27.24 29.61 70.17 30.66 34.18 46.11 46.55 49.07
 5499.25 28.50 26.72 31.24 25.66 27.23 29.59 69.55 30.65 34.14 46.04 46.49 49.05
 5500.25 28.31 26.53 30.97 25.48 27.06 29.41 68.80 30.49 33.94 45.82 46.28 48.88
 5501.25 28.22 26.42 30.79 25.38 27.00 29.32 68.11 30.40 33.83 45.68 46.15 48.78
 5502.25 28.33 26.52 30.82 25.50 27.14 29.44 67.59 30.53 33.92 45.73 46.22 48.89
 5503.25 28.46 26.63 30.86 25.62 27.30 29.57 67.06 30.66 34.03 45.79 46.30 48.99
 5504.25 28.45 26.62 30.77 25.62 27.33 29.57 66.43 30.67 34.00 45.73 46.25 48.98
 5505.25 28.41 26.56 30.64 25.57 27.32 29.55 65.76 30.64 33.94 45.64 46.17 48.93
 5506.25 28.38 26.51 30.51 25.53 27.31 29.52 65.08 30.61 33.88 45.54 46.09 48.89
 5507.25 28.46 26.56 30.49 25.60 27.41 29.60 64.49 30.68 33.93 45.55 46.11 48.94
 5508.25 28.62 26.69 30.54 25.74 27.59 29.76 63.95 30.84 34.05 45.63 46.20 49.07
 5509.25 28.66 26.70 30.47 25.76 27.64 29.80 63.31 30.87 34.05 45.60 46.18 49.08
 5510.25 28.59 26.62 30.31 25.68 27.59 29.73 62.58 30.80 33.95 45.46 46.06 49.00
 5511.25 28.60 26.61 30.21 25.67 27.62 29.74 61.91 30.81 33.92 45.41 46.02 48.99
 5512.25 28.57 26.56 30.09 25.63 27.61 29.71 61.30 30.77 33.86 45.31 45.93 48.94
 5513.25 28.67 26.64 30.11 25.71 27.73 29.81 61.06 30.87 33.93 45.34 45.97 49.01
 5514.25 28.84 26.80 30.23 25.87 27.92 29.99 61.06 31.04 34.07 45.43 46.08 49.15
 5515.25 28.87 26.81 30.20 25.88 27.97 30.02 60.97 31.06 34.06 45.39 46.05 49.16
 5516.25 28.92 26.84 30.19 25.91 28.03 30.07 60.90 31.10 34.07 45.36 46.04 49.18
 5517.25 28.94 26.85 30.15 25.92 28.07 30.09 60.82 31.12 34.06 45.32 46.00 49.18
 5518.25 28.92 26.81 30.08 25.89 28.07 30.07 60.69 31.10 34.01 45.23 45.93 49.14
 5519.25 28.87 26.74 29.96 25.81 28.03 30.02 60.54 31.04 33.92 45.11 45.83 49.07
 5520.25 28.91 26.76 29.95 25.84 28.10 30.06 60.47 31.08 33.93 45.08 45.81 49.09
 5521.25 29.07 26.91 30.05 25.99 28.27 30.22 60.49 31.23 34.05 45.16 45.90 49.22
 5522.25 29.14 26.96 30.06 26.04 28.36 30.30 60.44 31.30 34.09 45.16 45.91 49.26
 5523.25 29.19 26.99 30.05 26.08 28.43 30.35 60.37 31.35 34.10 45.14 45.90 49.28
 5524.25 29.21 27.00 30.02 26.08 28.47 30.37 60.28 31.36 34.09 45.09 45.87 49.28
 5525.25 29.21 26.98 29.95 26.07 28.48 30.37 60.17 31.36 34.06 45.01 45.81 49.26
 5526.25 29.20 26.95 29.88 26.04 28.49 30.36 60.05 31.34 34.04 44.93 45.74 49.22
 5527.25 29.14 26.87 29.77 25.96 28.45 30.30 59.89 31.27 33.97 44.81 45.64 49.15
 5528.25 29.22 26.94 29.79 26.03 28.55 30.38 59.85 31.35 34.05 44.82 45.70 49.20
 5529.25 29.52 27.22 30.03 26.31 28.86 30.68 59.98 31.64 34.33 45.02 45.97 49.45
 5530.25 29.64 27.32 30.09 26.42 29.00 30.80 59.97 31.76 34.44 45.07 46.09 49.54
 5531.25 29.49 27.16 29.89 26.26 28.87 30.66 59.75 31.62 34.29 44.87 45.97 49.39
 5532.25 29.47 27.11 29.80 26.22 28.87 30.63 59.61 31.59 34.26 44.78 45.95 49.35
 5533.25 29.53 27.16 29.81 26.28 28.95 30.70 59.56 31.65 34.32 44.77 46.02 49.39
 5534.25 29.53 27.14 29.74 26.26 28.96 30.69 59.45 31.66 34.31 44.70 46.02 49.37
 5535.25 29.53 27.12 29.68 26.25 28.98 30.69 59.34 31.67 34.30 44.63 46.03 49.35
 5536.25 29.62 27.19 29.71 26.33 29.08 30.78 59.30 31.77 34.38 44.65 46.11 49.41
 5537.25 29.63 27.17 29.65 26.31 29.09 30.77 59.19 31.79 34.37 44.58 46.12 49.39
 5538.25 29.51 27.03 29.47 26.18 28.99 30.65 58.98 31.69 34.25 44.40 46.02 49.27
 5539.25 29.46 26.95 29.34 26.11 28.94 30.59 58.81 31.64 34.18 44.30 45.96 49.19
 5540.25 29.47 26.93 29.28 26.10 28.97 30.59 58.70 31.66 34.17 44.28 45.97 49.17
 5541.25 29.46 26.89 29.20 26.07 28.98 30.57 58.57 31.66 34.14 44.24 45.96 49.13
 5542.25 29.27 26.68 28.95 25.86 28.81 30.37 58.29 31.48 33.94 44.03 45.78 48.93
 5543.25 28.61 26.01 28.22 25.20 28.17 29.70 57.59 30.83 33.26 43.37 45.15 48.29
 5544.25 28.44 25.82 27.98 25.01 28.02 29.52 57.31 30.66 33.07 43.17 44.97 48.10
 5545.25 28.45 25.81 27.92 25.00 28.06 29.52 57.20 30.68 33.07 43.15 44.98 48.07
 5546.25 27.99 25.34 27.40 24.54 27.63 29.04 56.65 30.23 32.59 42.67 44.53 47.60
 5547.25 28.71 26.03 28.06 25.23 28.37 29.72 57.18 30.97 33.31 43.35 45.23 48.27
 5548.25 29.32 26.60 28.60 25.80 29.00 30.26 57.59 31.58 33.89 43.90 45.80 48.81
 5549.25 29.34 26.60 28.58 25.81 29.04 30.22 57.48 31.61 33.90 43.89 45.81 48.85
 5550.25 29.10 26.34 28.29 25.55 28.82 29.92 57.15 31.38 33.64 43.64 45.58 48.67
 5551.25 29.06 26.29 28.22 25.50 28.82 29.83 56.99 31.36 33.60 43.58 45.55 48.70
 5552.25 29.21 26.41 28.32 25.62 28.98 29.91 56.99 31.51 33.72 43.69 45.68 48.90
 5553.25 29.25 26.44 28.32 25.65 29.05 29.89 56.91 31.56 33.75 43.70 45.72 49.00
 5554.25 29.33 26.49 28.35 25.71 29.15 29.91 56.85 31.65 33.81 43.75 45.79 49.13
 5555.25 29.43 26.57 28.41 25.79 29.27 29.95 56.82 31.76 33.90 43.81 45.88 49.28
 5556.25 29.61 26.73 28.55 25.96 29.48 30.07 56.85 31.95 34.07 43.96 46.05 49.51
 5557.25 29.63 26.72 28.51 25.95 29.52 30.02 56.73 31.97 34.06 43.94 46.06 49.58
 5558.25 29.55 26.62 28.39 25.85 29.46 29.88 56.53 31.90 33.97 43.84 45.98 49.56
 5559.25 29.64 26.70 28.44 25.93 29.57 29.91 56.48 32.00 34.04 43.90 46.06 49.70
 5560.25 29.60 26.63 28.36 25.87 29.56 29.81 56.31 31.97 33.99 43.83 46.02 49.73
 5561.25 29.60 26.62 28.32 25.86 29.58 29.76 56.17 31.98 33.98 43.81 46.02 49.79
 5562.25 29.71 26.70 28.37 25.94 29.71 29.80 56.13 32.09 34.06 43.88 46.11 49.94
 5563.25 29.73 26.70 28.35 25.95 29.75 29.76 56.01 32.12 34.07 43.87 46.13 50.01
 5564.25 29.19 26.15 27.78 25.40 29.24 29.17 55.39 31.60 33.52 43.33 45.62 49.58
 5565.25 27.93 24.90 26.49 24.16 28.01 27.85 54.08 30.34 32.23 42.05 44.38 48.42
 5566.25 28.57 25.52 27.09 24.78 28.68 28.44 54.55 31.00 32.88 42.67 45.02 49.11
 5567.25 29.81 26.74 28.30 26.00 29.97 29.64 55.55 32.28 34.13 43.87 46.22 50.34
 5568.25 29.98 26.91 28.44 26.17 30.18 29.77 55.58 32.47 34.30 44.02 46.39 50.57
 5569.25 29.94 26.87 28.38 26.13 30.18 29.68 55.42 32.46 34.26 43.97 46.37 50.60
 5570.25 29.64 26.56 28.04 25.82 29.91 29.33 55.02 32.17 33.96 43.66 46.09 50.39
 5571.25 29.55 26.46 27.93 25.72 29.86 29.20 54.82 32.11 33.87 43.56 46.01 50.38
 5572.25 29.93 26.85 28.29 26.10 30.28 29.54 55.03 32.52 34.25 43.92 46.39 50.80
 5573.25 30.14 27.04 28.46 26.30 30.52 29.70 55.08 32.75 34.46 44.09 46.58 51.05
 5574.25 30.44 27.34 28.74 26.60 30.87 29.96 55.21 33.07 34.76 44.36 46.87 51.39
 5575.25 30.32 27.21 28.59 26.47 30.78 29.79 54.98 32.98 34.63 44.23 46.77 51.34
 5576.25 28.54 25.45 26.80 24.72 29.04 27.97 53.22 31.21 32.83 42.48 45.06 49.74
 5577.25 15.43 13.33 14.22 12.85 15.80 15.01 34.99 17.33 18.48 25.96 28.10 32.12
 5578.25  6.30  5.36  5.75  5.15  6.48  6.09 16.02  7.17  7.69 11.32 12.42 14.56
 5579.25  5.52  4.69  5.03  4.51  5.69  5.33 14.07  6.30  6.74  9.94 10.93 12.85
 5580.25 11.39  9.75 10.41  9.39 11.73 10.99 27.12 12.92 13.77 19.81 21.63 25.13
 5581.25 26.16 23.14 24.35 22.45 26.75 25.40 50.00 28.87 30.28 39.82 42.51 47.49
 5582.25 29.81 26.65 27.90 25.93 30.40 28.97 53.63 32.62 34.04 43.65 46.37 51.35
 5583.25 29.92 26.76 27.99 26.04 30.48 29.04 53.60 32.74 34.14 43.75 46.55 51.51
 5584.25 30.33 27.16 28.39 26.44 30.87 29.41 53.83 33.15 34.53 44.12 47.02 51.94
 5585.25 30.47 27.28 28.50 26.57 30.97 29.50 53.81 33.29 34.65 44.23 47.25 52.12
 5586.25 30.46 27.27 28.48 26.56 30.94 29.45 53.68 33.28 34.63 44.21 47.34 52.18
 5587.25 30.49 27.29 28.49 26.58 30.94 29.43 53.57 33.31 34.64 44.21 47.47 52.27
 5588.25 30.64 27.43 28.63 26.73 31.06 29.54 53.57 33.47 34.78 44.34 47.71 52.46
 5589.25 30.23 27.02 28.21 26.32 30.63 29.09 53.09 33.07 34.36 43.95 47.44 52.17
 5590.25 28.78 25.57 26.75 24.88 29.15 27.61 51.64 31.62 32.90 42.53 46.17 50.91
 5591.25 28.86 25.64 26.81 24.95 29.20 27.66 51.58 31.71 32.97 42.59 46.35 51.05
 5592.25 30.00 26.76 27.92 26.07 30.32 28.77 52.50 32.85 34.09 43.67 47.53 52.16
 5593.25 30.19 26.94 28.10 26.25 30.48 28.93 52.54 33.05 34.27 43.82 47.81 52.39
 5594.25 30.14 26.89 28.04 26.20 30.41 28.86 52.37 33.01 34.22 43.75 47.87 52.43
 5595.25 30.10 26.84 27.98 26.15 30.34 28.78 52.21 32.97 34.16 43.68 47.93 52.45
 5596.25 30.13 26.86 28.00 26.18 30.35 28.79 52.11 33.01 34.18 43.69 48.07 52.55
 5597.25 29.93 26.66 27.79 25.98 30.12 28.56 51.80 32.82 33.97 43.47 47.99 52.44
 5598.25 29.60 26.33 27.45 25.65 29.77 28.21 51.38 32.50 33.63 43.13 47.79 52.21
 5599.25 29.23 25.96 27.07 25.29 29.38 27.81 50.91 32.14 33.26 42.75 47.54 51.94
 5600.25 29.64 26.36 27.46 25.69 29.76 28.20 51.16 32.55 33.65 43.12 48.03 52.38
 5601.25 29.98 26.69 27.78 26.02 30.08 28.51 51.33 32.90 33.98 43.41 48.44 52.75
 5602.25 30.10 26.80 27.89 26.14 30.17 28.60 51.30 33.03 34.09 43.50 48.65 52.92
 5603.25 30.15 26.85 27.93 26.19 30.20 28.63 51.20 33.09 34.13 43.52 48.79 53.02
 5604.25 30.12 26.82 27.89 26.16 30.15 28.58 51.01 33.07 34.10 43.46 48.87 53.06
 5605.25 29.60 26.30 27.36 25.64 29.61 28.03 50.37 32.55 33.57 42.93 48.48 52.65
 5606.25 28.03 24.75 25.80 24.11 28.01 26.45 48.71 30.98 31.97 41.35 47.07 51.22
 5607.25 28.10 24.81 25.85 24.18 28.06 26.49 48.61 31.06 32.03 41.39 47.23 51.29
 5608.25 29.50 26.18 27.23 25.55 29.44 27.85 49.78 32.48 33.44 42.75 48.68 52.60
 5609.25 29.88 26.55 27.60 25.94 29.80 28.21 49.96 32.87 33.81 43.09 49.13 52.93
 5610.25 29.86 26.52 27.56 25.91 29.75 28.16 49.77 32.85 33.77 43.04 49.20 52.88
 5611.25 29.87 26.52 27.56 25.93 29.74 28.14 49.61 32.87 33.77 43.02 49.30 52.88
 5612.25 29.84 26.49 27.52 25.91 29.69 28.09 49.42 32.85 33.74 42.97 49.37 52.84
 5613.25 29.74 26.38 27.40 25.81 29.56 27.96 49.15 32.75 33.62 42.83 49.37 52.73
 5614.25 29.72 26.35 27.37 25.79 29.52 27.92 48.97 32.74 33.59 42.79 49.44 52.70
 5615.25 29.93 26.55 27.57 26.01 29.70 28.10 48.99 32.96 33.80 42.96 49.73 52.87
 5616.25 30.28 26.89 27.91 26.36 30.03 28.43 49.14 33.31 34.13 43.26 50.13 53.16
 5617.25 30.40 27.01 28.02 26.48 30.13 28.52 49.08 33.44 34.24 43.35 50.34 53.25
 5618.25 29.79 26.39 27.41 25.88 29.50 27.89 48.36 32.84 33.63 42.74 49.88 52.70
 5619.25 29.66 26.26 27.27 25.76 29.34 27.74 48.07 32.72 33.49 42.59 49.85 52.57
 5620.25 30.08 26.67 27.68 26.18 29.72 28.13 48.28 33.15 33.90 42.96 50.33 52.93
 5621.25 30.18 26.76 27.77 26.28 29.77 28.21 48.21 33.26 33.99 43.03 50.51 53.00
 5622.25 30.20 26.77 27.78 26.30 29.72 28.19 48.05 33.27 33.99 43.01 50.61 53.00
 5623.25 30.19 26.76 27.77 26.30 29.65 28.16 47.87 33.28 33.98 42.98 50.69 52.98
 5624.25 29.60 26.16 27.17 25.72 29.00 27.55 47.15 32.70 33.38 42.39 50.25 52.44
 5625.25 28.81 25.33 26.34 24.90 28.12 26.70 46.38 31.92 32.58 41.69 49.79 51.90
 5626.25 29.89 26.33 27.36 25.90 29.10 27.70 47.38 33.01 33.63 42.81 51.08 53.10
 5627.25 30.83 27.21 28.24 26.79 29.93 28.57 48.04 33.91 34.49 43.64 51.98 53.89
 5628.25 30.91 27.25 28.28 26.84 29.91 28.59 47.91 33.97 34.50 43.66 52.12 53.92
 5629.25 30.86 27.15 28.18 26.75 29.75 28.47 47.66 33.92 34.38 43.55 52.14 53.83
 5630.25 30.79 27.03 28.06 26.65 29.58 28.34 47.39 33.87 34.24 43.42 52.14 53.73
 5631.25 30.86 27.06 28.09 26.69 29.55 28.36 47.25 33.98 34.24 43.43 52.27 53.75
 5632.25 31.02 27.17 28.20 26.81 29.60 28.47 47.19 34.17 34.32 43.52 52.47 53.85
 5633.25 31.04 27.14 28.17 26.79 29.51 28.46 47.00 34.22 34.27 43.48 52.55 53.83
 5634.25 31.15 27.20 28.24 26.86 29.52 28.54 46.89 34.36 34.30 43.52 52.71 53.88
 5635.25 31.25 27.26 28.30 26.93 29.52 28.61 46.78 34.50 34.33 43.56 52.86 53.93
 5636.25 31.28 27.24 28.27 26.92 29.44 28.60 46.59 34.55 34.29 43.52 52.94 53.91
 5637.25 31.31 27.23 28.26 26.92 29.37 28.61 46.41 34.62 34.25 43.49 53.03 53.90
 5638.25 31.39 27.26 28.29 26.96 29.34 28.65 46.27 34.72 34.25 43.50 53.16 53.92
 5639.25 31.43 27.26 28.29 26.96 29.28 28.66 46.10 34.80 34.22 43.48 53.27 53.91
 5640.25 31.09 26.88 27.90 26.59 28.83 28.29 45.56 34.49 33.81 43.09 53.03 53.57
 5641.25 31.01 26.76 27.78 26.48 28.65 28.18 45.28 34.45 33.66 42.96 53.03 53.47
 5642.25 31.47 27.18 28.19 26.90 29.01 28.61 45.50 34.94 34.05 43.34 53.51 53.83
 5643.25 31.48 27.15 28.15 26.87 28.91 28.58 45.28 34.98 33.98 43.28 53.58 53.80
 5644.25 31.30 26.93 27.92 26.67 28.62 28.37 44.90 34.83 33.74 43.05 53.49 53.60
 5645.25 31.10 26.69 27.68 26.45 28.32 28.15 44.50 34.67 33.47 42.79 53.39 53.39
 5646.25 30.45 26.01 26.99 25.80 27.57 27.47 43.66 34.06 32.75 42.08 52.87 52.76
 5647.25 30.36 25.89 26.86 25.69 27.38 27.35 43.37 34.00 32.60 41.92 52.86 52.65
 5648.25 30.96 26.45 27.41 26.27 27.87 27.92 43.80 34.64 33.13 42.43 53.47 53.16
 5649.25 31.12 26.56 27.52 26.41 27.92 28.04 43.83 34.83 33.22 42.50 53.68 53.26
 5650.25 31.16 26.56 27.51 26.43 27.86 28.05 43.76 34.90 33.19 42.47 53.79 53.26
 5651.25 31.34 26.70 27.64 26.59 27.93 28.20 43.82 35.11 33.30 42.57 54.02 53.38
 5652.25 31.39 26.72 27.66 26.63 27.88 28.23 43.76 35.21 33.29 42.55 54.14 53.40
 5653.25 31.35 26.64 27.57 26.57 27.74 28.15 43.61 35.20 33.18 42.43 54.17 53.33
 5654.25 30.36 25.62 26.55 25.58 26.65 27.14 42.53 34.23 32.12 41.38 53.32 52.37
 5655.25 22.47 18.34 19.12 18.32 19.15 19.63 33.58 25.98 23.98 32.52 44.28 43.23
 5656.25 14.64 11.63 12.18 11.63 12.16 12.55 23.10 17.26 15.69 22.28 32.17 31.18
 5657.25 16.22 12.90 13.50 12.92 13.44 13.91 25.20 19.07 17.30 24.36 34.94 33.80
 5658.25 26.50 21.81 22.66 21.85 22.52 23.26 37.86 30.30 27.86 36.87 49.38 48.00
 5659.25 30.95 25.92 26.83 25.99 26.62 27.48 42.46 34.90 32.28 41.50 54.14 52.66
 5660.25 30.51 25.45 26.34 25.53 26.08 27.00 41.90 34.48 31.76 40.98 53.78 52.20
 5661.25 31.58 26.44 27.34 26.55 27.04 28.01 42.81 35.56 32.74 41.93 54.80 53.13
 5662.25 32.35 27.14 28.04 27.27 27.70 28.72 43.41 36.33 33.42 42.57 55.52 53.75
 5663.25 33.03 27.77 28.66 27.92 28.29 29.36 43.92 37.02 34.01 43.12 56.15 54.28
 5664.25 33.48 28.17 29.06 28.34 28.65 29.76 44.21 37.47 34.37 43.45 56.57 54.60
 5665.25 33.48 28.11 29.00 28.31 28.56 29.71 44.08 37.48 34.28 43.36 56.62 54.52
 5666.25 33.69 28.26 29.15 28.48 28.68 29.87 44.14 37.70 34.40 43.46 56.84 54.62
 5667.25 33.97 28.49 29.37 28.73 28.87 30.11 44.27 37.98 34.60 43.63 57.12 54.77
 5668.25 34.20 28.67 29.54 28.93 29.01 30.29 44.35 38.22 34.74 43.75 57.35 54.88
 5669.25 34.24 28.65 29.52 28.93 28.95 30.28 44.25 38.26 34.69 43.69 57.42 54.83
 5670.25 33.69 28.03 28.90 28.33 28.29 29.67 43.61 37.74 34.06 43.09 57.02 54.30
 5671.25 33.32 27.60 28.47 27.93 27.83 29.25 43.14 37.40 33.60 42.65 56.77 53.90
 5672.25 33.54 27.74 28.62 28.11 27.95 29.42 43.21 37.62 33.73 42.76 56.99 54.00
 5673.25 33.59 27.73 28.62 28.13 27.91 29.42 43.13 37.68 33.70 42.72 57.08 53.97
 5674.25 33.64 27.71 28.60 28.14 27.86 29.40 43.04 37.74 33.66 42.66 57.16 53.93
 5675.25 33.82 27.82 28.73 28.29 27.95 29.51 43.08 37.94 33.76 42.75 57.36 54.01
 5676.25 33.99 27.92 28.84 28.42 28.03 29.61 43.11 38.15 33.85 42.81 57.54 54.07
 5677.25 34.04 27.90 28.82 28.44 27.98 29.57 43.02 38.33 33.82 42.76 57.62 54.02
 5678.25 33.94 27.74 28.67 28.31 27.80 29.40 42.80 38.40 33.66 42.58 57.59 53.87
 5679.25 33.81 27.54 28.48 28.14 27.57 29.19 42.54 38.44 33.45 42.36 57.52 53.67
 5680.25 33.78 27.43 28.39 28.07 27.44 29.08 42.38 38.58 33.35 42.24 57.53 53.56
 5681.25 33.74 27.32 28.29 28.01 27.31 28.96 42.21 38.71 33.23 42.11 57.54 53.44
 5682.25 33.60 27.11 28.09 27.86 27.08 28.75 41.95 38.74 33.02 41.88 57.47 53.24
 5683.25 33.61 27.05 28.03 27.86 26.99 28.67 41.82 38.91 32.95 41.79 57.51 53.16
 5684.25 33.86 27.23 28.23 28.12 27.15 28.85 41.92 39.32 33.13 41.94 57.76 53.30
 5685.25 33.79 27.10 28.10 28.05 26.98 28.70 41.72 39.41 32.99 41.78 57.74 53.15
 5686.25 33.57 26.81 27.82 27.83 26.67 28.41 41.38 39.36 32.70 41.47 57.60 52.88
 5687.25 33.63 26.81 27.83 27.90 26.65 28.40 41.31 39.59 32.69 41.44 57.69 52.85
 5688.25 33.97 27.09 28.12 28.25 26.90 28.67 41.51 40.08 32.96 41.68 58.02 53.07
 5689.25 33.98 27.03 28.09 28.26 26.82 28.61 41.39 40.25 32.90 41.60 58.07 53.00
 5690.25 33.62 26.61 27.69 27.91 26.38 28.18 40.91 40.06 32.48 41.16 57.80 52.60
 5691.25 33.76 26.69 27.78 28.06 26.43 28.25 40.92 40.36 32.55 41.21 57.96 52.65
 5692.25 33.73 26.60 27.71 28.04 26.32 28.15 40.76 40.48 32.45 41.09 57.93 52.53
 5693.25 33.60 26.40 27.53 27.91 26.10 27.94 40.50 40.51 32.25 40.86 57.72 52.33
 5694.25 33.76 26.50 27.65 28.08 26.17 28.03 40.53 40.82 32.35 40.93 57.72 52.39
 5695.25 33.97 26.65 27.82 28.29 26.30 28.17 40.60 41.18 32.49 41.04 57.73 52.49
 5696.25 34.03 26.64 27.83 28.36 26.27 28.16 40.54 41.39 32.48 41.01 57.61 52.47
 5697.25 33.78 26.34 27.54 28.12 25.94 27.84 40.17 41.30 32.16 40.68 57.24 52.17
 5698.25 33.58 26.08 27.30 27.92 25.66 27.57 39.85 41.26 31.90 40.39 56.90 51.90
 5699.25 33.82 26.26 27.50 28.17 25.81 27.74 39.96 41.65 32.07 40.52 56.94 52.04
 5700.25 34.00 26.37 27.63 28.35 25.90 27.85 40.01 41.97 32.18 40.60 56.94 52.12
 5701.25 33.96 26.26 27.54 28.31 25.79 27.74 39.84 42.08 32.07 40.47 56.74 52.01
 5702.25 33.99 26.24 27.53 28.35 25.75 27.70 39.75 42.26 32.04 40.40 56.61 51.96
 5703.25 33.96 26.14 27.45 28.32 25.64 27.59 39.59 42.38 31.94 40.27 56.42 51.85
 5704.25 33.93 26.05 27.39 28.30 25.54 27.50 39.45 42.50 31.84 40.16 56.24 51.76
 5705.25 33.99 26.04 27.40 28.36 25.53 27.48 39.38 42.71 31.84 40.12 56.14 51.74
 5706.25 34.06 26.03 27.42 28.44 25.52 27.48 39.32 42.92 31.84 40.09 56.04 51.72
 5707.25 34.19 26.10 27.51 28.58 25.59 27.54 39.33 43.20 31.91 40.13 56.00 51.77
 5708.25 34.20 26.04 27.48 28.59 25.52 27.48 39.22 43.35 31.85 40.05 55.85 51.71
 5709.25 34.24 26.00 27.47 28.63 25.49 27.45 39.13 43.53 31.82 39.99 55.73 51.66
 5710.25 34.45 26.14 27.64 28.84 25.62 27.58 39.21 43.87 31.96 40.10 55.75 51.77
 5711.25 34.50 26.13 27.65 28.90 25.61 27.57 39.14 44.06 31.95 40.06 55.63 51.75
 5712.25 34.50 26.06 27.61 28.91 25.54 27.50 39.01 44.20 31.88 39.96 55.47 51.67
 5713.25 34.55 26.04 27.61 28.96 25.51 27.48 38.93 44.39 31.86 39.92 55.35 51.63
 5714.25 34.42 25.86 27.45 28.85 25.33 27.29 38.69 44.41 31.68 39.71 55.08 51.45
 5715.25 34.34 25.75 27.37 28.81 25.22 27.19 38.53 44.51 31.57 39.57 54.88 51.33
 5716.25 34.39 25.82 27.47 28.95 25.29 27.26 38.54 44.78 31.65 39.61 54.83 51.37
 5717.25 34.33 25.81 27.48 29.02 25.28 27.25 38.47 44.97 31.64 39.57 54.72 51.34
 5718.25 34.14 25.66 27.36 28.95 25.13 27.10 38.26 45.02 31.49 39.40 54.48 51.19
 5719.25 34.10 25.67 27.39 29.06 25.13 27.10 38.21 45.22 31.50 39.37 54.38 51.17
 5720.25 34.11 25.72 27.47 29.24 25.18 27.16 38.20 45.47 31.56 39.40 54.32 51.21
 5721.25 34.11 25.76 27.53 29.41 25.22 27.20 38.18 45.70 31.60 39.41 54.25 51.22
 5722.25 34.03 25.72 27.52 29.51 25.18 27.17 38.09 45.86 31.56 39.34 54.11 51.16
 5723.25 33.85 25.59 27.39 29.51 25.05 27.03 37.90 45.96 31.43 39.19 53.89 51.02
 5724.25 33.84 25.62 27.42 29.68 25.07 27.07 37.87 46.27 31.47 39.19 53.82 51.02
 5725.25 33.93 25.76 27.55 29.94 25.20 27.20 37.94 46.75 31.61 39.30 53.83 51.11
 5726.25 33.87 25.74 27.53 30.07 25.19 27.19 37.88 47.11 31.61 39.26 53.72 51.07
 5727.25 33.85 25.76 27.54 30.22 25.21 27.21 37.84 47.50 31.64 39.25 53.64 51.07
 5728.25 33.81 25.77 27.54 30.35 25.21 27.22 37.78 47.86 31.66 39.23 53.54 51.05
 5729.25 33.83 25.83 27.60 30.55 25.27 27.28 37.79 48.28 31.74 39.26 53.50 51.08
 5730.25 33.85 25.90 27.66 30.75 25.33 27.35 37.80 48.71 31.83 39.30 53.46 51.12
 5731.25 33.78 25.87 27.62 30.85 25.30 27.32 37.71 49.04 31.81 39.25 53.33 51.07
 5732.25 33.78 25.91 27.66 31.02 25.34 27.36 37.70 49.43 31.87 39.26 53.27 51.08
 5733.25 33.90 26.07 27.82 31.32 25.50 27.53 37.80 49.93 32.05 39.40 53.31 51.20
 5734.25 33.85 26.07 27.81 31.44 25.50 27.53 37.74 50.28 32.06 39.37 53.21 51.18
 5735.25 33.72 25.98 27.72 31.49 25.41 27.44 37.60 50.55 31.99 39.26 53.04 51.08
 5736.25 33.53 25.83 27.56 31.46 25.25 27.29 37.39 50.77 31.85 39.09 52.81 50.93
 5737.25 33.46 25.81 27.53 31.57 25.22 27.26 37.32 51.09 31.84 39.04 52.69 50.88
 5738.25 33.54 25.95 27.65 31.83 25.35 27.40 37.41 51.55 31.99 39.14 52.70 50.98
 5739.25 33.56 26.02 27.71 32.02 25.41 27.46 37.45 51.95 32.07 39.18 52.66 51.01
 5740.25 33.43 25.95 27.62 32.06 25.32 27.38 37.35 52.21 32.00 39.07 52.49 50.92
 5741.25 33.45 26.01 27.67 32.24 25.38 27.43 37.39 52.60 32.07 39.10 52.44 50.95
 5742.25 33.50 26.11 27.76 32.47 25.48 27.53 37.46 53.02 32.18 39.17 52.43 51.01
 5743.25 33.06 25.72 27.35 32.20 25.08 27.13 37.05 53.01 31.80 38.76 51.99 50.64
 5744.25 32.63 25.35 26.96 31.94 24.70 26.74 36.65 53.00 31.43 38.36 51.54 50.27
 5745.25 32.91 25.69 27.29 32.40 25.03 27.08 36.97 53.63 31.78 38.66 51.75 50.56
 5746.25 32.91 25.76 27.34 32.59 25.09 27.14 37.01 54.03 31.86 38.70 51.71 50.60
 5747.25 32.80 25.73 27.30 32.68 25.06 27.11 36.96 54.32 31.84 38.64 51.60 50.55
 5748.25 32.75 25.76 27.32 32.83 25.08 27.13 36.96 54.67 31.88 38.64 51.56 50.55
 5749.25 32.72 25.81 27.35 32.99 25.12 27.17 36.98 55.03 31.93 38.67 51.56 50.57
 5750.25 32.59 25.76 27.28 33.06 25.06 27.11 36.91 55.31 31.89 38.62 51.48 50.50
 5751.25 32.39 25.64 27.15 33.06 24.94 26.99 36.77 55.53 31.78 38.50 51.34 50.38
 5752.25 32.29 25.62 27.12 33.16 24.91 26.96 36.73 55.83 31.77 38.48 51.29 50.34
 5753.25 32.24 25.65 27.13 33.30 24.93 26.98 36.73 56.18 31.81 38.51 51.28 50.34
 5754.25 32.16 25.65 27.12 33.42 24.92 26.98 36.71 56.49 31.82 38.50 51.24 50.32
 5755.25 32.01 25.58 27.04 33.47 24.85 26.90 36.61 56.73 31.75 38.43 51.14 50.22
 5756.25 31.82 25.47 26.91 33.51 24.73 26.78 36.48 56.93 31.63 38.30 50.98 50.08
 5757.25 31.58 25.31 26.74 33.55 24.57 26.62 36.30 57.08 31.47 38.13 50.78 49.90
 5758.25 31.42 25.24 26.66 33.70 24.48 26.54 36.20 57.30 31.39 38.03 50.65 49.78
 5759.25 31.31 25.21 26.62 33.90 24.45 26.51 36.14 57.56 31.35 37.98 50.57 49.71
 5760.25 31.20 25.18 26.59 34.10 24.41 26.48 36.09 57.81 31.31 37.93 50.48 49.64
 5761.25 31.06 25.12 26.52 34.27 24.34 26.43 36.01 58.04 31.24 37.85 50.37 49.54
 5762.25 31.14 25.28 26.68 34.66 24.50 26.60 36.14 58.46 31.40 37.99 50.46 49.65
 5763.25 31.19 25.41 26.80 35.01 24.62 26.74 36.25 58.85 31.53 38.10 50.52 49.72
 5764.25 31.06 25.36 26.74 35.19 24.56 26.69 36.17 59.08 31.47 38.03 50.42 49.63
 5765.25 30.80 25.19 26.57 35.24 24.38 26.53 35.98 59.21 31.28 37.84 50.20 49.43
 5766.25 30.62 25.09 26.46 35.35 24.27 26.43 35.85 59.39 31.17 37.71 50.05 49.29
 5767.25 30.56 25.12 26.48 35.60 24.29 26.47 35.85 59.69 31.19 37.72 50.02 49.27
 5768.25 30.41 25.05 26.41 35.76 24.22 26.41 35.76 59.91 31.12 37.63 49.90 49.17
 5769.25 30.26 24.99 26.34 35.91 24.15 26.35 35.67 60.12 31.05 37.55 49.78 49.06
 5770.25 30.23 25.04 26.38 36.18 24.18 26.40 35.69 60.41 31.08 37.57 49.77 49.06
 5771.25 30.46 25.36 26.69 36.72 24.49 26.73 35.99 60.78 31.40 37.87 50.01 49.32
 5772.25 30.64 25.63 26.95 37.19 24.74 27.00 36.22 60.87 31.66 38.11 50.19 49.51
 5773.25 30.59 25.67 26.97 37.44 24.77 27.04 36.23 62.48 31.68 38.12 50.16 49.50
 5774.25 30.58 25.74 27.03 37.72 24.82 27.11 36.27 72.91 31.74 38.17 50.16 49.52
 5775.25 30.56 25.80 27.08 37.99 24.87 27.17 36.30 85.18 31.80 38.20 50.16 49.53
 5776.25 30.56 25.87 27.13 38.26 24.92 27.23 36.34 88.23 31.86 38.24 50.16 49.54
 5777.25 30.45 25.81 27.07 38.41 24.85 27.18 36.25 87.93 31.81 38.16 50.04 49.44
 5778.25 30.22 25.64 26.89 38.45 24.67 27.01 36.06 87.35 31.65 37.97 49.83 49.25
 5779.25 30.13 25.61 26.84 38.62 24.62 26.98 35.99 86.85 31.62 37.91 49.74 49.20
 5780.25 30.20 25.74 26.96 38.96 24.74 27.11 36.09 86.46 31.76 38.02 49.80 49.33
 5781.25 30.32 25.91 27.12 39.33 24.90 27.28 36.23 86.09 31.93 38.16 49.90 49.50
 5782.25 30.36 26.01 27.21 39.63 25.00 27.39 36.31 85.66 32.04 38.23 49.92 49.61
 5783.25 30.34 26.05 27.24 39.87 25.03 27.42 36.34 85.19 32.08 38.24 49.90 49.65
 5784.25 30.36 26.13 27.30 40.15 25.11 27.50 36.42 84.75 32.16 38.29 49.91 49.74
 5785.25 30.32 26.15 27.31 40.36 25.12 27.52 36.45 84.26 32.18 38.28 49.86 49.77
 5786.25 30.29 26.18 27.32 40.59 25.14 27.55 36.49 83.78 32.22 38.28 49.82 49.80
 5787.25 30.31 26.26 27.39 40.87 25.22 27.63 36.57 83.32 32.30 38.33 49.83 49.89
 5788.25 30.19 26.20 27.32 41.01 25.15 27.57 36.53 82.77 32.25 38.25 49.72 49.85
 5789.25 30.06 26.12 27.23 41.13 25.07 27.50 36.46 82.21 32.18 38.15 49.59 49.80
 5790.25 29.92 26.05 27.15 41.26 25.00 27.42 36.40 81.64 32.11 38.05 49.46 49.74
 5791.25 29.70 25.89 26.97 41.30 24.83 27.26 36.25 81.01 31.95 37.87 49.25 49.61
 5792.25 29.62 25.87 26.94 41.48 24.81 27.24 36.24 80.47 31.93 37.82 49.17 49.60
 5793.25 29.63 25.93 27.00 41.70 24.86 27.31 36.31 79.98 32.00 37.86 49.16 49.67
 5794.25 29.43 25.80 26.86 41.61 24.73 27.17 36.19 79.35 31.87 37.70 48.98 49.56
 5795.25 29.42 25.85 26.90 41.57 24.77 27.22 36.24 78.84 31.92 37.72 48.96 49.62
 5796.25 29.65 26.14 27.19 41.74 25.06 27.52 36.54 78.51 32.22 37.98 49.16 49.90
 5797.25 29.66 26.21 27.26 41.68 25.12 27.58 36.61 78.00 32.29 38.02 49.16 49.97
 5798.25 28.73 25.35 26.39 40.73 24.26 26.72 35.77 76.82 31.43 37.14 48.30 49.19
 5799.25 28.82 25.49 26.53 40.75 24.40 26.87 35.92 76.37 31.57 37.26 48.37 49.33
 5800.25 29.52 26.25 27.28 41.37 25.14 27.63 36.68 76.36 32.34 37.98 49.00 50.03
 5801.25 29.31 26.10 27.13 41.11 24.99 27.48 36.54 75.68 32.19 37.81 48.80 49.91
 5802.25 29.13 25.98 27.01 40.88 24.87 27.37 36.44 75.02 32.08 37.69 48.64 49.82
 5803.25 28.95 25.85 26.89 40.64 24.75 27.25 36.32 74.35 31.96 37.57 48.49 49.71
 5804.25 28.74 25.69 26.73 40.37 24.60 27.11 36.18 73.65 31.81 37.42 48.34 49.59
 5805.25 28.74 25.74 26.78 40.30 24.64 27.16 36.24 73.10 31.87 37.47 48.36 49.64
 5806.25 28.75 25.79 26.83 40.23 24.69 27.23 36.31 72.54 31.93 37.53 48.40 49.70
 5807.25 28.73 25.79 26.84 40.12 24.70 27.25 36.33 71.95 31.95 37.54 48.40 49.72
 5808.25 28.65 25.74 26.80 39.95 24.65 27.21 36.29 71.31 31.90 37.49 48.34 49.68
 5809.25 28.59 25.71 26.77 39.81 24.63 27.19 36.27 70.67 31.88 37.47 48.30 49.67
 5810.25 28.47 25.62 26.69 39.60 24.54 27.12 36.20 69.99 31.80 37.39 48.21 49.60
 5811.25 28.41 25.59 26.65 39.45 24.51 27.09 36.18 69.34 31.77 37.35 48.16 49.58
 5812.25 28.35 25.56 26.63 39.30 24.49 27.08 36.17 68.69 31.76 37.33 48.12 49.57
 5813.25 28.28 25.52 26.59 39.15 24.45 27.05 36.14 68.03 31.73 37.30 48.07 49.54
 5814.25 28.30 25.56 26.64 39.07 24.49 27.11 36.20 67.42 31.78 37.34 48.10 49.59
 5815.25 28.27 25.57 26.65 38.95 24.50 27.13 36.22 66.78 31.79 37.35 48.09 49.61
 5816.25 28.28 25.61 26.69 38.88 24.55 27.18 36.27 66.16 31.84 37.40 48.12 49.66
 5817.25 28.33 25.68 26.77 38.83 24.62 27.27 36.36 65.57 31.93 37.48 48.18 49.74
 5818.25 28.26 25.64 26.73 38.67 24.59 27.25 36.34 64.94 31.90 37.45 48.13 49.72
 5819.25 28.05 25.46 26.56 38.37 24.41 27.08 36.17 64.42 31.73 37.27 47.95 49.56
 5820.25 27.95 25.39 26.49 38.18 24.34 27.02 36.11 64.21 31.66 37.20 47.87 49.51
 5821.25 27.92 25.39 26.49 38.06 24.35 27.03 36.13 64.13 31.67 37.21 47.86 49.52
 5822.25 27.81 25.31 26.41 37.86 24.27 26.97 36.06 63.98 31.60 37.13 47.77 49.46
 5823.25 27.73 25.26 26.37 37.68 24.23 26.93 36.03 63.85 31.56 37.09 47.71 49.43
 5824.25 27.64 25.20 26.31 37.51 24.18 26.88 35.99 63.72 31.51 37.04 47.65 49.39
 5825.25 27.64 25.23 26.35 37.41 24.21 26.93 36.03 63.67 31.56 37.07 47.67 49.43
 5826.25 27.73 25.36 26.47 37.41 24.34 27.06 36.17 63.69 31.71 37.20 47.77 49.56
 5827.25 27.74 25.39 26.50 37.32 24.37 27.11 36.22 63.63 31.77 37.24 47.79 49.60
 5828.25 27.70 25.38 26.48 37.19 24.37 27.11 36.23 63.54 31.79 37.23 47.77 49.61
 5829.25 27.76 25.46 26.56 37.15 24.46 27.21 36.35 63.53 31.91 37.33 47.85 49.70
 5830.25 27.78 25.52 26.60 37.08 24.52 27.28 36.44 63.50 32.00 37.39 47.89 49.77
 5831.25 27.75 25.51 26.57 36.95 24.52 27.29 36.46 63.41 32.02 37.39 47.87 49.77
 5832.25 27.75 25.54 26.58 36.83 24.55 27.33 36.52 63.35 32.08 37.42 47.89 49.81
 5833.25 27.65 25.48 26.50 36.62 24.49 27.28 36.48 63.21 32.04 37.36 47.81 49.76
 5834.25 27.73 25.59 26.59 36.58 24.60 27.40 36.62 63.22 32.18 37.47 47.90 49.88
 5835.25 27.74 25.62 26.61 36.47 24.64 27.45 36.69 63.17 32.25 37.51 47.93 49.93
 5836.25 27.59 25.48 26.46 36.18 24.51 27.33 36.58 62.96 32.13 37.38 47.78 49.83
 5837.25 27.58 25.49 26.44 36.04 24.52 27.34 36.61 62.88 32.17 37.39 47.78 49.92
 5838.25 27.66 25.58 26.52 35.98 24.61 27.45 36.73 62.87 32.29 37.48 47.85 50.11
 5839.25 27.72 25.66 26.58 35.91 24.70 27.54 36.84 62.86 32.40 37.57 47.91 50.29
 5840.25 27.67 25.62 26.52 35.71 24.66 27.51 36.83 62.74 32.38 37.53 47.86 50.36
 5841.25 27.60 25.57 26.45 35.51 24.61 27.48 36.81 62.61 32.36 37.48 47.81 50.42
 5842.25 27.65 25.63 26.49 35.41 24.67 27.54 36.89 62.57 32.45 37.54 47.85 50.58
 5843.25 27.69 25.68 26.53 35.32 24.73 27.62 36.98 62.54 32.53 37.60 47.89 50.74
 5844.25 27.84 25.85 26.67 35.33 24.90 27.81 37.17 62.59 32.73 37.77 48.03 50.99
 5845.25 27.81 25.83 26.64 35.15 24.88 27.83 37.18 62.49 32.73 37.75 48.00 51.08
 5846.25 27.63 25.67 26.46 34.84 24.73 27.71 37.05 62.27 32.60 37.60 47.84 51.04
 5847.25 27.70 25.75 26.52 34.76 24.81 27.83 37.16 62.25 32.71 37.68 47.90 51.22
 5848.25 27.57 25.63 26.39 34.49 24.70 27.76 37.08 62.08 32.62 37.57 47.79 51.22
 5849.25 27.37 25.45 26.18 34.15 24.52 27.61 36.92 61.84 32.46 37.39 47.60 51.15
 5850.25 27.29 25.39 26.10 33.93 24.46 27.59 36.89 61.70 32.43 37.34 47.54 51.20
 5851.25 27.37 25.48 26.18 33.87 24.56 27.73 37.01 61.70 32.55 37.43 47.61 51.39
 5852.25 27.50 25.62 26.30 33.84 24.70 27.91 37.18 61.73 32.72 37.58 47.73 51.62
 5853.25 27.07 25.21 25.87 33.27 24.30 27.54 36.80 61.29 32.33 37.17 47.33 51.35
 5854.25 25.89 24.06 24.70 31.92 23.16 26.41 35.65 60.17 31.17 35.98 46.19 50.35
 5855.25 26.58 24.75 25.37 32.47 23.85 27.15 36.39 60.71 31.91 36.68 46.86 51.12
 5856.25 27.58 25.76 26.37 33.34 24.86 28.22 37.44 61.50 32.97 37.69 47.81 52.16
 5857.25 27.56 25.74 26.34 33.16 24.85 28.25 37.45 61.40 32.98 37.67 47.79 52.24
 5858.25 27.50 25.71 26.28 32.96 24.81 28.25 37.44 61.28 32.97 37.62 47.73 52.31
 5859.25 27.46 25.68 26.23 32.77 24.79 28.26 37.44 61.17 32.96 37.58 47.67 52.38
 5860.25 27.25 25.48 26.02 32.41 24.60 28.11 37.28 60.92 32.80 37.38 47.47 52.31
 5861.25 27.07 25.32 25.84 32.08 24.45 27.98 37.14 60.69 32.66 37.21 47.28 52.26
 5862.25 26.98 25.24 25.74 31.83 24.38 27.95 37.10 60.54 32.61 37.12 47.18 52.29
 5863.25 27.00 25.27 25.75 31.70 24.42 28.02 37.16 60.48 32.66 37.14 47.18 52.42
 5864.25 26.93 25.22 25.69 31.48 24.38 28.01 37.14 60.35 32.64 37.08 47.11 52.47
 5865.25 26.68 24.99 25.44 31.07 24.16 27.81 36.93 60.05 32.43 36.83 46.85 52.35
 5866.25 25.38 23.72 24.15 29.59 22.91 26.56 35.64 58.79 31.13 35.50 45.54 51.21
 5867.25 23.76 22.15 22.55 27.74 21.36 24.97 33.95 57.08 29.47 33.77 43.81 49.64
 5868.25 23.83 22.23 22.61 27.66 21.44 25.08 34.06 57.05 29.57 33.84 43.86 49.82
 5869.25 23.38 21.81 22.16 27.09 21.03 24.68 33.60 56.48 29.13 33.35 43.34 49.43
 5870.25 24.37 22.80 23.14 28.07 22.01 25.74 34.73 57.43 30.23 34.44 44.42 50.61
 5871.25 25.52 23.94 24.26 29.20 23.14 26.95 35.98 58.47 31.47 35.66 45.61 51.90
 5872.25 26.27 24.70 25.00 29.91 23.89 27.77 36.79 59.08 32.31 36.46 46.38 52.78
 5873.25 26.06 24.51 24.79 29.65 23.71 27.61 36.58 58.81 32.17 36.29 46.21 52.74
 5874.25 25.46 23.94 24.19 28.98 23.14 27.06 35.95 58.15 31.62 35.71 45.63 52.32
 5875.25 25.76 24.25 24.48 29.23 23.45 27.41 36.23 58.32 31.98 36.05 45.94 52.74
 5876.25 25.85 24.36 24.57 29.28 23.57 27.55 36.31 58.30 32.14 36.18 46.06 52.98
 5877.25 25.95 24.47 24.66 29.32 23.68 27.70 36.39 58.33 32.29 36.32 46.20 53.25
 5878.25 26.30 24.83 25.00 29.63 24.04 28.11 36.73 58.56 32.70 36.72 46.57 53.74
 5879.25 26.32 24.87 25.01 29.59 24.08 28.18 36.73 58.45 32.77 36.77 46.60 53.89
 5880.25 26.23 24.80 24.92 29.44 24.01 28.14 36.61 58.26 32.73 36.71 46.53 53.94
 5881.25 26.22 24.81 24.90 29.38 24.02 28.18 36.58 58.15 32.77 36.74 46.54 54.08
 5882.25 26.25 24.86 24.94 29.36 24.08 28.27 36.60 58.10 32.86 36.81 46.60 54.27
 5883.25 26.21 24.84 24.89 29.27 24.06 28.28 36.54 57.96 32.87 36.81 46.59 54.38
 5884.25 26.21 24.85 24.88 29.21 24.07 28.33 36.52 57.87 32.92 36.84 46.61 54.54
 5885.25 26.20 24.87 24.87 29.15 24.09 28.38 36.50 57.77 32.97 36.88 46.63 54.68
 5886.25 26.10 24.78 24.77 28.98 24.01 28.32 36.35 57.51 32.90 36.79 46.51 54.68
 5887.25 26.08 24.79 24.75 28.92 24.02 28.37 36.32 57.40 32.94 36.81 46.53 54.82
 5888.25 25.17 23.90 23.84 27.93 23.14 27.51 35.37 56.50 32.06 35.92 45.67 54.14
 5889.25 22.02 20.83 20.75 24.61 20.12 24.32 31.89 53.00 28.72 32.49 42.19 50.87
 5890.25 18.35 17.30 17.21 20.66 16.67 20.50 27.44 47.87 24.54 28.06 37.36 46.00
 5891.25 13.28 12.47 12.39 15.06 11.98 15.02 20.64 38.62 18.28 21.20 29.21 37.13
 5892.25 15.06 14.18 14.07 16.98 13.64 17.03 23.07 41.99 20.58 23.72 32.26 40.67
 5893.25 23.50 22.35 22.18 25.94 21.63 26.12 33.45 54.24 30.53 34.28 43.96 53.11
 5894.25 26.32 25.15 24.95 28.78 24.39 29.09 36.46 57.05 33.57 37.35 47.00 56.20
 5895.25 25.27 24.12 23.90 27.66 23.38 28.09 35.36 55.99 32.55 36.31 45.99 55.38
 5896.25 21.17 20.11 19.89 23.35 19.43 23.86 30.76 51.24 28.11 31.74 41.31 50.88
 5897.25 15.85 14.99 14.79 17.63 14.43 18.16 24.09 43.14 21.81 25.01 33.77 43.04
 5898.25 17.84 16.92 16.69 19.71 16.31 20.39 26.64 46.26 24.29 27.66 36.79 46.42
 5899.25 24.73 23.64 23.36 26.85 22.92 27.76 34.65 54.93 32.14 35.82 45.43 55.34
 5900.25 26.40 25.30 25.01 28.49 24.57 29.53 36.36 56.41 33.92 37.58 47.13 57.07
 5901.25 26.34 25.25 24.96 28.37 24.53 29.53 36.28 56.26 33.91 37.56 47.10 57.17
 5902.25 26.36 25.28 24.98 28.33 24.57 29.62 36.29 56.23 33.99 37.63 47.18 57.40
 5903.25 26.41 25.34 25.03 28.32 24.64 29.74 36.33 56.22 34.10 37.73 47.28 57.65
 5904.25 26.03 24.98 24.66 27.88 24.29 29.41 35.93 55.79 33.77 37.39 46.94 57.47
 5905.25 25.76 24.71 24.39 27.54 24.04 29.20 35.63 55.43 33.54 37.14 46.70 57.37
 5906.25 26.21 25.17 24.84 27.94 24.50 29.71 36.06 55.75 34.04 37.62 47.16 57.93
 5907.25 25.76 24.73 24.40 27.46 24.08 29.32 35.57 55.20 33.62 37.17 46.72 57.65
 5908.25 24.76 23.75 23.42 26.42 23.12 28.35 34.50 54.11 32.63 36.13 45.72 56.83
 5909.25 25.54 24.53 24.20 27.19 23.90 29.21 35.29 54.76 33.49 36.95 46.53 57.72
 5910.25 25.57 24.58 24.23 27.20 23.96 29.30 35.29 54.68 33.57 36.99 46.58 57.89
 5911.25 24.60 23.63 23.28 26.20 23.03 28.37 34.27 53.66 32.62 36.00 45.64 57.16
 5912.25 25.53 24.56 24.20 27.11 23.96 29.39 35.21 54.46 33.63 36.97 46.60 58.19
 5913.25 26.24 25.27 24.91 27.81 24.68 30.17 35.91 55.00 34.40 37.70 47.29 58.97
 5914.25 26.20 25.24 24.87 27.74 24.66 30.18 35.84 54.84 34.40 37.66 47.25 59.08
 5915.25 25.75 24.80 24.43 27.27 24.24 29.79 35.36 54.28 33.99 37.21 46.81 58.81
 5916.25 22.89 21.99 21.63 24.34 21.46 26.88 32.29 51.21 31.01 34.16 43.80 56.12
 5917.25 21.73 20.86 20.50 23.13 20.35 25.70 30.97 49.74 29.77 32.85 42.45 54.95
 5918.25 24.48 23.58 23.19 25.91 23.05 28.66 33.95 52.55 32.80 35.87 45.48 57.97
 5919.25 25.56 24.66 24.27 26.98 24.14 29.82 35.05 53.41 33.96 36.99 46.53 59.08
 5920.25 25.76 24.87 24.47 27.16 24.36 30.10 35.28 53.54 34.23 37.23 46.80 59.51
 5921.25 25.73 24.84 24.44 27.11 24.34 30.13 35.26 53.44 34.27 37.23 46.82 59.72
 5922.25 25.57 24.69 24.28 26.92 24.21 30.03 35.08 53.12 34.14 37.06 46.64 59.68
 5923.25 25.43 24.57 24.15 26.76 24.09 29.94 34.91 52.79 34.03 36.90 46.46 59.64
 5924.25 25.32 24.47 24.05 26.63 24.01 29.89 34.79 52.52 33.97 36.79 46.34 59.66
 5925.25 24.76 23.92 23.50 26.04 23.47 29.38 34.22 51.91 33.48 36.24 45.83 59.39
 5926.25 23.57 22.74 22.32 24.80 22.31 28.19 32.95 50.59 32.31 34.99 44.61 58.43
 5927.25 24.56 23.72 23.29 25.78 23.30 29.28 33.99 51.46 33.47 36.05 45.66 59.56
 5928.25 25.58 24.73 24.29 26.77 24.31 30.37 35.02 52.28 34.62 37.09 46.66 60.61
 5929.25 25.60 24.75 24.30 26.76 24.34 30.41 35.03 52.16 34.75 37.11 46.68 60.79
 5930.25 25.54 24.69 24.23 26.66 24.29 30.34 34.95 51.97 34.79 37.05 46.63 60.90
 5931.25 25.59 24.75 24.28 26.68 24.36 30.38 34.98 51.84 34.94 37.09 46.65 61.05
 5932.25 25.45 24.61 24.14 26.51 24.23 30.22 34.81 51.50 34.88 36.93 46.47 61.00
 5933.25 24.03 23.21 22.74 25.04 22.84 28.74 33.30 49.94 33.49 35.44 45.02 59.83
 5934.25 20.80 20.03 19.60 21.72 19.69 25.27 29.68 46.08 29.98 31.79 41.29 56.39
 5935.25 22.05 21.27 20.81 22.97 20.92 26.61 31.10 47.44 31.51 33.24 42.79 58.02
 5936.25 24.78 23.97 23.50 25.71 23.62 29.50 34.07 50.30 34.61 36.25 45.83 61.06
 5937.25 25.40 24.59 24.11 26.30 24.24 30.13 34.70 50.76 35.36 36.90 46.45 61.78
 5938.25 25.56 24.75 24.27 26.43 24.41 30.28 34.85 50.76 35.63 37.06 46.60 62.07
 5939.25 25.65 24.85 24.37 26.49 24.51 30.36 34.92 50.69 35.82 37.15 46.69 62.29
 5940.25 25.60 24.80 24.32 26.40 24.47 30.28 34.83 50.41 35.84 37.06 46.57 62.27
 5941.25 25.51 24.72 24.24 26.27 24.39 30.16 34.69 50.08 35.81 36.92 46.40 62.20
 5942.25 25.58 24.79 24.31 26.31 24.47 30.22 34.75 50.00 35.99 37.00 46.47 62.42
 5943.25 25.83 25.05 24.56 26.54 24.72 30.48 35.01 50.16 36.37 37.29 46.78 62.90
 5944.25 25.92 25.14 24.66 26.61 24.82 30.56 35.09 50.10 36.57 37.38 46.87 63.14
 5945.25 25.80 25.02 24.54 26.46 24.70 30.42 34.93 49.78 36.52 37.23 46.70 63.10
 5946.25 25.33 24.56 24.08 25.98 24.25 29.92 34.43 49.14 36.13 36.73 46.21 62.79
 5947.25 23.95 23.20 22.72 24.58 22.89 28.49 32.98 47.62 34.80 35.30 44.82 61.70
 5948.25 24.38 23.63 23.15 25.00 23.32 28.93 33.42 47.93 35.37 35.76 45.28 62.31
 5949.25 25.61 24.85 24.37 26.23 24.54 30.18 34.67 48.97 36.73 37.03 46.50 63.52
 5950.25 26.03 25.28 24.79 26.64 24.97 30.60 35.09 49.23 37.27 37.46 46.92 64.06
 5951.25 26.10 25.35 24.86 26.70 25.05 30.67 35.16 49.18 37.46 37.55 47.01 64.27
 5952.25 26.03 25.29 24.80 26.62 24.99 30.59 35.09 48.98 37.50 37.49 46.97 64.24
 5953.25 25.79 25.06 24.56 26.37 24.75 30.34 34.83 48.59 37.36 37.25 46.74 63.99
 5954.25 22.73 22.05 21.58 23.26 21.76 27.02 31.32 44.51 33.87 33.66 42.85 59.63
 5955.25 21.08 20.42 19.97 21.59 20.15 25.26 29.48 42.48 32.12 31.81 40.98 57.80
 5956.25 23.88 23.19 22.71 24.39 22.90 28.20 32.52 45.44 35.31 34.90 44.10 60.69
 5957.25 25.39 24.69 24.20 25.90 24.40 29.74 34.07 46.79 36.97 36.46 45.61 61.98
 5958.25 25.60 24.90 24.42 26.10 24.62 29.94 34.26 46.82 37.27 36.66 45.79 62.07
 5959.25 25.58 24.89 24.40 26.07 24.60 29.92 34.25 46.70 37.38 36.68 45.83 62.10
 5960.25 25.48 24.78 24.29 25.95 24.50 29.81 34.14 46.49 37.40 36.60 45.77 62.03
 5961.25 25.60 24.90 24.41 26.05 24.62 29.92 34.26 46.50 37.63 36.74 45.90 62.11
 5962.25 25.75 25.06 24.57 26.20 24.78 30.07 34.41 46.57 37.88 36.91 46.06 62.19
 5963.25 25.90 25.21 24.72 26.33 24.93 30.21 34.57 46.67 38.14 37.08 46.22 62.29
 5964.25 25.88 25.20 24.70 26.30 24.92 30.18 34.58 46.62 38.23 37.09 46.21 62.25
 5965.25 25.82 25.16 24.64 26.23 24.87 30.11 34.54 46.51 38.27 37.04 46.16 62.14
 5966.25 25.73 25.08 24.55 26.12 24.78 30.00 34.46 46.35 38.27 36.95 46.05 61.96
 5967.25 25.70 25.07 24.52 26.08 24.75 29.95 34.44 46.25 38.32 36.92 46.00 61.84
 5968.25 24.89 24.28 23.73 25.25 23.96 29.12 33.64 45.40 37.60 36.11 45.20 61.07
 5969.25 23.71 23.12 22.57 24.05 22.79 27.89 32.44 44.18 36.49 34.90 44.02 59.98
 5970.25 24.55 23.97 23.39 24.88 23.62 28.74 33.34 45.01 37.48 35.80 44.90 60.75
 5971.25 24.55 23.98 23.40 24.87 23.62 28.72 33.37 44.96 37.59 35.82 44.90 60.70
 5972.25 24.25 23.70 23.11 24.55 23.33 28.38 33.08 44.62 37.38 35.53 44.60 60.39
 5973.25 25.41 24.88 24.27 25.71 24.49 29.53 34.32 45.75 38.70 36.75 45.78 61.42
 5974.25 25.77 25.25 24.63 26.05 24.85 29.84 34.70 46.04 39.16 37.13 46.12 61.65
 5975.25 25.73 25.22 24.59 25.99 24.81 29.74 34.67 45.92 39.27 37.08 46.05 61.52
 5976.25 25.60 25.11 24.47 25.85 24.69 29.56 34.56 45.74 39.37 36.97 45.92 61.34
 5977.25 25.13 24.66 24.01 25.36 24.23 29.02 34.09 45.21 39.14 36.49 45.43 60.84
 5978.25 23.27 22.83 22.18 23.49 22.39 27.05 32.16 43.23 37.45 34.54 43.50 59.02
 5979.25 23.39 22.96 22.31 23.59 22.52 27.12 32.31 43.32 37.85 34.69 43.64 59.11
 5980.25 25.24 24.82 24.14 25.43 24.35 28.98 34.29 45.20 40.07 36.66 45.57 60.84
 5981.25 25.51 25.10 24.40 25.69 24.62 29.20 34.59 45.41 40.60 36.95 45.82 61.02
 5982.25 25.42 25.03 24.33 25.60 24.55 29.06 34.53 45.28 40.78 36.88 45.74 60.89
 5983.25 25.47 25.10 24.39 25.65 24.61 29.06 34.60 45.28 41.09 36.95 45.79 60.88
 5984.25 25.62 25.26 24.53 25.79 24.76 29.16 34.77 45.36 41.49 37.10 45.92 60.93
 5985.25 25.77 25.42 24.69 25.93 24.92 29.25 34.94 45.44 41.89 37.26 46.05 60.98
 5986.25 25.87 25.55 24.80 26.03 25.03 29.31 35.07 45.49 42.26 37.38 46.15 61.02
 5987.25 25.79 25.48 24.73 25.95 24.96 29.17 35.01 45.36 42.43 37.31 46.06 60.88
 5988.25 25.80 25.51 24.75 25.96 24.99 29.13 35.04 45.30 42.69 37.33 46.05 60.80
 5989.25 25.84 25.57 24.80 26.00 25.04 29.12 35.11 45.28 42.98 37.38 46.08 60.76
 5990.25 25.81 25.57 24.78 25.97 25.03 29.04 35.10 45.20 43.19 37.36 46.03 60.65
 5991.25 25.82 25.60 24.80 25.98 25.05 29.00 35.14 45.15 43.42 37.36 46.00 60.55
 5992.25 25.92 25.71 24.90 26.07 25.15 29.05 35.26 45.19 43.75 37.44 46.06 60.53
 5993.25 26.03 25.84 25.02 26.19 25.28 29.11 35.40 45.24 44.08 37.55 46.14 60.53
 5994.25 25.96 25.80 24.96 26.12 25.23 28.99 35.35 45.12 44.23 37.46 46.03 60.36
 5995.25 25.96 25.81 24.97 26.11 25.23 28.93 35.37 45.05 44.45 37.45 45.98 60.25
 5996.25 25.97 25.84 24.99 26.12 25.26 28.89 35.41 45.01 44.68 37.45 45.96 60.15
 5997.25 25.97 25.86 24.99 26.12 25.26 28.83 35.42 44.94 44.89 37.43 45.91 60.02
 5998.25 25.80 25.73 24.84 25.95 25.12 28.62 35.28 44.72 44.95 37.25 45.71 59.77
 5999.25 25.25 25.20 24.30 25.40 24.58 28.00 34.73 44.11 44.61 36.67 45.12 59.15
 6000.25 25.61 25.59 24.67 25.75 24.94 28.31 35.13 44.40 45.18 37.02 45.43 59.36
 6001.25 26.12 26.13 25.19 26.27 25.47 28.78 35.68 44.86 45.91 37.53 45.90 59.71
 6002.25 26.26 26.30 25.33 26.41 25.62 28.87 35.84 44.93 46.25 37.66 45.99 59.72
 6003.25 26.26 26.32 25.34 26.40 25.63 28.81 35.86 44.87 46.46 37.64 45.95 59.61
 6004.25 25.99 26.08 25.07 26.13 25.37 28.48 35.61 44.54 46.41 37.36 45.65 59.26
 6005.25 24.87 24.98 23.96 25.00 24.27 27.29 34.47 43.36 45.51 36.19 44.49 58.11
 6006.25 25.29 25.43 24.39 25.42 24.70 27.67 34.94 43.73 46.15 36.62 44.88 58.40
 6007.25 26.37 26.55 25.47 26.51 25.79 28.72 36.07 44.75 47.43 37.71 45.91 59.28
 6008.25 26.49 26.70 25.60 26.63 25.93 28.78 36.19 44.81 47.75 37.82 45.99 59.28
 6009.25 26.57 26.80 25.67 26.70 26.01 28.80 36.26 44.82 48.02 37.88 46.02 59.26
 6010.25 26.56 26.82 25.68 26.70 26.02 28.75 36.24 44.76 48.23 37.87 45.97 59.21
 6011.25 26.49 26.78 25.61 26.63 25.96 28.62 36.16 44.63 48.37 37.79 45.87 59.10
 6012.25 26.49 26.81 25.61 26.62 25.97 28.56 36.15 44.57 48.57 37.78 45.82 59.05
 6013.25 26.56 26.90 25.68 26.69 26.05 28.58 36.21 44.58 48.84 37.84 45.85 59.07
 6014.25 26.67 27.04 25.80 26.80 26.18 28.65 36.31 44.63 49.14 37.96 45.91 59.12
 6015.25 26.74 27.14 25.87 26.86 26.26 28.69 36.36 44.63 49.40 38.02 45.93 59.12
 6016.25 26.71 27.14 25.85 26.84 26.24 28.64 36.33 44.55 49.58 37.99 45.86 59.05
 6017.25 26.67 27.13 25.82 26.80 26.22 28.57 36.28 44.46 49.75 37.96 45.79 58.97
 6018.25 26.77 27.26 25.93 26.90 26.33 28.65 36.37 44.49 50.04 38.06 45.84 59.01
 6019.25 26.77 27.29 25.94 26.91 26.35 28.63 36.37 44.44 50.24 38.06 45.80 58.97
 6020.25 26.78 27.33 25.96 26.92 26.38 28.62 36.37 44.39 50.45 38.07 45.77 58.93
 6021.25 26.94 27.52 26.12 27.09 26.57 28.75 36.52 44.48 50.79 38.23 45.88 59.02
 6022.25 27.08 27.69 26.27 27.23 26.74 28.87 36.65 44.56 51.11 38.37 45.97 59.09
 6023.25 27.14 27.79 26.34 27.30 26.84 28.91 36.70 44.56 51.37 38.43 46.01 59.10
 6024.25 27.04 27.72 26.25 27.21 26.77 28.78 36.60 44.41 51.49 38.34 45.91 58.97
 6025.25 27.00 27.71 26.22 27.17 26.76 28.72 36.55 44.31 51.71 38.30 45.86 58.89
 6026.25 26.96 27.69 26.18 27.13 26.75 28.65 36.50 44.22 52.03 38.26 45.81 58.81
 6027.25 26.04 26.80 25.27 26.21 25.86 27.70 35.56 43.26 51.55 37.34 44.91 57.95
 6028.25 24.60 25.38 23.85 24.78 24.46 26.22 34.06 41.73 50.52 35.85 43.44 56.54
 6029.25 25.40 26.21 24.65 25.59 25.29 27.01 34.89 42.50 51.70 36.69 44.25 57.27
 6030.25 26.27 27.10 25.53 26.46 26.19 27.86 35.78 43.32 52.90 37.58 45.11 58.02
 6031.25 26.69 27.54 25.96 26.89 26.65 28.26 36.19 43.67 53.66 38.01 45.51 58.35
 6032.25 26.81 27.68 26.08 27.02 26.80 28.36 36.30 43.73 54.13 38.13 45.61 58.40
 6033.25 26.83 27.71 26.11 27.04 26.85 28.35 36.31 43.69 54.51 38.15 45.62 58.37
 6034.25 26.58 27.48 25.87 26.80 26.63 28.08 36.06 43.39 54.65 37.90 45.37 58.11
 6035.25 25.81 26.72 25.11 26.03 25.90 27.28 35.27 42.57 54.31 37.13 44.60 57.37
 6036.25 25.86 26.79 25.17 26.09 25.98 27.31 35.31 42.56 54.72 37.18 44.65 57.37
 6037.25 26.47 27.42 25.78 26.70 26.62 27.89 35.92 43.10 55.63 37.80 45.23 57.87
 6038.25 26.65 27.61 25.97 26.89 26.83 28.05 36.09 43.22 56.15 37.98 45.39 57.98
 6039.25 26.63 27.60 25.95 26.87 26.84 28.00 36.06 43.13 56.48 37.95 45.36 57.91
 6040.25 26.58 27.58 25.91 26.83 26.83 27.94 36.01 43.03 56.79 37.91 45.31 57.83
 6041.25 26.56 27.58 25.90 26.82 26.85 27.89 35.98 42.95 57.12 37.90 45.28 57.76
 6042.25 26.57 27.59 25.90 26.83 26.88 27.87 35.98 42.90 57.47 37.90 45.27 57.72
 6043.25 26.61 27.65 25.95 26.87 26.95 27.89 36.01 42.87 57.85 37.94 45.30 57.70
 6044.25 26.62 27.68 25.97 26.89 27.00 27.88 36.01 42.83 58.20 37.96 45.30 57.67
 6045.25 26.65 27.73 26.00 26.93 27.06 27.88 36.03 42.80 58.57 37.99 45.32 57.64
 6046.25 26.79 27.88 26.14 27.07 27.23 27.99 36.16 42.86 59.02 38.12 45.43 57.71
 6047.25 26.78 27.88 26.14 27.07 27.25 27.96 36.14 42.79 59.35 38.12 45.41 57.65
 6048.25 26.60 27.72 25.96 26.89 27.10 27.75 35.95 42.55 59.52 37.93 45.22 57.44
 6049.25 26.57 27.70 25.93 26.86 27.10 27.69 35.90 42.46 59.82 37.90 45.18 57.36
 6050.25 26.70 27.84 26.06 26.99 27.26 27.79 36.02 42.52 60.26 38.03 45.29 57.42
 6051.25 26.80 27.96 26.17 27.10 27.40 27.87 36.12 42.56 60.68 38.13 45.38 57.46
 6052.25 26.77 27.95 26.14 27.08 27.40 27.82 36.08 42.46 60.97 38.10 45.33 57.38
 6053.25 26.67 27.86 26.05 26.98 27.33 27.69 35.97 42.30 61.21 38.00 45.22 57.24
 6054.25 26.71 27.92 26.09 27.02 27.40 27.70 36.00 42.27 61.56 38.04 45.25 57.23
 6055.25 26.73 27.95 26.12 27.05 27.45 27.70 36.01 42.23 61.90 38.06 45.25 57.19
 6056.25 26.64 27.88 26.03 26.97 27.40 27.59 35.91 42.09 62.14 37.97 45.15 57.06
 6057.25 26.73 27.98 26.12 27.06 27.51 27.65 35.99 42.13 62.52 38.05 45.22 57.08
 6058.25 26.86 28.13 26.26 27.20 27.68 27.78 36.12 42.24 62.95 38.19 45.33 57.15
 6059.25 26.91 28.19 26.31 27.25 27.76 27.82 36.16 42.26 63.30 38.23 45.37 57.14
 6060.25 26.86 28.15 26.26 27.21 27.75 27.75 36.10 42.19 63.57 38.18 45.30 57.04
 6061.25 26.93 28.24 26.34 27.29 27.88 27.81 36.16 42.23 63.94 38.25 45.36 57.05
 6062.25 26.96 28.27 26.36 27.32 27.97 27.82 36.17 42.23 64.27 38.27 45.37 57.02
 6063.25 26.72 28.05 26.13 27.10 27.80 27.58 35.94 41.98 64.39 38.05 45.13 56.77
 6064.25 26.63 27.97 26.05 27.01 27.78 27.47 35.83 41.86 64.62 37.96 45.03 56.63
 6065.25 26.88 28.23 26.29 27.26 28.09 27.71 36.07 42.08 65.13 38.22 45.25 56.80
 6066.25 27.07 28.43 26.49 27.46 28.34 27.89 36.26 42.24 65.58 38.43 45.42 56.93
 6067.25 27.06 28.43 26.48 27.46 28.40 27.86 36.23 42.20 65.88 38.44 45.40 56.91
 6068.25 26.65 28.04 26.08 27.06 28.05 27.45 35.82 41.78 65.84 38.06 45.00 56.55
 6069.25 26.39 27.79 25.82 26.81 27.86 27.17 35.55 41.50 65.93 37.82 44.73 56.32
 6070.25 26.69 28.10 26.13 27.12 28.23 27.47 35.85 41.77 66.47 38.14 45.01 56.60
 6071.25 26.90 28.32 26.34 27.33 28.50 27.66 36.05 41.95 66.93 38.36 45.19 56.78
 6072.25 26.97 28.40 26.41 27.40 28.63 27.71 36.10 41.98 67.27 38.44 45.24 56.83
 6073.25 27.08 28.53 26.53 27.53 28.81 27.82 36.20 42.07 67.65 38.57 45.33 56.93
 6074.25 27.16 28.62 26.62 27.61 28.95 27.88 36.27 42.11 67.95 38.67 45.39 56.99
 6075.25 27.20 28.67 26.67 27.66 29.05 27.91 36.30 42.12 68.02 38.72 45.40 57.02
 6076.25 27.31 28.79 26.79 27.78 29.23 28.01 36.40 42.20 67.93 38.85 45.49 57.11
 6077.25 27.32 28.81 26.81 27.79 29.30 28.00 36.40 42.18 70.32 38.87 45.49 57.11
 6078.25 27.18 28.67 26.67 27.65 29.22 27.84 36.24 42.01 84.42 38.75 45.35 56.99
 6079.25 27.05 28.55 26.55 27.53 29.15 27.70 36.10 41.85 98.61 38.63 45.24 56.87
 6080.25 27.21 28.72 26.72 27.69 29.37 27.85 36.25 41.98101.35 38.81 45.40 57.00
 6081.25 27.05 28.56 26.56 27.53 29.27 27.67 36.07 41.79100.86 38.66 45.25 56.85
 6082.25 26.95 28.48 26.48 27.44 29.23 27.56 35.97 41.67100.29 38.58 45.18 56.77
 6083.25 27.07 28.60 26.60 27.56 29.41 27.66 36.07 41.75 99.83 38.71 45.30 56.87
 6084.25 27.12 28.66 26.66 27.62 29.52 27.69 36.10 41.77 99.33 38.77 45.36 56.91
 6085.25 27.10 28.65 26.64 27.60 29.56 27.66 36.07 41.72 98.79 38.77 45.35 56.88
 6086.25 27.24 28.80 26.79 27.75 29.76 27.78 36.20 41.82 98.34 38.92 45.49 57.00
 6087.25 26.79 28.36 26.35 27.30 29.37 27.32 35.74 41.36 97.53 38.49 45.08 56.61
 6088.25 24.94 26.50 24.52 25.45 27.55 25.45 33.83 39.45 95.71 36.62 43.24 54.88
 6089.25 25.30 26.87 24.88 25.81 27.98 25.79 34.19 39.79 95.43 37.00 43.62 55.22
 6090.25 26.90 28.49 26.48 27.43 29.66 27.38 35.82 41.38 95.98 38.65 45.22 56.70
 6091.25 27.07 28.67 26.66 27.60 29.89 27.54 35.97 41.51 95.54 38.83 45.40 56.85
 6092.25 27.05 28.66 26.65 27.58 29.93 27.50 35.94 41.47 94.97 38.83 45.39 56.83
 6093.25 27.13 28.75 26.73 27.67 30.07 27.57 36.01 41.51 94.47 38.92 45.48 56.90
 6094.25 27.17 28.82 26.78 27.72 30.17 27.59 36.03 41.52 93.93 38.97 45.53 56.93
 6095.25 27.08 28.77 26.70 27.64 30.14 27.49 35.94 41.40 93.32 38.90 45.46 56.85
 6096.25 26.86 28.59 26.48 27.43 29.98 27.25 35.70 41.16 92.61 38.70 45.25 56.65
 6097.25 26.68 28.46 26.32 27.27 29.86 27.06 35.52 40.96 91.92 38.54 45.10 56.50
 6098.25 26.77 28.59 26.42 27.38 30.02 27.14 35.61 41.02 91.41 38.65 45.20 56.58
 6099.25 26.93 28.79 26.58 27.54 30.23 27.28 35.76 41.14 90.93 38.81 45.36 56.71
 6100.25 26.82 28.72 26.48 27.44 30.21 27.16 35.66 41.00 90.27 38.72 45.26 56.61
 6101.25 26.61 28.56 26.28 27.25 30.11 26.94 35.46 40.76 89.54 38.53 45.08 56.42
 6102.25 26.86 28.86 26.54 27.52 30.48 27.18 35.71 40.98 89.12 38.80 45.33 56.64
 6103.25 27.13 29.17 26.81 27.80 30.87 27.44 35.99 41.22 88.70 39.07 45.60 56.87
 6104.25 27.21 29.29 26.90 27.89 31.07 27.51 36.07 41.29 88.15 39.17 45.68 56.94
 6105.25 26.93 29.05 26.63 27.62 30.91 27.21 35.80 41.02 87.36 38.90 45.43 56.69
 6106.25 26.72 28.88 26.42 27.42 30.81 26.99 35.58 40.82 86.60 38.70 45.23 56.50
 6107.25 26.78 28.98 26.48 27.49 30.99 27.03 35.64 40.89 86.03 38.78 45.30 56.54
 6108.25 26.73 28.96 26.42 27.44 31.04 26.96 35.59 40.84 85.37 38.73 45.25 56.49
 6109.25 26.76 29.03 26.45 27.49 31.19 26.98 35.62 40.88 84.77 38.78 45.30 56.52
 6110.25 26.85 29.16 26.53 27.59 31.40 27.05 35.71 40.98 84.21 38.88 45.39 56.59
 6111.25 26.90 29.24 26.56 27.64 31.56 27.08 35.76 41.03 83.62 38.93 45.44 56.62
 6112.25 26.89 29.28 26.55 27.65 31.67 27.06 35.76 41.04 82.98 38.93 45.44 56.61
 6113.25 26.81 29.24 26.46 27.57 31.70 26.96 35.68 40.97 82.29 38.85 45.36 56.52
 6114.25 26.83 29.29 26.46 27.59 31.83 26.96 35.69 40.99 81.66 38.87 45.37 56.52
 6115.25 27.03 29.53 26.66 27.81 32.15 27.15 35.90 41.20 81.16 39.08 45.57 56.69
 6116.25 27.06 29.60 26.68 27.84 32.29 27.16 35.93 41.24 80.52 39.11 45.59 56.70
 6117.25 27.14 29.72 26.74 27.93 32.48 27.22 36.01 41.33 79.92 39.21 45.67 56.75
 6118.25 27.27 29.88 26.86 28.07 32.72 27.34 36.14 41.46 79.35 39.36 45.79 56.85
 6119.25 27.27 29.93 26.86 28.09 32.84 27.33 36.15 41.48 78.68 39.39 45.80 56.84
 6120.25 27.17 29.86 26.74 27.99 32.84 27.20 36.04 41.38 77.93 39.31 45.69 56.73
 6121.25 27.10 29.83 26.67 27.93 32.89 27.12 35.98 41.33 77.19 39.27 45.63 56.66
 6122.25 27.16 29.93 26.72 28.00 33.06 27.17 36.04 41.39 76.54 39.36 45.69 56.70
 6123.25 27.42 30.23 26.97 28.27 33.43 27.41 36.30 41.65 76.03 39.64 45.93 56.90
 6124.25 27.58 30.43 27.12 28.44 33.70 27.56 36.46 41.82 75.47 39.82 46.08 57.01
 6125.25 27.46 30.35 26.99 28.33 33.69 27.42 36.34 41.71 74.91 39.72 45.96 56.88
 6126.25 27.42 30.34 26.94 28.29 33.75 27.36 36.29 41.67 74.67 39.70 45.91 56.80
 6127.25 27.47 30.45 26.98 28.35 33.92 27.40 36.35 41.73 74.62 39.78 45.96 56.81
 6128.25 27.51 30.54 27.00 28.39 34.06 27.41 36.38 41.77 74.55 39.83 45.99 56.80
 6129.25 27.49 30.58 26.98 28.38 34.15 27.38 36.36 41.76 74.45 39.84 45.97 56.75
 6130.25 27.55 30.70 27.03 28.46 34.32 27.43 36.43 41.83 74.41 39.93 46.03 56.77
 6131.25 27.62 30.82 27.09 28.52 34.50 27.48 36.49 41.90 74.37 40.01 46.09 56.79
 6132.25 27.64 30.90 27.09 28.53 34.62 27.48 36.51 41.93 74.29 40.05 46.10 56.77
 6133.25 27.59 30.91 27.04 28.46 34.68 27.41 36.46 41.89 74.17 40.03 46.04 56.70
 6134.25 27.47 30.85 26.91 28.32 34.68 27.28 36.35 41.79 74.00 39.94 45.92 56.56
 6135.25 27.50 30.93 26.93 28.33 34.82 27.29 36.38 41.83 73.94 40.00 45.93 56.56
 6136.25 27.60 31.08 27.01 28.40 35.02 27.37 36.47 41.93 73.92 40.11 46.00 56.60
 6137.25 27.51 31.05 26.91 28.29 35.03 27.26 36.39 41.85 73.77 40.05 45.90 56.49
 6138.25 27.24 30.83 26.63 27.99 34.87 26.97 36.11 41.59 73.48 39.80 45.62 56.22
 6139.25 27.60 31.24 26.97 28.32 35.33 27.31 36.46 41.94 73.66 40.17 45.94 56.49
 6140.25 27.06 30.74 26.41 27.75 34.93 26.74 35.92 41.42 73.15 39.66 45.40 55.98
 6141.25 26.31 30.04 25.65 26.97 34.37 25.98 35.16 40.68 72.46 38.92 44.65 55.26
 6142.25 27.24 31.04 26.57 27.89 35.53 26.90 36.10 41.62 73.13 39.88 45.54 56.07
 6143.25 27.97 31.81 27.27 28.58 36.46 27.61 36.82 42.32 73.59 40.61 46.20 56.67
 6144.25 27.53 31.43 26.81 28.12 36.24 27.16 36.39 41.91 73.17 40.20 45.77 56.25
 6145.25 26.42 30.36 25.69 26.98 35.34 26.05 35.28 40.82 72.20 39.12 44.68 55.21
 6146.25 25.98 29.96 25.23 26.51 35.09 25.59 34.82 40.36 71.73 38.68 44.21 54.75
 6147.25 27.20 31.25 26.43 27.71 36.54 26.80 36.07 41.60 72.65 39.94 45.40 55.86
 6148.25 27.52 31.62 26.72 28.00 37.07 27.10 36.39 41.92 72.81 40.27 45.68 56.10
 6149.25 26.13 30.27 25.32 26.58 35.87 25.71 34.99 40.53 71.58 38.89 44.29 54.78
 6150.25 24.94 29.09 24.11 25.36 34.82 24.51 33.74 39.29 70.42 37.66 43.03 53.56
 6151.25 26.50 30.75 25.65 26.91 36.67 26.06 35.38 40.93 71.72 39.31 44.63 55.06
 6152.25 27.23 31.54 26.35 27.60 37.61 26.77 36.12 41.67 72.22 40.06 45.32 55.69
 6153.25 27.48 31.84 26.58 27.83 38.07 27.01 36.37 41.94 72.32 40.33 45.54 55.88
 6154.25 27.71 32.13 26.79 28.04 38.50 27.23 36.61 42.19 72.41 40.57 45.74 56.05
 6155.25 27.74 32.21 26.80 28.04 38.73 27.25 36.64 42.24 72.34 40.62 45.75 56.04
 6156.25 27.81 32.33 26.84 28.08 39.00 27.30 36.71 42.32 72.29 40.70 45.78 56.05
 6157.25 27.33 31.89 26.34 27.57 38.72 26.81 36.23 41.87 71.82 40.25 45.30 55.59
 6158.25 26.89 31.50 25.88 27.10 38.48 26.36 35.79 41.46 71.37 39.82 44.85 55.14
 6159.25 26.95 31.61 25.92 27.14 38.75 26.42 35.86 41.54 71.33 39.91 44.89 55.17
 6160.25 27.09 31.80 26.04 27.26 39.09 26.55 36.00 41.70 71.35 40.06 45.01 55.26
 6161.25 27.63 32.40 26.56 27.77 39.82 27.07 36.55 42.25 71.68 40.62 45.51 55.70
 6162.25 27.82 32.63 26.72 27.93 40.20 27.25 36.74 42.46 71.73 40.82 45.66 55.83
 6163.25 28.05 32.91 26.93 28.13 40.62 27.47 36.97 42.70 71.81 41.06 45.86 55.99
 6164.25 28.34 33.25 27.20 28.40 41.10 27.74 37.25 42.99 71.93 41.35 46.10 56.20
 6165.25 28.29 33.24 27.12 28.32 41.24 27.68 37.21 42.96 71.80 41.32 46.03 56.12
 6166.25 28.10 33.10 26.92 28.10 41.26 27.48 37.03 42.81 71.56 41.16 45.84 55.92
 6167.25 28.01 33.05 26.79 27.98 41.35 27.37 36.93 42.73 71.39 41.08 45.72 55.79
 6168.25 28.00 33.09 26.76 27.94 41.53 27.35 36.92 42.74 71.28 41.08 45.69 55.74
 6169.25 27.87 33.00 26.61 27.79 41.60 27.21 36.80 42.64 71.08 40.96 45.54 55.59
 6170.25 27.76 32.94 26.48 27.65 41.68 27.08 36.68 42.54 70.89 40.85 45.41 55.44
 6171.25 26.56 31.76 25.27 26.44 40.66 25.88 35.47 41.36 69.79 39.63 44.20 54.28
 6172.25 24.68 29.84 23.38 24.53 38.86 23.99 33.48 39.39 67.94 37.63 42.19 52.33
 6173.25 26.30 31.57 24.95 26.13 40.76 25.58 35.19 41.12 69.34 39.34 43.87 53.93
 6174.25 27.96 33.31 26.58 27.77 42.62 27.23 36.88 42.81 70.63 41.01 45.49 55.45
 6175.25 28.13 33.52 26.72 27.91 42.97 27.38 37.05 42.99 70.66 41.17 45.63 55.55
 6176.25 27.87 33.31 26.44 27.63 42.90 27.11 36.79 42.75 70.34 40.91 45.35 55.28
 6177.25 27.29 32.76 25.84 27.03 42.51 26.51 36.20 42.19 69.75 40.32 44.76 54.70
 6178.25 26.96 32.47 25.49 26.68 42.36 26.17 35.86 41.88 69.35 39.98 44.40 54.34
 6179.25 27.88 33.45 26.39 27.58 43.44 27.07 36.79 42.81 70.00 40.89 45.28 55.15
 6180.25 28.19 33.80 26.67 27.86 43.80 27.36 37.10 43.12 70.12 41.18 45.54 55.38
 6181.25 28.18 33.83 26.65 27.83 43.71 27.34 37.09 43.13 70.00 41.16 45.50 55.32
 6182.25 28.21 33.91 26.67 27.84 43.63 27.36 37.12 43.18 69.91 41.19 45.51 55.29
 6183.25 28.19 33.93 26.63 27.80 43.48 27.32 37.10 43.17 69.77 41.16 45.46 55.21
 6184.25 28.16 33.94 26.58 27.74 43.33 27.27 37.06 43.16 69.63 41.12 45.40 55.11
 6185.25 27.98 33.81 26.39 27.54 43.03 27.09 36.89 43.01 69.38 40.94 45.21 54.89
 6186.25 27.82 33.69 26.21 27.36 42.75 26.91 36.73 42.87 69.13 40.78 45.03 54.68
 6187.25 28.20 34.12 26.58 27.72 43.00 27.28 37.12 43.26 69.32 41.14 45.37 54.96
 6188.25 28.40 34.36 26.76 27.90 43.06 27.47 37.34 43.47 69.36 41.33 45.51 55.08
 6189.25 28.41 34.41 26.75 27.89 42.94 27.46 37.38 43.49 69.25 41.33 45.47 55.02
 6190.25 28.34 34.38 26.66 27.80 42.75 27.38 37.34 43.44 69.09 41.26 45.35 54.90
 6191.25 28.43 34.49 26.74 27.86 42.71 27.46 37.47 43.55 69.04 41.34 45.38 54.92
 6192.25 28.68 34.70 26.97 28.09 42.82 27.69 37.74 43.80 69.12 41.57 45.55 55.07
 6193.25 28.67 34.64 26.94 28.06 42.69 27.67 37.77 43.81 68.99 41.55 45.49 55.00
 6194.25 27.89 33.79 26.15 27.25 41.80 26.88 37.03 43.07 68.25 40.78 44.69 54.24
 6195.25 27.99 33.84 26.24 27.34 41.78 26.97 37.17 43.20 68.22 40.88 44.74 54.27
 6196.25 28.54 34.34 26.77 27.87 42.19 27.51 37.76 43.75 68.56 41.42 45.22 54.71
 6197.25 28.53 34.27 26.75 27.85 42.06 27.50 37.79 43.77 68.44 41.41 45.16 54.64
 6198.25 28.68 34.37 26.89 27.98 42.08 27.64 37.98 43.93 68.44 41.55 45.25 54.72
 6199.25 28.83 34.47 27.04 28.12 42.11 27.79 38.17 44.07 68.45 41.70 45.35 54.80
 6200.25 28.87 34.46 27.07 28.15 42.02 27.82 38.25 44.08 68.37 41.74 45.34 54.78
 6201.25 28.86 34.39 27.04 28.12 41.89 27.81 38.28 44.03 68.25 41.72 45.28 54.71
 6202.25 28.83 34.31 27.01 28.08 41.74 27.77 38.30 43.96 68.11 41.70 45.21 54.63
 6203.25 27.75 33.17 25.93 26.98 40.55 26.69 37.26 42.87 67.11 40.63 44.11 53.58
 6204.25 25.65 30.95 23.85 24.88 38.25 24.60 35.12 40.67 65.09 38.46 41.90 51.45
 6205.25 26.93 32.22 25.10 26.14 39.46 25.86 36.50 41.96 66.16 39.79 43.18 52.68
 6206.25 28.56 33.82 26.70 27.75 40.98 27.48 38.20 43.55 67.44 41.43 44.75 54.15
 6207.25 28.82 34.03 26.96 28.00 41.11 27.74 38.50 43.77 67.53 41.68 44.95 54.33
 6208.25 28.74 33.90 26.87 27.92 40.90 27.65 38.46 43.65 67.35 41.60 44.83 54.20
 6209.25 28.35 33.45 26.47 27.52 40.40 27.26 38.12 43.24 66.92 41.22 44.41 53.80
 6210.25 28.19 33.24 26.30 27.35 40.11 27.09 38.00 43.04 66.67 41.06 44.20 53.59
 6211.25 28.17 33.16 26.27 27.33 39.96 27.07 38.02 42.98 66.53 41.04 44.13 53.51
 6212.25 26.33 31.23 24.46 25.50 37.95 25.25 36.18 41.08 64.77 39.16 42.22 51.67
 6213.25 25.80 30.62 23.93 24.96 37.26 24.71 35.65 40.47 64.14 38.60 41.61 51.06
 6214.25 27.19 32.01 25.30 26.34 38.59 26.09 37.15 41.89 65.33 40.05 43.01 52.41
 6215.25 27.79 32.57 25.89 26.93 39.07 26.68 37.81 42.46 65.73 40.66 43.57 52.92
 6216.25 28.66 33.39 26.75 27.79 39.80 27.54 38.72 43.27 66.33 41.52 44.36 53.66
 6217.25 28.86 33.53 26.95 27.99 39.87 27.73 38.95 43.42 66.37 41.71 44.50 53.78
 6218.25 28.84 33.45 26.92 27.96 39.72 27.71 38.97 43.36 66.23 41.68 44.43 53.70
 6219.25 28.72 33.28 26.80 27.84 39.47 27.58 38.90 43.21 66.02 41.57 44.27 53.54
 6220.25 28.67 33.17 26.75 27.78 39.28 27.53 38.89 43.12 65.85 41.51 44.17 53.43
 6221.25 28.73 33.18 26.80 27.83 39.19 27.58 38.99 43.14 65.78 41.59 44.18 53.42
 6222.25 27.71 32.10 25.80 26.81 38.02 26.57 38.01 42.09 64.79 40.63 43.13 52.42
 6223.25 25.36 29.61 23.49 24.47 35.40 24.23 35.59 39.60 62.44 38.23 40.62 49.98
 6224.25 26.59 30.82 24.69 25.68 36.54 25.44 36.93 40.86 63.51 39.60 41.87 51.19
 6225.25 28.54 32.74 26.62 27.63 38.39 27.38 38.97 42.80 65.12 41.65 43.80 53.02
 6226.25 28.63 32.75 26.71 27.71 38.32 27.47 39.10 42.85 65.04 41.80 43.84 53.04
 6227.25 28.57 32.61 26.66 27.66 38.12 27.42 39.10 42.76 64.84 41.82 43.74 52.94
 6228.25 28.63 32.60 26.72 27.72 38.03 27.49 39.21 42.79 64.74 41.95 43.76 52.94
 6229.25 28.58 32.48 26.68 27.67 37.83 27.45 39.21 42.71 64.54 41.98 43.67 52.84
 6230.25 28.49 32.31 26.59 27.58 37.59 27.37 39.17 42.59 64.31 41.96 43.54 52.71
 6231.25 28.57 32.31 26.68 27.66 37.52 27.45 39.29 42.64 64.22 42.10 43.57 52.73
 6232.25 28.76 32.43 26.88 27.86 37.56 27.66 39.53 42.79 64.23 42.36 43.72 52.85
 6233.25 28.69 32.28 26.81 27.78 37.33 27.59 39.52 42.69 64.01 42.36 43.60 52.73
 6234.25 28.20 31.71 26.33 27.30 36.69 27.11 39.10 42.18 63.44 41.95 43.08 52.23
 6235.25 25.77 29.16 23.95 24.89 34.02 24.72 36.65 39.63 61.00 39.51 40.53 49.74
 6236.25 23.25 26.45 21.51 22.41 31.12 22.25 33.93 36.78 58.09 36.76 37.66 46.86
 6237.25 21.52 24.53 19.86 20.72 28.99 20.56 31.95 34.66 55.73 34.74 35.52 44.61
 6238.25 22.21 25.19 20.52 21.39 29.63 21.24 32.83 35.46 56.45 35.64 36.32 45.44
 6239.25 25.13 28.20 23.35 24.27 32.72 24.12 36.23 38.81 59.70 39.09 39.67 48.84
 6240.25 27.60 30.66 25.78 26.72 35.16 26.57 38.90 41.39 61.97 41.77 42.23 51.33
 6241.25 27.15 30.12 25.33 26.27 34.53 26.13 38.51 40.90 61.39 41.38 41.73 50.83
 6242.25 26.18 29.05 24.39 25.31 33.37 25.17 37.56 39.85 60.30 40.44 40.68 49.79
 6243.25 26.23 29.03 24.44 25.36 33.26 25.23 37.68 39.88 60.19 40.56 40.70 49.78
 6244.25 26.61 29.34 24.82 25.73 33.50 25.62 38.15 40.24 60.40 41.03 41.07 50.11
 6245.25 26.02 28.66 24.26 25.13 32.73 25.05 37.60 39.59 59.66 40.48 40.42 49.44
 6246.25 27.38 29.96 25.59 26.46 33.97 26.40 39.07 40.97 60.78 41.94 41.79 50.74
 6247.25 28.69 31.21 26.89 27.75 35.14 27.71 40.46 42.26 61.79 43.32 43.07 51.93
 6248.25 28.68 31.12 26.88 27.72 34.97 27.71 40.51 42.24 61.62 43.37 43.03 51.86
 6249.25 27.92 30.28 26.13 26.94 34.04 26.96 39.83 41.48 60.79 42.70 42.26 51.09
 6250.25 28.01 30.29 26.21 27.01 33.97 27.06 39.98 41.55 60.71 42.85 42.31 51.11
 6251.25 28.57 30.78 26.77 27.56 34.37 27.63 40.61 42.09 61.04 43.47 42.84 51.58
 6252.25 28.71 30.84 26.90 27.67 34.34 27.77 40.81 42.21 60.99 43.67 42.94 51.65
 6253.25 28.67 30.72 26.87 27.62 34.14 27.75 40.84 42.16 60.80 43.70 42.88 51.56
 6254.25 28.82 30.80 27.02 27.75 34.13 27.91 41.06 42.30 60.77 43.91 43.00 51.64
 6255.25 28.89 30.79 27.09 27.81 34.03 27.99 41.20 42.35 60.66 44.05 43.04 51.64
 6256.25 28.82 30.65 27.02 27.72 33.80 27.93 41.20 42.28 60.44 44.05 42.95 51.53
 6257.25 28.40 30.18 26.61 27.29 33.22 27.53 40.86 41.86 59.92 43.72 42.52 51.08
 6258.25 25.78 27.48 24.04 24.68 30.36 24.94 38.21 39.13 57.22 41.07 39.77 48.38
 6259.25 20.67 22.16 19.10 19.67 24.70 19.92 32.32 33.13 50.85 35.08 33.74 42.12
 6260.25 21.58 23.07 19.98 20.54 25.58 20.82 33.50 34.24 51.89 36.29 34.84 43.26
 6261.25 27.13 28.71 25.36 25.97 31.39 26.31 39.85 40.53 58.07 42.70 41.13 49.61
 6262.25 28.62 30.17 26.84 27.44 32.85 27.81 41.43 42.03 59.29 44.27 42.61 51.01
 6263.25 28.08 29.59 26.31 26.89 32.25 27.28 40.97 41.49 58.65 43.81 42.06 50.45
 6264.25 27.94 29.40 26.17 26.74 32.05 27.16 40.90 41.34 58.35 43.75 41.89 50.26
 6265.25 28.04 29.46 26.27 26.82 32.09 27.27 41.07 41.43 58.27 43.91 41.97 50.29
 6266.25 25.80 27.15 24.08 24.59 29.73 25.06 38.81 39.09 55.91 41.65 39.61 47.96
 6267.25 24.79 26.08 23.10 23.59 28.62 24.08 37.78 37.98 54.67 40.62 38.49 46.81
 6268.25 27.54 28.82 25.79 26.29 31.40 26.82 40.78 40.89 57.28 43.61 41.39 49.63
 6269.25 27.88 29.12 26.13 26.61 31.69 27.17 41.19 41.23 57.44 44.02 41.71 49.91
 6270.25 27.31 28.50 25.57 26.03 31.05 26.62 40.69 40.64 56.74 43.52 41.11 49.30
 6271.25 28.23 29.38 26.48 26.93 31.92 27.55 41.68 41.56 57.41 44.49 42.00 50.13
 6272.25 28.65 29.76 26.91 27.34 32.29 28.00 42.17 41.96 57.61 44.97 42.39 50.47
 6273.25 28.50 29.56 26.76 27.17 32.08 27.87 42.09 41.81 57.30 44.91 42.22 50.27
 6274.25 28.32 29.34 26.59 26.98 31.84 27.71 41.99 41.63 56.98 44.89 42.02 50.05
 6275.25 28.10 29.07 26.37 26.75 31.55 27.51 41.82 41.38 56.61 44.87 41.76 49.75
 6276.25 25.31 26.20 23.64 23.99 28.61 24.75 38.86 38.35 53.51 42.07 38.71 46.66
 6277.25 23.40 24.22 21.80 22.12 26.53 22.88 36.66 36.09 51.02 39.99 36.43 44.23
 6278.25 26.16 26.97 24.50 24.82 29.34 25.64 39.70 39.09 53.92 43.24 39.42 47.18
 6279.25 26.83 27.60 25.15 25.45 29.98 26.32 40.49 39.86 54.72 44.28 40.18 47.96
 6280.25 26.73 27.45 25.05 25.33 29.83 26.24 40.43 39.80 54.69 44.48 40.11 47.89
 6281.25 28.02 28.71 26.32 26.60 31.08 27.55 41.77 41.13 55.92 46.04 41.42 49.15
 6282.25 28.40 29.04 26.70 26.96 31.41 27.94 42.16 41.52 56.25 46.65 41.79 49.49
 6283.25 28.29 28.89 26.60 26.84 31.25 27.86 42.08 41.43 56.17 46.82 41.69 49.38
 6284.25 28.21 28.76 26.51 26.74 31.10 27.79 42.02 41.36 56.08 47.00 41.61 49.28
 6285.25 28.25 28.76 26.56 26.78 31.09 27.85 42.08 41.42 56.13 47.30 41.65 49.31
 6286.25 28.29 28.75 26.60 26.80 31.07 27.91 42.12 41.46 56.12 47.57 41.67 49.30
 6287.25 27.93 28.34 26.25 26.43 30.64 27.57 41.75 41.08 55.70 47.43 41.28 48.88
 6288.25 23.78 24.13 22.20 22.35 26.31 23.46 37.24 36.57 51.22 43.14 36.75 44.33
 6289.25 20.33 20.62 18.87 19.01 22.62 20.04 33.07 32.41 46.75 39.04 32.57 39.93
 6290.25 24.38 24.67 22.78 22.91 26.81 24.08 37.90 37.21 51.76 44.25 37.37 44.88
 6291.25 27.41 27.69 25.74 25.87 29.86 27.12 41.18 40.49 54.94 47.76 40.63 48.11
 6292.25 27.67 27.92 26.01 26.12 30.05 27.40 41.40 40.71 55.04 48.17 40.83 48.25
 6293.25 27.88 28.11 26.22 26.31 30.20 27.63 41.62 40.93 55.20 48.61 41.03 48.42
 6294.25 28.16 28.37 26.50 26.58 30.43 27.93 41.92 41.24 55.46 49.13 41.31 48.67
 6295.25 28.14 28.33 26.49 26.55 30.34 27.93 41.85 41.21 55.29 49.25 41.22 48.53
 6296.25 28.20 28.35 26.54 26.59 30.33 28.00 41.92 41.31 55.32 49.54 41.27 48.56
 6297.25 27.87 28.00 26.21 26.25 29.94 27.69 41.62 41.05 55.04 49.50 40.95 48.26
 6298.25 26.64 26.75 25.01 25.03 28.63 26.48 40.33 39.79 53.72 48.43 39.64 46.96
 6299.25 23.90 23.98 22.34 22.34 25.76 23.77 37.33 36.82 50.69 45.65 36.64 43.93
 6300.25 17.12 17.17 15.88 15.86 18.59 17.03 28.45 28.04 40.60 36.15 27.84 34.36
 6301.25  6.60  6.61  6.07  6.06  7.23  6.57 11.87 11.68 18.27 15.95 11.57 14.89
 6302.25  4.85  4.85  4.45  4.44  5.31  4.82  8.78  8.65 13.60 11.95  8.55 11.05
 6303.25  9.85  9.84  9.07  9.05 10.74  9.82 17.34 17.12 26.00 23.26 16.90 21.48
 6304.25 24.20 24.17 22.66 22.59 25.91 24.16 37.56 37.23 50.62 46.91 36.84 44.04
 6305.25 27.77 27.71 26.15 26.05 29.53 27.74 41.48 41.19 54.46 51.04 40.75 47.95
 6306.25 27.71 27.62 26.09 25.98 29.44 27.70 41.38 41.13 54.27 51.13 40.64 47.81
 6307.25 25.76 25.64 24.17 24.05 27.44 25.76 39.36 39.14 52.30 49.38 38.61 45.81
 6308.25 20.12 20.00 18.72 18.60 21.60 20.14 32.70 32.52 45.32 42.68 31.98 38.93
 6309.25 20.84 20.69 19.42 19.28 22.32 20.88 33.58 33.44 46.21 43.82 32.85 39.84
 6310.25 26.38 26.20 24.80 24.63 28.00 26.44 39.99 39.88 52.73 50.60 39.22 46.36
 6311.25 28.04 27.82 26.43 26.24 29.65 28.12 41.72 41.64 54.35 52.49 40.95 48.05
 6312.25 28.33 28.09 26.72 26.52 29.93 28.43 42.03 41.99 54.60 53.00 41.25 48.34
 6313.25 28.29 28.03 26.69 26.47 29.86 28.40 41.98 41.97 54.49 53.15 41.19 48.27
 6314.25 28.02 27.73 26.42 26.18 29.55 28.14 41.67 41.71 54.13 53.03 40.88 47.94
 6315.25 27.98 27.67 26.39 26.13 29.49 28.12 41.64 41.70 54.03 53.20 40.84 47.88
 6316.25 28.27 27.94 26.68 26.41 29.76 28.43 41.94 42.04 54.27 53.69 41.13 48.16
 6317.25 28.38 28.01 26.79 26.50 29.84 28.55 42.04 42.18 54.31 53.98 41.22 48.23
 6318.25 28.35 27.96 26.77 26.46 29.79 28.53 42.00 42.18 54.22 54.13 41.18 48.17
 6319.25 28.44 28.03 26.87 26.55 29.85 28.64 42.07 42.28 54.20 54.37 41.24 48.21
 6320.25 28.57 28.14 27.01 26.68 29.96 28.79 42.20 42.45 54.28 54.70 41.37 48.32
 6321.25 28.07 27.62 26.53 26.19 29.44 28.30 41.72 42.01 53.79 54.46 40.88 47.84
 6322.25 25.80 25.34 24.29 23.96 27.11 26.04 39.34 39.67 51.46 52.38 38.50 45.48
 6323.25 23.94 23.48 22.49 22.15 25.20 24.19 37.25 37.64 49.33 50.51 36.43 43.38
 6324.25 26.56 26.08 25.07 24.71 27.84 26.83 40.05 40.53 52.08 53.51 39.27 46.21
 6325.25 28.08 27.59 26.58 26.21 29.35 28.37 41.57 42.13 53.54 55.20 40.83 47.73
 6326.25 28.22 27.72 26.73 26.35 29.47 28.54 41.67 42.31 53.62 55.57 40.97 47.85
 6327.25 28.11 27.60 26.63 26.24 29.32 28.43 41.49 42.23 53.45 55.79 40.84 47.71
 6328.25 27.84 27.33 26.38 25.98 29.04 28.19 41.18 41.99 53.14 55.90 40.56 47.42
 6329.25 27.80 27.28 26.35 25.95 28.97 28.16 41.07 41.98 53.03 56.22 40.50 47.34
 6330.25 25.75 25.23 24.34 23.94 26.88 26.12 38.87 39.86 50.89 54.54 38.34 45.19
 6331.25 20.53 20.06 19.28 18.92 21.52 20.88 32.71 33.75 44.48 48.56 32.24 38.88
 6332.25 22.00 21.50 20.71 20.32 23.00 22.37 34.45 35.59 46.34 50.86 34.01 40.73
 6333.25 27.27 26.72 25.87 25.43 28.33 27.69 40.31 41.56 52.27 57.16 39.90 46.69
 6334.25 28.17 27.61 26.77 26.33 29.22 28.61 41.17 42.50 53.08 58.36 40.81 47.56
 6335.25 28.09 27.52 26.70 26.25 29.11 28.54 41.04 42.45 52.94 58.63 40.72 47.45
 6336.25 28.31 27.73 26.93 26.47 29.31 28.78 41.20 42.70 53.09 59.18 40.92 47.64
 6337.25 28.47 27.88 27.10 26.63 29.44 28.96 41.30 42.89 53.17 59.66 41.07 47.76
 6338.25 28.33 27.73 26.97 26.49 29.27 28.83 41.11 42.78 52.98 59.87 40.91 47.60
 6339.25 28.11 27.50 26.76 26.27 29.03 28.62 40.83 42.59 52.71 60.02 40.68 47.35
 6340.25 28.17 27.56 26.84 26.34 29.08 28.71 40.84 42.68 52.70 60.41 40.73 47.39
 6341.25 26.41 25.80 25.11 24.61 27.30 26.95 38.97 40.90 50.90 59.08 38.90 45.57
 6342.25 23.94 23.34 22.70 22.21 24.80 24.48 36.22 38.20 48.16 56.82 36.20 42.85
 6343.25 25.98 25.35 24.70 24.19 26.85 26.54 38.39 40.43 50.33 59.32 38.41 45.06
 6344.25 27.69 27.04 26.41 25.88 28.57 28.28 40.13 42.22 52.00 61.30 40.19 46.80
 6345.25 27.69 27.04 26.42 25.88 28.57 28.30 40.07 42.21 51.93 61.63 40.18 46.77
 6346.25 27.86 27.20 26.60 26.05 28.74 28.49 40.18 42.37 52.02 62.09 40.33 46.90
 6347.25 27.83 27.16 26.58 26.03 28.70 28.47 40.09 42.33 51.92 62.37 40.28 46.83
 6348.25 27.77 27.10 26.54 25.98 28.65 28.44 39.99 42.28 51.82 62.66 40.22 46.76
 6349.25 26.56 25.88 25.35 24.78 27.42 27.23 38.68 41.03 50.56 61.86 38.96 45.51
 6350.25 24.71 24.05 23.55 22.99 25.56 25.39 36.65 39.04 48.55 60.32 36.97 43.50
 6351.25 26.32 25.63 25.14 24.56 27.18 27.03 38.32 40.77 50.19 62.25 38.68 45.20
 6352.25 27.60 26.91 26.43 25.83 28.47 28.34 39.60 42.10 51.42 63.78 40.01 46.49
 6353.25 27.72 27.02 26.55 25.95 28.59 28.47 39.67 42.21 51.47 64.20 40.13 46.58
 6354.25 27.76 27.05 26.61 25.99 28.63 28.54 39.65 42.25 51.45 64.55 40.18 46.61
 6355.25 27.83 27.12 26.69 26.07 28.70 28.63 39.67 42.32 51.45 64.91 40.26 46.68
 6356.25 27.40 26.69 26.27 25.65 28.26 28.22 39.17 41.88 50.98 64.84 39.84 46.26
 6357.25 24.07 23.38 23.00 22.41 24.90 24.88 35.53 38.28 47.36 61.79 36.25 42.67
 6358.25 22.02 21.36 21.00 20.44 22.81 22.82 33.12 35.88 44.84 59.69 33.89 40.23
 6359.25 25.62 24.91 24.54 23.94 26.47 26.49 37.13 40.00 48.96 64.05 37.99 44.41
 6360.25 27.64 26.91 26.55 25.94 28.49 28.55 39.19 42.11 50.96 66.27 40.12 46.51
 6361.25 27.67 26.93 26.59 25.98 28.52 28.60 39.17 42.13 50.93 66.63 40.18 46.57
 6362.25 27.47 26.73 26.40 25.80 28.32 28.42 38.91 41.93 50.68 66.80 40.02 46.42
 6363.25 26.30 25.57 25.25 24.66 27.14 27.27 37.64 40.72 49.43 66.07 38.85 45.26
 6364.25 15.63 15.10 14.88 14.46 16.24 16.35 24.36 26.96 34.48 50.41 25.44 30.88
 6365.25  8.10  7.80  7.68  7.45  8.45  8.52 13.24 14.89 19.76 31.40 13.96 17.43
 6366.25  9.94  9.57  9.44  9.16 10.36 10.46 16.06 18.05 23.71 37.35 16.97 21.06
 6367.25 21.23 20.56 20.33 19.82 21.98 22.18 31.51 34.65 42.90 61.16 33.02 39.20
 6368.25 27.16 26.41 26.16 25.58 28.00 28.25 38.29 41.60 50.00 68.56 39.95 46.34
 6369.25 27.41 26.65 26.41 25.84 28.25 28.52 38.52 41.85 50.18 69.11 40.24 46.62
 6370.25 27.42 26.65 26.43 25.86 28.26 28.56 38.51 41.86 50.13 69.45 40.29 46.67
 6371.25 27.48 26.71 26.50 25.94 28.32 28.64 38.54 41.91 50.11 69.82 40.39 46.76
 6372.25 27.55 26.77 26.58 26.02 28.39 28.73 38.59 41.98 50.12 70.21 40.50 46.87
 6373.25 27.48 26.70 26.53 25.97 28.32 28.69 38.51 41.91 50.00 70.49 40.48 46.84
 6374.25 27.38 26.60 26.43 25.87 28.21 28.60 38.38 41.81 49.83 70.73 40.41 46.78
 6375.25 27.44 26.65 26.50 25.94 28.26 28.68 38.41 41.86 49.84 71.11 40.51 46.87
 6376.25 27.55 26.75 26.62 26.07 28.37 28.81 38.50 41.96 49.92 71.52 40.66 47.02
 6377.25 27.58 26.76 26.64 26.10 28.39 28.85 38.50 41.98 49.92 71.86 40.71 47.07
 6378.25 27.68 26.86 26.75 26.21 28.48 28.98 38.58 42.08 49.99 72.19 40.85 47.21
 6379.25 27.61 26.77 26.68 26.14 28.40 28.92 38.47 41.99 49.89 72.11 40.81 47.16
 6380.25 26.50 25.66 25.58 25.05 27.28 27.81 37.29 40.84 48.76 71.08 39.70 46.08
 6381.25 25.65 24.80 24.74 24.22 26.42 26.96 36.37 39.93 47.85 75.92 38.83 45.22
 6382.25 27.04 26.17 26.12 25.59 27.82 28.38 37.79 41.37 49.24101.82 40.32 46.68
 6383.25 27.55 26.67 26.63 26.11 28.33 28.92 38.29 41.88 49.72122.24 40.88 47.22
 6384.25 27.58 26.68 26.66 26.14 28.36 28.96 38.29 41.90 49.72125.35 40.94 47.28
 6385.25 27.66 26.75 26.75 26.23 28.44 29.06 38.34 41.97 49.77124.92 41.05 47.39
 6386.25 27.52 26.61 26.61 26.10 28.31 28.93 38.17 41.82 49.61124.23 40.94 47.28
 6387.25 25.83 24.92 24.94 24.43 26.60 27.23 36.37 40.04 47.85122.56 39.21 45.57
 6388.25 24.03 23.13 23.16 22.67 24.78 25.41 34.38 38.05 45.85120.61 37.26 43.62
 6389.25 26.10 25.18 25.22 24.72 26.88 27.54 36.60 40.31 48.08121.49 39.56 45.92
 6390.25 27.60 26.66 26.72 26.20 28.39 29.07 38.12 41.86 49.57121.81 41.15 47.47
 6391.25 27.75 26.79 26.87 26.35 28.54 29.24 38.24 41.99 49.68121.29 41.33 47.65
 6392.25 27.73 26.77 26.86 26.35 28.52 29.23 38.20 41.97 49.64120.66 41.34 47.66
 6393.25 27.60 26.63 26.73 26.22 28.39 29.11 38.03 41.83 49.48119.95 41.24 47.56
 6394.25 27.60 26.63 26.75 26.23 28.39 29.13 38.01 41.82 49.46119.33 41.28 47.60
 6395.25 27.68 26.70 26.83 26.32 28.46 29.22 38.05 41.89 49.50118.73 41.38 47.70
 6396.25 27.84 26.85 26.99 26.49 28.63 29.40 38.18 42.04 49.62118.18 41.57 47.88
 6397.25 27.87 26.88 27.04 26.53 28.66 29.47 38.18 42.06 49.63117.55 41.64 47.94
 6398.25 27.85 26.85 27.02 26.52 28.64 29.48 38.13 42.03 49.57116.88 41.64 47.95
 6399.25 27.91 26.90 27.09 26.59 28.70 29.57 38.16 42.08 49.61116.27 41.74 48.04
 6400.25 28.05 27.03 27.23 26.74 28.84 29.74 38.26 42.20 49.70115.70 41.90 48.20
 6401.25 28.27 27.25 27.46 26.97 29.07 30.00 38.46 42.42 49.89115.17 42.16 48.44
 6402.25 28.34 27.31 27.54 27.05 29.13 30.10 38.49 42.47 49.92114.55 42.25 48.53
 6403.25 28.16 27.13 27.37 26.88 28.96 29.96 38.29 42.29 49.73113.78 42.11 48.40
 6404.25 28.09 27.05 27.30 26.82 28.88 29.92 38.18 42.21 49.63113.08 42.07 48.36
 6405.25 27.87 26.82 27.09 26.62 28.66 29.73 37.93 41.99 49.40112.27 41.89 48.18
 6406.25 27.82 26.76 27.04 26.57 28.61 29.71 37.85 41.93 49.32111.57 41.87 48.16
 6407.25 27.74 26.67 26.97 26.50 28.52 29.66 37.73 41.83 49.21110.84 41.82 48.10
 6408.25 24.72 23.68 23.98 23.54 25.48 26.62 34.51 38.62 46.02107.95 38.66 44.97
 6409.25 23.08 22.06 22.37 21.94 23.82 24.96 32.65 36.76 44.11105.82 36.86 43.12
 6410.25 26.49 25.41 25.75 25.30 27.27 28.49 36.34 40.51 47.86107.91 40.68 46.93
 6411.25 28.14 27.04 27.39 26.94 28.92 30.19 38.01 42.19 49.47108.30 42.42 48.60
 6412.25 28.05 26.94 27.31 26.86 28.84 30.13 37.89 42.10 49.36107.54 42.39 48.53
 6413.25 28.07 26.95 27.33 26.89 28.85 30.18 37.88 42.10 49.34106.83 42.46 48.56
 6414.25 27.60 26.48 26.88 26.44 28.39 29.74 37.40 41.63 48.87105.82 42.05 48.13
 6415.25 26.60 25.48 25.88 25.45 27.37 28.76 36.35 40.59 47.84104.41 41.08 47.14
 6416.25 27.01 25.88 26.30 25.87 27.79 29.20 36.76 41.00 48.22103.96 41.56 47.56
 6417.25 27.85 26.70 27.14 26.71 28.63 30.09 37.61 41.85 49.02103.78 42.46 48.41
 6418.25 28.01 26.86 27.31 26.88 28.79 30.28 37.75 41.99 49.14103.15 42.68 48.57
 6419.25 27.97 26.81 27.27 26.85 28.75 30.27 37.69 41.94 49.07102.38 42.69 48.54
 6420.25 27.73 26.57 27.04 26.62 28.51 30.06 37.44 41.69 48.81101.48 42.51 48.33
 6421.25 26.76 25.61 26.08 25.67 27.54 29.11 36.43 40.70 47.82100.06 41.58 47.38
 6422.25 26.12 24.98 25.46 25.05 26.90 28.49 35.75 40.02 47.14 98.83 40.97 46.74
 6423.25 27.37 26.21 26.71 26.29 28.15 29.79 37.03 41.30 48.37 98.97 42.31 48.02
 6424.25 27.81 26.66 27.17 26.74 28.61 30.27 37.47 41.75 48.79 98.51 42.82 48.48
 6425.25 27.86 26.71 27.24 26.80 28.66 30.36 37.51 41.79 48.82 97.77 42.92 48.54
 6426.25 27.93 26.78 27.33 26.88 28.73 30.46 37.57 41.85 48.90 97.04 43.05 48.62
 6427.25 27.79 26.63 27.20 26.74 28.59 30.34 37.41 41.69 48.78 96.15 42.96 48.50
 6428.25 27.76 26.61 27.20 26.72 28.56 30.35 37.36 41.66 48.77 95.34 42.99 48.49
 6429.25 27.83 26.68 27.29 26.81 28.65 30.46 37.43 41.73 48.87 94.59 43.12 48.58
 6430.25 27.81 26.66 27.29 26.80 28.63 30.47 37.39 41.70 48.86 93.78 43.15 48.57
 6431.25 27.83 26.68 27.33 26.82 28.64 30.51 37.39 41.70 48.89 93.16 43.22 48.60
 6432.25 27.91 26.76 27.42 26.91 28.73 30.62 37.45 41.77 48.99 92.92 43.35 48.69
 6433.25 27.87 26.72 27.41 26.87 28.69 30.62 37.40 41.72 48.97 92.78 43.37 48.67
 6434.25 27.73 26.58 27.29 26.74 28.56 30.51 37.25 41.57 48.85 92.58 43.29 48.54
 6435.25 27.70 26.56 27.28 26.72 28.53 30.51 37.20 41.53 48.84 92.45 43.31 48.53
 6436.25 27.68 26.54 27.29 26.71 28.52 30.53 37.17 41.51 48.84 92.34 43.35 48.53
 6437.25 27.62 26.49 27.25 26.66 28.47 30.50 37.10 41.46 48.80 92.20 43.35 48.49
 6438.25 27.60 26.48 27.26 26.66 28.46 30.53 37.08 41.46 48.81 92.10 43.39 48.49
 6439.25 27.70 26.58 27.38 26.76 28.56 30.68 37.16 41.56 48.92 92.06 43.54 48.59
 6440.25 28.02 26.91 27.73 27.10 28.90 31.08 37.48 41.90 49.25 92.20 43.92 48.93
 6441.25 28.18 27.07 27.91 27.27 29.07 31.31 37.63 42.07 49.43 92.22 44.14 49.10
 6442.25 27.97 26.87 27.73 27.07 28.87 31.17 37.41 41.88 49.25 91.98 43.99 48.92
 6443.25 27.88 26.78 27.66 26.98 28.78 31.15 37.31 41.80 49.18 91.82 43.96 48.85
 6444.25 27.87 26.78 27.68 26.99 28.78 31.21 37.29 41.80 49.19 91.72 44.01 48.86
 6445.25 27.80 26.72 27.63 26.93 28.72 31.21 37.21 41.75 49.15 91.59 44.00 48.81
 6446.25 27.80 26.72 27.66 26.94 28.73 31.29 37.20 41.76 49.18 91.50 44.06 48.83
 6447.25 27.88 26.81 27.76 27.03 28.81 31.44 37.27 41.86 49.27 91.46 44.20 48.93
 6448.25 27.88 26.82 27.79 27.05 28.83 31.52 37.27 41.88 49.31 91.38 44.27 48.96
 6449.25 27.76 26.71 27.70 26.94 28.72 31.47 37.14 41.77 49.22 91.21 44.21 48.86
 6450.25 27.68 26.63 27.64 26.87 28.64 31.46 37.05 41.71 49.16 91.07 44.19 48.81
 6451.25 27.83 26.79 27.82 27.03 28.81 31.69 37.20 41.88 49.34 91.09 44.41 48.98
 6452.25 27.82 26.79 27.84 27.03 28.81 31.75 37.18 41.88 49.35 90.98 44.45 48.99
 6453.25 27.21 26.19 27.25 26.43 28.20 31.20 36.54 41.27 48.76 90.42 43.89 48.40
 6454.25 26.99 25.98 27.06 26.23 27.99 31.05 36.30 41.06 48.57 90.14 43.73 48.20
 6455.25 27.40 26.39 27.49 26.64 28.41 31.53 36.72 41.49 49.00 90.38 44.21 48.63
 6456.25 27.48 26.48 27.59 26.73 28.50 31.69 36.79 41.59 49.11 90.36 44.35 48.73
 6457.25 27.53 26.54 27.67 26.79 28.55 31.81 36.83 41.65 49.17 90.27 44.45 48.79
 6458.25 27.62 26.64 27.79 26.90 28.66 31.97 36.91 41.75 49.27 90.20 44.60 48.89
 6459.25 27.16 26.19 27.36 26.45 28.20 31.57 36.42 41.28 48.82 89.71 44.18 48.43
 6460.25 26.94 25.99 27.18 26.25 27.99 31.42 36.21 41.09 48.64 89.49 44.03 48.25
 6461.25 27.70 26.75 27.98 27.02 28.77 32.28 36.99 41.88 49.43 90.00 44.86 49.03
 6462.25 27.94 27.00 28.25 27.27 29.03 32.59 37.22 42.13 49.68 90.08 45.16 49.29
 6463.25 28.01 27.07 28.35 27.34 29.10 32.72 37.28 42.20 49.75 89.99 45.25 49.35
 6464.25 26.93 26.01 27.30 26.28 28.03 31.69 36.17 41.12 48.70 89.06 44.21 48.30
 6465.25 24.50 23.61 24.89 23.87 25.58 29.22 33.57 38.52 46.15 86.91 41.64 45.74
 6466.25 24.84 23.95 25.26 24.22 25.93 29.65 33.93 38.91 46.54 87.11 42.05 46.13
 6467.25 22.98 22.13 23.42 22.39 24.04 27.72 31.84 36.78 44.38 85.09 39.92 43.97
 6468.25 23.25 22.39 23.71 22.65 24.31 28.06 32.13 37.09 44.71 85.26 40.26 44.29
 6469.25 26.54 25.64 27.05 25.92 27.67 31.62 35.70 40.75 48.38 88.19 43.95 47.94
 6470.25 27.66 26.75 28.20 27.03 28.80 32.83 36.85 41.91 49.52 88.97 45.13 49.06
 6471.25 25.81 24.92 26.37 25.19 26.94 30.98 34.91 39.99 47.66 87.45 43.26 47.16
 6472.25 22.33 21.50 22.88 21.76 23.40 27.32 31.04 36.03 43.65 83.79 39.28 43.11
 6473.25 23.30 22.45 23.88 22.71 24.39 28.42 32.11 37.16 44.82 84.70 40.45 44.25
 6474.25 26.76 25.86 27.40 26.14 27.91 32.15 35.86 40.99 48.66 87.78 44.32 48.06
 6475.25 27.29 26.40 27.96 26.67 28.45 32.75 36.38 41.50 49.14 87.86 44.84 48.51
 6476.25 24.20 23.35 24.87 23.61 25.32 29.57 33.07 38.19 45.89 85.13 41.55 45.19
 6477.25 21.48 20.67 22.14 20.92 22.55 26.67 29.98 35.02 42.67 82.21 38.36 41.93
 6478.25 24.64 23.78 25.37 24.04 25.78 30.18 33.55 38.74 46.53 85.59 42.17 45.73
 6479.25 25.79 24.91 26.55 25.18 26.95 31.46 34.78 40.00 47.81 86.44 43.46 46.96
 6480.25 26.03 25.15 26.82 25.42 27.20 31.77 35.02 40.26 48.08 86.50 43.73 47.18
 6481.25 27.79 26.90 28.62 27.17 28.98 33.68 36.85 42.11 49.93 87.93 45.60 48.99
 6482.25 28.01 27.13 28.87 27.40 29.22 34.02 37.06 42.34 50.18 87.97 45.85 49.19
 6483.25 27.69 26.81 28.57 27.08 28.89 33.79 36.69 41.98 49.82 87.39 45.50 48.78
 6484.25 27.91 27.03 28.83 27.30 29.12 34.15 36.92 42.22 50.08 87.48 45.76 48.99
 6485.25 28.17 27.28 29.11 27.55 29.39 34.55 37.18 42.52 50.41 87.71 46.09 49.27
 6486.25 27.94 27.05 28.91 27.33 29.16 34.45 36.94 42.31 50.23 87.43 45.90 49.04
 6487.25 27.83 26.94 28.82 27.22 29.06 34.46 36.81 42.21 50.16 87.22 45.82 48.91
 6488.25 27.98 27.09 29.00 27.37 29.21 34.74 36.96 42.38 50.34 87.24 46.00 49.05
 6489.25 28.10 27.21 29.15 27.49 29.34 34.99 37.07 42.52 50.49 87.21 46.17 49.16
 6490.25 28.14 27.25 29.22 27.54 29.39 35.15 37.09 42.55 50.53 87.02 46.23 49.16
 6491.25 28.12 27.23 29.22 27.51 29.37 35.25 37.05 42.54 50.54 86.86 46.25 49.14
 6492.25 28.11 27.22 29.23 27.50 29.36 35.36 37.03 42.55 50.57 86.77 46.30 49.14
 6493.25 28.11 27.21 29.24 27.50 29.36 35.48 37.01 42.55 50.59 86.61 46.33 49.12
 6494.25 28.15 27.26 29.31 27.55 29.42 35.66 37.06 42.64 50.71 86.64 46.46 49.21
 6495.25 28.01 27.11 29.18 27.41 29.28 35.64 36.90 42.49 50.58 86.33 46.35 49.05
 6496.25 28.07 27.17 29.25 27.47 29.34 35.81 36.94 42.56 50.66 86.22 46.44 49.09
 6497.25 28.36 27.45 29.54 27.75 29.63 36.23 37.22 42.87 50.99 86.40 46.79 49.39
 6498.25 27.49 26.59 28.69 26.89 28.77 35.49 36.34 42.03 50.21 85.68 46.01 48.57
 6499.25 23.46 22.60 24.60 22.89 24.67 31.26 31.96 37.61 45.81 81.79 41.60 44.13
 6500.25 18.31 17.57 19.31 17.82 19.37 25.34 25.86 31.08 38.90 74.63 34.88 37.25
 6501.25 20.66 19.86 21.75 20.13 21.81 28.27 28.69 34.18 42.26 77.99 38.15 40.53
 6502.25 26.56 25.65 27.79 25.96 27.86 34.99 35.31 41.11 49.39 84.40 45.23 47.61
 6503.25 27.75 26.83 28.99 27.14 29.07 36.34 36.54 42.34 50.61 85.20 46.48 48.80
 6504.25 27.52 26.61 28.78 26.92 28.86 36.24 36.30 42.13 50.42 84.89 46.31 48.58
 6505.25 27.08 26.17 28.35 26.48 28.43 35.91 35.85 41.70 50.03 84.45 45.92 48.15
 6506.25 24.14 23.25 25.37 23.56 25.45 32.86 32.69 38.50 46.87 81.62 42.76 44.95
 6507.25 23.90 23.01 25.13 23.32 25.21 32.70 32.41 38.23 46.61 81.21 42.52 44.65
 6508.25 27.03 26.10 28.32 26.44 28.41 36.19 35.77 41.65 50.02 83.91 45.97 48.05
 6509.25 27.86 26.92 29.17 27.27 29.25 37.16 36.63 42.51 50.88 84.45 46.86 48.88
 6510.25 27.89 26.96 29.22 27.31 29.31 37.32 36.67 42.57 50.96 84.39 46.95 48.92
 6511.25 27.97 27.04 29.31 27.40 29.40 37.52 36.74 42.65 51.05 84.27 47.06 48.98
 6512.25 27.92 26.98 29.26 27.35 29.35 37.57 36.67 42.59 51.00 84.03 47.03 48.90
 6513.25 27.87 26.92 29.22 27.31 29.31 37.63 36.62 42.56 50.99 83.87 47.03 48.85
 6514.25 27.81 26.87 29.17 27.26 29.27 37.67 36.54 42.48 50.90 83.54 46.98 48.74
 6515.25 26.76 25.83 28.12 26.22 28.22 36.70 35.45 41.40 49.87 82.49 45.95 47.67
 6516.25 26.54 25.60 27.90 26.00 28.00 36.56 35.19 41.14 49.61 82.02 45.71 47.38
 6517.25 27.71 26.76 29.10 27.18 29.20 37.90 36.41 42.37 50.83 82.90 46.98 48.58
 6518.25 28.20 27.24 29.61 27.67 29.71 38.54 36.93 42.92 51.41 83.33 47.61 49.12
 6519.25 28.34 27.37 29.75 27.82 29.86 38.79 37.06 43.06 51.56 83.29 47.85 49.24
 6520.25 28.36 27.39 29.79 27.84 29.90 38.94 37.10 43.12 51.66 83.27 48.03 49.30
 6521.25 28.24 27.26 29.68 27.73 29.79 38.95 36.99 43.03 51.60 83.11 48.05 49.20
 6522.25 28.12 27.13 29.56 27.61 29.68 38.93 36.85 42.91 51.50 82.85 48.04 49.07
 6523.25 26.41 25.44 27.85 25.92 27.96 37.28 35.07 41.14 49.79 81.24 46.40 47.31
 6524.25 24.41 23.46 25.82 23.94 25.93 35.29 32.93 38.98 47.66 79.25 44.35 45.14
 6525.25 26.66 25.67 28.12 26.18 28.24 37.95 35.35 41.46 50.12 81.28 46.93 47.60
 6526.25 28.05 27.05 29.55 27.58 29.67 39.63 36.79 42.91 51.49 82.30 48.47 49.01
 6527.25 27.86 26.86 29.37 27.40 29.49 39.67 36.60 42.73 51.28 82.02 48.41 48.84
 6528.25 28.03 27.03 29.55 27.58 29.68 40.07 36.77 42.92 51.41 82.02 48.69 49.02
 6529.25 28.54 27.54 30.08 28.10 30.21 40.81 37.29 43.44 51.85 82.26 49.30 49.52
 6530.25 28.82 27.81 30.37 28.39 30.51 41.31 37.56 43.71 52.05 82.29 49.67 49.78
 6531.25 28.76 27.76 30.32 28.35 30.47 41.47 37.50 43.67 51.95 82.08 49.72 49.73
 6532.25 28.58 27.58 30.15 28.18 30.30 41.51 37.31 43.52 51.71 81.72 49.64 49.55
 6533.25 27.04 26.05 28.61 26.65 28.76 40.17 35.74 42.01 50.18 80.37 48.25 48.04
 6534.25 20.94 20.06 22.36 20.60 22.50 33.40 28.95 35.02 42.97 73.61 41.21 40.90
 6535.25 20.11 19.24 21.51 19.79 21.65 32.58 27.97 34.01 41.82 72.36 40.22 39.81
 6536.25 26.19 25.21 27.78 25.84 27.95 39.96 34.85 41.29 49.21 79.25 47.74 47.22
 6537.25 28.42 27.42 30.05 28.07 30.23 42.49 37.17 43.65 51.42 80.95 50.12 49.50
 6538.25 28.55 27.54 30.19 28.21 30.37 42.84 37.30 43.83 51.51 80.89 50.37 49.64
 6539.25 28.47 27.46 30.12 28.14 30.30 42.98 37.22 43.80 51.40 80.65 50.41 49.58
 6540.25 28.43 27.43 30.10 28.12 30.27 43.17 37.19 43.82 51.33 80.43 50.50 49.56
 6541.25 28.19 27.18 29.86 27.88 30.02 43.14 36.94 43.62 51.05 80.03 50.38 49.33
 6542.25 27.54 26.54 29.23 27.25 29.35 42.70 36.28 43.01 50.37 79.28 49.85 48.69
 6543.25 27.38 26.38 29.07 27.10 29.17 42.73 36.10 42.88 50.14 78.87 49.77 48.51
 6544.25 27.22 26.22 28.92 26.94 28.99 42.77 35.93 42.76 49.93 78.54 49.72 48.36
 6545.25 23.43 22.49 25.06 23.17 25.11 38.83 31.85 38.65 45.76 74.74 45.70 44.22
 6546.25 18.79 17.96 20.25 18.56 20.27 33.13 26.39 32.81 39.55 68.29 39.64 38.11
 6547.25 19.53 18.68 21.03 19.29 21.03 34.33 27.29 33.84 40.56 69.19 40.81 39.16
 6548.25 25.35 24.38 27.07 25.08 27.04 41.63 33.96 40.96 47.80 76.06 48.22 46.42
 6549.25 27.69 26.68 29.46 27.41 29.41 44.34 36.44 43.51 50.24 78.05 50.81 48.92
 6550.25 27.66 26.65 29.44 27.37 29.36 44.56 36.43 43.57 50.22 77.94 50.94 48.95
 6551.25 27.83 26.82 29.62 27.54 29.52 44.93 36.60 43.78 50.34 77.87 51.21 49.12
 6552.25 27.88 26.88 29.68 27.59 29.56 45.15 36.64 43.84 50.30 77.58 51.32 49.13
 6553.25 27.67 26.67 29.48 27.38 29.33 45.15 36.43 43.69 50.05 77.22 51.24 48.94
 6554.25 23.92 22.97 25.66 23.64 25.49 41.28 32.41 39.66 45.97 73.48 47.32 44.89
 6555.25 18.56 17.74 20.09 18.32 19.92 34.62 26.13 32.93 38.89 66.15 40.35 37.90
 6556.25 21.69 20.79 23.38 21.43 23.17 38.99 29.88 37.08 43.15 70.44 44.80 42.18
 6557.25 27.16 26.17 29.02 26.87 28.77 45.49 35.93 43.40 49.43 76.10 51.24 48.51
 6558.25 28.08 27.09 29.97 27.79 29.69 46.63 36.88 44.38 50.31 76.69 52.26 49.45
 6559.25 28.24 27.25 30.15 27.96 29.84 47.01 37.06 44.61 50.45 76.67 52.56 49.64
 6560.25 28.20 27.22 30.12 27.92 29.79 47.17 37.02 44.62 50.37 76.43 52.63 49.61
 6561.25 28.12 27.14 30.06 27.84 29.70 47.30 36.95 44.60 50.26 76.17 52.68 49.55
 6562.25 28.07 27.10 30.03 27.80 29.64 47.44 36.90 44.59 50.16 75.89 52.73 49.50
 6563.25 26.85 25.89 28.82 26.57 28.39 46.38 35.63 43.37 48.87 74.57 51.60 48.26
 6564.25 23.67 22.76 25.61 23.41 25.14 43.13 32.22 39.96 45.38 71.30 48.30 44.82
 6565.25 24.70 23.77 26.72 24.44 26.19 44.53 33.37 41.20 46.56 72.28 49.63 46.04
 6566.25 27.75 26.79 29.88 27.48 29.27 47.88 36.61 44.50 49.74 74.92 52.93 49.28
 6567.25 28.23 27.27 30.41 27.96 29.74 48.31 37.10 45.03 50.16 75.11 53.50 49.75
 6568.25 27.95 27.00 30.18 27.68 29.45 47.93 36.82 44.80 49.85 74.66 53.35 49.49
 6569.25 27.02 26.08 29.29 26.76 28.50 46.89 35.87 43.92 48.89 73.67 52.56 48.59
 6570.25 24.24 23.34 26.49 23.99 25.67 43.79 32.91 40.97 45.88 70.83 49.74 45.63
 6571.25 24.99 24.08 27.31 24.73 26.42 44.50 33.73 41.85 46.67 71.35 50.67 46.46
 6572.25 27.17 26.24 29.58 26.91 28.62 46.68 36.04 44.21 48.91 73.15 53.07 48.76
 6573.25 27.47 26.55 29.95 27.22 28.92 46.90 36.37 44.60 49.21 73.27 53.64 49.11
 6574.25 27.57 26.65 30.09 27.32 29.01 46.86 36.47 44.73 49.24 73.09 54.00 49.19
 6575.25 27.65 26.73 30.22 27.40 29.07 46.81 36.55 44.85 49.28 72.94 54.37 49.28
 6576.25 27.88 26.96 30.50 27.63 29.30 46.96 36.81 45.17 49.53 73.03 54.95 49.56
 6577.25 27.34 26.43 30.01 27.09 28.74 46.32 36.27 44.69 49.00 72.41 54.76 49.06
 6578.25 22.72 21.88 25.27 22.49 24.02 41.03 31.24 39.58 43.81 67.41 49.94 43.91
 6579.25 19.82 19.05 22.25 19.61 21.03 37.22 27.86 35.98 40.05 63.39 46.42 40.17
 6580.25 24.26 23.40 26.98 24.03 25.59 42.63 32.99 41.54 45.63 68.76 52.40 45.78
 6581.25 27.40 26.51 30.26 27.16 28.77 45.92 36.36 45.01 49.00 71.62 56.02 49.18
 6582.25 27.62 26.74 30.54 27.38 29.00 46.03 36.60 45.32 49.21 71.63 56.54 49.43
 6583.25 27.59 26.71 30.56 27.34 28.96 45.88 36.57 45.35 49.15 71.38 56.81 49.41
 6584.25 27.12 26.25 30.13 26.87 28.49 45.29 36.09 44.96 48.68 70.79 56.67 48.97
 6585.25 26.59 25.73 29.63 26.33 27.94 44.63 35.54 44.48 48.12 70.10 56.45 48.46
 6586.25 26.91 26.05 30.00 26.64 28.26 44.82 35.88 44.87 48.41 70.13 57.03 48.80
 6587.25 27.56 26.70 30.70 27.28 28.91 45.36 36.55 45.59 49.05 70.51 57.95 49.48
 6588.25 27.82 26.96 31.01 27.53 29.16 45.51 36.82 45.93 49.30 70.56 58.50 49.77
 6589.25 27.96 27.10 31.20 27.66 29.30 45.53 36.97 46.15 49.42 70.55 58.93 49.94
 6590.25 27.97 27.11 31.26 27.67 29.31 45.42 36.98 46.23 49.42 70.48 59.23 49.99
 6591.25 27.82 26.96 31.14 27.50 29.14 45.15 36.83 46.14 49.25 70.27 59.38 49.86
 6592.25 27.50 26.65 30.87 27.17 28.82 44.71 36.51 45.90 48.92 69.93 59.38 49.59
 6593.25 27.35 26.50 30.76 27.02 28.66 44.44 36.37 45.82 48.76 69.72 59.53 49.47
 6594.25 27.81 26.96 31.27 27.47 29.12 44.77 36.84 46.34 49.18 70.02 60.23 49.94
 6595.25 28.16 27.31 31.66 27.80 29.45 44.98 37.20 46.74 49.49 70.23 60.82 50.30
 6596.25 27.97 27.12 31.52 27.61 29.26 44.68 37.02 46.63 49.30 70.01 60.95 50.15
 6597.25 26.87 26.03 30.45 26.50 28.15 43.45 35.90 45.61 48.20 68.98 60.22 49.10
 6598.25 24.96 24.14 28.52 24.58 26.20 41.28 33.88 43.64 46.16 67.07 58.59 47.12
 6599.25 26.04 25.21 29.70 25.65 27.29 42.31 35.04 44.86 47.29 68.03 59.96 48.29
 6600.25 27.58 26.74 31.34 27.17 28.83 43.78 36.65 46.51 48.84 69.36 61.72 49.88
 6601.25 27.71 26.87 31.54 27.29 28.96 43.79 36.80 46.71 48.95 69.40 62.13 50.04
 6602.25 27.56 26.72 31.45 27.14 28.80 43.51 36.66 46.63 48.79 69.19 62.27 49.92
 6603.25 27.62 26.79 31.57 27.19 28.86 43.45 36.73 46.77 48.83 69.18 62.61 50.02
 6604.25 27.20 26.37 31.21 26.76 28.43 42.90 36.31 46.42 48.40 68.74 62.51 49.64
 6605.25 24.06 23.27 28.00 23.63 25.24 39.37 32.95 43.08 44.99 65.53 59.56 46.28
 6606.25 22.95 22.18 26.88 22.52 24.10 37.95 31.72 41.85 43.67 64.20 58.57 45.01
 6607.25 26.44 25.62 30.61 25.97 27.64 41.72 35.54 45.83 47.56 67.79 62.61 48.94
 6608.25 27.86 27.03 32.13 27.38 29.06 43.05 37.02 47.34 48.97 68.98 64.20 50.39
 6609.25 28.13 27.30 32.45 27.63 29.32 43.17 37.29 47.66 49.20 69.12 64.70 50.67
 6610.25 28.16 27.33 32.55 27.65 29.34 43.05 37.33 47.76 49.21 69.08 65.01 50.72
 6611.25 27.85 27.03 32.30 27.34 29.03 42.60 37.04 47.53 48.90 68.75 65.02 50.47
 6612.25 27.79 26.97 32.30 27.27 28.96 42.38 36.98 47.54 48.82 68.62 65.24 50.43
 6613.25 27.91 27.09 32.48 27.37 29.07 42.35 37.11 47.72 48.92 68.64 65.62 50.58
 6614.25 27.88 27.07 32.52 27.34 29.04 42.18 37.10 47.77 48.88 68.55 65.88 50.59
 6615.25 28.12 27.30 32.81 27.56 29.27 42.25 37.34 48.06 49.09 68.67 66.35 50.84
 6616.25 25.09 24.31 29.72 24.54 26.19 38.86 34.13 44.91 45.85 65.64 63.64 47.67
 6617.25 16.05 15.46 19.72 15.62 16.89 27.18 23.29 32.73 33.51 52.29 50.67 35.21
 6618.25 13.91 13.38 17.24 13.51 14.64 23.88 20.45 29.23 29.89 47.75 46.51 31.53
 6619.25 20.56 19.85 24.93 20.02 21.51 32.94 28.91 39.45 40.12 59.66 58.70 42.03
 6620.25 27.34 26.52 32.29 26.71 28.41 40.66 36.56 47.61 48.21 67.60 66.96 50.16
 6621.25 27.90 27.09 32.92 27.27 28.97 41.07 37.14 48.23 48.75 68.01 67.65 50.68
 6622.25 27.82 27.00 32.89 27.17 28.88 40.82 37.06 48.21 48.64 67.86 67.76 50.56
 6623.25 27.87 27.05 33.00 27.22 28.93 40.72 37.12 48.33 48.67 67.83 67.99 50.57
 6624.25 27.90 27.08 33.08 27.24 28.95 40.58 37.15 48.42 48.68 67.77 68.20 50.56
 6625.25 27.85 27.02 33.08 27.17 28.89 40.36 37.09 48.43 48.62 67.65 68.33 50.46
 6626.25 27.98 27.16 33.27 27.30 29.02 40.33 37.23 48.60 48.76 67.68 68.62 50.55
 6627.25 28.23 27.41 33.58 27.54 29.27 40.42 37.49 48.85 49.03 67.82 69.05 50.75
 6628.25 27.83 27.01 33.23 27.13 28.86 39.84 37.09 48.44 48.66 67.39 69.02 50.32
 6629.25 26.76 25.94 32.18 26.06 27.77 38.58 35.99 47.35 47.61 66.36 68.46 49.22
 6630.25 27.38 26.56 32.88 26.67 28.39 39.05 36.63 47.96 48.26 66.84 69.41 49.80
 6631.25 28.23 27.40 33.79 27.50 29.24 39.74 37.50 48.78 49.11 67.49 70.52 50.58
 6632.25 28.35 27.51 33.96 27.61 29.35 39.68 37.62 48.87 49.24 67.50 70.99 50.64
 6633.25 28.35 27.51 34.01 27.60 29.34 39.52 37.62 48.85 49.26 67.42 71.37 50.60
 6634.25 28.19 27.36 33.91 27.43 29.18 39.19 37.47 48.68 49.13 67.21 71.62 50.41
 6635.25 26.75 25.93 32.48 25.99 27.72 37.54 35.99 47.23 47.72 65.84 70.75 48.94
 6636.25 25.84 25.02 31.58 25.08 26.79 36.40 35.03 46.26 46.79 64.88 70.27 47.94
 6637.25 27.68 26.84 33.53 26.89 28.64 38.15 36.95 48.13 48.69 66.52 72.30 49.78
 6638.25 28.37 27.53 34.28 27.57 29.33 38.67 37.66 48.78 49.38 67.03 73.24 50.40
 6639.25 28.10 27.26 34.06 27.29 29.05 38.23 37.40 48.51 49.15 66.73 73.39 50.11
 6640.25 28.01 27.17 34.03 27.20 28.96 37.97 37.33 48.41 49.09 66.58 73.68 49.98
 6641.25 28.20 27.36 34.27 27.38 29.14 37.98 37.53 48.58 49.30 66.66 74.20 50.13
 6642.25 28.32 27.47 34.44 27.48 29.25 37.92 37.65 48.67 49.43 66.68 74.64 50.21
 6643.25 28.36 27.51 34.53 27.52 29.29 37.79 37.71 48.70 49.49 66.64 75.04 50.23
 6644.25 28.47 27.63 34.70 27.62 29.39 37.73 37.83 48.79 49.63 66.67 75.49 50.33
 6645.25 28.71 27.87 34.99 27.85 29.63 37.79 38.09 49.01 49.88 66.80 76.03 50.54
 6646.25 28.81 27.97 35.14 27.95 29.73 37.72 38.20 49.09 50.00 66.81 76.45 50.61
 6647.25 28.84 28.01 35.23 27.97 29.76 37.57 38.24 49.11 50.06 66.77 76.83 50.63
 6648.25 28.94 28.11 35.38 28.06 29.85 37.49 38.35 49.19 50.17 66.78 77.24 50.70
 6649.25 28.87 28.05 35.37 27.99 29.78 37.24 38.30 49.11 50.13 66.65 77.53 50.62
 6650.25 28.59 27.78 35.14 27.71 29.50 36.79 38.04 48.84 49.90 66.35 77.66 50.35
 6651.25 28.43 27.63 35.04 27.54 29.33 36.48 37.89 48.67 49.78 66.14 77.87 50.18
 6652.25 28.40 27.60 35.06 27.50 29.30 36.35 37.87 48.62 49.77 66.03 78.18 50.13
 6653.25 28.52 27.73 35.24 27.62 29.42 36.40 38.01 48.73 49.91 66.06 78.60 50.23
 6654.25 28.61 27.83 35.38 27.71 29.51 36.42 38.12 48.80 50.02 66.06 78.99 50.30
 6655.25 28.60 27.83 35.43 27.69 29.50 36.35 38.12 48.78 50.04 65.97 79.31 50.27
 6656.25 28.65 27.88 35.52 27.73 29.54 36.32 38.18 48.80 50.10 65.93 79.66 50.29
 6657.25 28.89 28.13 35.82 27.97 29.78 36.49 38.43 49.01 50.35 66.05 80.15 50.50
 6658.25 29.19 28.44 36.18 28.28 30.08 36.73 38.75 49.29 50.66 66.23 80.69 50.76
 6659.25 29.87 29.12 36.90 28.96 30.76 37.32 39.42 49.89 51.30 66.69 81.48 51.35
 6660.25 30.27 29.53 37.35 29.36 31.15 37.64 39.82 50.24 51.67 66.92 82.06 51.69
 6661.25 24.14 23.45 31.00 23.29 24.95 31.17 33.40 43.82 45.33 60.89 76.94 45.30
 6662.25 18.15 17.58 24.17 17.44 18.83 24.22 26.29 35.94 37.41 52.51 69.07 37.34
 6663.25 16.39 15.87 22.06 15.73 17.00 22.00 24.02 33.19 34.64 49.24 66.01 34.53
 6664.25 19.69 19.10 26.09 18.94 20.37 25.91 28.21 38.07 39.64 54.70 72.07 39.48
 6665.25 28.04 27.35 35.37 27.15 28.81 35.05 37.66 48.04 49.70 64.65 81.92 49.49
 6666.25 30.54 29.85 37.94 29.64 31.29 37.50 40.18 50.41 52.08 66.70 84.08 51.83
 6667.25 30.54 29.85 37.97 29.64 31.27 37.42 40.19 50.39 52.10 66.62 84.38 51.81
 6668.25 30.24 29.57 37.67 29.35 30.95 37.06 39.92 50.12 51.87 66.32 84.48 51.53
 6669.25 29.78 29.12 37.18 28.89 30.47 36.54 39.49 49.70 51.49 65.89 84.47 51.11
 6670.25 30.38 29.72 37.72 29.49 31.04 37.06 40.08 50.22 52.04 66.28 85.15 51.62
 6671.25 31.08 30.43 38.35 30.19 31.72 37.66 40.76 50.81 52.67 66.72 85.88 52.20
 6672.25 31.38 30.74 38.59 30.50 32.00 37.89 41.06 51.06 52.95 66.87 86.34 52.44
 6673.25 31.73 31.09 38.87 30.85 32.32 38.14 41.39 51.32 53.25 67.03 86.82 52.70
 6674.25 32.20 31.58 39.27 31.33 32.77 38.52 41.84 51.68 53.66 67.28 87.36 53.06
 6675.25 32.53 31.92 39.53 31.66 33.08 38.76 42.15 51.88 53.93 67.42 87.82 53.30
 6676.25 31.43 30.83 38.44 30.56 31.97 37.64 41.15 50.90 53.02 66.56 87.45 52.38
 6677.25 24.73 24.17 31.53 23.91 25.23 30.72 34.30 44.12 46.35 60.30 82.35 45.68
 6678.25 19.30 18.82 25.35 18.59 19.72 24.59 27.95 37.17 39.38 53.08 75.80 38.72
 6679.25 16.14 15.73 21.48 15.52 16.50 20.77 23.88 32.29 34.41 47.42 70.13 33.79
 6680.25 17.81 17.38 23.46 17.15 18.18 22.69 26.05 34.78 37.02 50.29 73.57 36.37
 6681.25 27.85 27.33 34.63 27.03 28.29 33.70 37.66 47.16 49.58 63.08 86.16 48.89
 6682.25 32.62 32.11 39.31 31.80 33.05 38.38 42.36 51.53 53.93 66.95 89.59 53.25
 6683.25 32.77 32.28 39.41 31.96 33.18 38.45 42.50 51.59 54.03 66.97 89.48 53.35
 6684.25 32.68 32.20 39.28 31.87 33.07 38.30 42.44 51.46 53.96 66.84 89.41 53.27
 6685.25 32.39 31.92 38.97 31.59 32.77 37.96 42.19 51.16 53.72 66.56 97.79 53.02
 6686.25 31.83 31.38 38.40 31.04 32.20 37.36 41.70 50.64 53.27 66.10129.01 52.55
 6687.25 30.93 30.50 37.49 30.14 31.28 36.42 40.87 49.81 52.51 65.37150.59 51.78
 6688.25 29.90 29.48 36.44 29.11 30.23 35.34 39.90 48.83 51.60 64.49152.96 50.86
 6689.25 26.79 26.39 33.22 26.02 27.10 32.10 36.74 45.67 48.53 61.59150.81 47.77
 6690.25 20.51 20.18 26.28 19.84 20.77 25.23 29.61 38.10 40.96 53.94145.01 40.20
 6691.25 20.45 20.14 26.18 19.79 20.70 25.10 29.56 37.96 40.87 53.77144.23 40.11
 6692.25 26.91 26.56 33.21 26.16 27.16 32.01 36.90 45.59 48.62 61.45148.78 47.83
 6693.25 30.06 29.72 36.38 29.30 30.30 35.16 40.12 48.66 51.69 64.23149.68 50.91
 6694.25 30.37 30.04 36.64 29.61 30.59 35.41 40.43 48.87 51.95 64.41149.10 51.16
 6695.25 30.39 30.08 36.61 29.64 30.60 35.40 40.47 48.82 51.95 64.39148.40 51.16
 6696.25 30.29 30.01 36.48 29.54 30.49 35.28 40.39 48.67 51.86 64.29147.64 51.05
 6697.25 30.25 29.98 36.39 29.50 30.43 35.21 40.36 48.57 51.81 64.22146.90 50.99
 6698.25 30.23 29.98 36.32 29.48 30.39 35.15 40.35 48.48 51.78 64.17146.15 50.95
 6699.25 30.08 29.84 36.13 29.33 30.22 34.98 40.22 48.28 51.63 64.01145.35 50.81
 6700.25 29.71 29.49 35.72 28.96 29.83 34.58 39.87 47.87 51.28 63.67144.44 50.47
 6701.25 29.42 29.21 35.38 28.67 29.53 34.26 39.60 47.53 51.00 63.40143.56 50.21
 6702.25 29.72 29.53 35.63 28.97 29.81 34.53 39.91 47.74 51.26 63.61142.94 50.48
 6703.25 29.89 29.72 35.74 29.14 29.97 34.67 40.09 47.83 51.40 63.71142.25 50.64
 6704.25 29.95 29.79 35.73 29.20 30.01 34.70 40.15 47.82 51.43 63.71141.50 50.69
 6705.25 29.66 29.52 35.36 28.91 29.71 34.37 39.88 47.47 51.15 63.44140.60 50.42
 6706.25 29.30 29.17 34.92 28.54 29.32 33.98 39.53 47.06 50.80 63.09139.64 50.09
 6707.25 29.63 29.52 35.18 28.87 29.64 34.28 39.86 47.30 51.09 63.33139.01 50.39
 6708.25 29.88 29.77 35.35 29.11 29.87 34.49 40.11 47.45 51.29 63.48138.33 50.60
 6709.25 29.83 29.74 35.23 29.06 29.80 34.41 40.07 47.34 51.23 63.40137.52 50.56
 6710.25 29.78 29.70 35.10 29.01 29.74 34.33 40.03 47.22 51.16 63.32136.70 50.51
 6711.25 29.77 29.70 35.01 28.99 29.70 34.28 40.02 47.13 51.13 63.26135.88 50.49
 6712.25 29.71 29.65 34.87 28.93 29.62 34.18 39.97 47.00 51.05 63.17135.05 50.43
 6713.25 29.73 29.67 34.81 28.94 29.62 34.17 40.00 46.94 51.05 63.14134.25 50.44
 6714.25 29.73 29.67 34.73 28.93 29.60 34.13 40.00 46.87 51.03 63.09133.43 50.43
 6715.25 29.55 29.50 34.48 28.75 29.41 33.92 39.84 46.63 50.85 62.91132.53 50.26
 6716.25 29.44 29.39 34.29 28.64 29.27 33.77 39.73 46.45 50.72 62.77131.65 50.15
 6717.25 29.24 29.20 34.02 28.44 29.06 33.54 39.55 46.19 50.53 62.57130.74 49.97
 6718.25 28.57 28.53 33.26 27.76 28.37 32.83 38.89 45.47 49.88 61.95129.56 49.33
 6719.25 28.38 28.34 32.99 27.57 28.16 32.60 38.71 45.21 49.68 61.74128.63 49.14
 6720.25 29.19 29.16 33.73 28.37 28.95 33.39 39.53 45.93 50.43 62.41128.23 49.91
 6721.25 29.72 29.70 34.18 28.90 29.46 33.88 40.05 46.36 50.90 62.81127.67 50.39
 6722.25 29.83 29.81 34.22 29.01 29.56 33.96 40.17 46.42 50.98 62.87126.90 50.49
 6723.25 29.90 29.88 34.20 29.07 29.60 33.99 40.24 46.45 51.03 62.89126.10 50.55
 6724.25 29.91 29.90 34.14 29.08 29.60 33.97 40.27 46.43 51.03 62.87125.27 50.56
 6725.25 29.82 29.81 33.97 28.98 29.48 33.85 40.19 46.31 50.93 62.76124.39 50.47
 6726.25 29.90 29.89 33.97 29.05 29.54 33.89 40.27 46.35 50.99 62.79123.57 50.54
 6727.25 29.97 29.97 33.96 29.12 29.60 33.93 40.35 46.38 51.04 62.82122.75 50.60
 6728.25 29.97 29.97 33.88 29.11 29.57 33.89 40.36 46.35 51.03 62.78121.89 50.60
 6729.25 29.86 29.87 33.69 29.00 29.45 33.75 40.28 46.22 50.92 62.66120.96 50.50
 6730.25 29.81 29.83 33.57 28.95 29.38 33.67 40.25 46.14 50.87 62.58120.05 50.45
 6731.25 29.74 29.76 33.41 28.87 29.29 33.56 40.19 46.03 50.79 62.49119.12 50.38
 6732.25 29.29 29.31 32.88 28.42 28.82 33.08 39.76 45.57 50.36 62.07117.97 49.96
 6733.25 28.82 28.84 32.33 27.94 28.33 32.57 39.31 45.08 49.90 61.63116.78 49.51
 6734.25 29.28 29.31 32.71 28.40 28.77 32.99 39.78 45.48 50.32 61.98116.12 49.93
 6735.25 29.98 30.01 33.33 29.09 29.45 33.66 40.47 46.10 50.94 62.52115.56 50.56
 6736.25 30.10 30.13 33.36 29.20 29.54 33.74 40.59 46.17 51.02 62.56114.69 50.65
 6737.25 30.05 30.08 33.23 29.14 29.47 33.67 40.55 46.08 50.96 62.48113.86 50.59
 6738.25 30.04 30.06 33.14 29.12 29.43 33.63 40.55 46.03 50.92 62.43113.41 50.56
 6739.25 30.10 30.12 33.15 29.17 29.47 33.68 40.62 46.04 50.96 62.43113.27 50.61
 6740.25 30.12 30.14 33.11 29.18 29.46 33.67 40.64 46.02 50.95 62.40113.16 50.61
 6741.25 29.78 29.79 32.71 28.83 29.10 33.32 40.32 45.66 50.63 62.08112.86 50.29
 6742.25 29.73 29.74 32.60 28.77 29.04 33.25 40.28 45.57 50.57 62.00112.72 50.23
 6743.25 30.00 30.01 32.81 29.02 29.30 33.49 40.55 45.78 50.79 62.18112.75 50.46
 6744.25 30.11 30.11 32.86 29.12 29.40 33.59 40.66 45.84 50.87 62.23112.70 50.55
 6745.25 30.01 29.99 32.70 29.01 29.27 33.46 40.57 45.70 50.76 62.11112.53 50.44
 6746.25 29.71 29.69 32.35 28.70 28.97 33.15 40.29 45.39 50.48 61.84112.26 50.16
 6747.25 29.88 29.84 32.45 28.85 29.12 33.29 40.46 45.50 50.61 61.98112.25 50.30
 6748.25 30.16 30.11 32.67 29.12 29.38 33.55 40.74 45.72 50.84 62.22112.29 50.54
 6749.25 30.31 30.25 32.77 29.26 29.53 33.68 40.90 45.83 50.96 62.36112.26 50.66
 6750.25 30.42 30.35 32.82 29.36 29.62 33.77 41.01 45.89 51.04 62.46112.21 50.75
 6751.25 30.35 30.27 32.69 29.28 29.53 33.68 40.95 45.78 50.96 62.42112.06 50.67
 6752.25 30.28 30.19 32.56 29.20 29.46 33.60 40.89 45.68 50.89 62.38111.91 50.60
 6753.25 30.35 30.25 32.57 29.25 29.51 33.64 40.96 45.69 50.92 62.44111.82 50.65
 6754.25 30.38 30.27 32.54 29.28 29.53 33.65 41.01 45.69 50.94 62.48111.72 50.72
 6755.25 30.37 30.25 32.47 29.25 29.50 33.62 41.00 45.63 50.90 62.48111.59 50.76
 6756.25 30.44 30.31 32.48 29.31 29.56 33.67 41.07 45.65 50.95 62.54111.50 50.88
 6757.25 30.46 30.32 32.44 29.32 29.57 33.67 41.10 45.63 50.94 62.57111.39 50.95
 6758.25 30.44 30.29 32.36 29.29 29.53 33.63 41.09 45.57 50.91 62.56111.26 50.97
 6759.25 30.46 30.30 32.32 29.30 29.54 33.63 41.12 45.54 50.91 62.59111.15 51.03
 6760.25 30.45 30.27 32.25 29.28 29.51 33.60 41.11 45.49 50.87 62.59111.02 51.06
 6761.25 30.38 30.19 32.12 29.19 29.43 33.51 41.05 45.38 50.79 62.54110.86 51.04
 6762.25 30.28 30.08 31.96 29.09 29.32 33.39 40.97 45.25 50.69 62.47110.68 51.00
 6763.25 28.53 28.33 30.14 27.33 27.56 31.61 39.23 43.50 49.01 60.96109.50 49.39
 6764.25 21.51 21.32 22.90 20.44 20.64 24.27 31.41 35.47 40.90 52.94102.90 41.34
 6765.25 18.30 18.11 19.50 17.32 17.50 20.78 27.42 31.19 36.41 48.17 98.22 36.89
 6766.25 23.90 23.67 25.25 22.74 22.95 26.75 34.21 38.27 43.84 56.01105.26 44.41
 6767.25 29.75 29.50 31.13 28.50 28.72 32.76 40.48 44.52 50.10 62.08109.76 50.72
 6768.25 30.54 30.27 31.85 29.27 29.49 33.52 41.25 45.23 50.79 62.74110.07 51.48
 6769.25 30.64 30.36 31.89 29.36 29.58 33.60 41.35 45.28 50.86 62.82110.00 51.60
 6770.25 30.60 30.31 31.79 29.32 29.53 33.54 41.32 45.22 50.80 62.80109.85 51.61
 6771.25 30.53 30.24 31.67 29.25 29.45 33.46 41.27 45.14 50.73 62.76109.69 51.60
 6772.25 30.58 30.27 31.65 29.29 29.48 33.48 41.32 45.15 50.75 62.80109.58 51.67
 6773.25 30.59 30.27 31.62 29.30 29.48 33.47 41.36 45.14 50.73 62.82109.45 51.72
 6774.25 30.62 30.30 31.61 29.33 29.50 33.48 41.41 45.14 50.74 62.85109.33 51.79
 6775.25 30.66 30.32 31.61 29.36 29.52 33.50 41.47 45.15 50.76 62.88109.22 51.86
 6776.25 30.68 30.33 31.60 29.38 29.53 33.50 41.53 45.14 50.77 62.91109.10 51.93
 6777.25 30.76 30.40 31.64 29.45 29.60 33.56 41.63 45.19 50.84 62.98109.00 52.03
 6778.25 30.78 30.40 31.62 29.46 29.61 33.56 41.67 45.18 50.86 63.00108.88 52.09
 6779.25 30.87 30.48 31.67 29.55 29.68 33.63 41.79 45.24 50.93 63.08108.80 52.21
 6780.25 30.91 30.50 31.67 29.58 29.71 33.66 41.85 45.25 50.96 63.11108.68 52.28
 6781.25 30.81 30.39 31.53 29.48 29.61 33.55 41.79 45.14 50.88 63.05108.50 52.24
 6782.25 30.82 30.37 31.50 29.48 29.61 33.55 41.82 45.11 50.88 63.06108.37 52.28
 6783.25 30.74 30.28 31.38 29.40 29.53 33.46 41.78 45.02 50.81 63.01108.20 52.26
 6784.25 30.62 30.14 31.22 29.27 29.40 33.33 41.69 44.88 50.70 62.92108.00 52.19
 6785.25 30.40 29.91 30.97 29.05 29.18 33.10 41.51 44.65 50.51 62.75107.75 52.04
 6786.25 30.31 29.80 30.83 28.95 29.08 33.00 41.45 44.54 50.42 62.68107.57 52.00
 6787.25 30.51 29.99 30.99 29.14 29.27 33.19 41.67 44.70 50.60 62.86107.56 52.22
 6788.25 30.57 30.04 31.03 29.21 29.34 33.25 41.76 44.74 50.66 62.92107.47 52.32
 6789.25 30.36 29.81 30.77 28.98 29.12 33.02 41.58 44.51 50.46 62.76107.22 52.17
 6790.25 30.24 29.68 30.62 28.86 29.00 32.89 41.50 44.38 50.36 62.67107.03 52.11
 6791.25 30.56 29.98 30.90 29.18 29.32 33.20 41.84 44.66 50.65 62.95107.08 52.44
 6792.25 30.74 30.15 31.04 29.36 29.49 33.37 42.04 44.80 50.81 63.10107.05 52.64
 6793.25 30.76 30.15 31.02 29.37 29.50 33.38 42.08 44.79 50.83 63.13106.93 52.70
 6794.25 30.83 30.20 31.05 29.43 29.57 33.44 42.18 44.83 50.89 63.19106.83 52.80
 6795.25 30.86 30.22 31.04 29.46 29.60 33.46 42.24 44.84 50.92 63.23106.70 52.87
 6796.25 30.90 30.23 31.03 29.48 29.62 33.48 42.29 44.84 50.95 63.27106.58 52.94
 6797.25 30.89 30.21 30.99 29.47 29.61 33.46 42.32 44.81 50.94 63.27106.43 52.98
 6798.25 30.85 30.16 30.91 29.43 29.57 33.41 42.31 44.75 50.90 63.25106.26 52.99
 6799.25 30.90 30.18 30.91 29.46 29.60 33.44 42.37 44.76 50.94 63.30106.13 53.06
 6800.25 30.89 30.15 30.86 29.45 29.59 33.42 42.39 44.73 50.93 63.32105.97 53.09
 6801.25 30.83 30.08 30.76 29.39 29.53 33.36 42.36 44.65 50.87 63.30105.79 53.08
 6802.25 30.88 30.11 30.76 29.42 29.56 33.38 42.43 44.66 50.90 63.35105.65 53.16
 6803.25 30.84 30.06 30.69 29.38 29.53 33.34 42.42 44.60 50.87 63.35105.47 53.17
 6804.25 30.74 29.93 30.54 29.26 29.41 33.22 42.34 44.47 50.77 63.29105.26 53.11
 6805.25 30.77 29.95 30.54 29.29 29.44 33.24 42.41 44.47 50.80 63.34105.12 53.18
 6806.25 30.93 30.09 30.65 29.45 29.59 33.39 42.58 44.59 50.93 63.49105.04 53.35
 6807.25 30.92 30.06 30.60 29.42 29.58 33.36 42.59 44.55 50.92 63.50104.88 53.38
 6808.25 30.95 30.07 30.60 29.45 29.60 33.38 42.65 44.55 50.94 63.55104.74 53.44
 6809.25 30.95 30.06 30.58 29.44 29.60 33.37 42.67 44.52 50.94 63.58104.58 53.48
 6810.25 30.91 29.99 30.50 29.38 29.54 33.31 42.65 44.45 50.89 63.56104.40 53.48
 6811.25 30.86 29.93 30.43 29.32 29.49 33.25 42.63 44.38 50.84 63.55104.21 53.48
 6812.25 30.89 29.94 30.43 29.34 29.51 33.27 42.69 44.38 50.87 63.60104.08 53.54
 6813.25 30.88 29.92 30.40 29.32 29.50 33.25 42.71 44.35 50.86 63.62103.92 53.59
 6814.25 30.86 29.88 30.35 29.29 29.47 33.22 42.71 44.30 50.84 63.63103.76 53.64
 6815.25 30.86 29.87 30.33 29.28 29.46 33.21 42.74 44.27 50.84 63.66103.61 53.75
 6816.25 30.92 29.91 30.36 29.33 29.52 33.25 42.83 44.30 50.89 63.74103.50 53.92
 6817.25 31.03 30.00 30.45 29.43 29.62 33.35 42.96 44.38 50.98 63.86103.41 54.13
 6818.25 31.09 30.05 30.48 29.48 29.68 33.40 43.07 44.42 51.04 63.93103.29 54.30
 6819.25 31.05 29.99 30.41 29.43 29.63 33.34 43.10 44.36 50.99 63.93103.11 54.37
 6820.25 30.92 29.84 30.25 29.29 29.49 33.20 43.04 44.21 50.87 63.85102.88 54.37
 6821.25 30.97 29.87 30.28 29.33 29.54 33.24 43.16 44.24 50.92 63.92102.76 54.53
 6822.25 31.15 30.03 30.43 29.49 29.71 33.40 43.39 44.38 51.07 64.08102.71 54.80
 6823.25 31.09 29.96 30.34 29.43 29.65 33.34 43.40 44.30 51.01 64.06102.52 54.86
 6824.25 31.13 29.98 30.35 29.45 29.69 33.37 43.50 44.31 51.04 64.12102.38 55.00
 6825.25 31.12 29.96 30.32 29.44 29.68 33.35 43.56 44.28 51.04 64.14102.21 55.11
 6826.25 31.00 29.82 30.17 29.30 29.55 33.22 43.51 44.14 50.93 64.06101.98 55.11
 6827.25 30.79 29.59 29.94 29.09 29.34 33.01 43.38 43.93 50.75 63.92101.70 55.05
 6828.25 28.53 27.32 27.65 26.83 27.09 30.72 41.20 41.65 48.57 61.95100.03 53.04
 6829.25 24.16 23.01 23.31 22.55 22.80 26.23 36.51 36.88 43.81 57.37 96.10 48.42
 6830.25 22.64 21.51 21.80 21.08 21.33 24.64 34.77 35.04 41.92 55.47 94.22 46.62
 6831.25 19.95 18.89 19.15 18.50 18.73 21.80 31.44 31.62 38.29 51.62 90.36 42.98
 6832.25 23.32 22.14 22.42 21.72 21.98 25.32 35.66 35.75 42.70 56.27 94.51 47.61
 6833.25 29.04 27.74 28.03 27.28 27.58 31.19 42.06 42.07 49.12 62.57 99.61 54.12
 6834.25 28.04 26.73 27.00 26.28 26.58 30.16 41.10 41.01 48.11 61.66 98.71 53.25
 6835.25 23.28 22.06 22.30 21.65 21.94 25.25 35.81 35.64 42.67 56.31 93.99 47.91
 6836.25 19.40 18.28 18.49 17.92 18.19 21.16 31.00 30.76 37.49 50.84 88.58 42.67
 6837.25 24.33 23.05 23.28 22.64 22.95 26.32 37.15 36.80 43.91 57.60 94.73 49.38
 6838.25 30.01 28.61 28.85 28.18 28.52 32.11 43.34 42.90 50.05 63.54 99.44 55.57
 6839.25 31.04 29.63 29.86 29.20 29.55 33.14 44.40 43.87 51.01 64.43 99.93 56.60
 6840.25 31.01 29.57 29.79 29.15 29.51 33.09 44.43 43.81 50.98 64.42 99.74 56.67
 6841.25 30.08 28.63 28.84 28.21 28.58 32.15 43.60 42.89 50.13 63.68 99.00 55.97
 6842.25 29.50 28.03 28.23 27.63 28.00 31.56 43.10 42.30 49.58 63.21 98.45 55.55
 6843.25 27.38 25.92 26.11 25.53 25.90 29.40 40.98 40.08 47.44 61.22 96.70 53.57
 6844.25 26.89 25.42 25.60 25.04 25.42 28.90 40.52 39.54 46.92 60.76 96.13 53.18
 6845.25 30.27 28.74 28.93 28.37 28.76 32.31 44.04 42.98 50.31 63.94 98.46 56.58
 6846.25 31.27 29.71 29.89 29.35 29.75 33.29 45.05 43.91 51.23 64.78 98.92 57.56
 6847.25 31.26 29.69 29.86 29.34 29.74 33.28 45.11 43.88 51.22 64.80 98.74 57.66
 6848.25 31.32 29.73 29.89 29.38 29.79 33.32 45.23 43.91 51.28 64.87 98.58 57.82
 6849.25 31.34 29.73 29.89 29.40 29.81 33.34 45.32 43.91 51.30 64.92 98.39 57.95
 6850.25 31.30 29.66 29.82 29.35 29.76 33.28 45.34 43.84 51.27 64.90 98.15 58.02
 6851.25 30.97 29.32 29.47 29.01 29.43 32.94 45.09 43.51 50.98 64.65 97.75 57.86
 6852.25 30.36 28.69 28.83 28.40 28.82 32.32 44.57 42.89 50.42 64.11 97.15 57.43
 6853.25 30.71 29.02 29.16 28.74 29.16 32.66 44.97 43.21 50.74 64.36 97.16 57.85
 6854.25 31.29 29.58 29.71 29.31 29.74 33.23 45.59 43.74 51.28 64.78 97.31 58.46
 6855.25 31.45 29.72 29.84 29.46 29.89 33.38 45.80 43.86 51.42 64.86 97.20 58.70
 6856.25 31.48 29.72 29.84 29.48 29.92 33.40 45.88 43.86 51.45 64.83 97.00 58.83
 6857.25 31.49 29.71 29.83 29.48 29.92 33.40 45.96 43.85 51.46 64.78 96.79 58.95
 6858.25 31.45 29.65 29.76 29.43 29.88 33.34 45.98 43.79 51.43 64.70 96.56 59.03
 6859.25 31.51 29.69 29.79 29.48 29.93 33.39 46.10 43.82 51.48 64.70 96.38 59.19
 6860.25 31.50 29.66 29.76 29.47 29.92 33.38 46.15 43.78 51.48 64.64 96.16 59.29
 6861.25 31.48 29.62 29.71 29.43 29.88 33.34 46.19 43.74 51.46 64.57 95.93 59.38
 6862.25 31.39 29.51 29.60 29.34 29.79 33.25 46.19 43.63 51.39 64.46 95.67 59.42
 6863.25 30.36 28.46 28.54 28.31 28.75 32.20 45.32 42.61 50.44 63.54 94.77 58.63
 6864.25 25.44 23.62 23.69 23.48 23.90 27.18 40.21 37.36 45.23 58.50 90.36 53.65
 6865.25 17.58 16.13 16.18 16.03 16.36 18.98 30.19 27.54 34.60 47.03 78.67 42.55
 6866.25 16.23 14.85 14.90 14.77 15.08 17.53 28.26 25.62 32.36 44.28 74.97 40.10
 6867.25 22.68 20.99 21.03 20.89 21.28 24.24 36.47 33.47 40.70 52.73 81.63 48.71
 6868.25 25.84 24.11 24.15 24.02 24.41 27.39 39.35 36.36 43.21 54.32 80.65 50.77
 6869.25 27.03 25.25 25.29 25.18 25.57 28.59 40.75 37.61 44.50 55.59 81.83 52.17
 6870.25 27.90 26.07 26.10 26.00 26.40 29.49 42.06 38.72 45.79 57.08 83.78 53.73
 6871.25 27.97 26.10 26.13 26.05 26.45 29.56 42.35 38.85 45.98 57.31 84.05 54.13
 6872.25 25.31 23.45 23.47 23.41 23.81 26.89 39.92 36.24 43.51 55.07 82.35 52.09
 6873.25 24.34 22.47 22.49 22.44 22.83 25.90 39.12 35.27 42.63 54.29 81.84 51.60
 6874.25 28.08 26.12 26.13 26.10 26.51 29.69 43.18 39.19 46.56 58.04 85.03 55.70
 6875.25 29.75 27.74 27.75 27.73 28.15 31.36 45.03 40.90 48.29 59.70 86.54 57.70
 6876.25 30.14 28.09 28.09 28.10 28.51 31.76 45.67 41.37 48.87 60.29 87.19 58.59
 6877.25 30.20 28.12 28.12 28.14 28.56 31.82 45.95 41.49 49.08 60.48 87.38 59.11
 6878.25 30.67 28.53 28.53 28.57 28.99 32.31 46.80 42.13 49.91 61.41 88.59 60.34
 6879.25 30.55 28.38 28.38 28.43 28.85 32.18 46.85 42.03 49.88 61.33 88.43 60.60
 6880.25 31.05 28.82 28.82 28.88 29.32 32.70 47.77 42.72 50.77 62.33 89.74 61.93
 6881.25 31.56 29.27 29.27 29.35 29.79 33.24 48.72 43.44 51.69 63.38 91.13 63.31
 6882.25 29.02 26.72 26.73 26.83 27.25 30.68 46.42 40.92 49.35 61.13 89.17 61.41
 6883.25 26.93 24.68 24.69 24.81 25.21 28.54 44.15 38.58 46.95 58.56 86.25 59.18
 6884.25 28.93 26.63 26.64 26.79 27.18 30.55 46.22 40.57 48.90 60.21 87.19 61.16
 6885.25 30.20 27.88 27.89 28.06 28.44 31.80 47.41 41.71 49.97 61.00 87.37 62.26
 6886.25 29.95 27.66 27.67 27.86 28.22 31.51 46.92 41.21 49.33 60.02 85.62 61.58
 6887.25 30.62 28.27 28.28 28.51 28.86 32.21 48.00 42.05 50.36 61.13 86.96 63.06
 6888.25 30.73 28.36 28.37 28.62 28.96 32.32 48.29 42.20 50.59 61.30 87.07 63.55
 6889.25 29.25 26.93 26.94 27.21 27.53 30.80 46.51 40.42 48.67 59.05 84.04 61.57
 6890.25 26.73 24.40 24.41 24.70 25.00 28.26 44.39 38.00 46.52 57.13 82.78 60.08
 6891.25 24.34 22.05 22.06 22.37 22.65 25.85 42.20 35.58 44.30 55.12 81.53 58.48
 6892.25 26.93 24.57 24.58 24.93 25.20 28.45 44.71 38.12 46.67 57.01 82.06 60.52
 6893.25 29.48 27.08 27.09 27.46 27.73 31.01 47.24 40.62 49.08 59.09 83.38 62.84
 6894.25 31.60 29.10 29.11 29.53 29.79 33.18 50.06 43.10 51.86 62.08 86.93 66.24
 6895.25 31.00 28.48 28.50 28.93 29.18 32.57 49.57 42.48 51.30 61.44 86.14 65.90
 6896.25 28.60 26.15 26.16 26.61 26.84 30.12 46.79 39.74 48.40 58.21 82.14 62.87
 6897.25 29.99 27.48 27.49 27.97 28.19 31.52 48.51 41.26 50.05 59.84 83.78 64.85
 6898.25 32.30 29.69 29.71 30.24 30.45 33.88 51.43 43.87 52.92 62.86 87.21 68.28
 6899.25 31.69 29.10 29.11 29.66 29.85 33.25 50.74 43.13 52.14 61.88 85.79 67.53
 6900.25 30.07 27.53 27.55 28.10 28.28 31.58 48.76 41.20 50.04 59.46 82.60 65.27
 6901.25 29.46 26.87 26.89 27.47 27.64 31.00 48.69 40.81 49.92 59.47 83.00 65.75
 6902.25 25.73 23.17 23.19 23.79 23.93 27.24 45.42 37.14 46.62 56.53 81.16 63.44
 6903.25 25.53 22.98 22.99 23.61 23.74 27.03 45.18 36.84 46.29 56.02 80.34 63.17
 6904.25 28.89 26.27 26.29 26.95 27.06 30.40 48.32 40.11 49.31 58.54 81.59 65.63
 6905.25 30.40 27.72 27.74 28.43 28.53 31.92 50.04 41.67 50.94 60.09 83.09 67.47
 6906.25 32.09 29.33 29.35 30.09 30.17 33.66 52.34 43.65 53.19 62.48 85.97 70.31
 6907.25 32.30 29.51 29.53 30.30 30.37 33.87 52.73 43.87 53.48 62.71 86.19 70.83
 6908.25 31.18 28.44 28.45 29.23 29.28 32.72 51.42 42.52 51.99 60.99 83.95 69.21
 6909.25 30.78 28.05 28.05 28.85 28.89 32.31 51.09 42.00 51.46 60.30 83.00 68.74
 6910.25 32.01 29.21 29.20 30.04 30.06 33.58 53.01 43.46 53.16 62.11 85.22 71.00
 6911.25 32.60 29.75 29.74 30.62 30.63 34.20 54.10 44.19 54.04 63.02 86.34 72.28
 6912.25 31.87 29.03 29.01 29.91 29.90 33.46 53.54 43.40 53.28 62.16 85.33 71.66
 6913.25 28.33 25.57 25.55 26.44 26.41 29.88 49.96 39.62 49.49 58.27 81.33 68.03
 6914.25 22.82 20.30 20.28 21.10 21.06 24.27 44.06 33.56 43.37 52.18 75.78 62.45
 6915.25 25.79 23.06 23.05 23.95 23.89 27.33 48.19 37.09 47.28 56.20 80.04 66.90
 6916.25 31.77 28.85 28.84 29.82 29.74 33.39 54.71 43.39 53.60 62.29 85.49 73.02
 6917.25 32.21 29.30 29.29 30.29 30.19 33.83 55.17 43.72 53.87 62.40 85.28 73.28
 6918.25 31.52 28.63 28.62 29.62 29.51 33.11 54.43 42.87 52.95 61.30 83.84 72.31
 6919.25 31.77 28.85 28.85 29.88 29.74 33.38 55.04 43.16 53.34 61.65 84.23 72.99
 6920.25 32.68 29.71 29.71 30.77 30.62 34.31 56.48 44.21 54.55 62.89 85.67 74.63
 6921.25 32.80 29.81 29.81 30.91 30.73 34.45 56.91 44.36 54.78 63.07 85.86 75.12
 6922.25 32.22 29.23 29.23 30.35 30.15 33.86 56.52 43.74 54.20 62.40 85.06 74.68
 6923.25 30.44 27.48 27.48 28.61 28.38 32.06 54.82 41.84 52.30 60.40 82.92 72.92
 6924.25 23.35 20.68 20.68 21.71 21.48 24.83 47.22 34.08 44.48 52.60 75.72 65.73
 6925.25 19.68 17.26 17.27 18.21 17.99 21.04 42.62 29.65 39.74 47.68 70.97 61.14
 6926.25 26.35 23.47 23.47 24.63 24.34 27.95 51.68 37.64 48.49 56.61 79.84 70.45
 6927.25 31.86 28.79 28.80 30.05 29.72 33.52 57.56 43.40 54.25 62.10 84.62 75.84
 6928.25 32.11 29.05 29.06 30.33 29.98 33.77 57.84 43.56 54.38 62.07 84.32 75.97
 6929.25 31.55 28.50 28.52 29.80 29.43 33.20 57.31 42.90 53.71 61.24 83.26 75.41
 6930.25 31.89 28.81 28.82 30.14 29.75 33.55 58.06 43.31 54.26 61.75 83.84 76.48
 6931.25 32.37 29.26 29.28 30.63 30.21 34.05 58.89 43.84 54.90 62.33 84.45 77.60
 6932.25 32.51 29.38 29.40 30.79 30.34 34.20 59.27 43.97 55.11 62.44 84.50 78.20
 6933.25 32.40 29.27 29.29 30.70 30.22 34.09 59.32 43.82 55.00 62.21 84.14 78.40
 6934.25 32.34 29.21 29.23 30.66 30.16 34.02 59.40 43.71 54.92 62.02 83.80 78.63
 6935.25 32.47 29.31 29.34 30.79 30.27 34.16 59.83 43.86 55.17 62.19 83.96 79.32
 6936.25 32.69 29.51 29.54 31.03 30.48 34.39 60.38 44.12 55.53 62.49 84.26 80.14
 6937.25 32.63 29.45 29.48 30.99 30.42 34.33 60.47 44.01 55.47 62.31 83.96 80.38
 6938.25 32.42 29.23 29.26 30.80 30.20 34.12 60.44 43.77 55.28 62.02 83.56 80.53
 6939.25 31.86 28.67 28.70 30.25 29.64 33.56 60.09 43.19 54.76 61.40 82.87 80.37
 6940.25 28.85 25.72 25.75 27.29 26.67 30.53 57.35 40.09 51.80 58.41 80.04 78.05
 6941.25 24.02 21.11 21.14 22.58 21.99 25.60 52.31 34.80 46.53 53.12 75.18 73.68
 6942.25 26.63 23.56 23.59 25.14 24.50 28.28 55.61 37.74 49.66 56.16 78.00 77.06
 6943.25 31.28 28.04 28.08 29.73 29.04 32.99 60.53 42.60 54.51 60.81 82.12 81.72
 6944.25 32.16 28.90 28.94 30.62 29.91 33.88 61.60 43.48 55.43 61.62 82.80 82.94
 6945.25 32.67 29.38 29.42 31.14 30.41 34.40 62.42 44.01 56.07 62.18 83.35 84.01
 6946.25 32.73 29.43 29.47 31.21 30.46 34.45 62.58 44.01 56.09 62.09 83.11 84.28
 6947.25 32.35 29.07 29.11 30.85 30.10 34.05 62.13 43.51 55.55 61.39 82.15 83.82
 6948.25 32.32 29.01 29.06 30.83 30.06 34.02 62.36 43.48 55.60 61.36 82.07 84.26
 6949.25 30.66 27.34 27.38 29.18 28.39 32.34 61.28 41.89 54.25 60.01 80.98 83.71
 6950.25 22.23 19.34 19.38 20.94 20.24 23.69 51.88 32.50 44.64 50.33 71.83 75.20
 6951.25 19.46 16.80 16.84 18.29 17.63 20.78 48.03 29.05 40.79 46.26 67.53 71.45
 6952.25 27.25 23.98 24.04 25.83 25.02 28.78 58.53 38.27 50.95 56.53 77.75 82.13
 6953.25 31.54 28.11 28.17 30.07 29.21 33.09 62.70 42.72 55.35 60.72 81.35 86.12
 6954.25 31.97 28.52 28.58 30.51 29.62 33.49 62.96 43.13 55.81 61.07 81.60 86.87
 6955.25 32.42 28.95 29.01 30.96 30.06 33.90 63.15 43.53 56.23 61.39 81.77 87.52
 6956.25 31.95 28.49 28.56 30.51 29.61 33.38 62.27 42.95 55.61 60.64 80.77 86.97
 6957.25 31.88 28.39 28.46 30.43 29.52 33.29 62.28 42.94 55.77 60.79 80.96 87.71
 6958.25 32.06 28.53 28.60 30.60 29.67 33.44 62.47 43.16 56.13 61.13 81.30 88.58
 6959.25 31.97 28.43 28.51 30.51 29.58 33.31 62.10 43.02 56.00 60.93 80.90 88.64
 6960.25 32.12 28.57 28.65 30.66 29.73 33.43 62.04 43.14 56.16 61.04 80.85 89.07
 6961.25 32.10 28.53 28.62 30.63 29.70 33.37 61.80 43.08 56.13 60.95 80.61 89.29
 6962.25 32.35 28.75 28.84 30.87 29.93 33.59 62.06 43.39 56.57 61.38 81.03 90.24
 6963.25 32.55 28.92 29.01 31.05 30.11 33.76 62.16 43.60 56.87 61.64 81.22 90.94
 6964.25 32.56 28.91 29.01 31.06 30.11 33.73 61.94 43.57 56.87 61.59 81.00 91.18
 6965.25 32.62 28.95 29.05 31.11 30.16 33.76 61.85 43.63 56.99 61.66 80.96 91.63
 6966.25 32.76 29.07 29.18 31.25 30.29 33.87 61.88 43.78 57.21 61.85 81.06 92.22
 6967.25 32.45 28.74 28.85 30.93 29.97 33.53 61.47 43.47 57.00 61.61 80.74 92.40
 6968.25 32.02 28.29 28.40 30.49 29.53 33.06 60.94 43.04 56.67 61.24 80.31 92.47
 6969.25 32.53 28.78 28.89 30.99 30.03 33.53 61.19 43.51 57.15 61.66 80.55 93.14
 6970.25 32.08 28.33 28.44 30.54 29.58 33.05 60.59 43.05 56.75 61.23 80.00 93.08
 6971.25 28.05 24.39 24.51 26.55 25.61 28.96 56.53 38.91 52.84 57.35 76.42 90.25
 6972.25 27.27 23.63 23.75 25.78 24.84 28.14 55.59 38.08 52.09 56.58 75.64 90.04
 6973.25 31.67 27.85 27.99 30.12 29.14 32.53 59.80 42.63 56.58 60.94 79.46 94.02
 6974.25 32.98 29.12 29.27 31.41 30.43 33.81 60.77 43.89 57.78 62.07 80.32 95.24
 6975.25 33.01 29.14 29.29 31.44 30.46 33.81 60.65 43.92 57.84 62.12 80.25 95.64
 6976.25 32.98 29.11 29.27 31.43 30.44 33.77 60.47 43.90 57.80 62.11 80.11 95.96
 6977.25 32.76 28.89 29.06 31.23 30.24 33.53 60.08 43.67 57.54 61.89 79.76 96.06
 6978.25 32.55 28.67 28.85 31.03 30.04 33.31 59.79 43.49 57.37 61.77 79.56 96.36
 6979.25 28.29 24.54 24.72 26.83 25.87 29.02 55.55 39.16 53.21 57.74 75.86 93.53
 6980.25 22.76 19.39 19.56 21.45 20.58 23.41 48.83 32.92 46.63 51.20 69.43 88.00
 6981.25 26.62 22.96 23.15 25.22 24.26 27.31 53.39 37.35 51.31 55.93 73.89 92.62
 6982.25 32.18 28.30 28.51 30.73 29.69 32.89 58.90 43.18 56.99 61.56 78.92 97.59
 6983.25 32.97 29.08 29.30 31.53 30.48 33.67 59.47 43.96 57.69 62.29 79.47 98.54
 6984.25 32.67 28.79 29.01 31.26 30.19 33.36 59.05 43.69 57.40 62.04 79.11 98.64
 6985.25 32.39 28.51 28.74 30.99 29.91 33.06 58.60 43.40 57.08 61.75 78.69 98.63
 6986.25 32.36 28.50 28.73 30.98 29.89 33.02 58.30 43.33 56.91 61.61 78.35 98.44
 6987.25 32.40 28.53 28.77 31.03 29.93 33.04 58.21 43.38 56.95 61.69 78.32 98.29
 6988.25 32.11 28.24 28.49 30.76 29.64 32.74 57.78 43.10 56.66 61.44 77.96 98.11
 6989.25 32.14 28.28 28.53 30.81 29.68 32.76 57.59 43.11 56.60 61.41 77.76108.42
 6990.25 32.45 28.58 28.83 31.13 29.98 33.06 57.83 43.47 56.96 61.83 78.10146.74
 6991.25 32.66 28.78 29.04 31.36 30.19 33.27 57.94 43.72 57.21 62.12 78.30173.32
 6992.25 32.67 28.78 29.05 31.38 30.19 33.26 57.81 43.74 57.21 62.16 78.23176.70
 6993.25 32.43 28.57 28.84 31.17 29.97 33.02 57.33 43.47 56.86 61.83 77.71175.19
 6994.25 32.50 28.63 28.90 31.25 30.04 33.08 57.23 43.54 56.90 61.91 77.66174.43
 6995.25 32.89 28.99 29.28 31.64 30.41 33.47 57.60 44.00 57.39 62.47 78.18174.78
 6996.25 32.88 28.97 29.26 31.65 30.40 33.46 57.51 44.03 57.43 62.56 78.19174.34
 6997.25 32.55 28.65 28.94 31.33 30.07 33.12 57.02 43.70 57.08 62.26 77.77173.17
 6998.25 31.94 28.06 28.35 30.74 29.48 32.51 56.16 43.06 56.37 61.57 76.92171.20
 6999.25 31.92 28.04 28.34 30.73 29.46 32.48 55.96 43.04 56.32 61.57 76.78170.31
 7000.25 32.63 28.72 29.03 31.45 30.16 33.19 56.59 43.82 57.12 62.42 77.56170.83
 7001.25 32.59 28.67 28.99 31.42 30.11 33.15 56.42 43.81 57.11 62.46 77.51170.23
 7002.25 32.45 28.54 28.86 31.30 29.98 33.01 56.12 43.69 56.97 62.36 77.30169.32
 7003.25 32.35 28.44 28.77 31.21 29.88 32.91 55.84 43.59 56.85 62.29 77.11168.39
 7004.25 31.64 27.76 28.09 30.52 29.19 32.19 54.85 42.84 56.02 61.49 76.13166.28
 7005.25 29.22 25.41 25.73 28.13 26.80 29.76 52.31 40.40 53.66 59.23 73.93164.00
 7006.25 29.25 25.43 25.75 28.18 26.83 29.80 52.31 40.52 53.84 59.48 74.16164.08
 7007.25 32.17 28.29 28.62 31.10 29.72 32.72 54.97 43.48 56.64 62.25 76.60165.03
 7008.25 32.97 29.10 29.42 31.92 30.52 33.52 55.51 44.27 57.33 62.95 77.11164.58
 7009.25 33.03 29.18 29.50 32.00 30.60 33.59 55.38 44.35 57.36 62.99 77.03163.66
 7010.25 32.90 29.07 29.39 31.89 30.48 33.46 55.04 44.23 57.18 62.81 76.74162.48
 7011.25 32.53 28.71 29.03 31.54 30.11 33.09 54.50 43.88 56.81 62.44 76.31161.28
 7012.25 30.00 26.22 26.54 29.03 27.60 30.56 52.04 41.44 54.57 60.30 74.37159.78
 7013.25 26.43 22.81 23.11 25.51 24.13 26.97 48.14 37.70 50.86 56.68 70.98157.05
 7014.25 29.16 25.42 25.73 28.23 26.79 29.72 50.86 40.63 53.73 59.50 73.57157.75
 7015.25 32.42 28.65 28.96 31.51 30.03 32.99 53.70 43.87 56.68 62.30 76.01157.82
 7016.25 32.68 28.94 29.25 31.79 30.31 33.25 53.61 44.06 56.73 62.30 75.87156.27
 7017.25 32.97 29.22 29.54 32.10 30.60 33.54 53.82 44.43 57.13 62.72 76.33156.30
 7018.25 33.21 29.45 29.76 32.35 30.83 33.78 53.97 44.74 57.45 63.07 76.71156.19
 7019.25 33.09 29.35 29.66 32.25 30.72 33.67 53.68 44.65 57.33 62.95 76.57155.22
 7020.25 32.89 29.16 29.46 32.07 30.52 33.47 53.33 44.49 57.16 62.78 76.39154.26
 7021.25 32.77 29.04 29.34 31.97 30.40 33.35 53.05 44.41 57.07 62.70 76.31153.42
 7022.25 32.65 28.94 29.24 31.87 30.28 33.24 52.75 44.31 56.93 62.56 76.14152.36
 7023.25 32.48 28.80 29.09 31.73 30.13 33.07 52.34 44.13 56.68 62.29 75.81150.91
 7024.25 32.65 28.96 29.25 31.91 30.29 33.24 52.36 44.35 56.88 62.51 76.03150.44
 7025.25 32.86 29.17 29.46 32.13 30.49 33.45 52.43 44.61 57.12 62.77 76.29150.01
 7026.25 32.65 28.99 29.28 31.95 30.29 33.25 51.98 44.39 56.78 62.46 75.91148.51
 7027.25 32.35 28.72 29.00 31.67 30.01 32.94 51.39 44.04 56.28 61.98 75.34146.63
 7028.25 32.59 28.95 29.23 31.93 30.24 33.19 51.54 44.36 56.58 62.35 75.75146.49
 7029.25 32.74 29.09 29.37 32.09 30.37 33.34 51.61 44.60 56.80 62.67 76.11146.38
 7030.25 32.53 28.89 29.17 31.91 30.16 33.14 51.27 44.45 56.60 62.53 75.99145.51
 7031.25 32.23 28.60 28.87 31.63 29.86 32.84 50.82 44.20 56.29 62.29 75.76144.49
 7032.25 32.44 28.82 29.09 31.88 30.07 33.05 50.82 44.42 56.41 62.46 75.89143.66
 7033.25 32.77 29.17 29.43 32.27 30.40 33.39 50.93 44.76 56.64 62.73 76.10142.86
 7034.25 32.82 29.22 29.49 32.37 30.45 33.44 50.78 44.83 56.61 62.75 76.09141.89
 7035.25 32.80 29.21 29.47 32.40 30.43 33.43 50.56 44.83 56.52 62.71 76.02140.86
 7036.25 32.71 29.14 29.39 32.36 30.34 33.34 50.25 44.74 56.32 62.55 75.82139.61
 7037.25 32.52 28.97 29.22 32.22 30.16 33.16 49.80 44.53 55.98 62.24 75.44138.05
 7038.25 32.58 29.03 29.27 32.31 30.20 33.22 49.67 44.61 55.98 62.30 75.48137.18
 7039.25 32.55 29.01 29.25 32.33 30.17 33.19 49.39 44.56 55.81 62.17 75.29135.86
 7040.25 32.54 29.01 29.24 32.37 30.16 33.18 49.20 44.58 55.75 62.17 75.27134.91
 7041.25 32.52 28.98 29.21 32.39 30.12 33.17 49.07 44.64 55.78 62.29 75.43134.38
 7042.25 31.52 27.99 28.21 31.44 29.12 32.18 47.97 43.71 54.85 61.46 74.68132.97
 7043.25 30.09 26.58 26.80 30.05 27.68 30.74 46.47 42.32 53.46 60.18 73.51131.31
 7044.25 31.46 27.93 28.15 31.46 29.03 32.12 47.71 43.69 54.66 61.38 74.57131.45
 7045.25 32.59 29.06 29.27 32.63 30.16 33.25 48.69 44.79 55.60 62.33 75.40131.83
 7046.25 32.37 28.86 29.06 32.46 29.94 33.04 48.41 44.60 55.33 62.12 75.17131.52
 7047.25 31.55 28.05 28.25 31.69 29.11 32.22 47.56 43.83 54.52 61.39 74.48130.90
 7048.25 30.70 27.21 27.40 30.88 28.26 31.37 46.68 43.02 53.69 60.67 73.82130.44
 7049.25 28.84 25.40 25.59 29.06 26.42 29.51 44.74 41.15 51.80 58.90 72.17129.22
 7050.25 27.65 24.27 24.45 27.91 25.26 28.32 43.37 39.89 50.44 57.61 70.90128.03
 7051.25 29.57 26.12 26.30 29.88 27.13 30.25 45.28 41.90 52.31 59.47 72.59129.02
 7052.25 30.69 27.23 27.40 31.05 28.23 31.38 46.31 43.05 53.32 60.49 73.49129.52
 7053.25 30.89 27.42 27.60 31.29 28.41 31.58 46.46 43.28 53.47 60.70 73.69129.68
 7054.25 31.38 27.91 28.08 31.83 28.89 32.08 46.91 43.82 53.93 61.22 74.19130.15
 7055.25 31.54 28.06 28.23 32.03 29.04 32.24 46.99 43.99 54.02 61.36 74.31130.18
 7056.25 31.80 28.33 28.50 32.33 29.29 32.50 47.14 44.24 54.16 61.54 74.42130.07
 7057.25 32.03 28.58 28.74 32.61 29.52 32.74 47.27 44.47 54.28 61.70 74.52129.97
 7058.25 32.13 28.68 28.83 32.76 29.61 32.85 47.31 44.60 54.33 61.81 74.63130.05
 7059.25 32.53 29.07 29.23 33.20 30.00 33.24 47.62 45.00 54.64 62.16 74.93130.22
 7060.25 32.65 29.20 29.36 33.37 30.12 33.37 47.65 45.13 54.67 62.24 74.97130.12
 7061.25 32.41 28.97 29.12 33.17 29.88 33.14 47.36 44.92 54.39 62.04 74.77129.90
 7062.25 32.10 28.66 28.81 32.91 29.57 32.83 47.01 44.65 54.07 61.80 74.55129.72
 7063.25 32.11 28.67 28.81 32.95 29.58 32.84 46.93 44.67 54.00 61.79 74.50129.57
 7064.25 31.80 28.37 28.51 32.70 29.27 32.54 46.57 44.39 53.66 61.52 74.23129.29
 7065.25 31.35 27.93 28.07 32.28 28.82 32.09 46.05 43.95 53.15 61.09 73.80128.83
 7066.25 31.76 28.34 28.47 32.74 29.23 32.50 46.37 44.37 53.47 61.45 74.11128.97
 7067.25 32.01 28.59 28.71 33.03 29.47 32.75 46.55 44.64 53.66 61.71 74.36129.16
 7068.25 31.33 27.92 28.05 32.40 28.80 32.08 45.84 44.02 52.99 61.14 73.86128.75
 7069.25 31.45 28.04 28.16 32.57 28.92 32.20 45.88 44.15 53.04 61.24 73.99128.72
 7070.25 32.31 28.89 29.02 33.49 29.77 33.06 46.62 44.99 53.74 61.96 74.67129.04
 7071.25 31.82 28.40 28.53 33.06 29.28 32.57 46.06 44.52 53.22 61.52 74.30128.60
 7072.25 31.28 27.87 27.99 32.58 28.75 32.03 45.46 44.01 52.64 61.03 73.87128.13
 7073.25 32.05 28.64 28.76 33.42 29.52 32.81 46.12 44.77 53.28 61.69 74.50128.43
 7074.25 32.45 29.03 29.16 33.87 29.91 33.21 46.41 45.15 53.56 62.01 74.82128.50
 7075.25 31.61 28.20 28.33 33.09 29.08 32.37 45.54 44.37 52.74 61.28 74.19127.91
 7076.25 31.37 27.96 28.08 32.91 28.83 32.13 45.23 44.15 52.49 61.07 74.04127.69
 7077.25 32.23 28.82 28.95 33.83 29.70 32.98 45.96 44.98 53.21 61.77 74.68127.91
 7078.25 32.52 29.11 29.24 34.18 29.99 33.25 46.12 45.24 53.39 61.93 74.83127.72
 7079.25 31.85 28.44 28.57 33.56 29.31 32.55 45.41 44.62 52.77 61.37 74.37127.31
 7080.25 31.46 28.04 28.17 33.24 28.92 32.15 44.98 44.28 52.42 61.09 74.17127.16
 7081.25 32.05 28.63 28.76 33.89 29.51 32.72 45.48 44.87 52.95 61.61 74.69127.44
 7082.25 32.57 29.15 29.29 34.48 30.03 33.23 45.90 45.39 53.40 62.06 75.13127.62
 7083.25 31.96 28.54 28.68 33.93 29.42 32.61 45.25 44.83 52.83 61.56 74.73127.25
 7084.25 30.46 27.05 27.19 32.48 27.93 31.08 43.71 43.38 51.40 60.23 73.57126.34
 7085.25 31.26 27.84 27.97 33.34 28.72 31.86 44.41 44.18 52.12 60.94 74.24126.66
 7086.25 32.71 29.28 29.42 34.85 30.16 33.29 45.72 45.59 53.41 62.17 75.38127.30
 7087.25 32.79 29.37 29.50 34.99 30.25 33.36 45.72 45.67 53.44 62.21 75.44127.17
 7088.25 32.34 28.91 29.05 34.60 29.79 32.89 45.22 45.24 52.98 61.79 75.08126.70
 7089.25 31.48 28.06 28.20 33.81 28.94 32.01 44.39 44.46 52.20 61.10 74.52126.29
 7090.25 30.13 26.73 26.87 32.51 27.60 30.65 43.03 43.15 50.90 59.90 73.48125.48
 7091.25 30.58 27.17 27.31 33.02 28.04 31.08 43.45 43.61 51.30 60.31 73.89125.64
 7092.25 31.84 28.41 28.56 34.35 29.29 32.32 44.66 44.87 52.47 61.44 74.95126.26
 7093.25 32.15 28.71 28.87 34.72 29.60 32.61 44.91 45.17 52.71 61.68 75.19126.26
 7094.25 32.22 28.79 28.95 34.85 29.67 32.66 44.95 45.25 52.74 61.73 75.26126.15
 7095.25 32.51 29.07 29.23 35.19 29.95 32.93 45.18 45.54 52.96 61.95 75.50126.17
 7096.25 32.72 29.29 29.45 35.47 30.17 33.13 45.35 45.75 53.12 62.13 75.69126.15
 7097.25 32.80 29.37 29.53 35.60 30.25 33.19 45.39 45.84 53.16 62.18 75.77126.06
 7098.25 32.79 29.35 29.52 35.64 30.23 33.15 45.34 45.83 53.10 62.15 75.77125.90
 7099.25 32.64 29.20 29.37 35.55 30.08 32.98 45.16 45.70 52.93 62.00 75.66125.66
 7100.25 32.76 29.32 29.50 35.73 30.20 33.08 45.23 45.83 53.00 62.09 75.78125.60
 7101.25 32.93 29.48 29.67 35.96 30.37 33.24 45.36 46.01 53.13 62.23 75.94125.58
 7102.25 32.74 29.29 29.48 35.83 30.18 33.02 45.15 45.85 52.93 62.07 75.83125.36
 7103.25 32.67 29.20 29.40 35.81 30.11 32.93 45.05 45.80 52.83 62.01 75.81125.21
 7104.25 32.73 29.26 29.47 35.93 30.18 32.97 45.08 45.88 52.86 62.06 75.90125.11
 7105.25 32.64 29.17 29.37 35.89 30.09 32.86 44.94 45.80 52.73 61.96 75.83124.87
 7106.25 32.62 29.14 29.36 35.93 30.07 32.82 44.88 45.79 52.66 61.91 75.80124.64
 7107.25 32.87 29.39 29.61 36.24 30.33 33.05 45.10 46.06 52.88 62.14 76.06124.73
 7108.25 32.99 29.49 29.72 36.41 30.45 33.14 45.17 46.19 52.95 62.23 76.18124.66
 7109.25 32.74 29.25 29.48 36.22 30.21 32.88 44.90 45.97 52.69 62.00 76.01124.35
 7110.25 32.63 29.12 29.36 36.16 30.09 32.74 44.76 45.89 52.56 61.91 75.96124.18
 7111.25 32.74 29.23 29.48 36.32 30.21 32.84 44.83 46.01 52.62 61.99 76.07124.08
 7112.25 32.81 29.29 29.54 36.44 30.28 32.88 44.85 46.09 52.65 62.04 76.15123.99
 7113.25 32.85 29.33 29.58 36.54 30.32 32.90 44.86 46.15 52.66 62.08 76.22123.90
 7114.25 32.82 29.29 29.56 36.56 30.30 32.85 44.80 46.14 52.60 62.05 76.21123.71
 7115.25 32.91 29.38 29.65 36.70 30.40 32.92 44.84 46.24 52.63 62.12 76.28123.56
 7116.25 33.03 29.49 29.77 36.87 30.52 33.02 44.91 46.37 52.70 62.23 76.39123.48
 7117.25 32.93 29.38 29.67 36.83 30.42 32.90 44.78 46.29 52.57 62.15 76.34123.26
 7118.25 32.77 29.22 29.51 36.72 30.27 32.72 44.58 46.14 52.37 61.99 76.18122.90
 7119.25 32.82 29.26 29.56 36.82 30.32 32.75 44.59 46.21 52.38 62.05 76.26122.81
 7120.25 33.00 29.44 29.74 37.06 30.50 32.91 44.73 46.40 52.52 62.23 76.44122.81
 7121.25 33.04 29.47 29.78 37.15 30.55 32.93 44.73 46.46 52.53 62.28 76.50122.69
 7122.25 33.03 29.46 29.78 37.19 30.54 32.91 44.68 46.46 52.47 62.26 76.48122.46
 7123.25 33.00 29.42 29.75 37.21 30.51 32.85 44.61 46.45 52.40 62.24 76.50122.29
 7124.25 32.89 29.30 29.64 37.16 30.40 32.73 44.47 46.36 52.27 62.17 76.46122.09
 7125.25 32.87 29.28 29.62 37.19 30.39 32.69 44.41 46.36 52.22 62.15 76.48121.90
 7126.25 32.90 29.30 29.66 37.27 30.42 32.70 44.40 46.40 52.22 62.19 76.55121.76
 7127.25 32.85 29.24 29.61 37.26 30.37 32.62 44.29 46.35 52.14 62.12 76.50121.49
 7128.25 32.22 28.60 28.98 36.68 29.74 31.97 43.63 45.75 51.52 61.56 76.02120.87
 7129.25 31.27 27.65 28.04 35.78 28.79 31.00 42.67 44.85 50.62 60.75 75.33120.19
 7130.25 31.80 28.17 28.57 36.36 29.32 31.51 43.15 45.38 51.10 61.22 75.79120.34
 7131.25 32.51 28.86 29.27 37.11 30.03 32.19 43.79 46.07 51.73 61.83 76.36120.56
 7132.25 32.90 29.24 29.66 37.55 30.41 32.55 44.12 46.45 52.06 62.16 76.70120.62
 7133.25 32.74 29.07 29.50 37.43 30.25 32.37 43.94 46.31 51.89 62.03 76.61120.36
 7134.25 31.72 28.05 28.49 36.47 29.24 31.33 42.94 45.35 50.93 61.16 75.87119.61
 7135.25 31.47 27.79 28.24 36.27 28.98 31.06 42.68 45.12 50.68 60.96 75.73119.34
 7136.25 32.42 28.73 29.18 37.26 29.93 31.98 43.57 46.04 51.53 61.77 76.47119.66
 7137.25 32.73 29.04 29.50 37.60 30.24 32.27 43.83 46.32 51.75 61.97 76.65119.48
 7138.25 32.84 29.14 29.61 37.76 30.35 32.36 43.93 46.44 51.84 62.08 76.79119.42
 7139.25 33.02 29.32 29.79 37.99 30.53 32.51 44.09 46.63 51.99 62.25 76.99119.41
 7140.25 33.05 29.34 29.82 38.06 30.55 32.52 44.09 46.65 51.98 62.26 77.01119.19
 7141.25 33.08 29.37 29.85 38.14 30.58 32.53 44.10 46.69 51.98 62.29 77.07119.03
 7142.25 32.67 28.96 29.45 37.79 30.17 32.10 43.69 46.32 51.59 61.94 76.79118.60
 7143.25 31.81 28.09 28.59 36.97 29.29 31.21 42.84 45.51 50.77 61.21 76.16117.93
 7144.25 31.22 27.50 28.00 36.37 28.69 30.59 42.24 44.96 50.20 60.71 75.78117.50
 7145.25 30.98 27.26 27.76 36.10 28.45 30.34 41.99 44.73 49.94 60.49 75.60117.14
 7146.25 30.98 27.26 27.77 36.05 28.45 30.31 41.96 44.73 49.91 60.47 75.60116.89
 7147.25 31.05 27.32 27.84 36.06 28.51 30.36 41.99 44.79 49.91 60.48 75.61116.60
 7148.25 31.25 27.51 28.03 36.21 28.70 30.53 42.18 45.00 50.09 60.69 75.84116.61
 7149.25 31.63 27.88 28.41 36.54 29.06 30.89 42.54 45.41 50.44 61.05 76.21116.73
 7150.25 31.88 28.13 28.66 36.73 29.31 31.12 42.74 45.65 50.61 61.20 76.33116.50
 7151.25 32.04 28.28 28.82 36.84 29.46 31.25 42.88 45.83 50.73 61.33 76.47116.38
 7152.25 32.53 28.76 29.31 37.29 29.94 31.72 43.36 46.36 51.20 61.82 76.99116.69
 7153.25 32.64 28.87 29.42 37.36 30.05 31.81 43.45 46.51 51.29 61.93 77.12116.60
 7154.25 32.78 29.00 29.56 37.45 30.17 31.93 43.57 46.67 51.40 62.05 77.27116.52
 7155.25 33.01 29.23 29.80 37.62 30.40 32.13 43.76 46.91 51.57 62.22 77.43116.39
 7156.25 33.07 29.28 29.86 37.62 30.45 32.17 43.78 46.97 51.56 62.22 77.43116.11
 7157.25 32.93 29.14 29.72 37.43 30.30 32.01 43.63 46.88 51.42 62.12 77.39115.90
 7158.25 32.58 28.79 29.37 37.03 29.95 31.63 43.27 46.57 51.06 61.80 77.11115.42
 7159.25 32.61 28.82 29.41 37.01 29.97 31.64 43.27 46.62 51.05 61.79 77.11115.13
 7160.25 32.29 28.48 29.09 36.65 29.63 31.29 42.96 46.38 50.77 61.59 77.02114.92
 7161.25 32.06 28.25 28.86 36.37 29.40 31.04 42.71 46.19 50.52 61.38 76.85114.51
 7162.25 32.36 28.56 29.18 36.62 29.70 31.34 42.97 46.48 50.74 61.58 77.01114.27
 7163.25 31.99 28.18 28.82 36.19 29.32 30.96 42.58 46.15 50.35 61.23 76.72113.74
 7164.25 31.48 27.68 28.32 35.62 28.81 30.44 42.04 45.66 49.81 60.72 76.24112.98
 7165.25 32.17 28.35 29.01 36.26 29.49 31.12 42.69 46.35 50.43 61.32 76.81113.18
 7166.25 32.41 28.61 29.27 36.44 29.74 31.36 42.86 46.54 50.54 61.38 76.80112.68
 7167.25 30.97 27.23 27.88 34.90 28.33 29.92 41.31 45.02 48.93 59.75 75.11110.47
 7168.25 30.78 27.03 27.69 34.66 28.12 29.72 41.10 44.87 48.74 59.61 75.02110.17
 7169.25 32.12 28.34 29.00 35.98 29.43 31.04 42.47 46.30 50.11 61.02 76.46111.42
 7170.25 31.99 28.24 28.90 35.77 29.31 30.91 42.24 46.08 49.81 60.66 75.99110.40
 7171.25 31.26 27.50 28.17 35.01 28.57 30.17 41.57 45.50 49.21 60.20 75.71110.14
 7172.25 30.79 27.06 27.73 34.47 28.11 29.70 41.01 44.96 48.60 59.56 75.01108.97
 7173.25 30.98 27.30 27.97 34.54 28.33 29.89 41.00 44.92 48.43 59.20 74.35107.38
 7174.25 31.97 28.24 28.92 35.54 29.28 30.86 42.10 46.12 49.61 60.54 75.88109.04
 7175.25 31.93 28.15 28.84 35.49 29.19 30.79 42.19 46.33 49.82 60.95 76.57109.98
 7176.25 30.84 27.12 27.80 34.31 28.13 29.71 40.96 45.11 48.51 59.57 75.06107.87
 7177.25 30.13 26.48 27.15 33.48 27.46 29.01 40.04 44.15 47.45 58.33 73.54105.48
 7178.25 30.81 27.09 27.78 34.17 28.09 29.66 40.88 45.12 48.41 59.52 74.96107.24
 7179.25 32.17 28.39 29.09 35.55 29.39 31.00 42.42 46.76 50.06 61.35 76.96109.56
 7180.25 32.07 28.29 28.99 35.40 29.28 30.88 42.32 46.70 49.95 61.28 76.84109.27
 7181.25 31.07 27.37 28.06 34.27 28.33 29.90 41.08 45.41 48.55 59.67 74.86106.43
 7182.25 31.20 27.47 28.17 34.35 28.44 30.01 41.28 45.67 48.78 60.01 75.25106.84
 7183.25 31.34 27.58 28.29 34.45 28.54 30.13 41.51 45.99 49.08 60.46 75.79107.52
 7184.25 30.44 26.81 27.50 33.38 27.74 29.27 40.26 44.63 47.56 58.58 73.33103.80
 7185.25 30.58 26.95 27.64 33.44 27.87 29.39 40.39 44.79 47.67 58.70 73.37103.62
 7186.25 30.30 26.72 27.40 33.05 27.61 29.11 39.96 44.33 47.12 58.02 72.42102.05
 7187.25 30.52 26.95 27.64 33.18 27.83 29.33 40.12 44.51 47.24 58.10 72.35101.64
 7188.25 32.45 28.72 29.44 35.14 29.63 31.19 42.44 47.05 49.83 61.15 75.91106.22
 7189.25 33.42 29.62 30.35 36.10 30.54 32.13 43.60 48.33 51.12 62.69 77.67108.38
 7190.25 32.70 28.91 29.65 35.28 29.82 31.40 42.82 47.57 50.30 61.85 76.71107.09
 7191.25 31.00 27.35 28.06 33.42 28.22 29.74 40.78 45.41 48.00 59.22 73.55102.74
 7192.25 31.36 27.69 28.41 33.69 28.55 30.07 41.12 45.79 48.33 59.56 73.82102.81
 7193.25 31.75 28.06 28.79 34.02 28.92 30.45 41.53 46.26 48.75 60.05 74.29103.19
 7194.25 31.98 28.27 29.01 34.18 29.12 30.66 41.82 46.61 49.07 60.47 74.74103.63
 7195.25 32.64 28.87 29.63 34.80 29.73 31.29 42.62 47.52 49.97 61.56 75.99105.12
 7196.25 32.74 28.94 29.71 34.84 29.80 31.36 42.78 47.77 50.18 61.88 76.35105.50
 7197.25 32.42 28.65 29.42 34.42 29.49 31.04 42.36 47.38 49.68 61.32 75.61104.32
 7198.25 32.34 28.59 29.36 34.26 29.42 30.96 42.24 47.31 49.51 61.12 75.28103.67
 7199.25 32.62 28.84 29.62 34.47 29.67 31.22 42.57 47.76 49.89 61.60 75.80104.18
 7200.25 31.20 27.52 28.29 32.93 28.32 29.82 40.89 46.02 48.01 59.47 73.25100.72
 7201.25 30.73 27.08 27.85 32.36 27.87 29.35 40.32 45.49 47.37 58.76 72.36 99.39
 7202.25 32.27 28.47 29.28 33.88 29.28 30.83 42.21 47.66 49.51 61.35 75.39103.23
 7203.25 32.47 28.66 29.48 34.01 29.47 31.01 42.41 47.94 49.70 61.57 75.57103.23
 7204.25 31.69 27.95 28.77 33.11 28.74 30.25 41.43 46.93 48.57 60.24 73.90100.83
 7205.25 32.16 28.37 29.21 33.52 29.16 30.70 41.99 47.64 49.20 61.02 74.77101.79
 7206.25 32.04 28.27 29.12 33.30 29.06 30.59 41.75 47.41 48.87 60.59 74.12100.65
 7207.25 32.88 29.04 29.91 34.09 29.83 31.40 42.76 48.61 49.99 61.95 75.66102.47
 7208.25 33.61 29.70 30.60 34.75 30.51 32.10 43.63 49.63 50.95 63.11 76.95103.95
 7209.25 33.08 29.20 30.09 34.14 29.99 31.58 43.04 49.09 50.31 62.43 76.14102.78
 7210.25 32.96 29.06 29.97 33.94 29.85 31.45 42.94 49.10 50.22 62.42 76.12102.65
 7211.25 33.37 29.44 30.36 34.27 30.23 31.85 43.38 49.64 50.68 62.95 76.64103.06
 7212.25 33.56 29.61 30.55 34.38 30.40 32.03 43.60 49.96 50.91 63.26 76.93103.24
 7213.25 33.68 29.72 30.67 34.42 30.50 32.14 43.73 50.20 51.05 63.46 77.10103.26
 7214.25 33.66 29.68 30.64 34.31 30.46 32.11 43.69 50.23 51.00 63.43 77.00102.95
 7215.25 33.54 29.57 30.54 34.10 30.34 31.99 43.53 50.14 50.80 63.23 76.70102.37
 7216.25 33.26 29.31 30.28 33.73 30.07 31.72 43.17 49.81 50.38 62.74 76.06101.37
 7217.25 33.43 29.45 30.43 33.80 30.21 31.87 43.32 50.06 50.53 62.95 76.21101.47
 7218.25 33.62 29.61 30.61 33.91 30.37 32.04 43.54 50.37 50.76 63.26 76.50101.81
 7219.25 33.79 29.75 30.77 34.00 30.51 32.19 43.72 50.66 50.95 63.54 76.74102.07
 7220.25 33.93 29.87 30.90 34.08 30.63 32.32 43.86 50.90 51.10 63.78 76.90102.24
 7221.25 33.92 29.83 30.87 34.00 30.59 32.29 43.83 50.96 51.07 63.83 76.86102.17
 7222.25 33.49 29.40 30.45 33.50 30.16 31.85 43.36 50.55 50.57 63.39 76.28101.49
 7223.25 32.28 28.24 29.28 32.23 28.98 30.65 42.03 49.23 49.15 61.93 74.60 99.52
 7224.25 32.24 28.17 29.22 32.13 28.92 30.59 42.03 49.35 49.18 62.11 74.75 99.76
 7225.25 33.19 29.05 30.13 33.01 29.81 31.51 43.07 50.53 50.27 63.38 76.02101.21
 7226.25 33.33 29.18 30.27 33.09 29.95 31.64 43.17 50.69 50.35 63.49 75.99101.08
 7227.25 32.70 28.58 29.67 32.39 29.34 31.02 42.43 49.95 49.54 62.61 74.89 99.68
 7228.25 33.30 29.15 30.24 32.93 29.91 31.60 43.04 50.65 50.16 63.32 75.50100.31
 7229.25 33.92 29.71 30.82 33.48 30.48 32.19 43.73 51.47 50.89 64.21 76.38101.33
 7230.25 33.22 29.00 30.11 32.72 29.77 31.48 43.05 50.90 50.24 63.69 75.80100.80
 7231.25 32.45 28.24 29.35 31.89 29.02 30.71 42.21 50.11 49.38 62.84 74.81 99.66
 7232.25 32.23 28.10 29.19 31.61 28.86 30.51 41.73 49.49 48.70 61.85 73.39 97.53
 7233.25 32.35 28.24 29.33 31.67 28.99 30.63 41.73 49.48 48.62 61.68 73.00 96.81
 7234.25 31.62 27.51 28.60 30.88 28.27 29.90 40.95 48.75 47.82 60.91 72.12 95.80
 7235.25 30.75 26.62 27.71 29.95 27.38 29.01 40.12 48.06 47.04 60.31 71.55 95.36
 7236.25 31.98 27.74 28.87 31.10 28.53 30.20 41.53 49.68 48.57 62.13 73.47 97.63
 7237.25 33.70 29.37 30.53 32.74 30.18 31.88 43.36 51.67 50.47 64.22 75.58 99.92
 7238.25 33.86 29.49 30.66 32.84 30.31 32.02 43.54 51.97 50.68 64.54 75.87100.23
 7239.25 31.05 26.75 27.90 29.98 27.55 29.23 40.63 49.13 47.76 61.73 73.02 97.37
 7240.25 21.70 18.12 19.07 20.74 18.78 20.16 30.05 37.94 36.59 50.00 61.03 85.32
 7241.25 17.72 14.62 15.44 16.84 15.19 16.38 25.15 32.49 31.16 43.94 54.63 78.90
 7242.25 16.55 13.59 14.37 15.67 14.14 15.27 23.66 30.85 29.49 42.12 52.70 77.17
 7243.25 18.00 14.83 15.67 17.02 15.42 16.62 25.48 33.00 31.52 44.49 55.07 79.24
 7244.25 23.84 19.96 21.00 22.59 20.69 22.17 32.58 41.12 39.37 53.38 64.25 88.47
 7245.25 27.77 23.51 24.66 26.35 24.32 25.93 37.07 46.08 44.13 58.51 69.38 93.51
 7246.25 18.63 15.34 16.21 17.48 15.95 17.19 26.25 34.29 32.40 45.76 56.24 80.51
 7247.25 15.90 12.98 13.76 14.83 13.53 14.62 22.72 30.24 28.36 40.96 50.96 74.75
 7248.25 22.15 18.36 19.38 20.72 19.08 20.50 30.63 39.67 37.33 51.67 62.40 86.97
 7249.25 28.17 23.80 24.99 26.49 24.64 26.29 37.49 47.19 44.60 59.33 69.95 93.95
 7250.25 32.20 27.64 28.89 30.39 28.52 30.24 41.64 51.43 48.71 63.27 73.57 96.96
 7251.25 32.54 27.97 29.23 30.67 28.86 30.58 41.92 51.79 48.94 63.46 73.61 96.77
 7252.25 31.25 26.81 28.03 29.38 27.67 29.34 40.34 50.08 47.16 61.34 71.12 93.55
 7253.25 30.78 26.36 27.58 28.86 27.22 28.88 39.78 49.58 46.54 60.65 70.27 92.44
 7254.25 27.73 23.34 24.54 25.75 24.19 25.83 36.82 47.11 43.80 58.61 68.64 91.92
 7255.25 24.90 20.67 21.82 22.94 21.49 23.06 33.81 44.29 40.79 55.94 66.19 90.22
 7256.25 29.30 24.72 25.98 27.14 25.61 27.32 38.62 49.42 45.74 60.93 70.95 94.39
 7257.25 29.70 25.11 26.37 27.49 26.01 27.72 38.93 49.75 45.96 60.99 70.76 93.73
 7258.25 30.25 25.61 26.90 27.99 26.53 28.25 39.49 50.46 46.52 61.60 71.27 94.12
 7259.25 33.23 28.46 29.79 30.87 29.40 31.18 42.54 53.66 49.58 64.65 74.18 96.85
 7260.25 33.74 28.96 30.30 31.35 29.91 31.69 43.00 54.19 49.99 65.02 74.41 96.88
 7261.25 33.22 28.44 29.77 30.78 29.39 31.16 42.44 53.77 49.42 64.50 73.80 96.16
 7262.25 33.16 28.35 29.70 30.68 29.31 31.09 42.38 53.86 49.36 64.52 73.74 96.05
 7263.25 33.58 28.76 30.11 31.06 29.72 31.51 42.76 54.35 49.72 64.88 73.99 96.15
 7264.25 32.64 27.87 29.20 30.11 28.82 30.59 41.67 53.25 48.54 63.56 72.47 94.26
 7265.25 31.53 26.84 28.13 29.00 27.76 29.51 40.41 51.97 47.18 62.06 70.76 92.18
 7266.25 32.93 28.11 29.43 30.30 29.06 30.85 41.97 53.88 48.85 64.05 72.82 94.54
 7267.25 34.24 29.30 30.65 31.51 30.27 32.12 43.46 55.73 50.46 66.00 74.86 96.92
 7268.25 33.62 28.66 30.01 30.84 29.62 31.48 42.85 55.32 49.88 65.56 74.37 96.45
 7269.25 32.31 27.38 28.71 29.51 28.33 30.18 41.49 54.09 48.50 64.24 72.97 94.96
 7270.25 31.52 26.60 27.92 28.69 27.55 29.39 40.66 53.41 47.67 63.49 72.15 94.08
 7271.25 32.16 27.18 28.51 29.26 28.14 30.00 41.34 54.28 48.37 64.30 72.90 94.82
 7272.25 32.28 27.36 28.66 29.38 28.30 30.14 41.29 54.09 48.17 63.84 72.15 93.55
 7273.25 31.93 27.05 28.34 29.02 27.98 29.81 40.82 53.61 47.61 63.17 71.28 92.34
 7274.25 33.37 28.38 29.69 30.36 29.33 31.21 42.40 55.50 49.28 65.13 73.24 94.53
 7275.25 32.97 28.02 29.32 29.95 28.97 30.83 41.90 55.00 48.70 64.47 72.40 93.39
 7276.25 27.44 22.80 24.00 24.57 23.67 25.43 36.10 49.28 42.83 58.77 66.69 87.90
 7277.25 17.72 14.26 15.14 15.54 14.90 16.21 24.64 36.16 30.34 44.84 52.29 73.16
 7278.25 12.50  9.93 10.57 10.86 10.40 11.37 17.83 27.31 22.39 34.69 41.19 60.48
 7279.25 17.25 13.85 14.71 15.07 14.48 15.78 24.13 35.91 29.81 44.58 51.94 73.20
 7280.25 30.44 25.56 26.83 27.33 26.49 28.38 39.54 53.67 46.47 63.13 70.80 92.14
 7281.25 33.49 28.51 29.80 30.29 29.46 31.40 42.65 56.79 49.54 66.04 73.47 94.38
 7282.25 32.69 27.73 29.02 29.47 28.68 30.62 41.87 56.19 48.77 65.41 72.76 93.66
 7283.25 31.33 26.39 27.67 28.10 27.34 29.28 40.56 55.16 47.52 64.44 71.77 92.85
 7284.25 32.19 27.22 28.51 28.91 28.17 30.14 41.47 56.23 48.44 65.44 72.67 93.67
 7285.25 27.78 23.09 24.29 24.65 23.98 25.85 36.80 51.67 43.70 60.94 68.19 89.57
 7286.25 19.28 15.57 16.51 16.77 16.27 17.74 26.86 40.43 32.97 49.20 56.17 77.52
 7287.25 21.60 17.60 18.62 18.88 18.36 19.96 29.65 43.76 35.99 52.56 59.43 80.42
 7288.25 29.47 24.73 25.95 26.24 25.64 27.56 38.57 53.63 45.39 62.50 69.28 89.74
 7289.25 32.93 28.06 29.32 29.59 29.00 30.99 42.13 57.22 48.92 65.92 72.56 92.64
 7290.25 32.78 28.02 29.26 29.50 28.95 30.90 41.76 56.60 48.38 65.01 71.41 90.86
 7291.25 32.26 27.48 28.71 28.93 28.41 30.37 41.35 56.55 48.05 64.97 71.42 90.97
 7292.25 32.19 27.36 28.61 28.80 28.30 30.29 41.42 57.08 48.21 65.47 71.96 91.68
 7293.25 32.29 27.44 28.69 28.86 28.38 30.39 41.58 57.60 48.40 65.85 72.33 92.04
 7294.25 32.52 27.67 28.92 29.07 28.62 30.63 41.83 58.11 48.64 66.15 72.58 92.15
 7295.25 33.49 28.65 29.90 30.03 29.60 31.61 42.77 59.19 49.53 66.98 73.30 92.61
 7296.25 33.32 28.46 29.71 29.83 29.41 31.44 42.71 59.59 49.54 67.27 73.62 93.01
 7297.25 28.46 23.79 24.97 25.08 24.69 26.65 37.77 55.23 44.67 62.93 69.43 89.31
 7298.25 26.40 21.89 23.03 23.12 22.75 24.65 35.54 53.19 42.37 60.73 67.21 87.13
 7299.25 31.29 26.52 27.72 27.81 27.44 29.46 40.69 58.46 47.53 65.61 71.87 91.01
 7300.25 33.70 28.92 30.11 30.20 29.84 31.88 43.07 60.84 49.81 67.67 73.76 92.46
 7301.25 34.06 29.27 30.46 30.53 30.19 32.24 43.47 61.57 50.24 68.23 74.30 92.93
 7302.25 33.59 28.86 30.02 30.09 29.77 31.80 42.92 61.09 49.62 67.51 73.47 91.79
 7303.25 32.88 28.24 29.37 29.43 29.13 31.13 42.09 60.24 48.67 66.37 72.19 90.11
 7304.25 30.25 25.68 26.78 26.83 26.56 28.53 39.49 58.17 46.15 64.23 70.10 88.20
 7305.25 23.05 19.01 19.96 19.99 19.77 21.51 31.70 50.61 38.20 56.67 62.73 81.64
 7306.25 23.49 19.40 20.35 20.38 20.17 21.94 32.27 51.65 38.84 57.58 63.65 82.59
 7307.25 31.24 26.56 27.65 27.68 27.45 29.49 40.82 60.87 47.67 66.55 72.46 90.72
 7308.25 32.83 28.15 29.24 29.26 29.05 31.09 42.34 62.31 49.09 67.69 73.44 91.22
 7309.25 32.12 27.52 28.57 28.58 28.40 30.41 41.51 61.49 48.17 66.62 72.25 89.68
 7310.25 33.13 28.52 29.56 29.57 29.40 31.42 42.55 62.75 49.20 67.70 73.26 90.55
 7311.25 33.74 29.09 30.14 30.13 29.98 32.02 43.24 63.82 49.92 68.62 74.18 91.45
 7312.25 31.96 27.34 28.37 28.35 28.22 30.26 41.51 62.55 48.25 67.22 72.79 90.10
 7313.25 30.92 26.34 27.34 27.32 27.21 29.23 40.51 61.95 47.28 66.48 72.04 89.36
 7314.25 33.08 28.44 29.44 29.42 29.32 31.38 42.72 64.29 49.45 68.61 74.09 91.17
 7315.25 33.91 29.30 30.29 30.26 30.18 32.23 43.50 65.10 50.16 69.19 74.57 91.36
 7316.25 32.33 27.76 28.72 28.68 28.62 30.66 41.95 63.94 48.63 67.88 73.25 90.02
 7317.25 20.77 17.16 17.89 17.85 17.83 19.43 28.98 49.93 35.01 53.68 59.02 76.02
 7318.25 13.49 10.94 11.45 11.42 11.41 12.54 19.59 36.90 24.29 40.00 44.69 60.21
 7319.25 19.49 16.05 16.73 16.68 16.69 18.22 27.45 48.51 33.31 51.88 57.09 73.81
 7320.25 31.93 27.38 28.29 28.22 28.24 30.28 41.71 64.92 48.40 68.21 73.45 89.90
 7321.25 34.04 29.46 30.37 30.28 30.33 32.39 43.83 67.04 50.45 70.12 75.25 91.39
 7322.25 34.30 29.73 30.62 30.53 30.59 32.66 44.13 67.59 50.74 70.50 75.58 91.61
 7323.25 34.48 29.93 30.81 30.71 30.79 32.85 44.29 67.89 50.86 70.60 75.63 91.47
 7324.25 34.33 29.80 30.66 30.55 30.66 32.71 44.14 67.92 50.68 70.41 75.42 91.09
 7325.25 34.40 29.87 30.72 30.60 30.72 32.79 44.27 68.36 50.82 70.60 75.67 91.26
 7326.25 34.30 29.79 30.62 30.49 30.64 32.69 44.17 68.45 50.70 70.43 75.54 90.97
 7327.25 34.04 29.57 30.38 30.25 30.41 32.46 43.88 68.27 50.37 69.97 75.10 90.32
 7328.25 34.15 29.67 30.47 30.33 30.51 32.57 44.05 68.77 50.56 70.21 75.41 90.56
 7329.25 33.02 28.54 29.33 29.18 29.38 31.44 43.01 68.22 49.57 69.42 74.72 89.88
 7330.25 24.65 20.69 21.37 21.23 21.42 23.24 33.99 59.37 40.36 60.33 65.82 81.34
 7331.25 19.17 15.83 16.39 16.27 16.44 17.98 27.39 51.53 33.19 52.20 57.64 72.99
 7332.25 25.57 21.55 22.21 22.06 22.29 24.15 35.09 61.05 41.50 61.47 67.05 82.30
 7333.25 31.98 27.60 28.32 28.15 28.42 30.44 41.95 67.89 48.43 68.03 73.48 88.12
 7334.25 32.90 28.51 29.23 29.04 29.33 31.36 42.90 69.00 49.37 68.88 74.36 88.89
 7335.25 33.48 29.10 29.80 29.61 29.92 31.95 43.51 69.79 49.96 69.41 74.94 89.37
 7336.25 33.99 29.60 30.30 30.10 30.42 32.46 44.06 70.58 50.50 69.95 75.52 89.91
 7337.25 34.13 29.74 30.42 30.21 30.55 32.60 44.23 71.04 50.68 70.15 75.78 90.13
 7338.25 34.01 29.63 30.30 30.09 30.45 32.48 44.15 71.16 50.60 70.06 75.74 90.02
 7339.25 33.89 29.52 30.17 29.95 30.33 32.36 44.04 71.08 50.48 69.91 75.64 89.85
 7340.25 33.72 29.36 30.00 29.78 30.17 32.20 43.88 70.81 50.32 69.73 75.50 89.64
 7341.25 28.61 24.46 25.05 24.83 25.24 27.15 38.60 65.78 45.05 64.79 70.77 85.19
 7342.25 15.83 13.06 13.44 13.29 13.58 14.84 23.13 46.17 28.22 45.37 50.98 64.88
 7343.25 13.56 11.14 11.47 11.33 11.60 12.69 20.05 41.09 24.63 40.45 45.75 58.98
 7344.25 23.56 19.87 20.36 20.15 20.58 22.26 32.85 58.79 38.95 58.18 64.19 78.54
 7345.25 33.06 28.77 29.34 29.08 29.63 31.57 43.31 69.45 49.70 68.98 74.86 88.75
 7346.25 33.03 28.73 29.30 29.03 29.60 31.53 43.34 69.44 49.75 69.09 75.00 88.92
 7347.25 32.76 28.48 29.03 28.75 29.36 31.27 43.08 69.03 49.48 68.80 74.71 88.61
 7348.25 33.11 28.85 29.38 29.10 29.74 31.63 43.41 69.04 49.77 68.94 74.81 88.62
 7349.25 32.62 28.39 28.91 28.62 29.28 31.15 42.90 68.33 49.24 68.35 74.21 87.96
 7350.25 33.13 28.89 29.40 29.11 29.80 31.65 43.44 68.71 49.77 68.86 74.71 88.44
 7351.25 33.58 29.33 29.83 29.52 30.25 32.10 43.95 69.15 50.30 69.42 75.30 89.05
 7352.25 32.67 28.44 28.92 28.62 29.37 31.20 43.10 68.28 49.47 68.68 74.59 88.39
 7353.25 32.13 27.92 28.39 28.07 28.85 30.67 42.56 67.61 48.93 68.14 74.05 87.83
 7354.25 32.29 28.09 28.55 28.22 29.04 30.83 42.74 67.60 49.10 68.25 74.16 87.90
 7355.25 33.10 28.90 29.34 29.01 29.86 31.64 43.55 68.14 49.88 68.92 74.80 88.46
 7356.25 33.43 29.25 29.68 29.34 30.22 31.98 43.87 68.18 50.16 69.09 74.94 88.52
 7357.25 33.40 29.23 29.64 29.30 30.20 31.95 43.84 67.99 50.13 69.02 74.87 88.41
 7358.25 33.20 29.03 29.44 29.09 30.02 31.76 43.67 67.76 49.99 68.92 74.79 88.35
 7359.25 29.90 25.84 26.22 25.87 26.81 28.49 40.29 64.54 46.68 65.85 71.82 85.59
 7360.25 21.03 17.68 17.98 17.69 18.48 19.85 30.11 53.25 36.04 54.69 60.69 74.70
 7361.25 21.57 18.18 18.47 18.17 19.00 20.38 30.76 53.91 36.77 55.48 61.50 75.49
 7362.25 30.34 26.29 26.63 26.26 27.29 28.93 40.70 64.51 47.16 66.20 72.15 85.79
 7363.25 33.32 29.22 29.56 29.17 30.25 31.90 43.67 66.99 50.09 68.78 74.61 87.97
 7364.25 33.52 29.43 29.75 29.36 30.47 32.10 43.83 66.97 50.26 68.89 74.71 88.03
 7365.25 33.19 29.11 29.41 29.01 30.15 31.77 43.50 66.58 49.98 68.63 74.46 87.78
 7366.25 32.77 28.69 28.98 28.58 29.74 31.35 43.08 66.12 49.61 68.31 74.17 87.51
 7367.25 32.91 28.83 29.10 28.69 29.89 31.48 43.20 66.12 49.76 68.45 74.30 87.63
 7368.25 32.98 28.92 29.17 28.75 29.98 31.55 43.19 65.86 49.75 68.30 74.12 87.35
 7369.25 32.09 28.05 28.29 27.87 29.12 30.66 42.27 64.86 48.86 67.44 73.27 86.50
 7370.25 22.68 19.25 19.43 19.08 20.15 21.44 31.82 53.79 38.09 56.55 62.52 76.18
 7371.25 14.46 12.03 12.15 11.91 12.67 13.57 21.28 39.48 26.29 42.05 47.46 60.25
 7372.25 18.67 15.69 15.82 15.52 16.47 17.58 26.83 47.26 32.66 50.19 56.01 69.46
 7373.25 30.68 26.69 26.85 26.44 27.77 29.24 40.76 63.05 47.51 66.20 72.11 85.42
 7374.25 33.65 29.58 29.74 29.31 30.70 32.18 43.71 65.58 50.43 68.81 74.62 87.69
 7375.25 32.74 28.68 28.82 28.39 29.80 31.27 42.82 64.69 49.60 68.08 73.93 87.05
 7376.25 31.90 27.86 27.98 27.55 28.98 30.44 41.96 63.78 48.80 67.30 73.19 86.33
 7377.25 33.13 29.08 29.18 28.76 30.21 31.66 43.12 64.62 49.94 68.20 74.08 87.08
 7378.25 33.84 29.80 29.88 29.45 30.93 32.37 43.76 64.99 50.57 68.62 74.52 87.43
 7379.25 33.71 29.66 29.73 29.30 30.81 32.24 43.62 64.79 50.49 68.50 74.47 87.39
 7380.25 33.31 29.26 29.32 28.88 30.42 31.84 43.22 64.31 50.14 68.11 74.16 87.09
 7381.25 33.27 29.23 29.27 28.84 30.41 31.81 43.14 64.07 50.09 67.94 74.04 86.92
 7382.25 33.57 29.54 29.56 29.13 30.72 32.11 43.38 64.08 50.33 68.00 74.13 86.93
 7383.25 33.68 29.66 29.66 29.23 30.85 32.22 43.43 63.93 50.40 67.91 74.09 86.82
 7384.25 33.45 29.42 29.41 28.97 30.64 31.99 43.21 63.65 50.23 67.72 73.98 86.74
 7385.25 33.30 29.26 29.23 28.80 30.50 31.84 43.07 63.48 50.17 67.65 74.00 86.78
 7386.25 33.56 29.53 29.48 29.04 30.77 32.10 43.30 63.53 50.42 67.78 74.18 86.92
 7387.25 34.07 30.04 29.98 29.54 31.31 32.61 43.75 63.75 50.88 68.07 74.50 87.18
 7388.25 34.13 30.11 30.03 29.59 31.38 32.67 43.77 63.58 50.92 68.00 74.48 87.12
 7389.25 33.65 29.63 29.53 29.09 30.92 32.19 43.27 62.95 50.47 67.48 74.03 86.69
 7390.25 33.37 29.36 29.25 28.81 30.66 31.91 42.95 62.44 50.17 67.07 73.68 86.35
 7391.25 32.97 28.97 28.84 28.40 30.28 31.52 42.53 61.88 49.79 66.61 73.29 86.01
 7392.25 31.93 27.93 27.79 27.34 29.26 30.47 41.50 60.84 48.85 65.73 72.53 85.39
 7393.25 27.28 23.49 23.34 22.93 24.76 25.89 36.58 55.88 43.95 60.97 67.99 81.22
 7394.25 22.14 18.77 18.62 18.26 19.90 20.90 30.67 49.20 37.73 54.37 61.47 74.91
 7395.25 27.35 23.57 23.39 22.97 24.86 25.97 36.58 55.50 44.01 60.79 67.91 81.18
 7396.25 32.83 28.86 28.64 28.20 30.24 31.39 42.25 60.75 49.68 66.01 72.98 85.88
 7397.25 33.59 29.63 29.39 28.94 31.02 32.16 42.97 61.22 50.41 66.56 73.56 86.45
 7398.25 33.86 29.90 29.65 29.19 31.31 32.43 43.22 61.31 50.69 66.76 73.82 86.75
 7399.25 33.93 29.97 29.71 29.25 31.40 32.50 43.27 61.19 50.77 66.74 73.87 86.82
 7400.25 33.74 29.79 29.50 29.05 31.23 32.31 43.06 60.83 50.61 66.50 73.69 86.70
 7401.25 33.59 29.65 29.35 28.89 31.10 32.17 42.89 60.50 50.48 66.28 73.55 86.59
 7402.25 30.37 26.50 26.19 25.74 27.93 28.97 39.62 57.29 47.32 63.28 70.75 84.06
 7403.25 20.08 17.01 16.75 16.41 18.15 18.96 27.91 44.15 34.89 50.12 57.64 71.23
 7404.25 18.14 15.30 15.05 14.73 16.36 17.10 25.48 40.89 32.15 46.81 54.25 67.75
 7405.25 27.38 23.69 23.34 22.92 25.10 26.05 36.36 53.41 44.06 59.77 67.51 81.09
 7406.25 33.33 29.43 29.03 28.58 30.95 31.94 42.54 59.26 50.27 65.57 73.16 86.36
 7407.25 33.69 29.80 29.38 28.94 31.33 32.30 42.87 59.35 50.59 65.76 73.39 86.59
 7408.25 33.90 30.02 29.58 29.15 31.56 32.52 43.06 59.33 50.79 65.84 73.52 86.73
 7409.25 34.02 30.15 29.69 29.26 31.70 32.64 43.15 59.22 50.90 65.83 73.57 86.81
 7410.25 34.04 30.19 29.71 29.29 31.75 32.67 43.14 58.99 50.90 65.70 73.48 86.72
 7411.25 34.07 30.23 29.73 29.32 31.81 32.71 43.16 58.81 50.94 65.63 73.47 86.74
 7412.25 34.01 30.16 29.65 29.25 31.76 32.64 43.09 58.58 50.91 65.52 73.44 86.76
 7413.25 33.26 29.43 28.89 28.50 31.03 31.90 42.36 57.74 50.24 64.83 72.85 86.26
 7414.25 32.26 28.44 27.89 27.51 30.06 30.91 41.36 56.63 49.30 63.87 72.00 85.50
 7415.25 32.64 28.83 28.26 27.89 30.46 31.30 41.72 56.75 49.65 64.07 72.24 85.73
 7416.25 33.40 29.60 29.00 28.64 31.24 32.06 42.43 57.20 50.36 64.60 72.78 86.24
 7417.25 33.45 29.66 29.04 28.69 31.31 32.10 42.47 57.03 50.41 64.54 72.79 86.28
 7418.25 32.85 29.07 28.44 28.09 30.73 31.50 41.87 56.30 49.87 63.96 72.30 85.86
 7419.25 32.87 29.10 28.45 28.11 30.78 31.51 41.87 56.10 49.89 63.87 72.26 85.85
 7420.25 33.13 29.37 28.70 28.37 31.05 31.77 42.10 56.09 50.11 63.95 72.39 85.97
 7421.25 33.58 29.83 29.14 28.82 31.51 32.21 42.50 56.25 50.51 64.18 72.65 86.21
 7422.25 33.66 29.92 29.21 28.90 31.60 32.28 42.56 56.10 50.59 64.15 72.68 86.26
 7423.25 33.70 29.97 29.25 28.94 31.66 32.32 42.59 55.92 50.63 64.08 72.66 86.27
 7424.25 33.27 29.54 28.80 28.51 31.23 31.88 42.15 55.31 50.22 63.61 72.27 85.92
 7425.25 32.98 29.27 28.51 28.22 30.95 31.59 41.85 54.83 49.95 63.25 71.99 85.68
 7426.25 33.53 29.83 29.05 28.77 31.51 32.13 42.37 55.11 50.46 63.61 72.38 86.07
 7427.25 33.67 29.98 29.18 28.91 31.66 32.27 42.49 55.02 50.59 63.64 72.46 86.17
 7428.25 33.59 29.92 29.10 28.84 31.60 32.19 42.40 54.74 50.53 63.48 72.37 86.11
 7429.25 33.51 29.85 29.01 28.76 31.53 32.10 42.31 54.46 50.46 63.35 72.28 86.06
 7430.25 32.22 28.57 27.71 27.47 30.25 30.81 41.04 53.09 49.27 62.21 71.25 85.16
 7431.25 26.58 23.15 22.33 22.11 24.72 25.23 35.15 47.04 43.39 56.51 65.81 80.17
 7432.25 25.71 22.34 21.51 21.31 23.88 24.38 34.19 45.83 42.41 55.47 64.81 79.25
 7433.25 31.45 27.85 26.93 26.72 29.51 30.03 40.23 51.72 48.53 61.36 70.49 84.55
 7434.25 33.25 29.65 28.71 28.50 31.32 31.82 41.99 53.22 50.22 62.85 71.90 85.83
 7435.25 33.60 29.96 28.98 28.78 31.65 32.14 42.45 53.77 50.83 63.60 72.81 87.00
 7436.25 33.98 30.31 29.29 29.10 32.02 32.50 42.96 54.38 51.49 64.41 73.79 88.23
 7437.25 34.07 30.41 29.37 29.19 32.12 32.59 43.03 54.38 51.58 64.44 73.84 88.31
 7438.25 33.77 30.12 29.07 28.88 31.83 32.28 42.73 54.02 51.31 64.14 73.58 88.11
 7439.25 29.36 25.83 24.80 24.63 27.48 27.90 38.22 49.54 46.88 59.90 69.59 84.50
 7440.25 22.32 19.27 18.38 18.24 20.69 21.04 30.31 41.00 38.52 51.24 61.00 76.25
 7441.25 24.50 21.28 20.33 20.17 22.79 23.15 32.84 43.74 41.30 54.14 63.97 79.20
 7442.25 32.07 28.49 27.39 27.21 30.18 30.57 41.00 52.08 49.71 62.46 72.10 86.91
 7443.25 34.26 30.67 29.54 29.37 32.37 32.75 43.15 54.04 51.80 64.33 73.87 88.53
 7444.25 34.28 30.70 29.56 29.39 32.40 32.76 43.16 53.98 51.83 64.31 73.87 88.56
 7445.25 34.14 30.58 29.42 29.25 32.27 32.62 43.02 53.78 51.72 64.15 73.75 88.49
 7446.25 34.01 30.45 29.29 29.12 32.15 32.49 42.88 53.57 51.60 64.00 73.63 88.41
 7447.25 34.25 30.71 29.53 29.37 32.40 32.72 43.10 53.70 51.83 64.15 73.78 88.60
 7448.25 34.33 30.80 29.60 29.45 32.49 32.80 43.17 53.68 51.91 64.17 73.82 88.69
 7449.25 34.21 30.70 29.48 29.33 32.39 32.68 43.06 53.49 51.81 64.03 73.71 88.65
 7450.25 34.19 30.68 29.45 29.30 32.37 32.64 43.03 53.38 51.79 63.96 73.67 88.66
 7451.25 34.18 30.68 29.44 29.30 32.37 32.63 43.02 53.29 51.79 63.91 73.64 88.69
 7452.25 34.17 30.69 29.43 29.29 32.37 32.62 43.01 53.20 51.79 63.85 73.62 88.72
 7453.25 34.03 30.56 29.29 29.15 32.24 32.47 42.87 52.99 51.68 63.70 73.51 88.67
 7454.25 33.99 30.53 29.25 29.12 32.21 32.43 42.83 52.86 51.65 63.62 73.48 88.68
 7455.25 34.13 30.68 29.38 29.25 32.36 32.56 42.96 52.90 51.78 63.68 73.58 88.80
 7456.25 34.18 30.74 29.43 29.30 32.42 32.61 43.01 52.86 51.83 63.68 73.63 88.88
 7457.25 34.19 30.76 29.43 29.32 32.44 32.61 43.01 52.78 51.85 63.64 73.64 88.92
 7458.25 34.17 30.76 29.41 29.30 32.43 32.59 43.00 52.68 51.84 63.58 73.63 88.94
 7459.25 33.89 30.48 29.12 29.01 32.16 32.29 42.72 52.34 51.59 63.31 73.42 88.80
 7460.25 33.28 29.88 28.51 28.41 31.56 31.67 42.13 51.70 51.05 62.76 72.96 88.43
 7461.25 33.69 30.29 28.91 28.81 31.97 32.07 42.52 51.98 51.43 63.05 73.28 88.74
 7462.25 33.84 30.44 29.06 28.96 32.12 32.20 42.66 52.02 51.57 63.13 73.39 88.88
 7463.25 32.56 29.18 27.78 27.69 30.85 30.91 41.41 50.75 50.38 61.98 72.38 88.02
 7464.25 30.93 27.58 26.20 26.11 29.24 29.29 39.77 49.08 48.81 60.45 71.00 86.81
 7465.25 31.59 28.24 26.84 26.75 29.91 29.93 40.44 49.64 49.47 61.02 71.58 87.37
 7466.25 32.44 29.08 27.65 27.57 30.75 30.76 41.28 50.37 50.30 61.75 72.30 88.05
 7467.25 31.62 28.27 26.85 26.77 29.94 29.93 40.45 49.48 49.50 60.95 71.60 87.46
 7468.25 29.01 25.75 24.36 24.28 27.37 27.34 37.75 46.70 46.82 58.31 69.15 85.27
 7469.25 29.60 26.33 24.92 24.85 27.97 27.92 38.37 47.24 47.46 58.88 69.74 85.84
 7470.25 32.78 29.45 27.98 27.91 31.12 31.05 41.61 50.33 50.65 61.86 72.58 88.44
 7471.25 33.15 29.81 28.34 28.27 31.49 31.40 41.96 50.58 51.00 62.12 72.88 88.73
 7472.25 30.19 26.92 25.46 25.41 28.56 28.45 38.96 47.56 48.07 59.30 70.28 86.42
 7473.25 26.89 23.76 22.38 22.33 25.34 25.22 35.44 43.88 44.50 55.73 66.89 83.32
 7474.25 28.26 25.07 23.64 23.59 26.68 26.54 36.93 45.33 46.04 57.21 68.38 84.74
 7475.25 25.96 22.90 21.53 21.49 24.44 24.29 34.38 42.58 43.39 54.47 65.74 82.28
 7476.25 26.28 23.21 21.82 21.78 24.76 24.59 34.73 42.86 43.77 54.79 66.10 82.65
 7477.25 32.11 28.83 27.30 27.26 30.49 30.29 40.89 49.01 50.02 60.86 71.97 88.10
 7478.25 33.47 30.18 28.64 28.60 31.86 31.64 42.25 50.23 51.34 62.04 73.10 89.13
 7479.25 33.29 30.01 28.46 28.42 31.69 31.45 42.06 49.97 51.18 61.82 72.94 89.02
 7480.25 30.12 26.90 25.38 25.35 28.54 28.29 38.84 46.71 48.04 58.78 70.14 86.53
 7481.25 25.18 22.21 20.81 20.78 23.72 23.47 33.48 41.11 42.52 53.21 64.76 81.53
 7482.25 25.72 22.72 21.29 21.26 24.25 23.98 34.08 41.69 43.18 53.83 65.42 82.19
 7483.25 30.70 27.49 25.93 25.90 29.14 28.83 39.43 47.13 48.68 59.25 70.67 87.10
 7484.25 30.11 26.93 25.37 25.34 28.56 28.24 38.80 46.45 48.05 58.60 70.07 86.58
 7485.25 23.71 20.87 19.49 19.46 22.32 22.01 31.77 39.09 40.71 51.14 62.78 79.72
 7486.25 25.94 22.96 21.50 21.47 24.49 24.15 34.29 41.72 43.43 53.91 65.57 82.43
 7487.25 32.43 29.21 27.59 27.56 30.87 30.49 41.16 48.66 50.42 60.74 72.16 88.55
 7488.25 33.34 30.11 28.48 28.45 31.78 31.38 42.06 49.49 51.30 61.53 72.91 89.24
 7489.25 33.17 29.95 28.31 28.28 31.62 31.20 41.89 49.29 51.15 61.36 72.77 89.15
 7490.25 33.01 29.79 28.14 28.11 31.46 31.02 41.72 49.09 51.01 61.18 72.64 89.06
 7491.25 33.58 30.37 28.71 28.68 32.04 31.58 42.28 49.58 51.55 61.65 73.08 89.49
 7492.25 33.96 30.76 29.08 29.06 32.42 31.94 42.63 49.88 51.90 61.94 73.37 89.77
 7493.25 33.96 30.76 29.08 29.05 32.43 31.93 42.61 49.84 51.91 61.91 73.37 89.80
 7494.25 33.02 29.83 28.14 28.12 31.50 30.98 41.67 48.91 51.06 61.07 72.63 89.19
 7495.25 29.53 26.41 24.76 24.73 28.03 27.51 38.09 45.37 47.60 57.74 69.55 86.46
 7496.25 29.74 26.62 24.95 24.93 28.25 27.70 38.29 45.55 47.83 57.93 69.75 86.68
 7497.25 33.24 30.06 28.34 28.32 31.72 31.15 41.80 48.98 51.29 61.18 72.80 89.44
 7498.25 33.99 30.82 29.08 29.06 32.48 31.89 42.50 49.64 51.99 61.80 73.39 89.99
 7499.25 33.96 30.80 29.05 29.03 32.46 31.84 42.45 49.57 51.98 61.75 73.37 90.00
 7500.25 33.90 30.74 28.98 28.96 32.41 31.77 42.36 49.47 51.93 61.67 73.32 89.99
 7501.25 33.46 30.30 28.54 28.51 32.00 31.31 41.90 49.01 51.54 61.26 72.98 89.72
 7502.25 33.36 30.21 28.43 28.41 31.93 31.20 41.77 48.87 51.45 61.14 72.89 89.67
 7503.25 33.67 30.53 28.74 28.72 32.28 31.51 42.05 49.12 51.75 61.38 73.13 89.90
 7504.25 33.54 30.40 28.60 28.58 32.18 31.37 41.89 48.95 51.64 61.24 73.02 89.79
 7505.25 33.60 30.46 28.66 28.63 32.28 31.42 41.92 48.95 51.70 61.25 73.06 89.76
 7506.25 33.83 30.71 28.89 28.87 32.55 31.65 42.12 49.12 51.92 61.42 73.23 89.85
 7507.25 34.00 30.88 29.05 29.03 32.75 31.81 42.25 49.23 52.08 61.53 73.35 89.89
 7508.25 34.09 30.98 29.13 29.12 32.88 31.90 42.31 49.26 52.17 61.57 73.42 89.88
 7509.25 34.01 30.90 29.04 29.03 32.83 31.81 42.20 49.14 52.10 61.47 73.36 89.76
 7510.25 33.84 30.74 28.87 28.86 32.70 31.64 42.01 48.95 51.96 61.31 73.25 89.60
 7511.25 33.80 30.71 28.82 28.82 32.69 31.59 41.95 48.86 51.94 61.25 73.23 89.51
 7512.25 33.99 30.90 28.99 29.00 32.91 31.77 42.10 48.99 52.12 61.38 73.38 89.57
 7513.25 34.15 31.06 29.14 29.15 33.11 31.92 42.22 49.09 52.27 61.48 73.51 89.62
 7514.25 34.07 30.99 29.05 29.07 33.06 31.83 42.12 48.98 52.21 61.40 73.47 89.52
 7515.25 34.01 30.94 28.99 29.01 33.04 31.77 42.04 48.88 52.18 61.33 73.44 89.43
 7516.25 33.94 30.89 28.92 28.94 33.02 31.71 41.96 48.79 52.14 61.26 73.42 89.35
 7517.25 33.80 30.76 28.78 28.81 32.92 31.57 41.80 48.62 52.04 61.13 73.33 89.21
 7518.25 32.51 29.49 27.50 27.54 31.68 30.29 40.52 47.37 50.86 59.99 72.33 88.26
 7519.25 30.07 27.10 25.13 25.17 29.28 27.87 38.02 44.89 48.47 57.67 70.23 86.31
 7520.25 31.39 28.41 26.40 26.44 30.64 29.17 39.35 46.19 49.82 58.93 71.44 87.33
 7521.25 33.51 30.53 28.49 28.53 32.81 31.29 41.46 48.22 51.87 60.83 73.22 88.85
 7522.25 33.65 30.67 28.61 28.66 32.98 31.42 41.57 48.32 52.02 60.94 73.35 88.91
 7523.25 32.77 29.82 27.75 27.80 32.15 30.55 40.69 47.45 51.23 60.16 72.68 88.25
 7524.25 28.37 25.55 23.56 23.61 27.81 26.24 36.12 42.85 46.72 55.74 68.56 84.42
 7525.25 19.84 17.58 16.00 16.04 19.42 18.12 26.34 32.29 35.87 44.30 56.84 72.72
 7526.25 16.46 14.52 13.15 13.19 16.13 14.97 22.17 27.50 30.83 38.60 50.54 65.91
 7527.25 23.42 20.93 19.11 19.16 23.03 21.50 30.52 36.86 40.80 49.47 62.38 78.21
 7528.25 32.16 29.32 27.15 27.22 31.76 29.96 39.99 46.68 50.83 59.54 72.31 87.60
 7529.25 33.31 30.47 28.26 28.33 32.95 31.10 41.12 47.79 51.99 60.58 73.30 88.43
 7530.25 32.55 29.74 27.52 27.59 32.24 30.35 40.36 47.06 51.34 59.91 72.74 87.87
 7531.25 31.44 28.67 26.44 26.51 31.17 29.25 39.22 45.95 50.30 58.86 71.81 86.97
 7532.25 25.98 23.42 21.35 21.42 25.77 23.94 33.40 40.01 44.40 52.96 66.20 81.68
 7533.25 25.59 23.06 20.99 21.06 25.42 23.56 32.95 39.55 43.98 52.48 65.77 81.20
 7534.25 31.58 28.86 26.57 26.65 31.44 29.39 39.30 46.07 50.58 58.96 72.03 86.99
 7535.25 33.84 31.13 28.78 28.87 33.74 31.64 41.55 48.27 52.79 61.02 73.95 88.65
 7536.25 34.01 31.32 28.95 29.04 33.96 31.82 41.70 48.43 53.00 61.17 74.12 88.75
 7537.25 33.96 31.29 28.89 28.99 33.95 31.77 41.64 48.38 53.01 61.13 74.13 88.70
 7538.25 33.81 31.16 28.75 28.84 33.85 31.62 41.48 48.24 52.93 61.01 74.06 88.58
 7539.25 33.66 31.03 28.59 28.69 33.74 31.47 41.32 48.10 52.85 60.88 73.99 88.46
 7540.25 33.74 31.13 28.67 28.77 33.87 31.55 41.39 48.17 52.98 60.96 74.09 88.50
 7541.25 32.73 30.14 27.66 27.77 32.92 30.54 40.38 47.20 52.09 60.07 73.33 87.75
 7542.25 30.56 28.02 25.56 25.67 30.81 28.40 38.17 45.04 50.03 58.05 71.51 86.05
 7543.25 31.66 29.12 26.62 26.72 31.97 29.48 39.28 46.15 51.18 59.10 72.52 86.91
 7544.25 33.53 31.00 28.46 28.56 33.90 31.35 41.13 47.97 53.01 60.79 74.10 88.27
 7545.25 34.01 31.51 28.94 29.04 34.45 31.84 41.59 48.42 53.50 61.21 74.52 88.59
 7546.25 34.23 31.74 29.16 29.26 34.72 32.07 41.79 48.62 53.75 61.40 74.73 88.72
 7547.25 34.22 31.75 29.14 29.24 34.76 32.06 41.76 48.60 53.79 61.39 74.76 88.69
 7548.25 33.92 31.47 28.85 28.94 34.53 31.76 41.46 48.33 53.58 61.15 74.59 88.48
 7549.25 33.96 31.52 28.89 28.97 34.62 31.81 41.49 48.36 53.67 61.19 74.66 88.49
 7550.25 34.29 31.87 29.21 29.30 35.01 32.14 41.79 48.66 54.02 61.47 74.96 88.70
 7551.25 34.28 31.88 29.21 29.29 35.06 32.14 41.77 48.66 54.08 61.47 75.01 88.69
 7552.25 34.24 31.85 29.16 29.24 35.08 32.10 41.72 48.62 54.10 61.45 75.03 88.66
 7553.25 34.30 31.92 29.22 29.29 35.19 32.16 41.76 48.67 54.21 61.50 75.13 88.69
 7554.25 33.85 31.50 28.77 28.84 34.80 31.72 41.31 48.25 53.87 61.14 74.85 88.39
 7555.25 33.49 31.15 28.41 28.48 34.50 31.36 40.94 47.91 53.59 60.83 74.62 88.13
 7556.25 34.10 31.77 29.02 29.08 35.17 31.97 41.53 48.49 54.21 61.37 75.15 88.55
 7557.25 34.51 32.19 29.43 29.49 35.63 32.39 41.92 48.87 54.63 61.73 75.51 88.82
 7558.25 32.31 29.99 27.26 27.32 33.49 30.20 39.72 46.74 52.63 59.77 73.78 87.20
 7559.25 27.36 25.15 22.59 22.64 28.54 25.35 34.52 41.48 47.46 54.63 68.98 82.66
 7560.25 28.55 26.30 23.69 23.75 29.81 26.52 35.78 42.80 48.84 55.96 70.30 83.85
 7561.25 33.18 30.84 28.10 28.15 34.53 31.07 40.54 47.58 53.63 60.58 74.65 87.82
 7562.25 34.33 31.98 29.24 29.29 35.74 32.23 41.66 48.68 54.75 61.60 75.62 88.64
 7563.25 34.29 31.94 29.20 29.25 35.76 32.19 41.61 48.64 54.77 61.56 75.66 88.62
 7564.25 34.41 32.05 29.31 29.36 35.93 32.31 41.71 48.74 54.92 61.66 75.83 88.69
 7565.25 34.52 32.16 29.43 29.47 36.10 32.43 41.80 48.84 55.07 61.75 75.99 88.76
 7566.25 34.65 32.29 29.56 29.60 36.28 32.56 41.90 48.95 55.23 61.85 76.17 88.84
 7567.25 34.78 32.42 29.69 29.74 36.48 32.70 42.02 49.07 55.40 61.96 76.36 88.93
 7568.25 34.05 31.68 28.96 29.00 35.80 31.97 41.29 48.37 54.79 61.34 75.89 88.43
 7569.25 32.03 29.67 26.98 27.02 33.84 29.97 39.26 46.41 52.95 59.52 74.34 86.93
 7570.25 32.16 29.80 27.11 27.15 34.03 30.11 39.38 46.53 53.13 59.64 74.54 87.04
 7571.25 33.81 31.43 28.72 28.76 35.74 31.75 41.00 48.13 54.74 61.13 75.99 88.28
 7572.25 30.48 28.16 25.53 25.56 32.43 28.47 37.58 44.73 51.45 57.88 73.08 85.49
 7573.25 21.27 19.35 17.23 17.26 22.96 19.61 27.35 33.81 40.16 46.30 61.50 74.06
 7574.25 20.17 18.32 16.29 16.31 21.85 18.58 26.04 32.34 38.63 44.62 59.77 72.21
 7575.25 27.50 25.25 22.75 22.77 29.56 25.57 34.37 41.47 48.38 54.66 70.29 82.61
 7576.25 30.95 28.58 25.94 25.96 33.14 28.93 38.03 45.26 52.30 58.47 74.03 86.07
 7577.25 32.92 30.53 27.84 27.87 35.19 30.89 40.02 47.26 54.34 60.35 75.84 87.67
 7578.25 34.54 32.13 29.44 29.46 36.86 32.50 41.60 48.81 55.93 61.78 77.22 88.85
 7579.25 34.76 32.35 29.66 29.68 37.14 32.73 41.80 49.03 56.23 61.97 77.48 89.01
 7580.25 34.81 32.39 29.71 29.72 37.24 32.78 41.83 49.08 56.37 62.02 77.61 89.05
 7581.25 34.86 32.44 29.75 29.77 37.34 32.83 41.86 49.13 56.51 62.05 77.74 89.09
 7582.25 34.79 32.36 29.68 29.69 37.33 32.76 41.78 49.07 56.55 62.00 77.78 89.04
 7583.25 34.85 32.42 29.75 29.76 37.45 32.83 41.84 49.14 56.71 62.05 77.92 89.09
 7584.25 34.95 32.51 29.84 29.85 37.59 32.93 41.92 49.23 56.89 62.13 78.08 89.15
 7585.25 34.94 32.50 29.83 29.83 37.64 32.92 41.91 49.23 56.97 62.12 78.15 89.14
 7586.25 34.15 31.70 29.05 29.04 36.90 32.13 41.14 48.48 56.36 61.44 77.64 88.59
 7587.25 29.45 27.08 24.55 24.54 32.20 27.50 36.32 43.68 51.75 56.83 73.49 84.62
 7588.25 25.88 23.64 21.28 21.27 28.55 24.04 32.47 39.66 47.75 52.73 69.61 80.80
 7589.25 30.31 27.91 25.36 25.35 33.18 28.34 37.22 44.61 52.86 57.75 74.51 85.40
 7590.25 34.44 31.97 29.34 29.32 37.41 32.41 41.41 48.77 57.00 61.72 78.19 88.75
 7591.25 34.84 32.36 29.75 29.73 37.86 32.81 41.80 49.15 57.44 62.05 78.54 88.98
 7592.25 34.31 31.84 29.26 29.23 37.35 32.29 41.21 48.52 56.84 61.35 77.80 88.08
 7593.25 32.43 30.07 27.62 27.59 35.38 30.51 39.01 45.98 54.01 58.23 73.99 83.72
 7594.25 28.85 26.69 24.46 24.44 31.59 27.09 34.87 41.26 48.71 52.52 67.07 75.92
 7595.25 26.07 24.07 22.03 22.00 28.64 24.44 31.62 37.56 44.54 48.00 61.56 69.70
 7596.25 25.28 23.34 21.39 21.36 27.79 23.71 30.62 36.32 43.10 46.36 59.44 67.18
 7597.25 25.99 24.04 22.08 22.05 28.56 24.41 31.34 37.05 43.90 47.08 60.19 67.85
 7598.25 24.90 23.00 21.10 21.08 27.44 23.37 30.11 35.69 42.43 45.48 58.34 65.76
 7599.25 19.40 17.70 16.05 16.02 21.72 18.03 24.14 29.36 35.87 38.76 51.38 58.60
 7600.25 13.39 12.06 10.81 10.79 15.25 12.32 17.18 21.54 27.27 29.79 41.49 48.28
 7601.25 14.96 13.53 12.18 12.16 17.00 13.81 19.01 23.59 29.57 32.10 43.95 50.65
 7602.25 20.06 18.40 16.81 16.78 22.39 18.73 24.57 29.48 35.69 38.17 49.81 56.17
 7603.25 22.41 20.68 19.03 19.01 24.84 21.03 27.03 31.99 38.28 40.69 52.34 58.60
 7604.25 22.18 20.48 18.87 18.84 24.61 20.83 26.71 31.58 37.80 40.11 51.56 57.63
 7605.25 22.63 20.88 19.24 19.22 25.14 21.24 27.25 32.22 38.63 40.93 52.67 58.81
 7606.25 22.69 20.94 19.30 19.28 25.23 21.30 27.31 32.29 38.77 41.01 52.81 58.88
 7607.25 22.89 21.10 19.45 19.42 25.50 21.47 27.57 32.64 39.28 41.50 53.53 59.64
 7608.25 23.82 21.97 20.27 20.25 26.56 22.36 28.65 33.87 40.77 43.00 55.45 61.67
 7609.25 23.69 21.84 20.15 20.13 26.45 22.23 28.50 33.70 40.63 42.79 55.24 61.38
 7610.25 24.09 22.18 20.46 20.43 26.96 22.59 29.03 34.39 41.59 43.75 56.62 62.87
 7611.25 25.62 23.60 21.79 21.76 28.68 24.03 30.82 36.46 44.11 46.32 59.91 66.41
 7612.25 24.85 22.86 21.10 21.07 27.89 23.29 29.94 35.49 43.06 45.17 58.57 64.89
 7613.25 26.36 24.25 22.40 22.37 29.62 24.71 31.74 37.60 45.67 47.83 62.04 68.64
 7614.25 28.94 26.68 24.71 24.68 32.45 27.18 34.66 40.88 49.50 51.72 66.83 73.75
 7615.25 27.94 25.72 23.79 23.77 31.42 26.21 33.55 39.66 48.21 50.32 65.23 71.96
 7616.25 29.98 27.60 25.55 25.52 33.73 28.13 35.94 42.46 51.64 53.80 69.74 76.80
 7617.25 34.40 31.78 29.53 29.50 38.56 32.37 40.92 48.03 58.12 60.40 77.85 85.47
 7618.25 35.05 32.33 30.02 29.99 39.40 32.95 41.80 49.17 59.70 61.99 80.14 87.94
 7619.25 29.75 27.12 24.92 24.89 34.04 27.71 36.36 43.71 54.41 56.64 75.15 82.98
 7620.25 23.79 21.48 19.58 19.56 27.61 22.00 29.68 36.38 46.39 48.41 66.01 73.40
 7621.25 25.50 23.17 21.25 21.23 29.29 23.70 31.34 37.89 47.60 49.45 66.21 73.12
 7622.25 28.96 26.52 24.49 24.48 32.85 27.08 34.98 41.64 51.46 53.24 69.99 76.80
 7623.25 25.28 23.07 21.25 21.24 28.77 23.58 30.75 36.83 45.90 47.46 62.93 69.14
 7624.25 22.77 20.68 18.98 18.97 26.05 21.16 27.96 33.80 42.64 44.07 59.17 65.16
 7625.25 27.60 25.24 23.30 23.29 31.23 25.78 33.39 39.83 49.58 51.03 67.48 73.91
 7626.25 29.24 26.87 24.91 24.90 32.85 27.41 35.02 41.43 51.17 52.51 68.81 75.12
 7627.25 24.30 22.20 20.49 20.49 27.44 22.68 29.40 35.11 43.95 45.01 59.69 65.29
 7628.25 24.37 22.24 20.50 20.51 27.52 22.72 29.56 35.37 44.53 45.46 60.51 66.17
 7629.25 27.10 24.70 22.74 22.75 30.63 25.24 32.98 39.56 50.13 51.04 68.26 74.66
 7630.25 20.53 18.45 16.80 16.80 23.62 18.92 25.75 31.82 41.98 42.76 59.77 66.11
 7631.25 15.94 14.26 12.93 12.93 18.43 14.64 20.23 25.28 34.04 34.57 49.41 54.93
 7632.25 22.17 20.10 18.44 18.46 25.11 20.57 27.26 33.01 42.72 43.13 58.68 64.25
 7633.25 31.01 28.52 26.49 26.52 34.46 29.09 37.02 43.64 54.75 55.07 72.51 78.67
 7634.25 30.63 28.16 26.15 26.18 34.01 28.72 36.57 43.12 54.23 54.43 71.76 77.81
 7635.25 24.34 22.20 20.48 20.51 27.25 22.69 29.53 35.30 45.26 45.31 60.76 66.09
 7636.25 24.30 22.17 20.46 20.50 27.17 22.66 29.49 35.24 45.33 45.23 60.73 65.99
 7637.25 31.42 28.94 26.92 26.97 34.71 29.51 37.42 43.99 55.59 55.32 72.98 78.90
 7638.25 33.49 30.91 28.81 28.87 36.88 31.50 39.72 46.53 58.67 58.28 76.66 82.76
 7639.25 27.53 25.23 23.36 23.42 30.56 25.76 33.16 39.34 50.49 50.02 66.79 72.28
 7640.25 23.95 21.84 20.14 20.20 26.69 22.32 29.14 34.86 45.41 44.81 60.54 65.61
 7641.25 28.94 26.55 24.61 24.69 31.99 27.10 34.79 41.18 53.03 52.22 69.73 75.29
 7642.25 34.12 31.48 29.32 29.41 37.47 32.09 40.59 47.60 60.72 59.70 78.98 85.05
 7643.25 31.65 29.09 27.01 27.10 34.87 29.69 37.95 44.78 57.69 56.58 75.43 81.29
 7644.25 25.85 23.60 21.78 21.86 28.67 24.12 31.45 37.55 49.31 48.17 65.24 70.47
 7645.25 26.26 24.00 22.17 22.27 29.05 24.53 31.88 37.98 49.89 48.59 65.72 70.88
 7646.25 32.24 29.66 27.57 27.68 35.36 30.26 38.60 45.46 58.91 57.31 76.53 82.24
 7647.25 34.80 32.08 29.87 30.00 38.05 32.72 41.50 48.71 62.96 61.16 81.42 87.38
 7648.25 31.59 29.02 26.93 27.06 34.66 29.62 37.98 44.86 58.61 56.76 76.18 81.83
 7649.25 27.26 24.94 23.05 23.17 30.01 25.48 33.09 39.37 52.13 50.29 68.20 73.32
 7650.25 28.64 26.24 24.29 24.43 31.43 26.80 34.64 41.09 54.33 52.29 70.73 75.93
 7651.25 33.66 30.99 28.82 28.98 36.71 31.62 40.31 47.41 62.08 59.69 80.02 85.68
 7652.25 35.31 32.56 30.30 30.48 38.44 33.21 42.20 49.53 64.82 62.22 83.30 89.10
 7653.25 32.45 29.81 27.65 27.83 35.42 30.43 39.08 46.16 61.06 58.41 78.84 84.39
 7654.25 27.14 24.74 22.78 22.95 29.83 25.30 33.25 39.83 53.97 51.33 70.64 75.81
 7655.25 25.31 22.94 21.02 21.20 27.94 23.50 31.41 38.05 52.63 49.76 69.68 74.94
 7656.25 30.86 28.20 26.01 26.22 33.76 28.83 37.66 44.93 60.84 57.60 79.05 84.62
 7657.25 35.30 32.52 30.21 30.45 38.27 33.18 42.35 49.79 66.11 62.68 84.55 90.16
 7658.25 34.23 31.51 29.25 29.49 37.11 32.15 41.14 48.44 64.59 61.09 82.62 88.07
 7659.25 31.26 28.70 26.59 26.82 33.93 29.31 37.78 44.67 60.07 56.62 77.05 82.14
 7660.25 31.01 28.50 26.40 26.64 33.60 29.09 37.47 44.26 59.61 56.05 76.29 81.26
 7661.25 34.20 31.53 29.29 29.56 36.88 32.16 41.04 48.20 64.54 60.63 82.06 87.26
 7662.25 35.78 33.00 30.67 30.96 38.51 33.66 42.91 50.37 67.51 63.30 85.69 91.04
 7663.25 31.72 28.99 26.70 26.99 34.39 29.63 38.87 46.41 64.06 59.61 82.59 88.00
 7664.25 25.09 22.65 20.65 20.91 27.43 23.23 31.60 38.67 55.81 51.33 73.95 79.23
 7665.25 25.54 23.13 21.14 21.41 27.79 23.70 31.95 38.84 55.55 51.09 72.88 77.88
 7666.25 31.95 29.32 27.10 27.41 34.30 29.94 38.80 45.97 63.09 58.43 80.35 85.29
 7667.25 35.73 32.97 30.63 30.97 38.13 33.63 42.88 50.29 68.12 63.17 85.90 90.95
 7668.25 36.22 33.42 31.04 31.39 38.58 34.08 43.47 50.99 69.23 64.06 87.20 92.28
 7669.25 35.46 32.68 30.32 30.68 37.75 33.34 42.69 50.18 68.49 63.19 86.32 91.32
 7670.25 34.10 31.40 29.10 29.47 36.25 32.04 41.13 48.41 66.37 61.07 83.65 88.45
 7671.25 33.49 30.83 28.57 28.94 35.54 31.46 40.42 47.58 65.40 60.03 82.34 87.01
 7672.25 34.88 32.15 29.83 30.22 36.91 32.80 41.98 49.31 67.68 62.03 84.92 89.67
 7673.25 36.17 33.37 30.98 31.40 38.18 34.04 43.46 50.97 69.93 64.00 87.48 92.35
 7674.25 35.81 32.99 30.58 31.02 37.76 33.67 43.17 50.74 70.05 63.90 87.57 92.54
 7675.25 35.21 32.40 30.01 30.46 37.09 33.09 42.55 50.09 69.54 63.20 86.77 91.77
 7676.25 34.65 31.90 29.55 30.00 36.42 32.57 41.85 49.23 68.52 62.05 85.11 90.04
 7677.25 34.42 31.70 29.37 29.83 36.10 32.37 41.56 48.86 68.24 61.54 84.32 89.21
 7678.25 35.45 32.68 30.31 30.79 37.09 33.37 42.72 50.13 70.11 63.00 86.12 91.09
 7679.25 36.36 33.54 31.12 31.63 37.95 34.25 43.75 51.28 71.87 64.35 87.81 92.86
 7680.25 36.28 33.44 31.01 31.54 37.81 34.16 43.72 51.28 72.26 64.41 87.96 93.04
 7681.25 35.97 33.14 30.71 31.25 37.42 33.86 43.41 50.96 72.21 64.07 87.57 92.64
 7682.25 34.97 32.17 29.77 30.31 36.34 32.89 42.35 49.83 71.20 62.83 86.11 91.13
 7683.25 33.23 30.47 28.10 28.65 34.52 31.18 40.57 48.02 69.66 61.00 84.24 89.24
 7684.25 33.35 30.56 28.17 28.73 34.57 31.28 40.77 48.29 70.45 61.39 84.84 89.90
 7685.25 34.70 31.86 29.44 30.02 35.87 32.61 42.22 49.81 72.43 63.01 86.61 91.71
 7686.25 34.48 31.64 29.21 29.80 35.58 32.39 42.04 49.66 72.69 62.92 86.63 91.75
 7687.25 33.64 30.80 28.38 28.98 34.66 31.55 41.20 48.84 72.26 62.15 85.94 91.08
 7688.25 32.44 29.63 27.24 27.84 33.38 30.38 39.97 47.58 71.30 60.88 84.67 89.81
 7689.25 31.70 28.93 26.58 27.18 32.57 29.68 39.17 46.72 70.58 59.92 83.55 88.66
 7690.25 32.42 29.63 27.26 27.87 33.21 30.38 39.92 47.47 71.57 60.65 84.18 89.28
 7691.25 33.77 30.95 28.53 29.17 34.50 31.71 41.36 48.95 73.43 62.18 85.76 90.87
 7692.25 34.05 31.22 28.79 29.44 34.71 31.99 41.69 49.30 74.15 62.58 86.21 91.34
 7693.25 32.73 29.92 27.51 28.16 33.32 30.69 40.37 48.00 73.31 61.37 85.15 90.31
 7694.25 31.97 29.17 26.78 27.43 32.47 29.94 39.59 47.22 72.89 60.62 84.45 89.63
 7695.25 33.36 30.55 28.13 28.81 33.80 31.33 41.01 48.60 74.30 61.88 85.42 90.54
 7696.25 34.32 31.51 29.09 29.78 34.69 32.30 41.96 49.50 75.26 62.67 85.97 91.05
 7697.25 34.58 31.76 29.33 30.03 34.88 32.55 42.25 49.80 75.90 63.00 86.31 91.40
 7698.25 34.67 31.85 29.41 30.12 34.90 32.64 42.39 49.98 76.48 63.25 86.64 91.75
 7699.25 34.55 31.73 29.28 30.01 34.71 32.53 42.31 49.91 76.76 63.21 86.63 91.76
 7700.25 33.10 30.31 27.88 28.61 33.21 31.10 40.87 48.50 75.85 61.91 85.49 90.66
 7701.25 30.47 27.74 25.38 26.09 30.52 28.52 38.15 45.76 73.65 59.26 83.10 88.33
 7702.25 30.94 28.21 25.84 26.57 30.96 29.00 38.66 46.27 74.35 59.73 83.45 88.66
 7703.25 33.86 31.08 28.65 29.40 33.84 31.89 41.67 49.26 77.25 62.58 85.90 91.03
 7704.25 35.16 32.37 29.92 30.69 35.09 33.19 42.99 50.55 78.68 63.82 86.99 92.08
 7705.25 35.33 32.54 30.08 30.87 35.22 33.36 43.19 50.77 79.23 64.06 87.25 92.36
 7706.25 35.44 32.66 30.19 30.99 35.29 33.48 43.33 50.90 79.66 64.21 87.37 92.48
 7707.25 35.80 33.02 30.55 31.36 35.61 33.85 43.70 51.26 80.24 64.55 87.64 92.74
 7708.25 36.10 33.33 30.86 31.68 35.86 34.16 44.01 51.55 80.76 64.82 87.85 92.94
 7709.25 36.14 33.37 30.91 31.74 35.86 34.21 44.06 51.60 81.05 64.86 87.84 92.93
 7710.25 36.01 33.25 30.78 31.63 35.68 34.09 43.94 51.48 81.21 64.75 87.70 92.79
 7711.25 35.75 32.99 30.52 31.38 35.38 33.84 43.71 51.27 81.35 64.57 87.55 92.65
 7712.25 33.80 31.06 28.60 29.47 33.39 31.90 41.81 49.42 80.14 62.88 86.12 91.27
 7713.25 24.18 21.83 19.78 20.51 23.79 22.55 31.31 38.41 69.28 51.54 75.12 80.44
 7714.25 16.01 14.30 12.83 13.36 15.70 14.83 21.44 27.09 54.45 38.18 59.64 64.71
 7715.25 17.22 15.41 13.84 14.41 16.86 15.97 22.98 28.92 57.46 40.46 62.47 67.63
 7716.25 23.50 21.20 19.17 19.92 23.01 21.92 30.65 37.74 69.58 50.92 74.53 79.88
 7717.25 21.32 19.18 17.30 18.00 20.83 19.85 28.07 34.82 66.24 47.59 70.86 76.19
 7718.25 17.03 15.24 13.68 14.27 16.58 15.79 22.78 28.68 57.94 40.19 62.08 67.23
 7719.25 15.72 14.06 12.61 13.16 15.28 14.58 21.13 26.73 55.18 37.73 58.93 63.98
 7720.25 19.64 17.65 15.89 16.57 19.08 18.27 26.05 32.52 63.95 44.85 67.61 72.89
 7721.25 28.13 25.61 23.35 24.23 27.38 26.40 35.95 43.47 77.13 57.03 80.53 85.82
 7722.25 34.10 31.41 28.95 29.92 33.26 32.26 42.28 49.95 83.40 63.44 86.42 91.57
 7723.25 34.75 32.07 29.60 30.58 33.86 32.91 42.95 50.61 84.21 64.06 86.93 92.07
 7724.25 33.35 30.70 28.25 29.23 32.43 31.53 41.55 49.26 83.32 62.79 85.80 90.98
 7725.25 28.83 26.31 24.01 24.93 27.90 27.10 36.80 44.44 79.05 58.05 81.45 86.74
 7726.25 27.63 25.16 22.91 23.82 26.67 25.93 35.49 43.09 77.66 56.67 80.12 85.44
 7727.25 26.90 24.47 22.26 23.16 25.91 25.23 34.69 42.25 76.63 55.79 79.22 84.57
 7728.25 24.79 22.49 20.39 21.24 23.81 23.20 32.30 39.68 73.68 53.03 76.37 81.79
 7729.25 29.44 26.92 24.60 25.56 28.32 27.70 37.49 45.21 79.18 58.79 81.91 87.32
 7730.25 34.45 31.82 29.36 30.38 33.23 32.63 42.72 50.50 83.74 63.94 86.48 91.82
 7731.25 34.83 32.20 29.74 30.77 33.56 33.01 43.11 50.90 83.90 64.31 86.70 92.11
 7732.25 34.57 31.95 29.49 30.53 33.26 32.76 42.86 50.67 83.56 64.10 86.43 91.92
 7733.25 35.06 32.44 29.98 31.03 33.70 33.25 43.36 51.16 83.78 64.55 86.71 92.26
 7734.25 35.32 32.71 30.25 31.30 33.91 33.51 43.62 51.43 83.82 64.79 86.82 92.44
 7735.25 34.46 31.85 29.40 30.46 33.00 32.65 42.78 50.63 83.02 64.06 86.10 91.82
 7736.25 32.75 30.18 27.75 28.80 31.25 30.96 41.06 48.96 81.45 62.48 84.63 90.48
 7737.25 31.48 28.94 26.55 27.59 29.95 29.71 39.76 47.67 80.14 61.23 83.41 89.37
 7738.25 32.26 29.71 27.30 28.35 30.68 30.48 40.58 48.51 80.70 62.03 84.02 90.04
 7739.25 34.64 32.06 29.61 30.69 32.99 32.84 43.00 50.91 82.57 64.30 85.92 91.94
 7740.25 35.36 32.78 30.33 31.42 33.66 33.56 43.72 51.63 82.99 64.96 86.39 92.48
 7741.25 33.74 31.28 28.92 29.97 32.09 32.02 41.78 49.38 79.29 62.17 82.63 88.53
 7742.25 32.98 30.52 28.17 29.23 31.30 31.26 41.04 48.69 78.61 61.55 82.03 88.04
 7743.25 33.19 30.73 28.38 29.44 31.48 31.47 41.27 48.93 78.69 61.79 82.18 88.27
 7744.25 34.37 31.91 29.54 30.62 32.63 32.65 42.45 50.11 79.54 62.90 83.07 89.21
 7745.25 34.86 32.40 30.03 31.11 33.09 33.14 42.95 50.61 79.84 63.39 83.44 89.65
 7746.25 34.54 32.08 29.71 30.78 32.73 32.81 42.66 50.36 79.53 63.19 83.22 89.52
 7747.25 33.80 31.35 28.98 30.05 31.97 32.08 41.96 49.72 78.90 62.64 82.68 89.10
 7748.25 33.72 31.27 28.90 29.97 31.86 32.00 41.91 49.69 78.77 62.64 82.62 89.13
 7749.25 34.25 31.80 29.42 30.50 32.36 32.52 42.45 50.24 79.10 63.18 83.02 89.60
 7750.25 30.74 28.35 26.04 27.08 28.86 29.05 38.86 46.71 75.87 59.83 79.94 86.73
 7751.25 20.50 18.61 16.83 17.63 18.99 19.16 27.23 34.13 61.88 46.33 66.04 72.99
 7752.25 13.21 11.90 10.68 11.23 12.15 12.28 18.04 23.21 45.86 32.87 49.57 55.88
 7753.25 13.31 12.00 10.77 11.32 12.23 12.38 18.18 23.40 46.01 33.12 49.80 56.19
 7754.25 21.92 19.96 18.08 18.92 20.27 20.52 28.95 36.11 63.80 48.60 68.20 75.44
 7755.25 32.46 30.05 27.68 28.76 30.41 30.75 40.74 48.72 77.01 61.88 81.42 88.59
 7756.25 35.14 32.71 30.30 31.39 33.04 33.41 43.45 51.39 79.14 64.40 83.57 90.72
 7757.25 34.80 32.36 29.95 31.05 32.67 33.07 43.13 51.10 78.77 64.17 83.29 90.54
 7758.25 32.95 30.54 28.14 29.23 30.81 31.24 41.31 49.35 77.15 62.56 81.79 89.21
 7759.25 32.29 29.88 27.50 28.59 30.12 30.58 40.65 48.72 76.45 61.98 81.19 88.71
 7760.25 31.43 29.04 26.67 27.76 29.24 29.73 39.75 47.84 75.49 61.14 80.32 87.97
 7761.25 22.79 20.78 18.82 19.71 20.92 21.36 30.09 37.55 64.51 50.36 69.49 77.39
 7762.25 18.85 17.10 15.41 16.18 17.20 17.60 25.33 32.13 57.60 44.14 62.55 70.42
 7763.25 24.76 22.64 20.56 21.51 22.74 23.26 32.40 40.13 67.10 53.21 72.26 80.33
 7764.25 33.65 31.24 28.81 29.93 31.31 31.94 42.07 50.23 76.99 63.49 82.09 89.99
 7765.25 35.77 33.35 30.89 32.03 33.39 34.06 44.19 52.31 78.59 65.43 83.70 91.61
 7766.25 35.96 33.53 31.07 32.21 33.54 34.25 44.38 52.50 78.60 65.63 83.78 91.77
 7767.25 36.13 33.71 31.24 32.39 33.68 34.43 44.55 52.67 78.60 65.83 83.86 91.92
 7768.25 36.21 33.79 31.32 32.47 33.73 34.51 44.64 52.74 78.53 65.94 83.87 92.02
 7769.25 36.03 33.61 31.13 32.28 33.51 34.33 44.47 52.56 78.27 65.84 83.70 91.94
 7770.25 35.49 33.07 30.59 31.75 32.95 33.79 43.96 52.06 77.73 65.44 83.25 91.61
 7771.25 35.06 32.64 30.16 31.32 32.48 33.36 43.55 51.65 77.25 65.11 82.87 91.33
 7772.25 35.43 33.01 30.52 31.68 32.81 33.73 43.91 51.98 77.39 65.46 83.07 91.60
 7773.25 33.48 31.09 28.62 29.77 30.86 31.80 41.98 50.08 75.62 63.75 81.44 90.15
 7774.25 28.95 26.66 24.33 25.42 26.41 27.34 37.20 45.22 70.93 59.05 76.96 85.94
 7775.25 24.99 22.88 20.74 21.73 22.62 23.51 32.76 40.47 65.80 54.12 71.97 81.14
 7776.25 26.30 24.13 21.91 22.95 23.83 24.77 34.26 42.07 67.35 55.87 73.63 82.86
 7777.25 31.55 29.20 26.76 27.91 28.84 29.91 40.01 48.05 73.14 62.00 79.43 88.57
 7778.25 34.98 32.57 30.06 31.25 32.17 33.30 43.51 51.50 76.06 65.32 82.35 91.42
 7779.25 36.34 33.94 31.42 32.61 33.51 34.67 44.86 52.77 76.96 66.54 83.32 92.41
 7780.25 35.52 33.12 30.60 31.79 32.66 33.85 44.06 51.99 76.13 65.87 82.63 91.85
 7781.25 29.52 27.24 24.87 25.99 26.78 27.93 37.83 45.72 70.15 59.86 76.94 86.52
 7782.25 22.69 20.73 18.71 19.66 20.32 21.32 30.07 37.35 60.93 50.98 67.88 77.65
 7783.25 24.41 22.36 20.23 21.23 21.91 22.98 32.10 39.57 63.29 53.49 70.41 80.24
 7784.25 32.33 29.98 27.50 28.65 29.44 30.70 40.83 48.74 72.51 63.00 79.68 89.32
 7785.25 35.60 33.22 30.66 31.85 32.65 33.95 44.17 52.01 75.27 66.14 82.48 92.00
 7786.25 35.36 32.98 30.43 31.61 32.39 33.71 43.94 51.77 74.88 65.96 82.27 91.83
 7787.25 34.62 32.25 29.69 30.87 31.63 32.97 43.21 51.04 74.06 65.34 81.65 91.29
 7788.25 34.40 32.04 29.48 30.65 31.40 32.76 43.00 50.82 73.68 65.18 81.45 91.13
 7789.25 34.76 32.40 29.82 31.00 31.74 33.12 43.35 51.15 73.78 65.53 81.71 91.40
 7790.25 35.09 32.73 30.14 31.32 32.05 33.45 43.68 51.45 73.85 65.85 81.94 91.65
 7791.25 34.63 32.28 29.68 30.86 31.57 32.99 43.23 50.98 73.25 65.46 81.53 91.30
 7792.25 32.55 30.23 27.66 28.82 29.51 30.93 41.11 48.87 71.14 63.51 79.68 89.62
 7793.25 31.32 29.04 26.49 27.63 28.31 29.73 39.84 47.56 69.72 62.30 78.49 88.54
 7794.25 29.60 27.38 24.89 26.00 26.65 28.05 37.97 45.61 67.58 60.38 76.58 86.76
 7795.25 19.25 17.58 15.74 16.55 17.02 18.08 25.84 32.20 51.91 45.40 60.71 70.80
 7796.25 14.33 13.03 11.60 12.23 12.58 13.42 19.59 24.79 41.60 36.07 49.69 59.04
 7797.25 19.00 17.36 15.52 16.33 16.77 17.85 25.53 31.81 51.01 44.99 60.12 70.30
 7798.25 31.01 28.78 26.21 27.34 27.94 29.45 39.45 47.01 68.09 61.89 77.74 88.10
 7799.25 35.88 33.57 30.87 32.06 32.68 34.27 44.47 52.01 72.55 66.72 82.16 92.34
 7800.25 36.24 33.94 31.22 32.42 33.02 34.65 44.83 52.33 72.63 67.04 82.39 92.61
 7801.25 36.47 34.17 31.45 32.64 33.23 34.89 45.05 52.53 72.59 67.25 82.52 92.78
 7802.25 36.80 34.52 31.78 32.97 33.56 35.25 45.38 52.82 72.64 67.54 82.72 93.03
 7803.25 36.98 34.70 31.95 33.15 33.72 35.44 45.55 52.96 72.57 67.71 82.81 93.17
 7804.25 36.77 34.49 31.73 32.93 33.48 35.25 45.35 52.75 72.18 67.55 82.62 93.06
 7805.25 36.29 34.02 31.25 32.45 32.99 34.79 44.89 52.29 71.59 67.18 82.24 92.76
 7806.25 36.27 34.01 31.22 32.42 32.95 34.78 44.88 52.25 71.35 67.19 82.18 92.77
 7807.25 36.67 34.41 31.61 32.81 33.33 35.20 45.27 52.60 71.45 67.54 82.44 93.07
 7808.25 35.51 33.26 30.45 31.65 32.16 34.05 44.14 51.49 70.27 66.57 81.52 92.27
 7809.25 28.43 26.34 23.76 24.85 25.30 27.08 36.68 43.89 62.67 59.14 74.42 85.58
 7810.25 20.56 18.86 16.79 17.66 18.01 19.47 27.53 33.86 51.18 48.04 62.83 74.02
 7811.25 21.90 20.13 17.94 18.86 19.21 20.78 29.16 35.67 53.14 50.20 65.10 76.41
 7812.25 30.75 28.60 25.88 27.03 27.46 29.41 39.26 46.48 64.69 61.91 76.95 88.21
 7813.25 34.95 32.72 29.87 31.07 31.51 33.57 43.64 50.86 68.67 66.18 80.89 92.00
 7814.25 35.05 32.83 29.96 31.16 31.59 33.69 43.75 50.95 68.53 66.30 80.94 92.10
 7815.25 35.14 32.93 30.04 31.24 31.66 33.80 43.85 51.03 68.38 66.40 80.97 92.20
 7816.25 34.73 32.52 29.63 30.83 31.23 33.40 43.45 50.62 67.78 66.05 80.60 91.91
 7817.25 34.18 31.99 29.09 30.29 30.67 32.87 42.91 50.06 67.05 65.56 80.10 91.50
 7818.25 34.90 32.71 29.78 30.99 31.36 33.60 43.64 50.76 67.46 66.23 80.65 92.08
 7819.25 36.17 33.99 31.02 32.24 32.60 34.88 44.90 51.97 68.33 67.36 81.61 93.02
 7820.25 35.54 33.38 30.40 31.60 31.96 34.27 44.29 51.36 67.55 66.84 81.08 92.60
 7821.25 32.42 30.31 27.38 28.55 28.89 31.18 41.12 48.20 64.36 63.89 78.30 90.06
 7822.25 22.29 20.58 18.25 19.17 19.43 21.29 29.64 35.92 50.89 50.68 64.83 76.78
 7823.25 13.85 12.70 11.13 11.74 11.91 13.18 19.02 23.63 35.20 35.24 47.10 57.75
 7824.25 14.62 13.42 11.76 12.40 12.58 13.93 20.04 24.83 36.62 36.87 49.01 59.95
 7825.25 25.04 23.23 20.65 21.63 21.90 24.00 32.90 39.43 54.25 54.74 68.91 81.12
 7826.25 34.71 32.62 29.55 30.71 31.03 33.52 43.50 50.48 65.54 66.18 80.13 92.07
 7827.25 35.97 33.88 30.77 31.94 32.25 34.79 44.76 51.69 66.58 67.32 81.11 93.04
 7828.25 36.49 34.42 31.29 32.45 32.76 35.33 45.28 52.17 66.93 67.78 81.47 93.43
 7829.25 36.51 34.45 31.31 32.46 32.76 35.37 45.31 52.18 66.86 67.81 81.44 93.46
 7830.25 35.03 32.98 29.83 30.97 31.26 33.89 43.85 50.74 65.46 66.53 80.21 92.39
 7831.25 34.49 32.45 29.30 30.43 30.72 33.37 43.32 50.20 64.88 66.06 79.72 91.99
 7832.25 35.88 33.85 30.67 31.80 32.08 34.78 44.72 51.54 66.04 67.31 80.81 93.05
 7833.25 36.98 34.96 31.76 32.88 33.16 35.89 45.79 52.56 66.88 68.26 81.60 93.84
 7834.25 37.00 34.99 31.77 32.89 33.16 35.92 45.82 52.56 66.80 68.28 81.56 93.86
 7835.25 35.86 33.87 30.63 31.74 32.00 34.80 44.72 51.48 65.73 67.33 80.64 93.07
 7836.25 35.36 33.38 30.13 31.23 31.49 34.31 44.22 50.98 65.19 66.90 80.18 92.71
 7837.25 36.18 34.20 30.94 32.03 32.28 35.14 45.04 51.75 65.81 67.62 80.78 93.31
 7838.25 37.15 35.19 31.90 32.99 33.24 36.13 45.99 52.65 66.54 68.45 81.49 94.00
 7839.25 37.39 35.44 32.14 33.22 33.46 36.38 46.22 52.85 66.64 68.65 81.63 94.17
 7840.25 36.98 35.05 31.73 32.80 33.03 35.99 45.84 52.47 66.21 68.33 81.31 93.91
 7841.25 35.32 33.39 30.08 31.13 31.36 34.34 44.21 50.86 64.65 66.91 79.97 92.72
 7842.25 27.71 25.96 22.96 23.90 24.09 26.83 36.10 42.57 56.27 58.68 72.01 85.19
 7843.25 21.09 19.62 17.13 17.89 18.05 20.36 28.35 34.13 46.83 49.24 62.19 75.34
 7844.25 24.36 22.75 19.96 20.81 20.98 23.58 32.26 38.42 51.62 54.21 67.39 80.68
 7845.25 33.82 31.96 28.62 29.63 29.83 32.93 42.70 49.28 62.79 65.50 78.52 91.50
 7846.25 37.10 35.23 31.82 32.85 33.04 36.23 45.99 52.49 65.72 68.50 81.25 94.04
 7847.25 37.13 35.27 31.84 32.86 33.05 36.28 46.03 52.51 65.66 68.54 81.26 94.10
 7848.25 37.19 35.35 31.90 32.92 33.10 36.37 46.10 52.56 65.62 68.62 81.30 94.16
 7849.25 37.04 35.21 31.74 32.75 32.92 36.23 45.96 52.40 65.39 68.51 81.16 94.08
 7850.25 34.38 32.58 29.14 30.12 30.29 33.61 43.33 49.82 62.89 66.17 78.97 92.12
 7851.25 29.30 27.60 24.35 25.26 25.41 28.59 37.98 44.37 57.43 60.88 73.88 87.38
 7852.25 28.38 26.71 23.50 24.39 24.54 27.70 36.97 43.30 56.25 59.82 72.79 86.38
 7853.25 29.09 27.42 24.15 25.04 25.18 28.42 37.75 44.10 56.98 60.67 73.58 87.17
 7854.25 20.20 18.90 16.37 17.05 17.15 19.69 27.23 32.65 44.09 47.62 59.85 73.26
 7855.25 13.55 12.62 10.83 11.30 11.37 13.20 18.70 22.81 31.82 34.80 45.12 57.02
 7856.25 15.31 14.29 12.28 12.80 12.87 14.93 21.01 25.51 35.20 38.51 49.46 62.00
 7857.25 26.58 25.05 21.93 22.74 22.85 26.03 34.79 40.88 53.10 57.22 69.85 83.65
 7858.25 35.22 33.52 29.93 30.86 30.97 34.63 44.16 50.56 62.90 67.12 79.51 92.97
 7859.25 31.71 30.06 26.58 27.46 27.57 31.16 40.52 46.91 59.27 63.67 76.21 89.95
 7860.25 28.26 26.70 23.39 24.21 24.31 27.75 36.78 43.05 55.27 59.82 72.42 86.39
 7861.25 27.49 25.96 22.71 23.50 23.59 27.01 35.89 42.11 54.18 58.83 71.39 85.43
 7862.25 21.04 19.78 17.08 17.72 17.80 20.66 28.27 33.81 44.85 49.37 61.47 75.42
 7863.25 20.49 19.26 16.62 17.23 17.30 20.13 27.58 33.04 43.87 48.47 60.45 74.40
 7864.25 29.31 27.79 24.41 25.19 25.27 28.89 37.84 44.11 55.90 60.90 73.24 87.31
 7865.25 36.26 34.65 30.99 31.82 31.91 35.83 45.11 51.46 63.05 68.07 80.04 93.72
 7866.25 36.99 35.40 31.72 32.55 32.63 36.58 45.81 52.15 63.58 68.69 80.56 94.22
 7867.25 37.01 35.43 31.74 32.56 32.64 36.63 45.84 52.19 63.53 68.78 80.62 94.34
 7868.25 34.57 33.01 29.35 30.14 30.22 34.22 43.41 49.82 61.21 66.65 78.61 92.57
 7869.25 27.80 26.38 23.03 23.73 23.80 27.49 36.17 42.43 53.69 59.31 71.47 85.86
 7870.25 26.08 24.72 21.49 22.15 22.22 25.81 34.22 40.37 51.41 57.13 69.24 83.71
 7871.25 27.82 26.42 23.05 23.73 23.79 27.56 36.19 42.47 53.54 59.42 71.50 85.99
 7872.25 20.68 19.54 16.81 17.35 17.40 20.48 27.74 33.25 43.24 48.87 60.44 74.80
 7873.25 19.10 18.04 15.48 15.96 16.01 18.93 25.78 31.05 40.59 46.18 57.47 71.70
 7874.25 27.52 26.17 22.83 23.46 23.52 27.32 35.76 41.98 52.65 58.86 70.74 85.34
 7875.25 35.78 34.32 30.57 31.27 31.33 35.59 44.56 50.98 61.61 67.83 79.38 93.55
 7876.25 36.98 35.55 31.78 32.47 32.53 36.83 45.73 52.10 62.59 68.84 80.24 94.33
 7877.25 37.16 35.76 31.98 32.65 32.71 37.05 45.93 52.31 62.75 69.06 80.42 94.57
 7878.25 37.02 35.64 31.85 32.51 32.56 36.94 45.81 52.21 62.65 69.04 80.39 94.62
 7879.25 33.48 32.14 28.41 29.05 29.10 33.44 42.25 48.71 59.25 65.82 77.32 91.86
 7880.25 25.18 24.03 20.80 21.33 21.37 25.18 33.15 39.25 49.46 56.06 67.65 82.58
 7881.25 23.22 22.15 19.09 19.58 19.62 23.25 30.87 36.78 46.72 53.30 64.76 79.73
 7882.25 27.82 26.63 23.19 23.73 23.77 27.89 36.22 42.54 52.91 59.73 71.30 86.30
 7883.25 25.74 24.61 21.34 21.84 21.88 25.84 33.85 40.03 50.20 57.04 68.54 83.65
 7884.25 25.27 24.15 20.93 21.42 21.45 25.39 33.31 39.45 49.52 56.41 67.85 83.01
 7885.25 31.40 30.16 26.55 27.09 27.13 31.56 40.13 46.59 56.88 63.88 75.20 90.13
 7886.25 34.65 33.38 29.67 30.22 30.25 34.84 43.51 49.98 60.15 67.14 78.23 92.96
 7887.25 34.42 33.16 29.46 30.00 30.03 34.63 43.28 49.76 59.89 66.94 77.99 92.78
 7888.25 33.93 32.67 29.00 29.52 29.54 34.16 42.79 49.29 59.41 66.55 77.60 92.49
 7889.25 33.68 32.43 28.78 29.28 29.31 33.94 42.55 49.05 59.13 66.34 77.36 92.31
 7890.25 29.25 28.07 24.65 25.11 25.13 29.52 37.81 44.21 54.21 61.55 72.67 87.93
 7891.25 19.78 18.86 16.27 16.60 16.62 20.01 26.70 32.15 41.00 47.85 58.41 73.50
 7892.25 17.22 16.40 14.09 14.38 14.39 17.44 23.48 28.48 36.69 43.21 53.27 67.97
 7893.25 23.63 22.59 19.64 20.01 20.02 23.92 31.38 37.34 46.74 54.06 64.91 80.35
 7894.25 32.23 31.01 27.50 27.92 27.94 32.60 41.05 47.55 57.39 64.95 75.77 90.99
 7895.25 33.94 32.71 29.16 29.58 29.59 34.33 42.80 49.30 59.03 66.58 77.26 92.34
 7896.25 34.04 32.82 29.27 29.68 29.69 34.46 42.91 49.41 59.10 66.72 77.35 92.48
 7897.25 34.61 33.39 29.83 30.23 30.24 35.06 43.54 50.07 59.73 67.44 78.06 93.26
 7898.25 35.45 34.23 30.67 31.05 31.06 35.92 44.39 50.93 60.53 68.28 78.84 94.03
 7899.25 35.48 34.26 30.71 31.08 31.09 35.97 44.41 50.95 60.51 68.32 78.83 94.06
 7900.25 35.01 33.79 30.28 30.63 30.64 35.52 43.92 50.47 59.97 67.86 78.32 93.59
 7901.25 35.64 34.44 30.94 31.28 31.29 36.18 44.51 51.03 60.41 68.30 78.63 93.81
 7902.25 36.81 35.61 32.13 32.46 32.48 37.37 45.65 52.14 61.41 69.32 79.52 94.64
 7903.25 36.99 35.79 32.31 32.62 32.64 37.57 45.85 52.37 61.62 69.65 79.82 95.02
 7904.25 35.83 34.63 31.16 31.46 31.49 36.44 44.75 51.34 60.63 68.84 79.04 94.41
 7905.25 35.13 33.94 30.49 30.77 30.81 35.77 44.07 50.70 59.99 68.33 78.51 94.01
 7906.25 36.06 34.87 31.43 31.69 31.74 36.72 44.98 51.59 60.79 69.19 79.24 94.71
 7907.25 35.97 34.80 31.37 31.62 31.68 36.66 44.89 51.51 60.65 69.12 79.10 94.63
 7908.25 34.96 33.80 30.41 30.64 30.70 35.67 43.86 50.48 59.59 68.17 78.09 93.72
 7909.25 34.99 33.84 30.47 30.69 30.75 35.73 43.88 50.49 59.55 68.21 78.05 93.76
 7910.25 36.04 34.90 31.53 31.73 31.81 36.82 44.95 51.54 60.56 69.28 79.03 94.79
 7911.25 35.52 34.38 31.02 31.21 31.29 36.32 44.45 51.06 60.10 68.97 78.69 94.63
 7912.25 34.03 32.91 29.58 29.76 29.85 34.87 42.98 49.62 58.71 67.76 77.51 93.70
 7913.25 29.92 28.85 25.69 25.84 25.93 30.75 38.65 45.23 54.33 63.59 73.44 90.05
 7914.25 20.86 20.01 17.53 17.64 17.72 21.55 28.11 33.82 42.05 50.85 60.32 76.96
 7915.25 13.07 12.50 10.85 10.91 10.97 13.55 18.11 22.24 28.44 35.45 43.20 57.69
 7916.25 12.22 11.69 10.15 10.20 10.25 12.69 16.98 20.89 26.77 33.55 40.94 55.05
 7917.25 20.10 19.31 16.94 17.01 17.10 20.84 27.15 32.67 40.65 49.55 58.66 75.39
 7918.25 32.75 31.71 28.50 28.59 28.72 33.75 41.67 48.21 57.19 66.85 76.24 93.11
 7919.25 34.55 33.51 30.25 30.33 30.47 35.59 43.53 50.06 58.99 68.68 77.93 94.75
 7920.25 30.98 29.98 26.84 26.90 27.04 32.02 39.82 46.32 55.27 65.16 74.46 91.62
 7921.25 28.55 27.59 24.58 24.63 24.77 29.59 37.19 43.60 52.50 62.52 71.83 89.26
 7922.25 21.55 20.76 18.28 18.30 18.42 22.45 29.02 34.76 42.98 52.65 61.69 79.25
 7923.25 16.81 16.17 14.14 14.15 14.26 17.58 23.09 28.03 35.29 44.18 52.54 69.45
 7924.25 21.35 20.58 18.14 18.14 18.27 22.29 28.76 34.44 42.58 52.38 61.24 78.94
 7925.25 31.30 30.36 27.27 27.25 27.43 32.49 40.19 46.63 55.51 65.88 74.85 92.54
 7926.25 34.32 33.37 30.19 30.16 30.35 35.56 43.35 49.81 58.66 69.01 77.81 95.38
 7927.25 35.31 34.37 31.20 31.15 31.35 36.58 44.33 50.74 59.55 69.89 78.57 96.10
 7928.25 36.25 35.33 32.17 32.11 32.31 37.54 45.21 51.55 60.27 70.57 79.08 96.54
 7929.25 35.73 34.82 31.68 31.60 31.81 37.04 44.71 51.05 59.81 70.21 78.68 96.29
 7930.25 34.11 33.22 30.10 30.00 30.22 35.46 43.15 49.54 58.42 69.02 77.55 95.48
 7931.25 32.33 31.45 28.38 28.27 28.49 33.68 41.32 47.71 56.66 67.42 75.96 94.18
 7932.25 25.55 24.77 22.07 21.95 22.15 26.80 33.83 39.90 48.63 59.42 67.99 86.70
 7933.25 19.69 19.05 16.82 16.71 16.88 20.77 26.80 32.18 40.17 50.40 58.60 77.18
 7934.25 21.69 21.01 18.61 18.48 18.68 22.86 29.27 34.91 43.25 53.85 62.15 81.02
 7935.25 29.69 28.89 25.98 25.80 26.05 31.11 38.52 44.80 53.78 64.88 73.23 92.08
 7936.25 34.29 33.45 30.40 30.20 30.47 35.78 43.36 49.68 58.65 69.66 77.80 96.36
 7937.25 35.39 34.56 31.51 31.28 31.56 36.90 44.45 50.74 59.67 70.68 78.70 97.25
 7938.25 36.33 35.51 32.47 32.23 32.52 37.87 45.37 51.62 60.51 71.52 79.43 97.98
 7939.25 36.52 35.70 32.67 32.41 32.71 38.07 45.55 51.77 60.66 71.73 79.56 98.18
 7940.25 36.09 35.28 32.27 31.99 32.29 37.66 45.13 51.36 60.28 71.44 79.23 97.99
 7941.25 35.80 34.99 32.00 31.70 32.01 37.39 44.84 51.06 60.00 71.24 78.96 97.85
 7942.25 35.73 34.93 31.95 31.63 31.96 37.34 44.77 50.97 59.93 71.23 78.89 97.88
 7943.25 35.68 34.88 31.91 31.57 31.91 37.31 44.73 50.92 59.89 71.28 78.88 97.98
 7944.25 35.29 34.50 31.54 31.18 31.53 36.94 44.35 50.54 59.55 71.03 78.59 97.84
 7945.25 35.06 34.27 31.33 30.96 31.32 36.73 44.14 50.30 59.33 70.90 78.40 97.77
 7946.25 34.77 33.99 31.06 30.67 31.04 36.45 43.85 49.99 59.04 70.68 78.12 97.61
 7947.25 33.51 32.74 29.85 29.44 29.82 35.20 42.57 48.70 57.80 69.56 76.98 96.67
 7948.25 33.20 32.44 29.57 29.14 29.53 34.91 42.27 48.38 57.49 69.34 76.72 96.52
 7949.25 33.72 32.96 30.09 29.64 30.04 35.45 42.81 48.89 58.01 69.91 77.22 97.07
 7950.25 27.22 26.53 23.92 23.50 23.87 28.84 35.78 41.66 50.69 62.75 70.15 90.58
 7951.25 20.99 20.41 18.23 17.86 18.18 22.39 28.47 33.75 42.16 53.78 60.98 81.48
 7952.25 24.59 23.95 21.52 21.10 21.46 26.16 32.78 38.43 47.30 59.37 66.65 87.35
 7953.25 33.14 32.42 29.61 29.09 29.53 34.94 42.22 48.21 57.37 69.56 76.67 96.89
 7954.25 35.01 34.28 31.46 30.91 31.37 36.84 44.13 50.07 59.19 71.36 78.33 98.43
 7955.25 35.42 34.70 31.88 31.32 31.79 37.27 44.55 50.46 59.57 71.83 78.69 98.83
 7956.25 36.36 35.65 32.84 32.25 32.74 38.22 45.46 51.32 60.39 72.69 79.41 99.53
 7957.25 36.55 35.85 33.06 32.46 32.95 38.43 45.64 51.47 60.51 72.90 79.49 99.63
 7958.25 36.45 35.75 32.98 32.36 32.86 38.34 45.52 51.30 60.33 72.80 79.27 99.43
 7959.25 36.37 35.68 32.92 32.28 32.80 38.28 45.45 51.21 60.25 72.84 79.22 99.46
 7960.25 36.18 35.50 32.76 32.10 32.63 38.11 45.26 51.01 60.05 72.76 79.02 99.33
 7961.25 36.04 35.37 32.64 31.96 32.50 37.99 45.12 50.85 59.90 72.73 78.89 99.28
 7962.25 36.03 35.36 32.65 31.95 32.50 37.99 45.12 50.82 59.87 72.82 78.87 99.33
 7963.25 36.06 35.40 32.70 31.99 32.55 38.04 45.15 50.83 59.88 72.93 78.88 99.40
 7964.25 34.88 34.22 31.53 30.80 31.37 36.88 44.02 49.73 58.88 72.19 78.10 98.92
 7965.25 25.00 24.43 22.13 21.49 21.98 26.78 33.26 38.62 47.53 61.03 66.97 88.66
 7966.25 14.41 14.03 12.54 12.12 12.44 15.60 20.07 23.95 30.78 41.96 47.00 66.85
 7967.25 13.50 13.14 11.74 11.34 11.65 14.63 18.86 22.54 29.07 39.93 44.71 64.17
 7968.25 22.22 21.67 19.58 18.94 19.42 23.88 29.92 34.96 43.56 57.09 62.63 84.54
 7969.25 31.19 30.51 27.95 27.14 27.75 33.21 40.24 45.89 55.21 69.41 74.93 96.78
 7970.25 29.56 28.89 26.40 25.59 26.19 31.58 38.49 44.08 53.41 67.80 73.25 95.38
 7971.25 31.82 31.12 28.57 27.74 28.35 33.92 40.87 46.47 55.79 70.18 75.47 97.45
 7972.25 35.24 34.52 31.93 31.05 31.69 37.41 44.35 49.91 59.15 73.44 78.54100.27
 7973.25 35.95 35.22 32.63 31.74 32.39 38.15 45.05 50.58 59.80 74.18 79.16100.96
 7974.25 35.75 35.01 32.44 31.54 32.18 37.99 44.84 50.36 59.59 74.10 78.98100.90
 7975.25 35.70 34.95 32.39 31.48 32.13 37.97 44.78 50.28 59.54 74.16 78.94100.98
 7976.25 36.27 35.51 32.97 32.03 32.69 38.58 45.33 50.80 60.04 74.74 79.40101.49
 7977.25 35.85 35.09 32.55 31.61 32.27 38.20 44.92 50.37 59.67 74.51 79.09101.35
 7978.25 31.67 30.92 28.46 27.54 28.18 34.02 40.66 46.12 55.57 70.81 75.38 98.23
 7979.25 26.84 26.13 23.86 23.00 23.59 29.07 35.37 40.66 50.01 65.43 69.96 93.34
 7980.25 25.98 25.28 23.06 22.21 22.79 28.21 34.37 39.59 48.89 64.38 68.80 92.33
 7981.25 21.51 20.90 18.95 18.20 18.71 23.52 29.03 33.80 42.55 57.61 61.85 85.42
 7982.25 19.85 19.28 17.45 16.73 17.21 21.78 26.98 31.53 40.01 54.83 58.91 82.43
 7983.25 27.49 26.79 24.52 23.60 24.21 29.87 36.00 41.20 50.60 66.37 70.46 94.17
 7984.25 35.30 34.53 32.04 31.01 31.69 37.89 44.28 49.59 59.03 74.61 78.47101.48
 7985.25 36.56 35.79 33.31 32.26 32.94 39.19 45.52 50.79 60.20 75.78 79.52102.52
 7986.25 36.72 35.95 33.47 32.40 33.09 39.39 45.68 50.92 60.36 76.04 79.68102.79
 7987.25 36.37 35.60 33.11 32.04 32.72 39.07 45.33 50.57 60.05 75.89 79.43102.71
 7988.25 35.56 34.80 32.31 31.22 31.91 38.31 44.55 49.78 59.34 75.37 78.83102.33
 7989.25 34.73 33.96 31.49 30.39 31.07 37.51 43.72 48.95 58.57 74.79 78.17101.89
 7990.25 34.79 34.03 31.56 30.45 31.13 37.61 43.78 48.97 58.61 74.91 78.19101.99
 7991.25 35.34 34.58 32.11 30.98 31.67 38.20 44.32 49.47 59.11 75.46 78.63102.47
 7992.25 35.35 34.59 32.12 30.98 31.66 38.24 44.33 49.46 59.13 75.60 78.66102.63
 7993.25 32.29 31.54 29.13 28.01 28.68 35.17 41.19 46.29 56.05 72.85 75.86100.29
 7994.25 20.09 19.52 17.73 16.89 17.39 22.34 27.14 31.40 40.03 55.92 58.75 83.39
 7995.25 12.72 12.34 11.13 10.56 10.89 14.30 17.67 20.75 27.26 40.11 42.39 64.12
 7996.25 14.54 14.10 12.74 12.09 12.47 16.33 20.07 23.46 30.64 44.63 46.98 70.00
 7997.25 25.58 24.92 22.80 21.77 22.36 28.32 33.72 38.42 47.92 65.02 67.64 92.96
 7998.25 34.08 33.33 30.90 29.69 30.38 37.17 43.02 47.98 57.80 74.95 77.42102.11
 7999.25 34.64 33.89 31.46 30.23 30.92 37.77 43.58 48.50 58.32 75.51 77.87102.58
 8000.25 34.15 33.40 30.99 29.75 30.44 37.31 43.08 47.98 57.82 75.14 77.40102.25
 8001.25 34.70 33.95 31.53 30.27 30.97 37.91 43.65 48.52 58.39 75.82 77.98102.93
 8002.25 35.31 34.56 32.13 30.85 31.56 38.56 44.28 49.13 59.02 76.54 78.60103.66
 8003.25 35.17 34.43 32.00 30.71 31.41 38.46 44.15 48.97 58.89 76.52 78.49103.67
 8004.25 35.04 34.30 31.88 30.57 31.28 38.37 44.01 48.81 58.75 76.50 78.37103.67
 8005.25 35.42 34.67 32.26 30.94 31.64 38.78 44.39 49.17 59.10 76.91 78.68104.03
 8006.25 35.61 34.86 32.46 31.12 31.83 39.00 44.55 49.31 59.21 77.09 78.72104.10
 8007.25 35.61 34.87 32.48 31.13 31.84 39.01 44.50 49.22 59.07 77.03 78.48103.82
 8008.25 36.06 35.32 32.93 31.56 32.27 39.51 44.97 49.68 59.54 77.70 78.96104.42
 8009.25 36.54 35.80 33.40 32.02 32.73 40.04 45.48 50.20 60.09 78.50 79.57105.21
 8010.25 36.51 35.77 33.38 31.98 32.69 40.05 45.46 50.17 60.07 78.69 79.57105.32
 8011.25 36.67 35.93 33.55 32.14 32.85 40.24 45.60 50.29 60.17 78.95 79.63105.43
 8012.25 36.30 35.56 33.19 31.77 32.48 39.91 45.21 49.88 59.75 78.71 79.19105.06
 8013.25 35.52 34.78 32.43 30.99 31.70 39.18 44.43 49.09 59.00 78.20 78.49104.51
 8014.25 33.73 32.98 30.66 29.22 29.92 37.44 42.64 47.33 57.34 76.98 77.08103.53
 8015.25 26.19 25.52 23.45 22.17 22.79 29.63 34.44 38.92 48.73 68.80 68.70 96.08
 8016.25 20.97 20.39 18.62 17.52 18.04 24.02 28.27 32.32 41.45 61.03 60.74 88.20
 8017.25 25.29 24.63 22.62 21.35 21.96 28.77 33.41 37.81 47.54 67.96 67.47 95.09
 8018.25 33.26 32.51 30.23 28.74 29.44 37.19 42.18 46.83 56.89 77.43 76.75103.75
 8019.25 36.12 35.35 33.04 31.52 32.24 40.12 45.06 49.68 59.64 80.09 79.23105.96
 8020.25 36.03 35.26 32.97 31.43 32.14 40.08 44.96 49.56 59.52 80.15 79.10105.89
 8021.25 33.57 32.81 30.55 29.02 29.72 37.66 42.48 47.10 57.15 78.24 76.98104.15
 8022.25 31.15 30.40 28.20 26.69 27.38 35.23 39.96 44.55 54.63 76.11 74.64102.12
 8023.25 32.91 32.15 29.92 28.37 29.07 37.09 41.79 46.38 56.43 77.93 76.29103.49
 8024.25 35.93 35.16 32.90 31.31 32.02 40.20 44.84 49.40 59.36 80.75 78.94105.73
 8025.25 35.58 34.80 32.55 30.95 31.65 39.90 44.50 49.06 59.06 80.72 78.72105.58
 8026.25 28.65 27.93 25.86 24.38 25.02 32.79 37.17 41.63 51.61 73.91 71.65 99.32
 8027.25 17.58 17.06 15.60 14.56 15.00 20.66 23.96 27.47 35.76 56.06 53.76 80.62
 8028.25 14.97 14.51 13.24 12.33 12.72 17.71 20.59 23.71 31.22 50.25 47.90 73.59
 8029.25 21.66 21.05 19.34 18.08 18.61 25.34 29.04 32.99 42.21 64.30 61.50 89.12
 8030.25 29.23 28.48 26.41 24.85 25.49 33.66 37.89 42.37 52.50 75.71 72.66100.26
 8031.25 30.33 29.57 27.47 25.87 26.53 34.87 39.10 43.59 53.77 77.13 73.90101.37
 8032.25 33.25 32.48 30.32 28.64 29.32 37.96 42.18 46.70 56.87 80.18 76.81103.88
 8033.25 34.50 33.72 31.55 29.85 30.53 39.28 43.44 47.94 58.07 81.39 77.86104.69
 8034.25 34.49 33.71 31.55 29.84 30.52 39.32 43.42 47.90 58.04 81.51 77.79104.56
 8035.25 35.77 34.99 32.82 31.09 31.78 40.66 44.69 49.16 59.25 82.78 78.89105.49
 8036.25 35.86 35.08 32.92 31.17 31.86 40.80 44.77 49.24 59.34 83.04 78.97105.54
 8037.25 35.75 34.97 32.81 31.05 31.74 40.76 44.67 49.15 59.28 83.22 78.95105.56
 8038.25 36.35 35.57 33.41 31.64 32.33 41.42 45.26 49.73 59.86 83.92 79.49106.02
 8039.25 36.92 36.14 33.99 32.21 32.89 42.03 45.80 50.25 60.34 84.49 79.88106.29
 8040.25 37.12 36.34 34.20 32.41 33.09 42.29 45.99 50.44 60.53 84.84 80.05106.41
 8041.25 36.88 36.10 33.96 32.16 32.84 42.11 45.75 50.21 60.33 84.87 79.89106.27
 8042.25 36.29 35.51 33.38 31.57 32.25 41.58 45.16 49.62 59.76 84.53 79.36105.75
 8043.25 35.88 35.09 32.97 31.16 31.83 41.21 44.73 49.18 59.34 84.30 78.94105.31
 8044.25 36.19 35.40 33.29 31.46 32.14 41.57 45.02 49.47 59.62 84.71 79.18105.48
 8045.25 36.79 36.00 33.89 32.05 32.73 42.22 45.60 50.04 60.17 85.37 79.67105.88
 8046.25 37.19 36.40 34.30 32.44 33.12 42.68 46.00 50.43 60.57 85.94 80.07106.25
 8047.25 37.14 36.35 34.25 32.37 33.06 42.70 45.97 50.41 60.58 86.19 80.13106.35
 8048.25 36.94 36.15 34.06 32.16 32.85 42.56 45.77 50.21 60.41 86.24 79.98106.21
 8049.25 36.90 36.10 34.02 32.11 32.80 42.57 45.71 50.16 60.36 86.37 79.94106.14
 8050.25 36.93 36.13 34.05 32.13 32.82 42.66 45.74 50.18 60.40 86.60 79.98106.16
 8051.25 35.68 34.88 32.82 30.88 31.58 41.48 44.51 48.98 59.27 85.83 78.99105.31
 8052.25 33.34 32.54 30.51 28.59 29.28 39.16 42.13 46.61 56.98 84.01 76.91103.48
 8053.25 28.48 27.73 25.83 24.04 24.68 34.08 36.90 41.29 51.57 79.12 71.70 98.78
 8054.25 24.70 24.00 22.26 20.61 21.19 29.98 32.59 36.79 46.77 74.39 66.75 94.05
 8055.25 29.39 28.62 26.71 24.87 25.52 35.16 37.87 42.31 52.62 80.51 72.74 99.69
 8056.25 36.01 35.19 33.16 31.16 31.86 42.06 44.78 49.29 59.56 86.96 79.23105.38
 8057.25 37.13 36.30 34.28 32.26 32.97 43.22 45.88 50.37 60.58 88.00 80.13106.11
 8058.25 37.04 36.20 34.19 32.15 32.87 43.18 45.77 50.27 60.48 88.10 80.04105.98
 8059.25 37.15 36.30 34.30 32.24 32.96 43.32 45.85 50.35 60.54 88.38 80.08105.95
 8060.25 37.26 36.41 34.41 32.35 33.07 43.48 45.95 50.47 60.65 88.82 80.19106.02
 8061.25 37.13 36.27 34.28 32.19 32.92 43.40 45.82 50.35 60.54 89.11 80.13105.96
 8062.25 35.06 34.19 32.22 30.14 30.86 41.38 43.74 48.32 58.60 87.84 78.41104.46
 8063.25 26.13 25.34 23.62 21.80 22.43 31.92 34.07 38.42 48.46 78.56 68.49 95.37
 8064.25 19.80 19.15 17.74 16.25 16.76 24.74 26.55 30.37 39.43 68.63 58.42 85.01
 8065.25 23.21 22.47 20.89 19.19 19.77 28.72 30.66 34.82 44.51 75.03 64.27 91.13
 8066.25 32.98 32.08 30.17 28.07 28.80 39.43 41.55 46.17 56.50 87.50 76.55102.77
 8067.25 36.95 36.03 34.09 31.91 32.66 43.50 45.57 50.18 60.39 91.15 80.08105.77
 8068.25 36.89 35.96 34.03 31.83 32.59 43.49 45.49 50.11 60.32 91.44 80.03105.69
 8069.25 36.84 35.91 33.99 31.78 32.54 43.48 45.43 50.05 60.25 91.69 79.95105.54
 8070.25 37.10 36.16 34.25 32.03 32.80 43.78 45.66 50.28 60.45 92.15 80.11105.61
 8071.25 37.58 36.63 34.72 32.49 33.26 44.30 46.12 50.75 60.90 92.91 80.54105.98
 8072.25 37.89 36.93 35.03 32.78 33.55 44.65 46.42 51.05 61.20 93.55 80.84106.25
 8073.25 37.94 36.97 35.08 32.81 33.59 44.75 46.46 51.10 61.25 93.94 80.90106.28
 8074.25 37.76 36.78 34.90 32.61 33.40 44.61 46.26 50.92 61.08 94.14 80.76106.12
 8075.25 37.40 36.41 34.55 32.24 33.03 44.31 45.90 50.58 60.75 94.19 80.46105.82
 8076.25 36.67 35.67 33.81 31.49 32.29 43.64 45.18 49.88 60.10 94.02 79.91105.32
 8077.25 36.68 35.68 33.82 31.49 32.29 43.70 45.18 49.90 60.13 94.41 79.96105.35
 8078.25 36.81 35.80 33.96 31.61 32.41 43.87 45.30 50.02 60.24 94.82 80.05105.38
 8079.25 35.47 34.45 32.62 30.26 31.06 42.58 43.95 48.70 58.99 94.14 78.95104.36
 8080.25 35.86 34.83 33.01 30.63 31.44 43.01 44.33 49.08 59.36 94.77 79.28104.54
 8081.25 37.47 36.44 34.62 32.22 33.03 44.65 45.89 50.63 60.81 96.24 80.56105.50
 8082.25 37.84 36.80 34.99 32.58 33.39 45.05 46.24 50.97 61.14 96.84 80.86105.64
 8083.25 37.65 36.61 34.80 32.38 33.19 44.92 46.05 50.80 60.99 97.05 80.73105.43
 8084.25 37.21 36.16 34.36 31.93 32.74 44.52 45.59 50.36 60.55 96.97 80.32104.92
 8085.25 36.61 35.55 33.76 31.33 32.14 43.96 44.98 49.75 59.97 96.76 79.77104.27
 8086.25 35.28 34.21 32.43 30.00 30.80 42.69 43.66 48.48 58.78 96.25 78.78103.39
 8087.25 34.19 33.11 31.35 28.93 29.72 41.64 42.56 47.40 57.77 95.85 77.92102.59
 8088.25 35.31 34.23 32.46 30.01 30.80 42.83 43.68 48.52 58.85 97.05 78.90103.32
 8089.25 37.38 36.28 34.52 32.04 32.84 44.91 45.70 50.51 60.73 98.80 80.54104.57
 8090.25 37.95 36.85 35.09 32.61 33.41 45.49 46.22 51.02 61.19 99.39 80.90104.71
 8091.25 38.01 36.89 35.15 32.65 33.45 45.59 46.26 51.07 61.25 99.77 80.96104.66
 8092.25 38.17 37.04 35.30 32.80 33.59 45.80 46.41 51.24 61.42100.28 81.15104.74
 8093.25 37.99 36.85 35.12 32.61 33.40 45.66 46.22 51.06 61.24100.44 80.99104.48
 8094.25 36.38 35.23 33.51 31.00 31.78 44.12 44.62 49.49 59.76 99.57 79.68103.20
 8095.25 31.76 30.63 28.97 26.54 27.29 39.42 39.87 44.76 55.14 96.14 75.47 99.41
 8096.25 30.37 29.25 27.63 25.25 25.98 37.96 38.38 43.25 53.62 95.11 74.01 97.96
 8097.25 34.39 33.22 31.54 29.02 29.79 42.13 42.58 47.49 57.85 99.01 77.98101.38
 8098.25 37.29 36.10 34.41 31.85 32.63 44.98 45.45 50.35 60.58101.45 80.41103.35
 8099.25 37.84 36.64 34.95 32.38 33.16 45.46 45.98 50.87 61.08102.18 80.87103.66
 8100.25 37.76 36.55 34.87 32.28 33.06 45.34 45.90 50.82 61.04102.53 80.88103.59
 8101.25 37.53 36.31 34.63 32.04 32.82 45.05 45.65 50.59 60.82102.65 80.68103.28
 8102.25 36.99 35.76 34.10 31.50 32.27 44.47 45.11 50.08 60.34102.59 80.26102.80
 8103.25 33.30 32.08 30.46 27.91 28.66 40.67 41.36 46.36 56.74100.10 77.04 99.88
 8104.25 27.12 25.98 24.52 22.21 22.89 33.96 34.66 39.48 49.67 94.05 70.13 93.38
 8105.25 27.24 26.10 24.64 22.32 22.99 34.04 34.78 39.62 49.82 94.51 70.28 93.40
 8106.25 33.15 31.89 30.32 27.72 28.48 40.33 41.16 46.20 56.58100.90 76.90 99.39
 8107.25 36.18 34.90 33.31 30.64 31.41 43.35 44.22 49.26 59.53103.43 79.53101.53
 8108.25 36.93 35.64 34.07 31.38 32.15 44.04 44.94 49.98 60.20104.20 80.11101.88
 8109.25 37.16 35.86 34.29 31.58 32.36 44.21 45.16 50.22 60.43104.74 80.35102.01
 8110.25 37.17 35.86 34.31 31.58 32.36 44.16 45.15 50.23 60.45105.05 80.38101.92
 8111.25 37.31 36.00 34.46 31.71 32.49 44.25 45.28 50.37 60.58105.34 80.51101.92
 8112.25 37.31 35.99 34.46 31.70 32.48 44.17 45.25 50.34 60.53105.13 80.41101.66
 8113.25 37.15 35.83 34.32 31.56 32.33 43.93 45.04 50.13 60.27104.52 80.08101.11
 8114.25 37.40 36.07 34.57 31.79 32.57 44.12 45.28 50.37 60.50104.55 80.32101.21
 8115.25 37.87 36.51 35.02 32.21 32.99 44.56 45.76 50.90 61.07105.13 80.99101.85
 8116.25 38.03 36.66 35.18 32.34 33.13 44.67 45.92 51.09 61.28105.24 81.25102.02
 8117.25 38.00 36.62 35.15 32.30 33.08 44.57 45.86 51.03 61.21104.94 81.18101.80
 8118.25 38.03 36.63 35.18 32.32 33.11 44.51 45.84 51.01 61.15104.54 81.06101.48
 8119.25 38.17 36.76 35.32 32.45 33.23 44.58 45.95 51.13 61.25104.41 81.16101.43
 8120.25 38.21 36.78 35.36 32.47 33.25 44.55 45.96 51.15 61.27104.22 81.18101.31
 8121.25 37.99 36.55 35.14 32.24 33.02 44.24 45.70 50.90 61.00103.70 80.90100.86
 8122.25 37.82 36.37 34.97 32.06 32.84 44.01 45.51 50.72 60.80103.27 80.70100.52
 8123.25 37.81 36.34 34.96 32.03 32.81 43.94 45.49 50.71 60.81103.14 80.75100.45
 8124.25 37.72 36.22 34.85 31.90 32.68 43.79 45.40 50.65 60.78103.07 80.81100.45
 8125.25 37.57 36.06 34.70 31.74 32.52 43.57 45.23 50.49 60.62102.71 80.65100.16
 8126.25 37.81 36.29 34.94 31.96 32.74 43.75 45.46 50.72 60.84102.68 80.85100.21
 8127.25 38.09 36.55 35.21 32.21 32.99 43.96 45.72 51.00 61.14102.81 81.17100.41
 8128.25 37.75 36.19 34.86 31.84 32.62 43.58 45.40 50.70 60.91102.56 81.04100.23
 8129.25 37.10 35.53 34.22 31.20 31.97 42.83 44.70 49.99 60.17101.51 80.25 99.26
 8130.25 36.85 35.28 34.00 30.99 31.76 42.46 44.36 49.61 59.70100.41 79.58 98.25
 8131.25 37.55 35.96 34.69 31.66 32.42 43.10 45.06 50.31 60.41100.90 80.28 98.82
 8132.25 37.59 35.98 34.72 31.67 32.43 43.10 45.10 50.38 60.51100.92 80.44 98.91
 8133.25 36.30 34.69 33.46 30.44 31.19 41.66 43.70 48.93 58.97 98.78 78.71 96.86
 8134.25 35.70 34.10 32.89 29.88 30.62 40.96 43.04 48.24 58.22 97.58 77.85 95.75
 8135.25 36.70 35.06 33.85 30.80 31.55 41.93 44.06 49.29 59.33 98.64 79.04 96.89
 8136.25 37.34 35.67 34.46 31.36 32.12 42.55 44.76 50.04 60.18 99.62 80.05 97.94
 8137.25 37.33 35.63 34.42 31.29 32.05 42.51 44.79 50.13 60.37 99.96 80.43 98.39
 8138.25 37.30 35.58 34.37 31.22 31.99 42.43 44.77 50.14 60.43 99.98 80.58 98.53
 8139.25 36.80 35.08 33.87 30.75 31.51 41.83 44.22 49.57 59.82 98.99 79.88 97.68
 8140.25 34.51 32.80 31.61 28.56 29.31 39.38 41.81 47.13 57.33 96.18 77.34 95.01
 8141.25 32.04 30.35 29.18 26.23 26.95 36.73 39.22 44.50 54.70 93.50 74.78 92.46
 8142.25 33.52 31.78 30.59 27.58 28.32 38.18 40.78 46.10 56.36 94.99 76.48 94.09
 8143.25 36.43 34.64 33.42 30.34 31.10 41.06 43.75 49.11 59.36 97.56 79.37 96.80
 8144.25 37.70 35.87 34.65 31.56 32.34 42.24 45.00 50.35 60.57 98.39 80.49 97.77
 8145.25 38.16 36.30 35.08 31.99 32.77 42.61 45.45 50.81 61.04 98.67 80.97 98.19
 8146.25 37.86 36.00 34.79 31.73 32.51 42.20 45.09 50.42 60.58 97.72 80.36 97.37
 8147.25 36.14 34.27 33.07 30.05 30.82 40.36 43.32 48.63 58.80 95.70 78.57 95.49
 8148.25 31.86 30.02 28.87 25.98 26.71 35.90 38.89 44.18 54.40 91.55 74.40 91.48
 8149.25 30.14 28.32 27.19 24.38 25.10 34.02 37.06 42.31 52.51 89.62 72.59 89.69
 8150.25 33.90 31.98 30.79 27.82 28.59 37.84 41.05 46.42 56.77 93.68 76.90 93.89
 8151.25 37.71 35.72 34.51 31.45 32.25 41.63 44.94 50.33 60.67 97.12 80.66 97.47
 8152.25 37.90 35.91 34.71 31.69 32.49 41.68 45.03 50.36 60.57 96.33 80.29 96.81
 8153.25 37.26 35.27 34.08 31.10 31.89 40.90 44.30 49.56 59.68 94.84 79.20 95.46
 8154.25 36.65 34.66 33.49 30.55 31.33 40.16 43.59 48.80 58.81 93.37 78.11 94.11
 8155.25 37.40 35.36 34.17 31.20 32.00 40.87 44.43 49.71 59.87 94.67 79.43 95.57
 8156.25 38.58 36.48 35.27 32.24 33.06 42.02 45.72 51.09 61.45 96.65 81.35 97.70
 8157.25 38.28 36.18 34.98 31.99 32.80 41.61 45.35 50.68 60.95 95.62 80.67 96.80
 8158.25 37.94 35.83 34.64 31.67 32.48 41.15 44.94 50.24 60.46 94.69 80.06 96.01
 8159.25 38.66 36.50 35.29 32.28 33.11 41.83 45.76 51.13 61.51 96.02 81.39 97.50
 8160.25 38.29 36.11 34.92 31.92 32.76 41.34 45.33 50.68 61.02 95.15 80.80 96.75
 8161.25 36.15 34.04 32.89 30.02 30.83 39.01 42.91 48.07 58.05 90.73 77.12 92.41
 8162.25 35.27 33.17 32.04 29.21 30.02 37.99 41.93 47.02 56.88 88.91 75.71 90.72
 8163.25 36.50 34.32 33.17 30.27 31.11 39.19 43.29 48.48 58.57 91.04 77.78 93.03
 8164.25 36.25 34.08 32.94 30.07 30.90 38.83 42.96 48.11 58.10 90.03 77.12 92.14
 8165.25 36.98 34.75 33.59 30.68 31.53 39.50 43.78 49.01 59.17 91.33 78.48 93.66
 8166.25 38.53 36.21 35.01 32.01 32.90 41.04 45.52 50.91 61.38 94.26 81.27 96.83
 8167.25 38.83 36.48 35.28 32.26 33.16 41.26 45.84 51.25 61.78 94.53 81.74 97.29
 8168.25 37.78 35.46 34.28 31.33 32.22 40.07 44.63 49.94 60.28 92.14 79.84 95.01
 8169.25 36.20 33.92 32.79 29.94 30.81 38.33 42.82 47.97 58.00 88.63 76.96 91.59
 8170.25 36.68 34.36 33.22 30.35 31.22 38.72 43.33 48.53 58.65 89.27 77.76 92.43
 8171.25 38.69 36.27 35.08 32.10 33.03 40.72 45.57 50.94 61.42 92.83 81.17 96.29
 8172.25 39.36 36.88 35.68 32.67 33.61 41.32 46.30 51.75 62.37 93.92 82.36 97.59
 8173.25 39.16 36.66 35.46 32.45 33.40 41.03 46.10 51.56 62.21 93.53 82.21 97.39
 8174.25 39.06 36.54 35.33 32.34 33.29 40.83 45.97 51.43 62.08 93.11 82.06 97.16
 8175.25 38.88 36.35 35.15 32.17 33.13 40.55 45.73 51.17 61.75 92.37 81.63 96.57
 8176.25 37.47 35.00 33.82 30.94 31.87 39.00 44.11 49.39 59.67 89.21 79.02 93.47
 8177.25 35.98 33.57 32.42 29.64 30.55 37.37 42.39 47.52 57.46 85.88 76.25 90.19
 8178.25 36.31 33.86 32.69 29.91 30.83 37.61 42.74 47.91 57.87 86.24 76.80 90.75
 8179.25 37.61 35.07 33.87 31.02 31.97 38.84 44.18 49.47 59.64 88.48 79.07 93.28
 8180.25 38.80 36.18 34.94 32.03 33.02 39.96 45.49 50.91 61.28 90.54 81.16 95.63
 8181.25 38.41 35.79 34.56 31.67 32.66 39.48 45.05 50.43 60.70 89.56 80.49 94.80
 8182.25 38.10 35.47 34.23 31.37 32.36 39.09 44.69 50.07 60.28 88.81 80.04 94.22
 8183.25 39.00 36.31 35.04 32.14 33.16 39.94 45.68 51.14 61.48 90.22 81.58 95.91
 8184.25 39.62 36.89 35.60 32.68 33.72 40.50 46.33 51.83 62.21 90.93 82.48 96.85
 8185.25 39.26 36.52 35.23 32.34 33.38 40.06 45.90 51.38 61.67 89.99 81.85 96.06
 8186.25 38.38 35.65 34.37 31.53 32.57 39.11 44.93 50.34 60.49 88.27 80.48 94.45
 8187.25 38.64 35.87 34.58 31.72 32.78 39.29 45.20 50.66 60.83 88.55 80.98 94.96
 8188.25 38.33 35.57 34.27 31.45 32.51 38.92 44.82 50.23 60.30 87.56 80.30 94.10
 8189.25 36.48 33.75 32.47 29.72 30.77 36.99 42.84 48.18 58.07 84.72 77.84 91.36
 8190.25 35.71 32.90 31.60 28.81 29.88 36.16 42.21 47.71 57.88 85.17 78.33 92.22
 8191.25 37.13 34.24 32.90 30.06 31.17 37.52 43.71 49.30 59.59 87.01 80.34 94.34
 8192.25 38.07 35.21 33.88 31.07 32.18 38.38 44.51 49.98 60.00 86.53 80.28 93.88
 8193.25 37.81 34.96 33.64 30.88 31.99 38.05 44.13 49.53 59.36 85.24 79.36 92.68
 8194.25 39.12 36.19 34.84 32.02 33.17 39.29 45.56 51.06 61.05 87.21 81.48 95.02
 8195.25 39.77 36.78 35.40 32.55 33.73 39.88 46.27 51.85 61.95 88.22 82.68 96.35
 8196.25 37.99 35.00 33.62 30.81 31.98 38.03 44.45 50.03 60.11 86.17 80.89 94.51
 8197.25 34.75 31.84 30.50 27.81 28.95 34.72 41.01 46.45 56.31 81.67 76.75 90.09
 8198.25 35.40 32.47 31.12 28.43 29.58 35.30 41.62 47.04 56.82 81.77 77.16 90.36
 8199.25 38.23 35.22 33.84 31.08 32.28 38.06 44.51 49.98 59.78 84.60 80.23 93.46
 8200.25 39.02 36.00 34.61 31.86 33.07 38.78 45.26 50.70 60.43 84.88 80.80 93.93
 8201.25 39.49 36.42 35.01 32.23 33.47 39.18 45.78 51.28 61.08 85.54 81.70 94.92
 8202.25 39.97 36.83 35.39 32.58 33.85 39.59 46.34 51.92 61.85 86.45 82.82 96.20
 8203.25 40.05 36.88 35.42 32.60 33.90 39.60 46.42 52.03 61.97 86.44 83.07 96.46
 8204.25 39.93 36.73 35.27 32.46 33.76 39.40 46.27 51.88 61.79 86.01 82.92 96.26
 8205.25 39.86 36.65 35.18 32.37 33.69 39.26 46.19 51.80 61.70 85.69 82.88 96.18
 8206.25 39.89 36.65 35.16 32.36 33.69 39.22 46.21 51.84 61.73 85.53 82.99 96.29
 8207.25 39.89 36.62 35.13 32.32 33.68 39.15 46.20 51.83 61.70 85.27 83.02 96.28
 8208.25 39.76 36.47 34.98 32.18 33.54 38.95 46.04 51.67 61.51 84.82 82.84 96.05
 8209.25 39.04 35.75 34.26 31.47 32.84 38.16 45.29 50.91 60.72 83.75 82.07 95.21
 8210.25 38.74 35.43 33.94 31.15 32.54 37.79 44.96 50.57 60.35 83.12 81.72 94.81
 8211.25 39.10 35.77 34.28 31.50 32.89 38.08 45.27 50.86 60.57 82.99 81.87 94.87
 8212.25 39.43 36.10 34.61 31.83 33.24 38.35 45.56 51.13 60.76 82.82 82.00 94.89
 8213.25 39.98 36.61 35.11 32.31 33.74 38.82 46.13 51.72 61.38 83.29 82.76 95.67
 8214.25 40.27 36.87 35.36 32.55 34.00 39.03 46.42 52.02 61.68 83.40 83.14 96.05
 8215.25 40.17 36.74 35.22 32.41 33.87 38.85 46.31 51.93 61.58 83.12 83.14 96.04
 8216.25 39.67 36.22 34.70 31.89 33.37 38.29 45.82 51.44 61.09 82.47 82.73 95.61
 8217.25 39.08 35.64 34.14 31.35 32.83 37.64 45.14 50.70 60.23 81.27 81.69 94.40
 8218.25 38.99 35.56 34.07 31.31 32.78 37.49 44.99 50.49 59.90 80.64 81.20 93.74
 8219.25 39.92 36.43 34.92 32.12 33.63 38.33 45.97 51.52 61.00 81.87 82.55 95.18
 8220.25 40.19 36.67 35.14 32.33 33.86 38.52 46.24 51.81 61.30 82.16 82.96 95.59
 8221.25 39.86 36.35 34.83 32.04 33.58 38.14 45.86 51.38 60.78 81.40 82.30 94.80
 8222.25 40.04 36.51 34.99 32.19 33.75 38.25 46.02 51.55 60.92 81.45 82.48 94.94
 8223.25 39.94 36.39 34.87 32.09 33.65 38.08 45.88 51.39 60.70 81.09 82.24 94.61
 8224.25 39.32 35.78 34.27 31.50 33.07 37.42 45.22 50.69 59.94 80.14 81.41 93.66
 8225.25 38.69 35.13 33.62 30.85 32.44 36.74 44.58 50.05 59.29 79.45 80.84 93.06
 8226.25 37.31 33.82 32.34 29.65 31.21 35.36 43.04 48.38 57.39 77.00 78.48 90.37
 8227.25 35.43 32.09 30.68 28.11 29.61 33.53 40.88 45.96 54.54 73.14 74.66 85.95
 8228.25 34.59 31.32 29.95 27.45 28.92 32.69 39.88 44.82 53.15 71.14 72.75 83.67
 8229.25 36.94 33.51 32.08 29.47 31.03 34.91 42.42 47.54 56.16 74.72 76.51 87.79
 8230.25 38.28 34.75 33.27 30.59 32.21 36.16 43.87 49.12 57.93 76.84 78.79 90.29
 8231.25 37.46 33.94 32.48 29.83 31.44 35.31 42.99 48.18 56.89 75.55 77.60 88.95
 8232.25 38.49 34.87 33.37 30.65 32.32 36.24 44.15 49.47 58.41 77.45 79.68 91.28
 8233.25 39.37 35.67 34.14 31.38 33.08 37.04 45.11 50.51 59.57 78.82 81.22 92.95
 8234.25 39.30 35.57 34.04 31.28 33.00 36.92 45.02 50.42 59.47 78.64 81.16 92.84
 8235.25 40.03 36.22 34.66 31.86 33.62 37.56 45.83 51.31 60.49 79.85 82.54 94.36
 8236.25 40.50 36.65 35.08 32.27 34.05 37.97 46.30 51.79 60.99 80.32 83.15 94.96
 8237.25 40.49 36.63 35.06 32.26 34.05 37.91 46.26 51.74 60.89 80.08 83.03 94.76
 8238.25 40.64 36.74 35.16 32.35 34.16 38.00 46.42 51.92 61.11 80.29 83.38 95.11
 8239.25 40.69 36.76 35.18 32.37 34.20 37.99 46.45 51.95 61.12 80.21 83.43 95.12
 8240.25 40.61 36.67 35.08 32.28 34.11 37.87 46.36 51.85 61.00 79.98 83.34 94.97
 8241.25 40.75 36.77 35.18 32.37 34.22 37.94 46.50 52.00 61.17 80.12 83.61 95.23
 8242.25 39.83 35.87 34.29 31.51 33.35 37.00 45.51 50.98 60.06 78.77 82.36 93.83
 8243.25 37.52 33.61 32.06 29.35 31.17 34.69 43.10 48.49 57.45 75.85 79.53 90.82
 8244.25 37.75 33.76 32.19 29.45 31.30 34.83 43.39 48.87 57.93 76.52 80.39 91.81
 8245.25 39.93 35.84 34.23 31.42 33.33 36.90 45.64 51.21 60.37 79.08 83.13 94.64
 8246.25 40.68 36.56 34.94 32.12 34.05 37.59 46.39 51.96 61.10 79.72 83.90 95.36
 8247.25 40.74 36.59 34.97 32.15 34.09 37.59 46.43 52.01 61.13 79.66 83.98 95.39
 8248.25 40.35 36.17 34.55 31.73 33.69 37.15 46.04 51.64 60.77 79.26 83.73 95.12
 8249.25 39.11 34.90 33.28 30.47 32.43 35.84 44.80 50.44 59.61 78.15 82.78 94.21
 8250.25 38.74 34.51 32.88 30.09 32.05 35.42 44.42 50.07 59.24 77.72 82.50 93.91
 8251.25 39.90 35.65 34.02 31.22 33.20 36.53 45.53 51.15 60.22 78.44 83.31 94.56
 8252.25 40.49 36.25 34.63 31.85 33.83 37.10 46.04 51.60 60.55 78.43 83.38 94.46
 8253.25 40.71 36.45 34.83 32.04 34.04 37.27 46.25 51.81 60.72 78.50 83.57 94.60
 8254.25 41.16 36.86 35.23 32.43 34.46 37.65 46.71 52.30 61.23 78.99 84.22 95.26
 8255.25 40.67 36.38 34.77 31.99 34.01 37.14 46.15 51.70 60.53 78.03 83.34 94.24
 8256.25 38.86 34.65 33.06 30.36 32.34 35.35 44.22 49.67 58.31 75.40 80.75 91.41
 8257.25 38.46 34.18 32.58 29.86 31.87 34.86 43.86 49.37 58.10 75.32 80.87 91.62
 8258.25 39.91 35.54 33.91 31.14 33.20 36.21 45.38 50.97 59.79 77.12 82.88 93.71
 8259.25 40.60 36.24 34.62 31.86 33.92 36.87 46.01 51.53 60.23 77.27 83.09 93.77
 8260.25 40.89 36.50 34.88 32.12 34.19 37.10 46.30 51.81 60.49 77.42 83.38 94.02
 8261.25 41.39 36.93 35.29 32.50 34.60 37.51 46.86 52.41 61.16 78.17 84.33 95.04
 8262.25 41.20 36.72 35.08 32.30 34.40 37.27 46.67 52.21 60.93 77.83 84.12 94.78
 8263.25 40.78 36.31 34.68 31.92 34.02 36.83 46.20 51.69 60.33 77.00 83.38 93.91
 8264.25 41.15 36.64 35.00 32.23 34.34 37.13 46.59 52.09 60.73 77.36 83.90 94.43
 8265.25 41.69 37.13 35.47 32.68 34.81 37.58 47.17 52.69 61.37 78.01 84.73 95.29
 8266.25 41.84 37.25 35.59 32.79 34.93 37.68 47.34 52.86 61.53 78.11 84.98 95.52
 8267.25 41.73 37.11 35.44 32.65 34.79 37.52 47.22 52.74 61.41 77.90 84.91 95.42
 8268.25 41.69 37.05 35.38 32.59 34.74 37.45 47.18 52.69 61.32 77.71 84.85 95.31
 8269.25 41.75 37.09 35.42 32.64 34.79 37.47 47.23 52.72 61.32 77.62 84.85 95.25
 8270.25 41.62 36.95 35.28 32.50 34.65 37.31 47.11 52.58 61.16 77.41 84.72 95.08
 8271.25 40.88 36.22 34.56 31.82 33.95 36.57 46.32 51.74 60.24 76.34 83.67 93.91
 8272.25 40.49 35.84 34.20 31.50 33.61 36.18 45.89 51.25 59.66 75.58 82.92 93.03
 8273.25 40.42 35.77 34.14 31.45 33.55 36.09 45.78 51.11 59.44 75.23 82.60 92.61
 8274.25 39.66 35.05 33.44 30.81 32.87 35.36 44.95 50.19 58.39 73.93 81.27 91.10
 8275.25 40.33 35.64 34.03 31.37 33.46 35.95 45.68 50.96 59.22 74.87 82.35 92.24
 8276.25 40.64 35.90 34.28 31.62 33.72 36.20 46.00 51.29 59.56 75.22 82.80 92.68
 8277.25 40.68 35.88 34.25 31.58 33.69 36.17 46.08 51.40 59.74 75.49 83.21 93.12
 8278.25 39.87 35.00 33.37 30.69 32.80 35.28 45.34 50.72 59.17 75.10 83.02 93.02
 8279.25 33.89 29.22 27.68 25.19 27.16 29.47 39.20 44.49 52.89 68.90 77.04 87.11
 8280.25 26.04 21.97 20.67 18.58 20.23 22.18 30.77 35.61 43.51 59.09 67.34 77.45
 8281.25 25.73 21.68 20.40 18.34 19.97 21.88 30.42 35.20 43.03 58.44 66.74 76.71
 8282.25 26.96 22.76 21.45 19.32 21.01 22.96 31.76 36.62 44.54 59.97 68.37 78.21
 8283.25 21.67 18.06 16.96 15.18 16.59 18.23 25.86 30.18 37.40 51.96 60.25 69.94
 8284.25 20.79 17.27 16.20 14.50 15.85 17.42 24.86 29.07 36.14 50.49 58.84 68.44
 8285.25 28.22 23.80 22.44 20.25 22.00 23.98 33.19 38.19 46.34 62.12 71.12 81.05
 8286.25 36.99 31.92 30.35 27.77 29.84 32.12 42.46 47.81 56.30 72.14 81.10 90.70
 8287.25 34.93 30.02 28.52 26.04 28.03 30.21 40.23 45.41 53.67 69.09 77.96 87.29
 8288.25 26.94 22.64 21.36 19.27 20.94 22.79 31.70 36.45 44.23 59.19 68.11 77.38
 8289.25 24.30 20.25 19.06 17.14 18.68 20.38 28.80 33.34 40.87 55.59 64.63 73.91
 8290.25 18.95 15.61 14.66 13.12 14.35 15.71 22.72 26.56 33.13 46.40 54.95 63.74
 8291.25 18.18 14.94 14.02 12.54 13.73 15.03 21.83 25.55 31.97 44.96 53.51 62.16
 8292.25 26.97 22.53 21.26 19.19 20.86 22.65 31.79 36.53 44.48 59.66 69.33 78.65
 8293.25 35.62 30.47 28.97 26.49 28.50 30.60 41.00 46.13 54.51 69.84 79.47 88.47
 8294.25 38.95 33.78 32.28 29.76 31.81 33.90 44.26 49.24 57.37 72.07 81.42 89.98
 8295.25 41.24 35.97 34.45 31.89 33.97 36.08 46.58 51.56 59.73 74.44 83.94 92.45
 8296.25 41.45 36.02 34.47 31.88 33.99 36.12 46.88 51.94 60.31 75.30 85.12 93.76
 8297.25 34.07 28.80 27.35 24.94 26.91 28.89 39.35 44.38 52.87 68.26 78.56 87.47
 8298.25 25.55 21.05 19.86 17.90 19.50 21.12 30.13 34.62 42.45 57.19 67.49 76.35
 8299.25 25.48 20.95 19.77 17.83 19.41 21.01 30.01 34.45 42.24 56.83 67.16 75.88
 8300.25 20.37 16.56 15.59 14.01 15.30 16.60 24.18 27.97 34.79 47.88 57.55 65.68
 8301.25 16.47 13.26 12.46 11.16 12.22 13.29 19.67 22.88 28.81 40.44 49.39 56.91
 8302.25 23.37 19.03 17.95 16.17 17.62 19.06 27.53 31.64 39.04 52.92 63.30 71.64
 8303.25 36.37 30.65 29.19 26.75 28.74 30.68 41.53 46.41 54.90 69.82 80.62 88.92
 8304.25 36.87 31.15 29.71 27.29 29.26 31.17 41.92 46.68 54.99 69.47 80.07 88.06
 8305.25 36.88 31.12 29.69 27.28 29.24 31.13 41.88 46.58 54.85 69.20 79.85 87.72
 8306.25 39.57 33.58 32.10 29.60 31.63 33.58 44.69 49.46 57.90 72.45 83.38 91.30
 8307.25 41.06 34.93 33.43 30.89 32.95 34.91 46.20 50.98 59.48 74.08 85.19 93.08
 8308.25 42.40 36.22 34.71 32.16 34.22 36.18 47.51 52.23 60.69 75.16 86.31 94.09
 8309.25 43.03 36.81 35.30 32.75 34.81 36.76 48.11 52.77 61.21 75.57 86.79 94.49
 8310.25 42.57 36.29 34.79 32.25 34.30 36.23 47.61 52.24 60.69 75.00 86.32 93.95
 8311.25 38.34 32.12 30.66 28.20 30.18 32.05 43.33 47.92 56.42 70.82 82.39 90.06
 8312.25 28.04 22.64 21.43 19.41 21.03 22.58 32.47 36.65 44.68 58.76 70.53 78.30
 8313.25 25.32 20.24 19.12 17.26 18.75 20.17 29.49 33.44 41.18 54.91 66.70 74.41
 8314.25 33.83 27.71 26.34 24.04 25.89 27.61 38.62 43.03 51.52 65.93 78.07 85.75
 8315.25 41.98 35.45 33.97 31.44 33.46 35.33 46.89 51.34 59.80 73.83 85.68 93.03
 8316.25 42.80 36.27 34.81 32.29 34.30 36.14 47.64 52.00 60.36 74.16 85.96 93.17
 8317.25 42.62 36.07 34.62 32.11 34.11 35.93 47.41 51.71 60.03 73.71 85.55 92.67
 8318.25 42.18 35.60 34.16 31.66 33.64 35.45 46.94 51.18 59.49 73.08 85.00 92.04
 8319.25 41.30 34.57 33.12 30.60 32.59 34.40 46.11 50.41 58.88 72.70 84.97 92.10
 8320.25 39.06 32.36 30.94 28.47 30.42 32.19 43.82 48.07 56.54 70.33 82.72 89.81
 8321.25 38.47 31.88 30.50 28.08 29.98 31.70 43.09 47.18 55.43 68.81 80.95 87.79
 8322.25 41.35 34.57 33.16 30.67 32.62 34.37 46.00 50.11 58.42 71.84 84.14 90.96
 8323.25 43.64 36.66 35.23 32.67 34.67 36.45 48.36 52.50 60.96 74.58 87.16 94.04
 8324.25 43.95 36.89 35.45 32.88 34.88 36.66 48.66 52.78 61.28 74.94 87.64 94.50
 8325.25 43.91 36.77 35.34 32.76 34.77 36.53 48.57 52.66 61.15 74.80 87.57 94.37
 8326.25 44.26 37.03 35.61 33.04 35.03 36.79 48.83 52.87 61.31 74.92 87.72 94.44
 8327.25 44.56 37.23 35.81 33.24 35.23 36.97 49.05 53.04 61.44 75.04 87.89 94.55
 8328.25 44.63 37.21 35.81 33.24 35.22 36.94 49.01 52.96 61.30 74.86 87.73 94.31
 8329.25 44.46 37.00 35.62 33.07 35.03 36.72 48.72 52.59 60.83 74.25 87.07 93.53
 8330.25 44.61 37.02 35.64 33.08 35.04 36.73 48.79 52.63 60.87 74.33 87.24 93.66
 8331.25 44.87 37.10 35.72 33.14 35.11 36.80 49.02 52.85 61.14 74.74 87.83 94.26
 8332.25 44.65 36.77 35.39 32.81 34.77 36.45 48.71 52.52 60.79 74.40 87.59 93.95
 8333.25 44.46 36.49 35.12 32.54 34.50 36.16 48.43 52.18 60.41 73.99 87.24 93.49
 8334.25 44.61 36.52 35.16 32.58 34.53 36.18 48.50 52.23 60.43 74.03 87.43 93.56
 8335.25 44.82 36.60 35.24 32.66 34.61 36.25 48.63 52.33 60.52 74.15 87.69 93.72
 8336.25 45.09 36.74 35.38 32.79 34.74 36.38 48.83 52.49 60.68 74.34 88.05 93.97
 8337.25 45.32 36.86 35.51 32.91 34.86 36.48 48.98 52.60 60.78 74.45 88.29 94.10
 8338.25 44.51 36.02 34.69 32.12 34.04 35.64 48.05 51.59 59.68 73.23 87.06 92.70
 8339.25 42.65 34.06 32.75 30.20 32.10 33.68 46.12 49.63 57.73 71.37 85.40 90.94
 8340.25 42.02 33.20 31.89 29.32 31.23 32.81 45.46 48.98 57.23 71.15 85.61 91.14
 8341.25 43.30 34.32 33.02 30.42 32.34 33.92 46.67 50.15 58.38 72.29 86.86 92.27
 8342.25 45.00 35.94 34.63 32.03 33.94 35.53 48.26 51.67 59.80 73.56 88.10 93.35
 8343.25 44.15 34.94 33.65 31.04 32.95 34.52 47.35 50.74 58.92 72.81 87.62 92.79
 8344.25 35.51 26.79 25.62 23.28 24.98 26.40 38.53 41.79 49.90 64.02 79.42 84.65
 8345.25 22.98 16.49 15.68 14.06 15.22 16.21 25.23 27.77 34.36 46.59 60.89 65.75
 8346.25 14.10  9.87  9.37  8.35  9.08  9.70 15.55 17.22 21.72 30.50 41.47 45.22
 8347.25 13.11  9.12  8.66  7.71  8.39  8.96 14.42 15.96 20.16 28.41 38.89 42.37
 8348.25 22.68 16.10 15.33 13.73 14.86 15.81 24.69 27.07 33.46 45.42 59.78 64.20
 8349.25 41.03 31.34 30.15 27.60 29.41 30.89 43.70 46.83 54.90 68.94 84.69 89.21
 8350.25 45.33 35.32 34.10 31.44 33.32 34.85 47.92 51.03 59.07 72.97 88.63 92.97
 8351.25 42.04 31.94 30.74 28.13 29.97 31.47 44.55 47.67 55.82 70.01 86.15 90.46
 8352.25 39.88 29.82 28.66 26.11 27.90 29.36 42.28 45.36 53.49 67.75 84.15 88.38
 8353.25 38.12 28.18 27.07 24.60 26.32 27.73 40.39 43.40 51.42 65.63 82.15 86.27
 8354.25 25.55 17.84 17.04 15.26 16.48 17.51 27.29 29.73 36.50 49.24 65.08 68.98
 8355.25 20.37 13.92 13.27 11.83 12.82 13.65 21.75 23.79 29.61 40.89 55.54 59.08
 8356.25 27.90 19.47 18.62 16.70 18.02 19.11 29.53 32.04 39.09 52.27 68.69 72.41
 8357.25 42.37 31.61 30.49 27.88 29.67 31.13 44.17 47.08 55.04 69.13 85.91 89.48
 8358.25 46.75 35.67 34.52 31.81 33.66 35.17 48.40 51.29 59.18 73.12 89.80 93.20
 8359.25 47.50 36.24 35.10 32.37 34.22 35.73 49.01 51.87 59.75 73.70 90.51 93.80
 8360.25 47.91 36.49 35.37 32.63 34.48 35.99 49.27 52.10 59.95 73.88 90.80 93.98
 8361.25 47.22 35.66 34.55 31.81 33.65 35.15 48.44 51.23 59.07 73.02 90.06 93.12
 8362.25 44.54 32.85 31.77 29.07 30.87 32.35 45.61 48.40 56.28 70.37 87.72 90.69
 8363.25 42.65 30.84 29.78 27.12 28.89 30.34 43.59 46.36 54.30 68.59 86.34 89.24
 8364.25 43.69 31.63 30.56 27.86 29.65 31.12 44.48 47.24 55.19 69.51 87.40 90.19
 8365.25 42.64 30.51 29.47 26.81 28.56 30.01 43.29 46.01 53.94 68.30 86.40 89.09
 8366.25 34.88 23.75 22.85 20.54 22.05 23.31 35.35 37.88 45.43 59.55 77.90 80.51
 8367.25 31.55 21.02 20.20 18.08 19.46 20.61 31.87 34.24 41.46 55.19 73.46 75.94
 8368.25 38.64 26.60 25.66 23.16 24.78 26.12 38.85 41.40 49.13 63.44 82.06 84.43
 8369.25 46.33 33.42 32.39 29.62 31.41 32.89 46.40 49.00 56.82 71.05 89.40 91.59
 8370.25 48.99 35.97 34.93 32.13 33.94 35.43 48.92 51.47 59.18 73.21 91.43 93.49
 8371.25 49.58 36.42 35.39 32.58 34.39 35.87 49.37 51.89 59.56 73.56 91.87 93.81
 8372.25 49.74 36.44 35.42 32.60 34.41 35.89 49.39 51.88 59.52 73.52 91.93 93.76
 8373.25 49.86 36.47 35.46 32.65 34.44 35.91 49.38 51.83 59.42 73.36 91.81 93.53
 8374.25 49.91 36.36 35.36 32.54 34.32 35.79 49.28 51.70 59.28 73.24 91.82 93.42
 8375.25 49.99 36.27 35.27 32.44 34.23 35.70 49.23 51.63 59.20 73.21 91.93 93.43
 8376.25 50.13 36.29 35.31 32.48 34.26 35.72 49.23 51.59 59.13 73.11 91.88 93.27
 8377.25 50.20 36.18 35.20 32.36 34.14 35.60 49.16 51.50 59.05 73.09 92.01 93.29
 8378.25 49.95 35.70 34.72 31.86 33.64 35.11 48.77 51.10 58.69 72.85 92.02 93.21
 8379.25 50.33 35.91 34.93 32.06 33.84 35.31 49.01 51.31 58.89 73.08 92.37 93.45
 8380.25 50.59 36.03 35.06 32.19 33.96 35.42 49.14 51.41 58.97 73.17 92.57 93.53
 8381.25 48.47 33.70 32.74 29.89 31.64 33.09 46.86 49.13 56.76 71.16 90.90 91.77
 8382.25 44.44 29.73 28.81 26.06 27.74 29.14 42.69 44.93 52.58 67.20 87.42 88.20
 8383.25 38.00 24.25 23.44 21.00 22.47 23.71 36.22 38.32 45.67 60.08 80.55 81.23
 8384.25 28.43 17.18 16.56 14.68 15.80 16.76 26.84 28.58 34.87 47.83 67.31 67.85
 8385.25 29.42 17.81 17.18 15.24 16.39 17.38 27.73 29.49 35.89 49.05 68.81 69.25
 8386.25 42.60 27.90 27.05 24.40 25.98 27.31 40.55 42.65 50.11 64.70 85.37 85.70
 8387.25 50.93 35.67 34.76 31.85 33.58 35.02 48.86 50.97 58.41 72.75 92.92 93.11
 8388.25 51.48 36.26 35.36 32.44 34.16 35.60 49.44 51.53 58.92 73.23 93.53 93.55
 8389.25 51.21 35.95 35.06 32.13 33.85 35.29 49.18 51.25 58.64 73.01 93.56 93.37
 8390.25 51.41 36.16 35.28 32.35 34.06 35.49 49.40 51.45 58.81 73.19 93.96 93.55
 8391.25 51.33 36.07 35.19 32.25 33.96 35.39 49.32 51.36 58.71 73.13 94.13 93.50
 8392.25 50.10 34.78 33.92 30.97 32.67 34.10 48.10 50.14 57.51 72.06 93.43 92.58
 8393.25 49.29 33.97 33.12 30.18 31.86 33.28 47.30 49.32 56.69 71.30 92.95 91.88
 8394.25 49.92 34.64 33.79 30.84 32.52 33.94 47.95 49.95 57.26 71.81 93.57 92.29
 8395.25 51.21 35.98 35.14 32.18 33.86 35.29 49.26 51.24 58.48 72.96 94.80 93.31
 8396.25 51.61 36.40 35.58 32.61 34.28 35.72 49.68 51.64 58.84 73.30 95.31 93.61
 8397.25 51.38 36.18 35.36 32.39 34.05 35.49 49.46 51.41 58.59 73.09 95.32 93.41
 8398.25 51.22 35.98 35.17 32.19 33.85 35.29 49.31 51.24 58.42 72.98 95.48 93.35
 8399.25 46.12 31.02 30.25 27.37 28.96 30.36 44.21 46.14 53.38 68.25 91.54 89.14
 8400.25 26.95 16.19 15.69 13.85 14.85 15.76 25.51 26.97 32.67 45.37 67.32 64.79
 8401.25 17.04  9.87  9.56  8.38  9.01  9.60 16.06 17.05 21.01 30.30 47.78 45.54
 8402.25 20.29 11.87 11.50 10.10 10.85 11.54 19.15 20.30 24.88 35.51 55.18 52.52
 8403.25 37.39 23.74 23.10 20.61 21.94 23.17 35.65 37.40 44.16 58.74 83.05 79.73
 8404.25 50.40 35.15 34.39 31.37 32.99 34.47 48.56 50.41 57.48 72.22 96.10 92.70
 8405.25 51.52 36.35 35.60 32.58 34.19 35.67 49.70 51.53 58.51 73.14 97.04 93.45
 8406.25 51.60 36.43 35.68 32.65 34.26 35.74 49.79 51.61 58.58 73.25 97.39 93.58
 8407.25 51.65 36.47 35.74 32.69 34.29 35.79 49.85 51.65 58.61 73.30 97.65 93.63
 8408.25 51.49 36.36 35.63 32.59 34.18 35.67 49.71 51.49 58.40 73.07 97.57 93.36
 8409.25 51.28 36.14 35.42 32.37 33.95 35.45 49.51 51.28 58.18 72.89 97.63 93.21
 8410.25 51.23 36.04 35.32 32.25 33.84 35.35 49.47 51.23 58.14 72.93 97.98 93.33
 8411.25 51.35 36.13 35.42 32.35 33.93 35.44 49.59 51.35 58.23 73.07 98.36 93.50
 8412.25 51.49 36.28 35.58 32.49 34.07 35.59 49.75 51.49 58.35 73.20 98.70 93.63
 8413.25 51.53 36.33 35.63 32.54 34.11 35.64 49.80 51.53 58.37 73.23 98.93 93.66
 8414.25 51.45 36.28 35.58 32.49 34.05 35.58 49.74 51.45 58.26 73.13 99.01 93.54
 8415.25 49.51 34.35 33.66 30.58 32.13 33.66 47.86 49.56 56.41 71.44 97.76 92.03
 8416.25 36.75 23.31 22.75 20.20 21.46 22.73 35.32 36.89 43.38 58.28 85.56 79.39
 8417.25 25.16 15.10 14.70 12.89 13.77 14.69 24.14 25.37 30.59 43.31 68.69 62.63
 8418.25 27.85 16.99 16.55 14.54 15.51 16.53 26.86 28.18 33.77 47.26 73.73 67.30
 8419.25 42.51 28.35 27.74 24.85 26.25 27.69 41.43 43.06 49.80 65.14 93.04 86.29
 8420.25 50.30 35.77 35.14 31.98 33.50 35.07 49.35 50.98 57.69 72.78100.05 93.32
 8421.25 50.61 36.23 35.62 32.46 33.96 35.53 49.80 51.42 58.09 73.16100.58 93.66
 8422.25 50.25 35.99 35.39 32.22 33.70 35.29 49.58 51.19 57.85 72.98100.65 93.51
 8423.25 50.20 36.07 35.49 32.31 33.78 35.37 49.68 51.27 57.91 73.05100.93 93.59
 8424.25 49.73 35.73 35.16 31.97 33.43 35.02 49.36 50.94 57.57 72.77100.91 93.36
 8425.25 48.53 34.62 34.06 30.87 32.31 33.91 48.30 49.87 56.53 71.85100.36 92.57
 8426.25 47.99 34.22 33.67 30.48 31.90 33.51 47.91 49.47 56.14 71.49100.27 92.28
 8427.25 48.39 34.77 34.24 31.04 32.45 34.06 48.46 50.01 56.65 71.96100.85 92.69
 8428.25 47.60 34.11 33.60 30.39 31.79 33.40 47.82 49.36 56.01 71.39100.59 92.20
 8429.25 45.89 32.55 32.06 28.88 30.24 31.85 46.26 47.78 54.47 69.97 99.59 90.96
 8430.25 41.12 28.37 27.91 24.91 26.18 27.70 41.63 43.12 49.74 65.32 95.61 86.62
 8431.25 23.65 15.08 14.80 12.93 13.70 14.66 24.13 25.20 30.19 42.90 70.71 62.01
 8432.25 14.70  9.17  9.00  7.81  8.29  8.90 15.09 15.81 19.21 28.29 50.05 42.89
 8433.25 17.37 10.96 10.76  9.35  9.92 10.64 17.91 18.75 22.69 33.09 57.53 49.48
 8434.25 32.90 22.16 21.81 19.24 20.27 21.58 33.91 35.24 41.33 56.23 87.16 77.33
 8435.25 45.75 33.27 32.85 29.61 30.90 32.55 47.03 48.50 55.11 70.62101.33 91.57
 8436.25 45.26 32.93 32.54 29.29 30.56 32.22 46.69 48.15 54.75 70.27101.19 91.24
 8437.25 45.63 33.44 33.05 29.79 31.05 32.72 47.23 48.67 55.25 70.75101.81 91.69
 8438.25 48.08 36.07 35.69 32.40 33.66 35.35 49.84 51.24 57.74 73.04103.91 93.72
 8439.25 49.00 37.18 36.82 33.52 34.77 36.47 50.93 52.29 58.73 73.94104.85 94.52
 8440.25 48.89 37.21 36.87 33.56 34.79 36.50 51.01 52.32 58.75 73.97105.08 94.56
 8441.25 48.68 37.14 36.81 33.49 34.70 36.42 50.99 52.25 58.67 73.92105.24 94.52
 8442.25 48.50 37.10 36.79 33.46 34.66 36.39 51.00 52.23 58.64 73.89105.44 94.50
 8443.25 48.28 37.01 36.71 33.37 34.56 36.30 50.97 52.15 58.56 73.84105.75 94.49
 8444.25 48.16 37.03 36.74 33.39 34.57 36.32 51.04 52.18 58.58 73.87106.16 94.53
 8445.25 48.00 36.99 36.72 33.37 34.53 36.28 51.06 52.15 58.54 73.85106.54 94.52
 8446.25 47.89 36.99 36.73 33.37 34.51 36.28 51.11 52.16 58.54 73.86106.96 94.56
 8447.25 46.92 36.07 35.82 32.45 33.58 35.36 50.31 51.32 57.73 73.16106.83 93.98
 8448.25 44.54 33.75 33.52 30.15 31.26 33.04 48.10 49.08 55.55 71.21105.70 92.32
 8449.25 44.42 33.73 33.51 30.13 31.23 33.02 48.13 49.06 55.53 71.20106.08 92.32
 8450.25 46.61 36.05 35.84 32.44 33.53 35.34 50.43 51.31 57.69 73.17108.02 94.02
 8451.25 47.32 36.89 36.70 33.29 34.37 36.18 51.27 52.10 58.43 73.84108.92 94.61
 8452.25 45.48 35.09 34.91 31.50 32.56 34.38 49.61 50.40 56.79 72.38108.20 93.37
 8453.25 34.01 24.73 24.58 21.66 22.54 24.11 38.04 38.75 44.93 60.55 98.03 82.19
 8454.25 23.21 16.21 16.12 13.99 14.61 15.76 26.53 27.07 32.16 45.80 81.87 66.02
 8455.25 25.29 17.85 17.76 15.44 16.12 17.36 28.95 29.49 34.86 49.11 86.36 69.89
 8456.25 38.23 28.63 28.52 25.31 26.23 27.97 42.88 43.49 49.83 65.72104.16 87.35
 8457.25 45.74 35.84 35.74 32.27 33.26 35.14 50.59 51.16 57.48 73.07110.70 94.05
 8458.25 46.51 36.75 36.66 33.18 34.16 36.04 51.49 52.01 58.28 73.80111.64 94.69
 8459.25 46.35 36.69 36.61 33.13 34.09 35.98 51.48 51.95 58.21 73.73111.94 94.63
 8460.25 46.34 36.79 36.73 33.24 34.19 36.09 51.60 52.04 58.27 73.78112.31 94.65
 8461.25 46.31 36.85 36.81 33.31 34.24 36.15 51.72 52.11 58.34 73.87112.80 94.76
 8462.25 45.62 36.23 36.20 32.69 33.61 35.53 51.21 51.56 57.80 73.42112.88 94.41
 8463.25 44.83 35.52 35.51 31.98 32.88 34.82 50.59 50.90 57.16 72.87112.86 93.96
 8464.25 44.76 35.55 35.55 32.02 32.90 34.85 50.67 50.93 57.19 72.91113.29 94.02
 8465.25 42.48 33.40 33.41 29.91 30.77 32.70 48.57 48.79 55.08 70.97112.17 92.34
 8466.25 27.42 20.28 20.30 17.68 18.30 19.76 32.70 32.85 38.41 53.30 95.32 74.55
 8467.25 16.09 11.57 11.59  9.96 10.34 11.24 19.73 19.81 23.68 34.77 70.70 52.07
 8468.25 16.62 12.00 12.03 10.34 10.72 11.66 20.45 20.51 24.49 35.87 72.79 53.53
 8469.25 29.17 21.95 22.00 19.20 19.82 21.39 35.07 35.10 40.81 56.09 99.59 77.62
 8470.25 43.50 34.92 34.99 31.42 32.20 34.21 50.31 50.31 56.51 72.36115.12 93.61
 8471.25 45.60 37.16 37.24 33.65 34.42 36.44 52.50 52.46 58.58 74.23116.90 95.25
 8472.25 45.57 37.23 37.33 33.73 34.49 36.52 52.62 52.53 58.64 74.30117.32 95.32
 8473.25 45.48 37.25 37.36 33.75 34.49 36.53 52.68 52.55 58.64 74.31117.69 95.34
 8474.25 45.22 37.09 37.21 33.59 34.31 36.37 52.58 52.40 58.49 74.19117.97 95.25
 8475.25 44.38 36.30 36.44 32.80 33.51 35.58 51.90 51.68 57.80 73.59117.92 94.76
 8476.25 41.98 33.95 34.09 30.47 31.16 33.22 49.68 49.41 55.60 71.60116.83 93.06
 8477.25 41.21 33.24 33.40 29.77 30.44 32.52 49.01 48.69 54.90 70.95116.70 92.50
 8478.25 43.75 35.82 36.00 32.33 32.99 35.10 51.58 51.23 57.36 73.20118.71 94.45
 8479.25 45.04 37.21 37.39 33.72 34.37 36.48 52.91 52.51 58.60 74.29119.84 95.38
 8480.25 45.13 37.35 37.54 33.87 34.50 36.61 53.09 52.64 58.73 74.41120.29 95.50
 8481.25 45.13 37.40 37.60 33.92 34.53 36.66 53.19 52.69 58.80 74.49120.76 95.61
 8482.25 45.10 37.41 37.63 33.93 34.53 36.67 53.26 52.70 58.82 74.53121.16 95.66
 8483.25 45.06 37.42 37.65 33.94 34.53 36.67 53.34 52.71 58.84 74.56121.56 95.72
 8484.25 45.03 37.44 37.68 33.96 34.53 36.68 53.42 52.72 58.87 74.60121.97 95.78
 8485.25 45.01 37.48 37.73 34.00 34.55 36.72 53.53 52.75 58.91 74.64122.35 95.84
 8486.25 44.83 37.34 37.61 33.87 34.41 36.58 53.46 52.61 58.78 74.51122.57 95.73
 8487.25 44.52 37.07 37.35 33.60 34.12 36.30 53.28 52.35 58.54 74.30122.74 95.55
 8488.25 44.33 36.93 37.20 33.46 33.96 36.15 53.22 52.22 58.43 74.22123.09 95.53
 8489.25 44.54 37.20 37.46 33.73 34.22 36.42 53.55 52.47 58.69 74.47123.65 95.78
 8490.25 44.84 37.56 37.81 34.10 34.57 36.77 53.94 52.79 59.01 74.75124.20 96.04
 8491.25 44.82 37.60 37.84 34.14 34.60 36.81 54.03 52.81 59.03 74.77124.52 96.05
 8492.25 44.57 37.39 37.62 33.94 34.38 36.60 53.91 52.62 58.86 74.62124.75 95.94
 8493.25 43.72 36.57 36.79 33.11 33.53 35.77 53.22 51.85 58.13 73.99124.68 95.43
 8494.25 36.44 29.59 29.78 26.34 26.72 28.82 46.00 44.55 50.90 67.12119.76 89.27
 8495.25 25.57 20.04 20.19 17.51 17.79 19.43 33.89 32.55 38.22 53.44106.90 75.36
 8496.25 25.13 19.71 19.85 17.21 17.48 19.11 33.48 32.08 37.72 52.84106.52 74.70
 8497.25 35.08 28.47 28.63 25.29 25.62 27.71 44.90 43.23 49.57 65.77119.41 87.99
 8498.25 42.21 35.32 35.48 31.90 32.23 34.50 52.32 50.57 56.93 72.86124.91 94.45
 8499.25 42.24 35.41 35.56 31.99 32.31 34.58 52.46 50.64 57.01 72.92124.75 94.51
 8500.25 42.58 35.80 35.94 32.38 32.68 34.96 52.92 51.03 57.40 73.30124.89 94.89
 8501.25 43.49 36.76 36.90 33.35 33.64 35.93 53.91 51.95 58.31 74.15125.38 95.67
 8502.25 43.00 36.31 36.43 32.90 33.18 35.47 53.56 51.52 57.90 73.80124.93 95.39
 8503.25 41.74 35.09 35.21 31.70 31.97 34.25 52.47 50.35 56.78 72.79123.98 94.53
 8504.25 41.12 34.53 34.63 31.15 31.40 33.68 51.99 49.79 56.25 72.30123.41 94.12
 8505.25 35.57 29.28 29.37 26.10 26.33 28.48 46.38 44.12 50.57 66.81118.84 89.12
 8506.25 22.85 18.15 18.21 15.86 16.02 17.56 31.66 29.71 35.16 49.71101.00 71.18
 8507.25 18.08 14.23 14.27 12.38 12.50 13.75 25.58 23.87 28.56 41.44 89.74 61.27
 8508.25 24.47 19.57 19.62 17.15 17.30 18.94 33.86 31.71 37.39 52.37103.70 74.22
 8509.25 38.39 32.11 32.16 28.85 29.04 31.27 49.74 47.17 53.68 69.85120.39 91.97
 8510.25 43.03 36.71 36.76 33.37 33.55 35.85 54.42 51.81 58.24 74.08123.29 95.70
 8511.25 43.03 36.77 36.80 33.44 33.61 35.90 54.49 51.82 58.25 74.05122.92 95.62
 8512.25 43.00 36.80 36.82 33.48 33.64 35.93 54.55 51.81 58.23 74.00122.55 95.54
 8513.25 43.12 36.95 36.96 33.63 33.78 36.07 54.77 51.96 58.40 74.17122.53 95.74
 8514.25 43.14 37.01 37.01 33.70 33.84 36.13 54.91 52.02 58.48 74.27122.46 95.87
 8515.25 43.13 37.04 37.04 33.73 33.86 36.16 55.01 52.05 58.51 74.30122.27 95.92
 8516.25 43.30 37.25 37.24 33.95 34.07 36.37 55.26 52.23 58.70 74.47122.18 96.08
 8517.25 43.41 37.40 37.38 34.11 34.22 36.51 55.47 52.37 58.84 74.61122.09 96.22
 8518.25 43.29 37.33 37.29 34.04 34.13 36.43 55.46 52.29 58.78 74.56121.84 96.19
 8519.25 43.27 37.35 37.30 34.07 34.15 36.45 55.53 52.29 58.78 74.54121.56 96.17
 8520.25 43.21 37.33 37.27 34.05 34.12 36.43 55.58 52.27 58.77 74.55121.37 96.21
 8521.25 42.71 36.85 36.79 33.58 33.64 35.95 55.24 51.85 58.39 74.24121.01 96.00
 8522.25 41.08 35.24 35.17 31.97 32.03 34.33 53.82 50.32 56.93 72.94119.87 94.91
 8523.25 40.29 34.49 34.41 31.23 31.27 33.57 53.16 49.57 56.22 72.30119.19 94.38
 8524.25 41.53 35.77 35.68 32.51 32.54 34.85 54.45 50.82 57.44 73.41119.80 95.36
 8525.25 42.53 36.83 36.73 33.57 33.59 35.90 55.49 51.80 58.40 74.27120.20 96.11
 8526.25 43.02 37.37 37.27 34.13 34.14 36.44 56.05 52.30 58.89 74.70120.28 96.49
 8527.25 43.36 37.76 37.65 34.53 34.52 36.82 56.46 52.65 59.24 75.01120.31 96.78
 8528.25 43.72 38.17 38.05 34.95 34.93 37.22 56.88 53.02 59.60 75.34120.35 97.08
 8529.25 44.21 38.72 38.60 35.52 35.49 37.77 57.42 53.50 60.07 75.74120.41 97.43
 8530.25 44.47 39.04 38.91 35.85 35.81 38.09 57.74 53.77 60.34 75.97120.33 97.63
 8531.25 44.49 39.10 38.97 35.92 35.87 38.14 57.85 53.82 60.40 76.02120.15 97.68
 8532.25 44.09 38.71 38.58 35.54 35.48 37.76 57.60 53.49 60.10 75.77119.75 97.49
 8533.25 43.59 38.23 38.10 35.07 34.99 37.28 57.25 53.06 59.71 75.45119.29 97.22
 8534.25 43.23 37.88 37.77 34.74 34.65 36.94 57.01 52.75 59.43 75.20118.84 97.00
 8535.25 42.91 37.58 37.47 34.45 34.35 36.64 56.80 52.47 59.18 74.98118.43 96.81
 8536.25 42.53 37.21 37.11 34.11 34.00 36.29 56.55 52.14 58.88 74.73118.01 96.60
 8537.25 42.50 37.20 37.10 34.11 33.99 36.28 56.62 52.14 58.89 74.76117.81 96.63
 8538.25 42.50 37.22 37.13 34.16 34.02 36.31 56.71 52.16 58.93 74.80117.60 96.67
 8539.25 40.49 35.22 35.14 32.18 32.03 34.31 54.90 50.24 57.09 73.14116.05 95.21
 8540.25 33.75 28.72 28.65 25.89 25.74 27.87 48.07 43.35 50.23 66.57110.39 89.23
 8541.25 31.34 26.49 26.43 23.80 23.64 25.68 45.50 40.76 47.59 63.90107.80 86.69
 8542.25 38.39 33.22 33.15 30.28 30.10 32.34 53.07 48.20 55.13 71.32113.84 93.55
 8543.25 43.80 38.67 38.62 35.74 35.55 37.80 58.25 53.45 60.20 75.91117.09 97.51
 8544.25 43.91 38.79 38.74 35.88 35.68 37.93 58.45 53.58 60.35 76.07117.03 97.68
 8545.25 44.39 39.31 39.27 36.43 36.21 38.46 58.96 54.05 60.80 76.49117.15 98.05
 8546.25 44.78 39.74 39.70 36.89 36.66 38.90 59.39 54.42 61.17 76.82117.16 98.32
 8547.25 44.47 39.43 39.40 36.60 36.36 38.60 59.22 54.17 60.96 76.66116.83 98.20
 8548.25 44.18 39.14 39.12 36.32 36.07 38.31 59.06 53.94 60.76 76.51116.50 98.08
 8549.25 41.91 36.82 36.81 33.99 33.72 35.99 57.12 51.85 58.80 74.82115.04 96.67
 8550.25 34.68 29.74 29.73 27.06 26.80 28.95 50.06 44.63 51.72 68.23109.57 90.84
 8551.25 32.10 27.33 27.33 24.77 24.51 26.58 47.35 41.90 48.95 65.50106.97 88.30
 8552.25 38.07 33.05 33.05 30.31 30.01 32.24 53.73 48.17 55.29 71.66111.90 93.94
 8553.25 43.35 38.37 38.38 35.64 35.32 37.57 58.76 53.29 60.22 76.11115.00 97.74
 8554.25 44.10 39.18 39.19 36.48 36.16 38.39 59.50 53.99 60.90 76.70115.14 98.22
 8555.25 44.03 39.12 39.14 36.44 36.11 38.34 59.53 53.95 60.88 76.70114.87 98.22
 8556.25 44.46 39.59 39.62 36.94 36.60 38.82 59.98 54.37 61.28 77.06114.87 98.52
 8557.25 44.78 39.94 39.98 37.32 36.97 39.18 60.35 54.68 61.59 77.35114.84 98.78
 8558.25 44.75 39.92 39.97 37.32 36.96 39.17 60.41 54.68 61.61 77.38114.60 98.82
 8559.25 44.70 39.89 39.94 37.31 36.93 39.14 60.46 54.66 61.61 77.40114.35 98.83
 8560.25 44.61 39.81 39.87 37.24 36.86 39.07 60.47 54.60 61.57 77.38114.06 98.82
 8561.25 44.57 39.79 39.86 37.25 36.85 39.06 60.52 54.59 61.58 77.40113.80 98.84
 8562.25 44.49 39.73 39.81 37.21 36.79 39.00 60.54 54.54 61.55 77.39113.51 98.83
 8563.25 44.54 39.80 39.88 37.30 36.87 39.08 60.67 54.61 61.63 77.48113.31 98.91
 8564.25 44.51 39.78 39.87 37.30 36.86 39.07 60.73 54.61 61.64 77.51113.06 98.94
 8565.25 44.42 39.69 39.80 37.24 36.79 39.00 60.74 54.55 61.60 77.49112.76 98.92
 8566.25 44.45 39.74 39.86 37.31 36.85 39.06 60.85 54.60 61.66 77.55112.52 98.97
 8567.25 44.51 39.81 39.94 37.41 36.94 39.14 60.97 54.66 61.74 77.62112.29 99.02
 8568.25 44.46 39.76 39.91 37.38 36.90 39.11 61.00 54.62 61.71 77.61111.97 98.99
 8569.25 44.27 39.57 39.73 37.22 36.73 38.93 60.91 54.47 61.58 77.50111.60 98.90
 8570.25 44.27 39.59 39.76 37.26 36.75 38.96 60.99 54.49 61.61 77.54111.33 98.92
 8571.25 44.35 39.67 39.86 37.38 36.86 39.06 61.12 54.57 61.70 77.62111.09 98.97
 8572.25 44.31 39.64 39.83 37.37 36.84 39.04 61.14 54.54 61.69 77.62110.80 98.97
 8573.25 44.18 39.51 39.72 37.27 36.72 38.92 61.04 54.44 61.61 77.56110.46 98.92
 8574.25 43.86 39.18 39.40 36.96 36.40 38.60 60.75 54.18 61.38 77.38110.03 98.76
 8575.25 43.26 38.56 38.80 36.35 35.78 37.99 60.21 53.65 60.90 76.98109.43 98.43
 8576.25 42.96 38.26 38.51 36.08 35.49 37.71 59.92 53.41 60.67 76.80109.00 98.27
 8577.25 43.34 38.66 38.92 36.51 35.91 38.12 60.21 53.78 61.01 77.11108.94 98.53
 8578.25 43.50 38.83 39.11 36.71 36.10 38.31 60.31 53.94 61.17 77.26108.76 98.65
 8579.25 43.52 38.87 39.16 36.78 36.15 38.36 60.29 53.99 61.21 77.30108.49 98.68
 8580.25 43.24 38.58 38.88 36.51 35.87 38.08 60.01 53.75 60.99 77.12108.04 98.51
 8581.25 43.57 38.93 39.25 36.90 36.24 38.45 60.25 54.06 61.28 77.38107.92 98.71
 8582.25 43.98 39.37 39.70 37.37 36.71 38.91 60.56 54.46 61.65 77.71107.88 98.98
 8583.25 44.07 39.47 39.81 37.50 36.82 39.02 60.60 54.56 61.74 77.80107.66 99.06
 8584.25 44.12 39.54 39.89 37.59 36.89 39.10 60.61 54.63 61.81 77.85107.42 99.12
 8585.25 44.00 39.41 39.78 37.50 36.78 38.99 60.47 54.54 61.73 77.76107.07 99.07
 8586.25 43.90 39.32 39.70 37.43 36.69 38.91 60.35 54.47 61.67 77.67106.74 99.03
 8587.25 43.94 39.37 39.76 37.51 36.75 38.97 60.35 54.53 61.73 77.69106.49 99.08
 8588.25 43.77 39.20 39.60 37.36 36.58 38.81 60.18 54.41 61.61 77.57106.13 99.02
 8589.25 41.98 37.35 37.77 35.51 34.71 36.97 58.61 52.81 60.13 76.26104.84 97.97
 8590.25 38.75 34.09 34.53 32.28 31.46 33.72 55.63 49.77 57.24 73.67102.46 95.80
 8591.25 39.63 34.98 35.43 33.19 32.35 34.63 56.42 50.64 58.08 74.39102.77 96.44
 8592.25 42.72 38.13 38.59 36.39 35.54 37.80 59.15 53.55 60.83 76.78104.43 98.50
 8593.25 43.43 38.88 39.36 37.17 36.31 38.56 59.72 54.22 61.45 77.29104.56 98.96
 8594.25 43.40 38.86 39.36 37.18 36.29 38.55 59.67 54.22 61.46 77.26104.28 98.97
 8595.25 43.53 38.99 39.51 37.34 36.44 38.70 59.73 54.35 61.58 77.34104.07 99.07
 8596.25 43.60 39.07 39.61 37.44 36.53 38.79 59.75 54.43 61.66 77.37103.82 99.14
 8597.25 43.05 38.50 39.06 36.89 35.96 38.23 59.25 53.96 61.22 76.97103.23 98.85
 8598.25 40.03 35.42 36.01 33.82 32.85 35.15 56.54 51.19 58.61 74.66101.09 96.97
 8599.25 36.85 32.26 32.86 30.69 29.72 32.00 53.47 48.10 55.63 71.92 98.51 94.66
 8600.25 38.69 34.09 34.71 32.53 31.53 33.84 55.20 49.94 57.42 73.52 99.58 96.08
 8601.25 42.18 37.63 38.26 36.10 35.08 37.39 58.34 53.25 60.56 76.28101.56 98.45
 8602.25 43.17 38.67 39.31 37.17 36.15 38.44 59.16 54.16 61.42 76.98101.85 99.08
 8603.25 43.15 38.66 39.31 37.17 36.13 38.43 59.10 54.16 61.42 76.96101.55 99.10
 8604.25 42.93 38.44 39.11 36.97 35.91 38.21 58.88 53.99 61.26 76.79101.14 99.01
 8605.25 42.95 38.47 39.15 37.02 35.94 38.25 58.85 54.02 61.29 76.78100.85 99.05
 8606.25 43.07 38.60 39.30 37.17 36.08 38.39 58.91 54.14 61.41 76.85100.63 99.15
 8607.25 43.16 38.71 39.42 37.30 36.20 38.51 58.96 54.25 61.51 76.91100.43 99.24
 8608.25 43.18 38.74 39.46 37.35 36.22 38.54 58.93 54.28 61.54 76.91100.26 99.28
 8609.25 43.13 38.70 39.44 37.32 36.19 38.51 58.84 54.26 61.52 76.85100.10 99.27
 8610.25 42.84 38.40 39.16 37.04 35.89 38.23 58.55 54.01 61.29 76.62 99.80 99.11
 8611.25 42.68 38.24 39.02 36.89 35.73 38.07 58.37 53.88 61.17 76.48 99.59 99.04
 8612.25 42.29 37.84 38.64 36.51 35.33 37.69 58.00 53.55 60.87 76.20 99.28 98.87
 8613.25 42.03 37.59 38.40 36.27 35.07 37.44 57.75 53.35 60.69 76.02 99.04 98.78
 8614.25 41.42 36.96 37.79 35.65 34.44 36.82 57.17 52.81 60.19 75.56 98.58 98.45
 8615.25 40.49 36.02 36.87 34.73 33.49 35.89 56.31 51.97 59.41 74.85 97.90 97.91
 8616.25 39.39 34.92 35.79 33.64 32.39 34.80 55.25 50.95 58.44 73.95 97.05 97.21
 8617.25 36.96 32.52 33.39 31.26 30.02 32.40 52.87 48.59 56.16 71.85 95.15 95.46
 8618.25 36.26 31.84 32.73 30.61 29.36 31.74 52.13 47.92 55.50 71.20 94.49 94.94
 8619.25 35.61 31.21 32.11 30.00 28.74 31.12 51.39 47.27 54.86 70.57 93.84 94.44
 8620.25 33.43 29.13 30.03 27.97 26.73 29.05 49.04 45.01 52.61 68.37 91.76 92.51
 8621.25 32.90 28.63 29.54 27.49 26.26 28.56 48.40 44.46 52.05 67.80 91.14 92.04
 8622.25 32.26 28.03 28.94 26.92 25.69 27.97 47.62 43.78 51.37 67.08 90.38 91.43
 8623.25 30.37 26.27 27.17 25.21 24.02 26.22 45.42 41.70 49.23 64.89 88.21 89.42
 8624.25 29.76 25.71 26.62 24.68 23.49 25.67 44.64 41.03 48.53 64.15 87.39 88.75
 8625.25 29.68 25.65 26.56 24.63 23.44 25.61 44.49 40.96 48.46 64.04 87.19 88.71
 8626.25 28.27 24.35 25.25 23.38 22.22 24.32 42.73 39.33 46.75 62.21 85.29 86.96
 8627.25 26.83 23.05 23.93 22.12 21.00 23.03 40.91 37.65 44.96 60.27 83.23 85.06
 8628.25 27.17 23.36 24.26 22.44 21.30 23.35 41.26 38.07 45.41 60.73 83.61 85.59
 8629.25 27.26 23.45 24.36 22.54 21.39 23.44 41.30 38.19 45.54 60.84 83.62 85.75
 8630.25 25.01 21.44 22.29 20.58 19.49 21.42 38.40 35.48 42.60 57.59 80.15 82.44
 8631.25 24.84 21.30 22.15 20.45 19.36 21.28 38.12 35.29 42.40 57.33 79.78 82.22
 8632.25 26.46 22.78 23.66 21.89 20.74 22.76 40.11 37.29 44.57 59.70 82.14 84.73
 8633.25 25.82 22.22 23.09 21.35 20.21 22.19 39.23 36.52 43.74 58.75 81.06 83.80
 8634.25 23.85 20.46 21.27 19.64 18.57 20.43 36.63 34.10 41.09 55.76 77.79 80.69
 8635.25 24.83 21.36 22.20 20.52 19.40 21.33 37.85 35.35 42.46 57.28 79.31 82.36
 8636.25 27.71 23.99 24.90 23.08 21.87 23.95 41.38 38.85 46.25 61.39 83.45 86.65
 8637.25 25.68 22.16 23.02 21.30 20.14 22.12 38.79 36.42 43.62 58.52 80.38 83.74
 8638.25 24.43 21.05 21.87 20.22 19.10 21.01 37.14 34.90 41.97 56.67 78.33 81.84
 8639.25 26.88 23.29 24.16 22.40 21.19 23.23 40.14 37.90 45.22 60.23 81.91 85.57
 8640.25 30.99 27.11 28.06 26.14 24.80 27.04 44.93 42.68 50.27 65.51 87.02 90.79
 8641.25 28.73 25.03 25.94 24.10 22.82 24.96 42.25 40.12 47.60 62.73 84.20 88.16
 8642.25 28.12 24.48 25.38 23.57 22.30 24.41 41.46 39.44 46.88 61.96 83.32 87.44
 8643.25 29.94 26.19 27.12 25.24 23.91 26.11 43.53 41.56 49.12 64.28 85.49 89.75
 8644.25 31.18 27.37 28.32 26.40 25.03 27.29 44.87 42.97 50.58 65.75 86.79 91.18
 8645.25 34.59 30.65 31.64 29.64 28.18 30.56 48.48 46.66 54.31 69.40 90.07 94.55
 8646.25 37.88 33.89 34.89 32.86 31.35 33.79 51.73 50.00 57.60 72.48 92.71 97.27
 8647.25 37.81 33.84 34.84 32.81 31.30 33.73 51.59 49.95 57.55 72.42 92.55 97.25
 8648.25 32.04 28.28 29.22 27.31 25.88 28.17 45.50 43.96 51.58 66.67 87.18 92.16
 8649.25 27.22 23.78 24.64 22.90 21.60 23.68 39.90 38.50 45.89 60.81 81.37 86.58
 8650.25 29.11 25.54 26.44 24.63 23.26 25.44 42.08 40.73 48.27 63.30 83.74 89.09
 8651.25 24.23 21.09 21.88 20.29 19.09 21.00 35.99 34.82 41.88 56.32 76.41 81.92
 8652.25 19.08 16.48 17.14 15.83 14.84 16.41 29.11 28.16 34.41 47.60 66.58 72.09
 8653.25 19.54 16.91 17.57 16.24 15.22 16.83 29.69 28.80 35.14 48.48 67.49 73.19
 8654.25 23.95 20.88 21.66 20.10 18.88 20.79 35.44 34.53 41.58 55.96 75.69 81.70
 8655.25 28.65 25.21 26.09 24.32 22.92 25.11 41.19 40.30 47.82 62.77 82.64 88.83
 8656.25 23.19 20.22 20.98 19.46 18.26 20.13 34.35 33.61 40.57 54.80 74.22 80.60
 8657.25 19.92 17.30 17.97 16.63 15.57 17.22 29.97 29.37 35.80 49.22 67.91 74.36
 8658.25 19.99 17.37 18.04 16.70 15.63 17.29 30.00 29.47 35.92 49.34 67.92 74.58
 8659.25 25.88 22.73 23.54 21.91 20.58 22.63 37.50 36.99 44.25 58.83 78.10 85.08
 8660.25 28.47 25.13 26.00 24.27 22.83 25.03 40.57 40.12 47.62 62.44 81.66 88.81
 8661.25 21.81 19.05 19.76 18.34 17.16 18.96 32.22 31.90 38.66 52.52 71.11 78.41
 8662.25 19.42 16.91 17.56 16.27 15.20 16.83 28.98 28.75 35.10 48.28 66.24 73.58
 8663.25 20.58 17.96 18.63 17.29 16.15 17.87 30.48 30.30 36.86 50.37 68.55 76.11
 8664.25 28.85 25.56 26.42 24.70 23.24 25.45 40.72 40.57 48.07 62.81 81.66 89.45
 8665.25 30.23 26.87 27.74 25.98 24.46 26.75 42.29 42.20 49.79 64.62 83.44 91.33
 8666.25 22.01 19.29 19.99 18.58 17.37 19.19 32.26 32.23 39.05 52.91 71.28 79.30
 8667.25 19.57 17.10 17.74 16.46 15.36 17.02 29.01 29.03 35.43 48.63 66.44 74.44
 8668.25 21.10 18.50 19.17 17.82 16.63 18.40 31.01 31.08 37.75 51.37 69.49 77.71
 8669.25 29.01 25.79 26.62 24.93 23.42 25.67 40.73 40.86 48.41 63.13 81.81 90.22
 8670.25 30.79 27.48 28.34 26.60 25.02 27.36 42.75 42.95 50.59 65.39 84.00 92.49
 8671.25 23.50 20.71 21.43 19.98 18.67 20.61 34.00 34.24 41.28 55.39 73.76 82.44
 8672.25 20.71 18.19 18.84 17.53 16.34 18.10 30.36 30.64 37.25 50.74 68.62 77.31
 8673.25 21.75 19.15 19.82 18.46 17.22 19.05 31.68 32.02 38.80 52.53 70.55 79.41
 8674.25 29.36 26.20 27.02 25.36 23.80 26.08 40.89 41.34 48.88 63.51 81.93 90.92
 8675.25 35.31 31.91 32.80 30.99 29.27 31.78 47.39 47.92 55.60 70.22 88.29 97.21
 8676.25 28.46 25.39 26.19 24.56 23.02 25.27 39.81 40.38 47.89 62.48 80.85 90.12
 8677.25 23.45 20.75 21.45 20.03 18.68 20.64 33.72 34.30 41.35 55.38 73.49 82.91
 8678.25 23.13 20.47 21.16 19.76 18.42 20.37 33.27 33.91 40.93 54.87 72.90 82.42
 8679.25 28.04 25.04 25.82 24.24 22.69 24.92 39.19 39.94 47.44 61.92 80.13 89.77
 8680.25 35.86 32.55 33.42 31.65 29.88 32.42 47.71 48.56 56.25 70.69 88.48 97.95
 8681.25 34.36 31.10 31.95 30.22 28.47 30.97 46.11 47.02 54.72 69.21 87.06 96.72
 8682.25 27.99 25.04 25.81 24.25 22.67 24.92 39.03 39.98 47.50 61.93 80.03 90.03
 8683.25 25.81 23.02 23.74 22.27 20.76 22.90 36.40 37.37 44.73 58.96 76.97 87.12
 8684.25 27.62 24.72 25.47 23.95 22.36 24.60 38.50 39.56 47.07 61.42 79.41 89.65
 8685.25 34.32 31.15 31.97 30.30 28.50 31.01 45.86 47.03 54.74 69.10 86.75 96.86
 8686.25 38.08 34.86 35.70 34.00 32.13 34.72 49.61 50.84 58.48 72.58 89.85 99.90
 8687.25 34.69 31.54 32.36 30.71 28.87 31.40 46.15 47.45 55.17 69.45 86.95 97.27
 8688.25 30.01 27.04 27.81 26.27 24.53 26.91 41.06 42.41 50.06 64.40 82.12 92.75
 8689.25 28.96 26.06 26.81 25.31 23.60 25.93 39.83 41.22 48.84 63.12 80.81 91.59
 8690.25 31.82 28.81 29.59 28.03 26.22 28.67 42.97 44.45 52.16 66.46 83.98 94.77
 8691.25 37.28 34.16 34.97 33.36 31.42 34.02 48.59 50.14 57.82 71.87 88.94 99.59
 8692.25 38.70 35.59 36.40 34.80 32.84 35.45 49.93 51.54 59.18 73.12 90.02100.72
 8693.25 36.31 33.23 34.03 32.45 30.49 33.09 47.54 49.23 56.96 71.08 88.14 99.10
 8694.25 33.07 30.07 30.85 29.32 27.41 29.94 44.16 45.92 53.70 67.97 85.23 96.48
 8695.25 32.10 29.14 29.91 28.41 26.52 29.02 43.08 44.90 52.67 66.96 84.24 95.66
 8696.25 33.85 30.86 31.64 30.12 28.17 30.74 44.89 46.79 54.58 68.81 85.91 97.37
 8697.25 36.33 33.29 34.09 32.56 30.54 33.18 47.39 49.35 57.11 71.21 88.06 99.50
 8698.25 35.66 32.65 33.44 31.93 29.91 32.54 46.67 48.70 56.49 70.61 87.48 99.07
 8699.25 34.37 31.40 32.18 30.70 28.69 31.30 45.31 47.40 55.22 69.41 86.32 98.12
 8700.25 34.18 31.23 32.01 30.54 28.52 31.13 45.07 47.23 55.06 69.25 86.12 98.05
 8701.25 33.93 31.00 31.77 30.32 28.29 30.91 44.76 46.98 54.82 69.02 85.86 97.92
 8702.25 32.79 29.90 30.67 29.25 27.22 29.82 43.51 45.80 53.64 67.87 84.73 96.98
 8703.25 33.98 31.08 31.85 30.43 28.36 31.00 44.72 47.08 54.93 69.10 85.83 98.14
 8704.25 36.96 34.02 34.81 33.37 31.23 33.95 47.70 50.12 57.93 71.92 88.35100.60
 8705.25 38.19 35.26 36.05 34.63 32.45 35.19 48.87 51.34 59.10 72.99 89.26101.55
 8706.25 37.54 34.62 35.41 34.00 31.81 34.56 48.18 50.73 58.53 72.46 88.73101.18
 8707.25 36.72 33.83 34.62 33.22 31.02 33.77 47.34 49.96 57.79 71.77 88.05100.68
 8708.25 35.35 32.48 33.26 31.89 29.70 32.43 45.92 48.59 56.46 70.52 86.86 99.69
 8709.25 33.22 30.41 31.18 29.85 27.68 30.37 43.68 46.40 54.29 68.44 84.87 97.95
 8710.25 33.42 30.62 31.39 30.07 27.88 30.59 43.87 46.63 54.53 68.65 85.02 98.21
 8711.25 36.33 33.50 34.28 32.94 30.68 33.47 46.85 49.64 57.50 71.46 87.55100.70
 8712.25 38.10 35.27 36.06 34.72 32.42 35.24 48.57 51.39 59.20 73.03 88.90102.11
 8713.25 38.01 35.19 35.98 34.66 32.34 35.17 48.47 51.33 59.15 72.97 88.80102.20
 8714.25 37.97 35.17 35.96 34.65 32.31 35.16 48.41 51.31 59.14 72.96 88.74102.33
 8715.25 38.41 35.61 36.40 35.11 32.75 35.61 48.81 51.74 59.56 73.34 89.02102.77
 8716.25 38.72 35.93 36.72 35.44 33.06 35.93 49.08 52.06 59.86 73.60 89.21103.13
 8717.25 38.71 35.93 36.71 35.45 33.05 35.93 49.04 52.07 59.87 73.60 89.16103.26
 8718.25 38.74 35.96 36.74 35.49 33.07 35.97 49.03 52.12 59.91 73.63 89.15103.42
 8719.25 38.57 35.79 36.57 35.32 32.90 35.80 48.84 51.98 59.78 73.50 89.02103.45
 8720.25 38.57 35.79 36.57 35.31 32.89 35.81 48.80 52.01 59.79 73.51 89.01103.60
 8721.25 38.74 35.96 36.74 35.48 33.06 35.99 48.93 52.19 59.96 73.66 89.13103.85
 8722.25 38.93 36.15 36.94 35.67 33.25 36.19 49.08 52.40 60.15 73.82 89.26104.12
 8723.25 38.97 36.20 36.98 35.70 33.28 36.24 49.09 52.46 60.20 73.86 89.28104.28
 8724.25 38.85 36.07 36.86 35.57 33.15 36.12 48.94 52.37 60.10 73.76 89.18104.34
 8725.25 38.76 35.99 36.77 35.48 33.06 36.04 48.82 52.31 60.03 73.70 89.10104.42
 8726.25 38.75 35.99 36.77 35.47 33.06 36.04 48.78 52.34 60.03 73.70 89.08104.55
 8727.25 38.27 35.51 36.29 34.98 32.57 35.57 48.28 51.90 59.59 73.31 88.72104.37
 8728.25 37.28 34.53 35.29 33.99 31.58 34.59 47.28 50.97 58.67 72.47 87.94103.82
 8729.25 36.83 34.08 34.84 33.53 31.14 34.14 46.79 50.55 58.23 72.07 87.56103.63
 8730.25 38.15 35.42 36.17 34.85 32.44 35.48 48.06 51.86 59.47 73.21 88.57104.68
 8731.25 39.08 36.36 37.11 35.78 33.37 36.42 48.93 52.76 60.30 73.97 89.24105.42
 8732.25 39.20 36.48 37.22 35.89 33.48 36.54 49.00 52.89 60.39 74.06 89.29105.61
 8733.25 39.20 36.49 37.23 35.89 33.49 36.55 48.97 52.91 60.39 74.06 89.27105.73
 8734.25 39.29 36.59 37.32 35.98 33.58 36.65 49.01 53.01 60.46 74.12 89.29105.88
 8735.25 39.11 36.42 37.14 35.79 33.39 36.48 48.80 52.86 60.28 73.96 89.12105.86
 8736.25 38.86 36.17 36.90 35.54 33.14 36.24 48.53 52.65 60.05 73.75 88.91105.82
 8737.25 38.87 36.19 36.91 35.54 33.15 36.27 48.50 52.68 60.06 73.76 88.90105.96
 8738.25 38.76 36.09 36.80 35.42 33.03 36.16 48.36 52.60 59.95 73.66 88.79106.00
 8739.25 37.86 35.20 35.91 34.52 32.13 35.28 47.45 51.76 59.12 72.91 88.09105.52
 8740.25 37.31 34.66 35.36 33.97 31.59 34.74 46.87 51.25 58.59 72.43 87.63105.24
 8741.25 37.31 34.67 35.37 33.97 31.59 34.76 46.83 51.27 58.58 72.40 87.59105.34
 8742.25 36.89 34.26 34.95 33.55 31.17 34.35 46.38 50.87 58.17 72.00 87.21105.14
 8743.25 37.06 34.44 35.13 33.71 31.33 34.53 46.51 51.06 58.32 72.11 87.31105.36
 8744.25 38.01 35.39 36.07 34.65 32.26 35.48 47.40 51.99 59.19 72.88 88.01106.12
 8745.25 37.81 35.19 35.87 34.44 32.05 35.29 47.16 51.81 58.99 72.66 87.81106.08
 8746.25 38.11 35.49 36.16 34.72 32.33 35.59 47.40 52.10 59.24 72.85 87.99106.36
 8747.25 38.54 35.92 36.59 35.14 32.75 36.02 47.77 52.52 59.60 73.15 88.25106.73
 8748.25 38.62 35.99 36.66 35.20 32.81 36.10 47.79 52.60 59.65 73.16 88.26106.87
 8749.25 38.56 35.92 36.59 35.12 32.73 36.04 47.68 52.54 59.57 73.06 88.17106.92
 8750.25 38.77 36.13 36.79 35.32 32.92 36.25 47.83 52.75 59.74 73.18 88.29107.16
 8751.25 38.58 35.92 36.58 35.10 32.71 36.05 47.59 52.57 59.54 72.97 88.10107.14
 8752.25 37.26 34.60 35.25 33.76 31.38 34.72 46.25 51.31 58.30 71.81 87.06106.36
 8753.25 37.43 34.76 35.41 33.92 31.53 34.89 46.38 51.49 58.44 71.91 87.16106.58
 8754.25 38.84 36.17 36.81 35.31 32.92 36.31 47.73 52.84 59.71 73.05 88.18107.62
 8755.25 39.18 36.51 37.14 35.64 33.24 36.64 48.02 53.16 59.99 73.26 88.38107.92
 8756.25 39.26 36.58 37.21 35.69 33.29 36.71 48.05 53.23 60.02 73.26 88.38108.05
 8757.25 39.18 36.49 37.12 35.59 33.20 36.63 47.94 53.16 59.93 73.14 88.27108.08
 8758.25 38.83 36.14 36.76 35.22 32.83 36.28 47.58 52.85 59.60 72.82 87.98107.97
 8759.25 35.44 32.77 33.38 31.85 29.50 32.92 44.16 49.51 56.32 69.73 85.19105.65
 8760.25 24.96 22.70 23.21 21.92 20.01 22.83 32.58 37.52 43.92 57.00 72.62 93.87
 8761.25 19.75 17.85 18.26 17.18 15.60 17.95 26.28 30.67 36.40 48.49 63.43 84.47
 8762.25 18.44 16.65 17.03 16.00 14.52 16.74 24.61 28.82 34.30 45.94 60.52 81.39
 8763.25 13.89 12.49 12.79 11.98 10.84 12.57 18.75 22.17 26.63 36.39 49.11 68.17
 8764.25 14.11 12.69 12.98 12.16 11.00 12.76 19.00 22.49 26.98 36.82 49.64 68.94
 8765.25 22.77 20.65 21.09 19.85 18.09 20.77 29.79 34.66 40.64 53.16 68.50 90.29
 8766.25 32.76 30.12 30.66 29.07 26.83 30.26 41.13 46.78 53.38 66.69 82.37104.08
 8767.25 29.32 26.82 27.32 25.82 23.73 26.96 37.32 42.85 49.30 62.50 78.27100.36
 8768.25 18.82 16.98 17.34 16.25 14.76 17.08 24.90 29.38 34.71 46.25 60.90 82.63
 8769.25 13.71 12.31 12.58 11.75 10.64 12.39 18.37 21.93 26.18 35.70 48.31 68.08
 8770.25 11.70 10.50 10.72 10.01  9.05 10.56 15.74 18.88 22.60 31.05 42.46 60.94
 8771.25 15.72 14.15 14.42 13.49 12.23 14.23 20.91 24.93 29.56 39.87 53.38 74.62
 8772.25 27.86 25.42 25.84 24.36 22.36 25.55 35.49 41.16 47.33 60.27 76.05 99.35
 8773.25 35.60 32.87 33.33 31.66 29.38 33.03 43.84 49.85 56.16 69.16 84.72107.66
 8774.25 38.53 35.78 36.22 34.53 32.22 35.93 46.73 52.74 58.93 71.72 87.07109.93
 8775.25 39.20 36.44 36.87 35.18 32.87 36.60 47.35 53.38 59.51 72.22 87.55110.58
 8776.25 37.07 34.32 34.73 33.04 30.75 34.47 45.22 51.36 57.51 70.35 85.88109.40
 8777.25 26.50 24.12 24.46 23.02 21.11 24.25 33.78 39.57 45.43 58.12 73.96 98.57
 8778.25 17.20 15.48 15.71 14.68 13.33 15.56 22.63 27.19 31.91 42.68 56.99 80.73
 8779.25 15.32 13.77 13.97 13.04 11.83 13.84 20.24 24.46 28.78 38.82 52.40 75.54
 8780.25 12.35 11.07 11.23 10.46  9.48 11.13 16.40 19.95 23.57 32.16 44.10 65.28
 8781.25 12.82 11.50 11.65 10.86  9.85 11.56 16.99 20.69 24.38 33.19 45.43 67.21
 8782.25 23.25 21.08 21.32 20.00 18.30 21.17 29.82 35.43 40.75 52.81 68.39 94.04
 8783.25 37.35 34.59 34.88 33.16 30.92 34.70 45.27 51.75 57.56 70.26 85.98111.16
 8784.25 39.87 37.10 37.38 35.65 33.40 37.20 47.71 54.17 59.87 72.37 87.89113.01
 8785.25 39.98 37.21 37.48 35.74 33.50 37.31 47.79 54.30 59.94 72.42 87.96113.30
 8786.25 39.55 36.77 37.02 35.28 33.05 36.86 47.34 53.92 59.54 72.03 87.65113.28
 8787.25 39.04 36.26 36.49 34.74 32.52 36.34 46.82 53.47 59.06 71.58 87.28113.21
 8788.25 39.08 36.30 36.51 34.76 32.54 36.37 46.84 53.53 59.08 71.58 87.31113.49
 8789.25 39.10 36.31 36.51 34.75 32.54 36.38 46.82 53.57 59.07 71.56 87.32113.75
 8790.25 38.76 35.97 36.15 34.39 32.19 36.03 46.47 53.28 58.75 71.25 87.07113.78
 8791.25 36.40 33.62 33.78 32.04 29.87 33.67 44.07 50.98 56.45 69.08 85.13112.37
 8792.25 25.80 23.45 23.57 22.10 20.33 23.48 32.55 38.97 44.11 56.46 72.71101.11
 8793.25 17.72 15.95 16.03 14.93 13.64 15.97 22.93 28.14 32.39 43.06 57.92 85.54
 8794.25 19.84 17.90 17.97 16.77 15.34 17.91 25.49 31.15 35.65 46.91 62.37 90.81
 8795.25 31.82 29.20 29.27 27.60 25.60 29.20 39.13 46.13 51.39 64.03 80.45109.22
 8796.25 39.32 36.55 36.60 34.83 32.66 36.54 46.83 53.94 59.12 71.50 87.47115.57
 8797.25 39.87 37.11 37.14 35.36 33.20 37.08 47.34 54.47 59.59 71.92 87.86116.12
 8798.25 39.81 37.05 37.05 35.29 33.12 37.01 47.25 54.43 59.51 71.83 87.81116.31
 8799.25 39.82 37.07 37.05 35.28 33.12 37.02 47.23 54.46 59.49 71.79 87.79116.52
 8800.25 39.63 36.88 36.84 35.08 32.92 36.82 47.02 54.31 59.29 71.60 87.64116.62
 8801.25 39.66 36.92 36.85 35.09 32.93 36.84 47.02 54.35 59.30 71.59 87.65116.88
 8802.25 39.90 37.16 37.07 35.31 33.16 37.07 47.22 54.59 59.47 71.73 87.79117.20
 8803.25 39.64 36.90 36.80 35.03 32.89 36.80 46.93 54.35 59.19 71.45 87.54117.19
 8804.25 39.08 36.35 36.22 34.46 32.32 36.23 46.36 53.84 58.65 70.93 87.09117.03
 8805.25 39.45 36.74 36.59 34.82 32.68 36.60 46.69 54.20 58.95 71.18 87.32117.42
 8806.25 40.03 37.34 37.17 35.41 33.27 37.19 47.23 54.76 59.44 71.60 87.70117.93
 8807.25 40.13 37.44 37.25 35.49 33.36 37.28 47.30 54.87 59.50 71.64 87.76118.20
 8808.25 40.05 37.37 37.17 35.40 33.27 37.20 47.20 54.82 59.42 71.55 87.71118.40
 8809.25 39.97 37.31 37.08 35.31 33.18 37.12 47.11 54.78 59.33 71.46 87.65118.58
 8810.25 38.68 36.03 35.78 34.01 31.89 35.83 45.83 53.60 58.14 70.35 86.68118.02
 8811.25 34.94 32.34 32.07 30.33 28.27 32.13 42.05 49.91 54.46 66.85 83.51115.60
 8812.25 32.57 30.04 29.76 28.07 26.07 29.82 39.57 47.42 51.94 64.38 81.21113.87
 8813.25 34.40 31.84 31.54 29.80 27.75 31.60 41.46 49.38 53.87 66.26 83.01115.65
 8814.25 38.17 35.58 35.25 33.48 31.37 35.33 45.25 53.17 57.58 69.76 86.23118.54
 8815.25 39.59 37.01 36.66 34.88 32.77 36.74 46.62 54.51 58.86 70.92 87.28119.60
 8816.25 39.77 37.21 36.84 35.06 32.95 36.93 46.78 54.69 59.01 71.04 87.40119.92
 8817.25 39.95 37.40 37.02 35.24 33.13 37.11 46.93 54.87 59.15 71.15 87.53120.24
 8818.25 39.98 37.45 37.04 35.26 33.16 37.14 46.94 54.90 59.15 71.14 87.53120.45
 8819.25 39.78 37.26 36.84 35.05 32.95 36.94 46.73 54.72 58.95 70.93 87.36120.52
 8820.25 39.59 37.08 36.64 34.85 32.76 36.74 46.52 54.56 58.76 70.75 87.22120.64
 8821.25 39.43 36.93 36.47 34.68 32.59 36.57 46.35 54.43 58.61 70.61 87.14120.83
 8822.25 38.96 36.48 35.99 34.20 32.12 36.09 45.88 54.00 58.17 70.18 86.78120.76
 8823.25 37.66 35.19 34.69 32.90 30.84 34.79 44.57 52.77 56.93 69.01 85.74120.13
 8824.25 35.49 33.05 32.54 30.77 28.75 32.63 42.36 50.61 54.77 66.95 83.89118.85
 8825.25 34.88 32.46 31.93 30.17 28.17 32.03 41.72 50.01 54.15 66.34 83.36118.67
 8826.25 31.89 29.56 29.04 27.34 25.44 29.13 38.54 46.76 50.87 63.07 80.28116.37
 8827.25 20.98 19.21 18.81 17.54 16.15 18.87 26.23 33.10 36.64 47.60 63.99100.66
 8828.25 12.08 10.99 10.73  9.96  9.12 10.77 15.38 19.91 22.29 30.01 42.42 73.53
 8829.25  7.87  7.15  6.98  6.47  5.92  7.00 10.08 13.17 14.80 20.18 29.14 53.29
 8830.25  9.34  8.50  8.28  7.68  7.03  8.31 11.93 15.56 17.45 23.67 33.98 61.48
 8831.25 20.27 18.60 18.15 16.93 15.61 18.22 25.26 31.97 35.32 45.81 61.84 99.57
 8832.25 33.41 31.10 30.46 28.71 26.81 30.55 40.06 48.54 52.56 64.63 81.98120.46
 8833.25 32.51 30.23 29.58 27.85 25.98 29.66 39.09 47.57 51.57 63.62 81.07120.14
 8834.25 30.34 28.14 27.50 25.83 24.04 27.58 36.75 45.14 49.08 61.08 78.63118.45
 8835.25 26.79 24.75 24.14 22.59 20.95 24.21 32.81 40.89 44.70 56.47 74.01114.68
 8836.25 27.58 25.52 24.88 23.31 21.64 24.96 33.68 41.88 45.71 57.51 75.11116.13
 8837.25 23.67 21.83 21.25 19.85 18.37 21.32 29.20 36.81 40.38 51.60 68.78110.24
 8838.25 13.99 12.80 12.42 11.53 10.61 12.46 17.65 22.96 25.53 33.96 47.88 85.58
 8839.25 12.82 11.73 11.37 10.55  9.70 11.41 16.20 21.16 23.55 31.45 44.69 81.52
 8840.25 21.20 19.54 18.97 17.69 16.36 19.03 26.26 33.44 36.76 47.37 64.07106.33
 8841.25 35.25 33.03 32.23 30.46 28.59 32.31 41.75 50.48 54.30 66.04 83.50125.43
 8842.25 39.43 37.19 36.37 34.55 32.64 36.45 45.95 54.63 58.39 69.88 87.02128.57
 8843.25 39.85 37.63 36.79 34.97 33.07 36.87 46.34 55.03 58.75 70.18 87.30129.16
 8844.25 39.97 37.77 36.91 35.09 33.20 36.99 46.44 55.14 58.84 70.23 87.36129.59
 8845.25 39.88 37.69 36.82 35.00 33.11 36.89 46.34 55.06 58.75 70.12 87.27129.91
 8846.25 38.98 36.81 35.92 34.09 32.22 35.99 45.45 54.24 57.93 69.34 86.61129.81
 8847.25 36.02 33.87 32.97 31.16 29.32 33.04 42.48 51.38 55.09 66.66 84.23128.42
 8848.25 35.08 32.95 32.04 30.25 28.43 32.11 41.52 50.44 54.14 65.75 83.41128.20
 8849.25 37.23 35.10 34.16 32.34 30.49 34.23 43.68 52.61 56.27 67.78 85.26130.04
 8850.25 35.71 33.61 32.66 30.86 29.05 32.73 42.12 51.08 54.73 66.30 83.92129.41
 8851.25 25.31 23.54 22.74 21.25 19.78 22.79 30.89 39.10 42.53 53.73 71.44118.90
 8852.25 19.83 18.36 17.68 16.45 15.25 17.73 24.58 31.79 34.85 45.11 61.94109.50
 8853.25 24.85 23.12 22.30 20.83 19.39 22.35 30.35 38.54 41.91 53.05 70.75119.09
 8854.25 35.78 33.73 32.72 30.92 29.13 32.78 42.14 51.18 54.77 66.31 83.98131.13
 8855.25 39.43 37.38 36.34 34.50 32.69 36.40 45.79 54.79 58.31 69.67 87.03133.83
 8856.25 39.31 37.27 36.22 34.38 32.57 36.27 45.66 54.69 58.19 69.54 86.92134.12
 8857.25 39.06 37.04 35.97 34.13 32.34 36.02 45.40 54.45 57.93 69.28 86.66134.25
 8858.25 38.72 36.72 35.63 33.79 32.00 35.68 45.06 54.14 57.62 68.98 86.41134.46
 8859.25 38.97 36.98 35.87 34.02 32.24 35.92 45.30 54.41 57.87 69.24 86.69135.16
 8860.25 39.50 37.52 36.39 34.54 32.76 36.44 45.81 54.94 58.38 69.74 87.18136.04
 8861.25 39.51 37.54 36.39 34.54 32.76 36.44 45.81 54.97 58.40 69.76 87.23136.53
 8862.25 39.06 37.11 35.94 34.09 32.31 35.98 45.37 54.58 58.00 69.39 86.93136.74
 8863.25 37.08 35.15 33.96 32.12 30.36 34.00 43.39 52.69 56.13 67.65 85.39136.05
 8864.25 34.40 32.51 31.33 29.52 27.81 31.36 40.65 49.98 53.43 65.05 83.04134.70
 8865.25 33.70 31.84 30.65 28.85 27.16 30.67 39.91 49.24 52.68 64.31 82.35134.53
 8866.25 36.04 34.18 32.94 31.10 29.37 32.96 42.31 51.67 55.08 66.62 84.48136.50
 8867.25 38.17 36.31 35.04 33.18 31.43 35.05 44.44 53.80 57.17 68.61 86.30138.29
 8868.25 30.08 28.38 27.21 25.53 23.96 27.22 35.97 45.06 48.38 59.87 77.99132.11
 8869.25 17.40 16.26 15.46 14.35 13.34 15.46 21.55 28.38 30.98 40.43 56.52110.09
 8870.25 14.73 13.76 13.06 12.10 11.23 13.05 18.34 24.39 26.69 35.22 50.07102.04
 8871.25 22.45 21.09 20.08 18.70 17.44 20.07 27.44 35.51 38.47 49.13 66.64122.51
 8872.25 36.22 34.47 33.12 31.28 29.57 33.10 42.43 51.92 55.24 66.77 84.73139.24
 8873.25 39.78 38.03 36.65 34.78 33.03 36.62 45.99 55.42 58.69 70.03 87.68141.78
 8874.25 40.18 38.46 37.05 35.19 33.44 37.02 46.37 55.81 59.05 70.36 87.99142.40
 8875.25 40.45 38.75 37.33 35.46 33.71 37.29 46.63 56.07 59.30 70.58 88.20142.94
 8876.25 40.45 38.76 37.32 35.46 33.71 37.28 46.62 56.08 59.30 70.57 88.20143.32
 8877.25 40.38 38.72 37.26 35.39 33.65 37.21 46.54 56.02 59.24 70.50 88.14143.64
 8878.25 40.30 38.66 37.18 35.32 33.58 37.13 46.44 55.93 59.13 70.37 88.00143.79
 8879.25 40.32 38.70 37.21 35.35 33.61 37.15 46.44 55.93 59.11 70.31 87.91143.95
 8880.25 40.52 38.92 37.41 35.55 33.81 37.34 46.64 56.16 59.35 70.55 88.18144.69
 8881.25 40.61 39.03 37.50 35.63 33.89 37.42 46.73 56.30 59.48 70.68 88.36145.33
 8882.25 40.44 38.87 37.32 35.45 33.71 37.24 46.56 56.16 59.34 70.55 88.26145.67
 8883.25 40.38 38.83 37.25 35.38 33.64 37.17 46.50 56.13 59.31 70.53 88.28146.06
 8884.25 40.38 38.85 37.26 35.39 33.65 37.17 46.50 56.16 59.34 70.55 88.34146.22
 8885.25 39.81 38.29 36.68 34.80 33.07 36.58 45.93 55.65 58.84 70.08 87.96145.85
 8886.25 29.19 27.85 26.40 24.75 23.25 26.30 34.81 44.13 47.25 58.49 76.81136.78
 8887.25 13.20 12.48 11.70 10.84 10.06 11.65 16.38 22.08 24.10 31.79 45.71 99.43
 8888.25  8.89  8.40  7.86  7.26  6.74  7.82 11.10 15.14 16.58 22.18 32.69 76.76
 8889.25 12.33 11.68 10.92 10.11  9.39 10.87 15.32 20.73 22.63 29.93 43.30 95.19
 8890.25 26.62 25.41 23.97 22.42 21.01 23.86 32.00 41.09 44.12 55.12 73.42132.80
 8891.25 36.33 34.94 33.22 31.37 29.66 33.08 42.46 52.40 55.60 66.99 85.33142.73
 8892.25 37.12 35.74 34.00 32.14 30.42 33.86 43.26 53.20 56.39 67.73 86.01142.98
 8893.25 38.72 37.36 35.59 33.72 31.99 35.44 44.85 54.75 57.91 69.14 87.27143.60
 8894.25 40.20 38.86 37.08 35.21 33.48 36.92 46.30 56.13 59.26 70.37 88.36144.09
 8895.25 40.61 39.29 37.50 35.62 33.90 37.33 46.70 56.51 59.62 70.69 88.65144.05
 8896.25 39.89 38.59 36.77 34.90 33.18 36.60 46.00 55.85 58.97 70.07 88.11143.39
 8897.25 37.86 36.58 34.75 32.88 31.17 34.57 44.00 53.96 57.10 68.32 86.59142.10
 8898.25 36.71 35.46 33.62 31.76 30.06 33.43 42.86 52.86 56.01 67.28 85.69141.25
 8899.25 37.06 35.83 33.96 32.10 30.40 33.77 43.21 53.21 56.35 67.59 85.97141.18
 8900.25 38.87 37.66 35.78 33.90 32.19 35.58 45.02 54.96 58.06 69.19 87.37141.87
 8901.25 40.45 39.26 37.36 35.49 33.77 37.15 46.56 56.43 59.51 70.53 88.56142.50
 8902.25 40.71 39.54 37.62 35.75 34.03 37.41 46.82 56.70 59.77 70.79 88.82142.54
 8903.25 37.46 36.32 34.38 32.52 30.82 34.17 43.60 53.62 56.73 67.95 86.31140.54
 8904.25 22.81 21.94 20.45 19.05 17.80 20.28 27.76 36.36 39.15 49.58 67.60123.54
 8905.25 13.88 13.31 12.32 11.41 10.60 12.21 17.24 23.36 25.41 33.37 48.11 99.25
 8906.25 15.51 14.89 13.79 12.78 11.88 13.66 19.21 25.91 28.11 36.69 52.35104.91
 8907.25 27.54 26.62 24.87 23.27 21.82 24.66 33.10 42.58 45.51 56.56 75.16130.24
 8908.25 38.30 37.26 35.22 33.36 31.62 34.98 44.48 54.63 57.62 68.82 87.12139.93
 8909.25 39.57 38.56 36.49 34.63 32.88 36.25 45.75 55.91 58.84 69.97 88.16140.50
 8910.25 37.30 36.31 34.23 32.39 30.64 33.99 43.50 53.80 56.71 67.98 86.39138.97
 8911.25 35.94 34.98 32.88 31.07 29.33 32.64 42.13 52.50 55.38 66.71 85.25137.88
 8912.25 36.51 35.57 33.44 31.63 29.88 33.20 42.72 53.15 55.98 67.29 85.79138.09
 8913.25 38.17 37.24 35.08 33.26 31.48 34.83 44.39 54.82 57.59 68.82 87.18138.89
 8914.25 39.98 39.08 36.89 35.08 33.29 36.65 46.17 56.58 59.27 70.38 88.56139.63
 8915.25 40.52 39.65 37.44 35.64 33.84 37.19 46.70 57.11 59.74 70.81 88.92139.58
 8916.25 40.38 39.53 37.31 35.52 33.72 37.06 46.56 57.01 59.59 70.65 88.74139.10
 8917.25 39.87 39.04 36.80 35.02 33.21 36.55 46.05 56.56 59.10 70.17 88.27138.38
 8918.25 39.71 38.90 36.63 34.86 33.05 36.38 45.91 56.49 58.99 70.08 88.23138.17
 8919.25 38.07 37.28 34.98 33.22 31.41 34.74 44.29 55.01 57.49 68.70 87.03137.14
 8920.25 24.14 23.53 21.69 20.34 18.96 21.50 29.29 38.75 40.97 51.54 69.68121.28
 8921.25 10.95 10.64  9.70  9.02  8.34  9.60 13.69 19.09 20.40 27.03 39.56 81.53
 8922.25  8.55  8.32  7.56  7.03  6.49  7.49 10.72 15.07 16.10 21.49 31.87 68.03
 8923.25 13.55 13.20 12.02 11.21 10.36 11.91 16.87 23.41 24.89 32.69 47.09 92.65
 8924.25 29.42 28.81 26.63 25.11 23.49 26.41 35.19 45.73 47.93 59.11 77.81128.30
 8925.25 38.37 37.72 35.27 33.56 31.71 35.02 44.62 55.64 57.84 69.04 87.37135.91
 8926.25 38.12 37.51 35.04 33.34 31.48 34.79 44.38 55.45 57.59 68.80 87.13135.40
 8927.25 38.17 37.59 35.09 33.41 31.54 34.84 44.43 55.53 57.61 68.81 87.11135.04
 8928.25 37.36 36.82 34.31 32.65 30.79 34.06 43.60 54.73 56.75 67.95 86.22133.80
 8929.25 34.93 34.42 31.93 30.31 28.49 31.69 41.11 52.25 54.21 65.45 83.80131.28
 8930.25 33.32 32.85 30.36 28.78 26.98 30.12 39.47 50.65 52.56 63.87 82.36129.97
 8931.25 34.90 34.46 31.90 30.29 28.45 31.66 41.15 52.46 54.33 65.67 84.17131.51
 8932.25 37.36 36.94 34.32 32.69 30.80 34.07 43.66 55.01 56.82 68.09 86.42133.12
 8933.25 38.49 38.10 35.46 33.84 31.95 35.21 44.76 56.06 57.79 68.94 87.07133.05
 8934.25 38.70 38.35 35.70 34.09 32.19 35.44 44.96 56.24 57.90 69.00 87.02132.50
 8935.25 38.44 38.12 35.42 33.82 31.90 35.17 44.75 56.16 57.78 68.99 87.15132.70
 8936.25 37.53 37.24 34.52 32.92 31.00 34.26 43.89 55.44 57.02 68.33 86.67132.34
 8937.25 36.95 36.69 33.94 32.35 30.43 33.68 43.32 54.95 56.48 67.86 86.27131.85
 8938.25 36.92 36.69 33.92 32.34 30.41 33.66 43.31 54.98 56.45 67.83 86.26131.55
 8939.25 37.54 37.34 34.55 32.98 31.05 34.29 43.91 55.55 56.96 68.26 86.54131.21
 8940.25 37.92 37.76 34.95 33.40 31.47 34.70 44.26 55.85 57.19 68.39 86.52130.52
 8941.25 37.86 37.74 34.90 33.36 31.42 34.65 44.23 55.88 57.16 68.39 86.55130.32
 8942.25 38.12 38.03 35.16 33.63 31.68 34.91 44.50 56.20 57.43 68.66 86.84130.30
 8943.25 37.96 37.90 35.00 33.47 31.52 34.74 44.38 56.18 57.36 68.66 86.95130.31
 8944.25 27.88 27.85 25.27 23.94 22.26 25.04 33.74 45.06 46.16 57.43 76.17120.95
 8945.25 15.86 15.86 14.16 13.31 12.25 14.01 19.85 28.14 28.94 37.89 53.99 96.28
 8946.25 14.40 14.42 12.85 12.07 11.10 12.71 18.09 25.81 26.52 34.92 50.19 90.75
 8947.25 23.76 23.81 21.44 20.27 18.77 21.22 29.13 39.79 40.68 51.44 69.67113.04
 8948.25 36.55 36.65 33.67 32.19 30.25 33.40 42.98 54.96 55.86 67.19 85.55127.23
 8949.25 38.87 39.00 35.98 34.49 32.52 35.70 45.32 57.29 58.13 69.37 87.57128.65
 8950.25 38.59 38.75 35.70 34.21 32.23 35.41 45.07 57.14 57.93 69.23 87.53128.44
 8951.25 38.26 38.45 35.41 33.93 31.97 35.11 44.70 56.70 57.43 68.64 86.79127.02
 8952.25 37.97 38.19 35.14 33.68 31.73 34.84 44.39 56.38 57.05 68.23 86.30126.02
 8953.25 36.36 36.61 33.55 32.10 30.15 33.24 42.81 54.93 55.55 66.85 85.10124.81
 8954.25 33.06 33.33 30.35 28.96 27.09 30.05 39.34 51.30 51.85 63.04 81.14120.15
 8955.25 33.55 33.86 30.84 29.45 27.56 30.54 39.88 51.93 52.40 63.62 81.73120.40
 8956.25 37.42 37.78 34.62 33.17 31.20 34.30 43.97 56.34 56.74 68.13 86.47125.36
 8957.25 38.71 39.11 35.92 34.46 32.46 35.58 45.30 57.73 58.06 69.46 87.79126.38
 8958.25 32.50 32.92 29.85 28.47 26.60 29.53 38.91 51.35 51.61 63.16 81.88120.96
 8959.25 16.48 16.77 14.83 13.99 12.86 14.63 20.74 29.83 29.97 39.25 55.66 93.28
 8960.25  9.72  9.91  8.70  8.19  7.50  8.58 12.40 18.38 18.43 24.79 36.74 66.71
 8961.25 10.71 10.95  9.61  9.05  8.29  9.47 13.66 20.20 20.22 27.10 39.88 71.02
 8962.25 20.22 20.65 18.33 17.35 16.01 18.08 25.18 35.51 35.47 45.52 62.65 99.03
 8963.25 33.96 34.57 31.44 30.10 28.22 31.10 40.33 52.62 52.50 63.56 81.26116.44
 8964.25 37.55 38.20 34.97 33.60 31.64 34.61 44.07 56.56 56.36 67.49 85.29120.40
 8965.25 36.63 37.32 34.10 32.74 30.81 33.74 43.11 55.56 55.30 66.36 84.02118.52
 8966.25 36.37 37.10 33.85 32.50 30.56 33.49 42.89 55.45 55.11 66.23 83.96118.24
 8967.25 37.76 38.55 35.19 33.81 31.80 34.81 44.48 57.44 57.02 68.45 86.66121.52
 8968.25 38.91 39.75 36.33 34.94 32.90 35.94 45.74 58.89 58.39 69.94 88.34123.26
 8969.25 39.15 40.03 36.59 35.20 33.17 36.20 45.97 59.13 58.56 70.08 88.42122.90
 8970.25 37.46 38.36 34.98 33.62 31.63 34.59 44.18 57.18 56.55 67.89 85.93119.46
 8971.25 34.72 35.62 32.35 31.06 29.15 31.97 41.21 53.85 53.16 64.16 81.63113.71
 8972.25 33.85 34.81 31.48 30.18 28.26 31.09 40.46 53.40 52.62 63.87 81.73114.14
 8973.25 32.04 33.04 29.67 28.38 26.46 29.28 38.75 52.07 51.20 62.83 81.35114.62
 8974.25 32.37 33.41 30.03 28.75 26.82 29.63 39.07 52.35 51.41 62.95 81.27113.84
 8975.25 36.19 37.29 33.81 32.48 30.49 33.39 43.01 56.37 55.36 66.83 84.97116.90
 8976.25 37.81 38.97 35.41 34.07 32.03 34.98 44.76 58.34 57.25 68.86 87.21119.18
 8977.25 38.26 39.47 35.85 34.50 32.44 35.41 45.29 59.07 57.89 69.62 88.14120.07
 8978.25 38.66 39.92 36.27 34.93 32.86 35.83 45.73 59.59 58.34 70.10 88.65120.30
 8979.25 37.58 38.85 35.25 33.94 31.91 34.81 44.54 58.21 56.91 68.47 86.70117.45
 8980.25 34.28 35.53 32.07 30.83 28.89 31.65 40.97 54.21 52.89 64.07 81.68110.98
 8981.25 34.35 35.66 32.12 30.87 28.92 31.69 41.16 54.69 53.27 64.66 82.58112.01
 8982.25 35.65 37.06 33.35 32.06 30.02 32.90 42.77 56.95 55.40 67.29 85.99116.36
 8983.25 34.30 35.75 32.01 30.73 28.70 31.56 41.49 55.94 54.29 66.42 85.51116.12
 8984.25 34.00 35.49 31.73 30.47 28.44 31.28 41.19 55.71 53.98 66.13 85.23115.51
 8985.25 35.41 36.93 33.16 31.92 29.89 32.72 42.55 56.88 55.12 67.00 85.66114.89
 8986.25 34.71 36.19 32.58 31.41 29.47 32.16 41.49 55.08 53.35 64.56 82.14109.38
 8987.25 30.64 32.09 28.66 27.57 25.76 28.25 37.07 50.09 48.37 59.14 76.03101.83
 8988.25 28.87 30.38 26.90 25.83 24.05 26.50 35.35 48.69 46.85 57.93 75.36101.64
 8989.25 25.11 26.60 23.27 22.28 20.62 22.89 31.34 44.63 42.72 53.98 72.05 99.32
 8990.25 15.59 16.68 14.31 13.63 12.50 14.05 20.10 30.47 28.87 38.21 54.24 79.84
 8991.25 13.45 14.44 12.34 11.75 10.76 12.10 17.42 26.70 25.22 33.64 48.30 71.81
 8992.25 22.94 24.50 21.26 20.37 18.83 20.90 28.80 41.53 39.51 50.28 67.67 93.11
 8993.25 34.97 36.97 32.85 31.72 29.72 32.39 42.14 56.80 54.49 66.32 84.73110.78
 8994.25 33.98 36.08 31.84 30.70 28.68 31.37 41.33 56.50 54.03 66.29 85.33112.01
 8995.25 33.35 35.52 31.23 30.10 28.09 30.75 40.73 56.05 53.50 65.87 85.03111.63
 8996.25 36.90 39.17 34.76 33.62 31.55 34.27 44.36 59.66 57.06 69.28 88.08113.97
 8997.25 38.92 41.25 36.79 35.66 33.59 36.30 46.35 61.55 58.91 70.99 89.53114.86
 8998.25 38.99 41.36 36.89 35.78 33.72 36.40 46.38 61.52 58.83 70.83 89.18114.04
 8999.25 36.99 39.34 34.98 33.92 31.93 34.50 44.14 58.84 56.17 67.78 85.47109.28
 9000.25 34.07 36.37 32.17 31.19 29.30 31.72 40.88 54.94 52.33 63.41 80.21102.73
 9001.25 33.66 36.11 31.71 30.70 28.77 31.24 40.75 55.51 52.70 64.32 81.89105.36
 9002.25 22.68 24.81 21.07 20.26 18.70 20.68 28.83 42.70 39.93 51.41 69.52 94.49
 9003.25 11.81 13.09 10.88 10.42  9.53 10.65 15.51 24.59 22.66 30.69 44.46 65.25
 9004.25 11.17 12.43 10.30  9.86  9.02 10.08 14.71 23.45 21.55 29.28 42.57 62.76
 9005.25 20.50 22.65 19.03 18.30 16.85 18.66 26.33 39.80 36.92 48.11 65.84 90.49
 9006.25 34.47 37.32 32.52 31.54 29.54 32.02 41.88 57.51 54.26 66.40 84.46108.39
 9007.25 36.47 39.32 34.57 33.62 31.64 34.07 43.71 58.84 55.64 67.31 84.57107.44
 9008.25 37.14 40.09 35.22 34.26 32.26 34.71 44.50 59.90 56.59 68.43 85.88108.98
 9009.25 38.44 41.53 36.49 35.53 33.48 35.97 45.98 61.77 58.32 70.43 88.23111.74
 9010.25 38.69 41.85 36.75 35.79 33.74 36.23 46.26 62.16 58.63 70.78 88.57112.05
 9011.25 37.25 40.39 35.38 34.46 32.47 34.87 44.63 60.14 56.65 68.47 85.72108.43
 9012.25 36.85 40.03 35.01 34.10 32.13 34.49 44.20 59.68 56.14 67.90 85.00107.46
 9013.25 38.53 41.89 36.64 35.72 33.67 36.10 46.14 62.20 58.47 70.65 88.27111.39
 9014.25 39.23 42.68 37.33 36.41 34.34 36.78 46.94 63.23 59.40 71.71 89.49112.77
 9015.25 38.03 41.47 36.18 35.29 33.27 35.65 45.58 61.58 57.77 69.83 87.17109.84
 9016.25 34.67 37.93 32.96 32.15 30.27 32.46 41.72 56.69 53.07 64.33 80.46101.48
 9017.25 34.69 38.03 33.00 32.20 30.32 32.50 41.77 56.82 53.12 64.41 80.50101.42
 9018.25 37.84 41.47 36.04 35.19 33.18 35.50 45.42 61.56 57.54 69.61 86.76109.04
 9019.25 39.24 43.02 37.40 36.54 34.48 36.84 47.02 63.61 59.43 71.81 89.34112.09
 9020.25 39.13 42.99 37.30 36.45 34.38 36.73 46.96 63.69 59.42 71.87 89.43112.16
 9021.25 38.09 41.97 36.30 35.47 33.43 35.74 45.85 62.46 58.17 70.49 87.82110.18
 9022.25 35.00 38.82 33.28 32.50 30.53 32.74 42.53 58.76 54.52 66.53 83.35104.98
 9023.25 32.81 36.71 31.12 30.34 28.39 30.57 40.40 56.94 52.55 64.80 81.90103.81
 9024.25 34.77 38.83 33.04 32.26 30.25 32.48 42.55 59.44 54.92 67.37 84.68106.82
 9025.25 35.91 39.87 34.25 33.50 31.55 33.70 43.40 59.58 55.20 67.07 83.52104.55
 9026.25 36.10 40.09 34.46 33.74 31.80 33.91 43.53 59.60 55.20 66.95 83.18103.89
 9027.25 38.17 42.43 36.47 35.72 33.69 35.90 45.98 62.88 58.20 70.53 87.49109.10
 9028.25 38.66 43.05 36.94 36.19 34.13 36.35 46.62 63.86 59.04 71.60 88.80110.68
 9029.25 37.49 41.93 35.79 35.05 33.00 35.20 45.46 62.78 57.89 70.47 87.64109.40
 9030.25 34.99 39.48 33.32 32.60 30.57 32.73 42.95 60.42 55.43 68.11 85.34107.11
 9031.25 33.82 38.32 32.18 31.48 29.49 31.60 41.71 59.11 54.07 66.69 83.78105.29
 9032.25 36.16 40.80 34.51 33.81 31.77 33.91 44.18 61.73 56.61 69.28 86.36107.83
 9033.25 37.69 42.46 36.03 35.33 33.25 35.42 45.83 63.64 58.40 71.20 88.41110.02
 9034.25 37.60 42.44 35.95 35.26 33.18 35.33 45.77 63.68 58.36 71.21 88.41109.95
 9035.25 38.21 43.11 36.58 35.90 33.82 35.96 46.38 64.28 58.92 71.73 88.82110.20
 9036.25 39.03 44.00 37.41 36.74 34.66 36.78 47.22 65.16 59.73 72.54 89.58110.85
 9037.25 39.35 44.38 37.74 37.09 35.01 37.12 47.55 65.56 60.06 72.88 89.87111.05
 9038.25 38.00 43.12 36.40 35.76 33.68 35.77 46.26 64.46 58.85 71.79 88.85110.04
 9039.25 28.86 33.73 27.40 26.83 24.94 26.82 36.69 54.83 49.11 62.24 79.76101.55
 9040.25 20.41 24.45 19.25 18.80 17.32 18.79 26.89 43.06 37.76 49.93 66.82 88.47
 9041.25 22.57 26.94 21.34 20.87 19.26 20.84 29.50 46.42 40.88 53.42 70.50 92.06
 9042.25 32.45 37.63 30.98 30.42 28.45 30.37 40.49 58.66 52.83 65.72 82.50103.12
 9043.25 37.62 42.93 36.12 35.56 33.53 35.49 45.74 63.76 57.97 70.61 86.99107.07
 9044.25 38.86 44.32 37.36 36.80 34.73 36.71 47.13 65.48 59.54 72.39 88.97109.27
 9045.25 37.94 43.52 36.43 35.88 33.80 35.78 46.32 64.97 58.88 71.91 88.66109.08
 9046.25 36.61 42.26 35.12 34.58 32.51 34.47 45.02 63.80 57.62 70.73 87.49107.86
 9047.25 37.36 43.03 35.90 35.37 33.31 35.24 45.70 64.34 58.16 71.12 87.64107.68
 9048.25 37.86 43.59 36.42 35.90 33.84 35.76 46.21 64.86 58.63 71.57 88.01107.90
 9049.25 37.38 43.21 35.94 35.43 33.36 35.27 45.80 64.67 58.31 71.38 87.91107.84
 9050.25 29.78 35.41 28.44 27.98 26.06 27.82 37.89 56.83 50.32 63.64 80.61101.08
 9051.25 18.33 22.59 17.36 17.04 15.68 16.91 24.47 40.33 34.63 46.38 62.24 82.25
 9052.25 15.26 18.98 14.45 14.18 13.02 14.06 20.58 34.73 29.55 40.18 54.82 73.69
 9053.25 21.39 26.22 20.34 20.00 18.46 19.83 28.20 45.23 39.11 51.40 67.44 87.12
 9054.25 33.67 39.74 32.33 31.89 29.88 31.66 42.07 61.28 54.55 67.77 84.20103.71
 9055.25 37.57 43.80 36.21 35.78 33.71 35.53 46.11 65.37 58.60 71.76 88.03107.31
 9056.25 37.65 43.95 36.30 35.88 33.81 35.61 46.21 65.55 58.71 71.89 88.13107.32
 9057.25 37.57 43.93 36.23 35.82 33.75 35.54 46.14 65.53 58.63 71.82 88.01107.09
 9058.25 36.84 43.28 35.52 35.13 33.06 34.83 45.45 64.96 57.96 71.22 87.41106.42
 9059.25 35.40 41.85 34.11 33.73 31.68 33.41 43.95 63.44 56.40 69.63 85.72104.54
 9060.25 35.19 41.58 33.93 33.57 31.57 33.25 43.60 62.74 55.78 68.74 84.44102.76
 9061.25 36.16 42.60 34.92 34.57 32.56 34.23 44.57 63.69 56.70 69.60 85.18103.32
 9062.25 36.43 42.92 35.20 34.86 32.86 34.51 44.84 63.96 56.93 69.80 85.29103.27
 9063.25 36.55 43.07 35.34 35.02 33.02 34.65 44.93 64.00 56.95 69.77 85.12102.90
 9064.25 37.25 43.88 36.05 35.73 33.72 35.35 45.70 64.95 57.78 70.69 86.10103.89
 9065.25 37.64 44.45 36.43 36.12 34.08 35.72 46.25 65.90 58.54 71.69 87.33105.31
 9066.25 35.31 42.27 34.11 33.81 31.75 33.39 44.05 64.17 56.58 70.04 85.96104.18
 9067.25 33.66 40.62 32.48 32.20 30.18 31.77 42.36 62.51 54.85 68.33 84.23102.36
 9068.25 32.95 39.75 31.83 31.56 29.60 31.13 41.38 60.87 53.43 66.44 81.72 99.08
 9069.25 33.33 40.01 32.24 32.00 30.08 31.56 41.54 60.47 53.21 65.79 80.49 97.15
 9070.25 33.14 40.07 32.04 31.80 29.84 31.34 41.60 61.21 53.64 66.66 81.84 98.96
 9071.25 31.10 37.95 30.03 29.81 27.90 29.35 39.41 58.88 51.31 64.25 79.29 96.20
 9072.25 31.45 38.28 30.41 30.20 28.31 29.73 39.67 58.85 51.36 64.05 78.74 95.18
 9073.25 32.73 39.81 31.68 31.47 29.52 30.97 41.20 60.93 53.18 66.21 81.20 97.94
 9074.25 34.73 41.92 33.68 33.49 31.51 32.96 43.26 63.00 55.22 68.20 83.08 99.65
 9075.25 36.76 44.13 35.70 35.51 33.50 34.96 45.45 65.50 57.56 70.71 85.74102.43
 9076.25 37.45 44.99 36.38 36.21 34.16 35.63 46.29 66.71 58.58 71.96 87.18104.02
 9077.25 37.10 44.72 36.05 35.89 33.84 35.30 45.97 66.48 58.28 71.69 86.88103.63
 9078.25 35.82 43.35 34.80 34.65 32.65 34.06 44.53 64.73 56.61 69.79 84.67101.00
 9079.25 33.85 41.13 32.90 32.77 30.85 32.19 42.22 61.65 53.80 66.46 80.69 96.24
 9080.25 33.49 40.71 32.56 32.45 30.56 31.86 41.74 60.89 53.11 65.57 79.51 94.69
 9081.25 34.28 41.66 33.35 33.24 31.33 32.63 42.65 62.13 54.18 66.81 80.90 96.17
 9082.25 36.03 43.76 35.07 34.97 32.98 34.32 44.74 65.02 56.70 69.83 84.41100.16
 9083.25 36.96 44.95 36.00 35.91 33.87 35.23 45.91 66.75 58.17 71.64 86.53102.57
 9084.25 36.64 44.71 35.69 35.61 33.57 34.91 45.63 66.60 57.92 71.45 86.35102.32
 9085.25 35.23 43.22 34.31 34.24 32.24 33.54 44.09 64.81 56.19 69.55 84.19 99.82
 9086.25 31.54 39.20 30.69 30.64 28.75 29.96 39.98 59.89 51.56 64.39 78.41 93.30
 9087.25 28.74 36.29 27.92 27.89 26.06 27.22 37.01 56.88 48.49 61.33 75.34 90.15
 9088.25 29.71 37.72 28.87 28.84 26.93 28.12 38.43 59.49 50.55 64.15 78.96 94.55
 9089.25 32.40 40.69 31.54 31.52 29.53 30.76 41.38 62.75 53.67 67.39 82.22 97.75
 9090.25 35.61 43.95 34.76 34.75 32.74 33.97 44.59 65.67 56.70 70.16 84.62 99.72
 9091.25 36.80 45.22 35.96 35.97 33.95 35.17 45.81 66.91 57.90 71.34 85.74100.72
 9092.25 35.64 44.04 34.82 34.84 32.84 34.04 44.58 65.58 56.57 69.94 84.18 98.93
 9093.25 32.49 40.87 31.69 31.72 29.77 30.92 41.36 62.48 53.36 66.81 81.09 95.79
 9094.25 25.50 33.38 24.79 24.82 23.06 24.09 33.81 54.75 45.52 59.09 73.70 88.78
 9095.25 22.76 30.31 22.11 22.15 20.51 21.45 30.68 51.27 42.07 55.56 70.22 85.41
 9096.25 28.26 36.75 27.53 27.60 25.71 26.78 37.10 58.99 49.33 63.36 78.22 93.36
 9097.25 34.84 43.77 34.07 34.15 32.12 33.26 44.10 66.06 56.43 70.30 84.77 99.39
 9098.25 35.67 44.46 34.93 35.02 33.02 34.12 44.74 66.15 56.73 70.21 84.23 98.33
 9099.25 33.62 42.13 32.92 33.02 31.10 32.14 42.35 63.04 53.90 66.91 80.37 93.85
 9100.25 32.65 41.11 31.98 32.09 30.20 31.21 41.28 61.76 52.67 65.53 78.77 91.95
 9101.25 34.87 43.79 34.18 34.31 32.33 33.37 43.92 65.36 55.81 69.25 83.03 96.68
 9102.25 36.68 45.92 35.98 36.12 34.08 35.14 46.01 68.12 58.24 72.07 86.20100.13
 9103.25 33.98 43.34 33.30 33.45 31.42 32.46 43.38 65.93 55.79 69.91 84.28 98.36
 9104.25 24.12 32.45 23.55 23.69 21.97 22.83 32.45 54.02 44.08 57.91 72.30 86.50
 9105.25 18.59 25.67 18.12 18.25 16.84 17.53 25.63 44.92 35.84 48.46 61.94 75.44
 9106.25 21.89 29.76 21.39 21.53 19.95 20.72 29.68 50.16 40.61 53.76 67.41 80.78
 9107.25 30.43 39.40 29.85 30.03 28.15 29.06 39.27 60.72 50.91 64.28 77.68 90.53
 9108.25 35.14 44.33 34.56 34.76 32.82 33.74 44.16 65.60 55.80 69.08 82.32 94.95
 9109.25 37.01 46.53 36.42 36.64 34.63 35.57 46.30 68.40 58.26 71.93 85.50 98.39
 9110.25 37.49 47.22 36.91 37.14 35.11 36.04 46.94 69.44 59.09 72.98 86.71 99.68
 9111.25 37.27 47.10 36.70 36.95 34.91 35.83 46.78 69.44 58.98 72.95 86.70 99.59
 9112.25 37.14 47.03 36.58 36.84 34.80 35.71 46.67 69.40 58.86 72.85 86.56 99.34
 9113.25 37.17 47.12 36.63 36.90 34.86 35.75 46.71 69.48 58.89 72.88 86.53 99.19
 9114.25 37.12 47.12 36.59 36.87 34.84 35.71 46.67 69.48 58.83 72.82 86.42 98.94
 9115.25 36.46 46.47 35.95 36.24 34.22 35.07 45.97 68.73 58.07 72.01 85.49 97.83
 9116.25 35.46 45.46 34.97 35.28 33.28 34.10 44.92 67.58 56.93 70.79 84.13 96.26
 9117.25 33.85 43.67 33.39 33.69 31.74 32.53 43.09 65.32 54.84 68.41 81.42 93.17
 9118.25 31.71 41.19 31.28 31.58 29.72 30.46 40.60 62.04 51.89 64.97 77.46 88.65
 9119.25 32.04 41.70 31.61 31.93 30.05 30.78 41.06 62.85 52.50 65.77 78.38 89.59
 9120.25 34.45 44.73 34.02 34.37 32.37 33.14 44.00 67.02 56.05 70.05 83.29 94.99
 9121.25 35.43 45.99 35.00 35.37 33.33 34.10 45.20 68.75 57.50 71.80 85.26 97.08
 9122.25 35.14 45.80 34.73 35.11 33.06 33.81 44.97 68.70 57.32 71.71 85.20 96.97
 9123.25 34.04 44.70 33.64 34.03 32.00 32.73 43.83 67.59 56.15 70.55 83.99 95.62
 9124.25 31.62 42.20 31.24 31.64 29.66 30.35 41.29 65.05 53.55 67.97 81.39 92.92
 9125.25 29.54 40.09 29.19 29.59 27.64 28.31 39.13 63.10 51.42 66.00 79.56 91.13
 9126.25 30.35 41.06 30.01 30.42 28.46 29.11 40.05 64.18 52.40 67.03 80.56 92.01
 9127.25 32.11 42.86 31.78 32.21 30.23 30.88 41.81 65.59 53.99 68.33 81.49 92.55
 9128.25 32.41 43.00 32.10 32.53 30.58 31.20 41.94 65.17 53.81 67.78 80.54 91.18
 9129.25 32.20 42.63 31.91 32.35 30.43 31.03 41.54 64.28 53.14 66.79 79.19 89.46
 9130.25 31.91 42.11 31.64 32.08 30.21 30.78 41.02 63.14 52.27 65.53 77.52 87.37
 9131.25 33.61 44.12 33.34 33.80 31.89 32.46 42.95 65.62 54.45 68.00 80.21 90.15
 9132.25 35.34 46.25 35.07 35.56 33.59 34.16 45.00 68.41 56.84 70.82 83.36 93.49
 9133.25 35.60 46.62 35.35 35.85 33.86 34.42 45.32 68.89 57.22 71.27 83.82 93.88
 9134.25 34.49 45.37 34.26 34.76 32.81 33.35 44.06 67.29 55.75 69.58 81.88 91.65
 9135.25 32.35 42.94 32.14 32.64 30.76 31.26 41.63 64.21 52.96 66.39 78.29 87.65
 9136.25 29.63 39.83 29.44 29.93 28.14 28.60 38.53 60.34 49.43 62.40 73.83 82.74
 9137.25 31.50 42.14 31.32 31.84 29.97 30.44 40.74 63.35 52.01 65.43 77.18 86.25
 9138.25 34.31 45.71 34.13 34.70 32.71 33.19 44.18 68.27 56.16 70.43 82.88 92.40
 9139.25 34.83 46.48 34.66 35.25 33.23 33.70 44.88 69.42 57.05 71.56 84.17 93.73
 9140.25 35.40 47.03 35.25 35.84 33.83 34.28 45.41 69.79 57.47 71.87 84.32 93.69
 9141.25 35.62 47.31 35.48 36.09 34.07 34.51 45.64 70.06 57.69 72.09 84.49 93.72
 9142.25 35.21 46.99 35.09 35.71 33.69 34.12 45.27 69.83 57.35 71.82 84.21 93.34
 9143.25 35.12 46.87 35.01 35.64 33.64 34.04 45.12 69.54 57.10 71.46 83.71 92.65
 9144.25 35.27 47.05 35.18 35.82 33.82 34.21 45.27 69.66 57.20 71.53 83.69 92.47
 9145.25 35.47 47.41 35.39 36.04 34.03 34.41 45.56 70.22 57.60 72.06 84.29 93.02
 9146.25 35.42 47.49 35.35 36.02 34.00 34.36 45.59 70.47 57.70 72.27 84.53 93.19
 9147.25 35.25 47.42 35.20 35.88 33.86 34.21 45.46 70.47 57.60 72.23 84.48 93.03
 9148.25 35.12 47.32 35.09 35.78 33.76 34.09 45.33 70.33 57.43 72.04 84.21 92.62
 9149.25 34.47 46.63 34.45 35.15 33.15 33.46 44.61 69.47 56.61 71.12 83.16 91.37
 9150.25 33.75 45.83 33.74 34.45 32.48 32.77 43.78 68.44 55.65 70.02 81.88 89.88
 9151.25 33.37 45.30 33.37 34.08 32.14 32.41 43.25 67.52 54.90 69.03 80.64 88.38
 9152.25 31.04 42.58 31.06 31.74 29.88 30.13 40.56 64.08 51.81 65.50 76.68 84.05
 9153.25 26.30 37.62 26.34 27.01 25.23 25.45 35.58 59.34 46.81 60.74 72.14 79.56
 9154.25 22.33 33.15 22.37 23.00 21.35 21.54 31.13 54.91 42.18 56.30 68.00 75.58
 9155.25 21.69 32.17 21.74 22.36 20.77 20.94 30.19 53.05 40.80 54.33 65.48 72.61
 9156.25 26.43 37.85 26.50 27.20 25.43 25.60 35.70 59.40 46.83 60.64 71.77 78.72
 9157.25 31.40 43.88 31.49 32.27 30.32 30.50 41.53 66.78 53.43 68.05 79.71 86.89
 9158.25 32.82 45.69 32.93 33.75 31.74 31.91 43.23 69.11 55.41 70.35 82.22 89.43
 9159.25 31.00 43.79 31.13 31.94 29.97 30.12 41.31 67.18 53.43 68.38 80.22 87.30
 9160.25 30.89 43.56 31.02 31.84 29.89 30.02 41.07 66.58 52.99 67.71 79.30 86.14
 9161.25 30.98 43.80 31.13 31.96 30.00 30.12 41.25 67.02 53.26 68.11 79.74 86.50
 9162.25 27.48 40.13 27.64 28.45 26.56 26.66 37.55 63.67 49.59 64.74 76.64 83.45
 9163.25 23.39 35.31 23.55 24.31 22.58 22.66 32.81 58.38 44.41 59.40 71.29 78.04
 9164.25 24.11 36.27 24.28 25.07 23.30 23.37 33.70 59.51 45.40 60.48 72.35 78.96
 9165.25 30.11 43.32 30.31 31.20 29.23 29.29 40.55 67.12 52.77 68.04 79.80 86.21
 9166.25 34.01 47.42 34.24 35.15 33.14 33.18 44.61 70.90 56.73 71.76 83.23 89.37
 9167.25 33.54 46.77 33.78 34.69 32.71 32.73 43.97 69.85 55.87 70.64 81.87 87.77
 9168.25 33.21 46.38 33.46 34.38 32.41 32.42 43.56 69.24 55.34 69.99 81.05 86.76
 9169.25 33.79 47.17 34.06 35.00 33.01 33.00 44.27 70.28 56.18 70.98 82.12 87.76
 9170.25 34.28 47.85 34.57 35.53 33.53 33.50 44.89 71.19 56.90 71.85 83.05 88.60
 9171.25 34.10 47.67 34.40 35.37 33.37 33.34 44.67 70.91 56.62 71.52 82.62 88.02
 9172.25 32.93 46.33 33.23 34.20 32.24 32.19 43.34 69.24 55.10 69.80 80.69 85.88
 9173.25 31.61 44.63 31.93 32.87 30.98 30.91 41.70 66.83 53.08 67.32 77.83 82.73
 9174.25 30.58 43.19 30.89 31.81 29.99 29.91 40.32 64.59 51.29 65.03 75.11 79.70
 9175.25 31.67 44.59 32.01 32.96 31.10 31.00 41.63 66.39 52.79 66.79 77.00 81.55
 9176.25 33.14 46.44 33.50 34.49 32.58 32.46 43.37 68.75 54.78 69.11 79.52 84.04
 9177.25 33.65 47.19 34.03 35.04 33.10 32.97 44.03 69.82 55.60 70.14 80.65 85.11
 9178.25 34.51 48.38 34.91 35.96 33.98 33.83 45.12 71.46 56.91 71.74 82.41 86.82
 9179.25 35.23 49.30 35.65 36.72 34.72 34.55 45.96 72.61 57.86 72.85 83.58 87.91
 9180.25 35.44 49.61 35.87 36.96 34.95 34.77 46.22 72.99 58.14 73.18 83.89 88.09
 9181.25 35.55 49.70 36.00 37.09 35.10 34.90 46.29 72.96 58.14 73.11 83.71 87.75
 9182.25 35.58 49.82 36.04 37.14 35.15 34.93 46.36 73.13 58.22 73.23 83.81 87.73
 9183.25 34.68 48.82 35.15 36.25 34.28 34.06 45.36 71.90 57.09 71.96 82.39 86.13
 9184.25 32.75 46.57 33.23 34.31 32.39 32.16 43.16 69.09 54.59 69.10 79.21 82.73
 9185.25 33.00 47.00 33.49 34.59 32.66 32.41 43.51 69.73 55.04 69.69 79.85 83.25
 9186.25 34.89 49.36 35.41 36.56 34.57 34.29 45.73 72.72 57.57 72.64 83.03 86.39
 9187.25 35.79 50.45 36.34 37.51 35.50 35.20 46.75 74.01 58.68 73.88 84.32 87.58
 9188.25 36.10 50.85 36.66 37.85 35.84 35.52 47.10 74.47 59.04 74.29 84.70 87.83
 9189.25 35.95 50.74 36.52 37.72 35.71 35.38 46.95 74.35 58.88 74.13 84.48 87.47
 9190.25 35.61 50.41 36.19 37.40 35.40 35.06 46.59 73.94 58.47 73.67 83.95 86.79
 9191.25 35.02 49.83 35.62 36.83 34.84 34.48 45.98 73.32 57.83 73.01 83.21 85.91
 9192.25 34.50 49.26 35.11 36.32 34.35 33.98 45.39 72.57 57.14 72.22 82.29 84.82
 9193.25 34.95 49.81 35.58 36.81 34.83 34.44 45.90 73.20 57.67 72.80 82.85 85.25
 9194.25 34.52 49.35 35.16 36.39 34.42 34.02 45.42 72.62 57.12 72.18 82.13 84.39
 9195.25 33.11 47.51 33.74 34.95 33.04 32.64 43.66 70.03 54.98 69.56 79.14 81.19
 9196.25 33.74 48.33 34.39 35.62 33.70 33.28 44.41 71.05 55.81 70.52 80.14 82.06
 9197.25 35.33 50.45 36.01 37.30 35.31 34.86 46.36 73.91 58.13 73.33 83.21 85.06
 9198.25 35.61 50.92 36.32 37.62 35.62 35.15 46.76 74.59 58.62 73.96 83.88 85.61
 9199.25 35.21 50.61 35.94 37.25 35.25 34.76 46.39 74.33 58.27 73.65 83.55 85.13
 9200.25 35.10 50.60 35.84 37.17 35.17 34.66 46.33 74.42 58.24 73.69 83.57 85.02
 9201.25 35.22 50.80 35.97 37.32 35.31 34.79 46.48 74.66 58.40 73.88 83.73 85.04
 9202.25 35.12 50.78 35.89 37.25 35.24 34.70 46.41 74.69 58.35 73.87 83.69 84.85
 9203.25 34.92 50.64 35.70 37.08 35.07 34.51 46.23 74.56 58.16 73.70 83.47 84.49
 9204.25 34.56 50.29 35.36 36.74 34.74 34.17 45.85 74.15 57.74 73.24 82.94 83.82
 9205.25 34.10 49.78 34.91 36.29 34.31 33.72 45.33 73.50 57.13 72.55 82.13 82.86
 9206.25 34.04 49.71 34.86 36.25 34.27 33.68 45.24 73.33 56.98 72.34 81.84 82.42
 9207.25 33.87 49.57 34.70 36.09 34.12 33.51 45.06 73.16 56.78 72.13 81.56 82.00
 9208.25 33.95 49.71 34.80 36.20 34.23 33.61 45.16 73.31 56.87 72.23 81.61 81.91
 9209.25 34.64 50.57 35.50 36.94 34.95 34.30 45.94 74.32 57.72 73.19 82.59 82.74
 9210.25 34.75 50.86 35.64 37.09 35.10 34.43 46.16 74.80 58.02 73.62 83.04 83.06
 9211.25 34.25 50.44 35.16 36.62 34.62 33.94 45.69 74.45 57.58 73.22 82.62 82.49
 9212.25 33.82 49.92 34.73 36.19 34.21 33.52 45.17 73.73 56.95 72.47 81.74 81.46
 9213.25 33.54 49.58 34.46 35.93 33.97 33.26 44.83 73.22 56.51 71.92 81.08 80.66
 9214.25 33.52 49.49 34.45 35.91 33.97 33.25 44.73 72.93 56.31 71.60 80.63 80.08
 9215.25 33.73 49.77 34.68 36.16 34.21 33.48 44.97 73.24 56.55 71.86 80.85 80.14
 9216.25 33.28 49.38 34.24 35.73 33.78 33.03 44.54 72.87 56.11 71.45 80.40 79.56
 9217.25 30.67 46.68 31.62 33.10 31.18 30.44 41.81 70.18 53.35 68.71 77.62 76.62
 9218.25 26.38 42.36 27.32 28.77 26.91 26.17 37.40 66.65 49.15 65.07 74.32 73.13
 9219.25 25.05 41.02 25.98 27.43 25.59 24.85 36.01 65.68 47.82 64.02 73.42 72.05
 9220.25 29.42 46.13 30.44 31.99 30.03 29.23 40.95 70.79 52.96 69.11 78.34 76.84
 9221.25 33.19 49.98 34.25 35.83 33.84 33.00 44.81 74.16 56.66 72.48 81.43 79.82
 9222.25 33.29 50.10 34.36 35.95 33.97 33.11 44.90 74.22 56.71 72.50 81.38 79.62
 9223.25 32.38 49.33 33.46 35.07 33.08 32.21 44.05 73.66 55.94 71.88 80.79 78.86
 9224.25 29.63 46.41 30.70 32.28 30.34 29.47 41.13 70.76 52.96 68.93 77.82 75.74
 9225.25 24.81 40.90 25.82 27.31 25.50 24.68 35.72 65.17 47.30 63.28 72.21 69.95
 9226.25 20.95 36.05 21.88 23.25 21.60 20.84 31.07 60.02 42.21 58.07 67.04 64.60
 9227.25 20.30 35.24 21.22 22.58 20.96 20.21 30.28 59.15 41.31 57.15 66.09 63.48
 9228.25 23.14 39.11 24.16 25.64 23.88 23.05 33.86 63.57 45.36 61.51 70.43 67.67
 9229.25 27.58 44.51 28.71 30.32 28.42 27.49 39.02 69.06 50.83 66.99 75.73 72.85
 9230.25 30.56 47.75 31.73 33.39 31.44 30.47 42.22 72.08 54.01 69.99 78.55 75.57
 9231.25 31.44 48.77 32.64 34.33 32.36 31.37 43.18 73.09 54.98 70.96 79.47 76.33
 9232.25 31.74 49.11 32.95 34.65 32.69 31.68 43.49 73.41 55.27 71.23 79.68 76.40
 9233.25 32.59 49.99 33.82 35.54 33.57 32.55 44.35 74.15 56.06 71.94 80.29 76.88
 9234.25 32.65 50.00 33.89 35.61 33.65 32.61 44.36 74.01 55.99 71.78 80.03 76.49
 9235.25 32.07 49.45 33.32 35.05 33.10 32.05 43.77 73.47 55.39 71.19 79.40 75.70
 9236.25 31.99 49.58 33.26 35.01 33.05 31.97 43.81 73.86 55.53 71.51 79.75 75.86
 9237.25 31.99 49.56 33.27 35.03 33.08 31.99 43.78 73.72 55.44 71.35 79.50 75.48
 9238.25 31.70 49.13 32.98 34.73 32.80 31.71 43.37 73.02 54.89 70.63 78.64 74.51
 9239.25 31.88 49.42 33.18 34.95 33.01 31.90 43.60 73.38 55.15 70.94 78.92 74.63
 9240.25 32.47 50.24 33.80 35.60 33.64 32.50 44.33 74.43 55.98 71.93 79.94 75.45
 9241.25 32.74 50.69 34.10 35.92 33.95 32.79 44.70 75.05 56.42 72.49 80.50 75.83
 9242.25 32.42 50.39 33.79 35.62 33.65 32.48 44.37 74.71 56.06 72.11 80.06 75.24
 9243.25 31.89 49.79 33.27 35.09 33.14 31.96 43.77 73.98 55.39 71.35 79.21 74.26
 9244.25 31.55 49.38 32.93 34.75 32.82 31.63 43.36 73.41 54.89 70.76 78.52 73.45
 9245.25 31.52 49.30 32.90 34.73 32.80 31.61 43.28 73.20 54.73 70.51 78.18 72.99
 9246.25 31.81 49.67 33.22 35.05 33.13 31.92 43.60 73.55 55.04 70.83 78.45 73.10
 9247.25 32.66 50.83 34.10 35.98 34.03 32.78 44.64 75.05 56.24 72.25 79.92 74.34
 9248.25 32.88 51.26 34.35 36.25 34.29 33.01 44.98 75.70 56.67 72.83 80.52 74.74
 9249.25 31.18 49.57 32.65 34.56 32.60 31.32 43.24 74.08 54.94 71.16 78.83 72.87
 9250.25 29.18 47.43 30.64 32.52 30.60 29.33 41.11 71.91 52.74 68.95 76.57 70.45
 9251.25 29.12 47.34 30.59 32.48 30.56 29.28 41.01 71.70 52.57 68.71 76.24 69.99
 9252.25 29.58 48.09 31.08 33.01 31.07 29.76 41.64 72.74 53.34 69.67 77.25 70.76
 9253.25 28.69 47.29 30.20 32.13 30.20 28.87 40.76 72.18 52.53 69.03 76.64 69.92
 9254.25 28.99 47.65 30.52 32.46 30.53 29.19 41.09 72.49 52.84 69.31 76.85 69.99
 9255.25 30.89 49.74 32.46 34.45 32.48 31.10 43.13 74.49 54.87 71.29 78.73 71.75
 9256.25 30.97 49.95 32.56 34.56 32.60 31.19 43.27 74.82 55.06 71.56 78.99 71.81
 9257.25 31.91 50.94 33.52 35.54 33.57 32.15 44.24 75.69 55.97 72.40 79.75 72.45
 9258.25 33.28 52.21 34.90 36.92 34.96 33.53 45.54 76.68 57.14 73.38 80.60 73.22
 9259.25 33.04 51.81 34.66 36.67 34.74 33.30 45.18 75.99 56.63 72.69 79.78 72.32
 9260.25 32.64 51.22 34.25 36.25 34.34 32.90 44.64 75.09 55.94 71.80 78.75 71.23
 9261.25 32.86 51.55 34.50 36.51 34.60 33.15 44.92 75.51 56.24 72.16 79.08 71.38
 9262.25 32.68 51.64 34.34 36.39 34.45 32.97 44.88 75.89 56.34 72.46 79.42 71.46
 9263.25 31.74 51.02 33.43 35.52 33.56 32.05 44.11 75.70 55.75 72.17 79.20 70.93
 9264.25 30.04 49.55 31.75 33.85 31.89 30.36 42.51 74.69 54.32 71.05 78.16 69.57
 9265.25 28.72 48.23 30.43 32.52 30.58 29.05 41.14 73.53 52.97 69.82 76.93 68.12
 9266.25 30.99 50.57 32.74 34.86 32.90 31.34 43.49 75.54 55.22 71.85 78.81 69.95
 9267.25 32.45 52.09 34.22 36.37 34.40 32.81 44.99 76.93 56.67 73.22 80.09 71.12
 9268.25 31.22 50.94 33.00 35.16 33.19 31.59 43.78 75.93 55.50 72.15 79.02 69.82
 9269.25 31.47 51.14 33.26 35.42 33.46 31.85 43.98 75.96 55.62 72.16 78.93 69.63
 9270.25 32.91 52.59 34.72 36.89 34.93 33.31 45.42 77.24 56.99 73.43 80.11 70.70
 9271.25 33.40 53.10 35.23 37.41 35.46 33.81 45.92 77.71 57.45 73.86 80.48 70.93
 9272.25 32.94 52.47 34.76 36.93 34.99 33.35 45.33 76.81 56.72 72.97 79.47 69.85
 9273.25 32.65 52.12 34.47 36.64 34.72 33.08 44.98 76.32 56.30 72.46 78.87 69.14
 9274.25 33.03 52.73 34.89 37.09 35.15 33.47 45.49 77.14 56.90 73.20 79.63 69.65
 9275.25 33.17 52.97 35.05 37.26 35.32 33.63 45.68 77.46 57.11 73.47 79.86 69.69
 9276.25 33.08 52.94 34.97 37.20 35.26 33.55 45.60 77.44 57.03 73.41 79.75 69.41
 9277.25 32.39 52.08 34.27 36.49 34.57 32.86 44.79 76.32 56.08 72.29 78.53 68.13
 9278.25 30.84 49.86 32.67 34.81 32.96 31.30 42.80 73.24 53.68 69.32 75.29 65.11
 9279.25 30.01 48.66 31.81 33.92 32.11 30.48 41.72 71.51 52.35 67.64 73.43 63.31
 9280.25 31.19 50.44 33.06 35.24 33.38 31.68 43.26 73.98 54.19 69.95 75.86 65.27
 9281.25 32.86 52.80 34.81 37.07 35.15 33.38 45.35 77.09 56.62 72.90 78.95 67.85
 9282.25 33.36 53.50 35.34 37.64 35.71 33.90 45.96 77.98 57.32 73.72 79.77 68.42
 9283.25 32.93 53.05 34.91 37.21 35.29 33.47 45.50 77.46 56.81 73.17 79.16 67.67
 9284.25 31.60 51.22 33.54 35.79 33.92 32.14 43.84 74.97 54.84 70.76 76.54 65.21
 9285.25 30.49 49.77 32.41 34.62 32.79 31.04 42.49 73.06 53.27 68.89 74.51 63.23
 9286.25 30.56 50.11 32.52 34.76 32.91 31.13 42.71 73.67 53.60 69.41 75.05 63.47
 9287.25 29.39 49.45 31.38 33.68 31.80 29.97 41.81 73.75 53.01 69.32 75.09 62.97
 9288.25 25.13 45.09 27.06 29.30 27.47 25.69 37.34 70.07 48.67 65.45 71.37 58.68
 9289.25 24.12 43.99 26.04 28.26 26.46 24.69 36.22 69.05 47.52 64.37 70.27 57.34
 9290.25 26.74 47.12 28.76 31.08 29.21 27.35 39.23 72.10 50.62 67.42 73.22 60.21
 9291.25 27.86 48.25 29.91 32.24 30.37 28.48 40.38 72.93 51.67 68.27 73.94 60.94
 9292.25 30.16 50.61 32.25 34.62 32.73 30.80 42.75 74.99 53.95 70.36 75.91 62.89
 9293.25 31.18 51.40 33.27 35.62 33.75 31.83 43.63 75.37 54.64 70.77 76.18 63.22
 9294.25 28.42 48.26 30.46 32.76 30.94 29.06 40.59 71.89 51.41 67.33 72.62 59.67
 9295.25 23.61 43.05 25.55 27.76 26.02 24.23 35.38 67.06 46.18 62.35 67.71 54.31
 9296.25 22.32 41.86 24.25 26.44 24.72 22.94 34.06 66.48 45.00 61.59 67.06 53.10
 9297.25 22.49 41.75 24.41 26.60 24.89 23.11 34.08 65.71 44.78 60.92 66.19 52.47
 9298.25 26.34 46.15 28.39 30.69 28.91 27.01 38.38 69.78 49.12 65.05 70.16 56.51
 9299.25 30.35 50.66 32.50 34.89 33.05 31.06 42.76 74.42 53.62 69.64 74.73 60.85
 9300.25 28.94 48.39 31.01 33.30 31.55 29.64 40.81 71.08 51.17 66.48 71.30 57.89
 9301.25 28.61 47.99 30.68 32.97 31.23 29.31 40.42 70.55 50.71 65.94 70.68 57.16
 9302.25 30.64 50.96 32.82 35.23 33.41 31.39 43.01 74.54 53.76 69.68 74.60 60.30
 9303.25 30.66 50.91 32.85 35.25 33.44 31.41 42.98 74.36 53.66 69.50 74.34 59.96
 9304.25 29.87 50.04 32.05 34.45 32.65 30.62 42.12 73.36 52.73 68.48 73.25 58.77
 9305.25 30.94 52.02 33.23 35.74 33.86 31.74 43.72 76.33 54.77 71.21 76.14 60.85
 9306.25 28.97 50.29 31.27 33.80 31.92 29.78 41.84 75.06 53.06 69.81 74.78 59.04
 9307.25 16.43 33.23 18.09 19.96 18.57 17.02 26.20 55.54 35.57 50.62 55.21 40.64
 9308.25  7.74 17.26  8.62  9.62  8.88  8.05 13.08 32.04 18.67 28.56 31.74 21.75
 9309.25  5.50 12.50  6.13  6.86  6.32  5.72  9.39 23.80 13.54 21.07 23.52 15.75
 9310.25  6.61 15.01  7.38  8.26  7.62  6.89 11.28 28.39 16.23 25.15 28.00 18.72
 9311.25 10.05 22.33 11.21 12.52 11.56 10.47 16.94 40.88 24.04 36.46 40.29 27.41
 9312.25 13.16 28.47 14.63 16.30 15.09 13.69 21.83 50.29 30.49 45.17 49.54 34.35
 9313.25 15.35 32.52 17.05 18.95 17.57 15.98 25.15 55.95 34.69 50.49 55.07 38.69
 9314.25 10.65 23.51 11.88 13.27 12.27 11.10 17.87 42.42 25.18 37.86 41.62 28.17
 9315.25  4.51 10.45  5.06  5.68  5.23  4.71  7.77 20.06 11.24 17.64 19.61 12.63
 9316.25  3.10  7.25  3.49  3.92  3.61  3.25  5.37 14.04  7.79 12.30 13.68  8.70
 9317.25  7.63 17.13  8.55  9.57  8.84  7.98 12.92 31.28 18.29 27.77 30.50 20.08
 9318.25 20.18 38.87 22.20 24.40 22.85 20.96 31.11 61.18 40.85 55.99 59.99 43.73
 9319.25 17.64 35.56 19.53 21.60 20.14 18.36 27.98 57.89 37.48 52.61 56.61 40.12
 9320.25 14.39 30.91 16.06 17.91 16.61 15.03 23.72 53.18 32.72 47.75 51.78 35.08
 9321.25 17.93 36.81 19.91 22.08 20.57 18.70 28.75 60.64 38.76 54.91 59.10 41.14
 9322.25 24.16 44.28 26.44 28.87 27.19 25.06 36.03 67.15 46.18 61.74 65.64 48.33
 9323.25 18.47 36.12 20.40 22.48 21.05 19.23 28.70 57.27 37.81 52.18 55.78 39.56
 9324.25  7.96 18.09  8.96 10.06  9.30  8.35 13.55 32.94 19.16 29.11 31.76 20.19
 9325.25  4.11  9.75  4.65  5.25  4.84  4.33  7.16 18.70 10.34 16.29 17.92 10.85
 9326.25  4.47 10.64  5.06  5.72  5.27  4.71  7.81 20.48 11.28 17.81 19.58 11.74
 9327.25  7.12 16.65  8.05  9.08  8.38  7.49 12.30 31.17 17.60 27.28 29.82 18.18
 9328.25 17.33 35.37 19.28 21.40 19.97 18.12 27.61 57.69 36.93 52.08 55.70 37.68
 9329.25 29.08 50.91 31.67 34.38 32.57 30.15 41.95 74.86 52.61 68.95 72.70 53.22
 9330.25 29.19 50.76 31.76 34.44 32.66 30.25 41.90 74.35 52.40 68.50 72.15 52.80
 9331.25 26.06 46.97 28.53 31.12 29.40 27.08 38.32 69.97 48.52 64.23 67.75 48.68
 9332.25 19.87 39.47 22.08 24.44 22.88 20.79 31.13 62.34 40.95 56.54 60.03 40.90
 9333.25 12.45 27.19 14.01 15.70 14.58 13.10 20.67 46.32 28.35 41.31 44.27 28.16
 9334.25 12.08 26.13 13.59 15.22 14.15 12.71 19.94 44.01 27.19 39.32 42.03 26.79
 9335.25 20.15 38.49 22.30 24.55 23.08 21.06 30.76 59.07 39.73 53.79 56.79 39.04
 9336.25 25.67 45.59 28.08 30.58 28.96 26.69 37.33 67.16 46.86 61.61 64.71 45.94
 9337.25 26.21 46.41 28.67 31.21 29.57 27.26 38.03 68.22 47.67 62.59 65.68 46.53
 9338.25 20.77 39.65 23.00 25.33 23.82 21.72 31.66 60.73 40.82 55.23 58.19 39.54
 9339.25 10.44 23.70 11.84 13.35 12.37 11.03 17.70 41.51 24.58 36.60 39.17 23.40
 9340.25  8.12 19.35  9.26 10.51  9.71  8.61 14.14 35.73 20.10 31.05 33.44 18.90
 9341.25 10.16 23.69 11.57 13.10 12.12 10.77 17.49 42.47 24.55 37.18 39.85 23.02
 9342.25 13.08 27.85 14.73 16.49 15.37 13.79 21.34 45.72 28.70 40.87 43.30 27.02
 9343.25 12.09 24.54 13.55 15.07 14.11 12.73 19.16 38.73 25.20 34.91 36.78 23.66
 9344.25 13.27 26.43 14.83 16.46 15.44 13.96 20.77 41.13 27.09 37.16 39.06 25.28
 9345.25 17.18 32.62 19.07 21.01 19.79 18.01 26.06 49.34 33.35 44.82 46.93 31.10
 9346.25 23.84 42.70 26.20 28.61 27.11 24.89 34.77 62.68 43.53 57.25 59.74 40.61
 9347.25 29.37 51.19 32.13 34.92 33.19 30.60 42.02 74.22 52.11 67.92 70.76 48.55
 9348.25 30.08 53.30 33.02 35.99 34.16 31.40 43.53 77.78 54.24 71.06 74.03 50.23
 9349.25 27.33 50.90 30.27 33.27 31.43 28.65 40.89 75.96 51.82 69.05 72.04 47.47
 9350.25 22.31 44.94 25.03 27.85 26.12 23.53 35.12 70.00 45.81 63.01 65.98 41.27
 9351.25 18.78 40.08 21.26 23.85 22.26 19.89 30.64 64.85 40.89 57.84 60.74 36.26
 9352.25 16.20 35.26 18.40 20.70 19.30 17.19 26.74 57.84 35.97 51.40 54.02 31.61
 9353.25 12.52 27.42 14.24 16.03 14.94 13.30 20.74 45.13 27.94 40.04 42.07 24.38
 9354.25 12.72 27.13 14.42 16.19 15.12 13.49 20.73 43.68 27.58 38.92 40.76 23.94
 9355.25 21.06 40.62 23.52 26.01 24.52 22.19 32.20 61.41 41.17 55.49 57.73 36.21
 9356.25 24.56 45.76 27.27 30.00 28.37 25.81 36.70 67.94 46.33 61.61 63.97 40.86
 9357.25 17.54 34.89 19.70 21.90 20.58 18.54 27.35 53.55 35.34 48.19 50.16 30.65
 9358.25 14.13 28.92 15.95 17.81 16.70 14.97 22.43 45.07 29.27 40.38 42.05 24.98
 9359.25 21.86 41.24 24.36 26.86 25.38 23.03 32.91 61.45 41.64 55.58 57.60 35.93
 9360.25 28.18 50.72 31.13 34.07 32.35 29.57 41.09 73.95 51.16 67.18 69.48 44.39
 9361.25 28.85 52.13 31.91 34.94 33.17 30.29 42.17 76.07 52.53 69.06 71.38 45.31
 9362.25 27.37 51.33 30.49 33.60 31.79 28.84 41.01 76.09 51.71 68.81 71.17 43.98
 9363.25 23.15 46.62 26.11 29.11 27.36 24.54 36.33 71.63 46.97 64.22 66.57 39.01
 9364.25 18.27 39.09 20.82 23.42 21.91 19.47 29.78 62.22 39.37 55.28 57.43 31.94
 9365.25 16.96 36.14 19.32 21.72 20.33 18.07 27.57 57.31 36.36 50.94 52.86 29.31
 9366.25 18.06 37.44 20.49 22.96 21.54 19.21 28.86 58.27 37.62 52.00 53.84 30.34
 9367.25 18.82 39.67 21.42 24.06 22.55 20.06 30.38 62.30 39.83 55.44 57.40 31.71
 9368.25 18.95 40.23 21.61 24.30 22.76 20.22 30.72 63.38 40.36 56.33 58.30 31.87
 9369.25 16.21 34.89 18.53 20.88 19.54 17.32 26.50 55.40 34.97 49.11 50.82 27.30
 9370.25 13.26 29.71 15.25 17.29 16.13 14.21 22.20 48.47 29.76 42.65 44.18 22.69
 9371.25 13.34 29.28 15.31 17.31 16.18 14.29 22.06 47.02 29.30 41.51 42.92 22.32
 9372.25 20.59 40.43 23.21 25.80 24.35 21.86 31.73 60.79 40.40 54.51 56.06 31.75
 9373.25 25.95 49.30 29.08 32.16 30.44 27.48 39.12 72.91 49.23 65.61 67.38 38.91
 9374.25 23.26 47.26 26.40 29.51 27.77 24.79 36.63 72.18 47.16 64.42 66.25 36.16
 9375.25 16.55 37.65 19.13 21.75 20.28 17.80 27.93 61.79 37.52 54.09 55.85 27.26
 9376.25  9.06 22.96 10.62 12.25 11.34  9.81 16.24 41.57 22.85 35.34 36.70 15.64
 9377.25  3.99 10.61  4.70  5.46  5.04  4.33  7.33 20.37 10.54 16.98 17.69  6.97
 9378.25  2.50  6.75  2.96  3.44  3.17  2.72  4.63 13.15  6.69 10.89 11.35  4.33
 9379.25  3.29  8.86  3.89  4.52  4.17  3.58  6.08 17.16  8.77 14.23 14.80  5.63
 9380.25  6.47 16.76  7.63  8.83  8.16  7.04 11.73 30.79 16.59 25.97 26.90 10.79
 9381.25 14.62 31.70 16.81 19.00 17.81 15.70 23.93 50.05 31.42 44.12 45.23 22.12
 9382.25 22.39 43.79 25.31 28.15 26.62 23.85 34.34 65.18 43.42 58.30 59.54 31.78
 9383.25 26.22 50.44 29.55 32.79 31.05 27.89 39.77 74.48 49.99 66.72 68.09 36.63
 9384.25 22.30 46.91 25.55 28.76 27.03 23.92 35.82 72.36 46.40 64.08 65.48 32.33
 9385.25 15.93 37.33 18.58 21.26 19.82 17.25 27.32 61.60 36.83 53.53 54.85 24.06
 9386.25 13.35 31.53 15.60 17.87 16.65 14.48 23.00 52.27 31.08 45.34 46.44 20.03
 9387.25 14.92 33.76 17.33 19.74 18.46 16.13 25.07 54.14 33.26 47.37 48.39 21.67
 9388.25 12.01 29.94 14.16 16.34 15.18 13.09 21.32 51.82 29.40 44.29 45.36 17.89
 9389.25  9.75 25.53 11.57 13.45 12.44 10.66 17.77 46.33 25.02 38.99 39.98 14.61
 9390.25 12.70 31.94 15.00 17.34 16.10 13.86 22.65 55.54 31.29 47.34 48.42 18.55
 9391.25 21.83 46.60 25.14 28.40 26.69 23.51 35.34 72.06 45.81 63.53 64.61 29.71
 9392.25 27.36 52.95 30.96 34.42 32.62 29.21 41.59 77.93 52.12 69.56 70.58 35.43
 9393.25 28.49 54.55 32.19 35.72 33.89 30.39 43.00 79.90 53.68 71.38 72.36 36.41
 9394.25 27.88 53.84 31.56 35.08 33.26 29.78 42.31 79.08 52.93 70.56 71.50 35.42
 9395.25 27.30 53.44 31.00 34.54 32.72 29.21 41.80 78.86 52.48 70.25 71.15 34.52
 9396.25 26.60 52.90 30.31 33.87 32.04 28.52 41.14 78.52 51.90 69.81 70.67 33.49
 9397.25 26.49 52.86 30.22 33.79 31.96 28.43 41.06 78.52 51.82 69.76 70.58 33.06
 9398.25 23.76 48.87 27.27 30.65 28.92 25.58 37.55 73.54 47.83 65.08 65.83 29.65
 9399.25 18.54 41.49 21.62 24.63 23.09 20.13 30.89 65.16 40.48 56.96 57.63 23.40
 9400.25 19.83 43.70 23.07 26.23 24.62 21.51 32.72 67.96 42.61 59.54 60.18 24.60
 9401.25 24.41 49.41 27.96 31.35 29.64 26.26 38.16 73.66 48.27 65.26 65.85 29.28
 9402.25 23.59 48.70 27.13 30.53 28.82 25.44 37.34 73.22 47.51 64.68 65.24 28.11
 9403.25 14.72 36.15 17.45 20.17 18.79 16.14 25.87 60.26 35.01 51.61 52.12 17.96
 9404.25  9.28 25.06 11.15 13.06 12.09 10.25 17.18 45.37 24.13 37.79 38.19 11.31
 9405.25  9.96 26.76 11.97 14.01 12.98 11.01 18.39 48.05 25.75 40.11 40.49 11.94
 9406.25 16.33 39.35 19.33 22.29 20.80 17.90 28.38 64.44 38.04 55.40 55.80 18.98
 9407.25 24.32 50.48 28.06 31.62 29.86 26.30 38.60 75.74 49.06 66.79 67.13 27.27
 9408.25 26.10 52.10 29.88 33.45 31.69 28.11 40.38 76.85 50.67 68.05 68.35 28.75
 9409.25 23.91 48.11 27.44 30.76 29.13 25.79 37.18 71.14 46.75 62.93 63.17 26.07
 9410.25 21.39 43.88 24.65 27.74 26.23 23.13 33.69 65.34 42.58 57.66 57.84 23.03
 9411.25 24.09 48.28 27.63 30.97 29.34 25.98 37.35 71.19 46.85 62.95 63.10 25.47
 9412.25 27.29 53.40 31.15 34.77 33.01 29.36 41.63 77.98 51.82 69.11 69.23 28.46
 9413.25 27.22 53.41 31.10 34.73 32.97 29.30 41.59 78.05 51.80 69.13 69.21 28.03
 9414.25 26.99 53.58 30.92 34.61 32.83 29.10 41.55 78.58 51.91 69.50 69.53 27.41
 9415.25 27.90 55.15 31.95 35.73 33.91 30.08 42.83 80.71 53.40 71.39 71.38 27.95
 9416.25 27.06 53.46 30.99 34.66 32.90 29.18 41.51 78.18 51.73 69.14 69.09 26.77
 9417.25 23.46 47.65 27.05 30.40 28.79 25.40 36.66 70.36 46.03 62.03 61.94 22.84
 9418.25 22.43 47.22 26.07 29.48 27.85 24.40 35.87 70.67 45.50 62.02 61.88 21.37
 9419.25 23.77 50.75 27.71 31.42 29.66 25.90 38.36 76.37 48.85 66.90 66.70 22.26
 9420.25 20.28 46.29 23.94 27.45 25.78 22.26 34.09 72.09 44.37 62.46 62.22 18.58
 9421.25  9.47 26.09 11.53 13.59 12.60 10.57 17.71 46.47 24.69 38.47 38.24  8.37
 9422.25  6.34 18.37  7.77  9.22  8.52  7.10 12.16 34.44 17.29 27.95 27.73  5.43
 9423.25  9.44 26.43 11.53 13.63 12.63 10.56 17.80 47.57 24.92 39.17 38.85  7.91
 9424.25 16.52 41.30 19.86 23.11 21.57 18.33 29.31 67.46 39.25 57.45 57.02 13.73
 9425.25 16.25 40.29 19.52 22.69 21.20 18.02 28.70 65.29 38.28 55.73 55.28 13.25
 9426.25 14.22 34.73 17.05 19.77 18.49 15.76 24.89 55.69 33.01 47.67 47.27 11.40
 9427.25 13.10 30.47 15.58 17.93 16.83 14.45 22.27 47.45 29.02 40.97 40.61 10.30
 9428.25 15.86 34.86 18.67 21.29 20.08 17.40 26.04 52.77 33.28 45.93 45.51 12.24
 9429.25 22.06 45.12 25.57 28.81 27.32 24.00 34.55 66.31 43.21 58.20 57.66 17.09
 9430.25 23.64 47.53 27.31 30.67 29.13 25.67 36.61 69.39 45.54 61.01 60.42 18.10
 9431.25 24.93 50.27 28.83 32.40 30.77 27.09 38.67 73.42 48.12 64.51 63.84 18.57
 9432.25 27.60 55.30 31.87 35.78 34.00 29.97 42.62 80.56 52.92 70.80 70.03 20.17
 9433.25 28.53 57.04 32.94 36.97 35.14 30.98 43.99 83.00 54.56 72.95 72.11 20.40
 9434.25 28.18 56.92 32.63 36.69 34.85 30.66 43.74 83.06 54.39 72.91 72.02 19.53
 9435.25 27.52 56.21 31.95 36.01 34.18 29.99 43.03 82.30 53.64 72.13 71.20 18.44
 9436.25 25.39 52.87 29.62 33.50 31.76 27.75 40.20 77.89 50.37 68.11 67.18 16.37
 9437.25 19.94 43.72 23.53 26.86 25.37 21.94 32.65 65.69 41.51 57.08 56.23 12.11
 9438.25 17.20 39.78 20.54 23.66 22.25 19.06 29.12 61.11 37.60 52.70 51.82  9.67
 9439.25 18.45 42.61 22.03 25.38 23.88 20.45 31.21 65.37 40.26 56.37 55.40 10.05
 9440.25  8.83 24.06 10.85 12.81 11.93  9.95 16.41 41.16 22.41 34.14 33.38  4.36
 9441.25  2.75  8.51  3.44  4.14  3.82  3.13  5.46 16.41  7.81 12.97 12.60  1.21
 9442.25  2.53  7.91  3.18  3.82  3.53  2.89  5.05 15.37  7.25 12.10 11.73  1.06
 9443.25  4.03 12.42  5.05  6.07  5.61  4.59  7.98 23.70 11.39 18.79 18.22  1.60
 9444.25 11.27 30.89 13.89 16.44 15.31 12.73 21.01 52.57 28.65 43.58 42.44  4.40
 9445.25 18.93 45.16 22.81 26.43 24.84 21.11 32.64 70.01 42.38 59.98 58.66  7.57
 9446.25 22.82 50.26 27.05 30.93 29.24 25.21 37.42 75.15 47.41 65.12 63.75  9.16
 9447.25 26.05 54.93 30.59 34.71 32.92 28.63 41.52 80.76 51.93 70.32 68.85 10.33
 9448.25 24.66 53.68 29.18 33.30 31.51 27.22 40.13 79.81 50.61 69.22 67.69  8.89
 9449.25 19.99 47.34 24.10 27.90 26.25 22.31 34.30 72.88 44.34 62.47 60.93  6.17
 9450.25 17.06 43.09 20.82 24.37 22.83 19.18 30.42 68.48 40.11 58.03 56.45  4.56
 9451.25 18.24 45.69 22.24 26.00 24.37 20.50 32.36 72.20 42.53 61.27 59.57  4.44
 9452.25 20.78 49.60 25.12 29.14 27.41 23.24 35.82 76.40 46.33 65.38 63.62  4.77
 9453.25 20.53 47.83 24.70 28.55 26.90 22.91 34.87 72.82 44.74 62.53 60.86  4.36
 9454.25 19.66 44.04 23.47 26.94 25.46 21.84 32.57 65.92 41.29 56.90 55.39  3.81
 9455.25 20.01 43.77 23.77 27.17 25.72 22.16 32.64 64.90 41.08 56.16 54.67  3.35
 9456.25 20.79 45.36 24.69 28.21 26.72 23.03 33.85 67.15 42.55 58.11 56.53  2.82
 9457.25 22.91 50.32 27.26 31.19 29.54 25.42 37.46 74.60 47.14 64.49 62.69  2.34
 9458.25 23.05 51.65 27.57 31.66 29.93 25.65 38.18 77.11 48.30 66.49 64.56  1.71
 9459.25 13.02 34.69 16.10 19.02 17.78 14.77 23.89 56.82 31.91 47.37 45.65  0.54
 9460.25  4.06 12.88  5.16  6.25  5.78  4.68  8.17 24.29 11.59 19.12 18.21  0.04
 9461.25  3.35 10.82  4.28  5.19  4.80  3.87  6.80 20.75  9.70 16.20 15.38  0.00
 9462.25  7.90 24.08 10.01 12.07 11.19  9.10 15.59 43.31 21.76 34.73 33.12  0.00
 9463.25 20.27 48.81 24.65 28.66 26.99 22.79 35.05 75.15 45.20 63.95 61.72  0.00
 9464.25 24.75 53.99 29.47 33.70 31.95 27.49 40.25 79.54 50.40 68.70 66.50  0.00
 9465.25 24.33 52.94 28.96 33.11 31.40 27.02 39.50 77.90 49.40 67.28 65.08  0.00
 9466.25 25.85 54.93 30.60 34.83 33.10 28.62 41.30 80.16 51.31 69.39 67.13  0.00
 9467.25 25.04 53.84 29.74 33.93 32.22 27.78 40.32 78.82 50.22 68.13 65.85  0.00
 9468.25 22.24 49.16 26.61 30.51 28.92 24.79 36.47 72.59 45.74 62.54 60.36  0.00
 9469.25 20.77 46.48 24.94 28.66 27.14 23.20 34.33 68.88 43.18 59.25 57.12  0.00
 9470.25 23.15 50.82 27.67 31.69 30.06 25.79 37.78 74.79 47.25 64.45 62.13  0.00
 9471.25 26.24 56.17 31.17 35.54 33.78 29.13 42.10 81.95 52.29 70.79 68.26  0.00
 9472.25 27.05 57.68 32.12 36.59 34.78 30.02 43.28 84.01 53.68 72.58 69.95  0.00
 9473.25 25.26 54.97 30.15 34.49 32.74 28.13 40.97 80.53 51.05 69.41 66.82  0.00
 9474.25 21.89 49.08 26.34 30.29 28.70 24.50 36.20 72.56 45.45 62.33 59.90  0.00
 9475.25 21.38 47.95 25.74 29.61 28.06 23.95 35.37 70.85 44.37 60.83 58.42  0.00
 9476.25 23.35 51.93 28.06 32.23 30.56 26.12 38.40 76.48 48.06 65.71 63.09  0.00
 9477.25 17.15 44.99 21.35 25.23 23.67 19.60 31.18 71.44 40.93 59.67 56.79  0.00
 9478.25  6.76 21.96  8.73 10.65  9.87  7.90 13.79 40.62 19.42 31.84 29.78  0.00
 9479.25  3.33 11.26  4.32  5.30  4.90  3.90  6.92 21.76  9.88 16.71 15.53  0.00
 9480.25  2.78  9.44  3.62  4.45  4.11  3.27  5.80 18.25  8.28 14.00 13.00  0.00
 9481.25  5.14 16.57  6.65  8.11  7.52  6.01 10.45 30.21 14.64 23.79 22.21  0.00
 9482.25 14.04 36.40 17.50 20.66 19.41 16.08 25.37 56.95 33.06 47.72 45.30  0.00
 9483.25 23.49 52.34 28.31 32.55 30.89 26.36 38.65 76.86 48.24 65.91 62.99  0.00
 9484.25 25.61 56.54 30.80 35.35 33.58 28.70 41.88 82.74 52.12 71.01 67.85  0.00
 9485.25 22.58 53.31 27.62 32.10 30.36 25.57 38.57 79.73 48.83 67.87 64.64  0.00
 9486.25 21.41 51.55 26.33 30.71 29.00 24.33 37.03 77.59 47.10 65.87 62.64  0.00
 9487.25 23.42 53.93 28.50 32.98 31.25 26.45 39.36 79.85 49.45 68.16 64.90  0.00
 9488.25 25.97 57.41 31.29 35.94 34.15 29.16 42.49 83.88 52.80 71.91 68.54  0.00
 9489.25 26.72 58.63 32.14 36.86 35.05 29.97 43.49 85.42 53.92 73.27 69.81  0.00
 9490.25 26.72 58.59 32.14 36.86 35.05 29.97 43.46 85.33 53.87 73.18 69.68  0.00
 9491.25 25.48 57.24 30.86 35.56 33.76 28.71 42.12 83.92 52.49 71.77 68.24  0.00
 9492.25 20.46 50.43 25.35 29.71 28.04 23.38 35.89 76.34 45.81 64.50 61.03  0.00
 9493.25 14.06 38.30 17.81 21.23 19.91 16.28 26.19 60.54 34.39 50.29 47.28  0.00
 9494.25 13.74 36.21 17.30 20.51 19.28 15.86 25.10 56.28 32.61 47.03 44.26  0.00
 9495.25 20.50 47.96 25.13 29.18 27.64 23.28 34.79 71.07 43.71 60.44 57.21  0.00
 9496.25 23.03 52.10 27.99 32.31 30.68 26.02 38.23 76.34 47.61 65.17 61.75  0.00
 9497.25 20.50 47.97 25.14 29.21 27.67 23.30 34.79 71.01 43.68 60.37 57.08  0.00
 9498.25 21.21 49.52 26.01 30.21 28.63 24.11 35.94 73.19 45.07 62.22 58.80  0.00
 9499.25 21.27 49.00 26.01 30.13 28.58 24.13 35.73 72.09 44.64 61.37 58.00  0.00
 9500.25 16.44 39.84 20.37 23.81 22.52 18.81 28.53 59.58 36.10 50.40 47.49  0.00
 9501.25 13.93 35.28 17.45 20.57 19.40 16.05 24.85 53.55 31.79 45.01 42.27  0.00
 9502.25 19.25 46.29 23.82 27.83 26.34 22.02 33.24 68.93 41.92 58.34 54.90  0.00
 9503.25 19.83 50.67 24.89 29.39 27.71 22.89 35.53 77.27 45.54 64.76 60.69  0.00
 9504.25 10.17 32.86 13.37 16.39 15.25 12.08 20.79 57.22 28.57 45.33 41.57  0.00
 9505.25  6.14 21.44  8.17 10.13  9.38  7.34 13.03 39.98 18.37 30.66 27.79  0.00
 9506.25  7.74 26.36 10.27 12.69 11.77  9.24 16.24 47.84 22.68 37.14 33.77  0.00
 9507.25 16.32 46.15 20.97 25.19 23.62 19.12 31.03 73.67 40.85 60.49 56.10  0.00
 9508.25 24.33 57.34 30.03 34.95 33.15 27.80 41.44 84.55 51.86 71.64 67.25  0.00
 9509.25 25.37 58.41 31.13 36.07 34.27 28.88 42.55 85.48 52.92 72.61 68.20  0.00
 9510.25 24.87 57.73 30.59 35.52 33.73 28.37 41.94 84.65 52.24 71.82 67.39  0.00
 9511.25 24.31 57.17 30.02 34.94 33.16 27.80 41.34 84.09 51.64 71.23 66.75  0.00
 9512.25 22.82 55.59 28.45 33.34 31.57 26.26 39.71 82.65 50.01 69.70 65.15  0.00
 9513.25 18.65 49.99 23.80 28.37 26.71 21.78 34.43 76.97 44.45 63.99 59.41  0.00
 9514.25 16.40 46.53 21.19 25.52 23.94 19.30 31.31 73.40 41.04 60.39 55.78  0.00
 9515.25 18.19 49.16 23.28 27.79 26.16 21.29 33.75 75.81 43.62 62.93 58.31  0.00
 9516.25 18.98 47.71 23.89 28.16 26.63 21.99 33.69 71.50 42.68 60.01 55.86  0.00
 9517.25 18.31 45.01 22.93 26.92 25.49 21.14 32.04 66.92 40.34 56.31 52.44  0.00
 9518.25 20.84 49.79 25.91 30.26 28.71 23.96 35.79 73.33 44.74 61.91 57.71  0.00
 9519.25 19.38 48.74 24.42 28.79 27.23 22.47 34.38 73.01 43.51 61.20 56.83  0.00
 9520.25  9.73 31.84 12.95 15.96 14.87 11.68 20.06 54.61 27.35 43.14 39.04  0.00
 9521.25  3.98 14.69  5.40  6.78  6.27  4.84  8.71 27.95 12.33 21.00 18.62  0.00
 9522.25  2.71 10.17  3.69  4.64  4.29  3.30  5.97 19.64  8.49 14.62 12.91  0.00
 9523.25  5.73 20.58  7.77  9.70  9.00  6.96 12.38 37.82 17.34 28.86 25.69  0.00
 9524.25 15.93 45.01 20.65 24.86 23.36 18.82 30.28 70.71 39.46 57.96 53.13  0.00
 9525.25 22.54 54.00 28.12 32.88 31.21 25.99 38.76 79.30 48.33 66.83 62.02  0.00
 9526.25 23.20 55.71 28.98 33.89 32.18 26.78 39.96 81.83 49.83 68.93 63.92  0.00
 9527.25 22.15 53.72 27.75 32.52 30.86 25.62 38.40 79.10 47.98 66.55 61.64  0.00
 9528.25 20.05 49.57 25.26 29.71 28.16 23.27 35.19 73.37 44.15 61.57 56.93  0.00
 9529.25 20.81 51.20 26.19 30.79 29.19 24.15 36.41 75.62 45.60 63.48 58.67  0.00
 9530.25 22.76 55.67 28.61 33.59 31.87 26.39 39.66 82.04 49.59 68.90 63.67  0.00
 9531.25 20.54 53.90 26.31 31.31 29.58 24.12 37.45 81.20 47.60 67.57 62.11  0.00
 9532.25 19.13 52.34 24.77 29.70 27.99 22.62 35.79 79.99 45.96 66.14 60.56  0.00
 9533.25 20.38 54.14 26.21 31.26 29.52 24.00 37.44 81.80 47.69 67.93 62.30  0.00
 9534.25 22.77 56.53 28.79 33.91 32.15 26.52 40.06 83.50 50.17 69.95 64.42  0.00
 9535.25 21.50 53.12 27.16 31.96 30.32 25.03 37.71 78.32 47.16 65.64 60.44  0.00
 9536.25 18.27 48.62 23.55 28.10 26.54 21.55 33.60 73.36 42.75 60.87 55.71  0.00
 9537.25 17.90 50.03 23.35 28.12 26.49 21.28 33.92 76.79 43.69 63.23 57.60  0.00
 9538.25 17.95 50.67 23.48 28.33 26.67 21.38 34.22 78.03 44.16 64.14 58.34  0.00
 9539.25 15.72 47.42 20.87 25.47 23.90 18.90 31.15 75.16 40.90 60.98 55.07  0.00
 9540.25 16.09 47.63 21.30 25.91 24.33 19.32 31.54 74.76 41.18 60.89 55.06  0.00
 9541.25 20.77 53.56 26.60 31.56 29.89 24.41 37.43 79.78 47.16 66.41 60.73  0.00
 9542.25 23.66 56.83 29.72 34.80 33.10 27.47 40.71 82.86 50.43 69.56 63.88  0.00
 9543.25 20.40 50.05 25.80 30.33 28.81 23.79 35.60 73.37 44.30 61.44 56.32  0.00
 9544.25 17.23 43.97 22.05 26.12 24.76 20.25 30.86 65.12 38.71 54.27 49.58  0.00
 9545.25 20.61 50.86 26.13 30.76 29.22 24.08 36.10 74.59 44.93 62.39 57.08  0.00
 9546.25 23.75 56.46 29.79 34.81 33.15 27.56 40.57 81.98 50.06 68.83 63.08  0.00
 9547.25 24.95 58.88 31.23 36.45 34.72 28.91 42.40 85.30 52.22 71.66 65.67  0.00
 9548.25 24.13 58.20 30.42 35.65 33.92 28.10 41.61 84.73 51.47 71.01 64.95  0.00
 9549.25 23.68 57.79 29.97 35.21 33.48 27.65 41.17 84.35 51.02 70.59 64.48  0.00
 9550.25 24.34 58.94 30.74 36.06 34.31 28.39 42.09 85.83 52.06 71.87 65.64  0.00
 9551.25 25.11 59.98 31.60 36.97 35.21 29.22 43.02 87.01 53.03 72.94 66.64  0.00
 9552.25 23.19 56.73 29.40 34.56 32.87 27.12 40.36 82.75 50.00 69.19 63.08  0.00
 9553.25 13.64 41.12 18.23 22.26 20.93 16.51 26.99 64.73 35.18 52.31 46.74  0.00
 9554.25  6.32 23.94  8.84 11.20 10.41  7.88 14.13 43.17 19.62 32.63 28.16  0.00
 9555.25  5.62 21.95  7.90 10.06  9.33  7.03 12.74 40.63 17.85 30.28 25.94  0.00
 9556.25  8.00 29.46 11.15 14.08 13.10  9.95 17.65 51.72 24.27 39.59 34.32  0.00
 9557.25 15.29 44.49 20.33 24.69 23.27 18.46 29.67 68.58 38.21 55.85 50.00  0.00
 9558.25 21.50 54.03 27.54 32.56 30.94 25.34 38.09 79.13 47.34 65.89 59.73  0.00
 9559.25 24.44 59.47 31.02 36.43 34.69 28.63 42.37 86.37 52.27 72.15 65.51  0.00
 9560.25 25.57 61.62 32.36 37.94 36.15 29.90 44.03 89.25 54.19 74.62 67.76  0.00
 9561.25 23.19 58.97 29.84 35.36 33.59 27.42 41.40 86.54 51.52 71.92 65.03  0.00
 9562.25 17.26 50.24 23.04 28.01 26.40 20.91 33.56 76.90 43.09 62.71 56.01  0.00
 9563.25 15.15 46.19 20.47 25.09 23.60 18.50 30.29 71.87 39.32 58.15 51.66  0.00
 9564.25 17.83 49.44 23.53 28.36 26.81 21.45 33.66 74.29 42.66 61.03 54.70  0.00
 9565.25 19.89 51.16 25.73 30.56 29.03 23.62 35.78 75.14 44.56 62.33 56.17  0.00
 9566.25 19.87 50.72 25.65 30.43 28.92 23.56 35.56 74.32 44.20 61.69 55.59  0.00
 9567.25 18.98 51.40 24.92 29.90 28.33 22.77 35.29 76.55 44.42 63.06 56.51  0.00
 9568.25 10.58 37.31 14.76 18.55 17.32 13.20 22.89 62.58 30.83 48.69 42.17  0.00
 9569.25  5.03 20.51  7.20  9.24  8.57  6.38 11.68 38.35 16.39 28.17 23.67  0.00
 9570.25  4.28 17.73  6.14  7.91  7.33  5.44 10.01 33.61 14.11 24.48 20.47  0.00
 9571.25  6.84 26.88  9.75 12.47 11.59  8.66 15.64 48.36 21.67 36.23 30.68  0.00
 9572.25 16.02 49.50 21.79 26.79 25.21 19.68 32.25 77.24 41.83 62.14 54.72  0.00
 9573.25 22.35 59.26 29.27 34.99 33.20 26.78 41.01 87.39 51.24 72.13 64.54  0.00
 9574.25 21.61 58.81 28.52 34.27 32.48 26.03 40.33 87.32 50.65 71.83 64.09  0.00
 9575.25 21.35 58.31 28.22 33.93 32.15 25.75 39.93 86.61 50.18 71.21 63.48  0.00
 9576.25 22.95 59.47 29.88 35.57 33.81 27.41 41.47 87.08 51.50 72.03 64.44  0.00
 9577.25 23.13 59.59 30.07 35.76 34.01 27.60 41.64 87.08 51.62 72.06 64.46  0.00
 9578.25 21.90 58.34 28.78 34.44 32.70 26.32 40.31 85.94 50.30 70.84 63.16  0.00
 9579.25 19.66 53.59 26.02 31.28 29.66 23.75 36.73 79.39 46.05 65.25 58.04  0.00
 9580.25 17.77 48.74 23.57 28.37 26.90 21.50 33.34 72.29 41.83 59.36 52.73  0.00
 9581.25 18.25 49.51 24.15 29.01 27.52 22.05 34.00 73.17 42.53 60.15 53.45  0.00
 9582.25 21.66 56.16 28.28 33.67 32.03 25.94 39.15 82.02 48.50 67.76 60.39  0.00
 9583.25 24.50 61.22 31.62 37.37 35.63 29.11 43.19 88.62 53.08 73.47 65.63  0.00
 9584.25 24.91 62.01 32.11 37.93 36.17 29.58 43.79 89.67 53.76 74.36 66.40  0.00
 9585.25 23.96 60.75 31.09 36.86 35.12 28.58 42.66 88.17 52.54 72.97 65.04  0.00
 9586.25 22.93 59.06 29.91 35.58 33.87 27.46 41.26 85.98 50.96 71.03 63.19  0.00
 9587.25 21.79 57.12 28.60 34.14 32.47 26.20 39.68 83.47 49.16 68.82 61.10  0.00
 9588.25 19.82 53.02 26.19 31.38 29.82 23.95 36.58 77.80 45.49 64.00 56.70  0.00
 9589.25 18.81 50.48 24.89 29.85 28.36 22.75 34.79 74.10 43.28 60.91 53.92  0.00
 9590.25 19.93 52.71 26.26 31.41 29.87 24.04 36.50 77.08 45.26 63.46 56.20  0.00
 9591.25 20.21 53.32 26.62 31.82 30.27 24.38 36.95 77.89 45.77 64.13 56.77  0.00
 9592.25 20.12 53.39 26.56 31.78 30.23 24.30 36.93 78.07 45.78 64.22 56.79  0.00
 9593.25 19.67 54.51 26.33 31.78 30.15 23.99 37.16 80.54 46.46 65.91 58.03  0.00
 9594.25 17.47 52.41 23.93 29.32 27.71 21.64 34.71 79.17 44.14 64.09 55.95  0.00
 9595.25 18.94 55.04 25.73 31.34 29.67 23.34 36.89 82.31 46.55 66.93 58.58  0.00
 9596.25 22.26 59.23 29.46 35.27 33.56 26.95 40.93 86.52 50.68 71.10 62.70  0.00
 9597.25 22.51 58.45 29.57 35.24 33.57 27.12 40.71 84.87 50.15 69.92 61.75  0.00
 9598.25 21.29 56.37 28.16 33.68 32.06 25.77 39.02 82.18 48.23 67.55 59.53  0.00
 9599.25 21.87 57.73 28.91 34.57 32.91 26.47 40.00 84.06 49.39 69.11 60.88  0.00
 9600.25 23.34 60.43 30.67 36.52 34.81 28.14 42.12 87.58 51.80 72.13 63.60  0.00
 9601.25 23.85 61.57 31.32 37.28 35.54 28.74 42.95 89.15 52.77 73.43 64.72  0.00
 9602.25 24.05 62.21 31.61 37.64 35.89 29.00 43.37 90.10 53.29 74.18 65.33  0.00
 9603.25 23.20 60.75 30.63 36.57 34.84 28.07 42.19 88.18 51.94 72.49 63.75  0.00
 9604.25 21.09 56.35 28.04 33.61 31.99 25.64 38.88 82.11 48.04 67.36 59.10  0.00
 9605.25 19.32 53.12 25.94 31.28 29.73 23.66 36.32 77.88 45.10 63.68 55.70  0.00
 9606.25 20.58 56.11 27.56 33.18 31.56 25.16 38.46 82.07 47.67 67.15 58.74  0.00
 9607.25 22.30 59.23 29.63 35.48 33.79 27.11 40.95 86.10 50.47 70.64 61.89  0.00
 9608.25 19.21 56.14 26.28 32.07 30.39 23.83 37.53 83.64 47.17 67.78 58.79  0.00
 9609.25 10.62 40.77 15.54 19.92 18.62 13.78 24.30 67.73 32.56 51.89 43.19  0.00
 9610.25  7.27 31.04 10.87 14.17 13.18  9.57 17.55 55.11 24.16 40.69 33.05  0.00
 9611.25 10.10 40.01 14.91 19.21 17.94 13.19 23.51 67.42 31.71 51.21 42.31  0.00
 9612.25 18.78 57.29 26.06 32.06 30.33 23.53 37.69 86.26 47.73 69.43 59.77  0.00
 9613.25 23.49 61.89 31.20 37.30 35.56 28.57 42.88 89.61 52.66 73.49 64.20  0.00
 9614.25 23.01 59.49 30.36 36.17 34.52 27.87 41.46 85.79 50.72 70.47 61.62  0.00
 9615.25 22.31 58.02 29.51 35.19 33.59 27.07 40.35 83.72 49.40 68.72 60.02  0.00
 9616.25 22.83 60.44 30.40 36.39 34.70 27.83 41.81 87.51 51.33 71.69 62.49  0.00
 9617.25 20.62 58.82 28.15 34.21 32.49 25.58 39.72 86.53 49.45 70.32 60.85  0.00
 9618.25 19.49 56.87 26.82 32.73 31.06 24.31 38.11 84.09 47.64 68.15 58.80  0.00
 9619.25 20.90 58.22 28.35 34.28 32.62 25.82 39.63 85.09 49.07 69.32 60.05  0.00
 9620.25 19.64 55.77 26.82 32.56 30.95 24.38 37.72 81.83 46.86 66.52 57.48  0.00
 9621.25 15.46 49.84 21.91 27.26 25.75 19.69 32.17 75.81 41.03 60.50 51.47  0.00
 9622.25  8.82 36.19 13.22 17.16 16.02 11.66 20.97 61.34 28.33 46.18 37.62  0.00
 9623.25  6.13 27.65  9.35 12.32 11.46  8.20 15.25 50.06 21.11 36.28 28.81  0.00
 9624.25  6.95 30.78 10.58 13.90 12.94  9.29 17.16 54.77 23.61 40.07 31.98  0.00
 9625.25 10.82 41.93 16.07 20.67 19.36 14.22 25.01 68.54 33.24 52.57 43.29  0.00
 9626.25 15.27 50.48 21.88 27.36 25.82 19.61 32.31 76.99 41.33 61.24 51.80  0.00
 9627.25 18.51 56.24 25.90 31.88 30.22 23.39 37.18 83.63 46.67 67.36 57.54  0.00
 9628.25 20.27 58.99 28.00 34.17 32.47 25.39 39.59 86.73 49.25 70.22 60.24  0.00
 9629.25 18.92 57.95 26.57 32.75 31.04 23.98 38.20 86.26 48.00 69.39 59.15  0.00
 9630.25 17.95 57.36 25.54 31.75 30.03 22.96 37.24 86.32 47.17 69.03 58.52  0.00
 9631.25 19.13 59.20 26.98 33.33 31.58 24.32 38.89 88.24 48.92 70.88 60.28  0.00
 9632.25 18.44 58.47 26.21 32.53 30.79 23.57 38.08 87.69 48.11 70.19 59.49  0.00
 9633.25 18.54 58.52 26.33 32.65 30.91 23.69 38.18 87.61 48.17 70.17 59.46  0.00
 9634.25 19.31 59.13 27.19 33.52 31.79 24.54 39.01 87.77 48.89 70.58 59.99  0.00
 9635.25 19.26 57.50 26.92 33.02 31.36 24.35 38.27 84.78 47.71 68.38 58.25  0.00
 9636.25 17.33 52.73 24.38 30.01 28.48 22.01 34.86 78.08 43.61 62.81 53.37  0.00
 9637.25 16.44 50.66 23.24 28.68 27.20 20.95 33.36 75.19 41.81 60.40 51.21  0.00
 9638.25 18.69 55.63 26.13 32.04 30.44 23.64 37.06 81.84 46.12 66.00 56.13  0.00
 9639.25 20.70 59.64 28.65 34.89 33.21 26.01 40.17 87.07 49.66 70.47 60.11  0.00
 9640.25 20.33 58.75 28.18 34.35 32.69 25.57 39.54 85.81 48.89 69.41 59.15  0.00
 9641.25 20.68 59.83 28.69 34.97 33.29 26.03 40.25 87.37 49.75 70.65 60.16  0.00
 9642.25 21.59 61.70 29.84 36.29 34.56 27.11 41.67 89.84 51.38 72.73 61.97  0.00
 9643.25 21.35 61.26 29.56 35.98 34.26 26.84 41.32 89.23 50.96 72.20 61.46  0.00
 9644.25 19.82 58.05 27.65 33.79 32.15 25.05 38.90 84.89 48.14 68.53 58.18  0.00
 9645.25 17.44 52.70 24.60 30.25 28.74 22.22 34.96 77.56 43.50 62.39 52.76  0.00
 9646.25 18.33 54.43 25.72 31.52 29.98 23.27 36.31 79.75 45.01 64.27 54.41  0.00
 9647.25 20.95 59.84 29.01 35.27 33.62 26.36 40.42 86.95 49.73 70.34 59.75  0.00
 9648.25 21.81 61.59 30.09 36.50 34.81 27.37 41.75 89.26 51.25 72.28 61.43  0.00
 9649.25 21.77 61.73 30.09 36.54 34.84 27.36 41.80 89.51 51.32 72.44 61.51  0.00
 9650.25 21.64 62.05 30.04 36.56 34.85 27.29 41.87 90.13 51.49 72.85 61.75  0.00
 9651.25 20.99 61.35 29.35 35.86 34.15 26.61 41.15 89.42 50.77 72.13 60.99  0.00
 9652.25 20.08 59.88 28.29 34.70 33.02 25.59 39.91 87.59 49.39 70.50 59.45  0.00
 9653.25 19.02 58.81 27.13 33.52 31.85 24.45 38.72 86.69 48.23 69.47 58.30  0.00
 9654.25 17.51 57.32 25.45 31.80 30.13 22.81 36.99 85.62 46.57 68.11 56.73  0.00
 9655.25 16.19 55.77 23.90 30.17 28.52 21.33 35.32 84.43 44.90 66.66 55.11  0.00
 9656.25 15.39 54.63 22.92 29.11 27.48 20.40 34.20 83.42 43.73 65.54 53.90  0.00
 9657.25 15.91 55.35 23.59 29.83 28.19 21.03 34.93 83.93 44.46 66.16 54.55  0.00
 9658.25 16.58 56.71 24.47 30.85 29.19 21.85 36.03 85.52 45.68 67.59 55.83  0.00
 9659.25 15.75 55.36 23.45 29.71 28.07 20.88 34.81 84.10 44.35 66.18 54.41  0.00
 9660.25 12.89 49.72 19.67 25.37 23.87 17.39 30.08 77.93 39.09 60.26 48.74  0.00
 9661.25 10.79 44.53 16.74 21.86 20.50 14.72 26.14 71.72 34.47 54.59 43.53  0.00
 9662.25 10.63 43.75 16.51 21.54 20.21 14.52 25.73 70.28 33.89 53.55 42.71  0.00
 9663.25 11.98 47.40 18.45 23.91 22.47 16.27 28.39 74.78 37.03 57.54 46.24  0.00
 9664.25 11.23 46.28 17.48 22.81 21.41 15.36 27.22 74.21 35.81 56.55 45.04  0.00
 9665.25 10.48 44.86 16.46 21.63 20.27 14.43 25.93 73.15 34.40 55.18 43.55  0.00
 9666.25 12.68 50.17 19.57 25.36 23.85 17.26 30.07 78.99 39.16 60.77 48.74  0.00
 9667.25 16.74 56.88 24.80 31.23 29.58 22.15 36.27 85.21 45.73 67.36 55.38  0.00
 9668.25 18.75 59.74 27.23 33.86 32.17 24.47 38.99 88.03 48.53 70.19 58.17  0.00
 9669.25 15.35 54.57 23.06 29.28 27.69 20.51 34.19 82.81 43.47 64.95 52.95  0.00
 9670.25  8.39 38.41 13.42 17.83 16.68 11.71 21.50 64.65 28.89 47.74 36.92  0.00
 9671.25  6.53 32.40 10.61 14.29 13.32  9.21 17.40 57.29 23.82 41.04 30.98  0.00
 9672.25  8.71 40.57 14.01 18.68 17.45 12.20 22.54 68.69 30.37 50.50 38.84  0.00
 9673.25 13.42 52.93 20.80 26.95 25.37 18.34 31.83 82.76 41.26 63.73 50.93  0.00
 9674.25 17.20 59.22 25.70 32.45 30.74 22.93 37.63 88.64 47.41 69.92 57.15  0.00
 9675.25 17.86 60.10 26.51 33.33 31.61 23.70 38.52 89.38 48.29 70.73 57.96  0.00
 9676.25 14.19 54.67 21.93 28.29 26.67 19.37 33.26 84.49 42.82 65.42 52.45  0.00
 9677.25 13.35 53.19 20.83 27.04 25.46 18.34 31.91 83.08 41.35 63.92 50.90  0.00
 9678.25 16.74 58.60 25.20 31.93 30.24 22.45 37.03 87.91 46.71 69.16 56.25  0.00
 9679.25 18.23 59.34 26.83 33.51 31.84 24.07 38.50 87.40 47.88 69.43 57.02  0.00
 9680.25 15.89 54.80 23.85 30.12 28.55 21.27 34.84 81.77 43.78 64.47 52.50  0.00
 9681.25 11.91 48.62 18.75 24.45 23.01 16.48 28.87 76.50 37.54 58.51 46.22  0.00
 9682.25  8.04 38.93 13.16 17.68 16.51 11.42 21.32 66.41 28.79 48.38 36.63  0.00
 9683.25  6.78 34.56 11.22 15.19 14.17  9.71 18.42 60.87 25.17 43.44 32.36  0.00
 9684.25  6.38 33.02 10.59 14.39 13.41  9.16 17.47 58.72 23.93 41.63 30.84  0.00
 9685.25  6.84 34.90 11.34 15.36 14.33  9.81 18.61 61.32 25.40 43.78 32.57  0.00
 9686.25 11.08 48.10 17.77 23.44 22.01 15.55 27.82 77.34 36.56 58.27 45.27  0.00
 9687.25 16.63 58.84 25.27 32.09 30.40 22.48 37.11 88.01 46.71 69.13 55.86  0.00
 9688.25 16.44 58.68 25.07 31.89 30.21 22.28 36.90 87.89 46.50 68.95 55.61  0.00
 9689.25 17.32 59.83 26.15 33.05 31.36 23.32 38.08 88.87 47.67 70.03 56.71  0.00
 9690.25 18.61 61.31 27.67 34.64 32.94 24.79 39.66 90.08 49.21 71.38 58.15  0.00
 9691.25 16.43 58.31 25.04 31.81 30.16 22.27 36.74 87.16 46.19 68.38 55.07  0.00
 9692.25 10.79 47.80 17.48 23.16 21.74 15.26 27.47 76.87 36.12 57.77 44.57  0.00
 9693.25  8.85 42.73 14.64 19.68 18.41 12.70 23.57 71.47 31.58 52.43 39.56  0.00
 9694.25 11.79 50.57 18.99 25.01 23.52 16.62 29.52 80.10 38.50 60.69 47.12  0.00
 9695.25 16.41 58.94 25.19 32.08 30.40 22.37 37.03 88.10 46.56 69.03 55.38  0.00
 9696.25 17.90 61.02 27.03 34.06 32.36 24.13 39.06 90.05 48.62 71.04 57.40  0.00
 9697.25 19.39 62.40 28.70 35.75 34.06 25.77 40.70 91.01 50.16 72.24 58.77  0.00
 9698.25 19.35 62.03 28.61 35.61 33.94 25.70 40.51 90.36 49.87 71.75 58.36  0.00
 9699.25 16.99 59.41 25.91 32.82 31.16 23.07 37.69 88.10 47.09 69.24 55.63  0.00
 9700.25 10.24 46.24 16.78 22.30 20.94 14.62 26.39 74.61 34.70 55.76 42.58  0.00
 9701.25  4.98 27.62  8.52 11.73 10.92  7.33 14.21 50.05 19.55 34.74 24.94  0.00
 9702.25  4.41 25.11  7.60 10.49  9.77  6.52 12.74 46.34 17.62 31.76 22.57  0.00
 9703.25  7.68 39.08 12.96 17.59 16.44 11.20 21.08 66.64 28.39 48.06 35.48  0.00
 9704.25 15.90 58.63 24.71 31.62 29.97 21.90 36.47 88.00 45.93 68.55 54.41  0.00
 9705.25 19.37 62.85 28.88 36.03 34.34 25.91 40.92 91.51 50.34 72.52 58.65  0.00
 9706.25 18.34 61.95 27.76 34.92 33.22 24.80 39.82 90.86 49.30 71.69 57.64  0.00
 9707.25 16.73 60.12 25.89 32.98 31.30 23.00 37.86 89.28 47.35 69.92 55.71  0.00
 9708.25 17.21 60.15 26.39 33.43 31.77 23.51 38.24 88.75 47.58 69.74 55.75  0.00
 9709.25 18.78 61.63 28.17 35.22 33.57 25.24 39.99 89.79 49.21 71.03 57.23  0.00
 9710.25 19.33 62.80 28.90 36.06 34.39 25.93 40.88 91.30 50.21 72.30 58.28  0.00
 9711.25 19.25 63.01 28.88 36.09 34.41 25.89 40.93 91.68 50.31 72.54 58.39  0.00
 9712.25 16.79 60.30 26.03 33.15 31.48 23.13 37.97 89.41 47.40 69.95 55.54  0.00
 9713.25  9.78 46.72 16.45 22.11 20.75 14.27 26.15 75.96 34.52 56.20 42.08  0.00
 9714.25  6.38 35.02 11.07 15.23 14.21  9.51 18.29 61.21 24.87 43.22 31.05  0.00
 9715.25  7.55 39.09 12.96 17.66 16.53 11.18 21.07 65.91 28.25 47.62 34.84  0.00
 9716.25 14.24 55.60 22.73 29.42 27.85 20.04 33.96 84.07 42.97 64.93 50.69  0.00
 9717.25 18.83 62.58 28.51 35.73 34.06 25.52 40.49 91.09 49.77 71.92 57.57  0.00
 9718.25 19.31 63.32 29.09 36.37 34.69 26.08 41.14 91.93 50.44 72.66 58.22  0.00
 9719.25 19.00 63.06 28.78 36.06 34.38 25.77 40.82 91.71 50.14 72.40 57.89  0.00
 9720.25 14.62 57.42 23.44 30.36 28.75 20.65 35.00 86.83 44.27 66.96 52.08  0.00
 9721.25  6.55 36.07 11.45 15.77 14.73  9.83 18.87 62.62 25.56 44.26 31.63  0.00
 9722.25  3.74 22.83  6.68  9.34  8.69  5.70 11.29 42.66 15.64 28.68 19.71  0.00
 9723.25  4.20 25.24  7.48 10.45  9.73  6.39 12.61 46.41 17.38 31.53 21.80  0.00
 9724.25  8.66 43.25 14.88 20.16 18.91 12.86 23.83 70.95 31.52 51.94 38.20  0.00
 9725.25 14.69 57.40 23.65 30.63 29.02 20.84 35.20 86.09 44.33 66.61 51.82  0.00
 9726.25 16.06 59.87 25.49 32.70 31.05 22.56 37.36 88.74 46.64 69.12 54.17  0.00
 9727.25 16.42 60.34 25.95 33.19 31.54 23.00 37.85 89.13 47.11 69.54 54.58  0.00
 9728.25 16.02 59.92 25.49 32.71 31.07 22.55 37.37 88.80 46.63 69.13 54.08  0.00
 9729.25 14.91 58.50 24.13 31.26 29.63 21.25 35.87 87.58 45.12 67.74 52.56  0.00
 9730.25 14.50 57.56 23.56 30.60 29.00 20.73 35.15 86.37 44.29 66.69 51.61  0.00
 9731.25 14.42 57.59 23.50 30.56 28.95 20.66 35.10 86.49 44.25 66.73 51.55  0.00
 9732.25 15.40 59.48 24.83 32.08 30.44 21.90 36.70 88.60 45.98 68.67 53.32  0.00
 9733.25 17.26 61.60 27.08 34.43 32.77 24.07 39.05 90.25 48.25 70.62 55.46  0.00
 9734.25 16.52 59.70 26.06 33.21 31.60 23.14 37.70 87.63 46.65 68.47 53.65  0.00
 9735.25 13.92 55.46 22.74 29.55 28.01 20.00 33.87 83.04 42.59 64.09 49.42  0.00
 9736.25 11.39 50.77 19.26 25.59 24.14 16.78 29.67 78.37 38.08 59.35 44.74  0.00
 9737.25  8.77 44.84 15.38 20.96 19.67 13.25 24.66 72.72 32.51 53.36 38.87  0.00
 9738.25  9.46 47.58 16.54 22.48 21.11 14.27 26.38 76.55 34.64 56.44 41.27  0.00
 9739.25  9.87 49.12 17.23 23.36 21.95 14.87 27.37 78.64 35.85 58.13 42.60  0.00
 9740.25  6.50 37.71 11.75 16.36 15.28 10.04 19.47 65.17 26.32 45.80 31.98  0.00
 9741.25  6.38 37.21 11.55 16.09 15.03  9.86 19.16 64.45 25.91 45.21 31.48  0.00
 9742.25 10.39 49.75 17.99 24.22 22.80 15.58 28.22 78.50 36.62 58.49 43.16  0.00
 9743.25 15.13 56.84 24.35 31.26 29.73 21.53 35.49 83.74 44.04 65.10 50.44  0.00
 9744.25 16.86 59.56 26.53 33.64 32.08 23.61 37.94 86.72 46.60 67.86 53.02  0.00
 9745.25 17.99 62.46 28.13 35.54 33.91 25.08 40.00 90.66 48.98 71.06 55.61  0.00
 9746.25 15.82 60.65 25.68 33.10 31.46 22.67 37.61 89.64 46.77 69.47 53.54  0.00
 9747.25 10.35 50.91 18.16 24.57 23.13 15.69 28.64 80.50 37.24 59.79 43.78  0.00
 9748.25  7.73 42.80 13.97 19.31 18.09 11.96 22.77 71.03 30.32 51.10 36.18  0.00
 9749.25  8.16 43.70 14.66 20.14 18.90 12.58 23.66 71.31 31.25 51.85 37.07  0.00
 9750.25 12.73 55.06 21.58 28.48 26.96 18.84 32.71 83.52 41.45 63.61 47.85  0.00
 9751.25 17.09 62.19 27.32 34.84 33.20 24.24 39.29 90.75 48.35 70.76 54.83  0.00
 9752.25 17.66 62.60 27.95 35.45 33.82 24.87 39.87 90.93 48.85 71.08 55.24  0.00
 9753.25 17.05 60.85 27.08 34.39 32.80 24.08 38.69 88.45 47.43 69.09 53.62  0.00
 9754.25 16.59 60.23 26.54 33.83 32.25 23.56 38.10 87.76 46.81 68.43 52.95  0.00
 9755.25 16.66 61.21 26.80 34.23 32.63 23.76 38.59 89.33 47.47 69.56 53.70  0.00
 9756.25 16.51 60.84 26.60 34.00 32.41 23.57 38.32 88.81 47.16 69.13 53.31  0.00
 9757.25 15.57 58.41 25.28 32.43 30.88 22.36 36.59 85.48 45.13 66.41 51.06  0.00
 9758.25 14.68 57.55 24.25 31.39 29.85 21.36 35.56 84.85 44.13 65.60 50.06  0.00
 9759.25 15.59 60.31 25.65 33.10 31.50 22.62 37.43 88.67 46.34 68.65 52.47  0.00
 9760.25 17.29 62.71 27.74 35.34 33.72 24.63 39.71 91.16 48.67 71.05 54.78  0.00
 9761.25 17.73 62.45 28.13 35.61 34.02 25.05 39.89 90.36 48.67 70.61 54.62  0.00
 9762.25 17.01 60.28 27.07 34.31 32.77 24.09 38.44 87.25 46.92 68.14 52.64  0.00
 9763.25 17.13 60.16 27.17 34.37 32.84 24.20 38.47 86.95 46.88 67.95 52.51  0.00
 9764.25 18.13 62.33 28.51 35.91 34.34 25.45 40.09 89.78 48.70 70.28 54.43  0.00
 9765.25 18.47 62.93 28.93 36.38 34.81 25.86 40.58 90.52 49.21 70.90 54.93  0.00
 9766.25 17.06 62.29 27.54 35.12 33.52 24.44 39.40 90.46 48.22 70.41 54.04  0.00
 9767.25 16.21 61.96 26.69 34.34 32.72 23.57 38.67 90.58 47.62 70.20 53.50  0.00
 9768.25 18.37 63.68 29.04 36.63 35.03 25.91 40.88 91.75 49.64 71.73 55.35  0.00
 9769.25 19.56 64.67 30.28 37.84 36.25 27.16 42.03 92.58 50.72 72.64 56.33  0.00
 9770.25 19.11 64.74 29.93 37.58 35.98 26.78 41.82 92.92 50.60 72.76 56.24  0.00
 9771.25 18.24 64.18 29.07 36.78 35.17 25.90 41.05 92.56 49.90 72.25 55.55  0.00
 9772.25 17.38 63.33 28.15 35.86 34.24 24.98 40.12 91.74 48.98 71.39 54.61  0.00
 9773.25 16.90 62.29 27.51 35.13 33.54 24.39 39.33 90.35 48.08 70.23 53.61  0.00
 9774.25 17.76 62.77 28.40 35.96 34.39 25.29 40.10 90.49 48.73 70.59 54.13  0.00
 9775.25 18.78 64.10 29.58 37.19 35.61 26.44 41.34 91.97 49.98 71.93 55.37  0.00
 9776.25 18.39 63.75 29.19 36.81 35.23 26.05 40.95 91.61 49.60 71.56 54.95  0.00
 9777.25 17.99 63.41 28.79 36.42 34.84 25.65 40.56 91.29 49.21 71.21 54.53  0.00
 9778.25 17.49 63.05 28.28 35.94 34.36 25.14 40.09 91.01 48.77 70.85 54.07  0.00
 9779.25 16.55 61.81 27.19 34.80 33.22 24.07 38.92 89.65 47.56 69.57 52.80  0.00
 9780.25 15.99 61.68 26.64 34.32 32.73 23.51 38.47 89.85 47.21 69.51 52.49  0.00
 9781.25 15.87 61.24 26.46 34.09 32.51 23.35 38.20 89.18 46.86 68.98 52.06  0.00
 9782.25 15.68 59.75 26.02 33.44 31.91 23.00 37.42 86.82 45.80 67.23 50.79  0.00
 9783.25 16.40 61.30 27.02 34.58 33.03 23.93 38.61 88.78 47.12 68.87 52.14  0.00
 9784.25 16.97 63.21 27.93 35.72 34.12 24.74 39.86 91.48 48.60 70.97 53.73  0.00
 9785.25 16.58 63.12 27.56 35.40 33.79 24.36 39.56 91.60 48.36 70.92 53.50  0.00
 9786.25 15.32 61.55 26.05 33.83 32.23 22.90 37.96 90.04 46.75 69.34 51.85  0.00
 9787.25 14.17 60.03 24.62 32.32 30.74 21.53 36.42 88.58 45.18 67.82 50.25  0.00
 9788.25 14.81 61.14 25.50 33.29 31.69 22.35 37.41 89.76 46.21 68.92 51.26  0.00
 9789.25 15.10 61.50 25.88 33.69 32.09 22.72 37.80 90.04 46.58 69.24 51.58  0.00
 9790.25 11.25 54.94 20.55 27.74 26.25 17.74 31.63 83.71 40.12 62.70 45.00  0.00
 9791.25  6.00 39.05 11.84 16.86 15.78 10.00 19.73 66.19 26.38 46.07 30.37  0.00
 9792.25  3.38 25.04  6.86  9.96  9.29  5.74 11.79 46.11 16.16 30.22 18.86  0.00
 9793.25  2.01 15.62  4.11  6.02  5.60  3.43  7.15 29.98  9.89 19.04 11.59  0.00
 9794.25  2.07 16.16  4.25  6.23  5.80  3.55  7.39 30.99 10.22 19.68 11.97  0.00
 9795.25  4.17 30.01  8.45 12.23 11.42  7.09 14.40 53.78 19.59 35.90 22.69  0.00
 9796.25 11.06 55.24 20.43 27.67 26.18 17.60 31.53 84.60 40.05 63.01 44.75  0.00
 9797.25 14.57 61.52 25.48 33.39 31.79 22.29 37.46 90.32 46.26 69.16 50.97  0.00
 9798.25 10.97 55.63 20.47 27.83 26.32 17.60 31.72 84.90 40.31 63.35 44.96  0.00
 9799.25  8.84 50.37 17.10 23.78 22.39 14.57 27.37 79.43 35.48 57.96 39.91  0.00
 9800.25  8.60 49.67 16.72 23.30 21.94 14.22 26.84 78.65 34.86 57.20 39.21  0.00
 9801.25  4.91 34.55  9.99 14.41 13.47  8.38 16.89 60.18 22.77 40.90 26.08  0.00
 9802.25  3.26 25.02  6.75  9.88  9.21  5.64 11.66 46.16 15.97 30.06 18.44  0.00
 9803.25  4.28 31.44  8.81 12.80 11.96  7.38 15.04 56.01 20.42 37.41 23.43  0.00
 9804.25  9.23 51.39 17.80 24.61 23.21 15.19 28.20 80.61 36.32 58.90 40.58  0.00
 9805.25 14.82 62.04 25.99 33.97 32.38 22.76 37.96 90.64 46.65 69.45 51.03  0.00
 9806.25 14.71 62.03 25.89 33.88 32.30 22.65 37.88 90.69 46.58 69.44 50.93  0.00
 9807.25 14.24 61.56 25.34 33.33 31.75 22.12 37.32 90.33 46.04 68.98 50.36  0.00
 9808.25 13.42 60.49 24.29 32.22 30.64 21.12 36.18 89.37 44.89 67.92 49.17  0.00
 9809.25  9.88 54.21 19.13 26.39 24.92 16.34 30.12 83.78 38.56 61.75 42.77  0.00
 9810.25  8.03 49.34 16.07 22.65 21.30 13.60 26.10 78.99 34.08 56.80 38.08  0.00
 9811.25  9.31 52.99 18.26 25.37 23.93 15.55 29.03 82.62 37.36 60.49 41.45  0.00
 9812.25 11.68 57.96 21.98 29.72 28.18 18.93 33.59 87.05 42.21 65.35 46.33  0.00
 9813.25  8.62 50.76 17.09 23.89 22.52 14.52 27.39 80.01 35.43 58.08 39.34  0.00
 9814.25  5.86 40.98 12.14 17.51 16.40 10.18 20.37 69.24 27.18 47.84 30.57  0.00
 9815.25  6.09 42.16 12.62 18.17 17.03 10.59 21.10 70.70 28.08 49.09 31.50  0.00
 9816.25  9.36 53.04 18.43 25.56 24.13 15.70 29.17 82.38 37.41 60.36 41.27  0.00
 9817.25 12.74 59.73 23.60 31.53 29.98 20.45 35.39 88.43 43.98 66.92 47.88  0.00
 9818.25 10.46 55.89 20.28 27.81 26.32 17.36 31.55 85.16 40.01 63.18 43.87  0.00
 9819.25  7.44 47.98 15.25 21.68 20.38 12.86 24.98 77.47 32.71 55.19 36.30  0.00
 9820.25  5.99 42.26 12.56 18.14 17.00 10.52 21.04 70.94 28.01 49.13 31.27  0.00
 9821.25  5.98 42.19 12.54 18.12 16.98 10.51 21.01 70.74 27.95 49.01 31.17  0.00
 9822.25  8.06 50.02 16.41 23.16 21.81 13.87 26.55 79.43 34.48 57.19 38.02  0.00
 9823.25 11.50 58.20 22.02 29.86 28.32 18.94 33.63 87.23 42.17 65.34 45.85  0.00
 9824.25 13.00 59.98 24.08 32.04 30.51 20.90 35.81 88.27 44.26 66.93 47.85  0.00
 9825.25 13.12 59.42 24.13 31.99 30.48 20.98 35.69 87.13 43.98 66.20 47.45  0.00
 9826.25 13.00 59.68 24.07 31.99 30.47 20.90 35.71 87.66 44.06 66.51 47.53  0.00
 9827.25 12.90 60.42 24.10 32.16 30.61 20.88 35.94 89.00 44.45 67.38 47.95  0.00
 9828.25 12.56 60.34 23.72 31.80 30.25 20.50 35.60 89.24 44.18 67.35 47.67  0.00
 9829.25 11.12 58.12 21.68 29.56 28.04 18.59 33.30 87.35 41.84 65.19 45.30  0.00
 9830.25  9.40 54.52 18.98 26.43 24.97 16.13 30.01 83.95 38.32 61.59 41.69  0.00
 9831.25  8.78 52.75 17.95 25.16 23.75 15.21 28.64 81.95 36.76 59.73 40.03  0.00
 9832.25  9.93 55.41 19.85 27.43 25.96 16.93 31.02 84.36 39.31 62.34 42.58  0.00
 9833.25 12.09 59.69 23.18 31.24 29.70 19.98 34.97 88.50 43.46 66.58 46.74  0.00
 9834.25  0.00  0.00  0.00  0.00  0.00  0.00  0.00  0.00  0.00  0.00  0.00  0.00
 9835.25  0.00  0.00  0.00  0.00  0.00  0.00  0.00  0.00  0.00  0.00  0.00  0.00
 9836.25  0.00  0.00  0.00  0.00  0.00  0.00  0.00  0.00  0.00  0.00  0.00  0.00
 9837.25  0.00  0.00  0.00  0.00  0.00  0.00  0.00  0.00  0.00  0.00  0.00  0.00
 9838.25  0.00  0.00  0.00  0.00  0.00  0.00  0.00  0.00  0.00  0.00  0.00  0.00
 9839.25  0.00  0.00  0.00  0.00  0.00  0.00  0.00  0.00  0.00  0.00  0.00  0.00
 9840.25  0.00  0.00  0.00  0.00  0.00  0.00  0.00  0.00  0.00  0.00  0.00  0.00
 9841.25  0.00  0.00  0.00  0.00  0.00  0.00  0.00  0.00  0.00  0.00  0.00  0.00
 9842.25  0.00  0.00  0.00  0.00  0.00  0.00  0.00  0.00  0.00  0.00  0.00  0.00
 9843.25  0.00  0.00  0.00  0.00  0.00  0.00  0.00  0.00  0.00  0.00  0.00  0.00
 9844.25  0.00  0.00  0.00  0.00  0.00  0.00  0.00  0.00  0.00  0.00  0.00  0.00
 9845.25  0.00  0.00  0.00  0.00  0.00  0.00  0.00  0.00  0.00  0.00  0.00  0.00
 9846.25  0.00  0.00  0.00  0.00  0.00  0.00  0.00  0.00  0.00  0.00  0.00  0.00
 9847.25  0.00  0.00  0.00  0.00  0.00  0.00  0.00  0.00  0.00  0.00  0.00  0.00
 9848.25  0.00  0.00  0.00  0.00  0.00  0.00  0.00  0.00  0.00  0.00  0.00  0.00
 9849.25  0.00  0.00  0.00  0.00  0.00  0.00  0.00  0.00  0.00  0.00  0.00  0.00
 9850.25  0.00  0.00  0.00  0.00  0.00  0.00  0.00  0.00  0.00  0.00  0.00  0.00
 9851.25  0.00  0.00  0.00  0.00  0.00  0.00  0.00  0.00  0.00  0.00  0.00  0.00
 9852.25  0.00  0.00  0.00  0.00  0.00  0.00  0.00  0.00  0.00  0.00  0.00  0.00
 9853.25  0.00  0.00  0.00  0.00  0.00  0.00  0.00  0.00  0.00  0.00  0.00  0.00
 9854.25  0.00  0.00  0.00  0.00  0.00  0.00  0.00  0.00  0.00  0.00  0.00  0.00
 9855.25  0.00  0.00  0.00  0.00  0.00  0.00  0.00  0.00  0.00  0.00  0.00  0.00
 9856.25  0.00  0.00  0.00  0.00  0.00  0.00  0.00  0.00  0.00  0.00  0.00  0.00
 9857.25  0.00  0.00  0.00  0.00  0.00  0.00  0.00  0.00  0.00  0.00  0.00  0.00
 9858.25  0.00  0.00  0.00  0.00  0.00  0.00  0.00  0.00  0.00  0.00  0.00  0.00
 9859.25  0.00  0.00  0.00  0.00  0.00  0.00  0.00  0.00  0.00  0.00  0.00  0.00
 9860.25  0.00  0.00  0.00  0.00  0.00  0.00  0.00  0.00  0.00  0.00  0.00  0.00
 9861.25  0.00  0.00  0.00  0.00  0.00  0.00  0.00  0.00  0.00  0.00  0.00  0.00
 9862.25  0.00  0.00  0.00  0.00  0.00  0.00  0.00  0.00  0.00  0.00  0.00  0.00
 9863.25  0.00  0.00  0.00  0.00  0.00  0.00  0.00  0.00  0.00  0.00  0.00  0.00
 9864.25  0.00  0.00  0.00  0.00  0.00  0.00  0.00  0.00  0.00  0.00  0.00  0.00
 9865.25  0.00  0.00  0.00  0.00  0.00  0.00  0.00  0.00  0.00  0.00  0.00  0.00
 9866.25  0.00  0.00  0.00  0.00  0.00  0.00  0.00  0.00  0.00  0.00  0.00  0.00
 9867.25  0.00  0.00  0.00  0.00  0.00  0.00  0.00  0.00  0.00  0.00  0.00  0.00
 9868.25  0.00  0.00  0.00  0.00  0.00  0.00  0.00  0.00  0.00  0.00  0.00  0.00
 9869.25  0.00  0.00  0.00  0.00  0.00  0.00  0.00  0.00  0.00  0.00  0.00  0.00
 9870.25  0.00  0.00  0.00  0.00  0.00  0.00  0.00  0.00  0.00  0.00  0.00  0.00
 9871.25  0.00  0.00  0.00  0.00  0.00  0.00  0.00  0.00  0.00  0.00  0.00  0.00
 9872.25  0.00  0.00  0.00  0.00  0.00  0.00  0.00  0.00  0.00  0.00  0.00  0.00
 9873.25  0.00  0.00  0.00  0.00  0.00  0.00  0.00  0.00  0.00  0.00  0.00  0.00
 9874.25  0.00  0.00  0.00  0.00  0.00  0.00  0.00  0.00  0.00  0.00  0.00  0.00
 9875.25  0.00  0.00  0.00  0.00  0.00  0.00  0.00  0.00  0.00  0.00  0.00  0.00
 9876.25  0.00  0.00  0.00  0.00  0.00  0.00  0.00  0.00  0.00  0.00  0.00  0.00
 9877.25  0.00  0.00  0.00  0.00  0.00  0.00  0.00  0.00  0.00  0.00  0.00  0.00
 9878.25  0.00  0.00  0.00  0.00  0.00  0.00  0.00  0.00  0.00  0.00  0.00  0.00
 9879.25  0.00  0.00  0.00  0.00  0.00  0.00  0.00  0.00  0.00  0.00  0.00  0.00
 9880.25  0.00  0.00  0.00  0.00  0.00  0.00  0.00  0.00  0.00  0.00  0.00  0.00
 9881.25  0.00  0.00  0.00  0.00  0.00  0.00  0.00  0.00  0.00  0.00  0.00  0.00
 9882.25  0.00  0.00  0.00  0.00  0.00  0.00  0.00  0.00  0.00  0.00  0.00  0.00
 9883.25  0.00  0.00  0.00  0.00  0.00  0.00  0.00  0.00  0.00  0.00  0.00  0.00
 9884.25  0.00  0.00  0.00  0.00  0.00  0.00  0.00  0.00  0.00  0.00  0.00  0.00
 9885.25  0.00  0.00  0.00  0.00  0.00  0.00  0.00  0.00  0.00  0.00  0.00  0.00
 9886.25  0.00  0.00  0.00  0.00  0.00  0.00  0.00  0.00  0.00  0.00  0.00  0.00
 9887.25  0.00  0.00  0.00  0.00  0.00  0.00  0.00  0.00  0.00  0.00  0.00  0.00
 9888.25  0.00  0.00  0.00  0.00  0.00  0.00  0.00  0.00  0.00  0.00  0.00  0.00
 9889.25  0.00  0.00  0.00  0.00  0.00  0.00  0.00  0.00  0.00  0.00  0.00  0.00
 9890.25  0.00  0.00  0.00  0.00  0.00  0.00  0.00  0.00  0.00  0.00  0.00  0.00
 9891.25  0.00  0.00  0.00  0.00  0.00  0.00  0.00  0.00  0.00  0.00  0.00  0.00
 9892.25  0.00  0.00  0.00  0.00  0.00  0.00  0.00  0.00  0.00  0.00  0.00  0.00
 9893.25  0.00  0.00  0.00  0.00  0.00  0.00  0.00  0.00  0.00  0.00  0.00  0.00
 9894.25  0.00  0.00  0.00  0.00  0.00  0.00  0.00  0.00  0.00  0.00  0.00  0.00
 9895.25  0.00  0.00  0.00  0.00  0.00  0.00  0.00  0.00  0.00  0.00  0.00  0.00
 9896.25  0.00  0.00  0.00  0.00  0.00  0.00  0.00  0.00  0.00  0.00  0.00  0.00
 9897.25  0.00  0.00  0.00  0.00  0.00  0.00  0.00  0.00  0.00  0.00  0.00  0.00
 9898.25  0.00  0.00  0.00  0.00  0.00  0.00  0.00  0.00  0.00  0.00  0.00  0.00
 9899.25  0.00  0.00  0.00  0.00  0.00  0.00  0.00  0.00  0.00  0.00  0.00  0.00
 9900.25  0.00  0.00  0.00  0.00  0.00  0.00  0.00  0.00  0.00  0.00  0.00  0.00
 9901.25  0.00  0.00  0.00  0.00  0.00  0.00  0.00  0.00  0.00  0.00  0.00  0.00
 9902.25  0.00  0.00  0.00  0.00  0.00  0.00  0.00  0.00  0.00  0.00  0.00  0.00
 9903.25  0.00  0.00  0.00  0.00  0.00  0.00  0.00  0.00  0.00  0.00  0.00  0.00
 9904.25  0.00  0.00  0.00  0.00  0.00  0.00  0.00  0.00  0.00  0.00  0.00  0.00
 9905.25  0.00  0.00  0.00  0.00  0.00  0.00  0.00  0.00  0.00  0.00  0.00  0.00
 9906.25  0.00  0.00  0.00  0.00  0.00  0.00  0.00  0.00  0.00  0.00  0.00  0.00
 9907.25  0.00  0.00  0.00  0.00  0.00  0.00  0.00  0.00  0.00  0.00  0.00  0.00
 9908.25  0.00  0.00  0.00  0.00  0.00  0.00  0.00  0.00  0.00  0.00  0.00  0.00
 9909.25  0.00  0.00  0.00  0.00  0.00  0.00  0.00  0.00  0.00  0.00  0.00  0.00
 9910.25  0.00  0.00  0.00  0.00  0.00  0.00  0.00  0.00  0.00  0.00  0.00  0.00
 9911.25  0.00  0.00  0.00  0.00  0.00  0.00  0.00  0.00  0.00  0.00  0.00  0.00
 9912.25  0.00  0.00  0.00  0.00  0.00  0.00  0.00  0.00  0.00  0.00  0.00  0.00
 9913.25  0.00  0.00  0.00  0.00  0.00  0.00  0.00  0.00  0.00  0.00  0.00  0.00
 9914.25  0.00  0.00  0.00  0.00  0.00  0.00  0.00  0.00  0.00  0.00  0.00  0.00
 9915.25  0.00  0.00  0.00  0.00  0.00  0.00  0.00  0.00  0.00  0.00  0.00  0.00
 9916.25  0.00  0.00  0.00  0.00  0.00  0.00  0.00  0.00  0.00  0.00  0.00  0.00
 9917.25  0.00  0.00  0.00  0.00  0.00  0.00  0.00  0.00  0.00  0.00  0.00  0.00
 9918.25  0.00  0.00  0.00  0.00  0.00  0.00  0.00  0.00  0.00  0.00  0.00  0.00
 9919.25  0.00  0.00  0.00  0.00  0.00  0.00  0.00  0.00  0.00  0.00  0.00  0.00
 9920.25  0.00  0.00  0.00  0.00  0.00  0.00  0.00  0.00  0.00  0.00  0.00  0.00
 9921.25  0.00  0.00  0.00  0.00  0.00  0.00  0.00  0.00  0.00  0.00  0.00  0.00
 9922.25  0.00  0.00  0.00  0.00  0.00  0.00  0.00  0.00  0.00  0.00  0.00  0.00
 9923.25  0.00  0.00  0.00  0.00  0.00  0.00  0.00  0.00  0.00  0.00  0.00  0.00
 9924.25  0.00  0.00  0.00  0.00  0.00  0.00  0.00  0.00  0.00  0.00  0.00  0.00
 9925.25  0.00  0.00  0.00  0.00  0.00  0.00  0.00  0.00  0.00  0.00  0.00  0.00
 9926.25  0.00  0.00  0.00  0.00  0.00  0.00  0.00  0.00  0.00  0.00  0.00  0.00
 9927.25  0.00  0.00  0.00  0.00  0.00  0.00  0.00  0.00  0.00  0.00  0.00  0.00
 9928.25  0.00  0.00  0.00  0.00  0.00  0.00  0.00  0.00  0.00  0.00  0.00  0.00
 9929.25  0.00  0.00  0.00  0.00  0.00  0.00  0.00  0.00  0.00  0.00  0.00  0.00
 9930.25  0.00  0.00  0.00  0.00  0.00  0.00  0.00  0.00  0.00  0.00  0.00  0.00
 9931.25  0.00  0.00  0.00  0.00  0.00  0.00  0.00  0.00  0.00  0.00  0.00  0.00
 9932.25  0.00  0.00  0.00  0.00  0.00  0.00  0.00  0.00  0.00  0.00  0.00  0.00
 9933.25  0.00  0.00  0.00  0.00  0.00  0.00  0.00  0.00  0.00  0.00  0.00  0.00
 9934.25  0.00  0.00  0.00  0.00  0.00  0.00  0.00  0.00  0.00  0.00  0.00  0.00
 9935.25  0.00  0.00  0.00  0.00  0.00  0.00  0.00  0.00  0.00  0.00  0.00  0.00
 9936.25  0.00  0.00  0.00  0.00  0.00  0.00  0.00  0.00  0.00  0.00  0.00  0.00
 9937.25  0.00  0.00  0.00  0.00  0.00  0.00  0.00  0.00  0.00  0.00  0.00  0.00
 9938.25  0.00  0.00  0.00  0.00  0.00  0.00  0.00  0.00  0.00  0.00  0.00  0.00
 9939.25  0.00  0.00  0.00  0.00  0.00  0.00  0.00  0.00  0.00  0.00  0.00  0.00
 9940.25  0.00  0.00  0.00  0.00  0.00  0.00  0.00  0.00  0.00  0.00  0.00  0.00
 9941.25  0.00  0.00  0.00  0.00  0.00  0.00  0.00  0.00  0.00  0.00  0.00  0.00
 9942.25  0.00  0.00  0.00  0.00  0.00  0.00  0.00  0.00  0.00  0.00  0.00  0.00
 9943.25  0.00  0.00  0.00  0.00  0.00  0.00  0.00  0.00  0.00  0.00  0.00  0.00
 9944.25  0.00  0.00  0.00  0.00  0.00  0.00  0.00  0.00  0.00  0.00  0.00  0.00
 9945.25  0.00  0.00  0.00  0.00  0.00  0.00  0.00  0.00  0.00  0.00  0.00  0.00
 9946.25  0.00  0.00  0.00  0.00  0.00  0.00  0.00  0.00  0.00  0.00  0.00  0.00
 9947.25  0.00  0.00  0.00  0.00  0.00  0.00  0.00  0.00  0.00  0.00  0.00  0.00
 9948.25  0.00  0.00  0.00  0.00  0.00  0.00  0.00  0.00  0.00  0.00  0.00  0.00
 9949.25  0.00  0.00  0.00  0.00  0.00  0.00  0.00  0.00  0.00  0.00  0.00  0.00
 9950.25  0.00  0.00  0.00  0.00  0.00  0.00  0.00  0.00  0.00  0.00  0.00  0.00
 9951.25  0.00  0.00  0.00  0.00  0.00  0.00  0.00  0.00  0.00  0.00  0.00  0.00
 9952.25  0.00  0.00  0.00  0.00  0.00  0.00  0.00  0.00  0.00  0.00  0.00  0.00
 9953.25  0.00  0.00  0.00  0.00  0.00  0.00  0.00  0.00  0.00  0.00  0.00  0.00
 9954.25  0.00  0.00  0.00  0.00  0.00  0.00  0.00  0.00  0.00  0.00  0.00  0.00
 9955.25  0.00  0.00  0.00  0.00  0.00  0.00  0.00  0.00  0.00  0.00  0.00  0.00
 9956.25  0.00  0.00  0.00  0.00  0.00  0.00  0.00  0.00  0.00  0.00  0.00  0.00
 9957.25  0.00  0.00  0.00  0.00  0.00  0.00  0.00  0.00  0.00  0.00  0.00  0.00
 9958.25  0.00  0.00  0.00  0.00  0.00  0.00  0.00  0.00  0.00  0.00  0.00  0.00
 9959.25  0.00  0.00  0.00  0.00  0.00  0.00  0.00  0.00  0.00  0.00  0.00  0.00
 9960.25  0.00  0.00  0.00  0.00  0.00  0.00  0.00  0.00  0.00  0.00  0.00  0.00
 9961.25  0.00  0.00  0.00  0.00  0.00  0.00  0.00  0.00  0.00  0.00  0.00  0.00
 9962.25  0.00  0.00  0.00  0.00  0.00  0.00  0.00  0.00  0.00  0.00  0.00  0.00
 9963.25  0.00  0.00  0.00  0.00  0.00  0.00  0.00  0.00  0.00  0.00  0.00  0.00
 9964.25  0.00  0.00  0.00  0.00  0.00  0.00  0.00  0.00  0.00  0.00  0.00  0.00
 9965.25  0.00  0.00  0.00  0.00  0.00  0.00  0.00  0.00  0.00  0.00  0.00  0.00
 9966.25  0.00  0.00  0.00  0.00  0.00  0.00  0.00  0.00  0.00  0.00  0.00  0.00
 9967.25  0.00  0.00  0.00  0.00  0.00  0.00  0.00  0.00  0.00  0.00  0.00  0.00
 9968.25  0.00  0.00  0.00  0.00  0.00  0.00  0.00  0.00  0.00  0.00  0.00  0.00
 9969.25  0.00  0.00  0.00  0.00  0.00  0.00  0.00  0.00  0.00  0.00  0.00  0.00
 9970.25  0.00  0.00  0.00  0.00  0.00  0.00  0.00  0.00  0.00  0.00  0.00  0.00
 9971.25  0.00  0.00  0.00  0.00  0.00  0.00  0.00  0.00  0.00  0.00  0.00  0.00
 9972.25  0.00  0.00  0.00  0.00  0.00  0.00  0.00  0.00  0.00  0.00  0.00  0.00
 9973.25  0.00  0.00  0.00  0.00  0.00  0.00  0.00  0.00  0.00  0.00  0.00  0.00
 9974.25  0.00  0.00  0.00  0.00  0.00  0.00  0.00  0.00  0.00  0.00  0.00  0.00
 9975.25  0.00  0.00  0.00  0.00  0.00  0.00  0.00  0.00  0.00  0.00  0.00  0.00
 9976.25  0.00  0.00  0.00  0.00  0.00  0.00  0.00  0.00  0.00  0.00  0.00  0.00
 9977.25  0.00  0.00  0.00  0.00  0.00  0.00  0.00  0.00  0.00  0.00  0.00  0.00
 9978.25  0.00  0.00  0.00  0.00  0.00  0.00  0.00  0.00  0.00  0.00  0.00  0.00
 9979.25  0.00  0.00  0.00  0.00  0.00  0.00  0.00  0.00  0.00  0.00  0.00  0.00
 9980.25  0.00  0.00  0.00  0.00  0.00  0.00  0.00  0.00  0.00  0.00  0.00  0.00
 9981.25  0.00  0.00  0.00  0.00  0.00  0.00  0.00  0.00  0.00  0.00  0.00  0.00
 9982.25  0.00  0.00  0.00  0.00  0.00  0.00  0.00  0.00  0.00  0.00  0.00  0.00
 9983.25  0.00  0.00  0.00  0.00  0.00  0.00  0.00  0.00  0.00  0.00  0.00  0.00
 9984.25  0.00  0.00  0.00  0.00  0.00  0.00  0.00  0.00  0.00  0.00  0.00  0.00
 9985.25  0.00  0.00  0.00  0.00  0.00  0.00  0.00  0.00  0.00  0.00  0.00  0.00
 9986.25  0.00  0.00  0.00  0.00  0.00  0.00  0.00  0.00  0.00  0.00  0.00  0.00
 9987.25  0.00  0.00  0.00  0.00  0.00  0.00  0.00  0.00  0.00  0.00  0.00  0.00
 9988.25  0.00  0.00  0.00  0.00  0.00  0.00  0.00  0.00  0.00  0.00  0.00  0.00
 9989.25  0.00  0.00  0.00  0.00  0.00  0.00  0.00  0.00  0.00  0.00  0.00  0.00
 9990.25  0.00  0.00  0.00  0.00  0.00  0.00  0.00  0.00  0.00  0.00  0.00  0.00
 9991.25  0.00  0.00  0.00  0.00  0.00  0.00  0.00  0.00  0.00  0.00  0.00  0.00
 9992.25  0.00  0.00  0.00  0.00  0.00  0.00  0.00  0.00  0.00  0.00  0.00  0.00
 9993.25  0.00  0.00  0.00  0.00  0.00  0.00  0.00  0.00  0.00  0.00  0.00  0.00
 9994.25  0.00  0.00  0.00  0.00  0.00  0.00  0.00  0.00  0.00  0.00  0.00  0.00
 9995.25  0.00  0.00  0.00  0.00  0.00  0.00  0.00  0.00  0.00  0.00  0.00  0.00
 9996.25  0.00  0.00  0.00  0.00  0.00  0.00  0.00  0.00  0.00  0.00  0.00  0.00
 9997.25  0.00  0.00  0.00  0.00  0.00  0.00  0.00  0.00  0.00  0.00  0.00  0.00
 9998.25  0.00  0.00  0.00  0.00  0.00  0.00  0.00  0.00  0.00  0.00  0.00  0.00
 9999.25  0.00  0.00  0.00  0.00  0.00  0.00  0.00  0.00  0.00  0.00  0.00  0.00
