# Lyman-alpha forest S/N per Ang for mean quasar with mean forest
# INFILE= /Users/schlegel/desimodel/data/spectra/spec-lya.dat
# GMAG= 21.2500
# EXPTIME= 4000.00
#
# Wave SN(z=2.0) SN(z=2.25) SN(z=2.50) SN(z=2.75) SN(z=3.00) SN(z=3.25) SN(z=3.50) SN(z=3.75) SN(z=4.00) SN(z=4.25) SN(z=4.50) SN(z=4.75)
 3500.25  0.00  0.00  0.00  0.00  0.00  0.00  0.00  0.00  0.00  0.00  0.00  0.00
 3501.25  0.00  0.00  0.00  0.00  0.00  0.00  0.00  0.00  0.00  0.00  0.00  0.00
 3502.25  0.00  0.00  0.00  0.00  0.00  0.00  0.00  0.00  0.00  0.00  0.00  0.00
 3503.25  0.00  0.00  0.00  0.00  0.00  0.00  0.00  0.00  0.00  0.00  0.00  0.00
 3504.25  0.00  0.00  0.00  0.00  0.00  0.00  0.00  0.00  0.00  0.00  0.00  0.00
 3505.25  0.00  0.00  0.00  0.00  0.00  0.00  0.00  0.00  0.00  0.00  0.00  0.00
 3506.25  0.00  0.00  0.00  0.00  0.00  0.00  0.00  0.00  0.00  0.00  0.00  0.00
 3507.25  0.00  0.00  0.00  0.00  0.00  0.00  0.00  0.00  0.00  0.00  0.00  0.00
 3508.25  0.00  0.00  0.00  0.00  0.00  0.00  0.00  0.00  0.00  0.00  0.00  0.00
 3509.25  0.00  0.00  0.00  0.00  0.00  0.00  0.00  0.00  0.00  0.00  0.00  0.00
 3510.25  0.00  0.00  0.00  0.00  0.00  0.00  0.00  0.00  0.00  0.00  0.00  0.00
 3511.25  0.00  0.00  0.00  0.00  0.00  0.00  0.00  0.00  0.00  0.00  0.00  0.00
 3512.25  0.00  0.00  0.00  0.00  0.00  0.00  0.00  0.00  0.00  0.00  0.00  0.00
 3513.25  0.00  0.00  0.00  0.00  0.00  0.00  0.00  0.00  0.00  0.00  0.00  0.00
 3514.25  0.00  0.00  0.00  0.00  0.00  0.00  0.00  0.00  0.00  0.00  0.00  0.00
 3515.25  0.00  0.00  0.00  0.00  0.00  0.00  0.00  0.00  0.00  0.00  0.00  0.00
 3516.25  0.00  0.00  0.00  0.00  0.00  0.00  0.00  0.00  0.00  0.00  0.00  0.00
 3517.25  0.00  0.00  0.00  0.00  0.00  0.00  0.00  0.00  0.00  0.00  0.00  0.00
 3518.25  0.00  0.00  0.00  0.00  0.00  0.00  0.00  0.00  0.00  0.00  0.00  0.00
 3519.25  0.00  0.00  0.00  0.00  0.00  0.00  0.00  0.00  0.00  0.00  0.00  0.00
 3520.25  0.00  0.00  0.00  0.00  0.00  0.00  0.00  0.00  0.00  0.00  0.00  0.00
 3521.25  0.00  0.00  0.00  0.00  0.00  0.00  0.00  0.00  0.00  0.00  0.00  0.00
 3522.25  0.00  0.00  0.00  0.00  0.00  0.00  0.00  0.00  0.00  0.00  0.00  0.00
 3523.25  0.00  0.00  0.00  0.00  0.00  0.00  0.00  0.00  0.00  0.00  0.00  0.00
 3524.25  0.00  0.00  0.00  0.00  0.00  0.00  0.00  0.00  0.00  0.00  0.00  0.00
 3525.25  0.00  0.00  0.00  0.00  0.00  0.00  0.00  0.00  0.00  0.00  0.00  0.00
 3526.25  0.00  0.00  0.00  0.00  0.00  0.00  0.00  0.00  0.00  0.00  0.00  0.00
 3527.25  0.00  0.00  0.00  0.00  0.00  0.00  0.00  0.00  0.00  0.00  0.00  0.00
 3528.25  0.00  0.00  0.00  0.00  0.00  0.00  0.00  0.00  0.00  0.00  0.00  0.00
 3529.25  0.00  0.00  0.00  0.00  0.00  0.00  0.00  0.00  0.00  0.00  0.00  0.00
 3530.25  0.00  0.00  0.00  0.00  0.00  0.00  0.00  0.00  0.00  0.00  0.00  0.00
 3531.25  0.00  0.00  0.00  0.00  0.00  0.00  0.00  0.00  0.00  0.00  0.00  0.00
 3532.25  0.00  0.00  0.00  0.00  0.00  0.00  0.00  0.00  0.00  0.00  0.00  0.00
 3533.25  0.00  0.00  0.00  0.00  0.00  0.00  0.00  0.00  0.00  0.00  0.00  0.00
 3534.25  0.00  0.00  0.00  0.00  0.00  0.00  0.00  0.00  0.00  0.00  0.00  0.00
 3535.25  0.00  0.00  0.00  0.00  0.00  0.00  0.00  0.00  0.00  0.00  0.00  0.00
 3536.25  0.00  0.00  0.00  0.00  0.00  0.00  0.00  0.00  0.00  0.00  0.00  0.00
 3537.25  0.00  0.00  0.00  0.00  0.00  0.00  0.00  0.00  0.00  0.00  0.00  0.00
 3538.25  0.00  0.00  0.00  0.00  0.00  0.00  0.00  0.00  0.00  0.00  0.00  0.00
 3539.25  0.00  0.00  0.00  0.00  0.00  0.00  0.00  0.00  0.00  0.00  0.00  0.00
 3540.25  0.00  0.00  0.00  0.00  0.00  0.00  0.00  0.00  0.00  0.00  0.00  0.00
 3541.25  0.00  0.00  0.00  0.00  0.00  0.00  0.00  0.00  0.00  0.00  0.00  0.00
 3542.25  0.00  0.00  0.00  0.00  0.00  0.00  0.00  0.00  0.00  0.00  0.00  0.00
 3543.25  0.00  0.00  0.00  0.00  0.00  0.00  0.00  0.00  0.00  0.00  0.00  0.00
 3544.25  0.00  0.00  0.00  0.00  0.00  0.00  0.00  0.00  0.00  0.00  0.00  0.00
 3545.25  0.00  0.00  0.00  0.00  0.00  0.00  0.00  0.00  0.00  0.00  0.00  0.00
 3546.25  0.00  0.00  0.00  0.00  0.00  0.00  0.00  0.00  0.00  0.00  0.00  0.00
 3547.25  0.00  0.00  0.00  0.00  0.00  0.00  0.00  0.00  0.00  0.00  0.00  0.00
 3548.25  0.00  0.00  0.00  0.00  0.00  0.00  0.00  0.00  0.00  0.00  0.00  0.00
 3549.25  0.00  0.00  0.00  0.00  0.00  0.00  0.00  0.00  0.00  0.00  0.00  0.00
 3550.25  0.00  0.00  0.00  0.00  0.00  0.00  0.00  0.00  0.00  0.00  0.00  0.00
 3551.25  0.00  0.00  0.00  0.00  0.00  0.00  0.00  0.00  0.00  0.00  0.00  0.00
 3552.25  0.00  0.00  0.00  0.00  0.00  0.00  0.00  0.00  0.00  0.00  0.00  0.00
 3553.25  0.00  0.00  0.00  0.00  0.00  0.00  0.00  0.00  0.00  0.00  0.00  0.00
 3554.25  0.00  0.00  0.00  0.00  0.00  0.00  0.00  0.00  0.00  0.00  0.00  0.00
 3555.25  0.00  0.00  0.00  0.00  0.00  0.00  0.00  0.00  0.00  0.00  0.00  0.00
 3556.25  0.00  0.00  0.00  0.00  0.00  0.00  0.00  0.00  0.00  0.00  0.00  0.00
 3557.25  0.00  0.00  0.00  0.00  0.00  0.00  0.00  0.00  0.00  0.00  0.00  0.00
 3558.25  0.00  0.00  0.00  0.00  0.00  0.00  0.00  0.00  0.00  0.00  0.00  0.00
 3559.25  0.00  0.00  0.00  0.00  0.00  0.00  0.00  0.00  0.00  0.00  0.00  0.00
 3560.25  0.00  0.00  0.00  0.00  0.00  0.00  0.00  0.00  0.00  0.00  0.00  0.00
 3561.25  0.00  0.00  0.00  0.00  0.00  0.00  0.00  0.00  0.00  0.00  0.00  0.00
 3562.25  0.00  0.00  0.00  0.00  0.00  0.00  0.00  0.00  0.00  0.00  0.00  0.00
 3563.25  0.00  0.00  0.00  0.00  0.00  0.00  0.00  0.00  0.00  0.00  0.00  0.00
 3564.25  0.72  0.63  0.65  0.47  0.23  0.12  0.18  0.27  0.46  0.78  1.19  1.56
 3565.25  1.48  1.27  1.31  0.94  0.47  0.25  0.36  0.54  0.92  1.57  2.40  3.16
 3566.25  1.68  1.42  1.47  1.05  0.53  0.28  0.40  0.60  1.03  1.75  2.65  3.47
 3567.25  1.79  1.48  1.55  1.10  0.56  0.29  0.42  0.63  1.07  1.82  2.75  3.60
 3568.25  1.75  1.42  1.49  1.06  0.54  0.28  0.40  0.60  1.03  1.75  2.66  3.48
 3569.25  1.74  1.39  1.46  1.03  0.53  0.27  0.39  0.58  1.00  1.70  2.59  3.40
 3570.25  1.79  1.40  1.48  1.03  0.53  0.28  0.39  0.59  1.00  1.71  2.61  3.42
 3571.25  1.94  1.49  1.59  1.10  0.57  0.30  0.42  0.63  1.07  1.82  2.76  3.61
 3572.25  2.13  1.61  1.73  1.20  0.62  0.32  0.46  0.68  1.15  1.95  2.96  3.85
 3573.25  2.06  1.53  1.65  1.13  0.59  0.31  0.43  0.64  1.09  1.86  2.82  3.69
 3574.25  2.08  1.52  1.64  1.12  0.59  0.30  0.43  0.63  1.08  1.84  2.80  3.66
 3575.25  2.15  1.54  1.68  1.14  0.60  0.31  0.43  0.65  1.09  1.87  2.84  3.71
 3576.25  2.15  1.51  1.65  1.12  0.59  0.30  0.42  0.63  1.07  1.82  2.78  3.65
 3577.25  2.21  1.53  1.68  1.13  0.60  0.31  0.43  0.64  1.08  1.84  2.81  3.68
 3578.25  2.25  1.54  1.69  1.13  0.60  0.31  0.43  0.64  1.08  1.84  2.81  3.69
 3579.25  2.28  1.53  1.70  1.13  0.60  0.31  0.43  0.63  1.07  1.84  2.81  3.68
 3580.25  2.36  1.56  1.74  1.15  0.62  0.32  0.43  0.64  1.09  1.87  2.85  3.74
 3581.25  2.50  1.64  1.83  1.20  0.65  0.33  0.46  0.68  1.14  1.95  2.97  3.89
 3582.25  2.53  1.64  1.84  1.20  0.65  0.33  0.46  0.67  1.13  1.94  2.96  3.88
 3583.25  2.46  1.56  1.76  1.15  0.62  0.32  0.43  0.64  1.08  1.86  2.84  3.73
 3584.25  2.49  1.56  1.77  1.14  0.62  0.32  0.43  0.64  1.07  1.85  2.83  3.72
 3585.25  2.70  1.67  1.90  1.23  0.67  0.34  0.46  0.68  1.15  1.98  3.01  3.95
 3586.25  2.92  1.80  2.05  1.32  0.73  0.37  0.50  0.74  1.23  2.12  3.21  4.19
 3587.25  3.05  1.86  2.13  1.37  0.76  0.39  0.52  0.76  1.28  2.18  3.30  4.30
 3588.25  3.07  1.85  2.12  1.36  0.76  0.39  0.52  0.76  1.26  2.16  3.28  4.27
 3589.25  2.99  1.77  2.05  1.30  0.73  0.37  0.49  0.72  1.20  2.07  3.15  4.13
 3590.25  2.95  1.72  2.00  1.26  0.71  0.36  0.48  0.70  1.16  2.01  3.07  4.03
 3591.25  2.95  1.69  1.98  1.24  0.70  0.35  0.47  0.68  1.14  1.98  3.02  3.98
 3592.25  2.95  1.67  1.96  1.22  0.69  0.35  0.46  0.67  1.12  1.94  2.98  3.92
 3593.25  3.01  1.69  1.98  1.23  0.69  0.35  0.46  0.67  1.13  1.96  3.00  3.95
 3594.25  3.13  1.74  2.05  1.26  0.72  0.36  0.48  0.69  1.16  2.01  3.08  4.05
 3595.25  3.14  1.72  2.04  1.25  0.72  0.36  0.47  0.69  1.15  1.99  3.06  4.02
 3596.25  3.08  1.67  1.99  1.21  0.69  0.35  0.45  0.66  1.10  1.92  2.96  3.91
 3597.25  3.05  1.63  1.95  1.18  0.68  0.34  0.44  0.64  1.07  1.88  2.89  3.83
 3598.25  3.04  1.60  1.93  1.16  0.67  0.33  0.43  0.63  1.05  1.85  2.85  3.78
 3599.25  3.19  1.67  2.02  1.21  0.70  0.35  0.45  0.66  1.09  1.92  2.96  3.91
 3600.25  3.37  1.76  2.12  1.27  0.74  0.37  0.48  0.69  1.15  2.01  3.09  4.07
 3601.25  3.44  1.77  2.15  1.28  0.75  0.38  0.48  0.70  1.16  2.03  3.12  4.11
 3602.25  3.46  1.76  2.15  1.27  0.75  0.37  0.48  0.69  1.15  2.01  3.09  4.08
 3603.25  3.52  1.78  2.18  1.28  0.76  0.38  0.48  0.69  1.15  2.02  3.11  4.11
 3604.25  3.57  1.79  2.19  1.29  0.76  0.38  0.48  0.70  1.15  2.03  3.11  4.12
 3605.25  3.65  1.81  2.23  1.30  0.77  0.39  0.49  0.70  1.17  2.05  3.13  4.17
 3606.25  3.75  1.85  2.29  1.33  0.79  0.40  0.50  0.72  1.19  2.09  3.18  4.24
 3607.25  3.80  1.86  2.30  1.33  0.80  0.40  0.50  0.72  1.19  2.09  3.18  4.25
 3608.25  3.83  1.85  2.31  1.33  0.80  0.40  0.50  0.72  1.18  2.08  3.16  4.23
 3609.25  3.96  1.91  2.38  1.37  0.83  0.41  0.52  0.74  1.21  2.14  3.23  4.34
 3610.25  4.09  1.96  2.45  1.41  0.85  0.42  0.53  0.76  1.25  2.19  3.30  4.43
 3611.25  4.12  1.96  2.46  1.40  0.85  0.42  0.53  0.75  1.24  2.18  3.28  4.42
 3612.25  4.13  1.94  2.45  1.39  0.85  0.42  0.52  0.75  1.22  2.16  3.24  4.39
 3613.25  4.18  1.95  2.47  1.39  0.85  0.42  0.52  0.75  1.22  2.17  3.24  4.40
 3614.25  4.33  2.01  2.55  1.44  0.89  0.44  0.54  0.77  1.26  2.23  3.32  4.52
 3615.25  4.44  2.04  2.60  1.46  0.90  0.45  0.55  0.78  1.28  2.26  3.35  4.57
 3616.25  4.21  1.88  2.41  1.34  0.83  0.41  0.50  0.71  1.17  2.08  3.09  4.26
 3617.25  4.05  1.76  2.27  1.25  0.77  0.38  0.46  0.66  1.08  1.94  2.90  4.03
 3618.25  4.17  1.78  2.31  1.27  0.78  0.39  0.47  0.67  1.10  1.96  2.93  4.07
 3619.25  4.40  1.86  2.42  1.33  0.82  0.41  0.49  0.70  1.14  2.05  3.04  4.23
 3620.25  4.59  1.92  2.50  1.38  0.86  0.42  0.51  0.72  1.18  2.11  3.11  4.34
 3621.25  4.66  1.92  2.51  1.38  0.86  0.42  0.51  0.72  1.18  2.11  3.10  4.34
 3622.25  4.70  1.91  2.49  1.37  0.85  0.42  0.51  0.71  1.16  2.09  3.06  4.31
 3623.25  4.69  1.87  2.44  1.35  0.84  0.41  0.49  0.69  1.13  2.04  2.99  4.23
 3624.25  4.72  1.85  2.40  1.34  0.83  0.41  0.49  0.68  1.12  2.01  2.95  4.19
 3625.25  4.84  1.87  2.42  1.36  0.84  0.41  0.49  0.69  1.12  2.03  2.97  4.23
 3626.25  4.89  1.86  2.40  1.36  0.84  0.41  0.49  0.69  1.12  2.02  2.95  4.22
 3627.25  4.92  1.84  2.36  1.35  0.83  0.41  0.49  0.68  1.10  2.00  2.91  4.18
 3628.25  5.01  1.85  2.36  1.36  0.84  0.41  0.49  0.68  1.10  2.01  2.91  4.19
 3629.25  5.18  1.89  2.40  1.40  0.87  0.42  0.50  0.69  1.12  2.05  2.96  4.28
 3630.25  5.25  1.89  2.39  1.41  0.87  0.42  0.50  0.69  1.12  2.05  2.95  4.28
 3631.25  5.27  1.87  2.35  1.39  0.86  0.42  0.49  0.68  1.10  2.02  2.91  4.23
 3632.25  5.41  1.90  2.38  1.42  0.88  0.42  0.50  0.69  1.12  2.05  2.94  4.29
 3633.25  5.49  1.90  2.37  1.43  0.88  0.43  0.50  0.69  1.12  2.05  2.94  4.30
 3634.25  5.42  1.84  2.28  1.39  0.86  0.41  0.49  0.67  1.07  1.98  2.84  4.18
 3635.25  5.34  1.78  2.20  1.35  0.83  0.40  0.47  0.64  1.03  1.92  2.74  4.06
 3636.25  5.31  1.74  2.14  1.32  0.81  0.39  0.46  0.63  1.01  1.87  2.67  3.98
 3637.25  5.39  1.74  2.13  1.33  0.82  0.39  0.46  0.62  1.00  1.87  2.66  3.98
 3638.25  5.67  1.83  2.23  1.41  0.86  0.41  0.48  0.66  1.05  1.96  2.78  4.16
 3639.25  5.78  1.85  2.24  1.43  0.88  0.42  0.49  0.66  1.06  1.98  2.80  4.19
 3640.25  6.01  1.91  2.30  1.48  0.91  0.43  0.51  0.69  1.09  2.04  2.87  4.32
 3641.25  6.08  1.91  2.29  1.49  0.92  0.44  0.51  0.69  1.09  2.04  2.87  4.32
 3642.25  5.98  1.84  2.20  1.44  0.88  0.42  0.49  0.66  1.05  1.97  2.76  4.19
 3643.25  6.04  1.84  2.18  1.44  0.89  0.42  0.49  0.65  1.04  1.96  2.74  4.18
 3644.25  6.24  1.90  2.24  1.49  0.92  0.43  0.51  0.67  1.07  2.02  2.81  4.29
 3645.25  6.49  1.99  2.33  1.57  0.97  0.46  0.53  0.71  1.12  2.11  2.93  4.46
 3646.25  6.58  1.99  2.32  1.58  0.97  0.46  0.53  0.71  1.12  2.11  2.92  4.46
 3647.25  6.94  1.99  2.31  1.58  0.97  0.46  0.53  0.70  1.11  2.11  2.90  4.46
 3648.25  7.37  2.06  2.38  1.65  1.02  0.48  0.55  0.73  1.15  2.18  2.99  4.60
 3649.25  7.31  2.05  2.36  1.65  1.01  0.48  0.55  0.72  1.14  2.17  2.97  4.58
 3650.25  7.07  1.99  2.28  1.61  0.99  0.46  0.53  0.70  1.10  2.10  2.88  4.47
 3651.25  7.08  2.03  2.31  1.65  1.01  0.47  0.55  0.71  1.12  2.14  2.92  4.55
 3652.25  7.07  2.07  2.34  1.68  1.04  0.48  0.56  0.73  1.14  2.18  2.96  4.61
 3653.25  7.05  2.10  2.36  1.72  1.06  0.49  0.57  0.74  1.16  2.21  2.99  4.67
 3654.25  6.88  2.07  2.32  1.70  1.04  0.49  0.56  0.72  1.13  2.18  2.94  4.61
 3655.25  6.64  2.01  2.24  1.65  1.02  0.47  0.54  0.70  1.10  2.11  2.85  4.49
 3656.25  6.52  2.01  2.22  1.65  1.02  0.47  0.54  0.69  1.09  2.10  2.83  4.48
 3657.25  6.38  1.99  2.19  1.64  1.01  0.47  0.54  0.69  1.07  2.08  2.80  4.44
 3658.25  6.24  1.97  2.17  1.63  1.00  0.46  0.53  0.68  1.06  2.06  2.77  4.41
 3659.25  6.12  1.96  2.15  1.62  1.00  0.46  0.53  0.67  1.05  2.05  2.76  4.39
 3660.25  6.06  1.97  2.17  1.64  1.02  0.47  0.53  0.68  1.06  2.06  2.78  4.42
 3661.25  6.05  2.01  2.21  1.67  1.04  0.48  0.55  0.69  1.08  2.10  2.84  4.49
 3662.25  5.96  2.01  2.21  1.68  1.05  0.48  0.55  0.69  1.08  2.11  2.85  4.50
 3663.25  5.77  1.97  2.17  1.65  1.03  0.47  0.54  0.68  1.05  2.07  2.80  4.43
 3664.25  5.67  1.97  2.16  1.65  1.04  0.47  0.54  0.68  1.05  2.06  2.80  4.43
 3665.25  5.63  2.00  2.19  1.67  1.06  0.48  0.55  0.69  1.06  2.09  2.85  4.48
 3666.25  5.55  2.01  2.20  1.68  1.07  0.49  0.55  0.69  1.07  2.10  2.86  4.50
 3667.25  5.57  2.06  2.26  1.73  1.11  0.50  0.57  0.71  1.10  2.16  2.94  4.61
 3668.25  5.59  2.12  2.32  1.79  1.15  0.52  0.59  0.73  1.13  2.23  3.03  4.73
 3669.25  5.48  2.13  2.32  1.79  1.15  0.52  0.59  0.73  1.13  2.23  3.04  4.73
 3670.25  5.32  2.10  2.29  1.77  1.14  0.52  0.58  0.72  1.11  2.20  3.00  4.68
 3671.25  5.20  2.09  2.29  1.77  1.15  0.52  0.58  0.72  1.10  2.20  3.01  4.68
 3672.25  5.11  2.10  2.29  1.78  1.16  0.52  0.59  0.72  1.11  2.21  3.02  4.70
 3673.25  5.07  2.14  2.33  1.82  1.18  0.53  0.60  0.73  1.12  2.24  3.08  4.77
 3674.25  5.02  2.17  2.36  1.85  1.21  0.54  0.61  0.75  1.14  2.28  3.13  4.83
 3675.25  4.98  2.19  2.38  1.87  1.23  0.55  0.62  0.75  1.15  2.30  3.16  4.87
 3676.25  4.96  2.19  2.38  1.87  1.23  0.55  0.62  0.75  1.15  2.30  3.16  4.87
 3677.25  4.87  2.15  2.34  1.84  1.22  0.55  0.61  0.74  1.13  2.26  3.12  4.80
 3678.25  4.95  2.20  2.38  1.88  1.25  0.56  0.62  0.75  1.15  2.30  3.18  4.89
 3679.25  4.95  2.20  2.39  1.89  1.26  0.56  0.62  0.75  1.16  2.31  3.20  4.90
 3680.25  5.00  2.24  2.42  1.93  1.29  0.58  0.64  0.77  1.18  2.35  3.25  4.97
 3681.25  5.12  2.31  2.49  1.99  1.34  0.60  0.66  0.79  1.21  2.42  3.35  5.10
 3682.25  5.05  2.27  2.46  1.97  1.32  0.60  0.65  0.78  1.20  2.39  3.31  5.04
 3683.25  4.96  2.23  2.41  1.93  1.30  0.58  0.63  0.76  1.17  2.34  3.26  4.96
 3684.25  4.81  2.15  2.33  1.87  1.26  0.57  0.61  0.74  1.13  2.26  3.16  4.83
 3685.25  4.85  2.18  2.35  1.90  1.28  0.58  0.62  0.75  1.14  2.29  3.20  4.88
 3686.25  5.09  2.32  2.50  2.02  1.38  0.62  0.67  0.80  1.22  2.43  3.39  5.13
 3687.25  5.20  2.38  2.56  2.08  1.43  0.64  0.69  0.83  1.26  2.50  3.49  5.25
 3688.25  5.14  2.36  2.53  2.06  1.41  0.64  0.68  0.82  1.24  2.48  3.46  5.21
 3689.25  5.05  2.31  2.49  2.03  1.39  0.63  0.67  0.80  1.22  2.43  3.41  5.13
 3690.25  5.01  2.30  2.47  2.01  1.39  0.63  0.66  0.80  1.21  2.41  3.39  5.11
 3691.25  4.95  2.27  2.43  1.99  1.38  0.62  0.65  0.79  1.19  2.39  3.36  5.06
 3692.25  4.94  2.27  2.43  2.00  1.38  0.62  0.66  0.79  1.19  2.39  3.37  5.06
 3693.25  5.00  2.32  2.48  2.04  1.42  0.64  0.67  0.80  1.22  2.43  3.43  5.14
 3694.25  4.99  2.32  2.48  2.04  1.42  0.64  0.67  0.80  1.22  2.43  3.43  5.14
 3695.25  4.94  2.30  2.46  2.02  1.42  0.64  0.66  0.80  1.20  2.41  3.41  5.10
 3696.25  4.97  2.32  2.49  2.04  1.44  0.65  0.67  0.80  1.22  2.43  3.44  5.14
 3697.25  4.96  2.32  2.50  2.04  1.44  0.65  0.67  0.81  1.22  2.43  3.45  5.15
 3698.25  4.75  2.22  2.39  1.95  1.38  0.62  0.64  0.77  1.16  2.32  3.31  4.95
 3699.25  4.49  2.08  2.25  1.83  1.30  0.58  0.60  0.72  1.08  2.18  3.13  4.70
 3700.25  4.43  2.06  2.22  1.80  1.28  0.58  0.59  0.71  1.07  2.15  3.09  4.64
 3701.25  4.46  2.08  2.24  1.82  1.30  0.58  0.60  0.71  1.08  2.17  3.12  4.68
 3702.25  4.49  2.10  2.27  1.84  1.32  0.60  0.60  0.72  1.09  2.19  3.16  4.73
 3703.25  4.51  2.12  2.29  1.86  1.34  0.60  0.61  0.73  1.10  2.21  3.19  4.77
 3704.25  4.50  2.13  2.30  1.86  1.35  0.61  0.61  0.73  1.10  2.21  3.20  4.77
 3705.25  4.52  2.14  2.32  1.88  1.36  0.61  0.62  0.74  1.11  2.22  3.23  4.81
 3706.25  4.58  2.18  2.37  1.91  1.39  0.63  0.63  0.75  1.13  2.26  3.29  4.88
 3707.25  4.67  2.24  2.43  1.97  1.44  0.65  0.65  0.78  1.16  2.32  3.38  5.00
 3708.25  4.67  2.26  2.45  1.98  1.45  0.66  0.66  0.78  1.17  2.32  3.40  5.02
 3709.25  4.74  2.30  2.50  2.02  1.48  0.68  0.67  0.80  1.19  2.36  3.46  5.10
 3710.25  4.76  2.33  2.53  2.04  1.50  0.69  0.68  0.81  1.21  2.38  3.50  5.15
 3711.25  4.62  2.25  2.45  1.97  1.46  0.66  0.65  0.78  1.16  2.30  3.40  5.01
 3712.25  4.53  2.21  2.41  1.94  1.43  0.65  0.64  0.77  1.14  2.26  3.35  4.94
 3713.25  4.44  2.17  2.37  1.90  1.41  0.64  0.63  0.75  1.12  2.21  3.30  4.87
 3714.25  4.35  2.13  2.33  1.86  1.38  0.63  0.62  0.73  1.09  2.16  3.24  4.79
 3715.25  4.46  2.20  2.41  1.92  1.44  0.66  0.64  0.76  1.13  2.23  3.34  4.93
 3716.25  4.63  2.31  2.53  2.02  1.52  0.70  0.67  0.80  1.19  2.34  3.49  5.13
 3717.25  4.73  2.37  2.60  2.08  1.57  0.72  0.70  0.83  1.23  2.40  3.59  5.26
 3718.25  4.72  2.38  2.61  2.08  1.57  0.72  0.70  0.83  1.23  2.40  3.60  5.27
 3719.25  4.71  2.39  2.62  2.09  1.58  0.73  0.70  0.83  1.23  2.40  3.61  5.29
 3720.25  4.80  2.45  2.69  2.15  1.63  0.76  0.72  0.86  1.27  2.46  3.70  5.40
 3721.25  4.88  2.51  2.75  2.19  1.68  0.78  0.74  0.88  1.30  2.51  3.78  5.51
 3722.25  4.94  2.56  2.81  2.24  1.72  0.80  0.76  0.90  1.32  2.56  3.85  5.60
 3723.25  4.81  2.49  2.74  2.18  1.67  0.78  0.73  0.87  1.28  2.48  3.75  5.48
 3724.25  4.71  2.45  2.69  2.13  1.64  0.76  0.72  0.86  1.26  2.43  3.69  5.40
 3725.25  4.78  2.50  2.74  2.18  1.68  0.78  0.74  0.87  1.28  2.47  3.76  5.49
 3726.25  4.51  2.35  2.58  2.04  1.58  0.73  0.69  0.82  1.20  2.32  3.55  5.22
 3727.25  4.28  2.23  2.45  1.93  1.50  0.70  0.65  0.77  1.13  2.19  3.38  4.99
 3728.25  4.52  2.38  2.61  2.06  1.61  0.75  0.70  0.83  1.21  2.34  3.59  5.27
 3729.25  4.43  2.34  2.57  2.03  1.58  0.74  0.68  0.81  1.19  2.29  3.54  5.20
 3730.25  4.24  2.24  2.46  1.94  1.52  0.71  0.65  0.77  1.13  2.19  3.40  5.01
 3731.25  4.36  2.33  2.55  2.01  1.58  0.74  0.68  0.80  1.18  2.26  3.51  5.17
 3732.25  4.31  2.31  2.53  1.99  1.57  0.73  0.67  0.79  1.16  2.24  3.48  5.13
 3733.25  4.40  2.38  2.60  2.05  1.62  0.76  0.69  0.82  1.20  2.30  3.58  5.26
 3734.25  4.70  2.57  2.81  2.22  1.76  0.83  0.76  0.89  1.31  2.48  3.85  5.62
 3735.25  4.93  2.74  2.99  2.36  1.89  0.90  0.81  0.95  1.40  2.64  4.08  5.91
 3736.25  5.08  2.86  3.11  2.46  1.98  0.95  0.85  1.00  1.46  2.74  4.24  6.11
 3737.25  4.94  2.79  3.04  2.40  1.93  0.92  0.83  0.97  1.42  2.67  4.14  5.99
 3738.25  4.60  2.59  2.82  2.21  1.78  0.85  0.76  0.89  1.31  2.46  3.86  5.64
 3739.25  4.31  2.42  2.64  2.07  1.67  0.79  0.70  0.82  1.21  2.30  3.63  5.33
 3740.25  4.27  2.41  2.62  2.05  1.66  0.79  0.70  0.82  1.21  2.28  3.62  5.31
 3741.25  4.38  2.50  2.72  2.13  1.73  0.82  0.73  0.85  1.25  2.36  3.74  5.48
 3742.25  4.42  2.55  2.77  2.16  1.76  0.84  0.74  0.86  1.27  2.40  3.80  5.56
 3743.25  4.50  2.62  2.84  2.22  1.82  0.87  0.77  0.89  1.31  2.46  3.90  5.68
 3744.25  4.46  2.62  2.84  2.22  1.82  0.87  0.76  0.88  1.31  2.45  3.90  5.68
 3745.25  4.40  2.59  2.81  2.19  1.80  0.87  0.76  0.87  1.29  2.42  3.86  5.64
 3746.25  4.43  2.63  2.85  2.23  1.83  0.89  0.77  0.89  1.31  2.45  3.92  5.71
 3747.25  4.27  2.55  2.76  2.15  1.77  0.86  0.74  0.85  1.27  2.36  3.80  5.56
 3748.25  4.42  2.67  2.89  2.25  1.86  0.91  0.78  0.90  1.33  2.47  3.97  5.77
 3749.25  4.76  2.93  3.16  2.47  2.05  1.01  0.87  0.99  1.47  2.70  4.31  6.22
 3750.25  4.67  2.89  3.11  2.43  2.02  0.99  0.85  0.97  1.44  2.65  4.25  6.15
 3751.25  4.37  2.70  2.91  2.26  1.89  0.92  0.79  0.90  1.34  2.47  4.00  5.82
 3752.25  4.46  2.78  3.00  2.33  1.95  0.96  0.82  0.93  1.38  2.54  4.12  5.97
 3753.25  4.64  2.94  3.16  2.46  2.07  1.02  0.87  0.99  1.46  2.67  4.32  6.23
 3754.25  4.47  2.84  3.06  2.38  2.00  0.99  0.84  0.95  1.41  2.58  4.19  6.07
 3755.25  4.03  2.56  2.75  2.13  1.79  0.88  0.74  0.84  1.25  2.31  3.80  5.56
 3756.25  3.90  2.49  2.67  2.06  1.74  0.86  0.72  0.81  1.22  2.24  3.70  5.43
 3757.25  4.12  2.67  2.86  2.21  1.87  0.93  0.77  0.87  1.31  2.40  3.94  5.75
 3758.25  4.38  2.89  3.08  2.38  2.02  1.01  0.84  0.95  1.42  2.58  4.22  6.11
 3759.25  4.40  2.93  3.12  2.42  2.06  1.03  0.86  0.96  1.44  2.62  4.28  6.18
 3760.25  4.18  2.80  2.97  2.30  1.96  0.98  0.81  0.91  1.36  2.49  4.09  5.95
 3761.25  4.09  2.76  2.93  2.25  1.93  0.96  0.80  0.89  1.34  2.44  4.03  5.87
 3762.25  4.18  2.86  3.02  2.33  2.00  1.00  0.83  0.92  1.38  2.52  4.16  6.03
 3763.25  4.22  2.91  3.07  2.37  2.04  1.03  0.84  0.94  1.41  2.57  4.23  6.12
 3764.25  4.16  2.90  3.05  2.35  2.02  1.02  0.84  0.93  1.40  2.54  4.20  6.09
 3765.25  4.07  2.85  2.99  2.31  1.99  1.01  0.82  0.91  1.37  2.49  4.13  6.01
 3766.25  4.07  2.87  3.00  2.31  2.00  1.02  0.83  0.91  1.37  2.50  4.15  6.03
 3767.25  4.15  2.94  3.07  2.37  2.06  1.05  0.85  0.94  1.41  2.56  4.25  6.14
 3768.25  4.24  3.03  3.15  2.44  2.12  1.09  0.88  0.96  1.45  2.63  4.35  6.26
 3769.25  4.29  3.09  3.20  2.48  2.16  1.11  0.89  0.98  1.48  2.67  4.42  6.33
 3770.25  4.33  3.13  3.24  2.52  2.19  1.13  0.91  0.99  1.50  2.70  4.47  6.38
 3771.25  4.25  3.08  3.17  2.47  2.15  1.11  0.89  0.97  1.47  2.65  4.39  6.27
 3772.25  3.92  2.84  2.92  2.27  1.97  1.02  0.81  0.88  1.34  2.43  4.07  5.85
 3773.25  3.58  2.59  2.65  2.06  1.79  0.92  0.73  0.79  1.20  2.20  3.72  5.39
 3774.25  3.45  2.51  2.56  2.00  1.73  0.89  0.70  0.76  1.16  2.12  3.60  5.22
 3775.25  3.44  2.51  2.56  2.00  1.73  0.89  0.70  0.76  1.16  2.11  3.60  5.20
 3776.25  3.40  2.49  2.53  1.99  1.72  0.89  0.69  0.75  1.15  2.09  3.57  5.15
 3777.25  3.50  2.58  2.61  2.06  1.78  0.92  0.72  0.78  1.19  2.16  3.68  5.28
 3778.25  3.50  2.59  2.62  2.07  1.79  0.93  0.72  0.78  1.19  2.17  3.69  5.29
 3779.25  3.54  2.64  2.66  2.11  1.82  0.95  0.74  0.79  1.21  2.20  3.74  5.34
 3780.25  3.69  2.77  2.78  2.22  1.91  1.00  0.78  0.84  1.27  2.30  3.91  5.55
 3781.25  3.71  2.80  2.80  2.24  1.93  1.02  0.78  0.84  1.28  2.32  3.94  5.57
 3782.25  3.67  2.78  2.78  2.23  1.91  1.01  0.78  0.84  1.27  2.30  3.91  5.53
 3783.25  3.70  2.82  2.81  2.26  1.94  1.03  0.79  0.85  1.28  2.32  3.95  5.57
 3784.25  3.42  2.61  2.59  2.09  1.78  0.95  0.72  0.78  1.18  2.14  3.67  5.19
 3785.25  3.28  2.51  2.49  2.00  1.71  0.91  0.69  0.74  1.13  2.05  3.53  5.00
 3786.25  3.51  2.71  2.68  2.17  1.85  0.99  0.75  0.81  1.22  2.21  3.78  5.32
 3787.25  3.83  2.99  2.94  2.40  2.04  1.10  0.84  0.90  1.35  2.43  4.13  5.76
 3788.25  4.04  3.18  3.11  2.55  2.17  1.18  0.90  0.96  1.44  2.58  4.36  6.03
 3789.25  4.13  3.28  3.19  2.63  2.23  1.23  0.92  0.99  1.48  2.65  4.47  6.15
 3790.25  4.03  3.21  3.12  2.57  2.18  1.20  0.90  0.97  1.44  2.58  4.38  6.02
 3791.25  3.81  3.05  2.95  2.43  2.05  1.13  0.85  0.91  1.36  2.43  4.16  5.74
 3792.25  3.72  2.99  2.87  2.38  2.00  1.10  0.82  0.88  1.32  2.37  4.06  5.61
 3793.25  3.72  3.01  2.88  2.39  2.01  1.11  0.83  0.89  1.32  2.37  4.08  5.61
 3794.25  3.77  3.08  2.93  2.44  2.05  1.14  0.84  0.91  1.35  2.42  4.15  5.69
 3795.25  3.76  3.09  2.93  2.45  2.05  1.14  0.85  0.91  1.35  2.41  4.15  5.67
 3796.25  3.73  3.08  2.91  2.43  2.04  1.14  0.84  0.90  1.34  2.39  4.12  5.63
 3797.25  3.82  3.17  2.99  2.51  2.10  1.18  0.87  0.93  1.38  2.46  4.23  5.75
 3798.25  4.05  3.40  3.19  2.69  2.25  1.28  0.94  1.00  1.48  2.63  4.49  6.06
 3799.25  4.28  3.62  3.38  2.87  2.40  1.37  1.01  1.08  1.59  2.80  4.75  6.36
 3800.25  4.32  3.68  3.42  2.92  2.43  1.40  1.02  1.09  1.61  2.83  4.81  6.41
 3801.25  4.07  3.48  3.22  2.75  2.28  1.31  0.95  1.02  1.51  2.66  4.55  6.09
 3802.25  3.90  3.35  3.09  2.64  2.18  1.26  0.91  0.97  1.44  2.54  4.38  5.87
 3803.25  3.76  3.25  2.97  2.55  2.11  1.21  0.88  0.94  1.38  2.45  4.24  5.68
 3804.25  3.46  3.00  2.73  2.34  1.92  1.11  0.80  0.85  1.26  2.24  3.91  5.27
 3805.25  3.45  3.01  2.73  2.35  1.93  1.12  0.80  0.85  1.26  2.24  3.92  5.26
 3806.25  3.63  3.19  2.88  2.50  2.05  1.19  0.86  0.91  1.34  2.37  4.13  5.51
 3807.25  3.82  3.38  3.04  2.66  2.17  1.27  0.92  0.97  1.42  2.50  4.34  5.76
 3808.25  3.88  3.46  3.10  2.73  2.21  1.31  0.94  0.99  1.45  2.55  4.43  5.84
 3809.25  3.80  3.41  3.04  2.70  2.17  1.29  0.92  0.97  1.42  2.50  4.35  5.74
 3810.25  3.66  3.30  2.93  2.62  2.09  1.24  0.89  0.93  1.36  2.40  4.21  5.55
 3811.25  3.65  3.31  2.92  2.63  2.09  1.25  0.89  0.93  1.36  2.39  4.20  5.53
 3812.25  3.80  3.47  3.05  2.78  2.19  1.32  0.94  0.98  1.43  2.50  4.38  5.73
 3813.25  3.69  3.39  2.96  2.72  2.13  1.28  0.92  0.95  1.39  2.43  4.27  5.59
 3814.25  3.42  3.16  2.75  2.53  1.97  1.19  0.85  0.87  1.28  2.24  3.98  5.22
 3815.25  3.40  3.16  2.73  2.54  1.96  1.19  0.84  0.87  1.27  2.23  3.97  5.19
 3816.25  3.52  3.29  2.84  2.66  2.04  1.24  0.88  0.91  1.32  2.31  4.11  5.36
 3817.25  3.58  3.37  2.89  2.73  2.09  1.28  0.91  0.93  1.35  2.36  4.19  5.44
 3818.25  3.45  3.26  2.79  2.65  2.01  1.24  0.88  0.90  1.30  2.27  4.06  5.26
 3819.25  3.28  3.12  2.66  2.55  1.91  1.18  0.83  0.85  1.24  2.15  3.88  5.03
 3820.25  3.35  3.21  2.72  2.63  1.97  1.22  0.86  0.88  1.27  2.21  3.98  5.13
 3821.25  3.61  3.48  2.94  2.87  2.14  1.33  0.95  0.96  1.38  2.39  4.28  5.49
 3822.25  3.69  3.57  3.02  2.96  2.20  1.38  0.98  0.99  1.42  2.45  4.38  5.60
 3823.25  3.75  3.65  3.07  3.04  2.25  1.41  1.00  1.01  1.45  2.50  4.46  5.68
 3824.25  3.84  3.76  3.16  3.15  2.32  1.47  1.04  1.04  1.50  2.57  4.58  5.82
 3825.25  3.92  3.85  3.23  3.24  2.38  1.51  1.07  1.07  1.54  2.62  4.68  5.93
 3826.25  3.99  3.93  3.29  3.32  2.43  1.55  1.10  1.10  1.57  2.67  4.76  6.04
 3827.25  3.93  3.89  3.24  3.30  2.40  1.54  1.08  1.08  1.54  2.63  4.70  5.98
 3828.25  3.86  3.83  3.18  3.26  2.36  1.51  1.06  1.06  1.51  2.57  4.62  5.89
 3829.25  3.60  3.58  2.95  3.05  2.19  1.40  0.99  0.98  1.39  2.38  4.33  5.55
 3830.25  3.33  3.33  2.72  2.84  2.02  1.29  0.90  0.90  1.28  2.19  4.02  5.19
 3831.25  3.19  3.20  2.61  2.74  1.93  1.24  0.87  0.86  1.22  2.09  3.86  5.00
 3832.25  3.24  3.26  2.65  2.80  1.97  1.27  0.88  0.88  1.24  2.12  3.92  5.08
 3833.25  3.36  3.39  2.75  2.92  2.05  1.33  0.93  0.92  1.29  2.20  4.06  5.26
 3834.25  3.37  3.41  2.76  2.96  2.06  1.34  0.93  0.92  1.29  2.21  4.08  5.29
 3835.25  3.28  3.33  2.69  2.90  2.01  1.31  0.91  0.90  1.26  2.14  3.98  5.17
 3836.25  3.29  3.35  2.71  2.93  2.02  1.32  0.92  0.90  1.26  2.15  3.99  5.20
 3837.25  3.47  3.55  2.86  3.11  2.14  1.41  0.98  0.96  1.34  2.27  4.21  5.47
 3838.25  3.48  3.57  2.88  3.15  2.15  1.42  0.99  0.97  1.34  2.28  4.22  5.50
 3839.25  3.62  3.72  2.99  3.29  2.25  1.49  1.04  1.01  1.40  2.37  4.38  5.70
 3840.25  3.85  3.97  3.20  3.53  2.41  1.61  1.12  1.09  1.51  2.53  4.65  6.04
 3841.25  3.80  3.93  3.16  3.50  2.38  1.59  1.11  1.08  1.48  2.49  4.59  5.97
 3842.25  3.51  3.64  2.92  3.26  2.19  1.46  1.02  0.99  1.36  2.29  4.27  5.59
 3843.25  3.52  3.66  2.93  3.29  2.20  1.48  1.02  0.99  1.36  2.29  4.28  5.61
 3844.25  3.67  3.83  3.06  3.45  2.31  1.55  1.08  1.04  1.42  2.39  4.46  5.83
 3845.25  3.71  3.88  3.10  3.51  2.34  1.58  1.10  1.06  1.44  2.41  4.50  5.90
 3846.25  3.44  3.62  2.87  3.28  2.17  1.46  1.01  0.98  1.33  2.23  4.20  5.54
 3847.25  3.48  3.67  2.91  3.34  2.20  1.49  1.03  0.99  1.34  2.25  4.25  5.60
 3848.25  3.70  3.91  3.10  3.57  2.35  1.60  1.11  1.07  1.44  2.40  4.50  5.92
 3849.25  3.82  4.05  3.22  3.72  2.44  1.68  1.16  1.11  1.49  2.48  4.65  6.11
 3850.25  3.81  4.05  3.21  3.73  2.43  1.68  1.15  1.11  1.49  2.47  4.64  6.10
 3851.25  3.59  3.83  3.02  3.54  2.29  1.58  1.08  1.04  1.39  2.31  4.38  5.80
 3852.25  3.70  3.97  3.12  3.67  2.37  1.64  1.12  1.08  1.44  2.39  4.52  5.97
 3853.25  3.84  4.15  3.24  3.83  2.47  1.72  1.18  1.13  1.50  2.48  4.68  6.18
 3854.25  3.80  4.13  3.21  3.82  2.45  1.71  1.17  1.12  1.48  2.45  4.64  6.14
 3855.25  3.75  4.11  3.18  3.80  2.42  1.70  1.15  1.10  1.46  2.41  4.58  6.08
 3856.25  3.69  4.06  3.12  3.75  2.38  1.67  1.14  1.08  1.43  2.36  4.51  6.00
 3857.25  3.80  4.20  3.22  3.88  2.46  1.74  1.18  1.12  1.47  2.43  4.63  6.16
 3858.25  4.01  4.44  3.39  4.11  2.60  1.85  1.25  1.19  1.56  2.56  4.86  6.44
 3859.25  4.08  4.54  3.45  4.19  2.65  1.89  1.28  1.22  1.59  2.61  4.93  6.54
 3860.25  4.13  4.61  3.49  4.26  2.69  1.92  1.30  1.24  1.61  2.64  4.98  6.61
 3861.25  4.20  4.71  3.55  4.36  2.75  1.97  1.33  1.26  1.64  2.68  5.06  6.71
 3862.25  4.08  4.60  3.44  4.25  2.67  1.91  1.29  1.22  1.58  2.59  4.91  6.55
 3863.25  3.97  4.50  3.35  4.15  2.60  1.86  1.25  1.18  1.52  2.51  4.79  6.40
 3864.25  3.98  4.52  3.34  4.17  2.61  1.86  1.25  1.18  1.52  2.51  4.78  6.41
 3865.25  3.91  4.47  3.28  4.12  2.57  1.83  1.23  1.16  1.49  2.46  4.69  6.31
 3866.25  3.84  4.40  3.21  4.06  2.53  1.80  1.20  1.13  1.45  2.41  4.61  6.21
 3867.25  3.75  4.33  3.14  3.99  2.48  1.76  1.17  1.10  1.41  2.35  4.50  6.09
 3868.25  3.73  4.33  3.12  3.98  2.48  1.76  1.17  1.10  1.40  2.33  4.47  6.06
 3869.25  3.69  4.30  3.09  3.96  2.46  1.74  1.15  1.08  1.38  2.30  4.42  6.01
 3870.25  3.78  4.42  3.17  4.07  2.53  1.79  1.19  1.11  1.41  2.35  4.52  6.14
 3871.25  4.00  4.68  3.36  4.31  2.70  1.92  1.27  1.19  1.50  2.50  4.76  6.44
 3872.25  4.17  4.89  3.51  4.51  2.83  2.02  1.33  1.25  1.57  2.61  4.94  6.68
 3873.25  4.16  4.90  3.50  4.51  2.83  2.01  1.33  1.24  1.56  2.59  4.92  6.66
 3874.25  3.91  4.64  3.29  4.27  2.66  1.89  1.24  1.16  1.45  2.42  4.64  6.32
 3875.25  3.86  4.60  3.25  4.23  2.63  1.86  1.22  1.14  1.43  2.39  4.57  6.25
 3876.25  3.96  4.73  3.33  4.35  2.71  1.92  1.26  1.17  1.47  2.45  4.68  6.39
 3877.25  4.06  4.86  3.42  4.48  2.80  1.98  1.30  1.21  1.51  2.51  4.78  6.53
 3878.25  4.17  5.01  3.52  4.61  2.89  2.05  1.34  1.25  1.56  2.58  4.90  6.69
 3879.25  4.22  5.09  3.57  4.69  2.94  2.09  1.36  1.26  1.58  2.61  4.94  6.76
 3880.25  4.16  5.03  3.51  4.63  2.90  2.05  1.34  1.24  1.55  2.56  4.85  6.66
 3881.25  4.11  4.99  3.47  4.58  2.87  2.03  1.32  1.22  1.52  2.52  4.78  6.59
 3882.25  4.13  5.04  3.50  4.60  2.90  2.05  1.33  1.23  1.53  2.54  4.80  6.63
 3883.25  4.17  5.11  3.53  4.62  2.94  2.08  1.35  1.24  1.55  2.56  4.83  6.68
 3884.25  4.11  5.08  3.48  4.54  2.90  2.05  1.33  1.22  1.52  2.51  4.75  6.59
 3885.25  4.08  5.11  3.46  4.49  2.89  2.04  1.32  1.21  1.51  2.49  4.70  6.55
 3886.25  4.21  5.32  3.57  4.60  2.99  2.12  1.37  1.25  1.56  2.57  4.83  6.72
 3887.25  4.44  5.64  3.77  4.82  3.17  2.25  1.46  1.33  1.66  2.71  5.06  7.02
 3888.25  4.31  5.56  3.66  4.66  3.08  2.18  1.41  1.28  1.60  2.62  4.91  6.84
 3889.25  3.88  5.09  3.27  4.18  2.76  1.94  1.24  1.13  1.41  2.33  4.41  6.23
 3890.25  3.83  5.08  3.23  4.10  2.72  1.91  1.22  1.11  1.38  2.28  4.34  6.14
 3891.25  3.98  5.32  3.36  4.24  2.85  2.00  1.28  1.16  1.44  2.38  4.49  6.35
 3892.25  3.98  5.38  3.36  4.21  2.85  2.01  1.28  1.16  1.44  2.37  4.47  6.34
 3893.25  3.96  5.41  3.34  4.17  2.85  2.00  1.28  1.15  1.43  2.35  4.44  6.31
 3894.25  3.94  5.43  3.32  4.12  2.83  1.99  1.27  1.14  1.42  2.33  4.39  6.27
 3895.25  3.91  5.45  3.29  4.07  2.82  1.98  1.26  1.13  1.40  2.31  4.35  6.22
 3896.25  3.92  5.52  3.30  4.06  2.83  1.99  1.27  1.13  1.40  2.31  4.34  6.22
 3897.25  3.91  5.56  3.29  4.03  2.83  1.99  1.27  1.12  1.40  2.29  4.32  6.21
 3898.25  3.86  5.55  3.25  3.96  2.80  1.96  1.25  1.11  1.38  2.26  4.25  6.13
 3899.25  3.72  5.42  3.12  3.79  2.70  1.89  1.20  1.06  1.32  2.16  4.08  5.92
 3900.25  3.61  5.32  3.03  3.66  2.62  1.83  1.16  1.02  1.27  2.09  3.94  5.76
 3901.25  3.72  5.52  3.12  3.75  2.70  1.90  1.21  1.05  1.31  2.15  4.05  5.91
 3902.25  3.76  5.62  3.16  3.77  2.73  1.92  1.22  1.07  1.33  2.17  4.08  5.96
 3903.25  3.71  5.60  3.10  3.69  2.68  1.89  1.20  1.05  1.30  2.13  4.00  5.87
 3904.25  3.78  5.74  3.16  3.74  2.73  1.94  1.23  1.07  1.33  2.17  4.06  5.96
 3905.25  3.70  5.69  3.09  3.64  2.67  1.90  1.21  1.04  1.29  2.11  3.96  5.85
 3906.25  3.67  5.70  3.06  3.59  2.65  1.88  1.20  1.03  1.28  2.09  3.92  5.79
 3907.25  3.68  5.76  3.07  3.58  2.65  1.90  1.20  1.03  1.28  2.09  3.91  5.80
 3908.25  3.50  5.55  2.91  3.38  2.51  1.80  1.14  0.97  1.21  1.97  3.71  5.53
 3909.25  3.46  5.53  2.87  3.32  2.48  1.77  1.12  0.96  1.19  1.94  3.64  5.46
 3910.25  3.54  5.71  2.94  3.38  2.54  1.83  1.16  0.98  1.22  1.99  3.72  5.57
 3911.25  3.60  5.84  2.99  3.42  2.58  1.86  1.18  1.00  1.24  2.02  3.77  5.65
 3912.25  3.56  5.82  2.94  3.36  2.54  1.84  1.17  0.98  1.22  1.99  3.71  5.58
 3913.25  3.06  5.12  2.53  2.87  2.18  1.57  0.99  0.83  1.04  1.69  3.18  4.85
 3914.25  2.51  4.29  2.06  2.34  1.77  1.28  0.81  0.67  0.84  1.37  2.60  4.02
 3915.25  2.85  4.87  2.34  2.64  2.02  1.46  0.92  0.77  0.96  1.56  2.94  4.52
 3916.25  3.59  6.09  2.97  3.32  2.57  1.88  1.19  0.99  1.23  1.99  3.69  5.61
 3917.25  3.85  6.59  3.20  3.55  2.77  2.04  1.30  1.08  1.33  2.15  3.96  5.99
 3918.25  3.64  6.39  3.03  3.35  2.62  1.93  1.22  1.01  1.25  2.03  3.74  5.70
 3919.25  3.43  6.17  2.86  3.15  2.47  1.82  1.15  0.95  1.18  1.91  3.53  5.41
 3920.25  3.71  6.73  3.10  3.41  2.68  1.99  1.26  1.04  1.29  2.07  3.81  5.82
 3921.25  3.97  7.26  3.33  3.65  2.89  2.16  1.37  1.12  1.39  2.24  4.07  6.20
 3922.25  4.00  7.44  3.37  3.69  2.92  2.19  1.39  1.14  1.41  2.26  4.10  6.26
 3923.25  3.97  7.51  3.35  3.65  2.90  2.18  1.39  1.13  1.40  2.24  4.07  6.22
 3924.25  3.98  7.65  3.37  3.67  2.92  2.20  1.40  1.14  1.40  2.25  4.08  6.25
 3925.25  4.07  7.91  3.45  3.75  2.99  2.26  1.44  1.17  1.44  2.30  4.16  6.38
 3926.25  4.14  8.15  3.52  3.81  3.06  2.32  1.48  1.19  1.47  2.35  4.23  6.49
 3927.25  4.22  8.40  3.60  3.89  3.13  2.38  1.52  1.22  1.50  2.41  4.31  6.61
 3928.25  4.29  8.64  3.67  3.96  3.19  2.44  1.56  1.25  1.53  2.45  4.38  6.72
 3929.25  4.28  8.75  3.67  3.95  3.20  2.45  1.56  1.25  1.53  2.45  4.37  6.72
 3930.25  4.44  9.12  3.82  4.10  3.33  2.56  1.64  1.31  1.60  2.55  4.52  6.94
 3931.25  4.63  9.54  4.00  4.28  3.49  2.69  1.73  1.38  1.68  2.68  4.71  7.21
 3932.25  4.37  9.27  3.78  4.04  3.29  2.54  1.63  1.29  1.57  2.52  4.45  6.88
 3933.25  4.18  9.08  3.62  3.86  3.14  2.43  1.55  1.23  1.49  2.40  4.26  6.62
 3934.25  4.48  9.69  3.89  4.14  3.39  2.63  1.69  1.33  1.62  2.59  4.56  7.04
 3935.25  4.81 10.34  4.21  4.46  3.67  2.86  1.85  1.46  1.77  2.81  4.90  7.50
 3936.25  4.70 10.29  4.11  4.35  3.59  2.80  1.81  1.42  1.72  2.74  4.79  7.36
 3937.25  4.38  9.90  3.83  4.04  3.33  2.60  1.67  1.31  1.58  2.53  4.46  6.93
 3938.25  4.24  9.79  3.71  3.91  3.23  2.52  1.62  1.26  1.52  2.45  4.32  6.75
 3939.25  4.21  9.86  3.69  3.89  3.22  2.51  1.62  1.25  1.51  2.43  4.30  6.73
 3940.25  4.03  9.66  3.52  3.72  3.07  2.40  1.55  1.19  1.43  2.32  4.11  6.47
 3941.25  3.92  9.57  3.43  3.61  2.99  2.34  1.50  1.15  1.39  2.25  4.00  6.32
 3942.25  3.92  9.69  3.43  3.61  2.99  2.35  1.51  1.16  1.39  2.25  4.00  6.33
 3943.25  3.82  9.61  3.34  3.51  2.91  2.29  1.48  1.12  1.35  2.19  3.89  6.18
 3944.25  3.70  9.49  3.23  3.40  2.82  2.22  1.43  1.09  1.30  2.12  3.78  6.02
 3945.25  3.79  9.79  3.32  3.49  2.90  2.29  1.48  1.12  1.34  2.18  3.87  6.16
 3946.25  3.72  9.75  3.25  3.42  2.84  2.25  1.46  1.10  1.31  2.13  3.79  6.06
 3947.25  3.66  9.74  3.20  3.36  2.80  2.22  1.44  1.08  1.28  2.10  3.73  5.97
 3948.25  3.68  9.85  3.21  3.37  2.81  2.24  1.45  1.08  1.29  2.11  3.74  5.99
 3949.25  3.71  9.94  3.24  3.40  2.84  2.27  1.47  1.10  1.30  2.13  3.78  6.04
 3950.25  3.88 10.52  3.39  3.55  2.97  2.38  1.55  1.15  1.37  2.23  3.94  6.28
 3951.25  3.95 11.44  3.45  3.61  3.03  2.44  1.59  1.18  1.39  2.27  4.01  6.38
 3952.25  3.85 11.69  3.36  3.51  2.95  2.38  1.55  1.15  1.35  2.21  3.90  6.24
 3953.25  3.92 11.79  3.42  3.57  3.00  2.43  1.59  1.17  1.38  2.25  3.97  6.34
 3954.25  4.12 12.07  3.60  3.76  3.17  2.58  1.69  1.24  1.46  2.38  4.17  6.63
 3955.25  4.06 11.83  3.55  3.70  3.12  2.54  1.67  1.22  1.43  2.34  4.11  6.55
 3956.25  4.03 11.63  3.52  3.67  3.09  2.53  1.66  1.21  1.42  2.32  4.07  6.50
 3957.25  4.06 11.54  3.54  3.69  3.12  2.55  1.68  1.22  1.43  2.34  4.09  6.54
 3958.25  4.07 11.44  3.55  3.71  3.13  2.57  1.70  1.23  1.43  2.35  4.11  6.56
 3959.25  4.12 11.39  3.59  3.76  3.17  2.61  1.73  1.25  1.45  2.38  4.15  6.63
 3960.25  4.11 11.24  3.58  3.76  3.16  2.61  1.73  1.24  1.45  2.37  4.14  6.62
 3961.25  4.04 10.97  3.52  3.70  3.11  2.57  1.70  1.22  1.42  2.33  4.07  6.52
 3962.25  4.17 11.07  3.64  3.82  3.21  2.67  1.77  1.27  1.47  2.41  4.19  6.70
 3963.25  4.39 11.32  3.83  4.03  3.39  2.83  1.89  1.35  1.56  2.55  4.41  7.01
 3964.25  4.48 11.33  3.91  4.12  3.46  2.90  1.94  1.38  1.59  2.61  4.49  7.13
 3965.25  4.51 11.23  3.93  4.15  3.49  2.93  1.96  1.39  1.60  2.62  4.52  7.17
 3966.25  4.57 11.17  3.98  4.21  3.53  2.98  2.00  1.42  1.63  2.66  4.57  7.24
 3967.25  4.76 11.32  4.15  4.40  3.69  3.12  2.11  1.49  1.71  2.79  4.76  7.50
 3968.25  4.75 11.15  4.14  4.39  3.69  3.13  2.11  1.49  1.70  2.78  4.74  7.49
 3969.25  4.61 10.79  4.02  4.27  3.57  3.04  2.05  1.44  1.64  2.69  4.60  7.31
 3970.25  4.57 10.55  3.98  4.23  3.54  3.01  2.03  1.42  1.62  2.66  4.55  7.25
 3971.25  4.34 10.03  3.77  4.03  3.36  2.86  1.92  1.34  1.52  2.51  4.33  6.94
 3972.25  4.15  9.55  3.60  3.85  3.20  2.73  1.83  1.27  1.44  2.39  4.13  6.68
 3973.25  4.10  9.30  3.55  3.80  3.15  2.70  1.81  1.26  1.42  2.35  4.07  6.60
 3974.25  3.99  8.96  3.46  3.71  3.07  2.63  1.77  1.22  1.38  2.29  3.97  6.45
 3975.25  3.90  8.63  3.37  3.62  2.99  2.56  1.73  1.19  1.34  2.23  3.86  6.31
 3976.25  3.82  8.34  3.30  3.55  2.93  2.51  1.69  1.16  1.31  2.18  3.78  6.19
 3977.25  3.88  8.27  3.35  3.60  2.97  2.55  1.73  1.18  1.33  2.21  3.83  6.27
 3978.25  3.90  8.12  3.36  3.61  2.97  2.56  1.74  1.18  1.33  2.21  3.83  6.28
 3979.25  3.81  7.80  3.27  3.52  2.90  2.50  1.69  1.15  1.30  2.15  3.73  6.14
 3980.25  3.80  7.62  3.26  3.51  2.88  2.49  1.69  1.15  1.29  2.14  3.71  6.12
 3981.25  3.65  7.22  3.11  3.36  2.75  2.38  1.62  1.09  1.23  2.04  3.55  5.88
 3982.25  3.64  7.15  3.11  3.35  2.74  2.38  1.62  1.09  1.23  2.03  3.53  5.86
 3983.25  3.83  7.41  3.26  3.52  2.88  2.51  1.71  1.15  1.29  2.14  3.70  6.12
 3984.25  3.88  7.47  3.30  3.57  2.91  2.54  1.74  1.17  1.31  2.16  3.74  6.18
 3985.25  3.83  7.36  3.25  3.52  2.86  2.51  1.72  1.15  1.29  2.13  3.68  6.09
 3986.25  3.92  7.47  3.32  3.59  2.92  2.56  1.77  1.17  1.32  2.17  3.75  6.20
 3987.25  4.02  7.61  3.40  3.68  3.00  2.64  1.82  1.21  1.36  2.23  3.83  6.34
 3988.25  3.93  7.44  3.32  3.60  2.92  2.58  1.78  1.18  1.32  2.17  3.74  6.21
 3989.25  3.78  7.17  3.18  3.46  2.80  2.47  1.71  1.12  1.26  2.08  3.58  5.98
 3990.25  3.85  7.25  3.23  3.51  2.84  2.51  1.75  1.14  1.28  2.11  3.63  6.06
 3991.25  3.99  7.45  3.35  3.64  2.94  2.61  1.82  1.19  1.34  2.19  3.75  6.25
 3992.25  4.02  7.47  3.37  3.67  2.96  2.63  1.84  1.20  1.35  2.20  3.76  6.28
 3993.25  4.05  7.48  3.38  3.68  2.97  2.65  1.86  1.21  1.35  2.21  3.77  6.30
 3994.25  3.98  7.35  3.32  3.62  2.91  2.60  1.83  1.18  1.33  2.17  3.70  6.20
 3995.25  3.99  7.34  3.33  3.63  2.91  2.61  1.84  1.19  1.33  2.17  3.69  6.21
 3996.25  4.11  7.49  3.42  3.73  3.00  2.69  1.90  1.23  1.37  2.23  3.79  6.36
 3997.25  4.14  7.51  3.44  3.75  3.01  2.71  1.92  1.23  1.38  2.24  3.80  6.38
 3998.25  4.18  7.53  3.46  3.77  3.03  2.73  1.94  1.24  1.39  2.26  3.82  6.42
 3999.25  4.07  7.34  3.36  3.67  2.94  2.65  1.89  1.21  1.35  2.19  3.70  6.26
 4000.25  3.77  6.84  3.10  3.39  2.70  2.45  1.74  1.10  1.24  2.01  3.41  5.83
 4001.25  3.84  6.93  3.16  3.45  2.75  2.50  1.78  1.13  1.26  2.05  3.47  5.92
 4002.25  4.09  7.28  3.36  3.67  2.93  2.67  1.91  1.21  1.35  2.19  3.68  6.25
 4003.25  4.04  7.17  3.31  3.61  2.88  2.63  1.89  1.19  1.33  2.15  3.61  6.16
 4004.25  3.92  6.96  3.20  3.50  2.79  2.54  1.83  1.15  1.28  2.07  3.49  5.98
 4005.25  3.95  6.99  3.23  3.52  2.80  2.57  1.85  1.16  1.29  2.09  3.51  6.02
 4006.25  4.01  7.06  3.28  3.57  2.84  2.61  1.89  1.18  1.31  2.12  3.55  6.10
 4007.25  4.12  7.21  3.37  3.68  2.93  2.69  1.95  1.22  1.36  2.18  3.65  6.25
 4008.25  4.06  7.10  3.32  3.62  2.88  2.65  1.93  1.20  1.34  2.15  3.58  6.16
 4009.25  3.86  6.78  3.16  3.44  2.73  2.52  1.83  1.13  1.26  2.03  3.40  5.89
 4010.25  3.83  6.71  3.13  3.41  2.70  2.50  1.82  1.12  1.25  2.01  3.36  5.83
 4011.25  3.87  6.76  3.17  3.45  2.73  2.53  1.85  1.14  1.27  2.03  3.39  5.89
 4012.25  3.88  6.75  3.17  3.45  2.73  2.54  1.86  1.14  1.27  2.04  3.39  5.90
 4013.25  3.86  6.70  3.16  3.44  2.71  2.53  1.86  1.13  1.26  2.02  3.36  5.86
 4014.25  3.83  6.64  3.14  3.41  2.69  2.51  1.85  1.13  1.25  2.00  3.33  5.82
 4015.25  3.83  6.62  3.14  3.41  2.69  2.52  1.86  1.13  1.25  2.01  3.32  5.82
 4016.25  3.90  6.70  3.20  3.47  2.74  2.57  1.90  1.16  1.28  2.04  3.38  5.91
 4017.25  3.91  6.70  3.21  3.48  2.74  2.58  1.91  1.16  1.28  2.05  3.38  5.93
 4018.25  4.01  6.83  3.31  3.58  2.82  2.65  1.97  1.20  1.32  2.10  3.46  6.07
 4019.25  4.03  6.85  3.33  3.61  2.84  2.67  2.00  1.22  1.33  2.12  3.48  6.10
 4020.25  3.89  6.61  3.21  3.48  2.73  2.57  1.93  1.17  1.28  2.03  3.35  5.90
 4021.25  3.84  6.52  3.17  3.43  2.70  2.54  1.91  1.16  1.26  2.00  3.29  5.83
 4022.25  3.87  6.55  3.21  3.46  2.73  2.56  1.93  1.17  1.28  2.02  3.32  5.88
 4023.25  3.98  6.68  3.30  3.56  2.82  2.64  2.00  1.21  1.32  2.08  3.40  6.02
 4024.25  4.06  6.79  3.38  3.64  2.89  2.70  2.05  1.25  1.35  2.12  3.47  6.14
 4025.25  4.03  6.71  3.35  3.61  2.87  2.67  2.04  1.24  1.34  2.10  3.43  6.09
 4026.25  3.98  6.63  3.31  3.57  2.84  2.64  2.03  1.23  1.32  2.07  3.39  6.03
 4027.25  3.98  6.59  3.31  3.56  2.84  2.64  2.03  1.23  1.32  2.07  3.37  6.02
 4028.25  3.98  6.58  3.32  3.57  2.86  2.65  2.04  1.24  1.33  2.07  3.37  6.03
 4029.25  3.95  6.52  3.30  3.55  2.84  2.63  2.04  1.23  1.32  2.05  3.34  5.99
 4030.25  3.93  6.46  3.28  3.53  2.83  2.61  2.03  1.23  1.31  2.04  3.31  5.95
 4031.25  4.19  6.82  3.52  3.77  3.04  2.80  2.19  1.33  1.42  2.18  3.54  6.31
 4032.25  4.35  7.03  3.66  3.92  3.17  2.92  2.30  1.39  1.48  2.28  3.67  6.53
 4033.25  4.23  6.84  3.56  3.80  3.08  2.83  2.24  1.35  1.44  2.20  3.56  6.37
 4034.25  4.16  6.71  3.50  3.74  3.03  2.78  2.21  1.33  1.41  2.16  3.49  6.27
 4035.25  4.00  6.46  3.37  3.59  2.92  2.67  2.12  1.28  1.35  2.07  3.34  6.05
 4036.25  3.90  6.29  3.28  3.49  2.85  2.60  2.07  1.24  1.32  2.01  3.25  5.91
 4037.25  3.87  6.22  3.26  3.47  2.83  2.58  2.07  1.24  1.31  1.99  3.22  5.87
 4038.25  3.89  6.23  3.28  3.48  2.85  2.59  2.08  1.25  1.31  2.00  3.22  5.89
 4039.25  3.87  6.18  3.27  3.46  2.85  2.58  2.09  1.25  1.31  1.99  3.20  5.87
 4040.25  4.03  6.39  3.41  3.61  2.98  2.70  2.19  1.31  1.37  2.08  3.33  6.09
 4041.25  4.11  6.48  3.49  3.68  3.05  2.75  2.25  1.34  1.41  2.12  3.40  6.20
 4042.25  3.92  6.19  3.33  3.51  2.91  2.62  2.14  1.28  1.34  2.01  3.23  5.94
 4043.25  3.76  5.94  3.19  3.36  2.79  2.51  2.06  1.22  1.28  1.92  3.09  5.71
 4044.25  3.80  5.97  3.24  3.39  2.83  2.54  2.09  1.24  1.30  1.94  3.12  5.77
 4045.25  3.94  6.14  3.36  3.51  2.94  2.63  2.18  1.30  1.35  2.01  3.23  5.95
 4046.25  4.17  6.43  3.57  3.72  3.12  2.80  2.33  1.39  1.44  2.14  3.43  6.27
 4047.25  4.34  6.64  3.73  3.87  3.27  2.92  2.45  1.46  1.51  2.23  3.57  6.50
 4048.25  3.98  6.11  3.42  3.54  2.99  2.67  2.24  1.32  1.37  2.03  3.27  6.01
 4049.25  3.90  5.96  3.35  3.47  2.93  2.61  2.19  1.30  1.34  1.98  3.20  5.89
 4050.25  4.06  6.16  3.51  3.62  3.07  2.73  2.31  1.36  1.41  2.07  3.34  6.12
 4051.25  3.93  5.94  3.40  3.49  2.97  2.63  2.23  1.32  1.36  1.99  3.22  5.94
 4052.25  3.91  5.89  3.39  3.47  2.96  2.62  2.23  1.32  1.35  1.98  3.21  5.91
 4053.25  4.23  6.28  3.68  3.76  3.22  2.85  2.44  1.44  1.48  2.16  3.47  6.34
 4054.25  4.30  6.35  3.75  3.82  3.28  2.90  2.49  1.47  1.51  2.19  3.53  6.43
 4055.25  4.14  6.10  3.61  3.67  3.16  2.78  2.40  1.42  1.45  2.10  3.39  6.21
 4056.25  4.25  6.21  3.72  3.77  3.26  2.87  2.48  1.46  1.50  2.16  3.49  6.35
 4057.25  4.44  6.43  3.90  3.94  3.42  3.01  2.62  1.55  1.58  2.27  3.65  6.60
 4058.25  4.45  6.41  3.92  3.95  3.44  3.02  2.63  1.55  1.58  2.27  3.66  6.61
 4059.25  4.27  6.14  3.77  3.79  3.30  2.89  2.53  1.49  1.51  2.17  3.51  6.36
 4060.25  3.99  5.74  3.52  3.53  3.09  2.69  2.36  1.38  1.40  2.01  3.27  5.97
 4061.25  3.86  5.53  3.41  3.41  3.00  2.60  2.29  1.34  1.36  1.94  3.16  5.78
 4062.25  3.88  5.52  3.43  3.42  3.03  2.61  2.31  1.35  1.36  1.94  3.17  5.79
 4063.25  4.02  5.68  3.58  3.55  3.17  2.72  2.41  1.41  1.42  2.02  3.29  5.99
 4064.25  4.22  5.90  3.76  3.73  3.36  2.87  2.55  1.49  1.50  2.13  3.46  6.25
 4065.25  4.11  5.72  3.67  3.63  3.29  2.79  2.49  1.45  1.46  2.06  3.36  6.09
 4066.25  3.88  5.38  3.46  3.41  3.11  2.63  2.34  1.36  1.37  1.93  3.17  5.76
 4067.25  4.06  5.58  3.63  3.57  3.28  2.75  2.47  1.43  1.44  2.03  3.31  5.99
 4068.25  4.22  5.74  3.78  3.71  3.43  2.87  2.58  1.50  1.51  2.11  3.44  6.20
 4069.25  4.06  5.50  3.64  3.56  3.31  2.75  2.48  1.44  1.44  2.02  3.30  5.97
 4070.25  4.06  5.45  3.64  3.55  3.33  2.75  2.49  1.44  1.44  2.02  3.30  5.95
 4071.25  4.17  5.55  3.75  3.64  3.44  2.83  2.57  1.49  1.49  2.08  3.39  6.09
 4072.25  4.42  5.82  3.99  3.86  3.68  3.02  2.75  1.59  1.59  2.22  3.60  6.41
 4073.25  4.65  6.05  4.20  4.05  3.89  3.18  2.91  1.69  1.69  2.34  3.78  6.68
 4074.25  4.84  6.24  4.38  4.22  4.08  3.32  3.05  1.77  1.77  2.45  3.94  6.91
 4075.25  4.70  6.02  4.25  4.08  3.97  3.22  2.96  1.71  1.71  2.37  3.81  6.72
 4076.25  4.22  5.41  3.82  3.65  3.58  2.87  2.65  1.52  1.51  2.10  3.41  6.08
 4077.25  3.93  5.01  3.55  3.39  3.34  2.66  2.46  1.40  1.40  1.94  3.16  5.68
 4078.25  4.21  5.32  3.82  3.63  3.60  2.87  2.66  1.52  1.51  2.09  3.39  6.04
 4079.25  4.50  5.63  4.10  3.88  3.88  3.08  2.87  1.64  1.63  2.25  3.63  6.40
 4080.25  4.34  5.42  3.96  3.73  3.76  2.96  2.77  1.58  1.56  2.16  3.49  6.18
 4081.25  3.99  4.99  3.64  3.41  3.46  2.71  2.54  1.44  1.42  1.97  3.19  5.70
 4082.25  3.98  4.95  3.64  3.39  3.47  2.70  2.54  1.43  1.41  1.96  3.18  5.67
 4083.25  4.20  5.20  3.85  3.58  3.68  2.86  2.70  1.52  1.50  2.08  3.36  5.95
 4084.25  4.31  5.32  3.97  3.67  3.80  2.94  2.79  1.58  1.55  2.14  3.45  6.09
 4085.25  4.39  5.39  4.05  3.73  3.89  3.00  2.85  1.61  1.58  2.18  3.51  6.17
 4086.25  4.31  5.29  3.99  3.66  3.84  2.94  2.81  1.58  1.55  2.14  3.44  6.06
 4087.25  4.16  5.09  3.86  3.52  3.72  2.83  2.71  1.52  1.49  2.06  3.31  5.85
 4088.25  4.15  5.06  3.86  3.50  3.73  2.82  2.71  1.52  1.48  2.05  3.30  5.82
 4089.25  4.23  5.14  3.94  3.56  3.81  2.88  2.77  1.55  1.51  2.09  3.36  5.90
 4090.25  4.22  5.12  3.95  3.55  3.83  2.88  2.78  1.55  1.51  2.09  3.35  5.88
 4091.25  4.30  5.19  4.03  3.61  3.92  2.93  2.84  1.59  1.54  2.13  3.41  5.97
 4092.25  4.36  5.24  4.09  3.65  3.99  2.97  2.89  1.61  1.56  2.16  3.45  6.03
 4093.25  4.41  5.29  4.16  3.70  4.06  3.02  2.95  1.64  1.59  2.19  3.49  6.08
 4094.25  4.41  5.26  4.16  3.68  4.07  3.01  2.95  1.64  1.58  2.19  3.48  6.06
 4095.25  4.40  5.23  4.16  3.67  4.08  3.00  2.95  1.64  1.58  2.18  3.47  6.03
 4096.25  4.46  5.28  4.23  3.71  4.16  3.05  3.01  1.67  1.60  2.21  3.51  6.09
 4097.25  4.50  5.31  4.27  3.73  4.21  3.07  3.04  1.68  1.62  2.23  3.54  6.12
 4098.25  4.54  5.34  4.32  3.77  4.27  3.11  3.08  1.71  1.63  2.25  3.57  6.17
 4099.25  4.67  5.46  4.45  3.86  4.41  3.20  3.18  1.76  1.68  2.32  3.67  6.31
 4100.25  4.59  5.36  4.39  3.79  4.35  3.14  3.14  1.73  1.65  2.28  3.60  6.19
 4101.25  4.59  5.33  4.39  3.78  4.37  3.14  3.14  1.73  1.65  2.27  3.59  6.17
 4102.25  4.82  5.57  4.62  3.96  4.61  3.32  3.32  1.83  1.74  2.40  3.77  6.43
 4103.25  4.89  5.62  4.70  4.01  4.69  3.38  3.38  1.86  1.77  2.43  3.82  6.50
 4104.25  4.87  5.58  4.69  3.99  4.69  3.38  3.37  1.86  1.76  2.42  3.80  6.46
 4105.25  4.83  5.52  4.66  3.95  4.68  3.36  3.36  1.84  1.75  2.40  3.77  6.40
 4106.25  4.74  5.40  4.58  3.86  4.61  3.31  3.30  1.81  1.71  2.35  3.69  6.27
 4107.25  4.67  5.30  4.52  3.79  4.55  3.26  3.25  1.77  1.68  2.30  3.62  6.16
 4108.25  4.57  5.17  4.43  3.70  4.47  3.20  3.18  1.73  1.63  2.24  3.53  6.02
 4109.25  4.58  5.16  4.45  3.71  4.50  3.22  3.20  1.74  1.64  2.25  3.54  6.01
 4110.25  4.62  5.19  4.50  3.74  4.56  3.26  3.24  1.76  1.65  2.27  3.57  6.05
 4111.25  4.71  5.26  4.59  3.81  4.66  3.34  3.31  1.81  1.69  2.31  3.63  6.14
 4112.25  4.64  5.17  4.53  3.75  4.62  3.30  3.28  1.78  1.66  2.28  3.57  6.05
 4113.25  4.57  5.07  4.47  3.69  4.56  3.25  3.23  1.75  1.63  2.24  3.51  5.94
 4114.25  4.52  5.01  4.43  3.64  4.54  3.23  3.20  1.74  1.61  2.21  3.47  5.88
 4115.25  4.46  4.92  4.37  3.59  4.49  3.19  3.16  1.72  1.58  2.17  3.41  5.79
 4116.25  4.51  4.95  4.41  3.62  4.55  3.24  3.21  1.74  1.60  2.20  3.44  5.83
 4117.25  4.54  4.97  4.45  3.65  4.60  3.27  3.24  1.76  1.61  2.21  3.46  5.86
 4118.25  4.56  4.97  4.48  3.66  4.64  3.30  3.27  1.77  1.62  2.22  3.48  5.88
 4119.25  4.67  5.07  4.59  3.75  4.77  3.39  3.36  1.83  1.66  2.28  3.56  5.99
 4120.25  4.71  5.10  4.63  3.78  4.84  3.44  3.40  1.85  1.68  2.30  3.59  6.04
 4121.25  4.62  4.98  4.54  3.70  4.75  3.38  3.34  1.81  1.64  2.24  3.50  5.91
 4122.25  4.58  4.92  4.51  3.67  4.74  3.36  3.32  1.80  1.62  2.22  3.47  5.85
 4123.25  4.60  4.93  4.54  3.68  4.78  3.39  3.34  1.82  1.63  2.23  3.48  5.87
 4124.25  4.56  4.86  4.49  3.64  4.75  3.36  3.32  1.80  1.61  2.20  3.44  5.80
 4125.25  4.52  4.79  4.45  3.60  4.72  3.34  3.29  1.79  1.59  2.17  3.40  5.74
 4126.25  4.50  4.75  4.44  3.58  4.71  3.33  3.28  1.78  1.58  2.15  3.38  5.70
 4127.25  4.56  4.78  4.49  3.61  4.78  3.38  3.33  1.81  1.60  2.17  3.41  5.75
 4128.25  4.53  4.73  4.45  3.58  4.76  3.36  3.31  1.79  1.59  2.15  3.38  5.69
 4129.25  4.48  4.64  4.39  3.52  4.71  3.32  3.27  1.77  1.56  2.11  3.32  5.60
 4130.25  4.60  4.74  4.51  3.61  4.84  3.42  3.36  1.82  1.60  2.16  3.40  5.72
 4131.25  4.68  4.79  4.58  3.66  4.93  3.48  3.43  1.86  1.63  2.19  3.45  5.79
 4132.25  4.72  4.80  4.61  3.68  4.98  3.52  3.46  1.88  1.64  2.20  3.47  5.81
 4133.25  4.79  4.85  4.68  3.74  5.07  3.58  3.52  1.91  1.66  2.24  3.52  5.88
 4134.25  4.77  4.80  4.65  3.70  5.05  3.57  3.50  1.90  1.65  2.21  3.48  5.83
 4135.25  4.78  4.78  4.66  3.70  5.07  3.58  3.52  1.91  1.65  2.21  3.48  5.82
 4136.25  4.66  4.64  4.54  3.60  4.96  3.49  3.43  1.86  1.60  2.14  3.38  5.66
 4137.25  4.49  4.44  4.36  3.45  4.78  3.36  3.29  1.78  1.53  2.04  3.23  5.44
 4138.25  4.49  4.41  4.36  3.44  4.80  3.36  3.30  1.78  1.52  2.03  3.23  5.42
 4139.25  4.54  4.43  4.40  3.47  4.85  3.40  3.34  1.80  1.54  2.05  3.25  5.46
 4140.25  4.56  4.43  4.41  3.47  4.86  3.42  3.35  1.81  1.54  2.05  3.25  5.46
 4141.25  4.62  4.45  4.47  3.51  4.90  3.47  3.40  1.84  1.56  2.07  3.28  5.50
 4142.25  4.75  4.56  4.59  3.60  5.01  3.58  3.51  1.90  1.61  2.13  3.37  5.63
 4143.25  4.94  4.71  4.77  3.74  5.18  3.73  3.65  1.98  1.67  2.21  3.50  5.82
 4144.25  5.11  4.85  4.92  3.87  5.32  3.86  3.79  2.06  1.73  2.28  3.61  5.99
 4145.25  5.04  4.76  4.85  3.80  5.21  3.80  3.73  2.03  1.70  2.24  3.55  5.89
 4146.25  4.78  4.50  4.60  3.60  4.92  3.59  3.54  1.91  1.60  2.10  3.35  5.58
 4147.25  4.77  4.47  4.58  3.58  4.88  3.57  3.53  1.91  1.59  2.09  3.32  5.54
 4148.25  4.86  4.54  4.68  3.65  4.94  3.64  3.60  1.95  1.62  2.12  3.38  5.62
 4149.25  4.76  4.43  4.59  3.57  4.81  3.55  3.53  1.91  1.58  2.07  3.30  5.49
 4150.25  4.78  4.42  4.62  3.57  4.80  3.55  3.54  1.91  1.58  2.06  3.29  5.49
 4151.25  4.98  4.59  4.82  3.73  4.97  3.70  3.70  2.00  1.65  2.15  3.43  5.69
 4152.25  5.08  4.67  4.94  3.80  5.04  3.78  3.78  2.05  1.68  2.19  3.50  5.78
 4153.25  5.10  4.67  4.97  3.81  5.03  3.79  3.80  2.06  1.69  2.19  3.50  5.78
 4154.25  5.03  4.59  4.91  3.75  4.93  3.72  3.75  2.03  1.66  2.15  3.44  5.68
 4155.25  4.94  4.48  4.83  3.67  4.80  3.64  3.67  1.99  1.61  2.09  3.35  5.55
 4156.25  4.72  4.26  4.62  3.49  4.56  3.46  3.50  1.89  1.53  1.98  3.18  5.29
 4157.25  4.69  4.21  4.60  3.46  4.50  3.43  3.48  1.87  1.51  1.96  3.15  5.23
 4158.25  4.77  4.26  4.68  3.52  4.54  3.48  3.54  1.91  1.53  1.98  3.19  5.29
 4159.25  4.69  4.16  4.60  3.44  4.43  3.40  3.47  1.87  1.50  1.93  3.11  5.17
 4160.25  4.78  4.23  4.70  3.51  4.48  3.46  3.54  1.91  1.52  1.96  3.16  5.25
 4161.25  4.91  4.32  4.84  3.60  4.57  3.55  3.64  1.97  1.57  2.01  3.24  5.36
 4162.25  4.84  4.24  4.78  3.54  4.48  3.49  3.58  1.94  1.54  1.97  3.18  5.27
 4163.25  4.98  4.34  4.91  3.63  4.57  3.58  3.68  1.99  1.58  2.02  3.26  5.38
 4164.25  4.95  4.29  4.89  3.60  4.51  3.55  3.66  1.98  1.56  1.99  3.22  5.32
 4165.25  4.65  4.00  4.60  3.36  4.19  3.31  3.42  1.85  1.45  1.85  3.00  4.98
 4166.25  4.60  3.94  4.56  3.32  4.12  3.26  3.38  1.82  1.43  1.82  2.96  4.91
 4167.25  4.77  4.07  4.73  3.44  4.24  3.38  3.50  1.90  1.48  1.88  3.06  5.06
 4168.25  4.84  4.11  4.81  3.49  4.28  3.43  3.56  1.93  1.50  1.91  3.10  5.11
 4169.25  4.73  3.99  4.70  3.39  4.14  3.33  3.46  1.88  1.46  1.85  3.00  4.97
 4170.25  4.77  4.01  4.75  3.41  4.15  3.35  3.49  1.90  1.46  1.85  3.02  4.98
 4171.25  4.94  4.14  4.92  3.54  4.27  3.47  3.62  1.97  1.52  1.92  3.12  5.13
 4172.25  5.04  4.20  5.02  3.60  4.32  3.53  3.68  2.01  1.55  1.95  3.17  5.20
 4173.25  5.01  4.15  5.00  3.57  4.26  3.49  3.66  2.00  1.53  1.92  3.14  5.14
 4174.25  5.03  4.15  5.03  3.58  4.25  3.50  3.67  2.01  1.53  1.92  3.14  5.13
 4175.25  5.18  4.26  5.18  3.68  4.35  3.60  3.78  2.08  1.58  1.98  3.22  5.26
 4176.25  5.12  4.19  5.13  3.63  4.26  3.55  3.73  2.05  1.55  1.95  3.17  5.17
 4177.25  5.21  4.25  5.22  3.69  4.31  3.60  3.79  2.09  1.58  1.98  3.21  5.23
 4178.25  5.26  4.28  5.28  3.72  4.32  3.63  3.83  2.11  1.59  2.00  3.24  5.25
 4179.25  5.18  4.21  5.21  3.65  4.22  3.56  3.76  2.07  1.56  1.96  3.17  5.15
 4180.25  5.34  4.32  5.37  3.76  4.32  3.67  3.88  2.14  1.61  2.02  3.26  5.27
 4181.25  5.41  4.37  5.44  3.80  4.36  3.70  3.92  2.17  1.63  2.04  3.29  5.31
 4182.25  5.39  4.34  5.44  3.78  4.32  3.68  3.90  2.16  1.61  2.02  3.26  5.26
 4183.25  5.38  4.33  5.47  3.76  4.29  3.66  3.89  2.16  1.61  2.01  3.24  5.22
 4184.25  5.38  4.31  5.51  3.75  4.27  3.65  3.88  2.16  1.60  2.00  3.23  5.19
 4185.25  5.48  4.39  5.67  3.82  4.34  3.72  3.96  2.20  1.63  2.04  3.28  5.27
 4186.25  5.31  4.25  5.56  3.69  4.19  3.60  3.84  2.13  1.57  1.97  3.17  5.09
 4187.25  5.23  4.19  5.55  3.64  4.12  3.54  3.79  2.11  1.55  1.94  3.12  5.01
 4188.25  5.54  4.46  5.95  3.87  4.37  3.77  4.04  2.26  1.66  2.07  3.32  5.30
 4189.25  5.68  4.58  6.17  3.98  4.48  3.87  4.16  2.33  1.71  2.14  3.41  5.42
 4190.25  5.54  4.47  6.09  3.88  4.36  3.77  4.06  2.27  1.66  2.08  3.32  5.28
 4191.25  5.48  4.42  6.10  3.84  4.31  3.72  4.02  2.25  1.64  2.05  3.28  5.21
 4192.25  5.50  4.45  6.19  3.86  4.32  3.74  4.05  2.27  1.65  2.06  3.29  5.22
 4193.25  5.38  4.35  6.13  3.77  4.22  3.65  3.97  2.22  1.61  2.01  3.21  5.09
 4194.25  5.40  4.38  6.23  3.79  4.23  3.67  4.00  2.24  1.62  2.02  3.22  5.11
 4195.25  5.53  4.49  6.45  3.90  4.34  3.77  4.11  2.31  1.67  2.08  3.31  5.23
 4196.25  5.65  4.60  6.65  3.99  4.43  3.85  4.21  2.38  1.71  2.13  3.39  5.33
 4197.25  5.77  4.71  6.85  4.08  4.52  3.94  4.32  2.45  1.76  2.19  3.46  5.43
 4198.25  5.82  4.76  6.99  4.13  4.56  3.98  4.37  2.48  1.78  2.21  3.50  5.47
 4199.25  5.93  4.85  7.18  4.21  4.64  4.06  4.47  2.54  1.82  2.26  3.57  5.56
 4200.25  5.76  4.72  7.07  4.09  4.50  3.94  4.35  2.47  1.76  2.19  3.46  5.40
 4201.25  5.53  4.53  6.87  3.92  4.31  3.77  4.18  2.37  1.68  2.09  3.30  5.17
 4202.25  5.51  4.52  6.92  3.91  4.29  3.75  4.17  2.36  1.67  2.08  3.29  5.14
 4203.25  5.75  4.72  7.27  4.09  4.48  3.92  4.37  2.49  1.76  2.19  3.44  5.35
 4204.25  5.81  4.79  7.42  4.15  4.53  3.97  4.43  2.53  1.79  2.22  3.48  5.40
 4205.25  5.76  4.75  7.43  4.11  4.48  3.93  4.40  2.52  1.77  2.20  3.45  5.34
 4206.25  5.60  4.62  7.31  4.00  4.35  3.82  4.29  2.45  1.71  2.13  3.35  5.19
 4207.25  5.39  4.45  7.12  3.84  4.17  3.67  4.13  2.35  1.64  2.04  3.21  4.98
 4208.25  5.21  4.30  6.97  3.70  4.02  3.53  3.99  2.27  1.58  1.96  3.09  4.80
 4209.25  5.17  4.27  6.99  3.68  3.98  3.51  3.97  2.27  1.57  1.95  3.06  4.75
 4210.25  5.39  4.47  7.33  3.85  4.15  3.66  4.15  2.38  1.64  2.04  3.20  4.94
 4211.25  5.55  4.61  7.60  3.97  4.28  3.78  4.28  2.47  1.70  2.11  3.30  5.08
 4212.25  5.50  4.59  7.61  3.95  4.24  3.75  4.26  2.46  1.69  2.10  3.27  5.03
 4213.25  5.42  4.52  7.57  3.88  4.16  3.69  4.19  2.43  1.66  2.06  3.21  4.94
 4214.25  5.36  4.48  7.57  3.84  4.11  3.65  4.16  2.41  1.64  2.04  3.17  4.88
 4215.25  5.37  4.50  7.66  3.86  4.12  3.66  4.17  2.42  1.65  2.05  3.18  4.89
 4216.25  5.45  4.60  7.85  3.94  4.19  3.73  4.26  2.48  1.68  2.09  3.23  4.96
 4217.25  5.37  4.55  7.84  3.89  4.13  3.68  4.21  2.46  1.66  2.06  3.19  4.89
 4218.25  5.33  4.53  7.91  3.87  4.11  3.66  4.20  2.45  1.65  2.05  3.17  4.86
 4219.25  5.36  4.58  8.10  3.91  4.14  3.69  4.24  2.49  1.67  2.07  3.19  4.89
 4220.25  5.37  4.61  8.25  3.92  4.15  3.71  4.26  2.51  1.68  2.08  3.20  4.90
 4221.25  5.31  4.58  8.32  3.89  4.12  3.68  4.24  2.50  1.67  2.07  3.17  4.85
 4222.25  5.17  4.48  8.27  3.79  4.03  3.59  4.14  2.44  1.63  2.01  3.09  4.72
 4223.25  5.23  4.56  8.50  3.84  4.09  3.64  4.21  2.49  1.65  2.04  3.13  4.78
 4224.25  5.44  4.77  8.95  4.02  4.28  3.81  4.40  2.62  1.74  2.15  3.28  4.98
 4225.25  5.59  4.92  9.31  4.14  4.42  3.93  4.55  2.72  1.80  2.22  3.38  5.12
 4226.25  5.48  4.85  9.30  4.07  4.34  3.86  4.48  2.68  1.77  2.18  3.32  5.02
 4227.25  5.69  5.06  9.75  4.24  4.53  4.03  4.67  2.81  1.86  2.29  3.46  5.23
 4228.25  5.92  5.30 10.23  4.44  4.75  4.21  4.89  2.96  1.97  2.41  3.62  5.46
 4229.25  5.54  4.97  9.84  4.14  4.44  3.94  4.59  2.77  1.83  2.24  3.38  5.11
 4230.25  5.24  4.72  9.54  3.92  4.21  3.72  4.35  2.62  1.73  2.11  3.19  4.85
 4231.25  5.14  4.65  9.53  3.85  4.14  3.65  4.28  2.58  1.70  2.08  3.12  4.76
 4232.25  5.10  4.64  9.61  3.83  4.13  3.63  4.27  2.58  1.70  2.07  3.11  4.74
 4233.25  5.22  4.77  9.94  3.93  4.24  3.73  4.39  2.66  1.75  2.13  3.19  4.86
 4234.25  5.43  4.99 10.41  4.10  4.43  3.90  4.59  2.80  1.84  2.24  3.33  5.07
 4235.25  5.40  4.98 10.51  4.09  4.43  3.88  4.58  2.80  1.84  2.23  3.32  5.05
 4236.25  5.28  4.90 10.47  4.01  4.34  3.80  4.50  2.75  1.81  2.19  3.25  4.95
 4237.25  5.31  4.96 10.68  4.05  4.39  3.84  4.55  2.79  1.84  2.22  3.28  5.00
 4238.25  5.23  4.90 10.69  3.99  4.34  3.79  4.50  2.76  1.81  2.19  3.23  4.94
 4239.25  5.17  4.87 10.75  3.95  4.30  3.75  4.47  2.74  1.80  2.17  3.20  4.89
 4240.25  5.27  4.99 11.06  4.04  4.41  3.84  4.58  2.82  1.86  2.23  3.27  5.00
 4241.25  5.33  5.07 11.31  4.10  4.48  3.90  4.66  2.88  1.89  2.27  3.32  5.07
 4242.25  5.23  4.98 11.28  4.03  4.41  3.83  4.58  2.84  1.86  2.23  3.26  4.99
 4243.25  5.28  5.04 11.52  4.08  4.47  3.88  4.65  2.89  1.90  2.26  3.30  5.05
 4244.25  5.29  5.06 11.68  4.10  4.50  3.89  4.68  2.91  1.91  2.28  3.31  5.07
 4245.25  5.08  4.86 11.46  3.93  4.32  3.73  4.50  2.80  1.83  2.18  3.17  4.87
 4246.25  4.95  4.74 11.37  3.84  4.22  3.64  4.41  2.74  1.79  2.13  3.09  4.76
 4247.25  4.90  4.70 11.41  3.80  4.19  3.61  4.37  2.72  1.78  2.11  3.06  4.72
 4248.25  4.94  4.73 11.60  3.83  4.23  3.64  4.42  2.76  1.80  2.14  3.08  4.75
 4249.25  5.03  4.82 11.89  3.91  4.32  3.71  4.51  2.83  1.85  2.19  3.14  4.85
 4250.25  5.05  4.84 12.05  3.93  4.34  3.73  4.54  2.85  1.86  2.20  3.16  4.87
 4251.25  5.07  4.86 12.21  3.95  4.37  3.75  4.57  2.88  1.88  2.22  3.17  4.89
 4252.25  4.97  4.76 12.13  3.87  4.30  3.67  4.50  2.84  1.85  2.18  3.11  4.80
 4253.25  4.83  4.62 11.90  3.75  4.18  3.56  4.37  2.76  1.80  2.11  3.01  4.67
 4254.25  4.83  4.63 12.43  3.76  4.19  3.57  4.38  2.78  1.80  2.12  3.01  4.67
 4255.25  4.95  4.74 13.98  3.86  4.30  3.66  4.50  2.87  1.86  2.18  3.09  4.79
 4256.25  4.95  4.75 14.65  3.87  4.32  3.67  4.51  2.89  1.87  2.19  3.10  4.80
 4257.25  4.84  4.64 14.38  3.78  4.23  3.58  4.41  2.83  1.83  2.14  3.02  4.69
 4258.25  4.84  4.64 14.25  3.78  4.23  3.59  4.42  2.85  1.84  2.15  3.02  4.70
 4259.25  4.85  4.65 14.13  3.80  4.26  3.60  4.44  2.87  1.86  2.16  3.03  4.72
 4260.25  4.95  4.75 14.19  3.89  4.35  3.68  4.53  2.95  1.91  2.22  3.10  4.82
 4261.25  5.20  4.98 14.52  4.09  4.58  3.87  4.77  3.13  2.02  2.35  3.26  5.06
 4262.25  5.27  5.06 14.51  4.16  4.66  3.94  4.85  3.19  2.07  2.39  3.32  5.14
 4263.25  5.11  4.90 14.05  4.03  4.52  3.81  4.70  3.10  2.00  2.31  3.21  4.98
 4264.25  5.03  4.82 13.75  3.97  4.45  3.75  4.63  3.07  1.97  2.28  3.16  4.91
 4265.25  5.04  4.83 13.62  3.99  4.47  3.76  4.65  3.09  1.99  2.29  3.17  4.92
 4266.25  4.99  4.79 13.39  3.96  4.44  3.73  4.62  3.08  1.98  2.28  3.15  4.89
 4267.25  4.85  4.65 12.97  3.85  4.31  3.62  4.49  3.00  1.92  2.21  3.06  4.75
 4268.25  4.75  4.55 12.62  3.77  4.23  3.55  4.40  2.95  1.89  2.17  3.00  4.66
 4269.25  4.79  4.59 12.55  3.81  4.27  3.58  4.45  2.99  1.91  2.19  3.03  4.70
 4270.25  4.91  4.71 12.62  3.91  4.39  3.68  4.57  3.09  1.98  2.26  3.12  4.82
 4271.25  5.10  4.90 12.82  4.08  4.57  3.84  4.76  3.24  2.07  2.37  3.26  5.02
 4272.25  5.35  5.13 13.09  4.29  4.80  4.04  5.00  3.43  2.20  2.50  3.43  5.26
 4273.25  5.29  5.08 12.82  4.25  4.76  4.01  4.95  3.40  2.18  2.48  3.40  5.21
 4274.25  5.06  4.86 12.26  4.07  4.56  3.84  4.74  3.26  2.08  2.37  3.25  4.99
 4275.25  5.10  4.90 12.15  4.10  4.59  3.88  4.78  3.30  2.11  2.39  3.28  5.03
 4276.25  5.01  4.81 11.83  4.03  4.52  3.82  4.71  3.26  2.07  2.35  3.22  4.95
 4277.25  4.80  4.61 11.28  3.86  4.33  3.67  4.51  3.13  1.98  2.25  3.08  4.74
 4278.25  4.76  4.57 11.02  3.83  4.29  3.64  4.47  3.11  1.97  2.23  3.05  4.70
 4279.25  4.77  4.59 10.88  3.84  4.31  3.66  4.49  3.14  1.98  2.24  3.07  4.71
 4280.25  4.88  4.69 10.88  3.93  4.41  3.76  4.59  3.22  2.04  2.30  3.14  4.82
 4281.25  5.02  4.82 10.94  4.05  4.54  3.88  4.73  3.34  2.11  2.37  3.24  4.95
 4282.25  4.99  4.80 10.71  4.03  4.52  3.86  4.71  3.33  2.10  2.36  3.22  4.93
 4283.25  4.95  4.76 10.46  4.00  4.49  3.84  4.67  3.32  2.09  2.34  3.20  4.89
 4284.25  4.98  4.78 10.32  4.02  4.51  3.87  4.70  3.35  2.11  2.36  3.22  4.91
 4285.25  4.88  4.69  9.96  3.94  4.42  3.80  4.61  3.29  2.07  2.31  3.15  4.82
 4286.25  4.89  4.70  9.80  3.96  4.44  3.82  4.62  3.32  2.08  2.32  3.17  4.83
 4287.25  5.01  4.81  9.83  4.06  4.55  3.93  4.74  3.42  2.14  2.38  3.25  4.95
 4288.25  4.97  4.77  9.68  4.02  4.51  3.90  4.70  3.40  2.13  2.36  3.22  4.91
 4289.25  4.96  4.76  9.63  4.02  4.51  3.90  4.69  3.41  2.13  2.36  3.22  4.90
 4290.25  5.12  4.92  9.88  4.16  4.67  4.05  4.86  3.54  2.22  2.45  3.34  5.06
 4291.25  5.13  4.93  9.88  4.17  4.68  4.07  4.87  3.57  2.23  2.46  3.35  5.08
 4292.25  4.90  4.71  9.49  3.98  4.47  3.89  4.65  3.41  2.12  2.34  3.19  4.85
 4293.25  4.79  4.60  9.29  3.89  4.36  3.80  4.54  3.34  2.07  2.28  3.11  4.73
 4294.25  4.78  4.59  9.25  3.88  4.35  3.80  4.54  3.34  2.07  2.28  3.11  4.72
 4295.25  4.85  4.65  9.35  3.94  4.42  3.87  4.61  3.41  2.11  2.32  3.16  4.79
 4296.25  4.79  4.60  9.24  3.90  4.37  3.83  4.55  3.38  2.09  2.29  3.12  4.73
 4297.25  4.75  4.56  9.17  3.88  4.34  3.81  4.53  3.37  2.08  2.28  3.10  4.70
 4298.25  4.86  4.67  9.32  3.97  4.45  3.91  4.63  3.46  2.14  2.34  3.18  4.81
 4299.25  5.13  4.93  9.73  4.21  4.70  4.15  4.90  3.68  2.28  2.48  3.37  5.08
 4300.25  5.37  5.16 10.07  4.41  4.92  4.36  5.13  3.88  2.40  2.62  3.54  5.31
 4301.25  5.47  5.26 10.21  4.51  5.02  4.46  5.24  3.98  2.46  2.68  3.62  5.42
 4302.25  5.52  5.31 10.27  4.56  5.06  4.51  5.30  4.04  2.50  2.71  3.66  5.47
 4303.25  5.51  5.30 10.23  4.56  5.05  4.51  5.29  4.05  2.50  2.71  3.66  5.46
 4304.25  5.44  5.23 10.11  4.50  4.99  4.46  5.23  4.01  2.47  2.67  3.61  5.39
 4305.25  5.32  5.11  9.91  4.41  4.88  4.37  5.13  3.94  2.41  2.61  3.53  5.27
 4306.25  5.27  5.07  9.82  4.37  4.83  4.34  5.09  3.92  2.40  2.58  3.50  5.23
 4307.25  5.12  4.93  9.57  4.24  4.69  4.22  4.94  3.81  2.32  2.50  3.39  5.08
 4308.25  5.03  4.84  9.40  4.17  4.59  4.15  4.86  3.75  2.28  2.45  3.32  4.98
 4309.25  5.05  4.88  9.41  4.19  4.62  4.18  4.89  3.79  2.30  2.47  3.34  5.00
 4310.25  5.05  4.89  9.40  4.20  4.62  4.19  4.89  3.81  2.31  2.47  3.35  5.01
 4311.25  5.07  4.92  9.41  4.22  4.63  4.22  4.92  3.84  2.32  2.48  3.36  5.03
 4312.25  5.04  4.90  9.34  4.20  4.60  4.20  4.89  3.83  2.31  2.47  3.35  5.00
 4313.25  4.99  4.85  9.23  4.16  4.55  4.16  4.85  3.81  2.29  2.44  3.31  4.94
 4314.25  4.88  4.75  9.04  4.07  4.45  4.09  4.75  3.73  2.24  2.39  3.23  4.83
 4315.25  4.71  4.60  8.75  3.93  4.29  3.96  4.59  3.61  2.16  2.30  3.12  4.66
 4316.25  4.69  4.59  8.70  3.91  4.27  3.97  4.57  3.61  2.16  2.29  3.11  4.65
 4317.25  4.59  4.49  8.52  3.83  4.17  3.91  4.48  3.55  2.11  2.24  3.04  4.54
 4318.25  4.54  4.45  8.42  3.79  4.12  3.89  4.43  3.52  2.09  2.21  3.00  4.49
 4319.25  4.64  4.56  8.55  3.88  4.21  4.00  4.53  3.62  2.15  2.27  3.07  4.59
 4320.25  4.74  4.66  8.69  3.97  4.30  4.11  4.64  3.71  2.20  2.32  3.13  4.69
 4321.25  4.70  4.64  8.62  3.94  4.27  4.11  4.61  3.70  2.19  2.31  3.11  4.65
 4322.25  4.76  4.70  8.69  4.00  4.32  4.18  4.67  3.76  2.23  2.34  3.15  4.71
 4323.25  4.96  4.91  8.97  4.17  4.50  4.38  4.87  3.94  2.33  2.45  3.28  4.90
 4324.25  5.41  5.37  9.63  4.58  4.92  4.83  5.33  4.34  2.58  2.71  3.61  5.36
 4325.25  5.54  5.51  9.79  4.70  5.04  4.97  5.46  4.46  2.66  2.78  3.70  5.48
 4326.25  5.31  5.29  9.43  4.50  4.83  4.79  5.24  4.29  2.55  2.66  3.53  5.26
 4327.25  5.15  5.14  9.16  4.36  4.67  4.67  5.09  4.17  2.47  2.57  3.41  5.10
 4328.25  5.05  5.04  8.98  4.28  4.57  4.60  4.99  4.10  2.42  2.51  3.34  4.99
 4329.25  4.97  4.97  8.84  4.21  4.50  4.55  4.92  4.05  2.39  2.47  3.28  4.92
 4330.25  4.89  4.90  8.69  4.15  4.42  4.50  4.84  4.00  2.36  2.43  3.22  4.84
 4331.25  4.83  4.85  8.58  4.10  4.37  4.48  4.79  3.97  2.34  2.40  3.18  4.78
 4332.25  4.85  4.88  8.58  4.13  4.39  4.52  4.82  4.00  2.36  2.41  3.19  4.80
 4333.25  4.88  4.91  8.60  4.16  4.41  4.57  4.85  4.04  2.38  2.43  3.20  4.82
 4334.25  4.89  4.94  8.59  4.18  4.42  4.61  4.87  4.06  2.40  2.44  3.21  4.83
 4335.25  4.92  4.98  8.61  4.22  4.44  4.67  4.90  4.11  2.42  2.46  3.23  4.87
 4336.25  4.90  4.96  8.55  4.20  4.42  4.67  4.88  4.10  2.42  2.44  3.21  4.84
 4337.25  4.83  4.89  8.41  4.15  4.35  4.62  4.81  4.05  2.39  2.41  3.16  4.77
 4338.25  4.99  5.06  8.62  4.29  4.49  4.80  4.97  4.20  2.48  2.49  3.26  4.92
 4339.25  5.18  5.25  8.87  4.47  4.66  5.01  5.17  4.38  2.60  2.60  3.39  5.11
 4340.25  5.30  5.38  9.02  4.59  4.77  5.15  5.30  4.51  2.68  2.67  3.48  5.23
 4341.25  5.35  5.42  9.06  4.64  4.81  5.23  5.35  4.57  2.71  2.70  3.51  5.27
 4342.25  5.29  5.36  8.94  4.59  4.74  5.19  5.29  4.53  2.69  2.67  3.46  5.21
 4343.25  5.16  5.22  8.71  4.48  4.61  5.08  5.17  4.42  2.62  2.59  3.36  5.07
 4344.25  5.00  5.05  8.44  4.34  4.46  4.94  5.03  4.29  2.54  2.50  3.24  4.91
 4345.25  4.92  4.97  8.30  4.28  4.38  4.89  4.97  4.24  2.50  2.46  3.18  4.83
 4346.25  4.85  4.90  8.16  4.22  4.31  4.84  4.92  4.19  2.47  2.42  3.13  4.75
 4347.25  4.80  4.85  8.07  4.19  4.27  4.82  4.89  4.16  2.45  2.39  3.09  4.71
 4348.25  4.82  4.86  8.06  4.21  4.28  4.86  4.93  4.19  2.47  2.40  3.10  4.72
 4349.25  4.76  4.80  7.93  4.16  4.21  4.82  4.88  4.15  2.44  2.37  3.05  4.65
 4350.25  4.62  4.65  7.70  4.04  4.08  4.70  4.76  4.04  2.37  2.29  2.95  4.51
 4351.25  4.77  4.80  7.89  4.18  4.21  4.87  4.93  4.18  2.46  2.37  3.05  4.65
 4352.25  5.08  5.11  8.30  4.46  4.48  5.21  5.27  4.48  2.64  2.54  3.26  4.95
 4353.25  5.12  5.15  8.34  4.51  4.51  5.28  5.33  4.53  2.68  2.57  3.28  4.99
 4354.25  4.99  5.01  8.11  4.39  4.38  5.16  5.21  4.42  2.61  2.50  3.18  4.86
 4355.25  4.97  4.99  8.05  4.38  4.35  5.16  5.21  4.42  2.60  2.48  3.16  4.83
 4356.25  4.95  4.97  8.00  4.37  4.33  5.17  5.21  4.42  2.60  2.47  3.15  4.81
 4357.25  4.89  4.90  7.88  4.32  4.27  5.13  5.17  4.37  2.57  2.44  3.10  4.75
 4358.25  4.81  4.82  7.72  4.25  4.19  5.07  5.10  4.31  2.54  2.40  3.04  4.66
 4359.25  4.85  4.86  7.74  4.30  4.22  5.13  5.16  4.37  2.57  2.42  3.06  4.70
 4360.25  5.04  5.04  7.96  4.47  4.38  5.35  5.38  4.55  2.68  2.52  3.19  4.88
 4361.25  4.96  4.96  7.82  4.41  4.31  5.30  5.32  4.49  2.65  2.48  3.13  4.80
 4362.25  4.71  4.71  7.42  4.18  4.08  5.05  5.07  4.28  2.51  2.34  2.95  4.55
 4363.25  4.67  4.67  7.32  4.15  4.04  5.03  5.05  4.25  2.49  2.32  2.92  4.51
 4364.25  4.85  4.84  7.52  4.32  4.18  5.24  5.25  4.42  2.60  2.41  3.03  4.67
 4365.25  4.90  4.89  7.56  4.37  4.22  5.32  5.32  4.49  2.64  2.44  3.06  4.72
 4366.25  4.84  4.82  7.43  4.32  4.16  5.28  5.28  4.44  2.61  2.41  3.02  4.65
 4367.25  4.88  4.86  7.45  4.36  4.19  5.35  5.34  4.50  2.64  2.43  3.04  4.69
 4368.25  4.86  4.84  7.38  4.35  4.16  5.34  5.34  4.49  2.64  2.42  3.02  4.67
 4369.25  4.63  4.60  7.01  4.15  3.95  5.12  5.10  4.29  2.51  2.29  2.86  4.44
 4370.25  4.70  4.66  7.06  4.22  4.00  5.21  5.19  4.36  2.55  2.33  2.90  4.49
 4371.25  4.95  4.91  7.36  4.45  4.21  5.50  5.48  4.61  2.71  2.46  3.06  4.73
 4372.25  4.97  4.93  7.35  4.48  4.23  5.55  5.52  4.64  2.73  2.48  3.07  4.75
 4373.25  4.87  4.83  7.17  4.40  4.13  5.46  5.43  4.56  2.67  2.42  3.00  4.65
 4374.25  4.89  4.84  7.15  4.43  4.14  5.50  5.47  4.59  2.69  2.43  3.01  4.66
 4375.25  5.02  4.97  7.29  4.57  4.25  5.67  5.63  4.73  2.78  2.50  3.10  4.78
 4376.25  5.06  5.00  7.29  4.61  4.27  5.73  5.69  4.78  2.81  2.52  3.13  4.81
 4377.25  4.86  4.80  6.98  4.43  4.09  5.54  5.49  4.60  2.70  2.41  2.99  4.62
 4378.25  4.64  4.58  6.64  4.24  3.89  5.31  5.26  4.40  2.57  2.29  2.84  4.40
 4379.25  4.60  4.54  6.55  4.22  3.85  5.29  5.24  4.38  2.56  2.27  2.82  4.36
 4380.25  4.61  4.55  6.52  4.23  3.86  5.32  5.26  4.40  2.57  2.28  2.83  4.36
 4381.25  4.70  4.63  6.59  4.32  3.92  5.44  5.37  4.49  2.63  2.32  2.88  4.44
 4382.25  4.79  4.72  6.67  4.42  4.00  5.56  5.50  4.59  2.69  2.37  2.94  4.52
 4383.25  4.85  4.77  6.70  4.48  4.05  5.65  5.58  4.66  2.74  2.40  2.98  4.57
 4384.25  5.10  5.02  6.98  4.73  4.27  5.96  5.88  4.92  2.90  2.54  3.15  4.81
 4385.25  5.31  5.22  7.19  4.94  4.45  6.22  6.13  5.14  3.04  2.66  3.29  5.00
 4386.25  5.17  5.07  6.97  4.81  4.32  6.07  5.99  5.01  2.96  2.58  3.19  4.86
 4387.25  4.96  4.87  6.66  4.63  4.14  5.86  5.77  4.82  2.84  2.46  3.05  4.66
 4388.25  4.96  4.87  6.62  4.64  4.14  5.89  5.78  4.83  2.85  2.46  3.05  4.65
 4389.25  5.10  4.99  6.74  4.78  4.25  6.06  5.93  4.98  2.94  2.54  3.14  4.77
 4390.25  5.09  4.99  6.69  4.78  4.25  6.08  5.93  4.99  2.95  2.54  3.14  4.77
 4391.25  5.06  4.95  6.60  4.76  4.21  6.06  5.89  4.96  2.93  2.52  3.11  4.72
 4392.25  4.99  4.88  6.47  4.70  4.15  6.00  5.81  4.91  2.90  2.48  3.07  4.66
 4393.25  4.89  4.78  6.33  4.62  4.06  5.91  5.70  4.82  2.84  2.43  3.00  4.56
 4394.25  4.77  4.65  6.15  4.51  3.95  5.78  5.56  4.71  2.77  2.36  2.92  4.44
 4395.25  4.77  4.65  6.14  4.52  3.95  5.81  5.57  4.72  2.78  2.36  2.92  4.43
 4396.25  4.84  4.72  6.21  4.60  4.01  5.92  5.65  4.80  2.83  2.40  2.97  4.50
 4397.25  4.82  4.69  6.17  4.59  3.99  5.91  5.62  4.79  2.83  2.39  2.95  4.47
 4398.25  4.78  4.65  6.10  4.56  3.96  5.88  5.58  4.75  2.81  2.36  2.92  4.42
 4399.25  4.84  4.70  6.15  4.63  4.00  5.94  5.65  4.82  2.85  2.40  2.96  4.47
 4400.25  4.87  4.72  6.16  4.66  4.02  5.95  5.67  4.85  2.87  2.41  2.97  4.48
 4401.25  4.92  4.77  6.21  4.72  4.06  6.00  5.74  4.91  2.92  2.44  3.01  4.53
 4402.25  4.92  4.76  6.19  4.73  4.06  5.97  5.73  4.92  2.92  2.44  3.01  4.52
 4403.25  4.73  4.57  5.94  4.55  3.89  5.72  5.51  4.73  2.80  2.33  2.88  4.33
 4404.25  4.67  4.51  5.85  4.50  3.84  5.63  5.45  4.68  2.77  2.30  2.84  4.27
 4405.25  4.79  4.63  5.98  4.63  3.94  5.75  5.59  4.81  2.86  2.37  2.92  4.37
 4406.25  4.75  4.58  5.90  4.59  3.89  5.67  5.53  4.77  2.84  2.34  2.88  4.32
 4407.25  4.54  4.38  5.64  4.39  3.71  5.41  5.29  4.56  2.71  2.23  2.75  4.12
 4408.25  4.59  4.43  5.68  4.45  3.76  5.45  5.36  4.63  2.75  2.26  2.78  4.16
 4409.25  4.59  4.43  5.67  4.45  3.75  5.43  5.35  4.63  2.76  2.25  2.78  4.15
 4410.25  4.49  4.33  5.52  4.35  3.66  5.29  5.23  4.53  2.70  2.20  2.71  4.05
 4411.25  4.62  4.46  5.66  4.48  3.77  5.41  5.38  4.67  2.79  2.27  2.79  4.16
 4412.25  4.56  4.40  5.57  4.43  3.72  5.33  5.32  4.62  2.75  2.24  2.75  4.10
 4413.25  4.34  4.19  5.30  4.22  3.53  5.05  5.07  4.40  2.62  2.12  2.61  3.89
 4414.25  4.44  4.28  5.40  4.32  3.61  5.15  5.18  4.51  2.69  2.17  2.67  3.97
 4415.25  4.63  4.46  5.59  4.50  3.76  5.33  5.39  4.70  2.81  2.27  2.79  4.13
 4416.25  4.64  4.47  5.59  4.51  3.77  5.32  5.40  4.72  2.83  2.27  2.80  4.13
 4417.25  4.49  4.32  5.39  4.37  3.63  5.13  5.22  4.57  2.73  2.19  2.70  3.98
 4418.25  4.62  4.45  5.53  4.50  3.75  5.26  5.38  4.71  2.83  2.26  2.78  4.10
 4419.25  4.78  4.61  5.70  4.66  3.88  5.41  5.56  4.88  2.94  2.35  2.88  4.23
 4420.25  4.72  4.55  5.61  4.61  3.82  5.32  5.49  4.83  2.91  2.31  2.84  4.17
 4421.25  4.58  4.42  5.43  4.48  3.71  5.15  5.33  4.69  2.82  2.24  2.75  4.04
 4422.25  4.62  4.45  5.45  4.51  3.74  5.16  5.37  4.73  2.85  2.26  2.77  4.06
 4423.25  4.77  4.60  5.61  4.67  3.87  5.31  5.54  4.90  2.96  2.34  2.87  4.19
 4424.25  4.85  4.67  5.68  4.74  3.94  5.37  5.63  4.98  3.02  2.38  2.92  4.25
 4425.25  4.80  4.62  5.60  4.69  3.89  5.28  5.56  4.93  2.99  2.35  2.88  4.19
 4426.25  4.63  4.45  5.38  4.53  3.75  5.08  5.37  4.76  2.88  2.26  2.77  4.03
 4427.25  4.56  4.38  5.29  4.46  3.69  4.98  5.29  4.70  2.84  2.22  2.72  3.96
 4428.25  4.57  4.40  5.28  4.48  3.71  4.97  5.31  4.72  2.86  2.23  2.73  3.96
 4429.25  4.64  4.45  5.34  4.54  3.76  5.02  5.38  4.79  2.91  2.26  2.77  4.01
 4430.25  4.79  4.60  5.49  4.70  3.89  5.16  5.55  4.95  3.02  2.34  2.87  4.13
 4431.25  4.98  4.78  5.68  4.88  4.05  5.33  5.76  5.15  3.15  2.44  2.99  4.29
 4432.25  4.87  4.67  5.53  4.77  3.95  5.18  5.62  5.03  3.08  2.37  2.91  4.17
 4433.25  4.72  4.52  5.35  4.63  3.83  5.00  5.45  4.88  2.99  2.29  2.82  4.03
 4434.25  4.80  4.60  5.41  4.71  3.90  5.06  5.53  4.97  3.05  2.33  2.87  4.09
 4435.25  4.93  4.72  5.54  4.84  4.01  5.17  5.67  5.11  3.14  2.40  2.95  4.20
 4436.25  4.99  4.77  5.58  4.90  4.06  5.21  5.73  5.18  3.19  2.43  2.99  4.24
 4437.25  4.87  4.66  5.43  4.78  3.95  5.06  5.58  5.05  3.11  2.37  2.91  4.12
 4438.25  4.75  4.54  5.28  4.66  3.86  4.91  5.44  4.94  3.04  2.31  2.84  4.01
 4439.25  4.65  4.45  5.16  4.57  3.78  4.79  5.33  4.84  2.98  2.26  2.77  3.92
 4440.25  4.64  4.44  5.12  4.56  3.77  4.75  5.31  4.83  2.98  2.26  2.77  3.90
 4441.25  4.76  4.55  5.23  4.68  3.87  4.85  5.43  4.96  3.07  2.33  2.84  3.99
 4442.25  4.91  4.69  5.37  4.83  3.99  4.99  5.59  5.12  3.18  2.41  2.94  4.11
 4443.25  4.94  4.72  5.38  4.86  4.02  5.01  5.62  5.15  3.20  2.43  2.96  4.12
 4444.25  4.98  4.76  5.41  4.91  4.05  5.04  5.65  5.19  3.24  2.46  2.98  4.15
 4445.25  4.97  4.75  5.38  4.92  4.05  5.02  5.64  5.18  3.24  2.46  2.98  4.13
 4446.25  4.74  4.53  5.11  4.71  3.86  4.77  5.38  4.95  3.09  2.34  2.83  3.93
 4447.25  4.60  4.39  4.94  4.58  3.74  4.62  5.21  4.80  3.00  2.26  2.74  3.79
 4448.25  4.69  4.47  5.02  4.69  3.81  4.70  5.30  4.89  3.07  2.32  2.79  3.86
 4449.25  4.76  4.55  5.08  4.79  3.88  4.76  5.38  4.97  3.13  2.36  2.84  3.92
 4450.25  4.79  4.57  5.09  4.83  3.90  4.78  5.40  5.00  3.15  2.38  2.86  3.93
 4451.25  4.81  4.59  5.08  4.86  3.91  4.78  5.41  5.02  3.17  2.39  2.87  3.93
 4452.25  4.82  4.59  5.07  4.89  3.92  4.78  5.42  5.03  3.18  2.40  2.88  3.93
 4453.25  4.94  4.71  5.18  5.04  4.03  4.89  5.54  5.16  3.28  2.47  2.95  4.02
 4454.25  5.04  4.81  5.27  5.16  4.12  4.98  5.65  5.27  3.36  2.53  3.02  4.10
 4455.25  5.07  4.84  5.28  5.21  4.14  5.00  5.67  5.30  3.38  2.55  3.04  4.12
 4456.25  5.11  4.88  5.30  5.27  4.18  5.03  5.71  5.34  3.42  2.58  3.07  4.14
 4457.25  5.10  4.87  5.27  5.28  4.17  5.00  5.69  5.33  3.42  2.58  3.06  4.13
 4458.25  5.11  4.87  5.25  5.30  4.18  5.00  5.69  5.34  3.43  2.58  3.06  4.13
 4459.25  5.12  4.88  5.24  5.33  4.19  5.00  5.70  5.35  3.45  2.59  3.07  4.14
 4460.25  5.15  4.91  5.26  5.39  4.22  5.02  5.73  5.39  3.48  2.62  3.09  4.16
 4461.25  5.07  4.83  5.15  5.32  4.14  4.93  5.63  5.30  3.43  2.57  3.04  4.09
 4462.25  4.89  4.66  4.96  5.15  3.99  4.74  5.43  5.12  3.31  2.48  2.92  3.94
 4463.25  4.94  4.72  5.00  5.23  4.04  4.79  5.49  5.18  3.36  2.52  2.96  3.98
 4464.25  4.98  4.76  5.03  5.29  4.07  4.82  5.52  5.23  3.39  2.54  2.99  4.01
 4465.25  5.07  4.84  5.10  5.40  4.14  4.89  5.61  5.31  3.46  2.59  3.04  4.08
 4466.25  5.20  4.96  5.22  5.55  4.25  5.00  5.74  5.45  3.56  2.67  3.13  4.18
 4467.25  5.24  5.00  5.25  5.61  4.28  5.03  5.78  5.49  3.60  2.70  3.15  4.21
 4468.25  5.21  4.98  5.22  5.61  4.26  4.99  5.74  5.47  3.59  2.69  3.13  4.19
 4469.25  5.11  4.89  5.11  5.52  4.18  4.89  5.63  5.37  3.53  2.64  3.07  4.11
 4470.25  5.20  4.98  5.19  5.63  4.25  4.96  5.72  5.46  3.60  2.69  3.13  4.17
 4471.25  5.28  5.07  5.25  5.74  4.31  5.02  5.80  5.55  3.66  2.74  3.18  4.24
 4472.25  5.16  4.97  5.13  5.64  4.22  4.91  5.67  5.43  3.59  2.68  3.11  4.14
 4473.25  5.06  4.88  5.02  5.55  4.13  4.80  5.55  5.33  3.52  2.63  3.04  4.05
 4474.25  5.00  4.82  4.95  5.50  4.08  4.73  5.48  5.26  3.48  2.60  3.00  4.00
 4475.25  4.89  4.73  4.83  5.40  3.98  4.61  5.36  5.15  3.41  2.54  2.93  3.90
 4476.25  4.91  4.76  4.84  5.44  4.00  4.62  5.37  5.18  3.44  2.55  2.95  3.92
 4477.25  5.05  4.90  4.97  5.61  4.11  4.74  5.51  5.32  3.55  2.64  3.03  4.03
 4478.25  5.04  4.90  4.95  5.62  4.11  4.72  5.50  5.31  3.55  2.64  3.03  4.02
 4479.25  5.02  4.89  4.92  5.61  4.09  4.69  5.46  5.29  3.54  2.63  3.02  4.00
 4480.25  5.06  4.94  4.95  5.68  4.12  4.72  5.50  5.34  3.59  2.66  3.05  4.03
 4481.25  5.17  5.06  5.05  5.84  4.22  4.82  5.62  5.46  3.68  2.73  3.12  4.12
 4482.25  5.24  5.13  5.11  5.96  4.27  4.87  5.68  5.53  3.74  2.77  3.16  4.17
 4483.25  5.20  5.11  5.06  5.99  4.24  4.83  5.63  5.50  3.73  2.75  3.14  4.14
 4484.25  5.07  4.99  4.92  5.90  4.13  4.69  5.48  5.36  3.63  2.68  3.05  4.03
 4485.25  4.97  4.90  4.82  5.85  4.04  4.60  5.37  5.26  3.57  2.63  2.99  3.95
 4486.25  4.97  4.90  4.80  5.91  4.04  4.59  5.35  5.25  3.58  2.63  2.98  3.94
 4487.25  5.00  4.94  4.82  6.00  4.06  4.62  5.37  5.28  3.60  2.65  3.00  3.96
 4488.25  5.03  4.98  4.84  6.10  4.09  4.65  5.40  5.32  3.64  2.67  3.02  3.98
 4489.25  5.16  5.11  4.95  6.31  4.19  4.76  5.52  5.45  3.74  2.75  3.09  4.08
 4490.25  5.19  5.15  4.97  6.41  4.21  4.79  5.54  5.48  3.78  2.77  3.11  4.10
 4491.25  5.12  5.09  4.89  6.38  4.15  4.72  5.46  5.40  3.73  2.73  3.06  4.04
 4492.25  5.06  5.05  4.83  6.38  4.10  4.67  5.40  5.34  3.70  2.70  3.03  3.99
 4493.25  5.06  5.04  4.81  6.43  4.10  4.66  5.38  5.32  3.70  2.70  3.02  3.98
 4494.25  5.07  5.06  4.81  6.51  4.10  4.67  5.38  5.33  3.72  2.71  3.03  3.99
 4495.25  5.23  5.23  4.95  6.76  4.23  4.81  5.53  5.49  3.85  2.80  3.13  4.11
 4496.25  5.21  5.22  4.92  6.80  4.22  4.80  5.51  5.46  3.85  2.80  3.11  4.10
 4497.25  5.08  5.10  4.79  6.70  4.10  4.67  5.36  5.32  3.76  2.72  3.03  3.98
 4498.25  5.07  5.10  4.78  6.75  4.10  4.66  5.34  5.31  3.76  2.72  3.02  3.97
 4499.25  5.04  5.07  4.74  6.76  4.07  4.63  5.30  5.26  3.74  2.70  2.99  3.94
 4500.25  5.04  5.08  4.74  6.82  4.06  4.63  5.29  5.26  3.75  2.70  2.99  3.94
 4501.25  5.05  5.10  4.75  6.90  4.07  4.64  5.29  5.27  3.77  2.71  3.00  3.95
 4502.25  5.15  5.21  4.84  7.08  4.14  4.72  5.38  5.36  3.85  2.77  3.06  4.02
 4503.25  5.17  5.25  4.87  7.17  4.15  4.75  5.40  5.38  3.88  2.79  3.07  4.04
 4504.25  5.01  5.10  4.71  7.02  4.01  4.59  5.22  5.21  3.76  2.70  2.97  3.90
 4505.25  4.95  5.05  4.65  7.00  3.95  4.54  5.15  5.14  3.73  2.67  2.93  3.85
 4506.25  4.97  5.08  4.67  7.08  3.96  4.55  5.16  5.16  3.75  2.68  2.94  3.86
 4507.25  4.90  5.02  4.60  7.04  3.90  4.48  5.08  5.08  3.70  2.64  2.89  3.80
 4508.25  4.93  5.06  4.63  7.14  3.91  4.51  5.10  5.10  3.73  2.66  2.91  3.82
 4509.25  5.08  5.23  4.77  7.40  4.03  4.65  5.24  5.25  3.86  2.75  3.00  3.94
 4510.25  5.17  5.34  4.86  7.58  4.10  4.73  5.33  5.34  3.94  2.81  3.06  4.01
 4511.25  5.15  5.32  4.83  7.61  4.07  4.71  5.29  5.31  3.93  2.79  3.04  3.99
 4512.25  5.15  5.34  4.84  7.67  4.07  4.71  5.29  5.31  3.95  2.80  3.04  3.99
 4513.25  5.23  5.43  4.91  7.83  4.12  4.78  5.36  5.38  4.02  2.85  3.09  4.05
 4514.25  5.24  5.46  4.92  7.91  4.13  4.79  5.36  5.39  4.04  2.86  3.09  4.05
 4515.25  5.25  5.48  4.93  7.98  4.12  4.79  5.36  5.39  4.05  2.86  3.09  4.05
 4516.25  5.27  5.50  4.94  8.05  4.13  4.80  5.36  5.40  4.07  2.87  3.10  4.05
 4517.25  5.29  5.53  4.95  8.12  4.13  4.81  5.36  5.40  4.09  2.88  3.10  4.05
 4518.25  5.30  5.55  4.95  8.20  4.13  4.81  5.36  5.40  4.10  2.89  3.11  4.04
 4519.25  5.35  5.60  4.99  8.34  4.15  4.85  5.39  5.44  4.14  2.91  3.13  4.06
 4520.25  5.37  5.63  5.00  8.46  4.15  4.86  5.39  5.44  4.16  2.92  3.13  4.06
 4521.25  5.35  5.61  4.97  8.54  4.12  4.83  5.36  5.41  4.15  2.91  3.12  4.04
 4522.25  5.26  5.53  4.89  8.53  4.04  4.75  5.26  5.31  4.08  2.86  3.06  3.96
 4523.25  5.24  5.51  4.86  8.60  4.01  4.72  5.23  5.28  4.07  2.85  3.04  3.92
 4524.25  5.26  5.54  4.87  8.74  4.02  4.73  5.25  5.29  4.09  2.86  3.05  3.93
 4525.25  5.28  5.56  4.88  8.86  4.02  4.74  5.26  5.29  4.11  2.86  3.05  3.93
 4526.25  5.39  5.69  4.98  9.14  4.10  4.83  5.37  5.40  4.21  2.93  3.11  4.00
 4527.25  5.42  5.72  5.00  9.27  4.10  4.85  5.39  5.41  4.23  2.95  3.12  4.01
 4528.25  5.36  5.66  4.93  9.28  4.04  4.78  5.33  5.33  4.19  2.91  3.08  3.94
 4529.25  5.40  5.72  4.97  9.45  4.06  4.81  5.37  5.37  4.23  2.93  3.10  3.97
 4530.25  5.50  5.83  5.05  9.70  4.13  4.88  5.46  5.45  4.31  2.99  3.15  4.02
 4531.25  5.46  5.79  5.01  9.74  4.08  4.84  5.42  5.40  4.29  2.96  3.12  3.98
 4532.25  5.41  5.74  4.96  9.76  4.03  4.78  5.36  5.33  4.25  2.93  3.08  3.93
 4533.25  5.28  5.61  4.83  9.65  3.92  4.65  5.23  5.19  4.15  2.85  3.00  3.81
 4534.25  5.26  5.59  4.81  9.72  3.89  4.62  5.21  5.16  4.14  2.84  2.98  3.79
 4535.25  5.34  5.66  4.88  9.94  3.94  4.68  5.28  5.23  4.21  2.88  3.02  3.83
 4536.25  5.41  5.72  4.95 10.15  3.98  4.73  5.35  5.29  4.27  2.93  3.06  3.87
 4537.25  5.37  5.66  4.90 10.17  3.93  4.68  5.30  5.23  4.24  2.90  3.02  3.82
 4538.25  5.30  5.57  4.83 10.16  3.87  4.61  5.23  5.16  4.19  2.85  2.98  3.76
 4539.25  5.28  5.53  4.81 10.21  3.84  4.58  5.20  5.12  4.18  2.84  2.96  3.73
 4540.25  5.29  5.53  4.82 10.33  3.84  4.58  5.21  5.13  4.19  2.85  2.96  3.72
 4541.25  5.36  5.59  4.88 10.53  3.88  4.63  5.28  5.19  4.25  2.88  2.99  3.76
 4542.25  5.38  5.60  4.90 10.67  3.89  4.64  5.30  5.20  4.28  2.90  3.00  3.77
 4543.25  5.25  5.45  4.77 10.53  3.77  4.51  5.16  5.06  4.17  2.82  2.91  3.65
 4544.25  5.22  5.40  4.74 10.57  3.74  4.47  5.12  5.02  4.15  2.81  2.89  3.61
 4545.25  5.33  5.50  4.84 10.84  3.81  4.55  5.23  5.12  4.24  2.87  2.94  3.68
 4546.25  5.46  5.61  4.95 11.13  3.89  4.65  5.34  5.23  4.35  2.95  3.01  3.75
 4547.25  5.51  5.63  4.97 11.28  3.91  4.66  5.37  5.25  4.38  2.97  3.02  3.76
 4548.25  5.47  5.57  4.93 11.29  3.86  4.61  5.32  5.19  4.34  2.94  2.99  3.72
 4549.25  5.58  5.65  5.02 11.55  3.93  4.69  5.42  5.28  4.43  3.00  3.04  3.77
 4550.25  5.80  5.84  5.20 11.97  4.07  4.85  5.61  5.46  4.60  3.12  3.15  3.91
 4551.25  5.76  5.77  5.15 11.97  4.02  4.79  5.55  5.40  4.56  3.10  3.12  3.85
 4552.25  5.61  5.60  5.00 11.79  3.89  4.64  5.39  5.24  4.44  3.00  3.01  3.73
 4553.25  5.70  5.67  5.07 12.02  3.94  4.70  5.47  5.31  4.51  3.05  3.05  3.77
 4554.25  5.73  5.67  5.08 12.13  3.94  4.70  5.48  5.32  4.53  3.07  3.06  3.77
 4555.25  5.70  5.61  5.04 12.14  3.90  4.66  5.43  5.27  4.50  3.04  3.03  3.72
 4556.25  5.80  5.69  5.12 12.31  3.95  4.72  5.52  5.34  4.57  3.10  3.07  3.77
 4557.25  5.93  5.78  5.22 12.54  4.03  4.80  5.62  5.44  4.67  3.17  3.13  3.84
 4558.25  5.83  5.66  5.11 13.17  3.94  4.70  5.51  5.32  4.58  3.10  3.06  3.74
 4559.25  5.72  5.53  5.01 14.69  3.84  4.59  5.40  5.21  4.49  3.04  2.99  3.65
 4560.25  5.71  5.49  4.98 15.36  3.81  4.56  5.37  5.17  4.48  3.02  2.96  3.62
 4561.25  5.75  5.51  5.01 15.35  3.83  4.57  5.39  5.20  4.51  3.05  2.98  3.63
 4562.25  5.80  5.53  5.04 15.24  3.84  4.59  5.42  5.22  4.54  3.07  2.99  3.64
 4563.25  5.80  5.51  5.03 15.04  3.83  4.57  5.41  5.20  4.54  3.07  2.98  3.62
 4564.25  5.86  5.54  5.07 14.95  3.85  4.60  5.46  5.24  4.58  3.10  3.00  3.64
 4565.25  6.00  5.65  5.18 15.00  3.93  4.70  5.57  5.35  4.69  3.17  3.07  3.71
 4566.25  6.08  5.69  5.23 14.93  3.97  4.74  5.63  5.40  4.75  3.21  3.09  3.74
 4567.25  6.08  5.66  5.21 14.72  3.95  4.71  5.62  5.37  4.74  3.21  3.08  3.72
 4568.25  6.03  5.58  5.15 14.43  3.90  4.65  5.57  5.31  4.70  3.17  3.04  3.66
 4569.25  6.01  5.52  5.10 14.18  3.86  4.61  5.55  5.27  4.67  3.16  3.01  3.63
 4570.25  6.07  5.54  5.13 14.09  3.89  4.64  5.62  5.31  4.72  3.19  3.04  3.65
 4571.25  6.12  5.55  5.15 13.97  3.91  4.66  5.67  5.34  4.76  3.21  3.05  3.66
 4572.25  6.22  5.60  5.20 13.92  3.95  4.71  5.77  5.40  4.83  3.26  3.09  3.71
 4573.25  6.32  5.65  5.26 13.88  4.00  4.76  5.87  5.47  4.91  3.32  3.13  3.76
 4574.25  6.22  5.52  5.15 13.50  3.92  4.66  5.78  5.36  4.82  3.26  3.06  3.68
 4575.25  6.21  5.47  5.11 13.26  3.89  4.62  5.77  5.33  4.80  3.24  3.04  3.65
 4576.25  6.32  5.51  5.15 13.19  3.93  4.67  5.86  5.39  4.87  3.29  3.08  3.69
 4577.25  6.35  5.48  5.13 12.99  3.92  4.65  5.88  5.38  4.87  3.29  3.07  3.68
 4578.25  6.34  5.42  5.08 12.73  3.88  4.61  5.85  5.33  4.84  3.27  3.04  3.65
 4579.25  6.43  5.44  5.11 12.61  3.91  4.63  5.92  5.37  4.89  3.30  3.06  3.67
 4580.25  6.53  5.47  5.14 12.52  3.94  4.66  5.99  5.41  4.94  3.34  3.09  3.71
 4581.25  6.62  5.49  5.17 12.41  3.97  4.69  6.07  5.46  5.00  3.37  3.11  3.74
 4582.25  6.74  5.54  5.23 12.34  4.02  4.74  6.16  5.52  5.07  3.42  3.15  3.78
 4583.25  6.74  5.49  5.18 12.09  4.00  4.71  6.15  5.49  5.05  3.41  3.13  3.76
 4584.25  6.72  5.41  5.12 11.80  3.95  4.65  6.11  5.44  5.01  3.38  3.09  3.71
 4585.25  6.79  5.41  5.13 11.65  3.97  4.66  6.16  5.48  5.04  3.40  3.11  3.73
 4586.25  6.75  5.32  5.05 11.34  3.91  4.59  6.11  5.42  4.99  3.36  3.06  3.67
 4587.25  6.80  5.31  5.05 11.16  3.91  4.59  6.14  5.45  5.01  3.37  3.06  3.67
 4588.25  6.88  5.33  5.07 11.03  3.94  4.61  6.21  5.50  5.05  3.40  3.08  3.70
 4589.25  6.92  5.30  5.06 10.83  3.94  4.60  6.23  5.51  5.06  3.41  3.08  3.69
 4590.25  6.84  5.18  4.95 10.46  3.86  4.50  6.14  5.43  4.98  3.34  3.01  3.62
 4591.25  6.90  5.18  4.96 10.30  3.87  4.51  6.18  5.46  5.00  3.36  3.02  3.63
 4592.25  7.07  5.26  5.04 10.26  3.94  4.59  6.32  5.58  5.11  3.44  3.08  3.70
 4593.25  7.20  5.31  5.10 10.20  4.00  4.64  6.43  5.67  5.19  3.49  3.13  3.75
 4594.25  7.19  5.25  5.05 10.02  3.97  4.60  6.40  5.64  5.17  3.47  3.10  3.72
 4595.25  7.18  5.19  5.00  9.90  3.93  4.55  6.38  5.62  5.14  3.45  3.07  3.68
 4596.25  7.35  5.27  5.09 10.03  4.01  4.64  6.52  5.74  5.25  3.53  3.13  3.76
 4597.25  7.48  5.31  5.14 10.10  4.06  4.68  6.62  5.82  5.32  3.58  3.17  3.80
 4598.25  7.44  5.23  5.07  9.98  4.01  4.62  6.57  5.78  5.27  3.55  3.13  3.75
 4599.25  7.50  5.23  5.07  9.97  4.02  4.63  6.62  5.81  5.30  3.57  3.14  3.76
 4600.25  7.54  5.22  5.06  9.94  4.02  4.62  6.64  5.82  5.31  3.58  3.14  3.76
 4601.25  7.66  5.27  5.10 10.01  4.06  4.66  6.73  5.90  5.38  3.63  3.18  3.80
 4602.25  7.73  5.28  5.11 10.01  4.07  4.67  6.78  5.94  5.41  3.65  3.19  3.81
 4603.25  7.68  5.19  5.04  9.87  4.02  4.60  6.72  5.88  5.35  3.60  3.14  3.76
 4604.25  7.61  5.10  4.95  9.70  3.95  4.51  6.64  5.80  5.27  3.55  3.08  3.69
 4605.25  7.56  5.02  4.87  9.56  3.89  4.44  6.57  5.74  5.21  3.51  3.04  3.63
 4606.25  7.77  5.10  4.95  9.68  3.96  4.51  6.71  5.86  5.32  3.58  3.10  3.70
 4607.25  7.93  5.14  5.00  9.74  4.01  4.56  6.81  5.94  5.39  3.63  3.13  3.74
 4608.25  7.98  5.11  4.97  9.67  3.98  4.52  6.80  5.92  5.37  3.62  3.11  3.72
 4609.25  7.98  5.03  4.90  9.54  3.93  4.46  6.74  5.87  5.32  3.58  3.07  3.67
 4610.25  7.88  4.89  4.77  9.30  3.82  4.33  6.60  5.74  5.19  3.49  2.98  3.57
 4611.25  7.92  4.86  4.74  9.23  3.80  4.30  6.59  5.72  5.18  3.48  2.97  3.55
 4612.25  8.20  4.98  4.86  9.42  3.91  4.41  6.78  5.89  5.33  3.59  3.05  3.64
 4613.25  8.41  5.05  4.94  9.53  3.97  4.48  6.91  6.00  5.43  3.66  3.11  3.71
 4614.25  8.65  5.15  5.03  9.67  4.06  4.56  7.08  6.14  5.55  3.75  3.17  3.79
 4615.25  8.80  5.18  5.07  9.70  4.09  4.59  7.15  6.20  5.61  3.79  3.20  3.81
 4616.25  8.75  5.08  4.98  9.53  4.02  4.50  7.07  6.12  5.53  3.73  3.14  3.75
 4617.25  8.71  4.99  4.89  9.37  3.95  4.42  6.98  6.04  5.45  3.67  3.09  3.68
 4618.25  8.79  4.97  4.88  9.34  3.95  4.41  7.01  6.05  5.46  3.68  3.08  3.67
 4619.25  8.92  4.99  4.90  9.36  3.97  4.43  7.07  6.11  5.50  3.71  3.10  3.70
 4620.25  9.12  5.06  4.97  9.45  4.03  4.49  7.20  6.21  5.60  3.78  3.15  3.75
 4621.25  9.16  5.02  4.94  9.38  4.01  4.45  7.19  6.20  5.58  3.77  3.13  3.73
 4622.25  9.16  4.95  4.88  9.26  3.97  4.40  7.15  6.15  5.54  3.73  3.10  3.69
 4623.25  9.29  4.97  4.90  9.28  4.00  4.42  7.21  6.20  5.58  3.77  3.12  3.71
 4624.25  9.34  4.94  4.88  9.22  3.99  4.39  7.21  6.20  5.57  3.76  3.10  3.69
 4625.25  9.37  4.90  4.84  9.14  3.96  4.35  7.19  6.17  5.54  3.74  3.08  3.67
 4626.25  9.50  4.92  4.86  9.16  3.99  4.37  7.26  6.23  5.59  3.77  3.10  3.69
 4627.25  9.55  4.89  4.83  9.10  3.98  4.34  7.26  6.22  5.57  3.77  3.09  3.67
 4628.25  9.52  4.81  4.77  8.97  3.93  4.28  7.20  6.16  5.51  3.72  3.04  3.62
 4629.25  9.56  4.78  4.73  8.90  3.91  4.25  7.19  6.15  5.49  3.71  3.03  3.60
 4630.25  9.80  4.86  4.82  9.01  3.99  4.32  7.34  6.27  5.60  3.79  3.09  3.67
 4631.25 10.01  4.93  4.89  9.11  4.06  4.38  7.47  6.38  5.70  3.87  3.14  3.74
 4632.25 10.02  4.88  4.84  9.01  4.03  4.33  7.44  6.34  5.66  3.84  3.11  3.70
 4633.25  9.98  4.80  4.77  8.87  3.98  4.27  7.38  6.26  5.59  3.80  3.07  3.65
 4634.25 10.13  4.84  4.80  8.90  4.02  4.30  7.46  6.31  5.65  3.84  3.09  3.69
 4635.25 10.24  4.88  4.84  8.95  4.06  4.33  7.55  6.37  5.71  3.89  3.13  3.73
 4636.25 10.25  4.90  4.86  8.95  4.08  4.34  7.61  6.39  5.74  3.91  3.14  3.74
 4637.25 10.26  4.92  4.89  8.97  4.12  4.36  7.68  6.43  5.79  3.95  3.16  3.77
 4638.25 10.23  4.93  4.90  8.96  4.13  4.37  7.73  6.45  5.81  3.97  3.17  3.78
 4639.25 10.29  4.99  4.97  9.03  4.19  4.42  7.85  6.54  5.90  4.04  3.22  3.84
 4640.25 10.33  5.04  5.03  9.08  4.24  4.46  7.96  6.60  5.97  4.09  3.26  3.89
 4641.25 10.16  4.97  4.96  8.95  4.19  4.39  7.89  6.52  5.90  4.04  3.21  3.83
 4642.25 10.11  4.96  4.97  8.91  4.19  4.38  7.91  6.52  5.91  4.05  3.21  3.83
 4643.25 10.00  4.92  4.93  8.82  4.17  4.34  7.89  6.48  5.88  4.03  3.18  3.81
 4644.25  9.91  4.89  4.92  8.76  4.15  4.32  7.89  6.45  5.86  4.02  3.17  3.79
 4645.25 10.01  4.98  5.02  8.87  4.24  4.39  8.05  6.57  5.98  4.11  3.23  3.87
 4646.25 10.07  5.04  5.09  8.94  4.30  4.44  8.17  6.65  6.06  4.18  3.28  3.92
 4647.25 10.19  5.14  5.20  9.07  4.40  4.53  8.35  6.79  6.20  4.28  3.36  4.01
 4648.25 10.32  5.24  5.31  9.20  4.50  4.62  8.54  6.92  6.33  4.39  3.44  4.10
 4649.25 10.31  5.26  5.34  9.21  4.53  4.64  8.60  6.96  6.37  4.42  3.46  4.13
 4650.25  9.94  5.07  5.15  8.88  4.36  4.45  8.35  6.72  6.16  4.27  3.33  3.97
 4651.25  9.55  4.86  4.95  8.54  4.19  4.27  8.08  6.47  5.93  4.10  3.20  3.81
 4652.25  9.46  4.83  4.93  8.48  4.17  4.24  8.08  6.44  5.92  4.10  3.19  3.80
 4653.25  9.52  4.89  5.00  8.55  4.24  4.29  8.21  6.53  6.00  4.17  3.25  3.85
 4654.25  9.49  4.90  5.02  8.53  4.25  4.30  8.25  6.55  6.03  4.19  3.26  3.86
 4655.25  9.44  4.90  5.03  8.50  4.26  4.30  8.28  6.55  6.04  4.20  3.27  3.87
 4656.25  9.33  4.86  5.00  8.42  4.24  4.27  8.26  6.51  6.01  4.19  3.25  3.84
 4657.25  9.26  4.85  4.99  8.38  4.23  4.26  8.26  6.50  6.01  4.19  3.25  3.84
 4658.25  9.23  4.85  5.01  8.36  4.24  4.26  8.27  6.51  6.03  4.21  3.27  3.85
 4659.25  9.05  4.77  4.94  8.21  4.18  4.20  8.14  6.42  5.95  4.16  3.22  3.79
 4660.25  8.88  4.69  4.87  8.07  4.13  4.13  8.00  6.33  5.87  4.11  3.18  3.73
 4661.25  8.78  4.66  4.84  7.99  4.11  4.10  7.93  6.29  5.84  4.09  3.16  3.71
 4662.25  8.78  4.69  4.88  8.02  4.15  4.13  7.96  6.34  5.90  4.13  3.20  3.74
 4663.25  8.80  4.73  4.93  8.05  4.20  4.17  8.00  6.40  5.96  4.18  3.23  3.78
 4664.25  8.91  4.82  5.04  8.17  4.30  4.25  8.12  6.53  6.09  4.28  3.31  3.86
 4665.25  8.99  4.91  5.13  8.27  4.39  4.33  8.23  6.64  6.21  4.38  3.38  3.94
 4666.25  8.93  4.90  5.14  8.24  4.40  4.33  8.20  6.64  6.22  4.39  3.39  3.94
 4667.25  8.95  4.95  5.20  8.29  4.46  4.38  8.25  6.72  6.29  4.45  3.44  3.99
 4668.25  9.12  5.10  5.35  8.47  4.60  4.51  8.44  6.90  6.48  4.60  3.55  4.11
 4669.25  9.07  5.11  5.37  8.45  4.62  4.52  8.43  6.92  6.51  4.62  3.57  4.13
 4670.25  8.84  4.99  5.26  8.24  4.53  4.42  8.24  6.78  6.38  4.53  3.50  4.04
 4671.25  8.54  4.84  5.11  7.98  4.40  4.28  7.99  6.59  6.21  4.41  3.39  3.91
 4672.25  8.35  4.75  5.03  7.82  4.34  4.20  7.85  6.49  6.12  4.34  3.34  3.85
 4673.25  8.24  4.72  5.00  7.73  4.32  4.18  7.78  6.46  6.09  4.33  3.33  3.83
 4674.25  8.30  4.79  5.07  7.80  4.40  4.24  7.86  6.56  6.20  4.41  3.39  3.89
 4675.25  8.29  4.83  5.11  7.82  4.45  4.28  7.90  6.61  6.25  4.46  3.43  3.93
 4676.25  8.13  4.75  5.03  7.68  4.39  4.21  7.77  6.52  6.17  4.41  3.38  3.87
 4677.25  8.05  4.74  5.02  7.62  4.39  4.20  7.73  6.51  6.17  4.41  3.38  3.87
 4678.25  8.00  4.75  5.03  7.60  4.41  4.21  7.72  6.53  6.19  4.43  3.40  3.88
 4679.25  8.00  4.79  5.07  7.62  4.47  4.25  7.76  6.58  6.25  4.49  3.44  3.92
 4680.25  8.06  4.86  5.15  7.69  4.55  4.32  7.84  6.68  6.35  4.57  3.51  3.99
 4681.25  7.99  4.86  5.14  7.65  4.56  4.32  7.81  6.68  6.35  4.58  3.51  3.99
 4682.25  7.87  4.82  5.10  7.55  4.53  4.28  7.73  6.63  6.31  4.56  3.49  3.96
 4683.25  7.76  4.78  5.06  7.46  4.51  4.25  7.66  6.58  6.28  4.54  3.47  3.94
 4684.25  7.62  4.73  5.01  7.35  4.47  4.20  7.56  6.51  6.22  4.51  3.44  3.90
 4685.25  7.49  4.68  4.96  7.25  4.44  4.16  7.47  6.45  6.17  4.48  3.42  3.87
 4686.25  7.43  4.68  4.96  7.21  4.46  4.17  7.45  6.45  6.18  4.49  3.43  3.87
 4687.25  7.51  4.78  5.06  7.31  4.56  4.25  7.57  6.58  6.31  4.60  3.51  3.95
 4688.25  7.69  4.95  5.24  7.50  4.74  4.41  7.79  6.80  6.53  4.78  3.65  4.10
 4689.25  7.65  4.96  5.25  7.48  4.77  4.42  7.79  6.82  6.56  4.81  3.67  4.12
 4690.25  7.35  4.79  5.07  7.22  4.62  4.27  7.53  6.60  6.36  4.66  3.55  3.98
 4691.25  7.18  4.72  5.00  7.07  4.56  4.21  7.40  6.51  6.28  4.61  3.51  3.92
 4692.25  7.21  4.78  5.06  7.12  4.63  4.26  7.46  6.58  6.36  4.68  3.56  3.97
 4693.25  7.23  4.84  5.12  7.16  4.70  4.32  7.52  6.66  6.45  4.76  3.62  4.03
 4694.25  7.14  4.82  5.10  7.10  4.70  4.30  7.48  6.64  6.44  4.75  3.62  4.01
 4695.25  7.15  4.86  5.15  7.12  4.75  4.34  7.51  6.69  6.50  4.81  3.66  4.05
 4696.25  7.13  4.87  5.15  7.09  4.77  4.35  7.50  6.71  6.52  4.83  3.68  4.06
 4697.25  7.00  4.79  5.07  6.94  4.71  4.29  7.36  6.60  6.43  4.77  3.62  4.00
 4698.25  6.94  4.77  5.04  6.86  4.69  4.27  7.30  6.57  6.40  4.76  3.61  3.98
 4699.25  6.96  4.79  5.06  6.86  4.73  4.30  7.31  6.60  6.44  4.80  3.64  4.00
 4700.25  6.97  4.83  5.09  6.86  4.77  4.33  7.33  6.64  6.49  4.85  3.67  4.03
 4701.25  6.96  4.84  5.10  6.82  4.79  4.34  7.32  6.65  6.50  4.87  3.69  4.04
 4702.25  7.00  4.89  5.15  6.85  4.85  4.40  7.37  6.71  6.58  4.94  3.74  4.08
 4703.25  6.93  4.85  5.11  6.76  4.82  4.37  7.30  6.66  6.54  4.92  3.72  4.06
 4704.25  6.92  4.86  5.12  6.73  4.83  4.38  7.30  6.67  6.56  4.95  3.73  4.06
 4705.25  6.91  4.88  5.13  6.70  4.85  4.40  7.31  6.69  6.58  4.98  3.75  4.08
 4706.25  6.76  4.78  5.03  6.54  4.76  4.32  7.17  6.56  6.47  4.90  3.68  3.99
 4707.25  6.68  4.74  4.98  6.47  4.73  4.28  7.10  6.50  6.42  4.87  3.65  3.96
 4708.25  6.78  4.83  5.08  6.57  4.83  4.38  7.22  6.62  6.55  4.98  3.73  4.04
 4709.25  6.74  4.82  5.06  6.54  4.82  4.37  7.20  6.61  6.54  4.99  3.73  4.03
 4710.25  6.70  4.82  5.05  6.52  4.82  4.37  7.18  6.59  6.54  5.00  3.73  4.03
 4711.25  6.70  4.83  5.07  6.52  4.84  4.39  7.19  6.61  6.56  5.03  3.75  4.04
 4712.25  6.63  4.80  5.03  6.46  4.82  4.36  7.14  6.57  6.53  5.01  3.73  4.02
 4713.25  6.69  4.87  5.10  6.53  4.89  4.43  7.22  6.65  6.62  5.10  3.79  4.07
 4714.25  6.76  4.94  5.17  6.60  4.97  4.50  7.30  6.73  6.71  5.18  3.85  4.13
 4715.25  6.79  4.99  5.21  6.65  5.02  4.55  7.36  6.79  6.78  5.25  3.90  4.17
 4716.25  6.73  4.96  5.18  6.60  5.00  4.52  7.31  6.75  6.75  5.24  3.88  4.15
 4717.25  6.62  4.89  5.11  6.50  4.94  4.47  7.21  6.67  6.67  5.19  3.84  4.10
 4718.25  6.53  4.84  5.05  6.42  4.89  4.42  7.12  6.59  6.61  5.14  3.80  4.05
 4719.25  6.41  4.77  4.98  6.31  4.82  4.36  7.01  6.49  6.52  5.08  3.74  3.99
 4720.25  6.27  4.68  4.88  6.18  4.74  4.28  6.88  6.38  6.41  5.00  3.68  3.91
 4721.25  6.33  4.75  4.95  6.25  4.81  4.35  6.97  6.46  6.50  5.09  3.74  3.97
 4722.25  6.49  4.90  5.10  6.42  4.97  4.49  7.16  6.65  6.70  5.26  3.87  4.10
 4723.25  6.52  4.94  5.14  6.46  5.02  4.53  7.20  6.70  6.76  5.32  3.91  4.14
 4724.25  6.45  4.91  5.11  6.40  4.99  4.51  7.15  6.65  6.72  5.30  3.89  4.11
 4725.25  6.23  4.74  4.93  6.18  4.83  4.36  6.91  6.44  6.51  5.14  3.76  3.97
 4726.25  6.08  4.63  4.82  6.03  4.72  4.26  6.76  6.29  6.37  5.04  3.67  3.87
 4727.25  6.13  4.69  4.87  6.08  4.78  4.31  6.82  6.35  6.44  5.11  3.72  3.92
 4728.25  6.31  4.84  5.03  6.25  4.94  4.46  7.01  6.54  6.63  5.29  3.85  4.05
 4729.25  6.45  4.96  5.15  6.38  5.07  4.58  7.16  6.69  6.78  5.44  3.96  4.15
 4730.25  6.44  4.96  5.15  6.37  5.07  4.58  7.15  6.68  6.78  5.45  3.97  4.15
 4731.25  6.33  4.88  5.06  6.25  5.00  4.51  7.03  6.57  6.67  5.38  3.90  4.08
 4732.25  6.19  4.78  4.95  6.11  4.89  4.41  6.88  6.43  6.54  5.28  3.82  3.99
 4733.25  6.09  4.71  4.87  6.01  4.83  4.35  6.77  6.34  6.44  5.22  3.77  3.93
 4734.25  6.03  4.66  4.83  5.94  4.79  4.32  6.70  6.28  6.39  5.19  3.74  3.90
 4735.25  6.09  4.72  4.88  5.99  4.85  4.37  6.77  6.34  6.46  5.26  3.80  3.95
 4736.25  6.13  4.77  4.93  6.03  4.90  4.42  6.82  6.39  6.51  5.33  3.84  3.99
 4737.25  6.19  4.83  4.98  6.08  4.97  4.48  6.89  6.46  6.59  5.41  3.89  4.04
 4738.25  6.22  4.86  5.02  6.11  5.01  4.51  6.92  6.50  6.63  5.46  3.93  4.07
 4739.25  6.11  4.78  4.93  6.00  4.94  4.44  6.80  6.39  6.52  5.39  3.87  4.00
 4740.25  6.13  4.81  4.96  6.01  4.98  4.47  6.83  6.42  6.56  5.43  3.90  4.02
 4741.25  6.30  4.96  5.11  6.18  5.15  4.61  7.01  6.60  6.74  5.61  4.03  4.15
 4742.25  6.33  5.00  5.14  6.20  5.20  4.64  7.05  6.63  6.78  5.66  4.06  4.18
 4743.25  6.24  4.93  5.08  6.11  5.16  4.59  6.95  6.55  6.70  5.61  4.01  4.12
 4744.25  6.20  4.91  5.05  6.06  5.15  4.56  6.90  6.51  6.66  5.59  4.00  4.10
 4745.25  6.20  4.92  5.06  6.06  5.18  4.57  6.91  6.51  6.67  5.62  4.01  4.11
 4746.25  6.19  4.92  5.07  6.04  5.21  4.57  6.90  6.51  6.67  5.64  4.02  4.11
 4747.25  6.06  4.82  4.96  5.91  5.12  4.48  6.76  6.37  6.54  5.54  3.94  4.02
 4748.25  6.00  4.79  4.93  5.85  5.11  4.45  6.71  6.32  6.49  5.51  3.92  3.99
 4749.25  6.17  4.93  5.08  6.01  5.28  4.59  6.90  6.50  6.68  5.69  4.05  4.12
 4750.25  6.21  4.98  5.13  6.05  5.35  4.63  6.96  6.55  6.74  5.76  4.09  4.16
 4751.25  6.11  4.90  5.05  5.94  5.29  4.56  6.86  6.45  6.63  5.69  4.03  4.09
 4752.25  6.03  4.85  5.00  5.86  5.25  4.51  6.79  6.37  6.56  5.64  3.99  4.04
 4753.25  6.02  4.85  5.00  5.85  5.28  4.51  6.80  6.37  6.56  5.67  4.00  4.05
 4754.25  6.03  4.87  5.02  5.85  5.32  4.53  6.82  6.38  6.58  5.70  4.02  4.06
 4755.25  6.12  4.95  5.11  5.93  5.43  4.61  6.93  6.48  6.69  5.81  4.09  4.13
 4756.25  6.15  4.98  5.14  5.95  5.48  4.64  6.97  6.51  6.72  5.87  4.13  4.15
 4757.25  6.16  4.99  5.15  5.94  5.51  4.64  6.98  6.51  6.73  5.89  4.14  4.16
 4758.25  6.21  5.04  5.20  5.98  5.58  4.69  7.04  6.56  6.78  5.96  4.19  4.20
 4759.25  6.17  5.01  5.17  5.93  5.57  4.66  7.01  6.52  6.75  5.95  4.18  4.18
 4760.25  6.08  4.94  5.10  5.83  5.51  4.60  6.92  6.42  6.65  5.88  4.12  4.11
 4761.25  6.07  4.93  5.09  5.81  5.53  4.59  6.91  6.41  6.64  5.89  4.13  4.10
 4762.25  6.14  5.00  5.16  5.86  5.62  4.65  7.00  6.48  6.72  5.98  4.20  4.16
 4763.25  6.18  5.04  5.20  5.89  5.68  4.69  7.05  6.52  6.76  6.05  4.24  4.19
 4764.25  6.10  4.98  5.14  5.80  5.63  4.63  6.97  6.43  6.68  5.99  4.20  4.14
 4765.25  6.09  4.98  5.13  5.78  5.65  4.62  6.96  6.42  6.67  6.00  4.20  4.13
 4766.25  6.10  4.99  5.14  5.77  5.68  4.63  6.97  6.42  6.68  6.03  4.22  4.14
 4767.25  6.12  5.01  5.17  5.79  5.73  4.66  7.01  6.45  6.71  6.08  4.25  4.16
 4768.25  6.17  5.06  5.22  5.82  5.79  4.70  7.06  6.49  6.75  6.14  4.30  4.19
 4769.25  6.18  5.08  5.24  5.82  5.83  4.71  7.09  6.50  6.77  6.18  4.33  4.21
 4770.25  6.13  5.03  5.19  5.75  5.80  4.67  7.03  6.44  6.72  6.15  4.30  4.17
 4771.25  5.97  4.91  5.06  5.59  5.68  4.55  6.86  6.27  6.55  6.01  4.20  4.06
 4772.25  5.96  4.90  5.06  5.57  5.69  4.55  6.86  6.26  6.54  6.02  4.21  4.05
 4773.25  5.97  4.92  5.07  5.57  5.73  4.56  6.88  6.28  6.55  6.05  4.23  4.06
 4774.25  5.91  4.87  5.02  5.49  5.69  4.51  6.81  6.21  6.48  6.01  4.19  4.02
 4775.25  5.85  4.83  4.98  5.43  5.66  4.47  6.75  6.16  6.43  5.98  4.17  3.98
 4776.25  5.81  4.80  4.95  5.38  5.65  4.45  6.72  6.13  6.39  5.96  4.15  3.95
 4777.25  5.87  4.85  5.00  5.42  5.73  4.49  6.78  6.20  6.46  6.03  4.21  4.00
 4778.25  5.82  4.82  4.96  5.36  5.70  4.46  6.73  6.16  6.41  6.00  4.18  3.96
 4779.25  5.80  4.80  4.95  5.33  5.71  4.44  6.72  6.15  6.39  6.00  4.18  3.95
 4780.25  5.89  4.89  5.04  5.40  5.84  4.52  6.82  6.26  6.49  6.12  4.26  4.02
 4781.25  5.89  4.90  5.05  5.40  5.90  4.53  6.83  6.28  6.51  6.14  4.28  4.02
 4782.25  5.76  4.79  4.94  5.27  5.83  4.42  6.69  6.15  6.37  6.03  4.19  3.93
 4783.25  5.72  4.76  4.91  5.23  5.86  4.39  6.65  6.11  6.33  6.00  4.17  3.90
 4784.25  5.75  4.79  4.94  5.25  5.95  4.41  6.69  6.16  6.36  6.06  4.21  3.93
 4785.25  5.85  4.88  5.03  5.34  6.12  4.48  6.80  6.27  6.48  6.18  4.30  4.00
 4786.25  5.91  4.94  5.09  5.39  6.25  4.53  6.88  6.35  6.55  6.26  4.36  4.04
 4787.25  5.93  4.96  5.12  5.40  6.34  4.54  6.90  6.38  6.57  6.30  4.39  4.06
 4788.25  5.93  4.96  5.12  5.40  6.40  4.54  6.91  6.38  6.57  6.32  4.40  4.06
 4789.25  5.94  4.96  5.12  5.39  6.46  4.54  6.91  6.39  6.58  6.34  4.41  4.06
 4790.25  6.01  5.03  5.20  5.46  6.61  4.59  7.00  6.48  6.66  6.44  4.49  4.12
 4791.25  5.97  5.00  5.17  5.42  6.63  4.56  6.96  6.45  6.62  6.42  4.47  4.09
 4792.25  5.83  4.88  5.04  5.27  6.53  4.43  6.79  6.30  6.46  6.28  4.36  3.98
 4793.25  5.78  4.84  5.00  5.22  6.54  4.39  6.73  6.26  6.41  6.24  4.33  3.94
 4794.25  5.85  4.90  5.06  5.28  6.68  4.44  6.81  6.34  6.49  6.33  4.40  3.99
 4795.25  5.85  4.91  5.07  5.28  6.75  4.44  6.82  6.35  6.50  6.36  4.42  4.00
 4796.25  5.87  4.93  5.09  5.28  6.83  4.45  6.83  6.37  6.51  6.39  4.44  4.01
 4797.25  5.92  4.98  5.14  5.33  6.95  4.49  6.89  6.44  6.58  6.47  4.49  4.05
 4798.25  5.91  4.97  5.13  5.31  7.00  4.47  6.87  6.43  6.56  6.47  4.49  4.04
 4799.25  5.96  5.02  5.18  5.35  7.12  4.51  6.93  6.50  6.62  6.54  4.55  4.08
 4800.25  6.03  5.09  5.25  5.41  7.27  4.56  7.01  6.58  6.70  6.64  4.62  4.13
 4801.25  6.06  5.12  5.28  5.43  7.36  4.58  7.04  6.62  6.74  6.69  4.65  4.15
 4802.25  6.07  5.13  5.29  5.43  7.43  4.58  7.04  6.63  6.74  6.71  4.66  4.15
 4803.25  6.10  5.16  5.32  5.45  7.53  4.60  7.07  6.68  6.78  6.76  4.70  4.18
 4804.25  6.16  5.22  5.38  5.50  7.67  4.65  7.14  6.76  6.85  6.85  4.77  4.23
 4805.25  6.19  5.24  5.40  5.52  7.76  4.66  7.16  6.79  6.88  6.89  4.80  4.24
 4806.25  6.25  5.31  5.47  5.57  7.90  4.70  7.23  6.86  6.95  6.98  4.86  4.29
 4807.25  6.29  5.35  5.51  5.60  8.01  4.73  7.28  6.92  7.00  7.05  4.91  4.32
 4808.25  6.32  5.38  5.54  5.62  8.11  4.75  7.31  6.96  7.03  7.10  4.94  4.35
 4809.25  6.29  5.36  5.51  5.59  8.14  4.72  7.27  6.93  7.00  7.08  4.93  4.33
 4810.25  6.24  5.32  5.47  5.53  8.14  4.68  7.21  6.89  6.95  7.05  4.90  4.29
 4811.25  6.24  5.32  5.47  5.52  8.20  4.67  7.21  6.89  6.94  7.06  4.91  4.29
 4812.25  6.24  5.32  5.48  5.52  8.26  4.67  7.21  6.90  6.95  7.08  4.92  4.29
 4813.25  6.21  5.30  5.46  5.48  8.29  4.64  7.17  6.87  6.91  7.07  4.91  4.27
 4814.25  6.18  5.28  5.45  5.45  8.32  4.61  7.14  6.85  6.89  7.06  4.90  4.25
 4815.25  6.16  5.27  5.45  5.43  8.35  4.59  7.11  6.84  6.87  7.06  4.90  4.24
 4816.25  6.10  5.21  5.40  5.36  8.33  4.53  7.04  6.78  6.80  7.00  4.86  4.19
 4817.25  6.04  5.17  5.36  5.30  8.32  4.48  6.97  6.72  6.74  6.96  4.82  4.15
 4818.25  6.04  5.17  5.37  5.29  8.38  4.48  6.96  6.73  6.74  6.97  4.83  4.15
 4819.25  6.08  5.21  5.42  5.33  8.50  4.51  7.01  6.78  6.78  7.04  4.88  4.18
 4820.25  6.08  5.21  5.43  5.33  8.57  4.50  7.00  6.78  6.78  7.05  4.89  4.18
 4821.25  6.08  5.22  5.44  5.33  8.68  4.49  7.00  6.80  6.78  7.07  4.90  4.17
 4822.25  6.03  5.17  5.40  5.28  8.73  4.45  6.94  6.77  6.73  7.03  4.87  4.14
 4823.25  6.08  5.22  5.47  5.33  8.91  4.48  6.99  6.85  6.78  7.11  4.93  4.18
 4824.25  6.26  5.38  5.64  5.50  9.27  4.62  7.19  7.08  6.98  7.32  5.09  4.31
 4825.25  6.26  5.39  5.65  5.50  9.38  4.61  7.18  7.11  6.99  7.34  5.11  4.31
 4826.25  6.15  5.29  5.56  5.40  9.35  4.52  7.05  7.02  6.88  7.23  5.02  4.22
 4827.25  6.16  5.30  5.58  5.41  9.47  4.53  7.06  7.06  6.91  7.26  5.04  4.23
 4828.25  6.19  5.33  5.62  5.44  9.63  4.55  7.09  7.12  6.97  7.31  5.08  4.25
 4829.25  6.14  5.28  5.58  5.39  9.67  4.50  7.03  7.09  6.93  7.27  5.05  4.21
 4830.25  6.18  5.33  5.64  5.44  9.85  4.53  7.07  7.17  7.00  7.34  5.10  4.25
 4831.25  6.30  5.43  5.75  5.54 10.12  4.62  7.20  7.33  7.15  7.48  5.21  4.33
 4832.25  6.30  5.44  5.77  5.55 10.25  4.62  7.20  7.37  7.18  7.51  5.23  4.34
 4833.25  6.27  5.41  5.75  5.52 10.31  4.60  7.16  7.37  7.17  7.49  5.21  4.31
 4834.25  6.14  5.30  5.64  5.41 10.24  4.49  7.01  7.25  7.05  7.36  5.11  4.22
 4835.25  6.11  5.27  5.63  5.38 10.30  4.46  6.97  7.24  7.03  7.34  5.09  4.19
 4836.25  6.26  5.41  5.78  5.52 10.64  4.58  7.14  7.45  7.22  7.53  5.24  4.31
 4837.25  6.32  5.46  5.85  5.58 10.84  4.62  7.20  7.55  7.31  7.62  5.30  4.35
 4838.25  6.23  5.38  5.77  5.50 10.81  4.55  7.09  7.47  7.23  7.53  5.23  4.28
 4839.25  6.16  5.33  5.72  5.44 10.82  4.49  7.01  7.42  7.18  7.47  5.19  4.23
 4840.25  6.21  5.37  5.78  5.49 11.01  4.53  7.06  7.52  7.26  7.55  5.25  4.27
 4841.25  6.25  5.41  5.83  5.53 11.18  4.56  7.09  7.59  7.32  7.61  5.29  4.30
 4842.25  6.25  5.41  5.84  5.52 11.27  4.55  7.07  7.61  7.34  7.62  5.30  4.29
 4843.25  6.13  5.30  5.74  5.42 11.20  4.45  6.93  7.50  7.22  7.49  5.20  4.21
 4844.25  6.14  5.31  5.76  5.43 11.32  4.46  6.93  7.54  7.26  7.52  5.23  4.21
 4845.25  6.23  5.40  5.86  5.51 11.57  4.53  7.03  7.68  7.38  7.65  5.32  4.28
 4846.25  6.25  5.42  5.89  5.53 11.71  4.54  7.04  7.73  7.42  7.69  5.35  4.30
 4847.25  6.16  5.34  5.82  5.46 11.68  4.47  6.93  7.66  7.35  7.60  5.28  4.23
 4848.25  6.12  5.30  5.78  5.41 11.71  4.43  6.87  7.63  7.31  7.56  5.25  4.20
 4849.25  6.27  5.44  5.95  5.56 12.06  4.54  7.03  7.85  7.51  7.76  5.40  4.31
 4850.25  6.47  5.61  6.15  5.74 12.47  4.69  7.23  8.11  7.76  8.01  5.59  4.45
 4851.25  6.45  5.60  6.15  5.72 12.54  4.67  7.20  8.11  7.75  8.00  5.58  4.44
 4852.25  6.36  5.51  6.07  5.63 12.50  4.60  7.09  8.03  7.67  7.91  5.51  4.37
 4853.25  6.34  5.50  6.07  5.62 12.58  4.58  7.06  8.04  7.67  7.90  5.50  4.36
 4854.25  6.41  5.56  6.16  5.69 12.80  4.63  7.12  8.15  7.77  8.00  5.58  4.41
 4855.25  6.60  5.73  6.36  5.86 13.20  4.77  7.32  8.41  8.01  8.24  5.76  4.54
 4856.25  6.83  5.94  6.60  6.07 13.66  4.95  7.56  8.71  8.29  8.52  5.98  4.72
 4857.25  6.83  5.94  6.61  6.07 13.76  4.94  7.54  8.74  8.31  8.53  5.99  4.71
 4858.25  6.71  5.84  6.51  5.97 13.68  4.84  7.40  8.63  8.20  8.40  5.89  4.62
 4859.25  6.77  5.90  6.59  6.04 13.87  4.89  7.46  8.73  8.29  8.49  5.96  4.68
 4860.25  6.90  6.01  6.74  6.16 14.09  4.99  7.59  8.92  8.46  8.65  6.09  4.78
 4861.25  6.86  5.98  6.71  6.13 14.15  4.95  7.53  8.90  8.43  8.61  6.06  4.76
 4862.25  6.44  5.60  6.31  5.74 14.85  4.62  7.07  8.41  7.96  8.12  5.69  4.45
 4863.25  6.46  5.62  6.35  5.77 17.28  4.63  7.08  8.47  8.01  8.16  5.72  4.47
 4864.25  6.81  5.94  6.71  6.09 18.78  4.89  7.44  8.92  8.44  8.58  6.05  4.74
 4865.25  6.87  6.00  6.79  6.16 18.81  4.94  7.50  9.03  8.53  8.67  6.12  4.80
 4866.25  6.80  5.93  6.73  6.10 18.51  4.88  7.41  8.97  8.46  8.59  6.06  4.75
 4867.25  6.78  5.92  6.72  6.08 18.30  4.86  7.37  8.97  8.46  8.57  6.05  4.74
 4868.25  6.75  5.89  6.71  6.06 18.07  4.84  7.33  8.96  8.44  8.55  6.04  4.73
 4869.25  6.68  5.84  6.67  6.00 17.78  4.79  7.25  8.92  8.39  8.49  6.00  4.69
 4870.25  6.56  5.73  6.56  5.89 17.38  4.69  7.11  8.79  8.26  8.35  5.89  4.60
 4871.25  6.58  5.75  6.59  5.92 17.24  4.70  7.12  8.85  8.31  8.38  5.93  4.62
 4872.25  6.92  6.05  6.95  6.24 17.64  4.96  7.47  9.29  8.73  8.79  6.25  4.89
 4873.25  7.09  6.22  7.14  6.40 17.75  5.10  7.64  9.54  8.95  9.01  6.43  5.03
 4874.25  6.90  6.04  6.96  6.23 17.24  4.94  7.42  9.33  8.74  8.79  6.26  4.89
 4875.25  6.73  5.89  6.81  6.08 16.77  4.81  7.24  9.15  8.56  8.60  6.12  4.77
 4876.25  6.69  5.86  6.78  6.04 16.52  4.78  7.18  9.13  8.51  8.56  6.10  4.74
 4877.25  6.69  5.86  6.79  6.05 16.32  4.78  7.17  9.16  8.51  8.57  6.11  4.75
 4878.25  6.61  5.78  6.72  5.97 15.98  4.71  7.06  9.07  8.40  8.47  6.04  4.69
 4879.25  6.60  5.77  6.73  5.97 15.78  4.70  7.04  9.09  8.39  8.47  6.05  4.69
 4880.25  6.50  5.68  6.64  5.88 15.42  4.62  6.92  8.99  8.26  8.36  5.96  4.62
 4881.25  6.33  5.53  6.47  5.72 14.92  4.48  6.73  8.80  8.05  8.15  5.81  4.49
 4882.25  6.37  5.56  6.52  5.75 14.79  4.51  6.75  8.87  8.09  8.20  5.86  4.52
 4883.25  6.46  5.64  6.61  5.84 14.76  4.58  6.83  9.01  8.20  8.32  5.95  4.60
 4884.25  6.42  5.60  6.56  5.80 14.49  4.54  6.77  8.98  8.14  8.27  5.92  4.57
 4885.25  6.44  5.62  6.57  5.83 14.33  4.55  6.78  9.03  8.16  8.31  5.95  4.59
 4886.25  6.44  5.63  6.57  5.83 14.14  4.55  6.77  9.07  8.17  8.32  5.97  4.60
 4887.25  6.48  5.66  6.60  5.87 14.00  4.58  6.79  9.14  8.21  8.37  6.02  4.64
 4888.25  6.49  5.67  6.60  5.88 13.81  4.58  6.79  9.18  8.21  8.39  6.03  4.65
 4889.25  6.45  5.63  6.55  5.85 13.55  4.55  6.73  9.15  8.16  8.35  6.01  4.62
 4890.25  6.52  5.69  6.61  5.91 13.45  4.60  6.78  9.26  8.23  8.43  6.08  4.68
 4891.25  6.54  5.71  6.62  5.93 13.27  4.61  6.79  9.31  8.25  8.46  6.11  4.70
 4892.25  6.61  5.78  6.68  6.00 13.18  4.66  6.84  9.42  8.33  8.55  6.19  4.76
 4893.25  6.63  5.80  6.69  6.02 13.01  4.67  6.85  9.47  8.35  8.58  6.22  4.78
 4894.25  6.57  5.75  6.61  5.95 12.69  4.62  6.77  9.42  8.27  8.51  6.16  4.73
 4895.25  6.56  5.75  6.60  5.94 12.48  4.61  6.75  9.44  8.26  8.51  6.17  4.73
 4896.25  6.49  5.69  6.52  5.86 12.16  4.55  6.66  9.37  8.17  8.43  6.11  4.68
 4897.25  6.41  5.63  6.43  5.77 11.83  4.49  6.56  9.29  8.08  8.34  6.05  4.63
 4898.25  6.43  5.64  6.44  5.77 11.63  4.50  6.56  9.33  8.09  8.36  6.07  4.64
 4899.25  6.52  5.73  6.52  5.84 11.57  4.56  6.64  9.47  8.19  8.48  6.17  4.72
 4900.25  6.68  5.89  6.67  5.98 11.67  4.68  6.79  9.71  8.38  8.68  6.34  4.85
 4901.25  6.80  6.00  6.78  6.07 11.77  4.77  6.89  9.89  8.52  8.83  6.46  4.95
 4902.25  6.69  5.90  6.66  5.95 11.56  4.68  6.76  9.76  8.38  8.70  6.36  4.86
 4903.25  6.68  5.90  6.64  5.93 11.52  4.67  6.74  9.78  8.36  8.70  6.36  4.86
 4904.25  6.86  6.07  6.81  6.08 11.75  4.80  6.91 10.04  8.57  8.92  6.55  5.01
 4905.25  6.83  6.06  6.78  6.05 11.68  4.78  6.87 10.04  8.54  8.90  6.54  5.00
 4906.25  6.63  5.89  6.58  5.86 11.37  4.64  6.66  9.82  8.32  8.68  6.37  4.86
 4907.25  6.62  5.89  6.57  5.85 11.34  4.64  6.65  9.84  8.32  8.69  6.38  4.86
 4908.25  6.72  6.00  6.67  5.93 11.46  4.72  6.75 10.01  8.44  8.83  6.50  4.95
 4909.25  6.80  6.09  6.75  6.00 11.55  4.79  6.83 10.16  8.55  8.95  6.60  5.03
 4910.25  6.85  6.15  6.80  6.04 11.61  4.84  6.87 10.27  8.62  9.02  6.67  5.09
 4911.25  6.84  6.16  6.80  6.04 11.58  4.84  6.87 10.31  8.63  9.04  6.69  5.10
 4912.25  6.82  6.16  6.78  6.01 11.53  4.84  6.84 10.32  8.61  9.02  6.70  5.10
 4913.25  6.80  6.15  6.76  5.98 11.47  4.83  6.81 10.33  8.59  9.01  6.69  5.09
 4914.25  6.76  6.14  6.73  5.95 11.41  4.82  6.78 10.33  8.57  8.99  6.69  5.09
 4915.25  6.69  6.08  6.65  5.88 11.28  4.77  6.70 10.27  8.49  8.91  6.63  5.04
 4916.25  6.58  6.00  6.55  5.78 11.12  4.70  6.59 10.15  8.38  8.80  6.55  4.97
 4917.25  6.56  5.99  6.52  5.76 11.06  4.69  6.57 10.12  8.36  8.78  6.55  4.97
 4918.25  6.62  6.07  6.58  5.81 11.13  4.75  6.63 10.18  8.44  8.87  6.64  5.03
 4919.25  6.80  6.25  6.75  5.97 11.37  4.91  6.81 10.41  8.67  9.12  6.84  5.19
 4920.25  7.04  6.50  6.98  6.19 11.69  5.11  7.05 10.71  8.97  9.43  7.11  5.40
 4921.25  7.13  6.60  7.05  6.26 11.79  5.19  7.13 10.81  9.09  9.56  7.23  5.49
 4922.25  7.11  6.59  7.01  6.23 11.74  5.18  7.11 10.76  9.07  9.54  7.23  5.48
 4923.25  7.05  6.56  6.95  6.18 11.65  5.15  7.05 10.67  9.02  9.50  7.20  5.45
 4924.25  7.17  6.70  7.05  6.29 11.79  5.26  7.17 10.80  9.18  9.66  7.35  5.57
 4925.25  7.15  6.70  7.02  6.26 11.74  5.25  7.14 10.75  9.16  9.65  7.35  5.56
 4926.25  7.01  6.60  6.87  6.13 11.53  5.15  7.00 10.55  9.00  9.50  7.25  5.47
 4927.25  7.08  6.70  6.92  6.19 11.61  5.22  7.07 10.62  9.09  9.60  7.34  5.54
 4928.25  7.05  6.70  6.88  6.16 11.55  5.21  7.04 10.56  9.06  9.58  7.34  5.53
 4929.25  7.01  6.69  6.83  6.12 11.48  5.19  7.01 10.50  9.02  9.55  7.34  5.51
 4930.25  6.97  6.68  6.78  6.08 11.40  5.17  6.98 10.42  8.97  9.52  7.32  5.49
 4931.25  6.98  6.73  6.78  6.09 11.40  5.19  7.00 10.42  9.00  9.55  7.36  5.52
 4932.25  6.96  6.73  6.74  6.07 11.34  5.19  6.98 10.37  8.97  9.54  7.37  5.51
 4933.25  6.89  6.69  6.66  6.01 11.23  5.14  6.91 10.25  8.89  9.47  7.32  5.47
 4934.25  7.04  6.87  6.79  6.14 11.42  5.28  7.07 10.43  9.08  9.67  7.51  5.61
 4935.25  7.16  7.02  6.90  6.26 11.56  5.39  7.20 10.57  9.23  9.84  7.67  5.73
 4936.25  7.08  6.97  6.80  6.18 11.43  5.33  7.12 10.44  9.13  9.75  7.61  5.67
 4937.25  7.03  6.95  6.74  6.13 11.33  5.30  7.07 10.35  9.08  9.71  7.58  5.64
 4938.25  7.00  6.95  6.69  6.10 11.27  5.29  7.05 10.29  9.04  9.68  7.58  5.63
 4939.25  6.97  6.95  6.65  6.08 11.21  5.27  7.02 10.23  9.01  9.66  7.57  5.62
 4940.25  7.20  7.20  6.86  6.28 11.49  5.47  7.26 10.50  9.29  9.96  7.85  5.83
 4941.25  7.24  7.27  6.88  6.32 11.52  5.51  7.30 10.52  9.34 10.03  7.91  5.87
 4942.25  7.16  7.22  6.78  6.24 11.38  5.46  7.22 10.39  9.24  9.94  7.85  5.81
 4943.25  7.13  7.22  6.74  6.21 11.31  5.44  7.19 10.33  9.21  9.92  7.85  5.80
 4944.25  7.09  7.20  6.68  6.18 11.23  5.42  7.16 10.25  9.16  9.88  7.83  5.78
 4945.25  7.09  7.22  6.66  6.17 11.19  5.42  7.15 10.22  9.15  9.88  7.85  5.79
 4946.25  7.14  7.30  6.69  6.21 11.23  5.48  7.21 10.26  9.22  9.96  7.93  5.84
 4947.25  7.23  7.42  6.76  6.29 11.33  5.56  7.30 10.35  9.33 10.09  8.06  5.94
 4948.25  7.14  7.36  6.66  6.21 11.18  5.50  7.22 10.21  9.23 10.00  7.99  5.87
 4949.25  7.02  7.26  6.53  6.10 10.99  5.41  7.10 10.03  9.08  9.86  7.89  5.78
 4950.25  6.98  7.25  6.47  6.06 10.90  5.38  7.06  9.95  9.03  9.82  7.86  5.75
 4951.25  7.04  7.34  6.52  6.11 10.96  5.45  7.12 10.01  9.11  9.91  7.96  5.82
 4952.25  7.09  7.42  6.55  6.16 11.00  5.51  7.18 10.05  9.17  9.99  8.05  5.88
 4953.25  7.06  7.41  6.50  6.12 10.92  5.49  7.14  9.98  9.13  9.96  8.03  5.86
 4954.25  7.03  7.41  6.47  6.10 10.86  5.49  7.12  9.92  9.10  9.94  8.03  5.85
 4955.25  7.05  7.46  6.49  6.12 10.86  5.52  7.15  9.92  9.13  9.98  8.08  5.88
 4956.25  7.12  7.57  6.54  6.18 10.92  5.59  7.22  9.98  9.21 10.08  8.18  5.96
 4957.25  7.09  7.58  6.51  6.14 10.85  5.58  7.19  9.91  9.17 10.05  8.17  5.94
 4958.25  7.17  7.71  6.57  6.21 10.92  5.66  7.27  9.98  9.27 10.17  8.28  6.02
 4959.25  7.15  7.75  6.55  6.20 10.87  5.67  7.26  9.94  9.25 10.16  8.29  6.02
 4960.25  6.90  7.53  6.31  5.96 10.51  5.47  7.00  9.59  8.95  9.85  8.04  5.81
 4961.25  6.80  7.48  6.21  5.88 10.35  5.40  6.91  9.45  8.83  9.74  7.95  5.74
 4962.25  6.82  7.55  6.22  5.89 10.35  5.44  6.93  9.45  8.86  9.78  8.01  5.77
 4963.25  6.82  7.60  6.21  5.89 10.32  5.45  6.93  9.42  8.86  9.77  8.03  5.78
 4964.25  6.72  7.54  6.12  5.80 10.16  5.39  6.84  9.29  8.75  9.66  7.95  5.71
 4965.25  6.63  7.49  6.03  5.72 10.01  5.32  6.75  9.16  8.64  9.54  7.87  5.64
 4966.25  6.69  7.60  6.07  5.76 10.05  5.38  6.80  9.22  8.70  9.61  7.95  5.70
 4967.25  6.67  7.63  6.05  5.75 10.00  5.38  6.79  9.19  8.68  9.59  7.96  5.69
 4968.25  6.57  7.56  5.94  5.65  9.83  5.31  6.68  9.05  8.55  9.46  7.86  5.61
 4969.25  6.61  7.65  5.97  5.68  9.85  5.35  6.72  9.09  8.60  9.51  7.93  5.65
 4970.25  6.70  7.79  6.04  5.77  9.93  5.44  6.81  9.19  8.70  9.62  8.05  5.74
 4971.25  6.73  7.87  6.06  5.80  9.94  5.48  6.84  9.22  8.74  9.66  8.11  5.78
 4972.25  6.64  7.83  5.97  5.73  9.79  5.42  6.76  9.10  8.63  9.55  8.03  5.71
 4973.25  6.59  7.81  5.92  5.69  9.69  5.39  6.71  9.03  8.57  9.49  8.00  5.68
 4974.25  6.70  7.98  6.00  5.79  9.80  5.49  6.82  9.15  8.69  9.62  8.14  5.78
 4975.25  6.77  8.10  6.06  5.86  9.85  5.56  6.90  9.23  8.77  9.71  8.24  5.86
 4976.25  6.72  8.10  6.01  5.82  9.77  5.54  6.87  9.17  8.72  9.66  8.22  5.84
 4977.25  6.71  8.13  5.99  5.82  9.71  5.54  6.86  9.14  8.70  9.64  8.22  5.85
 4978.25  6.73  8.19  5.99  5.84  9.70  5.57  6.88  9.15  8.71  9.66  8.27  5.88
 4979.25  6.78  8.30  6.03  5.89  9.74  5.63  6.95  9.21  8.77  9.73  8.36  5.94
 4980.25  6.87  8.45  6.10  5.98  9.81  5.72  7.04  9.30  8.87  9.84  8.48  6.04
 4981.25  6.89  8.52  6.11  6.00  9.79  5.74  7.07  9.31  8.88  9.86  8.53  6.07
 4982.25  6.93  8.61  6.14  6.04  9.79  5.79  7.12  9.35  8.93  9.91  8.60  6.12
 4983.25  7.10  8.86  6.28  6.20  9.96  5.95  7.30  9.55  9.12 10.13  8.83  6.30
 4984.25  7.28  9.12  6.44  6.37 10.15  6.13  7.50  9.77  9.34 10.36  9.07  6.49
 4985.25  7.28  9.16  6.43  6.37 10.10  6.14  7.50  9.75  9.32 10.35  9.09  6.50
 4986.25  7.20  9.12  6.35  6.31  9.96  6.09  7.43  9.65  9.23 10.26  9.03  6.45
 4987.25  7.11  9.06  6.25  6.23  9.80  6.02  7.35  9.52  9.12 10.14  8.95  6.38
 4988.25  6.92  8.88  6.07  6.07  9.52  5.86  7.16  9.28  8.88  9.90  8.75  6.22
 4989.25  6.84  8.86  6.00  6.00  9.37  5.80  7.08  9.17  8.78  9.79  8.68  6.16
 4990.25  6.90  9.02  6.05  6.06  9.40  5.87  7.16  9.24  8.85  9.87  8.78  6.24
 4991.25  6.90  9.11  6.04  6.06  9.35  5.88  7.16  9.22  8.84  9.87  8.81  6.25
 4992.25  6.91  9.21  6.05  6.08  9.32  5.91  7.18  9.23  8.85  9.89  8.85  6.28
 4993.25  6.86  9.25  6.00  6.04  9.22  5.88  7.14  9.16  8.79  9.83  8.82  6.26
 4994.25  6.85  9.32  5.99  6.04  9.16  5.88  7.14  9.14  8.77  9.81  8.83  6.26
 4995.25  6.91  9.49  6.04  6.10  9.19  5.94  7.21  9.20  8.84  9.89  8.93  6.34
 4996.25  6.89  9.56  6.02  6.09  9.12  5.94  7.20  9.17  8.81  9.87  8.94  6.34
 4997.25  6.85  9.62  5.99  6.07  9.04  5.92  7.18  9.12  8.77  9.83  8.93  6.33
 4998.25  6.88  9.76  6.02  6.12  9.05  5.96  7.23  9.16  8.82  9.88  9.01  6.39
 4999.25  6.87  9.84  6.01  6.11  8.99  5.96  7.23  9.14  8.80  9.87  9.02  6.40
 5000.25  6.86  9.93  6.00  6.12  8.95  5.97  7.24  9.13  8.80  9.87  9.05  6.41
 5001.25  6.86 10.03  6.00  6.13  8.91  5.99  7.25  9.13  8.80  9.88  9.08  6.44
 5002.25  6.83 10.09  5.98  6.12  8.83  5.97  7.24  9.09  8.76  9.85  9.08  6.43
 5003.25  6.87 10.24  6.02  6.17  8.84  6.02  7.29  9.14  8.81  9.91  9.17  6.49
 5004.25  6.88 10.36  6.03  6.19  8.82  6.05  7.32  9.15  8.83  9.93  9.22  6.53
 5005.25  6.79 10.34  5.95  6.12  8.68  5.98  7.24  9.04  8.72  9.82  9.14  6.47
 5006.25  6.76 10.39  5.92  6.10  8.60  5.96  7.22  8.99  8.68  9.78  9.12  6.45
 5007.25  6.82 10.57  5.98  6.16  8.64  6.03  7.30  9.06  8.76  9.87  9.24  6.54
 5008.25  6.79 10.63  5.96  6.14  8.56  6.02  7.28  9.02  8.72  9.84  9.23  6.53
 5009.25  6.76 10.69  5.93  6.12  8.49  6.00  7.26  8.98  8.69  9.80  9.23  6.52
 5010.25  6.71 10.72  5.89  6.08  8.39  5.97  7.22  8.91  8.63  9.75  9.20  6.50
 5011.25  6.71 10.82  5.90  6.08  8.36  5.98  7.23  8.91  8.63  9.75  9.23  6.52
 5012.25  6.77 11.00  5.95  6.14  8.38  6.05  7.31  8.99  8.70  9.83  9.33  6.60
 5013.25  6.88 11.24  6.05  6.24  8.47  6.15  7.43  9.13  8.82  9.97  9.50  6.72
 5014.25  6.93 11.41  6.10  6.29  8.49  6.22  7.50  9.20  8.88 10.05  9.59  6.80
 5015.25  6.98 11.58  6.15  6.34  8.51  6.27  7.57  9.27  8.94 10.13  9.69  6.87
 5016.25  6.92 11.60  6.10  6.29  8.40  6.23  7.52  9.21  8.87 10.06  9.65  6.83
 5017.25  6.81 11.54  6.00  6.19  8.23  6.14  7.41  9.09  8.74  9.93  9.54  6.74
 5018.25  6.85 11.69  6.04  6.23  8.24  6.19  7.47  9.15  8.79  9.99  9.62  6.80
 5019.25  7.01 12.02  6.19  6.38  8.38  6.35  7.65  9.35  8.98 10.21  9.86  6.99
 5020.25  6.99 12.08  6.17  6.37  8.33  6.35  7.63  9.34  8.95 10.19  9.86  6.99
 5021.25  6.87 11.97  6.06  6.26  8.18  6.25  7.51  9.20  8.81 10.05  9.74  6.89
 5022.25  6.92 12.04  6.11  6.31  8.23  6.31  7.58  9.28  8.87 10.13  9.84  6.97
 5023.25  7.00 12.12  6.18  6.39  8.31  6.39  7.67  9.38  8.96 10.24  9.97  7.06
 5024.25  7.00 12.08  6.19  6.39  8.30  6.41  7.68  9.39  8.96 10.25 10.01  7.09
 5025.25  6.96 11.99  6.16  6.36  8.25  6.39  7.65  9.36  8.93 10.22  9.99  7.08
 5026.25  6.99 11.98  6.19  6.39  8.27  6.42  7.68  9.40  8.97 10.25 10.05  7.12
 5027.25  7.06 12.04  6.25  6.46  8.33  6.50  7.77  9.49  9.07 10.35 10.17  7.21
 5028.25  7.13 12.10  6.33  6.53  8.41  6.58  7.85  9.59  9.17 10.46 10.30  7.31
 5029.25  7.19 12.15  6.39  6.59  8.47  6.65  7.93  9.68  9.27 10.55 10.41  7.40
 5030.25  7.08 11.94  6.28  6.49  8.33  6.55  7.81  9.55  9.14 10.41 10.29  7.30
 5031.25  6.95 11.72  6.17  6.37  8.17  6.44  7.68  9.40  9.00 10.25 10.16  7.19
 5032.25  6.92 11.64  6.14  6.35  8.13  6.43  7.66  9.37  8.99 10.23 10.16  7.19
 5033.25  6.91 11.58  6.14  6.34  8.10  6.43  7.65  9.37  8.99 10.22 10.17  7.20
 5034.25  6.82 11.42  6.06  6.26  8.00  6.36  7.57  9.27  8.90 10.12 10.09  7.13
 5035.25  6.76 11.30  6.01  6.21  7.92  6.32  7.52  9.21  8.85 10.06 10.05  7.10
 5036.25  6.85 11.37  6.09  6.29  8.00  6.41  7.61  9.32  8.97 10.17 10.19  7.21
 5037.25  6.96 11.48  6.19  6.39  8.12  6.54  7.74  9.46  9.12 10.32 10.37  7.34
 5038.25  6.85 11.30  6.10  6.30  7.99  6.48  7.64  9.35  9.01 10.20 10.27  7.26
 5039.25  6.75 11.11  6.01  6.20  7.86  6.41  7.53  9.23  8.90 10.07 10.16  7.18
 5040.25  6.82 11.17  6.08  6.28  7.93  6.51  7.62  9.33  9.01 10.18 10.29  7.28
 5041.25  6.88 11.20  6.13  6.33  7.99  6.59  7.69  9.41  9.09 10.26 10.39  7.36
 5042.25  6.96 11.27  6.21  6.41  8.07  6.70  7.78  9.52  9.21 10.38 10.54  7.47
 5043.25  7.02 11.30  6.27  6.47  8.12  6.79  7.85  9.60  9.29 10.46 10.64  7.55
 5044.25  6.82 10.99  6.09  6.28  7.89  6.62  7.65  9.36  9.07 10.21 10.41  7.37
 5045.25  6.72 10.81  6.00  6.19  7.76  6.56  7.54  9.25  8.96 10.09 10.31  7.28
 5046.25  6.70 10.75  5.99  6.19  7.74  6.57  7.54  9.24  8.97 10.09 10.33  7.30
 5047.25  6.63 10.60  5.93  6.12  7.65  6.53  7.47  9.16  8.89 10.00 10.26  7.24
 5048.25  6.60 10.52  5.90  6.10  7.61  6.53  7.45  9.13  8.88  9.97 10.26  7.24
 5049.25  6.67 10.58  5.97  6.17  7.67  6.63  7.53  9.23  8.98 10.07 10.38  7.33
 5050.25  6.74 10.62  6.03  6.23  7.73  6.73  7.61  9.32  9.07 10.17 10.50  7.43
 5051.25  6.70 10.53  6.00  6.20  7.68  6.72  7.58  9.29  9.05 10.13 10.49  7.41
 5052.25  6.67 10.44  5.98  6.18  7.64  6.72  7.55  9.26  9.03 10.10 10.48  7.41
 5053.25  6.73 10.47  6.03  6.23  7.69  6.81  7.62  9.33  9.11 10.18 10.58  7.49
 5054.25  6.69 10.37  6.00  6.20  7.64  6.80  7.59  9.30  9.09 10.15 10.57  7.47
 5055.25  6.67 10.29  5.99  6.18  7.60  6.81  7.57  9.28  9.07 10.13 10.57  7.47
 5056.25  6.64 10.19  5.96  6.16  7.56  6.80  7.54  9.25  9.05 10.09 10.56  7.46
 5057.25  6.64 10.13  5.96  6.15  7.54  6.83  7.54  9.25  9.06 10.09 10.58  7.47
 5058.25  6.66 10.09  5.97  6.17  7.54  6.87  7.57  9.27  9.09 10.12 10.63  7.51
 5059.25  6.64 10.00  5.95  6.15  7.50  6.87  7.55  9.25  9.07 10.10 10.62  7.51
 5060.25  6.63  9.93  5.95  6.14  7.48  6.89  7.54  9.24  9.08 10.09 10.64  7.52
 5061.25  6.69  9.95  6.01  6.20  7.53  6.98  7.61  9.32  9.16 10.18 10.75  7.61
 5062.25  6.70  9.89  6.01  6.20  7.52  7.01  7.62  9.32  9.18 10.18 10.78  7.63
 5063.25  6.67  9.80  6.00  6.18  7.48  7.01  7.59  9.29  9.16 10.16 10.77  7.62
 5064.25  6.70  9.77  6.02  6.20  7.49  7.06  7.61  9.31  9.20 10.19 10.83  7.66
 5065.25  6.82  9.86  6.13  6.31  7.60  7.21  7.74  9.47  9.36 10.36 11.03  7.82
 5066.25  6.97  9.99  6.27  6.45  7.75  7.39  7.89  9.65  9.56 10.57 11.25  8.00
 5067.25  6.92  9.86  6.23  6.40  7.68  7.36  7.83  9.58  9.51 10.52 11.21  7.96
 5068.25  6.89  9.75  6.20  6.37  7.62  7.35  7.79  9.54  9.47 10.51 11.19  7.94
 5069.25  6.93  9.74  6.24  6.41  7.65  7.42  7.83  9.58  9.53 10.59 11.27  8.01
 5070.25  6.94  9.69  6.25  6.42  7.65  7.46  7.83  9.60  9.56 10.64 11.31  8.04
 5071.25  6.84  9.50  6.16  6.32  7.53  7.38  7.72  9.47  9.45 10.54 11.20  7.95
 5072.25  6.84  9.43  6.16  6.32  7.51  7.40  7.71  9.47  9.46 10.57 11.22  7.96
 5073.25  6.96  9.52  6.27  6.43  7.62  7.56  7.84  9.62  9.62 10.76 11.41  8.12
 5074.25  6.96  9.45  6.28  6.43  7.61  7.58  7.83  9.62  9.63 10.80 11.44  8.14
 5075.25  6.96  9.38  6.28  6.43  7.59  7.60  7.82  9.61  9.65 10.82 11.46  8.15
 5076.25  6.99  9.35  6.31  6.45  7.60  7.66  7.85  9.64  9.72 10.89 11.53  8.20
 5077.25  6.94  9.22  6.26  6.40  7.53  7.63  7.78  9.57  9.70 10.85 11.48  8.16
 5078.25  6.83  9.02  6.16  6.30  7.40  7.54  7.66  9.44  9.60 10.74 11.36  8.06
 5079.25  6.74  8.84  6.08  6.21  7.28  7.49  7.55  9.32  9.53 10.65 11.25  7.97
 5080.25  6.80  8.85  6.14  6.27  7.33  7.63  7.62  9.40  9.64 10.77 11.37  8.06
 5081.25  6.92  8.93  6.25  6.38  7.44  7.83  7.74  9.54  9.83 10.95 11.55  8.21
 5082.25  6.88  8.81  6.21  6.34  7.38  7.86  7.69  9.49  9.82 10.93 11.52  8.18
 5083.25  6.77  8.62  6.11  6.25  7.25  7.82  7.57  9.35  9.73 10.82 11.40  8.08
 5084.25  6.74  8.51  6.09  6.22  7.21  7.86  7.53  9.32  9.73 10.81 11.38  8.07
 5085.25  6.80  8.52  6.15  6.28  7.25  8.00  7.59  9.39  9.85 10.92 11.49  8.15
 5086.25  6.78  8.43  6.12  6.26  7.21  8.05  7.55  9.35  9.85 10.92 11.48  8.14
 5087.25  6.75  8.35  6.09  6.23  7.15  8.08  7.50  9.30  9.84 10.90 11.45  8.12
 5088.25  6.72  8.29  6.06  6.20  7.10  8.11  7.46  9.26  9.84 10.88 11.43  8.10
 5089.25  6.70  8.24  6.04  6.18  7.06  8.16  7.43  9.23  9.85 10.88 11.41  8.09
 5090.25  6.69  8.19  6.03  6.17  7.03  8.21  7.41  9.21  9.87 10.89 11.40  8.09
 5091.25  6.61  8.08  5.96  6.10  6.93  8.19  7.32  9.11  9.80 10.81 11.31  8.03
 5092.25  6.61  8.05  5.96  6.10  6.91  8.26  7.31  9.10  9.84 10.84 11.33  8.04
 5093.25  6.63  8.04  5.97  6.12  6.91  8.35  7.32  9.12  9.89 10.89 11.36  8.08
 5094.25  6.58  7.96  5.93  6.08  6.84  8.36  7.26  9.05  9.87 10.85 11.31  8.04
 5095.25  6.58  7.93  5.92  6.07  6.81  8.42  7.24  9.04  9.89 10.86 11.31  8.05
 5096.25  6.62  7.95  5.96  6.11  6.84  8.54  7.28  9.09  9.99 10.95 11.39  8.12
 5097.25  6.68  7.99  6.02  6.17  6.88  8.67  7.33  9.16 10.10 11.06 11.48  8.21
 5098.25  6.81  8.11  6.13  6.29  6.99  8.89  7.46  9.31 10.30 11.26 11.68  8.37
 5099.25  6.89  8.17  6.20  6.36  7.05  9.05  7.53  9.40 10.44 11.40 11.80  8.48
 5100.25  6.94  8.19  6.25  6.41  7.09  9.18  7.58  9.45 10.54 11.49 11.88  8.55
 5101.25  6.88  8.10  6.20  6.35  7.02  9.18  7.51  9.37 10.50 11.44 11.81  8.51
 5102.25  6.79  7.96  6.11  6.27  6.91  9.13  7.40  9.25 10.41 11.33 11.69  8.41
 5103.25  6.75  7.89  6.07  6.23  6.86  9.15  7.34  9.20 10.39 11.30 11.65  8.38
 5104.25  6.77  7.89  6.09  6.25  6.87  9.24  7.35  9.21 10.45 11.36 11.69  8.43
 5105.25  6.84  7.94  6.15  6.31  6.93  9.39  7.42  9.29 10.58 11.48 11.80  8.52
 5106.25  6.85  7.91  6.15  6.32  6.93  9.46  7.41  9.29 10.61 11.51 11.82  8.54
 5107.25  6.88  7.91  6.18  6.35  6.95  9.56  7.43  9.31 10.69 11.58 11.87  8.60
 5108.25  6.99  8.01  6.29  6.45  7.05  9.77  7.54  9.44 10.87 11.76 12.04  8.74
 5109.25  7.11  8.12  6.40  6.57  7.17  9.98  7.67  9.58 11.07 11.95 12.23  8.90
 5110.25  7.07  8.04  6.36  6.53  7.12 10.00  7.62  9.51 11.04 11.92 12.18  8.87
 5111.25  7.12  8.06  6.40  6.58  7.15 10.12  7.66  9.55 11.14 12.01 12.25  8.94
 5112.25  7.10  8.00  6.38  6.55  7.12 10.15  7.63  9.51 11.14 12.00 12.23  8.93
 5113.25  6.92  7.78  6.21  6.39  6.93  9.99  7.44  9.28 10.94 11.78 12.00  8.74
 5114.25  6.85  7.68  6.15  6.32  6.85  9.96  7.35  9.18 10.87 11.70 11.91  8.67
 5115.25  6.91  7.71  6.20  6.38  6.91 10.11  7.41  9.24 10.99 11.81 12.01  8.76
 5116.25  6.98  7.75  6.26  6.44  6.96 10.25  7.47  9.31 11.10 11.92 12.11  8.85
 5117.25  7.00  7.74  6.28  6.45  6.97 10.33  7.48  9.31 11.16 11.97 12.14  8.89
 5118.25  6.91  7.62  6.19  6.37  6.87 10.28  7.38  9.19 11.07 11.87 12.03  8.80
 5119.25  6.83  7.51  6.12  6.30  6.78 10.24  7.29  9.08 10.99 11.76 11.92  8.72
 5120.25  6.82  7.48  6.10  6.28  6.75 10.28  7.27  9.05 11.00 11.74 11.91  8.72
 5121.25  6.85  7.50  6.13  6.32  6.77 10.40  7.29  9.07 11.08 11.79 11.97  8.77
 5122.25  6.88  7.51  6.15  6.34  6.79 10.54  7.31  9.09 11.14 11.82 12.01  8.81
 5123.25  6.87  7.48  6.14  6.33  6.77 10.64  7.29  9.06 11.16 11.80 12.00  8.81
 5124.25  6.90  7.50  6.17  6.36  6.79 10.81  7.32  9.08 11.23 11.84 12.06  8.87
 5125.25  6.95  7.54  6.21  6.41  6.83 11.00  7.36  9.13 11.33 11.91 12.14  8.94
 5126.25  6.97  7.55  6.23  6.43  6.84 11.14  7.38  9.14 11.39 11.93 12.18  8.98
 5127.25  6.97  7.53  6.22  6.43  6.82 11.26  7.36  9.12 11.42 11.92 12.18  8.99
 5128.25  6.93  7.46  6.18  6.39  6.77 11.31  7.31  9.05 11.39 11.85 12.13  8.95
 5129.25  6.91  7.43  6.16  6.37  6.74 11.40  7.28  9.01 11.39 11.82 12.11  8.94
 5130.25  6.93  7.43  6.18  6.39  6.74 11.55  7.29  9.02 11.45 11.84 12.14  8.98
 5131.25  6.87  7.36  6.13  6.33  6.68 11.58  7.23  8.93 11.40 11.76 12.07  8.92
 5132.25  6.72  7.18  5.99  6.19  6.52 11.49  7.06  8.74 11.22 11.54 11.86  8.76
 5133.25  6.67  7.11  5.94  6.14  6.46 11.52  7.00  8.66 11.18 11.46 11.79  8.71
 5134.25  6.67  7.10  5.94  6.15  6.45 11.64  6.99  8.65 11.21 11.46 11.80  8.72
 5135.25  6.69  7.10  5.96  6.16  6.46 11.78  7.01  8.65 11.26 11.48 11.84  8.76
 5136.25  6.64  7.04  5.91  6.12  6.40 11.81  6.95  8.58 11.22 11.41 11.77  8.71
 5137.25  6.67  7.04  5.93  6.14  6.41 11.96  6.96  8.59 11.28 11.43 11.81  8.75
 5138.25  6.78  7.14  6.03  6.25  6.50 12.23  7.07  8.71 11.47 11.59 11.98  8.90
 5139.25  6.80  7.15  6.05  6.26  6.51 12.37  7.08  8.71 11.53 11.61 12.02  8.93
 5140.25  6.89  7.23  6.14  6.35  6.60 12.62  7.17  8.81 11.69 11.74 12.16  9.06
 5141.25  6.97  7.29  6.20  6.42  6.67 12.83  7.24  8.88 11.82 11.84 12.28  9.16
 5142.25  6.77  7.07  6.02  6.23  6.47 12.64  7.02  8.63 11.57 11.55 11.99  8.93
 5143.25  6.78  7.07  6.03  6.25  6.49 12.78  7.03  8.63 11.62 11.57 12.02  8.96
 5144.25  6.89  7.16  6.13  6.35  6.59 13.04  7.13  8.74 11.80 11.71 12.17  9.10
 5145.25  6.85  7.11  6.10  6.32  6.56 13.09  7.08  8.68 11.78 11.65 12.12  9.07
 5146.25  6.85  7.09  6.09  6.32  6.55 13.20  7.07  8.67 11.80 11.65 12.12  9.09
 5147.25  6.89  7.12  6.13  6.35  6.59 13.36  7.11  8.70 11.89 11.70 12.18  9.15
 5148.25  6.89  7.11  6.13  6.36  6.60 13.48  7.10  8.69 11.93 11.70 12.18  9.17
 5149.25  6.91  7.11  6.15  6.37  6.61 13.60  7.11  8.69 11.98 11.72 12.21  9.21
 5150.25  6.94  7.13  6.18  6.41  6.65 13.76  7.14  8.72 12.06 11.76 12.26  9.27
 5151.25  6.97  7.14  6.20  6.43  6.67 13.91  7.16  8.73 12.12 11.79 12.30  9.32
 5152.25  6.98  7.14  6.21  6.44  6.68 14.02  7.16  8.73 12.16 11.80 12.31  9.35
 5153.25  6.99  7.15  6.23  6.46  6.70 14.15  7.17  8.73 12.22 11.82 12.33  9.39
 5154.25  6.99  7.14  6.22  6.45  6.70 14.25  7.16  8.71 12.24 11.81 12.33  9.40
 5155.25  7.01  7.16  6.25  6.48  6.72 14.39  7.18  8.72 12.31 11.84 12.37  9.45
 5156.25  7.02  7.16  6.26  6.49  6.73 14.51  7.19  8.72 12.35 11.85 12.38  9.48
 5157.25  7.03  7.16  6.26  6.51  6.74 14.62  7.19  8.71 12.39 11.85 12.39  9.51
 5158.25  7.01  7.14  6.25  6.51  6.73 14.71  7.18  8.68 12.40 11.83 12.37  9.51
 5159.25  7.00  7.12  6.23  6.50  6.71 14.78  7.16  8.64 12.40 11.81 12.35  9.51
 5160.25  7.01  7.13  6.25  6.53  6.73 14.91  7.17  8.64 12.46 11.83 12.37  9.55
 5161.25  7.06  7.16  6.29  6.58  6.77 15.08  7.21  8.68 12.55 11.88 12.44  9.62
 5162.25  7.05  7.15  6.28  6.59  6.77 15.16  7.20  8.65 12.57 11.87 12.43  9.63
 5163.25  7.08  7.18  6.31  6.63  6.80 15.29  7.23  8.67 12.64 11.91 12.47  9.68
 5164.25  7.13  7.22  6.36  6.69  6.85 15.36  7.28  8.71 12.75 11.98 12.55  9.77
 5165.25  7.07  7.16  6.31  6.65  6.80 15.52  7.22  8.63 12.69 11.89 12.47  9.71
 5166.25  7.03  7.10  6.27  6.61  6.75 17.59  7.16  8.56 12.66 11.83 12.40  9.67
 5167.25  7.05  7.12  6.30  6.65  6.78 20.72  7.19  8.57 12.72 11.86 12.44  9.72
 5168.25  7.37  7.43  6.59  6.96  7.09 22.20  7.50  8.92 13.20 12.29 12.89 10.13
 5169.25  7.51  7.56  6.72  7.11  7.22 22.33  7.64  9.05 13.42 12.47 13.08 10.32
 5170.25  7.34  7.39  6.57  6.96  7.06 21.89  7.47  8.85 13.22 12.25 12.85 10.14
 5171.25  7.15  7.20  6.40  6.79  6.88 21.39  7.28  8.62 12.98 11.98 12.59  9.92
 5172.25  7.18  7.22  6.43  6.83  6.91 21.25  7.30  8.64 13.05 12.01 12.63  9.97
 5173.25  7.55  7.58  6.77  7.19  7.27 21.66  7.67  9.03 13.59 12.49 13.14 10.44
 5174.25  7.70  7.72  6.91  7.35  7.42 21.71  7.82  9.19 13.83 12.68 13.35 10.65
 5175.25  7.33  7.34  6.57  7.01  7.06 20.93  7.44  8.75 13.31 12.17 12.84 10.21
 5176.25  6.98  6.99  6.25  6.68  6.72 20.16  7.08  8.34 12.79 11.68 12.35  9.80
 5177.25  6.88  6.89  6.17  6.60  6.62 19.80  6.98  8.22 12.61 11.53 12.21  9.69
 5178.25  6.87  6.88  6.17  6.61  6.62 19.61  6.98  8.20 12.56 11.52 12.21  9.70
 5179.25  6.88  6.88  6.18  6.63  6.64 19.44  6.98  8.19 12.54 11.52 12.23  9.74
 5180.25  6.91  6.91  6.21  6.67  6.67 19.30  7.01  8.21 12.54 11.55 12.27  9.79
 5181.25  6.94  6.93  6.24  6.71  6.70 19.16  7.04  8.23 12.55 11.58 12.32  9.85
 5182.25  6.98  6.96  6.28  6.76  6.75 19.03  7.08  8.26 12.57 11.63 12.38  9.92
 5183.25  7.11  7.09  6.40  6.90  6.88 19.05  7.20  8.39 12.71 11.79 12.56 10.10
 5184.25  7.51  7.48  6.78  7.30  7.28 19.50  7.60  8.82 13.23 12.32 13.12 10.61
 5185.25  7.79  7.76  7.04  7.59  7.56 19.74  7.89  9.11 13.57 12.68 13.51 10.98
 5186.25  7.48  7.45  6.76  7.30  7.26 19.06  7.57  8.75 13.11 12.26 13.09 10.62
 5187.25  7.14  7.11  6.44  6.98  6.94 18.31  7.22  8.36 12.59 11.79 12.62 10.21
 5188.25  6.76  6.73  6.10  6.62  6.57 17.47  6.84  7.92 12.01 11.26 12.08  9.75
 5189.25  6.61  6.58  5.96  6.48  6.43 17.02  6.69  7.74 11.76 11.04 11.86  9.58
 5190.25  6.81  6.77  6.15  6.69  6.63 17.15  6.88  7.95 12.00 11.30 12.15  9.84
 5191.25  6.77  6.73  6.11  6.66  6.60 16.88  6.84  7.89 11.91 11.23 12.09  9.81
 5192.25  6.93  6.90  6.27  6.84  6.77 16.96  7.01  8.06 12.11 11.45 12.34 10.04
 5193.25  7.27  7.23  6.59  7.18  7.10 17.29  7.34  8.41 12.54 11.90 12.82 10.49
 5194.25  7.39  7.35  6.70  7.32  7.23 17.27  7.46  8.53 12.67 12.06 12.99 10.66
 5195.25  7.23  7.18  6.55  7.18  7.08 16.80  7.30  8.34 12.40 11.82 12.76 10.48
 5196.25  7.26  7.22  6.59  7.23  7.12 16.65  7.33  8.36 12.41 11.86 12.82 10.54
 5197.25  7.10  7.05  6.44  7.08  6.97 16.17  7.17  8.17 12.14 11.63 12.59 10.35
 5198.25  5.42  5.38  4.90  5.42  5.32 12.98  5.48  6.28  9.60  9.18 10.01  8.12
 5199.25  3.97  3.94  3.57  3.98  3.90  9.84  4.01  4.62  7.21  6.90  7.56  6.07
 5200.25  4.59  4.56  4.14  4.62  4.51 10.98  4.64  5.31  8.21  7.88  8.63  6.98
 5201.25  4.82  4.78  4.35  4.86  4.74 11.26  4.88  5.56  8.55  8.24  9.01  7.32
 5202.25  4.97  4.93  4.49  5.03  4.90 11.37  5.03  5.73  8.77  8.46  9.26  7.56
 5203.25  6.26  6.21  5.68  6.35  6.18 13.51  6.34  7.17 10.71 10.39 11.31  9.36
 5204.25  6.48  6.42  5.88  6.58  6.40 13.65  6.56  7.40 10.99 10.69 11.62  9.66
 5205.25  6.78  6.72  6.16  6.90  6.70 13.91  6.87  7.73 11.38 11.10 12.06 10.08
 5206.25  7.26  7.20  6.61  7.41  7.18 14.47  7.36  8.25 12.00 11.75 12.73 10.73
 5207.25  7.37  7.30  6.71  7.53  7.30 14.55  7.47  8.36 12.11 11.88 12.88 10.89
 5208.25  7.27  7.20  6.62  7.45  7.21 14.36  7.38  8.25 11.94 11.74 12.73 10.79
 5209.25  7.19  7.11  6.54  7.38  7.12 14.20  7.29  8.14 11.78 11.61 12.60 10.70
 5210.25  7.09  7.01  6.45  7.29  7.03 14.02  7.20  8.03 11.61 11.47 12.46 10.60
 5211.25  7.05  6.97  6.41  7.27  7.00 13.93  7.16  7.98 11.52 11.41 12.39 10.57
 5212.25  7.00  6.91  6.36  7.23  6.95 13.81  7.11  7.92 11.41 11.33 12.31 10.53
 5213.25  6.97  6.88  6.33  7.21  6.92 13.73  7.09  7.88 11.33 11.27 12.26 10.51
 5214.25  6.94  6.85  6.31  7.20  6.90 13.66  7.07  7.85 11.25 11.23 12.21 10.50
 5215.25  6.95  6.85  6.32  7.23  6.91 13.64  7.08  7.85 11.23 11.23 12.22 10.53
 5216.25  7.06  6.96  6.42  7.35  7.03 13.77  7.19  7.96 11.33 11.37 12.36 10.70
 5217.25  7.10  7.00  6.46  7.41  7.07 13.80  7.24  8.01 11.35 11.42 12.42 10.78
 5218.25  6.93  6.82  6.29  7.25  6.90 13.50  7.07  7.81 11.08 11.17 12.16 10.57
 5219.25  6.86  6.75  6.23  7.19  6.84 13.37  7.00  7.73 10.95 11.07 12.05 10.50
 5220.25  6.89  6.78  6.26  7.24  6.87 13.38  7.04  7.76 10.95 11.10 12.09 10.56
 5221.25  6.87  6.75  6.24  7.23  6.83 13.31  7.02  7.72 10.88 11.06 12.04 10.55
 5222.25  6.91  6.79  6.28  7.29  6.86 13.34  7.06  7.77 10.90 11.11 12.10 10.63
 5223.25  6.95  6.83  6.31  7.34  6.89 13.36  7.11  7.80 10.91 11.15 12.14 10.70
 5224.25  6.80  6.69  6.18  7.20  6.73 13.11  6.97  7.64 10.68 10.94 11.93 10.53
 5225.25  6.43  6.31  5.83  6.82  6.35 12.49  6.58  7.22 10.13 10.40 11.37 10.04
 5226.25  6.64  6.52  6.03  7.07  6.55 12.79  6.81  7.45 10.41 10.69 11.68 10.36
 5227.25  7.13  7.00  6.48  7.59  7.02 13.49  7.31  7.98 11.04 11.34 12.37 11.04
 5228.25  7.32  7.18  6.65  7.80  7.19 13.73  7.50  8.17 11.27 11.58 12.62 11.31
 5229.25  7.24  7.11  6.58  7.74  7.10 13.59  7.43  8.08 11.15 11.46 12.51 11.23
 5230.25  7.12  6.98  6.47  7.62  6.97 13.38  7.31  7.95 10.98 11.29 12.33 11.09
 5231.25  7.11  6.97  6.46  7.62  6.94 13.32  7.30  7.93 10.94 11.25 12.30 11.09
 5232.25  6.99  6.85  6.35  7.49  6.82 13.12  7.19  7.80 10.77 11.09 12.13 10.96
 5233.25  6.88  6.74  6.24  7.37  6.69 12.91  7.08  7.67 10.60 10.92 11.96 10.83
 5234.25  7.15  7.00  6.50  7.64  6.95 13.27  7.35  7.95 10.94 11.27 12.34 11.22
 5235.25  7.31  7.16  6.65  7.81  7.10 13.48  7.53  8.13 11.14 11.48 12.56 11.46
 5236.25  7.23  7.08  6.58  7.72  7.00 13.33  7.45  8.03 11.01 11.35 12.44 11.37
 5237.25  7.20  7.05  6.56  7.68  6.97 13.26  7.43  8.00 10.97 11.31 12.40 11.37
 5238.25  7.19  7.04  6.55  7.67  6.95 13.21  7.42  7.99 10.94 11.28 12.38 11.38
 5239.25  6.82  6.68  6.21  7.28  6.58 12.64  7.05  7.59 10.43 10.78 11.85 10.90
 5240.25  6.41  6.29  5.84  6.85  6.18 12.00  6.65  7.15  9.88 10.22 11.26 10.37
 5241.25  6.88  6.75  6.28  7.34  6.62 12.68  7.14  7.66 10.50 10.85 11.94 11.05
 5242.25  7.21  7.08  6.60  7.68  6.94 13.14  7.49  8.01 10.92 11.29 12.41 11.53
 5243.25  7.25  7.12  6.64  7.72  6.97 13.16  7.54  8.05 10.96 11.33 12.46 11.60
 5244.25  7.34  7.21  6.73  7.82  7.05 13.27  7.65  8.15 11.07 11.45 12.59 11.76
 5245.25  7.42  7.29  6.82  7.90  7.12 13.35  7.75  8.24 11.16 11.55 12.70 11.89
 5246.25  7.40  7.27  6.80  7.86  7.08 13.28  7.74  8.21 11.11 11.50 12.66 11.89
 5247.25  7.35  7.22  6.76  7.81  7.03 13.19  7.71  8.15 11.04 11.43 12.59 11.85
 5248.25  7.35  7.23  6.77  7.81  7.02 13.16  7.73  8.16 11.03 11.43 12.60 11.89
 5249.25  7.31  7.19  6.73  7.76  6.97 13.07  7.70  8.11 10.96 11.36 12.53 11.85
 5250.25  7.16  7.05  6.60  7.61  6.82 12.83  7.56  7.96 10.76 11.16 12.33 11.68
 5251.25  7.05  6.95  6.50  7.49  6.71 12.64  7.47  7.86 10.61 11.01 12.18 11.57
 5252.25  7.16  7.06  6.61  7.61  6.81 12.77  7.60  7.98 10.74 11.15 12.33 11.74
 5253.25  7.18  7.08  6.63  7.62  6.81 12.76  7.63  8.01 10.75 11.16 12.35 11.79
 5254.25  7.14  7.04  6.60  7.57  6.76 12.66  7.60  7.97 10.68 11.10 12.30 11.76
 5255.25  7.09  6.99  6.56  7.52  6.71 12.56  7.57  7.93 10.61 11.03 12.24 11.73
 5256.25  6.90  6.81  6.39  7.32  6.52 12.26  7.38  7.73 10.35 10.77 11.97 11.49
 5257.25  6.43  6.35  5.95  6.82  6.06 11.53  6.90  7.22  9.71 10.12 11.29 10.85
 5258.25  6.49  6.41  6.01  6.88  6.11 11.59  6.98  7.29  9.78 10.19 11.38 10.96
 5259.25  6.87  6.80  6.38  7.28  6.47 12.13  7.40  7.72 10.28 10.71 11.95 11.54
 5260.25  6.97  6.89  6.47  7.38  6.55 12.23  7.52  7.83 10.39 10.83 12.09 11.70
 5261.25  6.94  6.87  6.46  7.35  6.53 12.16  7.51  7.82 10.35 10.79 12.06 11.69
 5262.25  6.98  6.91  6.50  7.39  6.56 12.19  7.57  7.87 10.39 10.84 12.12 11.78
 5263.25  7.14  7.07  6.65  7.55  6.71 12.37  7.75  8.04 10.58 11.04 12.34 12.02
 5264.25  7.26  7.19  6.77  7.67  6.82 12.50  7.89  8.18 10.71 11.18 12.51 12.21
 5265.25  7.34  7.28  6.86  7.75  6.89 12.59  7.99  8.28 10.81 11.29 12.63 12.36
 5266.25  7.37  7.32  6.90  7.78  6.92 12.60  8.04  8.32 10.84 11.32 12.69 12.44
 5267.25  7.40  7.36  6.94  7.82  6.95 12.62  8.10  8.37 10.87 11.36 12.74 12.51
 5268.25  7.35  7.31  6.90  7.76  6.90 12.51  8.06  8.32 10.80 11.29 12.67 12.47
 5269.25  7.23  7.20  6.80  7.63  6.79 12.32  7.96  8.21 10.64 11.13 12.52 12.35
 5270.25  7.36  7.33  6.93  7.75  6.90 12.46  8.11  8.35 10.79 11.29 12.70 12.55
 5271.25  7.45  7.43  7.04  7.83  6.99 12.56  8.23  8.47 10.90 11.41 12.84 12.72
 5272.25  7.18  7.17  6.80  7.54  6.74 12.16  7.96  8.18 10.55 11.05 12.48 12.38
 5273.25  7.03  7.02  6.66  7.36  6.58 11.92  7.81  8.02 10.34 10.84 12.26 12.19
 5274.25  7.07  7.07  6.72  7.39  6.63 11.95  7.88  8.09 10.39 10.90 12.34 12.29
 5275.25  7.06  7.07  6.73  7.37  6.62 11.91  7.89  8.09 10.38 10.88 12.33 12.31
 5276.25  6.83  6.84  6.52  7.12  6.40 11.55  7.65  7.84 10.08 10.58 12.01 12.01
 5277.25  6.66  6.68  6.37  6.93  6.24 11.29  7.49  7.67  9.87 10.36 11.78 11.80
 5278.25  6.70  6.72  6.42  6.96  6.27 11.31  7.55  7.72  9.93 10.43 11.84 11.89
 5279.25  6.94  6.97  6.66  7.18  6.49 11.61  7.82  7.99 10.24 10.76 12.19 12.26
 5280.25  7.01  7.04  6.75  7.24  6.56 11.68  7.92  8.08 10.34 10.87 12.30 12.39
 5281.25  7.00  7.05  6.76  7.22  6.56 11.65  7.93  8.09 10.34 10.88 12.30 12.42
 5282.25  7.08  7.14  6.85  7.29  6.63 11.73  8.04  8.19 10.46 11.01 12.43 12.57
 5283.25  7.14  7.21  6.93  7.34  6.69 11.78  8.13  8.27 10.54 11.11 12.52 12.69
 5284.25  7.19  7.27  6.99  7.37  6.73 11.82  8.20  8.33 10.61 11.19 12.60 12.79
 5285.25  7.27  7.35  7.08  7.43  6.80 11.89  8.30  8.42 10.72 11.30 12.71 12.93
 5286.25  7.19  7.29  7.02  7.34  6.73 11.76  8.24  8.35 10.63 11.22 12.62 12.86
 5287.25  7.13  7.23  6.97  7.26  6.67 11.64  8.19  8.29 10.56 11.16 12.54 12.81
 5288.25  7.11  7.22  6.97  7.23  6.65 11.58  8.18  8.28 10.54 11.15 12.52 12.81
 5289.25  7.11  7.23  6.98  7.21  6.65 11.55  8.19  8.29 10.55 11.16 12.52 12.84
 5290.25  7.18  7.31  7.07  7.27  6.71 11.61  8.28  8.38 10.64 11.27 12.63 12.97
 5291.25  7.15  7.29  7.06  7.23  6.69 11.54  8.26  8.36 10.62 11.26 12.60 12.97
 5292.25  7.05  7.20  6.97  7.10  6.59 11.36  8.16  8.26 10.49 11.13 12.46 12.85
 5293.25  7.03  7.19  6.96  7.07  6.57 11.29  8.15  8.25 10.47 11.12 12.44 12.86
 5294.25  7.04  7.21  6.99  7.07  6.58 11.27  8.18  8.27 10.50 11.16 12.47 12.91
 5295.25  6.95  7.12  6.91  6.96  6.49 11.10  8.09  8.18 10.38 11.05 12.35 12.81
 5296.25  6.96  7.14  6.93  6.95  6.49 11.07  8.11  8.19 10.40 11.07 12.36 12.85
 5297.25  7.04  7.23  7.03  7.02  6.57 11.14  8.21  8.29 10.52 11.20 12.49 13.00
 5298.25  7.12  7.32  7.12  7.08  6.64 11.20  8.31  8.39 10.62 11.32 12.61 13.14
 5299.25  7.01  7.22  7.03  6.95  6.54 11.01  8.20  8.27 10.49 11.19 12.46 13.02
 5300.25  6.73  6.93  6.75  6.65  6.26 10.57  7.88  7.95 10.11 10.81 12.05 12.62
 5301.25  6.74  6.95  6.78  6.65  6.28 10.55  7.91  7.97 10.14 10.84 12.08 12.67
 5302.25  6.91  7.14  6.96  6.80  6.45 10.73  8.11  8.17 10.37 11.09 12.33 12.95
 5303.25  6.91  7.14  6.98  6.78  6.46 10.69  8.12  8.17 10.37 11.10 12.33 12.98
 5304.25  6.86  7.09  6.95  6.71  6.41 10.56  8.06  8.11 10.30 11.04 12.25 12.92
 5305.25  6.78  7.01  6.89  6.61  6.34 10.41  7.98  8.02 10.20 10.94 12.14 12.83
 5306.25  6.75  7.00  6.89  6.57  6.33 10.33  7.97  8.00 10.17 10.92 12.11 12.83
 5307.25  6.77  7.02  6.93  6.58  6.35 10.31  7.99  8.02 10.20 10.95 12.15 12.88
 5308.25  6.78  7.03  6.96  6.57  6.36 10.27  8.01  8.03 10.21 10.97 12.18 12.91
 5309.25  6.79  7.05  7.00  6.58  6.38 10.24  8.03  8.04 10.23 11.00 12.23 12.96
 5310.25  6.79  7.06  7.02  6.57  6.38 10.19  8.04  8.05 10.24 11.02 12.27 12.99
 5311.25  6.78  7.06  7.04  6.56  6.39 10.14  8.04  8.04 10.23 11.02 12.29 13.01
 5312.25  6.71  6.99  6.99  6.48  6.32  9.99  7.97  7.96 10.14 10.93 12.22 12.92
 5313.25  6.62  6.90  6.92  6.38  6.24  9.83  7.88  7.86 10.02 10.82 12.12 12.81
 5314.25  6.51  6.79  6.83  6.26  6.14  9.64  7.76  7.74  9.87 10.67 11.99 12.67
 5315.25  6.60  6.88  6.95  6.34  6.23  9.71  7.86  7.84  9.99 10.81 12.15 12.83
 5316.25  6.80  7.08  7.18  6.53  6.43  9.92  8.10  8.07 10.26 11.09 12.48 13.16
 5317.25  6.85  7.12  7.25  6.57  6.49  9.93  8.16  8.12 10.33 11.17 12.59 13.26
 5318.25  6.82  7.09  7.24  6.53  6.46  9.85  8.13  8.09 10.29 11.14 12.58 13.24
 5319.25  6.72  6.98  7.17  6.43  6.38  9.68  8.03  7.99 10.17 11.02 12.47 13.12
 5320.25  6.72  6.98  7.19  6.42  6.39  9.63  8.04  7.99 10.17 11.03 12.50 13.13
 5321.25  6.74  6.99  7.24  6.43  6.41  9.61  8.07  8.01 10.19 11.07 12.56 13.18
 5322.25  6.79  7.04  7.31  6.47  6.46  9.62  8.13  8.07 10.26 11.15 12.67 13.27
 5323.25  6.81  7.05  7.36  6.48  6.49  9.60  8.16  8.09 10.29 11.18 12.73 13.32
 5324.25  6.72  6.96  7.29  6.39  6.41  9.44  8.07  7.99 10.18 11.07 12.63 13.20
 5325.25  6.77  7.01  7.37  6.43  6.47  9.45  8.13  8.05 10.24 11.15 12.74 13.30
 5326.25  6.81  7.03  7.42  6.45  6.50  9.44  8.17  8.08 10.28 11.20 12.82 13.36
 5327.25  6.82  7.04  7.45  6.45  6.52  9.40  8.19  8.10 10.29 11.23 12.86 13.39
 5328.25  6.95  7.17  7.62  6.57  6.65  9.52  8.35  8.25 10.46 11.42 13.09 13.61
 5329.25  7.31  7.52  8.02  6.90  7.00  9.90  8.75  8.64 10.91 11.93 13.64 14.15
 5330.25  7.29  7.50  8.03  6.87  6.99  9.83  8.74  8.62 10.88 11.94 13.64 14.13
 5331.25  6.76  6.94  7.47  6.35  6.47  9.12  8.14  8.02 10.18 11.25 12.88 13.35
 5332.25  6.55  6.72  7.27  6.14  6.27  8.81  7.90  7.78  9.89 10.99 12.59 13.03
 5333.25  6.82  6.99  7.59  6.39  6.54  9.10  8.24  8.09 10.25 11.42 13.04 13.47
 5334.25  7.02  7.19  7.83  6.57  6.74  9.31  8.49  8.31 10.50 11.74 13.37 13.79
 5335.25  6.97  7.13  7.79  6.50  6.69  9.21  8.45  8.25 10.42 11.70 13.31 13.72
 5336.25  6.91  7.06  7.74  6.44  6.64  9.12  8.41  8.18 10.34 11.66 13.25 13.64
 5337.25  6.97  7.12  7.84  6.49  6.71  9.18  8.51  8.26 10.42 11.79 13.38 13.76
 5338.25  7.02  7.16  7.93  6.52  6.76  9.21  8.59  8.30 10.47 11.89 13.47 13.84
 5339.25  6.98  7.11  7.93  6.47  6.72  9.15  8.57  8.26 10.41 11.88 13.45 13.79
 5340.25  6.99  7.11  7.98  6.47  6.73  9.13  8.60  8.26 10.41 11.92 13.48 13.82
 5341.25  7.16  7.27  8.21  6.62  6.89  9.32  8.83  8.45 10.63 12.20 13.77 14.08
 5342.25  7.22  7.33  8.33  6.67  6.95  9.37  8.93  8.53 10.71 12.33 13.89 14.20
 5343.25  7.05  7.15  8.19  6.50  6.78  9.15  8.76  8.33 10.48 12.14 13.67 13.96
 5344.25  6.93  7.02  8.09  6.37  6.65  8.98  8.64  8.19 10.31 12.00 13.51 13.78
 5345.25  6.91  6.99  8.12  6.35  6.63  8.94  8.64  8.16 10.28 12.01 13.51 13.76
 5346.25  6.91  6.99  8.17  6.34  6.63  8.92  8.67  8.15 10.27 12.05 13.54 13.78
 5347.25  6.89  6.96  8.19  6.32  6.60  8.87  8.67  8.12 10.24 12.06 13.54 13.76
 5348.25  6.83  6.90  8.16  6.26  6.54  8.78  8.63  8.04 10.15 12.01 13.47 13.68
 5349.25  6.89  6.95  8.27  6.30  6.59  8.83  8.72  8.09 10.22 12.13 13.59 13.78
 5350.25  6.92  6.98  8.35  6.32  6.61  8.84  8.78  8.11 10.25 12.21 13.66 13.84
 5351.25  6.77  6.83  8.23  6.18  6.47  8.65  8.63  7.94 10.06 12.04 13.46 13.63
 5352.25  6.74  6.79  8.23  6.14  6.43  8.58  8.61  7.89 10.00 12.02 13.43 13.59
 5353.25  6.80  6.85  8.34  6.20  6.48  8.64  8.72  7.95 10.08 12.16 13.56 13.70
 5354.25  6.84  6.88  8.44  6.23  6.52  8.67  8.79  7.99 10.13 12.26 13.65 13.78
 5355.25  6.82  6.85  8.45  6.20  6.49  8.62  8.79  7.95 10.09 12.26 13.64 13.75
 5356.25  6.78  6.81  8.45  6.16  6.45  8.56  8.77  7.90 10.03 12.24 13.62 13.71
 5357.25  6.76  6.79  8.47  6.14  6.43  8.51  8.77  7.87 10.00 12.25 13.61 13.69
 5358.25  6.68  6.71  8.43  6.07  6.35  8.41  8.71  7.78  9.90 12.18 13.53 13.59
 5359.25  6.70  6.73  8.49  6.08  6.37  8.41  8.75  7.79  9.92 12.25 13.58 13.63
 5360.25  6.76  6.79  8.61  6.13  6.42  8.46  8.85  7.85  9.99 12.37 13.71 13.74
 5361.25  6.79  6.82  8.69  6.16  6.45  8.48  8.92  7.88 10.03 12.46 13.79 13.81
 5362.25  6.78  6.80  8.73  6.14  6.44  8.45  8.93  7.86 10.01 12.49 13.80 13.81
 5363.25  6.83  6.85  8.83  6.18  6.48  8.49  9.02  7.90 10.07 12.60 13.88 13.90
 5364.25  6.88  6.91  8.94  6.23  6.53  8.54  9.12  7.96 10.14 12.72 13.98 14.00
 5365.25  6.88  6.90  8.98  6.23  6.53  8.51  9.14  7.95 10.13 12.76 13.97 14.01
 5366.25  6.91  6.93  9.07  6.25  6.55  8.53  9.20  7.98 10.17 12.84 14.02 14.08
 5367.25  6.90  6.91  9.10  6.24  6.54  8.50  9.22  7.96 10.15 12.87 14.01 14.07
 5368.25  6.84  6.85  9.07  6.17  6.47  8.41  9.17  7.88 10.06 12.81 13.91 13.99
 5369.25  6.83  6.84  9.11  6.17  6.47  8.38  9.19  7.87 10.06 12.85 13.91 14.01
 5370.25  6.88  6.89  9.22  6.21  6.52  8.43  9.28  7.92 10.12 12.97 13.99 14.10
 5371.25  7.00  7.01  9.41  6.32  6.63  8.55  9.46  8.04 10.27 13.19 14.18 14.31
 5372.25  7.09  7.10  9.57  6.40  6.71  8.63  9.59  8.13 10.38 13.35 14.31 14.45
 5373.25  7.01  7.02  9.55  6.32  6.63  8.52  9.53  8.04 10.28 13.28 14.20 14.35
 5374.25  6.90  6.90  9.50  6.21  6.52  8.37  9.41  7.91 10.13 13.15 14.03 14.19
 5375.25  6.88  6.88  9.56  6.19  6.50  8.33  9.41  7.88 10.09 13.16 14.00 14.18
 5376.25  6.85  6.85  9.62  6.16  6.47  8.28  9.40  7.84 10.04 13.15 13.95 14.14
 5377.25  6.87  6.87  9.74  6.18  6.49  8.29  9.47  7.86 10.07 13.23 13.99 14.19
 5378.25  6.96  6.95  9.93  6.25  6.56  8.37  9.64  7.94 10.17 13.40 14.13 14.33
 5379.25  7.02  7.02 10.11  6.31  6.63  8.43  9.81  8.01 10.24 13.54 14.23 14.45
 5380.25  6.96  6.96 10.12  6.25  6.56  8.34  9.81  7.93 10.15 13.48 14.14 14.36
 5381.25  6.95  6.95 10.19  6.23  6.55  8.30  9.88  7.91 10.12 13.51 14.12 14.34
 5382.25  7.03  7.03 10.39  6.31  6.63  8.38 10.07  7.99 10.22 13.67 14.25 14.48
 5383.25  7.03  7.03 10.48  6.31  6.63  8.37 10.16  7.99 10.21 13.72 14.26 14.49
 5384.25  7.03  7.03 10.56  6.30  6.62  8.34 10.24  7.98 10.20 13.75 14.25 14.49
 5385.25  7.06  7.06 10.69  6.32  6.65  8.36 10.36  8.00 10.23 13.84 14.30 14.55
 5386.25  6.98  6.99 10.68  6.25  6.57  8.26 10.35  7.91 10.12 13.77 14.19 14.44
 5387.25  6.97  6.97 10.75  6.24  6.56  8.22 10.41  7.89 10.09 13.79 14.17 14.42
 5388.25  6.94  6.95 10.80  6.21  6.53  8.18 10.46  7.85 10.05 13.79 14.13 14.39
 5389.25  6.95  6.96 10.90  6.22  6.54  8.17 10.56  7.85 10.05 13.84 14.15 14.42
 5390.25  7.00  7.01 11.05  6.26  6.58  8.21 10.71  7.90 10.10 13.96 14.22 14.50
 5391.25  6.97  6.99 11.11  6.23  6.56  8.16 10.76  7.87 10.06 13.96 14.19 14.47
 5392.25  6.97  6.98 11.19  6.23  6.55  8.14 10.83  7.86 10.04 14.00 14.18 14.47
 5393.25  6.99  7.00 11.30  6.24  6.57  8.14 10.94  7.88 10.06 14.07 14.22 14.51
 5394.25  6.98  6.99 11.37  6.23  6.55  8.11 11.00  7.86 10.03 14.09 14.20 14.49
 5395.25  6.99  7.01 11.48  6.24  6.56  8.11 11.11  7.87 10.04 14.15 14.22 14.53
 5396.25  6.98  7.00 11.55  6.23  6.55  8.08 11.18  7.86 10.02 14.18 14.22 14.52
 5397.25  6.94  6.96 11.57  6.19  6.51  8.01 11.20  7.81  9.95 14.15 14.15 14.46
 5398.25  6.98  7.00 11.72  6.22  6.55  8.04 11.34  7.85 10.00 14.26 14.22 14.54
 5399.25  6.96  6.98 11.77  6.20  6.52  8.00 11.38  7.82  9.96 14.26 14.18 14.50
 5400.25  6.84  6.86 11.69  6.09  6.41  7.85 11.30  7.69  9.80 14.12 14.00 14.33
 5401.25  6.85  6.88 11.80  6.10  6.42  7.85 11.40  7.70  9.81 14.19 14.03 14.36
 5402.25  6.91  6.93 11.95  6.14  6.46  7.89 11.55  7.76  9.86 14.30 14.11 14.45
 5403.25  6.87  6.90 11.99  6.11  6.43  7.83 11.58  7.72  9.81 14.29 14.06 14.40
 5404.25  6.90  6.93 12.12  6.14  6.46  7.85 11.70  7.75  9.84 14.38 14.11 14.46
 5405.25  7.04  7.06 12.39  6.26  6.58  7.98 11.97  7.89  9.99 14.63 14.31 14.67
 5406.25  7.10  7.13 12.56  6.31  6.64  8.03 12.14  7.95 10.06 14.76 14.41 14.78
 5407.25  7.05  7.07 12.54  6.26  6.59  7.95 12.14  7.89  9.99 14.72 14.33 14.70
 5408.25  6.91  6.94 12.35  6.13  6.46  7.79 12.03  7.74  9.81 14.55 14.13 14.50
 5409.25  6.86  6.88 12.24  6.08  6.40  7.71 12.03  7.68  9.72 14.50 14.04 14.42
 5410.25  6.89  6.92 12.25  6.11  6.44  7.73 12.16  7.72  9.76 14.60 14.11 14.49
 5411.25  6.93  6.96 12.25  6.14  6.47  7.75 12.28  7.75  9.80 14.70 14.16 14.55
 5412.25  6.91  6.94 12.17  6.12  6.45  7.71 12.34  7.73  9.76 14.71 14.13 14.53
 5413.25  6.86  6.88 12.06  6.08  6.40  7.64 12.34  7.67  9.69 14.67 14.06 14.46
 5414.25  6.80  6.81 11.92  6.01  6.33  7.55 12.32  7.60  9.60 14.60 13.96 14.36
 5415.25  6.82  6.83 11.91  6.04  6.36  7.56 12.44  7.62  9.62 14.69 14.00 14.41
 5416.25  6.90  6.90 11.97  6.10  6.43  7.63 12.62  7.70  9.71 14.84 14.12 14.54
 5417.25  6.87  6.86 11.88  6.07  6.39  7.57 12.65  7.66  9.66 14.83 14.07 14.50
 5418.25  6.82  6.80 11.75  6.02  6.34  7.50 12.65  7.60  9.58 14.79 13.99 14.42
 5419.25  6.87  6.84 11.77  6.06  6.38  7.53 12.79  7.65  9.62 14.90 14.05 14.50
 5420.25  6.90  6.86 11.76  6.08  6.41  7.55 12.90  7.67  9.65 14.98 14.08 14.55
 5421.25  6.91  6.86 11.72  6.09  6.42  7.56 12.99  7.68  9.65 15.03 14.09 14.57
 5422.25  6.90  6.84 11.65  6.08  6.41  7.54 13.06  7.66  9.62 15.05 14.06 14.56
 5423.25  6.89  6.83 11.59  6.07  6.40  7.52 13.17  7.65  9.60 15.07 14.04 14.55
 5424.25  6.93  6.86 11.60  6.11  6.44  7.55 13.37  7.69  9.64 15.18 14.10 14.62
 5425.25  7.06  6.98 11.72  6.23  6.56  7.68 13.70  7.82  9.79 15.41 14.28 14.82
 5426.25  7.09  7.00 11.72  6.26  6.59  7.71 13.89  7.85  9.82 15.50 14.32 14.88
 5427.25  7.01  6.91 11.55  6.18  6.51  7.61 13.90  7.75  9.69 15.40 14.18 14.75
 5428.25  6.95  6.84 11.42  6.13  6.46  7.54 13.96  7.69  9.61 15.35 14.09 14.67
 5429.25  7.02  6.90 11.45  6.18  6.52  7.59 14.20  7.75  9.67 15.49 14.17 14.77
 5430.25  7.18  7.05 11.62  6.32  6.67  7.75 14.57  7.92  9.86 15.77 14.40 15.02
 5431.25  7.29  7.15 11.71  6.42  6.78  7.86 14.88  8.03  9.98 15.97 14.55 15.19
 5432.25  7.14  7.00 11.47  6.29  6.64  7.70 14.80  7.87  9.79 15.79 14.33 14.98
 5433.25  7.06  6.91 11.31  6.22  6.56  7.60 14.82  7.78  9.67 15.69 14.20 14.86
 5434.25  7.10  6.94 11.30  6.25  6.60  7.63 15.01  7.81  9.70 15.75 14.25 14.92
 5435.25  7.11  6.94 11.26  6.26  6.61  7.63 15.16  7.82  9.70 15.73 14.25 14.93
 5436.25  7.09  6.91 11.18  6.24  6.59  7.60 15.26  7.79  9.66 15.65 14.20 14.88
 5437.25  7.00  6.81 11.01  6.16  6.51  7.50 15.26  7.69  9.54 15.47 14.06 14.74
 5438.25  6.98  6.78 10.92  6.13  6.48  7.46 15.35  7.66  9.49 15.39 14.01 14.69
 5439.25  6.93  6.72 10.80  6.08  6.43  7.40 15.40  7.60  9.41 15.27 13.93 14.61
 5440.25  6.84  6.63 10.64  6.01  6.36  7.30 15.40  7.51  9.30 15.09 13.79 14.47
 5441.25  6.81  6.59 10.54  5.97  6.32  7.26 15.47  7.47  9.24 14.99 13.72 14.40
 5442.25  6.80  6.57 10.47  5.96  6.31  7.24 15.59  7.46  9.21 14.94 13.70 14.38
 5443.25  6.76  6.52 10.36  5.92  6.27  7.18 15.64  7.41  9.15 14.83 13.62 14.30
 5444.25  6.75  6.50 10.28  5.91  6.27  7.17 15.76  7.40  9.12 14.77 13.60 14.28
 5445.25  6.75  6.49 10.22  5.91  6.26  7.15 15.88  7.40  9.10 14.73 13.58 14.27
 5446.25  6.80  6.54 10.24  5.96  6.32  7.21 16.11  7.46  9.16 14.78 13.67 14.36
 5447.25  6.92  6.65 10.33  6.07  6.43  7.32 16.43  7.59  9.29 14.93 13.84 14.54
 5448.25  7.02  6.74 10.39  6.16  6.53  7.41 16.71  7.69  9.40 15.04 13.97 14.68
 5449.25  6.92  6.63 10.20  6.06  6.43  7.30 16.67  7.58  9.26 14.84 13.81 14.51
 5450.25  6.76  6.47  9.93  5.92  6.28  7.13 16.54  7.41  9.05 14.55 13.56 14.26
 5451.25  6.67  6.38  9.76  5.84  6.20  7.02 16.51  7.32  8.93 14.36 13.41 14.11
 5452.25  6.63  6.34  9.65  5.81  6.17  6.98 16.57  7.28  8.87 14.26 13.35 14.04
 5453.25  6.68  6.38  9.65  5.85  6.21  7.02 16.77  7.33  8.92 14.30 13.41 14.11
 5454.25  6.73  6.41  9.65  5.89  6.26  7.06 16.98  7.38  8.96 14.34 13.48 14.18
 5455.25  6.73  6.41  9.59  5.90  6.26  7.06 17.11  7.39  8.96 14.31 13.48 14.18
 5456.25  6.83  6.50  9.65  5.98  6.35  7.14 17.39  7.48  9.06 14.41 13.61 14.32
 5457.25  6.93  6.59  9.72  6.07  6.45  7.24 17.69  7.59  9.17 14.53 13.76 14.48
 5458.25  6.82  6.48  9.52  5.98  6.35  7.12 17.63  7.48  9.03 14.33 13.59 14.31
 5459.25  6.72  6.38  9.33  5.89  6.26  7.01 17.58  7.37  8.89 14.13 13.43 14.14
 5460.25  6.67  6.32  9.20  5.84  6.21  6.95 17.61  7.32  8.81 14.00 13.34 14.05
 5461.25  6.64  6.28  9.11  5.81  6.19  6.91 17.68  7.29  8.77 13.92 13.28 14.00
 5462.25  6.66  6.30  9.07  5.83  6.21  6.93 17.82  7.30  8.77 13.91 13.30 14.02
 5463.25  6.76  6.38  9.13  5.92  6.30  7.04 18.12  7.41  8.88 14.02 13.45 14.17
 5464.25  6.91  6.52  9.25  6.05  6.45  7.19 18.49  7.57  9.05 14.21 13.66 14.40
 5465.25  6.94  6.54  9.22  6.08  6.48  7.23 18.66  7.60  9.07 14.22 13.70 14.44
 5466.25  6.84  6.44  9.03  5.99  6.39  7.13 18.60  7.49  8.94 14.02 13.54 14.27
 5467.25  6.80  6.39  8.92  5.95  6.35  7.09 18.60  7.45  8.88 13.92 13.47 14.20
 5468.25  6.79  6.38  8.85  5.95  6.35  7.09 18.57  7.45  8.86 13.87 13.46 14.19
 5469.25  6.74  6.33  8.73  5.90  6.30  7.04 18.89  7.39  8.78 13.75 13.37 14.10
 5470.25  6.71  6.29  8.63  5.88  6.28  7.01 22.08  7.36  8.74 13.67 13.32 14.05
 5471.25  6.75  6.32  8.61  5.91  6.32  7.05 26.67  7.40  8.77 13.69 13.37 14.11
 5472.25  6.82  6.38  8.63  5.97  6.39  7.13 28.19  7.47  8.84 13.75 13.46 14.21
 5473.25  6.88  6.44  8.64  6.03  6.45  7.20 28.23  7.54  8.90 13.81 13.55 14.30
 5474.25  6.96  6.50  8.67  6.11  6.53  7.28 28.17  7.63  8.98 13.89 13.65 14.42
 5475.25  6.99  6.53  8.64  6.13  6.56  7.32 28.01  7.66  9.01 13.90 13.69 14.46
 5476.25  6.98  6.51  8.56  6.12  6.55  7.31 27.78  7.65  8.99 13.84 13.66 14.43
 5477.25  7.06  6.58  8.58  6.19  6.63  7.38 27.70  7.72  9.07 13.90 13.75 14.54
 5478.25  7.16  6.67  8.65  6.28  6.72  7.49 27.66  7.83  9.18 14.01 13.89 14.68
 5479.25  7.10  6.61  8.56  6.22  6.67  7.43 27.33  7.77  9.11 13.88 13.78 14.58
 5480.25  7.02  6.53  8.43  6.15  6.59  7.35 26.97  7.68  9.00 13.71 13.65 14.45
 5481.25  6.98  6.49  8.36  6.11  6.56  7.31 26.68  7.63  8.95 13.61 13.57 14.38
 5482.25  7.03  6.53  8.39  6.16  6.60  7.36 26.55  7.68  9.00 13.64 13.63 14.44
 5483.25  7.07  6.57  8.41  6.19  6.65  7.41 26.40  7.73  9.05 13.66 13.68 14.50
 5484.25  7.03  6.52  8.34  6.15  6.61  7.36 26.10  7.68  8.99 13.55 13.60 14.43
 5485.25  6.97  6.46  8.24  6.10  6.55  7.30 25.77  7.61  8.92 13.42 13.50 14.33
 5486.25  6.92  6.42  8.16  6.05  6.51  7.26 25.46  7.57  8.85 13.31 13.41 14.25
 5487.25  6.89  6.38  8.10  6.02  6.48  7.22 25.16  7.53  8.81 13.24 13.35 14.19
 5488.25  6.91  6.40  8.10  6.04  6.50  7.25 24.98  7.56  8.83 13.25 13.37 14.21
 5489.25  6.97  6.45  8.14  6.10  6.56  7.31 24.86  7.63  8.90 13.32 13.44 14.30
 5490.25  6.96  6.43  8.09  6.08  6.55  7.30 24.59  7.61  8.87 13.27 13.40 14.26
 5491.25  6.87  6.35  7.97  6.00  6.47  7.21 24.20  7.53  8.76 13.13 13.26 14.12
 5492.25  6.76  6.24  7.82  5.90  6.36  7.10 23.76  7.42  8.63 12.94 13.08 13.95
 5493.25  6.74  6.22  7.77  5.88  6.34  7.08 23.49  7.40  8.59 12.89 13.03 13.91
 5494.25  6.79  6.26  7.79  5.92  6.39  7.13 23.33  7.45  8.64 12.94 13.08 13.98
 5495.25  6.78  6.25  7.75  5.91  6.38  7.12 23.07  7.44  8.62 12.90 13.05 13.96
 5496.25  6.72  6.19  7.67  5.86  6.33  7.06 22.73  7.39  8.55 12.80 12.95 13.87
 5497.25  6.69  6.16  7.61  5.84  6.30  7.03 22.43  7.36  8.51 12.73 12.89 13.82
 5498.25  6.70  6.16  7.58  5.84  6.31  7.04 22.19  7.37  8.51 12.72 12.88 13.83
 5499.25  6.69  6.15  7.55  5.83  6.30  7.03 21.92  7.36  8.49 12.68 12.85 13.81
 5500.25  6.59  6.06  7.42  5.75  6.22  6.93 21.50  7.27  8.38 12.52 12.69 13.66
 5501.25  6.55  6.01  7.34  5.70  6.18  6.88 21.16  7.22  8.31 12.43 12.60 13.58
 5502.25  6.60  6.06  7.37  5.76  6.24  6.94 21.01  7.28  8.37 12.49 12.67 13.66
 5503.25  6.66  6.11  7.41  5.81  6.31  7.01 20.87  7.35  8.44 12.57 12.75 13.76
 5504.25  6.66  6.10  7.38  5.81  6.32  7.01 20.61  7.35  8.43 12.54 12.73 13.75
 5505.25  6.64  6.08  7.33  5.79  6.31  6.99 20.31  7.33  8.40 12.49 12.68 13.71
 5506.25  6.62  6.05  7.28  5.77  6.30  6.97 20.01  7.31  8.36 12.43 12.63 13.67
 5507.25  6.66  6.08  7.28  5.80  6.34  7.01 19.80  7.35  8.39 12.46 12.66 13.72
 5508.25  6.73  6.14  7.33  5.86  6.42  7.09 19.67  7.43  8.47 12.55 12.76 13.83
 5509.25  6.75  6.15  7.32  5.87  6.44  7.10 19.42  7.44  8.48 12.54 12.76 13.84
 5510.25  6.71  6.11  7.24  5.83  6.40  7.06 19.07  7.40  8.42 12.46 12.68 13.77
 5511.25  6.71  6.11  7.21  5.83  6.41  7.06 18.80  7.40  8.41 12.43 12.65 13.76
 5512.25  6.69  6.08  7.16  5.81  6.40  7.04 18.53  7.38  8.37 12.37 12.60 13.72
 5513.25  6.74  6.12  7.19  5.84  6.45  7.09 18.48  7.43  8.42 12.42 12.65 13.79
 5514.25  6.82  6.20  7.26  5.92  6.54  7.18 18.57  7.52  8.51 12.52 12.76 13.91
 5515.25  6.83  6.20  7.25  5.92  6.55  7.19 18.54  7.53  8.51 12.50 12.75 13.92
 5516.25  6.85  6.22  7.25  5.94  6.58  7.22 18.52  7.55  8.52 12.51 12.76 13.94
 5517.25  6.86  6.22  7.24  5.94  6.59  7.22 18.49  7.55  8.51 12.49 12.74 13.94
 5518.25  6.85  6.20  7.21  5.92  6.58  7.21 18.42  7.54  8.49 12.44 12.70 13.91
 5519.25  6.81  6.16  7.16  5.89  6.56  7.17 18.31  7.50  8.43 12.36 12.63 13.84
 5520.25  6.83  6.18  7.16  5.90  6.58  7.19 18.30  7.52  8.44 12.36 12.63 13.86
 5521.25  6.91  6.25  7.22  5.97  6.67  7.28 18.39  7.60  8.53 12.45 12.73 13.98
 5522.25  6.95  6.27  7.24  5.99  6.70  7.31 18.40  7.64  8.55 12.47 12.76 14.02
 5523.25  6.97  6.29  7.24  6.01  6.73  7.34 18.39  7.66  8.57 12.48 12.77 14.04
 5524.25  6.98  6.29  7.23  6.01  6.74  7.34 18.36  7.66  8.56 12.46 12.75 14.04
 5525.25  6.97  6.28  7.21  6.00  6.74  7.34 18.30  7.66  8.55 12.43 12.72 14.02
 5526.25  6.96  6.27  7.18  5.99  6.74  7.33 18.24  7.64  8.53 12.38 12.69 14.00
 5527.25  6.93  6.23  7.12  5.95  6.71  7.29 18.13  7.60  8.49 12.30 12.61 13.93
 5528.25  6.97  6.26  7.15  5.99  6.76  7.33 18.15  7.65  8.53 12.34 12.67 13.98
 5529.25  7.12  6.40  7.29  6.12  6.92  7.50 18.37  7.81  8.71 12.54 12.89 14.21
 5530.25  7.19  6.45  7.33  6.18  6.98  7.56 18.42  7.88  8.78 12.60 12.98 14.30
 5531.25  7.10  6.37  7.23  6.10  6.91  7.47 18.23  7.79  8.68 12.45 12.86 14.16
 5532.25  7.08  6.35  7.19  6.08  6.89  7.45 18.15  7.76  8.65 12.39 12.83 14.12
 5533.25  7.11  6.37  7.20  6.10  6.93  7.49 18.16  7.80  8.69 12.41 12.88 14.16
 5534.25  7.11  6.36  7.17  6.09  6.93  7.48 18.10  7.79  8.68 12.37 12.87 14.14
 5535.25  7.10  6.35  7.15  6.08  6.93  7.47 18.04  7.79  8.67 12.34 12.86 14.12
 5536.25  7.15  6.38  7.17  6.12  6.97  7.52 18.06  7.84  8.71 12.37 12.92 14.18
 5537.25  7.14  6.37  7.15  6.11  6.97  7.51 18.00  7.84  8.70 12.34 12.91 14.16
 5538.25  7.07  6.30  7.06  6.04  6.91  7.44 17.84  7.77  8.62 12.21 12.81 14.04
 5539.25  7.04  6.26  7.00  6.01  6.87  7.40 17.72  7.73  8.57 12.14 12.75 13.97
 5540.25  7.04  6.25  6.98  6.00  6.88  7.39 17.67  7.74  8.56 12.12 12.75 13.95
 5541.25  7.02  6.23  6.94  5.98  6.87  7.38 17.59  7.73  8.54 12.09 12.73 13.92
 5542.25  6.92  6.13  6.82  5.89  6.77  7.26 17.36  7.61  8.41 11.93 12.57 13.74
 5543.25  6.58  5.82  6.46  5.58  6.45  6.91 16.72  7.25  8.02 11.43 12.06 13.20
 5544.25  6.49  5.73  6.36  5.50  6.37  6.82 16.51  7.16  7.91 11.28 11.92 13.05
 5545.25  6.49  5.73  6.34  5.50  6.38  6.81 16.46  7.17  7.91 11.27 11.92 13.03
 5546.25  6.28  5.53  6.11  5.31  6.17  6.58 16.01  6.94  7.65 10.94 11.58 12.67
 5547.25  6.61  5.82  6.42  5.59  6.51  6.92 16.56  7.30  8.03 11.42 12.09 13.20
 5548.25  6.91  6.09  6.69  5.85  6.81  7.21 17.03  7.62  8.37 11.84 12.53 13.65
 5549.25  6.91  6.09  6.68  5.85  6.82  7.19 16.98  7.63  8.37 11.83 12.54 13.66
 5550.25  6.79  5.96  6.54  5.73  6.70  7.04 16.71  7.49  8.22 11.64 12.34 13.48
 5551.25  6.77  5.94  6.51  5.71  6.69  7.00 16.62  7.48  8.19 11.60 12.31 13.47
 5552.25  6.83  5.99  6.56  5.76  6.76  7.05 16.68  7.55  8.26 11.68 12.40 13.59
 5553.25  6.85  6.00  6.57  5.78  6.79  7.05 16.66  7.57  8.28 11.69 12.43 13.64
 5554.25  6.89  6.03  6.59  5.80  6.83  7.07 16.67  7.61  8.31 11.73 12.47 13.71
 5555.25  6.93  6.07  6.62  5.84  6.88  7.09 16.69  7.66  8.36 11.78 12.54 13.80
 5556.25  7.02  6.14  6.69  5.91  6.98  7.17 16.79  7.76  8.46 11.90 12.67 13.96
 5557.25  7.02  6.14  6.68  5.91  6.99  7.15 16.74  7.77  8.45 11.89 12.66 13.98
 5558.25  6.98  6.09  6.62  5.86  6.95  7.08 16.61  7.72  8.39 11.81 12.59 13.93
 5559.25  7.02  6.12  6.65  5.90  7.00  7.11 16.62  7.77  8.43 11.86 12.65 14.01
 5560.25  6.99  6.09  6.61  5.87  6.98  7.06 16.52  7.74  8.40 11.81 12.61 13.99
 5561.25  6.99  6.09  6.60  5.86  6.99  7.04 16.46  7.74  8.39 11.79 12.60 14.00
 5562.25  7.04  6.12  6.63  5.90  7.04  7.07 16.48  7.80  8.44 11.85 12.67 14.10
 5563.25  7.05  6.12  6.62  5.90  7.06  7.06 16.44  7.81  8.44 11.85 12.68 14.13
 5564.25  6.77  5.87  6.35  5.66  6.79  6.76 15.91  7.51  8.12 11.44 12.26 13.71
 5565.25  6.18  5.34  5.78  5.14  6.21  6.16 14.82  6.88  7.44 10.57 11.36 12.77
 5566.25  6.47  5.60  6.04  5.39  6.50  6.43 15.28  7.20  7.77 10.99 11.81 13.27
 5567.25  7.08  6.14  6.62  5.92  7.13  7.03 16.28  7.87  8.47 11.86 12.73 14.27
 5568.25  7.18  6.23  6.69  6.00  7.24  7.11 16.38  7.97  8.58 11.99 12.86 14.44
 5569.25  7.15  6.20  6.67  5.98  7.23  7.07 16.29  7.96  8.55 11.95 12.83 14.43
 5570.25  6.99  6.06  6.50  5.84  7.07  6.89 15.98  7.79  8.37 11.71 12.60 14.20
 5571.25  6.94  6.01  6.45  5.80  7.04  6.83 15.85  7.75  8.31 11.64 12.53 14.15
 5572.25  7.15  6.19  6.63  5.97  7.26  7.02 16.13  7.97  8.54 11.92 12.83 14.50
 5573.25  7.26  6.29  6.73  6.07  7.38  7.12 16.26  8.10  8.67 12.07 13.00 14.69
 5574.25  7.43  6.45  6.88  6.22  7.57  7.27 16.48  8.30  8.86 12.30 13.25 14.98
 5575.25  7.36  6.38  6.81  6.15  7.51  7.19 16.32  8.23  8.78 12.20 13.15 14.90
 5576.25  6.49  5.60  5.98  5.40  6.64  6.32 14.80  7.29  7.79 10.95 11.85 13.52
 5577.25  2.71  2.31  2.48  2.22  2.78  2.63  6.85  3.08  3.30  4.84  5.31  6.19
 5578.25  1.01  0.86  0.92  0.83  1.04  0.98  2.63  1.15  1.24  1.84  2.02  2.38
 5579.25  0.88  0.75  0.80  0.72  0.91  0.85  2.29  1.01  1.08  1.60  1.77  2.08
 5580.25  1.90  1.62  1.73  1.55  1.96  1.83  4.83  2.17  2.32  3.43  3.77  4.44
 5581.25  5.60  4.81  5.12  4.64  5.76  5.40 12.89  6.34  6.73  9.57 10.42 12.05
 5582.25  7.08  6.11  6.49  5.90  7.26  6.82 15.52  7.97  8.44 11.77 12.77 14.64
 5583.25  7.14  6.17  6.54  5.95  7.32  6.86 15.57  8.04  8.50 11.86 12.89 14.76
 5584.25  7.37  6.37  6.75  6.15  7.54  7.07 15.87  8.29  8.75 12.16 13.25 15.14
 5585.25  7.44  6.43  6.82  6.21  7.61  7.13 15.94  8.37  8.84 12.26 13.40 15.28
 5586.25  7.44  6.43  6.81  6.21  7.59  7.11 15.88  8.37  8.83 12.25 13.43 15.30
 5587.25  7.45  6.44  6.82  6.22  7.60  7.11 15.86  8.39  8.84 12.27 13.49 15.35
 5588.25  7.54  6.52  6.89  6.30  7.68  7.19 15.94  8.49  8.93 12.38 13.66 15.50
 5589.25  7.31  6.30  6.67  6.09  7.44  6.95 15.53  8.24  8.67 12.06 13.36 15.17
 5590.25  6.56  5.64  5.97  5.44  6.67  6.22 14.28  7.42  7.82 11.00 12.28 14.01
 5591.25  6.60  5.67  6.00  5.47  6.70  6.25 14.29  7.46  7.85 11.05 12.37 14.09
 5592.25  7.18  6.18  6.53  5.97  7.28  6.79 15.17  8.09  8.50 11.85 13.28 15.04
 5593.25  7.28  6.26  6.62  6.06  7.37  6.88 15.28  8.21  8.61 11.98 13.47 15.22
 5594.25  7.25  6.24  6.59  6.03  7.34  6.85 15.19  8.18  8.58 11.94 13.47 15.21
 5595.25  7.23  6.21  6.56  6.01  7.30  6.81 15.10  8.15  8.55 11.89 13.47 15.19
 5596.25  7.24  6.23  6.58  6.02  7.31  6.82 15.08  8.18  8.56 11.90 13.53 15.25
 5597.25  7.13  6.13  6.47  5.93  7.19  6.71 14.86  8.06  8.44 11.74 13.41 15.10
 5598.25  6.96  5.97  6.30  5.78  7.01  6.53 14.53  7.87  8.24 11.49 13.19 14.85
 5599.25  6.77  5.80  6.13  5.61  6.82  6.35 14.19  7.67  8.02 11.22 12.94 14.57
 5600.25  6.98  5.99  6.32  5.79  7.02  6.54 14.47  7.90  8.26 11.50 13.29 14.93
 5601.25  7.16  6.15  6.48  5.95  7.19  6.70 14.70  8.10  8.45 11.74 13.60 15.24
 5602.25  7.23  6.21  6.54  6.01  7.25  6.76 14.75  8.17  8.53 11.82 13.74 15.37
 5603.25  7.25  6.23  6.56  6.03  7.27  6.78 14.74  8.21  8.55 11.85 13.82 15.44
 5604.25  7.24  6.22  6.55  6.02  7.25  6.76 14.66  8.20  8.54 11.82 13.84 15.45
 5605.25  6.97  5.97  6.29  5.78  6.97  6.49 14.17  7.90  8.22 11.43 13.46 15.03
 5606.25  6.22  5.31  5.60  5.14  6.22  5.78 12.90  7.08  7.38 10.36 12.32 13.80
 5607.25  6.25  5.34  5.62  5.17  6.24  5.80 12.89  7.12  7.41 10.40 12.41 13.86
 5608.25  6.92  5.92  6.23  5.74  6.90  6.42 13.91  7.85  8.16 11.34 13.50 14.97
 5609.25  7.12  6.10  6.41  5.92  7.09  6.60 14.16  8.08  8.39 11.61 13.84 15.29
 5610.25  7.11  6.08  6.40  5.91  7.07  6.58 14.08  8.06  8.37 11.58 13.86 15.27
 5611.25  7.12  6.09  6.40  5.91  7.07  6.58 14.03  8.08  8.37 11.58 13.91 15.28
 5612.25  7.10  6.08  6.39  5.91  7.06  6.56 13.95  8.07  8.36 11.56 13.93 15.25
 5613.25  7.05  6.03  6.33  5.86  6.99  6.50 13.80  8.01  8.29 11.47 13.88 15.16
 5614.25  7.04  6.02  6.32  5.85  6.98  6.49 13.72  8.00  8.28 11.45 13.90 15.14
 5615.25  7.16  6.12  6.42  5.95  7.08  6.59 13.83  8.13  8.41 11.60 14.11 15.32
 5616.25  7.35  6.29  6.60  6.13  7.27  6.76 14.06  8.35  8.62 11.85 14.45 15.62
 5617.25  7.42  6.35  6.67  6.19  7.34  6.82 14.10  8.43  8.70 11.94 14.59 15.73
 5618.25  7.09  6.05  6.35  5.90  7.00  6.50 13.54  8.06  8.32 11.47 14.12 15.20
 5619.25  7.02  5.99  6.29  5.84  6.92  6.43 13.38  7.99  8.24 11.37 14.05 15.08
 5620.25  7.25  6.19  6.50  6.04  7.13  6.64 13.66  8.25  8.50 11.67 14.44 15.44
 5621.25  7.31  6.24  6.55  6.09  7.18  6.68 13.68  8.31  8.56 11.74 14.56 15.53
 5622.25  7.32  6.24  6.55  6.10  7.16  6.68 13.63  8.32  8.56 11.75 14.61 15.54
 5623.25  7.32  6.24  6.55  6.10  7.14  6.67 13.56  8.33  8.56 11.74 14.64 15.53
 5624.25  7.00  5.96  6.26  5.83  6.81  6.37 13.03  7.98  8.20 11.29 14.19 15.02
 5625.25  6.54  5.54  5.83  5.42  6.34  5.93 12.28  7.47  7.68 10.65 13.51 14.29
 5626.25  7.01  5.95  6.25  5.82  6.77  6.35 12.93  7.99  8.19 11.29 14.30 15.06
 5627.25  7.51  6.37  6.69  6.24  7.22  6.79 13.58  8.52  8.72 11.94 15.08 15.82
 5628.25  7.54  6.39  6.71  6.27  7.22  6.81 13.55  8.55  8.73 11.96 15.16 15.85
 5629.25  7.50  6.34  6.66  6.22  7.15  6.75 13.41  8.51  8.66 11.88 15.11 15.77
 5630.25  7.45  6.28  6.60  6.17  7.07  6.68 13.25  8.46  8.58 11.79 15.05 15.67
 5631.25  7.48  6.30  6.61  6.18  7.07  6.69 13.21  8.50  8.59 11.80 15.12 15.69
 5632.25  7.56  6.35  6.67  6.24  7.11  6.76 13.24  8.60  8.65 11.88 15.26 15.79
 5633.25  7.56  6.34  6.66  6.23  7.08  6.75 13.16  8.61  8.62 11.86 15.27 15.77
 5634.25  7.61  6.37  6.69  6.27  7.09  6.78 13.15  8.67  8.66 11.90 15.37 15.82
 5635.25  7.67  6.40  6.72  6.30  7.11  6.82 13.14  8.74  8.69 11.94 15.46 15.88
 5636.25  7.67  6.39  6.71  6.30  7.08  6.82 13.06  8.76  8.67 11.92 15.49 15.86
 5637.25  7.68  6.39  6.71  6.29  7.05  6.81 12.99  8.77  8.65 11.91 15.52 15.85
 5638.25  7.71  6.40  6.72  6.31  7.05  6.84 12.95  8.82  8.66 11.92 15.58 15.88
 5639.25  7.73  6.40  6.72  6.31  7.03  6.84 12.89  8.84  8.65 11.92 15.62 15.88
 5640.25  7.52  6.21  6.52  6.12  6.81  6.64 12.52  8.63  8.40 11.62 15.33 15.54
 5641.25  7.47  6.16  6.46  6.07  6.73  6.58 12.36  8.58  8.32 11.52 15.27 15.44
 5642.25  7.72  6.37  6.68  6.28  6.93  6.81 12.63  8.87  8.57 11.83 15.68 15.80
 5643.25  7.71  6.35  6.65  6.26  6.89  6.79 12.53  8.87  8.54 11.80 15.68 15.77
 5644.25  7.60  6.24  6.54  6.16  6.75  6.68 12.29  8.75  8.39 11.62 15.53 15.58
 5645.25  7.47  6.12  6.42  6.05  6.61  6.56 12.05  8.63  8.24 11.43 15.37 15.37
 5646.25  7.12  5.80  6.09  5.74  6.26  6.23 11.48  8.25  7.83 10.93 14.84 14.80
 5647.25  7.07  5.75  6.03  5.69  6.18  6.17 11.33  8.20  7.76 10.83 14.77 14.69
 5648.25  7.37  6.00  6.29  5.95  6.42  6.44 11.69  8.55  8.06 11.21 15.27 15.15
 5649.25  7.44  6.05  6.34  6.01  6.46  6.50 11.75  8.64  8.12 11.27 15.41 15.25
 5650.25  7.46  6.06  6.34  6.02  6.44  6.50 11.72  8.67  8.11 11.26 15.45 15.25
 5651.25  7.55  6.12  6.40  6.09  6.49  6.57 11.80  8.78  8.18 11.35 15.61 15.37
 5652.25  7.57  6.13  6.41  6.10  6.48  6.58 11.78  8.81  8.18 11.35 15.66 15.38
 5653.25  7.53  6.09  6.37  6.07  6.42  6.54 11.69  8.78  8.12 11.27 15.63 15.31
 5654.25  7.02  5.64  5.90  5.63  5.93  6.07 10.95  8.21  7.55 10.56 14.82 14.47
 5655.25  4.28  3.39  3.55  3.38  3.56  3.66  6.91  5.08  4.62  6.65  9.75  9.46
 5656.25  2.48  1.94  2.04  1.94  2.04  2.10  4.05  2.95  2.67  3.90  5.87  5.66
 5657.25  2.79  2.19  2.29  2.19  2.28  2.37  4.54  3.33  3.00  4.37  6.59  6.34
 5658.25  5.51  4.35  4.55  4.36  4.52  4.70  8.61  6.50  5.86  8.33 12.16 11.71
 5659.25  7.24  5.76  6.02  5.78  5.96  6.20 11.01  8.48  7.65 10.68 15.25 14.69
 5660.25  7.01  5.55  5.80  5.58  5.73  5.99 10.66  8.23  7.39 10.35 14.89 14.30
 5661.25  7.55  5.99  6.26  6.02  6.17  6.46 11.32  8.84  7.92 11.01 15.76 15.12
 5662.25  7.98  6.33  6.61  6.37  6.50  6.82 11.82  9.31  8.33 11.51 16.41 15.72
 5663.25  8.39  6.67  6.95  6.72  6.83  7.18 12.28  9.77  8.73 11.99 17.02 16.28
 5664.25  8.68  6.89  7.19  6.95  7.05  7.42 12.58 10.09  8.99 12.30 17.43 16.64
 5665.25  8.66  6.86  7.15  6.93  7.01  7.39 12.51 10.07  8.94 12.24 17.42 16.58
 5666.25  8.79  6.95  7.24  7.03  7.09  7.49 12.61 10.21  9.04 12.35 17.60 16.71
 5667.25  8.97  7.10  7.39  7.18  7.22  7.64 12.78 10.42  9.19 12.53 17.87 16.92
 5668.25  9.12  7.21  7.50  7.30  7.32  7.76 12.90 10.58  9.31 12.67 18.07 17.07
 5669.25  9.13  7.19  7.49  7.29  7.30  7.75 12.85 10.59  9.29 12.64 18.09 17.04
 5670.25  8.71  6.82  7.10  6.92  6.91  7.36 12.30 10.14  8.84 12.10 17.54 16.45
 5671.25  8.44  6.58  6.85  6.68  6.65  7.10 11.93  9.85  8.54 11.75 17.18 16.04
 5672.25  8.57  6.66  6.94  6.78  6.73  7.20 12.02  9.99  8.63 11.86 17.36 16.18
 5673.25  8.59  6.66  6.94  6.79  6.72  7.20 12.00 10.01  8.62 11.84 17.40 16.17
 5674.25  8.60  6.65  6.93  6.79  6.70  7.19 11.96 10.03  8.61 11.82 17.43 16.15
 5675.25  8.71  6.72  7.01  6.87  6.76  7.26 12.04 10.15  8.69 11.91 17.59 16.25
 5676.25  8.81  6.78  7.08  6.94  6.82  7.33 12.10 10.28  8.76 11.99 17.74 16.35
 5677.25  8.82  6.77  7.07  6.94  6.80  7.32 12.07 10.34  8.75 11.97 17.77 16.33
 5678.25  8.74  6.68  6.98  6.87  6.70  7.22 11.92 10.31  8.64 11.84 17.66 16.18
 5679.25  8.63  6.58  6.88  6.77  6.59  7.10 11.74 10.25  8.51 11.67 17.53 16.00
 5680.25  8.60  6.52  6.82  6.72  6.53  7.05 11.64 10.27  8.45 11.59 17.48 15.91
 5681.25  8.55  6.47  6.77  6.68  6.46  6.98 11.54 10.28  8.38 11.50 17.43 15.81
 5682.25  8.45  6.36  6.66  6.59  6.35  6.87 11.36 10.22  8.25 11.34 17.29 15.63
 5683.25  8.44  6.33  6.64  6.58  6.31  6.84 11.30 10.26  8.22 11.29 17.28 15.57
 5684.25  8.58  6.43  6.74  6.71  6.41  6.94 11.42 10.48  8.34 11.43 17.50 15.74
 5685.25  8.52  6.37  6.68  6.66  6.33  6.87 11.30 10.47  8.26 11.32 17.42 15.62
 5686.25  8.37  6.22  6.53  6.54  6.18  6.71 11.07 10.35  8.08 11.10 17.21 15.37
 5687.25  8.40  6.23  6.54  6.56  6.18  6.72 11.05 10.44  8.09 11.10 17.26 15.37
 5688.25  8.60  6.37  6.70  6.74  6.32  6.87 11.24 10.73  8.26 11.31 17.56 15.61
 5689.25  8.59  6.35  6.68  6.73  6.29  6.84 11.19 10.78  8.23 11.26 17.57 15.57
 5690.25  8.36  6.14  6.47  6.54  6.07  6.62 10.86 10.56  7.98 10.95 17.23 15.20
 5691.25  8.43  6.19  6.52  6.60  6.11  6.66 10.90 10.70  8.03 11.00 17.35 15.27
 5692.25  8.40  6.15  6.48  6.58  6.06  6.62 10.82 10.72  7.98 10.94 17.30 15.20
 5693.25  8.31  6.05  6.39  6.51  5.96  6.52 10.66 10.67  7.87 10.79 17.13 15.03
 5694.25  8.40  6.11  6.46  6.59  6.01  6.57 10.72 10.83  7.94 10.86 17.19 15.12
 5695.25  8.52  6.18  6.54  6.69  6.08  6.65 10.81 11.02  8.03 10.97 17.29 15.25
 5696.25  8.54  6.19  6.55  6.71  6.07  6.65 10.80 11.10  8.03 10.96 17.26 15.25
 5697.25  8.38  6.04  6.40  6.58  5.92  6.49 10.56 10.96  7.85 10.74 16.95 14.98
 5698.25  8.25  5.92  6.28  6.47  5.80  6.37 10.36 10.86  7.71 10.55 16.69 14.77
 5699.25  8.38  6.01  6.38  6.59  5.88  6.46 10.47 11.07  7.81 10.67 16.82 14.92
 5700.25  8.48  6.07  6.45  6.67  5.93  6.52 10.54 11.23  7.88 10.75 16.89 15.02
 5701.25  8.44  6.02  6.40  6.64  5.88  6.46 10.45 11.24  7.82 10.66 16.76 14.93
 5702.25  8.45  6.01  6.40  6.65  5.86  6.45 10.41 11.30  7.81 10.64 16.70 14.90
 5703.25  8.41  5.96  6.36  6.62  5.82  6.40 10.32 11.31  7.75 10.56 16.58 14.82
 5704.25  8.38  5.92  6.32  6.60  5.78  6.35 10.25 11.32  7.70 10.49 16.47 14.75
 5705.25  8.40  5.92  6.33  6.62  5.77  6.35 10.23 11.40  7.70 10.48 16.44 14.74
 5706.25  8.43  5.92  6.34  6.64  5.77  6.35 10.21 11.48  7.71 10.48 16.41 14.74
 5707.25  8.50  5.96  6.38  6.70  5.81  6.39 10.24 11.61  7.75 10.52 16.44 14.81
 5708.25  8.49  5.93  6.36  6.70  5.78  6.36 10.19 11.65  7.72 10.48 16.36 14.76
 5709.25  8.50  5.92  6.36  6.71  5.77  6.35 10.16 11.72  7.71 10.46 16.31 14.74
 5710.25  8.61  5.99  6.44  6.81  5.84  6.42 10.24 11.90  7.80 10.55 16.40 14.86
 5711.25  8.64  5.99  6.45  6.83  5.84  6.42 10.22 11.98  7.80 10.54 16.37 14.86
 5712.25  8.62  5.96  6.43  6.82  5.81  6.39 10.16 12.01  7.77 10.49 16.28 14.81
 5713.25  8.64  5.96  6.43  6.84  5.80  6.39 10.13 12.08  7.76 10.48 16.23 14.80
 5714.25  8.56  5.87  6.35  6.77  5.72  6.30 10.00 12.03  7.66 10.35 16.05 14.65
 5715.25  8.51  5.83  6.31  6.75  5.68  6.25  9.92 12.03  7.61 10.28 15.93 14.57
 5716.25  8.55  5.87  6.36  6.81  5.71  6.29  9.95 12.17  7.66 10.33 15.96 14.63
 5717.25  8.54  5.87  6.37  6.84  5.71  6.30  9.94 12.25  7.66 10.32 15.93 14.63
 5718.25  8.44  5.80  6.31  6.79  5.65  6.23  9.83 12.22  7.58 10.22 15.78 14.52
 5719.25  8.44  5.81  6.32  6.83  5.65  6.24  9.82 12.31  7.59 10.22 15.76 14.53
 5720.25  8.47  5.84  6.36  6.91  5.68  6.27  9.85 12.44  7.63 10.26 15.78 14.58
 5721.25  8.48  5.86  6.39  6.97  5.70  6.29  9.86 12.55  7.66 10.29 15.79 14.62
 5722.25  8.45  5.85  6.39  7.00  5.69  6.28  9.83 12.61  7.65 10.26 15.73 14.60
 5723.25  8.37  5.80  6.33  6.98  5.64  6.22  9.73 12.60  7.58 10.17 15.59 14.49
 5724.25  8.38  5.81  6.35  7.04  5.65  6.24  9.73 12.74  7.61 10.19 15.59 14.52
 5725.25  8.45  5.88  6.42  7.16  5.72  6.31  9.81 12.98  7.69 10.28 15.68 14.63
 5726.25  8.44  5.88  6.42  7.20  5.72  6.31  9.79 13.12  7.70 10.28 15.64 14.63
 5727.25  8.44  5.89  6.43  7.26  5.73  6.33  9.79 13.29  7.72 10.29 15.63 14.64
 5728.25  8.43  5.90  6.43  7.31  5.73  6.33  9.79 13.44  7.73 10.29 15.61 14.65
 5729.25  8.47  5.94  6.47  7.40  5.77  6.37  9.82 13.64  7.78 10.34 15.64 14.71
 5730.25  8.50  5.97  6.51  7.48  5.80  6.41  9.85 13.84  7.83 10.38 15.67 14.76
 5731.25  8.47  5.96  6.49  7.51  5.79  6.40  9.81 13.96  7.82 10.35 15.61 14.74
 5732.25  8.49  5.98  6.52  7.58  5.81  6.43  9.83 14.14  7.86 10.38 15.63 14.78
 5733.25  8.59  6.07  6.61  7.73  5.90  6.52  9.94 14.43  7.97 10.50 15.75 14.92
 5734.25  8.58  6.07  6.61  7.77  5.90  6.52  9.92 14.57  7.98 10.50 15.71 14.92
 5735.25  8.51  6.03  6.56  7.77  5.86  6.48  9.84 14.64  7.93 10.43 15.61 14.85
 5736.25  8.40  5.96  6.48  7.72  5.79  6.40  9.73 14.66  7.85 10.32 15.45 14.72
 5737.25  8.38  5.95  6.47  7.76  5.78  6.39  9.70 14.78  7.85 10.30 15.40 14.70
 5738.25  8.45  6.02  6.54  7.88  5.84  6.46  9.78 15.03  7.93 10.39 15.48 14.81
 5739.25  8.48  6.06  6.58  7.96  5.87  6.50  9.82 15.23  7.98 10.43 15.51 14.86
 5740.25  8.42  6.02  6.53  7.96  5.83  6.46  9.76 15.30  7.94 10.37 15.40 14.79
 5741.25  8.44  6.05  6.56  8.04  5.86  6.49  9.80 15.48  7.98 10.41 15.42 14.84
 5742.25  8.49  6.11  6.62  8.15  5.91  6.55  9.87 15.71  8.05 10.47 15.48 14.92
 5743.25  8.23  5.92  6.41  7.95  5.72  6.34  9.59 15.50  7.82 10.18 15.10 14.58
 5744.25  7.99  5.74  6.22  7.77  5.55  6.15  9.33 15.30  7.60  9.91 14.74 14.25
 5745.25  8.18  5.90  6.38  8.01  5.70  6.32  9.55 15.73  7.80 10.14 14.99 14.54
 5746.25  8.19  5.93  6.42  8.09  5.73  6.35  9.59 15.92  7.85 10.18 15.02 14.59
 5747.25  8.15  5.92  6.40  8.11  5.72  6.34  9.56 16.02  7.84 10.15 14.96 14.55
 5748.25  8.15  5.94  6.41  8.17  5.73  6.35  9.58 16.18  7.86 10.16 14.96 14.57
 5749.25  8.15  5.96  6.43  8.24  5.75  6.37  9.60 16.35  7.89 10.19 14.99 14.61
 5750.25  8.09  5.94  6.40  8.25  5.73  6.35  9.56 16.43  7.86 10.16 14.93 14.56
 5751.25  8.00  5.88  6.34  8.22  5.67  6.29  9.47 16.45  7.80 10.07 14.82 14.45
 5752.25  7.96  5.87  6.32  8.24  5.66  6.27  9.45 16.56  7.79 10.06 14.79 14.42
 5753.25  7.95  5.88  6.33  8.30  5.67  6.28  9.46 16.71  7.81 10.08 14.80 14.44
 5754.25  7.92  5.88  6.33  8.34  5.67  6.28  9.45 16.84  7.81 10.08 14.79 14.43
 5755.25  7.86  5.85  6.29  8.34  5.63  6.25  9.40 16.89  7.77 10.03 14.71 14.36
 5756.25  7.76  5.80  6.23  8.31  5.58  6.19  9.31 16.91  7.70  9.94 14.59 14.25
 5757.25  7.65  5.72  6.15  8.29  5.51  6.11  9.20 16.88  7.61  9.83 14.44 14.10
 5758.25  7.58  5.69  6.11  8.32  5.47  6.07  9.15 16.92  7.57  9.77 14.36 14.03
 5759.25  7.53  5.68  6.09  8.37  5.46  6.06  9.12 17.01  7.55  9.74 14.31 13.98
 5760.25  7.49  5.66  6.07  8.43  5.44  6.04  9.09 17.09  7.53  9.72 14.26 13.94
 5761.25  7.43  5.64  6.04  8.47  5.41  6.02  9.04 17.15  7.49  9.67 14.19 13.88
 5762.25  7.50  5.71  6.12  8.64  5.48  6.10  9.14 17.41  7.58  9.77 14.30 13.99
 5763.25  7.55  5.77  6.18  8.80  5.54  6.16  9.22 17.64  7.65  9.85 14.39 14.09
 5764.25  7.49  5.74  6.15  8.84  5.51  6.14  9.17 17.69  7.62  9.81 14.32 14.02
 5765.25  7.37  5.67  6.07  8.81  5.43  6.06  9.05 17.65  7.52  9.68 14.16 13.87
 5766.25  7.28  5.62  6.02  8.82  5.39  6.01  8.98 17.66  7.46  9.61 14.05 13.76
 5767.25  7.27  5.63  6.03  8.91  5.40  6.03  8.99 17.79  7.47  9.62 14.05 13.77
 5768.25  7.21  5.60  6.00  8.94  5.36  6.00  8.94 17.84  7.43  9.57 13.97 13.70
 5769.25  7.15  5.57  5.96  8.97  5.33  5.97  8.89 17.88  7.39  9.52 13.90 13.63
 5770.25  7.15  5.59  5.98  9.07  5.35  5.99  8.91 18.02  7.42  9.54 13.91 13.65
 5771.25  7.29  5.74  6.13  9.35  5.49  6.14  9.10 18.35  7.59  9.74 14.15 13.89
 5772.25  7.41  5.86  6.26  9.60  5.60  6.27  9.26 18.54  7.74  9.91 14.35 14.09
 5773.25  7.40  5.88  6.27  9.69  5.61  6.29  9.27 19.21  7.75  9.93 14.35 14.10
 5774.25  7.41  5.91  6.30  9.81  5.64  6.32  9.31 23.51  7.79  9.96 14.38 14.13
 5775.25  7.42  5.94  6.33  9.92  5.66  6.35  9.33 28.66  7.82  9.99 14.40 14.16
 5776.25  7.43  5.97  6.35 10.03  5.69  6.38  9.36 29.97  7.85 10.02 14.43 14.19
 5777.25  7.38  5.94  6.32 10.06  5.65  6.35  9.31 29.80  7.82  9.97 14.35 14.12
 5778.25  7.26  5.86  6.23 10.01  5.57  6.27  9.19 29.42  7.72  9.84 14.18 13.96
 5779.25  7.22  5.84  6.20 10.06  5.55  6.25  9.15 29.18  7.70  9.81 14.12 13.92
 5780.25  7.27  5.90  6.27 10.22  5.60  6.31  9.22 29.10  7.77  9.89 14.21 14.03
 5781.25  7.35  5.98  6.35 10.41  5.68  6.40  9.32 29.06  7.87  9.99 14.32 14.17
 5782.25  7.39  6.03  6.39 10.55  5.72  6.45  9.38 28.95  7.93 10.05 14.38 14.25
 5783.25  7.39  6.04  6.41 10.64  5.74  6.46  9.40 28.77  7.95 10.06 14.38 14.29
 5784.25  7.41  6.08  6.44 10.77  5.77  6.50  9.45 28.64  8.00 10.10 14.42 14.35
 5785.25  7.40  6.09  6.44 10.85  5.78  6.51  9.46 28.43  8.01 10.10 14.40 14.37
 5786.25  7.39  6.10  6.45 10.94  5.79  6.52  9.48 28.25  8.03 10.11 14.40 14.39
 5787.25  7.42  6.14  6.49 11.07  5.82  6.56  9.53 28.11  8.07 10.15 14.44 14.46
 5788.25  7.36  6.11  6.45 11.09  5.79  6.53  9.49 27.82  8.03 10.10 14.36 14.41
 5789.25  7.30  6.07  6.41 11.10  5.75  6.49  9.44 27.53  7.99 10.03 14.27 14.35
 5790.25  7.23  6.03  6.36 11.11  5.71  6.45  9.39 27.23  7.94  9.97 14.17 14.28
 5791.25  7.12  5.95  6.27 11.06  5.63  6.36  9.28 26.84  7.84  9.84 14.01 14.15
 5792.25  7.09  5.94  6.26 11.11  5.62  6.35  9.27 26.59  7.83  9.82 13.96 14.13
 5793.25  7.10  5.96  6.29 11.21  5.65  6.38  9.31 26.43  7.87  9.85 13.99 14.18
 5794.25  7.01  5.90  6.22 11.12  5.58  6.31  9.22 26.07  7.79  9.74 13.85 14.07
 5795.25  7.01  5.92  6.24 11.12  5.60  6.33  9.25 25.88  7.81  9.76 13.86 14.11
 5796.25  7.15  6.06  6.38 11.30  5.74  6.48  9.45 25.94  7.99  9.95 14.07 14.36
 5797.25  7.17  6.09  6.41 11.30  5.76  6.51  9.49 25.77  8.02  9.99 14.10 14.41
 5798.25  6.69  5.69  5.99 10.63  5.37  6.09  8.94 24.68  7.53  9.40 13.37 13.70
 5799.25  6.74  5.75  6.05 10.69  5.43  6.15  9.03 24.58  7.61  9.48 13.46 13.82
 5800.25  7.13  6.11  6.43 11.19  5.77  6.53  9.52 25.10  8.05  9.98 14.05 14.45
 5801.25  7.03  6.03  6.35 11.04  5.70  6.45  9.42 24.71  7.96  9.87 13.90 14.32
 5802.25  6.94  5.97  6.29 10.91  5.65  6.39  9.35 24.35  7.89  9.78 13.78 14.22
 5803.25  6.85  5.91  6.22 10.77  5.59  6.33  9.27 23.99  7.81  9.70 13.66 14.12
 5804.25  6.76  5.84  6.15 10.62  5.52  6.26  9.17 23.59  7.73  9.59 13.53 14.00
 5805.25  6.77  5.86  6.17 10.61  5.54  6.29  9.21 23.40  7.76  9.63 13.56 14.04
 5806.25  6.78  5.88  6.20 10.61  5.56  6.32  9.24 23.20  7.79  9.66 13.60 14.09
 5807.25  6.78  5.89  6.20 10.57  5.57  6.32  9.26 22.97  7.80  9.67 13.60 14.10
 5808.25  6.74  5.86  6.18 10.50  5.55  6.30  9.23 22.67  7.77  9.64 13.56 14.07
 5809.25  6.72  5.85  6.17 10.44  5.53  6.29  9.21 22.39  7.76  9.62 13.53 14.05
 5810.25  6.67  5.81  6.13 10.34  5.50  6.26  9.16 22.06  7.71  9.57 13.46 13.99
 5811.25  6.64  5.79  6.11 10.27  5.48  6.24  9.15 21.77  7.69  9.55 13.43 13.96
 5812.25  6.62  5.78  6.10 10.21  5.47  6.23  9.14 21.50  7.69  9.53 13.41 13.95
 5813.25  6.59  5.77  6.08 10.15  5.46  6.22  9.12 21.20  7.67  9.51 13.37 13.92
 5814.25  6.60  5.79  6.10 10.14  5.48  6.25  9.15 20.99  7.70  9.54 13.40 13.96
 5815.25  6.60  5.79  6.11 10.10  5.48  6.25  9.16 20.74  7.70  9.55 13.41 13.98
 5816.25  6.61  5.81  6.13 10.09  5.50  6.28  9.19 20.51  7.73  9.58 13.44 14.02
 5817.25  6.64  5.85  6.17 10.10  5.54  6.32  9.25 20.32  7.78  9.63 13.50 14.09
 5818.25  6.62  5.83  6.15 10.03  5.52  6.31  9.23 20.05  7.76  9.61 13.46 14.06
 5819.25  6.51  5.74  6.07  9.87  5.44  6.22  9.12 19.73  7.66  9.49 13.31 13.92
 5820.25  6.47  5.71  6.03  9.78  5.41  6.19  9.08 19.60  7.62  9.45 13.25 13.87
 5821.25  6.46  5.71  6.04  9.74  5.41  6.20  9.09 19.57  7.63  9.45 13.25 13.87
 5822.25  6.41  5.68  6.00  9.65  5.38  6.16  9.04 19.47  7.59  9.40 13.18 13.82
 5823.25  6.38  5.66  5.98  9.57  5.36  6.14  9.01 19.39  7.56  9.37 13.14 13.78
 5824.25  6.35  5.63  5.95  9.50  5.34  6.12  8.99 19.30  7.53  9.34 13.10 13.74
 5825.25  6.35  5.64  5.97  9.47  5.35  6.14  9.01 19.30  7.56  9.36 13.12 13.77
 5826.25  6.40  5.70  6.03  9.51  5.41  6.20  9.09 19.38  7.63  9.44 13.21 13.88
 5827.25  6.41  5.71  6.04  9.49  5.42  6.22  9.12 19.38  7.66  9.46 13.23 13.91
 5828.25  6.40  5.71  6.03  9.45  5.42  6.22  9.12 19.34  7.67  9.46 13.22 13.91
 5829.25  6.43  5.75  6.07  9.46  5.46  6.27  9.19 19.39  7.73  9.52 13.29 13.98
 5830.25  6.45  5.78  6.09  9.46  5.49  6.30  9.24 19.41  7.77  9.56 13.33 14.04
 5831.25  6.44  5.77  6.09  9.41  5.49  6.30  9.24 19.38  7.78  9.56 13.32 14.04
 5832.25  6.45  5.79  6.10  9.38  5.50  6.32  9.27 19.37  7.80  9.58 13.34 14.07
 5833.25  6.40  5.76  6.06  9.29  5.47  6.29  9.24 19.28  7.77  9.54 13.29 14.02
 5834.25  6.45  5.81  6.11  9.31  5.52  6.35  9.32 19.35  7.85  9.62 13.37 14.12
 5835.25  6.46  5.83  6.12  9.29  5.54  6.38  9.36 19.35  7.88  9.64 13.40 14.16
 5836.25  6.39  5.76  6.05  9.15  5.48  6.31  9.28 19.19  7.81  9.55 13.29 14.06
 5837.25  6.39  5.77  6.05  9.10  5.48  6.32  9.29 19.16  7.82  9.56 13.29 14.09
 5838.25  6.43  5.81  6.09  9.11  5.53  6.37  9.36 19.21  7.89  9.62 13.36 14.21
 5839.25  6.47  5.85  6.12  9.11  5.57  6.41  9.43 19.26  7.94  9.68 13.42 14.32
 5840.25  6.44  5.83  6.10  9.03  5.55  6.39  9.41 19.18  7.93  9.65 13.38 14.32
 5841.25  6.41  5.81  6.07  8.95  5.53  6.37  9.39 19.11  7.91  9.62 13.34 14.33
 5842.25  6.44  5.83  6.09  8.93  5.55  6.41  9.44 19.12  7.95  9.66 13.38 14.41
 5843.25  6.46  5.86  6.11  8.92  5.58  6.44  9.48 19.14  7.99  9.70 13.42 14.50
 5844.25  6.54  5.94  6.19  8.97  5.66  6.53  9.60 19.27  8.10  9.81 13.55 14.68
 5845.25  6.53  5.93  6.17  8.91  5.65  6.53  9.60 19.21  8.10  9.80 13.53 14.71
 5846.25  6.44  5.85  6.09  8.75  5.58  6.47  9.51 19.03  8.01  9.69 13.40 14.61
 5847.25  6.48  5.89  6.12  8.75  5.61  6.52  9.57 19.07  8.07  9.75 13.46 14.72
 5848.25  6.42  5.84  6.06  8.63  5.56  6.47  9.50 18.93  8.01  9.67 13.36 14.66
 5849.25  6.32  5.75  5.97  8.46  5.48  6.39  9.39 18.72  7.91  9.55 13.21 14.55
 5850.25  6.29  5.72  5.93  8.37  5.46  6.38  9.36 18.64  7.88  9.51 13.16 14.54
 5851.25  6.33  5.77  5.97  8.38  5.50  6.44  9.43 18.69  7.95  9.58 13.23 14.66
 5852.25  6.39  5.83  6.03  8.41  5.56  6.52  9.53 18.78  8.04  9.67 13.34 14.81
 5853.25  6.19  5.64  5.84  8.11  5.38  6.33  9.28 18.37  7.81  9.40 13.01 14.51
 5854.25  5.67  5.16  5.34  7.43  4.92  5.81  8.58 17.30  7.20  8.69 12.13 13.62
 5855.25  5.97  5.45  5.62  7.75  5.20  6.14  9.01 17.89  7.57  9.11 12.64 14.21
 5856.25  6.45  5.90  6.08  8.28  5.63  6.64  9.67 18.78  8.16  9.76 13.44 15.09
 5857.25  6.44  5.89  6.07  8.22  5.63  6.65  9.67 18.73  8.16  9.75 13.42 15.12
 5858.25  6.41  5.87  6.04  8.14  5.61  6.64  9.66 18.66  8.15  9.72 13.38 15.13
 5859.25  6.39  5.86  6.02  8.07  5.60  6.64  9.65 18.60  8.14  9.70 13.35 15.14
 5860.25  6.29  5.77  5.93  7.91  5.51  6.55  9.53 18.39  8.03  9.56 13.18 15.02
 5861.25  6.21  5.69  5.84  7.76  5.44  6.48  9.43 18.21  7.95  9.45 13.04 14.92
 5862.25  6.17  5.66  5.81  7.66  5.41  6.46  9.39 18.10  7.91  9.40 12.97 14.89
 5863.25  6.18  5.67  5.81  7.63  5.43  6.49  9.42 18.09  7.94  9.42 12.98 14.95
 5864.25  6.15  5.65  5.79  7.55  5.41  6.47  9.40 18.02  7.92  9.38 12.94 14.95
 5865.25  6.04  5.55  5.68  7.37  5.31  6.37  9.26 17.77  7.79  9.23 12.75 14.79
 5866.25  5.49  5.04  5.15  6.68  4.82  5.81  8.51 16.61  7.13  8.47 11.79 13.80
 5867.25  4.88  4.48  4.58  5.92  4.28  5.19  7.66 15.24  6.39  7.61 10.70 12.63
 5868.25  4.90  4.50  4.60  5.91  4.31  5.23  7.70 15.26  6.43  7.64 10.73 12.72
 5869.25  4.75  4.37  4.45  5.70  4.18  5.08  7.49 14.87  6.25  7.42 10.45 12.44
 5870.25  5.10  4.70  4.78  6.09  4.50  5.46  8.02 15.65  6.70  7.93 11.09 13.21
 5871.25  5.55  5.12  5.20  6.59  4.90  5.95  8.66 16.58  7.26  8.56 11.88 14.14
 5872.25  5.87  5.42  5.50  6.94  5.19  6.30  9.12 17.21  7.68  9.01 12.44 14.80
 5873.25  5.78  5.34  5.42  6.83  5.12  6.22  9.00 17.00  7.59  8.91 12.30 14.69
 5874.25  5.53  5.11  5.18  6.52  4.90  5.97  8.64 16.45  7.30  8.57 11.88 14.27
 5875.25  5.65  5.24  5.30  6.65  5.02  6.12  8.82 16.68  7.48  8.76 12.11 14.58
 5876.25  5.70  5.28  5.34  6.69  5.06  6.18  8.87 16.74  7.55  8.83 12.20 14.72
 5877.25  5.74  5.32  5.37  6.72  5.10  6.24  8.92 16.79  7.62  8.90 12.28 14.86
 5878.25  5.89  5.47  5.52  6.87  5.25  6.42  9.13 17.06  7.83  9.13 12.55 15.21
 5879.25  5.91  5.49  5.53  6.88  5.27  6.45  9.15 17.05  7.86  9.16 12.58 15.30
 5880.25  5.87  5.46  5.50  6.82  5.24  6.43  9.09 16.95  7.84  9.13 12.54 15.29
 5881.25  5.87  5.47  5.50  6.80  5.25  6.44  9.09 16.91  7.85  9.14 12.55 15.35
 5882.25  5.89  5.49  5.51  6.81  5.27  6.48  9.11 16.92  7.89  9.18 12.59 15.45
 5883.25  5.87  5.48  5.50  6.78  5.26  6.48  9.08 16.85  7.89  9.17 12.57 15.48
 5884.25  5.87  5.48  5.49  6.76  5.27  6.49  9.07 16.82  7.91  9.18 12.58 15.54
 5885.25  5.87  5.49  5.49  6.74  5.27  6.51  9.07 16.79  7.93  9.20 12.60 15.60
 5886.25  5.84  5.47  5.46  6.69  5.25  6.49  9.02 16.68  7.90  9.16 12.55 15.59
 5887.25  5.84  5.47  5.46  6.67  5.25  6.51  9.01 16.64  7.91  9.17 12.55 15.64
 5888.25  5.45  5.10  5.09  6.22  4.90  6.10  8.46 15.82  7.44  8.64 11.89 14.94
 5889.25  4.35  4.07  4.05  4.98  3.91  4.91  6.87 13.31  6.02  7.03  9.84 12.60
 5890.25  3.36  3.14  3.13  3.85  3.01  3.82  5.37 10.69  4.70  5.52  7.82 10.16
 5891.25  2.26  2.11  2.10  2.58  2.02  2.58  3.64  7.44  3.19  3.75  5.38  7.10
 5892.25  2.63  2.46  2.44  3.00  2.36  3.01  4.22  8.53  3.71  4.36  6.22  8.21
 5893.25  4.88  4.58  4.54  5.51  4.40  5.56  7.61 14.37  6.77  7.85 10.87 13.97
 5894.25  5.94  5.60  5.55  6.67  5.39  6.77  9.12 16.62  8.17  9.42 12.82 16.29
 5895.25  5.50  5.18  5.12  6.17  4.98  6.29  8.49 15.70  7.62  8.80 12.06 15.47
 5896.25  4.12  3.88  3.83  4.63  3.72  4.75  6.49 12.51  5.80  6.75  9.44 12.39
 5897.25  2.78  2.62  2.58  3.13  2.51  3.24  4.45  8.90  3.98  4.65  6.61  8.87
 5898.25  3.25  3.06  3.01  3.64  2.94  3.78  5.17 10.17  4.63  5.40  7.63 10.21
 5899.25  5.32  5.03  4.95  5.90  4.83  6.16  8.21 15.15  7.44  8.57 11.75 15.30
 5900.25  6.01  5.69  5.60  6.63  5.48  6.95  9.16 16.51  8.35  9.58 12.98 16.76
 5901.25  5.98  5.67  5.58  6.59  5.46  6.94  9.12 16.42  8.33  9.55 12.94 16.78
 5902.25  5.98  5.67  5.58  6.57  5.46  6.96  9.11 16.39  8.35  9.57 12.96 16.85
 5903.25  6.00  5.69  5.60  6.57  5.49  7.00  9.13 16.39  8.39  9.60 13.00 16.95
 5904.25  5.83  5.52  5.44  6.37  5.33  6.83  8.89 16.03  8.19  9.37 12.72 16.68
 5905.25  5.71  5.41  5.32  6.22  5.22  6.71  8.72 15.76  8.05  9.21 12.52 16.50
 5906.25  5.91  5.61  5.51  6.42  5.42  6.96  8.98 16.11  8.32  9.51 12.87 16.96
 5907.25  5.72  5.43  5.34  6.21  5.25  6.76  8.71 15.69  8.09  9.24 12.55 16.63
 5908.25  5.31  5.04  4.95  5.76  4.87  6.30  8.14 14.83  7.56  8.65 11.83 15.84
 5909.25  5.63  5.35  5.25  6.10  5.17  6.69  8.58 15.44  8.00  9.12 12.41 16.57
 5910.25  5.65  5.37  5.27  6.11  5.20  6.73  8.59 15.44  8.04  9.14 12.45 16.66
 5911.25  5.25  4.99  4.90  5.68  4.83  6.29  8.03 14.60  7.53  8.57 11.75 15.89
 5912.25  5.63  5.35  5.26  6.08  5.19  6.75  8.55 15.33  8.05  9.12 12.43 16.75
 5913.25  5.94  5.66  5.56  6.41  5.49  7.13  8.98 15.90  8.48  9.58 12.99 17.44
 5914.25  5.92  5.65  5.54  6.38  5.48  7.12  8.94 15.81  8.47  9.55 12.95 17.47
 5915.25  5.73  5.46  5.36  6.17  5.30  6.92  8.67 15.40  8.23  9.28 12.62 17.14
 5916.25  4.65  4.43  4.34  5.02  4.30  5.67  7.15 13.10  6.79  7.69 10.64 14.80
 5917.25  4.27  4.07  3.99  4.61  3.95  5.24  6.60 12.20  6.28  7.11  9.90 13.93
 5918.25  5.23  4.99  4.89  5.62  4.85  6.39  7.96 14.23  7.61  8.56 11.73 16.24
 5919.25  5.68  5.42  5.31  6.09  5.28  6.93  8.58 15.07  8.22  9.21 12.53 17.25
 5920.25  5.75  5.50  5.38  6.16  5.35  7.04  8.68 15.17  8.34  9.32 12.66 17.47
 5921.25  5.73  5.47  5.36  6.12  5.33  7.03  8.64 15.08  8.32  9.29 12.63 17.49
 5922.25  5.66  5.41  5.30  6.05  5.28  6.97  8.55 14.90  8.25  9.20 12.51 17.42
 5923.25  5.62  5.37  5.26  5.99  5.24  6.93  8.49 14.76  8.20  9.13 12.43 17.37
 5924.25  5.57  5.34  5.22  5.95  5.21  6.90  8.43 14.62  8.17  9.08 12.36 17.34
 5925.25  5.33  5.11  4.99  5.68  4.98  6.63  8.09 14.10  7.86  8.73 11.93 16.90
 5926.25  4.88  4.66  4.56  5.19  4.56  6.10  7.45 13.12  7.26  8.05 11.09 15.92
 5927.25  5.25  5.02  4.91  5.58  4.91  6.56  7.96 13.83  7.81  8.60 11.78 16.82
 5928.25  5.67  5.43  5.30  6.01  5.31  7.07  8.53 14.59  8.41  9.21 12.52 17.77
 5929.25  5.67  5.43  5.31  6.00  5.32  7.09  8.54 14.54  8.45  9.22 12.53 17.84
 5930.25  5.64  5.40  5.27  5.96  5.29  7.05  8.49 14.43  8.44  9.17 12.47 17.84
 5931.25  5.67  5.43  5.30  5.98  5.32  7.08  8.52 14.42  8.51  9.21 12.52 17.95
 5932.25  5.62  5.38  5.25  5.92  5.27  7.01  8.44 14.26  8.47  9.13 12.42 17.88
 5933.25  5.06  4.84  4.72  5.32  4.75  6.34  7.66 13.10  7.72  8.31 11.40 16.69
 5934.25  4.00  3.83  3.73  4.21  3.75  5.05  6.15 10.78  6.23  6.70  9.34 14.07
 5935.25  4.38  4.19  4.09  4.60  4.11  5.51  6.70 11.57  6.81  7.29 10.10 15.13
 5936.25  5.33  5.11  4.98  5.58  5.01  6.66  8.03 13.49  8.20  8.71 11.90 17.49
 5937.25  5.58  5.35  5.22  5.83  5.26  6.95  8.37 13.91  8.58  9.08 12.35 18.10
 5938.25  5.65  5.42  5.29  5.89  5.32  7.03  8.46 13.98  8.71  9.17 12.47 18.30
 5939.25  5.69  5.46  5.33  5.93  5.37  7.07  8.50 14.00  8.79  9.23 12.53 18.43
 5940.25  5.68  5.45  5.32  5.91  5.36  7.06  8.48 13.91  8.81  9.21 12.50 18.45
 5941.25  5.65  5.43  5.30  5.87  5.34  7.02  8.44 13.80  8.81  9.17 12.45 18.43
 5942.25  5.69  5.46  5.33  5.90  5.37  7.06  8.48 13.80  8.88  9.22 12.50 18.55
 5943.25  5.78  5.56  5.42  5.98  5.46  7.17  8.60 13.92  9.05  9.35 12.67 18.83
 5944.25  5.82  5.59  5.45  6.02  5.50  7.21  8.65 13.93  9.14  9.41 12.73 18.96
 5945.25  5.77  5.55  5.41  5.96  5.46  7.15  8.58 13.78  9.10  9.34 12.65 18.91
 5946.25  5.57  5.36  5.23  5.76  5.27  6.91  8.31 13.36  8.85  9.05 12.30 18.54
 5947.25  5.02  4.83  4.70  5.19  4.75  6.25  7.54 12.26  8.09  8.24 11.30 17.35
 5948.25  5.18  4.98  4.85  5.35  4.90  6.43  7.75 12.50  8.35  8.47 11.59 17.78
 5949.25  5.68  5.47  5.33  5.86  5.38  7.03  8.44 13.38  9.11  9.21 12.49 18.95
 5950.25  5.86  5.65  5.51  6.04  5.56  7.24  8.68 13.65  9.40  9.46 12.80 19.38
 5951.25  5.89  5.67  5.53  6.06  5.58  7.26  8.70 13.64  9.47  9.50 12.84 19.47
 5952.25  5.85  5.64  5.50  6.02  5.55  7.22  8.65 13.51  9.45  9.45 12.77 19.40
 5953.25  5.74  5.53  5.39  5.91  5.45  7.08  8.50 13.26  9.33  9.29 12.58 19.15
 5954.25  4.70  4.52  4.41  4.84  4.45  5.83  7.04 11.16  7.79  7.73 10.62 16.52
 5955.25  4.15  3.99  3.89  4.27  3.93  5.17  6.26 10.01  6.98  6.89  9.55 15.08
 5956.25  5.11  4.93  4.80  5.25  4.85  6.32  7.60 11.84  8.47  8.34 11.38 17.46
 5957.25  5.73  5.53  5.39  5.88  5.45  7.05  8.44 12.91  9.41  9.24 12.48 18.79
 5958.25  5.83  5.63  5.49  5.98  5.55  7.16  8.56 13.02  9.58  9.38 12.64 18.96
 5959.25  5.81  5.60  5.46  5.95  5.52  7.13  8.53 12.92  9.58  9.34 12.60 18.90
 5960.25  5.74  5.54  5.40  5.88  5.46  7.05  8.43 12.76  9.52  9.25 12.49 18.75
 5961.25  5.79  5.59  5.45  5.93  5.51  7.10  8.49 12.79  9.63  9.33 12.57 18.82
 5962.25  5.86  5.65  5.51  5.99  5.57  7.17  8.58 12.87  9.76  9.42 12.68 18.93
 5963.25  5.92  5.71  5.57  6.05  5.63  7.24  8.66 12.95  9.88  9.51 12.78 19.03
 5964.25  5.90  5.70  5.55  6.03  5.62  7.22  8.64 12.91  9.89  9.49 12.75 18.97
 5965.25  5.87  5.68  5.53  5.99  5.59  7.18  8.61 12.83  9.87  9.45 12.70 18.88
 5966.25  5.83  5.64  5.49  5.94  5.55  7.12  8.56 12.73  9.84  9.39 12.62 18.76
 5967.25  5.82  5.63  5.48  5.93  5.54  7.10  8.55 12.69  9.86  9.38 12.60 18.71
 5968.25  5.46  5.29  5.14  5.56  5.20  6.69  8.08 12.05  9.37  8.87 11.98 17.93
 5969.25  4.98  4.83  4.69  5.07  4.74  6.12  7.43 11.17  8.67  8.17 11.12 16.84
 5970.25  5.30  5.14  4.99  5.39  5.05  6.48  7.87 11.73  9.18  8.64 11.69 17.54
 5971.25  5.30  5.14  4.99  5.38  5.05  6.47  7.87 11.70  9.21  8.64 11.68 17.50
 5972.25  5.17  5.02  4.87  5.25  4.93  6.31  7.70 11.45  9.05  8.46 11.45 17.20
 5973.25  5.64  5.49  5.32  5.73  5.38  6.85  8.35 12.27  9.80  9.15 12.28 18.20
 5974.25  5.80  5.65  5.47  5.88  5.54  7.02  8.57 12.51 10.07  9.38 12.54 18.49
 5975.25  5.78  5.64  5.45  5.86  5.52  6.98  8.55 12.46 10.09  9.35 12.50 18.42
 5976.25  5.72  5.58  5.40  5.79  5.46  6.89  8.47 12.33 10.08  9.27 12.39 18.27
 5977.25  5.52  5.39  5.21  5.58  5.27  6.64  8.21 11.96  9.86  8.98 12.04 17.81
 5978.25  4.80  4.69  4.53  4.86  4.58  5.79  7.22 10.64  8.80  7.92 10.73 16.15
 5979.25  4.84  4.73  4.56  4.89  4.62  5.82  7.28 10.69  8.94  7.98 10.79 16.21
 5980.25  5.54  5.42  5.24  5.60  5.29  6.62  8.26 11.94 10.16  9.02 12.07 17.78
 5981.25  5.65  5.54  5.34  5.70  5.40  6.73  8.41 12.10 10.41  9.18 12.25 17.98
 5982.25  5.61  5.50  5.30  5.66  5.37  6.67  8.36 12.01 10.44  9.12 12.17 17.87
 5983.25  5.63  5.52  5.32  5.68  5.39  6.67  8.39 12.02 10.55  9.15 12.20 17.88
 5984.25  5.69  5.59  5.38  5.74  5.45  6.73  8.48 12.10 10.73  9.24 12.30 17.97
 5985.25  5.75  5.66  5.45  5.80  5.51  6.78  8.57 12.18 10.92  9.34 12.40 18.07
 5986.25  5.79  5.70  5.49  5.84  5.56  6.81  8.63 12.23 11.08  9.40 12.47 18.13
 5987.25  5.76  5.67  5.45  5.80  5.52  6.75  8.59 12.14 11.10  9.35 12.40 18.02
 5988.25  5.76  5.68  5.46  5.81  5.53  6.74  8.60 12.13 11.20  9.36 12.40 17.99
 5989.25  5.78  5.70  5.48  5.82  5.55  6.75  8.63 12.13 11.31  9.38 12.42 17.99
 5990.25  5.76  5.69  5.47  5.81  5.54  6.71  8.62 12.09 11.37  9.36 12.39 17.93
 5991.25  5.77  5.70  5.47  5.81  5.55  6.70  8.63 12.07 11.46  9.36 12.38 17.89
 5992.25  5.81  5.75  5.51  5.85  5.59  6.73  8.69 12.11 11.60  9.41 12.43 17.92
 5993.25  5.85  5.80  5.56  5.90  5.64  6.77  8.76 12.17 11.75  9.48 12.50 17.98
 5994.25  5.82  5.77  5.54  5.87  5.61  6.72  8.73 12.10 11.78  9.43 12.43 17.86
 5995.25  5.82  5.77  5.53  5.86  5.61  6.69  8.72 12.06 11.85  9.41 12.40 17.81
 5996.25  5.82  5.78  5.54  5.86  5.62  6.68  8.74 12.05 11.93  9.42 12.39 17.77
 5997.25  5.82  5.79  5.54  5.86  5.62  6.67  8.74 12.02 12.00  9.41 12.37 17.72
 5998.25  5.74  5.72  5.47  5.79  5.55  6.57  8.65 11.88 11.96  9.30 12.23 17.52
 5999.25  5.51  5.49  5.25  5.55  5.32  6.29  8.33 11.45 11.63  8.95 11.81 16.98
 6000.25  5.66  5.65  5.39  5.70  5.47  6.44  8.54 11.68 11.96  9.16 12.05 17.25
 6001.25  5.88  5.88  5.61  5.92  5.69  6.67  8.85 12.03 12.41  9.48 12.41 17.66
 6002.25  5.94  5.95  5.67  5.99  5.76  6.72  8.95 12.11 12.59  9.56 12.50 17.73
 6003.25  5.94  5.96  5.67  5.98  5.76  6.70  8.95 12.08 12.66  9.55 12.48 17.68
 6004.25  5.81  5.84  5.55  5.85  5.64  6.55  8.78 11.85 12.53  9.36 12.25 17.38
 6005.25  5.34  5.37  5.10  5.38  5.18  6.01  8.14 11.04 11.78  8.68 11.42 16.35
 6006.25  5.51  5.55  5.26  5.55  5.35  6.18  8.38 11.30 12.15  8.92 11.70 16.67
 6007.25  5.98  6.03  5.72  6.02  5.81  6.68  9.03 12.06 13.04  9.59 12.48 17.57
 6008.25  6.03  6.09  5.77  6.07  5.87  6.72  9.10 12.12 13.20  9.65 12.55 17.63
 6009.25  6.07  6.14  5.80  6.11  5.90  6.74  9.14 12.15 13.33  9.70 12.59 17.66
 6010.25  6.06  6.14  5.80  6.10  5.90  6.72  9.14 12.12 13.40  9.69 12.57 17.63
 6011.25  6.03  6.11  5.77  6.07  5.87  6.67  9.08 12.05 13.42  9.63 12.50 17.54
 6012.25  6.03  6.12  5.77  6.06  5.87  6.65  9.08 12.02 13.49  9.63 12.47 17.52
 6013.25  6.05  6.16  5.80  6.09  5.91  6.66  9.11 12.04 13.61  9.67 12.50 17.55
 6014.25  6.11  6.22  5.85  6.14  5.96  6.70  9.18 12.10 13.78  9.74 12.57 17.63
 6015.25  6.14  6.26  5.88  6.18  5.99  6.73  9.21 12.13 13.90  9.78 12.61 17.67
 6016.25  6.12  6.25  5.87  6.16  5.98  6.71  9.19 12.08 13.95  9.76 12.57 17.62
 6017.25  6.10  6.24  5.85  6.14  5.97  6.68  9.16 12.03 13.99  9.73 12.52 17.56
 6018.25  6.15  6.30  5.90  6.19  6.02  6.72  9.22 12.09 14.15  9.80 12.58 17.63
 6019.25  6.15  6.31  5.90  6.19  6.03  6.71  9.22 12.07 14.23  9.80 12.57 17.62
 6020.25  6.15  6.32  5.91  6.20  6.04  6.71  9.22 12.05 14.31  9.80 12.55 17.60
 6021.25  6.23  6.41  5.99  6.27  6.12  6.78  9.32 12.15 14.51  9.91 12.66 17.72
 6022.25  6.30  6.49  6.05  6.34  6.20  6.85  9.41 12.23 14.70 10.00 12.76 17.83
 6023.25  6.33  6.53  6.09  6.38  6.24  6.87  9.44 12.26 14.83 10.05 12.80 17.87
 6024.25  6.28  6.48  6.04  6.33  6.20  6.81  9.38 12.16 14.82  9.98 12.71 17.76
 6025.25  6.26  6.47  6.02  6.31  6.18  6.78  9.34 12.10 14.89  9.95 12.67 17.69
 6026.25  6.23  6.46  6.00  6.29  6.17  6.75  9.31 12.04 14.98  9.92 12.63 17.63
 6027.25  5.81  6.03  5.59  5.86  5.76  6.29  8.73 11.35 14.36  9.32 11.93 16.79
 6028.25  5.21  5.42  5.02  5.26  5.18  5.65  7.91 10.35 13.36  8.46 10.92 15.55
 6029.25  5.53  5.76  5.33  5.58  5.50  5.98  8.35 10.86 14.12  8.93 11.46 16.20
 6030.25  5.90  6.15  5.69  5.96  5.88  6.37  8.86 11.44 14.96  9.46 12.08 16.93
 6031.25  6.10  6.35  5.88  6.16  6.09  6.57  9.12 11.73 15.46  9.73 12.39 17.29
 6032.25  6.16  6.42  5.94  6.22  6.15  6.62  9.19 11.79 15.70  9.81 12.48 17.37
 6033.25  6.16  6.43  5.95  6.23  6.17  6.62  9.19 11.78 15.86  9.82 12.49 17.37
 6034.25  6.05  6.31  5.84  6.11  6.06  6.49  9.03 11.58 15.78  9.66 12.29 17.12
 6035.25  5.70  5.96  5.50  5.76  5.72  6.12  8.56 11.01 15.26  9.17 11.72 16.43
 6036.25  5.72  5.99  5.53  5.79  5.76  6.14  8.59 11.02 15.44  9.20 11.75 16.45
 6037.25  5.99  6.27  5.79  6.06  6.04  6.41  8.95 11.43 16.09  9.58 12.19 16.96
 6038.25  6.07  6.36  5.87  6.14  6.13  6.49  9.06 11.53 16.38  9.70 12.32 17.10
 6039.25  6.06  6.35  5.86  6.13  6.13  6.47  9.04 11.49 16.50  9.68 12.30 17.06
 6040.25  6.04  6.34  5.84  6.12  6.12  6.44  9.01 11.44 16.60  9.65 12.26 17.00
 6041.25  6.03  6.33  5.84  6.11  6.11  6.43  8.99 11.40 16.71  9.64 12.24 16.96
 6042.25  6.03  6.34  5.84  6.11  6.13  6.42  8.99 11.38 16.85  9.64 12.24 16.94
 6043.25  6.05  6.36  5.86  6.13  6.15  6.43  9.01 11.39 17.01  9.66 12.26 16.96
 6044.25  6.06  6.37  5.86  6.14  6.17  6.43  9.02 11.37 17.16  9.67 12.26 16.95
 6045.25  6.07  6.39  5.88  6.15  6.19  6.44  9.03 11.37 17.32  9.69 12.28 16.95
 6046.25  6.13  6.46  5.94  6.22  6.27  6.50  9.11 11.45 17.57  9.78 12.38 17.05
 6047.25  6.13  6.46  5.94  6.21  6.27  6.48  9.10 11.42 17.69  9.77 12.37 17.02
 6048.25  6.04  6.37  5.85  6.13  6.19  6.38  8.98 11.26 17.65  9.65 12.22 16.84
 6049.25  6.03  6.36  5.84  6.11  6.19  6.36  8.96 11.21 17.75  9.63 12.19 16.79
 6050.25  6.09  6.43  5.90  6.17  6.26  6.41  9.03 11.28 18.00  9.71 12.28 16.88
 6051.25  6.14  6.49  5.95  6.23  6.32  6.46  9.10 11.34 18.22  9.78 12.36 16.95
 6052.25  6.12  6.47  5.94  6.21  6.31  6.44  9.07 11.29 18.32  9.76 12.33 16.90
 6053.25  6.07  6.43  5.89  6.16  6.27  6.38  9.01 11.19 18.35  9.69 12.24 16.79
 6054.25  6.09  6.45  5.91  6.19  6.30  6.39  9.03 11.20 18.52  9.72 12.27 16.81
 6055.25  6.10  6.47  5.92  6.20  6.32  6.39  9.04 11.19 18.66  9.73 12.28 16.80
 6056.25  6.06  6.43  5.88  6.16  6.28  6.34  8.98 11.11 18.71  9.67 12.21 16.70
 6057.25  6.10  6.47  5.92  6.20  6.33  6.38  9.03 11.15 18.91  9.73 12.26 16.76
 6058.25  6.16  6.54  5.98  6.26  6.41  6.44  9.11 11.24 19.16  9.82 12.36 16.85
 6059.25  6.19  6.57  6.01  6.29  6.44  6.46  9.14 11.26 19.32  9.85 12.39 16.87
 6060.25  6.16  6.55  5.98  6.27  6.43  6.43  9.10 11.22 19.40  9.81 12.34 16.81
 6061.25  6.19  6.59  6.02  6.30  6.48  6.46  9.14 11.26 19.59  9.86 12.39 16.85
 6062.25  6.20  6.60  6.03  6.31  6.51  6.47  9.15 11.26 19.73  9.87 12.40 16.84
 6063.25  6.09  6.49  5.92  6.20  6.42  6.35  9.00 11.09 19.64  9.72 12.22 16.62
 6064.25  6.05  6.45  5.88  6.16  6.39  6.30  8.94 11.01 19.67  9.66 12.14 16.51
 6065.25  6.16  6.57  5.99  6.28  6.53  6.41  9.09 11.17 20.02  9.82 12.32 16.71
 6066.25  6.26  6.67  6.08  6.38  6.64  6.51  9.21 11.30 20.32  9.96 12.46 16.86
 6067.25  6.25  6.67  6.08  6.37  6.66  6.49  9.20 11.28 20.43  9.95 12.45 16.84
 6068.25  6.05  6.47  5.89  6.18  6.47  6.29  8.94 10.98 20.16  9.69 12.13 16.48
 6069.25  5.94  6.34  5.77  6.06  6.37  6.16  8.77 10.79 20.04  9.53 11.93 16.26
 6070.25  6.07  6.49  5.91  6.20  6.53  6.30  8.96 10.99 20.44  9.73 12.15 16.52
 6071.25  6.17  6.60  6.01  6.30  6.66  6.40  9.08 11.13 20.75  9.87 12.30 16.70
 6072.25  6.20  6.64  6.04  6.34  6.71  6.43  9.12 11.17 20.93  9.92 12.35 16.76
 6073.25  6.26  6.70  6.10  6.40  6.79  6.48  9.19 11.24 21.16 10.01 12.43 16.86
 6074.25  6.30  6.75  6.14  6.44  6.85  6.52  9.24 11.29 21.34 10.07 12.49 16.93
 6075.25  6.32  6.77  6.16  6.46  6.89  6.54  9.26 11.31 21.39 10.10 12.51 16.97
 6076.25  6.38  6.83  6.22  6.52  6.97  6.59  9.33 11.38 21.43 10.18 12.59 17.07
 6077.25  6.38  6.84  6.23  6.53  7.00  6.59  9.34 11.38 22.42 10.20 12.60 17.07
 6078.25  6.31  6.77  6.16  6.45  6.94  6.51  9.24 11.26 28.17 10.10 12.48 16.94
 6079.25  6.25  6.70  6.10  6.39  6.89  6.44  9.15 11.16 34.04 10.02 12.39 16.82
 6080.25  6.33  6.79  6.18  6.47  6.99  6.52  9.25 11.26 35.31 10.13 12.51 16.97
 6081.25  6.24  6.71  6.10  6.39  6.92  6.43  9.14 11.13 34.98 10.03 12.39 16.82
 6082.25  6.20  6.66  6.06  6.35  6.89  6.38  9.07 11.05 34.67  9.97 12.32 16.73
 6083.25  6.25  6.72  6.11  6.40  6.97  6.43  9.14 11.12 34.56 10.05 12.41 16.83
 6084.25  6.28  6.75  6.14  6.43  7.02  6.45  9.17 11.15 34.38 10.09 12.45 16.87
 6085.25  6.27  6.74  6.13  6.42  7.02  6.44  9.15 11.12 34.13 10.08 12.44 16.85
 6086.25  6.34  6.82  6.20  6.49  7.12  6.50  9.24 11.21 34.05 10.18 12.55 16.97
 6087.25  6.12  6.59  5.99  6.27  6.90  6.28  8.95 10.88 33.37  9.88 12.21 16.57
 6088.25  5.33  5.75  5.21  5.47  6.05  5.47  7.88  9.65 31.24  8.74 10.90 15.01
 6089.25  5.47  5.91  5.36  5.61  6.22  5.61  8.07  9.86 31.38  8.96 11.15 15.30
 6090.25  6.17  6.65  6.04  6.32  7.01  6.31  9.00 10.92 32.79  9.96 12.30 16.66
 6091.25  6.25  6.74  6.12  6.41  7.12  6.39  9.10 11.02 32.72 10.08 12.43 16.80
 6092.25  6.24  6.73  6.12  6.40  7.12  6.37  9.08 11.00 32.47 10.07 12.42 16.78
 6093.25  6.27  6.77  6.16  6.44  7.18  6.41  9.12 11.04 32.31 10.13 12.48 16.85
 6094.25  6.29  6.80  6.18  6.46  7.22  6.42  9.14 11.06 32.11 10.16 12.52 16.88
 6095.25  6.25  6.76  6.14  6.42  7.19  6.37  9.08 10.98 31.79 10.10 12.45 16.80
 6096.25  6.14  6.66  6.03  6.31  7.09  6.26  8.94 10.81 31.32  9.95 12.28 16.60
 6097.25  6.06  6.59  5.95  6.23  7.02  6.17  8.83 10.68 30.90  9.84 12.15 16.44
 6098.25  6.10  6.65  6.00  6.28  7.08  6.21  8.88 10.73 30.75  9.91 12.23 16.52
 6099.25  6.17  6.74  6.07  6.36  7.18  6.28  8.98 10.83 30.66 10.01 12.35 16.65
 6100.25  6.12  6.69  6.02  6.31  7.15  6.22  8.91 10.74 30.30  9.94 12.26 16.55
 6101.25  6.02  6.60  5.93  6.21  7.07  6.12  8.78 10.58 29.84  9.81 12.11 16.37
 6102.25  6.14  6.74  6.04  6.34  7.24  6.23  8.94 10.75 29.85  9.98 12.31 16.59
 6103.25  6.27  6.89  6.17  6.47  7.43  6.36  9.11 10.93 29.87 10.17 12.51 16.82
 6104.25  6.31  6.95  6.21  6.52  7.51  6.40  9.16 10.98 29.69 10.23 12.58 16.89
 6105.25  6.17  6.81  6.08  6.38  7.39  6.26  8.98 10.78 29.15 10.04 12.36 16.64
 6106.25  6.07  6.71  5.98  6.28  7.31  6.15  8.85 10.63 28.68  9.90 12.20 16.44
 6107.25  6.10  6.75  6.01  6.31  7.38  6.17  8.88 10.67 28.48  9.94 12.25 16.49
 6108.25  6.07  6.74  5.98  6.28  7.38  6.14  8.84 10.63 28.15  9.90 12.20 16.43
 6109.25  6.08  6.76  5.99  6.30  7.43  6.15  8.86 10.66 27.92  9.93 12.23 16.45
 6110.25  6.12  6.82  6.03  6.34  7.51  6.18  8.92 10.72 27.74  9.99 12.29 16.53
 6111.25  6.14  6.85  6.04  6.36  7.57  6.20  8.94 10.75 27.52 10.01 12.33 16.56
 6112.25  6.14  6.86  6.04  6.36  7.60  6.19  8.93 10.74 27.24 10.01 12.32 16.54
 6113.25  6.10  6.82  5.99  6.32  7.59  6.14  8.88 10.68 26.89  9.95 12.25 16.46
 6114.25  6.10  6.84  5.99  6.33  7.63  6.14  8.88 10.69 26.62  9.96 12.25 16.45
 6115.25  6.20  6.96  6.09  6.43  7.78  6.23  9.01 10.84 26.55 10.09 12.41 16.62
 6116.25  6.21  6.98  6.09  6.44  7.83  6.24  9.02 10.85 26.29 10.11 12.42 16.63
 6117.25  6.24  7.03  6.12  6.48  7.90  6.27  9.07 10.90 26.09 10.16 12.47 16.69
 6118.25  6.30  7.10  6.18  6.54  8.01  6.32  9.14 10.99 25.93 10.25 12.56 16.79
 6119.25  6.30  7.12  6.18  6.55  8.05  6.32  9.15 11.00 25.65 10.26 12.56 16.78
 6120.25  6.25  7.07  6.12  6.49  8.02  6.26  9.07 10.92 25.25 10.19 12.48 16.67
 6121.25  6.21  7.04  6.08  6.46  8.01  6.22  9.03 10.87 24.89 10.15 12.42 16.60
 6122.25  6.24  7.09  6.11  6.49  8.08  6.24  9.07 10.92 24.66 10.20 12.46 16.64
 6123.25  6.37  7.24  6.23  6.63  8.27  6.36  9.23 11.10 24.62 10.38 12.66 16.86
 6124.25  6.45  7.33  6.30  6.71  8.40  6.44  9.33 11.22 24.49 10.50 12.78 16.99
 6125.25  6.38  7.28  6.24  6.65  8.36  6.37  9.25 11.13 24.17 10.42 12.68 16.86
 6126.25  6.36  7.26  6.21  6.62  8.37  6.34  9.22 11.09 24.03 10.39 12.64 16.80
 6127.25  6.38  7.31  6.24  6.65  8.43  6.36  9.25 11.13 24.04 10.44 12.67 16.83
 6128.25  6.40  7.34  6.25  6.67  8.49  6.37  9.27 11.16 24.03 10.47 12.69 16.84
 6129.25  6.39  7.35  6.23  6.66  8.51  6.35  9.25 11.14 23.96 10.46 12.67 16.80
 6130.25  6.42  7.40  6.26  6.69  8.58  6.38  9.29 11.19 23.98 10.51 12.72 16.84
 6131.25  6.45  7.45  6.29  6.73  8.65  6.40  9.33 11.23 24.01 10.56 12.77 16.88
 6132.25  6.45  7.48  6.29  6.73  8.70  6.41  9.34 11.24 23.98 10.57 12.77 16.87
 6133.25  6.43  7.46  6.26  6.70  8.70  6.37  9.30 11.21 23.89 10.54 12.72 16.81
 6134.25  6.37  7.41  6.20  6.63  8.66  6.31  9.22 11.12 23.73 10.47 12.62 16.69
 6135.25  6.38  7.45  6.21  6.63  8.71  6.32  9.24 11.14 23.71 10.49 12.63 16.69
 6136.25  6.42  7.51  6.25  6.67  8.80  6.35  9.29 11.21 23.76 10.56 12.69 16.75
 6137.25  6.38  7.48  6.20  6.61  8.78  6.30  9.23 11.14 23.62 10.50 12.61 16.65
 6138.25  6.24  7.34  6.06  6.47  8.64  6.16  9.05 10.94 23.31 10.31 12.39 16.39
 6139.25  6.41  7.55  6.22  6.63  8.89  6.32  9.27 11.19 23.61 10.56 12.64 16.68
 6140.25  6.15  7.27  5.96  6.35  8.60  6.06  8.93 10.80 23.03 10.19 12.22 16.18
 6141.25  5.81  6.89  5.62  6.00  8.22  5.72  8.47 10.29 22.26  9.70 11.65 15.52
 6142.25  6.23  7.39  6.03  6.42  8.84  6.13  9.03 10.92 23.11 10.31 12.33 16.29
 6143.25  6.58  7.80  6.37  6.77  9.36  6.47  9.48 11.43 23.77 10.82 12.87 16.90
 6144.25  6.36  7.57  6.14  6.54  9.14  6.25  9.19 11.11 23.29 10.51 12.51 16.49
 6145.25  5.85  7.00  5.64  6.01  8.54  5.74  8.52 10.35 22.17  9.78 11.68 15.52
 6146.25  5.66  6.79  5.45  5.80  8.35  5.55  8.26 10.05 21.70  9.50 11.35 15.13
 6147.25  6.19  7.42  5.96  6.34  9.13  6.07  8.98 10.86 22.82 10.28 12.21 16.13
 6148.25  6.34  7.61  6.10  6.48  9.39  6.21  9.17 11.08 23.08 10.50 12.43 16.38
 6149.25  5.72  6.91  5.49  5.84  8.62  5.60  8.35 10.14 21.70  9.60 11.42 15.19
 6150.25  5.24  6.36  5.03  5.35  8.03  5.13  7.70  9.40 20.52  8.89 10.61 14.21
 6151.25  5.87  7.11  5.63  5.98  8.96  5.74  8.55 10.38 21.96  9.83 11.65 15.45
 6152.25  6.18  7.49  5.93  6.30  9.46  6.05  8.97 10.86 22.60 10.30 12.15 16.03
 6153.25  6.30  7.64  6.03  6.41  9.69  6.16  9.12 11.04 22.79 10.47 12.33 16.22
 6154.25  6.41  7.79  6.13  6.51  9.91  6.27  9.26 11.20 22.97 10.63 12.49 16.40
 6155.25  6.42  7.82  6.14  6.51  9.99  6.27  9.28 11.23 22.95 10.65 12.50 16.40
 6156.25  6.45  7.86  6.16  6.53 10.10  6.30  9.31 11.27 22.96 10.70 12.53 16.43
 6157.25  6.22  7.61  5.93  6.29  9.84  6.06  9.01 10.93 22.44 10.37 12.15 15.99
 6158.25  6.01  7.38  5.72  6.07  9.62  5.86  8.74 10.63 21.97 10.08 11.82 15.60
 6159.25  6.04  7.43  5.74  6.09  9.73  5.88  8.77 10.68 21.98 10.12 11.85 15.63
 6160.25  6.10  7.52  5.80  6.15  9.88  5.94  8.85 10.77 22.07 10.21 11.93 15.72
 6161.25  6.35  7.82  6.03  6.39 10.30  6.18  9.18 11.15 22.54 10.57 12.32 16.16
 6162.25  6.44  7.94  6.11  6.47 10.49  6.26  9.30 11.29 22.67 10.71 12.45 16.30
 6163.25  6.55  8.08  6.21  6.57 10.71  6.37  9.44 11.45 22.84 10.87 12.61 16.47
 6164.25  6.69  8.27  6.34  6.71 10.98  6.51  9.63 11.67 23.07 11.07 12.82 16.70
 6165.25  6.66  8.25  6.30  6.67 11.01  6.47  9.59 11.63 22.97 11.04 12.76 16.63
 6166.25  6.56  8.15  6.20  6.56 10.94  6.37  9.46 11.49 22.73 10.90 12.60 16.44
 6167.25  6.51  8.10  6.14  6.50 10.93  6.32  9.39 11.42 22.58 10.83 12.50 16.33
 6168.25  6.50  8.10  6.13  6.48 10.98  6.31  9.38 11.41 22.52 10.82 12.48 16.29
 6169.25  6.44  8.04  6.06  6.41 10.95  6.24  9.29 11.32 22.35 10.73 12.37 16.16
 6170.25  6.38  7.98  6.00  6.35 10.93  6.18  9.21 11.24 22.18 10.64 12.27 16.03
 6171.25  5.84  7.36  5.48  5.81 10.20  5.65  8.50 10.43 21.00  9.85 11.40 15.02
 6172.25  5.11  6.48  4.78  5.07  9.11  4.93  7.51  9.27 19.21  8.74 10.15 13.53
 6173.25  5.73  7.25  5.36  5.68 10.14  5.53  8.35 10.26 20.65  9.68 11.19 14.76
 6174.25  6.46  8.14  6.05  6.40 11.31  6.24  9.32 11.38 22.16 10.74 12.35 16.10
 6175.25  6.54  8.24  6.12  6.48 11.49  6.31  9.42 11.50 22.27 10.85 12.46 16.22
 6176.25  6.41  8.10  5.99  6.34 11.36  6.18  9.25 11.31 21.96 10.66 12.24 15.97
 6177.25  6.14  7.79  5.72  6.06 11.01  5.91  8.89 10.90 21.35 10.26 11.80 15.45
 6178.25  5.98  7.62  5.57  5.90 10.84  5.76  8.69 10.68 20.97 10.04 11.55 15.15
 6179.25  6.41  8.14  5.96  6.32 11.54  6.17  9.24 11.31 21.79 10.64 12.20 15.90
 6180.25  6.55  8.32  6.10  6.45 11.78  6.30  9.42 11.53 22.02 10.84 12.41 16.13
 6181.25  6.54  8.32  6.08  6.44 11.73  6.29  9.41 11.52 21.95 10.82 12.38 16.09
 6182.25  6.56  8.36  6.09  6.44 11.71  6.30  9.43 11.55 21.93 10.84 12.39 16.09
 6183.25  6.54  8.35  6.07  6.42 11.64  6.28  9.41 11.53 21.85 10.81 12.36 16.04
 6184.25  6.52  8.34  6.05  6.39 11.56  6.25  9.38 11.50 21.75 10.78 12.32 15.97
 6185.25  6.43  8.25  5.96  6.30 11.38  6.16  9.26 11.38 21.53 10.65 12.17 15.79
 6186.25  6.35  8.16  5.88  6.22 11.22  6.08  9.16 11.26 21.31 10.53 12.03 15.62
 6187.25  6.53  8.39  6.05  6.39 11.44  6.26  9.39 11.53 21.62 10.78 12.30 15.91
 6188.25  6.63  8.52  6.13  6.47 11.53  6.34  9.52 11.68 21.75 10.91 12.42 16.04
 6189.25  6.63  8.53  6.13  6.47 11.48  6.34  9.53 11.68 21.69 10.91 12.40 16.01
 6190.25  6.59  8.50  6.08  6.42 11.38  6.30  9.49 11.63 21.57 10.85 12.32 15.92
 6191.25  6.63  8.55  6.12  6.45 11.39  6.33  9.55 11.69 21.59 10.90 12.36 15.96
 6192.25  6.75  8.69  6.23  6.57 11.52  6.45  9.72 11.87 21.77 11.07 12.52 16.14
 6193.25  6.74  8.66  6.22  6.55 11.46  6.44  9.72 11.87 21.70 11.05 12.48 16.10
 6194.25  6.35  8.17  5.84  6.17 10.85  6.06  9.23 11.30 20.89 10.50 11.87 15.39
 6195.25  6.40  8.21  5.88  6.20 10.87  6.10  9.30 11.37 20.93 10.56 11.92 15.45
 6196.25  6.66  8.51  6.13  6.46 11.21  6.35  9.66 11.77 21.40 10.93 12.30 15.88
 6197.25  6.65  8.48  6.12  6.45 11.15  6.34  9.66 11.76 21.33 10.92 12.27 15.84
 6198.25  6.73  8.55  6.18  6.51 11.21  6.41  9.77 11.87 21.42 11.02 12.36 15.94
 6199.25  6.80  8.62  6.25  6.58 11.27  6.48  9.88 11.98 21.51 11.13 12.45 16.05
 6200.25  6.82  8.62  6.27  6.60 11.25  6.50  9.92 12.00 21.50 11.15 12.46 16.05
 6201.25  6.81  8.59  6.26  6.58 11.19  6.49  9.92 11.97 21.43 11.13 12.43 16.01
 6202.25  6.79  8.55  6.24  6.56 11.12  6.47  9.91 11.93 21.35 11.11 12.38 15.96
 6203.25  6.27  7.91  5.75  6.05 10.34  5.96  9.23 11.14 20.28 10.36 11.57 15.02
 6204.25  5.40  6.85  4.93  5.20  9.01  5.13  8.06  9.77 18.33  9.08 10.17 13.37
 6205.25  5.91  7.45  5.40  5.69  9.73  5.61  8.77 10.56 19.42  9.83 10.97 14.32
 6206.25  6.64  8.31  6.09  6.40 10.73  6.32  9.77 11.65 20.87 10.89 12.08 15.61
 6207.25  6.78  8.44  6.21  6.53 10.87  6.45  9.96 11.83 21.07 11.08 12.26 15.81
 6208.25  6.73  8.37  6.16  6.48 10.76  6.40  9.91 11.75 20.93 11.01 12.18 15.71
 6209.25  6.54  8.12  5.98  6.29 10.45  6.21  9.67 11.45 20.51 10.74 11.87 15.35
 6210.25  6.45  8.01  5.90  6.21 10.29  6.13  9.57 11.31 20.30 10.62 11.72 15.19
 6211.25  6.44  7.98  5.89  6.20 10.23  6.12  9.57 11.28 20.23 10.60 11.69 15.14
 6212.25  5.66  7.03  5.16  5.43  9.07  5.36  8.51 10.07 18.53  9.45 10.44 13.68
 6213.25  5.44  6.76  4.96  5.23  8.72  5.16  8.23  9.72 18.00  9.13 10.09 13.25
 6214.25  6.00  7.41  5.47  5.76  9.47  5.69  9.01 10.57 19.18  9.96 10.95 14.28
 6215.25  6.26  7.70  5.72  6.02  9.80  5.94  9.38 10.96 19.67 10.34 11.34 14.73
 6216.25  6.68  8.16  6.10  6.41 10.32  6.34  9.95 11.55 20.42 10.92 11.94 15.42
 6217.25  6.78  8.26  6.19  6.51 10.41  6.43 10.09 11.68 20.56 11.06 12.07 15.56
 6218.25  6.76  8.23  6.18  6.49 10.35  6.42 10.09 11.64 20.48 11.04 12.03 15.51
 6219.25  6.70  8.14  6.12  6.43 10.22  6.36 10.02 11.54 20.31 10.95 11.92 15.38
 6220.25  6.67  8.09  6.09  6.40 10.13  6.33  9.99 11.48 20.21 10.91 11.86 15.31
 6221.25  6.70  8.10  6.12  6.43 10.11  6.35 10.05 11.51 20.21 10.96 11.88 15.33
 6222.25  6.22  7.53  5.68  5.96  9.42  5.89  9.42 10.79 19.22 10.29 11.15 14.48
 6223.25  5.27  6.41  4.80  5.05  8.05  4.99  8.11  9.32 17.11  8.90  9.64 12.69
 6224.25  5.75  6.94  5.23  5.50  8.66  5.44  8.78 10.04 18.12  9.63 10.37 13.57
 6225.25  6.60  7.90  6.03  6.33  9.77  6.25  9.97 11.31 19.81 10.90 11.66 15.07
 6226.25  6.64  7.93  6.07  6.37  9.77  6.29 10.04 11.35 19.83 10.98 11.71 15.12
 6227.25  6.61  7.87  6.04  6.34  9.68  6.27 10.02 11.30 19.71 10.96 11.65 15.05
 6228.25  6.64  7.88  6.07  6.37  9.67  6.30 10.08 11.33 19.71 11.03 11.68 15.08
 6229.25  6.62  7.83  6.05  6.34  9.59  6.28 10.06 11.28 19.60 11.02 11.62 15.02
 6230.25  6.57  7.75  6.01  6.30  9.48  6.24 10.01 11.20 19.45 10.98 11.54 14.92
 6231.25  6.61  7.77  6.05  6.34  9.48  6.28 10.08 11.25 19.46 11.06 11.58 14.96
 6232.25  6.71  7.85  6.14  6.43  9.55  6.37 10.23 11.38 19.57 11.22 11.71 15.10
 6233.25  6.67  7.79  6.10  6.39  9.45  6.33 10.19 11.31 19.43 11.19 11.63 15.02
 6234.25  6.43  7.50  5.88  6.17  9.09  6.11  9.90 10.95 18.93 10.87 11.27 14.60
 6235.25  5.43  6.34  4.96  5.20  7.73  5.15  8.51  9.43 16.77  9.40  9.72 12.76
 6236.25  4.58  5.35  4.17  4.38  6.54  4.34  7.28  8.07 14.69  8.07  8.32 11.05
 6237.25  4.08  4.76  3.72  3.90  5.82  3.87  6.55  7.25 13.33  7.27  7.47  9.98
 6238.25  4.27  4.97  3.89  4.09  6.04  4.06  6.86  7.56 13.79  7.60  7.79 10.37
 6239.25  5.19  5.99  4.74  4.97  7.24  4.94  8.25  9.03 16.00  9.11  9.29 12.23
 6240.25  6.16  7.05  5.64  5.90  8.44  5.86  9.65 10.48 18.01 10.61 10.77 13.99
 6241.25  5.96  6.81  5.46  5.72  8.14  5.68  9.40 10.18 17.55 10.34 10.46 13.62
 6242.25  5.57  6.35  5.09  5.34  7.59  5.30  8.86  9.58 16.66  9.76  9.84 12.88
 6243.25  5.59  6.35  5.11  5.35  7.57  5.32  8.91  9.60 16.64  9.81  9.86 12.90
 6244.25  5.74  6.49  5.25  5.50  7.71  5.47  9.14  9.81 16.90 10.07 10.08 13.15
 6245.25  5.51  6.22  5.04  5.27  7.37  5.25  8.83  9.45 16.35  9.73  9.72 12.71
 6246.25  6.06  6.80  5.56  5.80  8.01  5.78  9.64 10.27 17.43 10.60 10.55 13.68
 6247.25  6.66  7.44  6.12  6.37  8.70  6.36 10.51 11.14 18.52 11.51 11.43 14.69
 6248.25  6.65  7.41  6.12  6.36  8.64  6.36 10.52 11.12 18.44 11.53 11.41 14.66
 6249.25  6.29  6.99  5.78  6.01  8.15  6.01 10.04 10.60 17.70 11.02 10.87 14.02
 6250.25  6.33  7.01  5.81  6.04  8.14  6.05 10.12 10.65 17.71 11.10 10.91 14.07
 6251.25  6.60  7.27  6.06  6.29  8.41  6.31 10.51 11.03 18.15 11.52 11.29 14.49
 6252.25  6.66  7.32  6.12  6.35  8.44  6.38 10.62 11.12 18.20 11.63 11.38 14.58
 6253.25  6.64  7.27  6.10  6.33  8.36  6.36 10.62 11.08 18.10 11.63 11.34 14.52
 6254.25  6.72  7.33  6.17  6.39  8.40  6.44 10.75 11.19 18.17 11.76 11.44 14.62
 6255.25  6.75  7.34  6.21  6.42  8.38  6.48 10.82 11.23 18.16 11.84 11.47 14.66
 6256.25  6.71  7.28  6.17  6.38  8.28  6.44 10.79 11.17 18.04 11.81 11.41 14.58
 6257.25  6.51  7.05  5.98  6.18  7.99  6.25 10.53 10.88 17.60 11.53 11.11 14.22
 6258.25  5.44  5.89  4.98  5.15  6.68  5.21  8.99  9.27 15.37  9.88  9.48 12.28
 6259.25  3.85  4.18  3.52  3.64  4.75  3.70  6.55  6.76 11.60  7.25  6.91  9.11
 6260.25  4.10  4.44  3.75  3.88  5.02  3.94  6.97  7.16 12.17  7.70  7.32  9.62
 6261.25  5.96  6.41  5.47  5.64  7.19  5.73  9.83 10.05 16.27 10.78 10.25 13.17
 6262.25  6.61  7.08  6.08  6.26  7.92  6.37 10.80 11.01 17.46 11.81 11.21 14.28
 6263.25  6.35  6.80  5.84  6.01  7.61  6.12 10.46 10.64 16.93 11.45 10.83 13.83
 6264.25  6.29  6.72  5.78  5.94  7.52  6.07 10.39 10.54 16.74 11.37 10.73 13.70
 6265.25  6.34  6.76  5.83  5.98  7.55  6.11 10.48 10.61 16.76 11.47 10.79 13.76
 6266.25  5.43  5.79  4.98  5.12  6.49  5.24  9.16  9.25 14.89 10.05  9.41 12.12
 6267.25  5.07  5.39  4.65  4.77  6.05  4.89  8.63  8.69 14.06  9.48  8.84 11.43
 6268.25  6.12  6.49  5.63  5.77  7.26  5.92 10.24 10.28 16.16 11.21 10.45 13.33
 6269.25  6.27  6.63  5.77  5.90  7.40  6.06 10.48 10.49 16.37 11.45 10.65 13.56
 6270.25  6.02  6.35  5.53  5.66  7.10  5.82 10.14 10.12 15.83 11.09 10.27 13.11
 6271.25  6.43  6.77  5.92  6.05  7.55  6.23 10.76 10.72 16.54 11.75 10.87 13.79
 6272.25  6.63  6.97  6.11  6.24  7.76  6.44 11.08 11.01 16.84 12.08 11.16 14.11
 6273.25  6.56  6.88  6.04  6.16  7.66  6.37 11.00 10.90 16.64 12.00 11.04 13.96
 6274.25  6.47  6.78  5.96  6.08  7.54  6.29 10.90 10.77 16.42 11.92 10.91 13.80
 6275.25  6.38  6.67  5.88  5.99  7.42  6.21 10.79 10.63 16.20 11.86 10.77 13.62
 6276.25  5.29  5.53  4.87  4.95  6.17  5.15  9.16  9.00 14.01 10.17  9.11 11.66
 6277.25  4.68  4.88  4.30  4.37  5.46  4.55  8.20  8.04 12.65  9.18  8.14 10.47
 6278.25  5.67  5.90  5.22  5.31  6.57  5.53  9.76  9.56 14.69 10.93  9.67 12.29
 6279.25  5.90  6.12  5.44  5.52  6.81  5.76 10.12  9.91 15.15 11.40 10.01 12.69
 6280.25  5.84  6.04  5.38  5.46  6.72  5.71 10.02  9.82 15.02 11.38  9.92 12.57
 6281.25  6.40  6.60  5.90  5.98  7.32  6.26 10.85 10.63 16.05 12.36 10.73 13.50
 6282.25  6.57  6.76  6.06  6.14  7.49  6.43 11.09 10.87 16.34 12.71 10.96 13.76
 6283.25  6.50  6.68  6.00  6.07  7.40  6.37 11.00 10.77 16.21 12.70 10.86 13.64
 6284.25  6.45  6.61  5.95  6.02  7.32  6.32 10.92 10.70 16.10 12.70 10.78 13.54
 6285.25  6.45  6.61  5.96  6.02  7.32  6.34 10.94 10.71 16.10 12.80 10.79 13.54
 6286.25  6.47  6.60  5.97  6.03  7.31  6.35 10.95 10.72 16.10 12.90 10.80 13.53
 6287.25  6.31  6.43  5.82  5.88  7.12  6.20 10.72 10.49 15.79 12.72 10.56 13.25
 6288.25  4.77  4.86  4.39  4.43  5.40  4.69  8.35  8.16 12.66 10.10  8.21 10.47
 6289.25  3.77  3.83  3.46  3.49  4.27  3.71  6.71  6.55 10.36  8.24  6.59  8.48
 6290.25  4.97  5.04  4.57  4.60  5.58  4.89  8.66  8.45 13.04 10.60  8.50 10.79
 6291.25  6.08  6.16  5.61  5.65  6.79  6.00 10.38 10.14 15.27 12.65 10.19 12.78
 6292.25  6.21  6.29  5.74  5.77  6.92  6.14 10.57 10.33 15.49 12.95 10.37 12.98
 6293.25  6.30  6.37  5.82  5.85  6.99  6.23 10.70 10.46 15.63 13.17 10.49 13.10
 6294.25  6.42  6.48  5.93  5.96  7.10  6.35 10.87 10.63 15.83 13.45 10.65 13.28
 6295.25  6.43  6.49  5.95  5.97  7.10  6.37 10.88 10.66 15.81 13.54 10.66 13.27
 6296.25  6.45  6.50  5.96  5.98  7.09  6.39 10.90 10.69 15.83 13.65 10.68 13.29
 6297.25  6.28  6.32  5.80  5.81  6.89  6.23 10.66 10.46 15.50 13.45 10.43 13.00
 6298.25  5.77  5.80  5.33  5.33  6.33  5.73  9.89  9.72 14.52 12.63  9.67 12.12
 6299.25  4.79  4.81  4.42  4.42  5.25  4.76  8.37  8.23 12.50 10.88  8.17 10.35
 6300.25  3.07  3.08  2.83  2.82  3.37  3.05  5.49  5.40  8.39  7.29  5.35  6.86
 6301.25  1.06  1.07  0.98  0.97  1.17  1.06  1.94  1.90  3.02  2.63  1.89  2.45
 6302.25  0.77  0.77  0.71  0.71  0.85  0.77  1.41  1.39  2.20  1.93  1.37  1.78
 6303.25  1.63  1.62  1.49  1.49  1.78  1.62  2.95  2.91  4.56  4.04  2.87  3.71
 6304.25  4.96  4.95  4.58  4.56  5.40  4.95  8.60  8.51 12.68 11.48  8.39 10.57
 6305.25  6.23  6.22  5.77  5.74  6.75  6.23 10.58 10.48 15.24 13.97 10.33 12.85
 6306.25  6.22  6.19  5.76  5.73  6.73  6.22 10.55 10.46 15.18 14.01 10.30 12.80
 6307.25  5.44  5.41  5.02  4.99  5.88  5.44  9.36  9.29 13.65 12.64  9.13 11.44
 6308.25  3.72  3.69  3.43  3.40  4.04  3.72  6.60  6.55  9.90  9.18  6.42  8.18
 6309.25  3.91  3.88  3.60  3.58  4.24  3.92  6.91  6.88 10.33  9.65  6.73  8.55
 6310.25  5.67  5.62  5.25  5.20  6.12  5.69  9.72  9.69 14.06 13.30  9.48 11.83
 6311.25  6.35  6.29  5.89  5.83  6.83  6.37 10.73 10.71 15.31 14.61 10.47 12.98
 6312.25  6.48  6.41  6.01  5.95  6.96  6.51 10.92 10.91 15.52 14.91 10.65 13.18
 6313.25  6.46  6.39  5.99  5.93  6.93  6.50 10.89 10.89 15.47 14.96 10.62 13.14
 6314.25  6.35  6.26  5.88  5.82  6.80  6.38 10.72 10.73 15.23 14.82 10.45 12.94
 6315.25  6.33  6.24  5.87  5.79  6.77  6.37 10.69 10.71 15.17 14.86 10.42 12.90
 6316.25  6.46  6.36  5.99  5.91  6.90  6.50 10.88 10.92 15.38 15.16 10.60 13.10
 6317.25  6.50  6.40  6.04  5.95  6.95  6.56 10.95 11.00 15.44 15.32 10.66 13.17
 6318.25  6.49  6.38  6.03  5.94  6.93  6.55 10.93 10.99 15.40 15.37 10.64 13.14
 6319.25  6.54  6.42  6.08  5.99  6.97  6.60 11.00 11.07 15.46 15.52 10.71 13.21
 6320.25  6.61  6.48  6.14  6.04  7.03  6.67 11.09 11.17 15.55 15.71 10.79 13.30
 6321.25  6.36  6.23  5.91  5.82  6.77  6.43 10.73 10.83 15.10 15.35 10.45 12.90
 6322.25  5.43  5.31  5.04  4.96  5.78  5.50  9.34  9.44 13.34 13.66  9.07 11.31
 6323.25  4.79  4.68  4.44  4.36  5.10  4.85  8.32  8.43 12.01 12.40  8.08 10.14
 6324.25  5.73  5.60  5.33  5.23  6.08  5.81  9.76  9.92 13.86 14.37  9.51 11.81
 6325.25  6.37  6.22  5.93  5.82  6.74  6.45 10.69 10.88 15.01 15.64 10.44 12.87
 6326.25  6.43  6.29  6.00  5.89  6.80  6.52 10.77 10.99 15.11 15.85 10.53 12.97
 6327.25  6.38  6.23  5.95  5.84  6.74  6.47 10.67 10.92 14.99 15.88 10.44 12.87
 6328.25  6.26  6.11  5.84  5.73  6.61  6.36 10.48 10.76 14.76 15.80 10.27 12.67
 6329.25  6.24  6.09  5.83  5.71  6.59  6.35 10.44 10.75 14.71 15.91 10.24 12.63
 6330.25  5.43  5.30  5.07  4.96  5.73  5.53  9.21  9.52 13.16 14.43  9.04 11.23
 6331.25  3.82  3.72  3.56  3.48  4.04  3.90  6.64  6.90  9.75 10.91  6.53  8.23
 6332.25  4.23  4.12  3.94  3.85  4.46  4.31  7.29  7.59 10.63 12.00  7.17  9.00
 6333.25  6.02  5.87  5.63  5.51  6.32  6.14 10.04 10.45 14.21 16.03  9.90 12.22
 6334.25  6.42  6.25  6.01  5.88  6.73  6.55 10.59 11.06 14.90 16.92 10.47 12.86
 6335.25  6.38  6.21  5.97  5.84  6.68  6.51 10.52 11.01 14.81 16.99 10.41 12.79
 6336.25  6.48  6.31  6.08  5.94  6.78  6.62 10.65 11.17 14.97 17.31 10.55 12.95
 6337.25  6.56  6.38  6.15  6.01  6.85  6.71 10.74 11.30 15.08 17.59 10.66 13.06
 6338.25  6.49  6.32  6.09  5.95  6.78  6.64 10.63 11.21 14.95 17.60 10.56 12.94
 6339.25  6.39  6.21  6.00  5.86  6.66  6.54 10.46 11.07 14.74 17.54 10.41 12.77
 6340.25  6.42  6.24  6.03  5.89  6.69  6.58 10.49 11.13 14.78 17.74 10.45 12.81
 6341.25  5.68  5.52  5.33  5.20  5.92  5.83  9.39 10.01 13.41 16.38  9.37 11.57
 6342.25  4.80  4.65  4.50  4.38  5.00  4.93  8.04  8.61 11.66 14.53  8.03 10.00
 6343.25  5.51  5.35  5.18  5.04  5.75  5.66  9.11  9.75 13.05 16.27  9.11 11.26
 6344.25  6.20  6.02  5.84  5.69  6.46  6.38 10.10 10.81 14.31 17.84 10.13 12.42
 6345.25  6.21  6.02  5.84  5.69  6.46  6.38 10.09 10.82 14.29 17.97 10.13 12.41
 6346.25  6.29  6.10  5.92  5.77  6.54  6.47 10.19 10.93 14.40 18.25 10.24 12.53
 6347.25  6.27  6.08  5.92  5.76  6.53  6.46 10.15 10.91 14.36 18.35 10.21 12.50
 6348.25  6.25  6.05  5.89  5.73  6.50  6.44 10.09 10.88 14.30 18.43 10.17 12.45
 6349.25  5.74  5.55  5.41  5.26  5.98  5.92  9.34 10.10 13.35 17.50  9.43 11.59
 6350.25  5.05  4.89  4.76  4.62  5.27  5.22  8.31  9.02 12.02 16.08  8.40 10.40
 6351.25  5.65  5.46  5.33  5.18  5.88  5.84  9.17  9.96 13.14 17.55  9.29 11.42
 6352.25  6.18  5.98  5.84  5.67  6.43  6.39  9.92 10.77 14.08 18.79 10.06 12.30
 6353.25  6.23  6.02  5.89  5.72  6.48  6.45  9.98 10.84 14.15 19.02 10.13 12.37
 6354.25  6.25  6.04  5.91  5.74  6.50  6.47  9.99 10.87 14.16 19.18 10.16 12.40
 6355.25  6.28  6.07  5.95  5.77  6.53  6.51 10.01 10.92 14.20 19.37 10.22 12.46
 6356.25  6.09  5.89  5.77  5.60  6.34  6.33  9.73 10.63 13.84 19.11  9.95 12.15
 6357.25  4.86  4.69  4.60  4.46  5.06  5.06  7.91  8.70 11.49 16.38  8.11 10.02
 6358.25  4.23  4.08  4.00  3.87  4.41  4.41  6.93  7.66 10.18 14.83  7.13  8.85
 6359.25  5.40  5.21  5.11  4.96  5.62  5.63  8.67  9.56 12.50 17.91  8.93 10.97
 6360.25  6.20  5.99  5.88  5.71  6.45  6.46  9.81 10.79 13.95 19.82 10.12 12.34
 6361.25  6.21  6.00  5.90  5.73  6.46  6.48  9.81 10.81 13.95 19.98 10.15 12.37
 6362.25  6.12  5.91  5.82  5.65  6.37  6.40  9.67 10.68 13.77 19.93 10.04 12.24
 6363.25  5.65  5.46  5.37  5.22  5.88  5.92  8.98  9.96 12.90 19.03  9.36 11.46
 6364.25  2.75  2.65  2.60  2.52  2.87  2.89  4.51  5.07  6.76 10.68  4.74  5.93
 6365.25  1.31  1.26  1.24  1.20  1.37  1.38  2.18  2.46  3.31  5.42  2.30  2.90
 6366.25  1.63  1.57  1.55  1.50  1.71  1.72  2.70  3.05  4.09  6.75  2.86  3.60
 6367.25  4.10  3.95  3.90  3.78  4.27  4.32  6.59  7.41  9.69 15.32  6.98  8.65
 6368.25  6.00  5.78  5.72  5.55  6.24  6.31  9.39 10.49 13.42 20.48  9.94 12.12
 6369.25  6.10  5.89  5.82  5.66  6.35  6.43  9.53 10.65 13.59 20.84 10.10 12.31
 6370.25  6.11  5.89  5.83  5.67  6.35  6.44  9.53 10.66 13.57 20.98 10.13 12.33
 6371.25  6.14  5.92  5.86  5.70  6.38  6.47  9.57 10.70 13.60 21.18 10.18 12.39
 6372.25  6.17  5.95  5.89  5.73  6.41  6.51  9.60 10.74 13.63 21.38 10.24 12.46
 6373.25  6.14  5.92  5.87  5.71  6.38  6.49  9.55 10.70 13.56 21.45 10.21 12.42
 6374.25  6.09  5.87  5.82  5.67  6.33  6.45  9.48 10.63 13.46 21.48 10.16 12.36
 6375.25  6.12  5.89  5.85  5.70  6.36  6.48  9.51 10.67 13.48 21.67 10.21 12.41
 6376.25  6.17  5.94  5.90  5.75  6.41  6.54  9.57 10.74 13.56 21.90 10.29 12.51
 6377.25  6.18  5.95  5.91  5.76  6.42  6.55  9.58 10.75 13.57 22.05 10.32 12.54
 6378.25  6.23  5.99  5.96  5.80  6.46  6.61  9.63 10.82 13.64 22.25 10.40 12.63
 6379.25  6.19  5.95  5.93  5.77  6.42  6.58  9.58 10.76 13.57 22.17 10.36 12.58
 6380.25  5.73  5.50  5.48  5.33  5.94  6.09  8.91 10.05 12.73 21.10  9.68 11.80
 6381.25  5.39  5.17  5.16  5.02  5.60  5.74  8.43  9.53 12.12 22.52  9.19 11.24
 6382.25  5.95  5.70  5.69  5.55  6.17  6.33  9.20 10.38 13.10 34.05 10.03 12.20
 6383.25  6.17  5.91  5.90  5.76  6.39  6.57  9.50 10.71 13.48 43.00 10.36 12.58
 6384.25  6.18  5.92  5.92  5.77  6.41  6.58  9.50 10.72 13.49 44.33 10.39 12.61
 6385.25  6.22  5.96  5.95  5.81  6.45  6.63  9.54 10.77 13.54 44.21 10.46 12.68
 6386.25  6.16  5.89  5.90  5.75  6.38  6.57  9.45 10.68 13.43 43.82 10.38 12.59
 6387.25  5.47  5.23  5.24  5.10  5.68  5.85  8.48  9.62 12.19 41.80  9.36 11.42
 6388.25  4.83  4.62  4.62  4.51  5.02  5.18  7.55  8.61 10.99 39.56  8.38 10.29
 6389.25  5.58  5.33  5.34  5.21  5.79  5.97  8.61  9.78 12.37 41.58  9.54 11.63
 6390.25  6.19  5.92  5.94  5.79  6.42  6.62  9.46 10.71 13.45 42.86 10.47 12.69
 6391.25  6.26  5.98  6.00  5.85  6.49  6.69  9.54 10.81 13.55 42.75 10.58 12.80
 6392.25  6.25  5.97  6.00  5.85  6.48  6.69  9.52 10.79 13.52 42.47 10.58 12.80
 6393.25  6.19  5.91  5.94  5.79  6.42  6.63  9.42 10.70 13.41 42.07 10.50 12.71
 6394.25  6.19  5.91  5.94  5.80  6.42  6.64  9.41 10.70 13.40 41.81 10.51 12.73
 6395.25  6.22  5.94  5.98  5.83  6.45  6.68  9.45 10.74 13.45 41.61 10.57 12.79
 6396.25  6.30  6.01  6.05  5.90  6.53  6.76  9.54 10.85 13.56 41.50 10.69 12.92
 6397.25  6.31  6.02  6.07  5.92  6.54  6.78  9.55 10.87 13.58 41.26 10.72 12.96
 6398.25  6.30  6.01  6.06  5.92  6.53  6.78  9.53 10.85 13.55 40.97 10.72 12.95
 6399.25  6.33  6.04  6.09  5.95  6.56  6.82  9.56 10.89 13.59 40.75 10.77 13.01
 6400.25  6.39  6.09  6.15  6.01  6.63  6.90  9.63 10.98 13.68 40.61 10.87 13.12
 6401.25  6.50  6.20  6.26  6.12  6.74  7.02  9.76 11.13 13.85 40.56 11.04 13.31
 6402.25  6.53  6.22  6.29  6.15  6.77  7.07  9.79 11.18 13.89 40.34 11.10 13.37
 6403.25  6.45  6.14  6.21  6.07  6.68  6.99  9.67 11.05 13.73 39.89 10.98 13.24
 6404.25  6.41  6.10  6.18  6.04  6.65  6.96  9.61 10.99 13.67 39.53 10.94 13.20
 6405.25  6.31  6.00  6.08  5.94  6.54  6.86  9.46 10.84 13.48 39.03 10.80 13.04
 6406.25  6.28  5.98  6.06  5.92  6.52  6.84  9.42 10.80 13.43 38.69 10.78 13.01
 6407.25  6.25  5.94  6.02  5.89  6.48  6.81  9.36 10.74 13.35 38.31 10.73 12.95
 6408.25  5.08  4.82  4.89  4.78  5.27  5.56  7.72  8.94 11.25 34.83  8.95 10.91
 6409.25  4.54  4.30  4.37  4.27  4.71  4.98  6.94  8.07 10.21 32.71  8.09  9.91
 6410.25  5.73  5.44  5.53  5.41  5.94  6.28  8.62  9.95 12.42 36.14 10.00 12.10
 6411.25  6.43  6.11  6.21  6.08  6.66  7.05  9.56 10.99 13.61 37.54 11.07 13.29
 6412.25  6.39  6.06  6.17  6.04  6.62  7.01  9.49 10.93 13.53 37.15 11.03 13.23
 6413.25  6.39  6.07  6.18  6.05  6.63  7.03  9.49 10.93 13.53 36.86 11.06 13.25
 6414.25  6.18  5.86  5.97  5.85  6.41  6.81  9.21 10.62 13.17 36.09 10.76 12.90
 6415.25  5.76  5.45  5.56  5.44  5.97  6.36  8.62  9.97 12.42 34.75 10.13 12.18
 6416.25  5.93  5.61  5.73  5.61  6.14  6.55  8.85 10.23 12.70 34.86 10.41 12.47
 6417.25  6.29  5.96  6.09  5.96  6.52  6.96  9.34 10.77 13.32 35.41 10.99 13.10
 6418.25  6.37  6.03  6.16  6.04  6.60  7.05  9.43 10.87 13.43 35.26 11.11 13.22
 6419.25  6.35  6.01  6.14  6.02  6.58  7.03  9.40 10.84 13.38 34.90 11.10 13.19
 6420.25  6.24  5.90  6.04  5.92  6.46  6.92  9.25 10.67 13.19 34.34 10.95 13.01
 6421.25  5.82  5.51  5.63  5.52  6.04  6.48  8.68 10.05 12.47 33.03 10.34 12.31
 6422.25  5.56  5.26  5.39  5.28  5.77  6.21  8.32  9.65 12.00 32.05  9.96 11.87
 6423.25  6.07  5.75  5.89  5.77  6.30  6.77  9.01 10.42 12.88 33.01 10.76 12.75
 6424.25  6.27  5.93  6.08  5.96  6.50  7.00  9.27 10.71 13.20 33.13 11.08 13.09
 6425.25  6.29  5.96  6.11  5.98  6.52  7.03  9.29 10.74 13.23 32.86 11.13 13.13
 6426.25  6.32  5.98  6.14  6.01  6.56  7.07  9.33 10.78 13.28 32.59 11.19 13.18
 6427.25  6.25  5.92  6.08  5.95  6.49  7.01  9.23 10.67 13.18 32.11 11.11 13.07
 6428.25  6.24  5.91  6.07  5.94  6.47  7.00  9.21 10.65 13.16 31.74 11.10 13.05
 6429.25  6.27  5.94  6.11  5.97  6.51  7.05  9.25 10.69 13.22 31.48 11.17 13.11
 6430.25  6.26  5.93  6.11  5.97  6.50  7.04  9.23 10.67 13.21 31.12 11.18 13.10
 6431.25  6.26  5.93  6.12  5.97  6.50  7.06  9.23 10.68 13.22 30.86 11.20 13.11
 6432.25  6.30  5.97  6.16  6.01  6.54  7.11  9.27 10.73 13.29 30.82 11.27 13.18
 6433.25  6.28  5.95  6.15  6.00  6.52  7.10  9.24 10.70 13.26 30.73 11.27 13.15
 6434.25  6.22  5.89  6.09  5.94  6.46  7.04  9.16 10.60 13.16 30.55 11.19 13.05
 6435.25  6.21  5.88  6.09  5.93  6.45  7.04  9.13 10.58 13.15 30.48 11.19 13.04
 6436.25  6.20  5.87  6.08  5.92  6.44  7.04  9.12 10.57 13.14 30.42 11.20 13.03
 6437.25  6.17  5.85  6.07  5.90  6.42  7.02  9.08 10.53 13.10 30.32 11.18 12.99
 6438.25  6.16  5.84  6.07  5.89  6.41  7.02  9.07 10.52 13.10 30.26 11.19 12.99
 6439.25  6.21  5.89  6.11  5.94  6.46  7.09  9.12 10.59 13.18 30.32 11.27 13.06
 6440.25  6.36  6.03  6.27  6.09  6.61  7.27  9.32 10.81 13.44 30.61 11.52 13.32
 6441.25  6.43  6.10  6.35  6.16  6.69  7.38  9.41 10.93 13.57 30.73 11.65 13.45
 6442.25  6.33  6.01  6.26  6.07  6.59  7.29  9.28 10.79 13.41 30.48 11.52 13.29
 6443.25  6.29  5.97  6.23  6.03  6.55  7.26  9.22 10.73 13.35 30.35 11.48 13.23
 6444.25  6.28  5.97  6.23  6.03  6.55  7.28  9.21 10.73 13.35 30.30 11.49 13.23
 6445.25  6.25  5.94  6.20  6.00  6.52  7.27  9.16 10.69 13.30 30.19 11.47 13.18
 6446.25  6.25  5.94  6.21  6.00  6.52  7.29  9.16 10.69 13.31 30.15 11.49 13.19
 6447.25  6.29  5.98  6.25  6.04  6.56  7.35  9.21 10.75 13.38 30.19 11.56 13.26
 6448.25  6.29  5.98  6.26  6.05  6.57  7.38  9.21 10.76 13.39 30.16 11.59 13.27
 6449.25  6.23  5.93  6.22  6.00  6.51  7.34  9.13 10.68 13.31 30.00 11.52 13.18
 6450.25  6.20  5.90  6.18  5.96  6.48  7.32  9.08 10.63 13.25 29.88 11.49 13.12
 6451.25  6.27  5.97  6.26  6.03  6.55  7.42  9.17 10.74 13.38 30.00 11.62 13.25
 6452.25  6.26  5.96  6.26  6.03  6.55  7.43  9.16 10.73 13.38 29.95 11.63 13.25
 6453.25  5.99  5.71  6.00  5.78  6.27  7.15  8.80 10.34 12.93 29.29 11.23 12.80
 6454.25  5.90  5.62  5.92  5.69  6.18  7.07  8.67 10.21 12.78 29.03 11.11 12.65
 6455.25  6.07  5.79  6.10  5.86  6.36  7.29  8.90 10.47 13.09 29.40 11.40 12.95
 6456.25  6.11  5.83  6.14  5.90  6.40  7.35  8.94 10.53 13.15 29.44 11.47 13.02
 6457.25  6.13  5.85  6.17  5.92  6.43  7.39  8.97 10.57 13.20 29.45 11.53 13.06
 6458.25  6.18  5.90  6.23  5.97  6.48  7.47  9.03 10.64 13.29 29.51 11.62 13.15
 6459.25  5.98  5.71  6.04  5.78  6.27  7.26  8.76 10.35 12.95 29.00 11.33 12.82
 6460.25  5.89  5.62  5.95  5.69  6.18  7.17  8.64 10.21 12.80 28.74 11.20 12.66
 6461.25  6.21  5.94  6.29  6.01  6.52  7.58  9.07 10.71 13.37 29.47 11.74 13.23
 6462.25  6.32  6.05  6.41  6.12  6.64  7.73  9.21 10.87 13.56 29.68 11.93 13.42
 6463.25  6.35  6.08  6.45  6.16  6.68  7.78  9.25 10.92 13.62 29.70 11.99 13.48
 6464.25  5.89  5.64  6.00  5.71  6.20  7.27  8.64 10.24 12.84 28.57 11.27 12.69
 6465.25  4.98  4.76  5.08  4.82  5.25  6.19  7.38  8.82 11.17 26.05  9.76 11.04
 6466.25  5.09  4.87  5.20  4.94  5.37  6.35  7.54  9.00 11.40 26.36  9.97 11.27
 6467.25  4.50  4.31  4.61  4.37  4.75  5.65  6.71  8.05 10.25 24.41  8.94 10.13
 6468.25  4.59  4.38  4.70  4.45  4.84  5.77  6.82  8.18 10.42 24.63  9.09 10.29
 6469.25  5.73  5.49  5.87  5.56  6.04  7.17  8.40 10.00 12.58 27.95 11.07 12.43
 6470.25  6.19  5.93  6.35  6.01  6.53  7.74  9.02 10.70 13.39 29.03 11.82 13.23
 6471.25  5.45  5.22  5.60  5.29  5.75  6.87  8.01  9.57 12.07 27.11 10.61 11.90
 6472.25  4.31  4.12  4.44  4.18  4.56  5.49  6.42  7.74  9.89 23.52  8.63  9.73
 6473.25  4.61  4.40  4.75  4.47  4.87  5.87  6.83  8.22 10.47 24.46  9.17 10.30
 6474.25  5.82  5.57  5.99  5.65  6.14  7.37  8.50 10.14 12.75 27.93 11.25 12.54
 6475.25  6.06  5.80  6.25  5.88  6.39  7.67  8.81 10.50 13.17 28.42 11.65 12.94
 6476.25  4.91  4.70  5.07  4.76  5.19  6.29  7.24  8.71 11.07 25.24  9.72 10.85
 6477.25  4.07  3.89  4.22  3.95  4.31  5.26  6.06  7.34  9.42 22.42  8.23  9.22
 6478.25  5.03  4.82  5.22  4.89  5.32  6.48  7.41  8.92 11.34 25.60  9.97 11.09
 6479.25  5.43  5.20  5.64  5.27  5.74  6.99  7.96  9.56 12.11 26.71 10.66 11.82
 6480.25  5.53  5.30  5.74  5.37  5.84  7.12  8.08  9.71 12.29 26.91 10.83 11.99
 6481.25  6.24  5.98  6.48  6.06  6.59  8.02  9.03 10.79 13.57 28.63 12.01 13.22
 6482.25  6.34  6.09  6.60  6.16  6.70  8.18  9.16 10.95 13.75 28.81 12.18 13.39
 6483.25  6.22  5.96  6.47  6.04  6.57  8.06  8.99 10.76 13.54 28.43 11.99 13.16
 6484.25  6.31  6.06  6.58  6.14  6.67  8.22  9.12 10.91 13.72 28.61 12.15 13.32
 6485.25  6.42  6.15  6.69  6.23  6.78  8.39  9.24 11.06 13.91 28.81 12.33 13.48
 6486.25  6.31  6.05  6.59  6.13  6.67  8.30  9.10 10.91 13.74 28.53 12.17 13.30
 6487.25  6.26  6.00  6.55  6.08  6.62  8.27  9.03 10.84 13.66 28.36 12.10 13.21
 6488.25  6.32  6.06  6.62  6.14  6.68  8.39  9.11 10.94 13.78 28.45 12.21 13.31
 6489.25  6.38  6.12  6.69  6.20  6.75  8.50  9.18 11.02 13.89 28.53 12.31 13.40
 6490.25  6.41  6.14  6.73  6.23  6.78  8.58  9.21 11.07 13.95 28.51 12.37 13.44
 6491.25  6.40  6.13  6.72  6.22  6.77  8.60  9.19 11.06 13.94 28.43 12.37 13.42
 6492.25  6.39  6.12  6.72  6.21  6.76  8.63  9.18 11.05 13.94 28.37 12.37 13.41
 6493.25  6.39  6.12  6.72  6.21  6.76  8.67  9.17 11.05 13.95 28.31 12.39 13.41
 6494.25  6.40  6.13  6.74  6.22  6.77  8.72  9.18 11.07 13.98 28.30 12.43 13.43
 6495.25  6.34  6.08  6.68  6.16  6.71  8.69  9.10 10.99 13.89 28.11 12.35 13.32
 6496.25  6.37  6.10  6.71  6.19  6.74  8.76  9.13 11.03 13.95 28.11 12.41 13.37
 6497.25  6.49  6.22  6.84  6.31  6.87  8.96  9.29 11.22 14.17 28.33 12.62 13.57
 6498.25  6.10  5.84  6.44  5.93  6.46  8.50  8.77 10.64 13.51 27.42 12.01 12.92
 6499.25  4.65  4.45  4.93  4.52  4.95  6.62  6.81  8.36 10.79 23.33  9.52 10.28
 6500.25  3.28  3.13  3.48  3.18  3.49  4.74  4.86  6.03  7.90 18.16  6.92  7.49
 6501.25  3.87  3.69  4.10  3.75  4.12  5.59  5.69  7.04  9.18 20.44  8.07  8.71
 6502.25  5.71  5.47  6.05  5.55  6.07  8.15  8.24 10.07 12.86 26.26 11.43 12.24
 6503.25  6.20  5.94  6.56  6.03  6.59  8.82  8.89 10.82 13.74 27.38 12.26 13.09
 6504.25  6.10  5.84  6.46  5.93  6.49  8.73  8.76 10.67 13.58 27.10 12.11 12.92
 6505.25  5.91  5.66  6.27  5.75  6.29  8.52  8.51 10.39 13.26 26.61 11.82 12.59
 6506.25  4.85  4.63  5.15  4.71  5.17  7.11  7.06  8.71 11.26 23.62  9.98 10.65
 6507.25  4.77  4.56  5.07  4.63  5.09  7.03  6.95  8.58 11.11 23.33  9.85 10.50
 6508.25  5.90  5.65  6.26  5.74  6.29  8.61  8.48 10.37 13.26 26.38 11.84 12.56
 6509.25  6.25  5.98  6.63  6.08  6.66  9.12  8.94 10.91 13.88 27.14 12.43 13.15
 6510.25  6.26  5.99  6.65  6.09  6.67  9.17  8.96 10.93 13.92 27.12 12.47 13.17
 6511.25  6.30  6.03  6.69  6.13  6.72  9.26  9.01 10.99 13.99 27.15 12.55 13.24
 6512.25  6.28  6.01  6.67  6.12  6.70  9.27  8.98 10.96 13.97 27.03 12.53 13.20
 6513.25  6.26  5.98  6.65  6.09  6.68  9.28  8.95 10.93 13.93 26.92 12.50 13.16
 6514.25  6.25  5.97  6.64  6.09  6.67  9.30  8.93 10.92 13.92 26.81 12.49 13.13
 6515.25  5.81  5.55  6.19  5.66  6.21  8.74  8.35 10.25 13.15 25.72 11.78 12.38
 6516.25  5.73  5.47  6.10  5.58  6.13  8.66  8.24 10.13 13.01 25.44 11.66 12.23
 6517.25  6.22  5.94  6.62  6.06  6.65  9.37  8.89 10.88 13.89 26.54 12.49 13.07
 6518.25  6.42  6.14  6.84  6.26  6.87  9.69  9.15 11.19 14.26 26.96 12.86 13.41
 6519.25  6.48  6.20  6.91  6.33  6.94  9.81  9.23 11.29 14.38 27.04 13.00 13.51
 6520.25  6.48  6.19  6.91  6.33  6.94  9.85  9.23 11.29 14.39 27.00 13.05 13.52
 6521.25  6.42  6.13  6.85  6.27  6.88  9.80  9.15 11.20 14.30 26.82 12.99 13.41
 6522.25  6.36  6.08  6.79  6.22  6.82  9.76  9.08 11.12 14.21 26.64 12.94 13.32
 6523.25  5.66  5.40  6.05  5.53  6.08  8.82  8.14 10.05 12.95 24.90 11.79 12.10
 6524.25  4.93  4.70  5.28  4.82  5.31  7.82  7.16  8.89 11.58 22.88 10.53 10.78
 6525.25  5.75  5.48  6.15  5.62  6.18  9.07  8.26 10.19 13.13 25.02 12.03 12.25
 6526.25  6.33  6.04  6.77  6.19  6.80  9.97  9.03 11.08 14.16 26.34 13.06 13.25
 6527.25  6.24  5.95  6.68  6.11  6.72  9.92  8.92 10.96 14.00 26.10 12.96 13.12
 6528.25  6.32  6.03  6.76  6.19  6.80 10.11  9.01 11.08 14.12 26.21 13.13 13.25
 6529.25  6.56  6.26  7.02  6.42  7.06 10.53  9.33 11.44 14.52 26.66 13.57 13.65
 6530.25  6.70  6.39  7.17  6.57  7.21 10.80  9.51 11.65 14.73 26.88 13.83 13.88
 6531.25  6.67  6.37  7.15  6.55  7.20 10.85  9.48 11.63 14.68 26.77 13.84 13.85
 6532.25  6.60  6.30  7.07  6.47  7.12 10.82  9.38 11.53 14.53 26.54 13.76 13.72
 6533.25  5.92  5.65  6.36  5.81  6.40  9.91  8.49 10.52 13.34 24.96 12.65 12.58
 6534.25  3.94  3.75  4.25  3.86  4.28  6.87  5.77  7.29  9.42 19.05  8.93  8.85
 6535.25  3.71  3.53  4.01  3.65  4.04  6.56  5.46  6.92  8.94 18.21  8.51  8.40
 6536.25  5.59  5.33  6.02  5.50  6.07  9.63  8.05 10.06 12.70 23.97 12.19 12.02
 6537.25  6.51  6.21  7.00  6.41  7.05 11.09  9.27 11.50 14.33 26.08 13.85 13.61
 6538.25  6.57  6.27  7.06  6.46  7.12 11.25  9.35 11.60 14.41 26.12 13.98 13.71
 6539.25  6.53  6.23  7.03  6.43  7.08 11.27  9.30 11.56 14.34 25.97 13.97 13.66
 6540.25  6.51  6.22  7.02  6.42  7.07 11.33  9.28 11.56 14.30 25.87 13.99 13.64
 6541.25  6.40  6.11  6.90  6.31  6.95 11.24  9.13 11.41 14.09 25.55 13.84 13.46
 6542.25  6.12  5.83  6.60  6.03  6.64 10.89  8.76 10.99 13.59 24.85 13.40 12.99
 6543.25  6.06  5.78  6.54  5.98  6.57 10.87  8.68 10.92 13.47 24.62 13.33 12.88
 6544.25  5.99  5.71  6.47  5.91  6.50 10.84  8.60 10.83 13.33 24.38 13.26 12.77
 6545.25  4.65  4.43  5.04  4.59  5.06  8.71  6.78  8.66 10.78 20.70 10.76 10.31
 6546.25  3.39  3.22  3.69  3.35  3.69  6.56  5.01  6.48  8.13 16.34  8.16  7.77
 6547.25  3.57  3.40  3.89  3.52  3.89  6.94  5.27  6.82  8.52 16.96  8.59  8.16
 6548.25  5.30  5.05  5.75  5.23  5.74  9.99  7.66  9.78 12.00 22.30 12.14 11.54
 6549.25  6.19  5.90  6.70  6.11  6.69 11.52  8.86 11.23 13.62 24.47 13.83 13.14
 6550.25  6.16  5.88  6.68  6.08  6.66 11.56  8.83 11.21 13.57 24.36 13.83 13.11
 6551.25  6.24  5.95  6.77  6.16  6.74 11.75  8.93 11.35 13.69 24.45 14.01 13.24
 6552.25  6.28  5.99  6.81  6.20  6.78 11.88  8.99 11.43 13.74 24.43 14.12 13.31
 6553.25  6.19  5.90  6.72  6.11  6.67 11.81  8.87 11.30 13.57 24.15 14.00 13.16
 6554.25  4.82  4.59  5.25  4.75  5.21  9.56  7.01  9.08 11.00 20.52 11.43 10.67
 6555.25  3.34  3.17  3.65  3.29  3.61  6.89  4.93  6.49  7.93 15.59  8.30  7.69
 6556.25  4.15  3.95  4.53  4.09  4.49  8.48  6.09  7.96  9.65 18.34 10.12  9.37
 6557.25  5.97  5.70  6.50  5.89  6.43 11.75  8.59 11.03 13.14 23.36 13.79 12.81
 6558.25  6.37  6.08  6.93  6.28  6.85 12.47  9.11 11.67 13.81 24.17 14.54 13.50
 6559.25  6.44  6.15  7.01  6.36  6.92 12.67  9.21 11.80 13.93 24.25 14.71 13.63
 6560.25  6.42  6.14  7.00  6.34  6.90 12.71  9.19 11.80 13.89 24.14 14.73 13.60
 6561.25  6.39  6.10  6.97  6.31  6.86 12.73  9.15 11.77 13.82 23.99 14.72 13.55
 6562.25  6.37  6.09  6.96  6.29  6.84 12.78  9.13 11.76 13.77 23.87 14.73 13.53
 6563.25  5.86  5.59  6.41  5.78  6.29 11.99  8.45 10.96 12.86 22.62 13.84 12.65
 6564.25  4.71  4.49  5.19  4.65  5.07 10.03  6.90  9.08 10.72 19.59 11.64 10.55
 6565.25  5.05  4.82  5.57  4.98  5.43 10.71  7.36  9.67 11.36 20.46 12.37 11.20
 6566.25  6.22  5.95  6.85  6.15  6.67 12.80  8.94 11.61 13.48 23.25 14.65 13.31
 6567.25  6.44  6.16  7.10  6.36  6.89 13.15  9.23 11.97 13.83 23.64 15.08 13.68
 6568.25  6.32  6.04  6.98  6.24  6.76 12.91  9.07 11.79 13.61 23.30 14.91 13.48
 6569.25  5.92  5.66  6.56  5.84  6.34 12.21  8.55 11.18 12.91 22.33 14.23 12.80
 6570.25  4.89  4.67  5.45  4.83  5.25 10.36  7.16  9.49 11.01 19.68 12.26 10.93
 6571.25  5.15  4.92  5.75  5.09  5.52 10.79  7.52  9.95 11.49 20.29 12.83 11.43
 6572.25  5.98  5.72  6.68  5.91  6.40 12.20  8.64 11.34 12.99 22.25 14.50 12.94
 6573.25  6.11  5.85  6.83  6.04  6.53 12.38  8.81 11.57 13.20 22.46 14.83 13.17
 6574.25  6.16  5.90  6.90  6.09  6.58 12.42  8.88 11.67 13.28 22.48 15.03 13.26
 6575.25  6.20  5.94  6.96  6.13  6.62 12.44  8.93 11.74 13.33 22.48 15.21 13.33
 6576.25  6.29  6.03  7.07  6.22  6.71 12.55  9.06 11.91 13.48 22.61 15.50 13.49
 6577.25  6.05  5.80  6.83  5.98  6.46 12.12  8.75 11.55 13.07 22.02 15.18 13.10
 6578.25  4.44  4.25  5.05  4.39  4.75  9.24  6.55  8.82 10.06 17.77 11.93 10.09
 6579.25  3.64  3.48  4.16  3.60  3.90  7.69  5.42  7.38  8.43 15.22 10.16  8.46
 6580.25  4.93  4.72  5.61  4.87  5.26 10.06  7.22  9.72 10.99 18.99 13.21 11.04
 6581.25  6.08  5.83  6.92  6.01  6.48 12.01  8.80 11.70 13.11 21.77 15.69 13.17
 6582.25  6.18  5.93  7.04  6.11  6.58 12.13  8.93 11.88 13.27 21.90 15.99 13.35
 6583.25  6.17  5.92  7.04  6.10  6.57 12.07  8.92 11.89 13.24 21.79 16.09 13.34
 6584.25  5.96  5.72  6.83  5.89  6.35 11.70  8.65 11.58 12.89 21.27 15.81 12.99
 6585.25  5.74  5.51  6.60  5.67  6.12 11.30  8.36 11.25 12.50 20.70 15.49 12.62
 6586.25  5.88  5.64  6.76  5.81  6.26 11.48  8.54 11.50 12.73 20.92 15.87 12.87
 6587.25  6.16  5.91  7.08  6.08  6.55 11.89  8.91 11.97 13.20 21.44 16.51 13.36
 6588.25  6.27  6.02  7.22  6.19  6.67 12.02  9.06 12.17 13.39 21.60 16.84 13.56
 6589.25  6.33  6.08  7.31  6.25  6.73 12.08  9.14 12.30 13.49 21.68 17.08 13.68
 6590.25  6.34  6.09  7.32  6.25  6.73 12.04  9.15 12.33 13.49 21.65 17.20 13.70
 6591.25  6.27  6.02  7.26  6.17  6.65 11.89  9.05 12.24 13.36 21.47 17.17 13.59
 6592.25  6.12  5.88  7.11  6.03  6.50 11.62  8.87 12.04 13.11 21.14 17.01 13.35
 6593.25  6.06  5.82  7.05  5.96  6.43 11.48  8.78 11.96 13.00 20.97 16.99 13.25
 6594.25  6.27  6.02  7.30  6.17  6.65 11.76  9.06 12.31 13.34 21.37 17.50 13.62
 6595.25  6.42  6.17  7.49  6.32  6.81 11.96  9.27 12.59 13.60 21.67 17.92 13.89
 6596.25  6.34  6.09  7.40  6.23  6.72 11.78  9.16 12.48 13.44 21.46 17.86 13.76
 6597.25  5.86  5.63  6.88  5.76  6.22 10.99  8.53 11.72 12.62 20.41 17.02 12.94
 6598.25  5.14  4.93  6.06  5.04  5.45  9.76  7.55 10.50 11.31 18.66 15.55 11.62
 6599.25  5.53  5.31  6.54  5.43  5.87 10.37  8.09 11.21 12.03 19.59 16.54 12.37
 6600.25  6.16  5.92  7.27  6.04  6.52 11.33  8.93 12.28 13.12 20.96 17.95 13.49
 6601.25  6.21  5.97  7.35  6.10  6.58 11.37  9.01 12.40 13.20 21.05 18.18 13.60
 6602.25  6.15  5.91  7.30  6.03  6.51 11.23  8.93 12.32 13.09 20.89 18.16 13.50
 6603.25  6.18  5.94  7.35  6.05  6.54 11.22  8.97 12.39 13.13 20.91 18.32 13.56
 6604.25  6.00  5.76  7.16  5.87  6.34 10.90  8.73 12.11 12.81 20.49 18.06 13.25
 6605.25  4.85  4.65  5.84  4.74  5.14  9.00  7.16 10.12 10.71 17.68 15.56 11.12
 6606.25  4.49  4.31  5.44  4.39  4.76  8.37  6.67  9.49 10.03 16.70 14.78 10.43
 6607.25  5.69  5.47  6.86  5.57  6.02 10.29  8.33 11.66 12.26 19.71 17.72 12.74
 6608.25  6.29  6.05  7.57  6.14  6.64 11.16  9.12 12.68 13.27 20.98 19.08 13.79
 6609.25  6.41  6.16  7.73  6.26  6.76 11.30  9.29 12.90 13.47 21.19 19.42 14.01
 6610.25  6.42  6.18  7.76  6.27  6.78 11.27  9.31 12.95 13.48 21.19 19.56 14.04
 6611.25  6.28  6.04  7.62  6.13  6.63 11.00  9.13 12.75 13.24 20.87 19.39 13.81
 6612.25  6.25  6.01  7.60  6.10  6.59 10.91  9.09 12.72 13.19 20.78 19.44 13.78
 6613.25  6.30  6.06  7.68  6.15  6.64 10.93  9.16 12.83 13.27 20.86 19.65 13.87
 6614.25  6.29  6.05  7.69  6.13  6.63 10.86  9.15 12.84 13.24 20.80 19.74 13.87
 6615.25  6.40  6.16  7.83  6.24  6.74 10.96  9.29 13.04 13.41 20.99 20.06 14.06
 6616.25  5.24  5.04  6.47  5.10  5.52  9.13  7.72 11.03 11.34 18.26 17.52 11.93
 6617.25  2.80  2.69  3.51  2.72  2.96  5.05  4.23  6.26  6.44 11.03 10.60  6.82
 6618.25  2.36  2.26  2.97  2.29  2.49  4.24  3.58  5.32  5.46  9.43  9.14  5.80
 6619.25  3.87  3.72  4.85  3.75  4.08  6.79  5.79  8.49  8.67 14.42 14.12  9.19
 6620.25  6.04  5.81  7.50  5.87  6.35 10.16  8.82 12.55 12.76 20.07 19.82 13.46
 6621.25  6.29  6.05  7.80  6.10  6.60 10.46  9.15 12.98 13.16 20.55 20.40 13.87
 6622.25  6.24  6.01  7.77  6.06  6.55 10.34  9.09 12.93 13.09 20.43 20.39 13.78
 6623.25  6.27  6.03  7.81  6.08  6.58 10.32  9.12 12.99 13.11 20.44 20.50 13.81
 6624.25  6.28  6.04  7.84  6.08  6.58 10.28  9.14 13.03 13.12 20.42 20.59 13.81
 6625.25  6.25  6.01  7.82  6.06  6.55 10.18  9.10 13.00 13.07 20.33 20.60 13.74
 6626.25  6.31  6.07  7.91  6.11  6.61 10.21  9.18 13.11 13.17 20.42 20.79 13.82
 6627.25  6.42  6.18  8.06  6.22  6.73 10.31  9.33 13.30 13.37 20.61 21.11 14.00
 6628.25  6.24  6.00  7.86  6.04  6.54  9.99  9.08 12.99 13.06 20.20 20.85 13.67
 6629.25  5.78  5.56  7.32  5.59  6.06  9.28  8.47 12.20 12.29 19.19 20.01 12.85
 6630.25  6.04  5.81  7.65  5.84  6.32  9.60  8.82 12.63 12.74 19.71 20.72 13.29
 6631.25  6.41  6.17  8.11  6.20  6.71 10.07  9.32 13.25 13.37 20.45 21.66 13.91
 6632.25  6.46  6.22  8.19  6.25  6.76 10.08  9.38 13.33 13.46 20.51 21.91 13.98
 6633.25  6.46  6.22  8.21  6.24  6.76 10.02  9.38 13.32 13.46 20.47 22.06 13.96
 6634.25  6.39  6.14  8.13  6.17  6.68  9.85  9.28 13.18 13.35 20.29 22.06 13.81
 6635.25  5.77  5.55  7.40  5.57  6.04  8.94  8.46 12.14 12.30 18.95 20.85 12.73
 6636.25  5.42  5.20  6.98  5.22  5.67  8.39  7.98 11.50 11.68 18.11 20.15 12.07
 6637.25  6.15  5.92  7.89  5.93  6.43  9.36  8.97 12.77 12.97 19.70 21.99 13.36
 6638.25  6.46  6.21  8.28  6.22  6.74  9.72  9.38 13.27 13.49 20.28 22.79 13.86
 6639.25  6.33  6.09  8.14  6.10  6.61  9.49  9.21 13.05 13.28 20.00 22.67 13.63
 6640.25  6.29  6.05  8.11  6.06  6.56  9.37  9.16 12.98 13.22 19.88 22.72 13.54
 6641.25  6.37  6.13  8.22  6.13  6.65  9.42  9.27 13.10 13.36 20.01 23.04 13.67
 6642.25  6.42  6.18  8.30  6.18  6.70  9.43  9.34 13.18 13.45 20.07 23.28 13.74
 6643.25  6.44  6.19  8.33  6.19  6.71  9.39  9.37 13.20 13.49 20.07 23.46 13.76
 6644.25  6.49  6.24  8.41  6.24  6.76  9.40  9.43 13.27 13.57 20.14 23.70 13.83
 6645.25  6.60  6.35  8.56  6.34  6.88  9.49  9.58 13.44 13.76 20.32 24.07 14.01
 6646.25  6.65  6.39  8.63  6.39  6.92  9.48  9.65 13.51 13.85 20.38 24.30 14.08
 6647.25  6.66  6.41  8.67  6.40  6.93  9.44  9.67 13.52 13.88 20.37 24.46 14.09
 6648.25  6.70  6.45  8.74  6.44  6.98  9.44  9.73 13.59 13.96 20.42 24.69 14.15
 6649.25  6.67  6.42  8.71  6.40  6.94  9.33  9.69 13.52 13.90 20.32 24.75 14.09
 6650.25  6.53  6.29  8.56  6.27  6.80  9.10  9.51 13.30 13.69 20.03 24.61 13.86
 6651.25  6.45  6.22  8.49  6.19  6.72  8.95  9.42 13.17 13.57 19.85 24.59 13.72
 6652.25  6.44  6.20  8.48  6.18  6.70  8.90  9.40 13.14 13.55 19.78 24.68 13.69
 6653.25  6.49  6.26  8.57  6.23  6.76  8.95  9.48 13.22 13.66 19.86 24.94 13.77
 6654.25  6.53  6.30  8.64  6.27  6.80  8.98  9.54 13.28 13.73 19.91 25.15 13.83
 6655.25  6.53  6.30  8.65  6.26  6.80  8.95  9.53 13.27 13.73 19.87 25.27 13.82
 6656.25  6.55  6.32  8.69  6.28  6.81  8.95  9.56 13.29 13.77 19.87 25.44 13.84
 6657.25  6.66  6.44  8.85  6.39  6.93  9.07  9.72 13.47 13.96 20.06 25.80 14.02
 6658.25  6.81  6.58  9.05  6.54  7.09  9.23  9.92 13.70 14.22 20.31 26.23 14.25
 6659.25  7.17  6.94  9.50  6.88  7.45  9.65 10.38 14.24 14.78 20.91 27.02 14.81
 6660.25  7.40  7.16  9.80  7.11  7.69  9.90 10.68 14.58 15.14 21.26 27.55 15.14
 6661.25  4.87  4.70  6.63  4.66  5.07  6.68  7.28 10.31 10.78 15.90 21.71 10.77
 6662.25  3.24  3.12  4.47  3.09  3.37  4.48  4.93  7.12  7.48 11.38 16.21  7.46
 6663.25  2.85  2.75  3.96  2.73  2.97  3.95  4.36  6.32  6.64 10.15 14.68  6.62
 6664.25  3.61  3.49  5.00  3.45  3.75  4.96  5.48  7.87  8.28 12.44 17.84  8.24
 6665.25  6.31  6.11  8.54  6.06  6.54  8.44  9.27 12.82 13.41 19.04 25.95 13.34
 6666.25  7.53  7.31 10.07  7.24  7.78  9.91 10.88 14.75 15.40 21.30 28.54 15.30
 6667.25  7.53  7.31 10.08  7.24  7.77  9.88 10.88 14.73 15.40 21.26 28.65 15.28
 6668.25  7.35  7.14  9.86  7.07  7.58  9.65 10.66 14.47 15.15 20.93 28.48 15.01
 6669.25  7.10  6.89  9.53  6.82  7.31  9.31 10.34 14.07 14.76 20.46 28.14 14.61
 6670.25  7.43  7.22  9.92  7.14  7.65  9.69 10.77 14.57 15.28 21.00 28.85 15.11
 6671.25  7.85  7.64 10.41  7.56  8.07 10.16 11.30 15.17 15.91 21.64 29.66 15.72
 6672.25  8.05  7.83 10.63  7.75  8.27 10.37 11.55 15.45 16.20 21.91 30.08 16.00
 6673.25  8.29  8.07 10.89  7.98  8.50 10.61 11.84 15.76 16.54 22.22 30.54 16.31
 6674.25  8.64  8.41 11.27  8.32  8.84 10.99 12.27 16.21 17.02 22.68 31.13 16.77
 6675.25  8.90  8.67 11.55  8.58  9.10 11.25 12.58 16.51 17.36 22.99 31.57 17.10
 6676.25  8.11  7.91 10.63  7.82  8.30 10.33 11.64 15.44 16.28 21.83 30.58 16.03
 6677.25  5.05  4.91  6.83  4.85  5.17  6.60  7.59 10.51 11.21 15.87 24.03 10.99
 6678.25  3.50  3.40  4.78  3.35  3.58  4.61  5.36  7.54  8.10 11.79 18.78  7.93
 6679.25  2.80  2.72  3.83  2.68  2.87  3.69  4.31  6.10  6.57  9.64 15.77  6.43
 6680.25  3.17  3.08  4.32  3.04  3.24  4.16  4.87  6.83  7.37 10.74 17.50  7.21
 6681.25  6.32  6.17  8.36  6.08  6.45  8.07  9.33 12.54 13.40 18.41 27.56 13.15
 6682.25  8.97  8.79 11.52  8.67  9.13 11.16 12.72 16.43 17.43 22.86 32.39 17.14
 6683.25  9.09  8.91 11.64  8.79  9.25 11.26 12.87 16.56 17.57 22.98 32.46 17.29
 6684.25  9.02  8.84 11.54  8.72  9.16 11.15 12.78 16.44 17.47 22.86 32.35 17.19
 6685.25  8.78  8.61 11.25  8.49  8.92 10.86 12.51 16.11 17.16 22.51 35.64 16.87
 6686.25  8.36  8.20 10.76  8.08  8.49 10.37 12.01 15.54 16.60 21.90 48.27 16.31
 6687.25  7.75  7.61 10.03  7.49  7.87  9.65 11.27 14.68 15.75 20.96 56.63 15.46
 6688.25  7.15  7.02  9.30  6.90  7.26  8.93 10.51 13.78 14.84 19.94 56.92 14.55
 6689.25  5.76  5.66  7.59  5.56  5.85  7.26  8.65 11.52 12.49 17.18 53.71 12.23
 6690.25  3.80  3.73  5.07  3.66  3.85  4.83  5.84  7.94  8.69 12.35 45.81  8.49
 6691.25  3.78  3.72  5.04  3.64  3.83  4.80  5.82  7.90  8.66 12.28 45.44  8.46
 6692.25  5.82  5.72  7.61  5.62  5.89  7.26  8.73 11.54 12.57 17.19 52.94 12.30
 6693.25  7.24  7.13  9.33  7.00  7.31  8.91 10.64 13.79 14.95 19.93 55.66 14.65
 6694.25  7.41  7.31  9.52  7.17  7.48  9.10 10.87 14.02 15.21 20.20 55.63 14.90
 6695.25  7.42  7.32  9.52  7.18  7.49  9.10 10.89 14.01 15.22 20.20 55.36 14.91
 6696.25  7.37  7.28  9.44  7.13  7.43  9.03 10.83 13.91 15.14 20.10 54.98 14.83
 6697.25  7.35  7.26  9.40  7.11  7.40  8.99 10.80 13.85 15.10 20.05 54.64 14.79
 6698.25  7.34  7.25  9.37  7.10  7.39  8.97 10.79 13.81 15.08 20.02 54.32 14.76
 6699.25  7.25  7.18  9.26  7.02  7.30  8.86 10.69 13.66 14.95 19.87 53.89 14.63
 6700.25  7.05  6.98  9.01  6.82  7.09  8.63 10.44 13.34 14.63 19.51 53.25 14.32
 6701.25  6.90  6.84  8.81  6.67  6.93  8.44 10.24 13.09 14.39 19.22 52.68 14.09
 6702.25  7.06  7.00  8.98  6.83  7.09  8.62 10.46 13.31 14.64 19.49 52.64 14.34
 6703.25  7.16  7.10  9.08  6.92  7.18  8.72 10.59 13.42 14.78 19.65 52.48 14.49
 6704.25  7.19  7.14  9.09  6.95  7.21  8.74 10.63 13.45 14.83 19.69 52.22 14.54
 6705.25  7.04  6.99  8.88  6.80  7.05  8.55 10.43 13.19 14.58 19.40 51.64 14.30
 6706.25  6.85  6.81  8.64  6.62  6.86  8.33 10.19 12.88 14.27 19.05 50.99 14.01
 6707.25  7.02  6.99  8.82  6.79  7.03  8.52 10.42 13.12 14.55 19.35 50.97 14.28
 6708.25  7.16  7.12  8.95  6.92  7.15  8.66 10.60 13.29 14.75 19.57 50.86 14.48
 6709.25  7.13  7.10  8.90  6.89  7.12  8.62 10.57 13.23 14.70 19.51 50.49 14.45
 6710.25  7.11  7.08  8.84  6.87  7.09  8.58 10.54 13.16 14.66 19.45 50.12 14.41
 6711.25  7.10  7.08  8.81  6.86  7.08  8.56 10.54 13.13 14.64 19.42 49.77 14.40
 6712.25  7.07  7.05  8.75  6.83  7.04  8.52 10.50 13.05 14.59 19.35 49.38 14.35
 6713.25  7.08  7.06  8.73  6.84  7.05  8.52 10.52 13.04 14.60 19.35 49.06 14.36
 6714.25  7.08  7.06  8.71  6.84  7.04  8.51 10.52 13.02 14.59 19.34 48.72 14.36
 6715.25  6.99  6.97  8.57  6.74  6.95  8.39 10.40 12.85 14.44 19.16 48.22 14.22
 6716.25  6.93  6.92  8.48  6.68  6.88  8.31 10.33 12.74 14.34 19.04 47.78 14.12
 6717.25  6.83  6.82  8.34  6.59  6.78  8.19 10.20 12.56 14.17 18.85 47.25 13.96
 6718.25  6.50  6.49  7.93  6.27  6.44  7.80  9.76 12.04 13.63 18.23 46.26 13.43
 6719.25  6.41  6.40  7.81  6.18  6.35  7.69  9.65 11.88 13.48 18.04 45.72 13.29
 6720.25  6.81  6.80  8.24  6.56  6.73  8.13 10.18 12.45 14.11 18.76 46.16 13.92
 6721.25  7.08  7.07  8.52  6.82  7.00  8.42 10.54 12.83 14.54 19.23 46.31 14.35
 6722.25  7.14  7.13  8.57  6.88  7.05  8.48 10.62 12.90 14.63 19.31 46.06 14.44
 6723.25  7.17  7.17  8.58  6.91  7.08  8.51 10.67 12.93 14.67 19.36 45.77 14.49
 6724.25  7.18  7.18  8.56  6.92  7.08  8.50 10.68 12.93 14.68 19.35 45.43 14.50
 6725.25  7.13  7.13  8.47  6.86  7.02  8.43 10.61 12.84 14.59 19.25 44.98 14.41
 6726.25  7.17  7.17  8.49  6.90  7.06  8.47 10.67 12.89 14.65 19.31 44.69 14.47
 6727.25  7.21  7.21  8.51  6.94  7.09  8.50 10.72 12.93 14.70 19.36 44.40 14.53
 6728.25  7.21  7.21  8.48  6.94  7.08  8.48 10.72 12.91 14.69 19.34 44.03 14.53
 6729.25  7.15  7.15  8.39  6.88  7.02  8.41 10.65 12.82 14.60 19.22 43.56 14.43
 6730.25  7.12  7.12  8.33  6.85  6.98  8.37 10.62 12.76 14.55 19.16 43.14 14.39
 6731.25  7.08  7.09  8.26  6.81  6.94  8.31 10.58 12.69 14.48 19.08 42.69 14.33
 6732.25  6.85  6.85  7.97  6.58  6.70  8.04 10.27 12.34 14.11 18.65 41.88 13.96
 6733.25  6.61  6.62  7.68  6.35  6.47  7.76  9.96 11.97 13.73 18.20 41.03 13.58
 6734.25  6.84  6.85  7.92  6.57  6.69  8.01 10.27 12.30 14.09 18.61 41.09 13.94
 6735.25  7.21  7.22  8.30  6.93  7.04  8.41 10.77 12.83 14.66 19.24 41.37 14.51
 6736.25  7.28  7.29  8.34  6.99  7.10  8.47 10.85 12.90 14.75 19.32 41.09 14.61
 6737.25  7.25  7.26  8.28  6.96  7.06  8.43 10.82 12.85 14.70 19.26 40.70 14.56
 6738.25  7.24  7.25  8.25  6.95  7.05  8.41 10.81 12.82 14.68 19.22 40.50 14.54
 6739.25  7.27  7.28  8.27  6.98  7.07  8.44 10.85 12.85 14.72 19.26 40.49 14.58
 6740.25  7.28  7.29  8.26  6.98  7.07  8.45 10.87 12.84 14.72 19.25 40.44 14.59
 6741.25  7.09  7.10  8.03  6.80  6.88  8.23 10.62 12.55 14.42 18.91 40.06 14.29
 6742.25  7.06  7.07  7.98  6.76  6.85  8.19 10.58 12.49 14.37 18.84 39.95 14.24
 6743.25  7.21  7.21  8.11  6.90  6.98  8.34 10.77 12.68 14.58 19.07 40.15 14.45
 6744.25  7.26  7.26  8.16  6.95  7.04  8.40 10.85 12.75 14.66 19.15 40.20 14.53
 6745.25  7.20  7.20  8.07  6.89  6.97  8.32 10.77 12.64 14.55 19.02 40.04 14.43
 6746.25  7.04  7.03  7.88  6.73  6.81  8.13 10.56 12.39 14.29 18.73 39.70 14.17
 6747.25  7.12  7.11  7.95  6.80  6.89  8.22 10.67 12.50 14.41 18.87 39.80 14.30
 6748.25  7.27  7.26  8.09  6.95  7.03  8.38 10.87 12.69 14.64 19.13 40.02 14.52
 6749.25  7.36  7.34  8.16  7.02  7.11  8.47 10.98 12.80 14.75 19.27 40.11 14.64
 6750.25  7.42  7.39  8.20  7.08  7.16  8.52 11.06 12.86 14.83 19.37 40.15 14.72
 6751.25  7.37  7.35  8.13  7.03  7.11  8.47 11.00 12.78 14.76 19.30 40.03 14.64
 6752.25  7.33  7.30  8.07  6.99  7.07  8.42 10.95 12.71 14.69 19.24 39.91 14.58
 6753.25  7.36  7.33  8.09  7.01  7.10  8.44 11.00 12.74 14.73 19.29 39.91 14.62
 6754.25  7.38  7.35  8.09  7.03  7.11  8.46 11.02 12.75 14.75 19.32 39.89 14.66
 6755.25  7.37  7.33  8.06  7.01  7.09  8.44 11.01 12.71 14.72 19.31 39.81 14.67
 6756.25  7.41  7.37  8.07  7.05  7.13  8.47 11.06 12.75 14.77 19.37 39.82 14.74
 6757.25  7.42  7.37  8.07  7.05  7.13  8.48 11.07 12.74 14.77 19.39 39.78 14.77
 6758.25  7.40  7.35  8.03  7.04  7.11  8.45 11.06 12.71 14.74 19.37 39.70 14.77
 6759.25  7.41  7.36  8.02  7.04  7.12  8.46 11.07 12.70 14.75 19.38 39.66 14.80
 6760.25  7.40  7.35  7.99  7.03  7.10  8.44 11.06 12.67 14.72 19.37 39.59 14.80
 6761.25  7.36  7.30  7.93  6.98  7.06  8.38 11.01 12.60 14.65 19.30 39.46 14.75
 6762.25  7.30  7.24  7.84  6.92  7.00  8.31 10.94 12.50 14.55 19.21 39.31 14.67
 6763.25  6.45  6.39  6.93  6.10  6.17  7.37  9.79 11.24 13.18 17.65 37.50 13.32
 6764.25  4.06  4.02  4.37  3.83  3.87  4.68  6.37  7.40  8.84 12.30 29.70  8.96
 6765.25  3.26  3.22  3.50  3.06  3.10  3.76  5.16  6.00  7.21 10.17 25.76  7.33
 6766.25  4.76  4.70  5.08  4.48  4.53  5.46  7.40  8.53 10.16 14.00 32.32 10.33
 6767.25  7.01  6.94  7.44  6.63  6.70  7.96 10.56 12.00 14.06 18.71 38.48 14.29
 6768.25  7.43  7.35  7.86  7.03  7.10  8.41 11.11 12.58 14.69 19.43 39.19 14.96
 6769.25  7.49  7.40  7.90  7.08  7.15  8.47 11.19 12.64 14.76 19.52 39.23 15.05
 6770.25  7.46  7.37  7.85  7.05  7.12  8.43 11.15 12.59 14.72 19.48 39.13 15.03
 6771.25  7.42  7.33  7.79  7.01  7.08  8.38 11.11 12.53 14.65 19.42 39.01 14.99
 6772.25  7.45  7.35  7.80  7.03  7.10  8.40 11.14 12.55 14.68 19.46 38.99 15.04
 6773.25  7.45  7.35  7.79  7.04  7.10  8.40 11.15 12.55 14.67 19.47 38.94 15.06
 6774.25  7.47  7.36  7.79  7.05  7.11  8.41 11.19 12.56 14.69 19.50 38.91 15.10
 6775.25  7.49  7.38  7.80  7.07  7.12  8.42 11.22 12.58 14.71 19.53 38.88 15.14
 6776.25  7.50  7.39  7.80  7.08  7.13  8.43 11.25 12.58 14.73 19.55 38.84 15.17
 6777.25  7.54  7.43  7.83  7.12  7.17  8.47 11.31 12.63 14.79 19.63 38.86 15.26
 6778.25  7.55  7.43  7.83  7.13  7.17  8.48 11.34 12.64 14.80 19.64 38.82 15.28
 6779.25  7.61  7.48  7.87  7.18  7.22  8.53 11.41 12.70 14.88 19.73 38.84 15.38
 6780.25  7.62  7.49  7.87  7.19  7.23  8.54 11.44 12.71 14.90 19.76 38.81 15.42
 6781.25  7.57  7.43  7.80  7.14  7.18  8.48 11.38 12.62 14.82 19.67 38.66 15.35
 6782.25  7.57  7.42  7.79  7.13  7.17  8.47 11.39 12.61 14.81 19.67 38.60 15.36
 6783.25  7.52  7.37  7.73  7.09  7.13  8.42 11.34 12.54 14.74 19.59 38.47 15.31
 6784.25  7.45  7.29  7.64  7.01  7.06  8.33 11.25 12.42 14.63 19.47 38.28 15.21
 6785.25  7.32  7.17  7.50  6.90  6.94  8.20 11.10 12.24 14.44 19.27 38.01 15.03
 6786.25  7.27  7.11  7.43  6.84  6.88  8.13 11.04 12.16 14.36 19.18 37.86 14.96
 6787.25  7.37  7.21  7.53  6.94  6.98  8.25 11.19 12.29 14.52 19.36 37.99 15.14
 6788.25  7.41  7.24  7.56  6.98  7.02  8.28 11.24 12.34 14.57 19.42 38.00 15.21
 6789.25  7.29  7.11  7.42  6.85  6.90  8.14 11.09 12.15 14.38 19.21 37.72 15.04
 6790.25  7.22  7.04  7.34  6.79  6.83  8.07 11.01 12.05 14.28 19.11 37.55 14.95
 6791.25  7.40  7.21  7.50  6.96  7.00  8.26 11.25 12.28 14.54 19.40 37.80 15.24
 6792.25  7.49  7.30  7.59  7.05  7.09  8.36 11.39 12.41 14.69 19.57 37.91 15.40
 6793.25  7.50  7.30  7.58  7.05  7.10  8.36 11.41 12.41 14.70 19.58 37.86 15.43
 6794.25  7.54  7.33  7.61  7.09  7.13  8.40 11.47 12.45 14.75 19.64 37.86 15.50
 6795.25  7.56  7.35  7.61  7.10  7.15  8.41 11.50 12.46 14.78 19.67 37.82 15.54
 6796.25  7.57  7.36  7.61  7.12  7.16  8.43 11.53 12.47 14.80 19.70 37.79 15.57
 6797.25  7.56  7.34  7.59  7.11  7.15  8.41 11.53 12.45 14.78 19.69 37.71 15.58
 6798.25  7.54  7.31  7.56  7.08  7.13  8.38 11.51 12.41 14.74 19.65 37.60 15.55
 6799.25  7.56  7.33  7.57  7.10  7.14  8.40 11.54 12.42 14.77 19.69 37.57 15.60
 6800.25  7.55  7.32  7.54  7.09  7.14  8.39 11.54 12.40 14.76 19.69 37.49 15.60
 6801.25  7.52  7.28  7.50  7.06  7.10  8.35 11.50 12.34 14.71 19.64 37.36 15.56
 6802.25  7.54  7.29  7.51  7.07  7.12  8.37 11.54 12.36 14.73 19.68 37.33 15.61
 6803.25  7.52  7.27  7.47  7.05  7.10  8.34 11.52 12.32 14.70 19.65 37.23 15.59
 6804.25  7.46  7.20  7.39  6.99  7.03  8.27 11.45 12.22 14.60 19.56 37.05 15.51
 6805.25  7.48  7.21  7.40  7.00  7.05  8.28 11.48 12.24 14.63 19.60 37.01 15.55
 6806.25  7.57  7.29  7.48  7.09  7.14  8.38 11.61 12.35 14.76 19.75 37.09 15.70
 6807.25  7.56  7.28  7.45  7.08  7.12  8.36 11.60 12.33 14.74 19.74 37.01 15.70
 6808.25  7.57  7.29  7.46  7.09  7.14  8.37 11.63 12.34 14.76 19.78 36.97 15.74
 6809.25  7.57  7.28  7.45  7.08  7.13  8.37 11.64 12.32 14.76 19.78 36.89 15.75
 6810.25  7.54  7.25  7.41  7.05  7.10  8.33 11.61 12.27 14.71 19.74 36.77 15.72
 6811.25  7.51  7.21  7.37  7.02  7.07  8.29 11.58 12.22 14.66 19.70 36.65 15.68
 6812.25  7.52  7.22  7.38  7.03  7.08  8.31 11.60 12.23 14.68 19.73 36.61 15.72
 6813.25  7.52  7.21  7.36  7.02  7.08  8.29 11.60 12.20 14.67 19.73 36.53 15.73
 6814.25  7.50  7.19  7.34  7.00  7.06  8.27 11.59 12.17 14.64 19.71 36.44 15.73
 6815.25  7.50  7.18  7.33  7.00  7.05  8.27 11.60 12.16 14.63 19.72 36.36 15.77
 6816.25  7.53  7.21  7.35  7.02  7.08  8.30 11.65 12.19 14.68 19.78 36.35 15.86
 6817.25  7.59  7.26  7.40  7.08  7.14  8.35 11.73 12.26 14.76 19.88 36.38 15.99
 6818.25  7.62  7.28  7.42  7.10  7.17  8.38 11.80 12.29 14.81 19.94 36.37 16.08
 6819.25  7.60  7.25  7.39  7.07  7.14  8.35 11.78 12.25 14.76 19.91 36.25 16.08
 6820.25  7.51  7.17  7.30  7.00  7.06  8.26 11.70 12.13 14.64 19.78 36.05 16.00
 6821.25  7.54  7.19  7.32  7.02  7.08  8.29 11.76 12.16 14.68 19.83 36.03 16.09
 6822.25  7.64  7.28  7.41  7.11  7.18  8.39 11.91 12.28 14.82 20.00 36.12 16.28
 6823.25  7.60  7.24  7.36  7.07  7.14  8.34 11.89 12.22 14.76 19.95 35.99 16.27
 6824.25  7.62  7.25  7.37  7.09  7.16  8.36 11.94 12.24 14.79 19.99 35.95 16.34
 6825.25  7.62  7.24  7.36  7.08  7.15  8.35 11.95 12.22 14.78 19.99 35.87 16.37
 6826.25  7.54  7.16  7.28  7.00  7.08  8.27 11.88 12.11 14.67 19.88 35.68 16.30
 6827.25  7.43  7.05  7.15  6.89  6.97  8.14 11.74 11.94 14.49 19.69 35.40 16.16
 6828.25  6.34  6.00  6.10  5.87  5.94  6.98 10.25 10.40 12.77 17.69 33.03 14.37
 6829.25  4.75  4.48  4.55  4.38  4.43  5.25  7.90  8.00  9.98 14.23 28.39 11.37
 6830.25  4.31  4.06  4.12  3.97  4.02  4.76  7.23  7.30  9.15 13.14 26.68 10.48
 6831.25  3.62  3.41  3.46  3.33  3.37  4.00  6.14  6.18  7.79 11.32 23.64  8.99
 6832.25  4.53  4.26  4.32  4.16  4.22  5.00  7.60  7.62  9.55 13.66 27.25 10.98
 6833.25  6.54  6.16  6.24  6.03  6.12  7.17 10.64 10.64 13.10 18.12 33.18 14.92
 6834.25  6.11  5.75  5.82  5.62  5.71  6.70 10.04 10.01 12.38 17.27 32.07 14.19
 6835.25  4.51  4.23  4.29  4.14  4.20  4.97  7.62  7.57  9.51 13.64 26.99 11.04
 6836.25  3.49  3.27  3.31  3.19  3.25  3.85  5.99  5.93  7.52 10.97 22.68  8.81
 6837.25  4.84  4.53  4.59  4.44  4.51  5.32  8.16  8.06 10.11 14.42 27.95 11.78
 6838.25  6.99  6.57  6.64  6.44  6.54  7.64 11.38 11.23 13.81 18.99 33.76 15.89
 6839.25  7.53  7.08  7.15  6.94  7.05  8.21 12.15 11.95 14.63 19.94 34.72 16.81
 6840.25  7.50  7.05  7.11  6.91  7.03  8.18 12.14 11.91 14.60 19.91 34.60 16.81
 6841.25  7.01  6.57  6.63  6.45  6.56  7.65 11.48 11.23 13.84 19.06 33.60 16.05
 6842.25  6.72  6.29  6.35  6.18  6.28  7.34 11.09 10.82 13.39 18.54 32.94 15.60
 6843.25  5.83  5.45  5.50  5.34  5.44  6.38  9.81  9.53 11.91 16.76 30.69 14.01
 6844.25  5.65  5.26  5.31  5.17  5.26  6.18  9.54  9.24 11.58 16.36 30.11 13.69
 6845.25  7.10  6.64  6.69  6.53  6.64  7.74 11.69 11.32 13.98 19.25 33.47 16.36
 6846.25  7.63  7.13  7.19  7.02  7.14  8.29 12.44 12.02 14.78 20.17 34.38 17.26
 6847.25  7.62  7.12  7.18  7.01  7.14  8.28 12.46 12.00 14.77 20.16 34.30 17.29
 6848.25  7.65  7.14  7.20  7.03  7.16  8.31 12.52 12.03 14.82 20.22 34.26 17.38
 6849.25  7.66  7.15  7.20  7.04  7.17  8.32 12.56 12.04 14.83 20.24 34.19 17.44
 6850.25  7.63  7.11  7.16  7.01  7.14  8.28 12.54 11.99 14.78 20.20 34.04 17.43
 6851.25  7.45  6.93  6.97  6.83  6.96  8.08 12.30 11.73 14.51 19.89 33.62 17.17
 6852.25  7.12  6.61  6.65  6.52  6.65  7.73 11.87 11.27 14.00 19.30 32.91 16.67
 6853.25  7.30  6.78  6.82  6.69  6.82  7.92 12.14 11.51 14.28 19.59 33.16 17.01
 6854.25  7.61  7.07  7.11  6.98  7.12  8.25 12.60 11.92 14.75 20.11 33.64 17.57
 6855.25  7.70  7.14  7.18  7.06  7.20  8.34 12.74 12.02 14.88 20.23 33.70 17.74
 6856.25  7.71  7.15  7.19  7.07  7.21  8.35 12.78 12.03 14.90 20.22 33.62 17.81
 6857.25  7.71  7.14  7.18  7.07  7.21  8.34 12.80 12.02 14.90 20.20 33.53 17.85
 6858.25  7.69  7.11  7.15  7.04  7.18  8.31 12.79 11.97 14.86 20.13 33.39 17.84
 6859.25  7.72  7.13  7.17  7.07  7.21  8.34 12.85 12.00 14.90 20.16 33.34 17.93
 6860.25  7.71  7.12  7.15  7.06  7.20  8.33 12.86 11.98 14.89 20.12 33.24 17.96
 6861.25  7.69  7.09  7.12  7.04  7.18  8.30 12.86 11.95 14.86 20.06 33.11 17.97
 6862.25  7.64  7.04  7.07  6.99  7.13  8.24 12.81 11.87 14.78 19.96 32.92 17.93
 6863.25  7.09  6.52  6.54  6.47  6.61  7.66 12.08 11.12 13.94 18.98 31.79 17.06
 6864.25  5.15  4.71  4.73  4.68  4.78  5.59  9.14  8.32 10.65 14.96 26.70 13.34
 6865.25  3.09  2.81  2.82  2.79  2.85  3.36  5.68  5.11  6.66  9.64 18.51  8.53
 6866.25  2.81  2.55  2.56  2.54  2.59  3.05  5.20  4.65  6.08  8.81 17.02  7.83
 6867.25  4.53  4.13  4.14  4.11  4.20  4.91  8.17  7.32  9.40 13.19 23.55 11.89
 6868.25  5.91  5.41  5.42  5.38  5.49  6.38 10.33  9.29 11.71 15.91 26.62 14.54
 6869.25  6.45  5.90  5.91  5.87  5.99  6.94 11.16 10.02 12.56 16.89 27.72 15.53
 6870.25  6.72  6.14  6.15  6.12  6.25  7.23 11.63 10.41 13.03 17.47 28.52 16.13
 6871.25  6.70  6.11  6.12  6.10  6.22  7.20 11.66 10.38 13.02 17.45 28.49 16.18
 6872.25  5.44  4.95  4.95  4.94  5.04  5.88  9.82  8.64 11.02 15.10 25.74 14.01
 6873.25  5.03  4.56  4.56  4.55  4.65  5.43  9.22  8.05 10.32 14.25 24.67 13.31
 6874.25  6.57  5.98  5.98  5.98  6.10  7.07 11.65 10.23 12.89 17.29 28.33 16.38
 6875.25  7.39  6.74  6.74  6.73  6.87  7.93 12.89 11.33 14.15 18.72 29.90 17.90
 6876.25  7.53  6.85  6.86  6.86  6.99  8.07 13.14 11.51 14.39 18.97 30.19 18.28
 6877.25  7.51  6.83  6.83  6.83  6.97  8.05 13.17 11.49 14.39 18.95 30.15 18.39
 6878.25  7.61  6.91  6.91  6.92  7.06  8.15 13.41 11.64 14.61 19.20 30.51 18.77
 6879.25  7.51  6.81  6.81  6.82  6.96  8.05 13.32 11.51 14.48 19.03 30.29 18.74
 6880.25  7.61  6.90  6.90  6.92  7.06  8.16 13.56 11.67 14.71 19.30 30.68 19.14
 6881.25  7.71  6.98  6.98  7.01  7.15  8.26 13.80 11.83 14.94 19.57 31.07 19.54
 6882.25  6.45  5.80  5.81  5.83  5.95  6.93 11.95 10.10 12.97 17.29 28.43 17.39
 6883.25  5.67  5.09  5.09  5.12  5.22  6.10 10.73  8.98 11.64 15.65 26.26 15.87
 6884.25  6.54  5.88  5.88  5.92  6.03  7.02 12.14 10.20 13.10 17.31 28.15 17.68
 6885.25  7.22  6.50  6.50  6.55  6.67  7.73 13.19 11.10 14.15 18.46 29.31 18.96
 6886.25  7.27  6.54  6.54  6.61  6.72  7.77 13.26 11.14 14.18 18.39 28.98 19.02
 6887.25  7.48  6.73  6.73  6.80  6.91  8.00 13.66 11.44 14.57 18.83 29.53 19.61
 6888.25  7.51  6.75  6.75  6.83  6.94  8.03 13.75 11.47 14.63 18.88 29.54 19.79
 6889.25  6.95  6.23  6.23  6.32  6.41  7.43 12.90 10.69 13.71 17.75 27.99 18.75
 6890.25  5.73  5.11  5.11  5.19  5.27  6.15 11.06  9.01 11.77 15.49 25.37 16.57
 6891.25  4.81  4.27  4.27  4.34  4.41  5.17  9.55  7.68 10.17 13.56 22.92 14.67
 6892.25  5.84  5.21  5.21  5.30  5.37  6.26 11.31  9.15 11.97 15.65 25.38 16.96
 6893.25  7.05  6.30  6.31  6.42  6.50  7.53 13.24 10.80 13.93 17.84 27.81 19.34
 6894.25  7.90  7.08  7.08  7.22  7.30  8.43 14.63 11.98 15.34 19.44 29.77 21.14
 6895.25  7.57  6.77  6.77  6.91  6.99  8.09 14.19 11.54 14.86 18.87 29.07 20.68
 6896.25  6.58  5.86  5.86  5.99  6.06  7.04 12.66 10.17 13.25 16.97 26.63 18.80
 6897.25  7.18  6.40  6.40  6.55  6.62  7.67 13.66 10.99 14.24 18.06 27.88 20.07
 6898.25  8.19  7.32  7.32  7.50  7.57  8.73 15.27 12.35 15.86 19.87 30.03 22.11
 6899.25  7.95  7.09  7.10  7.28  7.34  8.47 14.93 12.02 15.48 19.40 29.34 21.72
 6900.25  7.30  6.49  6.50  6.67  6.73  7.79 13.94 11.12 14.43 18.14 27.68 20.50
 6901.25  6.84  6.06  6.07  6.24  6.29  7.30 13.33 10.52 13.79 17.42 26.93 19.90
 6902.25  5.20  4.58  4.59  4.73  4.76  5.58 10.68  8.23 11.06 14.27 23.16 16.65
 6903.25  5.16  4.55  4.55  4.70  4.73  5.54 10.64  8.17 10.98 14.14 22.92 16.61
 6904.25  6.62  5.85  5.86  6.05  6.08  7.07 13.09 10.20 13.45 16.93 26.18 19.71
 6905.25  7.31  6.47  6.48  6.69  6.72  7.79 14.23 11.13 14.58 18.16 27.60 21.14
 6906.25  7.99  7.09  7.09  7.33  7.36  8.51 15.39 12.07 15.72 19.43 29.18 22.64
 6907.25  8.08  7.17  7.17  7.42  7.44  8.61 15.58 12.18 15.88 19.58 29.33 22.92
 6908.25  7.65  6.77  6.78  7.02  7.04  8.16 14.95 11.59 15.18 18.75 28.23 22.10
 6909.25  7.51  6.64  6.64  6.89  6.91  8.01 14.81 11.39 14.95 18.45 27.81 21.88
 6910.25  7.98  7.07  7.07  7.34  7.34  8.51 15.69 12.03 15.75 19.33 28.92 22.98
 6911.25  8.20  7.26  7.25  7.54  7.54  8.74 16.15 12.32 16.13 19.74 29.43 23.55
 6912.25  7.83  6.92  6.91  7.20  7.19  8.35 15.68 11.84 15.58 19.11 28.67 22.98
 6913.25  6.27  5.50  5.50  5.74  5.73  6.71 13.19  9.69 13.02 16.20 25.19 19.92
 6914.25  4.35  3.80  3.79  3.97  3.96  4.68  9.75  6.92  9.56 12.14 19.92 15.38
 6915.25  5.22  4.56  4.56  4.77  4.76  5.60 11.53  8.21 11.24 14.12 22.63 17.81
 6916.25  7.67  6.75  6.75  7.05  7.03  8.19 15.86 11.62 15.43 18.84 28.35 23.18
 6917.25  7.98  7.04  7.04  7.35  7.32  8.52 16.41 12.02 15.90 19.30 28.77 23.76
 6918.25  7.72  6.80  6.80  7.11  7.08  8.24 16.05 11.65 15.46 18.77 28.07 23.27
 6919.25  7.81  6.87  6.87  7.20  7.16  8.34 16.30 11.77 15.63 18.93 28.25 23.57
 6920.25  8.19  7.21  7.21  7.56  7.51  8.74 17.03 12.28 16.26 19.61 29.06 24.45
 6921.25  8.22  7.24  7.24  7.60  7.54  8.78 17.19 12.33 16.35 19.67 29.13 24.64
 6922.25  7.92  6.97  6.97  7.32  7.26  8.47 16.82 11.93 15.90 19.16 28.52 24.19
 6923.25  7.09  6.21  6.21  6.54  6.47  7.59 15.52 10.81 14.57 17.67 26.74 22.65
 6924.25  4.51  3.91  3.91  4.14  4.09  4.85 10.75  7.12  9.95 12.36 19.99 16.56
 6925.25  3.53  3.05  3.05  3.23  3.19  3.80  8.70  5.63  7.99  9.99 16.62 13.70
 6926.25  5.40  4.69  4.69  4.97  4.90  5.80 12.72  8.43 11.70 14.35 22.66 19.19
 6927.25  7.66  6.70  6.70  7.09  6.99  8.19 16.89 11.57 15.61 18.68 27.89 24.25
 6928.25  7.86  6.88  6.88  7.28  7.17  8.40 17.27 11.82 15.91 18.95 28.12 24.64
 6929.25  7.63  6.68  6.68  7.08  6.96  8.16 16.96 11.51 15.55 18.52 27.55 24.29
 6930.25  7.74  6.77  6.78  7.19  7.06  8.29 17.27 11.66 15.78 18.73 27.81 24.74
 6931.25  7.96  6.96  6.97  7.40  7.26  8.51 17.72 11.94 16.15 19.10 28.22 25.36
 6932.25  8.03  7.02  7.03  7.47  7.32  8.59 17.93 12.03 16.28 19.20 28.30 25.67
 6933.25  7.99  6.99  6.99  7.44  7.29  8.55 17.95 11.98 16.24 19.11 28.16 25.76
 6934.25  7.99  6.98  6.99  7.44  7.28  8.55 18.02 11.96 16.24 19.07 28.06 25.90
 6935.25  8.03  7.01  7.02  7.49  7.32  8.59 18.19 12.02 16.34 19.14 28.13 26.19
 6936.25  8.12  7.09  7.10  7.57  7.40  8.69 18.44 12.13 16.51 19.29 28.29 26.56
 6937.25  8.11  7.08  7.09  7.57  7.39  8.68 18.50 12.11 16.50 19.24 28.19 26.69
 6938.25  8.01  6.98  6.99  7.48  7.29  8.57 18.42 11.97 16.37 19.05 27.94 26.67
 6939.25  7.72  6.71  6.72  7.21  7.01  8.27 18.02 11.59 15.93 18.55 27.34 26.30
 6940.25  6.34  5.49  5.50  5.91  5.74  6.82 15.66  9.72 13.67 16.05 24.40 23.60
 6941.25  4.64  3.99  3.99  4.32  4.18  5.01 12.26  7.28 10.53 12.51 19.86 19.33
 6942.25  5.48  4.72  4.73  5.11  4.95  5.90 14.13  8.50 12.16 14.31 22.20 21.85
 6943.25  7.38  6.40  6.41  6.91  6.70  7.92 17.83 11.13 15.50 17.94 26.56 26.40
 6944.25  7.84  6.80  6.82  7.34  7.12  8.40 18.68 11.73 16.24 18.69 27.38 27.43
 6945.25  8.08  7.01  7.03  7.58  7.34  8.65 19.18 12.04 16.65 19.08 27.81 28.08
 6946.25  8.14  7.07  7.08  7.64  7.40  8.71 19.34 12.11 16.75 19.14 27.83 28.31
 6947.25  8.02  6.96  6.97  7.53  7.29  8.59 19.18 11.93 16.54 18.88 27.44 28.14
 6948.25  7.99  6.92  6.94  7.50  7.25  8.55 19.22 11.89 16.52 18.82 27.35 28.27
 6949.25  7.09  6.12  6.13  6.65  6.42  7.60 17.79 10.70 15.12 17.30 25.65 26.77
 6950.25  4.17  3.55  3.56  3.89  3.74  4.49 11.69  6.53  9.66 11.25 17.88 19.00
 6951.25  3.47  2.95  2.96  3.24  3.11  3.74 10.02  5.48  8.20  9.56 15.45 16.63
 6952.25  5.69  4.87  4.88  5.33  5.13  6.10 15.26  8.74 12.70 14.57 22.26 23.93
 6953.25  7.46  6.42  6.44  7.01  6.75  7.95 18.69 11.18 15.83 17.91 26.26 28.23
 6954.25  7.68  6.61  6.63  7.22  6.95  8.17 19.01 11.46 16.19 18.26 26.62 28.81
 6955.25  7.94  6.84  6.86  7.47  7.19  8.43 19.36 11.78 16.60 18.65 27.01 29.41
 6956.25  7.77  6.68  6.70  7.31  7.02  8.23 18.95 11.54 16.31 18.30 26.54 29.12
 6957.25  7.66  6.58  6.60  7.21  6.93  8.12 18.76 11.41 16.20 18.17 26.38 29.19
 6958.25  7.70  6.61  6.63  7.24  6.96  8.15 18.79 11.46 16.30 18.26 26.47 29.50
 6959.25  7.69  6.59  6.62  7.23  6.94  8.12 18.68 11.43 16.28 18.22 26.35 29.58
 6960.25  7.78  6.67  6.69  7.32  7.03  8.20 18.76 11.54 16.44 18.36 26.45 29.88
 6961.25  7.79  6.67  6.69  7.32  7.03  8.20 18.69 11.54 16.45 18.35 26.38 30.01
 6962.25  7.86  6.73  6.76  7.39  7.09  8.27 18.79 11.64 16.61 18.51 26.55 30.40
 6963.25  7.94  6.80  6.82  7.46  7.17  8.34 18.87 11.75 16.77 18.66 26.67 30.74
 6964.25  7.97  6.81  6.84  7.48  7.18  8.35 18.83 11.77 16.81 18.68 26.64 30.90
 6965.25  7.99  6.83  6.86  7.51  7.21  8.37 18.81 11.80 16.87 18.73 26.64 31.10
 6966.25  8.06  6.88  6.91  7.57  7.26  8.42 18.85 11.88 16.99 18.84 26.72 31.39
 6967.25  7.87  6.71  6.74  7.39  7.09  8.22 18.49 11.63 16.73 18.55 26.36 31.23
 6968.25  7.63  6.49  6.52  7.15  6.86  7.96 18.03 11.32 16.37 18.15 25.88 30.94
 6969.25  7.91  6.73  6.77  7.42  7.12  8.24 18.42 11.67 16.82 18.61 26.32 31.59
 6970.25  7.69  6.53  6.56  7.20  6.91  7.99 17.98 11.37 16.48 18.23 25.84 31.29
 6971.25  5.91  4.97  5.00  5.52  5.28  6.15 14.69  8.96 13.42 14.97 21.99 27.41
 6972.25  5.61  4.71  4.74  5.23  5.00  5.83 14.04  8.54 12.88 14.38 21.22 26.78
 6973.25  7.45  6.31  6.35  6.98  6.69  7.72 17.40 11.06 16.16 17.84 25.27 31.31
 6974.25  8.16  6.92  6.97  7.65  7.33  8.43 18.48 11.97 17.29 19.00 26.50 32.75
 6975.25  8.17  6.93  6.97  7.66  7.34  8.44 18.44 11.98 17.32 19.03 26.48 32.93
 6976.25  8.16  6.92  6.97  7.66  7.34  8.42 18.36 11.97 17.30 19.02 26.42 33.06
 6977.25  8.05  6.82  6.87  7.56  7.24  8.30 18.13 11.83 17.12 18.85 26.17 33.00
 6978.25  7.92  6.70  6.76  7.44  7.13  8.17 17.88 11.68 16.92 18.66 25.93 32.95
 6979.25  6.02  5.05  5.09  5.64  5.39  6.22 14.46  9.12 13.65 15.22 21.89 28.84
 6980.25  4.26  3.54  3.58  3.98  3.79  4.40 10.76  6.59 10.15 11.44 17.04 23.40
 6981.25  5.43  4.54  4.58  5.08  4.85  5.60 13.19  8.29 12.52 14.03 20.34 27.46
 6982.25  7.73  6.53  6.60  7.27  6.95  7.96 17.34 11.44 16.60 18.39 25.43 33.22
 6983.25  8.16  6.91  6.98  7.69  7.36  8.40 17.98 12.01 17.27 19.11 26.17 34.17
 6984.25  8.00  6.77  6.84  7.55  7.21  8.23 17.67 11.81 17.02 18.86 25.85 34.03
 6985.25  7.87  6.65  6.72  7.42  7.08  8.08 17.39 11.63 16.79 18.64 25.55 33.89
 6986.25  7.89  6.68  6.75  7.45  7.11  8.11 17.36 11.67 16.81 18.67 25.51 33.92
 6987.25  7.91  6.69  6.76  7.47  7.12  8.12 17.33 11.69 16.84 18.72 25.51 33.87
 6988.25  7.76  6.55  6.63  7.33  6.98  7.96 17.03 11.50 16.59 18.48 25.20 33.62
 6989.25  7.80  6.59  6.67  7.38  7.02  8.00 17.03 11.55 16.64 18.54 25.21 38.06
 6990.25  7.94  6.72  6.80  7.52  7.15  8.14 17.22 11.75 16.88 18.81 25.46 54.26
 6991.25  8.04  6.80  6.88  7.62  7.25  8.24 17.32 11.89 17.03 18.99 25.62 65.39
 6992.25  8.04  6.80  6.88  7.62  7.25  8.24 17.27 11.89 17.03 19.00 25.59 66.79
 6993.25  7.96  6.73  6.81  7.55  7.17  8.15 17.06 11.78 16.88 18.86 25.36 66.15
 6994.25  8.00  6.76  6.85  7.59  7.21  8.19 17.07 11.84 16.93 18.93 25.39 65.88
 6995.25  8.17  6.91  7.00  7.76  7.36  8.36 17.29 12.06 17.21 19.24 25.70 66.11
 6996.25  8.14  6.88  6.97  7.73  7.33  8.33 17.20 12.04 17.17 19.22 25.64 65.87
 6997.25  7.96  6.73  6.82  7.57  7.17  8.15 16.87 11.81 16.89 18.95 25.29 65.22
 6998.25  7.68  6.48  6.57  7.30  6.91  7.86 16.34 11.44 16.42 18.47 24.69 64.17
 6999.25  7.67  6.47  6.57  7.30  6.91  7.86 16.27 11.44 16.41 18.47 24.65 63.81
 7000.25  8.01  6.77  6.87  7.63  7.22  8.20 16.75 11.89 16.96 19.07 25.27 64.31
 7001.25  7.97  6.74  6.83  7.60  7.18  8.16 16.63 11.85 16.90 19.03 25.18 64.01
 7002.25  7.90  6.67  6.77  7.53  7.12  8.08 16.45 11.76 16.79 18.92 25.02 63.55
 7003.25  7.85  6.63  6.73  7.49  7.07  8.03 16.30 11.70 16.70 18.85 24.89 63.12
 7004.25  7.53  6.34  6.44  7.18  6.77  7.70 15.71 11.27 16.16 18.29 24.20 61.96
 7005.25  6.41  5.37  5.46  6.11  5.75  6.56 13.79  9.77 14.27 16.29 21.90 59.34
 7006.25  6.39  5.36  5.44  6.09  5.73  6.54 13.71  9.75 14.25 16.29 21.88 59.22
 7007.25  7.77  6.56  6.66  7.43  6.99  7.94 15.90 11.61 16.55 18.76 24.59 61.62
 7008.25  8.23  6.97  7.07  7.88  7.43  8.41 16.53 12.22 17.26 19.51 25.34 61.97
 7009.25  8.28  7.02  7.12  7.94  7.48  8.47 16.54 12.29 17.33 19.60 25.39 61.66
 7010.25  8.23  6.98  7.08  7.89  7.43  8.41 16.39 12.23 17.24 19.50 25.24 61.15
 7011.25  8.02  6.80  6.90  7.70  7.24  8.21 16.01 11.98 16.92 19.17 24.85 60.45
 7012.25  6.73  5.67  5.75  6.45  6.05  6.89 13.91 10.27 14.82 16.95 22.40 57.93
 7013.25  5.34  4.47  4.54  5.11  4.78  5.47 11.42  8.32 12.29 14.19 19.18 53.93
 7014.25  6.37  5.36  5.44  6.11  5.72  6.52 13.18  9.79 14.19 16.27 21.60 56.43
 7015.25  7.98  6.77  6.87  7.68  7.21  8.16 15.68 11.96 16.84 19.09 24.70 58.98
 7016.25  8.20  6.97  7.07  7.90  7.41  8.39 15.91 12.24 17.15 19.39 24.99 58.67
 7017.25  8.32  7.08  7.18  8.02  7.53  8.51 16.04 12.41 17.35 19.61 25.23 58.73
 7018.25  8.41  7.17  7.27  8.12  7.62  8.61 16.12 12.55 17.51 19.79 25.43 58.72
 7019.25  8.35  7.11  7.21  8.07  7.56  8.54 15.96 12.48 17.41 19.68 25.31 58.26
 7020.25  8.22  7.01  7.10  7.95  7.45  8.42 15.72 12.33 17.23 19.49 25.10 57.73
 7021.25  8.14  6.94  7.03  7.88  7.37  8.34 15.53 12.24 17.11 19.37 24.96 57.29
 7022.25  8.08  6.89  6.98  7.83  7.32  8.28 15.38 12.17 17.02 19.27 24.85 56.80
 7023.25  8.03  6.84  6.94  7.78  7.27  8.22 15.22 12.11 16.92 19.16 24.70 56.20
 7024.25  8.10  6.91  7.00  7.86  7.33  8.29 15.26 12.21 17.03 19.29 24.84 56.04
 7025.25  8.20  7.00  7.09  7.96  7.42  8.40 15.34 12.35 17.18 19.46 25.02 55.93
 7026.25  8.12  6.93  7.03  7.89  7.35  8.32 15.15 12.26 17.03 19.31 24.84 55.28
 7027.25  8.01  6.84  6.93  7.79  7.25  8.21 14.90 12.12 16.82 19.10 24.58 54.48
 7028.25  8.10  6.92  7.01  7.88  7.33  8.30 14.97 12.25 16.95 19.27 24.77 54.45
 7029.25  8.13  6.95  7.04  7.91  7.36  8.33 14.96 12.30 17.00 19.35 24.87 54.35
 7030.25  7.99  6.83  6.92  7.79  7.23  8.19 14.71 12.15 16.78 19.15 24.65 53.81
 7031.25  7.82  6.68  6.76  7.63  7.07  8.01 14.38 11.93 16.49 18.86 24.35 53.17
 7032.25  7.94  6.79  6.87  7.76  7.18  8.14 14.48 12.09 16.65 19.05 24.54 52.97
 7033.25  8.14  6.97  7.06  7.97  7.37  8.34 14.70 12.36 16.93 19.37 24.87 52.88
 7034.25  8.17  7.01  7.09  8.02  7.40  8.38 14.68 12.42 16.96 19.42 24.91 52.52
 7035.25  8.17  7.00  7.09  8.03  7.39  8.38 14.59 12.42 16.92 19.41 24.88 52.09
 7036.25  8.14  6.98  7.06  8.02  7.36  8.35 14.47 12.38 16.85 19.34 24.80 51.57
 7037.25  8.07  6.92  7.00  7.97  7.30  8.28 14.29 12.30 16.70 19.21 24.63 50.90
 7038.25  8.10  6.95  7.02  8.01  7.32  8.31 14.25 12.34 16.71 19.25 24.66 50.56
 7039.25  8.11  6.96  7.04  8.03  7.33  8.32 14.19 12.36 16.69 19.24 24.64 50.06
 7040.25  8.10  6.95  7.03  8.04  7.32  8.31 14.10 12.35 16.66 19.23 24.61 49.65
 7041.25  8.04  6.90  6.98  8.00  7.27  8.26 13.96 12.30 16.57 19.16 24.55 49.30
 7042.25  7.48  6.40  6.47  7.45  6.74  7.68 13.10 11.56 15.67 18.24 23.56 47.96
 7043.25  6.77  5.77  5.83  6.75  6.08  6.96 12.01 10.59 14.49 16.99 22.18 46.18
 7044.25  7.44  6.37  6.44  7.44  6.70  7.65 12.97 11.52 15.57 18.17 23.46 47.26
 7045.25  8.07  6.93  7.00  8.08  7.28  8.29 13.82 12.36 16.50 19.19 24.55 48.24
 7046.25  7.95  6.83  6.89  7.98  7.17  8.17 13.63 12.21 16.30 18.99 24.33 47.98
 7047.25  7.50  6.43  6.49  7.54  6.75  7.71 12.97 11.62 15.58 18.25 23.52 47.15
 7048.25  7.06  6.04  6.09  7.11  6.34  7.26 12.30 11.03 14.85 17.49 22.69 46.29
 7049.25  6.24  5.32  5.37  6.30  5.59  6.43 11.05  9.89 13.44 15.97 20.97 44.36
 7050.25  5.79  4.93  4.97  5.86  5.18  5.97 10.32  9.25 12.61 15.06 19.91 43.02
 7051.25  6.57  5.61  5.66  6.66  5.88  6.76 11.49 10.36 13.94 16.56 21.62 44.95
 7052.25  7.08  6.06  6.11  7.19  6.35  7.29 12.23 11.08 14.77 17.50 22.64 46.02
 7053.25  7.16  6.14  6.19  7.29  6.43  7.38 12.33 11.21 14.89 17.65 22.81 46.18
 7054.25  7.39  6.34  6.39  7.53  6.63  7.61 12.63 11.52 15.23 18.05 23.24 46.65
 7055.25  7.47  6.41  6.46  7.62  6.70  7.69 12.71 11.63 15.33 18.17 23.38 46.76
 7056.25  7.62  6.55  6.60  7.79  6.84  7.84 12.89 11.84 15.53 18.41 23.62 46.94
 7057.25  7.76  6.67  6.72  7.94  6.96  7.98 13.06 12.03 15.72 18.63 23.84 47.09
 7058.25  7.80  6.71  6.76  8.00  7.00  8.03 13.09 12.09 15.76 18.70 23.91 47.16
 7059.25  8.02  6.91  6.96  8.24  7.20  8.25 13.37 12.39 16.06 19.05 24.28 47.49
 7060.25  8.10  6.98  7.03  8.33  7.28  8.34 13.44 12.50 16.15 19.17 24.39 47.55
 7061.25  7.95  6.86  6.90  8.20  7.14  8.19 13.22 12.31 15.91 18.94 24.14 47.28
 7062.25  7.77  6.69  6.73  8.03  6.97  8.00 12.94 12.07 15.61 18.64 23.82 46.95
 7063.25  7.77  6.69  6.74  8.04  6.97  8.01 12.92 12.08 15.59 18.64 23.81 46.90
 7064.25  7.60  6.55  6.59  7.89  6.82  7.84 12.66 11.87 15.31 18.37 23.50 46.56
 7065.25  7.37  6.34  6.38  7.66  6.60  7.60 12.30 11.55 14.92 17.97 23.05 46.06
 7066.25  7.58  6.53  6.57  7.89  6.80  7.82 12.57 11.85 15.22 18.32 23.43 46.40
 7067.25  7.70  6.64  6.68  8.03  6.91  7.94 12.71 12.01 15.38 18.53 23.65 46.61
 7068.25  7.34  6.31  6.35  7.67  6.57  7.57 12.18 11.53 14.80 17.92 22.99 45.93
 7069.25  7.40  6.37  6.40  7.74  6.63  7.63 12.23 11.61 14.86 18.01 23.11 45.99
 7070.25  7.86  6.78  6.82  8.25  7.06  8.11 12.84 12.24 15.54 18.78 23.95 46.75
 7071.25  7.60  6.54  6.58  7.99  6.81  7.83 12.45 11.89 15.11 18.33 23.48 46.22
 7072.25  7.31  6.29  6.33  7.72  6.55  7.55 12.03 11.52 14.65 17.86 22.98 45.64
 7073.25  7.73  6.66  6.70  8.17  6.93  7.97 12.57 12.08 15.25 18.54 23.73 46.33
 7074.25  7.95  6.86  6.90  8.42  7.14  8.20 12.84 12.38 15.56 18.89 24.12 46.65
 7075.25  7.49  6.45  6.49  7.96  6.71  7.73 12.18 11.77 14.84 18.14 23.32 45.80
 7076.25  7.36  6.33  6.37  7.84  6.59  7.59 11.97 11.59 14.62 17.91 23.09 45.52
 7077.25  7.84  6.76  6.80  8.36  7.03  8.08 12.60 12.24 15.33 18.69 23.94 46.27
 7078.25  8.02  6.93  6.97  8.57  7.20  8.26 12.81 12.48 15.59 18.97 24.25 46.45
 7079.25  7.63  6.58  6.62  8.18  6.84  7.86 12.26 11.97 15.00 18.34 23.59 45.77
 7080.25  7.41  6.38  6.41  7.96  6.64  7.62 11.93 11.68 14.65 17.98 23.21 45.37
 7081.25  7.72  6.65  6.69  8.31  6.92  7.93 12.32 12.10 15.11 18.49 23.79 45.89
 7082.25  8.01  6.92  6.96  8.64  7.20  8.23 12.69 12.50 15.54 18.97 24.31 46.34
 7083.25  7.66  6.61  6.65  8.29  6.87  7.87 12.19 12.04 15.01 18.40 23.72 45.72
 7084.25  6.90  5.92  5.96  7.50  6.17  7.08 11.11 11.00 13.81 17.08 22.29 44.20
 7085.25  7.29  6.27  6.31  7.94  6.53  7.47 11.62 11.54 14.41 17.76 23.05 44.93
 7086.25  8.08  6.98  7.02  8.79  7.26  8.27 12.66 12.61 15.59 19.06 24.47 46.26
 7087.25  8.13  7.03  7.07  8.87  7.30  8.32 12.70 12.68 15.65 19.13 24.56 46.28
 7088.25  7.87  6.79  6.84  8.62  7.07  8.05 12.34 12.34 15.26 18.72 24.13 45.78
 7089.25  7.40  6.37  6.41  8.13  6.63  7.56 11.68 11.71 14.53 17.93 23.30 44.93
 7090.25  6.74  5.79  5.82  7.44  6.03  6.89 10.76 10.80 13.48 16.78 22.03 43.55
 7091.25  6.95  5.96  6.01  7.68  6.21  7.09 11.04 11.09 13.79 17.14 22.45 43.95
 7092.25  7.57  6.52  6.56  8.37  6.78  7.72 11.88 11.96 14.75 18.22 23.65 45.13
 7093.25  7.74  6.67  6.72  8.57  6.94  7.88 12.10 12.19 15.00 18.49 23.96 45.36
 7094.25  7.78  6.71  6.76  8.63  6.98  7.92 12.14 12.25 15.05 18.55 24.04 45.38
 7095.25  7.94  6.85  6.90  8.82  7.13  8.08 12.34 12.47 15.27 18.81 24.33 45.59
 7096.25  8.07  6.96  7.02  8.98  7.24  8.20 12.49 12.64 15.44 19.00 24.55 45.74
 7097.25  8.11  7.01  7.06  9.05  7.28  8.24 12.54 12.71 15.49 19.07 24.63 45.75
 7098.25  8.11  7.00  7.05  9.06  7.28  8.22 12.51 12.70 15.47 19.05 24.63 45.68
 7099.25  8.02  6.92  6.98  8.99  7.20  8.13 12.39 12.59 15.33 18.91 24.49 45.48
 7100.25  8.09  6.98  7.04  9.08  7.26  8.20 12.47 12.69 15.42 19.01 24.61 45.53
 7101.25  8.19  7.07  7.13  9.21  7.35  8.29 12.58 12.82 15.54 19.16 24.79 45.64
 7102.25  8.07  6.96  7.02  9.10  7.25  8.16 12.41 12.67 15.36 18.98 24.60 45.40
 7103.25  8.02  6.92  6.98  9.06  7.20  8.10 12.33 12.61 15.27 18.89 24.53 45.26
 7104.25  8.06  6.95  7.01  9.12  7.23  8.13 12.37 12.66 15.31 18.95 24.60 45.26
 7105.25  8.00  6.90  6.96  9.08  7.19  8.07 12.28 12.60 15.22 18.86 24.52 45.10
 7106.25  8.00  6.89  6.96  9.10  7.18  8.06 12.26 12.60 15.20 18.84 24.51 45.01
 7107.25  8.14  7.01  7.08  9.27  7.31  8.20 12.43 12.79 15.39 19.05 24.76 45.19
 7108.25  8.20  7.07  7.14  9.36  7.37  8.25 12.50 12.88 15.46 19.15 24.87 45.24
 7109.25  8.06  6.94  7.01  9.22  7.24  8.10 12.30 12.70 15.24 18.92 24.64 44.94
 7110.25  7.98  6.87  6.94  9.15  7.17  8.02 12.19 12.61 15.12 18.80 24.53 44.76
 7111.25  8.05  6.93  7.01  9.25  7.24  8.08 12.26 12.70 15.21 18.90 24.65 44.81
 7112.25  8.08  6.96  7.04  9.30  7.27  8.11 12.29 12.75 15.24 18.95 24.72 44.80
 7113.25  8.10  6.97  7.05  9.34  7.29  8.12 12.31 12.78 15.26 18.98 24.76 44.78
 7114.25  8.09  6.96  7.04  9.34  7.28  8.10 12.27 12.77 15.22 18.95 24.74 44.68
 7115.25  8.15  7.01  7.09  9.42  7.33  8.15 12.33 12.85 15.28 19.04 24.84 44.70
 7116.25  8.21  7.07  7.15  9.52  7.39  8.21 12.40 12.95 15.37 19.15 24.96 44.74
 7117.25  8.15  7.01  7.10  9.47  7.34  8.14 12.31 12.87 15.27 19.06 24.87 44.58
 7118.25  8.07  6.94  7.03  9.39  7.26  8.05 12.19 12.77 15.13 18.92 24.73 44.34
 7119.25  8.09  6.95  7.05  9.44  7.29  8.07 12.20 12.80 15.15 18.97 24.78 44.32
 7120.25  8.20  7.04  7.14  9.57  7.38  8.17 12.32 12.95 15.28 19.13 24.96 44.43
 7121.25  8.22  7.06  7.16  9.61  7.40  8.18 12.34 12.98 15.30 19.17 25.01 44.41
 7122.25  8.22  7.06  7.16  9.63  7.41  8.18 12.32 12.99 15.28 19.17 25.01 44.32
 7123.25  8.20  7.04  7.14  9.62  7.39  8.15 12.28 12.96 15.24 19.14 24.99 44.22
 7124.25  8.13  6.98  7.08  9.57  7.32  8.07 12.18 12.88 15.13 19.04 24.89 44.05
 7125.25  8.12  6.96  7.07  9.57  7.31  8.06 12.15 12.87 15.10 19.02 24.89 43.96
 7126.25  8.14  6.98  7.09  9.61  7.33  8.07 12.16 12.90 15.11 19.05 24.93 43.92
 7127.25  8.11  6.95  7.07  9.60  7.31  8.03 12.11 12.87 15.06 19.01 24.89 43.78
 7128.25  7.76  6.64  6.75  9.22  6.98  7.68 11.63 12.40 14.54 18.44 24.30 43.09
 7129.25  7.26  6.19  6.30  8.66  6.52  7.17 10.95 11.71 13.78 17.60 23.39 42.09
 7130.25  7.53  6.42  6.54  8.99  6.77  7.44 11.30 12.09 14.18 18.06 23.91 42.54
 7131.25  7.91  6.76  6.89  9.44  7.13  7.81 11.79 12.62 14.74 18.69 24.61 43.15
 7132.25  8.14  6.96  7.09  9.71  7.33  8.02 12.06 12.92 15.05 19.05 25.00 43.45
 7133.25  8.04  6.87  7.00  9.61  7.24  7.92 11.92 12.79 14.90 18.89 24.85 43.22
 7134.25  7.48  6.37  6.50  9.00  6.72  7.36 11.19 12.04 14.07 17.98 23.88 42.16
 7135.25  7.34  6.25  6.38  8.86  6.60  7.22 11.00 11.86 13.86 17.75 23.64 41.84
 7136.25  7.86  6.70  6.84  9.45  7.07  7.72 11.66 12.56 14.61 18.60 24.57 42.68
 7137.25  8.05  6.87  7.02  9.69  7.25  7.90 11.90 12.82 14.88 18.90 24.90 42.88
 7138.25  8.11  6.92  7.07  9.77  7.30  7.95 11.97 12.90 14.95 19.00 25.02 42.92
 7139.25  8.21  7.01  7.16  9.90  7.39  8.04 12.09 13.04 15.08 19.15 25.20 43.02
 7140.25  8.23  7.03  7.18  9.94  7.42  8.06 12.12 13.07 15.11 19.19 25.25 42.97
 7141.25  8.25  7.04  7.20  9.98  7.43  8.07 12.13 13.10 15.12 19.21 25.29 42.92
 7142.25  8.01  6.83  6.98  9.73  7.21  7.83 11.82 12.79 14.77 18.84 24.90 42.45
 7143.25  7.53  6.40  6.55  9.19  6.76  7.35 11.19 12.14 14.06 18.06 24.07 41.53
 7144.25  7.22  6.13  6.27  8.83  6.47  7.03 10.77 11.71 13.58 17.53 23.51 40.88
 7145.25  7.11  6.02  6.17  8.68  6.37  6.91 10.62 11.56 13.40 17.33 23.30 40.56
 7146.25  7.11  6.03  6.17  8.67  6.37  6.91 10.62 11.57 13.40 17.34 23.31 40.48
 7147.25  7.16  6.07  6.21  8.71  6.41  6.95 10.67 11.63 13.45 17.41 23.40 40.45
 7148.25  7.25  6.14  6.30  8.80  6.49  7.03 10.78 11.76 13.58 17.57 23.59 40.58
 7149.25  7.43  6.31  6.46  9.00  6.65  7.21 11.02 12.03 13.86 17.89 23.96 40.88
 7150.25  7.58  6.44  6.60  9.15  6.79  7.34 11.21 12.24 14.06 18.13 24.23 41.03
 7151.25  7.67  6.51  6.68  9.23  6.87  7.42 11.31 12.37 14.18 18.27 24.40 41.10
 7152.25  7.92  6.73  6.90  9.50  7.10  7.66 11.63 12.73 14.55 18.69 24.87 41.53
 7153.25  7.98  6.79  6.96  9.56  7.15  7.72 11.71 12.83 14.63 18.80 25.00 41.56
 7154.25  8.06  6.86  7.03  9.63  7.22  7.78 11.80 12.94 14.73 18.92 25.14 41.62
 7155.25  8.21  6.98  7.16  9.77  7.35  7.92 11.98 13.15 14.92 19.14 25.39 41.76
 7156.25  8.25  7.02  7.21  9.81  7.40  7.96 12.03 13.22 14.98 19.21 25.46 41.72
 7157.25  8.16  6.94  7.13  9.69  7.31  7.86 11.91 13.11 14.84 19.07 25.33 41.51
 7158.25  7.97  6.77  6.95  9.45  7.13  7.66 11.65 12.86 14.55 18.76 25.01 41.08
 7159.25  8.00  6.79  6.98  9.47  7.15  7.68 11.68 12.91 14.58 18.80 25.06 41.01
 7160.25  7.79  6.60  6.79  9.22  6.96  7.47 11.41 12.64 14.28 18.47 24.73 40.62
 7161.25  7.67  6.49  6.68  9.06  6.84  7.35 11.24 12.49 14.08 18.27 24.52 40.29
 7162.25  7.86  6.66  6.85  9.26  7.01  7.53 11.48 12.75 14.35 18.57 24.85 40.47
 7163.25  7.66  6.49  6.68  9.02  6.83  7.33 11.21 12.49 14.05 18.24 24.50 40.00
 7164.25  7.41  6.26  6.45  8.72  6.60  7.09 10.88 12.15 13.66 17.81 24.03 39.37
 7165.25  7.77  6.59  6.78  9.11  6.93  7.44 11.34 12.67 14.19 18.42 24.71 39.95
 7166.25  7.96  6.75  6.95  9.30  7.10  7.62 11.57 12.92 14.43 18.69 24.99 40.05
 7167.25  7.29  6.16  6.35  8.53  6.48  6.96 10.68 11.99 13.41 17.52 23.68 38.44
 7168.25  7.18  6.06  6.26  8.39  6.38  6.86 10.53 11.85 13.24 17.35 23.50 38.14
 7169.25  7.83  6.64  6.84  9.11  6.98  7.48 11.38 12.78 14.21 18.47 24.77 39.42
 7170.25  7.83  6.64  6.85  9.09  6.98  7.49 11.37 12.78 14.18 18.43 24.70 39.13
 7171.25  7.39  6.25  6.45  8.59  6.57  7.05 10.80 12.19 13.54 17.74 23.98 38.35
 7172.25  7.21  6.09  6.29  8.36  6.40  6.87 10.54 11.93 13.24 17.39 23.57 37.73
 7173.25  7.46  6.32  6.52  8.62  6.63  7.11 10.84 12.26 13.56 17.72 23.87 37.70
 7174.25  7.87  6.68  6.89  9.06  7.00  7.51 11.38 12.86 14.18 18.47 24.76 38.68
 7175.25  7.71  6.53  6.74  8.87  6.85  7.35 11.18 12.68 13.98 18.29 24.64 38.63
 7176.25  7.25  6.13  6.33  8.34  6.43  6.90 10.57 12.03 13.26 17.46 23.68 37.36
 7177.25  7.05  5.96  6.15  8.10  6.25  6.71 10.28 11.72 12.91 17.03 23.11 36.42
 7178.25  7.24  6.13  6.33  8.30  6.42  6.89 10.55 12.04 13.23 17.45 23.64 37.11
 7179.25  7.80  6.61  6.83  8.90  6.92  7.42 11.28 12.86 14.09 18.48 24.83 38.49
 7180.25  7.74  6.56  6.77  8.82  6.86  7.36 11.20 12.79 14.00 18.39 24.71 38.29
 7181.25  7.40  6.27  6.48  8.43  6.56  7.04 10.74 12.29 13.44 17.72 23.85 37.04
 7182.25  7.41  6.28  6.48  8.42  6.56  7.04 10.76 12.33 13.46 17.77 23.91 37.11
 7183.25  7.40  6.26  6.47  8.38  6.55  7.03 10.75 12.34 13.46 17.80 23.96 37.20
 7184.25  7.23  6.12  6.33  8.17  6.40  6.86 10.49 12.05 13.12 17.34 23.29 36.01
 7185.25  7.31  6.19  6.40  8.22  6.47  6.93 10.58 12.16 13.23 17.47 23.40 36.04
 7186.25  7.28  6.17  6.38  8.17  6.44  6.91 10.53 12.11 13.14 17.35 23.18 35.58
 7187.25  7.44  6.31  6.52  8.31  6.58  7.05 10.72 12.33 13.35 17.59 23.40 35.67
 7188.25  8.11  6.90  7.13  9.02  7.19  7.69 11.62 13.35 14.42 18.90 24.98 37.71
 7189.25  8.46  7.20  7.44  9.38  7.50  8.03 12.09 13.88 14.96 19.58 25.77 38.68
 7190.25  8.10  6.88  7.11  8.96  7.17  7.67 11.62 13.38 14.42 18.98 25.07 37.82
 7191.25  7.50  6.36  6.57  8.28  6.62  7.09 10.81 12.49 13.46 17.81 23.63 35.85
 7192.25  7.68  6.52  6.74  8.45  6.79  7.27 11.04 12.76 13.72 18.11 23.94 36.09
 7193.25  7.86  6.68  6.90  8.62  6.95  7.43 11.27 13.02 13.97 18.42 24.26 36.39
 7194.25  7.92  6.73  6.96  8.66  7.00  7.49 11.35 13.13 14.07 18.56 24.42 36.54
 7195.25  8.14  6.92  7.16  8.87  7.19  7.70 11.64 13.48 14.41 19.00 24.93 37.17
 7196.25  8.12  6.90  7.14  8.82  7.17  7.67 11.63 13.48 14.40 19.02 24.95 37.19
 7197.25  8.02  6.81  7.06  8.69  7.08  7.58 11.49 13.35 14.23 18.81 24.67 36.71
 7198.25  8.03  6.82  7.06  8.67  7.08  7.57 11.48 13.37 14.21 18.79 24.60 36.51
 7199.25  8.11  6.89  7.14  8.73  7.15  7.65 11.59 13.53 14.34 18.97 24.80 36.71
 7200.25  7.59  6.43  6.67  8.15  6.68  7.15 10.89 12.77 13.51 17.97 23.58 35.08
 7201.25  7.41  6.28  6.51  7.94  6.52  6.98 10.65 12.53 13.23 17.64 23.16 34.45
 7202.25  7.90  6.69  6.94  8.42  6.94  7.43 11.31 13.31 14.01 18.64 24.37 36.03
 7203.25  7.99  6.78  7.03  8.50  7.03  7.52 11.43 13.48 14.14 18.80 24.53 36.12
 7204.25  7.76  6.57  6.82  8.22  6.81  7.29 11.10 13.12 13.74 18.30 23.88 35.16
 7205.25  7.91  6.70  6.96  8.35  6.94  7.43 11.30 13.38 13.98 18.61 24.23 35.55
 7206.25  7.94  6.73  6.99  8.36  6.98  7.47 11.32 13.43 13.99 18.60 24.15 35.28
 7207.25  8.23  6.98  7.25  8.63  7.23  7.74 11.71 13.90 14.43 19.17 24.81 36.06
 7208.25  8.49  7.20  7.49  8.88  7.46  7.98 12.05 14.32 14.83 19.68 25.39 36.73
 7209.25  8.25  6.99  7.27  8.60  7.24  7.75 11.73 14.00 14.47 19.26 24.89 36.07
 7210.25  8.14  6.89  7.17  8.46  7.14  7.65 11.60 13.89 14.32 19.11 24.72 35.84
 7211.25  8.33  7.05  7.34  8.63  7.30  7.82 11.83 14.18 14.58 19.44 25.06 36.14
 7212.25  8.39  7.11  7.41  8.67  7.36  7.89 11.92 14.31 14.68 19.57 25.19 36.23
 7213.25  8.43  7.14  7.44  8.68  7.39  7.92 11.97 14.40 14.73 19.65 25.26 36.24
 7214.25  8.42  7.13  7.43  8.64  7.37  7.91 11.95 14.41 14.70 19.63 25.21 36.09
 7215.25  8.38  7.09  7.40  8.57  7.33  7.87 11.89 14.37 14.63 19.55 25.08 35.85
 7216.25  8.30  7.01  7.32  8.45  7.26  7.79 11.77 14.26 14.48 19.37 24.83 35.45
 7217.25  8.37  7.07  7.39  8.50  7.32  7.85 11.85 14.39 14.57 19.49 24.94 35.54
 7218.25  8.43  7.12  7.44  8.53  7.37  7.91 11.93 14.51 14.66 19.61 25.06 35.68
 7219.25  8.49  7.17  7.50  8.57  7.41  7.96 12.00 14.62 14.74 19.73 25.17 35.80
 7220.25  8.55  7.22  7.55  8.60  7.46  8.01 12.07 14.73 14.81 19.85 25.26 35.89
 7221.25  8.53  7.19  7.52  8.55  7.43  7.98 12.03 14.72 14.76 19.83 25.19 35.81
 7222.25  8.30  6.99  7.32  8.31  7.23  7.77 11.74 14.43 14.43 19.48 24.76 35.32
 7223.25  7.75  6.51  6.82  7.74  6.73  7.24 11.03 13.64 13.61 18.53 23.65 34.03
 7224.25  7.68  6.44  6.75  7.65  6.66  7.17 10.94 13.57 13.51 18.46 23.54 33.94
 7225.25  8.08  6.78  7.11  8.03  7.02  7.55 11.45 14.19 14.10 19.20 24.34 34.86
 7226.25  8.18  6.86  7.20  8.10  7.10  7.63 11.56 14.34 14.21 19.35 24.45 34.94
 7227.25  7.93  6.64  6.97  7.83  6.87  7.40 11.23 13.98 13.83 18.90 23.88 34.23
 7228.25  8.23  6.90  7.24  8.10  7.13  7.67 11.60 14.43 14.25 19.41 24.40 34.78
 7229.25  8.48  7.11  7.47  8.33  7.36  7.91 11.92 14.84 14.62 19.89 24.89 35.35
 7230.25  8.07  6.75  7.09  7.91  6.98  7.51 11.40 14.28 14.03 19.25 24.17 34.60
 7231.25  7.71  6.43  6.76  7.53  6.66  7.17 10.93 13.77 13.50 18.64 23.44 33.76
 7232.25  7.82  6.53  6.87  7.63  6.76  7.28 11.05 13.89 13.59 18.70 23.38 33.45
 7233.25  7.98  6.67  7.01  7.76  6.90  7.43 11.23 14.11 13.79 18.91 23.54 33.50
 7234.25  7.62  6.35  6.68  7.39  6.58  7.08 10.76 13.61 13.26 18.31 22.85 32.70
 7235.25  7.13  5.91  6.23  6.89  6.13  6.61 10.14 12.91 12.55 17.52 21.96 31.78
 7236.25  7.58  6.30  6.63  7.31  6.53  7.03 10.73 13.65 13.25 18.42 22.96 32.98
 7237.25  8.37  6.98  7.34  8.06  7.23  7.78 11.74 14.85 14.39 19.81 24.47 34.66
 7238.25  8.42  7.01  7.38  8.08  7.27  7.81 11.79 14.95 14.46 19.92 24.56 34.76
 7239.25  7.08  5.85  6.17  6.77  6.07  6.55 10.07 12.96 12.48 17.59 21.97 31.88
 7240.25  4.04  3.29  3.48  3.83  3.42  3.71  5.91  7.85  7.51 11.09 14.35 22.35
 7241.25  3.09  2.51  2.66  2.92  2.61  2.84  4.56  6.11  5.83  8.74 11.42 18.25
 7242.25  2.84  2.30  2.44  2.67  2.40  2.60  4.19  5.64  5.36  8.09 10.57 17.01
 7243.25  3.15  2.55  2.71  2.96  2.66  2.89  4.64  6.25  5.92  8.91 11.58 18.44
 7244.25  4.58  3.73  3.95  4.30  3.88  4.21  6.67  8.91  8.43 12.45 15.88 24.32
 7245.25  5.75  4.69  4.97  5.39  4.89  5.29  8.28 10.99 10.38 15.09 18.96 28.23
 7246.25  3.29  2.66  2.82  3.07  2.77  3.01  4.83  6.58  6.16  9.29 11.98 18.95
 7247.25  2.71  2.18  2.32  2.51  2.28  2.48  3.99  5.48  5.10  7.77 10.06 16.14
 7248.25  4.09  3.31  3.51  3.79  3.45  3.74  5.96  8.16  7.57 11.35 14.46 22.41
 7249.25  5.87  4.77  5.06  5.44  4.98  5.39  8.41 11.35 10.54 15.39 19.18 28.40
 7250.25  7.56  6.20  6.56  7.01  6.45  6.96 10.63 14.11 13.12 18.62 22.72 32.37
 7251.25  7.77  6.37  6.75  7.19  6.64  7.16 10.88 14.46 13.40 18.97 23.05 32.66
 7252.25  7.36  6.03  6.39  6.79  6.28  6.78 10.34 13.82 12.75 18.13 22.04 31.31
 7253.25  7.20  5.89  6.24  6.62  6.14  6.63 10.12 13.60 12.49 17.81 21.64 30.78
 7254.25  5.77  4.67  4.97  5.27  4.88  5.29  8.25 11.37 10.33 15.19 18.76 27.67
 7255.25  4.78  3.85  4.10  4.34  4.03  4.37  6.91  9.69  8.73 13.10 16.37 24.79
 7256.25  6.25  5.06  5.38  5.68  5.28  5.72  8.89 12.30 11.10 16.27 19.95 29.12
 7257.25  6.45  5.22  5.55  5.85  5.46  5.91  9.15 12.67 11.40 16.65 20.32 29.46
 7258.25  6.68  5.41  5.75  6.05  5.65  6.12  9.44 13.08 11.73 17.10 20.78 29.95
 7259.25  8.04  6.56  6.97  7.30  6.85  7.40 11.19 15.28 13.74 19.58 23.43 32.86
 7260.25  8.36  6.83  7.25  7.58  7.13  7.69 11.57 15.78 14.17 20.09 23.92 33.31
 7261.25  8.09  6.59  7.00  7.32  6.88  7.44 11.23 15.42 13.78 19.64 23.42 32.73
 7262.25  8.05  6.55  6.96  7.26  6.84  7.39 11.17 15.41 13.71 19.59 23.33 32.61
 7263.25  8.30  6.76  7.18  7.48  7.06  7.62 11.47 15.82 14.04 20.00 23.72 32.97
 7264.25  7.92  6.44  6.84  7.12  6.72  7.27 10.98 15.26 13.47 19.30 22.92 31.98
 7265.25  7.48  6.06  6.44  6.70  6.33  6.86 10.40 14.58 12.81 18.48 21.97 30.82
 7266.25  8.03  6.52  6.93  7.19  6.81  7.37 11.11 15.53 13.62 19.54 23.10 32.14
 7267.25  8.55  6.95  7.38  7.66  7.26  7.85 11.77 16.42 14.38 20.53 24.16 33.39
 7268.25  8.17  6.62  7.03  7.29  6.92  7.49 11.29 15.92 13.85 19.94 23.52 32.70
 7269.25  7.53  6.08  6.46  6.69  6.35  6.89 10.48 14.97 12.93 18.84 22.30 31.33
 7270.25  7.16  5.76  6.13  6.35  6.03  6.55 10.01 14.42 12.38 18.19 21.57 30.49
 7271.25  7.42  5.98  6.35  6.57  6.25  6.78 10.34 14.90 12.76 18.70 22.09 31.06
 7272.25  7.63  6.15  6.53  6.75  6.43  6.98 10.58 15.21 13.02 18.98 22.31 31.13
 7273.25  7.56  6.09  6.47  6.67  6.36  6.91 10.47 15.10 12.88 18.80 22.05 30.74
 7274.25  8.16  6.59  7.00  7.20  6.89  7.47 11.24 16.13 13.76 19.94 23.24 32.10
 7275.25  8.05  6.50  6.89  7.09  6.78  7.36 11.08 15.97 13.57 19.71 22.93 31.66
 7276.25  5.73  4.57  4.86  5.00  4.78  5.22  8.10 12.13 10.10 15.32 18.14 26.17
 7277.25  3.12  2.46  2.62  2.70  2.58  2.82  4.50  7.01  5.71  9.07 10.95 16.73
 7278.25  2.07  1.63  1.74  1.79  1.71  1.88  3.01  4.76  3.84  6.20  7.52 11.74
 7279.25  3.00  2.36  2.52  2.59  2.48  2.72  4.34  6.83  5.51  8.81 10.59 16.23
 7280.25  6.78  5.44  5.78  5.92  5.69  6.21  9.50 14.22 11.75 17.64 20.53 28.97
 7281.25  8.17  6.61  7.00  7.15  6.90  7.50 11.28 16.57 13.80 20.24 23.26 31.95
 7282.25  7.74  6.25  6.63  6.76  6.53  7.11 10.76 15.97 13.21 19.56 22.50 31.12
 7283.25  7.05  5.66  6.01  6.13  5.92  6.46  9.88 14.91 12.21 18.37 21.22 29.73
 7284.25  7.42  5.98  6.34  6.46  6.25  6.82 10.37 15.60 12.77 19.11 21.96 30.54
 7285.25  5.74  4.59  4.88  4.96  4.80  5.26  8.15 12.64 10.16 15.71 18.24 26.18
 7286.25  3.40  2.69  2.87  2.92  2.82  3.10  4.93  7.95  6.25 10.09 11.90 17.97
 7287.25  3.97  3.15  3.36  3.41  3.31  3.63  5.74  9.21  7.24 11.59 13.57 20.16
 7288.25  6.39  5.13  5.45  5.52  5.37  5.88  9.04 13.99 11.20 17.17 19.71 27.75
 7289.25  7.97  6.46  6.84  6.92  6.74  7.35 11.06 16.68 13.52 20.12 22.81 31.14
 7290.25  8.13  6.60  6.99  7.06  6.89  7.51 11.24 16.89 13.70 20.26 22.89 31.00
 7291.25  7.74  6.27  6.65  6.71  6.55  7.15 10.78 16.41 13.19 19.73 22.33 30.43
 7292.25  7.59  6.14  6.51  6.56  6.42  7.01 10.61 16.31 13.00 19.58 22.18 30.30
 7293.25  7.59  6.14  6.51  6.55  6.42  7.01 10.62 16.44 13.02 19.65 22.24 30.35
 7294.25  7.71  6.24  6.61  6.66  6.52  7.12 10.77 16.74 13.19 19.90 22.48 30.55
 7295.25  8.27  6.73  7.12  7.16  7.02  7.66 11.47 17.72 13.97 20.85 23.44 31.49
 7296.25  8.09  6.57  6.95  6.99  6.86  7.49 11.26 17.59 13.74 20.65 23.22 31.27
 7297.25  5.92  4.75  5.04  5.07  4.97  5.46  8.46 13.92 10.52 16.56 18.89 26.43
 7298.25  5.22  4.18  4.44  4.46  4.37  4.81  7.52 12.63  9.39 15.04 17.23 24.40
 7299.25  7.11  5.76  6.09  6.11  6.01  6.58 10.03 16.28 12.34 18.99 21.42 29.15
 7300.25  8.37  6.84  7.21  7.24  7.12  7.78 11.63 18.45 14.14 21.21 23.71 31.52
 7301.25  8.53  6.98  7.36  7.38  7.27  7.93 11.84 18.84 14.38 21.54 24.04 31.83
 7302.25  8.38  6.85  7.22  7.24  7.14  7.79 11.64 18.64 14.14 21.24 23.69 31.35
 7303.25  8.14  6.66  7.01  7.03  6.94  7.57 11.33 18.30 13.78 20.78 23.16 30.64
 7304.25  6.82  5.54  5.84  5.86  5.78  6.33  9.66 16.18 11.88 18.47 20.74 28.00
 7305.25  4.31  3.46  3.66  3.66  3.62  3.98  6.28 11.22  7.88 12.98 14.82 21.00
 7306.25  4.42  3.54  3.74  3.75  3.70  4.08  6.43 11.54  8.06 13.28 15.14 21.38
 7307.25  7.04  5.73  6.03  6.04  5.97  6.54  9.99 17.02 12.27 19.17 21.47 28.80
 7308.25  7.87  6.43  6.75  6.76  6.70  7.32 11.04 18.53 13.47 20.67 23.00 30.35
 7309.25  7.62  6.23  6.54  6.54  6.48  7.09 10.72 18.15 13.09 20.18 22.45 29.64
 7310.25  8.14  6.68  7.01  7.01  6.95  7.59 11.38 19.13 13.83 21.12 23.40 30.60
 7311.25  8.40  6.91  7.23  7.23  7.19  7.84 11.72 19.69 14.22 21.64 23.93 31.14
 7312.25  7.44  6.08  6.37  6.37  6.33  6.92 10.51 18.20 12.85 20.03 22.25 29.33
 7313.25  6.92  5.64  5.92  5.91  5.88  6.44  9.86 17.41 12.11 19.13 21.30 28.27
 7314.25  7.95  6.53  6.83  6.82  6.79  7.42 11.19 19.33 13.62 21.06 23.28 30.35
 7315.25  8.48  6.99  7.30  7.29  7.27  7.93 11.84 20.25 14.34 21.93 24.14 31.16
 7316.25  7.65  6.27  6.56  6.54  6.53  7.14 10.80 18.95 13.16 20.51 22.66 29.55
 7317.25  3.81  3.07  3.22  3.21  3.21  3.53  5.59 10.81  7.00 11.84 13.36 18.51
 7318.25  2.25  1.81  1.90  1.89  1.89  2.08  3.34  6.71  4.22  7.35  8.35 11.86
 7319.25  3.50  2.82  2.95  2.94  2.94  3.24  5.16 10.16  6.46 11.04 12.45 17.27
 7320.25  7.40  6.07  6.33  6.31  6.31  6.91 10.51 18.95 12.81 20.23 22.30 28.97
 7321.25  8.46  6.99  7.28  7.25  7.26  7.92 11.88 20.91 14.35 22.17 24.28 31.02
 7322.25  8.60  7.11  7.40  7.37  7.39  8.06 12.06 21.25 14.55 22.44 24.54 31.24
 7323.25  8.75  7.25  7.53  7.50  7.52  8.20 12.24 21.56 14.74 22.67 24.76 31.39
 7324.25  8.68  7.19  7.47  7.44  7.47  8.14 12.17 21.54 14.65 22.57 24.64 31.20
 7325.25  8.69  7.20  7.47  7.44  7.47  8.15 12.19 21.68 14.67 22.60 24.70 31.22
 7326.25  8.65  7.17  7.44  7.40  7.44  8.11 12.14 21.70 14.61 22.52 24.63 31.08
 7327.25  8.56  7.10  7.36  7.31  7.37  8.03 12.03 21.62 14.48 22.32 24.44 30.80
 7328.25  8.58  7.11  7.37  7.33  7.38  8.05 12.07 21.79 14.52 22.38 24.53 30.86
 7329.25  7.91  6.54  6.77  6.73  6.79  7.41 11.24 20.80 13.60 21.28 23.43 29.68
 7330.25  4.78  3.89  4.04  4.01  4.05  4.46  7.03 14.28  8.70 14.58 16.35 21.64
 7331.25  3.38  2.74  2.84  2.82  2.85  3.15  5.04 10.67  6.29 10.85 12.28 16.60
 7332.25  5.05  4.12  4.27  4.24  4.29  4.71  7.42 15.11  9.16 15.24 17.10 22.45
 7333.25  7.46  6.16  6.37  6.32  6.40  6.99 10.68 20.34 12.95 20.40 22.58 28.57
 7334.25  7.91  6.56  6.77  6.72  6.81  7.43 11.28 21.27 13.62 21.22 23.45 29.46
 7335.25  8.23  6.84  7.06  7.00  7.09  7.73 11.69 21.91 14.07 21.75 24.02 30.03
 7336.25  8.49  7.07  7.29  7.23  7.33  7.99 12.03 22.46 14.44 22.20 24.50 30.51
 7337.25  8.54  7.12  7.33  7.27  7.38  8.04 12.10 22.66 14.53 22.30 24.62 30.62
 7338.25  8.47  7.06  7.27  7.20  7.31  7.97 12.02 22.63 14.43 22.18 24.52 30.48
 7339.25  8.41  7.00  7.21  7.14  7.26  7.91 11.94 22.54 14.34 22.06 24.42 30.35
 7340.25  8.31  6.92  7.12  7.05  7.18  7.82 11.83 22.35 14.22 21.90 24.27 30.16
 7341.25  6.11  5.03  5.18  5.13  5.23  5.72  8.92 17.92 10.89 17.56 19.73 25.19
 7342.25  2.70  2.20  2.27  2.24  2.29  2.52  4.08  8.96  5.09  8.78 10.09 13.52
 7343.25  2.26  1.84  1.90  1.87  1.92  2.11  3.42  7.56  4.28  7.43  8.56 11.53
 7344.25  4.54  3.73  3.83  3.79  3.88  4.25  6.75 14.02  8.33 13.83 15.71 20.45
 7345.25  7.98  6.65  6.82  6.74  6.91  7.51 11.44 21.48 13.76 21.29 23.68 29.43
 7346.25  7.92  6.60  6.77  6.69  6.86  7.45 11.38 21.36 13.70 21.22 23.62 29.37
 7347.25  7.79  6.48  6.65  6.57  6.75  7.32 11.21 21.06 13.51 20.97 23.36 29.09
 7348.25  8.01  6.68  6.85  6.76  6.95  7.54 11.50 21.36 13.82 21.32 23.71 29.44
 7349.25  7.78  6.49  6.64  6.56  6.76  7.33 11.21 20.89 13.50 20.90 23.27 28.95
 7350.25  8.04  6.71  6.87  6.78  6.99  7.57 11.55 21.28 13.86 21.34 23.73 29.42
 7351.25  8.24  6.89  7.05  6.95  7.18  7.76 11.81 21.60 14.16 21.71 24.12 29.84
 7352.25  7.74  6.46  6.60  6.51  6.73  7.28 11.18 20.70 13.46 20.86 23.24 28.92
 7353.25  7.47  6.23  6.36  6.27  6.50  7.03 10.84 20.16 13.08 20.37 22.73 28.37
 7354.25  7.56  6.30  6.44  6.34  6.58  7.11 10.96 20.25 13.20 20.51 22.88 28.52
 7355.25  7.98  6.68  6.81  6.71  6.97  7.52 11.52 20.93 13.82 21.25 23.64 29.30
 7356.25  8.20  6.87  7.00  6.90  7.17  7.73 11.79 21.21 14.11 21.58 23.98 29.62
 7357.25  8.18  6.86  6.99  6.88  7.16  7.72 11.78 21.13 14.10 21.55 23.94 29.57
 7358.25  8.05  6.75  6.87  6.76  7.05  7.59 11.61 20.87 13.92 21.34 23.73 29.35
 7359.25  6.55  5.46  5.56  5.47  5.71  6.17  9.63 17.99 11.68 18.48 20.73 26.12
 7360.25  3.81  3.14  3.20  3.14  3.30  3.57  5.76 11.55  7.14 11.95 13.65 17.89
 7361.25  3.95  3.26  3.31  3.25  3.42  3.70  5.96 11.87  7.38 12.31 14.05 18.37
 7362.25  6.73  5.62  5.71  5.61  5.89  6.34  9.85 18.18 11.97 18.82 21.10 26.50
 7363.25  8.16  6.87  6.97  6.85  7.18  7.71 11.72 20.74 14.09 21.46 23.85 29.41
 7364.25  8.28  6.97  7.07  6.95  7.30  7.82 11.87 20.87 14.26 21.65 24.04 29.58
 7365.25  8.09  6.80  6.89  6.77  7.12  7.63 11.61 20.49 13.99 21.32 23.70 29.23
 7366.25  7.84  6.59  6.67  6.55  6.90  7.39 11.29 20.03 13.65 20.91 23.28 28.79
 7367.25  7.90  6.64  6.72  6.60  6.96  7.45 11.36 20.07 13.74 21.01 23.39 28.89
 7368.25  7.98  6.72  6.79  6.67  7.04  7.53 11.45 20.12 13.84 21.10 23.47 28.95
 7369.25  7.54  6.33  6.40  6.28  6.65  7.11 10.87 19.28 13.20 20.30 22.64 28.06
 7370.25  4.28  3.55  3.59  3.51  3.74  4.01  6.39 12.25  7.95 13.06 14.86 19.23
 7371.25  2.43  2.00  2.02  1.98  2.11  2.27  3.67  7.30  4.62  7.85  9.04 12.01
 7372.25  3.30  2.73  2.75  2.69  2.88  3.09  4.95  9.66  6.22 10.40 11.91 15.63
 7373.25  6.91  5.79  5.83  5.72  6.08  6.49  9.99 17.83 12.23 19.02 21.30 26.58
 7374.25  8.33  7.02  7.07  6.94  7.37  7.85 11.83 20.30 14.33 21.62 24.00 29.45
 7375.25  7.81  6.57  6.61  6.48  6.90  7.35 11.16 19.40 13.60 20.75 23.11 28.52
 7376.25  7.38  6.19  6.22  6.10  6.51  6.94 10.60 18.59 12.98 19.96 22.31 27.66
 7377.25  8.04  6.77  6.80  6.67  7.12  7.57 11.43 19.64 13.93 21.07 23.47 28.86
 7378.25  8.47  7.15  7.18  7.05  7.52  7.99 11.96 20.24 14.52 21.72 24.15 29.54
 7379.25  8.37  7.06  7.09  6.95  7.43  7.89 11.83 20.03 14.39 21.54 24.00 29.38
 7380.25  8.13  6.85  6.87  6.74  7.21  7.66 11.52 19.59 14.06 21.12 23.59 28.95
 7381.25  8.12  6.85  6.86  6.72  7.21  7.65 11.49 19.50 14.05 21.06 23.55 28.89
 7382.25  8.32  7.02  7.03  6.89  7.40  7.84 11.73 19.73 14.32 21.32 23.84 29.17
 7383.25  8.41  7.10  7.10  6.97  7.48  7.92 11.82 19.79 14.43 21.41 23.95 29.26
 7384.25  8.24  6.96  6.95  6.82  7.34  7.77 11.61 19.48 14.22 21.13 23.69 28.99
 7385.25  8.12  6.85  6.84  6.70  7.23  7.65 11.45 19.24 14.06 20.92 23.50 28.81
 7386.25  8.27  6.98  6.97  6.83  7.37  7.79 11.63 19.41 14.27 21.12 23.74 29.04
 7387.25  8.59  7.26  7.24  7.10  7.67  8.10 12.01 19.81 14.70 21.58 24.24 29.53
 7388.25  8.63  7.31  7.28  7.14  7.72  8.14 12.06 19.80 14.77 21.61 24.29 29.57
 7389.25  8.35  7.05  7.02  6.88  7.46  7.87 11.69 19.28 14.38 21.12 23.81 29.07
 7390.25  8.20  6.93  6.89  6.76  7.33  7.73 11.50 18.97 14.17 20.83 23.54 28.80
 7391.25  7.99  6.74  6.70  6.57  7.14  7.53 11.22 18.54 13.87 20.43 23.15 28.41
 7392.25  7.41  6.23  6.19  6.07  6.62  6.98 10.49 17.52 13.05 19.42 22.12 27.37
 7393.25  5.58  4.66  4.62  4.52  4.96  5.24  8.05 13.96 10.18 15.67 18.11 22.96
 7394.25  4.07  3.38  3.35  3.27  3.60  3.81  5.94 10.60  7.62 12.04 14.11 18.30
 7395.25  5.62  4.69  4.65  4.55  5.00  5.27  8.08 13.89 10.25 15.67 18.16 23.04
 7396.25  7.92  6.69  6.62  6.49  7.11  7.47 11.09 18.04 13.79 20.13 22.96 28.28
 7397.25  8.36  7.07  7.00  6.86  7.52  7.88 11.62 18.65 14.40 20.81 23.68 29.04
 7398.25  8.50  7.20  7.12  6.98  7.66  8.02 11.79 18.80 14.61 21.01 23.92 29.31
 7399.25  8.54  7.24  7.16  7.01  7.70  8.06 11.83 18.78 14.67 21.04 23.98 29.38
 7400.25  8.42  7.14  7.05  6.91  7.60  7.95 11.68 18.53 14.51 20.82 23.78 29.19
 7401.25  8.34  7.07  6.97  6.83  7.53  7.87 11.57 18.32 14.40 20.65 23.63 29.05
 7402.25  6.79  5.71  5.63  5.51  6.10  6.39  9.58 15.61 12.11 17.82 20.67 25.91
 7403.25  3.60  3.00  2.95  2.88  3.22  3.38  5.24  9.05  6.81 10.58 12.61 16.55
 7404.25  3.17  2.63  2.58  2.53  2.83  2.97  4.62  7.98  6.02  9.39 11.25 14.88
 7405.25  5.68  4.76  4.68  4.58  5.11  5.34  8.09 13.31 10.36 15.44 18.14 23.12
 7406.25  8.20  6.96  6.83  6.70  7.43  7.75 11.37 17.71 14.22 20.24 23.34 28.82
 7407.25  8.42  7.15  7.02  6.88  7.64  7.96 11.63 17.96 14.53 20.55 23.68 29.18
 7408.25  8.55  7.28  7.14  7.00  7.78  8.09 11.79 18.08 14.71 20.72 23.88 29.40
 7409.25  8.63  7.35  7.20  7.06  7.86  8.17 11.88 18.11 14.82 20.80 23.99 29.52
 7410.25  8.67  7.39  7.23  7.10  7.90  8.21 11.92 18.08 14.87 20.81 24.02 29.56
 7411.25  8.69  7.41  7.25  7.12  7.93  8.23 11.94 18.03 14.91 20.81 24.05 29.60
 7412.25  8.64  7.36  7.20  7.07  7.88  8.18 11.87 17.88 14.84 20.69 23.96 29.53
 7413.25  8.18  6.96  6.79  6.67  7.46  7.74 11.31 17.12 14.22 19.95 23.22 28.79
 7414.25  7.63  6.47  6.31  6.20  6.96  7.22 10.62 16.19 13.44 19.01 22.26 27.80
 7415.25  7.85  6.67  6.50  6.38  7.16  7.42 10.88 16.45 13.75 19.33 22.62 28.19
 7416.25  8.29  7.06  6.88  6.76  7.58  7.85 11.42 17.04 14.37 20.00 23.35 28.95
 7417.25  8.32  7.09  6.90  6.79  7.62  7.88 11.46 17.00 14.42 20.01 23.39 29.01
 7418.25  7.97  6.79  6.59  6.49  7.30  7.54 11.02 16.40 13.94 19.42 22.80 28.42
 7419.25  7.99  6.80  6.61  6.50  7.32  7.56 11.04 16.35 13.97 19.41 22.82 28.44
 7420.25  8.15  6.95  6.74  6.64  7.48  7.71 11.24 16.51 14.20 19.63 23.07 28.71
 7421.25  8.44  7.21  6.99  6.89  7.75  7.98 11.58 16.84 14.59 20.03 23.51 29.17
 7422.25  8.49  7.26  7.03  6.93  7.81  8.03 11.64 16.83 14.67 20.07 23.58 29.25
 7423.25  8.53  7.29  7.06  6.96  7.84  8.06 11.67 16.80 14.72 20.09 23.62 29.30
 7424.25  8.27  7.06  6.83  6.74  7.60  7.81 11.35 16.34 14.36 19.65 23.19 28.87
 7425.25  8.11  6.92  6.69  6.60  7.45  7.65 11.15 16.02 14.14 19.35 22.91 28.59
 7426.25  8.44  7.23  6.98  6.89  7.77  7.98 11.55 16.43 14.61 19.84 23.44 29.15
 7427.25  8.53  7.31  7.05  6.97  7.86  8.06 11.66 16.47 14.73 19.94 23.57 29.30
 7428.25  8.49  7.27  7.01  6.93  7.82  8.02 11.60 16.33 14.67 19.84 23.49 29.23
 7429.25  8.44  7.23  6.96  6.89  7.78  7.97 11.54 16.18 14.61 19.74 23.41 29.16
 7430.25  7.71  6.59  6.33  6.26  7.09  7.27 10.63 15.01 13.58 18.54 22.16 27.88
 7431.25  5.38  4.55  4.36  4.31  4.92  5.05  7.61 11.07  9.96 14.10 17.27 22.49
 7432.25  5.09  4.31  4.12  4.07  4.66  4.78  7.22 10.49  9.49 13.47 16.57 21.69
 7433.25  7.33  6.27  6.00  5.94  6.75  6.90 10.15 14.20 13.04 17.84 21.44 27.15
 7434.25  8.30  7.13  6.83  6.77  7.67  7.83 11.35 15.60 14.43 19.43 23.13 28.94
 7435.25  8.36  7.18  6.87  6.81  7.72  7.88 11.43 15.68 14.55 19.58 23.34 29.23
 7436.25  8.43  7.25  6.93  6.87  7.79  7.95 11.53 15.80 14.69 19.76 23.57 29.56
 7437.25  8.49  7.30  6.97  6.92  7.85  8.00 11.59 15.85 14.77 19.83 23.65 29.66
 7438.25  8.31  7.15  6.82  6.76  7.68  7.83 11.37 15.56 14.53 19.53 23.36 29.36
 7439.25  6.29  5.37  5.11  5.06  5.80  5.91  8.80 12.36 11.49 15.90 19.41 25.10
 7440.25  4.10  3.47  3.29  3.26  3.76  3.83  5.85  8.42  7.80 11.12 13.91 18.64
 7441.25  4.69  3.98  3.77  3.74  4.31  4.39  6.65  9.49  8.83 12.48 15.52 20.61
 7442.25  7.44  6.38  6.07  6.02  6.87  6.99 10.27 14.12 13.27 17.99 21.74 27.71
 7443.25  8.60  7.43  7.07  7.02  7.98  8.10 11.71 15.82 14.95 19.90 23.79 29.88
 7444.25  8.61  7.44  7.08  7.02  7.99  8.11 11.72 15.80 14.97 19.90 23.80 29.91
 7445.25  8.53  7.37  7.00  6.95  7.91  8.03 11.61 15.65 14.86 19.75 23.66 29.78
 7446.25  8.45  7.30  6.93  6.88  7.84  7.95 11.51 15.50 14.75 19.61 23.52 29.66
 7447.25  8.60  7.44  7.06  7.01  7.99  8.09 11.69 15.68 14.96 19.83 23.76 29.92
 7448.25  8.65  7.49  7.11  7.06  8.04  8.14 11.75 15.72 15.03 19.88 23.82 30.01
 7449.25  8.58  7.43  7.04  6.99  7.97  8.07 11.66 15.59 14.94 19.75 23.70 29.91
 7450.25  8.56  7.41  7.03  6.98  7.96  8.05 11.64 15.53 14.91 19.71 23.67 29.90
 7451.25  8.55  7.41  7.02  6.98  7.96  8.04 11.63 15.49 14.91 19.69 23.65 29.91
 7452.25  8.55  7.41  7.02  6.97  7.96  8.04 11.63 15.45 14.91 19.66 23.64 29.92
 7453.25  8.46  7.34  6.94  6.90  7.88  7.95 11.52 15.30 14.79 19.51 23.50 29.79
 7454.25  8.44  7.32  6.92  6.88  7.86  7.93 11.49 15.23 14.77 19.46 23.46 29.77
 7455.25  8.52  7.40  6.99  6.95  7.94  8.01 11.60 15.32 14.88 19.57 23.60 29.92
 7456.25  8.55  7.43  7.02  6.98  7.98  8.04 11.63 15.33 14.93 19.60 23.65 29.99
 7457.25  8.56  7.44  7.02  6.99  7.99  8.04 11.64 15.30 14.94 19.59 23.66 30.01
 7458.25  8.55  7.44  7.01  6.98  7.98  8.03 11.63 15.25 14.93 19.56 23.65 30.01
 7459.25  8.38  7.28  6.86  6.82  7.81  7.86 11.41 14.97 14.69 19.27 23.37 29.74
 7460.25  8.02  6.96  6.55  6.52  7.48  7.51 10.97 14.44 14.19 18.69 22.78 29.15
 7461.25  8.25  7.17  6.75  6.72  7.70  7.73 11.26 14.74 14.53 19.05 23.17 29.57
 7462.25  8.34  7.26  6.83  6.80  7.79  7.81 11.37 14.83 14.65 19.16 23.32 29.73
 7463.25  7.63  6.62  6.22  6.19  7.12  7.14 10.49 13.78 13.64 18.00 22.10 28.48
 7464.25  6.86  5.93  5.56  5.53  6.38  6.40  9.51 12.57 12.48 16.63 20.62 26.90
 7465.25  7.16  6.20  5.81  5.79  6.67  6.68  9.89 13.01 12.95 17.15 21.22 27.56
 7466.25  7.57  6.57  6.16  6.13  7.06  7.06 10.41 13.58 13.56 17.84 21.99 28.40
 7467.25  7.17  6.21  5.82  5.80  6.69  6.68  9.91 12.96 12.97 17.14 21.24 27.61
 7468.25  6.09  5.26  4.91  4.89  5.67  5.66  8.51 11.24 11.27 15.10 18.98 25.11
 7469.25  6.33  5.46  5.11  5.09  5.89  5.88  8.81 11.58 11.65 15.53 19.49 25.70
 7470.25  7.75  6.74  6.31  6.29  7.24  7.22 10.63 13.72 13.84 18.07 22.32 28.81
 7471.25  7.95  6.92  6.48  6.46  7.43  7.40 10.87 13.97 14.12 18.37 22.67 29.18
 7472.25  6.57  5.69  5.31  5.29  6.13  6.10  9.13 11.87 12.04 15.94 20.00 26.31
 7473.25  5.37  4.63  4.31  4.30  4.99  4.97  7.54  9.90 10.08 13.54 17.27 23.19
 7474.25  5.83  5.03  4.69  4.68  5.43  5.39  8.15 10.63 10.85 14.47 18.38 24.50
 7475.25  5.09  4.39  4.08  4.07  4.74  4.70  7.17  9.38  9.61 12.91 16.56 22.36
 7476.25  5.19  4.48  4.16  4.16  4.84  4.80  7.30  9.53  9.79 13.11 16.81 22.67
 7477.25  7.44  6.47  6.04  6.03  6.96  6.90 10.23 13.02 13.38 17.40 21.72 28.25
 7478.25  8.14  7.10  6.63  6.62  7.62  7.55 11.10 14.00 14.41 18.54 22.99 29.62
 7479.25  8.04  7.02  6.55  6.54  7.53  7.46 10.98 13.83 14.28 18.37 22.82 29.45
 7480.25  6.57  5.70  5.30  5.29  6.14  6.07  9.11 11.61 12.05 15.77 19.97 26.36
 7481.25  4.86  4.19  3.89  3.88  4.53  4.47  6.85  8.85  9.23 12.32 15.96 21.72
 7482.25  5.02  4.33  4.02  4.01  4.68  4.62  7.07  9.10  9.51 12.66 16.38 22.23
 7483.25  6.81  5.92  5.50  5.49  6.37  6.28  9.42 11.92 12.44 16.18 20.48 26.97
 7484.25  6.58  5.72  5.31  5.31  6.16  6.07  9.12 11.56 12.09 15.74 19.98 26.42
 7485.25  4.46  3.85  3.56  3.55  4.16  4.09  6.30  8.12  8.54 11.40 14.88 20.43
 7486.25  5.11  4.42  4.09  4.09  4.77  4.70  7.18  9.20  9.68 12.80 16.58 22.51
 7487.25  7.62  6.65  6.18  6.17  7.14  7.03 10.43 13.05 13.69 17.55 22.04 28.72
 7488.25  8.08  7.07  6.57  6.56  7.59  7.46 11.01 13.70 14.37 18.31 22.88 29.63
 7489.25  7.99  6.98  6.49  6.48  7.50  7.37 10.89 13.55 14.24 18.16 22.72 29.48
 7490.25  7.89  6.90  6.41  6.40  7.41  7.27 10.78 13.40 14.11 18.00 22.56 29.33
 7491.25  8.22  7.20  6.69  6.68  7.73  7.58 11.18 13.84 14.58 18.50 23.12 29.91
 7492.25  8.45  7.41  6.88  6.87  7.94  7.79 11.45 14.13 14.90 18.84 23.49 30.31
 7493.25  8.45  7.41  6.88  6.87  7.95  7.78 11.44 14.12 14.91 18.83 23.49 30.32
 7494.25  7.92  6.93  6.43  6.42  7.44  7.28 10.79 13.37 14.16 17.98 22.59 29.40
 7495.25  6.31  5.49  5.07  5.06  5.91  5.77  8.74 10.99 11.71 15.15 19.45 25.99
 7496.25  6.39  5.57  5.14  5.13  5.99  5.85  8.84 11.11 11.85 15.30 19.63 26.21
 7497.25  8.03  7.04  6.52  6.51  7.56  7.38 10.90 13.48 14.34 18.14 22.79 29.65
 7498.25  8.46  7.43  6.88  6.88  7.97  7.77 11.41 14.05 14.95 18.80 23.51 30.42
 7499.25  8.44  7.42  6.87  6.86  7.95  7.75 11.38 14.01 14.93 18.76 23.48 30.40
 7500.25  8.41  7.39  6.84  6.83  7.92  7.71 11.33 13.94 14.88 18.69 23.42 30.35
 7501.25  8.14  7.15  6.61  6.60  7.68  7.46 11.00 13.57 14.52 18.28 22.99 29.92
 7502.25  8.09  7.10  6.55  6.55  7.63  7.40 10.91 13.47 14.44 18.17 22.89 29.83
 7503.25  8.27  7.27  6.71  6.71  7.82  7.58 11.13 13.71 14.71 18.45 23.20 30.16
 7504.25  8.19  7.20  6.64  6.64  7.76  7.50 11.03 13.59 14.60 18.32 23.07 30.02
 7505.25  8.23  7.23  6.67  6.67  7.80  7.53 11.06 13.62 14.65 18.36 23.13 30.06
 7506.25  8.37  7.36  6.79  6.79  7.95  7.66 11.22 13.79 14.85 18.57 23.36 30.27
 7507.25  8.47  7.46  6.88  6.88  8.06  7.76 11.33 13.91 15.00 18.71 23.52 30.41
 7508.25  8.53  7.51  6.93  6.92  8.13  7.81 11.39 13.97 15.08 18.79 23.62 30.47
 7509.25  8.48  7.47  6.88  6.88  8.09  7.76 11.32 13.89 15.02 18.70 23.54 30.37
 7510.25  8.38  7.38  6.79  6.79  8.00  7.66 11.19 13.73 14.88 18.54 23.38 30.17
 7511.25  8.35  7.36  6.77  6.77  7.99  7.64 11.15 13.68 14.85 18.49 23.34 30.11
 7512.25  8.47  7.46  6.86  6.86  8.11  7.74 11.27 13.82 15.01 18.65 23.53 30.27
 7513.25  8.56  7.55  6.94  6.94  8.22  7.83 11.38 13.93 15.15 18.78 23.69 30.40
 7514.25  8.51  7.50  6.89  6.90  8.18  7.78 11.30 13.84 15.08 18.69 23.61 30.29
 7515.25  8.47  7.47  6.86  6.86  8.15  7.74 11.25 13.78 15.03 18.63 23.55 30.21
 7516.25  8.43  7.44  6.82  6.83  8.13  7.70 11.20 13.71 14.99 18.56 23.50 30.13
 7517.25  8.35  7.37  6.75  6.76  8.06  7.62 11.09 13.58 14.88 18.43 23.37 29.97
 7518.25  7.64  6.73  6.15  6.16  7.39  6.97 10.23 12.60 13.87 17.30 22.16 28.67
 7519.25  6.51  5.71  5.20  5.21  6.30  5.92  8.81 10.96 12.14 15.33 19.97 26.26
 7520.25  7.09  6.24  5.69  5.70  6.88  6.46  9.54 11.80 13.06 16.36 21.15 27.53
 7521.25  8.18  7.23  6.60  6.62  7.95  7.47 10.86 13.31 14.67 18.15 23.14 29.61
 7522.25  8.25  7.30  6.66  6.68  8.03  7.54 10.94 13.39 14.79 18.26 23.27 29.73
 7523.25  7.77  6.87  6.26  6.27  7.58  7.09 10.36 12.72 14.10 17.49 22.45 28.84
 7524.25  5.92  5.21  4.72  4.73  5.78  5.38  8.02 10.00 11.20 14.14 18.63 24.58
 7525.25  3.54  3.10  2.79  2.80  3.46  3.20  4.87  6.17  6.98  9.00 12.25 16.79
 7526.25  2.81  2.46  2.21  2.22  2.75  2.54  3.89  4.93  5.61  7.26  9.98 13.82
 7527.25  4.44  3.90  3.51  3.52  4.35  4.02  6.07  7.63  8.65 11.01 14.84 19.97
 7528.25  7.49  6.64  6.02  6.04  7.37  6.83  9.98 12.26 13.74 16.97 21.95 28.16
 7529.25  8.05  7.16  6.49  6.51  7.93  7.35 10.66 13.04 14.60 17.91 23.01 29.26
 7530.25  7.63  6.79  6.14  6.16  7.54  6.97 10.15 12.47 14.02 17.24 22.30 28.50
 7531.25  7.12  6.32  5.71  5.73  7.04  6.49  9.50 11.73 13.24 16.34 21.31 27.39
 7532.25  5.11  4.51  4.05  4.07  5.06  4.63  6.93  8.69  9.93 12.48 16.76 22.21
 7533.25  4.98  4.41  3.95  3.97  4.95  4.52  6.77  8.50  9.73 12.22 16.46 21.83
 7534.25  7.19  6.41  5.77  5.79  7.15  6.56  9.58 11.82 13.40 16.45 21.47 27.48
 7535.25  8.33  7.46  6.73  6.76  8.30  7.62 10.96 13.41 15.12 18.33 23.57 29.68
 7536.25  8.43  7.56  6.81  6.84  8.41  7.72 11.08 13.54 15.28 18.49 23.75 29.84
 7537.25  8.39  7.53  6.78  6.81  8.39  7.68 11.03 13.49 15.25 18.43 23.70 29.76
 7538.25  8.30  7.45  6.70  6.73  8.31  7.60 10.91 13.37 15.14 18.29 23.57 29.60
 7539.25  8.21  7.37  6.62  6.65  8.23  7.51 10.79 13.24 15.02 18.14 23.43 29.43
 7540.25  8.25  7.42  6.66  6.69  8.30  7.55 10.84 13.30 15.11 18.21 23.52 29.49
 7541.25  7.70  6.92  6.19  6.22  7.76  7.04 10.17 12.54 14.31 17.32 22.56 28.46
 7542.25  6.68  5.99  5.34  5.37  6.75  6.09  8.91 11.09 12.76 15.57 20.60 26.33
 7543.25  7.17  6.44  5.75  5.77  7.26  6.55  9.51 11.79 13.54 16.43 21.59 27.38
 7544.25  8.12  7.32  6.54  6.57  8.24  7.43 10.66 13.10 14.98 17.99 23.34 29.20
 7545.25  8.39  7.58  6.78  6.81  8.53  7.69 10.98 13.47 15.40 18.42 23.81 29.66
 7546.25  8.52  7.70  6.89  6.92  8.68  7.81 11.12 13.63 15.59 18.61 24.03 29.86
 7547.25  8.50  7.69  6.87  6.90  8.68  7.79 11.10 13.61 15.59 18.58 24.02 29.82
 7548.25  8.32  7.53  6.72  6.74  8.51  7.62 10.88 13.36 15.35 18.30 23.73 29.50
 7549.25  8.33  7.55  6.73  6.76  8.55  7.64 10.89 13.38 15.39 18.32 23.77 29.52
 7550.25  8.52  7.73  6.89  6.92  8.76  7.82 11.11 13.63 15.67 18.61 24.10 29.82
 7551.25  8.51  7.73  6.88  6.91  8.77  7.81 11.09 13.61 15.68 18.59 24.09 29.79
 7552.25  8.48  7.70  6.85  6.88  8.75  7.78 11.04 13.56 15.65 18.53 24.05 29.72
 7553.25  8.50  7.73  6.88  6.90  8.80  7.80 11.06 13.59 15.70 18.57 24.11 29.75
 7554.25  8.23  7.48  6.65  6.67  8.54  7.55 10.74 13.23 15.33 18.16 23.68 29.29
 7555.25  8.02  7.29  6.46  6.48  8.34  7.35 10.48 12.94 15.04 17.82 23.33 28.90
 7556.25  8.36  7.61  6.76  6.78  8.71  7.68 10.88 13.39 15.56 18.35 23.92 29.49
 7557.25  8.60  7.84  6.96  6.98  8.97  7.90 11.15 13.71 15.91 18.71 24.33 29.87
 7558.25  7.44  6.76  5.98  6.00  7.79  6.82  9.75 12.11 14.19 16.83 22.26 27.68
 7559.25  5.48  4.95  4.36  4.37  5.77  5.00  7.30  9.22 10.97 13.20 18.01 22.96
 7560.25  5.89  5.33  4.69  4.71  6.21  5.38  7.82  9.84 11.69 14.00 18.99 24.05
 7561.25  7.83  7.12  6.31  6.33  8.26  7.19 10.22 12.66 14.86 17.49 23.06 28.45
 7562.25  8.45  7.70  6.84  6.85  8.92  7.77 10.95 13.50 15.80 18.48 24.17 29.58
 7563.25  8.43  7.67  6.82  6.83  8.91  7.75 10.91 13.46 15.78 18.44 24.15 29.53
 7564.25  8.49  7.73  6.87  6.89  8.99  7.81 10.98 13.54 15.89 18.53 24.28 29.63
 7565.25  8.55  7.79  6.92  6.94  9.08  7.87 11.05 13.62 16.00 18.62 24.42 29.73
 7566.25  8.63  7.86  6.99  7.00  9.18  7.94 11.13 13.71 16.12 18.73 24.57 29.85
 7567.25  8.71  7.93  7.06  7.07  9.28  8.02 11.22 13.82 16.25 18.85 24.73 29.97
 7568.25  8.27  7.52  6.69  6.70  8.84  7.61 10.70 13.23 15.64 18.18 24.04 29.23
 7569.25  7.24  6.56  5.81  5.82  7.77  6.64  9.44 11.80 14.08 16.47 22.17 27.23
 7570.25  7.30  6.61  5.86  5.87  7.85  6.70  9.51 11.88 14.19 16.57 22.32 27.35
 7571.25  8.12  7.38  6.56  6.57  8.74  7.47 10.50 13.02 15.47 17.93 23.88 28.95
 7572.25  6.65  6.02  5.33  5.34  7.20  6.10  8.69 10.91 13.12 15.35 20.93 25.74
 7573.25  3.84  3.45  3.04  3.04  4.18  3.51  5.11  6.55  8.05  9.57 13.68 17.39
 7574.25  3.58  3.22  2.83  2.84  3.91  3.27  4.77  6.12  7.55  8.98 12.90 16.43
 7575.25  5.54  5.00  4.41  4.42  6.05  5.07  7.29  9.24 11.27 13.23 18.47 22.92
 7576.25  6.74  6.10  5.40  5.41  7.36  6.19  8.79 11.05 13.40 15.57 21.37 26.10
 7577.25  7.63  6.92  6.15  6.15  8.33  7.03  9.87 12.33 14.87 17.12 23.19 28.00
 7578.25  8.49  7.72  6.88  6.88  9.26  7.83 10.89 13.50 16.20 18.49 24.75 29.58
 7579.25  8.62  7.83  6.98  6.99  9.41  7.95 11.03 13.67 16.42 18.68 24.99 29.79
 7580.25  8.64  7.85  7.01  7.01  9.46  7.98 11.05 13.70 16.49 18.71 25.06 29.83
 7581.25  8.66  7.87  7.02  7.03  9.50  8.00 11.07 13.73 16.55 18.74 25.13 29.86
 7582.25  8.61  7.82  6.98  6.99  9.46  7.95 11.00 13.66 16.52 18.66 25.08 29.77
 7583.25  8.65  7.86  7.01  7.02  9.52  7.99 11.04 13.71 16.61 18.71 25.18 29.83
 7584.25  8.70  7.90  7.06  7.06  9.59  8.04 11.10 13.78 16.71 18.79 25.29 29.91
 7585.25  8.69  7.89  7.05  7.05  9.60  8.03 11.09 13.76 16.74 18.77 25.31 29.88
 7586.25  8.23  7.47  6.66  6.66  9.13  7.60 10.55 13.15 16.10 18.06 24.56 29.08
 7587.25  6.18  5.57  4.94  4.94  6.90  5.67  8.04 10.21 12.75 14.44 20.36 24.57
 7588.25  5.00  4.49  3.97  3.97  5.62  4.58  6.56  8.40 10.63 12.09 17.44 21.29
 7589.25  6.50  5.86  5.21  5.20  7.29  5.97  8.44 10.68 13.37 15.05 21.15 25.35
 7590.25  8.38  7.60  6.79  6.78  9.36  7.74 10.72 13.35 16.46 18.30 24.94 29.32
 7591.25  8.62  7.81  6.99  6.99  9.63  7.96 10.99 13.67 16.84 18.66 25.37 29.71
 7592.25  8.40  7.61  6.81  6.80  9.40  7.75 10.73 13.36 16.52 18.28 24.94 29.21
 7593.25  7.85  7.11  6.36  6.35  8.81  7.24 10.04 12.53 15.54 17.18 23.53 27.56
 7594.25  6.75  6.10  5.45  5.45  7.61  6.22  8.68 10.87 13.58 15.03 20.78 24.40
 7595.25  5.95  5.36  4.79  4.78  6.72  5.47  7.66  9.63 12.11 13.40 18.66 21.96
 7596.25  5.82  5.25  4.69  4.68  6.59  5.35  7.49  9.40 11.83 13.05 18.16 21.31
 7597.25  6.16  5.56  4.98  4.97  6.97  5.67  7.89  9.88 12.40 13.62 18.84 21.99
 7598.25  5.79  5.22  4.67  4.67  6.58  5.33  7.44  9.33 11.78 12.92 17.98 21.01
 7599.25  3.87  3.47  3.09  3.08  4.44  3.54  5.05  6.46  8.35  9.23 13.39 15.95
 7600.25  2.35  2.10  1.86  1.86  2.72  2.15  3.11  4.02  5.30  5.89  8.85 10.74
 7601.25  2.73  2.44  2.17  2.16  3.16  2.49  3.59  4.63  6.09  6.74 10.05 12.09
 7602.25  4.31  3.87  3.46  3.45  4.96  3.96  5.58  7.08  9.12  9.97 14.23 16.69
 7603.25  5.28  4.75  4.27  4.26  6.04  4.86  6.76  8.48 10.79 11.71 16.33 18.90
 7604.25  5.28  4.75  4.27  4.27  6.06  4.86  6.76  8.46 10.76 11.65 16.23 18.73
 7605.25  5.38  4.84  4.35  4.35  6.18  4.95  6.88  8.62 11.00 11.88 16.57 19.09
 7606.25  5.40  4.86  4.37  4.37  6.22  4.97  6.91  8.65 11.06 11.92 16.64 19.14
 7607.25  5.41  4.86  4.38  4.37  6.24  4.98  6.92  8.68 11.13 11.98 16.77 19.28
 7608.25  5.69  5.12  4.61  4.60  6.57  5.24  7.27  9.10 11.67 12.53 17.52 20.09
 7609.25  5.65  5.07  4.57  4.56  6.53  5.19  7.22  9.04 11.62 12.45 17.43 19.96
 7610.25  5.67  5.09  4.59  4.58  6.58  5.21  7.26  9.10 11.75 12.58 17.69 20.25
 7611.25  6.09  5.47  4.93  4.92  7.08  5.60  7.79  9.76 12.60 13.45 18.88 21.56
 7612.25  5.84  5.23  4.72  4.71  6.80  5.36  7.47  9.37 12.15 12.96 18.27 20.87
 7613.25  6.22  5.58  5.03  5.02  7.25  5.71  7.95  9.98 12.95 13.78 19.43 22.14
 7614.25  7.09  6.37  5.75  5.74  8.26  6.52  9.02 11.26 14.54 15.42 21.55 24.42
 7615.25  6.71  6.02  5.44  5.43  7.84  6.17  8.56 10.71 13.92 14.74 20.73 23.50
 7616.25  7.26  6.51  5.89  5.88  8.50  6.68  9.25 11.57 15.03 15.88 22.31 25.23
 7617.25  8.85  7.96  7.22  7.22 10.32  8.16 11.18 13.86 17.84 18.77 25.98 29.17
 7618.25  8.84  7.94  7.20  7.19 10.34  8.14 11.19 13.92 18.02 18.94 26.38 29.64
 7619.25  6.38  5.68  5.12  5.11  7.57  5.84  8.24 10.47 13.99 14.76 21.53 24.56
 7620.25  4.60  4.08  3.66  3.66  5.49  4.19  5.99  7.71 10.51 11.11 16.73 19.28
 7621.25  5.29  4.70  4.24  4.23  6.29  4.84  6.86  8.75 11.81 12.42 18.35 20.96
 7622.25  6.63  5.91  5.34  5.34  7.81  6.07  8.49 10.71 14.23 14.89 21.44 24.20
 7623.25  5.54  4.94  4.45  4.45  6.55  5.07  7.14  9.05 12.15 12.71 18.53 20.99
 7624.25  4.73  4.20  3.78  3.78  5.60  4.32  6.12  7.82 10.62 11.10 16.48 18.75
 7625.25  6.25  5.57  5.03  5.03  7.34  5.72  8.01 10.12 13.57 14.11 20.47 23.06
 7626.25  7.07  6.32  5.73  5.73  8.25  6.49  8.99 11.27 14.95 15.47 22.06 24.67
 7627.25  5.47  4.88  4.40  4.40  6.41  5.01  7.02  8.88 12.00 12.39 18.05 20.30
 7628.25  5.41  4.81  4.34  4.34  6.33  4.95  6.95  8.80 11.99 12.32 18.07 20.33
 7629.25  5.91  5.26  4.75  4.75  6.92  5.41  7.61  9.67 13.25 13.58 20.03 22.55
 7630.25  3.86  3.42  3.07  3.07  4.55  3.52  5.05  6.52  9.21  9.43 14.57 16.65
 7631.25  2.87  2.53  2.27  2.27  3.38  2.61  3.76  4.88  6.98  7.12 11.17 12.81
 7632.25  4.60  4.08  3.67  3.68  5.37  4.19  5.95  7.60 10.65 10.78 16.24 18.32
 7633.25  7.73  6.92  6.28  6.28  8.90  7.10  9.79 12.22 16.52 16.65 23.78 26.35
 7634.25  7.61  6.81  6.18  6.19  8.76  6.99  9.65 12.04 16.34 16.42 23.50 26.02
 7635.25  5.43  4.83  4.36  4.37  6.28  4.96  6.98  8.83 12.32 12.34 18.25 20.38
 7636.25  5.43  4.83  4.36  4.37  6.27  4.96  6.98  8.83 12.37 12.33 18.27 20.37
 7637.25  8.04  7.20  6.55  6.56  9.18  7.39 10.16 12.61 17.19 17.08 24.36 26.84
 7638.25  8.87  7.97  7.25  7.27 10.10  8.17 11.16 13.78 18.68 18.52 26.17 28.74
 7639.25  6.49  5.79  5.24  5.26  7.45  5.95  8.30 10.43 14.57 14.38 21.05 23.30
 7640.25  5.29  4.70  4.25  4.26  6.08  4.84  6.82  8.64 12.30 12.09 18.08 20.10
 7641.25  6.94  6.20  5.62  5.64  7.93  6.37  8.86 11.11 15.58 15.26 22.29 24.58
 7642.25  8.90  7.99  7.27  7.30 10.09  8.20 11.24 13.91 19.16 18.75 26.75 29.30
 7643.25  7.78  6.96  6.31  6.34  8.85  7.15  9.91 12.37 17.34 16.90 24.57 27.00
 7644.25  5.77  5.13  4.64  4.66  6.59  5.28  7.44  9.41 13.55 13.13 19.69 21.79
 7645.25  5.95  5.30  4.79  4.82  6.78  5.45  7.66  9.67 13.94 13.46 20.11 22.20
 7646.25  8.04  7.20  6.54  6.57  9.10  7.40 10.24 12.75 17.99 17.35 25.22 27.61
 7647.25  8.97  8.05  7.32  7.36 10.12  8.26 11.37 14.09 19.77 19.04 27.43 29.93
 7648.25  7.67  6.86  6.22  6.26  8.68  7.05  9.81 12.26 17.52 16.79 24.65 27.00
 7649.25  6.22  5.54  5.01  5.05  7.05  5.70  8.02 10.11 14.73 14.04 21.04 23.12
 7650.25  6.69  5.97  5.41  5.45  7.56  6.14  8.60 10.81 15.72 14.93 22.25 24.39
 7651.25  8.48  7.60  6.90  6.95  9.52  7.80 10.79 13.41 19.18 18.22 26.58 28.94
 7652.25  9.06  8.13  7.39  7.45 10.15  8.35 11.51 14.27 20.35 19.29 28.01 30.45
 7653.25  7.86  7.02  6.37  6.42  8.82  7.22 10.06 12.58 18.28 17.24 25.50 27.80
 7654.25  5.91  5.26  4.74  4.79  6.66  5.41  7.67  9.72 14.58 13.63 20.90 22.94
 7655.25  5.15  4.57  4.12  4.16  5.82  4.71  6.74  8.61 13.20 12.25 19.23 21.20
 7656.25  6.91  6.16  5.56  5.62  7.76  6.33  8.95 11.30 16.94 15.75 23.99 26.23
 7657.25  8.87  7.95  7.22  7.29  9.89  8.17 11.32 14.07 20.50 19.12 28.11 30.46
 7658.25  8.49  7.61  6.90  6.97  9.46  7.82 10.86 13.52 19.83 18.42 27.23 29.51
 7659.25  7.47  6.68  6.04  6.11  8.32  6.86  9.60 12.02 17.87 16.51 24.73 26.84
 7660.25  7.46  6.67  6.04  6.11  8.29  6.85  9.59 11.99 17.84 16.44 24.61 26.67
 7661.25  8.66  7.77  7.05  7.13  9.58  7.98 11.05 13.72 20.18 18.60 27.43 29.60
 7662.25  9.11  8.18  7.43  7.52 10.06  8.40 11.63 14.42 21.23 19.52 28.77 31.01
 7663.25  7.04  6.28  5.66  5.74  7.80  6.45  9.15 11.56 17.76 16.13 24.89 27.05
 7664.25  4.85  4.30  3.86  3.92  5.39  4.43  6.40  8.21 13.16 11.79 19.11 20.97
 7665.25  5.10  4.53  4.07  4.13  5.65  4.66  6.71  8.58 13.67 12.24 19.64 21.47
 7666.25  7.49  6.70  6.06  6.14  8.23  6.89  9.69 12.14 18.54 16.74 25.46 27.49
 7667.25  9.14  8.21  7.45  7.55  9.97  8.43 11.67 14.46 21.56 19.55 28.95 31.07
 7668.25  9.25  8.31  7.54  7.65 10.07  8.53 11.82 14.64 21.91 19.80 29.37 31.50
 7669.25  8.87  7.96  7.21  7.32  9.64  8.17 11.37 14.13 21.34 19.20 28.70 30.79
 7670.25  8.42  7.55  6.83  6.94  9.13  7.75 10.81 13.46 20.47 18.34 27.57 29.58
 7671.25  8.25  7.40  6.69  6.81  8.93  7.60 10.61 13.20 20.15 18.00 27.11 29.06
 7672.25  8.78  7.88  7.13  7.26  9.47  8.09 11.25 13.96 21.23 18.94 28.36 30.35
 7673.25  9.24  8.30  7.52  7.65  9.93  8.52 11.82 14.63 22.20 19.78 29.49 31.53
 7674.25  8.93  8.01  7.25  7.38  9.59  8.23 11.47 14.25 21.84 19.36 29.08 31.15
 7675.25  8.64  7.75  7.00  7.14  9.26  7.96 11.13 13.86 21.43 18.90 28.51 30.60
 7676.25  8.56  7.67  6.94  7.08  9.15  7.89 11.01 13.70 21.25 18.65 28.08 30.14
 7677.25  8.55  7.66  6.93  7.08  9.11  7.88 11.00 13.66 21.28 18.58 27.91 29.95
 7678.25  8.96  8.04  7.27  7.43  9.51  8.26 11.50 14.25 22.18 19.29 28.82 30.90
 7679.25  9.29  8.35  7.56  7.72  9.84  8.58 11.91 14.74 22.97 19.90 29.60 31.72
 7680.25  9.19  8.25  7.46  7.63  9.71  8.48 11.80 14.61 22.97 19.77 29.48 31.61
 7681.25  9.03  8.10  7.32  7.49  9.52  8.33 11.61 14.40 22.82 19.52 29.18 31.30
 7682.25  8.57  7.68  6.94  7.10  9.02  7.91 11.07 13.77 22.12 18.76 28.26 30.35
 7683.25  7.73  6.91  6.22  6.38  8.13  7.12 10.06 12.60 20.74 17.37 26.60 28.66
 7684.25  7.71  6.88  6.20  6.36  8.08  7.10 10.04 12.59 20.88 17.38 26.66 28.73
 7685.25  8.28  7.40  6.68  6.85  8.65  7.63 10.74 13.41 22.10 18.38 27.89 30.00
 7686.25  8.13  7.27  6.55  6.73  8.48  7.49 10.57 13.22 21.99 18.15 27.65 29.76
 7687.25  7.71  6.88  6.20  6.37  8.02  7.10 10.07 12.63 21.35 17.45 26.82 28.92
 7688.25  7.20  6.42  5.77  5.93  7.47  6.62  9.44 11.89 20.45 16.55 25.70 27.77
 7689.25  6.94  6.18  5.56  5.72  7.18  6.38  9.12 11.51 20.00 16.06 25.04 27.09
 7690.25  7.25  6.46  5.81  5.98  7.48  6.67  9.50 11.95 20.73 16.60 25.71 27.76
 7691.25  7.81  6.97  6.28  6.46  8.03  7.20 10.20 12.77 21.98 17.61 26.94 29.04
 7692.25  7.91  7.06  6.37  6.55  8.11  7.29 10.33 12.93 22.31 17.80 27.18 29.29
 7693.25  7.29  6.50  5.85  6.02  7.46  6.71  9.58 12.05 21.25 16.74 25.91 27.99
 7694.25  6.97  6.20  5.58  5.75  7.11  6.41  9.18 11.58 20.70 16.16 25.19 27.25
 7695.25  7.61  6.79  6.11  6.30  7.74  7.01  9.97 12.50 22.07 17.28 26.51 28.60
 7696.25  8.11  7.25  6.54  6.74  8.23  7.49 10.59 13.21 23.10 18.12 27.46 29.55
 7697.25  8.22  7.35  6.63  6.84  8.31  7.59 10.72 13.37 23.43 18.32 27.68 29.79
 7698.25  8.22  7.36  6.64  6.84  8.30  7.60 10.74 13.39 23.60 18.35 27.74 29.86
 7699.25  8.14  7.29  6.57  6.78  8.19  7.53 10.65 13.29 23.59 18.24 27.61 29.73
 7700.25  7.44  6.65  5.98  6.18  7.47  6.87  9.80 12.30 22.39 17.06 26.22 28.31
 7701.25  6.38  5.68  5.09  5.27  6.39  5.87  8.47 10.73 20.22 15.10 23.77 25.79
 7702.25  6.56  5.85  5.25  5.43  6.57  6.05  8.71 11.01 20.74 15.46 24.21 26.24
 7703.25  7.83  7.01  6.31  6.52  7.82  7.24 10.29 12.86 23.46 17.73 26.95 29.05
 7704.25  8.49  7.61  6.87  7.10  8.46  7.86 11.09 13.78 24.78 18.82 28.20 30.31
 7705.25  8.56  7.68  6.93  7.16  8.52  7.93 11.18 13.89 25.05 18.95 28.35 30.47
 7706.25  8.61  7.73  6.98  7.22  8.56  7.99 11.25 13.97 25.27 19.05 28.45 30.57
 7707.25  8.82  7.92  7.16  7.41  8.75  8.19 11.51 14.25 25.74 19.38 28.80 30.93
 7708.25  9.00  8.09  7.31  7.57  8.92  8.36 11.73 14.50 26.15 19.66 29.09 31.22
 7709.25  9.03  8.12  7.34  7.60  8.94  8.40 11.77 14.55 26.31 19.71 29.14 31.26
 7710.25  8.96  8.06  7.28  7.54  8.85  8.33 11.69 14.45 26.31 19.60 29.00 31.12
 7711.25  8.79  7.90  7.14  7.40  8.67  8.17 11.50 14.24 26.16 19.36 28.73 30.86
 7712.25  7.77  6.96  6.27  6.51  7.64  7.21 10.26 12.82 24.42 17.70 26.83 28.93
 7713.25  4.53  4.03  3.60  3.75  4.44  4.18  6.13  7.84 16.48 11.28 18.32 20.04
 7714.25  2.70  2.40  2.14  2.23  2.65  2.49  3.69  4.77 10.57  7.00 11.79 13.01
 7715.25  2.94  2.61  2.33  2.43  2.87  2.71  4.02  5.18 11.49  7.59 12.72 14.02
 7716.25  4.31  3.83  3.42  3.57  4.20  3.98  5.86  7.50 16.19 10.85 17.71 19.41
 7717.25  3.80  3.38  3.02  3.15  3.70  3.51  5.18  6.65 14.62  9.67 15.94 17.51
 7718.25  2.90  2.57  2.30  2.40  2.82  2.67  3.97  5.12 11.55  7.50 12.56 13.85
 7719.25  2.64  2.35  2.10  2.19  2.57  2.44  3.63  4.68 10.68  6.88 11.55 12.75
 7720.25  3.44  3.06  2.73  2.86  3.33  3.18  4.70  6.05 13.61  8.82 14.60 16.06
 7721.25  5.62  5.02  4.50  4.70  5.44  5.21  7.59  9.64 20.43 13.69 21.63 23.55
 7722.25  7.87  7.08  6.37  6.65  7.62  7.32 10.44 13.04 25.83 17.98 27.05 29.16
 7723.25  8.20  7.38  6.65  6.94  7.92  7.63 10.85 13.51 26.56 18.53 27.68 29.80
 7724.25  7.52  6.76  6.09  6.35  7.25  7.00 10.02 12.56 25.34 17.39 26.33 28.42
 7725.25  5.80  5.19  4.66  4.87  5.57  5.38  7.84  9.97 21.33 14.13 22.20 24.16
 7726.25  5.41  4.84  4.34  4.54  5.19  5.02  7.34  9.36 20.27 13.34 21.14 23.04
 7727.25  5.20  4.65  4.17  4.36  4.98  4.82  7.07  9.03 19.61 12.89 20.50 22.38
 7728.25  4.62  4.13  3.70  3.87  4.41  4.28  6.31  8.09 17.83 11.63 18.70 20.48
 7729.25  6.02  5.40  4.84  5.07  5.74  5.59  8.13 10.33 21.67 14.57 22.68 24.70
 7730.25  8.03  7.24  6.53  6.82  7.66  7.48 10.67 13.34 26.13 18.30 27.25 29.44
 7731.25  8.22  7.42  6.69  6.99  7.83  7.66 10.90 13.61 26.43 18.62 27.57 29.80
 7732.25  8.08  7.30  6.58  6.88  7.69  7.54 10.74 13.43 26.12 18.41 27.29 29.54
 7733.25  8.34  7.54  6.80  7.11  7.92  7.78 11.06 13.80 26.52 18.83 27.73 30.02
 7734.25  8.48  7.67  6.92  7.24  8.04  7.92 11.23 14.00 26.71 19.06 27.94 30.27
 7735.25  8.02  7.25  6.53  6.84  7.58  7.48 10.67 13.37 25.81 18.32 27.06 29.41
 7736.25  7.23  6.51  5.86  6.14  6.81  6.73  9.69 12.23 24.15 16.94 25.41 27.74
 7737.25  6.71  6.04  5.43  5.69  6.30  6.24  9.03 11.45 22.94 15.99 24.20 26.53
 7738.25  7.02  6.33  5.69  5.97  6.59  6.54  9.44 11.94 23.58 16.58 24.88 27.26
 7739.25  8.11  7.33  6.62  6.93  7.61  7.57 10.79 13.52 25.72 18.49 27.08 29.56
 7740.25  8.49  7.69  6.94  7.27  7.96  7.93 11.25 14.06 26.35 19.11 27.75 30.26
 7741.25  8.03  7.27  6.56  6.87  7.51  7.49 10.66 13.34 25.03 18.17 26.40 28.84
 7742.25  7.62  6.89  6.22  6.52  7.12  7.11 10.17 12.78 24.24 17.51 25.62 28.08
 7743.25  7.72  6.98  6.30  6.60  7.20  7.20 10.29 12.92 24.36 17.68 25.78 28.28
 7744.25  8.33  7.55  6.82  7.15  7.77  7.78 11.04 13.79 25.41 18.69 26.88 29.43
 7745.25  8.59  7.80  7.05  7.39  8.02  8.03 11.36 14.16 25.82 19.12 27.31 29.90
 7746.25  8.38  7.60  6.88  7.20  7.81  7.83 11.11 13.89 25.42 18.81 26.94 29.56
 7747.25  7.96  7.22  6.52  6.83  7.40  7.44 10.61 13.32 24.63 18.16 26.18 28.82
 7748.25  7.91  7.16  6.47  6.78  7.34  7.38 10.54 13.25 24.48 18.08 26.05 28.73
 7749.25  8.17  7.41  6.70  7.02  7.58  7.63 10.87 13.63 24.91 18.53 26.51 29.23
 7750.25  6.62  5.98  5.39  5.65  6.12  6.17  8.93 11.35 21.65 15.77 23.21 25.85
 7751.25  3.66  3.29  2.94  3.10  3.36  3.39  5.04  6.55 13.51  9.43 14.67 16.67
 7752.25  2.19  1.96  1.75  1.85  2.00  2.03  3.03  3.97  8.42  5.80  9.20 10.57
 7753.25  2.21  1.98  1.77  1.86  2.02  2.04  3.06  4.01  8.46  5.85  9.26 10.65
 7754.25  4.00  3.60  3.22  3.39  3.66  3.71  5.50  7.14 14.41 10.24 15.70 17.89
 7755.25  7.27  6.59  5.94  6.23  6.69  6.78  9.77 12.38 22.81 17.05 24.55 27.43
 7756.25  8.56  7.79  7.04  7.38  7.89  8.01 11.37 14.25 25.23 19.26 27.05 30.03
 7757.25  8.36  7.60  6.87  7.20  7.69  7.82 11.13 13.97 24.81 18.95 26.67 29.67
 7758.25  7.43  6.74  6.07  6.37  6.81  6.93  9.98 12.65 23.01 17.39 24.86 27.85
 7759.25  7.12  6.45  5.81  6.10  6.52  6.65  9.60 12.21 22.34 16.86 24.20 27.20
 7760.25  6.79  6.15  5.53  5.81  6.20  6.33  9.17 11.70 21.52 16.23 23.38 26.37
 7761.25  4.17  3.76  3.36  3.54  3.78  3.87  5.74  7.47 14.65 10.70 16.13 18.57
 7762.25  3.27  2.94  2.63  2.77  2.96  3.03  4.52  5.92 11.81  8.56 13.08 15.18
 7763.25  4.67  4.21  3.77  3.97  4.23  4.35  6.42  8.32 16.00 11.85 17.63 20.28
 7764.25  7.73  7.02  6.33  6.65  7.05  7.23 10.37 13.13 23.21 17.97 25.25 28.46
 7765.25  8.82  8.03  7.26  7.62  8.05  8.26 11.70 14.67 25.12 19.78 27.24 30.53
 7766.25  8.92  8.13  7.35  7.71  8.13  8.36 11.82 14.81 25.22 19.94 27.37 30.70
 7767.25  9.01  8.22  7.43  7.79  8.21  8.45 11.93 14.94 25.31 20.10 27.49 30.86
 7768.25  9.05  8.25  7.46  7.83  8.23  8.49 11.98 14.98 25.31 20.17 27.52 30.93
 7769.25  8.92  8.14  7.35  7.71  8.11  8.37 11.83 14.81 25.04 19.99 27.29 30.73
 7770.25  8.60  7.84  7.07  7.43  7.80  8.06 11.44 14.36 24.45 19.50 26.71 30.18
 7771.25  8.35  7.61  6.86  7.21  7.56  7.83 11.14 14.01 23.96 19.11 26.25 29.74
 7772.25  8.55  7.79  7.03  7.38  7.73  8.01 11.38 14.28 24.22 19.44 26.55 30.09
 7773.25  7.58  6.89  6.20  6.52  6.82  7.09 10.19 12.88 22.36 17.80 24.67 28.18
 7774.25  5.84  5.28  4.73  4.99  5.22  5.45  7.96 10.21 18.48 14.47 20.62 23.91
 7775.25  4.67  4.22  3.78  3.98  4.17  4.36  6.43  8.31 15.42 11.97 17.35 20.34
 7776.25  5.03  4.55  4.07  4.29  4.48  4.69  6.90  8.89 16.31 12.77 18.36 21.50
 7777.25  6.75  6.13  5.50  5.79  6.03  6.31  9.14 11.62 20.37 16.32 22.74 26.29
 7778.25  8.27  7.53  6.79  7.14  7.41  7.75 11.04 13.84 23.29 19.04 25.84 29.57
 7779.25  9.02  8.24  7.44  7.82  8.10  8.48 11.96 14.88 24.50 20.26 27.12 30.91
 7780.25  8.55  7.80  7.03  7.39  7.65  8.02 11.39 14.22 23.62 19.52 26.27 30.08
 7781.25  6.05  5.48  4.91  5.18  5.37  5.65  8.23 10.49 18.43 14.92 20.85 24.38
 7782.25  4.10  3.71  3.31  3.49  3.62  3.82  5.66  7.30 13.37 10.68 15.35 18.29
 7783.25  4.53  4.10  3.66  3.86  4.01  4.23  6.24  8.02 14.49 11.68 16.65 19.78
 7784.25  7.06  6.42  5.76  6.07  6.28  6.61  9.54 12.03 20.44 16.94 23.18 26.95
 7785.25  8.55  7.81  7.03  7.39  7.63  8.03 11.40 14.20 23.23 19.58 26.17 30.10
 7786.25  8.42  7.68  6.91  7.27  7.50  7.90 11.23 14.00 22.91 19.37 25.91 29.85
 7787.25  8.03  7.32  6.58  6.92  7.14  7.53 10.76 13.45 22.14 18.73 25.18 29.10
 7788.25  7.92  7.22  6.49  6.82  7.04  7.43 10.62 13.28 21.85 18.55 24.95 28.88
 7789.25  8.09  7.38  6.63  6.97  7.19  7.60 10.83 13.52 22.08 18.85 25.26 29.22
 7790.25  8.25  7.54  6.77  7.12  7.33  7.75 11.04 13.74 22.29 19.14 25.55 29.53
 7791.25  8.02  7.32  6.57  6.91  7.11  7.53 10.75 13.40 21.78 18.75 25.09 29.07
 7792.25  7.09  6.46  5.78  6.08  6.26  6.65  9.58 12.03 19.90 17.09 23.16 27.07
 7793.25  6.60  6.01  5.37  5.65  5.82  6.19  8.96 11.29 18.81 16.17 22.06 25.92
 7794.25  6.03  5.48  4.89  5.15  5.30  5.64  8.21 10.38 17.43 15.00 20.60 24.34
 7795.25  3.36  3.04  2.70  2.85  2.94  3.13  4.65  5.96 10.46  8.90 12.67 15.34
 7796.25  2.38  2.16  1.91  2.02  2.08  2.22  3.31  4.26  7.55  6.43  9.24 11.30
 7797.25  3.30  2.99  2.65  2.80  2.89  3.09  4.58  5.86 10.20  8.78 12.46 15.14
 7798.25  6.57  5.99  5.34  5.63  5.78  6.17  8.91 11.18 18.23 16.06 21.74 25.67
 7799.25  8.66  7.94  7.11  7.47  7.66  8.16 11.54 14.24 22.19 19.86 26.10 30.31
 7800.25  8.87  8.13  7.28  7.65  7.84  8.35 11.78 14.51 22.43 20.19 26.42 30.67
 7801.25  9.00  8.26  7.40  7.77  7.96  8.49 11.94 14.68 22.56 20.40 26.62 30.90
 7802.25  9.20  8.45  7.57  7.95  8.14  8.69 12.18 14.94 22.78 20.72 26.94 31.24
 7803.25  9.31  8.55  7.67  8.05  8.23  8.80 12.31 15.07 22.86 20.88 27.09 31.42
 7804.25  9.17  8.42  7.54  7.92  8.10  8.67 12.15 14.88 22.55 20.68 26.85 31.20
 7805.25  8.88  8.15  7.29  7.66  7.83  8.40 11.80 14.49 22.01 20.24 26.36 30.72
 7806.25  8.86  8.14  7.27  7.64  7.81  8.38 11.78 14.45 21.89 20.22 26.31 30.70
 7807.25  9.10  8.36  7.47  7.85  8.01  8.61 12.06 14.76 22.17 20.59 26.67 31.10
 7808.25  8.45  7.75  6.91  7.27  7.42  8.00 11.28 13.86 21.01 19.55 25.53 29.95
 7809.25  5.67  5.18  4.58  4.83  4.94  5.35  7.75  9.71 15.42 14.28 19.35 23.31
 7810.25  3.61  3.29  2.90  3.06  3.13  3.41  5.00  6.34 10.36  9.59 13.35 16.44
 7811.25  3.92  3.57  3.14  3.32  3.39  3.69  5.42  6.85 11.08 10.33 14.30 17.58
 7812.25  6.43  5.88  5.21  5.49  5.59  6.09  8.74 10.87 16.82 15.86 21.20 25.43
 7813.25  8.13  7.46  6.63  6.98  7.10  7.71 10.90 13.38 20.02 19.06 24.87 29.39
 7814.25  8.17  7.51  6.67  7.02  7.14  7.76 10.96 13.44 20.01 19.14 24.94 29.49
 7815.25  8.22  7.55  6.70  7.05  7.17  7.81 11.02 13.50 19.99 19.22 24.99 29.58
 7816.25  8.01  7.36  6.53  6.87  6.98  7.61 10.76 13.20 19.53 18.87 24.58 29.18
 7817.25  7.74  7.11  6.30  6.63  6.74  7.36 10.43 12.82 18.97 18.41 24.05 28.64
 7818.25  8.09  7.44  6.59  6.93  7.04  7.70 10.86 13.30 19.48 19.01 24.69 29.34
 7819.25  8.75  8.07  7.16  7.52  7.63  8.35 11.68 14.22 20.50 20.11 25.87 30.59
 7820.25  8.41  7.75  6.86  7.22  7.32  8.02 11.27 13.74 19.84 19.56 25.24 29.97
 7821.25  7.01  6.44  5.67  5.98  6.06  6.67  9.51 11.71 17.22 17.05 22.39 26.97
 7822.25  4.04  3.69  3.23  3.41  3.46  3.83  5.59  7.00 10.66 10.61 14.44 17.93
 7823.25  2.29  2.10  1.83  1.93  1.96  2.18  3.20  4.04  6.23  6.24  8.64 10.92
 7824.25  2.44  2.23  1.94  2.05  2.08  2.32  3.40  4.28  6.56  6.61  9.13 11.55
 7825.25  4.73  4.34  3.79  4.00  4.06  4.51  6.52  8.12 12.08 12.22 16.42 20.32
 7826.25  7.99  7.37  6.49  6.82  6.91  7.63 10.75 13.11 18.61 18.85 24.31 29.14
 7827.25  8.61  7.96  7.02  7.37  7.46  8.24 11.53 13.98 19.63 19.92 25.45 30.37
 7828.25  8.91  8.24  7.27  7.63  7.72  8.53 11.88 14.37 20.05 20.39 25.94 30.89
 7829.25  8.92  8.25  7.28  7.63  7.73  8.55 11.90 14.38 20.03 20.41 25.93 30.91
 7830.25  8.12  7.51  6.60  6.92  7.01  7.78 10.92 13.28 18.69 19.10 24.49 29.44
 7831.25  7.86  7.26  6.37  6.69  6.77  7.53 10.60 12.90 18.21 18.65 23.96 28.92
 7832.25  8.56  7.93  6.97  7.30  7.39  8.21 11.47 13.88 19.34 19.84 25.24 30.28
 7833.25  9.18  8.52  7.51  7.86  7.94  8.82 12.23 14.71 20.28 20.83 26.28 31.37
 7834.25  9.19  8.53  7.51  7.86  7.95  8.83 12.24 14.72 20.25 20.85 26.27 31.39
 7835.25  8.54  7.92  6.95  7.28  7.36  8.21 11.45 13.83 19.20 19.82 25.14 30.25
 7836.25  8.27  7.67  6.72  7.04  7.11  7.95 11.12 13.46 18.72 19.38 24.64 29.76
 7837.25  8.71  8.09  7.09  7.42  7.50  8.38 11.66 14.05 19.39 20.10 25.39 30.56
 7838.25  9.27  8.63  7.58  7.92  8.00  8.94 12.34 14.80 20.22 20.99 26.32 31.53
 7839.25  9.42  8.77  7.70  8.05  8.12  9.08 12.52 14.99 20.40 21.21 26.54 31.77
 7840.25  9.17  8.53  7.48  7.82  7.89  8.84 12.22 14.65 19.98 20.83 26.12 31.36
 7841.25  8.26  7.68  6.71  7.01  7.08  7.97 11.12 13.41 18.50 19.36 24.52 29.71
 7842.25  5.42  5.02  4.35  4.55  4.60  5.22  7.47  9.17 13.10 13.83 18.11 22.64
 7843.25  3.72  3.44  2.96  3.11  3.14  3.58  5.18  6.41  9.32  9.90 13.21 16.87
 7844.25  4.50  4.16  3.59  3.76  3.80  4.33  6.24  7.68 11.06 11.76 15.54 19.67
 7845.25  7.60  7.07  6.15  6.42  6.48  7.35 10.29 12.43 17.17 18.17 23.12 28.27
 7846.25  9.22  8.61  7.53  7.85  7.91  8.94 12.30 14.69 19.83 20.94 26.14 31.47
 7847.25  9.23  8.63  7.54  7.85  7.91  8.96 12.32 14.70 19.80 20.96 26.15 31.49
 7848.25  9.27  8.66  7.56  7.88  7.94  9.00 12.36 14.74 19.82 21.02 26.20 31.56
 7849.25  9.17  8.58  7.48  7.79  7.85  8.91 12.25 14.61 19.63 20.88 26.03 31.40
 7850.25  7.81  7.28  6.31  6.59  6.63  7.58 10.56 12.72 17.37 18.60 23.53 28.81
 7851.25  5.86  5.45  4.69  4.90  4.94  5.69  8.06  9.82 13.73 14.83 19.20 24.05
 7852.25  5.57  5.18  4.45  4.65  4.68  5.41  7.68  9.36 13.12 14.22 18.45 23.22
 7853.25  5.79  5.39  4.64  4.84  4.87  5.63  7.97  9.71 13.53 14.70 19.01 23.86
 7854.25  3.55  3.30  2.82  2.95  2.97  3.45  4.95  6.09  8.65  9.49 12.54 16.16
 7855.25  2.24  2.08  1.77  1.85  1.87  2.18  3.14  3.87  5.55  6.12  8.18 10.69
 7856.25  2.56  2.38  2.03  2.12  2.14  2.50  3.59  4.43  6.31  6.98  9.29 12.12
 7857.25  5.14  4.80  4.11  4.29  4.31  5.02  7.10  8.65 12.02 13.22 17.12 21.69
 7858.25  8.17  7.66  6.62  6.88  6.91  7.99 11.01 13.20 17.70 19.30 24.17 29.65
 7859.25  6.70  6.27  5.38  5.60  5.63  6.55  9.14 11.05 15.06 16.57 21.09 26.31
 7860.25  5.53  5.16  4.42  4.60  4.62  5.41  7.61  9.27 12.78 14.17 18.27 23.14
 7861.25  5.31  4.96  4.25  4.42  4.44  5.20  7.32  8.92 12.30 13.69 17.67 22.46
 7862.25  3.71  3.47  2.96  3.08  3.09  3.64  5.17  6.34  8.85  9.94 13.02 16.88
 7863.25  3.59  3.36  2.86  2.97  2.99  3.52  5.00  6.14  8.56  9.64 12.64 16.42
 7864.25  5.93  5.56  4.76  4.94  4.96  5.82  8.12  9.86 13.39 14.98 19.12 24.15
 7865.25  8.73  8.22  7.11  7.36  7.38  8.60 11.68 13.94 18.30 20.26 25.07 30.71
 7866.25  9.15  8.63  7.47  7.72  7.75  9.02 12.18 14.50 18.90 20.93 25.76 31.44
 7867.25  9.15  8.63  7.47  7.72  7.74  9.02 12.18 14.50 18.86 20.95 25.76 31.46
 7868.25  7.89  7.43  6.40  6.62  6.64  7.79 10.63 12.77 16.82 18.84 23.47 29.07
 7869.25  5.41  5.08  4.34  4.49  4.51  5.34  7.44  9.07 12.25 13.94 17.83 22.78
 7870.25  4.92  4.62  3.94  4.07  4.09  4.86  6.78  8.29 11.23 12.85 16.52 21.25
 7871.25  5.40  5.08  4.33  4.48  4.49  5.34  7.42  9.06 12.18 13.95 17.81 22.80
 7872.25  3.64  3.42  2.90  3.00  3.01  3.60  5.05  6.21  8.45  9.78 12.70 16.62
 7873.25  3.30  3.10  2.63  2.72  2.73  3.27  4.58  5.65  7.68  8.94 11.63 15.29
 7874.25  5.38  5.07  4.32  4.46  4.47  5.33  7.38  9.00 11.99 13.85 17.62 22.58
 7875.25  8.48  8.02  6.90  7.11  7.13  8.42 11.34 13.58 17.51 19.90 24.49 30.29
 7876.25  9.15  8.68  7.49  7.70  7.72  9.10 12.16 14.49 18.52 21.00 25.65 31.51
 7877.25  9.25  8.79  7.58  7.79  7.81  9.21 12.28 14.63 18.66 21.18 25.81 31.70
 7878.25  9.14  8.69  7.49  7.70  7.72  9.12 12.16 14.50 18.50 21.04 25.66 31.57
 7879.25  7.43  7.05  6.04  6.21  6.22  7.42 10.04 12.11 15.72 18.09 22.42 28.14
 7880.25  4.70  4.45  3.78  3.89  3.90  4.70  6.49  7.95 10.58 12.41 15.82 20.57
 7881.25  4.20  3.99  3.38  3.47  3.48  4.21  5.82  7.16  9.56 11.25 14.40 18.88
 7882.25  5.40  5.13  4.36  4.48  4.49  5.42  7.43  9.09 12.00 14.06 17.76 22.94
 7883.25  4.83  4.59  3.90  4.00  4.01  4.85  6.67  8.18 10.85 12.77 16.21 21.10
 7884.25  4.71  4.47  3.80  3.90  3.91  4.74  6.51  7.99 10.59 12.49 15.86 20.70
 7885.25  6.60  6.28  5.37  5.50  5.51  6.65  9.00 10.93 14.21 16.59 20.64 26.29
 7886.25  7.93  7.55  6.49  6.64  6.65  7.98 10.69 12.87 16.50 19.12 23.45 29.40
 7887.25  7.82  7.45  6.41  6.55  6.56  7.89 10.56 12.73 16.32 18.95 23.24 29.19
 7888.25  7.59  7.23  6.21  6.35  6.36  7.66 10.28 12.40 15.92 18.55 22.79 28.73
 7889.25  7.48  7.13  6.13  6.26  6.27  7.56 10.14 12.25 15.74 18.37 22.57 28.51
 7890.25  5.90  5.61  4.80  4.91  4.91  5.96  8.09  9.87 12.84 15.18 18.92 24.40
 7891.25  3.45  3.28  2.79  2.85  2.86  3.50  4.81  5.94  7.88  9.46 12.06 16.08
 7892.25  2.92  2.78  2.36  2.42  2.42  2.96  4.09  5.06  6.72  8.11 10.37 13.92
 7893.25  4.34  4.12  3.52  3.60  3.60  4.40  6.02  7.40  9.73 11.67 14.72 19.42
 7894.25  6.93  6.60  5.68  5.79  5.80  7.03  9.45 11.45 14.71 17.36 21.34 27.23
 7895.25  7.65  7.29  6.30  6.41  6.42  7.76 10.36 12.51 15.93 18.72 22.84 28.89
 7896.25  7.69  7.34  6.34  6.45  6.46  7.82 10.42 12.58 15.99 18.82 22.93 29.00
 7897.25  7.93  7.56  6.55  6.66  6.66  8.06 10.72 12.92 16.38 19.27 23.42 29.56
 7898.25  8.33  7.95  6.90  7.01  7.01  8.47 11.22 13.49 17.01 19.99 24.18 30.40
 7899.25  8.35  7.97  6.92  7.03  7.03  8.50 11.25 13.52 17.03 20.04 24.21 30.44
 7900.25  8.13  7.77  6.74  6.84  6.84  8.29 10.98 13.22 16.67 19.67 23.79 30.01
 7901.25  8.51  8.13  7.07  7.17  7.17  8.68 11.43 13.73 17.23 20.29 24.43 30.67
 7902.25  9.19  8.79  7.67  7.77  7.78  9.37 12.26 14.65 18.23 21.39 25.57 31.86
 7903.25  9.25  8.85  7.73  7.83  7.84  9.44 12.34 14.75 18.33 21.54 25.70 32.04
 7904.25  8.56  8.18  7.13  7.22  7.23  8.75 11.50 13.83 17.29 20.48 24.57 30.89
 7905.25  8.18  7.82  6.81  6.89  6.90  8.38 11.04 13.32 16.70 19.88 23.90 30.22
 7906.25  8.68  8.30  7.24  7.32  7.34  8.89 11.65 14.01 17.46 20.73 24.78 31.16
 7907.25  8.65  8.28  7.23  7.30  7.32  8.87 11.62 13.97 17.40 20.71 24.72 31.13
 7908.25  8.15  7.80  6.80  6.87  6.89  8.37 11.01 13.29 16.61 19.89 23.81 30.19
 7909.25  8.18  7.83  6.84  6.90  6.92  8.41 11.04 13.33 16.64 19.96 23.86 30.27
 7910.25  8.72  8.36  7.31  7.38  7.40  8.97 11.71 14.08 17.48 20.90 24.84 31.35
 7911.25  8.42  8.07  7.06  7.11  7.14  8.68 11.35 13.67 17.01 20.44 24.33 30.87
 7912.25  7.69  7.36  6.42  6.47  6.50  7.93 10.43 12.63 15.83 19.19 22.96 29.46
 7913.25  6.11  5.84  5.08  5.11  5.14  6.32  8.41 10.28 13.05 16.08 19.49 25.60
 7914.25  3.70  3.53  3.06  3.08  3.09  3.83  5.17  6.39  8.26 10.39 12.84 17.48
 7915.25  2.16  2.06  1.78  1.79  1.80  2.24  3.03  3.77  4.91  6.25  7.78 10.83
 7916.25  2.00  1.92  1.65  1.66  1.67  2.08  2.82  3.51  4.57  5.84  7.26 10.14
 7917.25  3.55  3.40  2.94  2.96  2.97  3.70  4.97  6.14  7.93 10.05 12.36 16.94
 7918.25  7.21  6.92  6.05  6.07  6.11  7.49  9.83 11.90 14.93 18.39 21.92 28.53
 7919.25  7.95  7.64  6.70  6.72  6.76  8.27 10.78 12.99 16.19 19.85 23.48 30.31
 7920.25  6.48  6.22  5.43  5.44  5.48  6.75  8.90 10.83 13.68 17.05 20.39 26.91
 7921.25  5.66  5.44  4.74  4.75  4.78  5.91  7.84  9.58 12.18 15.32 18.44 24.68
 7922.25  3.85  3.69  3.21  3.21  3.23  4.03  5.39  6.64  8.54 10.94 13.33 18.37
 7923.25  2.85  2.73  2.37  2.37  2.39  2.99  4.01  4.96  6.41  8.29 10.16 14.24
 7924.25  3.81  3.66  3.18  3.18  3.21  4.00  5.33  6.57  8.45 10.87 13.21 18.27
 7925.25  6.62  6.38  5.58  5.58  5.63  6.94  9.10 11.04 13.89 17.45 20.70 27.46
 7926.25  7.84  7.55  6.64  6.63  6.69  8.21 10.65 12.82 15.97 19.86 23.30 30.41
 7927.25  8.35  8.06  7.10  7.09  7.15  8.75 11.29 13.53 16.78 20.78 24.24 31.45
 7928.25  8.92  8.62  7.62  7.60  7.66  9.34 11.98 14.29 17.62 21.71 25.18 32.44
 7929.25  8.62  8.33  7.36  7.34  7.40  9.05 11.63 13.90 17.19 21.27 24.69 31.97
 7930.25  7.76  7.50  6.61  6.58  6.64  8.16 10.57 12.71 15.86 19.83 23.16 30.41
 7931.25  6.99  6.75  5.94  5.91  5.97  7.37  9.59 11.59 14.56 18.39 21.58 28.71
 7932.25  4.83  4.66  4.08  4.06  4.10  5.11  6.74  8.23 10.54 13.61 16.22 22.38
 7933.25  3.43  3.31  2.89  2.87  2.90  3.63  4.82  5.93  7.67 10.05 12.08 17.09
 7934.25  3.87  3.74  3.27  3.24  3.28  4.10  5.43  6.67  8.60 11.24 13.45 18.92
 7935.25  6.06  5.86  5.16  5.11  5.17  6.42  8.38 10.17 12.90 16.53 19.43 26.38
 7936.25  7.84  7.59  6.71  6.65  6.73  8.29 10.67 12.80 15.99 20.14 23.33 30.85
 7937.25  8.39  8.13  7.21  7.14  7.22  8.87 11.36 13.56 16.86 21.14 24.35 31.98
 7938.25  8.92  8.65  7.69  7.61  7.70  9.42 12.00 14.28 17.66 22.04 25.26 32.97
 7939.25  9.03  8.76  7.79  7.71  7.80  9.54 12.14 14.42 17.82 22.24 25.44 33.19
 7940.25  8.78  8.52  7.57  7.49  7.58  9.29 11.83 14.08 17.45 21.86 25.02 32.81
 7941.25  8.62  8.37  7.44  7.35  7.44  9.13 11.64 13.86 17.21 21.62 24.75 32.56
 7942.25  8.59  8.33  7.41  7.32  7.42  9.10 11.60 13.81 17.16 21.59 24.69 32.54
 7943.25  8.55  8.30  7.39  7.28  7.39  9.07 11.56 13.75 17.10 21.56 24.63 32.52
 7944.25  8.34  8.09  7.20  7.10  7.20  8.86 11.30 13.46 16.78 21.23 24.25 32.17
 7945.25  8.22  7.98  7.10  6.99  7.10  8.74 11.15 13.29 16.59 21.05 24.04 31.99
 7946.25  8.08  7.84  6.98  6.87  6.97  8.60 10.98 13.09 16.36 20.82 23.77 31.74
 7947.25  7.50  7.28  6.47  6.35  6.46  7.99 10.25 12.25 15.41 19.77 22.63 30.54
 7948.25  7.36  7.15  6.35  6.24  6.34  7.85 10.08 12.05 15.19 19.54 22.37 30.28
 7949.25  7.59  7.37  6.56  6.43  6.54  8.09 10.37 12.37 15.56 19.99 22.83 30.82
 7950.25  5.31  5.15  4.56  4.47  4.55  5.69  7.40  8.93 11.46 15.12 17.51 24.61
 7951.25  3.71  3.60  3.18  3.11  3.17  3.99  5.22  6.35  8.26 11.10 12.98 18.82
 7952.25  4.58  4.45  3.93  3.85  3.92  4.92  6.42  7.77 10.03 13.39 15.55 22.20
 7953.25  7.38  7.17  6.39  6.25  6.37  7.89 10.10 12.04 15.18 19.65 22.37 30.43
 7954.25  8.22  8.00  7.15  6.99  7.12  8.79 11.17 13.23 16.57 21.27 24.05 32.31
 7955.25  8.43  8.21  7.35  7.18  7.32  9.02 11.44 13.52 16.90 21.68 24.45 32.76
 7956.25  8.97  8.74  7.84  7.65  7.81  9.59 12.10 14.24 17.70 22.61 25.36 33.74
 7957.25  9.11  8.87  7.97  7.78  7.93  9.74 12.26 14.41 17.89 22.86 25.57 33.98
 7958.25  9.08  8.85  7.95  7.75  7.91  9.71 12.23 14.36 17.84 22.84 25.50 33.92
 7959.25  9.04  8.81  7.92  7.71  7.88  9.67 12.18 14.30 17.77 22.82 25.43 33.88
 7960.25  8.94  8.72  7.84  7.63  7.80  9.58 12.06 14.17 17.63 22.70 25.27 33.74
 7961.25  8.87  8.65  7.78  7.56  7.73  9.51 11.98 14.06 17.51 22.63 25.15 33.64
 7962.25  8.86  8.65  7.78  7.56  7.73  9.51 11.98 14.06 17.51 22.67 25.15 33.67
 7963.25  8.89  8.68  7.81  7.59  7.76  9.55 12.01 14.09 17.54 22.76 25.19 33.74
 7964.25  8.22  8.02  7.21  6.99  7.16  8.85 11.19 13.18 16.53 21.69 24.05 32.60
 7965.25  4.75  4.63  4.13  3.99  4.10  5.15  6.66  7.98 10.32 14.17 15.98 23.07
 7966.25  2.40  2.33  2.08  2.00  2.06  2.61  3.41  4.12  5.42  7.66  8.71 13.17
 7967.25  2.23  2.17  1.93  1.86  1.92  2.43  3.17  3.84  5.05  7.16  8.14 12.35
 7968.25  4.04  3.93  3.51  3.38  3.48  4.39  5.69  6.82  8.88 12.41 13.95 20.52
 7969.25  6.57  6.39  5.73  5.53  5.68  7.10  9.08 10.77 13.76 18.69 20.72 29.15
 7970.25  5.99  5.83  5.22  5.03  5.17  6.50  8.32  9.90 12.71 17.46 19.37 27.60
 7971.25  6.83  6.64  5.97  5.75  5.91  7.40  9.41 11.13 14.18 19.29 21.26 29.85
 7972.25  8.35  8.13  7.34  7.08  7.27  9.04 11.34 13.28 16.68 22.26 24.31 33.27
 7973.25  8.72  8.49  7.67  7.40  7.60  9.43 11.78 13.77 17.24 22.93 24.96 34.01
 7974.25  8.61  8.38  7.58  7.30  7.50  9.33 11.65 13.61 17.06 22.78 24.76 33.85
 7975.25  8.58  8.34  7.55  7.27  7.47  9.31 11.60 13.56 17.01 22.77 24.71 33.84
 7976.25  8.90  8.65  7.84  7.55  7.75  9.66 11.99 13.97 17.48 23.34 25.24 34.44
 7977.25  8.65  8.41  7.62  7.33  7.54  9.41 11.69 13.64 17.11 22.97 24.83 34.06
 7978.25  6.76  6.56  5.92  5.68  5.85  7.40  9.30 10.96 14.02 19.39 21.09 29.96
 7979.25  5.15  5.00  4.49  4.30  4.43  5.67  7.18  8.53 11.08 15.73 17.18 25.28
 7980.25  4.92  4.76  4.28  4.10  4.23  5.42  6.86  8.15 10.61 15.15 16.53 24.48
 7981.25  3.83  3.71  3.33  3.19  3.28  4.23  5.37  6.41  8.42 12.20 13.34 20.22
 7982.25  3.46  3.35  3.01  2.88  2.97  3.83  4.87  5.81  7.65 11.17 12.20 18.66
 7983.25  5.41  5.24  4.72  4.51  4.65  5.97  7.50  8.86 11.51 16.39 17.73 26.06
 7984.25  8.38  8.14  7.39  7.08  7.28  9.20 11.33 13.18 16.65 22.73 24.29 33.77
 7985.25  9.06  8.81  8.01  7.68  7.89  9.95 12.16 14.09 17.69 23.94 25.48 35.07
 7986.25  9.15  8.90  8.09  7.75  7.97 10.05 12.26 14.18 17.81 24.12 25.62 35.27
 7987.25  8.93  8.68  7.89  7.55  7.76  9.82 11.99 13.88 17.48 23.81 25.26 34.95
 7988.25  8.47  8.23  7.47  7.14  7.35  9.34 11.42 13.26 16.79 23.07 24.47 34.18
 7989.25  8.03  7.80  7.07  6.76  6.95  8.89 10.89 12.66 16.11 22.34 23.68 33.39
 7990.25  8.07  7.84  7.11  6.79  6.98  8.94 10.93 12.70 16.16 22.44 23.74 33.49
 7991.25  8.35  8.11  7.36  7.03  7.23  9.25 11.27 13.06 16.59 22.97 24.24 34.07
 7992.25  8.34  8.11  7.36  7.02  7.22  9.25 11.27 13.05 16.58 23.00 24.24 34.12
 7993.25  7.01  6.81  6.16  5.87  6.04  7.82  9.58 11.16 14.38 20.40 21.53 31.12
 7994.25  3.54  3.44  3.09  2.93  3.03  3.99  4.96  5.86  7.77 11.63 12.36 19.23
 7995.25  2.09  2.03  1.82  1.73  1.78  2.36  2.95  3.49  4.67  7.13  7.58 12.16
 7996.25  2.42  2.35  2.11  2.00  2.06  2.74  3.41  4.03  5.39  8.22  8.71 13.92
 7997.25  4.89  4.74  4.28  4.05  4.18  5.50  6.78  7.94 10.45 15.43 16.25 24.67
 7998.25  7.74  7.52  6.82  6.48  6.68  8.67 10.51 12.15 15.59 22.08 23.05 33.08
 7999.25  8.00  7.78  7.06  6.71  6.91  8.96 10.84 12.50 16.01 22.62 23.56 33.67
 8000.25  7.78  7.56  6.86  6.51  6.71  8.73 10.55 12.18 15.65 22.22 23.11 33.22
 8001.25  8.02  7.79  7.08  6.72  6.92  9.00 10.86 12.50 16.04 22.73 23.59 33.81
 8002.25  8.30  8.07  7.34  6.96  7.17  9.32 11.21 12.88 16.48 23.30 24.13 34.45
 8003.25  8.23  8.00  7.28  6.90  7.10  9.26 11.12 12.77 16.37 23.21 24.00 34.35
 8004.25  8.16  7.94  7.22  6.84  7.04  9.19 11.03 12.67 16.26 23.12 23.87 34.26
 8005.25  8.35  8.12  7.39  7.00  7.21  9.41 11.27 12.93 16.55 23.51 24.21 34.67
 8006.25  8.47  8.24  7.50  7.10  7.31  9.55 11.41 13.08 16.72 23.74 24.40 34.90
 8007.25  8.52  8.29  7.55  7.14  7.36  9.62 11.47 13.13 16.77 23.85 24.44 34.93
 8008.25  8.74  8.50  7.75  7.34  7.55  9.87 11.74 13.42 17.11 24.33 24.84 35.42
 8009.25  8.96  8.72  7.96  7.52  7.75 10.12 12.01 13.71 17.45 24.82 25.25 35.94
 8010.25  8.94  8.70  7.94  7.50  7.72 10.11 11.98 13.68 17.42 24.86 25.22 35.95
 8011.25  9.04  8.80  8.04  7.60  7.82 10.24 12.11 13.81 17.56 25.10 25.38 36.14
 8012.25  8.86  8.62  7.87  7.43  7.65 10.05 11.88 13.56 17.27 24.84 25.04 35.81
 8013.25  8.44  8.21  7.49  7.07  7.28  9.62 11.37 13.00 16.64 24.19 24.31 35.07
 8014.25  7.56  7.35  6.70  6.30  6.49  8.66 10.27 11.79 15.24 22.61 22.65 33.31
 8015.25  4.99  4.84  4.39  4.12  4.25  5.77  6.92  8.03 10.63 16.59 16.56 25.84
 8016.25  3.70  3.58  3.24  3.04  3.13  4.30  5.16  6.02  8.05 12.91 12.83 20.70
 8017.25  4.75  4.60  4.18  3.91  4.04  5.52  6.59  7.65 10.15 16.04 15.89 25.02
 8018.25  7.35  7.14  6.51  6.11  6.30  8.49 10.00 11.48 14.88 22.47 22.21 32.99
 8019.25  8.70  8.46  7.74  7.28  7.49 10.00 11.68 13.32 17.02 25.14 24.79 35.88
 8020.25  8.66  8.42  7.71  7.24  7.46  9.98 11.64 13.26 16.96 25.14 24.71 35.83
 8021.25  7.47  7.26  6.63  6.21  6.40  8.67 10.15 11.64 15.07 22.95 22.46 33.39
 8022.25  6.50  6.31  5.75  5.38  5.55  7.59  8.91 10.26 13.42 20.92 20.38 30.97
 8023.25  7.20  6.99  6.39  5.97  6.16  8.40  9.81 11.25 14.61 22.52 21.89 32.72
 8024.25  8.62  8.38  7.68  7.20  7.41 10.00 11.58 13.19 16.87 25.35 24.61 35.72
 8025.25  8.42  8.18  7.49  7.02  7.23  9.80 11.33 12.91 16.56 25.07 24.26 35.35
 8026.25  5.75  5.57  5.08  4.74  4.89  6.77  7.91  9.11 12.00 19.21 18.44 28.43
 8027.25  3.00  2.91  2.64  2.46  2.54  3.58  4.20  4.89  6.58 11.13 10.58 17.41
 8028.25  2.50  2.42  2.20  2.04  2.11  2.98  3.50  4.08  5.50  9.42  8.91 14.81
 8029.25  3.88  3.76  3.42  3.18  3.28  4.63  5.40  6.26  8.38 14.08 13.31 21.44
 8030.25  5.84  5.66  5.17  4.81  4.95  6.94  8.04  9.26 12.21 19.85 18.79 28.94
 8031.25  6.20  6.01  5.49  5.11  5.26  7.37  8.51  9.78 12.86 20.83 19.66 30.03
 8032.25  7.31  7.09  6.50  6.05  6.23  8.66  9.94 11.37 14.79 23.43 22.12 32.93
 8033.25  7.86  7.63  7.01  6.53  6.72  9.31 10.64 12.13 15.70 24.64 23.24 34.16
 8034.25  7.87  7.64  7.01  6.53  6.72  9.34 10.65 12.14 15.70 24.72 23.24 34.14
 8035.25  8.50  8.26  7.59  7.08  7.28 10.07 11.43 12.99 16.69 25.99 24.41 35.40
 8036.25  8.54  8.30  7.64  7.11  7.32 10.14 11.48 13.04 16.76 26.14 24.49 35.48
 8037.25  8.47  8.23  7.57  7.05  7.25 10.08 11.39 12.94 16.65 26.10 24.37 35.36
 8038.25  8.79  8.54  7.86  7.32  7.53 10.45 11.77 13.36 17.13 26.75 24.93 35.95
 8039.25  9.12  8.87  8.18  7.62  7.83 10.85 12.17 13.79 17.62 27.38 25.48 36.50
 8040.25  9.24  8.98  8.29  7.72  7.93 11.00 12.31 13.94 17.80 27.65 25.67 36.69
 8041.25  9.09  8.84  8.15  7.58  7.80 10.85 12.13 13.74 17.58 27.49 25.43 36.43
 8042.25  8.77  8.52  7.85  7.30  7.51 10.50 11.74 13.32 17.10 26.99 24.88 35.83
 8043.25  8.56  8.31  7.66  7.11  7.31 10.28 11.47 13.03 16.77 26.67 24.49 35.40
 8044.25  8.73  8.48  7.82  7.26  7.47 10.49 11.68 13.25 17.03 27.05 24.79 35.70
 8045.25  9.06  8.81  8.13  7.56  7.77 10.90 12.08 13.69 17.53 27.71 25.36 36.29
 8046.25  9.28  9.02  8.34  7.74  7.96 11.16 12.35 13.97 17.85 28.16 25.73 36.67
 8047.25  9.23  8.97  8.29  7.69  7.91 11.12 12.28 13.90 17.78 28.17 25.66 36.61
 8048.25  9.11  8.85  8.18  7.58  7.80 11.00 12.13 13.74 17.60 28.05 25.46 36.40
 8049.25  9.08  8.82  8.15  7.56  7.77 10.99 12.10 13.70 17.56 28.07 25.42 36.34
 8050.25  9.09  8.83  8.17  7.57  7.78 11.03 12.11 13.71 17.58 28.17 25.44 36.36
 8051.25  8.41  8.16  7.54  6.97  7.17 10.26 11.27 12.81 16.55 27.03 24.25 35.10
 8052.25  7.32  7.10  6.54  6.03  6.21  9.01  9.91 11.33 14.81 24.91 22.14 32.75
 8053.25  5.62  5.44  5.00  4.60  4.74  6.99  7.71  8.87 11.78 20.73 18.18 27.91
 8054.25  4.56  4.41  4.05  3.71  3.83  5.71  6.29  7.27  9.76 17.68 15.34 24.16
 8055.25  5.92  5.73  5.27  4.84  4.99  7.37  8.09  9.31 12.32 21.65 18.90 28.79
 8056.25  8.59  8.33  7.71  7.11  7.32 10.55 11.47 13.05 16.82 27.70 24.55 35.35
 8057.25  9.21  8.93  8.28  7.64  7.86 11.28 12.22 13.85 17.74 28.87 25.61 36.45
 8058.25  9.15  8.88  8.23  7.59  7.81 11.23 12.15 13.78 17.66 28.85 25.52 36.34
 8059.25  9.22  8.95  8.30  7.65  7.87 11.33 12.23 13.87 17.75 29.07 25.62 36.43
 8060.25  9.29  9.01  8.36  7.70  7.93 11.42 12.30 13.95 17.84 29.31 25.73 36.53
 8061.25  9.20  8.91  8.27  7.62  7.84 11.33 12.19 13.84 17.71 29.31 25.59 36.37
 8062.25  8.12  7.85  7.27  6.68  6.88 10.09 10.86 12.40 16.05 27.45 23.65 34.28
 8063.25  4.97  4.80  4.42  4.03  4.16  6.29  6.81  7.88 10.51 19.64 16.40 25.42
 8064.25  3.44  3.32  3.05  2.78  2.87  4.39  4.75  5.53  7.47 14.62 11.96 19.20
 8065.25  4.21  4.06  3.74  3.41  3.52  5.37  5.79  6.73  9.03 17.45 14.29 22.52
 8066.25  7.21  6.97  6.45  5.89  6.08  9.07  9.70 11.14 14.55 26.04 21.81 32.13
 8067.25  9.06  8.76  8.14  7.46  7.70 11.26 11.99 13.64 17.49 29.95 25.37 36.07
 8068.25  9.02  8.72  8.11  7.43  7.66 11.24 11.94 13.59 17.43 30.03 25.31 35.99
 8069.25  9.01  8.70  8.09  7.41  7.64 11.23 11.91 13.57 17.41 30.13 25.27 35.93
 8070.25  9.17  8.86  8.24  7.55  7.79 11.44 12.10 13.78 17.63 30.53 25.53 36.17
 8071.25  9.44  9.12  8.50  7.78  8.02 11.77 12.42 14.12 18.03 31.13 25.98 36.62
 8072.25  9.61  9.29  8.66  7.93  8.18 11.98 12.62 14.35 18.28 31.57 26.27 36.91
 8073.25  9.64  9.31  8.68  7.94  8.19 12.03 12.65 14.38 18.31 31.75 26.31 36.94
 8074.25  9.52  9.19  8.57  7.84  8.09 11.91 12.51 14.23 18.14 31.70 26.12 36.74
 8075.25  9.31  8.98  8.37  7.64  7.89 11.68 12.24 13.95 17.83 31.48 25.78 36.36
 8076.25  8.87  8.56  7.97  7.27  7.50 11.19 11.72 13.39 17.19 30.88 25.06 35.61
 8077.25  8.87  8.55  7.97  7.26  7.50 11.20 11.71 13.38 17.19 31.03 25.06 35.60
 8078.25  8.95  8.62  8.04  7.32  7.56 11.30 11.80 13.48 17.30 31.29 25.19 35.71
 8079.25  8.23  7.93  7.38  6.70  6.93 10.47 10.93 12.53 16.21 30.09 23.92 34.33
 8080.25  8.43  8.12  7.57  6.87  7.10 10.72 11.16 12.80 16.52 30.61 24.28 34.67
 8081.25  9.33  8.99  8.40  7.64  7.89 11.80 12.24 13.97 17.85 32.34 25.81 36.22
 8082.25  9.55  9.20  8.60  7.83  8.09 12.07 12.50 14.25 18.17 32.84 26.17 36.54
 8083.25  9.43  9.08  8.49  7.72  7.98 11.95 12.35 14.09 18.00 32.78 25.98 36.30
 8084.25  9.17  8.83  8.26  7.50  7.75 11.66 12.04 13.76 17.62 32.47 25.55 35.80
 8085.25  8.85  8.51  7.95  7.21  7.45 11.29 11.64 13.33 17.13 32.01 24.99 35.15
 8086.25  8.13  7.82  7.29  6.60  6.83 10.46 10.77 12.38 16.04 30.81 23.72 33.76
 8087.25  7.61  7.30  6.81  6.15  6.37  9.83 10.12 11.67 15.20 29.86 22.72 32.62
 8088.25  8.13  7.81  7.29  6.59  6.82 10.48 10.76 12.38 16.04 31.09 23.73 33.68
 8089.25  9.25  8.89  8.32  7.54  7.79 11.82 12.10 13.84 17.72 33.27 25.67 35.69
 8090.25  9.61  9.24  8.66  7.86  8.11 12.26 12.53 14.30 18.23 33.97 26.24 36.21
 8091.25  9.64  9.26  8.68  7.88  8.13 12.31 12.55 14.34 18.27 34.15 26.29 36.21
 8092.25  9.72  9.34  8.76  7.94  8.20 12.42 12.64 14.44 18.39 34.43 26.43 36.31
 8093.25  9.61  9.23  8.66  7.84  8.10 12.30 12.51 14.29 18.23 34.38 26.25 36.07
 8094.25  8.70  8.34  7.81  7.05  7.29 11.23 11.40 13.10 16.87 32.89 24.70 34.41
 8095.25  6.66  6.36  5.94  5.34  5.52  8.74  8.87 10.30 13.55 28.49 20.62 29.78
 8096.25  6.16  5.89  5.49  4.93  5.10  8.13  8.24  9.59 12.68 27.28 19.48 28.38
 8097.25  7.72  7.38  6.91  6.22  6.43 10.06 10.20 11.78 15.33 31.29 22.87 32.26
 8098.25  9.18  8.79  8.25  7.45  7.69 11.79 11.96 13.72 17.59 34.28 25.53 35.08
 8099.25  9.50  9.10  8.55  7.72  7.97 12.15 12.33 14.13 18.05 34.95 26.05 35.57
 8100.25  9.43  9.03  8.48  7.66  7.90 12.04 12.24 14.04 17.95 34.99 25.95 35.43
 8101.25  9.29  8.89  8.35  7.54  7.78 11.86 12.08 13.86 17.75 34.88 25.73 35.14
 8102.25  8.98  8.58  8.06  7.27  7.50 11.47 11.70 13.46 17.29 34.46 25.20 34.55
 8103.25  7.25  6.92  6.48  5.81  6.01  9.37  9.58 11.12 14.54 30.93 21.88 30.84
 8104.25  5.17  4.92  4.60  4.10  4.25  6.76  6.93  8.12 10.83 25.05 16.94 24.81
 8105.25  5.21  4.95  4.63  4.13  4.27  6.79  6.97  8.17 10.89 25.28 17.02 24.88
 8106.25  7.17  6.83  6.41  5.74  5.93  9.22  9.47 11.01 14.40 31.13 21.72 30.52
 8107.25  8.54  8.14  7.66  6.88  7.10 10.85 11.14 12.87 16.60 34.24 24.41 33.45
 8108.25  8.95  8.54  8.05  7.22  7.46 11.32 11.63 13.41 17.22 35.12 25.12 34.14
 8109.25  9.06  8.64  8.15  7.31  7.55 11.42 11.75 13.56 17.38 35.46 25.32 34.31
 8110.25  9.06  8.64  8.15  7.31  7.55 11.40 11.75 13.55 17.38 35.57 25.32 34.26
 8111.25  9.14  8.71  8.22  7.37  7.61 11.47 11.83 13.65 17.49 35.78 25.45 34.34
 8112.25  9.16  8.73  8.24  7.39  7.62 11.47 11.85 13.67 17.51 35.75 25.46 34.29
 8113.25  9.11  8.68  8.20  7.35  7.58 11.40 11.79 13.61 17.42 35.51 25.34 34.08
 8114.25  9.25  8.81  8.33  7.46  7.70 11.53 11.94 13.78 17.62 35.67 25.58 34.27
 8115.25  9.45  9.00  8.52  7.62  7.87 11.75 12.17 14.05 17.93 36.04 25.96 34.66
 8116.25  9.51  9.06  8.57  7.67  7.92 11.80 12.24 14.13 18.02 36.11 26.09 34.75
 8117.25  9.50  9.04  8.56  7.66  7.90 11.76 12.22 14.11 17.99 35.98 26.05 34.66
 8118.25  9.55  9.08  8.61  7.70  7.94 11.79 12.27 14.16 18.05 35.92 26.10 34.63
 8119.25  9.64  9.16  8.69  7.77  8.01 11.86 12.36 14.27 18.16 35.96 26.24 34.71
 8120.25  9.66  9.18  8.71  7.78  8.03 11.87 12.38 14.29 18.19 35.90 26.27 34.68
 8121.25  9.55  9.07  8.61  7.68  7.92 11.71 12.23 14.14 18.01 35.59 26.06 34.40
 8122.25  9.46  8.98  8.52  7.60  7.84 11.59 12.12 14.02 17.87 35.33 25.91 34.17
 8123.25  9.44  8.95  8.50  7.57  7.82 11.53 12.09 13.99 17.84 35.22 25.88 34.09
 8124.25  9.34  8.85  8.41  7.48  7.72 11.40 11.97 13.86 17.70 35.02 25.74 33.92
 8125.25  9.26  8.77  8.33  7.41  7.65 11.28 11.86 13.75 17.58 34.77 25.60 33.70
 8126.25  9.39  8.89  8.46  7.52  7.76 11.42 12.02 13.93 17.77 34.92 25.82 33.88
 8127.25  9.53  9.02  8.59  7.63  7.88 11.55 12.18 14.10 17.97 35.09 26.06 34.08
 8128.25  9.29  8.79  8.36  7.42  7.66 11.26 11.89 13.79 17.64 34.65 25.70 33.67
 8129.25  8.98  8.48  8.07  7.15  7.38 10.87 11.51 13.37 17.15 33.91 25.11 32.97
 8130.25  8.95  8.45  8.04  7.13  7.36 10.81 11.46 13.31 17.07 33.59 24.96 32.69
 8131.25  9.31  8.79  8.38  7.43  7.67 11.20 11.89 13.79 17.62 34.19 25.60 33.32
 8132.25  9.30  8.78  8.37  7.41  7.65 11.16 11.87 13.77 17.61 34.13 25.60 33.28
 8133.25  8.72  8.22  7.84  6.93  7.15 10.48 11.17 13.00 16.70 32.78 24.50 31.98
 8134.25  8.49  7.99  7.62  6.73  6.94 10.18 10.87 12.67 16.31 32.12 24.00 31.36
 8135.25  8.94  8.42  8.04  7.10  7.33 10.68 11.41 13.27 17.02 32.98 24.86 32.25
 8136.25  9.18  8.64  8.26  7.30  7.53 10.93 11.70 13.59 17.41 33.49 25.36 32.78
 8137.25  9.08  8.54  8.16  7.20  7.43 10.80 11.58 13.47 17.28 33.35 25.26 32.69
 8138.25  9.02  8.47  8.09  7.14  7.37 10.70 11.50 13.39 17.21 33.21 25.18 32.60
 8139.25  8.81  8.27  7.90  6.96  7.19 10.44 11.24 13.11 16.87 32.64 24.77 32.09
 8140.25  7.79  7.30  6.96  6.12  6.32  9.25 10.01 11.73 15.25 30.33 22.77 29.85
 8141.25  6.79  6.35  6.04  5.30  5.48  8.08  8.78 10.35 13.59 27.86 20.67 27.45
 8142.25  7.35  6.87  6.54  5.75  5.94  8.69  9.46 11.12 14.53 29.17 21.88 28.81
 8143.25  8.65  8.09  7.72  6.81  7.04 10.13 11.03 12.87 16.60 31.89 24.43 31.58
 8144.25  9.33  8.73  8.34  7.38  7.61 10.86 11.82 13.75 17.61 33.04 25.60 32.78
 8145.25  9.57  8.96  8.56  7.58  7.82 11.09 12.10 14.06 17.97 33.39 26.01 33.19
 8146.25  9.49  8.88  8.48  7.51  7.75 10.97 12.00 13.94 17.82 33.04 25.80 32.90
 8147.25  8.61  8.03  7.67  6.77  6.99  9.96 10.95 12.78 16.49 31.26 24.24 31.18
 8148.25  6.75  6.27  5.97  5.24  5.43  7.85  8.69 10.25 13.49 27.06 20.51 27.03
 8149.25  6.13  5.68  5.41  4.74  4.91  7.12  7.92  9.37 12.41 25.35 19.10 25.38
 8150.25  7.50  6.96  6.63  5.84  6.04  8.64  9.60 11.29 14.76 28.77 22.16 28.86
 8151.25  9.28  8.64  8.25  7.31  7.55 10.59 11.73 13.66 17.55 32.36 25.54 32.50
 8152.25  9.52  8.86  8.47  7.51  7.76 10.82 12.00 13.94 17.85 32.50 25.82 32.71
 8153.25  9.29  8.63  8.25  7.31  7.56 10.52 11.71 13.62 17.46 31.83 25.32 32.08
 8154.25  9.07  8.42  8.05  7.13  7.38 10.25 11.44 13.32 17.11 31.18 24.85 31.49
 8155.25  9.33  8.66  8.28  7.34  7.59 10.51 11.75 13.67 17.54 31.76 25.42 32.13
 8156.25  9.79  9.08  8.68  7.71  7.97 10.97 12.29 14.27 18.26 32.73 26.34 33.17
 8157.25  9.73  9.02  8.62  7.66  7.92 10.87 12.21 14.17 18.14 32.39 26.15 32.88
 8158.25  9.60  8.90  8.51  7.55  7.81 10.71 12.05 14.00 17.93 31.98 25.88 32.53
 8159.25  9.84  9.11  8.71  7.74  8.01 10.93 12.34 14.32 18.33 32.52 26.41 33.14
 8160.25  9.68  8.96  8.56  7.60  7.87 10.73 12.14 14.11 18.08 32.08 26.10 32.75
 8161.25  8.92  8.23  7.87  6.98  7.23  9.87 11.22 13.06 16.82 30.10 24.46 30.80
 8162.25  8.58  7.91  7.56  6.70  6.94  9.47 10.81 12.60 16.28 29.21 23.76 29.96
 8163.25  9.02  8.31  7.94  7.05  7.30  9.91 11.33 13.19 17.00 30.19 24.69 31.02
 8164.25  8.99  8.28  7.92  7.02  7.28  9.85 11.28 13.14 16.92 29.91 24.55 30.79
 8165.25  9.22  8.48  8.11  7.20  7.46 10.07 11.55 13.45 17.31 30.42 25.08 31.39
 8166.25  9.74  8.96  8.57  7.61  7.89 10.60 12.18 14.15 18.18 31.64 26.23 32.72
 8167.25  9.86  9.07  8.67  7.71  7.99 10.69 12.32 14.31 18.37 31.80 26.47 32.96
 8168.25  9.50  8.73  8.35  7.41  7.69 10.28 11.88 13.82 17.77 30.79 25.68 31.99
 8169.25  8.97  8.23  7.87  6.98  7.25  9.68 11.23 13.08 16.88 29.33 24.49 30.56
 8170.25  9.14  8.38  8.02  7.12  7.39  9.83 11.43 13.31 17.16 29.62 24.85 30.95
 8171.25  9.88  9.06  8.67  7.71  8.00 10.58 12.31 14.30 18.36 31.26 26.39 32.71
 8172.25 10.11  9.27  8.87  7.89  8.19 10.80 12.58 14.61 18.74 31.72 26.89 33.26
 8173.25  9.98  9.14  8.74  7.77  8.07 10.62 12.42 14.44 18.55 31.40 26.68 33.02
 8174.25  9.93  9.08  8.68  7.72  8.02 10.53 12.35 14.36 18.47 31.19 26.58 32.88
 8175.25  9.89  9.04  8.64  7.69  7.99 10.46 12.30 14.30 18.38 30.93 26.46 32.70
 8176.25  9.42  8.61  8.22  7.31  7.60  9.94 11.73 13.66 17.59 29.64 25.41 31.42
 8177.25  8.95  8.16  7.79  6.92  7.20  9.41 11.14 12.99 16.75 28.29 24.30 30.09
 8178.25  9.06  8.25  7.88  7.01  7.29  9.49 11.27 13.14 16.92 28.45 24.54 30.34
 8179.25  9.51  8.67  8.27  7.36  7.66  9.93 11.80 13.74 17.65 29.43 25.51 31.44
 8180.25  9.92  9.04  8.63  7.69  8.00 10.32 12.29 14.29 18.31 30.31 26.40 32.44
 8181.25  9.78  8.90  8.49  7.56  7.88 10.14 12.11 14.09 18.05 29.86 26.09 32.06
 8182.25  9.64  8.76  8.35  7.44  7.76  9.97 11.94 13.90 17.82 29.47 25.82 31.73
 8183.25  9.96  9.05  8.64  7.70  8.03 10.28 12.32 14.33 18.33 30.10 26.50 32.49
 8184.25 10.23  9.30  8.87  7.91  8.25 10.54 12.62 14.68 18.72 30.53 27.00 33.01
 8185.25 10.09  9.16  8.73  7.79  8.13 10.37 12.45 14.48 18.48 30.10 26.70 32.64
 8186.25  9.72  8.81  8.39  7.49  7.82  9.97 12.01 13.99 17.89 29.22 25.98 31.81
 8187.25  9.79  8.87  8.44  7.53  7.87 10.01 12.08 14.08 17.99 29.30 26.15 31.98
 8188.25  9.72  8.79  8.37  7.47  7.81  9.92 11.98 13.97 17.83 28.95 25.94 31.69
 8189.25  8.87  8.01  7.61  6.78  7.09  9.04 10.99 12.86 16.53 27.18 24.36 29.93
 8190.25  8.22  7.39  7.01  6.23  6.53  8.35 10.24 12.05 15.61 26.14 23.41 29.00
 8191.25  8.76  7.88  7.48  6.66  6.98  8.88 10.88 12.77 16.47 27.23 24.53 30.24
 8192.25  9.48  8.54  8.12  7.25  7.59  9.58 11.68 13.65 17.44 28.16 25.58 31.23
 8193.25  9.51  8.57  8.14  7.27  7.62  9.59 11.70 13.66 17.41 27.91 25.47 31.02
 8194.25 10.02  9.03  8.58  7.68  8.04 10.08 12.29 14.32 18.19 28.88 26.49 32.15
 8195.25 10.22  9.21  8.75  7.83  8.21 10.26 12.53 14.60 18.51 29.26 26.96 32.67
 8196.25  9.25  8.30  7.87  7.02  7.37  9.26 11.40 13.35 17.09 27.47 25.31 30.92
 8197.25  7.87  7.03  6.66  5.92  6.23  7.86  9.77 11.52 14.91 24.53 22.58 27.90
 8198.25  8.21  7.34  6.95  6.19  6.51  8.18 10.16 11.96 15.40 25.03 23.19 28.52
 8199.25  9.58  8.59  8.15  7.28  7.66  9.52 11.75 13.72 17.45 27.47 25.67 31.17
 8200.25 10.10  9.06  8.60  7.70  8.10 10.01 12.32 14.35 18.14 28.15 26.45 31.94
 8201.25 10.24  9.18  8.71  7.81  8.21 10.13 12.48 14.54 18.35 28.38 26.78 32.31
 8202.25 10.31  9.24  8.77  7.85  8.26 10.18 12.58 14.65 18.51 28.57 27.06 32.65
 8203.25 10.30  9.22  8.74  7.83  8.25 10.14 12.56 14.64 18.49 28.48 27.08 32.67
 8204.25 10.23  9.15  8.67  7.76  8.18 10.05 12.47 14.54 18.36 28.23 26.95 32.52
 8205.25 10.18  9.09  8.61  7.71  8.13  9.97 12.40 14.47 18.28 28.03 26.87 32.42
 8206.25 10.16  9.07  8.59  7.69  8.11  9.93 12.38 14.44 18.24 27.91 26.86 32.40
 8207.25 10.14  9.05  8.56  7.67  8.10  9.89 12.35 14.42 18.21 27.77 26.84 32.36
 8208.25 10.08  8.98  8.50  7.61  8.04  9.80 12.27 14.32 18.09 27.53 26.71 32.21
 8209.25  9.69  8.62  8.15  7.29  7.71  9.40 11.81 13.82 17.51 26.74 26.05 31.49
 8210.25  9.53  8.47  8.00  7.15  7.57  9.22 11.62 13.61 17.26 26.34 25.76 31.17
 8211.25  9.77  8.68  8.21  7.34  7.77  9.43 11.89 13.90 17.57 26.58 26.12 31.51
 8212.25 10.01  8.90  8.42  7.54  7.98  9.65 12.16 14.19 17.88 26.81 26.47 31.84
 8213.25 10.26  9.12  8.63  7.73  8.19  9.87 12.44 14.50 18.23 27.14 26.92 32.31
 8214.25 10.40  9.24  8.74  7.83  8.29  9.97 12.58 14.67 18.41 27.26 27.15 32.54
 8215.25 10.30  9.14  8.64  7.74  8.20  9.85 12.47 14.54 18.26 27.00 27.01 32.39
 8216.25  9.98  8.84  8.35  7.47  7.93  9.52 12.10 14.14 17.81 26.41 26.52 31.87
 8217.25  9.77  8.64  8.16  7.30  7.75  9.29 11.85 13.85 17.45 25.88 26.06 31.33
 8218.25  9.83  8.70  8.22  7.35  7.81  9.33 11.91 13.91 17.48 25.83 26.06 31.28
 8219.25 10.23  9.06  8.56  7.66  8.14  9.69 12.37 14.42 18.07 26.53 26.81 32.08
 8220.25 10.34  9.14  8.64  7.74  8.23  9.77 12.48 14.54 18.21 26.68 27.01 32.28
 8221.25 10.24  9.05  8.56  7.66  8.15  9.65 12.36 14.40 18.03 26.40 26.77 31.99
 8222.25 10.34  9.14  8.64  7.73  8.23  9.73 12.47 14.52 18.15 26.50 26.93 32.13
 8223.25 10.32  9.11  8.61  7.71  8.21  9.68 12.44 14.48 18.08 26.38 26.85 32.02
 8224.25 10.02  8.83  8.34  7.46  7.96  9.38 12.09 14.09 17.63 25.80 26.32 31.43
 8225.25  9.64  8.48  8.00  7.15  7.64  9.00 11.65 13.62 17.09 25.14 25.71 30.78
 8226.25  9.15  8.04  7.58  6.77  7.23  8.52 11.08 12.96 16.30 24.06 24.66 29.57
 8227.25  8.65  7.59  7.16  6.39  6.83  8.04 10.47 12.26 15.42 22.76 23.38 28.03
 8228.25  8.48  7.44  7.01  6.26  6.70  7.87 10.26 12.00 15.08 22.20 22.85 27.36
 8229.25  9.38  8.24  7.78  6.95  7.44  8.70 11.30 13.17 16.46 23.93 24.67 29.37
 8230.25  9.87  8.67  8.19  7.32  7.84  9.15 11.86 13.80 17.20 24.87 25.68 30.49
 8231.25  9.50  8.33  7.86  7.02  7.53  8.78 11.43 13.32 16.64 24.15 25.00 29.72
 8232.25  9.78  8.57  8.08  7.23  7.75  9.02 11.75 13.70 17.11 24.77 25.70 30.52
 8233.25 10.09  8.84  8.34  7.46  8.00  9.30 12.11 14.10 17.58 25.36 26.35 31.24
 8234.25 10.03  8.79  8.29  7.41  7.95  9.23 12.04 14.02 17.49 25.22 26.27 31.14
 8235.25 10.25  8.97  8.46  7.57  8.13  9.42 12.29 14.31 17.83 25.66 26.77 31.70
 8236.25 10.48  9.17  8.65  7.75  8.32  9.61 12.55 14.59 18.14 25.99 27.16 32.10
 8237.25 10.51  9.19  8.67  7.76  8.34  9.62 12.57 14.60 18.15 25.95 27.17 32.07
 8238.25 10.53  9.20  8.68  7.77  8.35  9.62 12.59 14.63 18.19 25.97 27.25 32.16
 8239.25 10.55  9.21  8.68  7.78  8.36  9.62 12.60 14.65 18.20 25.95 27.28 32.17
 8240.25 10.50  9.16  8.64  7.73  8.32  9.56 12.54 14.58 18.12 25.81 27.20 32.06
 8241.25 10.53  9.18  8.65  7.75  8.34  9.57 12.58 14.62 18.16 25.84 27.28 32.14
 8242.25 10.10  8.78  8.27  7.40  7.98  9.15 12.07 14.06 17.51 25.02 26.50 31.27
 8243.25  8.99  7.78  7.32  6.53  7.06  8.11 10.81 12.66 15.89 23.02 24.50 29.11
 8244.25  8.95  7.74  7.27  6.49  7.01  8.06 10.76 12.62 15.86 23.00 24.55 29.19
 8245.25  9.94  8.61  8.11  7.25  7.83  8.95 11.89 13.87 17.30 24.73 26.39 31.15
 8246.25 10.35  8.98  8.45  7.57  8.17  9.31 12.34 14.38 17.86 25.34 27.07 31.83
 8247.25 10.37  8.99  8.46  7.57  8.18  9.31 12.36 14.40 17.88 25.32 27.10 31.85
 8248.25 10.11  8.74  8.23  7.36  7.96  9.05 12.06 14.07 17.51 24.87 26.70 31.42
 8249.25  9.37  8.07  7.58  6.77  7.34  8.36 11.22 13.15 16.46 23.62 25.48 30.15
 8250.25  9.16  7.88  7.40  6.60  7.16  8.15 10.98 12.88 16.15 23.22 25.12 29.75
 8251.25  9.84  8.47  7.97  7.12  7.72  8.75 11.73 13.72 17.08 24.25 26.23 30.87
 8252.25 10.30  8.89  8.37  7.49  8.11  9.17 12.24 14.27 17.67 24.85 26.89 31.49
 8253.25 10.43  9.00  8.47  7.59  8.22  9.27 12.38 14.42 17.84 24.99 27.09 31.68
 8254.25 10.64  9.18  8.64  7.74  8.39  9.44 12.61 14.67 18.11 25.29 27.45 32.06
 8255.25 10.46  9.01  8.49  7.60  8.24  9.26 12.40 14.44 17.83 24.88 27.08 31.62
 8256.25  9.66  8.30  7.80  6.98  7.58  8.52 11.48 13.42 16.65 23.40 25.58 29.99
 8257.25  9.30  7.96  7.48  6.68  7.27  8.17 11.08 12.98 16.16 22.84 25.08 29.48
 8258.25  9.93  8.51  8.00  7.16  7.78  8.72 11.79 13.78 17.07 23.92 26.27 30.75
 8259.25 10.45  8.98  8.45  7.57  8.22  9.19 12.36 14.40 17.74 24.60 27.00 31.46
 8260.25 10.62  9.12  8.58  7.70  8.36  9.32 12.55 14.59 17.95 24.79 27.26 31.71
 8261.25 10.77  9.24  8.70  7.80  8.48  9.44 12.72 14.79 18.17 25.05 27.60 32.08
 8262.25 10.65  9.13  8.59  7.70  8.38  9.32 12.59 14.64 18.00 24.82 27.42 31.87
 8263.25 10.50  8.99  8.46  7.58  8.25  9.16 12.42 14.44 17.75 24.46 27.09 31.49
 8264.25 10.66  9.13  8.59  7.70  8.38  9.29 12.60 14.64 17.97 24.68 27.39 31.78
 8265.25 10.89  9.32  8.77  7.87  8.56  9.48 12.86 14.92 18.28 25.02 27.81 32.22
 8266.25 10.95  9.37  8.81  7.91  8.60  9.51 12.92 14.99 18.35 25.07 27.92 32.33
 8267.25 10.85  9.28  8.72  7.83  8.51  9.41 12.82 14.87 18.22 24.88 27.78 32.17
 8268.25 10.83  9.25  8.70  7.80  8.49  9.38 12.79 14.84 18.17 24.79 27.74 32.11
 8269.25 10.88  9.29  8.73  7.84  8.53  9.42 12.84 14.89 18.22 24.80 27.80 32.15
 8270.25 10.80  9.21  8.66  7.77  8.46  9.33 12.76 14.79 18.10 24.65 27.67 32.00
 8271.25 10.45  8.89  8.36  7.50  8.16  9.01 12.36 14.35 17.59 24.03 27.04 31.30
 8272.25 10.34  8.78  8.26  7.41  8.07  8.89 12.23 14.18 17.38 23.75 26.76 30.97
 8273.25 10.36  8.80  8.28  7.43  8.09  8.91 12.25 14.20 17.39 23.71 26.75 30.92
 8274.25 10.09  8.56  8.05  7.22  7.86  8.66 11.94 13.85 16.96 23.16 26.17 30.26
 8275.25 10.35  8.78  8.25  7.41  8.07  8.88 12.24 14.17 17.33 23.60 26.68 30.80
 8276.25 10.48  8.88  8.36  7.51  8.17  8.98 12.38 14.33 17.51 23.79 26.92 31.04
 8277.25 10.38  8.78  8.26  7.42  8.08  8.88 12.28 14.22 17.39 23.68 26.85 30.98
 8278.25  9.77  8.23  7.73  6.93  7.56  8.31 11.59 13.48 16.57 22.77 25.97 30.07
 8279.25  7.17  5.97  5.59  4.99  5.46  6.03  8.61 10.12 12.68 17.99 20.88 24.60
 8280.25  4.78  3.94  3.68  3.28  3.60  3.99  5.79  6.87  8.74 12.77 15.09 18.09
 8281.25  4.71  3.88  3.63  3.23  3.54  3.92  5.71  6.77  8.61 12.58 14.90 17.84
 8282.25  5.03  4.15  3.88  3.45  3.79  4.19  6.09  7.21  9.15 13.30 15.75 18.79
 8283.25  3.78  3.10  2.90  2.57  2.83  3.13  4.59  5.45  6.96 10.24 12.26 14.73
 8284.25  3.58  2.94  2.74  2.44  2.68  2.96  4.35  5.17  6.61  9.74 11.69 14.06
 8285.25  5.32  4.37  4.09  3.64  4.00  4.41  6.43  7.60  9.63 13.92 16.57 19.66
 8286.25  8.25  6.84  6.42  5.75  6.28  6.89  9.86 11.52 14.31 19.94 23.32 27.06
 8287.25  7.59  6.28  5.89  5.27  5.77  6.33  9.09 10.64 13.25 18.55 21.80 25.35
 8288.25  5.05  4.14  3.87  3.45  3.79  4.17  6.11  7.21  9.13 13.18 15.80 18.68
 8289.25  4.37  3.57  3.34  2.97  3.27  3.59  5.30  6.26  7.96 11.57 13.97 16.59
 8290.25  3.23  2.62  2.45  2.18  2.40  2.64  3.92  4.65  5.93  8.70 10.61 12.66
 8291.25  3.07  2.49  2.33  2.08  2.28  2.51  3.73  4.42  5.65  8.29 10.14 12.10
 8292.25  5.01  4.08  3.83  3.41  3.75  4.11  6.06  7.14  9.04 13.01 15.76 18.55
 8293.25  7.74  6.36  5.98  5.36  5.86  6.40  9.26 10.80 13.45 18.73 22.27 25.70
 8294.25  9.52  7.89  7.44  6.70  7.30  7.93 11.29 13.02 15.98 21.67 25.43 28.94
 8295.25 10.74  8.94  8.44  7.62  8.29  8.98 12.64 14.49 17.64 23.56 27.48 31.04
 8296.25 10.55  8.75  8.26  7.45  8.11  8.79 12.44 14.28 17.44 23.39 27.41 30.99
 8297.25  7.10  5.79  5.44  4.87  5.33  5.81  8.50  9.90 12.40 17.34 20.90 24.12
 8298.25  4.61  3.72  3.49  3.11  3.42  3.73  5.56  6.53  8.31 11.94 14.71 17.23
 8299.25  4.60  3.70  3.47  3.10  3.40  3.71  5.55  6.50  8.27 11.88 14.66 17.15
 8300.25  3.52  2.81  2.64  2.36  2.59  2.82  4.24  4.98  6.36  9.20 11.45 13.44
 8301.25  2.75  2.19  2.05  1.83  2.01  2.19  3.31  3.89  4.99  7.25  9.08 10.69
 8302.25  4.15  3.31  3.11  2.78  3.05  3.32  4.98  5.83  7.43 10.67 13.29 15.51
 8303.25  7.95  6.42  6.04  5.43  5.93  6.42  9.42 10.88 13.57 18.70 22.66 25.82
 8304.25  8.28  6.68  6.29  5.66  6.18  6.69  9.79 11.27 14.02 19.19 23.21 26.34
 8305.25  8.32  6.70  6.31  5.68  6.19  6.70  9.82 11.29 14.04 19.18 23.23 26.32
 8306.25  9.39  7.58  7.15  6.44  7.01  7.57 11.02 12.62 15.59 21.06 25.38 28.58
 8307.25 10.05  8.12  7.67  6.92  7.53  8.12 11.76 13.42 16.52 22.14 26.61 29.84
 8308.25 10.85  8.79  8.31  7.52  8.16  8.78 12.64 14.35 17.56 23.29 27.86 31.10
 8309.25 11.26  9.14  8.64  7.83  8.49  9.12 13.08 14.82 18.07 23.84 28.47 31.68
 8310.25 10.97  8.87  8.38  7.59  8.23  8.85 12.75 14.44 17.65 23.35 28.00 31.18
 8311.25  8.78  7.00  6.60  5.95  6.48  6.98 10.30 11.75 14.59 19.76 24.16 27.17
 8312.25  5.24  4.11  3.86  3.46  3.78  4.09  6.22  7.18  9.12 12.83 16.21 18.58
 8313.25  4.55  3.55  3.33  2.98  3.26  3.53  5.40  6.24  7.96 11.26 14.35 16.50
 8314.25  6.96  5.47  5.15  4.62  5.04  5.44  8.19  9.39 11.81 16.29 20.37 23.08
 8315.25 10.59  8.46  8.00  7.23  7.85  8.43 12.28 13.87 17.02 22.52 27.33 30.37
 8316.25 11.23  8.99  8.52  7.71  8.35  8.95 12.96 14.58 17.80 23.34 28.21 31.22
 8317.25 11.18  8.94  8.47  7.67  8.30  8.90 12.90 14.50 17.70 23.19 28.08 31.05
 8318.25 10.94  8.72  8.26  7.47  8.09  8.67 12.62 14.18 17.35 22.76 27.67 30.60
 8319.25 10.17  8.04  7.61  6.86  7.45  7.99 11.78 13.27 16.35 21.67 26.60 29.52
 8320.25  9.04  7.09  6.70  6.03  6.56  7.04 10.52 11.89 14.77 19.80 24.60 27.42
 8321.25  9.01  7.06  6.67  6.01  6.53  7.01 10.46 11.80 14.65 19.58 24.31 27.05
 8322.25 10.41  8.21  7.78  7.02  7.61  8.15 12.01 13.47 16.55 21.80 26.79 29.60
 8323.25 11.52  9.12  8.65  7.83  8.47  9.05 13.22 14.76 18.02 23.50 28.70 31.57
 8324.25 11.63  9.20  8.73  7.90  8.54  9.12 13.34 14.88 18.16 23.66 28.91 31.77
 8325.25 11.59  9.14  8.67  7.84  8.48  9.06 13.27 14.79 18.06 23.54 28.82 31.66
 8326.25 11.84  9.32  8.85  8.01  8.66  9.24 13.51 15.03 18.31 23.81 29.12 31.93
 8327.25 12.03  9.45  8.97  8.12  8.78  9.36 13.68 15.19 18.48 24.00 29.34 32.13
 8328.25 12.11  9.49  9.01  8.16  8.81  9.39 13.73 15.23 18.51 24.02 29.37 32.13
 8329.25 12.14  9.49  9.02  8.17  8.82  9.39 13.73 15.21 18.45 23.92 29.26 31.98
 8330.25 12.17  9.47  9.00  8.15  8.80  9.37 13.73 15.19 18.43 23.91 29.29 31.98
 8331.25 12.15  9.42  8.95  8.10  8.75  9.31 13.68 15.14 18.38 23.89 29.33 32.03
 8332.25 11.96  9.22  8.76  7.92  8.56  9.11 13.45 14.88 18.08 23.57 29.03 31.69
 8333.25 11.85  9.10  8.65  7.82  8.44  8.99 13.30 14.70 17.88 23.34 28.82 31.43
 8334.25 11.91  9.11  8.66  7.83  8.45  9.00 13.33 14.72 17.89 23.36 28.90 31.47
 8335.25 11.99  9.14  8.69  7.86  8.48  9.02 13.38 14.76 17.93 23.41 29.02 31.54
 8336.25 12.10  9.19  8.74  7.90  8.53  9.07 13.47 14.84 18.01 23.51 29.19 31.67
 8337.25 12.22  9.26  8.81  7.96  8.60  9.13 13.56 14.92 18.10 23.61 29.35 31.78
 8338.25 11.82  8.91  8.47  7.65  8.26  8.78 13.11 14.42 17.52 22.94 28.65 31.01
 8339.25 10.64  7.90  7.51  6.76  7.32  7.79 11.81 13.03 15.96 21.19 26.83 29.10
 8340.25 10.04  7.39  7.02  6.31  6.83  7.28 11.15 12.31 15.16 20.31 25.98 28.21
 8341.25 10.70  7.88  7.49  6.74  7.30  7.76 11.83 13.02 15.97 21.26 27.08 29.30
 8342.25 11.80  8.74  8.32  7.51  8.11  8.61 12.97 14.21 17.29 22.74 28.71 30.89
 8343.25 11.17  8.20  7.81  7.03  7.60  8.07 12.27 13.46 16.45 21.81 27.78 29.91
 8344.25  7.29  5.20  4.93  4.41  4.79  5.11  8.06  8.92 11.16 15.41 20.47 22.28
 8345.25  4.00  2.80  2.65  2.36  2.57  2.75  4.43  4.93  6.25  8.87 12.19 13.38
 8346.25  2.31  1.60  1.52  1.35  1.47  1.57  2.55  2.84  3.62  5.18  7.21  7.93
 8347.25  2.13  1.47  1.40  1.24  1.35  1.45  2.36  2.61  3.33  4.78  6.68  7.32
 8348.25  3.96  2.74  2.60  2.31  2.51  2.69  4.35  4.81  6.10  8.66 11.99 13.07
 8349.25  9.55  6.78  6.46  5.79  6.26  6.66 10.36 11.34 13.97 18.88 24.78 26.53
 8350.25 11.71  8.41  8.03  7.22  7.79  8.26 12.62 13.73 16.72 22.14 28.52 30.32
 8351.25  9.75  6.85  6.53  5.85  6.33  6.73 10.52 11.50 14.18 19.21 25.35 27.04
 8352.25  8.74  6.08  5.79  5.17  5.60  5.96  9.42 10.32 12.80 17.53 23.46 25.06
 8353.25  8.11  5.60  5.33  4.76  5.15  5.49  8.72  9.55 11.88 16.37 22.09 23.58
 8354.25  4.54  3.07  2.92  2.59  2.82  3.01  4.89  5.38  6.80  9.65 13.53 14.54
 8355.25  3.45  2.31  2.20  1.95  2.12  2.26  3.70  4.07  5.16  7.38 10.47 11.26
 8356.25  5.09  3.41  3.25  2.89  3.13  3.34  5.43  5.96  7.51 10.63 14.91 15.93
 8357.25  9.98  6.85  6.55  5.86  6.33  6.72 10.53 11.45 14.07 19.05 25.42 26.82
 8358.25 12.35  8.61  8.25  7.40  7.98  8.45 12.94 13.99 16.96 22.45 29.29 30.70
 8359.25 12.79  8.90  8.53  7.67  8.25  8.74 13.34 14.39 17.39 22.95 29.88 31.26
 8360.25 13.04  9.06  8.69  7.81  8.40  8.89 13.54 14.60 17.61 23.20 30.20 31.53
 8361.25 12.55  8.63  8.27  7.42  7.99  8.46 12.99 14.00 16.95 22.45 29.44 30.72
 8362.25 10.85  7.29  6.99  6.24  6.74  7.15 11.19 12.11 14.82 20.00 26.80 28.00
 8363.25  9.75  6.45  6.18  5.51  5.95  6.32 10.03 10.87 13.40 18.31 24.94 26.07
 8364.25 10.19  6.73  6.45  5.75  6.21  6.60 10.43 11.29 13.88 18.91 25.71 26.80
 8365.25  9.68  6.34  6.07  5.41  5.84  6.21  9.87 10.69 13.17 18.05 24.73 25.77
 8366.25  6.84  4.37  4.18  3.71  4.02  4.28  6.95  7.56  9.44 13.27 18.82 19.65
 8367.25  5.90  3.72  3.56  3.16  3.42  3.64  5.96  6.48  8.13 11.52 16.55 17.28
 8368.25  8.07  5.14  4.92  4.37  4.73  5.03  8.12  8.79 10.92 15.21 21.39 22.21
 8369.25 11.52  7.51  7.21  6.44  6.94  7.36 11.54 12.42 15.13 20.42 27.66 28.55
 8370.25 13.29  8.79  8.46  7.57  8.14  8.61 13.27 14.20 17.12 22.69 30.20 31.06
 8371.25 13.69  9.05  8.72  7.81  8.39  8.87 13.62 14.56 17.50 23.12 30.70 31.51
 8372.25 13.78  9.08  8.74  7.83  8.41  8.90 13.65 14.58 17.52 23.14 30.77 31.54
 8373.25 13.92  9.15  8.81  7.90  8.47  8.96 13.74 14.66 17.59 23.21 30.87 31.59
 8374.25 13.90  9.08  8.75  7.84  8.41  8.90 13.66 14.57 17.49 23.10 30.81 31.48
 8375.25 13.87  9.02  8.69  7.78  8.35  8.83 13.59 14.48 17.39 23.01 30.76 31.39
 8376.25 13.99  9.07  8.74  7.83  8.40  8.88 13.65 14.54 17.45 23.06 30.85 31.43
 8377.25 13.94  8.98  8.66  7.75  8.32  8.79 13.55 14.42 17.32 22.94 30.78 31.32
 8378.25 13.57  8.66  8.35  7.45  8.00  8.47 13.14 13.99 16.85 22.44 30.33 30.82
 8379.25 13.77  8.76  8.45  7.55  8.10  8.57 13.28 14.13 17.00 22.62 30.57 31.02
 8380.25 13.92  8.83  8.52  7.61  8.17  8.64 13.38 14.22 17.09 22.74 30.74 31.15
 8381.25 12.35  7.65  7.37  6.56  7.05  7.47 11.80 12.57 15.25 20.65 28.51 28.86
 8382.25 10.09  6.08  5.85  5.18  5.58  5.93  9.58 10.23 12.57 17.42 24.80 25.09
 8383.25  7.66  4.51  4.33  3.82  4.13  4.39  7.23  7.73  9.60 13.58 19.92 20.14
 8384.25  5.07  2.93  2.81  2.48  2.68  2.85  4.76  5.10  6.38  9.20 13.90 14.04
 8385.25  5.31  3.06  2.94  2.59  2.80  2.98  4.97  5.32  6.65  9.58 14.46 14.57
 8386.25  9.42  5.59  5.38  4.76  5.13  5.44  8.86  9.44 11.60 16.18 23.35 23.47
 8387.25 13.96  8.67  8.38  7.47  8.01  8.46 13.21 13.98 16.78 22.44 30.74 30.82
 8388.25 14.41  9.00  8.71  7.77  8.32  8.79 13.64 14.42 17.26 22.99 31.40 31.41
 8389.25 14.16  8.82  8.53  7.60  8.14  8.60 13.41 14.18 16.98 22.69 31.18 31.10
 8390.25 14.32  8.94  8.65  7.71  8.25  8.72 13.57 14.34 17.15 22.89 31.49 31.31
 8391.25 14.24  8.88  8.59  7.66  8.19  8.66 13.50 14.26 17.05 22.79 31.48 31.22
 8392.25 13.28  8.17  7.91  7.02  7.53  7.96 12.57 13.29 15.98 21.60 30.30 29.94
 8393.25 12.73  7.78  7.53  6.68  7.16  7.57 12.05 12.74 15.36 20.89 29.60 29.16
 8394.25 13.21  8.12  7.87  6.99  7.48  7.91 12.52 13.22 15.89 21.50 30.35 29.82
 8395.25 14.21  8.85  8.58  7.64  8.17  8.63 13.49 14.22 16.97 22.74 31.77 31.15
 8396.25 14.55  9.11  8.83  7.87  8.41  8.88 13.82 14.56 17.33 23.14 32.29 31.58
 8397.25 14.37  8.98  8.71  7.75  8.28  8.75 13.66 14.38 17.13 22.93 32.16 31.36
 8398.25 14.20  8.85  8.59  7.64  8.16  8.62 13.50 14.21 16.94 22.73 32.05 31.16
 8399.25 11.08  6.67  6.47  5.71  6.13  6.50 10.48 11.08 13.41 18.55 27.32 26.39
 8400.25  4.79  2.75  2.66  2.33  2.51  2.68  4.51  4.80  5.94  8.66 13.87 13.24
 8401.25  2.81  1.60  1.55  1.35  1.46  1.55  2.64  2.81  3.49  5.14  8.43  7.99
 8402.25  3.41  1.95  1.88  1.65  1.77  1.89  3.21  3.41  4.23  6.23 10.20  9.64
 8403.25  7.62  4.46  4.32  3.79  4.07  4.33  7.20  7.62  9.34 13.35 20.86 19.78
 8404.25 13.60  8.42  8.18  7.25  7.74  8.20 12.94 13.61 16.23 21.97 31.76 30.35
 8405.25 14.54  9.11  8.86  7.87  8.39  8.88 13.85 14.54 17.24 23.11 33.06 31.55
 8406.25 14.58  9.14  8.89  7.90  8.42  8.91 13.90 14.58 17.27 23.17 33.22 31.62
 8407.25 14.61  9.16  8.91  7.92  8.44  8.93 13.93 14.61 17.30 23.21 33.35 31.66
 8408.25 14.56  9.13  8.88  7.89  8.40  8.90 13.89 14.56 17.23 23.13 33.33 31.56
 8409.25 14.38  8.99  8.75  7.77  8.28  8.77 13.72 14.38 17.02 22.91 33.20 31.34
 8410.25 14.25  8.89  8.66  7.68  8.18  8.67 13.60 14.25 16.88 22.78 33.17 31.22
 8411.25 14.31  8.93  8.70  7.72  8.22  8.71 13.66 14.31 16.94 22.86 33.35 31.32
 8412.25 14.42  9.02  8.79  7.79  8.29  8.79 13.77 14.42 17.05 22.99 33.59 31.46
 8413.25 14.46  9.05  8.82  7.82  8.32  8.82 13.81 14.46 17.08 23.04 33.72 31.51
 8414.25 14.43  9.03  8.80  7.80  8.30  8.80 13.79 14.43 17.04 22.99 33.76 31.46
 8415.25 13.03  8.03  7.82  6.91  7.36  7.82 12.45 13.05 15.51 21.25 31.93 29.56
 8416.25  7.35  4.31  4.19  3.67  3.92  4.19  7.01  7.38  8.99 13.00 21.37 19.37
 8417.25  4.37  2.53  2.46  2.14  2.30  2.46  4.17  4.41  5.41  8.00 13.76 12.31
 8418.25  4.96  2.90  2.82  2.45  2.63  2.81  4.77  5.03  6.16  9.08 15.56 13.90
 8419.25  9.48  5.74  5.59  4.90  5.23  5.58  9.18  9.64 11.61 16.48 26.40 23.90
 8420.25 13.75  8.71  8.51  7.52  7.99  8.49 13.40 14.00 16.52 22.48 33.76 30.94
 8421.25 14.05  8.98  8.77  7.76  8.23  8.74 13.75 14.35 16.90 22.91 34.31 31.41
 8422.25 13.80  8.83  8.63  7.62  8.09  8.60 13.56 14.15 16.67 22.68 34.15 31.16
 8423.25 13.82  8.87  8.68  7.67  8.13  8.65 13.63 14.21 16.73 22.75 34.32 31.24
 8424.25 13.50  8.67  8.49  7.49  7.94  8.45 13.37 13.94 16.43 22.42 34.06 30.90
 8425.25 12.65  8.08  7.91  6.96  7.38  7.86 12.57 13.13 15.53 21.40 33.04 29.81
 8426.25 12.33  7.88  7.72  6.78  7.20  7.67 12.30 12.84 15.22 21.04 32.72 29.42
 8427.25 12.66  8.16  8.00  7.04  7.45  7.94 12.69 13.23 15.65 21.54 33.36 29.97
 8428.25 12.17  7.83  7.68  6.75  7.15  7.62 12.25 12.78 15.14 20.96 32.79 29.32
 8429.25 11.15  7.13  7.00  6.13  6.50  6.94 11.27 11.77 14.02 19.62 31.32 27.82
 8430.25  9.01  5.69  5.58  4.87  5.17  5.53  9.16  9.57 11.50 16.44 27.28 23.93
 8431.25  4.12  2.54  2.49  2.16  2.29  2.46  4.21  4.41  5.38  8.00 14.44 12.33
 8432.25  2.40  1.48  1.45  1.26  1.34  1.44  2.47  2.59  3.17  4.76  8.80  7.43
 8433.25  2.88  1.79  1.76  1.52  1.61  1.73  2.98  3.12  3.82  5.72 10.56  8.90
 8434.25  6.40  4.06  3.98  3.46  3.67  3.94  6.64  6.94  8.41 12.28 21.50 18.41
 8435.25 11.31  7.45  7.33  6.42  6.78  7.25 11.74 12.23 14.51 20.24 32.53 28.54
 8436.25 11.07  7.31  7.19  6.30  6.64  7.11 11.54 12.02 14.27 19.96 32.28 28.22
 8437.25 11.33  7.53  7.42  6.50  6.85  7.32 11.86 12.34 14.63 20.39 32.87 28.71
 8438.25 13.05  8.88  8.76  7.71  8.10  8.65 13.69 14.21 16.68 22.75 35.57 31.30
 8439.25 13.86  9.56  9.44  8.33  8.74  9.32 14.59 15.11 17.64 23.82 36.77 32.42
 8440.25 13.83  9.59  9.47  8.35  8.76  9.34 14.64 15.14 17.67 23.86 36.89 32.46
 8441.25 13.71  9.53  9.42  8.30  8.71  9.29 14.59 15.07 17.59 23.78 36.89 32.38
 8442.25 13.63  9.51  9.40  8.29  8.68  9.27 14.58 15.05 17.56 23.75 36.96 32.36
 8443.25 13.49  9.44  9.34  8.22  8.61  9.20 14.51 14.96 17.46 23.65 37.00 32.26
 8444.25 13.45  9.45  9.35  8.23  8.62  9.21 14.54 14.97 17.47 23.66 37.18 32.28
 8445.25 13.37  9.43  9.33  8.21  8.59  9.18 14.53 14.94 17.43 23.63 37.31 32.25
 8446.25 13.32  9.42  9.33  8.21  8.58  9.18 14.53 14.93 17.42 23.62 37.47 32.25
 8447.25 12.58  8.85  8.77  7.69  8.05  8.62 13.81 14.19 16.61 22.73 36.71 31.33
 8448.25 11.00  7.64  7.57  6.61  6.92  7.43 12.18 12.52 14.78 20.62 34.55 29.04
 8449.25 10.95  7.63  7.56  6.60  6.91  7.42 12.19 12.50 14.76 20.60 34.70 29.02
 8450.25 12.45  8.83  8.76  7.68  8.02  8.60 13.84 14.17 16.58 22.70 37.18 31.31
 8451.25 13.05  9.34  9.27  8.15  8.50  9.10 14.53 14.84 17.30 23.51 38.19 32.16
 8452.25 11.75  8.33  8.28  7.24  7.56  8.11 13.20 13.48 15.81 21.83 36.55 30.38
 8453.25  6.79  4.66  4.63  4.00  4.19  4.53  7.77  7.95  9.54 13.91 26.14 20.71
 8454.25  4.02  2.74  2.72  2.34  2.45  2.66  4.66  4.76  5.76  8.62 17.36 13.31
 8455.25  4.48  3.06  3.04  2.62  2.74  2.97  5.21  5.31  6.42  9.57 19.21 14.71
 8456.25  8.27  5.79  5.76  4.99  5.21  5.63  9.56  9.74 11.59 16.64 30.62 24.26
 8457.25 12.04  8.70  8.66  7.58  7.88  8.47 13.79 14.00 16.36 22.50 38.11 31.13
 8458.25 12.65  9.22  9.19  8.05  8.37  8.99 14.50 14.70 17.12 23.35 39.17 32.04
 8459.25 12.58  9.19  9.17  8.03  8.34  8.96 14.48 14.66 17.07 23.30 39.27 31.98
 8460.25 12.63  9.27  9.25  8.10  8.41  9.03 14.60 14.76 17.17 23.41 39.52 32.09
 8461.25 12.63  9.30  9.28  8.12  8.43  9.06 14.65 14.80 17.21 23.46 39.74 32.16
 8462.25 12.12  8.91  8.90  7.77  8.06  8.68 14.16 14.29 16.66 22.85 39.29 31.53
 8463.25 11.58  8.50  8.49  7.40  7.68  8.28 13.63 13.74 16.06 22.18 38.74 30.83
 8464.25 11.56  8.51  8.51  7.42  7.68  8.29 13.66 13.75 16.07 22.20 38.93 30.86
 8465.25 10.27  7.51  7.51  6.52  6.76  7.31 12.26 12.33 14.50 20.34 36.91 28.77
 8466.25  5.06  3.60  3.61  3.10  3.22  3.50  6.19  6.22  7.47 11.08 23.12 16.85
 8467.25  2.66  1.89  1.89  1.62  1.68  1.84  3.30  3.31  4.00  6.04 13.44  9.46
 8468.25  2.76  1.97  1.97  1.69  1.75  1.91  3.43  3.44  4.16  6.28 14.02  9.82
 8469.25  5.52  3.99  4.00  3.44  3.56  3.88  6.85  6.86  8.21 12.13 25.33 18.31
 8470.25 10.99  8.22  8.25  7.17  7.40  8.01 13.34 13.34 15.58 21.65 39.20 30.25
 8471.25 12.43  9.45  9.47  8.27  8.53  9.20 15.02 15.00 17.38 23.71 41.59 32.47
 8472.25 12.45  9.49  9.52  8.32  8.57  9.25 15.10 15.06 17.44 23.78 41.81 32.55
 8473.25 12.42  9.50  9.54  8.33  8.57  9.26 15.13 15.08 17.45 23.79 41.98 32.57
 8474.25 12.26  9.39  9.44  8.23  8.47  9.15 15.01 14.94 17.30 23.63 41.97 32.40
 8475.25 11.65  8.91  8.95  7.79  8.01  8.67 14.38 14.30 16.61 22.87 41.35 31.61
 8476.25 10.15  7.69  7.73  6.69  6.88  7.48 12.70 12.60 14.77 20.73 39.14 29.29
 8477.25  9.73  7.36  7.41  6.40  6.58  7.16 12.25 12.14 14.26 20.12 38.57 28.60
 8478.25 11.27  8.64  8.69  7.55  7.75  8.41 14.06 13.93 16.22 22.41 41.32 31.14
 8479.25 12.23  9.46  9.52  8.30  8.51  9.21 15.18 15.03 17.39 23.73 42.82 32.53
 8480.25 12.31  9.55  9.62  8.38  8.59  9.30 15.31 15.14 17.52 23.87 43.11 32.67
 8481.25 12.32  9.57  9.64  8.40  8.60  9.32 15.35 15.16 17.55 23.91 43.31 32.72
 8482.25 12.30  9.57  9.65  8.40  8.60  9.32 15.38 15.16 17.55 23.91 43.47 32.74
 8483.25 12.28  9.57  9.65  8.40  8.59  9.31 15.40 15.15 17.55 23.92 43.63 32.75
 8484.25 12.26  9.57  9.65  8.40  8.59  9.31 15.43 15.16 17.55 23.93 43.79 32.77
 8485.25 12.27  9.59  9.68  8.42  8.61  9.33 15.48 15.18 17.59 23.96 43.97 32.81
 8486.25 12.16  9.51  9.60  8.35  8.53  9.25 15.40 15.07 17.47 23.84 43.98 32.69
 8487.25 11.94  9.34  9.43  8.20  8.37  9.08 15.20 14.85 17.24 23.58 43.86 32.42
 8488.25 11.80  9.24  9.33  8.10  8.26  8.98 15.08 14.71 17.09 23.42 43.87 32.27
 8489.25 11.97  9.40  9.49  8.25  8.41  9.14 15.33 14.92 17.32 23.68 44.28 32.55
 8490.25 12.22  9.63  9.72  8.46  8.62  9.36 15.66 15.21 17.64 24.03 44.77 32.92
 8491.25 12.24  9.66  9.75  8.50  8.65  9.39 15.72 15.25 17.69 24.08 44.95 32.97
 8492.25 12.06  9.53  9.61  8.37  8.52  9.26 15.57 15.07 17.50 23.87 44.89 32.77
 8493.25 11.45  9.02  9.09  7.91  8.04  8.75 14.91 14.39 16.78 23.07 44.24 31.94
 8494.25  7.85  6.06  6.11  5.27  5.36  5.87 10.55 10.12 12.02 17.29 37.14 25.25
 8495.25  4.59  3.50  3.53  3.02  3.08  3.39  6.32  6.03  7.27 10.85 26.31 16.68
 8496.25  4.49  3.43  3.46  2.96  3.01  3.32  6.21  5.92  7.13 10.65 26.02 16.40
 8497.25  7.35  5.70  5.74  4.95  5.02  5.51 10.03  9.55 11.38 16.47 36.28 24.23
 8498.25 10.57  8.34  8.39  7.30  7.40  8.09 14.09 13.46 15.78 21.94 43.50 30.74
 8499.25 10.60  8.39  8.44  7.35  7.44  8.13 14.18 13.52 15.85 22.02 43.51 30.83
 8500.25 10.82  8.59  8.63  7.53  7.62  8.33 14.48 13.79 16.15 22.37 43.82 31.22
 8501.25 11.43  9.13  9.17  8.02  8.11  8.85 15.25 14.51 16.94 23.26 44.69 32.19
 8502.25 11.10  8.86  8.90  7.78  7.86  8.59 14.91 14.15 16.55 22.83 44.15 31.74
 8503.25 10.31  8.20  8.24  7.18  7.26  7.95 14.01 13.25 15.58 21.71 42.86 30.54
 8504.25  9.97  7.92  7.96  6.94  7.01  7.67 13.63 12.86 15.15 21.21 42.21 29.99
 8505.25  7.56  5.95  5.97  5.18  5.23  5.75 10.58  9.92 11.83 17.06 36.58 25.03
 8506.25  4.01  3.12  3.13  2.70  2.73  3.01  5.77  5.38  6.51  9.75 23.60 15.11
 8507.25  3.04  2.36  2.37  2.04  2.06  2.28  4.41  4.09  4.96  7.50 18.67 11.77
 8508.25  4.38  3.42  3.43  2.97  2.99  3.30  6.33  5.87  7.10 10.61 25.18 16.35
 8509.25  8.78  6.99  7.01  6.11  6.16  6.76 12.29 11.47 13.60 19.28 39.22 27.73
 8510.25 11.27  9.12  9.13  8.03  8.09  8.83 15.45 14.47 16.92 23.24 43.82 32.21
 8511.25 11.32  9.17  9.19  8.09  8.14  8.89 15.55 14.54 17.00 23.32 43.77 32.28
 8512.25 11.35  9.21  9.22  8.13  8.18  8.92 15.62 14.58 17.05 23.37 43.69 32.33
 8513.25 11.43  9.29  9.30  8.20  8.25  9.00 15.76 14.68 17.17 23.50 43.76 32.48
 8514.25 11.44  9.32  9.32  8.22  8.27  9.02 15.82 14.71 17.20 23.55 43.73 32.54
 8515.25 11.45  9.33  9.33  8.24  8.28  9.04 15.87 14.73 17.23 23.58 43.67 32.58
 8516.25 11.59  9.47  9.46  8.37  8.41  9.17 16.07 14.91 17.42 23.79 43.79 32.80
 8517.25 11.68  9.56  9.55  8.45  8.49  9.26 16.22 15.02 17.55 23.93 43.85 32.96
 8518.25 11.60  9.51  9.50  8.41  8.44  9.21 16.18 14.95 17.48 23.86 43.68 32.89
 8519.25 11.61  9.53  9.52  8.43  8.46  9.23 16.23 14.98 17.50 23.89 43.60 32.92
 8520.25 11.58  9.51  9.49  8.42  8.44  9.21 16.23 14.95 17.48 23.86 43.49 32.90
 8521.25 11.21  9.20  9.18  8.13  8.15  8.90 15.83 14.54 17.05 23.39 42.95 32.43
 8522.25 10.15  8.29  8.27  7.30  7.32  8.01 14.57 13.31 15.72 21.88 41.27 30.83
 8523.25  9.70  7.91  7.88  6.96  6.97  7.64 14.04 12.78 15.14 21.21 40.42 30.09
 8524.25 10.44  8.56  8.54  7.55  7.56  8.27 15.02 13.68 16.13 22.36 41.61 31.36
 8525.25 11.12  9.17  9.14  8.11  8.11  8.86 15.89 14.49 17.01 23.36 42.56 32.42
 8526.25 11.49  9.52  9.48  8.43  8.43  9.20 16.39 14.94 17.50 23.89 43.00 32.98
 8527.25 11.76  9.77  9.73  8.67  8.66  9.44 16.75 15.26 17.85 24.27 43.29 33.38
 8528.25 12.06 10.05 10.01  8.93  8.92  9.72 17.14 15.61 18.23 24.68 43.59 33.80
 8529.25 12.50 10.46 10.42  9.32  9.31 10.12 17.69 16.12 18.77 25.25 44.03 34.37
 8530.25 12.77 10.72 10.68  9.56  9.55 10.37 18.04 16.43 19.10 25.59 44.24 34.71
 8531.25 12.81 10.77 10.72  9.61  9.59 10.42 18.12 16.49 19.17 25.66 44.21 34.78
 8532.25 12.46 10.46 10.42  9.33  9.31 10.12 17.77 16.12 18.79 25.27 43.75 34.40
 8533.25 12.05 10.10 10.06  9.00  8.97  9.76 17.34 15.67 18.32 24.79 43.20 33.92
 8534.25 11.78  9.87  9.83  8.79  8.76  9.54 17.06 15.38 18.02 24.46 42.79 33.59
 8535.25 11.55  9.66  9.63  8.61  8.57  9.34 16.82 15.13 17.76 24.18 42.41 33.30
 8536.25 11.28  9.43  9.40  8.40  8.36  9.12 16.53 14.83 17.44 23.84 41.97 32.96
 8537.25 11.26  9.42  9.39  8.39  8.35  9.11 16.55 14.82 17.44 23.84 41.87 32.96
 8538.25 11.28  9.44  9.41  8.42  8.37  9.13 16.60 14.85 17.47 23.88 41.82 33.00
 8539.25 10.02  8.33  8.31  7.41  7.36  8.05 15.04 13.36 15.85 22.04 39.74 31.03
 8540.25  6.99  5.74  5.72  5.07  5.03  5.54 10.94  9.58 11.58 16.78 32.95 24.82
 8541.25  6.18  5.06  5.05  4.47  4.43  4.88  9.79  8.53 10.36 15.17 30.51 22.77
 8542.25  8.99  7.46  7.44  6.63  6.58  7.21 13.77 12.12 14.49 20.40 37.45 29.14
 8543.25 12.47 10.55 10.53  9.49  9.42 10.23 18.19 16.25 18.98 25.50 42.81 34.58
 8544.25 12.55 10.62 10.61  9.57  9.49 10.31 18.32 16.35 19.09 25.63 42.85 34.72
 8545.25 13.00 11.05 11.04  9.98  9.90 10.73 18.87 16.86 19.63 26.19 43.27 35.26
 8546.25 13.41 11.44 11.43 10.36 10.27 11.12 19.37 17.32 20.11 26.67 43.60 35.72
 8547.25 13.11 11.16 11.15 10.10 10.01 10.84 19.07 16.99 19.79 26.36 43.22 35.42
 8548.25 12.82 10.90 10.90  9.86  9.77 10.59 18.79 16.70 19.49 26.06 42.86 35.14
 8549.25 11.03  9.28  9.27  8.35  8.26  9.00 16.67 14.65 17.32 23.73 40.51 32.79
 8550.25  7.34  6.07  6.07  5.41  5.35  5.87 11.73 10.11 12.25 17.68 33.24 25.93
 8551.25  6.42  5.29  5.29  4.71  4.66  5.12 10.41  8.92 10.87 15.89 30.64 23.68
 8552.25  8.82  7.35  7.35  6.59  6.50  7.12 13.88 12.01 14.42 20.38 36.46 29.12
 8553.25 12.15 10.31 10.32  9.34  9.23 10.03 18.19 15.99 18.78 25.34 41.68 34.43
 8554.25 12.85 10.96 10.97  9.96  9.84 10.67 19.04 16.79 19.62 26.22 42.37 35.27
 8555.25 12.79 10.92 10.92  9.92  9.80 10.62 19.01 16.73 19.57 26.17 42.21 35.23
 8556.25 13.23 11.34 11.35 10.33 10.20 11.04 19.54 17.23 20.08 26.70 42.57 35.73
 8557.25 13.57 11.66 11.68 10.65 10.52 11.37 19.96 17.61 20.48 27.10 42.82 36.11
 8558.25 13.55 11.64 11.66 10.64 10.50 11.35 19.97 17.59 20.47 27.10 42.70 36.11
 8559.25 13.50 11.61 11.63 10.61 10.47 11.32 19.96 17.55 20.44 27.07 42.57 36.08
 8560.25 13.41 11.53 11.55 10.55 10.40 11.25 19.90 17.47 20.36 27.00 42.39 36.02
 8561.25 13.40 11.52 11.55 10.55 10.40 11.24 19.92 17.46 20.36 27.00 42.27 36.02
 8562.25 13.33 11.47 11.50 10.50 10.35 11.19 19.88 17.40 20.30 26.95 42.11 35.97
 8563.25 13.39 11.53 11.56 10.57 10.41 11.25 19.99 17.48 20.39 27.05 42.08 36.06
 8564.25 13.37 11.51 11.55 10.56 10.40 11.24 20.00 17.46 20.38 27.04 41.96 36.05
 8565.25 13.28 11.44 11.48 10.50 10.33 11.17 19.95 17.38 20.31 26.97 41.78 35.99
 8566.25 13.34 11.49 11.54 10.56 10.39 11.23 20.04 17.45 20.38 27.05 41.73 36.06
 8567.25 13.42 11.57 11.62 10.65 10.47 11.31 20.16 17.54 20.48 27.16 41.70 36.15
 8568.25 13.38 11.54 11.60 10.63 10.44 11.29 20.16 17.51 20.46 27.13 41.55 36.12
 8569.25 13.21 11.37 11.44 10.48 10.29 11.13 20.00 17.33 20.27 26.95 41.27 35.95
 8570.25 13.23 11.40 11.46 10.51 10.32 11.15 20.05 17.36 20.31 26.99 41.18 35.99
 8571.25 13.33 11.49 11.56 10.61 10.41 11.25 20.19 17.47 20.43 27.12 41.17 36.10
 8572.25 13.30 11.47 11.54 10.60 10.40 11.24 20.19 17.45 20.42 27.11 41.03 36.08
 8573.25 13.19 11.36 11.44 10.51 10.30 11.14 20.07 17.33 20.30 27.00 40.81 35.98
 8574.25 12.87 11.06 11.15 10.23 10.02 10.85 19.70 17.00 19.96 26.66 40.38 35.66
 8575.25 12.30 10.54 10.63  9.74  9.53 10.34 19.04 16.38 19.32 26.01 39.66 35.04
 8576.25 12.05 10.32 10.41  9.53  9.32 10.12 18.74 16.11 19.04 25.73 39.27 34.76
 8577.25 12.40 10.64 10.74  9.85  9.64 10.44 19.14 16.52 19.47 26.17 39.56 35.19
 8578.25 12.57 10.80 10.90 10.01  9.79 10.60 19.31 16.71 19.67 26.39 39.63 35.39
 8579.25 12.61 10.84 10.95 10.06  9.83 10.65 19.35 16.77 19.73 26.45 39.57 35.45
 8580.25 12.36 10.61 10.72  9.85  9.62 10.42 19.05 16.50 19.45 26.17 39.18 35.17
 8581.25 12.70 10.92 11.04 10.16  9.92 10.74 19.42 16.88 19.85 26.58 39.43 35.56
 8582.25 13.13 11.33 11.46 10.57 10.31 11.15 19.89 17.37 20.35 27.09 39.76 36.03
 8583.25 13.23 11.43 11.56 10.67 10.41 11.25 20.00 17.49 20.47 27.22 39.76 36.16
 8584.25 13.31 11.50 11.64 10.75 10.48 11.33 20.06 17.58 20.57 27.31 39.72 36.25
 8585.25 13.19 11.40 11.54 10.66 10.39 11.23 19.93 17.47 20.45 27.18 39.49 36.14
 8586.25 13.11 11.32 11.46 10.60 10.32 11.16 19.82 17.39 20.37 27.09 39.30 36.07
 8587.25 13.16 11.37 11.53 10.66 10.37 11.22 19.87 17.46 20.44 27.15 39.24 36.14
 8588.25 12.99 11.22 11.37 10.52 10.23 11.07 19.67 17.29 20.27 26.96 38.96 35.98
 8589.25 11.42  9.76  9.91  9.13  8.85  9.63 17.81 15.51 18.41 25.02 37.01 34.12
 8590.25  9.28  7.85  7.98  7.31  7.07  7.74 15.05 12.96 15.63 21.91 33.64 30.88
 8591.25  9.81  8.32  8.46  7.77  7.51  8.21 15.74 13.62 16.36 22.73 34.42 31.78
 8592.25 12.05 10.35 10.52  9.72  9.42 10.23 18.54 16.28 19.23 25.85 37.47 34.98
 8593.25 12.72 10.97 11.15 10.33 10.01 10.85 19.30 17.04 20.02 26.65 38.12 35.77
 8594.25 12.70 10.95 11.14 10.32  9.99 10.84 19.27 17.03 20.01 26.63 37.99 35.76
 8595.25 12.84 11.08 11.28 10.46 10.12 10.97 19.41 17.19 20.17 26.78 38.02 35.92
 8596.25 12.92 11.16 11.37 10.54 10.20 11.05 19.48 17.29 20.28 26.87 37.99 36.02
 8597.25 12.39 10.67 10.88 10.08  9.74 10.57 18.87 16.71 19.69 26.26 37.30 35.46
 8598.25 10.11  8.60  8.78  8.09  7.78  8.51 16.04 14.05 16.84 23.17 34.09 32.37
 8599.25  8.35  7.04  7.21  6.61  6.35  6.97 13.65 11.85 14.39 20.32 30.83 29.27
 8600.25  9.31  7.89  8.08  7.42  7.13  7.81 14.96 13.08 15.77 21.93 32.53 31.08
 8601.25 11.67 10.01 10.24  9.47  9.11  9.92 17.96 15.92 18.86 25.34 35.96 34.65
 8602.25 12.56 10.84 11.08 10.27  9.90 10.75 18.99 16.94 19.93 26.43 36.90 35.73
 8603.25 12.54 10.82 11.07 10.27  9.89 10.74 18.96 16.93 19.92 26.41 36.76 35.73
 8604.25 12.34 10.64 10.89 10.10  9.71 10.56 18.71 16.72 19.70 26.18 36.42 35.53
 8605.25 12.37 10.67 10.93 10.14  9.74 10.59 18.73 16.76 19.74 26.21 36.34 35.58
 8606.25 12.49 10.79 11.05 10.26  9.85 10.71 18.86 16.90 19.89 26.35 36.35 35.73
 8607.25 12.60 10.89 11.16 10.36  9.95 10.81 18.96 17.03 20.02 26.47 36.36 35.86
 8608.25 12.62 10.92 11.19 10.39  9.98 10.84 18.98 17.07 20.06 26.49 36.32 35.91
 8609.25 12.59 10.89 11.17 10.38  9.95 10.82 18.93 17.04 20.03 26.45 36.23 35.89
 8610.25 12.33 10.65 10.93 10.15  9.72 10.58 18.61 16.76 19.74 26.14 35.89 35.61
 8611.25 12.18 10.52 10.80 10.02  9.60 10.45 18.43 16.60 19.58 25.96 35.69 35.46
 8612.25 11.84 10.20 10.49  9.72  9.30 10.14 18.01 16.22 19.18 25.54 35.24 35.07
 8613.25 11.62 10.00 10.29  9.53  9.11  9.94 17.73 15.97 18.93 25.26 34.94 34.82
 8614.25 11.13  9.55  9.84  9.10  8.69  9.50 17.13 15.41 18.33 24.62 34.26 34.21
 8615.25 10.45  8.94  9.22  8.52  8.12  8.90 16.27 14.62 17.48 23.68 33.28 33.28
 8616.25  9.76  8.32  8.59  7.92  7.54  8.28 15.36 13.77 16.55 22.64 32.13 32.20
 8617.25  8.46  7.17  7.42  6.82  6.48  7.14 13.58 12.13 14.72 20.49 29.71 29.84
 8618.25  8.13  6.89  7.13  6.55  6.22  6.86 13.10 11.71 14.25 19.91 29.01 29.19
 8619.25  7.85  6.64  6.88  6.32  5.99  6.62 12.68 11.35 13.83 19.39 28.36 28.60
 8620.25  6.99  5.90  6.12  5.62  5.32  5.88 11.41 10.20 12.51 17.73 26.31 26.60
 8621.25  6.80  5.74  5.96  5.46  5.17  5.72 11.10  9.95 12.21 17.34 25.80 26.14
 8622.25  6.58  5.55  5.77  5.29  5.00  5.53 10.75  9.65 11.87 16.88 25.19 25.58
 8623.25  5.98  5.03  5.24  4.80  4.53  5.02  9.82  8.82 10.88 15.59 23.49 23.92
 8624.25  5.80  4.88  5.08  4.65  4.39  4.87  9.52  8.57 10.58 15.19 22.93 23.41
 8625.25  5.77  4.86  5.06  4.64  4.38  4.85  9.47  8.54 10.56 15.14 22.83 23.36
 8626.25  5.38  4.52  4.71  4.32  4.07  4.52  8.84  7.98  9.88 14.23 21.59 22.15
 8627.25  4.99  4.20  4.38  4.01  3.78  4.19  8.23  7.44  9.23 13.35 20.35 20.94
 8628.25  5.08  4.27  4.46  4.08  3.85  4.27  8.35  7.57  9.39 13.55 20.60 21.25
 8629.25  5.11  4.30  4.49  4.11  3.87  4.29  8.37  7.61  9.44 13.61 20.64 21.35
 8630.25  4.55  3.82  3.99  3.65  3.44  3.82  7.47  6.81  8.46 12.27 18.76 19.47
 8631.25  4.51  3.79  3.96  3.63  3.41  3.79  7.40  6.75  8.40 12.17 18.60 19.34
 8632.25  4.90  4.14  4.32  3.95  3.72  4.13  8.01  7.33  9.10 13.13 19.89 20.73
 8633.25  4.75  4.00  4.18  3.83  3.60  4.00  7.74  7.11  8.83 12.75 19.34 20.21
 8634.25  4.27  3.61  3.76  3.45  3.24  3.60  6.99  6.43  8.00 11.60 17.71 18.57
 8635.25  4.51  3.81  3.97  3.64  3.42  3.80  7.34  6.77  8.42 12.17 18.48 19.41
 8636.25  5.23  4.43  4.62  4.24  3.99  4.42  8.45  7.82  9.70 13.90 20.81 21.88
 8637.25  4.72  3.99  4.17  3.82  3.59  3.98  7.64  7.08  8.80 12.68 19.11 20.17
 8638.25  4.41  3.74  3.90  3.57  3.36  3.73  7.15  6.64  8.27 11.95 18.07 19.13
 8639.25  5.02  4.26  4.44  4.08  3.83  4.25  8.07  7.53  9.34 13.41 20.03 21.23
 8640.25  6.19  5.27  5.49  5.05  4.75  5.26  9.82  9.20 11.35 16.05 23.47 24.85
 8641.25  5.52  4.70  4.90  4.50  4.22  4.68  8.80  8.26 10.22 14.57 21.51 22.88
 8642.25  5.35  4.55  4.75  4.36  4.09  4.54  8.53  8.02  9.93 14.19 20.97 22.37
 8643.25  5.87  5.01  5.22  4.80  4.50  4.99  9.29  8.77 10.83 15.37 22.47 23.99
 8644.25  6.26  5.35  5.57  5.12  4.81  5.33  9.84  9.32 11.48 16.21 23.51 25.12
 8645.25  7.50  6.44  6.70  6.18  5.80  6.42 11.60 11.03 13.48 18.72 26.53 28.29
 8646.25  9.00  7.78  8.09  7.48  7.04  7.75 13.64 13.03 15.76 21.43 29.59 31.47
 8647.25  8.97  7.76  8.06  7.46  7.02  7.73 13.57 13.00 15.72 21.38 29.49 31.43
 8648.25  6.59  5.65  5.88  5.42  5.08  5.63 10.23  9.79 12.04 16.88 24.15 26.01
 8649.25  5.11  4.37  4.56  4.19  3.92  4.35  8.05  7.71  9.56 13.66 20.00 21.73
 8650.25  5.63  4.83  5.03  4.63  4.33  4.81  8.81  8.46 10.47 14.86 21.54 23.40
 8651.25  4.39  3.76  3.91  3.60  3.37  3.74  6.92  6.66  8.29 11.91 17.56 19.22
 8652.25  3.26  2.79  2.91  2.67  2.50  2.78  5.18  4.99  6.24  9.07 13.55 14.95
 8653.25  3.36  2.87  2.99  2.75  2.57  2.86  5.31  5.13  6.42  9.31 13.88 15.34
 8654.25  4.32  3.70  3.86  3.55  3.32  3.69  6.77  6.56  8.18 11.75 17.24 19.04
 8655.25  5.50  4.74  4.93  4.54  4.24  4.71  8.53  8.30 10.28 14.58 20.99 23.13
 8656.25  4.14  3.56  3.70  3.41  3.18  3.54  6.47  6.31  7.87 11.32 16.59 18.45
 8657.25  3.43  2.95  3.07  2.83  2.63  2.93  5.38  5.26  6.58  9.52 14.06 15.75
 8658.25  3.45  2.96  3.09  2.84  2.65  2.95  5.39  5.28  6.61  9.56 14.09 15.83
 8659.25  4.80  4.14  4.30  3.97  3.70  4.12  7.41  7.29  9.05 12.92 18.63 20.85
 8660.25  5.47  4.73  4.92  4.54  4.23  4.71  8.39  8.28 10.25 14.51 20.69 23.14
 8661.25  3.84  3.31  3.44  3.17  2.95  3.29  5.94  5.87  7.34 10.56 15.39 17.43
 8662.25  3.33  2.87  2.99  2.76  2.56  2.86  5.17  5.12  6.41  9.27 13.57 15.45
 8663.25  3.57  3.08  3.21  2.96  2.75  3.07  5.52  5.49  6.86  9.89 14.41 16.44
 8664.25  5.62  4.87  5.07  4.68  4.36  4.85  8.53  8.50 10.51 14.81 20.93 23.62
 8665.25  6.02  5.23  5.43  5.02  4.68  5.20  9.09  9.07 11.19 15.71 22.05 24.88
 8666.25  3.88  3.36  3.49  3.22  2.99  3.34  5.96  5.95  7.43 10.68 15.46 17.72
 8667.25  3.36  2.91  3.03  2.79  2.59  2.89  5.18  5.18  6.48  9.35 13.63 15.69
 8668.25  3.68  3.19  3.32  3.06  2.85  3.17  5.65  5.66  7.08 10.18 14.76 17.00
 8669.25  5.65  4.92  5.11  4.73  4.40  4.89  8.53  8.56 10.59 14.91 20.99 23.92
 8670.25  6.17  5.38  5.58  5.18  4.82  5.35  9.26  9.32 11.49 16.08 22.46 25.55
 8671.25  4.21  3.66  3.80  3.52  3.26  3.64  6.42  6.47  8.06 11.53 16.56 19.13
 8672.25  3.60  3.13  3.25  3.00  2.79  3.11  5.50  5.55  6.94  9.98 14.43 16.77
 8673.25  3.82  3.32  3.45  3.19  2.96  3.31  5.82  5.89  7.36 10.55 15.21 17.68
 8674.25  5.77  5.05  5.23  4.86  4.51  5.02  8.65  8.77 10.82 15.18 21.24 24.40
 8675.25  7.82  6.88  7.12  6.63  6.17  6.84 11.48 11.65 14.20 19.43 26.39 29.96
 8676.25  5.49  4.80  4.98  4.62  4.29  4.77  8.23  8.37 10.36 14.57 20.46 23.65
 8677.25  4.20  3.66  3.80  3.52  3.26  3.64  6.34  6.47  8.07 11.51 16.46 19.24
 8678.25  4.12  3.60  3.74  3.47  3.21  3.58  6.23  6.37  7.94 11.33 16.21 19.00
 8679.25  5.38  4.71  4.88  4.54  4.20  4.68  8.03  8.22 10.18 14.32 20.09 23.37
 8680.25  8.10  7.16  7.40  6.90  6.42  7.12 11.78 12.06 14.67 19.93 26.86 30.68
 8681.25  7.48  6.60  6.82  6.36  5.91  6.56 10.93 11.21 13.70 18.75 25.48 29.28
 8682.25  5.34  4.69  4.86  4.52  4.18  4.67  7.96  8.20 10.16 14.27 20.00 23.41
 8683.25  4.76  4.18  4.33  4.03  3.72  4.16  7.12  7.35  9.14 12.91 18.24 21.49
 8684.25  5.24  4.61  4.77  4.44  4.11  4.58  7.80  8.06 10.00 14.04 19.68 23.14
 8685.25  7.49  6.63  6.85  6.40  5.93  6.59 10.89 11.25 13.75 18.77 25.41 29.40
 8686.25  9.24  8.22  8.48  7.96  7.39  8.18 13.16 13.60 16.41 21.89 28.91 33.08
 8687.25  7.64  6.77  6.99  6.54  6.06  6.73 11.06 11.47 14.00 19.06 25.72 29.82
 8688.25  5.94  5.24  5.42  5.07  4.67  5.21  8.73  9.09 11.24 15.62 21.60 25.44
 8689.25  5.62  4.96  5.13  4.80  4.42  4.94  8.28  8.64 10.70 14.92 20.72 24.51
 8690.25  6.55  5.80  5.99  5.61  5.17  5.76  9.54  9.97 12.27 16.91 23.14 27.20
 8691.25  8.85  7.89  8.14  7.65  7.08  7.85 12.58 13.12 15.88 21.24 28.09 32.48
 8692.25  9.63  8.61  8.87  8.36  7.74  8.57 13.54 14.13 17.01 22.52 29.46 33.93
 8693.25  8.35  7.44  7.68  7.22  6.67  7.40 11.91 12.47 15.16 20.40 27.13 31.59
 8694.25  6.97  6.19  6.39  6.00  5.53  6.16 10.07 10.59 13.01 17.82 24.15 28.50
 8695.25  6.61  5.87  6.06  5.70  5.24  5.84  9.58 10.10 12.44 17.11 23.29 27.61
 8696.25  7.27  6.47  6.68  6.28  5.78  6.44 10.45 11.03 13.52 18.43 24.82 29.31
 8697.25  8.33  7.44  7.67  7.23  6.67  7.41 11.83 12.49 15.19 20.42 27.07 31.74
 8698.25  8.02  7.16  7.38  6.96  6.41  7.13 11.41 12.07 14.72 19.87 26.43 31.12
 8699.25  7.46  6.66  6.87  6.47  5.95  6.63 10.67 11.32 13.86 18.84 25.24 29.91
 8700.25  7.39  6.59  6.80  6.41  5.89  6.57 10.55 11.22 13.75 18.70 25.05 29.76
 8701.25  7.29  6.51  6.71  6.33  5.81  6.48 10.40 11.09 13.60 18.51 24.81 29.55
 8702.25  6.85  6.12  6.31  5.95  5.45  6.10  9.81 10.49 12.90 17.66 23.79 28.50
 8703.25  7.31  6.54  6.74  6.37  5.83  6.52 10.41 11.14 13.66 18.57 24.84 29.67
 8704.25  8.65  7.76  8.00  7.57  6.95  7.74 12.13 12.96 15.73 21.02 27.58 32.61
 8705.25  9.31  8.37  8.62  8.18  7.51  8.35 12.94 13.82 16.70 22.12 28.75 33.86
 8706.25  8.94  8.04  8.28  7.85  7.20  8.02 12.47 13.36 16.19 21.54 28.10 33.25
 8707.25  8.52  7.66  7.89  7.48  6.85  7.64 11.92 12.81 15.58 20.83 27.30 32.48
 8708.25  7.88  7.08  7.29  6.91  6.32  7.06 11.09 11.96 14.61 19.69 26.00 31.17
 8709.25  7.02  6.29  6.48  6.14  5.60  6.28  9.95 10.76 13.23 18.03 24.07 29.14
 8710.25  7.09  6.36  6.56  6.22  5.67  6.35 10.04 10.87 13.37 18.19 24.23 29.37
 8711.25  8.35  7.52  7.74  7.36  6.71  7.51 11.67 12.60 15.35 20.54 26.88 32.25
 8712.25  9.26  8.36  8.61  8.19  7.49  8.35 12.81 13.82 16.71 22.10 28.56 34.05
 8713.25  9.21  8.32  8.57  8.15  7.45  8.31 12.74 13.76 16.65 22.03 28.46 34.03
 8714.25  9.19  8.30  8.55  8.14  7.43  8.30 12.70 13.74 16.63 22.00 28.41 34.05
 8715.25  9.44  8.54  8.79  8.38  7.65  8.54 13.00 14.07 16.99 22.40 28.81 34.55
 8716.25  9.62  8.71  8.97  8.55  7.81  8.71 13.22 14.31 17.26 22.69 29.10 34.91
 8717.25  9.62  8.71  8.96  8.55  7.80  8.71 13.20 14.31 17.25 22.68 29.07 34.96
 8718.25  9.63  8.72  8.97  8.57  7.81  8.72 13.20 14.33 17.28 22.71 29.08 35.04
 8719.25  9.52  8.62  8.87  8.47  7.72  8.63 13.06 14.21 17.13 22.54 28.90 34.92
 8720.25  9.52  8.62  8.87  8.47  7.71  8.63 13.04 14.21 17.13 22.54 28.88 34.97
 8721.25  9.62  8.71  8.96  8.56  7.80  8.72 13.15 14.34 17.27 22.69 29.04 35.19
 8722.25  9.73  8.82  9.07  8.66  7.89  8.83 13.28 14.50 17.44 22.87 29.22 35.43
 8723.25  9.75  8.84  9.10  8.68  7.91  8.85 13.29 14.53 17.48 22.90 29.25 35.53
 8724.25  9.67  8.77  9.02  8.61  7.84  8.78 13.18 14.44 17.37 22.78 29.11 35.45
 8725.25  9.62  8.72  8.97  8.55  7.79  8.73 13.10 14.38 17.29 22.70 29.02 35.42
 8726.25  9.61  8.71  8.96  8.55  7.79  8.73 13.09 14.38 17.29 22.69 29.00 35.47
 8727.25  9.33  8.45  8.69  8.28  7.54  8.47 12.72 14.02 16.88 22.24 28.52 35.03
 8728.25  8.78  7.95  8.18  7.79  7.08  7.96 12.04 13.32 16.09 21.35 27.54 34.10
 8729.25  8.55  7.73  7.96  7.57  6.88  7.75 11.74 13.01 15.74 20.95 27.10 33.70
 8730.25  9.26  8.39  8.63  8.22  7.48  8.41 12.60 13.96 16.78 22.13 28.37 35.07
 8731.25  9.81  8.91  9.16  8.73  7.96  8.93 13.26 14.68 17.56 23.00 29.28 36.06
 8732.25  9.88  8.98  9.22  8.79  8.02  9.00 13.34 14.78 17.65 23.10 29.38 36.22
 8733.25  9.89  8.99  9.23  8.79  8.02  9.01 13.33 14.79 17.66 23.11 29.38 36.28
 8734.25  9.95  9.05  9.29  8.85  8.07  9.07 13.39 14.88 17.74 23.20 29.47 36.42
 8735.25  9.84  8.95  9.19  8.74  7.98  8.97 13.24 14.75 17.58 23.03 29.28 36.29
 8736.25  9.69  8.81  9.04  8.60  7.84  8.83 13.05 14.56 17.36 22.79 29.02 36.09
 8737.25  9.69  8.82  9.05  8.61  7.85  8.84 13.04 14.57 17.37 22.80 29.02 36.16
 8738.25  9.62  8.75  8.98  8.54  7.79  8.78 12.94 14.49 17.27 22.70 28.90 36.09
 8739.25  9.11  8.27  8.49  8.07  7.35  8.30 12.30 13.83 16.53 21.87 28.01 35.25
 8740.25  8.81  8.00  8.21  7.79  7.09  8.03 11.93 13.45 16.10 21.38 27.47 34.75
 8741.25  8.82  8.01  8.22  7.80  7.10  8.04 11.92 13.46 16.10 21.38 27.47 34.81
 8742.25  8.60  7.81  8.02  7.60  6.92  7.84 11.65 13.18 15.78 21.01 27.06 34.44
 8743.25  8.69  7.90  8.11  7.68  6.99  7.93 11.75 13.31 15.91 21.15 27.22 34.66
 8744.25  9.20  8.38  8.59  8.15  7.42  8.41 12.36 13.99 16.66 21.98 28.12 35.65
 8745.25  9.09  8.27  8.48  8.04  7.32  8.30 12.21 13.85 16.49 21.78 27.91 35.50
 8746.25  9.27  8.43  8.65  8.20  7.46  8.47 12.40 14.08 16.73 22.04 28.19 35.84
 8747.25  9.52  8.67  8.88  8.42  7.68  8.70 12.69 14.41 17.08 22.42 28.60 36.31
 8748.25  9.57  8.71  8.93  8.46  7.71  8.75 12.73 14.48 17.14 22.47 28.66 36.43
 8749.25  9.53  8.67  8.89  8.42  7.67  8.71 12.66 14.43 17.07 22.39 28.57 36.40
 8750.25  9.66  8.79  9.00  8.53  7.78  8.83 12.80 14.59 17.24 22.56 28.76 36.65
 8751.25  9.54  8.68  8.89  8.41  7.67  8.72 12.63 14.44 17.06 22.35 28.54 36.49
 8752.25  8.79  7.98  8.18  7.73  7.03  8.02 11.72 13.47 15.99 21.13 27.24 35.21
 8753.25  8.88  8.06  8.26  7.81  7.10  8.10 11.81 13.59 16.11 21.26 27.38 35.42
 8754.25  9.69  8.81  9.02  8.54  7.78  8.86 12.77 14.64 17.25 22.53 28.74 36.87
 8755.25  9.90  9.01  9.22  8.73  7.96  9.05 13.01 14.91 17.53 22.83 29.06 37.25
 8756.25  9.95  9.05  9.26  8.76  7.99  9.10 13.05 14.98 17.58 22.87 29.11 37.36
 8757.25  9.90  9.00  9.21  8.71  7.94  9.05 12.98 14.91 17.51 22.77 29.01 37.31
 8758.25  9.68  8.80  9.00  8.50  7.75  8.84 12.71 14.63 17.19 22.42 28.64 37.00
 8759.25  7.98  7.22  7.39  6.96  6.32  7.26 10.62 12.35 14.66 19.50 25.43 33.67
 8760.25  4.58  4.12  4.22  3.96  3.57  4.14  6.24  7.37  8.91 12.31 16.77 23.49
 8761.25  3.40  3.05  3.13  2.93  2.64  3.07  4.65  5.52  6.71  9.37 12.95 18.53
 8762.25  3.14  2.82  2.89  2.70  2.44  2.84  4.29  5.11  6.21  8.68 12.03 17.32
 8763.25  2.29  2.05  2.10  1.97  1.77  2.07  3.14  3.74  4.55  6.39  8.93 13.03
 8764.25  2.33  2.09  2.14  2.00  1.80  2.10  3.18  3.81  4.63  6.49  9.07 13.26
 8765.25  4.09  3.67  3.75  3.51  3.17  3.69  5.54  6.60  7.96 11.00 15.10 21.53
 8766.25  6.85  6.18  6.31  5.92  5.36  6.21  9.14 10.79 12.82 17.24 22.89 31.26
 8767.25  5.78  5.20  5.32  4.97  4.50  5.23  7.75  9.20 10.98 14.92 20.07 27.93
 8768.25  3.22  2.89  2.95  2.76  2.49  2.91  4.37  5.25  6.33  8.81 12.22 17.82
 8769.25  2.26  2.02  2.07  1.93  1.74  2.03  3.07  3.70  4.47  6.25  8.75 12.98
 8770.25  1.91  1.71  1.74  1.62  1.47  1.72  2.59  3.13  3.78  5.29  7.43 11.11
 8771.25  2.63  2.36  2.40  2.24  2.02  2.37  3.56  4.30  5.18  7.22 10.09 15.00
 8772.25  5.37  4.82  4.92  4.59  4.16  4.85  7.17  8.59 10.22 13.91 18.83 26.83
 8773.25  7.99  7.22  7.34  6.88  6.26  7.26 10.49 12.43 14.57 19.27 25.26 34.54
 8774.25  9.48  8.59  8.74  8.20  7.49  8.64 12.27 14.44 16.76 21.76 28.01 37.55
 8775.25  9.88  8.97  9.11  8.56  7.82  9.02 12.73 14.96 17.30 22.35 28.65 38.30
 8776.25  8.71  7.88  8.00  7.50  6.84  7.92 11.32 13.42 15.61 20.44 26.59 36.27
 8777.25  5.00  4.49  4.56  4.26  3.86  4.52  6.66  8.05  9.54 13.00 17.73 25.87
 8778.25  2.90  2.60  2.64  2.45  2.22  2.61  3.89  4.75  5.67  7.87 11.02 16.79
 8779.25  2.55  2.28  2.31  2.15  1.95  2.29  3.42  4.19  4.99  6.94  9.75 15.01
 8780.25  2.02  1.80  1.83  1.70  1.54  1.81  2.71  3.32  3.96  5.52  7.80 12.13
 8781.25  2.10  1.88  1.91  1.77  1.60  1.89  2.82  3.46  4.12  5.74  8.10 12.64
 8782.25  4.22  3.78  3.83  3.57  3.24  3.80  5.61  6.86  8.09 11.08 15.29 23.02
 8783.25  8.87  8.02  8.11  7.60  6.94  8.06 11.43 13.66 15.75 20.54 26.77 37.15
 8784.25 10.29  9.34  9.44  8.86  8.12  9.38 13.09 15.53 17.74 22.77 29.19 39.75
 8785.25 10.36  9.41  9.50  8.92  8.18  9.44 13.17 15.63 17.83 22.85 29.29 39.95
 8786.25 10.07  9.13  9.22  8.64  7.93  9.16 12.82 15.26 17.42 22.41 28.84 39.60
 8787.25  9.73  8.82  8.90  8.34  7.64  8.85 12.42 14.84 16.96 21.89 28.31 39.17
 8788.25  9.75  8.84  8.91  8.35  7.65  8.87 12.43 14.88 16.98 21.91 28.34 39.30
 8789.25  9.75  8.84  8.90  8.34  7.65  8.86 12.42 14.88 16.97 21.89 28.34 39.40
 8790.25  9.55  8.65  8.70  8.15  7.47  8.67 12.16 14.62 16.67 21.55 27.99 39.15
 8791.25  8.34  7.53  7.58  7.08  6.48  7.55 10.71 13.00 14.89 19.51 25.75 36.87
 8792.25  4.80  4.31  4.33  4.03  3.67  4.31  6.30  7.80  9.07 12.33 17.04 26.28
 8793.25  3.00  2.68  2.70  2.50  2.27  2.69  3.96  4.95  5.78  7.97 11.27 18.14
 8794.25  3.43  3.07  3.08  2.86  2.60  3.07  4.51  5.64  6.57  9.03 12.72 20.36
 8795.25  6.60  5.94  5.96  5.55  5.07  5.94  8.53 10.52 12.09 16.11 21.78 32.60
 8796.25  9.85  8.94  8.96  8.39  7.71  8.94 12.45 15.06 17.02 21.91 28.44 40.21
 8797.25 10.20  9.26  9.27  8.69  7.99  9.25 12.84 15.50 17.48 22.40 28.98 40.85
 8798.25 10.15  9.22  9.22  8.64  7.95  9.21 12.78 15.45 17.41 22.32 28.90 40.87
 8799.25 10.16  9.23  9.22  8.64  7.95  9.21 12.77 15.47 17.40 22.31 28.90 40.96
 8800.25 10.03  9.11  9.10  8.53  7.84  9.09 12.62 15.31 17.22 22.11 28.70 40.86
 8801.25 10.04  9.13  9.11  8.53  7.85  9.10 12.62 15.33 17.23 22.11 28.71 40.97
 8802.25 10.20  9.28  9.25  8.67  7.98  9.25 12.79 15.54 17.43 22.32 28.94 41.29
 8803.25 10.04  9.13  9.09  8.52  7.83  9.09 12.59 15.34 17.19 22.05 28.67 41.11
 8804.25  9.69  8.80  8.76  8.20  7.54  8.77 12.18 14.90 16.71 21.52 28.10 40.64
 8805.25  9.93  9.03  8.98  8.41  7.74  8.99 12.45 15.21 17.02 21.85 28.47 41.09
 8806.25 10.32  9.40  9.34  8.76  8.06  9.35 12.88 15.71 17.53 22.40 29.05 41.76
 8807.25 10.38  9.46  9.40  8.81  8.11  9.41 12.95 15.80 17.60 22.47 29.14 41.94
 8808.25 10.32  9.41  9.34  8.75  8.06  9.35 12.87 15.73 17.52 22.38 29.05 41.95
 8809.25 10.26  9.36  9.28  8.70  8.01  9.30 12.80 15.67 17.43 22.28 28.96 41.96
 8810.25  9.47  8.62  8.55  7.99  7.35  8.56 11.88 14.66 16.35 21.07 27.68 40.77
 8811.25  7.65  6.93  6.86  6.40  5.86  6.88  9.71 12.16 13.66 17.97 24.21 37.10
 8812.25  6.73  6.09  6.03  5.61  5.13  6.04  8.59 10.84 12.21 16.23 22.16 34.79
 8813.25  7.43  6.74  6.66  6.20  5.68  6.67  9.43 11.85 13.30 17.54 23.73 36.73
 8814.25  9.19  8.38  8.28  7.74  7.11  8.30 11.52 14.30 15.92 20.57 27.18 40.62
 8815.25 10.02  9.16  9.04  8.47  7.80  9.07 12.48 15.39 17.06 21.84 28.56 42.12
 8816.25 10.14  9.27  9.15  8.57  7.89  9.18 12.61 15.55 17.21 22.00 28.73 42.39
 8817.25 10.26  9.39  9.26  8.67  7.99  9.29 12.73 15.70 17.36 22.16 28.91 42.66
 8818.25 10.28  9.42  9.28  8.69  8.01  9.31 12.75 15.73 17.38 22.17 28.94 42.77
 8819.25 10.15  9.30  9.16  8.57  7.90  9.19 12.60 15.57 17.20 21.97 28.73 42.66
 8820.25 10.02  9.18  9.04  8.46  7.79  9.07 12.44 15.41 17.02 21.77 28.53 42.56
 8821.25  9.91  9.08  8.93  8.35  7.70  8.96 12.31 15.27 16.86 21.59 28.36 42.49
 8822.25  9.62  8.82  8.66  8.10  7.46  8.69 11.97 14.90 16.47 21.15 27.89 42.12
 8823.25  8.90  8.15  8.00  7.46  6.87  8.03 11.13 13.95 15.45 19.99 26.64 40.91
 8824.25  7.87  7.18  7.04  6.56  6.03  7.07  9.90 12.52 13.91 18.21 24.63 38.81
 8825.25  7.60  6.94  6.80  6.33  5.82  6.83  9.57 12.15 13.50 17.72 24.08 38.28
 8826.25  6.54  5.96  5.83  5.42  4.97  5.85  8.27 10.57 11.79 15.63 21.56 35.31
 8827.25  3.67  3.34  3.26  3.02  2.76  3.27  4.70  6.11  6.87  9.33 13.37 23.77
 8828.25  1.97  1.79  1.75  1.62  1.48  1.76  2.54  3.32  3.74  5.13  7.47 13.91
 8829.25  1.26  1.15  1.12  1.04  0.95  1.12  1.62  2.13  2.40  3.30  4.83  9.16
 8830.25  1.51  1.37  1.33  1.23  1.13  1.34  1.93  2.54  2.86  3.93  5.74 10.92
 8831.25  3.56  3.24  3.16  2.93  2.68  3.17  4.54  5.93  6.65  9.01 12.92 23.49
 8832.25  7.03  6.43  6.26  5.83  5.36  6.29  8.84 11.33 12.57 16.55 22.78 37.93
 8833.25  6.70  6.12  5.96  5.54  5.10  5.99  8.43 10.84 12.05 15.90 22.01 37.17
 8834.25  6.00  5.48  5.33  4.95  4.55  5.35  7.57  9.79 10.90 14.48 20.25 35.05
 8835.25  5.00  4.56  4.43  4.11  3.78  4.45  6.33  8.25  9.20 12.33 17.49 31.38
 8836.25  5.21  4.76  4.62  4.29  3.94  4.64  6.59  8.58  9.56 12.78 18.10 32.42
 8837.25  4.27  3.90  3.79  3.51  3.23  3.80  5.42  7.10  7.92 10.65 15.26 28.20
 8838.25  2.31  2.11  2.04  1.89  1.73  2.05  2.94  3.89  4.35  5.93  8.68 17.09
 8839.25  2.10  1.92  1.86  1.72  1.58  1.86  2.68  3.54  3.97  5.40  7.93 15.79
 8840.25  3.74  3.42  3.31  3.07  2.82  3.32  4.74  6.24  6.96  9.37 13.53 25.81
 8841.25  7.85  7.23  7.01  6.53  6.03  7.03  9.77 12.52 13.79 17.89 24.44 41.37
 8842.25  9.91  9.17  8.90  8.32  7.71  8.93 12.17 15.35 16.78 21.31 28.31 45.75
 8843.25 10.19  9.44  9.16  8.56  7.95  9.18 12.48 15.71 17.15 21.70 28.74 46.33
 8844.25 10.27  9.53  9.24  8.64  8.02  9.26 12.57 15.83 17.26 21.81 28.87 46.62
 8845.25 10.22  9.48  9.19  8.59  7.98  9.21 12.50 15.76 17.18 21.71 28.78 46.70
 8846.25  9.66  8.95  8.67  8.09  7.51  8.69 11.86 15.04 16.43 20.87 27.89 46.00
 8847.25  8.12  7.50  7.25  6.75  6.25  7.27 10.06 12.95 14.21 18.36 25.09 43.22
 8848.25  7.70  7.11  6.86  6.38  5.91  6.88  9.56 12.36 13.58 17.62 24.24 42.43
 8849.25  8.69  8.04  7.77  7.24  6.71  7.79 10.73 13.75 15.05 19.32 26.20 44.78
 8850.25  8.02  7.42  7.15  6.66  6.17  7.17  9.93 12.80 14.04 18.14 24.83 43.40
 8851.25  4.66  4.29  4.13  3.83  3.53  4.14  5.87  7.75  8.58 11.44 16.44 32.20
 8852.25  3.41  3.14  3.02  2.79  2.58  3.03  4.32  5.75  6.37  8.58 12.54 25.85
 8853.25  4.55  4.19  4.02  3.73  3.44  4.03  5.72  7.57  8.38 11.18 16.10 31.97
 8854.25  8.07  7.48  7.20  6.70  6.22  7.22  9.98 12.89 14.10 18.20 24.90 44.14
 8855.25  9.91  9.23  8.89  8.30  7.73  8.91 12.11 15.41 16.75 21.22 28.32 47.97
 8856.25  9.84  9.17  8.82  8.23  7.67  8.84 12.02 15.32 16.65 21.11 28.20 48.01
 8857.25  9.70  9.04  8.70  8.11  7.56  8.71 11.87 15.15 16.46 20.89 27.97 47.93
 8858.25  9.50  8.85  8.51  7.94  7.39  8.53 11.63 14.89 16.18 20.58 27.64 47.77
 8859.25  9.63  8.98  8.62  8.04  7.50  8.64 11.77 15.06 16.36 20.78 27.86 48.19
 8860.25  9.92  9.27  8.90  8.30  7.74  8.91 12.11 15.45 16.76 21.23 28.36 48.88
 8861.25  9.92  9.27  8.89  8.30  7.74  8.91 12.09 15.45 16.76 21.22 28.36 49.06
 8862.25  9.64  9.01  8.63  8.05  7.51  8.65 11.77 15.09 16.38 20.80 27.92 48.80
 8863.25  8.57  8.00  7.65  7.12  6.63  7.66 10.54 13.65 14.86 19.09 26.03 47.02
 8864.25  7.39  6.88  6.57  6.10  5.67  6.58  9.14 11.97 13.08 17.01 23.61 44.45
 8865.25  7.12  6.63  6.32  5.87  5.45  6.33  8.82 11.58 12.65 16.50 23.00 43.88
 8866.25  8.09  7.56  7.21  6.71  6.24  7.22  9.97 12.99 14.15 18.26 25.08 46.46
 8867.25  9.12  8.54  8.15  7.59  7.08  8.16 11.16 14.42 15.65 19.98 27.05 48.77
 8868.25  6.02  5.62  5.34  4.95  4.60  5.34  7.48  9.91 10.84 14.25 20.14 40.29
 8869.25  2.94  2.74  2.60  2.40  2.22  2.60  3.70  4.99  5.50  7.41 10.92 24.85
 8870.25  2.44  2.27  2.15  1.99  1.84  2.15  3.07  4.15  4.57  6.18  9.17 21.36
 8871.25  4.00  3.73  3.54  3.27  3.03  3.54  5.01  6.74  7.40  9.90 14.41 31.66
 8872.25  8.23  7.73  7.34  6.83  6.36  7.34 10.11 13.19 14.32 18.43 25.28 47.63
 8873.25 10.04  9.45  9.00  8.39  7.84  8.99 12.19 15.66 16.91 21.38 28.61 51.33
 8874.25 10.29  9.71  9.24  8.62  8.06  9.23 12.48 16.00 17.26 21.76 29.01 51.88
 8875.25 10.48  9.89  9.41  8.79  8.21  9.40 12.68 16.24 17.49 22.01 29.29 52.29
 8876.25 10.47  9.89  9.40  8.78  8.21  9.39 12.67 16.24 17.49 22.00 29.29 52.45
 8877.25 10.43  9.86  9.37  8.75  8.18  9.35 12.62 16.19 17.44 21.94 29.22 52.54
 8878.25 10.40  9.84  9.34  8.72  8.16  9.32 12.59 16.15 17.40 21.89 29.16 52.61
 8879.25 10.45  9.89  9.38  8.76  8.20  9.36 12.63 16.21 17.45 21.94 29.21 52.76
 8880.25 10.55 10.00  9.48  8.86  8.28  9.46 12.75 16.35 17.60 22.09 29.39 53.14
 8881.25 10.59 10.04  9.51  8.89  8.31  9.49 12.78 16.41 17.65 22.15 29.47 53.41
 8882.25 10.46  9.92  9.39  8.77  8.20  9.37 12.64 16.25 17.49 21.97 29.29 53.41
 8883.25 10.40  9.87  9.34  8.72  8.15  9.31 12.57 16.18 17.42 21.89 29.22 53.49
 8884.25 10.39  9.87  9.33  8.71  8.15  9.30 12.56 16.18 17.42 21.89 29.22 53.54
 8885.25 10.02  9.51  8.98  8.38  7.83  8.95 12.13 15.70 16.92 21.34 28.65 52.95
 8886.25  5.81  5.50  5.16  4.78  4.45  5.14  7.19  9.63 10.49 13.74 19.53 41.41
 8887.25  2.17  2.05  1.92  1.77  1.64  1.91  2.72  3.73  4.09  5.51  8.21 20.31
 8888.25  1.43  1.35  1.26  1.17  1.08  1.26  1.79  2.46  2.70  3.65  5.48 13.83
 8889.25  2.02  1.91  1.78  1.65  1.53  1.77  2.53  3.47  3.80  5.12  7.66 18.92
 8890.25  5.05  4.79  4.48  4.15  3.85  4.45  6.27  8.46  9.23 12.17 17.54 38.04
 8891.25  8.15  7.75  7.27  6.76  6.30  7.23  9.99 13.19 14.28 18.35 25.36 49.02
 8892.25  8.52  8.11  7.61  7.07  6.60  7.56 10.41 13.72 14.83 18.97 26.09 49.71
 8893.25  9.36  8.93  8.38  7.80  7.29  8.33 11.38 14.87 16.03 20.33 27.61 51.18
 8894.25 10.26  9.81  9.21  8.60  8.04  9.16 12.40 16.06 17.27 21.67 29.07 52.49
 8895.25 10.54 10.08  9.47  8.84  8.28  9.41 12.71 16.42 17.63 22.07 29.49 52.77
 8896.25 10.07  9.64  9.04  8.43  7.89  8.98 12.19 15.83 17.02 21.39 28.78 51.99
 8897.25  8.91  8.52  7.97  7.41  6.92  7.91 10.87 14.28 15.40 19.59 26.82 49.95
 8898.25  8.34  7.97  7.44  6.92  6.45  7.39 10.21 13.49 14.58 18.65 25.75 48.73
 8899.25  8.51  8.14  7.60  7.07  6.59  7.54 10.40 13.73 14.83 18.93 26.08 48.98
 8900.25  9.48  9.09  8.49  7.91  7.40  8.43 11.52 15.06 16.22 20.49 27.82 50.65
 8901.25 10.45 10.04  9.40  8.78  8.22  9.33 12.63 16.34 17.54 21.95 29.39 52.06
 8902.25 10.61 10.21  9.55  8.92  8.35  9.48 12.81 16.55 17.76 22.18 29.65 52.22
 8903.25  8.80  8.46  7.88  7.33  6.85  7.81 10.74 14.13 15.23 19.36 26.53 48.96
 8904.25  4.09  3.92  3.62  3.35  3.11  3.59  5.10  6.96  7.59 10.07 14.77 32.20
 8905.25  2.29  2.19  2.02  1.87  1.73  2.00  2.87  3.95  4.32  5.79  8.68 20.29
 8906.25  2.58  2.48  2.28  2.11  1.96  2.26  3.24  4.46  4.87  6.53  9.75 22.48
 8907.25  5.28  5.07  4.69  4.34  4.03  4.64  6.56  8.90  9.66 12.69 18.30 37.71
 8908.25  9.16  8.83  8.21  7.65  7.13  8.13 11.17 14.70 15.79 20.02 27.32 49.35
 8909.25  9.86  9.52  8.85  8.26  7.71  8.77 11.97 15.67 16.78 21.13 28.55 50.51
 8910.25  8.63  8.33  7.72  7.19  6.70  7.64 10.56 14.01 15.04 19.18 26.38 48.20
 8911.25  7.99  7.71  7.13  6.64  6.17  7.06  9.81 13.13 14.10 18.10 25.14 46.73
 8912.25  8.24  7.96  7.36  6.85  6.38  7.29 10.11 13.51 14.48 18.54 25.66 47.22
 8913.25  9.06  8.77  8.11  7.57  7.05  8.04 11.06 14.68 15.68 19.91 27.21 48.78
 8914.25 10.11  9.81  9.08  8.49  7.93  9.00 12.26 16.11 17.14 21.53 28.98 50.43
 8915.25 10.48 10.18  9.43  8.83  8.24  9.34 12.68 16.61 17.64 22.07 29.55 50.84
 8916.25 10.41 10.12  9.37  8.77  8.19  9.28 12.61 16.54 17.55 21.97 29.43 50.60
 8917.25 10.11  9.83  9.08  8.50  7.93  9.00 12.26 16.16 17.14 21.52 28.95 50.00
 8918.25  9.99  9.72  8.97  8.40  7.83  8.89 12.13 16.03 16.99 21.36 28.78 49.76
 8919.25  9.06  8.81  8.11  7.59  7.06  8.04 11.07 14.79 15.69 19.91 27.19 48.07
 8920.25  4.45  4.32  3.94  3.67  3.39  3.90  5.55  7.71  8.24 10.89 15.86 32.45
 8921.25  1.78  1.73  1.57  1.46  1.35  1.56  2.24  3.16  3.38  4.55  6.85 15.38
 8922.25  1.37  1.34  1.21  1.13  1.04  1.20  1.73  2.45  2.62  3.53  5.32 12.04
 8923.25  2.24  2.18  1.98  1.84  1.69  1.96  2.81  3.97  4.24  5.70  8.53 18.79
 8924.25  5.86  5.71  5.20  4.85  4.49  5.15  7.27 10.05 10.66 13.93 19.89 38.29
 8925.25  9.19  8.99  8.23  7.72  7.17  8.15 11.24 15.11 15.91 20.18 27.51 47.79
 8926.25  9.08  8.89  8.13  7.62  7.07  8.05 11.10 14.97 15.75 19.99 27.30 47.45
 8927.25  9.12  8.94  8.16  7.66  7.11  8.09 11.15 15.04 15.81 20.06 27.37 47.39
 8928.25  8.75  8.59  7.83  7.34  6.81  7.76 10.73 14.54 15.27 19.45 26.66 46.46
 8929.25  7.68  7.54  6.86  6.42  5.94  6.79  9.48 13.00 13.66 17.59 24.49 43.85
 8930.25  7.03  6.91  6.26  5.86  5.42  6.20  8.71 12.05 12.65 16.40 23.08 42.09
 8931.25  7.63  7.51  6.81  6.38  5.90  6.74  9.43 12.98 13.60 17.53 24.45 43.69
 8932.25  8.74  8.61  7.82  7.34  6.80  7.75 10.73 14.62 15.26 19.46 26.70 46.11
 8933.25  9.40  9.27  8.43  7.93  7.35  8.35 11.49 15.55 16.20 20.50 27.83 47.09
 8934.25  9.57  9.46  8.60  8.09  7.51  8.52 11.70 15.80 16.43 20.76 28.09 47.17
 8935.25  9.35  9.25  8.40  7.90  7.32  8.32 11.46 15.54 16.15 20.46 27.80 46.87
 8936.25  8.82  8.73  7.91  7.44  6.88  7.83 10.85 14.84 15.41 19.64 26.91 45.92
 8937.25  8.52  8.44  7.63  7.17  6.63  7.56 10.50 14.43 14.97 19.15 26.36 45.25
 8938.25  8.51  8.44  7.62  7.17  6.63  7.55 10.50 14.44 14.96 19.15 26.36 45.12
 8939.25  8.87  8.81  7.96  7.49  6.93  7.88 10.92 14.97 15.48 19.73 27.00 45.61
 8940.25  9.15  9.10  8.22  7.74  7.17  8.14 11.24 15.36 15.86 20.15 27.44 45.84
 8941.25  9.11  9.07  8.19  7.72  7.14  8.11 11.21 15.34 15.81 20.10 27.40 45.70
 8942.25  9.25  9.22  8.32  7.84  7.26  8.24 11.37 15.56 16.01 20.33 27.67 45.85
 8943.25  9.13  9.11  8.21  7.74  7.16  8.13 11.24 15.42 15.85 20.17 27.50 45.61
 8944.25  5.40  5.40  4.82  4.52  4.16  4.77  6.78  9.66  9.96 13.13 18.92 34.78
 8945.25  2.65  2.65  2.35  2.21  2.02  2.33  3.36  4.90  5.05  6.81 10.20 20.50
 8946.25  2.39  2.39  2.12  1.99  1.82  2.09  3.03  4.42  4.55  6.15  9.23 18.60
 8947.25  4.35  4.36  3.87  3.63  3.34  3.83  5.49  7.92  8.13 10.82 15.84 29.76
 8948.25  8.53  8.56  7.67  7.24  6.68  7.59 10.55 14.64 14.96 19.15 26.35 43.59
 8949.25  9.73  9.77  8.78  8.30  7.68  8.69 11.95 16.37 16.69 21.11 28.56 45.80
 8950.25  9.53  9.58  8.59  8.12  7.51  8.50 11.73 16.13 16.43 20.83 28.28 45.43
 8951.25  9.45  9.52  8.53  8.07  7.46  8.44 11.64 16.02 16.30 20.67 28.06 44.93
 8952.25  9.36  9.43  8.44  7.98  7.38  8.35 11.53 15.89 16.15 20.50 27.85 44.49
 8953.25  8.48  8.56  7.64  7.21  6.66  7.55 10.52 14.68 14.91 19.11 26.31 42.79
 8954.25  7.16  7.23  6.43  6.06  5.58  6.35  8.95 12.69 12.87 16.71 23.45 39.20
 8955.25  7.35  7.44  6.61  6.24  5.74  6.53  9.19 13.02 13.18 17.09 23.91 39.60
 8956.25  8.97  9.09  8.10  7.66  7.07  8.00 11.11 15.50 15.65 19.98 27.34 43.56
 8957.25  9.64  9.78  8.73  8.27  7.64  8.62 11.90 16.49 16.61 21.08 28.57 44.77
 8958.25  6.95  7.06  6.26  5.90  5.43  6.17  8.72 12.46 12.54 16.34 23.01 38.27
 8959.25  2.79  2.84  2.49  2.34  2.15  2.46  3.56  5.30  5.33  7.21 10.79 20.22
 8960.25  1.57  1.60  1.40  1.32  1.21  1.38  2.01  3.02  3.03  4.13  6.26 12.02
 8961.25  1.74  1.78  1.56  1.46  1.34  1.53  2.24  3.35  3.36  4.57  6.92 13.18
 8962.25  3.60  3.68  3.23  3.04  2.78  3.18  4.60  6.83  6.82  9.16 13.55 24.28
 8963.25  7.77  7.95  7.04  6.66  6.14  6.94  9.73 13.84 13.80 17.81 24.66 39.09
 8964.25  9.42  9.65  8.57  8.13  7.51  8.46 11.68 16.33 16.25 20.64 27.94 42.68
 8965.25  9.02  9.24  8.20  7.77  7.18  8.09 11.21 15.76 15.66 19.97 27.16 41.61
 8966.25  8.85  9.09  8.05  7.63  7.04  7.93 11.03 15.57 15.44 19.74 26.92 41.26
 8967.25  9.31  9.57  8.48  8.05  7.43  8.36 11.60 16.35 16.18 20.64 28.06 42.68
 8968.25  9.84 10.13  8.98  8.53  7.88  8.85 12.23 17.16 16.96 21.55 29.12 43.78
 8969.25 10.03 10.34  9.17  8.71  8.05  9.04 12.45 17.44 17.22 21.82 29.40 43.89
 8970.25  9.30  9.60  8.49  8.06  7.43  8.36 11.59 16.39 16.15 20.59 27.96 42.02
 8971.25  8.22  8.50  7.49  7.10  6.54  7.38 10.31 14.76 14.51 18.67 25.65 39.00
 8972.25  7.67  7.95  6.99  6.62  6.09  6.87  9.68 14.01 13.74 17.83 24.76 38.08
 8973.25  6.76  7.03  6.15  5.82  5.34  6.05  8.61 12.66 12.38 16.26 23.01 36.20
 8974.25  6.95  7.23  6.32  5.99  5.50  6.22  8.83 12.97 12.66 16.60 23.38 36.42
 8975.25  8.64  8.99  7.90  7.50  6.91  7.77 10.87 15.62 15.25 19.61 26.89 40.19
 8976.25  9.36  9.74  8.58  8.15  7.51  8.44 11.73 16.74 16.32 20.87 28.36 41.77
 8977.25  9.51  9.91  8.72  8.29  7.64  8.58 11.92 17.02 16.57 21.17 28.75 42.14
 8978.25  9.72 10.14  8.93  8.49  7.83  8.78 12.18 17.37 16.88 21.53 29.16 42.45
 8979.25  9.34  9.76  8.58  8.16  7.52  8.44 11.72 16.79 16.30 20.84 28.29 41.19
 8980.25  8.02  8.41  7.35  6.98  6.42  7.23 10.15 14.77 14.29 18.48 25.48 37.63
 8981.25  7.92  8.32  7.26  6.90  6.34  7.14 10.05 14.70 14.19 18.40 25.46 37.63
 8982.25  8.19  8.61  7.51  7.14  6.56  7.38 10.40 15.25 14.69 19.08 26.43 38.96
 8983.25  7.50  7.91  6.87  6.53  5.99  6.75  9.59 14.23 13.67 17.92 25.14 37.52
 8984.25  7.38  7.80  6.76  6.43  5.90  6.64  9.45 14.08 13.50 17.71 24.90 37.09
 8985.25  8.13  8.59  7.47  7.11  6.53  7.34 10.35 15.25 14.62 19.00 26.32 38.37
 8986.25  8.28  8.75  7.62  7.26  6.69  7.49 10.50 15.36 14.71 18.99 26.06 37.42
 8987.25  6.78  7.20  6.23  5.93  5.45  6.12  8.68 12.94 12.35 16.16 22.61 33.08
 8988.25  5.98  6.37  5.48  5.21  4.78  5.38  7.71 11.68 11.10 14.71 20.95 31.20
 8989.25  4.78  5.11  4.37  4.16  3.81  4.29  6.21  9.59  9.07 12.20 17.78 27.23
 8990.25  2.63  2.83  2.41  2.29  2.09  2.36  3.46  5.46  5.14  7.05 10.61 17.03
 8991.25  2.24  2.42  2.05  1.95  1.78  2.01  2.95  4.67  4.39  6.04  9.12 14.64
 8992.25  4.30  4.64  3.94  3.76  3.44  3.87  5.61  8.73  8.21 11.09 16.21 24.62
 8993.25  8.07  8.68  7.44  7.11  6.54  7.31 10.32 15.38 14.55 18.94 26.20 36.95
 8994.25  7.43  8.02  6.84  6.54  6.00  6.72  9.57 14.47 13.63 17.92 25.13 35.88
 8995.25  7.14  7.73  6.58  6.28  5.77  6.45  9.22 14.03 13.19 17.42 24.53 35.14
 8996.25  8.76  9.48  8.10  7.76  7.14  7.95 11.18 16.63 15.67 20.31 27.84 38.59
 8997.25  9.95 10.75  9.22  8.85  8.17  9.06 12.58 18.38 17.34 22.17 29.84 40.49
 8998.25 10.10 10.93  9.38  9.00  8.32  9.21 12.75 18.59 17.52 22.36 29.98 40.43
 8999.25  9.37 10.17  8.69  8.34  7.70  8.53 11.87 17.44 16.40 21.02 28.31 38.31
 9000.25  8.29  9.05  7.69  7.38  6.80  7.55 10.58 15.73 14.74 19.04 25.87 35.28
 9001.25  7.75  8.50  7.18  6.89  6.33  7.04  9.96 15.05 14.04 18.33 25.23 34.87
 9002.25  4.14  4.59  3.81  3.65  3.34  3.73  5.45  8.68  8.00 10.89 15.92 23.68
 9003.25  1.94  2.15  1.78  1.70  1.55  1.74  2.57  4.18  3.83  5.31  7.98 12.38
 9004.25  1.82  2.04  1.68  1.61  1.47  1.64  2.43  3.96  3.62  5.02  7.55 11.70
 9005.25  3.63  4.05  3.35  3.20  2.93  3.27  4.80  7.73  7.08  9.70 14.25 21.36
 9006.25  7.91  8.77  7.34  7.06  6.49  7.19 10.19 15.52 14.36 18.79 25.81 35.56
 9007.25  9.18 10.15  8.54  8.23  7.60  8.38 11.70 17.42 16.17 20.80 27.91 37.51
 9008.25  9.40 10.41  8.75  8.44  7.79  8.59 11.98 17.83 16.53 21.25 28.45 38.15
 9009.25  9.90 10.98  9.23  8.91  8.23  9.06 12.59 18.68 17.31 22.18 29.56 39.44
 9010.25 10.03 11.14  9.36  9.03  8.35  9.18 12.75 18.90 17.50 22.40 29.79 39.66
 9011.25  9.54 10.63  8.91  8.60  7.94  8.73 12.16 18.11 16.73 21.48 28.62 38.16
 9012.25  9.39 10.49  8.76  8.46  7.82  8.59 11.98 17.90 16.50 21.21 28.28 37.72
 9013.25  9.98 11.16  9.32  9.01  8.33  9.14 12.71 18.93 17.44 22.35 29.67 39.40
 9014.25 10.26 11.49  9.60  9.28  8.58  9.41 13.06 19.41 17.88 22.87 30.27 40.07
 9015.25  9.83 11.05  9.20  8.90  8.23  9.02 12.54 18.74 17.22 22.08 29.28 38.82
 9016.25  8.72  9.83  8.15  7.88  7.28  7.99 11.18 16.85 15.43 19.91 26.55 35.37
 9017.25  8.73  9.87  8.17  7.91  7.30  8.00 11.20 16.91 15.46 19.95 26.58 35.36
 9018.25  9.79 11.07  9.17  8.88  8.21  8.98 12.51 18.76 17.16 22.03 29.15 38.52
 9019.25 10.32 11.68  9.68  9.38  8.68  9.48 13.16 19.67 17.98 23.02 30.33 39.90
 9020.25 10.20 11.57  9.56  9.27  8.58  9.37 13.03 19.55 17.84 22.88 30.19 39.76
 9021.25  9.73 11.09  9.13  8.85  8.18  8.94 12.48 18.87 17.17 22.11 29.28 38.68
 9022.25  8.38  9.61  7.84  7.60  7.01  7.67 10.85 16.74 15.14 19.75 26.54 35.53
 9023.25  7.26  8.39  6.78  6.57  6.04  6.63  9.51 15.02 13.48 17.87 24.44 33.31
 9024.25  8.01  9.25  7.49  7.26  6.69  7.33 10.44 16.33 14.68 19.31 26.14 35.25
 9025.25  9.01 10.36  8.46  8.21  7.59  8.28 11.61 17.75 16.04 20.75 27.52 36.34
 9026.25  9.24 10.64  8.69  8.44  7.81  8.50 11.89 18.08 16.34 21.06 27.78 36.48
 9027.25  9.90 11.41  9.32  9.06  8.38  9.12 12.72 19.29 17.42 22.41 29.45 38.55
 9028.25  9.98 11.53  9.39  9.13  8.45  9.19 12.83 19.52 17.60 22.66 29.80 39.00
 9029.25  9.31 10.82  8.76  8.52  7.86  8.56 12.05 18.57 16.67 21.64 28.68 37.80
 9030.25  8.04  9.41  7.54  7.33  6.75  7.37 10.53 16.62 14.80 19.51 26.31 35.26
 9031.25  7.57  8.91  7.11  6.91  6.36  6.94  9.96 15.86 14.07 18.65 25.28 34.05
 9032.25  8.62 10.12  8.11  7.89  7.28  7.92 11.25 17.62 15.69 20.55 27.44 36.36
 9033.25  9.30 10.90  8.76  8.54  7.88  8.56 12.08 18.76 16.73 21.77 28.81 37.86
 9034.25  9.23 10.85  8.70  8.48  7.83  8.50 12.01 18.70 16.64 21.68 28.72 37.73
 9035.25  9.62 11.30  9.07  8.85  8.18  8.87 12.47 19.30 17.18 22.29 29.33 38.30
 9036.25 10.11 11.87  9.55  9.33  8.63  9.34 13.06 20.05 17.88 23.06 30.14 39.09
 9037.25 10.32 12.13  9.76  9.53  8.82  9.54 13.31 20.38 18.17 23.38 30.46 39.37
 9038.25  9.48 11.22  8.95  8.74  8.08  8.75 12.33 19.20 17.01 22.12 29.12 37.98
 9039.25  5.74  6.93  5.39  5.26  4.82  5.26  7.69 12.78 11.09 15.07 20.91 28.82
 9040.25  3.56  4.35  3.34  3.26  2.98  3.26  4.84  8.32  7.13  9.93 14.21 20.34
 9041.25  4.06  4.95  3.81  3.72  3.40  3.71  5.50  9.40  8.06 11.17 15.87 22.47
 9042.25  7.10  8.57  6.70  6.54  6.02  6.53  9.42 15.34 13.35 17.84 24.13 32.30
 9043.25  9.59 11.45  9.09  8.90  8.23  8.88 12.47 19.43 17.13 22.20 28.98 37.42
 9044.25 10.14 12.10  9.62  9.43  8.73  9.40 13.15 20.35 17.96 23.17 30.08 38.62
 9045.25  9.46 11.37  8.97  8.79  8.12  8.76 12.36 19.44 17.06 22.22 29.11 37.66
 9046.25  8.73 10.56  8.27  8.10  7.47  8.07 11.49 18.36 16.01 21.06 27.83 36.30
 9047.25  9.24 11.16  8.77  8.60  7.94  8.55 12.11 19.14 16.73 21.85 28.62 37.01
 9048.25  9.55 11.54  9.07  8.90  8.23  8.85 12.48 19.64 17.17 22.34 29.13 37.48
 9049.25  9.21 11.18  8.74  8.58  7.93  8.53 12.09 19.18 16.71 21.86 28.62 36.95
 9050.25  6.07  7.51  5.74  5.63  5.17  5.59  8.17 13.72 11.72 15.91 21.75 29.35
 9051.25  3.15  3.95  2.97  2.91  2.66  2.89  4.31  7.58  6.36  8.92 12.70 17.98
 9052.25  2.55  3.22  2.41  2.36  2.16  2.34  3.51  6.22  5.20  7.33 10.49 14.95
 9053.25  3.84  4.83  3.63  3.56  3.26  3.53  5.24  9.16  7.69 10.71 15.05 20.95
 9054.25  7.53  9.33  7.15  7.03  6.47  6.96 10.05 16.54 14.16 18.91 25.22 33.07
 9055.25  9.34 11.46  8.89  8.75  8.09  8.67 12.28 19.59 16.94 22.16 28.84 36.92
 9056.25  9.37 11.53  8.93  8.79  8.13  8.71 12.34 19.69 17.01 22.24 28.92 36.96
 9057.25  9.34 11.51  8.90  8.77  8.10  8.67 12.30 19.67 16.96 22.19 28.85 36.84
 9058.25  8.93 11.07  8.51  8.39  7.75  8.29 11.82 19.08 16.39 21.56 28.15 36.08
 9059.25  8.27 10.31  7.87  7.76  7.16  7.67 11.01 18.01 15.38 20.39 26.83 34.60
 9060.25  8.35 10.42  7.97  7.85  7.25  7.76 11.10 18.10 15.46 20.44 26.77 34.37
 9061.25  8.89 11.07  8.49  8.38  7.74  8.27 11.76 18.98 16.25 21.34 27.72 35.30
 9062.25  9.08 11.31  8.67  8.56  7.91  8.45 11.99 19.28 16.52 21.63 28.00 35.54
 9063.25  9.21 11.48  8.81  8.70  8.05  8.58 12.15 19.49 16.70 21.82 28.17 35.62
 9064.25  9.55 11.90  9.14  9.04  8.36  8.91 12.57 20.07 17.20 22.41 28.81 36.28
 9065.25  9.58 11.97  9.17  9.06  8.39  8.93 12.63 20.24 17.31 22.59 29.06 36.61
 9066.25  8.19 10.38  7.83  7.74  7.14  7.61 10.96 18.15 15.33 20.40 26.74 34.24
 9067.25  7.47  9.53  7.14  7.06  6.50  6.94 10.07 16.93 14.21 19.08 25.23 32.57
 9068.25  7.41  9.47  7.09  7.01  6.46  6.89  9.98 16.73 14.04 18.82 24.79 31.86
 9069.25  7.83  9.98  7.50  7.43  6.85  7.30 10.49 17.36 14.62 19.42 25.33 32.22
 9070.25  7.52  9.63  7.20  7.13  6.57  6.99 10.12 16.97 14.21 19.03 24.98 31.97
 9071.25  6.72  8.68  6.44  6.38  5.87  6.25  9.12 15.55 12.93 17.48 23.18 29.92
 9072.25  6.98  9.01  6.69  6.63  6.10  6.49  9.44 15.98 13.31 17.91 23.59 30.24
 9073.25  7.36  9.51  7.06  7.00  6.45  6.86  9.95 16.80 13.99 18.78 24.64 31.45
 9074.25  8.32 10.68  7.99  7.93  7.32  7.77 11.14 18.44 15.46 20.49 26.52 33.41
 9075.25  9.26 11.83  8.90  8.84  8.18  8.66 12.31 20.04 16.89 22.16 28.37 35.37
 9076.25  9.47 12.12  9.12  9.06  8.38  8.87 12.59 20.50 17.26 22.63 28.93 35.99
 9077.25  9.27 11.91  8.92  8.87  8.20  8.68 12.36 20.23 16.99 22.33 28.59 35.61
 9078.25  8.78 11.33  8.45  8.40  7.77  8.21 11.75 19.38 16.21 21.40 27.50 34.32
 9079.25  8.17 10.59  7.86  7.82  7.23  7.64 10.96 18.21 15.18 20.12 25.91 32.38
 9080.25  8.14 10.57  7.85  7.81  7.22  7.62 10.92 18.12 15.10 19.98 25.68 32.01
 9081.25  8.43 10.95  8.13  8.10  7.49  7.90 11.30 18.69 15.58 20.57 26.35 32.73
 9082.25  9.00 11.68  8.69  8.65  8.01  8.44 12.04 19.83 16.54 21.77 27.78 34.38
 9083.25  9.25 12.03  8.93  8.90  8.24  8.68 12.37 20.39 16.99 22.37 28.52 35.24
 9084.25  9.05 11.81  8.74  8.71  8.06  8.49 12.14 20.13 16.72 22.08 28.20 34.88
 9085.25  8.47 11.12  8.18  8.16  7.53  7.94 11.42 19.13 15.81 21.01 26.96 33.46
 9086.25  7.10  9.43  6.85  6.84  6.30  6.64  9.68 16.61 13.58 18.30 23.79 29.84
 9087.25  6.02  8.08  5.81  5.80  5.33  5.62  8.29 14.60 11.80 16.15 21.29 27.05
 9088.25  6.12  8.26  5.91  5.90  5.43  5.72  8.46 14.99 12.07 16.58 21.92 27.90
 9089.25  7.08  9.50  6.84  6.84  6.30  6.63  9.71 16.91 13.71 18.61 24.27 30.48
 9090.25  8.67 11.48  8.40  8.39  7.76  8.15 11.70 19.65 16.16 21.44 27.34 33.64
 9091.25  9.33 12.30  9.05  9.05  8.38  8.78 12.52 20.73 17.12 22.53 28.50 34.78
 9092.25  8.78 11.65  8.51  8.52  7.88  8.26 11.84 19.84 16.31 21.59 27.44 33.60
 9093.25  7.29  9.83  7.07  7.07  6.52  6.85  9.99 17.32 14.02 18.94 24.50 30.45
 9094.25  4.87  6.71  4.71  4.72  4.33  4.55  6.81 12.47  9.85 13.77 18.42 23.61
 9095.25  4.13  5.74  4.00  4.01  3.68  3.86  5.82 10.84  8.49 11.99 16.20 20.97
 9096.25  5.61  7.74  5.44  5.46  5.01  5.26  7.84 14.21 11.25 15.61 20.66 26.17
 9097.25  8.15 11.01  7.91  7.94  7.33  7.67 11.12 19.10 15.47 20.75 26.54 32.56
 9098.25  8.80 11.82  8.56  8.59  7.94  8.30 11.92 20.10 16.39 21.74 27.50 33.39
 9099.25  8.09 10.94  7.88  7.91  7.31  7.63 11.02 18.77 15.23 20.31 25.79 31.39
 9100.25  7.73 10.50  7.53  7.56  6.98  7.29 10.56 18.13 14.65 19.61 24.96 30.42
 9101.25  8.47 11.48  8.25  8.29  7.66  7.99 11.52 19.62 15.90 21.17 26.81 32.49
 9102.25  9.14 12.36  8.91  8.96  8.30  8.64 12.39 20.92 17.00 22.52 28.35 34.18
 9103.25  7.74 10.64  7.54  7.59  7.00  7.30 10.65 18.60 14.89 20.11 25.75 31.45
 9104.25  4.49  6.35  4.36  4.39  4.03  4.21  6.35 11.88  9.21 12.98 17.32 21.95
 9105.25  3.23  4.61  3.14  3.17  2.90  3.03  4.61  8.81  6.75  9.66 13.06 16.77
 9106.25  3.99  5.69  3.89  3.92  3.60  3.75  5.67 10.71  8.25 11.69 15.63 19.82
 9107.25  6.66  9.29  6.50  6.55  6.04  6.28  9.25 16.46 13.02 17.76 22.85 27.93
 9108.25  8.84 12.07  8.65  8.71  8.07  8.37 12.01 20.34 16.43 21.76 27.23 32.52
 9109.25  9.60 13.06  9.40  9.47  8.79  9.11 12.97 21.74 17.63 23.19 28.85 34.26
 9110.25  9.70 13.23  9.50  9.58  8.89  9.21 13.13 22.04 17.84 23.49 29.22 34.67
 9111.25  9.53 13.05  9.33  9.42  8.73  9.04 12.93 21.84 17.62 23.27 28.99 34.40
 9112.25  9.45 12.98  9.26  9.35  8.67  8.97 12.85 21.76 17.52 23.17 28.86 34.22
 9113.25  9.48 13.05  9.30  9.39  8.71  9.01 12.89 21.84 17.57 23.23 28.90 34.21
 9114.25  9.47 13.05  9.29  9.39  8.71  9.00 12.88 21.85 17.56 23.22 28.87 34.12
 9115.25  9.16 12.69  8.99  9.09  8.42  8.70 12.51 21.36 17.10 22.69 28.27 33.44
 9116.25  8.70 12.13  8.54  8.64  8.00  8.26 11.94 20.60 16.41 21.90 27.38 32.44
 9117.25  8.09 11.36  7.94  8.04  7.43  7.68 11.16 19.48 15.42 20.71 25.99 30.86
 9118.25  7.37 10.42  7.24  7.34  6.78  7.00 10.22 18.06 14.21 19.20 24.21 28.81
 9119.25  7.43 10.53  7.30  7.40  6.84  7.06 10.32 18.26 14.35 19.40 24.45 29.06
 9120.25  8.16 11.55  8.03  8.14  7.52  7.76 11.30 19.86 15.64 21.06 26.42 31.26
 9121.25  8.47 11.98  8.33  8.45  7.81  8.05 11.71 20.54 16.18 21.75 27.22 32.13
 9122.25  8.29 11.78  8.16  8.28  7.65  7.88 11.50 20.29 15.93 21.48 26.93 31.79
 9123.25  7.79 11.16  7.68  7.79  7.20  7.41 10.87 19.43 15.15 20.58 25.91 30.67
 9124.25  6.81  9.88  6.71  6.82  6.29  6.47  9.60 17.58 13.54 18.64 23.73 28.29
 9125.25  6.03  8.84  5.94  6.04  5.56  5.72  8.57 16.02 12.21 17.01 21.87 26.24
 9126.25  6.30  9.23  6.21  6.32  5.82  5.98  8.94 16.63 12.69 17.63 22.57 26.96
 9127.25  7.05 10.26  6.96  7.08  6.53  6.71  9.94 18.13 13.96 19.15 24.23 28.65
 9128.25  7.34 10.65  7.25  7.38  6.81  6.99 10.30 18.59 14.38 19.60 24.64 28.96
 9129.25  7.42 10.75  7.33  7.46  6.90  7.07 10.38 18.65 14.45 19.62 24.58 28.78
 9130.25  7.51 10.86  7.43  7.56  6.99  7.16 10.48 18.68 14.51 19.63 24.47 28.53
 9131.25  8.18 11.77  8.09  8.24  7.63  7.81 11.35 19.99 15.61 20.95 25.95 30.09
 9132.25  8.80 12.63  8.72  8.88  8.23  8.41 12.17 21.26 16.65 22.24 27.42 31.66
 9133.25  8.90 12.79  8.82  8.99  8.33  8.52 12.31 21.49 16.82 22.46 27.65 31.86
 9134.25  8.48 12.25  8.41  8.57  7.94  8.11 11.78 20.72 16.15 21.65 26.70 30.78
 9135.25  7.68 11.19  7.61  7.77  7.19  7.34 10.73 19.18 14.83 20.05 24.87 28.74
 9136.25  6.69  9.87  6.64  6.78  6.26  6.40  9.45 17.24 13.19 18.03 22.54 26.15
 9137.25  7.32 10.76  7.26  7.42  6.86  7.00 10.28 18.58 14.27 19.40 24.11 27.83
 9138.25  8.17 11.98  8.11  8.29  7.67  7.82 11.44 20.49 15.79 21.35 26.41 30.35
 9139.25  8.29 12.18  8.24  8.42  7.79  7.94 11.62 20.83 16.04 21.69 26.81 30.76
 9140.25  8.66 12.67  8.61  8.81  8.16  8.30 12.08 21.45 16.58 22.29 27.40 31.30
 9141.25  8.79 12.86  8.74  8.94  8.29  8.43 12.25 21.69 16.77 22.51 27.62 31.47
 9142.25  8.55 12.58  8.51  8.71  8.07  8.20 11.97 21.35 16.44 22.15 27.23 31.03
 9143.25  8.59 12.64  8.55  8.76  8.11  8.24 12.01 21.39 16.47 22.16 27.20 30.92
 9144.25  8.71 12.81  8.68  8.89  8.24  8.36 12.16 21.60 16.65 22.36 27.37 31.04
 9145.25  8.73 12.88  8.70  8.92  8.26  8.39 12.21 21.73 16.72 22.48 27.51 31.15
 9146.25  8.64 12.80  8.62  8.84  8.19  8.31 12.12 21.67 16.62 22.40 27.43 31.03
 9147.25  8.53 12.69  8.52  8.74  8.09  8.20 11.99 21.54 16.48 22.25 27.26 30.81
 9148.25  8.50 12.66  8.49  8.71  8.07  8.17 11.95 21.49 16.42 22.18 27.16 30.66
 9149.25  8.25 12.34  8.24  8.47  7.84  7.93 11.63 21.04 16.02 21.70 26.60 30.01
 9150.25  7.99 12.01  7.99  8.21  7.60  7.69 11.30 20.56 15.60 21.18 26.00 29.30
 9151.25  7.96 11.97  7.96  8.19  7.58  7.66 11.25 20.41 15.50 21.02 25.74 28.94
 9152.25  7.14 10.84  7.14  7.35  6.80  6.87 10.16 18.74 14.10 19.29 23.76 26.76
 9153.25  5.30  8.28  5.31  5.48  5.04  5.10  7.72 15.02 10.98 15.49 19.50 22.23
 9154.25  4.11  6.53  4.12  4.25  3.91  3.95  6.06 12.22  8.76 12.61 16.13 18.55
 9155.25  4.02  6.39  4.03  4.16  3.83  3.86  5.92 11.93  8.55 12.31 15.71 18.01
 9156.25  5.38  8.44  5.40  5.57  5.13  5.18  7.83 15.25 11.13 15.68 19.65 22.24
 9157.25  6.93 10.72  6.96  7.18  6.63  6.68  9.97 18.82 13.95 19.30 23.83 26.70
 9158.25  7.38 11.41  7.42  7.66  7.07  7.12 10.60 19.87 14.77 20.35 25.03 27.94
 9159.25  6.67 10.42  6.70  6.92  6.39  6.43  9.65 18.45 13.56 18.89 23.40 26.18
 9160.25  6.71 10.49  6.75  6.98  6.44  6.48  9.70 18.50 13.61 18.92 23.37 26.07
 9161.25  6.71 10.51  6.75  6.98  6.45  6.48  9.71 18.56 13.63 18.97 23.42 26.09
 9162.25  5.45  8.70  5.49  5.68  5.23  5.25  8.00 15.85 11.41 16.21 20.31 22.77
 9163.25  4.31  6.98  4.34  4.50  4.14  4.16  6.40 13.06  9.24 13.35 16.94 19.09
 9164.25  4.49  7.28  4.53  4.70  4.32  4.33  6.66 13.56  9.61 13.85 17.52 19.67
 9165.25  6.32 10.04  6.37  6.60  6.09  6.11  9.22 17.92 13.01 18.25 22.59 25.04
 9166.25  7.96 12.38  8.03  8.32  7.70  7.71 11.41 21.22 15.76 21.56 26.19 28.71
 9167.25  7.88 12.28  7.96  8.24  7.63  7.64 11.30 21.00 15.59 21.31 25.86 28.28
 9168.25  7.81 12.18  7.89  8.18  7.57  7.57 11.20 20.83 15.45 21.13 25.61 27.96
 9169.25  8.01 12.49  8.09  8.39  7.77  7.77 11.48 21.30 15.80 21.58 26.10 28.43
 9170.25  8.18 12.76  8.27  8.58  7.94  7.94 11.71 21.70 16.11 21.96 26.53 28.82
 9171.25  8.13 12.72  8.23  8.54  7.91  7.90 11.66 21.62 16.03 21.86 26.39 28.62
 9172.25  7.70 12.12  7.79  8.09  7.49  7.47 11.08 20.76 15.30 20.98 25.38 27.51
 9173.25  7.34 11.59  7.43  7.72  7.14  7.12 10.58 19.91 14.64 20.11 24.33 26.34
 9174.25  7.12 11.27  7.22  7.50  6.95  6.92 10.28 19.32 14.20 19.49 23.56 25.44
 9175.25  7.51 11.86  7.62  7.92  7.34  7.31 10.81 20.19 14.88 20.34 24.50 26.37
 9176.25  8.06 12.66  8.18  8.50  7.88  7.85 11.55 21.35 15.81 21.49 25.77 27.65
 9177.25  8.20 12.90  8.33  8.66  8.03  7.99 11.76 21.73 16.08 21.86 26.18 28.03
 9178.25  8.48 13.33  8.61  8.96  8.31  8.26 12.14 22.38 16.57 22.50 26.89 28.73
 9179.25  8.77 13.77  8.91  9.27  8.60  8.55 12.53 22.99 17.06 23.09 27.53 29.33
 9180.25  8.87 13.93  9.01  9.38  8.71  8.65 12.66 23.20 17.22 23.28 27.72 29.48
 9181.25  9.00 14.12  9.15  9.53  8.85  8.78 12.83 23.41 17.40 23.47 27.88 29.57
 9182.25  9.00 14.14  9.16  9.54  8.86  8.78 12.84 23.46 17.41 23.50 27.89 29.53
 9183.25  8.62 13.64  8.78  9.15  8.49  8.42 12.36 22.77 16.82 22.79 27.11 28.67
 9184.25  7.86 12.59  8.01  8.36  7.75  7.68 11.36 21.29 15.58 21.30 25.43 26.88
 9185.25  7.91 12.70  8.07  8.43  7.81  7.73 11.45 21.48 15.70 21.47 25.62 27.03
 9186.25  8.65 13.77  8.82  9.21  8.54  8.45 12.43 23.00 16.92 22.97 27.27 28.67
 9187.25  9.07 14.38  9.25  9.66  8.97  8.87 12.98 23.81 17.58 23.75 28.09 29.46
 9188.25  9.23 14.62  9.42  9.84  9.14  9.04 13.20 24.12 17.84 24.05 28.39 29.70
 9189.25  9.16 14.55  9.36  9.77  9.08  8.97 13.11 24.03 17.74 23.94 28.25 29.50
 9190.25  9.01 14.37  9.21  9.63  8.94  8.83 12.93 23.80 17.52 23.69 27.96 29.14
 9191.25  8.72 14.00  8.92  9.33  8.66  8.54 12.56 23.32 17.08 23.19 27.41 28.54
 9192.25  8.53 13.74  8.73  9.13  8.48  8.36 12.32 22.96 16.77 22.81 26.98 28.03
 9193.25  8.75 14.08  8.96  9.38  8.71  8.58 12.62 23.40 17.12 23.23 27.40 28.40
 9194.25  8.58 13.86  8.79  9.21  8.55  8.42 12.39 23.09 16.85 22.91 27.03 27.97
 9195.25  8.15 13.23  8.36  8.76  8.13  8.00 11.81 22.12 16.09 21.93 25.88 26.73
 9196.25  8.42 13.64  8.64  9.06  8.41  8.27 12.17 22.68 16.53 22.46 26.45 27.25
 9197.25  8.98 14.49  9.21  9.66  8.97  8.82 12.93 23.91 17.49 23.67 27.79 28.56
 9198.25  9.05 14.63  9.29  9.74  9.06  8.90 13.05 24.15 17.64 23.88 28.02 28.74
 9199.25  8.81 14.34  9.06  9.50  8.83  8.67 12.76 23.81 17.31 23.52 27.63 28.29
 9200.25  8.72 14.25  8.97  9.42  8.75  8.58 12.66 23.72 17.20 23.42 27.51 28.11
 9201.25  8.78 14.36  9.03  9.49  8.81  8.64 12.74 23.86 17.29 23.54 27.62 28.17
 9202.25  8.72 14.30  8.97  9.43  8.76  8.58 12.67 23.80 17.21 23.46 27.53 28.01
 9203.25  8.61 14.18  8.88  9.33  8.67  8.48 12.55 23.66 17.07 23.30 27.34 27.77
 9204.25  8.46 13.99  8.72  9.18  8.52  8.34 12.36 23.40 16.83 23.03 27.03 27.39
 9205.25  8.29 13.76  8.56  9.01  8.36  8.17 12.13 23.08 16.55 22.69 26.64 26.94
 9206.25  8.31 13.80  8.58  9.04  8.39  8.19 12.16 23.11 16.57 22.70 26.61 26.85
 9207.25  8.24 13.73  8.51  8.97  8.33  8.13 12.07 23.00 16.47 22.58 26.46 26.64
 9208.25  8.29 13.82  8.57  9.03  8.39  8.18 12.15 23.13 16.55 22.68 26.55 26.67
 9209.25  8.60 14.29  8.89  9.37  8.71  8.49 12.56 23.75 17.06 23.29 27.18 27.24
 9210.25  8.59 14.32  8.89  9.38  8.71  8.49 12.57 23.84 17.08 23.35 27.25 27.26
 9211.25  8.32 13.97  8.61  9.09  8.44  8.22 12.23 23.41 16.68 22.91 26.77 26.71
 9212.25  8.18 13.78  8.48  8.95  8.31  8.09 12.05 23.12 16.44 22.61 26.42 26.30
 9213.25  8.12 13.70  8.41  8.89  8.25  8.03 11.96 22.98 16.32 22.45 26.21 26.04
 9214.25  8.19 13.80  8.49  8.98  8.34  8.10 12.05 23.07 16.41 22.52 26.24 26.01
 9215.25  8.30 13.99  8.62  9.11  8.46  8.22 12.21 23.31 16.59 22.74 26.46 26.16
 9216.25  8.07 13.68  8.38  8.87  8.23  7.99 11.91 22.93 16.24 22.34 26.03 25.67
 9217.25  6.89 11.97  7.17  7.60  7.04  6.82 10.34 20.66 14.32 20.09 23.61 23.21
 9218.25  5.22  9.40  5.44  5.80  5.35  5.17  8.02 17.03 11.38 16.49 19.70 19.27
 9219.25  4.78  8.70  4.99  5.32  4.90  4.74  7.39 15.97 10.56 15.44 18.53 18.06
 9220.25  6.19 11.02  6.46  6.88  6.35  6.14  9.43 19.49 13.23 18.88 22.32 21.75
 9221.25  7.83 13.52  8.16  8.67  8.04  7.77 11.68 22.88 16.00 22.20 25.84 25.18
 9222.25  7.90 13.65  8.24  8.75  8.12  7.85 11.78 23.03 16.12 22.33 25.96 25.23
 9223.25  7.43 12.99  7.76  8.25  7.64  7.38 11.16 22.20 15.38 21.49 25.07 24.29
 9224.25  6.33 11.31  6.62  7.06  6.52  6.29  9.64 19.88 13.48 19.19 22.58 21.77
 9225.25  4.77  8.78  5.01  5.35  4.93  4.75  7.42 16.07 10.57 15.45 18.42 17.65
 9226.25  3.76  7.05  3.95  4.23  3.90  3.74  5.91 13.23  8.52 12.68 15.25 14.53
 9227.25  3.61  6.79  3.79  4.07  3.74  3.59  5.68 12.79  8.21 12.24 14.74 13.99
 9228.25  4.30  8.03  4.52  4.84  4.46  4.28  6.73 14.87  9.65 14.25 17.02 16.14
 9229.25  5.61 10.26  5.89  6.30  5.82  5.58  8.66 18.37 12.21 17.63 20.79 19.73
 9230.25  6.71 12.05  7.05  7.53  6.97  6.69 10.23 20.93 14.21 20.12 23.47 22.29
 9231.25  7.08 12.64  7.43  7.94  7.35  7.06 10.74 21.74 14.85 20.90 24.28 23.03
 9232.25  7.22 12.88  7.59  8.10  7.51  7.21 10.95 22.06 15.10 21.19 24.57 23.25
 9233.25  7.66 13.54  8.04  8.58  7.96  7.64 11.53 22.90 15.80 22.01 25.41 24.01
 9234.25  7.74 13.67  8.13  8.68  8.06  7.73 11.64 23.04 15.92 22.13 25.50 24.05
 9235.25  7.47 13.31  7.86  8.40  7.79  7.47 11.30 22.56 15.50 21.65 24.97 23.46
 9236.25  7.37 13.19  7.75  8.29  7.69  7.37 11.17 22.47 15.36 21.53 24.85 23.27
 9237.25  7.41 13.27  7.80  8.35  7.74  7.41 11.23 22.54 15.43 21.59 24.89 23.25
 9238.25  7.37 13.20  7.76  8.31  7.70  7.37 11.16 22.40 15.32 21.44 24.68 23.00
 9239.25  7.43 13.33  7.84  8.39  7.79  7.44 11.27 22.59 15.45 21.60 24.84 23.09
 9240.25  7.65 13.69  8.06  8.64  8.01  7.66 11.57 23.11 15.84 22.09 25.35 23.52
 9241.25  7.73 13.86  8.16  8.74  8.11  7.75 11.70 23.35 16.00 22.31 25.58 23.67
 9242.25  7.60 13.68  8.03  8.61  7.98  7.62 11.53 23.12 15.79 22.07 25.30 23.34
 9243.25  7.40 13.40  7.83  8.40  7.79  7.43 11.27 22.72 15.46 21.66 24.85 22.84
 9244.25  7.30 13.25  7.72  8.29  7.69  7.33 11.13 22.50 15.28 21.43 24.57 22.51
 9245.25  7.33 13.31  7.76  8.34  7.73  7.37 11.17 22.55 15.32 21.46 24.57 22.46
 9246.25  7.48 13.56  7.92  8.51  7.89  7.52 11.38 22.86 15.57 21.76 24.86 22.68
 9247.25  7.79 14.08  8.25  8.86  8.23  7.83 11.82 23.60 16.12 22.46 25.60 23.31
 9248.25  7.83 14.18  8.30  8.92  8.28  7.88 11.90 23.79 16.23 22.62 25.77 23.40
 9249.25  7.05 13.02  7.49  8.06  7.47  7.10 10.85 22.28 14.95 21.12 24.19 21.80
 9250.25  6.26 11.78  6.66  7.19  6.65  6.30  9.74 20.58 13.57 19.45 22.38 20.02
 9251.25  6.27 11.80  6.67  7.20  6.67  6.31  9.76 20.59 13.58 19.45 22.35 19.94
 9252.25  6.39 12.04  6.81  7.35  6.80  6.44  9.95 20.98 13.83 19.80 22.73 20.22
 9253.25  6.02 11.47  6.42  6.95  6.43  6.07  9.44 20.21 13.20 19.03 21.90 19.37
 9254.25  6.15 11.70  6.56  7.10  6.56  6.20  9.62 20.52 13.43 19.32 22.19 19.58
 9255.25  6.91 12.95  7.36  7.95  7.37  6.97 10.70 22.24 14.77 20.98 23.93 21.16
 9256.25  6.92 13.00  7.38  7.98  7.39  6.98 10.73 22.33 14.81 21.04 23.99 21.14
 9257.25  7.36 13.71  7.85  8.48  7.87  7.44 11.34 23.25 15.56 21.92 24.89 21.94
 9258.25  8.11 14.84  8.65  9.32  8.67  8.20 12.35 24.62 16.74 23.26 26.24 23.19
 9259.25  8.11 14.82  8.65  9.32  8.67  8.20 12.34 24.52 16.70 23.16 26.10 23.01
 9260.25  8.02 14.68  8.56  9.23  8.59  8.11 12.21 24.27 16.52 22.91 25.79 22.67
 9261.25  8.13 14.86  8.67  9.36  8.70  8.22 12.36 24.51 16.69 23.13 26.00 22.80
 9262.25  7.93 14.63  8.47  9.15  8.51  8.03 12.12 24.31 16.44 22.90 25.77 22.49
 9263.25  7.35 13.82  7.87  8.52  7.91  7.45 11.37 23.38 15.57 21.96 24.81 21.47
 9264.25  6.54 12.59  7.02  7.62  7.06  6.63 10.27 21.82 14.24 20.41 23.18 19.84
 9265.25  6.02 11.76  6.48  7.05  6.52  6.11  9.54 20.68 13.32 19.29 21.98 18.66
 9266.25  6.98 13.33  7.49  8.14  7.54  7.08 10.89 22.79 15.00 21.32 24.09 20.58
 9267.25  7.66 14.41  8.22  8.91  8.27  7.77 11.84 24.18 16.14 22.66 25.48 21.82
 9268.25  7.07 13.53  7.60  8.26  7.66  7.19 11.04 23.07 15.19 21.56 24.32 20.65
 9269.25  7.24 13.80  7.78  8.45  7.84  7.36 11.27 23.38 15.45 21.86 24.59 20.85
 9270.25  7.97 14.94  8.57  9.29  8.64  8.11 12.28 24.80 16.64 23.23 25.98 22.11
 9271.25  8.26 15.38  8.87  9.62  8.95  8.40 12.66 25.32 17.08 23.73 26.48 22.52
 9272.25  8.13 15.17  8.73  9.47  8.81  8.27 12.47 25.00 16.84 23.40 26.10 22.12
 9273.25  8.04 15.05  8.64  9.38  8.73  8.18 12.35 24.81 16.68 23.21 25.87 21.84
 9274.25  8.17 15.30  8.79  9.54  8.88  8.32 12.55 25.16 16.93 23.53 26.20 22.07
 9275.25  8.23 15.41  8.86  9.61  8.95  8.38 12.64 25.32 17.03 23.67 26.33 22.11
 9276.25  8.18 15.37  8.82  9.58  8.91  8.34 12.59 25.28 16.98 23.61 26.25 21.96
 9277.25  7.93 14.98  8.55  9.29  8.65  8.08 12.24 24.74 16.54 23.07 25.65 21.37
 9278.25  7.45 14.18  8.04  8.75  8.14  7.60 11.55 23.52 15.65 21.91 24.37 20.19
 9279.25  7.22 13.79  7.80  8.50  7.90  7.37 11.22 22.91 15.21 21.32 23.71 19.56
 9280.25  7.59 14.46  8.20  8.93  8.31  7.75 11.76 23.91 15.91 22.25 24.69 20.33
 9281.25  8.20 15.48  8.85  9.64  8.97  8.37 12.63 25.35 16.99 23.61 26.13 21.53
 9282.25  8.41 15.85  9.09  9.89  9.22  8.60 12.94 25.84 17.36 24.06 26.59 21.87
 9283.25  8.21 15.57  8.88  9.67  9.01  8.40 12.67 25.49 17.05 23.70 26.19 21.43
 9284.25  7.76 14.83  8.41  9.17  8.53  7.94 12.04 24.42 16.24 22.68 25.08 20.40
 9285.25  7.36 14.20  7.99  8.72  8.11  7.54 11.48 23.53 15.55 21.81 24.13 19.50
 9286.25  7.32 14.18  7.95  8.68  8.08  7.50 11.44 23.58 15.52 21.83 24.15 19.42
 9287.25  6.61 13.14  7.20  7.89  7.32  6.78 10.50 22.39 14.42 20.63 22.93 18.16
 9288.25  4.98 10.37  5.45  6.01  5.55  5.12  8.13 18.59 11.45 16.97 19.06 14.66
 9289.25  4.67  9.81  5.12  5.65  5.22  4.80  7.67 17.77 10.84 16.17 18.19 13.87
 9290.25  5.50 11.36  6.02  6.63  6.14  5.66  8.93 20.06 12.49 18.32 20.48 15.74
 9291.25  5.94 12.14  6.50  7.15  6.63  6.11  9.58 21.12 13.30 19.33 21.51 16.59
 9292.25  6.94 13.81  7.58  8.32  7.73  7.14 11.02 23.30 15.05 21.43 23.67 18.47
 9293.25  7.55 14.75  8.23  9.02  8.39  7.76 11.84 24.38 16.01 22.48 24.72 19.41
 9294.25  6.40 12.89  7.01  7.70  7.15  6.59 10.23 21.92 14.03 20.10 22.21 17.12
 9295.25  4.65  9.83  5.11  5.65  5.23  4.79  7.65 17.67 10.77 16.03 17.90 13.34
 9296.25  4.22  9.06  4.65  5.15  4.76  4.36  7.00 16.56  9.93 14.95 16.75 12.30
 9297.25  4.32  9.25  4.77  5.28  4.88  4.47  7.16 16.79 10.13 15.18 16.96 12.45
 9298.25  5.62 11.64  6.18  6.82  6.32  5.80  9.12 20.22 12.65 18.41 20.37 15.25
 9299.25  7.26 14.41  7.95  8.74  8.13  7.49 11.47 23.90 15.54 21.94 24.03 18.38
 9300.25  6.92 13.76  7.58  8.34  7.76  7.14 10.94 22.83 14.83 20.94 22.92 17.47
 9301.25  6.81 13.59  7.47  8.22  7.65  7.03 10.80 22.60 14.64 20.70 22.65 17.16
 9302.25  7.49 14.81  8.21  9.03  8.41  7.74 11.80 24.35 15.91 22.34 24.38 18.51
 9303.25  7.56 14.92  8.29  9.11  8.49  7.81 11.89 24.44 16.00 22.42 24.43 18.52
 9304.25  7.20 14.38  7.91  8.71  8.11  7.45 11.41 23.76 15.42 21.74 23.71 17.80
 9305.25  7.42 14.87  8.15  8.99  8.36  7.67 11.78 24.62 15.93 22.51 24.54 18.32
 9306.25  6.47 13.37  7.14  7.90  7.34  6.71 10.46 22.77 14.36 20.69 22.66 16.56
 9307.25  2.92  6.53  3.25  3.62  3.34  3.03  4.94 12.24  7.08 10.89 12.14  8.31
 9308.25  1.26  2.89  1.41  1.57  1.45  1.31  2.16  5.63  3.15  4.96  5.57  3.70
 9309.25  0.88  2.04  0.99  1.11  1.02  0.92  1.52  3.99  2.22  3.51  3.94  2.59
 9310.25  1.06  2.47  1.19  1.34  1.23  1.11  1.84  4.82  2.68  4.24  4.75  3.10
 9311.25  1.65  3.81  1.84  2.07  1.90  1.72  2.84  7.38  4.12  6.49  7.26  4.74
 9312.25  2.20  5.07  2.47  2.77  2.55  2.30  3.79  9.74  5.48  8.58  9.57  6.26
 9313.25  2.62  6.02  2.94  3.29  3.03  2.74  4.50 11.46  6.48 10.11 11.24  7.36
 9314.25  1.76  4.08  1.97  2.22  2.04  1.84  3.04  7.89  4.40  6.93  7.72  4.98
 9315.25  0.72  1.69  0.81  0.91  0.84  0.75  1.25  3.31  1.82  2.90  3.24  2.05
 9316.25  0.49  1.16  0.56  0.63  0.58  0.52  0.86  2.28  1.25  2.00  2.23  1.40
 9317.25  1.25  2.94  1.41  1.59  1.46  1.31  2.17  5.69  3.15  4.98  5.53  3.48
 9318.25  3.88  8.68  4.35  4.87  4.50  4.06  6.56 15.70  9.25 13.96 15.29 10.09
 9319.25  3.21  7.32  3.60  4.04  3.73  3.36  5.48 13.56  7.81 11.98 13.17  8.49
 9320.25  2.45  5.72  2.76  3.11  2.87  2.57  4.24 10.90  6.11  9.56 10.55  6.62
 9321.25  3.20  7.38  3.61  4.06  3.74  3.36  5.50 13.78  7.86 12.13 13.33  8.45
 9322.25  5.06 11.05  5.66  6.33  5.87  5.30  8.42 19.28 11.69 17.23 18.71 12.42
 9323.25  3.54  8.00  3.98  4.47  4.13  3.71  6.01 14.48  8.47 12.82 13.99  8.98
 9324.25  1.31  3.11  1.48  1.67  1.54  1.37  2.28  6.02  3.31  5.23  5.77  3.50
 9325.25  0.66  1.58  0.75  0.84  0.78  0.69  1.15  3.09  1.68  2.68  2.96  1.76
 9326.25  0.71  1.72  0.81  0.92  0.84  0.75  1.26  3.37  1.83  2.92  3.22  1.90
 9327.25  1.15  2.77  1.31  1.48  1.36  1.21  2.02  5.40  2.93  4.67  5.14  3.04
 9328.25  3.19  7.38  3.60  4.06  3.75  3.36  5.48 13.60  7.78 11.94 13.00  7.97
 9329.25  6.84 14.44  7.66  8.54  7.95  7.18 11.14 23.99 15.09 21.57 23.10 15.32
 9330.25  6.99 14.66  7.82  8.72  8.12  7.33 11.34 24.18 15.30 21.76 23.27 15.45
 9331.25  5.77 12.55  6.49  7.26  6.75  6.07  9.56 21.35 13.11 19.07 20.46 13.16
 9332.25  3.78  8.73  4.28  4.83  4.46  3.99  6.48 15.84  9.15 13.92 15.07  9.13
 9333.25  2.14  5.12  2.43  2.76  2.54  2.26  3.74  9.71  5.38  8.43  9.18  5.33
 9334.25  2.10  5.02  2.39  2.71  2.50  2.22  3.67  9.48  5.26  8.23  8.95  5.17
 9335.25  4.08  9.27  4.63  5.21  4.83  4.31  6.93 16.37  9.67 14.45 15.53  9.44
 9336.25  5.95 12.81  6.70  7.51  6.98  6.27  9.79 21.37 13.30 19.11 20.37 12.94
 9337.25  6.14 13.18  6.92  7.74  7.21  6.47 10.09 21.89 13.66 19.58 20.85 13.22
 9338.25  4.26  9.67  4.83  5.44  5.04  4.50  7.22 16.98 10.04 14.97 16.05  9.63
 9339.25  1.76  4.29  2.01  2.29  2.11  1.86  3.10  8.21  4.47  7.07  7.66  4.23
 9340.25  1.32  3.27  1.51  1.72  1.59  1.40  2.35  6.35  3.40  5.44  5.90  3.18
 9341.25  1.68  4.14  1.93  2.20  2.02  1.79  2.98  7.99  4.31  6.86  7.43  4.01
 9342.25  2.34  5.63  2.68  3.04  2.81  2.48  4.10 10.49  5.84  9.08  9.78  5.43
 9343.25  2.28  5.41  2.60  2.96  2.73  2.42  3.96  9.83  5.59  8.56  9.18  5.16
 9344.25  2.57  6.05  2.94  3.33  3.08  2.73  4.45 10.88  6.25  9.49 10.15  5.71
 9345.25  3.58  8.21  4.08  4.62  4.28  3.80  6.10 14.29  8.45 12.56 13.37  7.70
 9346.25  5.61 12.22  6.36  7.15  6.66  5.95  9.28 20.22 12.54 17.99 19.01 11.42
 9347.25  7.45 15.66  8.40  9.40  8.78  7.87 12.05 25.18 16.03 22.54 23.73 14.60
 9348.25  7.32 15.73  8.28  9.30  8.67  7.75 12.00 25.70 16.10 22.91 24.14 14.53
 9349.25  5.96 13.50  6.80  7.69  7.14  6.34 10.08 23.04 13.84 20.31 21.49 12.30
 9350.25  4.31 10.28  4.95  5.63  5.21  4.60  7.50 18.48 10.54 16.05 17.07  9.21
 9351.25  3.40  8.32  3.91  4.47  4.13  3.63  6.00 15.39  8.53 13.25 14.13  7.35
 9352.25  2.88  7.11  3.32  3.80  3.51  3.08  5.11 13.26  7.28 11.38 12.14  6.22
 9353.25  2.22  5.49  2.56  2.93  2.70  2.37  3.94 10.26  5.62  8.79  9.37  4.76
 9354.25  2.32  5.70  2.68  3.06  2.83  2.48  4.10 10.51  5.82  9.03  9.60  4.88
 9355.25  4.40 10.27  5.05  5.74  5.33  4.70  7.56 17.84 10.46 15.58 16.43  8.82
 9356.25  5.45 12.41  6.24  7.07  6.57  5.81  9.23 21.00 12.62 18.46 19.41 10.65
 9357.25  3.50  8.35  4.03  4.60  4.26  3.74  6.09 14.79  8.50 12.84 13.55  7.05
 9358.25  2.72  6.60  3.14  3.59  3.32  2.91  4.77 11.87  6.70 10.25 10.82  5.46
 9359.25  4.79 11.04  5.51  6.25  5.81  5.13  8.17 18.77 11.19 16.45 17.25  9.18
 9360.25  6.85 15.05  7.83  8.83  8.24  7.31 11.36 24.54 15.22 21.72 22.67 12.59
 9361.25  6.97 15.38  7.97  9.00  8.39  7.44 11.58 25.14 15.55 22.23 23.19 12.75
 9362.25  6.10 14.03  7.02  7.97  7.41  6.53 10.38 23.66 14.17 20.73 21.68 11.39
 9363.25  4.60 11.13  5.32  6.09  5.64  4.94  8.05 19.73 11.24 17.04 17.89  8.82
 9364.25  3.37  8.43  3.93  4.51  4.17  3.63  6.01 15.43  8.50 13.19 13.87  6.55
 9365.25  3.15  7.87  3.67  4.21  3.89  3.39  5.61 14.36  7.93 12.28 12.90  6.05
 9366.25  3.47  8.57  4.03  4.63  4.28  3.74  6.14 15.41  8.62 13.22 13.86  6.54
 9367.25  3.55  8.86  4.14  4.75  4.40  3.83  6.32 16.05  8.90 13.73 14.38  6.66
 9368.25  3.56  8.90  4.15  4.77  4.41  3.84  6.34 16.17  8.94 13.82 14.46  6.63
 9369.25  3.00  7.57  3.51  4.04  3.73  3.24  5.37 13.83  7.59 11.79 12.34  5.57
 9370.25  2.36  6.06  2.77  3.19  2.95  2.56  4.27 11.27  6.07  9.54  9.99  4.38
 9371.25  2.43  6.20  2.85  3.28  3.04  2.63  4.38 11.40  6.20  9.68 10.12  4.44
 9372.25  4.35 10.44  5.06  5.79  5.38  4.69  7.58 18.00 10.44 15.57 16.17  7.58
 9373.25  5.81 13.61  6.74  7.69  7.15  6.26  9.98 22.87 13.58 19.92 20.63  9.90
 9374.25  4.68 11.52  5.46  6.28  5.82  5.06  8.26 20.27 11.49 17.41 18.08  8.12
 9375.25  2.94  7.63  3.46  4.00  3.70  3.19  5.34 14.20  7.60 11.98 12.48  5.19
 9376.25  1.49  3.97  1.75  2.04  1.88  1.62  2.74  7.69  3.95  6.39  6.67  2.63
 9377.25  0.64  1.72  0.75  0.88  0.81  0.69  1.18  3.37  1.71  2.79  2.91  1.12
 9378.25  0.40  1.08  0.47  0.55  0.50  0.43  0.74  2.12  1.07  1.75  1.82  0.69
 9379.25  0.52  1.42  0.62  0.72  0.67  0.57  0.97  2.79  1.41  2.31  2.40  0.90
 9380.25  1.05  2.85  1.25  1.45  1.34  1.15  1.96  5.53  2.82  4.58  4.76  1.79
 9381.25  2.76  7.08  3.26  3.77  3.49  3.01  4.98 12.81  7.01 10.85 11.21  4.52
 9382.25  4.86 11.75  5.69  6.53  6.07  5.27  8.49 19.97 11.62 17.23 17.73  7.66
 9383.25  5.88 14.02  6.87  7.88  7.34  6.38 10.19 23.50 13.85 20.35 20.90  9.12
 9384.25  4.38 11.11  5.16  5.97  5.53  4.77  7.85 19.74 10.96 16.78 17.28  6.90
 9385.25  2.80  7.45  3.32  3.86  3.57  3.06  5.14 13.93  7.33 11.64 12.01  4.44
 9386.25  2.33  6.23  2.77  3.22  2.98  2.55  4.30 11.69  6.13  9.75 10.05  3.67
 9387.25  2.71  7.15  3.22  3.74  3.46  2.96  4.96 13.17  7.02 11.04 11.35  4.17
 9388.25  2.03  5.51  2.41  2.82  2.60  2.22  3.77 10.52  5.40  8.70  8.96  3.11
 9389.25  1.60  4.40  1.91  2.23  2.06  1.75  2.99  8.52  4.30  7.01  7.21  2.43
 9390.25  2.13  5.84  2.55  2.98  2.75  2.34  3.98 11.16  5.71  9.21  9.47  3.20
 9391.25  4.28 11.02  5.08  5.89  5.46  4.69  7.74 19.57 10.78 16.56 16.94  6.22
 9392.25  6.22 14.96  7.31  8.41  7.83  6.77 10.82 24.91 14.66 21.50 21.91  8.73
 9393.25  6.64 15.80  7.80  8.95  8.35  7.23 11.48 26.04 15.47 22.52 22.93  9.18
 9394.25  6.39 15.38  7.53  8.66  8.07  6.97 11.12 25.49 15.03 21.99 22.38  8.76
 9395.25  6.11 14.91  7.21  8.32  7.74  6.68 10.72 24.96 14.56 21.46 21.82  8.30
 9396.25  5.80 14.36  6.86  7.93  7.37  6.34 10.25 24.31 14.00 20.81 21.16  7.81
 9397.25  5.76 14.31  6.82  7.88  7.33  6.30 10.20 24.24 13.93 20.74 21.07  7.66
 9398.25  4.94 12.56  5.87  6.81  6.32  5.42  8.86 21.70 12.20 18.43 18.72  6.52
 9399.25  3.47  9.28  4.15  4.85  4.49  3.82  6.39 16.81  8.99 14.04 14.27  4.56
 9400.25  3.78 10.05  4.53  5.29  4.90  4.17  6.95 18.04  9.73 15.11 15.33  4.89
 9401.25  5.23 13.19  6.22  7.22  6.71  5.75  9.34 22.46 12.79 19.14 19.37  6.60
 9402.25  4.93 12.61  5.88  6.83  6.35  5.43  8.87 21.71 12.20 18.41 18.63  6.15
 9403.25  2.56  7.12  3.09  3.63  3.36  2.84  4.82 13.36  6.86 10.99 11.13  3.19
 9404.25  1.52  4.33  1.84  2.17  2.00  1.68  2.89  8.38  4.16  6.81  6.89  1.86
 9405.25  1.64  4.67  1.98  2.34  2.16  1.82  3.12  9.03  4.48  7.33  7.42  1.97
 9406.25  2.90  8.04  3.50  4.11  3.81  3.21  5.44 14.93  7.72 12.30 12.42  3.43
 9407.25  5.09 13.13  6.09  7.10  6.59  5.62  9.20 22.58 12.64 19.10 19.24  5.87
 9408.25  5.82 14.57  6.94  8.05  7.50  6.41 10.35 24.37 14.04 20.79 20.91  6.59
 9409.25  5.27 13.30  6.30  7.32  6.81  5.81  9.41 22.35 12.80 19.03 19.13  5.89
 9410.25  4.58 11.75  5.49  6.39  5.94  5.06  8.25 20.00 11.29 16.94 17.02  5.02
 9411.25  5.38 13.54  6.43  7.47  6.96  5.94  9.59 22.61 13.00 19.26 19.32  5.78
 9412.25  6.41 15.72  7.64  8.84  8.25  7.06 11.26 25.73 15.11 22.05 22.10  6.77
 9413.25  6.37 15.67  7.60  8.80  8.21  7.02 11.21 25.69 15.05 21.99 22.03  6.62
 9414.25  6.18 15.42  7.39  8.58  8.00  6.83 10.96 25.49 14.78 21.75 21.77  6.30
 9415.25  6.46 16.06  7.73  8.97  8.37  7.14 11.44 26.40 15.38 22.55 22.55  6.48
 9416.25  6.30 15.63  7.53  8.74  8.16  6.96 11.13 25.66 14.96 21.91 21.90  6.20
 9417.25  5.19 13.27  6.24  7.28  6.78  5.76  9.33 22.23 12.67 18.85 18.82  5.02
 9418.25  4.70 12.38  5.68  6.65  6.18  5.22  8.59 21.24 11.79 17.86 17.81  4.42
 9419.25  4.88 13.02  5.91  6.94  6.44  5.44  8.98 22.53 12.37 18.87 18.80  4.50
 9420.25  3.88 10.72  4.72  5.56  5.16  4.33  7.27 19.17 10.15 15.85 15.78  3.50
 9421.25  1.56  4.62  1.92  2.28  2.11  1.76  3.03  8.89  4.35  7.14  7.10  1.38
 9422.25  1.02  3.05  1.26  1.50  1.38  1.15  1.99  5.95  2.86  4.75  4.72  0.87
 9423.25  1.55  4.61  1.91  2.27  2.10  1.74  3.01  8.90  4.32  7.13  7.07  1.29
 9424.25  2.91  8.43  3.58  4.25  3.93  3.27  5.59 15.68  7.92 12.74 12.62  2.38
 9425.25  2.88  8.34  3.54  4.21  3.89  3.24  5.53 15.46  7.83 12.57 12.44  2.30
 9426.25  2.56  7.37  3.14  3.73  3.45  2.88  4.90 13.56  6.91 11.05 10.93  2.00
 9427.25  2.47  6.97  3.03  3.58  3.32  2.77  4.68 12.54  6.55 10.30 10.18  1.87
 9428.25  3.20  8.77  3.91  4.61  4.28  3.59  5.97 15.27  8.25 12.68 12.53  2.34
 9429.25  4.97 12.86  6.03  7.06  6.58  5.55  8.99 21.34 12.14 18.02 17.81  3.59
 9430.25  5.52 14.02  6.67  7.79  7.28  6.15  9.88 22.93 13.24 19.45 19.21  3.90
 9431.25  5.80 14.80  7.03  8.21  7.67  6.47 10.41 24.22 13.96 20.53 20.26  3.97
 9432.25  6.52 16.52  7.90  9.22  8.61  7.28 11.66 26.86 15.58 22.80 22.49  4.34
 9433.25  6.79 17.15  8.22  9.60  8.97  7.58 12.12 27.82 16.17 23.62 23.28  4.39
 9434.25  6.59 16.84  7.99  9.35  8.73  7.36 11.84 27.51 15.85 23.29 22.93  4.11
 9435.25  6.30 16.34  7.67  8.99  8.39  7.06 11.42 26.89 15.35 22.70 22.32  3.79
 9436.25  5.63 14.89  6.88  8.09  7.54  6.32 10.31 24.83 13.96 20.85 20.48  3.25
 9437.25  4.10 11.31  5.04  5.96  5.54  4.62  7.68 19.50 10.55 16.17 15.85  2.26
 9438.25  3.32  9.49  4.11  4.88  4.53  3.75  6.33 16.84  8.81 13.80 13.50  1.71
 9439.25  3.57 10.21  4.42  5.26  4.88  4.04  6.82 18.10  9.48 14.83 14.49  1.78
 9440.25  1.50  4.57  1.88  2.25  2.08  1.71  2.96  8.65  4.21  6.90  6.72  0.71
 9441.25  0.44  1.38  0.55  0.66  0.61  0.50  0.88  2.70  1.26  2.12  2.05  0.19
 9442.25  0.40  1.27  0.51  0.61  0.56  0.46  0.81  2.49  1.16  1.95  1.89  0.17
 9443.25  0.64  2.03  0.81  0.98  0.90  0.74  1.29  3.97  1.85  3.11  3.01  0.25
 9444.25  1.92  5.89  2.41  2.89  2.68  2.19  3.80 11.15  5.40  8.86  8.59  0.71
 9445.25  3.58 10.49  4.47  5.34  4.95  4.08  6.93 18.78  9.66 15.27 14.82  1.29
 9446.25  4.75 13.26  5.88  6.98  6.50  5.38  8.95 22.69 12.26 18.75 18.23  1.62
 9447.25  5.80 15.62  7.15  8.45  7.88  6.56 10.73 25.95 14.49 21.68 21.09  1.89
 9448.25  5.24 14.51  6.49  7.70  7.17  5.94  9.84 24.60 13.41 20.39 19.80  1.57
 9449.25  3.83 11.24  4.79  5.73  5.32  4.37  7.42 19.98 10.32 16.25 15.72  1.03
 9450.25  3.09  9.34  3.88  4.66  4.32  3.53  6.07 17.08  8.53 13.72 13.23  0.74
 9451.25  3.33 10.05  4.18  5.03  4.66  3.81  6.54 18.30  9.18 14.71 14.18  0.72
 9452.25  3.97 11.73  4.98  5.96  5.53  4.53  7.71 20.89 10.73 16.94 16.34  0.79
 9453.25  4.03 11.77  5.04  6.04  5.60  4.60  7.78 20.67 10.77 16.84 16.24  0.72
 9454.25  4.06 11.56  5.06  6.04  5.62  4.63  7.73 19.83 10.60 16.29 15.73  0.63
 9455.25  4.27 11.97  5.33  6.34  5.90  4.87  8.07 20.21 10.99 16.70 16.12  0.55
 9456.25  4.47 12.49  5.57  6.63  6.17  5.09  8.44 21.03 11.46 17.39 16.77  0.46
 9457.25  4.89 13.76  6.11  7.27  6.78  5.58  9.26 23.23 12.60 19.17 18.47  0.38
 9458.25  4.79 13.71  6.00  7.17  6.67  5.48  9.16 23.41 12.53 19.23 18.49  0.27
 9459.25  2.31  7.18  2.93  3.54  3.27  2.66  4.60 13.28  6.49 10.54 10.07  0.08
 9460.25  0.65  2.13  0.83  1.01  0.93  0.75  1.33  4.16  1.91  3.22  3.06  0.01
 9461.25  0.53  1.76  0.68  0.83  0.77  0.62  1.09  3.45  1.57  2.66  2.52  0.00
 9462.25  1.29  4.21  1.65  2.01  1.86  1.50  2.64  8.14  3.77  6.32  6.00  0.00
 9463.25  3.97 11.83  5.02  6.03  5.60  4.57  7.75 20.81 10.71 16.83 16.07  0.00
 9464.25  5.42 15.21  6.79  8.10  7.55  6.20 10.25 25.37 13.87 20.95 20.08  0.00
 9465.25  5.36 15.02  6.72  8.01  7.47  6.14 10.13 24.98 13.69 20.64 19.76  0.00
 9466.25  5.95 16.26  7.43  8.83  8.25  6.80 11.10 26.56 14.85 22.09 21.16  0.00
 9467.25  5.66 15.67  7.09  8.44  7.88  6.48 10.63 25.78 14.28 21.37 20.45  0.00
 9468.25  4.81 13.71  6.06  7.25  6.76  5.53  9.18 22.96 12.44 18.89 18.03  0.00
 9469.25  4.42 12.74  5.58  6.69  6.23  5.09  8.49 21.49 11.54 17.62 16.79  0.00
 9470.25  5.08 14.41  6.41  7.66  7.14  5.85  9.68 23.97 13.07 19.75 18.83  0.00
 9471.25  6.03 16.65  7.57  9.02  8.43  6.93 11.32 27.18 15.14 22.55 21.51  0.00
 9472.25  6.28 17.26  7.88  9.38  8.77  7.21 11.75 28.05 15.69 23.30 22.22  0.00
 9473.25  5.67 15.93  7.14  8.53  7.96  6.52 10.74 26.26 14.44 21.68 20.63  0.00
 9474.25  4.69 13.59  5.95  7.14  6.65  5.42  9.04 22.83 12.26 18.70 17.75  0.00
 9475.25  4.60 13.32  5.83  7.00  6.52  5.31  8.86 22.35 12.01 18.30 17.35  0.00
 9476.25  5.09 14.66  6.46  7.74  7.22  5.88  9.77 24.43 13.21 20.04 19.00  0.00
 9477.25  3.16 10.03  4.07  4.95  4.59  3.69  6.38 18.13  8.91 14.36 13.48  0.00
 9478.25  1.09  3.71  1.42  1.74  1.61  1.28  2.28  7.22  3.26  5.53  5.14  0.00
 9479.25  0.53  1.81  0.69  0.85  0.78  0.62  1.11  3.56  1.59  2.71  2.52  0.00
 9480.25  0.44  1.52  0.58  0.71  0.66  0.52  0.93  2.99  1.33  2.28  2.11  0.00
 9481.25  0.84  2.85  1.09  1.34  1.24  0.98  1.75  5.53  2.50  4.23  3.92  0.00
 9482.25  2.62  8.36  3.39  4.13  3.84  3.07  5.31 14.99  7.39 11.87 11.10  0.00
 9483.25  5.20 15.03  6.63  7.96  7.43  6.04 10.01 24.86 13.47 20.38 19.21  0.00
 9484.25  5.76 16.50  7.33  8.80  8.22  6.68 11.04 27.12 14.80 22.28 21.00  0.00
 9485.25  4.62 14.06  5.94  7.20  6.70  5.39  9.14 24.07 12.50 19.43 18.21  0.00
 9486.25  4.28 13.24  5.53  6.71  6.24  5.01  8.54 22.90 11.73 18.39 17.20  0.00
 9487.25  4.97 14.85  6.38  7.71  7.19  5.80  9.74 25.00 13.22 20.30 19.03  0.00
 9488.25  5.88 16.90  7.51  9.02  8.43  6.84 11.29 27.68 15.12 22.72 21.35  0.00
 9489.25  6.14 17.51  7.84  9.41  8.79  7.14 11.74 28.49 15.67 23.44 22.03  0.00
 9490.25  6.16 17.56  7.86  9.44  8.83  7.17 11.78 28.53 15.70 23.47 22.04  0.00
 9491.25  5.66 16.56  7.26  8.75  8.17  6.61 10.97 27.32 14.75 22.32 20.90  0.00
 9492.25  4.04 12.72  5.25  6.40  5.95  4.75  8.14 22.14 11.20 17.67 16.42  0.00
 9493.25  2.54  8.43  3.33  4.08  3.79  3.00  5.25 15.35  7.35 12.00 11.07  0.00
 9494.25  2.55  8.37  3.34  4.10  3.81  3.02  5.25 15.01  7.31 11.81 10.90  0.00
 9495.25  4.33 13.18  5.61  6.81  6.34  5.09  8.58 22.21 11.64 17.95 16.69  0.00
 9496.25  5.11 15.10  6.58  7.96  7.43  5.98  9.96 24.89 13.38 20.29 18.91  0.00
 9497.25  4.33 13.23  5.62  6.83  6.36  5.10  8.60 22.27 11.67 17.98 16.70  0.00
 9498.25  4.51 13.75  5.85  7.11  6.63  5.31  8.95 23.08 12.12 18.65 17.31  0.00
 9499.25  4.62 13.92  5.98  7.26  6.77  5.43  9.11 23.14 12.28 18.77 17.42  0.00
 9500.25  3.35 10.52  4.37  5.34  4.97  3.96  6.75 18.01  9.22 14.41 13.32  0.00
 9501.25  2.71  8.78  3.56  4.36  4.05  3.21  5.55 15.36  7.65 12.17 11.18  0.00
 9502.25  3.97 12.44  5.19  6.33  5.90  4.70  7.99 21.15 10.89 16.95 15.64  0.00
 9503.25  3.87 12.55  5.09  6.24  5.80  4.59  7.92 21.95 10.91 17.36 15.93  0.00
 9504.25  1.69  6.02  2.25  2.80  2.59  2.02  3.62 11.50  5.14  8.72  7.88  0.00
 9505.25  0.99  3.58  1.32  1.65  1.52  1.19  2.13  6.99  3.05  5.24  4.72  0.00
 9506.25  1.26  4.55  1.68  2.10  1.94  1.51  2.71  8.82  3.87  6.63  5.97  0.00
 9507.25  2.94 10.08  3.91  4.84  4.49  3.52  6.20 18.37  8.66 14.22 12.91  0.00
 9508.25  5.21 16.12  6.83  8.33  7.77  6.18 10.43 26.91 14.09 21.68 19.94  0.00
 9509.25  5.63 17.05  7.35  8.94  8.35  6.67 11.14 28.02 14.94 22.71 20.93  0.00
 9510.25  5.46 16.68  7.15  8.70  8.13  6.48 10.86 27.54 14.59 22.27 20.49  0.00
 9511.25  5.25 16.25  6.89  8.41  7.85  6.24 10.52 27.01 14.18 21.76 19.98  0.00
 9512.25  4.72 15.05  6.23  7.63  7.11  5.63  9.60 25.51 13.06 20.36 18.61  0.00
 9513.25  3.51 11.88  4.68  5.78  5.37  4.21  7.36 21.12 10.19 16.49 14.94  0.00
 9514.25  2.95 10.29  3.95  4.91  4.56  3.55  6.28 18.72  8.77 14.44 13.01  0.00
 9515.25  3.40 11.62  4.55  5.64  5.24  4.09  7.17 20.69  9.94 16.11 14.56  0.00
 9516.25  3.80 12.47  5.06  6.23  5.80  4.56  7.86 21.44 10.75 16.97 15.42  0.00
 9517.25  3.77 12.18  5.00  6.15  5.73  4.52  7.73 20.65 10.51 16.44 14.95  0.00
 9518.25  4.46 14.07  5.90  7.23  6.75  5.33  9.04 23.45 12.19 18.80 17.14  0.00
 9519.25  3.93 12.86  5.23  6.45  6.01  4.72  8.11 21.99 11.06 17.41 15.78  0.00
 9520.25  1.63  6.00  2.21  2.77  2.57  1.98  3.56 11.39  5.04  8.57  7.61  0.00
 9521.25  0.64  2.41  0.87  1.09  1.01  0.78  1.41  4.71  2.01  3.49  3.08  0.00
 9522.25  0.43  1.64  0.59  0.74  0.69  0.53  0.96  3.22  1.37  2.38  2.09  0.00
 9523.25  0.93  3.50  1.27  1.59  1.47  1.13  2.05  6.81  2.92  5.05  4.45  0.00
 9524.25  2.95 10.32  3.98  4.96  4.61  3.58  6.30 18.50  8.74 14.28 12.76  0.00
 9525.25  4.88 15.48  6.49  7.97  7.44  5.86  9.92 25.64 13.34 20.54 18.62  0.00
 9526.25  5.01 15.96  6.68  8.20  7.66  6.03 10.21 26.44 13.74 21.16 19.17  0.00
 9527.25  4.73 15.20  6.31  7.77  7.25  5.70  9.69 25.32 13.06 20.21 18.27  0.00
 9528.25  4.18 13.68  5.60  6.92  6.45  5.05  8.65 23.02 11.71 18.28 16.47  0.00
 9529.25  4.38 14.27  5.87  7.24  6.76  5.29  9.04 23.92 12.22 19.02 17.13  0.00
 9530.25  4.83 15.69  6.48  7.99  7.46  5.84  9.96 26.17 13.43 20.84 18.77  0.00
 9531.25  4.04 13.82  5.46  6.79  6.32  4.91  8.55 23.93 11.71 18.71 16.71  0.00
 9532.25  3.62 12.73  4.92  6.15  5.72  4.42  7.77 22.46 10.72 17.39 15.46  0.00
 9533.25  3.97 13.72  5.39  6.71  6.24  4.83  8.45 23.86 11.59 18.60 16.56  0.00
 9534.25  4.78 15.76  6.45  7.97  7.44  5.80  9.94 26.41 13.43 20.94 18.78  0.00
 9535.25  4.55 14.94  6.13  7.58  7.08  5.52  9.44 24.95 12.74 19.81 17.76  0.00
 9536.25  3.57 12.40  4.86  6.06  5.64  4.36  7.62 21.51 10.45 16.75 14.88  0.00
 9537.25  3.35 11.99  4.59  5.75  5.34  4.11  7.26 21.26 10.04 16.38 14.46  0.00
 9538.25  3.34 12.02  4.58  5.74  5.34  4.10  7.25 21.39 10.04 16.43 14.48  0.00
 9539.25  2.79 10.37  3.85  4.85  4.50  3.44  6.16 18.93  8.61 14.35 12.57  0.00
 9540.25  2.90 10.70  4.00  5.04  4.68  3.58  6.38 19.37  8.89 14.74 12.91  0.00
 9541.25  4.23 14.43  5.77  7.18  6.69  5.18  8.96 24.50 12.17 19.23 17.07  0.00
 9542.25  5.28 16.93  7.12  8.78  8.21  6.42 10.83 27.59 14.44 22.07 19.76  0.00
 9543.25  4.43 14.50  5.99  7.42  6.93  5.40  9.18 23.92 12.32 19.02 16.97  0.00
 9544.25  3.56 12.11  4.86  6.05  5.64  4.36  7.53 20.39 10.20 16.04 14.22  0.00
 9545.25  4.45 14.70  6.05  7.50  7.01  5.44  9.28 24.27 12.45 19.26 17.14  0.00
 9546.25  5.44 17.25  7.34  9.04  8.46  6.62 11.10 27.79 14.71 22.30 19.94  0.00
 9547.25  5.80 18.22  7.81  9.61  9.00  7.05 11.77 29.18 15.55 23.47 20.99  0.00
 9548.25  5.42 17.49  7.35  9.08  8.50  6.62 11.17 28.39 14.86 22.68 20.21  0.00
 9549.25  5.24 17.13  7.12  8.82  8.25  6.41 10.87 27.98 14.51 22.28 19.80  0.00
 9550.25  5.46 17.70  7.41  9.17  8.58  6.68 11.28 28.74 15.01 22.94 20.40  0.00
 9551.25  5.77 18.42  7.82  9.65  9.04  7.05 11.83 29.61 15.65 23.73 21.13  0.00
 9552.25  5.15 16.88  7.02  8.70  8.14  6.32 10.71 27.52 14.27 21.90 19.42  0.00
 9553.25  2.49  9.36  3.48  4.40  4.09  3.10  5.55 16.83  7.69 12.74 11.03  0.00
 9554.25  1.03  4.17  1.45  1.86  1.72  1.29  2.37  8.07  3.36  5.87  4.98  0.00
 9555.25  0.90  3.70  1.28  1.64  1.52  1.14  2.09  7.21  2.98  5.22  4.42  0.00
 9556.25  1.31  5.32  1.86  2.38  2.21  1.65  3.03 10.22  4.29  7.46  6.33  0.00
 9557.25  2.88 10.70  4.02  5.09  4.73  3.59  6.38 18.90  8.79 14.41 12.46  0.00
 9558.25  4.65 15.73  6.40  7.98  7.46  5.75  9.84 25.89 13.18 20.44 17.98  0.00
 9559.25  5.55 18.14  7.60  9.42  8.83  6.84 11.54 29.25 15.29 23.31 20.59  0.00
 9560.25  5.91 19.09  8.08 10.00  9.37  7.27 12.21 30.56 16.12 24.43 21.60  0.00
 9561.25  4.98 17.02  6.88  8.60  8.04  6.17 10.60 28.10 14.21 22.12 19.38  0.00
 9562.25  3.24 12.20  4.55  5.78  5.37  4.06  7.24 21.53  9.97 16.38 14.09  0.00
 9563.25  2.75 10.62  3.89  4.95  4.60  3.46  6.22 19.10  8.63 14.38 12.30  0.00
 9564.25  3.49 12.83  4.90  6.20  5.77  4.37  7.72 22.11 10.54 17.01 14.69  0.00
 9565.25  4.23 14.68  5.88  7.37  6.88  5.26  9.09 24.31 12.20 19.07 16.63  0.00
 9566.25  4.27 14.73  5.93  7.43  6.95  5.31  9.15 24.27 12.25 19.08 16.64  0.00
 9567.25  3.84 13.87  5.38  6.79  6.33  4.80  8.42 23.53 11.42 18.21 15.74  0.00
 9568.25  1.79  7.32  2.56  3.29  3.06  2.27  4.17 13.76  5.86 10.08  8.48  0.00
 9569.25  0.81  3.42  1.16  1.50  1.39  1.03  1.91  6.68  2.71  4.79  3.98  0.00
 9570.25  0.68  2.91  0.99  1.27  1.18  0.87  1.62  5.71  2.30  4.08  3.38  0.00
 9571.25  1.11  4.70  1.60  2.07  1.92  1.42  2.63  9.09  3.72  6.54  5.44  0.00
 9572.25  2.94 11.49  4.19  5.36  4.98  3.72  6.71 20.54  9.27 15.43 13.08  0.00
 9573.25  4.64 16.66  6.53  8.24  7.70  5.83 10.17 27.83 13.70 21.65 18.67  0.00
 9574.25  4.37 16.02  6.18  7.82  7.30  5.51  9.68 27.10 13.11 20.94 17.98  0.00
 9575.25  4.31 15.85  6.10  7.72  7.21  5.44  9.56 26.84 12.96 20.71 17.76  0.00
 9576.25  4.93 17.34  6.93  8.71  8.15  6.19 10.70 28.53 14.31 22.33 19.30  0.00
 9577.25  5.02 17.56  7.05  8.86  8.29  6.30 10.86 28.75 14.49 22.55 19.49  0.00
 9578.25  4.56 16.49  6.45  8.16  7.62  5.76 10.05 27.49 13.52 21.36 18.34  0.00
 9579.25  4.00 14.74  5.68  7.20  6.72  5.06  8.89 24.85 12.03 19.19 16.41  0.00
 9580.25  3.60 13.34  5.12  6.50  6.06  4.56  8.03 22.53 10.86 17.37 14.83  0.00
 9581.25  3.75 13.78  5.33  6.76  6.31  4.75  8.33 23.12 11.24 17.87 15.27  0.00
 9582.25  4.71 16.61  6.65  8.38  7.84  5.94 10.25 27.16 13.66 21.26 18.29  0.00
 9583.25  5.63 19.06  7.89  9.87  9.26  7.07 11.99 30.45 15.80 24.10 20.86  0.00
 9584.25  5.77 19.43  8.08 10.10  9.48  7.24 12.25 30.95 16.11 24.53 21.23  0.00
 9585.25  5.40 18.63  7.61  9.55  8.95  6.81 11.62 29.97 15.37 23.62 20.36  0.00
 9586.25  5.06 17.78  7.16  9.02  8.45  6.40 11.00 28.84 14.61 22.62 19.44  0.00
 9587.25  4.71 16.85  6.69  8.45  7.91  5.97 10.33 27.58 13.79 21.52 18.42  0.00
 9588.25  4.18 15.27  5.97  7.57  7.08  5.32  9.28 25.26 12.44 19.60 16.71  0.00
 9589.25  3.96 14.52  5.67  7.19  6.72  5.05  8.81 24.03 11.81 18.63 15.86  0.00
 9590.25  4.28 15.48  6.11  7.74  7.24  5.45  9.46 25.39 12.62 19.77 16.85  0.00
 9591.25  4.36 15.74  6.23  7.89  7.38  5.55  9.63 25.76 12.84 20.07 17.11  0.00
 9592.25  4.32 15.68  6.18  7.83  7.33  5.51  9.57 25.72 12.77 20.01 17.03  0.00
 9593.25  4.03 15.21  5.81  7.41  6.92  5.17  9.11 25.48 12.27 19.59 16.54  0.00
 9594.25  3.33 13.30  4.85  6.25  5.82  4.30  7.74 23.12 10.59 17.42 14.52  0.00
 9595.25  3.71 14.56  5.41  6.94  6.47  4.79  8.56 24.91 11.64 18.92 15.83  0.00
 9596.25  4.80 17.51  6.90  8.75  8.19  6.14 10.67 28.63 14.22 22.26 18.88  0.00
 9597.25  5.03 17.87  7.19  9.08  8.51  6.41 11.03 28.79 14.59 22.54 19.20  0.00
 9598.25  4.63 16.84  6.66  8.45  7.91  5.94 10.29 27.42 13.68 21.35 18.10  0.00
 9599.25  4.79 17.36  6.89  8.74  8.19  6.14 10.63 28.18 14.11 21.96 18.62  0.00
 9600.25  5.27 18.67  7.55  9.54  8.94  6.74 11.55 29.94 15.23 23.47 19.96  0.00
 9601.25  5.42 19.14  7.76  9.80  9.19  6.93 11.86 30.60 15.62 24.01 20.42  0.00
 9602.25  5.46 19.32  7.83  9.89  9.28  6.98 11.96 30.91 15.76 24.24 20.60  0.00
 9603.25  5.18 18.62  7.46  9.45  8.86  6.65 11.45 29.97 15.13 23.41 19.83  0.00
 9604.25  4.59 16.87  6.64  8.45  7.91  5.91 10.27 27.44 13.64 21.32 17.97  0.00
 9605.25  4.07 15.40  5.93  7.58  7.09  5.26  9.24 25.40 12.36 19.57 16.40  0.00
 9606.25  4.38 16.47  6.38  8.15  7.63  5.67  9.92 27.02 13.24 20.87 17.50  0.00
 9607.25  4.92 18.00  7.13  9.07  8.50  6.35 10.99 29.08 14.55 22.63 19.07  0.00
 9608.25  3.85 15.23  5.67  7.30  6.82  5.02  8.95 25.77 12.09 19.56 16.20  0.00
 9609.25  1.79  8.10  2.70  3.55  3.30  2.37  4.43 15.19  6.21 10.86  8.68  0.00
 9610.25  1.18  5.51  1.79  2.37  2.19  1.57  2.97 10.62  4.18  7.47  5.91  0.00
 9611.25  1.69  7.73  2.55  3.36  3.12  2.24  4.20 14.60  5.90 10.38  8.26  0.00
 9612.25  3.65 14.92  5.43  7.03  6.56  4.79  8.64 25.63 11.73 19.25 15.78  0.00
 9613.25  5.32 19.26  7.72  9.81  9.20  6.88 11.83 30.78 15.57 24.03 20.21  0.00
 9614.25  5.37 18.99  7.76  9.82  9.23  6.92 11.79 29.99 15.42 23.55 19.87  0.00
 9615.25  5.17 18.43  7.50  9.49  8.92  6.68 11.41 29.17 14.94 22.87 19.26  0.00
 9616.25  5.16 18.82  7.53  9.57  8.98  6.70 11.54 30.07 15.18 23.45 19.66  0.00
 9617.25  4.25 16.76  6.31  8.13  7.60  5.58  9.91 27.85 13.28 21.25 17.54  0.00
 9618.25  3.93 15.81  5.86  7.57  7.08  5.17  9.25 26.54 12.47 20.13 16.53  0.00
 9619.25  4.44 17.15  6.57  8.44  7.90  5.82 10.24 28.10 13.65 21.59 17.88  0.00
 9620.25  4.09 16.09  6.08  7.84  7.33  5.38  9.53 26.60 12.75 20.33 16.76  0.00
 9621.25  2.90 12.44  4.38  5.73  5.34  3.86  7.05 21.73  9.64 16.09 12.98  0.00
 9622.25  1.47  6.92  2.25  2.99  2.77  1.97  3.72 13.11  5.22  9.25  7.25  0.00
 9623.25  0.99  4.79  1.53  2.03  1.88  1.33  2.54  9.28  3.58  6.45  5.01  0.00
 9624.25  1.13  5.45  1.74  2.32  2.15  1.52  2.90 10.51  4.08  7.32  5.69  0.00
 9625.25  1.84  8.60  2.83  3.75  3.48  2.48  4.66 15.99  6.50 11.38  8.94  0.00
 9626.25  2.82 12.39  4.30  5.65  5.26  3.78  6.95 21.80  9.53 16.03 12.83  0.00
 9627.25  3.65 15.24  5.52  7.19  6.71  4.86  8.78 25.85 11.87 19.40 15.72  0.00
 9628.25  4.16 16.85  6.26  8.12  7.59  5.53  9.87 27.97 13.22 21.24 17.33  0.00
 9629.25  3.71 15.63  5.63  7.35  6.86  4.96  8.98 26.56 12.15 19.90 16.07  0.00
 9630.25  3.41 14.78  5.20  6.82  6.36  4.57  8.36 25.56 11.39 18.94 15.18  0.00
 9631.25  3.73 15.86  5.68  7.42  6.93  4.99  9.07 27.02 12.28 20.19 16.25  0.00
 9632.25  3.53 15.27  5.40  7.07  6.60  4.74  8.66 26.27 11.77 19.51 15.63  0.00
 9633.25  3.56 15.39  5.45  7.15  6.67  4.79  8.74 26.41 11.87 19.64 15.73  0.00
 9634.25  3.81 16.15  5.82  7.60  7.10  5.12  9.26 27.30 12.51 20.46 16.46  0.00
 9635.25  3.90 16.20  5.93  7.73  7.22  5.22  9.39 27.05 12.61 20.41 16.48  0.00
 9636.25  3.45 14.56  5.27  6.88  6.43  4.63  8.37 24.52 11.29 18.40 14.80  0.00
 9637.25  3.24 13.83  4.97  6.50  6.07  4.37  7.92 23.39 10.69 17.51 14.04  0.00
 9638.25  3.81 15.84  5.82  7.58  7.09  5.12  9.19 26.33 12.32 19.89 16.04  0.00
 9639.25  4.38 17.67  6.65  8.62  8.08  5.86 10.41 28.88 13.84 22.01 17.86  0.00
 9640.25  4.29 17.39  6.53  8.47  7.94  5.76 10.23 28.43 13.60 21.66 17.55  0.00
 9641.25  4.37 17.73  6.65  8.64  8.09  5.86 10.42 28.97 13.85 22.06 17.86  0.00
 9642.25  4.64 18.58  7.04  9.13  8.56  6.22 10.99 30.15 14.56 23.04 18.69  0.00
 9643.25  4.57 18.40  6.96  9.03  8.46  6.14 10.86 29.89 14.40 22.82 18.49  0.00
 9644.25  4.15 17.07  6.35  8.27  7.74  5.59  9.98 27.99 13.29 21.24 17.12  0.00
 9645.25  3.54 14.99  5.46  7.14  6.68  4.79  8.64 24.93 11.58 18.76 15.01  0.00
 9646.25  3.80 15.84  5.84  7.62  7.14  5.14  9.20 26.08 12.28 19.73 15.83  0.00
 9647.25  4.54 18.24  6.94  9.00  8.44  6.12 10.80 29.43 14.27 22.51 18.20  0.00
 9648.25  4.81 19.06  7.33  9.48  8.90  6.47 11.36 30.54 14.95 23.44 19.00  0.00
 9649.25  4.78 19.06  7.30  9.46  8.88  6.44 11.33 30.57 14.93 23.44 18.97  0.00
 9650.25  4.70 18.95  7.19  9.34  8.76  6.34 11.20 30.55 14.80 23.35 18.83  0.00
 9651.25  4.46 18.37  6.87  8.95  8.39  6.04 10.76 29.88 14.27 22.71 18.23  0.00
 9652.25  4.18 17.57  6.47  8.46  7.93  5.69 10.20 28.84 13.58 21.80 17.40  0.00
 9653.25  3.82 16.60  5.96  7.84  7.34  5.23  9.48 27.69 12.72 20.72 16.41  0.00
 9654.25  3.36 15.23  5.29  7.01  6.54  4.63  8.51 26.03 11.53 19.19 15.02  0.00
 9655.25  3.00 14.05  4.76  6.34  5.91  4.15  7.73 24.50 10.54 17.84 13.83  0.00
 9656.25  2.80 13.35  4.46  5.96  5.55  3.89  7.28 23.53  9.96 17.01 13.11  0.00
 9657.25  2.94 13.86  4.67  6.23  5.81  4.08  7.60 24.22 10.38 17.60 13.60  0.00
 9658.25  3.10 14.50  4.93  6.56  6.12  4.30  7.99 25.15 10.87 18.34 14.20  0.00
 9659.25  2.90 13.77  4.62  6.17  5.76  4.03  7.53 24.12 10.28 17.48 13.46  0.00
 9660.25  2.26 11.22  3.64  4.89  4.55  3.16  5.99 20.30  8.27 14.42 10.94  0.00
 9661.25  1.84  9.38  2.97  4.01  3.73  2.58  4.93 17.32  6.85 12.13  9.11  0.00
 9662.25  1.82  9.27  2.94  3.97  3.69  2.55  4.88 17.10  6.77 11.98  8.99  0.00
 9663.25  2.08 10.50  3.37  4.54  4.23  2.92  5.56 19.11  7.69 13.49 10.17  0.00
 9664.25  1.92  9.85  3.12  4.22  3.92  2.71  5.18 18.14  7.18 12.70  9.52  0.00
 9665.25  1.77  9.19  2.88  3.90  3.63  2.50  4.80 17.11  6.67 11.90  8.87  0.00
 9666.25  2.21 11.20  3.59  4.85  4.51  3.12  5.93 20.33  8.19 14.36 10.79  0.00
 9667.25  3.18 14.97  5.11  6.82  6.37  4.45  8.26 25.68 11.19 18.77 14.45  0.00
 9668.25  3.75 16.89  5.97  7.92  7.41  5.22  9.54 28.17 12.78 20.94 16.30  0.00
 9669.25  2.85 13.75  4.60  6.17  5.76  4.01  7.49 23.94 10.20 17.33 13.21  0.00
 9670.25  1.39  7.44  2.29  3.12  2.90  1.98  3.83 14.04  5.34  9.65  7.10  0.00
 9671.25  1.06  5.78  1.75  2.39  2.22  1.51  2.94 11.14  4.12  7.55  5.50  0.00
 9672.25  1.44  7.76  2.38  3.24  3.01  2.05  3.98 14.70  5.56 10.06  7.37  0.00
 9673.25  2.36 12.06  3.86  5.23  4.87  3.35  6.38 21.75  8.79 15.37 11.48  0.00
 9674.25  3.26 15.63  5.29  7.09  6.62  4.61  8.58 26.78 11.61 19.52 14.90  0.00
 9675.25  3.45 16.29  5.59  7.47  6.98  4.86  9.01 27.63 12.15 20.26 15.52  0.00
 9676.25  2.53 12.87  4.15  5.62  5.24  3.60  6.84 22.98  9.39 16.31 12.20  0.00
 9677.25  2.34 12.12  3.86  5.24  4.88  3.34  6.38 21.87  8.79 15.41 11.45  0.00
 9678.25  3.16 15.34  5.16  6.93  6.47  4.48  8.38 26.37 11.35 19.15 14.53  0.00
 9679.25  3.63 16.82  5.88  7.84  7.34  5.13  9.42 28.02 12.61 20.73 15.95  0.00
 9680.25  3.03 14.64  4.96  6.66  6.22  4.31  8.03 24.97 10.85 18.21 13.83  0.00
 9681.25  2.08 10.92  3.45  4.70  4.37  2.98  5.72 19.77  7.88 13.87 10.24  0.00
 9682.25  1.32  7.35  2.22  3.04  2.83  1.91  3.73 13.97  5.20  9.49  6.85  0.00
 9683.25  1.10  6.21  1.85  2.55  2.37  1.60  3.12 11.94  4.37  8.04  5.77  0.00
 9684.25  1.03  5.85  1.74  2.40  2.23  1.50  2.94 11.29  4.12  7.59  5.43  0.00
 9685.25  1.11  6.29  1.88  2.58  2.40  1.61  3.16 12.09  4.43  8.14  5.82  0.00
 9686.25  1.90 10.27  3.18  4.35  4.05  2.75  5.30 18.88  7.34 13.08  9.53  0.00
 9687.25  3.14 15.56  5.20  7.01  6.55  4.50  8.45 26.65 11.43 19.31 14.51  0.00
 9688.25  3.09 15.41  5.12  6.92  6.46  4.44  8.34 26.47 11.30 19.14 14.34  0.00
 9689.25  3.34 16.30  5.52  7.43  6.94  4.79  8.93 27.60 12.02 20.13 15.17  0.00
 9690.25  3.73 17.59  6.13  8.20  7.68  5.33  9.81 29.16 13.10 21.53 16.39  0.00
 9691.25  3.12 15.52  5.19  7.01  6.55  4.50  8.43 26.50 11.38 19.20 14.38  0.00
 9692.25  1.84 10.14  3.11  4.27  3.98  2.68  5.20 18.69  7.20 12.89  9.30  0.00
 9693.25  1.46  8.33  2.50  3.44  3.20  2.15  4.20 15.71  5.85 10.66  7.60  0.00
 9694.25  2.03 11.16  3.45  4.74  4.41  2.97  5.75 20.32  7.93 14.10 10.20  0.00
 9695.25  3.10 15.64  5.19  7.03  6.57  4.49  8.45 26.75 11.42 19.33 14.39  0.00
 9696.25  3.52 17.13  5.85  7.88  7.38  5.08  9.43 28.65 12.63 20.99 15.79  0.00
 9697.25  4.02 18.64  6.62  8.85  8.30  5.76 10.52 30.36 13.93 22.59 17.21  0.00
 9698.25  4.03 18.64  6.64  8.87  8.32  5.78 10.54 30.28 13.94 22.56 17.20  0.00
 9699.25  3.29 16.36  5.52  7.46  6.97  4.78  8.93 27.56 11.99 20.07 14.98  0.00
 9700.25  1.75  9.83  3.00  4.13  3.84  2.58  5.01 18.08  6.93 12.43  8.88  0.00
 9701.25  0.80  4.78  1.39  1.93  1.79  1.19  2.36  9.27  3.30  6.15  4.28  0.00
 9702.25  0.71  4.25  1.23  1.71  1.59  1.05  2.09  8.28  2.93  5.47  3.80  0.00
 9703.25  1.26  7.42  2.19  3.04  2.83  1.88  3.70 14.08  5.15  9.46  6.64  0.00
 9704.25  3.01 15.47  5.10  6.94  6.48  4.41  8.32 26.46 11.22 19.03 14.02  0.00
 9705.25  4.03 18.95  6.72  9.00  8.44  5.83 10.67 30.73 14.09 22.85 17.29  0.00
 9706.25  3.68 17.96  6.19  8.35  7.82  5.36  9.93 29.63 13.22 21.79 16.31  0.00
 9707.25  3.20 16.40  5.44  7.40  6.92  4.70  8.85 27.76 11.91 20.08 14.81  0.00
 9708.25  3.37 16.92  5.71  7.74  7.24  4.94  9.23 28.27 12.35 20.60 15.28  0.00
 9709.25  3.88 18.52  6.52  8.76  8.22  5.66 10.38 30.08 13.72 22.31 16.78  0.00
 9710.25  4.04 19.10  6.78  9.10  8.54  5.89 10.76 30.86 14.19 22.95 17.31  0.00
 9711.25  4.01 19.07  6.74  9.05  8.49  5.85 10.71 30.88 14.13 22.92 17.24  0.00
 9712.25  3.25 16.66  5.56  7.56  7.07  4.80  9.02 28.01 12.09 20.29 14.93  0.00
 9713.25  1.65  9.72  2.89  4.02  3.75  2.48  4.87 18.00  6.74 12.23  8.55  0.00
 9714.25  1.04  6.36  1.83  2.56  2.38  1.57  3.12 12.20  4.35  8.08  5.55  0.00
 9715.25  1.24  7.54  2.20  3.07  2.86  1.88  3.73 14.26  5.18  9.54  6.59  0.00
 9716.25  2.64 14.26  4.58  6.28  5.87  3.94  7.52 24.66 10.18 17.51 12.63  0.00
 9717.25  3.90 18.90  6.63  8.93  8.38  5.74 10.55 30.63 13.93 22.67 16.92  0.00
 9718.25  4.06 19.42  6.88  9.26  8.69  5.97 10.92 31.26 14.36 23.22 17.39  0.00
 9719.25  3.95 19.15  6.73  9.07  8.51  5.83 10.71 30.96 14.11 22.93 17.10  0.00
 9720.25  2.71 14.78  4.74  6.51  6.09  4.07  7.79 25.51 10.52 18.10 13.01  0.00
 9721.25  1.07  6.65  1.91  2.68  2.49  1.63  3.25 12.71  4.52  8.41  5.73  0.00
 9722.25  0.60  3.81  1.07  1.51  1.41  0.92  1.84  7.45  2.57  4.85  3.27  0.00
 9723.25  0.67  4.29  1.21  1.71  1.59  1.03  2.07  8.36  2.89  5.46  3.68  0.00
 9724.25  1.45  8.87  2.60  3.64  3.39  2.22  4.40 16.49  6.08 11.11  7.63  0.00
 9725.25  2.72 15.04  4.79  6.61  6.18  4.11  7.89 25.84 10.66 18.35 13.11  0.00
 9726.25  3.07 16.47  5.38  7.38  6.91  4.62  8.78 27.78 11.78 19.96 14.40  0.00
 9727.25  3.17 16.87  5.55  7.61  7.13  4.78  9.04 28.27 12.10 20.40 14.75  0.00
 9728.25  3.06 16.51  5.38  7.39  6.92  4.62  8.79 27.83 11.79 19.98 14.38  0.00
 9729.25  2.76 15.41  4.90  6.77  6.33  4.20  8.07 26.44 10.90 18.76 13.35  0.00
 9730.25  2.67 15.02  4.75  6.57  6.14  4.07  7.84 25.87 10.59 18.30 12.98  0.00
 9731.25  2.65 14.98  4.72  6.54  6.11  4.05  7.80 25.83 10.55 18.25 12.92  0.00
 9732.25  2.89 16.02  5.14  7.09  6.63  4.41  8.44 27.25 11.35 19.42 13.83  0.00
 9733.25  3.43 17.96  6.03  8.25  7.73  5.19  9.75 29.57 12.95 21.52 15.61  0.00
 9734.25  3.26 17.24  5.75  7.88  7.38  4.95  9.31 28.49 12.39 20.67 14.94  0.00
 9735.25  2.58 14.61  4.62  6.40  5.98  3.95  7.61 25.06 10.28 17.73 12.52  0.00
 9736.25  2.00 12.02  3.63  5.07  4.73  3.09  6.07 21.41  8.29 14.76 10.19  0.00
 9737.25  1.47  9.31  2.69  3.79  3.53  2.29  4.56 17.27  6.30 11.57  7.81  0.00
 9738.25  1.59 10.06  2.92  4.12  3.84  2.48  4.95 18.57  6.82 12.48  8.44  0.00
 9739.25  1.67 10.52  3.06  4.32  4.02  2.61  5.18 19.34  7.14 13.03  8.81  0.00
 9740.25  1.06  6.97  1.96  2.78  2.58  1.66  3.35 13.33  4.65  8.73  5.78  0.00
 9741.25  1.04  6.86  1.92  2.73  2.54  1.63  3.29 13.11  4.57  8.58  5.67  0.00
 9742.25  1.79 11.15  3.29  4.63  4.32  2.80  5.54 20.20  7.60 13.72  9.32  0.00
 9743.25  2.94 16.14  5.28  7.28  6.82  4.52  8.60 26.86 11.46 19.32 13.75  0.00
 9744.25  3.44 17.98  6.12  8.37  7.86  5.26  9.83 29.15 12.96 21.32 15.40  0.00
 9745.25  3.73 19.20  6.62  9.04  8.49  5.70 10.59 30.87 13.90 22.70 16.47  0.00
 9746.25  3.05 17.01  5.52  7.63  7.15  4.72  9.01 28.43 12.03 20.37 14.40  0.00
 9747.25  1.77 11.27  3.28  4.64  4.33  2.79  5.55 20.51  7.62 13.86  9.31  0.00
 9748.25  1.28  8.47  2.39  3.40  3.16  2.02  4.08 15.92  5.64 10.51  6.93  0.00
 9749.25  1.36  8.96  2.55  3.62  3.37  2.16  4.34 16.68  5.99 11.08  7.34  0.00
 9750.25  2.30 13.90  4.25  5.96  5.57  3.62  7.08 24.19  9.58 16.83 11.55  0.00
 9751.25  3.44 18.53  6.20  8.54  8.01  5.32 10.02 30.22 13.24 21.96 15.67  0.00
 9752.25  3.63 19.15  6.53  8.95  8.41  5.61 10.48 30.86 13.77 22.59 16.23  0.00
 9753.25  3.49 18.54  6.30  8.64  8.12  5.41 10.12 29.94 13.31 21.88 15.68  0.00
 9754.25  3.35 18.10  6.08  8.36  7.85  5.21  9.80 29.41 12.93 21.40 15.25  0.00
 9755.25  3.34 18.23  6.07  8.38  7.86  5.20  9.83 29.74 12.98 21.57 15.31  0.00
 9756.25  3.30 18.11  6.02  8.31  7.80  5.16  9.75 29.55 12.88 21.42 15.18  0.00
 9757.25  3.08 17.14  5.64  7.80  7.32  4.82  9.16 28.14 12.13 20.31 14.32  0.00
 9758.25  2.81 16.25  5.20  7.24  6.79  4.44  8.53 27.12 11.38 19.35 13.48  0.00
 9759.25  3.02 17.28  5.58  7.76  7.27  4.76  9.12 28.66 12.14 20.53 14.34  0.00
 9760.25  3.53 19.10  6.45  8.88  8.34  5.53 10.37 30.85 13.64 22.48 15.97  0.00
 9761.25  3.73 19.58  6.76  9.27  8.71  5.81 10.79 31.21 14.09 22.93 16.43  0.00
 9762.25  3.56 18.84  6.48  8.89  8.36  5.56 10.35 30.07 13.53 22.06 15.77  0.00
 9763.25  3.62 18.99  6.59  9.02  8.48  5.66 10.49 30.17 13.68 22.20 15.90  0.00
 9764.25  3.93 20.10  7.11  9.69  9.13  6.12 11.24 31.61 14.57 23.41 16.87  0.00
 9765.25  4.05 20.50  7.32  9.95  9.38  6.30 11.52 32.07 14.90 23.81 17.20  0.00
 9766.25  3.50 19.11  6.45  8.89  8.36  5.52 10.37 30.75 13.60 22.41 15.84  0.00
 9767.25  3.20 18.28  5.97  8.30  7.79  5.10  9.72 29.94 12.85 21.55 15.02  0.00
 9768.25  3.99 20.55  7.26  9.90  9.33  6.24 11.47 32.29 14.86 23.88 17.14  0.00
 9769.25  4.50 21.81  8.06 10.88 10.27  6.97 12.51 33.54 16.01 25.15 18.33  0.00
 9770.25  4.27 21.41  7.73 10.50  9.90  6.66 12.11 33.25 15.59 24.76 17.89  0.00
 9771.25  3.91 20.56  7.17  9.83  9.26  6.16 11.39 32.43 14.79 23.90 17.04  0.00
 9772.25  3.60 19.71  6.69  9.23  8.68  5.72 10.73 31.52 14.03 23.01 16.22  0.00
 9773.25  3.47 19.23  6.47  8.95  8.41  5.53 10.41 30.86 13.64 22.46 15.77  0.00
 9774.25  3.81 20.15  7.02  9.64  9.07  6.03 11.15 31.75 14.47 23.39 16.63  0.00
 9775.25  4.20 21.25  7.66 10.42  9.83  6.60 12.00 32.97 15.44 24.53 17.64  0.00
 9776.25  4.04 20.90  7.43 10.15  9.57  6.39 11.71 32.60 15.10 24.16 17.27  0.00
 9777.25  3.89 20.53  7.20  9.87  9.30  6.18 11.40 32.22 14.76 23.77 16.90  0.00
 9778.25  3.70 20.06  6.90  9.51  8.95  5.91 11.01 31.75 14.32 23.28 16.42  0.00
 9779.25  3.39 19.10  6.39  8.87  8.34  5.46 10.30 30.64 13.49 22.26 15.51  0.00
 9780.25  3.19 18.56  6.07  8.47  7.96  5.17  9.87 30.14 12.99 21.71 14.97  0.00
 9781.25  3.17 18.46  6.04  8.43  7.92  5.14  9.82 29.96 12.92 21.58 14.88  0.00
 9782.25  3.17 18.25  6.03  8.40  7.90  5.14  9.76 29.44 12.81 21.29 14.72  0.00
 9783.25  3.38 19.10  6.41  8.90  8.37  5.47 10.32 30.52 13.48 22.19 15.43  0.00
 9784.25  3.51 19.79  6.66  9.25  8.70  5.69 10.71 31.56 13.98 22.97 15.98  0.00
 9785.25  3.37 19.42  6.44  8.97  8.43  5.48 10.41 31.22 13.64 22.60 15.61  0.00
 9786.25  2.99 18.11  5.79  8.14  7.63  4.91  9.48 29.70 12.53 21.19 14.40  0.00
 9787.25  2.67 16.89  5.23  7.41  6.94  4.43  8.66 28.24 11.54 19.88 13.30  0.00
 9788.25  2.84 17.64  5.55  7.83  7.35  4.70  9.14 29.18 12.12 20.69 13.93  0.00
 9789.25  2.93 18.00  5.71  8.05  7.55  4.85  9.38 29.59 12.41 21.06 14.23  0.00
 9790.25  2.00 13.70  3.99  5.73  5.35  3.36  6.73 23.95  9.10 16.31 10.55  0.00
 9791.25  0.98  7.48  1.99  2.91  2.71  1.67  3.45 14.17  4.77  9.09  5.59  0.00
 9792.25  0.54  4.26  1.11  1.62  1.51  0.93  1.93  8.29  2.68  5.21  3.15  0.00
 9793.25  0.32  2.54  0.66  0.96  0.90  0.55  1.15  4.99  1.59  3.11  1.87  0.00
 9794.25  0.33  2.63  0.68  1.00  0.93  0.57  1.19  5.17  1.65  3.22  1.93  0.00
 9795.25  0.67  5.29  1.38  2.03  1.89  1.15  2.41 10.22  3.33  6.45  3.90  0.00
 9796.25  1.97 13.69  3.97  5.72  5.34  3.34  6.71 23.94  9.05 16.25 10.43  0.00
 9797.25  2.79 17.77  5.54  7.86  7.37  4.69  9.15 29.38 12.12 20.76 13.81  0.00
 9798.25  1.92 13.69  3.92  5.66  5.29  3.29  6.64 24.07  8.99 16.26 10.35  0.00
 9799.25  1.49 11.18  3.07  4.47  4.17  2.57  5.28 20.36  7.21 13.40  8.34  0.00
 9800.25  1.45 10.92  2.99  4.36  4.07  2.50  5.14 19.94  7.03 13.10  8.12  0.00
 9801.25  0.79  6.33  1.65  2.43  2.27  1.38  2.88 12.12  3.98  7.68  4.62  0.00
 9802.25  0.52  4.24  1.09  1.61  1.50  0.91  1.91  8.26  2.64  5.16  3.07  0.00
 9803.25  0.69  5.57  1.44  2.13  1.98  1.20  2.52 10.75  3.48  6.76  4.04  0.00
 9804.25  1.58 11.81  3.28  4.78  4.46  2.75  5.62 21.20  7.64 14.06  8.76  0.00
 9805.25  2.88 18.39  5.80  8.22  7.72  4.90  9.53 30.06 12.56 21.34 14.17  0.00
 9806.25  2.85 18.31  5.74  8.16  7.66  4.85  9.45 29.99 12.48 21.25 14.06  0.00
 9807.25  2.72 17.83  5.51  7.86  7.37  4.65  9.12 29.45 12.07 20.74 13.62  0.00
 9808.25  2.51 16.95  5.12  7.34  6.88  4.31  8.54 28.37 11.36 19.78 12.84  0.00
 9809.25  1.70 12.80  3.56  5.19  4.85  2.97  6.09 22.84  8.27 15.20  9.43  0.00
 9810.25  1.34 10.55  2.83  4.15  3.88  2.36  4.89 19.42  6.70 12.61  7.66  0.00
 9811.25  1.59 12.18  3.34  4.89  4.57  2.79  5.74 21.92  7.81 14.47  8.90  0.00
 9812.25  2.09 15.09  4.35  6.31  5.90  3.65  7.36 26.01  9.90 17.72 11.19  0.00
 9813.25  1.46 11.36  3.09  4.53  4.23  2.57  5.32 20.61  7.25 13.52  8.25  0.00
 9814.25  0.95  7.86  2.04  3.02  2.81  1.70  3.56 14.89  4.90  9.44  5.60  0.00
 9815.25  0.99  8.20  2.13  3.16  2.94  1.77  3.72 15.48  5.12  9.84  5.83  0.00
 9816.25  1.60 12.40  3.41  5.00  4.67  2.84  5.85 22.17  7.95 14.67  8.99  0.00
 9817.25  2.35 16.54  4.91  7.09  6.64  4.12  8.23 27.83 10.97 19.26 12.29  0.00
 9818.25  1.83 13.84  3.89  5.68  5.31  3.24  6.63 24.29  8.95 16.29 10.08  0.00
 9819.25  1.23 10.07  2.66  3.93  3.67  2.21  4.62 18.64  6.33 12.01  7.16  0.00
 9820.25  0.98  8.19  2.12  3.14  2.93  1.76  3.70 15.49  5.09  9.81  5.77  0.00
 9821.25  0.97  8.20  2.12  3.15  2.93  1.76  3.70 15.49  5.09  9.81  5.76  0.00
 9822.25  1.35 10.96  2.92  4.32  4.03  2.43  5.06 20.02  6.91 13.00  7.78  0.00
 9823.25  2.06 15.31  4.40  6.40  5.99  3.67  7.45 26.28  9.99 17.88 11.15  0.00
 9824.25  2.44 17.12  5.14  7.42  6.96  4.31  8.59 28.45 11.38 19.81 12.64  0.00
 9825.25  2.48 17.25  5.24  7.54  7.08  4.40  8.72 28.46 11.52 19.91 12.76  0.00
 9826.25  2.45 17.18  5.18  7.48  7.02  4.34  8.64 28.45 11.44 19.84 12.66  0.00
 9827.25  2.40 17.15  5.12  7.40  6.94  4.28  8.56 28.57 11.36 19.83 12.57  0.00
 9828.25  2.31 16.80  4.95  7.18  6.73  4.14  8.31 28.21 11.06 19.46 12.25  0.00
 9829.25  1.97 15.11  4.28  6.26  5.86  3.56  7.28 26.06  9.77 17.61 10.84  0.00
 9830.25  1.61 12.98  3.53  5.21  4.87  2.93  6.08 23.11  8.24 15.25  9.17  0.00
 9831.25  1.49 12.22  3.28  4.86  4.54  2.73  5.67 21.95  7.71 14.38  8.58  0.00
 9832.25  1.73 13.72  3.79  5.58  5.22  3.15  6.49 24.09  8.76 16.05  9.71  0.00
 9833.25  2.21 16.45  4.79  6.98  6.54  4.00  8.07 27.73 10.76 19.04 11.85  0.00
 9834.25  0.00  0.00  0.00  0.00  0.00  0.00  0.00  0.00  0.00  0.00  0.00  0.00
 9835.25  0.00  0.00  0.00  0.00  0.00  0.00  0.00  0.00  0.00  0.00  0.00  0.00
 9836.25  0.00  0.00  0.00  0.00  0.00  0.00  0.00  0.00  0.00  0.00  0.00  0.00
 9837.25  0.00  0.00  0.00  0.00  0.00  0.00  0.00  0.00  0.00  0.00  0.00  0.00
 9838.25  0.00  0.00  0.00  0.00  0.00  0.00  0.00  0.00  0.00  0.00  0.00  0.00
 9839.25  0.00  0.00  0.00  0.00  0.00  0.00  0.00  0.00  0.00  0.00  0.00  0.00
 9840.25  0.00  0.00  0.00  0.00  0.00  0.00  0.00  0.00  0.00  0.00  0.00  0.00
 9841.25  0.00  0.00  0.00  0.00  0.00  0.00  0.00  0.00  0.00  0.00  0.00  0.00
 9842.25  0.00  0.00  0.00  0.00  0.00  0.00  0.00  0.00  0.00  0.00  0.00  0.00
 9843.25  0.00  0.00  0.00  0.00  0.00  0.00  0.00  0.00  0.00  0.00  0.00  0.00
 9844.25  0.00  0.00  0.00  0.00  0.00  0.00  0.00  0.00  0.00  0.00  0.00  0.00
 9845.25  0.00  0.00  0.00  0.00  0.00  0.00  0.00  0.00  0.00  0.00  0.00  0.00
 9846.25  0.00  0.00  0.00  0.00  0.00  0.00  0.00  0.00  0.00  0.00  0.00  0.00
 9847.25  0.00  0.00  0.00  0.00  0.00  0.00  0.00  0.00  0.00  0.00  0.00  0.00
 9848.25  0.00  0.00  0.00  0.00  0.00  0.00  0.00  0.00  0.00  0.00  0.00  0.00
 9849.25  0.00  0.00  0.00  0.00  0.00  0.00  0.00  0.00  0.00  0.00  0.00  0.00
 9850.25  0.00  0.00  0.00  0.00  0.00  0.00  0.00  0.00  0.00  0.00  0.00  0.00
 9851.25  0.00  0.00  0.00  0.00  0.00  0.00  0.00  0.00  0.00  0.00  0.00  0.00
 9852.25  0.00  0.00  0.00  0.00  0.00  0.00  0.00  0.00  0.00  0.00  0.00  0.00
 9853.25  0.00  0.00  0.00  0.00  0.00  0.00  0.00  0.00  0.00  0.00  0.00  0.00
 9854.25  0.00  0.00  0.00  0.00  0.00  0.00  0.00  0.00  0.00  0.00  0.00  0.00
 9855.25  0.00  0.00  0.00  0.00  0.00  0.00  0.00  0.00  0.00  0.00  0.00  0.00
 9856.25  0.00  0.00  0.00  0.00  0.00  0.00  0.00  0.00  0.00  0.00  0.00  0.00
 9857.25  0.00  0.00  0.00  0.00  0.00  0.00  0.00  0.00  0.00  0.00  0.00  0.00
 9858.25  0.00  0.00  0.00  0.00  0.00  0.00  0.00  0.00  0.00  0.00  0.00  0.00
 9859.25  0.00  0.00  0.00  0.00  0.00  0.00  0.00  0.00  0.00  0.00  0.00  0.00
 9860.25  0.00  0.00  0.00  0.00  0.00  0.00  0.00  0.00  0.00  0.00  0.00  0.00
 9861.25  0.00  0.00  0.00  0.00  0.00  0.00  0.00  0.00  0.00  0.00  0.00  0.00
 9862.25  0.00  0.00  0.00  0.00  0.00  0.00  0.00  0.00  0.00  0.00  0.00  0.00
 9863.25  0.00  0.00  0.00  0.00  0.00  0.00  0.00  0.00  0.00  0.00  0.00  0.00
 9864.25  0.00  0.00  0.00  0.00  0.00  0.00  0.00  0.00  0.00  0.00  0.00  0.00
 9865.25  0.00  0.00  0.00  0.00  0.00  0.00  0.00  0.00  0.00  0.00  0.00  0.00
 9866.25  0.00  0.00  0.00  0.00  0.00  0.00  0.00  0.00  0.00  0.00  0.00  0.00
 9867.25  0.00  0.00  0.00  0.00  0.00  0.00  0.00  0.00  0.00  0.00  0.00  0.00
 9868.25  0.00  0.00  0.00  0.00  0.00  0.00  0.00  0.00  0.00  0.00  0.00  0.00
 9869.25  0.00  0.00  0.00  0.00  0.00  0.00  0.00  0.00  0.00  0.00  0.00  0.00
 9870.25  0.00  0.00  0.00  0.00  0.00  0.00  0.00  0.00  0.00  0.00  0.00  0.00
 9871.25  0.00  0.00  0.00  0.00  0.00  0.00  0.00  0.00  0.00  0.00  0.00  0.00
 9872.25  0.00  0.00  0.00  0.00  0.00  0.00  0.00  0.00  0.00  0.00  0.00  0.00
 9873.25  0.00  0.00  0.00  0.00  0.00  0.00  0.00  0.00  0.00  0.00  0.00  0.00
 9874.25  0.00  0.00  0.00  0.00  0.00  0.00  0.00  0.00  0.00  0.00  0.00  0.00
 9875.25  0.00  0.00  0.00  0.00  0.00  0.00  0.00  0.00  0.00  0.00  0.00  0.00
 9876.25  0.00  0.00  0.00  0.00  0.00  0.00  0.00  0.00  0.00  0.00  0.00  0.00
 9877.25  0.00  0.00  0.00  0.00  0.00  0.00  0.00  0.00  0.00  0.00  0.00  0.00
 9878.25  0.00  0.00  0.00  0.00  0.00  0.00  0.00  0.00  0.00  0.00  0.00  0.00
 9879.25  0.00  0.00  0.00  0.00  0.00  0.00  0.00  0.00  0.00  0.00  0.00  0.00
 9880.25  0.00  0.00  0.00  0.00  0.00  0.00  0.00  0.00  0.00  0.00  0.00  0.00
 9881.25  0.00  0.00  0.00  0.00  0.00  0.00  0.00  0.00  0.00  0.00  0.00  0.00
 9882.25  0.00  0.00  0.00  0.00  0.00  0.00  0.00  0.00  0.00  0.00  0.00  0.00
 9883.25  0.00  0.00  0.00  0.00  0.00  0.00  0.00  0.00  0.00  0.00  0.00  0.00
 9884.25  0.00  0.00  0.00  0.00  0.00  0.00  0.00  0.00  0.00  0.00  0.00  0.00
 9885.25  0.00  0.00  0.00  0.00  0.00  0.00  0.00  0.00  0.00  0.00  0.00  0.00
 9886.25  0.00  0.00  0.00  0.00  0.00  0.00  0.00  0.00  0.00  0.00  0.00  0.00
 9887.25  0.00  0.00  0.00  0.00  0.00  0.00  0.00  0.00  0.00  0.00  0.00  0.00
 9888.25  0.00  0.00  0.00  0.00  0.00  0.00  0.00  0.00  0.00  0.00  0.00  0.00
 9889.25  0.00  0.00  0.00  0.00  0.00  0.00  0.00  0.00  0.00  0.00  0.00  0.00
 9890.25  0.00  0.00  0.00  0.00  0.00  0.00  0.00  0.00  0.00  0.00  0.00  0.00
 9891.25  0.00  0.00  0.00  0.00  0.00  0.00  0.00  0.00  0.00  0.00  0.00  0.00
 9892.25  0.00  0.00  0.00  0.00  0.00  0.00  0.00  0.00  0.00  0.00  0.00  0.00
 9893.25  0.00  0.00  0.00  0.00  0.00  0.00  0.00  0.00  0.00  0.00  0.00  0.00
 9894.25  0.00  0.00  0.00  0.00  0.00  0.00  0.00  0.00  0.00  0.00  0.00  0.00
 9895.25  0.00  0.00  0.00  0.00  0.00  0.00  0.00  0.00  0.00  0.00  0.00  0.00
 9896.25  0.00  0.00  0.00  0.00  0.00  0.00  0.00  0.00  0.00  0.00  0.00  0.00
 9897.25  0.00  0.00  0.00  0.00  0.00  0.00  0.00  0.00  0.00  0.00  0.00  0.00
 9898.25  0.00  0.00  0.00  0.00  0.00  0.00  0.00  0.00  0.00  0.00  0.00  0.00
 9899.25  0.00  0.00  0.00  0.00  0.00  0.00  0.00  0.00  0.00  0.00  0.00  0.00
 9900.25  0.00  0.00  0.00  0.00  0.00  0.00  0.00  0.00  0.00  0.00  0.00  0.00
 9901.25  0.00  0.00  0.00  0.00  0.00  0.00  0.00  0.00  0.00  0.00  0.00  0.00
 9902.25  0.00  0.00  0.00  0.00  0.00  0.00  0.00  0.00  0.00  0.00  0.00  0.00
 9903.25  0.00  0.00  0.00  0.00  0.00  0.00  0.00  0.00  0.00  0.00  0.00  0.00
 9904.25  0.00  0.00  0.00  0.00  0.00  0.00  0.00  0.00  0.00  0.00  0.00  0.00
 9905.25  0.00  0.00  0.00  0.00  0.00  0.00  0.00  0.00  0.00  0.00  0.00  0.00
 9906.25  0.00  0.00  0.00  0.00  0.00  0.00  0.00  0.00  0.00  0.00  0.00  0.00
 9907.25  0.00  0.00  0.00  0.00  0.00  0.00  0.00  0.00  0.00  0.00  0.00  0.00
 9908.25  0.00  0.00  0.00  0.00  0.00  0.00  0.00  0.00  0.00  0.00  0.00  0.00
 9909.25  0.00  0.00  0.00  0.00  0.00  0.00  0.00  0.00  0.00  0.00  0.00  0.00
 9910.25  0.00  0.00  0.00  0.00  0.00  0.00  0.00  0.00  0.00  0.00  0.00  0.00
 9911.25  0.00  0.00  0.00  0.00  0.00  0.00  0.00  0.00  0.00  0.00  0.00  0.00
 9912.25  0.00  0.00  0.00  0.00  0.00  0.00  0.00  0.00  0.00  0.00  0.00  0.00
 9913.25  0.00  0.00  0.00  0.00  0.00  0.00  0.00  0.00  0.00  0.00  0.00  0.00
 9914.25  0.00  0.00  0.00  0.00  0.00  0.00  0.00  0.00  0.00  0.00  0.00  0.00
 9915.25  0.00  0.00  0.00  0.00  0.00  0.00  0.00  0.00  0.00  0.00  0.00  0.00
 9916.25  0.00  0.00  0.00  0.00  0.00  0.00  0.00  0.00  0.00  0.00  0.00  0.00
 9917.25  0.00  0.00  0.00  0.00  0.00  0.00  0.00  0.00  0.00  0.00  0.00  0.00
 9918.25  0.00  0.00  0.00  0.00  0.00  0.00  0.00  0.00  0.00  0.00  0.00  0.00
 9919.25  0.00  0.00  0.00  0.00  0.00  0.00  0.00  0.00  0.00  0.00  0.00  0.00
 9920.25  0.00  0.00  0.00  0.00  0.00  0.00  0.00  0.00  0.00  0.00  0.00  0.00
 9921.25  0.00  0.00  0.00  0.00  0.00  0.00  0.00  0.00  0.00  0.00  0.00  0.00
 9922.25  0.00  0.00  0.00  0.00  0.00  0.00  0.00  0.00  0.00  0.00  0.00  0.00
 9923.25  0.00  0.00  0.00  0.00  0.00  0.00  0.00  0.00  0.00  0.00  0.00  0.00
 9924.25  0.00  0.00  0.00  0.00  0.00  0.00  0.00  0.00  0.00  0.00  0.00  0.00
 9925.25  0.00  0.00  0.00  0.00  0.00  0.00  0.00  0.00  0.00  0.00  0.00  0.00
 9926.25  0.00  0.00  0.00  0.00  0.00  0.00  0.00  0.00  0.00  0.00  0.00  0.00
 9927.25  0.00  0.00  0.00  0.00  0.00  0.00  0.00  0.00  0.00  0.00  0.00  0.00
 9928.25  0.00  0.00  0.00  0.00  0.00  0.00  0.00  0.00  0.00  0.00  0.00  0.00
 9929.25  0.00  0.00  0.00  0.00  0.00  0.00  0.00  0.00  0.00  0.00  0.00  0.00
 9930.25  0.00  0.00  0.00  0.00  0.00  0.00  0.00  0.00  0.00  0.00  0.00  0.00
 9931.25  0.00  0.00  0.00  0.00  0.00  0.00  0.00  0.00  0.00  0.00  0.00  0.00
 9932.25  0.00  0.00  0.00  0.00  0.00  0.00  0.00  0.00  0.00  0.00  0.00  0.00
 9933.25  0.00  0.00  0.00  0.00  0.00  0.00  0.00  0.00  0.00  0.00  0.00  0.00
 9934.25  0.00  0.00  0.00  0.00  0.00  0.00  0.00  0.00  0.00  0.00  0.00  0.00
 9935.25  0.00  0.00  0.00  0.00  0.00  0.00  0.00  0.00  0.00  0.00  0.00  0.00
 9936.25  0.00  0.00  0.00  0.00  0.00  0.00  0.00  0.00  0.00  0.00  0.00  0.00
 9937.25  0.00  0.00  0.00  0.00  0.00  0.00  0.00  0.00  0.00  0.00  0.00  0.00
 9938.25  0.00  0.00  0.00  0.00  0.00  0.00  0.00  0.00  0.00  0.00  0.00  0.00
 9939.25  0.00  0.00  0.00  0.00  0.00  0.00  0.00  0.00  0.00  0.00  0.00  0.00
 9940.25  0.00  0.00  0.00  0.00  0.00  0.00  0.00  0.00  0.00  0.00  0.00  0.00
 9941.25  0.00  0.00  0.00  0.00  0.00  0.00  0.00  0.00  0.00  0.00  0.00  0.00
 9942.25  0.00  0.00  0.00  0.00  0.00  0.00  0.00  0.00  0.00  0.00  0.00  0.00
 9943.25  0.00  0.00  0.00  0.00  0.00  0.00  0.00  0.00  0.00  0.00  0.00  0.00
 9944.25  0.00  0.00  0.00  0.00  0.00  0.00  0.00  0.00  0.00  0.00  0.00  0.00
 9945.25  0.00  0.00  0.00  0.00  0.00  0.00  0.00  0.00  0.00  0.00  0.00  0.00
 9946.25  0.00  0.00  0.00  0.00  0.00  0.00  0.00  0.00  0.00  0.00  0.00  0.00
 9947.25  0.00  0.00  0.00  0.00  0.00  0.00  0.00  0.00  0.00  0.00  0.00  0.00
 9948.25  0.00  0.00  0.00  0.00  0.00  0.00  0.00  0.00  0.00  0.00  0.00  0.00
 9949.25  0.00  0.00  0.00  0.00  0.00  0.00  0.00  0.00  0.00  0.00  0.00  0.00
 9950.25  0.00  0.00  0.00  0.00  0.00  0.00  0.00  0.00  0.00  0.00  0.00  0.00
 9951.25  0.00  0.00  0.00  0.00  0.00  0.00  0.00  0.00  0.00  0.00  0.00  0.00
 9952.25  0.00  0.00  0.00  0.00  0.00  0.00  0.00  0.00  0.00  0.00  0.00  0.00
 9953.25  0.00  0.00  0.00  0.00  0.00  0.00  0.00  0.00  0.00  0.00  0.00  0.00
 9954.25  0.00  0.00  0.00  0.00  0.00  0.00  0.00  0.00  0.00  0.00  0.00  0.00
 9955.25  0.00  0.00  0.00  0.00  0.00  0.00  0.00  0.00  0.00  0.00  0.00  0.00
 9956.25  0.00  0.00  0.00  0.00  0.00  0.00  0.00  0.00  0.00  0.00  0.00  0.00
 9957.25  0.00  0.00  0.00  0.00  0.00  0.00  0.00  0.00  0.00  0.00  0.00  0.00
 9958.25  0.00  0.00  0.00  0.00  0.00  0.00  0.00  0.00  0.00  0.00  0.00  0.00
 9959.25  0.00  0.00  0.00  0.00  0.00  0.00  0.00  0.00  0.00  0.00  0.00  0.00
 9960.25  0.00  0.00  0.00  0.00  0.00  0.00  0.00  0.00  0.00  0.00  0.00  0.00
 9961.25  0.00  0.00  0.00  0.00  0.00  0.00  0.00  0.00  0.00  0.00  0.00  0.00
 9962.25  0.00  0.00  0.00  0.00  0.00  0.00  0.00  0.00  0.00  0.00  0.00  0.00
 9963.25  0.00  0.00  0.00  0.00  0.00  0.00  0.00  0.00  0.00  0.00  0.00  0.00
 9964.25  0.00  0.00  0.00  0.00  0.00  0.00  0.00  0.00  0.00  0.00  0.00  0.00
 9965.25  0.00  0.00  0.00  0.00  0.00  0.00  0.00  0.00  0.00  0.00  0.00  0.00
 9966.25  0.00  0.00  0.00  0.00  0.00  0.00  0.00  0.00  0.00  0.00  0.00  0.00
 9967.25  0.00  0.00  0.00  0.00  0.00  0.00  0.00  0.00  0.00  0.00  0.00  0.00
 9968.25  0.00  0.00  0.00  0.00  0.00  0.00  0.00  0.00  0.00  0.00  0.00  0.00
 9969.25  0.00  0.00  0.00  0.00  0.00  0.00  0.00  0.00  0.00  0.00  0.00  0.00
 9970.25  0.00  0.00  0.00  0.00  0.00  0.00  0.00  0.00  0.00  0.00  0.00  0.00
 9971.25  0.00  0.00  0.00  0.00  0.00  0.00  0.00  0.00  0.00  0.00  0.00  0.00
 9972.25  0.00  0.00  0.00  0.00  0.00  0.00  0.00  0.00  0.00  0.00  0.00  0.00
 9973.25  0.00  0.00  0.00  0.00  0.00  0.00  0.00  0.00  0.00  0.00  0.00  0.00
 9974.25  0.00  0.00  0.00  0.00  0.00  0.00  0.00  0.00  0.00  0.00  0.00  0.00
 9975.25  0.00  0.00  0.00  0.00  0.00  0.00  0.00  0.00  0.00  0.00  0.00  0.00
 9976.25  0.00  0.00  0.00  0.00  0.00  0.00  0.00  0.00  0.00  0.00  0.00  0.00
 9977.25  0.00  0.00  0.00  0.00  0.00  0.00  0.00  0.00  0.00  0.00  0.00  0.00
 9978.25  0.00  0.00  0.00  0.00  0.00  0.00  0.00  0.00  0.00  0.00  0.00  0.00
 9979.25  0.00  0.00  0.00  0.00  0.00  0.00  0.00  0.00  0.00  0.00  0.00  0.00
 9980.25  0.00  0.00  0.00  0.00  0.00  0.00  0.00  0.00  0.00  0.00  0.00  0.00
 9981.25  0.00  0.00  0.00  0.00  0.00  0.00  0.00  0.00  0.00  0.00  0.00  0.00
 9982.25  0.00  0.00  0.00  0.00  0.00  0.00  0.00  0.00  0.00  0.00  0.00  0.00
 9983.25  0.00  0.00  0.00  0.00  0.00  0.00  0.00  0.00  0.00  0.00  0.00  0.00
 9984.25  0.00  0.00  0.00  0.00  0.00  0.00  0.00  0.00  0.00  0.00  0.00  0.00
 9985.25  0.00  0.00  0.00  0.00  0.00  0.00  0.00  0.00  0.00  0.00  0.00  0.00
 9986.25  0.00  0.00  0.00  0.00  0.00  0.00  0.00  0.00  0.00  0.00  0.00  0.00
 9987.25  0.00  0.00  0.00  0.00  0.00  0.00  0.00  0.00  0.00  0.00  0.00  0.00
 9988.25  0.00  0.00  0.00  0.00  0.00  0.00  0.00  0.00  0.00  0.00  0.00  0.00
 9989.25  0.00  0.00  0.00  0.00  0.00  0.00  0.00  0.00  0.00  0.00  0.00  0.00
 9990.25  0.00  0.00  0.00  0.00  0.00  0.00  0.00  0.00  0.00  0.00  0.00  0.00
 9991.25  0.00  0.00  0.00  0.00  0.00  0.00  0.00  0.00  0.00  0.00  0.00  0.00
 9992.25  0.00  0.00  0.00  0.00  0.00  0.00  0.00  0.00  0.00  0.00  0.00  0.00
 9993.25  0.00  0.00  0.00  0.00  0.00  0.00  0.00  0.00  0.00  0.00  0.00  0.00
 9994.25  0.00  0.00  0.00  0.00  0.00  0.00  0.00  0.00  0.00  0.00  0.00  0.00
 9995.25  0.00  0.00  0.00  0.00  0.00  0.00  0.00  0.00  0.00  0.00  0.00  0.00
 9996.25  0.00  0.00  0.00  0.00  0.00  0.00  0.00  0.00  0.00  0.00  0.00  0.00
 9997.25  0.00  0.00  0.00  0.00  0.00  0.00  0.00  0.00  0.00  0.00  0.00  0.00
 9998.25  0.00  0.00  0.00  0.00  0.00  0.00  0.00  0.00  0.00  0.00  0.00  0.00
 9999.25  0.00  0.00  0.00  0.00  0.00  0.00  0.00  0.00  0.00  0.00  0.00  0.00
