# Lyman-alpha forest S/N per Ang for mean quasar with mean forest
# INFILE= /Users/schlegel/desimodel/data/spectra/spec-lya.dat
# GMAG= 19.7500
# EXPTIME= 4000.00
#
# Wave SN(z=2.0) SN(z=2.25) SN(z=2.50) SN(z=2.75) SN(z=3.00) SN(z=3.25) SN(z=3.50) SN(z=3.75) SN(z=4.00) SN(z=4.25) SN(z=4.50) SN(z=4.75)
 3500.25  0.00  0.00  0.00  0.00  0.00  0.00  0.00  0.00  0.00  0.00  0.00  0.00
 3501.25  0.00  0.00  0.00  0.00  0.00  0.00  0.00  0.00  0.00  0.00  0.00  0.00
 3502.25  0.00  0.00  0.00  0.00  0.00  0.00  0.00  0.00  0.00  0.00  0.00  0.00
 3503.25  0.00  0.00  0.00  0.00  0.00  0.00  0.00  0.00  0.00  0.00  0.00  0.00
 3504.25  0.00  0.00  0.00  0.00  0.00  0.00  0.00  0.00  0.00  0.00  0.00  0.00
 3505.25  0.00  0.00  0.00  0.00  0.00  0.00  0.00  0.00  0.00  0.00  0.00  0.00
 3506.25  0.00  0.00  0.00  0.00  0.00  0.00  0.00  0.00  0.00  0.00  0.00  0.00
 3507.25  0.00  0.00  0.00  0.00  0.00  0.00  0.00  0.00  0.00  0.00  0.00  0.00
 3508.25  0.00  0.00  0.00  0.00  0.00  0.00  0.00  0.00  0.00  0.00  0.00  0.00
 3509.25  0.00  0.00  0.00  0.00  0.00  0.00  0.00  0.00  0.00  0.00  0.00  0.00
 3510.25  0.00  0.00  0.00  0.00  0.00  0.00  0.00  0.00  0.00  0.00  0.00  0.00
 3511.25  0.00  0.00  0.00  0.00  0.00  0.00  0.00  0.00  0.00  0.00  0.00  0.00
 3512.25  0.00  0.00  0.00  0.00  0.00  0.00  0.00  0.00  0.00  0.00  0.00  0.00
 3513.25  0.00  0.00  0.00  0.00  0.00  0.00  0.00  0.00  0.00  0.00  0.00  0.00
 3514.25  0.00  0.00  0.00  0.00  0.00  0.00  0.00  0.00  0.00  0.00  0.00  0.00
 3515.25  0.00  0.00  0.00  0.00  0.00  0.00  0.00  0.00  0.00  0.00  0.00  0.00
 3516.25  0.00  0.00  0.00  0.00  0.00  0.00  0.00  0.00  0.00  0.00  0.00  0.00
 3517.25  0.00  0.00  0.00  0.00  0.00  0.00  0.00  0.00  0.00  0.00  0.00  0.00
 3518.25  0.00  0.00  0.00  0.00  0.00  0.00  0.00  0.00  0.00  0.00  0.00  0.00
 3519.25  0.00  0.00  0.00  0.00  0.00  0.00  0.00  0.00  0.00  0.00  0.00  0.00
 3520.25  0.00  0.00  0.00  0.00  0.00  0.00  0.00  0.00  0.00  0.00  0.00  0.00
 3521.25  0.00  0.00  0.00  0.00  0.00  0.00  0.00  0.00  0.00  0.00  0.00  0.00
 3522.25  0.00  0.00  0.00  0.00  0.00  0.00  0.00  0.00  0.00  0.00  0.00  0.00
 3523.25  0.00  0.00  0.00  0.00  0.00  0.00  0.00  0.00  0.00  0.00  0.00  0.00
 3524.25  0.00  0.00  0.00  0.00  0.00  0.00  0.00  0.00  0.00  0.00  0.00  0.00
 3525.25  0.00  0.00  0.00  0.00  0.00  0.00  0.00  0.00  0.00  0.00  0.00  0.00
 3526.25  0.00  0.00  0.00  0.00  0.00  0.00  0.00  0.00  0.00  0.00  0.00  0.00
 3527.25  0.00  0.00  0.00  0.00  0.00  0.00  0.00  0.00  0.00  0.00  0.00  0.00
 3528.25  0.00  0.00  0.00  0.00  0.00  0.00  0.00  0.00  0.00  0.00  0.00  0.00
 3529.25  0.00  0.00  0.00  0.00  0.00  0.00  0.00  0.00  0.00  0.00  0.00  0.00
 3530.25  0.00  0.00  0.00  0.00  0.00  0.00  0.00  0.00  0.00  0.00  0.00  0.00
 3531.25  0.00  0.00  0.00  0.00  0.00  0.00  0.00  0.00  0.00  0.00  0.00  0.00
 3532.25  0.00  0.00  0.00  0.00  0.00  0.00  0.00  0.00  0.00  0.00  0.00  0.00
 3533.25  0.00  0.00  0.00  0.00  0.00  0.00  0.00  0.00  0.00  0.00  0.00  0.00
 3534.25  0.00  0.00  0.00  0.00  0.00  0.00  0.00  0.00  0.00  0.00  0.00  0.00
 3535.25  0.00  0.00  0.00  0.00  0.00  0.00  0.00  0.00  0.00  0.00  0.00  0.00
 3536.25  0.00  0.00  0.00  0.00  0.00  0.00  0.00  0.00  0.00  0.00  0.00  0.00
 3537.25  0.00  0.00  0.00  0.00  0.00  0.00  0.00  0.00  0.00  0.00  0.00  0.00
 3538.25  0.00  0.00  0.00  0.00  0.00  0.00  0.00  0.00  0.00  0.00  0.00  0.00
 3539.25  0.00  0.00  0.00  0.00  0.00  0.00  0.00  0.00  0.00  0.00  0.00  0.00
 3540.25  0.00  0.00  0.00  0.00  0.00  0.00  0.00  0.00  0.00  0.00  0.00  0.00
 3541.25  0.00  0.00  0.00  0.00  0.00  0.00  0.00  0.00  0.00  0.00  0.00  0.00
 3542.25  0.00  0.00  0.00  0.00  0.00  0.00  0.00  0.00  0.00  0.00  0.00  0.00
 3543.25  0.00  0.00  0.00  0.00  0.00  0.00  0.00  0.00  0.00  0.00  0.00  0.00
 3544.25  0.00  0.00  0.00  0.00  0.00  0.00  0.00  0.00  0.00  0.00  0.00  0.00
 3545.25  0.00  0.00  0.00  0.00  0.00  0.00  0.00  0.00  0.00  0.00  0.00  0.00
 3546.25  0.00  0.00  0.00  0.00  0.00  0.00  0.00  0.00  0.00  0.00  0.00  0.00
 3547.25  0.00  0.00  0.00  0.00  0.00  0.00  0.00  0.00  0.00  0.00  0.00  0.00
 3548.25  0.00  0.00  0.00  0.00  0.00  0.00  0.00  0.00  0.00  0.00  0.00  0.00
 3549.25  0.00  0.00  0.00  0.00  0.00  0.00  0.00  0.00  0.00  0.00  0.00  0.00
 3550.25  0.00  0.00  0.00  0.00  0.00  0.00  0.00  0.00  0.00  0.00  0.00  0.00
 3551.25  0.00  0.00  0.00  0.00  0.00  0.00  0.00  0.00  0.00  0.00  0.00  0.00
 3552.25  0.00  0.00  0.00  0.00  0.00  0.00  0.00  0.00  0.00  0.00  0.00  0.00
 3553.25  0.00  0.00  0.00  0.00  0.00  0.00  0.00  0.00  0.00  0.00  0.00  0.00
 3554.25  0.00  0.00  0.00  0.00  0.00  0.00  0.00  0.00  0.00  0.00  0.00  0.00
 3555.25  0.00  0.00  0.00  0.00  0.00  0.00  0.00  0.00  0.00  0.00  0.00  0.00
 3556.25  0.00  0.00  0.00  0.00  0.00  0.00  0.00  0.00  0.00  0.00  0.00  0.00
 3557.25  0.00  0.00  0.00  0.00  0.00  0.00  0.00  0.00  0.00  0.00  0.00  0.00
 3558.25  0.00  0.00  0.00  0.00  0.00  0.00  0.00  0.00  0.00  0.00  0.00  0.00
 3559.25  0.00  0.00  0.00  0.00  0.00  0.00  0.00  0.00  0.00  0.00  0.00  0.00
 3560.25  0.00  0.00  0.00  0.00  0.00  0.00  0.00  0.00  0.00  0.00  0.00  0.00
 3561.25  0.00  0.00  0.00  0.00  0.00  0.00  0.00  0.00  0.00  0.00  0.00  0.00
 3562.25  0.00  0.00  0.00  0.00  0.00  0.00  0.00  0.00  0.00  0.00  0.00  0.00
 3563.25  0.00  0.00  0.00  0.00  0.00  0.00  0.00  0.00  0.00  0.00  0.00  0.00
 3564.25  2.52  2.23  2.30  1.70  0.89  0.47  0.68  1.01  1.67  2.71  3.93  4.96
 3565.25  5.18  4.52  4.67  3.45  1.80  0.96  1.37  2.04  3.38  5.48  7.94 10.01
 3566.25  5.72  4.93  5.10  3.78  2.01  1.07  1.53  2.25  3.70  5.93  8.48 10.61
 3567.25  6.01  5.09  5.30  3.91  2.10  1.12  1.59  2.34  3.83  6.10  8.69 10.84
 3568.25  5.96  4.95  5.18  3.79  2.03  1.08  1.53  2.25  3.70  5.93  8.50 10.64
 3569.25  5.95  4.86  5.10  3.71  1.98  1.05  1.49  2.19  3.61  5.82  8.37 10.51
 3570.25  6.09  4.89  5.16  3.73  2.01  1.06  1.50  2.21  3.63  5.85  8.41 10.56
 3571.25  6.48  5.14  5.44  3.93  2.14  1.14  1.59  2.34  3.81  6.11  8.73 10.91
 3572.25  6.93  5.45  5.79  4.19  2.31  1.24  1.72  2.51  4.06  6.44  9.12 11.33
 3573.25  6.82  5.25  5.61  4.02  2.21  1.17  1.63  2.39  3.88  6.22  8.87 11.08
 3574.25  6.89  5.23  5.60  3.99  2.20  1.17  1.62  2.36  3.85  6.18  8.83 11.04
 3575.25  7.07  5.30  5.70  4.05  2.24  1.19  1.64  2.40  3.90  6.25  8.92 11.14
 3576.25  7.09  5.22  5.65  3.98  2.21  1.17  1.61  2.34  3.82  6.16  8.82 11.04
 3577.25  7.25  5.28  5.73  4.02  2.24  1.18  1.63  2.37  3.85  6.21  8.88 11.12
 3578.25  7.37  5.29  5.77  4.03  2.25  1.19  1.63  2.37  3.85  6.21  8.90 11.14
 3579.25  7.47  5.29  5.79  4.02  2.26  1.19  1.62  2.36  3.84  6.20  8.89 11.14
 3580.25  7.66  5.37  5.90  4.08  2.30  1.21  1.65  2.40  3.89  6.27  8.99 11.25
 3581.25  8.00  5.56  6.13  4.24  2.42  1.28  1.73  2.50  4.03  6.48  9.23 11.51
 3582.25  8.10  5.56  6.15  4.24  2.42  1.28  1.72  2.49  4.02  6.47  9.23 11.52
 3583.25  7.98  5.39  5.99  4.08  2.33  1.22  1.65  2.38  3.86  6.26  9.00 11.28
 3584.25  8.07  5.38  6.01  4.07  2.33  1.22  1.64  2.37  3.84  6.24  8.98 11.27
 3585.25  8.53  5.67  6.34  4.31  2.50  1.32  1.76  2.53  4.07  6.55  9.35 11.67
 3586.25  8.99  5.98  6.69  4.57  2.68  1.42  1.88  2.70  4.30  6.87  9.71 12.06
 3587.25  9.27  6.13  6.88  4.69  2.77  1.47  1.95  2.78  4.41  7.02  9.89 12.25
 3588.25  9.34  6.10  6.87  4.66  2.76  1.46  1.93  2.75  4.38  6.98  9.85 12.22
 3589.25  9.24  5.93  6.72  4.51  2.66  1.40  1.85  2.64  4.22  6.79  9.65 12.01
 3590.25  9.21  5.82  6.62  4.41  2.60  1.37  1.80  2.57  4.12  6.66  9.51 11.87
 3591.25  9.23  5.76  6.58  4.35  2.57  1.35  1.77  2.52  4.05  6.58  9.43 11.80
 3592.25  9.26  5.70  6.55  4.30  2.54  1.33  1.74  2.48  3.99  6.51  9.35 11.73
 3593.25  9.41  5.75  6.62  4.33  2.57  1.34  1.75  2.50  4.01  6.55  9.40 11.79
 3594.25  9.68  5.88  6.79  4.44  2.66  1.39  1.80  2.57  4.11  6.68  9.57 11.97
 3595.25  9.74  5.85  6.78  4.41  2.64  1.38  1.79  2.54  4.07  6.64  9.52 11.93
 3596.25  9.66  5.71  6.66  4.29  2.57  1.33  1.72  2.46  3.95  6.48  9.34 11.75
 3597.25  9.63  5.62  6.58  4.20  2.52  1.30  1.68  2.40  3.86  6.36  9.22 11.62
 3598.25  9.66  5.56  6.54  4.15  2.49  1.29  1.66  2.36  3.80  6.29  9.14 11.55
 3599.25  9.98  5.74  6.76  4.30  2.60  1.35  1.72  2.45  3.93  6.48  9.37 11.80
 3600.25 10.36  5.96  7.02  4.47  2.73  1.42  1.81  2.56  4.09  6.70  9.63 12.09
 3601.25 10.52  6.01  7.10  4.51  2.76  1.43  1.83  2.58  4.11  6.74  9.69 12.15
 3602.25 10.58  5.98  7.10  4.48  2.75  1.43  1.81  2.56  4.08  6.70  9.65 12.12
 3603.25 10.73  6.03  7.17  4.52  2.78  1.44  1.82  2.57  4.10  6.74  9.68 12.18
 3604.25 10.85  6.05  7.22  4.53  2.80  1.45  1.83  2.58  4.10  6.75  9.68 12.21
 3605.25 11.03  6.12  7.32  4.58  2.84  1.47  1.85  2.61  4.14  6.81  9.74 12.30
 3606.25 11.26  6.22  7.46  4.66  2.91  1.51  1.89  2.66  4.21  6.91  9.83 12.43
 3607.25 11.37  6.23  7.50  4.67  2.92  1.52  1.89  2.65  4.20  6.91  9.82 12.45
 3608.25 11.46  6.23  7.52  4.66  2.93  1.51  1.89  2.64  4.18  6.89  9.79 12.44
 3609.25 11.72  6.36  7.70  4.77  3.01  1.56  1.94  2.71  4.28  7.03  9.92 12.62
 3610.25 11.97  6.49  7.86  4.87  3.10  1.61  1.99  2.78  4.37  7.15 10.04 12.78
 3611.25 12.06  6.49  7.88  4.86  3.10  1.61  1.98  2.76  4.35  7.13 10.01 12.77
 3612.25 12.13  6.46  7.88  4.83  3.09  1.60  1.97  2.74  4.31  7.09  9.95 12.74
 3613.25 12.25  6.48  7.93  4.84  3.10  1.61  1.97  2.74  4.31  7.10  9.95 12.77
 3614.25 12.54  6.63  8.12  4.97  3.20  1.66  2.03  2.82  4.41  7.25 10.10 12.96
 3615.25 12.76  6.71  8.23  5.03  3.26  1.69  2.06  2.85  4.46  7.32 10.16 13.06
 3616.25 12.46  6.33  7.84  4.70  3.03  1.55  1.89  2.63  4.15  6.91  9.68 12.59
 3617.25 12.26  6.04  7.54  4.45  2.85  1.45  1.77  2.46  3.91  6.59  9.30 12.21
 3618.25 12.53  6.11  7.64  4.50  2.90  1.48  1.79  2.49  3.95  6.65  9.35 12.31
 3619.25 12.99  6.32  7.90  4.68  3.03  1.55  1.87  2.60  4.09  6.86  9.58 12.59
 3620.25 13.37  6.47  8.10  4.82  3.13  1.60  1.93  2.67  4.20  7.01  9.74 12.79
 3621.25 13.56  6.48  8.13  4.84  3.14  1.61  1.93  2.66  4.19  7.00  9.71 12.80
 3622.25 13.69  6.44  8.11  4.83  3.12  1.59  1.91  2.64  4.15  6.96  9.64 12.76
 3623.25 13.75  6.35  8.00  4.76  3.07  1.56  1.87  2.58  4.06  6.85  9.51 12.65
 3624.25 13.87  6.31  7.92  4.74  3.06  1.55  1.85  2.55  4.02  6.80  9.43 12.59
 3625.25 14.13  6.36  7.95  4.80  3.10  1.57  1.87  2.57  4.04  6.85  9.46 12.67
 3626.25 14.29  6.35  7.90  4.81  3.10  1.57  1.87  2.56  4.02  6.83  9.42 12.66
 3627.25 14.41  6.30  7.82  4.78  3.08  1.55  1.85  2.53  3.97  6.77  9.34 12.61
 3628.25 14.62  6.33  7.82  4.83  3.10  1.56  1.86  2.54  3.98  6.79  9.35 12.65
 3629.25 14.95  6.44  7.91  4.94  3.18  1.61  1.90  2.59  4.05  6.90  9.46 12.80
 3630.25 15.13  6.44  7.89  4.96  3.20  1.61  1.90  2.59  4.04  6.90  9.44 12.82
 3631.25 15.23  6.39  7.79  4.93  3.17  1.59  1.88  2.55  3.98  6.83  9.34 12.75
 3632.25 15.52  6.47  7.86  5.01  3.23  1.62  1.91  2.59  4.03  6.91  9.42 12.87
 3633.25 15.70  6.48  7.84  5.04  3.25  1.63  1.91  2.59  4.02  6.91  9.40 12.88
 3634.25 15.67  6.33  7.64  4.93  3.16  1.58  1.85  2.50  3.90  6.75  9.19 12.69
 3635.25 15.63  6.17  7.44  4.82  3.08  1.53  1.79  2.42  3.77  6.59  8.98 12.49
 3636.25 15.64  6.07  7.29  4.74  3.02  1.50  1.75  2.36  3.69  6.47  8.82 12.34
 3637.25 15.82  6.08  7.27  4.77  3.04  1.50  1.76  2.36  3.68  6.47  8.81 12.36
 3638.25 16.33  6.31  7.50  4.99  3.19  1.58  1.85  2.47  3.83  6.71  9.07 12.69
 3639.25 16.57  6.36  7.52  5.05  3.23  1.60  1.87  2.49  3.85  6.75  9.10 12.77
 3640.25 16.96  6.53  7.67  5.21  3.35  1.66  1.93  2.56  3.96  6.92  9.27 12.99
 3641.25 17.14  6.54  7.65  5.23  3.36  1.66  1.93  2.56  3.95  6.92  9.25 13.01
 3642.25 17.07  6.36  7.42  5.10  3.26  1.60  1.86  2.47  3.81  6.73  9.02 12.78
 3643.25 17.22  6.35  7.38  5.11  3.27  1.60  1.86  2.45  3.79  6.72  8.98 12.77
 3644.25 17.58  6.50  7.52  5.26  3.37  1.66  1.92  2.52  3.89  6.87  9.13 12.98
 3645.25 17.95  6.74  7.73  5.48  3.53  1.74  2.01  2.63  4.04  7.10  9.38 13.29
 3646.25 18.18  6.74  7.70  5.50  3.54  1.74  2.02  2.63  4.03  7.09  9.35 13.30
 3647.25 18.99  6.74  7.67  5.52  3.55  1.75  2.02  2.62  4.01  7.09  9.32 13.31
 3648.25 19.76  6.92  7.83  5.70  3.69  1.81  2.09  2.71  4.13  7.27  9.51 13.55
 3649.25 19.68  6.90  7.78  5.70  3.68  1.81  2.08  2.69  4.10  7.24  9.45 13.53
 3650.25 19.32  6.77  7.60  5.60  3.60  1.76  2.02  2.61  3.99  7.09  9.27 13.36
 3651.25 19.26  6.87  7.68  5.71  3.68  1.80  2.07  2.66  4.05  7.19  9.36 13.50
 3652.25 19.17  6.96  7.74  5.81  3.75  1.84  2.10  2.70  4.10  7.27  9.44 13.62
 3653.25 19.08  7.04  7.79  5.90  3.82  1.87  2.14  2.73  4.14  7.35  9.50 13.72
 3654.25 18.79  6.98  7.69  5.86  3.78  1.84  2.11  2.69  4.08  7.27  9.40 13.63
 3655.25 18.40  6.83  7.50  5.75  3.70  1.79  2.05  2.61  3.96  7.12  9.20 13.44
 3656.25 18.17  6.82  7.46  5.75  3.70  1.79  2.05  2.60  3.94  7.10  9.16 13.43
 3657.25 17.90  6.77  7.38  5.72  3.68  1.78  2.03  2.57  3.90  7.05  9.09 13.37
 3658.25 17.63  6.73  7.32  5.68  3.67  1.76  2.01  2.54  3.86  7.00  9.04 13.32
 3659.25 17.39  6.70  7.29  5.67  3.67  1.76  2.00  2.53  3.83  6.97  9.02 13.29
 3660.25 17.24  6.74  7.33  5.71  3.71  1.78  2.03  2.54  3.85  7.02  9.08 13.35
 3661.25 17.15  6.84  7.42  5.81  3.79  1.82  2.07  2.59  3.91  7.12  9.21 13.49
 3662.25 16.95  6.85  7.43  5.83  3.82  1.83  2.08  2.59  3.91  7.13  9.23 13.51
 3663.25 16.60  6.75  7.33  5.75  3.77  1.80  2.04  2.54  3.84  7.03  9.14 13.40
 3664.25 16.37  6.75  7.32  5.76  3.79  1.80  2.04  2.54  3.83  7.03  9.15 13.40
 3665.25 16.24  6.82  7.39  5.83  3.85  1.84  2.08  2.57  3.87  7.10  9.25 13.50
 3666.25 16.04  6.84  7.41  5.86  3.88  1.85  2.09  2.58  3.87  7.13  9.29 13.54
 3667.25 16.00  6.98  7.55  6.00  4.00  1.91  2.15  2.65  3.96  7.27  9.47 13.73
 3668.25 15.95  7.14  7.70  6.15  4.13  1.97  2.22  2.72  4.06  7.43  9.66 13.94
 3669.25 15.72  7.14  7.70  6.16  4.15  1.98  2.22  2.72  4.06  7.44  9.68 13.95
 3670.25 15.38  7.07  7.63  6.11  4.12  1.96  2.20  2.68  4.00  7.37  9.62 13.88
 3671.25 15.13  7.07  7.63  6.12  4.14  1.96  2.20  2.68  3.99  7.37  9.64 13.89
 3672.25 14.91  7.10  7.64  6.15  4.17  1.98  2.21  2.69  4.00  7.39  9.68 13.93
 3673.25 14.76  7.18  7.73  6.23  4.25  2.02  2.25  2.73  4.05  7.48  9.79 14.05
 3674.25 14.62  7.26  7.81  6.32  4.33  2.06  2.29  2.77  4.10  7.57  9.90 14.16
 3675.25 14.50  7.31  7.85  6.37  4.38  2.08  2.31  2.79  4.12  7.62  9.97 14.23
 3676.25 14.45  7.32  7.86  6.39  4.40  2.09  2.31  2.79  4.13  7.63 10.00 14.25
 3677.25 14.32  7.23  7.76  6.32  4.36  2.06  2.28  2.74  4.06  7.54  9.92 14.15
 3678.25 14.43  7.33  7.87  6.42  4.46  2.11  2.33  2.79  4.14  7.65 10.05 14.29
 3679.25 14.44  7.35  7.88  6.45  4.49  2.13  2.34  2.80  4.15  7.67 10.09 14.33
 3680.25 14.53  7.44  7.96  6.54  4.57  2.18  2.38  2.84  4.21  7.76 10.21 14.45
 3681.25 14.70  7.60  8.12  6.70  4.71  2.25  2.45  2.92  4.32  7.92 10.40 14.65
 3682.25 14.60  7.53  8.05  6.65  4.68  2.23  2.42  2.89  4.27  7.85 10.35 14.58
 3683.25 14.46  7.43  7.94  6.56  4.62  2.20  2.38  2.83  4.20  7.75 10.24 14.46
 3684.25 14.22  7.25  7.75  6.40  4.51  2.14  2.30  2.74  4.08  7.57 10.06 14.26
 3685.25 14.29  7.32  7.82  6.48  4.58  2.17  2.34  2.78  4.12  7.64 10.16 14.35
 3686.25 14.66  7.64  8.14  6.79  4.84  2.32  2.48  2.95  4.35  7.97 10.54 14.75
 3687.25 14.82  7.79  8.29  6.94  4.98  2.40  2.56  3.03  4.46  8.13 10.73 14.95
 3688.25 14.73  7.73  8.23  6.90  4.95  2.38  2.53  3.00  4.41  8.07 10.68 14.89
 3689.25 14.60  7.64  8.13  6.82  4.90  2.35  2.49  2.96  4.35  7.98 10.59 14.79
 3690.25 14.54  7.61  8.09  6.79  4.89  2.34  2.48  2.94  4.32  7.94 10.57 14.76
 3691.25 14.44  7.55  8.02  6.74  4.86  2.33  2.45  2.91  4.27  7.88 10.51 14.69
 3692.25 14.43  7.56  8.02  6.76  4.89  2.34  2.45  2.91  4.28  7.88 10.54 14.71
 3693.25 14.53  7.67  8.12  6.86  4.98  2.39  2.50  2.96  4.35  7.98 10.66 14.84
 3694.25 14.51  7.67  8.14  6.87  5.01  2.40  2.50  2.97  4.35  7.99 10.68 14.85
 3695.25 14.43  7.63  8.10  6.82  4.99  2.39  2.48  2.94  4.31  7.94 10.64 14.80
 3696.25 14.47  7.68  8.16  6.88  5.05  2.42  2.51  2.97  4.34  7.99 10.72 14.88
 3697.25 14.46  7.70  8.18  6.89  5.07  2.44  2.51  2.98  4.35  8.00 10.75 14.90
 3698.25 14.12  7.45  7.94  6.65  4.90  2.34  2.40  2.85  4.17  7.75 10.48 14.60
 3699.25 13.68  7.13  7.61  6.35  4.66  2.21  2.26  2.68  3.95  7.41 10.11 14.18
 3700.25 13.56  7.06  7.54  6.28  4.63  2.18  2.23  2.65  3.90  7.34 10.04 14.09
 3701.25 13.61  7.12  7.61  6.34  4.68  2.22  2.26  2.68  3.93  7.39 10.12 14.17
 3702.25 13.67  7.19  7.69  6.40  4.75  2.25  2.29  2.71  3.98  7.45 10.21 14.27
 3703.25 13.70  7.23  7.74  6.44  4.79  2.28  2.31  2.73  4.00  7.49 10.28 14.33
 3704.25 13.69  7.25  7.77  6.45  4.82  2.29  2.31  2.74  4.01  7.49 10.31 14.36
 3705.25 13.72  7.30  7.82  6.50  4.87  2.32  2.33  2.77  4.04  7.52 10.37 14.42
 3706.25 13.81  7.40  7.94  6.59  4.96  2.37  2.38  2.82  4.11  7.62 10.51 14.56
 3707.25 13.97  7.55  8.10  6.73  5.09  2.45  2.45  2.89  4.20  7.75 10.69 14.75
 3708.25 13.97  7.58  8.14  6.76  5.12  2.47  2.46  2.91  4.22  7.77 10.74 14.80
 3709.25 14.07  7.69  8.26  6.86  5.22  2.53  2.51  2.96  4.29  7.87 10.88 14.94
 3710.25 14.11  7.75  8.33  6.92  5.28  2.57  2.54  3.00  4.33  7.92 10.97 15.03
 3711.25 13.86  7.58  8.16  6.75  5.16  2.50  2.46  2.91  4.21  7.73 10.78 14.83
 3712.25 13.71  7.49  8.07  6.66  5.10  2.46  2.42  2.86  4.14  7.63 10.68 14.72
 3713.25 13.55  7.39  7.98  6.57  5.03  2.43  2.38  2.81  4.07  7.52 10.57 14.60
 3714.25 13.38  7.29  7.88  6.47  4.96  2.39  2.33  2.76  4.00  7.40 10.45 14.48
 3715.25 13.58  7.47  8.07  6.64  5.12  2.48  2.41  2.85  4.12  7.57 10.68 14.73
 3716.25 13.87  7.74  8.36  6.89  5.34  2.61  2.53  2.98  4.29  7.82 11.00 15.08
 3717.25 14.03  7.89  8.53  7.03  5.48  2.69  2.60  3.06  4.40  7.97 11.18 15.29
 3718.25 14.01  7.91  8.55  7.05  5.51  2.70  2.61  3.07  4.40  7.97 11.21 15.32
 3719.25 14.00  7.93  8.58  7.07  5.54  2.72  2.62  3.08  4.42  7.98 11.24 15.36
 3720.25 14.15  8.09  8.75  7.21  5.67  2.81  2.69  3.16  4.52  8.11 11.42 15.56
 3721.25 14.26  8.22  8.89  7.33  5.79  2.88  2.75  3.23  4.60  8.23 11.58 15.73
 3722.25 14.36  8.34  9.02  7.44  5.90  2.95  2.81  3.30  4.68  8.33 11.72 15.88
 3723.25 14.15  8.19  8.87  7.29  5.79  2.88  2.73  3.21  4.57  8.17 11.55 15.72
 3724.25 13.99  8.10  8.77  7.19  5.72  2.84  2.68  3.15  4.49  8.05 11.44 15.61
 3725.25 14.09  8.22  8.90  7.30  5.83  2.91  2.74  3.22  4.57  8.15 11.59 15.76
 3726.25 13.63  7.88  8.55  6.97  5.55  2.75  2.57  3.03  4.33  7.79 11.19 15.35
 3727.25 13.23  7.59  8.25  6.70  5.33  2.62  2.44  2.88  4.12  7.49 10.86 14.99
 3728.25 13.64  7.96  8.63  7.04  5.64  2.80  2.61  3.07  4.37  7.84 11.29 15.47
 3729.25 13.49  7.88  8.54  6.95  5.58  2.77  2.57  3.02  4.30  7.74 11.20 15.37
 3730.25 13.14  7.64  8.29  6.72  5.39  2.66  2.46  2.89  4.13  7.48 10.91 15.07
 3731.25 13.36  7.85  8.50  6.91  5.57  2.76  2.55  2.99  4.27  7.66 11.16 15.34
 3732.25 13.25  7.81  8.45  6.86  5.54  2.75  2.52  2.96  4.23  7.60 11.11 15.29
 3733.25 13.42  7.98  8.63  7.01  5.69  2.84  2.60  3.04  4.34  7.75 11.31 15.51
 3734.25 13.92  8.44  9.10  7.43  6.08  3.08  2.81  3.27  4.65  8.18 11.84 16.08
 3735.25 14.29  8.81  9.48  7.77  6.40  3.28  2.99  3.47  4.91  8.53 12.25 16.52
 3736.25 14.49  9.05  9.72  7.99  6.62  3.43  3.11  3.60  5.08  8.75 12.52 16.79
 3737.25 14.27  8.92  9.58  7.85  6.51  3.36  3.04  3.51  4.97  8.59 12.37 16.65
 3738.25 13.72  8.49  9.13  7.43  6.15  3.13  2.82  3.26  4.65  8.15 11.89 16.16
 3739.25 13.20  8.12  8.74  7.07  5.85  2.95  2.64  3.05  4.38  7.76 11.46 15.71
 3740.25 13.11  8.09  8.71  7.04  5.84  2.94  2.63  3.04  4.36  7.72 11.43 15.69
 3741.25 13.30  8.31  8.93  7.23  6.02  3.06  2.72  3.14  4.50  7.91 11.69 15.96
 3742.25 13.36  8.42  9.04  7.32  6.11  3.12  2.77  3.19  4.57  7.99 11.81 16.10
 3743.25 13.48  8.59  9.20  7.46  6.26  3.22  2.85  3.27  4.68  8.13 12.00 16.30
 3744.25 13.42  8.59  9.20  7.45  6.26  3.22  2.84  3.26  4.67  8.11 12.00 16.31
 3745.25 13.29  8.55  9.15  7.40  6.22  3.21  2.82  3.22  4.63  8.05 11.95 16.26
 3746.25 13.33  8.64  9.24  7.48  6.31  3.26  2.86  3.27  4.69  8.12 12.06 16.38
 3747.25 13.05  8.46  9.05  7.30  6.16  3.17  2.77  3.16  4.55  7.92 11.85 16.17
 3748.25 13.29  8.73  9.33  7.54  6.39  3.33  2.90  3.30  4.73  8.16 12.16 16.50
 3749.25 13.84  9.29  9.89  8.05  6.87  3.64  3.17  3.59  5.12  8.68 12.77 17.14
 3750.25 13.68  9.21  9.80  7.96  6.80  3.60  3.13  3.54  5.05  8.57 12.69 17.06
 3751.25 13.17  8.82  9.40  7.58  6.47  3.39  2.93  3.31  4.77  8.17 12.25 16.62
 3752.25 13.31  9.01  9.59  7.75  6.64  3.50  3.02  3.41  4.89  8.34 12.47 16.85
 3753.25 13.59  9.33  9.91  8.04  6.92  3.70  3.18  3.57  5.11  8.63 12.82 17.22
 3754.25 13.30  9.15  9.72  7.85  6.75  3.59  3.08  3.46  4.97  8.42 12.61 17.01
 3755.25 12.51  8.53  9.07  7.26  6.22  3.26  2.77  3.12  4.52  7.81 11.91 16.28
 3756.25 12.25  8.38  8.90  7.10  6.09  3.18  2.70  3.03  4.41  7.64 11.72 16.08
 3757.25 12.65  8.80  9.32  7.47  6.44  3.41  2.88  3.23  4.68  8.02 12.20 16.59
 3758.25 13.08  9.27  9.78  7.88  6.84  3.67  3.10  3.46  4.99  8.44 12.71 17.13
 3759.25 13.11  9.38  9.87  7.96  6.92  3.73  3.15  3.51  5.05  8.52 12.81 17.25
 3760.25 12.72  9.10  9.58  7.68  6.68  3.58  3.01  3.34  4.84  8.23 12.50 16.93
 3761.25 12.54  9.02  9.48  7.59  6.61  3.53  2.96  3.28  4.77  8.13 12.40 16.83
 3762.25 12.69  9.24  9.69  7.77  6.79  3.66  3.06  3.38  4.91  8.32 12.63 17.08
 3763.25 12.74  9.37  9.80  7.86  6.89  3.74  3.11  3.44  4.98  8.41 12.77 17.22
 3764.25 12.62  9.35  9.76  7.82  6.87  3.73  3.10  3.41  4.95  8.37 12.73 17.19
 3765.25 12.45  9.26  9.64  7.72  6.79  3.68  3.04  3.35  4.87  8.26 12.62 17.09
 3766.25 12.45  9.30  9.67  7.74  6.82  3.71  3.06  3.36  4.89  8.28 12.66 17.12
 3767.25 12.59  9.47  9.81  7.87  6.96  3.81  3.13  3.43  4.99  8.41 12.84 17.29
 3768.25 12.76  9.66  9.98  8.03  7.12  3.92  3.22  3.52  5.11  8.57 13.03 17.46
 3769.25 12.85  9.78 10.08  8.13  7.22  4.00  3.28  3.57  5.17  8.66 13.14 17.56
 3770.25 12.91  9.88 10.16  8.22  7.30  4.06  3.32  3.61  5.23  8.73 13.23 17.63
 3771.25 12.77  9.79 10.04  8.13  7.21  4.01  3.26  3.54  5.14  8.61 13.12 17.49
 3772.25 12.18  9.29  9.51  7.67  6.77  3.72  3.01  3.26  4.78  8.11 12.55 16.87
 3773.25 11.49  8.72  8.91  7.15  6.29  3.41  2.74  2.97  4.39  7.56 11.88 16.13
 3774.25 11.23  8.52  8.69  6.97  6.12  3.32  2.65  2.86  4.25  7.35 11.64 15.84
 3775.25 11.20  8.53  8.67  6.98  6.13  3.33  2.65  2.86  4.24  7.34 11.63 15.81
 3776.25 11.12  8.50  8.62  6.96  6.10  3.31  2.63  2.83  4.21  7.29 11.58 15.73
 3777.25 11.33  8.72  8.82  7.15  6.27  3.43  2.72  2.92  4.34  7.46 11.81 15.96
 3778.25 11.33  8.76  8.84  7.18  6.30  3.46  2.73  2.93  4.35  7.48 11.84 15.97
 3779.25 11.41  8.87  8.92  7.28  6.39  3.52  2.77  2.98  4.40  7.56 11.95 16.06
 3780.25 11.73  9.19  9.23  7.57  6.65  3.70  2.91  3.12  4.60  7.83 12.30 16.41
 3781.25 11.76  9.26  9.27  7.63  6.69  3.74  2.93  3.15  4.62  7.86 12.36 16.45
 3782.25 11.69  9.24  9.22  7.61  6.65  3.73  2.91  3.13  4.59  7.82 12.31 16.37
 3783.25 11.74  9.33  9.29  7.69  6.72  3.78  2.95  3.16  4.64  7.88 12.40 16.44
 3784.25 11.16  8.84  8.78  7.25  6.30  3.52  2.73  2.93  4.32  7.41 11.83 15.80
 3785.25 10.84  8.60  8.52  7.04  6.10  3.40  2.62  2.82  4.16  7.17 11.53 15.44
 3786.25 11.35  9.10  8.99  7.48  6.48  3.67  2.83  3.03  4.45  7.59 12.08 16.02
 3787.25 12.00  9.74  9.59  8.05  7.00  4.02  3.11  3.33  4.84  8.14 12.77 16.73
 3788.25 12.39 10.15  9.97  8.42  7.32  4.27  3.30  3.52  5.10  8.49 13.19 17.15
 3789.25 12.55 10.36 10.14  8.60  7.48  4.39  3.39  3.62  5.22  8.65 13.39 17.32
 3790.25 12.36 10.24  9.99  8.48  7.35  4.31  3.31  3.54  5.11  8.50 13.23 17.13
 3791.25 11.95  9.91  9.62  8.16  7.04  4.11  3.14  3.36  4.86  8.16 12.84 16.70
 3792.25 11.76  9.79  9.46  8.03  6.91  4.04  3.07  3.28  4.76  8.01 12.67 16.49
 3793.25 11.76  9.84  9.48  8.07  6.93  4.06  3.08  3.29  4.77  8.02 12.70 16.49
 3794.25 11.87 10.00  9.60  8.20  7.04  4.15  3.14  3.35  4.85  8.13 12.84 16.62
 3795.25 11.84 10.03  9.59  8.22  7.04  4.17  3.14  3.35  4.85  8.12 12.84 16.59
 3796.25 11.77 10.02  9.55  8.20  7.01  4.16  3.12  3.34  4.82  8.07 12.80 16.52
 3797.25 11.95 10.24  9.73  8.39  7.17  4.28  3.22  3.43  4.94  8.24 13.01 16.71
 3798.25 12.39 10.71 10.15  8.81  7.54  4.57  3.44  3.66  5.23  8.63 13.48 17.17
 3799.25 12.78 11.15 10.54  9.20  7.89  4.84  3.65  3.88  5.51  8.99 13.91 17.58
 3800.25 12.85 11.27 10.62  9.30  7.98  4.92  3.70  3.94  5.58  9.07 14.01 17.65
 3801.25 12.42 10.91 10.22  8.95  7.63  4.68  3.49  3.72  5.29  8.69 13.60 17.21
 3802.25 12.11 10.67  9.95  8.72  7.40  4.52  3.36  3.57  5.10  8.44 13.31 16.89
 3803.25 11.84 10.46  9.71  8.52  7.20  4.39  3.25  3.45  4.94  8.22 13.06 16.59
 3804.25 11.21  9.92  9.15  8.01  6.73  4.08  3.00  3.18  4.57  7.70 12.44 15.90
 3805.25 11.20  9.96  9.15  8.04  6.74  4.10  3.01  3.19  4.58  7.70 12.45 15.89
 3806.25 11.58 10.38  9.51  8.42  7.06  4.34  3.20  3.37  4.82  8.03 12.88 16.31
 3807.25 11.93 10.78  9.86  8.79  7.36  4.58  3.38  3.55  5.05  8.34 13.28 16.70
 3808.25 12.06 10.96  9.99  8.98  7.49  4.69  3.46  3.63  5.15  8.46 13.44 16.84
 3809.25 11.90 10.86  9.86  8.92  7.38  4.63  3.41  3.56  5.06  8.33 13.31 16.67
 3810.25 11.62 10.65  9.62  8.74  7.18  4.50  3.30  3.44  4.90  8.10 13.05 16.37
 3811.25 11.60 10.68  9.61  8.79  7.18  4.52  3.31  3.44  4.89  8.09 13.05 16.34
 3812.25 11.89 11.03  9.89  9.13  7.44  4.73  3.47  3.60  5.09  8.35 13.38 16.66
 3813.25 11.67 10.87  9.71  9.01  7.29  4.63  3.39  3.51  4.97  8.17 13.19 16.43
 3814.25 11.11 10.38  9.21  8.59  6.87  4.34  3.16  3.26  4.64  7.71 12.63 15.81
 3815.25 11.06 10.39  9.18  8.62  6.85  4.35  3.16  3.25  4.62  7.67 12.61 15.76
 3816.25 11.31 10.70  9.42  8.91  7.07  4.52  3.29  3.38  4.79  7.89 12.91 16.04
 3817.25 11.44 10.88  9.56  9.10  7.19  4.63  3.37  3.45  4.88  8.01 13.07 16.18
 3818.25 11.16 10.66  9.32  8.93  7.00  4.50  3.27  3.34  4.72  7.78 12.81 15.87
 3819.25 10.80 10.36  9.00  8.67  6.74  4.33  3.13  3.19  4.52  7.49 12.45 15.46
 3820.25 10.96 10.57  9.16  8.89  6.89  4.45  3.22  3.27  4.63  7.63 12.65 15.64
 3821.25 11.50 11.15  9.68  9.47  7.34  4.81  3.49  3.54  4.97  8.09 13.26 16.25
 3822.25 11.66 11.35  9.84  9.69  7.50  4.94  3.59  3.63  5.08  8.23 13.45 16.42
 3823.25 11.77 11.51  9.96  9.87  7.62  5.05  3.67  3.70  5.17  8.34 13.60 16.55
 3824.25 11.95 11.74 10.15 10.12  7.80  5.20  3.79  3.81  5.30  8.50 13.81 16.76
 3825.25 12.09 11.92 10.29 10.32  7.94  5.33  3.89  3.90  5.40  8.63 13.98 16.95
 3826.25 12.22 12.09 10.41 10.51  8.07  5.44  3.97  3.98  5.49  8.74 14.13 17.12
 3827.25 12.12 12.02 10.32 10.48  8.00  5.40  3.94  3.94  5.43  8.64 14.03 17.04
 3828.25 11.98 11.92 10.19 10.41  7.90  5.34  3.88  3.87  5.33  8.51 13.90 16.93
 3829.25 11.47 11.44  9.71  9.99  7.49  5.03  3.63  3.62  5.00  8.07 13.38 16.40
 3830.25 10.90 10.89  9.17  9.51  7.04  4.70  3.38  3.36  4.65  7.58 12.78 15.80
 3831.25 10.59 10.62  8.89  9.28  6.81  4.55  3.25  3.23  4.48  7.32 12.46 15.47
 3832.25 10.70 10.75  8.99  9.43  6.91  4.63  3.31  3.28  4.54  7.40 12.58 15.62
 3833.25 10.97 11.05  9.24  9.75  7.13  4.81  3.45  3.41  4.69  7.61 12.88 15.96
 3834.25 11.00 11.11  9.28  9.84  7.17  4.86  3.48  3.44  4.71  7.63 12.92 16.02
 3835.25 10.80 10.95  9.11  9.71  7.03  4.76  3.40  3.35  4.59  7.46 12.72 15.83
 3836.25 10.83 11.01  9.15  9.79  7.07  4.81  3.43  3.38  4.61  7.47 12.76 15.89
 3837.25 11.23 11.44  9.53 10.23  7.40  5.07  3.63  3.57  4.85  7.79 13.19 16.37
 3838.25 11.26 11.49  9.56 10.32  7.43  5.11  3.66  3.59  4.86  7.80 13.22 16.43
 3839.25 11.53 11.80  9.83 10.64  7.67  5.31  3.81  3.73  5.03  8.03 13.52 16.76
 3840.25 12.00 12.30 10.28 11.16  8.08  5.65  4.07  3.99  5.33  8.42 14.02 17.31
 3841.25 11.89 12.23 10.19 11.12  8.00  5.61  4.03  3.94  5.26  8.32 13.92 17.22
 3842.25 11.32 11.68  9.66 10.62  7.54  5.25  3.75  3.65  4.90  7.82 13.32 16.62
 3843.25 11.34 11.73  9.69 10.70  7.56  5.29  3.77  3.67  4.90  7.83 13.35 16.67
 3844.25 11.65 12.07  9.99 11.06  7.84  5.52  3.95  3.84  5.10  8.08 13.69 17.04
 3845.25 11.72 12.18 10.08 11.20  7.91  5.60  4.00  3.88  5.14  8.14 13.77 17.16
 3846.25 11.18 11.66  9.58 10.73  7.48  5.27  3.74  3.62  4.81  7.67 13.21 16.59
 3847.25 11.26 11.78  9.66 10.87  7.56  5.34  3.80  3.67  4.86  7.73 13.30 16.71
 3848.25 11.71 12.26 10.10 11.38  7.94  5.67  4.04  3.90  5.13  8.10 13.78 17.23
 3849.25 11.96 12.55 10.35 11.70  8.17  5.88  4.19  4.05  5.30  8.30 14.06 17.54
 3850.25 11.93 12.55 10.33 11.73  8.16  5.88  4.19  4.04  5.27  8.27 14.03 17.54
 3851.25 11.49 12.15  9.93 11.36  7.81  5.61  3.97  3.82  4.99  7.89 13.58 17.09
 3852.25 11.72 12.44 10.15 11.65  8.01  5.80  4.10  3.95  5.14  8.07 13.83 17.37
 3853.25 11.99 12.79 10.42 11.99  8.26  6.02  4.27  4.10  5.31  8.29 14.12 17.70
 3854.25 11.92 12.79 10.36 11.98  8.21  6.00  4.24  4.07  5.26  8.22 14.05 17.65
 3855.25 11.83 12.76 10.29 11.95  8.14  5.96  4.20  4.03  5.20  8.13 13.97 17.58
 3856.25 11.72 12.70 10.17 11.88  8.05  5.90  4.14  3.97  5.11  8.00 13.83 17.46
 3857.25 11.95 12.98 10.38 12.16  8.24  6.08  4.27  4.09  5.25  8.17 14.06 17.72
 3858.25 12.35 13.44 10.75 12.60  8.58  6.38  4.50  4.31  5.49  8.48 14.46 18.15
 3859.25 12.48 13.63 10.87 12.78  8.69  6.49  4.58  4.38  5.57  8.58 14.58 18.30
 3860.25 12.58 13.78 10.96 12.92  8.79  6.58  4.65  4.44  5.62  8.65 14.67 18.41
 3861.25 12.73 13.97 11.08 13.10  8.93  6.70  4.73  4.52  5.70  8.76 14.80 18.57
 3862.25 12.51 13.80 10.87 12.93  8.77  6.56  4.60  4.39  5.53  8.55 14.57 18.35
 3863.25 12.33 13.66 10.68 12.79  8.63  6.43  4.50  4.28  5.39  8.38 14.36 18.16
 3864.25 12.34 13.72 10.68 12.84  8.66  6.45  4.50  4.28  5.38  8.37 14.36 18.19
 3865.25 12.22 13.64 10.55 12.76  8.58  6.38  4.43  4.21  5.29  8.25 14.21 18.06
 3866.25 12.08 13.55 10.42 12.67  8.49  6.29  4.36  4.13  5.18  8.12 14.06 17.92
 3867.25 11.93 13.44 10.26 12.55  8.38  6.20  4.28  4.05  5.07  7.98 13.88 17.76
 3868.25 11.90 13.45 10.23 12.56  8.38  6.19  4.26  4.03  5.03  7.94 13.83 17.73
 3869.25 11.82 13.42 10.16 12.52  8.33  6.15  4.22  3.99  4.97  7.86 13.73 17.65
 3870.25 12.01 13.67 10.34 12.76  8.52  6.29  4.32  4.08  5.07  8.00 13.92 17.87
 3871.25 12.44 14.16 10.75 13.24  8.92  6.62  4.57  4.31  5.33  8.35 14.35 18.34
 3872.25 12.77 14.55 11.07 13.62  9.23  6.89  4.77  4.49  5.53  8.61 14.67 18.69
 3873.25 12.75 14.58 11.06 13.64  9.24  6.89  4.76  4.48  5.50  8.58 14.64 18.68
 3874.25 12.30 14.16 10.63 13.22  8.87  6.56  4.49  4.22  5.19  8.18 14.15 18.21
 3875.25 12.21 14.11 10.55 13.17  8.81  6.51  4.44  4.16  5.12  8.09 14.04 18.12
 3876.25 12.41 14.37 10.74 13.41  9.01  6.67  4.56  4.26  5.23  8.24 14.23 18.34
 3877.25 12.61 14.62 10.93 13.66  9.21  6.83  4.68  4.37  5.35  8.39 14.42 18.56
 3878.25 12.83 14.90 11.15 13.93  9.43  7.01  4.81  4.49  5.49  8.56 14.62 18.79
 3879.25 12.93 15.05 11.25 14.07  9.54  7.10  4.87  4.54  5.55  8.63 14.69 18.90
 3880.25 12.81 14.97 11.14 13.99  9.46  7.03  4.80  4.46  5.46  8.52 14.54 18.79
 3881.25 12.72 14.93 11.06 13.92  9.41  6.97  4.75  4.41  5.40  8.43 14.42 18.70
 3882.25 12.78 15.04 11.12 13.95  9.49  7.03  4.79  4.44  5.43  8.46 14.45 18.76
 3883.25 12.86 15.19 11.20 13.99  9.58  7.11  4.84  4.47  5.47  8.51 14.50 18.84
 3884.25 12.76 15.18 11.10 13.84  9.51  7.04  4.77  4.41  5.39  8.41 14.36 18.73
 3885.25 12.71 15.27 11.06 13.74  9.49  7.02  4.75  4.38  5.36  8.35 14.28 18.67
 3886.25 12.96 15.67 11.29 13.93  9.74  7.22  4.89  4.51  5.50  8.54 14.50 18.92
 3887.25 13.37 16.25 11.69 14.29 10.13  7.56  5.15  4.74  5.77  8.87 14.88 19.34
 3888.25 13.16 16.17 11.48 14.02  9.95  7.39  5.01  4.60  5.61  8.66 14.62 19.11
 3889.25 12.34 15.45 10.69 13.12  9.23  6.77  4.52  4.14  5.07  7.96 13.73 18.21
 3890.25 12.24 15.48 10.59 12.96  9.16  6.71  4.47  4.08  5.00  7.85 13.59 18.09
 3891.25 12.56 15.96 10.89 13.23  9.46  6.95  4.64  4.23  5.18  8.09 13.88 18.42
 3892.25 12.57 16.11 10.89 13.18  9.48  6.97  4.64  4.23  5.17  8.07 13.84 18.42
 3893.25 12.54 16.22 10.86 13.10  9.48  6.96  4.63  4.20  5.15  8.03 13.78 18.38
 3894.25 12.50 16.31 10.82 12.99  9.45  6.94  4.61  4.17  5.11  7.97 13.69 18.32
 3895.25 12.45 16.39 10.77 12.88  9.43  6.91  4.59  4.14  5.07  7.91 13.60 18.25
 3896.25 12.48 16.56 10.79 12.85  9.47  6.94  4.61  4.14  5.07  7.91 13.59 18.26
 3897.25 12.47 16.69 10.78 12.79  9.48  6.94  4.61  4.13  5.06  7.89 13.54 18.24
 3898.25 12.38 16.72 10.68 12.63  9.41  6.88  4.56  4.07  4.99  7.79 13.40 18.12
 3899.25 12.09 16.53 10.41 12.28  9.17  6.68  4.41  3.92  4.81  7.54 13.06 17.78
 3900.25 11.85 16.40 10.18 11.99  8.97  6.52  4.29  3.80  4.67  7.34 12.78 17.50
 3901.25 12.11 16.82 10.42 12.18  9.19  6.71  4.43  3.91  4.80  7.51 13.00 17.77
 3902.25 12.20 17.05 10.50 12.21  9.26  6.79  4.48  3.95  4.84  7.56 13.05 17.86
 3903.25 12.08 17.05 10.38 12.04  9.14  6.71  4.43  3.89  4.76  7.45 12.89 17.72
 3904.25 12.24 17.36 10.52 12.14  9.27  6.83  4.52  3.95  4.84  7.55 13.01 17.88
 3905.25 12.09 17.31 10.36 11.93  9.13  6.73  4.44  3.87  4.74  7.42 12.81 17.69
 3906.25 12.03 17.37 10.29 11.81  9.06  6.70  4.41  3.83  4.70  7.35 12.71 17.61
 3907.25 12.06 17.54 10.31 11.78  9.08  6.73  4.44  3.84  4.71  7.35 12.70 17.63
 3908.25 11.65 17.19  9.92 11.31  8.72  6.45  4.23  3.65  4.47  7.02 12.24 17.14
 3909.25 11.55 17.20  9.82 11.16  8.63  6.39  4.18  3.60  4.41  6.93 12.10 17.01
 3910.25 11.76 17.57 10.00 11.31  8.79  6.54  4.29  3.68  4.51  7.07 12.27 17.24
 3911.25 11.90 17.86 10.12 11.39  8.91  6.65  4.37  3.74  4.58  7.15 12.37 17.39
 3912.25 11.81 17.87 10.02 11.23  8.81  6.59  4.33  3.69  4.52  7.06 12.23 17.26
 3913.25 10.59 16.51  8.91 10.00  7.80  5.78  3.75  3.17  3.91  6.19 10.95 15.78
 3914.25  9.07 14.64  7.56  8.49  6.57  4.84  3.10  2.60  3.22  5.16  9.36 13.83
 3915.25 10.01 16.02  8.39  9.35  7.32  5.44  3.51  2.95  3.63  5.77 10.30 15.04
 3916.25 11.89 18.54 10.09 11.11  8.88  6.72  4.41  3.71  4.54  7.08 12.19 17.33
 3917.25 12.47 19.47 10.65 11.65  9.40  7.17  4.74  3.99  4.87  7.52 12.77 18.02
 3918.25 12.01 19.22 10.24 11.18  9.02  6.87  4.52  3.78  4.62  7.18 12.30 17.52
 3919.25 11.52 18.93  9.82 10.70  8.63  6.56  4.29  3.57  4.38  6.83 11.80 16.98
 3920.25 12.16 19.97 10.43 11.31  9.19  7.05  4.65  3.87  4.72  7.31 12.44 17.74
 3921.25 12.73 20.91 10.98 11.86  9.71  7.50  4.99  4.15  5.05  7.75 13.00 18.40
 3922.25 12.79 21.26 11.06 11.93  9.79  7.59  5.05  4.19  5.10  7.81 13.06 18.50
 3923.25 12.72 21.46 11.01 11.86  9.74  7.57  5.03  4.16  5.07  7.76 12.98 18.44
 3924.25 12.75 21.77 11.06 11.89  9.79  7.63  5.08  4.18  5.09  7.79 13.00 18.50
 3925.25 12.92 22.24 11.25 12.06  9.96  7.80  5.20  4.28  5.20  7.93 13.17 18.71
 3926.25 13.06 22.67 11.41 12.20 10.11  7.95  5.31  4.36  5.29  8.05 13.30 18.89
 3927.25 13.22 23.11 11.58 12.35 10.28  8.11  5.44  4.46  5.39  8.19 13.46 19.08
 3928.25 13.35 23.53 11.73 12.49 10.42  8.26  5.55  4.54  5.47  8.30 13.58 19.25
 3929.25 13.33 23.78 11.74 12.47 10.43  8.28  5.57  4.54  5.47  8.30 13.56 19.25
 3930.25 13.62 24.34 12.03 12.75 10.71  8.56  5.78  4.71  5.65  8.54 13.84 19.58
 3931.25 13.95 24.95 12.38 13.09 11.05  8.88  6.03  4.92  5.88  8.84 14.17 19.95
 3932.25 13.50 24.75 11.96 12.64 10.64  8.53  5.76  4.66  5.58  8.46 13.70 19.50
 3933.25 13.13 24.62 11.63 12.28 10.33  8.26  5.55  4.47  5.35  8.17 13.33 19.13
 3934.25 13.68 25.46 12.19 12.82 10.86  8.75  5.94  4.79  5.71  8.63 13.89 19.73
 3935.25 14.26 26.29 12.77 13.39 11.43  9.28  6.37  5.15  6.10  9.14 14.47 20.35
 3936.25 14.06 26.35 12.60 13.20 11.26  9.14  6.26  5.04  5.97  8.97 14.28 20.17
 3937.25 13.49 26.03 12.07 12.64 10.75  8.68  5.90  4.71  5.59  8.50 13.71 19.60
 3938.25 13.23 26.01 11.83 12.38 10.53  8.50  5.75  4.57  5.43  8.29 13.45 19.34
 3939.25 13.18 26.21 11.79 12.33 10.50  8.48  5.75  4.55  5.40  8.26 13.40 19.30
 3940.25 12.81 26.06 11.44 11.97 10.18  8.21  5.54  4.36  5.18  7.97 13.03 18.92
 3941.25 12.58 26.04 11.22 11.74  9.98  8.06  5.43  4.25  5.04  7.79 12.79 18.67
 3942.25 12.58 26.29 11.23 11.74 10.00  8.09  5.45  4.26  5.04  7.80 12.80 18.68
 3943.25 12.36 26.28 11.02 11.52  9.80  7.94  5.34  4.15  4.91  7.63 12.57 18.44
 3944.25 12.10 26.23 10.79 11.27  9.59  7.76  5.22  4.04  4.77  7.44 12.31 18.16
 3945.25 12.31 26.70 10.98 11.47  9.78  7.95  5.37  4.14  4.89  7.60 12.52 18.41
 3946.25 12.15 26.75 10.83 11.30  9.64  7.85  5.29  4.07  4.79  7.48 12.35 18.23
 3947.25 12.01 26.81 10.70 11.16  9.52  7.76  5.23  4.01  4.72  7.38 12.21 18.07
 3948.25 12.05 27.03 10.73 11.19  9.55  7.81  5.28  4.03  4.73  7.40 12.23 18.11
 3949.25 12.13 27.17 10.80 11.25  9.62  7.89  5.34  4.07  4.77  7.46 12.30 18.20
 3950.25 12.48 28.11 11.13 11.58  9.94  8.20  5.58  4.25  4.96  7.73 12.64 18.60
 3951.25 12.63 29.93 11.27 11.71 10.07  8.34  5.70  4.33  5.05  7.85 12.79 18.76
 3952.25 12.41 30.63 11.06 11.49  9.88  8.19  5.59  4.22  4.92  7.68 12.56 18.53
 3953.25 12.56 30.71 11.19 11.62 10.01  8.33  5.70  4.30  5.00  7.79 12.70 18.69
 3954.25 12.98 30.89 11.59 12.02 10.40  8.69  5.99  4.53  5.24  8.12 13.11 19.15
 3955.25 12.86 30.50 11.48 11.89 10.29  8.62  5.94  4.47  5.17  8.03 12.98 19.02
 3956.25 12.79 30.15 11.40 11.82 10.23  8.58  5.92  4.43  5.12  7.97 12.90 18.95
 3957.25 12.85 29.93 11.45 11.88 10.28  8.65  5.97  4.46  5.15  8.01 12.95 19.01
 3958.25 12.88 29.69 11.48 11.92 10.31  8.70  6.02  4.48  5.16  8.04 12.97 19.04
 3959.25 12.97 29.50 11.56 12.02 10.39  8.80  6.10  4.54  5.21  8.11 13.05 19.14
 3960.25 12.95 29.20 11.54 12.02 10.38  8.80  6.11  4.53  5.20  8.09 13.03 19.13
 3961.25 12.82 28.77 11.41 11.90 10.26  8.71  6.04  4.46  5.11  7.98 12.88 18.98
 3962.25 13.08 28.75 11.65 12.16 10.49  8.95  6.24  4.61  5.27  8.19 13.13 19.26
 3963.25 13.49 28.87 12.04 12.57 10.88  9.33  6.55  4.84  5.52  8.53 13.53 19.70
 3964.25 13.65 28.74 12.20 12.74 11.03  9.49  6.69  4.94  5.62  8.66 13.68 19.87
 3965.25 13.70 28.49 12.24 12.81 11.08  9.56  6.76  4.98  5.65  8.70 13.72 19.92
 3966.25 13.80 28.28 12.33 12.92 11.17  9.67  6.85  5.04  5.71  8.78 13.81 20.03
 3967.25 14.12 28.28 12.64 13.25 11.48  9.99  7.12  5.25  5.92  9.06 14.13 20.36
 3968.25 14.11 27.96 12.63 13.24 11.47  9.99  7.14  5.25  5.91  9.05 14.10 20.34
 3969.25 13.88 27.43 12.40 13.03 11.25  9.81  6.99  5.11  5.74  8.85 13.86 20.11
 3970.25 13.80 27.03 12.32 12.97 11.18  9.76  6.95  5.06  5.69  8.78 13.77 20.03
 3971.25 13.41 26.31 11.93 12.59 10.80  9.43  6.68  4.83  5.42  8.44 13.37 19.62
 3972.25 13.04 25.60 11.57 12.24 10.47  9.14  6.44  4.63  5.19  8.14 12.99 19.23
 3973.25 12.93 25.15 11.47 12.15 10.37  9.07  6.39  4.57  5.12  8.05 12.87 19.11
 3974.25 12.72 24.58 11.27 11.95 10.18  8.90  6.26  4.46  4.99  7.88 12.65 18.88
 3975.25 12.52 24.00 11.08 11.76  9.99  8.74  6.14  4.36  4.87  7.72 12.43 18.65
 3976.25 12.38 23.46 10.92 11.61  9.84  8.62  6.05  4.27  4.78  7.59 12.26 18.47
 3977.25 12.51 23.24 11.03 11.73  9.94  8.73  6.15  4.34  4.84  7.67 12.36 18.59
 3978.25 12.55 22.89 11.05 11.75  9.95  8.75  6.18  4.35  4.86  7.68 12.36 18.61
 3979.25 12.37 22.29 10.86 11.57  9.77  8.59  6.07  4.25  4.74  7.52 12.15 18.38
 3980.25 12.36 21.90 10.83 11.54  9.74  8.58  6.06  4.23  4.73  7.49 12.10 18.34
 3981.25 12.01 21.19 10.49 11.20  9.41  8.29  5.85  4.06  4.54  7.21 11.73 17.92
 3982.25 12.01 21.03 10.47 11.19  9.39  8.29  5.85  4.05  4.53  7.19 11.70 17.90
 3983.25 12.42 21.44 10.83 11.57  9.73  8.62  6.13  4.25  4.74  7.48 12.07 18.34
 3984.25 12.54 21.51 10.92 11.67  9.80  8.71  6.21  4.30  4.79  7.55 12.15 18.44
 3985.25 12.44 21.33 10.81 11.57  9.69  8.62  6.16  4.24  4.73  7.46 12.02 18.30
 3986.25 12.63 21.49 10.96 11.74  9.83  8.77  6.29  4.33  4.82  7.58 12.17 18.49
 3987.25 12.85 21.68 11.15 11.94 10.01  8.95  6.45  4.43  4.94  7.73 12.35 18.71
 3988.25 12.68 21.42 10.97 11.76  9.83  8.80  6.34  4.34  4.83  7.58 12.14 18.49
 3989.25 12.35 20.99 10.65 11.44  9.52  8.53  6.14  4.17  4.64  7.31 11.79 18.10
 3990.25 12.50 21.10 10.77 11.57  9.62  8.64  6.24  4.23  4.71  7.40 11.89 18.24
 3991.25 12.81 21.39 11.04 11.86  9.87  8.90  6.46  4.38  4.88  7.62 12.15 18.56
 3992.25 12.88 21.41 11.09 11.92  9.91  8.95  6.52  4.41  4.91  7.65 12.18 18.62
 3993.25 12.94 21.41 11.12 11.96  9.94  8.99  6.57  4.43  4.93  7.68 12.19 18.65
 3994.25 12.81 21.21 10.98 11.82  9.80  8.88  6.49  4.36  4.85  7.56 12.03 18.49
 3995.25 12.84 21.18 10.99 11.83  9.80  8.90  6.52  4.37  4.85  7.56 12.02 18.50
 3996.25 13.09 21.40 11.21 12.05 10.00  9.11  6.70  4.49  4.99  7.73 12.22 18.74
 3997.25 13.16 21.41 11.25 12.10 10.03  9.15  6.76  4.52  5.01  7.76 12.24 18.79
 3998.25 13.24 21.44 11.30 12.15 10.08  9.22  6.82  4.55  5.05  7.80 12.28 18.85
 3999.25 13.02 21.13 11.08 11.92  9.86  9.03  6.68  4.43  4.91  7.62 12.02 18.58
 4000.25 12.39 20.35 10.47 11.30  9.28  8.50  6.25  4.11  4.56  7.13 11.37 17.84
 4001.25 12.56 20.48 10.61 11.44  9.40  8.63  6.38  4.18  4.64  7.23 11.49 18.00
 4002.25 13.09 21.03 11.08 11.93  9.84  9.07  6.75  4.44  4.92  7.61 11.96 18.57
 4003.25 12.98 20.84 10.96 11.81  9.72  8.97  6.68  4.38  4.85  7.51 11.82 18.42
 4004.25 12.74 20.50 10.72 11.56  9.49  8.76  6.52  4.25  4.71  7.31 11.54 18.12
 4005.25 12.82 20.54 10.78 11.62  9.54  8.83  6.59  4.28  4.75  7.35 11.58 18.19
 4006.25 12.94 20.64 10.89 11.74  9.64  8.94  6.70  4.35  4.81  7.44 11.68 18.32
 4007.25 13.18 20.86 11.11 11.96  9.83  9.15  6.88  4.47  4.94  7.61 11.88 18.57
 4008.25 13.06 20.68 11.00 11.84  9.72  9.06  6.82  4.41  4.88  7.51 11.74 18.43
 4009.25 12.63 20.16 10.62 11.44  9.35  8.72  6.55  4.20  4.65  7.19 11.32 17.95
 4010.25 12.56 20.04 10.55 11.37  9.28  8.67  6.52  4.17  4.61  7.13 11.22 17.86
 4011.25 12.65 20.10 10.65 11.46  9.35  8.75  6.60  4.21  4.66  7.20 11.29 17.96
 4012.25 12.67 20.08 10.67 11.47  9.36  8.78  6.64  4.22  4.67  7.20 11.28 17.98
 4013.25 12.62 19.99 10.63 11.43  9.31  8.75  6.63  4.21  4.65  7.17 11.22 17.92
 4014.25 12.56 19.88 10.58 11.37  9.25  8.71  6.61  4.18  4.62  7.12 11.14 17.85
 4015.25 12.57 19.84 10.60 11.38  9.25  8.73  6.64  4.20  4.63  7.12 11.13 17.85
 4016.25 12.72 19.97 10.75 11.53  9.38  8.86  6.76  4.28  4.71  7.22 11.25 18.02
 4017.25 12.74 19.94 10.78 11.56  9.39  8.89  6.80  4.31  4.72  7.23 11.25 18.05
 4018.25 12.96 20.15 11.00 11.77  9.58  9.08  6.99  4.44  4.84  7.39 11.44 18.30
 4019.25 13.02 20.17 11.06 11.84  9.63  9.13  7.05  4.48  4.88  7.43 11.48 18.36
 4020.25 12.71 19.77 10.79 11.54  9.37  8.88  6.86  4.34  4.72  7.20 11.17 18.02
 4021.25 12.60 19.60 10.70 11.44  9.29  8.79  6.81  4.30  4.66  7.11 11.05 17.89
 4022.25 12.68 19.64 10.78 11.52  9.38  8.86  6.89  4.35  4.71  7.16 11.10 17.98
 4023.25 12.91 19.85 11.00 11.75  9.59  9.05  7.07  4.48  4.83  7.32 11.30 18.24
 4024.25 13.10 20.02 11.19 11.93  9.78  9.21  7.23  4.59  4.94  7.45 11.46 18.45
 4025.25 13.02 19.88 11.13 11.86  9.73  9.15  7.20  4.57  4.90  7.39 11.37 18.37
 4026.25 12.93 19.73 11.05 11.78  9.67  9.08  7.16  4.53  4.85  7.31 11.26 18.27
 4027.25 12.92 19.66 11.05 11.77  9.68  9.07  7.18  4.54  4.86  7.30 11.23 18.25
 4028.25 12.93 19.63 11.08 11.79  9.71  9.09  7.22  4.56  4.87  7.31 11.23 18.27
 4029.25 12.87 19.51 11.03 11.74  9.68  9.04  7.20  4.54  4.84  7.25 11.15 18.20
 4030.25 12.82 19.41 11.00 11.70  9.66  9.00  7.20  4.53  4.83  7.21 11.08 18.15
 4031.25 13.38 19.98 11.53 12.23 10.17  9.47  7.64  4.84  5.14  7.62 11.59 18.77
 4032.25 13.72 20.30 11.86 12.56 10.48  9.76  7.92  5.04  5.34  7.86 11.88 19.14
 4033.25 13.48 19.99 11.64 12.32 10.29  9.56  7.77  4.92  5.21  7.67 11.64 18.88
 4034.25 13.33 19.78 11.52 12.18 10.18  9.44  7.69  4.86  5.13  7.56 11.48 18.72
 4035.25 13.00 19.35 11.21 11.85  9.91  9.16  7.47  4.69  4.95  7.30 11.15 18.35
 4036.25 12.78 19.05 11.02 11.63  9.74  8.98  7.34  4.59  4.84  7.14 10.92 18.10
 4037.25 12.71 18.92 10.97 11.56  9.70  8.93  7.32  4.57  4.81  7.09 10.84 18.03
 4038.25 12.75 18.91 11.02 11.59  9.75  8.96  7.38  4.61  4.84  7.10 10.86 18.07
 4039.25 12.72 18.82 11.00 11.56  9.75  8.94  7.39  4.61  4.83  7.08 10.81 18.04
 4040.25 13.08 19.17 11.34 11.90 10.08  9.24  7.68  4.81  5.03  7.33 11.12 18.44
 4041.25 13.25 19.31 11.52 12.06 10.25  9.39  7.84  4.92  5.13  7.45 11.26 18.63
 4042.25 12.85 18.80 11.15 11.66  9.91  9.05  7.57  4.71  4.92  7.14 10.86 18.18
 4043.25 12.49 18.33 10.83 11.31  9.62  8.75  7.33  4.54  4.73  6.88 10.52 17.76
 4044.25 12.58 18.39 10.94 11.40  9.72  8.84  7.43  4.60  4.79  6.94 10.61 17.87
 4045.25 12.89 18.68 11.24 11.68 10.00  9.09  7.68  4.77  4.96  7.15 10.88 18.21
 4046.25 13.38 19.16 11.73 12.15 10.46  9.51  8.09  5.06  5.24  7.50 11.34 18.76
 4047.25 13.74 19.49 12.09 12.49 10.80  9.81  8.40  5.27  5.45  7.75 11.67 19.15
 4048.25 12.99 18.58 11.40 11.76 10.15  9.18  7.85  4.87  5.03  7.20 10.97 18.32
 4049.25 12.81 18.30 11.25 11.58 10.01  9.03  7.74  4.79  4.94  7.06 10.80 18.12
 4050.25 13.17 18.63 11.62 11.93 10.36  9.34  8.05  5.00  5.15  7.32 11.13 18.53
 4051.25 12.88 18.22 11.37 11.64 10.12  9.10  7.86  4.85  4.99  7.10 10.86 18.20
 4052.25 12.85 18.11 11.36 11.60 10.11  9.07  7.86  4.85  4.98  7.07 10.83 18.16
 4053.25 13.52 18.78 12.02 12.24 10.73  9.64  8.41  5.24  5.37  7.55 11.45 18.91
 4054.25 13.68 18.87 12.19 12.38 10.89  9.78  8.57  5.34  5.46  7.65 11.59 19.07
 4055.25 13.34 18.42 11.89 12.06 10.61  9.50  8.33  5.16  5.28  7.40 11.28 18.69
 4056.25 13.58 18.60 12.14 12.28 10.84  9.70  8.55  5.31  5.42  7.57 11.50 18.94
 4057.25 13.98 18.95 12.54 12.65 11.22 10.04  8.90  5.56  5.66  7.85 11.86 19.35
 4058.25 14.00 18.89 12.59 12.67 11.26 10.06  8.95  5.59  5.68  7.86 11.88 19.35
 4059.25 13.65 18.42 12.27 12.32 10.97  9.77  8.69  5.39  5.48  7.59 11.55 18.95
 4060.25 13.05 17.69 11.73 11.75 10.47  9.27  8.26  5.07  5.15  7.15 10.99 18.27
 4061.25 12.77 17.28 11.48 11.47 10.26  9.04  8.06  4.93  4.99  6.94 10.73 17.93
 4062.25 12.80 17.23 11.53 11.49 10.35  9.08  8.12  4.96  5.02  6.95 10.75 17.95
 4063.25 13.13 17.52 11.87 11.81 10.71  9.36  8.41  5.15  5.21  7.18 11.06 18.31
 4064.25 13.56 17.91 12.30 12.21 11.16  9.73  8.78  5.41  5.46  7.48 11.45 18.76
 4065.25 13.33 17.56 12.09 11.97 11.00  9.54  8.62  5.28  5.33  7.30 11.23 18.48
 4066.25 12.82 16.91 11.63 11.48 10.60  9.12  8.25  5.01  5.05  6.93 10.75 17.89
 4067.25 13.23 17.26 12.03 11.85 11.01  9.46  8.59  5.24  5.28  7.20 11.11 18.31
 4068.25 13.58 17.54 12.38 12.17 11.39  9.75  8.89  5.45  5.48  7.43 11.42 18.67
 4069.25 13.24 17.07 12.06 11.82 11.13  9.47  8.64  5.26  5.28  7.18 11.10 18.27
 4070.25 13.24 16.97 12.07 11.80 11.18  9.46  8.66  5.27  5.28  7.17 11.08 18.23
 4071.25 13.49 17.14 12.32 12.02 11.46  9.67  8.88  5.41  5.42  7.34 11.30 18.48
 4072.25 14.02 17.60 12.85 12.50 12.00 10.13  9.33  5.73  5.74  7.72 11.77 19.02
 4073.25 14.46 17.97 13.29 12.91 12.47 10.51  9.73  6.01  6.01  8.05 12.17 19.47
 4074.25 14.82 18.24 13.65 13.23 12.87 10.83 10.07  6.25  6.24  8.32 12.50 19.82
 4075.25 14.57 17.87 13.42 12.97 12.68 10.60  9.88  6.09  6.08  8.12 12.25 19.52
 4076.25 13.62 16.75 12.51 12.04 11.83  9.78  9.11  5.52  5.50  7.41 11.35 18.46
 4077.25 12.99 15.97 11.92 11.42 11.29  9.25  8.63  5.17  5.14  6.96 10.76 17.72
 4078.25 13.62 16.55 12.54 11.99 11.92  9.77  9.16  5.53  5.49  7.40 11.32 18.38
 4079.25 14.22 17.11 13.15 12.54 12.55 10.29  9.69  5.89  5.84  7.83 11.86 19.01
 4080.25 13.90 16.73 12.86 12.22 12.29 10.02  9.45  5.71  5.65  7.59 11.55 18.63
 4081.25 13.14 15.87 12.16 11.49 11.63  9.38  8.86  5.28  5.21  7.05 10.85 17.76
 4082.25 13.12 15.81 12.16 11.44 11.65  9.36  8.86  5.27  5.20  7.03 10.81 17.70
 4083.25 13.61 16.29 12.66 11.88 12.17  9.77  9.29  5.55  5.47  7.37 11.24 18.21
 4084.25 13.87 16.52 12.94 12.10 12.46  9.98  9.53  5.71  5.61  7.55 11.46 18.46
 4085.25 14.03 16.66 13.12 12.23 12.67 10.12  9.69  5.81  5.71  7.66 11.60 18.60
 4086.25 13.87 16.45 12.99 12.06 12.57  9.99  9.59  5.72  5.61  7.54 11.44 18.40
 4087.25 13.56 16.07 12.71 11.75 12.32  9.72  9.35  5.55  5.43  7.31 11.14 18.02
 4088.25 13.54 16.01 12.72 11.71 12.35  9.70  9.36  5.54  5.41  7.29 11.11 17.96
 4089.25 13.71 16.14 12.91 11.84 12.56  9.84  9.53  5.64  5.51  7.41 11.25 18.11
 4090.25 13.70 16.10 12.93 11.82 12.61  9.84  9.55  5.65  5.50  7.40 11.23 18.08
 4091.25 13.87 16.24 13.12 11.96 12.82  9.98  9.72  5.75  5.60  7.51 11.37 18.23
 4092.25 14.00 16.33 13.28 12.05 12.99 10.09  9.85  5.84  5.67  7.60 11.48 18.33
 4093.25 14.12 16.42 13.42 12.15 13.16 10.20  9.99  5.92  5.74  7.69 11.57 18.43
 4094.25 14.12 16.37 13.44 12.12 13.21 10.19 10.01  5.92  5.73  7.68 11.55 18.39
 4095.25 14.10 16.30 13.45 12.08 13.24 10.17 10.02  5.91  5.71  7.66 11.52 18.33
 4096.25 14.24 16.40 13.61 12.18 13.42 10.29 10.16  6.00  5.79  7.75 11.63 18.44
 4097.25 14.32 16.43 13.71 12.23 13.54 10.35 10.25  6.05  5.83  7.80 11.68 18.49
 4098.25 14.42 16.50 13.83 12.30 13.69 10.44 10.36  6.12  5.89  7.86 11.76 18.56
 4099.25 14.68 16.71 14.11 12.52 13.99 10.65 10.61  6.28  6.04  8.04 11.98 18.79
 4100.25 14.53 16.51 13.98 12.35 13.89 10.52 10.50  6.19  5.94  7.93 11.83 18.60
 4101.25 14.53 16.46 14.01 12.33 13.94 10.53 10.53  6.20  5.94  7.92 11.81 18.55
 4102.25 14.98 16.88 14.48 12.72 14.43 10.95 10.95  6.49  6.21  8.25 12.21 18.99
 4103.25 15.12 16.97 14.63 12.83 14.62 11.10 11.09  6.58  6.29  8.34 12.32 19.10
 4104.25 15.09 16.90 14.63 12.77 14.64 11.10 11.09  6.57  6.27  8.31 12.28 19.03
 4105.25 15.04 16.79 14.59 12.69 14.63 11.08 11.06  6.53  6.22  8.26 12.21 18.93
 4106.25 14.87 16.57 14.45 12.51 14.52 10.96 10.94  6.43  6.11  8.13 12.04 18.71
 4107.25 14.73 16.37 14.34 12.37 14.43 10.87 10.84  6.34  6.02  8.01 11.89 18.52
 4108.25 14.53 16.11 14.16 12.17 14.28 10.73 10.69  6.22  5.89  7.86 11.69 18.26
 4109.25 14.56 16.09 14.21 12.18 14.35 10.78 10.74  6.25  5.90  7.87 11.70 18.25
 4110.25 14.66 16.14 14.33 12.26 14.50 10.90 10.84  6.32  5.96  7.93 11.77 18.31
 4111.25 14.83 16.27 14.52 12.41 14.72 11.08 11.02  6.44  6.06  8.05 11.92 18.46
 4112.25 14.71 16.10 14.42 12.29 14.65 11.00 10.94  6.38  5.98  7.95 11.79 18.30
 4113.25 14.57 15.90 14.29 12.14 14.55 10.91 10.83  6.30  5.88  7.84 11.64 18.12
 4114.25 14.48 15.76 14.22 12.05 14.51 10.86 10.78  6.26  5.83  7.77 11.54 18.00
 4115.25 14.35 15.59 14.10 11.93 14.44 10.78 10.70  6.20  5.75  7.67 11.42 17.84
 4116.25 14.45 15.64 14.21 12.01 14.58 10.90 10.80  6.27  5.80  7.73 11.49 17.92
 4117.25 14.53 15.67 14.29 12.06 14.70 10.99 10.89  6.33  5.84  7.78 11.54 17.97
 4118.25 14.58 15.68 14.35 12.10 14.80 11.07 10.96  6.37  5.87  7.81 11.57 18.00
 4119.25 14.80 15.86 14.58 12.30 15.08 11.29 11.19  6.53  5.99  7.96 11.76 18.21
 4120.25 14.90 15.91 14.69 12.37 15.22 11.41 11.30  6.60  6.04  8.02 11.83 18.28
 4121.25 14.71 15.66 14.51 12.19 15.08 11.27 11.15  6.50  5.93  7.88 11.64 18.05
 4122.25 14.65 15.55 14.45 12.12 15.06 11.24 11.12  6.47  5.88  7.81 11.56 17.96
 4123.25 14.70 15.55 14.51 12.15 15.16 11.32 11.19  6.51  5.91  7.83 11.59 17.98
 4124.25 14.61 15.41 14.44 12.06 15.12 11.27 11.14  6.47  5.85  7.75 11.49 17.86
 4125.25 14.53 15.28 14.36 11.97 15.08 11.22 11.09  6.43  5.79  7.67 11.40 17.74
 4126.25 14.51 15.18 14.33 11.92 15.08 11.21 11.07  6.41  5.76  7.62 11.35 17.67
 4127.25 14.65 15.24 14.44 12.01 15.24 11.34 11.19  6.49  5.82  7.68 11.43 17.75
 4128.25 14.60 15.12 14.38 11.93 15.21 11.30 11.15  6.46  5.77  7.61 11.34 17.65
 4129.25 14.49 14.94 14.26 11.80 15.12 11.22 11.06  6.39  5.69  7.50 11.21 17.48
 4130.25 14.75 15.13 14.50 12.00 15.41 11.46 11.30  6.55  5.82  7.65 11.41 17.70
 4131.25 14.93 15.23 14.66 12.13 15.61 11.62 11.45  6.66  5.90  7.74 11.52 17.83
 4132.25 15.02 15.25 14.74 12.18 15.72 11.71 11.54  6.72  5.93  7.76 11.56 17.88
 4133.25 15.19 15.34 14.89 12.30 15.92 11.87 11.69  6.82  6.01  7.85 11.68 18.00
 4134.25 15.15 15.23 14.84 12.23 15.90 11.84 11.66  6.79  5.97  7.78 11.60 17.90
 4135.25 15.19 15.19 14.86 12.23 15.96 11.88 11.70  6.81  5.97  7.78 11.60 17.89
 4136.25 14.96 14.88 14.61 11.99 15.75 11.68 11.49  6.66  5.81  7.58 11.35 17.59
 4137.25 14.60 14.45 14.25 11.64 15.41 11.37 11.18  6.44  5.60  7.30 11.01 17.16
 4138.25 14.62 14.40 14.25 11.62 15.44 11.40 11.20  6.45  5.59  7.28 10.98 17.12
 4139.25 14.73 14.43 14.34 11.68 15.57 11.50 11.30  6.52  5.63  7.32 11.04 17.19
 4140.25 14.78 14.41 14.38 11.70 15.61 11.55 11.35  6.55  5.64  7.32 11.05 17.19
 4141.25 14.91 14.47 14.50 11.78 15.68 11.68 11.47  6.63  5.69  7.38 11.13 17.27
 4142.25 15.21 14.68 14.77 12.02 15.90 11.95 11.73  6.81  5.84  7.54 11.35 17.53
 4143.25 15.60 14.99 15.14 12.34 16.22 12.30 12.09  7.06  6.04  7.78 11.65 17.88
 4144.25 15.93 15.26 15.46 12.62 16.48 12.60 12.39  7.28  6.22  7.98 11.91 18.17
 4145.25 15.81 15.08 15.32 12.48 16.27 12.46 12.28  7.19  6.12  7.85 11.76 17.98
 4146.25 15.31 14.54 14.81 12.01 15.68 11.99 11.83  6.86  5.82  7.47 11.28 17.41
 4147.25 15.29 14.47 14.79 11.98 15.59 11.95 11.82  6.85  5.79  7.43 11.23 17.34
 4148.25 15.50 14.62 15.00 12.14 15.71 12.11 12.01  6.97  5.88  7.53 11.37 17.49
 4149.25 15.31 14.38 14.84 11.96 15.44 11.91 11.84  6.85  5.76  7.37 11.17 17.24
 4150.25 15.34 14.37 14.90 11.97 15.39 11.92 11.87  6.87  5.76  7.36 11.16 17.22
 4151.25 15.76 14.73 15.35 12.33 15.73 12.27 12.25  7.14  5.97  7.61 11.49 17.61
 4152.25 15.99 14.90 15.60 12.52 15.87 12.45 12.46  7.28  6.08  7.72 11.64 17.78
 4153.25 16.03 14.89 15.68 12.54 15.84 12.46 12.50  7.31  6.09  7.72 11.64 17.78
 4154.25 15.91 14.72 15.59 12.41 15.64 12.33 12.39  7.22  6.00  7.60 11.50 17.60
 4155.25 15.73 14.49 15.43 12.23 15.37 12.14 12.23  7.10  5.87  7.44 11.30 17.35
 4156.25 15.29 14.00 15.01 11.81 14.84 11.71 11.83  6.81  5.61  7.11 10.88 16.83
 4157.25 15.25 13.90 14.98 11.74 14.70 11.64 11.78  6.78  5.56  7.04 10.79 16.71
 4158.25 15.43 14.01 15.18 11.87 14.79 11.76 11.93  6.88  5.63  7.12 10.90 16.83
 4159.25 15.26 13.79 15.03 11.69 14.53 11.58 11.77  6.77  5.51  6.97 10.71 16.58
 4160.25 15.47 13.93 15.25 11.85 14.64 11.73 11.95  6.89  5.60  7.06 10.84 16.74
 4161.25 15.76 14.14 15.56 12.08 14.83 11.95 12.20  7.06  5.73  7.21 11.03 16.97
 4162.25 15.63 13.96 15.45 11.94 14.62 11.80 12.08  6.98  5.64  7.09 10.88 16.77
 4163.25 15.92 14.17 15.75 12.17 14.80 12.02 12.32  7.15  5.77  7.23 11.08 17.00
 4164.25 15.88 14.07 15.72 12.10 14.67 11.94 12.26  7.11  5.72  7.16 10.99 16.88
 4165.25 15.24 13.40 15.10 11.51 13.96 11.36 11.68  6.71  5.36  6.72 10.42 16.16
 4166.25 15.15 13.26 15.02 11.41 13.78 11.24 11.58  6.65  5.29  6.63 10.30 16.00
 4167.25 15.53 13.55 15.42 11.71 14.05 11.54 11.90  6.87  5.46  6.82 10.56 16.32
 4168.25 15.71 13.66 15.62 11.84 14.13 11.66 12.04  6.98  5.53  6.89 10.67 16.44
 4169.25 15.47 13.38 15.39 11.61 13.82 11.42 11.82  6.83  5.39  6.71 10.43 16.13
 4170.25 15.57 13.41 15.51 11.67 13.82 11.47 11.89  6.88  5.41  6.73 10.46 16.15
 4171.25 15.95 13.71 15.90 11.97 14.09 11.77 12.21  7.11  5.59  6.93 10.73 16.46
 4172.25 16.16 13.85 16.13 12.13 14.19 11.92 12.37  7.23  5.67  7.02 10.85 16.60
 4173.25 16.12 13.74 16.10 12.06 14.06 11.84 12.31  7.19  5.62  6.95 10.77 16.48
 4174.25 16.17 13.73 16.17 12.08 14.02 11.86 12.35  7.22  5.63  6.95 10.77 16.46
 4175.25 16.50 13.98 16.51 12.34 14.23 12.10 12.62  7.42  5.78  7.12 10.99 16.71
 4176.25 16.39 13.82 16.42 12.22 14.04 11.98 12.51  7.35  5.70  7.03 10.86 16.52
 4177.25 16.58 13.96 16.62 12.36 14.12 12.11 12.66  7.46  5.77  7.12 10.97 16.64
 4178.25 16.71 14.04 16.76 12.44 14.14 12.18 12.75  7.53  5.82  7.16 11.02 16.68
 4179.25 16.57 13.87 16.63 12.29 13.92 12.02 12.60  7.43  5.72  7.05 10.86 16.46
 4180.25 16.89 14.14 16.97 12.54 14.14 12.27 12.87  7.63  5.87  7.22 11.08 16.71
 4181.25 17.04 14.24 17.14 12.64 14.21 12.36 12.99  7.72  5.92  7.28 11.15 16.78
 4182.25 17.02 14.19 17.15 12.59 14.13 12.31 12.95  7.70  5.89  7.24 11.09 16.68
 4183.25 17.02 14.15 17.24 12.55 14.06 12.27 12.93  7.69  5.87  7.21 11.04 16.60
 4184.25 17.02 14.12 17.37 12.52 14.00 12.24 12.91  7.68  5.84  7.18 10.99 16.52
 4185.25 17.23 14.30 17.73 12.69 14.15 12.41 13.10  7.82  5.94  7.30 11.14 16.68
 4186.25 16.89 14.00 17.57 12.40 13.82 12.12 12.83  7.62  5.77  7.09 10.85 16.31
 4187.25 16.73 13.87 17.59 12.27 13.67 11.98 12.71  7.55  5.69  7.00 10.72 16.13
 4188.25 17.35 14.45 18.40 12.82 14.22 12.52 13.29  7.98  6.02  7.39 11.22 16.71
 4189.25 17.62 14.72 18.86 13.07 14.46 12.76 13.57  8.19  6.18  7.56 11.44 16.95
 4190.25 17.35 14.49 18.77 12.84 14.20 12.52 13.35  8.03  6.04  7.40 11.22 16.66
 4191.25 17.23 14.39 18.83 12.75 14.08 12.42 13.28  7.98  5.98  7.33 11.12 16.52
 4192.25 17.27 14.45 19.06 12.80 14.10 12.46 13.35  8.04  6.01  7.36 11.15 16.54
 4193.25 17.03 14.23 18.98 12.59 13.86 12.24 13.15  7.90  5.88  7.21 10.94 16.27
 4194.25 17.08 14.30 19.21 12.65 13.90 12.29 13.23  7.96  5.91  7.25 10.98 16.30
 4195.25 17.34 14.56 19.67 12.89 14.13 12.52 13.50  8.16  6.06  7.42 11.20 16.53
 4196.25 17.56 14.79 20.07 13.10 14.32 12.72 13.73  8.34  6.19  7.57 11.38 16.72
 4197.25 17.78 15.01 20.48 13.31 14.52 12.91 13.96  8.53  6.32  7.72 11.56 16.92
 4198.25 17.88 15.12 20.76 13.41 14.60 13.00 14.09  8.62  6.39  7.79 11.64 16.99
 4199.25 18.07 15.32 21.14 13.60 14.76 13.17 14.29  8.79  6.51  7.92 11.80 17.15
 4200.25 17.77 15.05 21.00 13.34 14.47 12.91 14.05  8.60  6.34  7.73 11.54 16.83
 4201.25 17.34 14.66 20.73 12.96 14.05 12.53 13.68  8.32  6.10  7.45 11.18 16.38
 4202.25 17.30 14.64 20.86 12.94 14.00 12.49 13.67  8.32  6.08  7.43 11.14 16.31
 4203.25 17.74 15.07 21.50 13.35 14.40 12.88 14.11  8.66  6.34  7.72 11.51 16.72
 4204.25 17.86 15.21 21.80 13.47 14.51 12.99 14.26  8.78  6.42  7.81 11.61 16.82
 4205.25 17.76 15.13 21.87 13.39 14.40 12.91 14.20  8.74  6.36  7.75 11.53 16.69
 4206.25 17.47 14.87 21.74 13.14 14.12 12.65 13.96  8.57  6.20  7.56 11.28 16.38
 4207.25 17.06 14.50 21.47 12.79 13.72 12.29 13.61  8.31  5.98  7.30 10.94 15.95
 4208.25 16.69 14.17 21.25 12.47 13.37 11.97 13.29  8.09  5.79  7.08 10.63 15.56
 4209.25 16.61 14.12 21.34 12.42 13.29 11.91 13.25  8.07  5.76  7.04 10.56 15.47
 4210.25 17.05 14.56 21.97 12.81 13.68 12.29 13.66  8.40  5.99  7.31 10.91 15.86
 4211.25 17.36 14.88 22.48 13.11 13.95 12.56 13.97  8.65  6.17  7.52 11.16 16.15
 4212.25 17.28 14.83 22.56 13.04 13.87 12.49 13.92  8.62  6.14  7.47 11.08 16.04
 4213.25 17.11 14.70 22.55 12.91 13.70 12.34 13.78  8.54  6.05  7.37 10.93 15.85
 4214.25 16.99 14.62 22.59 12.82 13.58 12.25 13.70  8.49  5.99  7.30 10.83 15.71
 4215.25 17.01 14.67 22.79 12.85 13.60 12.27 13.75  8.54  6.01  7.32 10.85 15.71
 4216.25 17.17 14.87 23.16 13.03 13.75 12.44 13.94  8.70  6.12  7.45 10.99 15.87
 4217.25 16.99 14.77 23.21 12.92 13.62 12.32 13.83  8.64  6.05  7.37 10.87 15.71
 4218.25 16.91 14.75 23.40 12.88 13.56 12.27 13.81  8.63  6.03  7.34 10.82 15.63
 4219.25 16.96 14.86 23.80 12.97 13.63 12.35 13.91  8.73  6.09  7.40 10.89 15.69
 4220.25 16.96 14.92 24.14 13.00 13.66 12.39 13.96  8.79  6.11  7.43 10.91 15.70
 4221.25 16.85 14.88 24.36 12.93 13.59 12.32 13.91  8.76  6.08  7.39 10.84 15.60
 4222.25 16.55 14.66 24.38 12.70 13.37 12.10 13.70  8.61  5.94  7.23 10.62 15.33
 4223.25 16.66 14.83 24.84 12.82 13.52 12.23 13.85  8.75  6.03  7.33 10.73 15.44
 4224.25 17.07 15.28 25.62 13.22 13.95 12.62 14.29  9.10  6.29  7.62 11.09 15.85
 4225.25 17.35 15.61 26.25 13.50 14.25 12.90 14.60  9.37  6.48  7.83 11.34 16.13
 4226.25 17.13 15.47 26.36 13.33 14.09 12.74 14.46  9.27  6.39  7.72 11.18 15.93
 4227.25 17.51 15.89 27.08 13.70 14.49 13.11 14.86  9.61  6.66  8.01 11.52 16.32
 4228.25 17.91 16.35 27.84 14.11 14.93 13.52 15.31  9.99  6.95  8.33 11.89 16.76
 4229.25 17.21 15.74 27.43 13.49 14.32 12.91 14.70  9.51  6.57  7.88 11.32 16.11
 4230.25 16.63 15.23 27.12 12.99 13.82 12.42 14.20  9.13  6.26  7.53 10.85 15.56
 4231.25 16.41 15.09 27.21 12.83 13.66 12.26 14.06  9.03  6.18  7.42 10.70 15.39
 4232.25 16.32 15.06 27.44 12.78 13.63 12.21 14.03  9.02  6.17  7.40 10.65 15.34
 4233.25 16.55 15.35 28.01 13.01 13.89 12.44 14.30  9.25  6.34  7.58 10.85 15.59
 4234.25 16.95 15.80 28.76 13.40 14.31 12.83 14.74  9.61  6.62  7.89 11.21 16.02
 4235.25 16.88 15.80 29.01 13.37 14.30 12.80 14.73  9.62  6.62  7.88 11.18 15.98
 4236.25 16.64 15.63 29.07 13.18 14.12 12.61 14.56  9.50  6.52  7.75 11.00 15.78
 4237.25 16.70 15.76 29.46 13.27 14.23 12.70 14.68  9.61  6.60  7.83 11.08 15.88
 4238.25 16.53 15.65 29.58 13.14 14.11 12.57 14.57  9.54  6.54  7.75 10.95 15.74
 4239.25 16.40 15.60 29.76 13.06 14.05 12.49 14.50  9.51  6.51  7.70 10.87 15.66
 4240.25 16.59 15.85 30.28 13.27 14.28 12.69 14.75  9.72  6.67  7.87 11.06 15.88
 4241.25 16.70 16.01 30.71 13.40 14.43 12.82 14.91  9.86  6.78  7.98 11.17 16.02
 4242.25 16.49 15.84 30.79 13.24 14.28 12.66 14.76  9.76  6.69  7.87 11.02 15.85
 4243.25 16.58 15.96 31.20 13.35 14.42 12.78 14.91  9.90  6.79  7.98 11.12 15.98
 4244.25 16.59 15.99 31.51 13.39 14.47 12.81 14.98  9.96  6.84  8.02 11.15 16.02
 4245.25 16.16 15.58 31.34 13.02 14.10 12.45 14.61  9.68  6.62  7.75 10.80 15.62
 4246.25 15.90 15.33 31.33 12.79 13.89 12.23 14.40  9.53  6.49  7.60 10.59 15.38
 4247.25 15.79 15.23 31.49 12.71 13.82 12.14 14.33  9.49  6.46  7.55 10.51 15.28
 4248.25 15.86 15.29 31.85 12.78 13.91 12.21 14.43  9.58  6.53  7.62 10.57 15.36
 4249.25 16.05 15.48 32.33 12.95 14.11 12.39 14.65  9.77  6.67  7.76 10.73 15.56
 4250.25 16.08 15.51 32.64 12.99 14.17 12.43 14.72  9.84  6.71  7.81 10.76 15.60
 4251.25 16.12 15.56 32.95 13.04 14.24 12.47 14.79  9.92  6.77  7.86 10.79 15.65
 4252.25 15.92 15.36 32.91 12.87 14.07 12.30 14.63  9.81  6.67  7.74 10.63 15.47
 4253.25 15.61 15.05 32.64 12.59 13.81 12.03 14.35  9.61  6.52  7.56 10.38 15.17
 4254.25 15.62 15.06 33.79 12.61 13.84 12.05 14.38  9.67  6.55  7.58 10.38 15.19
 4255.25 15.86 15.30 36.87 12.84 14.10 12.27 14.64  9.91  6.72  7.76 10.59 15.44
 4256.25 15.87 15.31 38.25 12.85 14.13 12.29 14.66  9.96  6.76  7.79 10.60 15.46
 4257.25 15.63 15.08 37.91 12.65 13.93 12.08 14.45  9.83  6.64  7.65 10.40 15.23
 4258.25 15.62 15.07 37.61 12.66 13.95 12.09 14.46  9.87  6.66  7.67 10.40 15.24
 4259.25 15.65 15.10 37.34 12.70 14.00 12.12 14.50  9.94  6.71  7.70 10.43 15.28
 4260.25 15.85 15.30 37.26 12.91 14.22 12.31 14.72 10.15  6.86  7.86 10.60 15.49
 4261.25 16.35 15.79 37.47 13.37 14.71 12.76 15.22 10.60  7.20  8.22 11.01 15.99
 4262.25 16.49 15.93 37.32 13.53 14.87 12.90 15.38 10.77  7.33  8.35 11.14 16.15
 4263.25 16.16 15.61 36.67 13.24 14.58 12.61 15.08 10.55  7.15  8.14 10.87 15.83
 4264.25 16.00 15.45 36.17 13.11 14.44 12.47 14.94 10.47  7.07  8.05 10.75 15.68
 4265.25 16.02 15.47 35.88 13.14 14.48 12.50 14.98 10.54  7.11  8.08 10.79 15.71
 4266.25 15.93 15.38 35.46 13.08 14.41 12.43 14.91 10.52  7.09  8.04 10.73 15.64
 4267.25 15.63 15.09 34.81 12.82 14.14 12.17 14.64 10.32  6.93  7.86 10.51 15.35
 4268.25 15.41 14.87 34.23 12.64 13.96 11.99 14.45 10.20  6.82  7.73 10.35 15.15
 4269.25 15.50 14.96 34.00 12.74 14.06 12.08 14.55 10.32  6.90  7.81 10.43 15.25
 4270.25 15.75 15.20 33.94 12.98 14.31 12.31 14.82 10.57  7.09  8.00 10.66 15.51
 4271.25 16.14 15.59 34.03 13.37 14.71 12.68 15.22 10.95  7.37  8.30 11.00 15.91
 4272.25 16.61 16.06 34.18 13.83 15.19 13.14 15.71 11.41  7.72  8.67 11.42 16.39
 4273.25 16.49 15.94 33.71 13.73 15.10 13.07 15.61 11.36  7.67  8.60 11.34 16.29
 4274.25 16.05 15.51 32.89 13.34 14.69 12.71 15.20 11.03  7.41  8.31 10.99 15.86
 4275.25 16.12 15.59 32.60 13.42 14.77 12.80 15.28 11.14  7.48  8.37 11.06 15.94
 4276.25 15.94 15.42 32.04 13.27 14.61 12.67 15.12 11.04  7.39  8.27 10.92 15.77
 4277.25 15.51 14.99 31.18 12.87 14.20 12.31 14.71 10.72  7.13  7.98 10.57 15.34
 4278.25 15.42 14.90 30.68 12.79 14.12 12.25 14.62 10.68  7.08  7.92 10.50 15.24
 4279.25 15.45 14.93 30.33 12.83 14.16 12.31 14.67 10.75  7.13  7.96 10.54 15.28
 4280.25 15.67 15.15 30.19 13.04 14.39 12.54 14.89 10.98  7.29  8.12 10.73 15.50
 4281.25 15.96 15.43 30.11 13.31 14.67 12.83 15.18 11.26  7.50  8.33 10.98 15.79
 4282.25 15.91 15.38 29.65 13.27 14.63 12.80 15.14 11.26  7.48  8.30 10.94 15.73
 4283.25 15.83 15.31 29.15 13.21 14.56 12.76 15.07 11.24  7.45  8.26 10.89 15.66
 4284.25 15.88 15.35 28.79 13.26 14.62 12.83 15.13 11.32  7.50  8.30 10.94 15.71
 4285.25 15.67 15.15 28.14 13.08 14.43 12.67 14.93 11.18  7.38  8.17 10.77 15.51
 4286.25 15.70 15.18 27.75 13.11 14.46 12.73 14.97 11.25  7.42  8.19 10.81 15.54
 4287.25 15.95 15.42 27.66 13.34 14.71 12.98 15.22 11.50  7.60  8.38 11.02 15.78
 4288.25 15.86 15.33 27.37 13.27 14.63 12.92 15.14 11.47  7.56  8.32 10.95 15.70
 4289.25 15.84 15.31 27.28 13.25 14.62 12.93 15.13 11.49  7.57  8.32 10.95 15.68
 4290.25 16.18 15.65 27.62 13.58 14.95 13.27 15.47 11.83  7.82  8.57 11.24 16.02
 4291.25 16.20 15.67 27.60 13.60 14.98 13.32 15.50 11.89  7.85  8.59 11.27 16.04
 4292.25 15.73 15.20 27.04 13.17 14.53 12.91 15.05 11.52  7.56  8.27 10.88 15.58
 4293.25 15.48 14.96 26.72 12.96 14.31 12.72 14.81 11.35  7.42  8.10 10.68 15.34
 4294.25 15.46 14.94 26.66 12.95 14.29 12.72 14.80 11.38  7.42  8.10 10.67 15.31
 4295.25 15.61 15.08 26.79 13.10 14.45 12.89 14.96 11.55  7.54  8.21 10.81 15.47
 4296.25 15.48 14.96 26.61 13.00 14.33 12.80 14.84 11.48  7.47  8.13 10.71 15.34
 4297.25 15.41 14.89 26.49 12.95 14.27 12.76 14.78 11.46  7.45  8.09 10.66 15.28
 4298.25 15.64 15.12 26.71 13.17 14.50 13.00 15.02 11.70  7.62  8.26 10.86 15.51
 4299.25 16.19 15.65 27.27 13.70 15.04 13.53 15.58 12.23  8.01  8.66 11.33 16.05
 4300.25 16.65 16.11 27.73 14.15 15.49 13.99 16.05 12.69  8.36  9.01 11.74 16.51
 4301.25 16.84 16.30 27.89 14.34 15.68 14.20 16.26 12.91  8.52  9.17 11.92 16.71
 4302.25 16.93 16.39 27.95 14.45 15.77 14.32 16.37 13.05  8.61  9.25 12.01 16.81
 4303.25 16.91 16.37 27.89 14.45 15.75 14.33 16.37 13.08  8.62  9.24 12.00 16.79
 4304.25 16.78 16.24 27.71 14.34 15.62 14.23 16.25 13.01  8.54  9.15 11.89 16.66
 4305.25 16.56 16.03 27.43 14.15 15.40 14.06 16.06 12.86  8.40  9.00 11.71 16.44
 4306.25 16.47 15.94 27.29 14.07 15.31 14.00 15.98 12.83  8.36  8.94 11.64 16.35
 4307.25 16.18 15.67 26.93 13.81 15.02 13.75 15.71 12.61  8.17  8.72 11.39 16.06
 4308.25 15.99 15.50 26.67 13.64 14.82 13.59 15.53 12.48  8.05  8.59 11.23 15.86
 4309.25 16.04 15.57 26.68 13.70 14.87 13.66 15.60 12.57  8.10  8.63 11.28 15.91
 4310.25 16.04 15.60 26.64 13.72 14.87 13.69 15.62 12.62  8.13  8.64 11.29 15.92
 4311.25 16.08 15.66 26.63 13.77 14.90 13.76 15.67 12.70  8.17  8.68 11.34 15.96
 4312.25 16.02 15.63 26.52 13.73 14.84 13.73 15.63 12.70  8.15  8.65 11.29 15.90
 4313.25 15.92 15.54 26.35 13.64 14.73 13.66 15.53 12.64  8.09  8.57 11.20 15.79
 4314.25 15.69 15.34 26.05 13.44 14.50 13.49 15.32 12.48  7.95  8.42 11.02 15.56
 4315.25 15.33 15.01 25.59 13.11 14.15 13.22 14.98 12.21  7.73  8.17 10.72 15.20
 4316.25 15.29 14.99 25.50 13.09 14.10 13.25 14.96 12.22  7.72  8.15 10.70 15.16
 4317.25 15.06 14.79 25.19 12.89 13.88 13.11 14.75 12.06  7.58  8.00 10.51 14.93
 4318.25 14.95 14.70 25.00 12.80 13.76 13.08 14.65 12.00  7.53  7.93 10.42 14.82
 4319.25 15.17 14.94 25.21 13.01 13.97 13.35 14.88 12.24  7.69  8.09 10.59 15.04
 4320.25 15.39 15.18 25.42 13.23 14.18 13.63 15.11 12.48  7.86  8.25 10.77 15.25
 4321.25 15.31 15.13 25.28 13.17 14.10 13.63 15.05 12.46  7.82  8.20 10.70 15.18
 4322.25 15.44 15.28 25.38 13.31 14.22 13.83 15.20 12.62  7.93  8.30 10.80 15.31
 4323.25 15.85 15.71 25.78 13.70 14.61 14.29 15.61 13.04  8.23  8.60 11.13 15.71
 4324.25 16.75 16.63 26.71 14.57 15.47 15.23 16.53 13.92  8.91  9.28 11.90 16.61
 4325.25 16.98 16.89 26.90 14.81 15.70 15.53 16.78 14.19  9.11  9.47 12.11 16.84
 4326.25 16.56 16.50 26.39 14.42 15.28 15.19 16.37 13.84  8.82  9.15 11.73 16.42
 4327.25 16.25 16.21 26.00 14.13 14.97 14.96 16.07 13.60  8.62  8.92 11.45 16.10
 4328.25 16.04 16.02 25.71 13.95 14.76 14.83 15.88 13.45  8.50  8.77 11.26 15.90
 4329.25 15.88 15.89 25.48 13.81 14.61 14.75 15.74 13.35  8.42  8.67 11.12 15.74
 4330.25 15.71 15.74 25.23 13.66 14.43 14.66 15.58 13.24  8.32  8.55 10.97 15.57
 4331.25 15.59 15.65 25.04 13.57 14.32 14.62 15.48 13.18  8.27  8.47 10.87 15.45
 4332.25 15.63 15.71 25.02 13.63 14.35 14.73 15.54 13.26  8.33  8.51 10.89 15.49
 4333.25 15.69 15.79 25.02 13.70 14.40 14.85 15.61 13.35  8.40  8.55 10.93 15.54
 4334.25 15.71 15.84 24.99 13.75 14.41 14.95 15.65 13.42  8.45  8.58 10.95 15.57
 4335.25 15.79 15.93 25.01 13.84 14.48 15.09 15.73 13.53  8.53  8.63 11.00 15.63
 4336.25 15.73 15.90 24.88 13.81 14.41 15.10 15.69 13.52  8.52  8.60 10.94 15.57
 4337.25 15.59 15.77 24.65 13.70 14.26 15.02 15.55 13.43  8.44  8.49 10.81 15.42
 4338.25 15.92 16.11 24.95 14.03 14.57 15.41 15.89 13.78  8.70  8.73 11.07 15.74
 4339.25 16.31 16.51 25.31 14.41 14.93 15.86 16.28 14.18  9.01  9.02 11.39 16.12
 4340.25 16.56 16.75 25.51 14.67 15.15 16.17 16.54 14.45  9.22  9.21 11.58 16.35
 4341.25 16.65 16.84 25.54 14.78 15.22 16.32 16.64 14.58  9.32  9.28 11.65 16.44
 4342.25 16.54 16.71 25.34 14.69 15.10 16.28 16.54 14.52  9.26  9.19 11.54 16.32
 4343.25 16.28 16.44 24.99 14.45 14.83 16.08 16.31 14.30  9.09  9.00 11.30 16.05
 4344.25 15.95 16.10 24.56 14.16 14.49 15.81 16.04 14.03  8.87  8.75 11.01 15.71
 4345.25 15.80 15.94 24.31 14.03 14.32 15.72 15.94 13.92  8.78  8.64 10.86 15.55
 4346.25 15.65 15.78 24.07 13.91 14.16 15.64 15.84 13.82  8.69  8.54 10.72 15.39
 4347.25 15.56 15.68 23.89 13.84 14.06 15.60 15.80 13.77  8.65  8.47 10.63 15.29
 4348.25 15.60 15.71 23.86 13.89 14.08 15.71 15.89 13.85  8.70  8.50 10.65 15.32
 4349.25 15.46 15.56 23.63 13.78 13.93 15.63 15.80 13.75  8.63  8.40 10.52 15.17
 4350.25 15.15 15.25 23.21 13.50 13.62 15.38 15.54 13.50  8.43  8.18 10.26 14.85
 4351.25 15.48 15.57 23.51 13.83 13.91 15.77 15.93 13.85  8.69  8.41 10.51 15.17
 4352.25 16.13 16.21 24.16 14.46 14.51 16.48 16.63 14.51  9.19  8.88 11.03 15.80
 4353.25 16.23 16.30 24.19 14.57 14.58 16.64 16.78 14.64  9.28  8.95 11.10 15.88
 4354.25 15.96 16.02 23.82 14.33 14.30 16.42 16.56 14.42  9.10  8.75 10.85 15.60
 4355.25 15.91 15.96 23.69 14.30 14.24 16.44 16.56 14.41  9.09  8.72 10.80 15.54
 4356.25 15.88 15.92 23.59 14.28 14.19 16.46 16.58 14.42  9.09  8.69 10.76 15.50
 4357.25 15.76 15.79 23.37 14.18 14.05 16.40 16.50 14.33  9.02  8.60 10.64 15.36
 4358.25 15.59 15.61 23.08 14.03 13.86 16.29 16.38 14.21  8.92  8.48 10.48 15.18
 4359.25 15.68 15.69 23.09 14.13 13.93 16.44 16.52 14.33  9.01  8.54 10.54 15.26
 4360.25 16.07 16.08 23.43 14.52 14.28 16.90 16.97 14.74  9.32  8.82 10.85 15.63
 4361.25 15.91 15.91 23.15 14.39 14.11 16.80 16.86 14.63  9.23  8.71 10.70 15.47
 4362.25 15.38 15.37 22.45 13.89 13.58 16.32 16.36 14.15  8.85  8.32 10.25 14.93
 4363.25 15.30 15.28 22.26 13.83 13.48 16.29 16.32 14.11  8.81  8.26 10.17 14.83
 4364.25 15.67 15.64 22.57 14.20 13.81 16.73 16.75 14.50  9.11  8.53 10.45 15.18
 4365.25 15.79 15.75 22.60 14.32 13.91 16.91 16.92 14.65  9.22  8.61 10.53 15.29
 4366.25 15.66 15.61 22.36 14.21 13.76 16.84 16.84 14.56  9.14  8.51 10.41 15.15
 4367.25 15.75 15.69 22.36 14.32 13.83 17.00 16.98 14.69  9.24  8.58 10.47 15.23
 4368.25 15.71 15.64 22.20 14.29 13.76 17.01 16.98 14.68  9.23  8.55 10.41 15.17
 4369.25 15.21 15.13 21.53 13.83 13.27 16.55 16.51 14.23  8.87  8.19  9.99 14.66
 4370.25 15.35 15.26 21.59 13.99 13.38 16.75 16.71 14.40  9.00  8.29 10.09 14.79
 4371.25 15.89 15.79 22.09 14.54 13.87 17.37 17.31 14.96  9.43  8.67 10.51 15.30
 4372.25 15.94 15.83 22.03 14.61 13.89 17.48 17.41 15.04  9.48  8.70 10.53 15.33
 4373.25 15.73 15.61 21.70 14.44 13.67 17.32 17.24 14.88  9.35  8.55 10.36 15.12
 4374.25 15.78 15.64 21.64 14.51 13.69 17.42 17.33 14.95  9.40  8.58 10.39 15.14
 4375.25 16.06 15.92 21.84 14.81 13.93 17.77 17.67 15.26  9.64  8.78 10.61 15.41
 4376.25 16.13 15.98 21.81 14.91 13.98 17.91 17.79 15.37  9.72  8.83 10.67 15.47
 4377.25 15.72 15.56 21.25 14.54 13.57 17.53 17.41 15.00  9.42  8.53 10.33 15.04
 4378.25 15.23 15.07 20.60 14.10 13.09 17.08 16.95 14.55  9.08  8.18  9.94 14.55
 4379.25 15.16 14.98 20.41 14.05 13.00 17.06 16.92 14.52  9.05  8.13  9.88 14.47
 4380.25 15.18 14.99 20.32 14.10 13.00 17.14 16.98 14.57  9.09  8.14  9.89 14.47
 4381.25 15.37 15.17 20.42 14.31 13.17 17.39 17.22 14.79  9.25  8.27 10.04 14.64
 4382.25 15.57 15.37 20.54 14.54 13.35 17.66 17.49 15.02  9.43  8.41 10.20 14.83
 4383.25 15.70 15.49 20.57 14.69 13.47 17.86 17.67 15.19  9.56  8.50 10.30 14.94
 4384.25 16.23 16.01 21.03 15.23 13.96 18.47 18.27 15.74  9.99  8.88 10.73 15.44
 4385.25 16.65 16.41 21.36 15.67 14.34 18.96 18.74 16.19 10.35  9.19 11.07 15.84
 4386.25 16.36 16.12 20.94 15.42 14.07 18.72 18.49 15.94 10.14  8.98 10.83 15.54
 4387.25 15.94 15.69 20.37 15.03 13.66 18.33 18.09 15.56  9.84  8.67 10.49 15.11
 4388.25 15.95 15.69 20.27 15.07 13.66 18.40 18.12 15.60  9.87  8.68 10.49 15.10
 4389.25 16.23 15.95 20.45 15.37 13.92 18.74 18.41 15.91 10.11  8.88 10.71 15.36
 4390.25 16.22 15.94 20.33 15.39 13.91 18.80 18.41 15.94 10.13  8.88 10.71 15.34
 4391.25 16.14 15.85 20.14 15.34 13.83 18.77 18.33 15.89 10.09  8.82 10.64 15.25
 4392.25 16.01 15.71 19.89 15.24 13.69 18.68 18.20 15.79 10.01  8.72 10.53 15.10
 4393.25 15.80 15.50 19.60 15.06 13.50 18.52 17.98 15.62  9.87  8.57 10.36 14.89
 4394.25 15.54 15.22 19.26 14.83 13.24 18.29 17.70 15.38  9.69  8.38 10.14 14.61
 4395.25 15.54 15.22 19.22 14.86 13.24 18.35 17.71 15.41  9.71  8.39 10.14 14.60
 4396.25 15.71 15.37 19.35 15.04 13.38 18.58 17.89 15.59  9.86  8.50 10.27 14.75
 4397.25 15.66 15.31 19.25 15.02 13.33 18.58 17.83 15.56  9.85  8.46 10.23 14.68
 4398.25 15.58 15.21 19.12 14.96 13.24 18.53 17.75 15.50  9.80  8.40 10.16 14.58
 4399.25 15.71 15.33 19.21 15.11 13.35 18.66 17.88 15.65  9.92  8.49 10.25 14.69
 4400.25 15.76 15.36 19.21 15.19 13.39 18.67 17.93 15.72  9.98  8.52 10.29 14.71
 4401.25 15.89 15.48 19.30 15.33 13.49 18.75 18.06 15.86 10.10  8.61 10.38 14.81
 4402.25 15.89 15.46 19.25 15.35 13.48 18.68 18.06 15.88 10.12  8.61 10.38 14.78
 4403.25 15.47 15.03 18.75 14.96 13.08 18.17 17.62 15.48  9.81  8.31 10.04 14.35
 4404.25 15.35 14.90 18.56 14.86 12.95 17.98 17.48 15.37  9.73  8.22  9.93 14.20
 4405.25 15.62 15.17 18.81 15.15 13.20 18.21 17.77 15.66  9.97  8.41 10.14 14.44
 4406.25 15.52 15.06 18.65 15.07 13.09 18.04 17.66 15.58  9.91  8.33 10.05 14.31
 4407.25 15.05 14.60 18.10 14.62 12.65 17.48 17.16 15.12  9.56  8.01  9.68 13.84
 4408.25 15.18 14.73 18.19 14.76 12.76 17.56 17.30 15.27  9.68  8.09  9.78 13.94
 4409.25 15.18 14.73 18.14 14.77 12.75 17.50 17.30 15.29  9.70  8.09  9.77 13.91
 4410.25 14.94 14.49 17.83 14.54 12.52 17.18 17.04 15.07  9.54  7.92  9.58 13.66
 4411.25 15.25 14.79 18.11 14.85 12.79 17.45 17.36 15.39  9.79  8.13  9.81 13.92
 4412.25 15.12 14.66 17.92 14.73 12.66 17.25 17.22 15.27  9.71  8.04  9.70 13.77
 4413.25 14.61 14.15 17.32 14.23 12.18 16.64 16.67 14.78  9.33  7.69  9.31 13.26
 4414.25 14.84 14.38 17.53 14.48 12.38 16.83 16.92 15.03  9.53  7.84  9.48 13.46
 4415.25 15.27 14.80 17.94 14.91 12.76 17.23 17.38 15.48  9.88  8.13  9.80 13.84
 4416.25 15.30 14.83 17.92 14.94 12.78 17.19 17.40 15.52  9.92  8.15  9.82 13.84
 4417.25 14.95 14.48 17.49 14.61 12.45 16.76 17.03 15.19  9.67  7.91  9.54 13.48
 4418.25 15.27 14.79 17.78 14.93 12.72 17.03 17.36 15.52  9.93  8.12  9.78 13.76
 4419.25 15.63 15.14 18.12 15.29 13.05 17.35 17.74 15.91 10.24  8.36 10.06 14.08
 4420.25 15.50 15.01 17.93 15.17 12.92 17.15 17.60 15.79 10.15  8.27  9.95 13.92
 4421.25 15.19 14.70 17.55 14.87 12.64 16.77 17.27 15.49  9.93  8.05  9.70 13.60
 4422.25 15.26 14.78 17.58 14.96 12.71 16.78 17.35 15.59 10.00  8.10  9.75 13.65
 4423.25 15.62 15.12 17.90 15.32 13.04 17.09 17.72 15.96 10.30  8.34 10.03 13.96
 4424.25 15.79 15.29 18.03 15.49 13.20 17.20 17.90 16.15 10.46  8.46 10.15 14.09
 4425.25 15.67 15.17 17.85 15.38 13.10 17.01 17.77 16.05 10.38  8.37 10.05 13.95
 4426.25 15.29 14.79 17.40 15.02 12.75 16.56 17.37 15.68 10.10  8.10  9.75 13.57
 4427.25 15.14 14.64 17.18 14.87 12.62 16.33 17.20 15.54 10.00  8.00  9.62 13.40
 4428.25 15.18 14.67 17.17 14.91 12.65 16.31 17.23 15.59 10.05  8.02  9.65 13.40
 4429.25 15.33 14.81 17.28 15.06 12.79 16.39 17.38 15.75 10.19  8.11  9.76 13.51
 4430.25 15.68 15.15 17.59 15.42 13.11 16.69 17.75 16.12 10.49  8.35 10.03 13.81
 4431.25 16.09 15.54 17.97 15.83 13.49 17.04 18.17 16.55 10.84  8.63 10.35 14.17
 4432.25 15.84 15.29 17.65 15.58 13.26 16.72 17.90 16.31 10.66  8.44 10.15 13.90
 4433.25 15.52 14.97 17.26 15.26 12.96 16.32 17.54 15.99 10.42  8.21  9.89 13.57
 4434.25 15.70 15.14 17.40 15.45 13.13 16.43 17.71 16.18 10.58  8.33 10.03 13.70
 4435.25 15.99 15.41 17.64 15.74 13.39 16.66 17.99 16.49 10.84  8.53 10.25 13.94
 4436.25 16.12 15.54 17.73 15.87 13.51 16.72 18.11 16.63 10.96  8.62 10.36 14.04
 4437.25 15.86 15.28 17.40 15.62 13.27 16.39 17.81 16.38 10.77  8.44 10.15 13.76
 4438.25 15.61 15.02 17.08 15.37 13.04 16.06 17.52 16.14 10.58  8.27  9.94 13.49
 4439.25 15.39 14.81 16.80 15.16 12.85 15.78 17.28 15.93 10.43  8.14  9.78 13.26
 4440.25 15.37 14.78 16.72 15.14 12.83 15.69 17.23 15.92 10.43  8.13  9.75 13.21
 4441.25 15.64 15.05 16.95 15.42 13.08 15.91 17.50 16.21 10.67  8.33  9.97 13.44
 4442.25 15.98 15.38 17.25 15.76 13.39 16.20 17.83 16.55 10.97  8.57 10.23 13.72
 4443.25 16.04 15.43 17.25 15.83 13.45 16.23 17.88 16.62 11.04  8.63 10.27 13.75
 4444.25 16.13 15.52 17.29 15.95 13.53 16.29 17.95 16.71 11.13  8.70 10.34 13.80
 4445.25 16.12 15.51 17.22 15.98 13.52 16.24 17.92 16.70 11.14  8.70 10.33 13.76
 4446.25 15.62 15.01 16.65 15.53 13.06 15.71 17.38 16.19 10.75  8.36  9.94 13.27
 4447.25 15.29 14.69 16.26 15.25 12.77 15.35 17.01 15.87 10.51  8.15  9.68 12.94
 4448.25 15.50 14.89 16.43 15.51 12.96 15.53 17.22 16.08 10.70  8.31  9.84 13.10
 4449.25 15.68 15.06 16.55 15.74 13.12 15.67 17.38 16.27 10.86  8.44  9.98 13.24
 4450.25 15.74 15.12 16.56 15.85 13.18 15.70 17.43 16.33 10.93  8.49 10.02 13.27
 4451.25 15.78 15.16 16.55 15.94 13.22 15.71 17.45 16.37 10.99  8.53 10.05 13.27
 4452.25 15.81 15.18 16.52 16.02 13.25 15.70 17.46 16.40 11.03  8.56 10.07 13.27
 4453.25 16.08 15.45 16.74 16.34 13.50 15.94 17.73 16.68 11.27  8.76 10.28 13.49
 4454.25 16.31 15.67 16.92 16.62 13.71 16.14 17.94 16.92 11.48  8.94 10.46 13.67
 4455.25 16.37 15.73 16.93 16.74 13.77 16.17 17.99 16.99 11.56  8.99 10.51 13.70
 4456.25 16.46 15.82 16.97 16.88 13.86 16.23 18.07 17.08 11.66  9.07 10.58 13.76
 4457.25 16.44 15.80 16.89 16.92 13.85 16.18 18.03 17.07 11.66  9.07 10.57 13.73
 4458.25 16.45 15.81 16.85 16.98 13.86 16.16 18.03 17.09 11.70  9.09 10.58 13.73
 4459.25 16.48 15.84 16.83 17.06 13.89 16.16 18.04 17.12 11.74  9.13 10.60 13.75
 4460.25 16.55 15.91 16.85 17.19 13.96 16.20 18.10 17.20 11.83  9.19 10.66 13.81
 4461.25 16.38 15.74 16.62 17.06 13.80 16.00 17.90 17.03 11.70  9.08 10.52 13.64
 4462.25 16.00 15.37 16.19 16.73 13.44 15.59 17.49 16.65 11.40  8.82 10.22 13.28
 4463.25 16.12 15.49 16.28 16.91 13.56 15.69 17.61 16.78 11.53  8.92 10.32 13.39
 4464.25 16.21 15.58 16.34 17.05 13.64 15.75 17.68 16.88 11.63  9.00 10.39 13.46
 4465.25 16.39 15.76 16.50 17.29 13.80 15.90 17.85 17.07 11.81  9.14 10.54 13.62
 4466.25 16.67 16.04 16.75 17.63 14.05 16.14 18.13 17.36 12.07  9.36 10.76 13.86
 4467.25 16.76 16.12 16.80 17.77 14.13 16.20 18.20 17.45 12.16  9.43 10.83 13.93
 4468.25 16.71 16.07 16.73 17.77 14.08 16.11 18.13 17.40 12.14  9.41 10.79 13.88
 4469.25 16.51 15.89 16.50 17.62 13.89 15.89 17.91 17.21 11.99  9.28 10.63 13.69
 4470.25 16.69 16.10 16.66 17.86 14.06 16.04 18.08 17.40 12.18  9.43 10.78 13.85
 4471.25 16.86 16.29 16.80 18.08 14.21 16.17 18.24 17.58 12.34  9.56 10.91 13.99
 4472.25 16.63 16.09 16.54 17.90 13.99 15.92 17.98 17.35 12.16  9.40 10.73 13.77
 4473.25 16.41 15.90 16.30 17.73 13.79 15.68 17.75 17.14 12.00  9.26 10.56 13.57
 4474.25 16.28 15.79 16.14 17.64 13.66 15.52 17.59 17.01 11.91  9.17 10.45 13.43
 4475.25 16.04 15.58 15.87 17.44 13.44 15.25 17.33 16.77 11.73  9.02 10.26 13.21
 4476.25 16.09 15.66 15.90 17.55 13.49 15.28 17.37 16.83 11.81  9.07 10.31 13.25
 4477.25 16.39 15.98 16.17 17.91 13.76 15.54 17.66 17.14 12.09  9.30 10.54 13.51
 4478.25 16.38 16.00 16.13 17.95 13.74 15.50 17.63 17.13 12.11  9.30 10.53 13.49
 4479.25 16.33 15.98 16.06 17.95 13.70 15.42 17.56 17.09 12.10  9.28 10.49 13.44
 4480.25 16.43 16.10 16.13 18.11 13.79 15.49 17.64 17.20 12.21  9.36 10.57 13.52
 4481.25 16.68 16.37 16.35 18.45 14.01 15.70 17.87 17.46 12.46  9.56 10.77 13.74
 4482.25 16.81 16.53 16.46 18.73 14.13 15.80 17.99 17.60 12.61  9.67 10.88 13.86
 4483.25 16.75 16.49 16.36 18.83 14.07 15.71 17.90 17.54 12.58  9.64 10.83 13.79
 4484.25 16.47 16.24 16.06 18.71 13.80 15.42 17.58 17.26 12.36  9.44 10.59 13.52
 4485.25 16.26 16.05 15.82 18.65 13.61 15.21 17.35 17.05 12.21  9.30 10.42 13.32
 4486.25 16.25 16.07 15.78 18.81 13.59 15.20 17.31 17.05 12.23  9.30 10.41 13.30
 4487.25 16.31 16.16 15.82 19.04 13.65 15.25 17.35 17.11 12.31  9.36 10.45 13.35
 4488.25 16.40 16.26 15.87 19.30 13.72 15.33 17.41 17.20 12.41  9.43 10.51 13.42
 4489.25 16.67 16.55 16.10 19.74 13.96 15.58 17.66 17.47 12.67  9.64 10.72 13.65
 4490.25 16.74 16.64 16.14 19.98 14.02 15.65 17.71 17.53 12.76  9.70 10.76 13.70
 4491.25 16.59 16.52 15.97 19.98 13.87 15.50 17.53 17.36 12.65  9.59 10.64 13.55
 4492.25 16.49 16.44 15.83 20.03 13.77 15.39 17.40 17.24 12.59  9.52 10.55 13.45
 4493.25 16.48 16.44 15.79 20.17 13.75 15.37 17.36 17.21 12.60  9.52 10.53 13.42
 4494.25 16.51 16.49 15.78 20.36 13.77 15.39 17.36 17.22 12.65  9.55 10.54 13.43
 4495.25 16.85 16.86 16.09 20.89 14.08 15.72 17.68 17.55 12.98  9.81 10.80 13.73
 4496.25 16.82 16.85 16.03 21.01 14.04 15.68 17.63 17.51 12.98  9.79 10.77 13.70
 4497.25 16.54 16.59 15.73 20.87 13.78 15.41 17.31 17.21 12.76  9.59 10.54 13.43
 4498.25 16.53 16.60 15.70 21.01 13.76 15.39 17.27 17.18 12.77  9.58 10.52 13.40
 4499.25 16.46 16.55 15.63 21.08 13.69 15.31 17.18 17.09 12.73  9.54 10.46 13.33
 4500.25 16.46 16.58 15.63 21.24 13.68 15.31 17.15 17.08 12.76  9.55 10.46 13.32
 4501.25 16.50 16.64 15.66 21.43 13.69 15.34 17.17 17.10 12.82  9.58 10.48 13.34
 4502.25 16.71 16.88 15.86 21.81 13.86 15.53 17.35 17.29 13.03  9.74 10.63 13.52
 4503.25 16.77 16.98 15.92 22.03 13.90 15.59 17.39 17.34 13.11  9.79 10.67 13.56
 4504.25 16.42 16.66 15.57 21.79 13.55 15.24 17.00 16.97 12.82  9.54 10.39 13.23
 4505.25 16.29 16.56 15.45 21.80 13.41 15.11 16.85 16.82 12.74  9.45 10.28 13.11
 4506.25 16.34 16.65 15.49 22.00 13.43 15.15 16.87 16.86 12.80  9.49 10.31 13.14
 4507.25 16.18 16.52 15.33 21.97 13.27 14.99 16.68 16.68 12.69  9.38 10.18 12.99
 4508.25 16.25 16.62 15.39 22.20 13.31 15.05 16.72 16.73 12.77  9.44 10.23 13.03
 4509.25 16.59 17.00 15.73 22.73 13.60 15.38 17.05 17.06 13.10  9.70 10.48 13.33
 4510.25 16.80 17.25 15.92 23.10 13.76 15.57 17.23 17.26 13.31  9.86 10.64 13.50
 4511.25 16.75 17.23 15.87 23.20 13.69 15.52 17.15 17.19 13.29  9.83 10.59 13.45
 4512.25 16.76 17.28 15.88 23.36 13.68 15.52 17.14 17.19 13.33  9.84 10.59 13.45
 4513.25 16.94 17.49 16.05 23.70 13.82 15.68 17.29 17.35 13.51  9.98 10.72 13.59
 4514.25 16.97 17.55 16.07 23.87 13.82 15.71 17.29 17.36 13.56 10.01 10.73 13.60
 4515.25 17.00 17.61 16.09 24.04 13.82 15.72 17.28 17.37 13.60 10.03 10.74 13.59
 4516.25 17.04 17.67 16.12 24.22 13.82 15.75 17.29 17.38 13.66 10.06 10.76 13.59
 4517.25 17.09 17.74 16.14 24.40 13.82 15.77 17.29 17.39 13.71 10.09 10.77 13.59
 4518.25 17.12 17.79 16.16 24.58 13.82 15.78 17.28 17.39 13.74 10.10 10.78 13.58
 4519.25 17.23 17.91 16.24 24.89 13.87 15.85 17.34 17.47 13.85 10.17 10.84 13.63
 4520.25 17.27 17.97 16.26 25.19 13.87 15.87 17.34 17.48 13.90 10.20 10.85 13.62
 4521.25 17.24 17.96 16.21 25.42 13.81 15.82 17.27 17.42 13.88 10.17 10.81 13.56
 4522.25 17.07 17.80 16.03 25.49 13.62 15.64 17.06 17.21 13.74 10.04 10.65 13.36
 4523.25 17.03 17.78 15.97 25.70 13.54 15.58 17.00 17.14 13.71 10.00 10.60 13.28
 4524.25 17.09 17.85 16.00 26.02 13.55 15.61 17.04 17.16 13.77 10.04 10.62 13.29
 4525.25 17.13 17.91 16.02 26.32 13.55 15.62 17.07 17.17 13.81 10.06 10.63 13.28
 4526.25 17.38 18.19 16.25 26.86 13.74 15.84 17.32 17.39 14.06 10.24 10.81 13.46
 4527.25 17.44 18.26 16.29 27.18 13.75 15.87 17.37 17.41 14.13 10.28 10.83 13.47
 4528.25 17.32 18.15 16.15 27.29 13.60 15.72 17.24 17.26 14.03 10.18 10.71 13.32
 4529.25 17.42 18.28 16.23 27.65 13.66 15.78 17.33 17.32 14.14 10.25 10.77 13.37
 4530.25 17.63 18.51 16.41 28.13 13.80 15.95 17.53 17.50 14.34 10.40 10.91 13.51
 4531.25 17.56 18.45 16.32 28.28 13.70 15.84 17.45 17.39 14.29 10.34 10.83 13.40
 4532.25 17.46 18.37 16.21 28.41 13.57 15.72 17.34 17.26 14.21 10.25 10.73 13.27
 4533.25 17.19 18.10 15.93 28.33 13.29 15.42 17.05 16.95 13.98 10.04 10.50 12.99
 4534.25 17.16 18.05 15.89 28.53 13.22 15.35 17.01 16.88 13.96 10.01 10.45 12.91
 4535.25 17.33 18.20 16.06 28.97 13.34 15.49 17.18 17.02 14.13 10.13 10.56 13.02
 4536.25 17.50 18.33 16.21 29.39 13.44 15.61 17.33 17.15 14.30 10.25 10.67 13.13
 4537.25 17.41 18.20 16.11 29.51 13.32 15.49 17.23 17.03 14.23 10.17 10.57 13.00
 4538.25 17.27 18.02 15.97 29.58 13.16 15.33 17.08 16.87 14.11 10.06 10.44 12.84
 4539.25 17.23 17.94 15.92 29.75 13.08 15.25 17.02 16.80 14.09 10.02 10.39 12.76
 4540.25 17.26 17.94 15.94 30.02 13.08 15.25 17.05 16.81 14.13 10.04 10.39 12.74
 4541.25 17.42 18.06 16.08 30.42 13.18 15.37 17.19 16.94 14.29 10.15 10.48 12.83
 4542.25 17.48 18.08 16.14 30.72 13.21 15.39 17.24 16.98 14.35 10.20 10.51 12.84
 4543.25 17.19 17.75 15.85 30.59 12.92 15.08 16.94 16.66 14.10  9.98 10.27 12.55
 4544.25 17.13 17.64 15.78 30.74 12.83 14.99 16.87 16.57 14.06  9.94 10.20 12.46
 4545.25 17.39 17.85 16.00 31.24 13.01 15.19 17.10 16.79 14.29 10.13 10.35 12.62
 4546.25 17.69 18.09 16.26 31.77 13.22 15.41 17.36 17.03 14.55 10.34 10.54 12.81
 4547.25 17.80 18.13 16.32 32.07 13.25 15.45 17.43 17.08 14.63 10.40 10.57 12.83
 4548.25 17.73 18.00 16.22 32.18 13.14 15.32 17.32 16.96 14.56 10.33 10.48 12.71
 4549.25 17.99 18.18 16.43 32.64 13.30 15.50 17.53 17.16 14.77 10.50 10.62 12.85
 4550.25 18.45 18.57 16.83 33.33 13.64 15.86 17.94 17.55 15.17 10.83 10.92 13.17
 4551.25 18.38 18.43 16.72 33.42 13.52 15.73 17.83 17.42 15.09 10.76 10.82 13.04
 4552.25 18.09 18.06 16.40 33.27 13.20 15.40 17.50 17.08 14.81 10.52 10.55 12.72
 4553.25 18.29 18.20 16.56 33.67 13.32 15.53 17.66 17.22 14.98 10.65 10.66 12.82
 4554.25 18.37 18.21 16.60 33.93 13.33 15.53 17.69 17.24 15.03 10.69 10.67 12.82
 4555.25 18.32 18.09 16.51 34.02 13.23 15.42 17.60 17.14 14.97 10.63 10.58 12.70
 4556.25 18.55 18.24 16.68 34.30 13.36 15.57 17.78 17.30 15.15 10.78 10.70 12.82
 4557.25 18.82 18.44 16.91 34.65 13.54 15.76 18.01 17.51 15.39 10.97 10.86 12.98
 4558.25 18.63 18.18 16.69 36.23 13.32 15.52 17.78 17.27 15.20 10.81 10.67 12.75
 4559.25 18.43 17.92 16.46 39.75 13.09 15.27 17.54 17.02 15.00 10.64 10.47 12.52
 4560.25 18.41 17.83 16.40 41.24 13.01 15.19 17.48 16.94 14.96 10.60 10.41 12.43
 4561.25 18.52 17.87 16.47 41.18 13.05 15.23 17.54 16.99 15.04 10.67 10.45 12.45
 4562.25 18.64 17.91 16.54 40.90 13.09 15.28 17.61 17.05 15.13 10.73 10.48 12.48
 4563.25 18.66 17.86 16.52 40.52 13.05 15.23 17.59 17.01 15.13 10.73 10.45 12.43
 4564.25 18.80 17.93 16.62 40.26 13.11 15.30 17.69 17.09 15.24 10.81 10.51 12.48
 4565.25 19.11 18.16 16.87 40.18 13.31 15.52 17.94 17.33 15.50 11.02 10.69 12.66
 4566.25 19.27 18.24 16.98 39.95 13.39 15.60 18.06 17.43 15.64 11.13 10.76 12.72
 4567.25 19.29 18.16 16.95 39.54 13.34 15.55 18.05 17.39 15.63 11.12 10.73 12.66
 4568.25 19.21 17.98 16.81 39.03 13.22 15.42 17.96 17.26 15.54 11.04 10.62 12.53
 4569.25 19.17 17.84 16.70 38.57 13.13 15.32 17.94 17.17 15.49 10.99 10.55 12.43
 4570.25 19.33 17.89 16.77 38.31 13.20 15.39 18.11 17.26 15.61 11.09 10.62 12.49
 4571.25 19.44 17.90 16.80 38.01 13.24 15.42 18.23 17.32 15.70 11.16 10.65 12.52
 4572.25 19.65 17.99 16.91 37.80 13.36 15.53 18.45 17.46 15.87 11.29 10.76 12.63
 4573.25 19.86 18.09 17.03 37.59 13.48 15.66 18.67 17.61 16.05 11.44 10.87 12.75
 4574.25 19.68 17.82 16.78 36.95 13.27 15.42 18.51 17.38 15.86 11.28 10.69 12.55
 4575.25 19.69 17.69 16.69 36.49 13.20 15.33 18.51 17.31 15.83 11.24 10.63 12.49
 4576.25 19.93 17.77 16.79 36.25 13.30 15.43 18.71 17.44 15.99 11.37 10.72 12.59
 4577.25 20.03 17.71 16.74 35.84 13.28 15.40 18.76 17.42 16.01 11.38 10.70 12.57
 4578.25 20.04 17.56 16.63 35.34 13.18 15.29 18.74 17.32 15.96 11.33 10.63 12.49
 4579.25 20.24 17.59 16.68 35.03 13.24 15.34 18.89 17.40 16.06 11.41 10.68 12.55
 4580.25 20.47 17.64 16.75 34.75 13.32 15.41 19.06 17.50 16.20 11.51 10.76 12.63
 4581.25 20.68 17.69 16.82 34.45 13.40 15.48 19.23 17.59 16.33 11.61 10.82 12.71
 4582.25 20.94 17.78 16.93 34.20 13.52 15.59 19.44 17.73 16.50 11.75 10.93 12.82
 4583.25 20.99 17.66 16.83 33.71 13.46 15.51 19.44 17.67 16.47 11.72 10.87 12.76
 4584.25 20.97 17.49 16.69 33.16 13.35 15.37 19.38 17.57 16.38 11.64 10.77 12.65
 4585.25 21.14 17.48 16.71 32.79 13.39 15.39 19.50 17.66 16.47 11.70 10.80 12.68
 4586.25 21.08 17.28 16.53 32.19 13.25 15.23 19.41 17.55 16.35 11.60 10.68 12.55
 4587.25 21.22 17.24 16.52 31.77 13.27 15.22 19.50 17.62 16.40 11.63 10.68 12.56
 4588.25 21.42 17.27 16.57 31.43 13.33 15.28 19.65 17.75 16.52 11.72 10.74 12.62
 4589.25 21.52 17.21 16.54 30.98 13.32 15.25 19.71 17.79 16.54 11.74 10.73 12.61
 4590.25 21.39 16.95 16.30 30.28 13.13 15.02 19.55 17.62 16.36 11.58 10.56 12.42
 4591.25 21.55 16.93 16.31 29.87 13.16 15.03 19.65 17.70 16.44 11.63 10.58 12.44
 4592.25 21.89 17.09 16.49 29.67 13.34 15.21 19.94 17.96 16.68 11.83 10.74 12.62
 4593.25 22.17 17.20 16.61 29.43 13.48 15.34 20.18 18.17 16.87 11.98 10.86 12.75
 4594.25 22.19 17.06 16.50 29.07 13.40 15.24 20.15 18.13 16.82 11.93 10.79 12.67
 4595.25 22.20 16.92 16.39 28.86 13.32 15.13 20.12 18.08 16.76 11.88 10.71 12.58
 4596.25 22.55 17.08 16.57 29.05 13.51 15.31 20.43 18.36 17.02 12.09 10.88 12.77
 4597.25 22.81 17.16 16.68 29.14 13.63 15.42 20.63 18.54 17.18 12.23 10.98 12.88
 4598.25 22.78 16.99 16.52 28.93 13.51 15.28 20.56 18.46 17.09 12.15 10.88 12.76
 4599.25 22.92 16.98 16.53 28.90 13.53 15.28 20.66 18.53 17.15 12.20 10.90 12.78
 4600.25 23.03 16.94 16.50 28.84 13.53 15.26 20.73 18.58 17.19 12.23 10.90 12.77
 4601.25 23.28 17.04 16.59 28.92 13.64 15.36 20.93 18.76 17.35 12.36 11.00 12.88
 4602.25 23.43 17.05 16.61 28.91 13.67 15.37 21.04 18.85 17.42 12.42 11.03 12.91
 4603.25 23.37 16.87 16.44 28.67 13.53 15.20 20.94 18.73 17.30 12.31 10.90 12.77
 4604.25 23.28 16.66 16.24 28.40 13.37 15.01 20.81 18.59 17.15 12.18 10.75 12.60
 4605.25 23.26 16.48 16.07 28.15 13.22 14.83 20.70 18.47 17.02 12.07 10.63 12.46
 4606.25 23.69 16.66 16.25 28.33 13.40 15.01 20.99 18.73 17.27 12.27 10.79 12.63
 4607.25 24.04 16.75 16.36 28.41 13.51 15.10 21.19 18.91 17.43 12.40 10.88 12.73
 4608.25 24.20 16.67 16.29 28.28 13.46 15.03 21.19 18.89 17.40 12.38 10.83 12.68
 4609.25 24.26 16.50 16.14 28.06 13.33 14.88 21.11 18.79 17.30 12.29 10.72 12.55
 4610.25 24.13 16.18 15.83 27.65 13.06 14.57 20.84 18.53 17.03 12.06 10.49 12.29
 4611.25 24.28 16.09 15.76 27.51 13.01 14.49 20.84 18.51 17.00 12.04 10.44 12.24
 4612.25 24.84 16.37 16.04 27.81 13.28 14.76 21.24 18.88 17.34 12.32 10.67 12.49
 4613.25 25.27 16.53 16.21 27.97 13.44 14.91 21.52 19.12 17.57 12.51 10.82 12.65
 4614.25 25.75 16.73 16.42 28.17 13.65 15.10 21.84 19.41 17.84 12.73 11.00 12.84
 4615.25 26.06 16.79 16.49 28.21 13.72 15.16 22.00 19.55 17.96 12.83 11.07 12.92
 4616.25 26.06 16.58 16.29 27.93 13.55 14.96 21.87 19.40 17.81 12.70 10.92 12.75
 4617.25 26.05 16.37 16.10 27.65 13.38 14.76 21.73 19.25 17.65 12.56 10.77 12.58
 4618.25 26.26 16.33 16.08 27.58 13.38 14.73 21.80 19.29 17.68 12.58 10.76 12.57
 4619.25 26.55 16.38 16.13 27.60 13.44 14.77 21.95 19.42 17.79 12.67 10.82 12.63
 4620.25 26.94 16.51 16.28 27.73 13.60 14.91 22.20 19.64 18.00 12.85 10.95 12.77
 4621.25 27.08 16.42 16.20 27.59 13.55 14.83 22.20 19.62 17.97 12.82 10.90 12.71
 4622.25 27.15 16.28 16.07 27.39 13.46 14.69 22.15 19.55 17.89 12.74 10.81 12.61
 4623.25 27.43 16.32 16.12 27.41 13.53 14.74 22.29 19.67 18.00 12.83 10.86 12.67
 4624.25 27.57 16.24 16.06 27.29 13.50 14.67 22.31 19.67 17.98 12.82 10.82 12.62
 4625.25 27.69 16.14 15.97 27.13 13.45 14.57 22.30 19.64 17.94 12.78 10.77 12.55
 4626.25 27.97 16.18 16.02 27.15 13.52 14.62 22.45 19.76 18.04 12.87 10.82 12.61
 4627.25 28.12 16.11 15.96 27.03 13.49 14.55 22.47 19.76 18.02 12.86 10.79 12.57
 4628.25 28.14 15.94 15.80 26.80 13.37 14.39 22.37 19.65 17.89 12.76 10.67 12.44
 4629.25 28.27 15.85 15.73 26.66 13.33 14.32 22.38 19.64 17.85 12.73 10.62 12.39
 4630.25 28.72 16.03 15.92 26.84 13.53 14.49 22.68 19.91 18.09 12.94 10.79 12.58
 4631.25 29.12 16.18 16.08 26.98 13.71 14.64 22.96 20.14 18.31 13.13 10.93 12.74
 4632.25 29.20 16.07 15.96 26.80 13.63 14.52 22.92 20.05 18.23 13.07 10.85 12.66
 4633.25 29.22 15.90 15.80 26.55 13.51 14.36 22.82 19.89 18.10 12.97 10.74 12.54
 4634.25 29.51 15.98 15.88 26.58 13.61 14.42 22.99 20.00 18.22 13.08 10.81 12.62
 4635.25 29.71 16.08 15.97 26.64 13.72 14.51 23.19 20.12 18.36 13.20 10.90 12.72
 4636.25 29.71 16.11 16.00 26.62 13.77 14.53 23.31 20.18 18.44 13.27 10.94 12.77
 4637.25 29.69 16.17 16.07 26.63 13.86 14.58 23.47 20.27 18.54 13.37 11.00 12.84
 4638.25 29.60 16.18 16.10 26.59 13.90 14.58 23.57 20.30 18.60 13.42 11.02 12.88
 4639.25 29.66 16.32 16.26 26.69 14.05 14.70 23.81 20.47 18.79 13.59 11.15 13.02
 4640.25 29.68 16.42 16.39 26.76 14.17 14.79 24.02 20.61 18.94 13.73 11.24 13.13
 4641.25 29.39 16.26 16.25 26.51 14.05 14.63 23.92 20.45 18.81 13.62 11.12 13.00
 4642.25 29.27 16.24 16.26 26.43 14.06 14.61 23.99 20.45 18.83 13.65 11.12 13.01
 4643.25 29.06 16.15 16.19 26.26 14.00 14.51 23.97 20.37 18.77 13.60 11.06 12.94
 4644.25 28.89 16.09 16.16 26.14 13.97 14.45 23.99 20.33 18.75 13.59 11.02 12.91
 4645.25 29.01 16.28 16.38 26.30 14.18 14.62 24.30 20.56 19.00 13.81 11.19 13.10
 4646.25 29.06 16.41 16.54 26.39 14.33 14.74 24.53 20.72 19.18 13.97 11.31 13.24
 4647.25 29.20 16.63 16.78 26.58 14.56 14.93 24.86 20.97 19.45 14.22 11.51 13.45
 4648.25 29.34 16.84 17.02 26.76 14.79 15.13 25.19 21.22 19.71 14.47 11.71 13.67
 4649.25 29.28 16.88 17.09 26.75 14.85 15.16 25.32 21.29 19.80 14.56 11.78 13.72
 4650.25 28.69 16.46 16.69 26.21 14.48 14.75 24.93 20.85 19.39 14.21 11.46 13.36
 4651.25 28.05 16.00 16.25 25.62 14.08 14.30 24.49 20.37 18.94 13.83 11.12 12.97
 4652.25 27.87 15.94 16.22 25.49 14.05 14.24 24.51 20.33 18.92 13.83 11.10 12.93
 4653.25 27.93 16.08 16.39 25.59 14.20 14.36 24.75 20.50 19.11 14.00 11.25 13.07
 4654.25 27.84 16.09 16.43 25.54 14.24 14.38 24.85 20.53 19.17 14.06 11.29 13.11
 4655.25 27.72 16.08 16.44 25.47 14.26 14.37 24.93 20.54 19.20 14.10 11.32 13.12
 4656.25 27.52 16.00 16.39 25.31 14.21 14.30 24.92 20.47 19.15 14.07 11.28 13.06
 4657.25 27.37 15.96 16.38 25.21 14.20 14.28 24.94 20.46 19.15 14.08 11.29 13.05
 4658.25 27.27 15.97 16.41 25.16 14.24 14.29 24.95 20.48 19.20 14.14 11.33 13.07
 4659.25 26.95 15.79 16.26 24.89 14.10 14.13 24.70 20.31 19.05 14.02 11.21 12.93
 4660.25 26.62 15.61 16.10 24.62 13.96 13.97 24.44 20.13 18.90 13.90 11.10 12.79
 4661.25 26.41 15.52 16.04 24.45 13.92 13.89 24.29 20.05 18.84 13.86 11.06 12.73
 4662.25 26.38 15.60 16.14 24.48 14.02 13.97 24.33 20.15 18.96 13.98 11.15 12.82
 4663.25 26.38 15.69 16.26 24.52 14.15 14.06 24.39 20.28 19.11 14.11 11.26 12.92
 4664.25 26.52 15.90 16.50 24.71 14.39 14.27 24.59 20.53 19.38 14.36 11.47 13.13
 4665.25 26.62 16.09 16.71 24.86 14.61 14.46 24.76 20.76 19.62 14.59 11.66 13.32
 4666.25 26.48 16.08 16.73 24.79 14.64 14.45 24.69 20.77 19.65 14.62 11.68 13.32
 4667.25 26.47 16.19 16.86 24.85 14.79 14.56 24.77 20.91 19.81 14.77 11.80 13.44
 4668.25 26.68 16.50 17.20 25.13 15.12 14.86 25.07 21.26 20.18 15.12 12.10 13.74
 4669.25 26.57 16.52 17.25 25.07 15.18 14.89 25.04 21.30 20.24 15.18 12.15 13.78
 4670.25 26.14 16.27 17.01 24.70 14.98 14.65 24.70 21.04 20.01 14.98 11.96 13.56
 4671.25 25.60 15.93 16.69 24.22 14.69 14.33 24.25 20.68 19.67 14.70 11.70 13.27
 4672.25 25.23 15.73 16.51 23.90 14.54 14.16 23.97 20.49 19.50 14.56 11.57 13.11
 4673.25 24.99 15.65 16.44 23.72 14.50 14.09 23.83 20.42 19.45 14.53 11.54 13.06
 4674.25 25.04 15.82 16.61 23.82 14.70 14.25 23.97 20.62 19.67 14.73 11.71 13.22
 4675.25 24.99 15.90 16.69 23.82 14.82 14.33 24.00 20.72 19.79 14.86 11.81 13.31
 4676.25 24.65 15.73 16.52 23.53 14.69 14.17 23.76 20.56 19.64 14.74 11.69 13.18
 4677.25 24.47 15.70 16.49 23.41 14.70 14.15 23.67 20.54 19.63 14.76 11.70 13.17
 4678.25 24.35 15.72 16.50 23.33 14.76 14.17 23.63 20.57 19.67 14.81 11.74 13.20
 4679.25 24.31 15.81 16.60 23.34 14.89 14.26 23.69 20.69 19.80 14.95 11.85 13.30
 4680.25 24.35 15.98 16.77 23.44 15.09 14.43 23.82 20.88 20.01 15.16 12.03 13.47
 4681.25 24.19 15.97 16.76 23.33 15.11 14.42 23.75 20.86 20.02 15.19 12.05 13.47
 4682.25 23.94 15.88 16.66 23.14 15.06 14.34 23.60 20.77 19.95 15.15 12.00 13.41
 4683.25 23.69 15.79 16.58 22.95 15.02 14.27 23.45 20.68 19.88 15.11 11.96 13.35
 4684.25 23.39 15.67 16.45 22.71 14.94 14.15 23.24 20.54 19.77 15.03 11.88 13.25
 4685.25 23.12 15.56 16.34 22.49 14.87 14.06 23.07 20.42 19.68 14.98 11.83 13.17
 4686.25 22.97 15.56 16.34 22.40 14.91 14.06 23.02 20.43 19.71 15.02 11.86 13.19
 4687.25 23.06 15.78 16.56 22.55 15.16 14.27 23.21 20.67 19.97 15.27 12.07 13.40
 4688.25 23.34 16.16 16.95 22.88 15.57 14.64 23.59 21.09 20.41 15.69 12.43 13.76
 4689.25 23.22 16.19 16.98 22.82 15.64 14.67 23.56 21.12 20.47 15.77 12.49 13.79
 4690.25 22.64 15.81 16.60 22.30 15.31 14.32 23.08 20.71 20.09 15.44 12.20 13.46
 4691.25 22.29 15.64 16.42 22.00 15.18 14.16 22.83 20.52 19.92 15.32 12.08 13.31
 4692.25 22.28 15.78 16.56 22.06 15.35 14.30 22.93 20.68 20.10 15.50 12.22 13.44
 4693.25 22.28 15.91 16.70 22.12 15.52 14.43 23.03 20.83 20.27 15.68 12.37 13.58
 4694.25 22.08 15.87 16.66 21.97 15.52 14.40 22.93 20.79 20.25 15.68 12.37 13.55
 4695.25 22.06 15.96 16.75 21.97 15.65 14.49 22.97 20.89 20.38 15.82 12.48 13.65
 4696.25 22.01 15.98 16.77 21.89 15.71 14.51 22.94 20.91 20.42 15.88 12.53 13.67
 4697.25 21.75 15.81 16.58 21.59 15.57 14.36 22.67 20.71 20.25 15.74 12.40 13.52
 4698.25 21.62 15.75 16.51 21.41 15.54 14.32 22.54 20.64 20.20 15.72 12.37 13.46
 4699.25 21.63 15.81 16.57 21.37 15.63 14.39 22.55 20.70 20.29 15.83 12.45 13.52
 4700.25 21.65 15.88 16.63 21.34 15.73 14.47 22.56 20.78 20.39 15.94 12.54 13.59
 4701.25 21.60 15.90 16.65 21.25 15.77 14.51 22.52 20.79 20.43 16.01 12.58 13.62
 4702.25 21.67 16.02 16.76 21.28 15.90 14.63 22.59 20.92 20.57 16.17 12.71 13.73
 4703.25 21.52 15.95 16.67 21.08 15.85 14.58 22.47 20.83 20.51 16.14 12.66 13.66
 4704.25 21.48 15.97 16.68 20.99 15.88 14.61 22.46 20.84 20.55 16.21 12.70 13.68
 4705.25 21.45 16.00 16.71 20.91 15.93 14.65 22.48 20.87 20.60 16.29 12.75 13.71
 4706.25 21.14 15.78 16.48 20.58 15.73 14.46 22.20 20.62 20.38 16.11 12.57 13.52
 4707.25 20.97 15.69 16.37 20.41 15.66 14.38 22.08 20.51 20.29 16.06 12.51 13.43
 4708.25 21.15 15.91 16.59 20.61 15.89 14.60 22.30 20.74 20.55 16.33 12.72 13.63
 4709.25 21.06 15.88 16.55 20.54 15.89 14.59 22.25 20.71 20.54 16.35 12.72 13.61
 4710.25 20.97 15.87 16.53 20.48 15.89 14.59 22.20 20.69 20.54 16.38 12.73 13.60
 4711.25 20.95 15.91 16.56 20.48 15.94 14.64 22.22 20.72 20.59 16.46 12.78 13.64
 4712.25 20.81 15.84 16.48 20.37 15.89 14.59 22.11 20.63 20.53 16.43 12.74 13.58
 4713.25 20.91 15.99 16.63 20.49 16.06 14.74 22.26 20.79 20.71 16.63 12.89 13.72
 4714.25 21.01 16.14 16.78 20.62 16.23 14.90 22.40 20.95 20.90 16.83 13.04 13.86
 4715.25 21.06 16.25 16.88 20.69 16.35 15.02 22.50 21.06 21.03 16.98 13.16 13.96
 4716.25 20.93 16.19 16.82 20.59 16.30 14.98 22.40 20.99 20.98 16.96 13.12 13.91
 4717.25 20.71 16.05 16.67 20.39 16.18 14.85 22.22 20.82 20.84 16.86 13.01 13.78
 4718.25 20.50 15.93 16.53 20.21 16.07 14.74 22.05 20.67 20.71 16.78 12.92 13.66
 4719.25 20.26 15.77 16.36 19.99 15.92 14.60 21.84 20.48 20.55 16.65 12.79 13.51
 4720.25 19.97 15.57 16.15 19.73 15.73 14.41 21.58 20.25 20.34 16.48 12.63 13.32
 4721.25 20.08 15.73 16.30 19.86 15.91 14.58 21.73 20.42 20.53 16.69 12.79 13.47
 4722.25 20.38 16.06 16.64 20.19 16.26 14.91 22.09 20.78 20.92 17.08 13.11 13.78
 4723.25 20.42 16.16 16.73 20.26 16.37 15.02 22.17 20.88 21.04 17.22 13.21 13.87
 4724.25 20.27 16.09 16.65 20.14 16.32 14.96 22.06 20.79 20.97 17.19 13.16 13.81
 4725.25 19.81 15.72 16.26 19.69 15.96 14.61 21.61 20.37 20.57 16.85 12.85 13.46
 4726.25 19.50 15.47 16.00 19.37 15.72 14.38 21.30 20.07 20.28 16.63 12.64 13.23
 4727.25 19.61 15.59 16.12 19.46 15.86 14.51 21.41 20.20 20.42 16.80 12.77 13.35
 4728.25 19.96 15.94 16.47 19.80 16.22 14.86 21.78 20.56 20.80 17.20 13.09 13.67
 4729.25 20.23 16.21 16.74 20.05 16.51 15.14 22.05 20.85 21.09 17.52 13.36 13.92
 4730.25 20.19 16.21 16.73 20.01 16.53 15.15 22.02 20.83 21.08 17.56 13.38 13.92
 4731.25 19.97 16.03 16.53 19.77 16.36 14.98 21.79 20.61 20.87 17.42 13.23 13.75
 4732.25 19.68 15.80 16.29 19.47 16.14 14.76 21.49 20.33 20.61 17.21 13.03 13.53
 4733.25 19.47 15.64 16.12 19.24 15.99 14.62 21.28 20.13 20.42 17.08 12.90 13.39
 4734.25 19.33 15.54 16.01 19.09 15.90 14.53 21.14 20.00 20.30 17.02 12.83 13.29
 4735.25 19.44 15.67 16.13 19.19 16.05 14.67 21.26 20.13 20.44 17.20 12.97 13.42
 4736.25 19.52 15.78 16.23 19.26 16.16 14.78 21.34 20.22 20.54 17.34 13.07 13.51
 4737.25 19.63 15.91 16.35 19.35 16.31 14.92 21.46 20.35 20.68 17.52 13.21 13.63
 4738.25 19.68 15.99 16.42 19.39 16.40 15.00 21.51 20.41 20.75 17.64 13.30 13.70
 4739.25 19.46 15.81 16.23 19.15 16.24 14.84 21.28 20.20 20.55 17.49 13.15 13.54
 4740.25 19.49 15.87 16.29 19.18 16.33 14.90 21.32 20.25 20.61 17.60 13.23 13.59
 4741.25 19.82 16.21 16.62 19.49 16.72 15.22 21.66 20.59 20.97 17.98 13.55 13.90
 4742.25 19.87 16.28 16.69 19.52 16.85 15.30 21.71 20.65 21.04 18.10 13.63 13.97
 4743.25 19.70 16.15 16.55 19.33 16.77 15.17 21.53 20.49 20.89 18.00 13.52 13.84
 4744.25 19.60 16.09 16.49 19.23 16.77 15.11 21.44 20.41 20.81 17.98 13.48 13.79
 4745.25 19.60 16.12 16.52 19.21 16.86 15.14 21.44 20.42 20.84 18.05 13.52 13.81
 4746.25 19.57 16.13 16.53 19.18 16.92 15.15 21.42 20.40 20.84 18.09 13.55 13.81
 4747.25 19.30 15.90 16.31 18.89 16.74 14.93 21.14 20.14 20.58 17.89 13.35 13.60
 4748.25 19.18 15.82 16.23 18.77 16.72 14.86 21.04 20.03 20.49 17.85 13.30 13.53
 4749.25 19.51 16.16 16.57 19.08 17.12 15.18 21.42 20.38 20.85 18.24 13.62 13.83
 4750.25 19.59 16.26 16.68 19.15 17.29 15.29 21.54 20.48 20.96 18.39 13.74 13.93
 4751.25 19.38 16.09 16.51 18.93 17.17 15.12 21.35 20.27 20.76 18.26 13.59 13.77
 4752.25 19.21 15.97 16.39 18.75 17.10 15.00 21.22 20.12 20.61 18.17 13.49 13.65
 4753.25 19.20 15.99 16.41 18.72 17.17 15.02 21.24 20.12 20.62 18.23 13.52 13.66
 4754.25 19.20 16.02 16.45 18.72 17.26 15.05 21.28 20.14 20.66 18.31 13.57 13.69
 4755.25 19.39 16.21 16.65 18.88 17.52 15.24 21.50 20.32 20.86 18.56 13.76 13.87
 4756.25 19.44 16.28 16.72 18.91 17.64 15.31 21.58 20.38 20.93 18.68 13.84 13.92
 4757.25 19.45 16.30 16.74 18.88 17.72 15.32 21.60 20.38 20.94 18.75 13.88 13.94
 4758.25 19.54 16.40 16.84 18.94 17.88 15.42 21.71 20.47 21.04 18.90 13.99 14.03
 4759.25 19.48 16.35 16.79 18.84 17.88 15.37 21.66 20.39 20.97 18.89 13.98 13.98
 4760.25 19.29 16.19 16.63 18.63 17.77 15.22 21.48 20.20 20.79 18.76 13.86 13.82
 4761.25 19.26 16.17 16.62 18.56 17.81 15.20 21.46 20.16 20.76 18.79 13.88 13.81
 4762.25 19.41 16.32 16.77 18.67 18.01 15.34 21.63 20.30 20.91 18.99 14.04 13.94
 4763.25 19.49 16.42 16.86 18.73 18.16 15.43 21.73 20.38 21.00 19.14 14.16 14.02
 4764.25 19.33 16.28 16.73 18.53 18.07 15.30 21.58 20.20 20.84 19.03 14.06 13.89
 4765.25 19.31 16.28 16.72 18.48 18.12 15.29 21.57 20.17 20.82 19.07 14.08 13.87
 4766.25 19.32 16.30 16.74 18.45 18.19 15.31 21.60 20.17 20.83 19.13 14.13 13.89
 4767.25 19.37 16.36 16.80 18.47 18.31 15.37 21.66 20.22 20.89 19.24 14.22 13.94
 4768.25 19.46 16.46 16.90 18.52 18.46 15.46 21.77 20.30 20.98 19.39 14.34 14.02
 4769.25 19.49 16.51 16.94 18.52 18.56 15.50 21.82 20.32 21.02 19.48 14.41 14.06
 4770.25 19.37 16.42 16.85 18.37 18.51 15.41 21.71 20.20 20.91 19.42 14.35 13.96
 4771.25 19.05 16.13 16.56 18.02 18.26 15.12 21.39 19.86 20.58 19.15 14.11 13.69
 4772.25 19.03 16.13 16.56 17.97 18.31 15.12 21.39 19.84 20.57 19.19 14.13 13.69
 4773.25 19.06 16.17 16.59 17.96 18.40 15.15 21.43 19.86 20.59 19.27 14.19 13.71
 4774.25 18.92 16.05 16.47 17.79 18.33 15.04 21.30 19.73 20.45 19.19 14.11 13.60
 4775.25 18.81 15.97 16.38 17.65 18.28 14.95 21.20 19.64 20.35 19.13 14.06 13.51
 4776.25 18.72 15.91 16.32 17.53 18.27 14.88 21.13 19.59 20.27 19.11 14.02 13.45
 4777.25 18.84 16.03 16.44 17.61 18.45 15.00 21.26 19.74 20.41 19.28 14.17 13.55
 4778.25 18.73 15.95 16.36 17.47 18.41 14.92 21.17 19.66 20.31 19.23 14.11 13.47
 4779.25 18.69 15.92 16.34 17.40 18.43 14.89 21.13 19.64 20.28 19.24 14.12 13.44
 4780.25 18.87 16.11 16.53 17.54 18.73 15.07 21.34 19.86 20.48 19.48 14.32 13.60
 4781.25 18.88 16.14 16.56 17.53 18.90 15.08 21.37 19.90 20.51 19.55 14.37 13.62
 4782.25 18.60 15.89 16.31 17.24 18.80 14.83 21.09 19.65 20.24 19.32 14.16 13.39
 4783.25 18.51 15.82 16.25 17.14 18.89 14.74 21.01 19.58 20.16 19.29 14.13 13.32
 4784.25 18.58 15.90 16.32 17.19 19.13 14.79 21.09 19.68 20.23 19.41 14.22 13.38
 4785.25 18.79 16.10 16.54 17.39 19.52 14.98 21.32 19.92 20.46 19.67 14.44 13.56
 4786.25 18.91 16.23 16.67 17.50 19.82 15.08 21.47 20.07 20.60 19.85 14.59 13.67
 4787.25 18.96 16.29 16.73 17.52 20.04 15.11 21.52 20.14 20.66 19.95 14.67 13.71
 4788.25 18.96 16.29 16.74 17.51 20.20 15.10 21.53 20.16 20.66 20.00 14.70 13.71
 4789.25 18.97 16.31 16.75 17.49 20.38 15.09 21.54 20.19 20.67 20.05 14.74 13.71
 4790.25 19.13 16.46 16.91 17.63 20.71 15.22 21.71 20.37 20.84 20.26 14.91 13.85
 4791.25 19.05 16.40 16.85 17.54 20.79 15.14 21.63 20.31 20.77 20.22 14.88 13.78
 4792.25 18.74 16.12 16.57 17.22 20.64 14.84 21.31 20.02 20.45 19.96 14.63 13.52
 4793.25 18.64 16.03 16.48 17.11 20.70 14.74 21.20 19.93 20.35 19.90 14.57 13.43
 4794.25 18.79 16.17 16.63 17.23 21.01 14.86 21.35 20.11 20.51 20.09 14.74 13.55
 4795.25 18.81 16.20 16.66 17.23 21.19 14.86 21.37 20.15 20.53 20.16 14.79 13.57
 4796.25 18.84 16.24 16.69 17.24 21.39 14.87 21.39 20.20 20.57 20.23 14.84 13.59
 4797.25 18.96 16.37 16.82 17.34 21.67 14.97 21.51 20.34 20.69 20.40 14.98 13.69
 4798.25 18.92 16.35 16.79 17.29 21.80 14.92 21.47 20.32 20.66 20.41 14.99 13.66
 4799.25 19.04 16.47 16.91 17.38 22.08 15.01 21.58 20.46 20.79 20.58 15.12 13.76
 4800.25 19.18 16.62 17.06 17.50 22.39 15.13 21.73 20.63 20.94 20.77 15.29 13.88
 4801.25 19.25 16.69 17.13 17.55 22.62 15.17 21.79 20.72 21.01 20.88 15.38 13.94
 4802.25 19.25 16.71 17.15 17.53 22.78 15.16 21.79 20.74 21.02 20.94 15.41 13.94
 4803.25 19.32 16.78 17.22 17.58 23.01 15.21 21.85 20.83 21.10 21.05 15.51 14.00
 4804.25 19.45 16.92 17.36 17.69 23.31 15.32 21.98 20.99 21.24 21.24 15.66 14.12
 4805.25 19.50 16.97 17.41 17.71 23.51 15.34 22.02 21.06 21.29 21.33 15.73 14.16
 4806.25 19.63 17.11 17.54 17.82 23.80 15.45 22.15 21.21 21.42 21.51 15.88 14.28
 4807.25 19.71 17.20 17.64 17.88 24.05 15.51 22.23 21.32 21.52 21.65 15.99 14.35
 4808.25 19.77 17.27 17.70 17.92 24.27 15.55 22.28 21.40 21.58 21.75 16.08 14.41
 4809.25 19.71 17.22 17.65 17.84 24.36 15.48 22.22 21.36 21.53 21.74 16.06 14.36
 4810.25 19.61 17.15 17.57 17.73 24.42 15.38 22.11 21.28 21.43 21.70 16.00 14.28
 4811.25 19.61 17.15 17.57 17.71 24.56 15.36 22.10 21.29 21.43 21.74 16.03 14.27
 4812.25 19.61 17.16 17.59 17.69 24.72 15.35 22.10 21.32 21.44 21.79 16.07 14.28
 4813.25 19.55 17.12 17.56 17.61 24.81 15.28 22.03 21.28 21.38 21.77 16.04 14.23
 4814.25 19.50 17.08 17.55 17.55 24.91 15.22 21.97 21.25 21.34 21.77 16.04 14.19
 4815.25 19.47 17.06 17.55 17.49 25.02 15.17 21.93 21.23 21.30 21.78 16.04 14.16
 4816.25 19.34 16.95 17.46 17.35 25.03 15.04 21.79 21.12 21.17 21.70 15.96 14.05
 4817.25 19.23 16.85 17.38 17.22 25.06 14.93 21.66 21.02 21.06 21.63 15.89 13.95
 4818.25 19.23 16.86 17.41 17.20 25.21 14.91 21.65 21.04 21.06 21.67 15.92 13.95
 4819.25 19.32 16.96 17.53 17.28 25.46 14.97 21.74 21.15 21.16 21.81 16.04 14.03
 4820.25 19.31 16.96 17.56 17.28 25.65 14.95 21.72 21.16 21.15 21.85 16.07 14.02
 4821.25 19.32 16.97 17.59 17.28 25.91 14.94 21.71 21.20 21.16 21.90 16.10 14.02
 4822.25 19.21 16.88 17.52 17.19 26.08 14.83 21.60 21.16 21.05 21.83 16.04 13.93
 4823.25 19.33 17.00 17.66 17.30 26.49 14.91 21.70 21.35 21.17 21.99 16.18 14.03
 4824.25 19.68 17.35 18.04 17.65 27.15 15.22 22.06 21.79 21.54 22.41 16.54 14.34
 4825.25 19.69 17.36 18.08 17.66 27.43 15.21 22.06 21.88 21.57 22.46 16.58 14.34
 4826.25 19.47 17.15 17.89 17.45 27.47 15.00 21.82 21.73 21.39 22.27 16.41 14.15
 4827.25 19.49 17.18 17.94 17.48 27.76 15.01 21.83 21.83 21.46 22.34 16.46 14.16
 4828.25 19.55 17.24 18.03 17.54 28.10 15.06 21.88 21.97 21.58 22.45 16.55 14.22
 4829.25 19.45 17.15 17.97 17.45 28.26 14.96 21.77 21.94 21.53 22.39 16.49 14.13
 4830.25 19.54 17.24 18.09 17.55 28.63 15.03 21.86 22.12 21.69 22.53 16.61 14.21
 4831.25 19.77 17.47 18.34 17.78 29.15 15.23 22.09 22.44 21.98 22.81 16.86 14.41
 4832.25 19.79 17.49 18.39 17.80 29.44 15.24 22.10 22.53 22.06 22.88 16.91 14.43
 4833.25 19.73 17.44 18.36 17.74 29.63 15.17 22.02 22.54 22.05 22.85 16.88 14.37
 4834.25 19.47 17.20 18.14 17.50 29.61 14.93 21.75 22.35 21.84 22.63 16.68 14.14
 4835.25 19.41 17.14 18.12 17.45 29.81 14.87 21.67 22.37 21.83 22.61 16.65 14.09
 4836.25 19.72 17.44 18.45 17.75 30.40 15.14 21.98 22.77 22.20 22.98 16.97 14.36
 4837.25 19.84 17.56 18.60 17.87 30.79 15.24 22.10 22.97 22.38 23.15 17.12 14.46
 4838.25 19.66 17.39 18.45 17.70 30.85 15.06 21.89 22.85 22.25 23.00 16.98 14.30
 4839.25 19.53 17.27 18.36 17.59 30.96 14.94 21.73 22.80 22.17 22.91 16.89 14.19
 4840.25 19.64 17.38 18.49 17.69 31.33 15.03 21.82 22.99 22.34 23.07 17.03 14.28
 4841.25 19.72 17.46 18.60 17.78 31.67 15.09 21.88 23.15 22.48 23.19 17.14 14.35
 4842.25 19.70 17.45 18.62 17.77 31.90 15.07 21.84 23.21 22.52 23.22 17.16 14.34
 4843.25 19.47 17.23 18.42 17.55 31.89 14.85 21.57 23.04 22.32 23.02 16.96 14.13
 4844.25 19.49 17.26 18.47 17.58 32.17 14.86 21.58 23.14 22.40 23.08 17.02 14.15
 4845.25 19.68 17.44 18.69 17.76 32.62 15.02 21.75 23.41 22.65 23.32 17.23 14.31
 4846.25 19.72 17.49 18.76 17.80 32.90 15.04 21.76 23.53 22.75 23.41 17.30 14.35
 4847.25 19.55 17.33 18.62 17.64 32.96 14.88 21.56 23.42 22.62 23.27 17.17 14.20
 4848.25 19.46 17.24 18.57 17.56 33.09 14.78 21.44 23.39 22.58 23.21 17.11 14.11
 4849.25 19.78 17.54 18.92 17.86 33.67 15.05 21.74 23.80 22.96 23.58 17.44 14.38
 4850.25 20.16 17.91 19.34 18.24 34.33 15.39 22.11 24.27 23.41 24.03 17.84 14.72
 4851.25 20.13 17.88 19.34 18.20 34.52 15.34 22.04 24.31 23.42 24.03 17.83 14.68
 4852.25 19.95 17.71 19.21 18.04 34.57 15.17 21.84 24.20 23.29 23.89 17.69 14.52
 4853.25 19.92 17.69 19.23 18.01 34.77 15.13 21.78 24.24 23.31 23.90 17.70 14.50
 4854.25 20.06 17.82 19.41 18.15 35.15 15.25 21.90 24.46 23.51 24.08 17.86 14.62
 4855.25 20.43 18.17 19.80 18.50 35.77 15.56 22.24 24.91 23.94 24.50 18.24 14.93
 4856.25 20.86 18.59 20.27 18.93 36.44 15.94 22.65 25.42 24.43 24.98 18.68 15.31
 4857.25 20.85 18.59 20.31 18.94 36.67 15.93 22.62 25.49 24.48 25.01 18.71 15.31
 4858.25 20.64 18.39 20.14 18.74 36.68 15.72 22.38 25.35 24.32 24.82 18.54 15.12
 4859.25 20.77 18.51 20.31 18.88 37.00 15.82 22.48 25.55 24.49 24.97 18.69 15.24
 4860.25 21.00 18.74 20.58 19.12 37.28 16.02 22.69 25.86 24.79 25.24 18.94 15.47
 4861.25 20.93 18.68 20.55 19.06 37.46 15.95 22.59 25.86 24.76 25.19 18.90 15.42
 4862.25 20.14 17.93 19.81 18.31 39.60 15.22 21.76 25.10 23.99 24.39 18.17 14.74
 4863.25 20.19 17.98 19.90 18.37 44.65 15.25 21.79 25.22 24.10 24.47 18.24 14.80
 4864.25 20.85 18.62 20.60 19.02 47.08 15.83 22.43 25.98 24.83 25.18 18.91 15.41
 4865.25 20.96 18.74 20.75 19.15 47.05 15.92 22.52 26.17 25.00 25.33 19.05 15.53
 4866.25 20.84 18.62 20.67 19.04 46.59 15.80 22.36 26.11 24.92 25.22 18.96 15.44
 4867.25 20.80 18.59 20.67 19.01 46.20 15.76 22.29 26.14 24.93 25.21 18.95 15.43
 4868.25 20.75 18.55 20.66 18.98 45.80 15.71 22.22 26.15 24.92 25.18 18.94 15.40
 4869.25 20.64 18.44 20.59 18.88 45.33 15.60 22.07 26.11 24.86 25.09 18.86 15.32
 4870.25 20.40 18.22 20.39 18.67 44.73 15.38 21.81 25.93 24.66 24.87 18.67 15.13
 4871.25 20.45 18.27 20.48 18.72 44.42 15.42 21.83 26.05 24.76 24.94 18.75 15.19
 4872.25 21.07 18.88 21.14 19.34 44.67 15.98 22.43 26.77 25.45 25.61 19.39 15.77
 4873.25 21.38 19.19 21.50 19.66 44.61 16.26 22.72 27.17 25.82 25.96 19.74 16.08
 4874.25 21.04 18.86 21.19 19.34 43.90 15.94 22.34 26.89 25.51 25.63 19.43 15.79
 4875.25 20.74 18.57 20.93 19.06 43.23 15.67 22.01 26.65 25.23 25.34 19.18 15.54
 4876.25 20.67 18.51 20.90 19.00 42.78 15.59 21.91 26.64 25.16 25.29 19.14 15.49
 4877.25 20.68 18.51 20.94 19.01 42.39 15.59 21.88 26.71 25.16 25.31 19.17 15.51
 4878.25 20.52 18.36 20.81 18.86 41.84 15.43 21.68 26.60 24.98 25.16 19.05 15.38
 4879.25 20.52 18.35 20.84 18.86 41.44 15.42 21.64 26.66 24.97 25.17 19.07 15.39
 4880.25 20.33 18.17 20.68 18.68 40.84 15.24 21.41 26.52 24.76 24.99 18.91 15.23
 4881.25 19.99 17.84 20.37 18.36 40.08 14.93 21.04 26.23 24.40 24.65 18.61 14.95
 4882.25 20.07 17.92 20.47 18.44 39.75 14.99 21.08 26.37 24.47 24.75 18.72 15.03
 4883.25 20.26 18.09 20.66 18.63 39.54 15.14 21.23 26.63 24.66 24.96 18.93 15.21
 4884.25 20.18 18.01 20.56 18.56 39.04 15.06 21.11 26.61 24.56 24.89 18.88 15.15
 4885.25 20.23 18.06 20.58 18.61 38.67 15.09 21.12 26.72 24.60 24.95 18.95 15.20
 4886.25 20.24 18.07 20.57 18.63 38.27 15.09 21.09 26.80 24.61 24.99 18.99 15.23
 4887.25 20.32 18.14 20.63 18.71 37.92 15.15 21.13 26.94 24.68 25.08 19.10 15.31
 4888.25 20.35 18.16 20.62 18.74 37.52 15.16 21.11 27.02 24.69 25.12 19.14 15.35
 4889.25 20.27 18.09 20.53 18.67 37.01 15.09 21.00 27.01 24.61 25.06 19.10 15.29
 4890.25 20.41 18.22 20.63 18.80 36.71 15.19 21.09 27.21 24.74 25.21 19.26 15.42
 4891.25 20.45 18.26 20.65 18.85 36.31 15.22 21.09 27.31 24.77 25.27 19.32 15.47
 4892.25 20.59 18.40 20.77 18.99 36.02 15.33 21.19 27.52 24.91 25.44 19.49 15.61
 4893.25 20.63 18.46 20.79 19.03 35.61 15.36 21.20 27.63 24.94 25.50 19.56 15.66
 4894.25 20.51 18.36 20.64 18.90 35.03 15.24 21.04 27.56 24.81 25.39 19.47 15.57
 4895.25 20.51 18.37 20.62 18.87 34.56 15.23 20.99 27.62 24.79 25.40 19.49 15.58
 4896.25 20.38 18.25 20.46 18.70 33.95 15.10 20.82 27.53 24.64 25.27 19.38 15.47
 4897.25 20.23 18.13 20.28 18.52 33.32 14.96 20.62 27.43 24.47 25.13 19.26 15.35
 4898.25 20.26 18.17 20.29 18.51 32.88 14.97 20.61 27.52 24.50 25.17 19.32 15.39
 4899.25 20.44 18.36 20.45 18.65 32.62 15.12 20.76 27.78 24.68 25.38 19.53 15.57
 4900.25 20.76 18.68 20.74 18.92 32.64 15.40 21.04 28.18 25.01 25.74 19.87 15.87
 4901.25 20.99 18.92 20.94 19.11 32.73 15.59 21.23 28.47 25.23 25.99 20.12 16.09
 4902.25 20.78 18.72 20.71 18.86 32.42 15.39 20.97 28.31 25.00 25.78 19.93 15.91
 4903.25 20.77 18.73 20.67 18.82 32.34 15.37 20.92 28.36 24.98 25.79 19.95 15.91
 4904.25 21.11 19.08 20.99 19.11 32.63 15.67 21.23 28.78 25.33 26.16 20.32 16.24
 4905.25 21.06 19.05 20.93 19.04 32.51 15.62 21.15 28.80 25.28 26.14 20.31 16.22
 4906.25 20.68 18.72 20.55 18.66 32.06 15.30 20.76 28.49 24.91 25.79 19.99 15.91
 4907.25 20.66 18.74 20.53 18.62 31.99 15.30 20.73 28.56 24.91 25.82 20.03 15.93
 4908.25 20.84 18.96 20.71 18.79 32.14 15.48 20.91 28.85 25.13 26.06 20.27 16.14
 4909.25 20.99 19.15 20.86 18.92 32.25 15.64 21.05 29.10 25.31 26.26 20.48 16.32
 4910.25 21.07 19.27 20.96 19.00 32.30 15.75 21.13 29.29 25.43 26.39 20.63 16.45
 4911.25 21.06 19.31 20.95 18.98 32.24 15.77 21.12 29.37 25.44 26.42 20.68 16.48
 4912.25 21.01 19.30 20.91 18.93 32.15 15.76 21.07 29.42 25.42 26.41 20.69 16.48
 4913.25 20.96 19.30 20.86 18.86 32.05 15.75 21.01 29.46 25.40 26.39 20.70 16.48
 4914.25 20.90 19.28 20.80 18.79 31.94 15.73 20.94 29.49 25.36 26.36 20.70 16.46
 4915.25 20.75 19.18 20.66 18.64 31.74 15.63 20.79 29.43 25.23 26.24 20.61 16.37
 4916.25 20.55 19.02 20.46 18.44 31.48 15.48 20.58 29.27 25.05 26.07 20.47 16.23
 4917.25 20.50 19.01 20.41 18.38 31.38 15.46 20.52 29.21 25.02 26.05 20.48 16.22
 4918.25 20.61 19.17 20.50 18.48 31.46 15.60 20.63 29.29 25.17 26.21 20.65 16.37
 4919.25 20.95 19.54 20.81 18.80 31.77 15.94 20.96 29.60 25.55 26.61 21.06 16.72
 4920.25 21.38 20.01 21.22 19.21 32.18 16.37 21.39 30.01 26.03 27.10 21.56 17.17
 4921.25 21.53 20.20 21.34 19.35 32.29 16.54 21.54 30.12 26.21 27.29 21.77 17.35
 4922.25 21.48 20.20 21.26 19.29 32.20 16.53 21.48 30.02 26.19 27.28 21.78 17.34
 4923.25 21.39 20.15 21.13 19.19 32.06 16.48 21.38 29.88 26.12 27.22 21.75 17.29
 4924.25 21.59 20.42 21.30 19.38 32.22 16.70 21.58 30.05 26.36 27.47 22.03 17.52
 4925.25 21.54 20.44 21.22 19.32 32.13 16.69 21.53 29.95 26.33 27.46 22.05 17.52
 4926.25 21.31 20.28 20.95 19.08 31.84 16.50 21.29 29.66 26.10 27.25 21.89 17.33
 4927.25 21.42 20.47 21.03 19.18 31.91 16.64 21.40 29.73 26.23 27.41 22.07 17.48
 4928.25 21.37 20.49 20.95 19.12 31.81 16.63 21.35 29.63 26.19 27.40 22.09 17.47
 4929.25 21.30 20.50 20.85 19.05 31.69 16.60 21.30 29.51 26.13 27.36 22.09 17.45
 4930.25 21.22 20.50 20.73 18.96 31.57 16.56 21.23 29.38 26.06 27.32 22.09 17.41
 4931.25 21.24 20.59 20.72 18.98 31.54 16.61 21.27 29.35 26.09 27.38 22.18 17.47
 4932.25 21.19 20.62 20.64 18.93 31.45 16.60 21.24 29.26 26.05 27.37 22.20 17.47
 4933.25 21.06 20.57 20.48 18.81 31.27 16.51 21.12 29.08 25.93 27.27 22.14 17.38
 4934.25 21.33 20.91 20.72 19.07 31.50 16.79 21.40 29.31 26.22 27.59 22.49 17.68
 4935.25 21.54 21.20 20.89 19.27 31.67 17.02 21.63 29.47 26.45 27.85 22.77 17.92
 4936.25 21.39 21.12 20.70 19.13 31.46 16.91 21.49 29.27 26.30 27.73 22.68 17.81
 4937.25 21.30 21.10 20.58 19.04 31.32 16.86 21.41 29.12 26.21 27.67 22.66 17.76
 4938.25 21.25 21.11 20.48 18.98 31.21 16.84 21.36 29.01 26.16 27.64 22.67 17.74
 4939.25 21.20 21.13 20.39 18.93 31.10 16.82 21.32 28.90 26.11 27.62 22.68 17.73
 4940.25 21.60 21.60 20.75 19.31 31.45 17.22 21.73 29.26 26.53 28.06 23.15 18.14
 4941.25 21.67 21.73 20.77 19.37 31.46 17.31 21.80 29.27 26.60 28.16 23.28 18.24
 4942.25 21.53 21.66 20.59 19.23 31.25 17.20 21.66 29.06 26.45 28.05 23.20 18.13
 4943.25 21.48 21.68 20.50 19.18 31.14 17.18 21.62 28.96 26.41 28.03 23.22 18.12
 4944.25 21.41 21.67 20.39 19.10 31.01 17.14 21.56 28.83 26.34 27.99 23.21 18.09
 4945.25 21.39 21.73 20.33 19.08 30.93 17.15 21.55 28.75 26.33 28.00 23.26 18.10
 4946.25 21.48 21.88 20.38 19.16 30.96 17.26 21.65 28.79 26.42 28.13 23.41 18.22
 4947.25 21.64 22.11 20.49 19.31 31.05 17.44 21.81 28.89 26.58 28.32 23.63 18.40
 4948.25 21.49 22.02 20.30 19.16 30.83 17.32 21.67 28.68 26.43 28.19 23.54 18.29
 4949.25 21.27 21.87 20.04 18.95 30.55 17.15 21.46 28.40 26.22 28.00 23.39 18.12
 4950.25 21.19 21.86 19.92 18.87 30.40 17.10 21.39 28.26 26.14 27.95 23.37 18.08
 4951.25 21.31 22.05 20.00 18.97 30.46 17.24 21.51 28.32 26.26 28.10 23.55 18.22
 4952.25 21.40 22.20 20.05 19.05 30.49 17.36 21.61 28.35 26.35 28.23 23.71 18.34
 4953.25 21.33 22.20 19.95 18.98 30.35 17.34 21.55 28.23 26.29 28.19 23.70 18.31
 4954.25 21.28 22.22 19.89 18.93 30.24 17.34 21.51 28.12 26.24 28.17 23.72 18.30
 4955.25 21.32 22.33 19.91 18.96 30.21 17.42 21.55 28.10 26.29 28.24 23.82 18.37
 4956.25 21.44 22.53 20.01 19.07 30.27 17.57 21.68 28.16 26.41 28.39 24.00 18.51
 4957.25 21.38 22.58 19.93 19.01 30.14 17.55 21.62 28.04 26.35 28.36 24.00 18.49
 4958.25 21.51 22.84 20.05 19.13 30.21 17.72 21.77 28.12 26.49 28.53 24.20 18.65
 4959.25 21.49 22.94 20.00 19.10 30.12 17.74 21.75 28.03 26.47 28.54 24.24 18.66
 4960.25 21.04 22.61 19.55 18.66 29.59 17.36 21.30 27.51 26.01 28.10 23.84 18.26
 4961.25 20.86 22.55 19.36 18.49 29.34 17.23 21.14 27.26 25.83 27.94 23.73 18.12
 4962.25 20.90 22.72 19.38 18.52 29.32 17.31 21.18 27.25 25.88 28.00 23.83 18.19
 4963.25 20.89 22.83 19.36 18.51 29.24 17.35 21.18 27.18 25.87 28.00 23.88 18.22
 4964.25 20.72 22.78 19.17 18.34 29.00 17.23 21.02 26.96 25.69 27.83 23.77 18.08
 4965.25 20.56 22.73 18.99 18.17 28.75 17.11 20.85 26.76 25.52 27.66 23.65 17.95
 4966.25 20.66 22.95 19.06 18.25 28.78 17.24 20.95 26.85 25.62 27.76 23.81 18.08
 4967.25 20.63 23.03 19.01 18.22 28.68 17.25 20.93 26.80 25.59 27.74 23.84 18.08
 4968.25 20.44 22.95 18.80 18.02 28.39 17.10 20.73 26.57 25.38 27.53 23.69 17.91
 4969.25 20.51 23.14 18.85 18.09 28.40 17.20 20.80 26.63 25.45 27.61 23.83 18.01
 4970.25 20.68 23.42 18.98 18.26 28.50 17.39 20.97 26.78 25.62 27.78 24.05 18.20
 4971.25 20.74 23.60 19.02 18.34 28.49 17.48 21.03 26.82 25.68 27.85 24.17 18.28
 4972.25 20.58 23.55 18.84 18.20 28.24 17.37 20.88 26.63 25.51 27.68 24.06 18.15
 4973.25 20.49 23.56 18.72 18.12 28.06 17.31 20.79 26.50 25.40 27.58 24.01 18.09
 4974.25 20.68 23.88 18.89 18.33 28.20 17.53 21.01 26.69 25.61 27.79 24.27 18.31
 4975.25 20.81 24.12 18.99 18.47 28.26 17.69 21.16 26.80 25.73 27.92 24.46 18.48
 4976.25 20.74 24.16 18.89 18.41 28.10 17.65 21.10 26.70 25.64 27.84 24.44 18.45
 4977.25 20.71 24.24 18.84 18.40 27.99 17.66 21.10 26.65 25.60 27.82 24.47 18.47
 4978.25 20.74 24.38 18.85 18.44 27.95 17.72 21.14 26.65 25.62 27.84 24.56 18.54
 4979.25 20.85 24.60 18.92 18.55 27.98 17.86 21.27 26.74 25.72 27.95 24.73 18.69
 4980.25 21.00 24.87 19.05 18.72 28.05 18.04 21.45 26.88 25.87 28.12 24.95 18.88
 4981.25 21.04 25.02 19.06 18.77 27.99 18.10 21.50 26.89 25.89 28.15 25.05 18.96
 4982.25 21.11 25.20 19.10 18.85 27.96 18.21 21.59 26.94 25.95 28.23 25.19 19.07
 4983.25 21.41 25.62 19.37 19.16 28.17 18.53 21.92 27.23 26.25 28.54 25.56 19.41
 4984.25 21.73 26.06 19.66 19.49 28.40 18.88 22.26 27.53 26.56 28.87 25.95 19.77
 4985.25 21.72 26.16 19.62 19.49 28.28 18.90 22.27 27.50 26.54 28.86 26.00 19.81
 4986.25 21.60 26.14 19.47 19.38 28.05 18.81 22.16 27.35 26.40 28.73 25.94 19.73
 4987.25 21.44 26.09 19.30 19.24 27.79 18.69 22.02 27.16 26.22 28.56 25.84 19.62
 4988.25 21.11 25.87 18.95 18.93 27.34 18.41 21.71 26.79 25.87 28.22 25.56 19.34
 4989.25 20.96 25.88 18.80 18.81 27.08 18.30 21.58 26.62 25.70 28.07 25.47 19.24
 4990.25 21.07 26.20 18.90 18.93 27.09 18.44 21.71 26.71 25.81 28.18 25.65 19.39
 4991.25 21.07 26.41 18.88 18.94 26.99 18.48 21.73 26.68 25.79 28.18 25.71 19.43
 4992.25 21.10 26.66 18.90 18.98 26.91 18.53 21.78 26.69 25.81 28.21 25.80 19.50
 4993.25 21.01 26.78 18.80 18.92 26.71 18.49 21.71 26.58 25.70 28.12 25.78 19.47
 4994.25 20.99 26.97 18.77 18.91 26.59 18.49 21.71 26.53 25.67 28.10 25.82 19.49
 4995.25 21.10 27.30 18.87 19.04 26.60 18.63 21.85 26.63 25.78 28.22 26.00 19.65
 4996.25 21.05 27.48 18.83 19.02 26.46 18.62 21.84 26.57 25.73 28.18 26.03 19.66
 4997.25 20.99 27.64 18.77 18.99 26.30 18.59 21.81 26.50 25.67 28.13 26.04 19.66
 4998.25 21.04 27.93 18.83 19.08 26.27 18.68 21.90 26.55 25.73 28.21 26.18 19.77
 4999.25 21.01 28.12 18.80 19.08 26.15 18.69 21.91 26.51 25.71 28.20 26.23 19.81
 5000.25 20.99 28.33 18.80 19.10 26.05 18.71 21.93 26.49 25.70 28.20 26.30 19.85
 5001.25 20.98 28.55 18.79 19.12 25.95 18.75 21.96 26.48 25.70 28.21 26.37 19.91
 5002.25 20.92 28.71 18.74 19.10 25.80 18.73 21.94 26.41 25.64 28.17 26.39 19.91
 5003.25 20.99 29.01 18.81 19.20 25.78 18.83 22.05 26.47 25.71 28.26 26.54 20.04
 5004.25 21.01 29.25 18.84 19.25 25.71 18.88 22.10 26.48 25.74 28.29 26.64 20.12
 5005.25 20.84 29.30 18.69 19.12 25.45 18.75 21.97 26.30 25.56 28.13 26.53 20.01
 5006.25 20.77 29.45 18.62 19.08 25.28 18.72 21.92 26.21 25.48 28.06 26.53 19.99
 5007.25 20.89 29.79 18.74 19.21 25.31 18.86 22.07 26.31 25.60 28.19 26.73 20.16
 5008.25 20.83 29.95 18.69 19.16 25.16 18.84 22.05 26.24 25.54 28.14 26.74 20.16
 5009.25 20.77 30.10 18.64 19.11 25.00 18.81 22.02 26.16 25.47 28.09 26.75 20.16
 5010.25 20.67 30.22 18.56 19.03 24.81 18.75 21.95 26.05 25.37 28.00 26.72 20.12
 5011.25 20.67 30.43 18.56 19.04 24.72 18.78 21.98 26.04 25.37 28.01 26.79 20.17
 5012.25 20.77 30.76 18.67 19.15 24.73 18.91 22.11 26.16 25.47 28.12 26.97 20.33
 5013.25 20.95 31.17 18.85 19.34 24.83 19.12 22.33 26.38 25.66 28.33 27.23 20.57
 5014.25 21.04 31.47 18.95 19.44 24.83 19.24 22.46 26.49 25.75 28.44 27.40 20.71
 5015.25 21.13 31.77 19.03 19.53 24.82 19.36 22.57 26.60 25.83 28.54 27.55 20.85
 5016.25 21.02 31.87 18.93 19.43 24.61 19.28 22.49 26.51 25.72 28.45 27.51 20.80
 5017.25 20.82 31.88 18.74 19.24 24.31 19.12 22.32 26.32 25.51 28.27 27.38 20.65
 5018.25 20.88 32.15 18.81 19.31 24.28 19.21 22.41 26.41 25.57 28.35 27.51 20.77
 5019.25 21.16 32.65 19.09 19.60 24.47 19.52 22.71 26.72 25.86 28.66 27.87 21.10
 5020.25 21.11 32.80 19.06 19.56 24.36 19.51 22.69 26.70 25.81 28.64 27.90 21.12
 5021.25 20.90 32.71 18.85 19.36 24.10 19.33 22.49 26.50 25.58 28.44 27.75 20.96
 5022.25 20.99 32.79 18.95 19.46 24.17 19.45 22.60 26.61 25.67 28.56 27.91 21.10
 5023.25 21.11 32.85 19.08 19.60 24.27 19.61 22.75 26.77 25.80 28.71 28.11 21.28
 5024.25 21.11 32.76 19.09 19.60 24.25 19.64 22.77 26.79 25.80 28.73 28.18 21.34
 5025.25 21.04 32.60 19.04 19.55 24.16 19.61 22.73 26.74 25.75 28.68 28.19 21.33
 5026.25 21.08 32.54 19.08 19.59 24.17 19.67 22.78 26.80 25.81 28.74 28.29 21.41
 5027.25 21.19 32.57 19.20 19.71 24.26 19.82 22.91 26.94 25.97 28.88 28.48 21.58
 5028.25 21.32 32.60 19.33 19.84 24.36 19.97 23.06 27.08 26.13 29.02 28.67 21.76
 5029.25 21.42 32.61 19.43 19.95 24.44 20.10 23.18 27.21 26.27 29.15 28.84 21.91
 5030.25 21.21 32.31 19.24 19.76 24.20 19.93 22.99 27.02 26.10 28.96 28.70 21.76
 5031.25 20.98 31.98 19.03 19.54 23.94 19.73 22.78 26.80 25.90 28.74 28.53 21.59
 5032.25 20.94 31.84 18.99 19.50 23.87 19.71 22.75 26.77 25.89 28.71 28.55 21.59
 5033.25 20.91 31.71 18.97 19.48 23.81 19.72 22.74 26.76 25.90 28.70 28.59 21.62
 5034.25 20.75 31.45 18.82 19.33 23.62 19.59 22.59 26.62 25.77 28.56 28.50 21.52
 5035.25 20.65 31.25 18.73 19.24 23.49 19.52 22.51 26.53 25.70 28.47 28.46 21.48
 5036.25 20.78 31.30 18.87 19.38 23.61 19.70 22.67 26.69 25.88 28.63 28.67 21.67
 5037.25 20.97 31.39 19.07 19.57 23.77 19.95 22.88 26.91 26.11 28.85 28.94 21.92
 5038.25 20.79 31.11 18.90 19.40 23.56 19.85 22.71 26.74 25.96 28.68 28.82 21.80
 5039.25 20.60 30.82 18.72 19.22 23.34 19.73 22.53 26.56 25.80 28.50 28.69 21.66
 5040.25 20.72 30.85 18.85 19.35 23.44 19.93 22.68 26.71 25.97 28.65 28.90 21.85
 5041.25 20.82 30.85 18.95 19.45 23.51 20.10 22.79 26.83 26.10 28.77 29.06 22.00
 5042.25 20.95 30.89 19.09 19.59 23.62 20.32 22.95 26.99 26.28 28.93 29.27 22.20
 5043.25 21.04 30.88 19.19 19.69 23.69 20.48 23.06 27.10 26.41 29.04 29.43 22.34
 5044.25 20.69 30.42 18.85 19.36 23.30 20.21 22.72 26.76 26.09 28.70 29.14 22.05
 5045.25 20.51 30.13 18.68 19.18 23.09 20.10 22.56 26.59 25.94 28.53 29.02 21.92
 5046.25 20.48 30.01 18.67 19.17 23.04 20.15 22.55 26.58 25.95 28.52 29.07 21.95
 5047.25 20.34 29.76 18.54 19.04 22.87 20.09 22.42 26.46 25.84 28.39 28.99 21.87
 5048.25 20.29 29.60 18.49 19.00 22.78 20.11 22.39 26.42 25.82 28.35 29.00 21.87
 5049.25 20.41 29.63 18.62 19.13 22.88 20.31 22.53 26.57 25.98 28.50 29.20 22.05
 5050.25 20.52 29.64 18.74 19.24 22.97 20.49 22.66 26.70 26.13 28.63 29.38 22.22
 5051.25 20.45 29.47 18.68 19.19 22.87 20.50 22.61 26.65 26.10 28.58 29.38 22.21
 5052.25 20.40 29.31 18.63 19.14 22.78 20.52 22.57 26.61 26.08 28.54 29.39 22.21
 5053.25 20.48 29.29 18.73 19.24 22.85 20.68 22.68 26.72 26.21 28.65 29.55 22.36
 5054.25 20.42 29.11 18.67 19.18 22.75 20.69 22.63 26.67 26.18 28.61 29.55 22.35
 5055.25 20.38 28.94 18.63 19.15 22.68 20.72 22.60 26.64 26.16 28.58 29.57 22.36
 5056.25 20.32 28.75 18.58 19.09 22.58 20.73 22.56 26.60 26.13 28.53 29.57 22.35
 5057.25 20.32 28.61 18.57 19.08 22.54 20.79 22.56 26.60 26.15 28.53 29.62 22.39
 5058.25 20.35 28.50 18.60 19.11 22.53 20.88 22.59 26.64 26.21 28.57 29.71 22.46
 5059.25 20.31 28.32 18.57 19.07 22.45 20.90 22.56 26.60 26.19 28.54 29.73 22.47
 5060.25 20.30 28.17 18.56 19.05 22.39 20.95 22.55 26.58 26.20 28.53 29.77 22.50
 5061.25 20.41 28.14 18.68 19.16 22.47 21.13 22.67 26.69 26.34 28.65 29.94 22.66
 5062.25 20.42 28.01 18.69 19.16 22.44 21.19 22.68 26.69 26.37 28.67 30.00 22.70
 5063.25 20.38 27.82 18.65 19.12 22.36 21.21 22.63 26.64 26.35 28.63 30.01 22.71
 5064.25 20.42 27.72 18.70 19.16 22.36 21.32 22.66 26.68 26.42 28.68 30.11 22.79
 5065.25 20.64 27.81 18.91 19.37 22.55 21.60 22.87 26.90 26.67 28.92 30.39 23.06
 5066.25 20.89 27.92 19.17 19.62 22.77 21.92 23.11 27.16 26.96 29.20 30.71 23.36
 5067.25 20.81 27.69 19.09 19.53 22.64 21.89 23.01 27.06 26.89 29.16 30.67 23.32
 5068.25 20.75 27.48 19.03 19.46 22.54 21.89 22.93 27.00 26.85 29.17 30.67 23.30
 5069.25 20.82 27.41 19.10 19.53 22.57 22.02 22.99 27.06 26.95 29.31 30.79 23.41
 5070.25 20.84 27.28 19.13 19.54 22.55 22.10 22.99 27.07 26.99 29.40 30.87 23.48
 5071.25 20.67 26.96 18.97 19.38 22.34 21.99 22.81 26.90 26.84 29.30 30.75 23.35
 5072.25 20.66 26.80 18.97 19.37 22.29 22.04 22.78 26.88 26.86 29.36 30.80 23.39
 5073.25 20.87 26.87 19.17 19.57 22.47 22.31 22.98 27.09 27.10 29.64 31.07 23.64
 5074.25 20.88 26.72 19.18 19.57 22.43 22.38 22.97 27.09 27.13 29.72 31.13 23.69
 5075.25 20.87 26.56 19.18 19.56 22.38 22.43 22.95 27.08 27.17 29.78 31.17 23.72
 5076.25 20.92 26.46 19.23 19.60 22.39 22.54 22.98 27.12 27.30 29.90 31.28 23.82
 5077.25 20.83 26.21 19.15 19.51 22.26 22.51 22.87 27.02 27.30 29.87 31.24 23.77
 5078.25 20.64 25.87 18.97 19.32 22.03 22.39 22.67 26.83 27.19 29.75 31.10 23.62
 5079.25 20.48 25.55 18.81 19.16 21.83 22.35 22.49 26.65 27.12 29.65 30.99 23.50
 5080.25 20.59 25.51 18.93 19.26 21.90 22.62 22.59 26.76 27.32 29.83 31.16 23.65
 5081.25 20.79 25.56 19.13 19.46 22.07 23.01 22.78 26.97 27.62 30.11 31.42 23.90
 5082.25 20.72 25.33 19.06 19.40 21.95 23.11 22.69 26.89 27.64 30.11 31.40 23.87
 5083.25 20.54 24.99 18.89 19.23 21.73 23.10 22.49 26.69 27.54 29.98 31.26 23.73
 5084.25 20.49 24.77 18.84 19.18 21.63 23.22 22.42 26.63 27.57 30.00 31.26 23.71
 5085.25 20.60 24.73 18.95 19.30 21.70 23.51 22.51 26.74 27.78 30.18 31.43 23.87
 5086.25 20.56 24.55 18.91 19.26 21.62 23.64 22.45 26.69 27.82 30.20 31.43 23.86
 5087.25 20.50 24.39 18.85 19.20 21.51 23.74 22.37 26.61 27.84 30.20 31.41 23.83
 5088.25 20.46 24.28 18.80 19.15 21.41 23.86 22.30 26.55 27.87 30.21 31.40 23.82
 5089.25 20.42 24.17 18.76 19.12 21.33 23.99 22.24 26.50 27.91 30.23 31.40 23.82
 5090.25 20.40 24.09 18.73 19.10 21.26 24.13 22.19 26.46 27.97 30.27 31.41 23.84
 5091.25 20.27 23.89 18.60 18.97 21.07 24.15 22.04 26.31 27.91 30.19 31.30 23.75
 5092.25 20.28 23.82 18.60 18.98 21.03 24.32 22.01 26.30 28.00 30.25 31.33 23.80
 5093.25 20.31 23.79 18.63 19.01 21.01 24.51 22.02 26.32 28.11 30.34 31.39 23.87
 5094.25 20.23 23.64 18.55 18.93 20.88 24.59 21.92 26.22 28.10 30.32 31.34 23.83
 5095.25 20.22 23.56 18.54 18.92 20.82 24.73 21.88 26.20 28.17 30.37 31.36 23.86
 5096.25 20.31 23.58 18.61 19.00 20.85 24.98 21.94 26.27 28.34 30.51 31.47 23.99
 5097.25 20.42 23.63 18.72 19.11 20.91 25.25 22.03 26.37 28.53 30.69 31.62 24.14
 5098.25 20.65 23.79 18.94 19.33 21.09 25.64 22.24 26.59 28.85 30.98 31.88 24.42
 5099.25 20.79 23.87 19.08 19.47 21.19 25.94 22.36 26.72 29.07 31.18 32.06 24.61
 5100.25 20.88 23.89 19.16 19.56 21.24 26.19 22.43 26.80 29.24 31.33 32.18 24.74
 5101.25 20.78 23.72 19.06 19.47 21.11 26.24 22.30 26.69 29.22 31.29 32.11 24.68
 5102.25 20.62 23.49 18.90 19.31 20.92 26.23 22.11 26.51 29.13 31.18 31.97 24.55
 5103.25 20.56 23.35 18.83 19.24 20.83 26.31 22.02 26.42 29.13 31.17 31.93 24.52
 5104.25 20.60 23.32 18.87 19.28 20.85 26.50 22.04 26.45 29.25 31.27 32.00 24.61
 5105.25 20.72 23.38 18.99 19.40 20.95 26.78 22.14 26.56 29.46 31.45 32.15 24.78
 5106.25 20.73 23.32 19.00 19.41 20.94 26.94 22.12 26.55 29.54 31.52 32.19 24.82
 5107.25 20.79 23.31 19.05 19.47 20.97 27.14 22.15 26.58 29.67 31.63 32.27 24.92
 5108.25 20.99 23.44 19.24 19.66 21.14 27.49 22.33 26.75 29.95 31.88 32.50 25.16
 5109.25 21.20 23.59 19.44 19.87 21.33 27.86 22.53 26.94 30.24 32.15 32.74 25.41
 5110.25 21.13 23.45 19.37 19.81 21.24 27.93 22.45 26.84 30.24 32.14 32.69 25.38
 5111.25 21.21 23.46 19.45 19.88 21.30 28.15 22.51 26.89 30.39 32.27 32.80 25.50
 5112.25 21.18 23.35 19.41 19.85 21.24 28.26 22.46 26.82 30.43 32.28 32.79 25.50
 5113.25 20.88 22.98 19.12 19.55 20.91 28.10 22.14 26.48 30.20 32.04 32.51 25.23
 5114.25 20.76 22.78 18.99 19.43 20.77 28.11 22.00 26.33 30.14 31.96 32.41 25.14
 5115.25 20.87 22.82 19.10 19.54 20.86 28.37 22.10 26.41 30.33 32.13 32.55 25.30
 5116.25 20.99 22.86 19.20 19.65 20.94 28.62 22.19 26.49 30.51 32.29 32.69 25.45
 5117.25 21.02 22.82 19.23 19.68 20.95 28.80 22.21 26.49 30.62 32.38 32.74 25.52
 5118.25 20.88 22.60 19.08 19.53 20.77 28.78 22.04 26.31 30.53 32.27 32.61 25.40
 5119.25 20.75 22.41 18.94 19.40 20.61 28.78 21.88 26.13 30.46 32.15 32.49 25.29
 5120.25 20.72 22.34 18.91 19.38 20.56 28.89 21.83 26.07 30.50 32.12 32.49 25.30
 5121.25 20.79 22.37 18.97 19.44 20.59 29.13 21.88 26.10 30.63 32.18 32.58 25.40
 5122.25 20.84 22.38 19.01 19.49 20.61 29.41 21.91 26.12 30.75 32.22 32.65 25.48
 5123.25 20.82 22.33 18.99 19.47 20.57 29.66 21.87 26.06 30.80 32.20 32.65 25.50
 5124.25 20.88 22.35 19.04 19.53 20.60 29.99 21.91 26.09 30.93 32.25 32.73 25.59
 5125.25 20.98 22.41 19.12 19.63 20.67 30.35 21.98 26.15 31.09 32.34 32.85 25.72
 5126.25 21.02 22.41 19.15 19.66 20.68 30.66 22.00 26.16 31.20 32.37 32.91 25.79
 5127.25 21.01 22.37 19.14 19.66 20.65 30.91 21.98 26.12 31.26 32.36 32.92 25.82
 5128.25 20.94 22.25 19.07 19.59 20.54 31.10 21.88 26.01 31.26 32.27 32.87 25.78
 5129.25 20.91 22.19 19.04 19.56 20.49 31.32 21.83 25.94 31.29 32.23 32.85 25.78
 5130.25 20.95 22.18 19.07 19.60 20.49 31.62 21.85 25.94 31.40 32.26 32.91 25.85
 5131.25 20.85 22.05 18.97 19.50 20.37 31.77 21.73 25.80 31.37 32.15 32.83 25.78
 5132.25 20.59 21.74 18.72 19.24 20.08 31.75 21.44 25.49 31.16 31.87 32.58 25.54
 5133.25 20.50 21.61 18.62 19.15 19.96 31.90 21.33 25.36 31.13 31.76 32.50 25.47
 5134.25 20.51 21.58 18.63 19.16 19.93 32.15 21.31 25.33 31.20 31.76 32.52 25.51
 5135.25 20.55 21.58 18.66 19.20 19.94 32.44 21.33 25.33 31.31 31.79 32.58 25.58
 5136.25 20.46 21.45 18.57 19.11 19.83 32.59 21.22 25.21 31.28 31.69 32.50 25.52
 5137.25 20.50 21.45 18.61 19.15 19.84 32.88 21.24 25.21 31.39 31.72 32.57 25.59
 5138.25 20.71 21.62 18.81 19.36 20.02 33.34 21.43 25.39 31.68 31.93 32.80 25.84
 5139.25 20.75 21.62 18.85 19.39 20.03 33.61 21.45 25.39 31.78 31.96 32.86 25.91
 5140.25 20.92 21.75 19.01 19.56 20.18 34.03 21.60 25.53 32.02 32.13 33.05 26.11
 5141.25 21.05 21.85 19.14 19.69 20.31 34.40 21.71 25.64 32.23 32.25 33.21 26.28
 5142.25 20.70 21.45 18.79 19.34 19.95 34.26 21.33 25.23 31.92 31.87 32.85 25.94
 5143.25 20.73 21.45 18.82 19.38 19.99 34.54 21.34 25.23 32.02 31.90 32.90 26.01
 5144.25 20.92 21.60 19.01 19.57 20.18 34.96 21.52 25.39 32.29 32.09 33.10 26.24
 5145.25 20.86 21.50 18.94 19.51 20.12 35.13 21.43 25.29 32.29 32.02 33.04 26.20
 5146.25 20.86 21.46 18.94 19.51 20.12 35.36 21.41 25.26 32.35 32.01 33.04 26.24
 5147.25 20.93 21.50 19.01 19.58 20.19 35.66 21.47 25.30 32.50 32.08 33.12 26.35
 5148.25 20.94 21.47 19.02 19.59 20.20 35.90 21.46 25.27 32.57 32.08 33.13 26.41
 5149.25 20.97 21.46 19.05 19.62 20.23 36.16 21.47 25.27 32.67 32.10 33.17 26.48
 5150.25 21.03 21.49 19.11 19.69 20.30 36.45 21.51 25.30 32.80 32.16 33.24 26.59
 5151.25 21.08 21.51 19.16 19.74 20.35 36.72 21.54 25.32 32.92 32.20 33.29 26.68
 5152.25 21.09 21.50 19.17 19.76 20.37 36.96 21.54 25.30 33.00 32.21 33.31 26.74
 5153.25 21.12 21.51 19.21 19.79 20.40 37.21 21.56 25.30 33.10 32.24 33.35 26.82
 5154.25 21.11 21.49 19.20 19.79 20.39 37.42 21.54 25.25 33.16 32.23 33.34 26.85
 5155.25 21.16 21.52 19.25 19.84 20.45 37.69 21.59 25.27 33.27 32.27 33.40 26.95
 5156.25 21.18 21.52 19.26 19.87 20.47 37.93 21.59 25.24 33.36 32.28 33.42 27.01
 5157.25 21.19 21.52 19.28 19.90 20.48 38.15 21.60 25.22 33.43 32.29 33.44 27.06
 5158.25 21.17 21.48 19.26 19.91 20.46 38.35 21.57 25.16 33.48 32.26 33.42 27.09
 5159.25 21.14 21.44 19.23 19.91 20.44 38.54 21.53 25.09 33.52 32.23 33.40 27.10
 5160.25 21.17 21.45 19.26 19.97 20.47 38.78 21.56 25.09 33.62 32.25 33.44 27.18
 5161.25 21.25 21.52 19.34 20.07 20.55 39.07 21.63 25.13 33.76 32.32 33.52 27.30
 5162.25 21.24 21.49 19.33 20.09 20.54 39.26 21.61 25.08 33.81 32.31 33.51 27.33
 5163.25 21.30 21.53 19.39 20.18 20.60 39.47 21.66 25.10 33.93 32.36 33.57 27.43
 5164.25 21.39 21.60 19.48 20.29 20.70 39.55 21.74 25.15 34.09 32.44 33.67 27.57
 5165.25 21.29 21.49 19.40 20.23 20.60 39.98 21.64 25.02 34.06 32.34 33.58 27.51
 5166.25 21.21 21.40 19.32 20.18 20.53 44.25 21.55 24.90 34.04 32.25 33.50 27.47
 5167.25 21.26 21.43 19.38 20.25 20.58 50.45 21.59 24.91 34.15 32.29 33.56 27.56
 5168.25 21.79 21.94 19.90 20.81 21.11 52.78 22.11 25.41 34.75 32.83 34.10 28.15
 5169.25 22.02 22.15 20.13 21.06 21.34 52.80 22.33 25.60 35.04 33.04 34.32 28.42
 5170.25 21.75 21.88 19.88 20.83 21.08 52.23 22.06 25.30 34.84 32.78 34.07 28.20
 5171.25 21.44 21.55 19.58 20.55 20.77 51.60 21.74 24.94 34.60 32.45 33.76 27.92
 5172.25 21.49 21.58 19.63 20.62 20.82 51.28 21.78 24.95 34.70 32.48 33.81 28.01
 5173.25 22.08 22.16 20.22 21.25 21.42 51.44 22.37 25.52 35.36 33.05 34.41 28.66
 5174.25 22.33 22.39 20.47 21.52 21.67 51.29 22.60 25.73 35.65 33.27 34.65 28.94
 5175.25 21.74 21.78 19.89 20.96 21.08 50.43 22.00 25.09 35.08 32.66 34.08 28.39
 5176.25 21.15 21.18 19.33 20.41 20.50 49.53 21.41 24.46 34.43 32.04 33.49 27.83
 5177.25 20.97 20.99 19.16 20.26 20.33 49.00 21.23 24.24 34.17 31.83 33.32 27.69
 5178.25 20.97 20.97 19.17 20.29 20.33 48.63 21.22 24.20 34.08 31.81 33.32 27.73
 5179.25 20.98 20.98 19.19 20.34 20.36 48.27 21.23 24.18 34.02 31.80 33.35 27.79
 5180.25 21.04 21.02 19.26 20.42 20.42 47.94 21.28 24.21 34.00 31.84 33.41 27.90
 5181.25 21.09 21.06 19.32 20.51 20.49 47.62 21.33 24.23 33.97 31.87 33.48 28.00
 5182.25 21.16 21.11 19.39 20.61 20.58 47.30 21.39 24.26 33.96 31.92 33.55 28.11
 5183.25 21.38 21.32 19.62 20.86 20.81 47.12 21.61 24.45 34.10 32.13 33.79 28.38
 5184.25 22.04 21.97 20.28 21.55 21.49 47.33 22.27 25.09 34.67 32.76 34.45 29.10
 5185.25 22.49 22.41 20.73 22.02 21.95 47.33 22.71 25.50 35.02 33.18 34.89 29.59
 5186.25 22.00 21.92 20.25 21.57 21.48 46.51 22.21 24.97 34.47 32.68 34.42 29.14
 5187.25 21.44 21.36 19.71 21.04 20.94 45.60 21.65 24.37 33.82 32.09 33.87 28.61
 5188.25 20.77 20.69 19.06 20.41 20.29 44.55 20.97 23.65 33.05 31.38 33.19 27.96
 5189.25 20.50 20.41 18.81 20.17 20.03 43.87 20.69 23.33 32.68 31.07 32.91 27.72
 5190.25 20.85 20.77 19.17 20.55 20.41 43.82 21.05 23.67 32.97 31.42 33.29 28.14
 5191.25 20.78 20.69 19.11 20.51 20.35 43.33 20.97 23.56 32.81 31.32 33.22 28.11
 5192.25 21.08 20.99 19.41 20.84 20.67 43.21 21.27 23.83 33.04 31.61 33.54 28.46
 5193.25 21.66 21.56 19.98 21.45 21.26 43.35 21.84 24.38 33.55 32.18 34.14 29.10
 5194.25 21.86 21.76 20.19 21.69 21.48 43.12 22.04 24.55 33.67 32.37 34.35 29.35
 5195.25 21.59 21.49 19.93 21.47 21.23 42.44 21.76 24.24 33.31 32.07 34.08 29.11
 5196.25 21.65 21.54 20.00 21.57 21.30 42.06 21.82 24.27 33.28 32.10 34.15 29.22
 5197.25 21.37 21.26 19.74 21.34 21.04 41.36 21.54 23.95 32.92 31.80 33.87 28.97
 5198.25 17.94 17.83 16.43 17.95 17.65 37.06 18.10 20.34 28.99 27.95 30.01 25.25
 5199.25 14.23 14.13 12.92 14.27 13.99 31.51 14.37 16.30 24.16 23.25 25.18 20.80
 5200.25 15.93 15.82 14.52 16.01 15.69 33.56 16.09 18.12 26.35 25.46 27.47 22.96
 5201.25 16.54 16.42 15.10 16.66 16.30 33.97 16.71 18.75 27.06 26.21 28.25 23.75
 5202.25 16.91 16.80 15.46 17.08 16.69 33.99 17.10 19.14 27.44 26.65 28.71 24.23
 5203.25 19.82 19.69 18.25 20.04 19.59 37.02 20.03 22.18 30.75 30.01 32.12 27.58
 5204.25 20.24 20.11 18.67 20.51 20.03 37.02 20.46 22.60 31.14 30.45 32.57 28.09
 5205.25 20.81 20.67 19.22 21.12 20.61 37.15 21.04 23.17 31.65 31.03 33.14 28.73
 5206.25 21.65 21.50 20.06 22.01 21.47 37.64 21.89 24.01 32.43 31.87 33.99 29.66
 5207.25 21.84 21.68 20.24 22.23 21.67 37.64 22.09 24.18 32.53 32.04 34.15 29.89
 5208.25 21.68 21.51 20.08 22.11 21.52 37.40 21.93 24.01 32.28 31.85 33.98 29.78
 5209.25 21.54 21.36 19.94 22.00 21.38 37.18 21.80 23.84 32.05 31.68 33.81 29.68
 5210.25 21.38 21.19 19.78 21.88 21.23 36.96 21.65 23.67 31.80 31.50 33.63 29.57
 5211.25 21.31 21.11 19.71 21.84 21.18 36.82 21.59 23.58 31.65 31.41 33.55 29.55
 5212.25 21.22 21.01 19.62 21.79 21.10 36.66 21.51 23.48 31.47 31.30 33.44 29.52
 5213.25 21.17 20.95 19.57 21.78 21.06 36.54 21.47 23.41 31.34 31.22 33.37 29.51
 5214.25 21.13 20.90 19.53 21.77 21.03 36.42 21.44 23.36 31.21 31.16 33.31 29.52
 5215.25 21.15 20.90 19.54 21.83 21.05 36.37 21.46 23.36 31.14 31.16 33.31 29.59
 5216.25 21.34 21.09 19.73 22.06 21.25 36.49 21.67 23.54 31.26 31.33 33.49 29.84
 5217.25 21.42 21.16 19.81 22.17 21.34 36.50 21.76 23.61 31.25 31.39 33.56 29.98
 5218.25 21.11 20.84 19.50 21.90 21.05 36.12 21.46 23.28 30.85 31.06 33.23 29.71
 5219.25 20.99 20.72 19.39 21.82 20.94 35.93 21.35 23.15 30.64 30.91 33.09 29.64
 5220.25 21.05 20.77 19.44 21.91 20.99 35.91 21.41 23.19 30.61 30.95 33.13 29.75
 5221.25 21.01 20.72 19.40 21.90 20.92 35.80 21.38 23.13 30.48 30.89 33.07 29.75
 5222.25 21.09 20.80 19.48 22.02 20.97 35.81 21.47 23.20 30.48 30.95 33.14 29.89
 5223.25 21.15 20.86 19.54 22.13 21.01 35.81 21.55 23.26 30.47 31.00 33.19 30.01
 5224.25 20.90 20.60 19.29 21.90 20.72 35.47 21.30 22.98 30.12 30.70 32.91 29.79
 5225.25 20.19 19.88 18.60 21.22 19.98 34.64 20.60 22.24 29.29 29.92 32.13 29.09
 5226.25 20.60 20.29 19.00 21.67 20.36 35.01 21.02 22.65 29.68 30.33 32.56 29.58
 5227.25 21.48 21.16 19.86 22.60 21.21 35.85 21.92 23.53 30.57 31.22 33.46 30.55
 5228.25 21.80 21.47 20.17 22.96 21.49 36.10 22.25 23.84 30.86 31.52 33.77 30.93
 5229.25 21.68 21.34 20.05 22.87 21.34 35.91 22.14 23.70 30.69 31.37 33.63 30.85
 5230.25 21.48 21.14 19.85 22.70 21.10 35.63 21.94 23.48 30.44 31.13 33.40 30.70
 5231.25 21.45 21.10 19.82 22.70 21.05 35.53 21.93 23.44 30.38 31.07 33.36 30.72
 5232.25 21.26 20.90 19.63 22.49 20.82 35.26 21.74 23.23 30.13 30.84 33.14 30.57
 5233.25 21.05 20.69 19.43 22.27 20.59 34.98 21.55 23.01 29.88 30.60 32.92 30.41
 5234.25 21.53 21.16 19.91 22.74 21.03 35.40 22.03 23.48 30.34 31.07 33.39 30.95
 5235.25 21.81 21.44 20.19 23.01 21.28 35.61 22.33 23.76 30.59 31.33 33.67 31.29
 5236.25 21.67 21.30 20.06 22.85 21.11 35.40 22.21 23.61 30.42 31.16 33.51 31.21
 5237.25 21.62 21.26 20.03 22.80 21.05 35.30 22.18 23.56 30.34 31.10 33.46 31.22
 5238.25 21.59 21.24 20.02 22.76 21.00 35.21 22.18 23.53 30.29 31.05 33.43 31.26
 5239.25 20.93 20.59 19.38 22.09 20.33 34.47 21.53 22.86 29.58 30.35 32.75 30.63
 5240.25 20.17 19.84 18.66 21.31 19.55 33.60 20.79 22.08 28.74 29.53 31.93 29.89
 5241.25 21.05 20.72 19.53 22.19 20.40 34.47 21.69 22.97 29.65 30.44 32.86 30.88
 5242.25 21.64 21.30 20.12 22.78 20.96 35.01 22.31 23.56 30.22 31.03 33.46 31.55
 5243.25 21.70 21.37 20.19 22.83 21.00 35.01 22.40 23.63 30.26 31.08 33.52 31.67
 5244.25 21.85 21.53 20.36 22.98 21.14 35.11 22.60 23.78 30.39 31.22 33.67 31.89
 5245.25 21.98 21.67 20.51 23.11 21.24 35.17 22.77 23.91 30.50 31.33 33.80 32.08
 5246.25 21.94 21.63 20.47 23.06 21.18 35.07 22.76 23.86 30.42 31.27 33.75 32.10
 5247.25 21.86 21.55 20.41 22.97 21.08 34.93 22.72 23.78 30.32 31.17 33.66 32.08
 5248.25 21.86 21.57 20.43 22.97 21.06 34.87 22.76 23.79 30.30 31.16 33.67 32.15
 5249.25 21.78 21.50 20.37 22.88 20.96 34.72 22.72 23.71 30.19 31.06 33.58 32.13
 5250.25 21.54 21.26 20.14 22.63 20.70 34.41 22.51 23.48 29.91 30.80 33.33 31.94
 5251.25 21.35 21.08 19.97 22.43 20.49 34.15 22.37 23.31 29.69 30.59 33.14 31.81
 5252.25 21.54 21.28 20.17 22.61 20.66 34.27 22.59 23.52 29.86 30.76 33.33 32.06
 5253.25 21.57 21.31 20.21 22.63 20.66 34.23 22.66 23.57 29.86 30.77 33.36 32.15
 5254.25 21.49 21.24 20.15 22.55 20.57 34.08 22.62 23.51 29.75 30.68 33.29 32.13
 5255.25 21.41 21.17 20.08 22.46 20.47 33.92 22.57 23.44 29.64 30.58 33.21 32.11
 5256.25 21.07 20.84 19.77 22.11 20.11 33.50 22.27 23.12 29.26 30.21 32.87 31.82
 5257.25 20.18 19.97 18.91 21.21 19.22 32.50 21.41 22.23 28.30 29.25 31.94 30.94
 5258.25 20.29 20.09 19.04 21.31 19.31 32.54 21.56 22.36 28.39 29.35 32.07 31.12
 5259.25 21.02 20.82 19.76 22.04 20.00 33.24 22.34 23.13 29.13 30.11 32.85 31.95
 5260.25 21.19 21.00 19.94 22.20 20.15 33.34 22.55 23.31 29.27 30.26 33.03 32.18
 5261.25 21.14 20.96 19.91 22.15 20.10 33.23 22.54 23.29 29.20 30.20 33.00 32.20
 5262.25 21.21 21.04 20.00 22.22 20.16 33.23 22.65 23.38 29.25 30.26 33.08 32.34
 5263.25 21.48 21.32 20.28 22.48 20.41 33.43 22.96 23.67 29.50 30.52 33.37 32.67
 5264.25 21.68 21.53 20.49 22.67 20.60 33.56 23.20 23.89 29.68 30.71 33.58 32.94
 5265.25 21.82 21.67 20.64 22.81 20.73 33.63 23.38 24.05 29.79 30.83 33.73 33.15
 5266.25 21.87 21.74 20.71 22.86 20.78 33.62 23.47 24.13 29.82 30.87 33.79 33.26
 5267.25 21.92 21.81 20.79 22.91 20.83 33.60 23.57 24.21 29.85 30.91 33.86 33.39
 5268.25 21.83 21.73 20.73 22.81 20.73 33.44 23.52 24.14 29.74 30.81 33.79 33.36
 5269.25 21.63 21.55 20.57 22.60 20.54 33.18 23.37 23.97 29.52 30.60 33.61 33.24
 5270.25 21.83 21.77 20.81 22.77 20.73 33.32 23.62 24.20 29.70 30.80 33.83 33.51
 5271.25 21.98 21.93 21.00 22.89 20.88 33.41 23.82 24.38 29.84 30.94 33.99 33.73
 5272.25 21.53 21.50 20.59 22.40 20.43 32.89 23.41 23.94 29.36 30.47 33.56 33.35
 5273.25 21.26 21.24 20.35 22.09 20.16 32.54 23.18 23.69 29.06 30.18 33.30 33.14
 5274.25 21.34 21.34 20.47 22.13 20.24 32.56 23.30 23.80 29.12 30.25 33.39 33.29
 5275.25 21.32 21.33 20.49 22.08 20.21 32.47 23.32 23.80 29.09 30.22 33.39 33.34
 5276.25 20.91 20.93 20.11 21.62 19.80 31.97 22.95 23.41 28.67 29.80 32.98 32.98
 5277.25 20.60 20.64 19.84 21.28 19.50 31.58 22.68 23.12 28.36 29.50 32.67 32.73
 5278.25 20.67 20.72 19.95 21.31 19.56 31.59 22.79 23.21 28.45 29.60 32.76 32.87
 5279.25 21.09 21.16 20.40 21.70 19.98 31.96 23.27 23.67 28.91 30.08 33.22 33.38
 5280.25 21.21 21.30 20.56 21.79 20.09 32.02 23.43 23.82 29.05 30.24 33.36 33.57
 5281.25 21.20 21.31 20.59 21.74 20.08 31.95 23.47 23.84 29.06 30.27 33.37 33.63
 5282.25 21.34 21.47 20.76 21.84 20.22 32.02 23.66 24.00 29.22 30.45 33.53 33.84
 5283.25 21.44 21.59 20.90 21.91 20.32 32.06 23.80 24.13 29.34 30.59 33.65 34.02
 5284.25 21.52 21.70 21.02 21.95 20.39 32.07 23.93 24.24 29.44 30.70 33.75 34.16
 5285.25 21.64 21.84 21.18 22.04 20.51 32.13 24.10 24.39 29.58 30.86 33.89 34.36
 5286.25 21.52 21.74 21.09 21.88 20.38 31.93 24.02 24.29 29.47 30.77 33.78 34.30
 5287.25 21.41 21.65 21.02 21.73 20.27 31.75 23.94 24.20 29.37 30.70 33.68 34.26
 5288.25 21.37 21.64 21.02 21.66 20.23 31.64 23.94 24.19 29.35 30.69 33.66 34.29
 5289.25 21.36 21.66 21.05 21.61 20.22 31.57 23.97 24.21 29.36 30.72 33.67 34.35
 5290.25 21.48 21.80 21.20 21.69 20.34 31.62 24.11 24.35 29.50 30.88 33.81 34.54
 5291.25 21.44 21.78 21.20 21.61 20.29 31.50 24.10 24.33 29.47 30.87 33.78 34.56
 5292.25 21.25 21.62 21.05 21.39 20.11 31.22 23.94 24.17 29.30 30.72 33.61 34.44
 5293.25 21.22 21.61 21.05 21.32 20.07 31.10 23.93 24.16 29.28 30.72 33.59 34.48
 5294.25 21.24 21.65 21.11 21.30 20.09 31.02 23.98 24.21 29.32 30.77 33.63 34.57
 5295.25 21.07 21.51 20.98 21.10 19.92 30.76 23.84 24.06 29.16 30.64 33.48 34.47
 5296.25 21.09 21.54 21.03 21.07 19.92 30.67 23.88 24.09 29.19 30.68 33.50 34.54
 5297.25 21.24 21.70 21.20 21.17 20.06 30.72 24.05 24.26 29.35 30.86 33.66 34.76
 5298.25 21.37 21.86 21.37 21.26 20.19 30.76 24.21 24.40 29.50 31.03 33.81 34.95
 5299.25 21.19 21.69 21.21 21.03 19.99 30.47 24.05 24.22 29.32 30.87 33.63 34.83
 5300.25 20.67 21.19 20.73 20.48 19.49 29.83 23.54 23.70 28.79 30.36 33.11 34.36
 5301.25 20.70 21.23 20.79 20.46 19.53 29.76 23.59 23.74 28.83 30.42 33.15 34.45
 5302.25 21.01 21.56 21.13 20.72 19.85 29.98 23.93 24.06 29.16 30.77 33.48 34.83
 5303.25 21.01 21.57 21.18 20.68 19.86 29.87 23.95 24.07 29.17 30.80 33.49 34.89
 5304.25 20.91 21.49 21.14 20.53 19.78 29.66 23.87 23.97 29.07 30.72 33.39 34.84
 5305.25 20.76 21.36 21.05 20.34 19.66 29.41 23.74 23.83 28.93 30.60 33.25 34.75
 5306.25 20.72 21.33 21.07 20.26 19.63 29.26 23.72 23.79 28.89 30.58 33.22 34.77
 5307.25 20.75 21.38 21.16 20.26 19.68 29.18 23.77 23.83 28.93 30.64 33.27 34.86
 5308.25 20.76 21.40 21.23 20.25 19.70 29.08 23.80 23.84 28.95 30.67 33.33 34.93
 5309.25 20.78 21.44 21.31 20.25 19.74 29.00 23.84 23.87 28.98 30.72 33.43 35.01
 5310.25 20.79 21.46 21.38 20.23 19.76 28.90 23.87 23.89 29.00 30.76 33.51 35.07
 5311.25 20.78 21.46 21.42 20.20 19.77 28.78 23.88 23.88 28.99 30.77 33.58 35.12
 5312.25 20.64 21.34 21.35 20.04 19.65 28.53 23.76 23.75 28.86 30.66 33.51 35.04
 5313.25 20.48 21.19 21.24 19.86 19.50 28.25 23.61 23.58 28.69 30.51 33.41 34.93
 5314.25 20.27 20.98 21.09 19.63 19.31 27.92 23.41 23.37 28.48 30.31 33.26 34.76
 5315.25 20.44 21.14 21.32 19.78 19.50 27.99 23.60 23.55 28.66 30.51 33.51 34.99
 5316.25 20.80 21.50 21.75 20.12 19.87 28.27 24.00 23.93 29.05 30.92 33.97 35.43
 5317.25 20.89 21.58 21.90 20.19 19.98 28.25 24.11 24.02 29.15 31.04 34.13 35.58
 5318.25 20.84 21.51 21.90 20.11 19.94 28.09 24.07 23.97 29.09 31.00 34.15 35.57
 5319.25 20.67 21.33 21.79 19.92 19.79 27.80 23.91 23.80 28.92 30.85 34.04 35.44
 5320.25 20.67 21.32 21.85 19.90 19.81 27.69 23.93 23.80 28.92 30.87 34.12 35.48
 5321.25 20.70 21.34 21.94 19.91 19.86 27.61 23.98 23.84 28.96 30.93 34.22 35.55
 5322.25 20.79 21.41 22.09 19.98 19.96 27.59 24.08 23.93 29.06 31.04 34.38 35.68
 5323.25 20.83 21.44 22.19 19.99 20.01 27.52 24.14 23.97 29.10 31.11 34.49 35.75
 5324.25 20.67 21.27 22.09 19.82 19.87 27.24 23.99 23.81 28.94 30.96 34.40 35.63
 5325.25 20.76 21.34 22.24 19.88 19.98 27.22 24.10 23.91 29.03 31.08 34.56 35.76
 5326.25 20.82 21.38 22.35 19.91 20.05 27.17 24.17 23.96 29.08 31.15 34.68 35.84
 5327.25 20.84 21.39 22.43 19.91 20.08 27.07 24.21 23.98 29.09 31.19 34.77 35.90
 5328.25 21.08 21.61 22.72 20.12 20.33 27.20 24.46 24.22 29.32 31.47 35.08 36.17
 5329.25 21.69 22.20 23.39 20.69 20.94 27.70 25.09 24.84 29.93 32.14 35.75 36.81
 5330.25 21.66 22.16 23.42 20.64 20.93 27.55 25.08 24.81 29.89 32.19 35.79 36.81
 5331.25 20.73 21.20 22.52 19.69 20.01 26.47 24.13 23.85 28.91 31.32 34.90 35.90
 5332.25 20.35 20.80 22.18 19.28 19.64 25.95 23.76 23.45 28.49 31.01 34.56 35.53
 5333.25 20.86 21.29 22.75 19.76 20.16 26.36 24.32 23.97 29.01 31.63 35.16 36.09
 5334.25 21.21 21.63 23.17 20.08 20.52 26.65 24.75 24.34 29.37 32.09 35.59 36.48
 5335.25 21.12 21.52 23.13 19.96 20.44 26.50 24.71 24.24 29.25 32.08 35.55 36.41
 5336.25 21.01 21.39 23.07 19.83 20.35 26.34 24.67 24.12 29.13 32.06 35.51 36.34
 5337.25 21.13 21.49 23.26 19.92 20.47 26.42 24.85 24.24 29.24 32.27 35.69 36.49
 5338.25 21.21 21.56 23.42 19.97 20.56 26.45 25.00 24.32 29.30 32.43 35.83 36.60
 5339.25 21.15 21.47 23.46 19.88 20.51 26.33 24.99 24.25 29.22 32.45 35.83 36.56
 5340.25 21.16 21.46 23.58 19.86 20.52 26.30 25.06 24.26 29.22 32.55 35.90 36.60
 5341.25 21.46 21.74 23.99 20.12 20.81 26.55 25.43 24.56 29.51 32.94 36.26 36.93
 5342.25 21.57 21.84 24.21 20.21 20.91 26.62 25.60 24.67 29.60 33.14 36.43 37.07
 5343.25 21.28 21.53 24.03 19.90 20.61 26.28 25.37 24.37 29.30 32.93 36.20 36.81
 5344.25 21.06 21.29 23.91 19.66 20.37 26.00 25.20 24.13 29.05 32.79 36.04 36.61
 5345.25 21.03 21.24 23.98 19.61 20.33 25.92 25.23 24.07 29.00 32.84 36.07 36.61
 5346.25 21.04 21.23 24.10 19.60 20.32 25.88 25.30 24.06 28.99 32.93 36.13 36.64
 5347.25 21.00 21.18 24.17 19.55 20.28 25.79 25.32 24.00 28.94 32.98 36.16 36.64
 5348.25 20.89 21.06 24.16 19.43 20.16 25.63 25.27 23.86 28.81 32.95 36.11 36.55
 5349.25 21.00 21.15 24.37 19.52 20.25 25.69 25.44 23.94 28.91 33.14 36.27 36.69
 5350.25 21.05 21.19 24.53 19.55 20.28 25.69 25.55 23.97 28.94 33.28 36.38 36.77
 5351.25 20.79 20.92 24.37 19.28 20.01 25.38 25.34 23.68 28.66 33.10 36.18 36.53
 5352.25 20.73 20.85 24.40 19.20 19.94 25.26 25.33 23.59 28.57 33.11 36.17 36.49
 5353.25 20.84 20.95 24.63 19.30 20.04 25.33 25.51 23.69 28.68 33.31 36.35 36.64
 5354.25 20.92 21.02 24.81 19.37 20.10 25.37 25.65 23.74 28.75 33.48 36.49 36.75
 5355.25 20.87 20.96 24.87 19.31 20.05 25.27 25.67 23.67 28.68 33.51 36.50 36.73
 5356.25 20.81 20.89 24.91 19.23 19.97 25.16 25.66 23.59 28.60 33.53 36.50 36.69
 5357.25 20.76 20.84 24.97 19.18 19.92 25.07 25.68 23.52 28.55 33.57 36.51 36.68
 5358.25 20.63 20.70 24.94 19.04 19.78 24.89 25.60 23.37 28.40 33.52 36.44 36.58
 5359.25 20.66 20.73 25.08 19.06 19.80 24.87 25.70 23.38 28.42 33.64 36.54 36.64
 5360.25 20.76 20.83 25.30 19.15 19.90 24.94 25.88 23.47 28.53 33.84 36.71 36.79
 5361.25 20.82 20.89 25.47 19.20 19.95 24.96 26.00 23.51 28.58 33.99 36.84 36.88
 5362.25 20.80 20.86 25.56 19.17 19.93 24.90 26.05 23.48 28.55 34.06 36.87 36.90
 5363.25 20.88 20.94 25.75 19.24 20.00 24.94 26.20 23.54 28.63 34.23 36.98 37.02
 5364.25 20.99 21.04 25.97 19.34 20.10 25.01 26.37 23.63 28.73 34.43 37.10 37.16
 5365.25 20.98 21.03 26.07 19.32 20.09 24.95 26.43 23.61 28.71 34.51 37.10 37.19
 5366.25 21.03 21.08 26.23 19.36 20.13 24.96 26.54 23.64 28.76 34.65 37.16 37.27
 5367.25 21.01 21.05 26.31 19.33 20.10 24.90 26.59 23.60 28.73 34.71 37.14 37.29
 5368.25 20.90 20.93 26.30 19.21 19.99 24.74 26.53 23.47 28.60 34.69 37.03 37.21
 5369.25 20.89 20.92 26.40 19.20 19.97 24.69 26.59 23.45 28.58 34.77 37.03 37.24
 5370.25 20.98 21.01 26.61 19.28 20.06 24.74 26.75 23.53 28.67 34.95 37.13 37.36
 5371.25 21.19 21.22 26.93 19.48 20.26 24.92 27.03 23.72 28.88 35.25 37.35 37.61
 5372.25 21.34 21.36 27.21 19.61 20.40 25.02 27.25 23.86 29.03 35.49 37.50 37.79
 5373.25 21.21 21.22 27.24 19.48 20.26 24.85 27.18 23.71 28.88 35.44 37.38 37.70
 5374.25 21.01 21.02 27.24 19.27 20.06 24.59 27.03 23.48 28.67 35.32 37.18 37.53
 5375.25 20.97 20.98 27.40 19.22 20.01 24.51 27.06 23.43 28.61 35.36 37.14 37.52
 5376.25 20.91 20.91 27.55 19.16 19.95 24.41 27.06 23.35 28.53 35.39 37.09 37.50
 5377.25 20.96 20.95 27.80 19.19 19.99 24.41 27.20 23.38 28.56 35.52 37.14 37.56
 5378.25 21.11 21.10 28.16 19.33 20.13 24.53 27.50 23.51 28.69 35.76 37.30 37.73
 5379.25 21.22 21.22 28.49 19.44 20.24 24.61 27.81 23.62 28.79 35.97 37.42 37.87
 5380.25 21.11 21.11 28.57 19.32 20.12 24.45 27.88 23.48 28.65 35.93 37.31 37.77
 5381.25 21.09 21.09 28.75 19.29 20.09 24.39 28.06 23.44 28.60 36.00 37.30 37.76
 5382.25 21.23 21.24 29.10 19.42 20.23 24.49 28.40 23.57 28.73 36.23 37.45 37.93
 5383.25 21.23 21.24 29.31 19.42 20.23 24.45 28.59 23.56 28.71 36.32 37.45 37.95
 5384.25 21.22 21.23 29.50 19.40 20.21 24.40 28.77 23.53 28.68 36.40 37.45 37.95
 5385.25 21.28 21.29 29.75 19.45 20.26 24.41 29.02 23.57 28.71 36.54 37.51 38.02
 5386.25 21.14 21.16 29.81 19.31 20.12 24.24 29.07 23.41 28.55 36.49 37.38 37.91
 5387.25 21.12 21.14 29.98 19.28 20.09 24.17 29.23 23.37 28.50 36.56 37.36 37.90
 5388.25 21.07 21.09 30.12 19.23 20.04 24.08 29.37 23.30 28.43 36.60 37.31 37.87
 5389.25 21.09 21.11 30.33 19.24 20.05 24.05 29.57 23.30 28.42 36.70 37.33 37.90
 5390.25 21.17 21.20 30.62 19.32 20.13 24.10 29.84 23.37 28.49 36.87 37.43 38.00
 5391.25 21.13 21.16 30.76 19.27 20.08 24.01 29.98 23.31 28.42 36.91 37.39 37.97
 5392.25 21.12 21.15 30.94 19.26 20.07 23.96 30.16 23.29 28.39 36.99 37.38 37.98
 5393.25 21.16 21.19 31.17 19.28 20.10 23.96 30.38 23.32 28.40 37.11 37.42 38.03
 5394.25 21.13 21.17 31.33 19.25 20.07 23.89 30.53 23.29 28.35 37.17 37.40 38.02
 5395.25 21.16 21.20 31.55 19.27 20.09 23.87 30.74 23.31 28.35 37.28 37.43 38.06
 5396.25 21.15 21.19 31.73 19.25 20.07 23.82 30.90 23.28 28.32 37.36 37.42 38.07
 5397.25 21.06 21.11 31.83 19.17 19.98 23.69 30.99 23.19 28.21 37.36 37.34 38.00
 5398.25 21.14 21.19 32.09 19.23 20.05 23.72 31.25 23.26 28.27 37.52 37.42 38.09
 5399.25 21.09 21.14 32.23 19.18 20.00 23.63 31.38 23.21 28.19 37.56 37.38 38.06
 5400.25 20.88 20.93 32.20 18.97 19.79 23.37 31.34 22.98 27.95 37.43 37.17 37.86
 5401.25 20.91 20.96 32.41 18.99 19.81 23.36 31.54 23.00 27.96 37.54 37.20 37.91
 5402.25 21.00 21.06 32.68 19.07 19.89 23.41 31.80 23.09 28.03 37.71 37.30 38.01
 5403.25 20.94 21.00 32.80 19.01 19.83 23.30 31.92 23.02 27.94 37.73 37.24 37.96
 5404.25 20.99 21.05 33.04 19.05 19.87 23.31 32.14 23.06 27.97 37.87 37.29 38.03
 5405.25 21.22 21.29 33.46 19.27 20.10 23.51 32.55 23.29 28.19 38.18 37.53 38.28
 5406.25 21.33 21.40 33.74 19.37 20.20 23.57 32.83 23.39 28.27 38.37 37.64 38.40
 5407.25 21.24 21.31 33.77 19.27 20.10 23.43 32.90 23.29 28.15 38.36 37.55 38.32
 5408.25 21.00 21.07 33.53 19.04 19.86 23.15 32.83 23.04 27.88 38.20 37.31 38.09
 5409.25 20.90 20.97 33.35 18.93 19.75 23.00 32.89 22.93 27.75 38.18 37.21 38.01
 5410.25 20.97 21.04 33.32 18.99 19.82 23.03 33.13 22.99 27.80 38.33 37.29 38.09
 5411.25 21.03 21.10 33.27 19.05 19.87 23.04 33.35 23.04 27.84 38.47 37.35 38.16
 5412.25 20.99 21.06 33.13 19.01 19.83 22.96 33.48 23.00 27.78 38.51 37.31 38.14
 5413.25 20.91 20.96 32.94 18.92 19.74 22.83 33.56 22.90 27.67 38.51 37.23 38.07
 5414.25 20.79 20.82 32.71 18.79 19.61 22.66 33.60 22.77 27.52 38.47 37.11 37.96
 5415.25 20.84 20.85 32.66 18.83 19.66 22.67 33.81 22.81 27.54 38.59 37.16 38.02
 5416.25 20.97 20.97 32.69 18.95 19.78 22.76 34.11 22.94 27.65 38.81 37.30 38.17
 5417.25 20.92 20.89 32.53 18.89 19.72 22.66 34.21 22.87 27.57 38.83 37.24 38.13
 5418.25 20.84 20.79 32.33 18.80 19.62 22.52 34.28 22.77 27.45 38.82 37.14 38.05
 5419.25 20.92 20.84 32.30 18.87 19.69 22.57 34.51 22.84 27.50 38.97 37.20 38.14
 5420.25 20.97 20.87 32.24 18.91 19.73 22.59 34.72 22.87 27.53 39.10 37.23 38.20
 5421.25 20.99 20.87 32.15 18.93 19.75 22.59 34.90 22.88 27.52 39.19 37.23 38.23
 5422.25 20.97 20.83 32.02 18.91 19.73 22.55 35.06 22.85 27.47 39.25 37.19 38.22
 5423.25 20.96 20.80 31.89 18.89 19.72 22.51 35.30 22.82 27.43 39.31 37.15 38.22
 5424.25 21.03 20.85 31.86 18.96 19.80 22.56 35.66 22.89 27.48 39.46 37.20 38.31
 5425.25 21.26 21.05 31.97 19.17 20.02 22.76 36.19 23.10 27.68 39.75 37.41 38.54
 5426.25 21.32 21.09 31.92 19.23 20.07 22.80 36.55 23.15 27.71 39.88 37.44 38.60
 5427.25 21.17 20.92 31.65 19.08 19.93 22.63 36.70 22.98 27.52 39.81 37.27 38.47
 5428.25 21.07 20.80 31.44 18.98 19.84 22.51 36.89 22.87 27.39 39.79 37.16 38.38
 5429.25 21.18 20.89 31.44 19.09 19.94 22.59 37.30 22.97 27.47 39.97 37.24 38.50
 5430.25 21.45 21.14 31.60 19.35 20.21 22.85 37.85 23.23 27.71 40.31 37.49 38.78
 5431.25 21.64 21.30 31.67 19.53 20.40 23.01 38.32 23.41 27.87 40.56 37.65 38.97
 5432.25 21.40 21.04 31.32 19.29 20.16 22.75 38.38 23.16 27.59 40.40 37.40 38.75
 5433.25 21.27 20.88 31.06 19.15 20.03 22.58 38.52 23.00 27.42 40.32 37.24 38.62
 5434.25 21.33 20.92 31.01 19.21 20.09 22.62 38.87 23.06 27.45 40.38 37.28 38.68
 5435.25 21.35 20.92 30.91 19.22 20.11 22.62 39.16 23.06 27.43 40.32 37.27 38.68
 5436.25 21.31 20.86 30.75 19.18 20.07 22.55 39.40 23.01 27.36 40.20 37.21 38.62
 5437.25 21.16 20.69 30.48 19.03 19.92 22.38 39.53 22.84 27.17 39.97 37.04 38.46
 5438.25 21.11 20.62 30.32 18.98 19.88 22.31 39.76 22.78 27.09 39.84 36.98 38.39
 5439.25 21.03 20.51 30.11 18.90 19.79 22.20 39.95 22.69 26.97 39.67 36.86 38.29
 5440.25 20.88 20.34 29.84 18.75 19.65 22.02 40.07 22.53 26.78 39.43 36.69 38.12
 5441.25 20.82 20.26 29.65 18.68 19.58 21.94 40.27 22.46 26.68 39.28 36.60 38.04
 5442.25 20.80 20.22 29.51 18.66 19.57 21.90 40.52 22.45 26.63 39.18 36.57 38.01
 5443.25 20.72 20.12 29.30 18.59 19.49 21.79 40.71 22.36 26.52 39.01 36.46 37.91
 5444.25 20.71 20.08 29.15 18.57 19.48 21.76 40.96 22.34 26.47 38.91 36.43 37.88
 5445.25 20.70 20.06 29.00 18.56 19.48 21.73 41.22 22.34 26.43 38.82 36.40 37.85
 5446.25 20.81 20.15 28.97 18.66 19.58 21.81 41.59 22.44 26.51 38.84 36.49 37.95
 5447.25 21.02 20.34 29.06 18.87 19.79 22.01 42.06 22.66 26.70 38.97 36.69 38.15
 5448.25 21.19 20.49 29.09 19.02 19.96 22.15 42.48 22.83 26.84 39.05 36.83 38.30
 5449.25 21.01 20.29 28.77 18.85 19.79 21.95 42.57 22.65 26.62 38.79 36.64 38.11
 5450.25 20.72 20.00 28.33 18.57 19.51 21.64 42.54 22.36 26.30 38.41 36.33 37.80
 5451.25 20.56 19.82 28.02 18.41 19.35 21.46 42.63 22.19 26.09 38.16 36.14 37.62
 5452.25 20.49 19.73 27.81 18.35 19.29 21.37 42.82 22.12 25.99 38.01 36.05 37.53
 5453.25 20.58 19.80 27.76 18.43 19.38 21.43 43.16 22.21 26.05 38.01 36.12 37.61
 5454.25 20.66 19.87 27.70 18.51 19.46 21.50 43.50 22.29 26.11 38.01 36.19 37.68
 5455.25 20.68 19.86 27.58 18.52 19.48 21.49 43.76 22.31 26.09 37.94 36.18 37.68
 5456.25 20.84 20.01 27.61 18.68 19.65 21.64 44.17 22.47 26.23 38.03 36.33 37.84
 5457.25 21.03 20.18 27.66 18.86 19.83 21.80 44.60 22.66 26.39 38.13 36.50 38.01
 5458.25 20.84 19.97 27.32 18.68 19.65 21.59 44.66 22.47 26.17 37.85 36.29 37.81
 5459.25 20.66 19.78 26.98 18.50 19.47 21.39 44.73 22.29 25.95 37.58 36.09 37.61
 5460.25 20.56 19.66 26.73 18.41 19.38 21.27 44.88 22.18 25.81 37.39 35.97 37.49
 5461.25 20.50 19.59 26.53 18.36 19.33 21.20 45.07 22.13 25.73 37.25 35.89 37.42
 5462.25 20.54 19.61 26.42 18.39 19.37 21.23 45.34 22.16 25.73 37.20 35.90 37.44
 5463.25 20.72 19.77 26.47 18.57 19.56 21.42 45.76 22.35 25.89 37.30 36.08 37.61
 5464.25 20.99 20.01 26.59 18.82 19.83 21.70 46.25 22.62 26.13 37.49 36.33 37.87
 5465.25 21.04 20.05 26.50 18.88 19.89 21.76 46.54 22.67 26.16 37.46 36.37 37.91
 5466.25 20.86 19.86 26.17 18.70 19.72 21.58 46.60 22.49 25.94 37.19 36.16 37.71
 5467.25 20.79 19.77 25.94 18.63 19.66 21.52 46.66 22.41 25.83 37.03 36.07 37.63
 5468.25 20.78 19.74 25.79 18.63 19.66 21.52 46.60 22.41 25.80 36.93 36.05 37.60
 5469.25 20.69 19.63 25.54 18.54 19.57 21.43 47.34 22.31 25.67 36.75 35.93 37.49
 5470.25 20.63 19.57 25.33 18.49 19.53 21.39 53.71 22.26 25.58 36.61 35.85 37.42
 5471.25 20.70 19.62 25.25 18.55 19.61 21.46 62.59 22.33 25.62 36.60 35.91 37.48
 5472.25 20.82 19.72 25.23 18.67 19.73 21.59 65.38 22.45 25.72 36.63 36.01 37.59
 5473.25 20.94 19.82 25.19 18.79 19.86 21.72 65.33 22.57 25.81 36.66 36.11 37.70
 5474.25 21.08 19.93 25.18 18.92 20.00 21.86 65.04 22.71 25.92 36.71 36.22 37.82
 5475.25 21.14 19.97 25.08 18.97 20.06 21.93 64.67 22.76 25.95 36.68 36.24 37.86
 5476.25 21.12 19.94 24.91 18.95 20.05 21.91 64.25 22.74 25.92 36.57 36.20 37.82
 5477.25 21.24 20.05 24.89 19.07 20.17 22.04 63.93 22.86 26.03 36.61 36.29 37.93
 5478.25 21.42 20.21 24.97 19.24 20.35 22.22 63.66 23.04 26.20 36.69 36.43 38.08
 5479.25 21.32 20.10 24.80 19.14 20.25 22.12 63.16 22.93 26.08 36.50 36.30 37.97
 5480.25 21.18 19.96 24.59 19.00 20.12 21.99 62.62 22.78 25.92 36.26 36.13 37.81
 5481.25 21.11 19.88 24.46 18.93 20.06 21.92 62.14 22.71 25.84 36.10 36.03 37.72
 5482.25 21.20 19.96 24.48 19.01 20.15 22.01 61.79 22.79 25.91 36.10 36.08 37.79
 5483.25 21.27 20.02 24.49 19.08 20.22 22.09 61.42 22.87 25.97 36.08 36.13 37.85
 5484.25 21.20 19.94 24.35 19.00 20.15 22.02 60.93 22.79 25.88 35.92 36.02 37.75
 5485.25 21.10 19.83 24.18 18.90 20.06 21.92 60.41 22.68 25.77 35.72 35.89 37.63
 5486.25 21.02 19.75 24.04 18.82 19.98 21.84 59.91 22.60 25.67 35.56 35.77 37.54
 5487.25 20.96 19.68 23.91 18.76 19.93 21.79 59.41 22.54 25.59 35.45 35.68 37.46
 5488.25 21.00 19.71 23.89 18.80 19.97 21.83 59.01 22.60 25.62 35.45 35.69 37.48
 5489.25 21.11 19.81 23.94 18.90 20.08 21.95 58.65 22.72 25.72 35.51 35.77 37.57
 5490.25 21.08 19.77 23.84 18.86 20.05 21.92 58.17 22.69 25.67 35.44 35.71 37.52
 5491.25 20.94 19.62 23.62 18.72 19.91 21.77 57.59 22.56 25.51 35.25 35.52 37.36
 5492.25 20.74 19.41 23.36 18.52 19.72 21.58 56.96 22.37 25.29 35.00 35.29 37.15
 5493.25 20.70 19.37 23.25 18.48 19.69 21.54 56.46 22.34 25.24 34.92 35.22 37.11
 5494.25 20.78 19.44 23.27 18.56 19.77 21.63 56.07 22.43 25.31 34.96 35.27 37.19
 5495.25 20.77 19.41 23.19 18.55 19.76 21.62 55.59 22.42 25.28 34.90 35.22 37.17
 5496.25 20.67 19.31 23.02 18.45 19.66 21.52 55.02 22.33 25.16 34.75 35.08 37.06
 5497.25 20.61 19.25 22.90 18.40 19.62 21.47 54.50 22.29 25.09 34.66 35.00 37.00
 5498.25 20.62 19.24 22.84 18.41 19.63 21.48 54.02 22.31 25.08 34.62 34.97 37.00
 5499.25 20.60 19.22 22.75 18.39 19.61 21.46 53.52 22.30 25.05 34.56 34.92 36.98
 5500.25 20.43 19.04 22.51 18.23 19.46 21.29 52.87 22.13 24.86 34.34 34.71 36.79
 5501.25 20.34 18.94 22.35 18.14 19.39 21.20 52.28 22.05 24.75 34.20 34.58 36.69
 5502.25 20.45 19.04 22.39 18.24 19.52 21.31 51.89 22.17 24.84 34.27 34.66 36.80
 5503.25 20.56 19.14 22.45 18.36 19.66 21.43 51.50 22.30 24.95 34.35 34.75 36.92
 5504.25 20.56 19.13 22.37 18.35 19.68 21.44 50.98 22.30 24.93 34.30 34.71 36.91
 5505.25 20.52 19.08 22.26 18.31 19.67 21.41 50.43 22.27 24.87 34.21 34.63 36.86
 5506.25 20.49 19.03 22.15 18.27 19.66 21.38 49.87 22.23 24.81 34.12 34.56 36.81
 5507.25 20.56 19.08 22.15 18.33 19.74 21.45 49.41 22.30 24.86 34.14 34.59 36.87
 5508.25 20.71 19.20 22.21 18.46 19.90 21.60 49.01 22.45 24.98 34.24 34.70 37.00
 5509.25 20.74 19.21 22.17 18.48 19.94 21.63 48.49 22.48 24.99 34.21 34.68 37.02
 5510.25 20.67 19.13 22.02 18.40 19.89 21.57 47.88 22.40 24.89 34.09 34.57 36.93
 5511.25 20.68 19.13 21.94 18.40 19.91 21.57 47.34 22.41 24.87 34.04 34.53 36.92
 5512.25 20.65 19.08 21.84 18.35 19.90 21.54 46.84 22.37 24.81 33.95 34.45 36.87
 5513.25 20.74 19.16 21.87 18.43 20.00 21.63 46.66 22.46 24.88 33.99 34.50 36.94
 5514.25 20.90 19.30 21.99 18.58 20.18 21.80 46.70 22.62 25.02 34.10 34.62 37.09
 5515.25 20.92 19.31 21.97 18.59 20.22 21.83 46.63 22.64 25.02 34.07 34.60 37.10
 5516.25 20.96 19.34 21.96 18.62 20.27 21.87 46.58 22.68 25.03 34.06 34.60 37.13
 5517.25 20.98 19.34 21.93 18.62 20.30 21.88 46.51 22.70 25.02 34.02 34.57 37.13
 5518.25 20.96 19.31 21.87 18.59 20.30 21.86 46.40 22.67 24.97 33.94 34.50 37.09
 5519.25 20.90 19.24 21.76 18.52 20.25 21.81 46.26 22.61 24.88 33.82 34.40 37.01
 5520.25 20.94 19.27 21.76 18.55 20.30 21.85 46.21 22.65 24.90 33.81 34.39 37.03
 5521.25 21.09 19.40 21.86 18.68 20.47 22.00 46.26 22.79 25.02 33.91 34.50 37.17
 5522.25 21.16 19.45 21.88 18.73 20.55 22.06 46.24 22.86 25.06 33.92 34.52 37.22
 5523.25 21.20 19.48 21.88 18.77 20.60 22.11 46.19 22.90 25.08 33.90 34.52 37.24
 5524.25 21.22 19.48 21.85 18.77 20.64 22.13 46.12 22.91 25.07 33.87 34.49 37.24
 5525.25 21.21 19.46 21.80 18.75 20.64 22.12 46.02 22.90 25.05 33.80 34.44 37.22
 5526.25 21.20 19.44 21.74 18.73 20.64 22.11 45.92 22.88 25.02 33.73 34.38 37.18
 5527.25 21.14 19.36 21.63 18.66 20.60 22.05 45.77 22.82 24.95 33.61 34.28 37.10
 5528.25 21.22 19.43 21.66 18.72 20.69 22.13 45.75 22.89 25.02 33.63 34.35 37.16
 5529.25 21.50 19.69 21.90 18.98 20.98 22.41 45.93 23.18 25.31 33.87 34.63 37.43
 5530.25 21.61 19.79 21.97 19.08 21.11 22.53 45.95 23.29 25.42 33.93 34.75 37.53
 5531.25 21.47 19.63 21.78 18.93 20.98 22.38 45.72 23.14 25.27 33.73 34.61 37.37
 5532.25 21.44 19.59 21.70 18.90 20.96 22.35 45.61 23.11 25.23 33.64 34.59 37.32
 5533.25 21.50 19.64 21.72 18.95 21.04 22.42 45.58 23.17 25.29 33.65 34.66 37.37
 5534.25 21.49 19.62 21.66 18.93 21.04 22.41 45.48 23.17 25.27 33.59 34.65 37.35
 5535.25 21.49 19.60 21.61 18.92 21.05 22.40 45.38 23.18 25.26 33.53 34.65 37.33
 5536.25 21.57 19.66 21.64 18.99 21.14 22.48 45.37 23.27 25.34 33.55 34.73 37.39
 5537.25 21.57 19.64 21.59 18.97 21.15 22.47 45.27 23.28 25.33 33.49 34.73 37.37
 5538.25 21.46 19.51 21.42 18.85 21.04 22.35 45.06 23.17 25.20 33.32 34.61 37.23
 5539.25 21.40 19.43 21.31 18.78 20.99 22.29 44.91 23.12 25.13 33.21 34.55 37.15
 5540.25 21.40 19.41 21.26 18.77 21.01 22.29 44.81 23.13 25.12 33.19 34.55 37.13
 5541.25 21.39 19.38 21.19 18.74 21.01 22.26 44.70 23.12 25.09 33.15 34.53 37.09
 5542.25 21.20 19.18 20.95 18.55 20.84 22.07 44.41 22.94 24.88 32.93 34.33 36.87
 5543.25 20.58 18.56 20.27 17.93 20.24 21.43 43.68 22.31 24.22 32.24 33.67 36.19
 5544.25 20.41 18.38 20.05 17.76 20.09 21.25 43.40 22.14 24.03 32.04 33.48 35.99
 5545.25 20.42 18.37 20.01 17.76 20.11 21.25 43.30 22.16 24.03 32.02 33.48 35.97
 5546.25 19.99 17.95 19.53 17.34 19.71 20.80 42.74 21.73 23.57 31.53 33.01 35.47
 5547.25 20.66 18.58 20.15 17.96 20.39 21.44 43.35 22.42 24.25 32.23 33.73 36.17
 5548.25 21.22 19.11 20.66 18.49 20.97 21.97 43.82 23.00 24.83 32.81 34.33 36.75
 5549.25 21.24 19.10 20.64 18.49 21.00 21.93 43.74 23.02 24.83 32.80 34.34 36.78
 5550.25 21.00 18.86 20.38 18.25 20.79 21.65 43.40 22.79 24.58 32.53 34.09 36.57
 5551.25 20.97 18.82 20.31 18.21 20.78 21.57 43.26 22.76 24.53 32.47 34.05 36.59
 5552.25 21.10 18.93 20.41 18.32 20.92 21.65 43.29 22.90 24.65 32.58 34.18 36.77
 5553.25 21.14 18.95 20.41 18.34 20.98 21.64 43.23 22.95 24.68 32.60 34.22 36.85
 5554.25 21.21 19.00 20.44 18.39 21.07 21.66 43.20 23.03 24.74 32.65 34.29 36.97
 5555.25 21.30 19.07 20.50 18.47 21.18 21.71 43.19 23.13 24.82 32.72 34.38 37.11
 5556.25 21.47 19.22 20.64 18.62 21.37 21.83 43.26 23.31 24.98 32.88 34.56 37.34
 5557.25 21.48 19.21 20.61 18.61 21.39 21.79 43.16 23.32 24.98 32.86 34.56 37.39
 5558.25 21.40 19.12 20.50 18.52 21.33 21.66 42.97 23.25 24.88 32.75 34.47 37.35
 5559.25 21.48 19.18 20.54 18.59 21.43 21.70 42.94 23.34 24.96 32.82 34.55 37.48
 5560.25 21.44 19.13 20.47 18.54 21.41 21.61 42.79 23.30 24.90 32.75 34.50 37.48
 5561.25 21.44 19.11 20.43 18.52 21.43 21.56 42.67 23.31 24.89 32.72 34.50 37.53
 5562.25 21.54 19.19 20.49 18.60 21.54 21.61 42.66 23.41 24.97 32.80 34.59 37.67
 5563.25 21.55 19.19 20.48 18.60 21.57 21.58 42.56 23.44 24.98 32.79 34.61 37.73
 5564.25 21.04 18.68 19.94 18.11 21.08 21.02 41.93 22.92 24.44 32.23 34.07 37.24
 5565.25 19.87 17.56 18.77 17.00 19.93 19.81 40.55 21.73 23.21 30.93 32.78 36.01
 5566.25 20.46 18.11 19.32 17.54 20.55 20.36 41.09 22.35 23.82 31.56 33.43 36.71
 5567.25 21.62 19.23 20.44 18.65 21.75 21.49 42.21 23.56 25.03 32.80 34.69 38.01
 5568.25 21.79 19.38 20.58 18.81 21.94 21.62 42.27 23.75 25.20 32.96 34.87 38.23
 5569.25 21.75 19.34 20.52 18.77 21.93 21.55 42.13 23.73 25.16 32.91 34.84 38.25
 5570.25 21.46 19.05 20.21 18.48 21.67 21.22 41.73 23.45 24.86 32.59 34.54 38.00
 5571.25 21.37 18.97 20.11 18.39 21.61 21.10 41.54 23.38 24.77 32.49 34.46 37.96
 5572.25 21.74 19.32 20.45 18.74 22.01 21.43 41.81 23.78 25.15 32.86 34.85 38.40
 5573.25 21.94 19.51 20.62 18.93 22.24 21.59 41.90 24.00 25.35 33.05 35.06 38.65
 5574.25 22.23 19.79 20.89 19.21 22.57 21.85 42.09 24.32 25.65 33.34 35.36 39.00
 5575.25 22.11 19.67 20.75 19.09 22.48 21.69 41.87 24.21 25.53 33.21 35.25 38.93
 5576.25 20.45 18.07 19.11 17.51 20.84 20.01 40.01 22.53 23.79 31.41 33.47 37.21
 5577.25 10.15  8.72  9.33  8.40 10.40  9.86 23.90 11.45 12.24 17.45 18.97 21.83
 5578.25  4.00  3.40  3.65  3.27  4.11  3.87 10.25  4.55  4.89  7.21  7.92  9.31
 5579.25  3.50  2.97  3.19  2.86  3.60  3.38  8.97  3.99  4.28  6.32  6.95  8.19
 5580.25  7.35  6.27  6.70  6.03  7.57  7.08 17.94  8.36  8.92 12.96 14.19 16.57
 5581.25 18.40 16.13 17.03 15.62 18.84 17.82 36.91 20.45 21.53 28.90 31.01 34.93
 5582.25 21.62 19.15 20.12 18.59 22.08 20.96 40.65 23.83 24.95 32.62 34.81 38.81
 5583.25 21.73 19.25 20.22 18.69 22.17 21.04 40.65 23.95 25.05 32.72 34.98 38.97
 5584.25 22.13 19.63 20.59 19.07 22.55 21.40 40.94 24.35 25.45 33.12 35.46 39.42
 5585.25 22.26 19.75 20.71 19.19 22.66 21.49 40.97 24.49 25.57 33.24 35.67 39.60
 5586.25 22.25 19.74 20.69 19.18 22.63 21.45 40.85 24.49 25.55 33.22 35.75 39.65
 5587.25 22.28 19.76 20.70 19.20 22.63 21.44 40.77 24.52 25.57 33.24 35.85 39.72
 5588.25 22.42 19.90 20.84 19.34 22.76 21.55 40.81 24.67 25.71 33.37 36.08 39.92
 5589.25 22.03 19.50 20.44 18.96 22.34 21.13 40.32 24.27 25.30 32.96 35.77 39.58
 5590.25 20.65 18.17 19.08 17.64 20.94 19.75 38.79 22.86 23.86 31.49 34.40 38.20
 5591.25 20.72 18.24 19.13 17.71 20.99 19.79 38.76 22.94 23.93 31.56 34.56 38.33
 5592.25 21.80 19.26 20.17 18.72 22.05 20.83 39.78 24.05 25.03 32.68 35.78 39.51
 5593.25 21.98 19.43 20.34 18.89 22.21 20.99 39.86 24.24 25.21 32.84 36.05 39.74
 5594.25 21.94 19.38 20.28 18.85 22.15 20.93 39.71 24.20 25.15 32.78 36.09 39.76
 5595.25 21.89 19.34 20.23 18.80 22.08 20.86 39.56 24.16 25.10 32.71 36.12 39.76
 5596.25 21.92 19.36 20.25 18.83 22.09 20.87 39.49 24.20 25.12 32.72 36.24 39.85
 5597.25 21.73 19.17 20.05 18.65 21.88 20.66 39.20 24.01 24.92 32.50 36.12 39.71
 5598.25 21.41 18.86 19.73 18.34 21.55 20.33 38.77 23.69 24.59 32.15 35.88 39.44
 5599.25 21.06 18.52 19.38 18.01 21.18 19.96 38.30 23.34 24.22 31.75 35.59 39.13
 5600.25 21.45 18.89 19.75 18.38 21.55 20.32 38.60 23.74 24.61 32.14 36.08 39.59
 5601.25 21.77 19.20 20.06 18.68 21.85 20.62 38.83 24.08 24.93 32.46 36.50 39.97
 5602.25 21.89 19.31 20.16 18.79 21.95 20.72 38.84 24.20 25.05 32.56 36.70 40.14
 5603.25 21.94 19.35 20.20 18.84 21.98 20.74 38.76 24.26 25.09 32.58 36.83 40.24
 5604.25 21.92 19.33 20.17 18.82 21.94 20.70 38.61 24.24 25.06 32.54 36.88 40.27
 5605.25 21.42 18.84 19.67 18.34 21.42 20.19 37.97 23.74 24.54 31.99 36.45 39.80
 5606.25 19.96 17.45 18.25 16.97 19.95 18.75 36.26 22.24 23.02 30.39 34.95 38.27
 5607.25 20.02 17.51 18.30 17.03 19.99 18.79 36.19 22.31 23.07 30.44 35.09 38.34
 5608.25 21.33 18.74 19.56 18.26 21.28 20.04 37.47 23.66 24.42 31.83 36.59 39.74
 5609.25 21.69 19.09 19.90 18.61 21.63 20.38 37.72 24.04 24.79 32.19 37.04 40.10
 5610.25 21.67 19.06 19.87 18.59 21.58 20.34 37.55 24.02 24.76 32.14 37.09 40.07
 5611.25 21.68 19.06 19.87 18.60 21.58 20.33 37.43 24.04 24.76 32.13 37.18 40.07
 5612.25 21.66 19.04 19.84 18.59 21.54 20.29 37.28 24.03 24.73 32.09 37.24 40.03
 5613.25 21.56 18.93 19.73 18.49 21.42 20.17 37.04 23.93 24.62 31.96 37.21 39.92
 5614.25 21.54 18.91 19.71 18.48 21.38 20.13 36.88 23.92 24.59 31.92 37.27 39.89
 5615.25 21.75 19.10 19.90 18.68 21.57 20.31 36.96 24.13 24.80 32.11 37.55 40.08
 5616.25 22.09 19.43 20.22 19.01 21.89 20.63 37.17 24.49 25.14 32.44 37.97 40.41
 5617.25 22.21 19.54 20.33 19.13 21.99 20.73 37.15 24.61 25.25 32.54 38.16 40.51
 5618.25 21.62 18.96 19.75 18.57 21.39 20.13 36.42 24.02 24.64 31.91 37.64 39.92
 5619.25 21.50 18.84 19.62 18.45 21.24 19.99 36.16 23.90 24.51 31.76 37.59 39.78
 5620.25 21.90 19.23 20.01 18.84 21.62 20.37 36.44 24.32 24.92 32.16 38.08 40.18
 5621.25 22.00 19.32 20.11 18.94 21.67 20.45 36.40 24.43 25.01 32.24 38.25 40.26
 5622.25 22.01 19.32 20.11 18.96 21.64 20.44 36.27 24.45 25.02 32.23 38.34 40.26
 5623.25 22.01 19.31 20.11 18.96 21.58 20.42 36.13 24.45 25.01 32.20 38.41 40.25
 5624.25 21.45 18.76 19.55 18.42 20.97 19.84 35.41 23.88 24.42 31.59 37.91 39.67
 5625.25 20.64 17.96 18.74 17.63 20.11 19.02 34.51 23.06 23.58 30.77 37.25 38.95
 5626.25 21.60 18.84 19.63 18.50 20.98 19.90 35.48 24.04 24.54 31.82 38.45 40.07
 5627.25 22.49 19.66 20.46 19.33 21.78 20.72 36.23 24.93 25.39 32.70 39.40 40.93
 5628.25 22.57 19.69 20.50 19.37 21.78 20.74 36.14 24.98 25.41 32.72 39.52 40.97
 5629.25 22.51 19.60 20.41 19.29 21.64 20.63 35.91 24.93 25.29 32.61 39.51 40.88
 5630.25 22.43 19.49 20.29 19.19 21.48 20.51 35.66 24.87 25.15 32.48 39.48 40.76
 5631.25 22.50 19.52 20.32 19.22 21.46 20.53 35.56 24.96 25.16 32.49 39.60 40.79
 5632.25 22.64 19.62 20.43 19.34 21.52 20.64 35.54 25.13 25.25 32.59 39.79 40.90
 5633.25 22.65 19.59 20.40 19.32 21.45 20.62 35.38 25.17 25.20 32.55 39.84 40.87
 5634.25 22.75 19.65 20.46 19.39 21.46 20.69 35.30 25.29 25.24 32.60 39.99 40.93
 5635.25 22.84 19.71 20.52 19.45 21.48 20.77 35.23 25.41 25.28 32.65 40.13 40.99
 5636.25 22.86 19.69 20.50 19.44 21.41 20.76 35.08 25.45 25.24 32.61 40.19 40.97
 5637.25 22.88 19.68 20.49 19.44 21.35 20.76 34.93 25.50 25.21 32.58 40.26 40.95
 5638.25 22.95 19.71 20.51 19.47 21.34 20.80 34.82 25.59 25.21 32.60 40.37 40.98
 5639.25 22.98 19.71 20.51 19.48 21.29 20.81 34.69 25.65 25.19 32.58 40.46 40.98
 5640.25 22.64 19.35 20.14 19.12 20.87 20.45 34.17 25.33 24.79 32.18 40.17 40.61
 5641.25 22.56 19.24 20.03 19.02 20.71 20.35 33.91 25.27 24.65 32.05 40.14 40.49
 5642.25 23.00 19.64 20.42 19.42 21.06 20.75 34.19 25.75 25.04 32.46 40.63 40.89
 5643.25 23.00 19.60 20.38 19.39 20.98 20.72 34.01 25.77 24.98 32.40 40.68 40.86
 5644.25 22.82 19.40 20.17 19.19 20.72 20.52 33.65 25.61 24.74 32.16 40.55 40.64
 5645.25 22.62 19.18 19.94 18.99 20.44 20.30 33.27 25.43 24.49 31.90 40.41 40.41
 5646.25 21.99 18.55 19.30 18.38 19.75 19.67 32.43 24.81 23.79 31.17 39.82 39.73
 5647.25 21.90 18.43 19.18 18.28 19.58 19.56 32.18 24.75 23.65 31.02 39.78 39.61
 5648.25 22.46 18.94 19.69 18.81 20.05 20.09 32.65 25.36 24.17 31.55 40.41 40.16
 5649.25 22.60 19.05 19.79 18.93 20.10 20.20 32.70 25.53 24.26 31.64 40.61 40.27
 5650.25 22.64 19.05 19.79 18.95 20.06 20.21 32.64 25.59 24.24 31.61 40.69 40.27
 5651.25 22.80 19.18 19.91 19.10 20.14 20.34 32.72 25.78 24.35 31.72 40.91 40.40
 5652.25 22.85 19.20 19.93 19.13 20.10 20.37 32.68 25.86 24.35 31.71 41.01 40.42
 5653.25 22.80 19.12 19.84 19.07 19.97 20.30 32.54 25.83 24.24 31.59 41.02 40.34
 5654.25 21.85 18.20 18.90 18.16 18.98 19.36 31.44 24.88 23.22 30.53 40.08 39.31
 5655.25 15.23 12.29 12.84 12.28 12.87 13.21 23.34 17.76 16.31 22.56 31.41 30.61
 5656.25  9.49  7.50  7.86  7.50  7.85  8.11 15.20 11.25 10.20 14.64 21.48 20.79
 5657.25 10.60  8.37  8.77  8.38  8.73  9.05 16.74 12.53 11.32 16.16 23.61 22.80
 5658.25 18.47 15.01 15.63 15.04 15.53 16.07 27.09 21.32 19.49 26.33 36.06 34.98
 5659.25 22.35 18.46 19.16 18.51 18.99 19.66 31.45 25.46 23.40 30.68 40.80 39.62
 5660.25 21.94 18.03 18.72 18.09 18.52 19.22 30.89 25.04 22.91 30.16 40.40 39.13
 5661.25 22.94 18.93 19.63 19.01 19.39 20.15 31.84 26.08 23.85 31.14 41.47 40.12
 5662.25 23.68 19.58 20.29 19.69 20.02 20.82 32.49 26.83 24.52 31.82 42.23 40.80
 5663.25 24.34 20.19 20.89 20.31 20.60 21.44 33.05 27.52 25.12 32.41 42.90 41.40
 5664.25 24.79 20.57 21.28 20.71 20.96 21.84 33.38 27.97 25.50 32.77 43.35 41.75
 5665.25 24.78 20.52 21.22 20.67 20.87 21.79 33.26 27.97 25.42 32.69 43.37 41.68
 5666.25 24.98 20.67 21.37 20.84 21.00 21.95 33.35 28.18 25.55 32.81 43.59 41.80
 5667.25 25.26 20.90 21.60 21.09 21.20 22.18 33.52 28.47 25.76 33.00 43.87 41.98
 5668.25 25.48 21.08 21.77 21.28 21.34 22.36 33.62 28.70 25.91 33.14 44.10 42.12
 5669.25 25.50 21.05 21.75 21.28 21.29 22.35 33.54 28.73 25.86 33.09 44.16 42.07
 5670.25 24.93 20.44 21.13 20.69 20.65 21.74 32.88 28.17 25.22 32.45 43.68 41.48
 5671.25 24.55 20.03 20.71 20.28 20.21 21.32 32.39 27.79 24.77 31.99 43.36 41.05
 5672.25 24.75 20.17 20.86 20.45 20.33 21.49 32.48 28.00 24.90 32.12 43.58 41.18
 5673.25 24.80 20.16 20.86 20.47 20.30 21.49 32.42 28.06 24.88 32.09 43.66 41.15
 5674.25 24.83 20.14 20.84 20.48 20.26 21.47 32.35 28.10 24.84 32.05 43.72 41.11
 5675.25 25.00 20.26 20.97 20.62 20.36 21.59 32.41 28.29 24.96 32.14 43.91 41.21
 5676.25 25.16 20.36 21.08 20.75 20.44 21.68 32.46 28.49 25.05 32.22 44.09 41.29
 5677.25 25.20 20.34 21.07 20.76 20.40 21.66 32.39 28.63 25.03 32.18 44.15 41.26
 5678.25 25.09 20.18 20.92 20.63 20.23 21.49 32.18 28.65 24.87 32.00 44.09 41.09
 5679.25 24.95 19.99 20.73 20.47 20.02 21.29 31.93 28.64 24.67 31.78 43.99 40.89
 5680.25 24.91 19.89 20.64 20.40 19.90 21.19 31.78 28.73 24.56 31.66 43.98 40.78
 5681.25 24.86 19.79 20.55 20.33 19.78 21.08 31.62 28.81 24.45 31.54 43.96 40.66
 5682.25 24.71 19.60 20.36 20.18 19.57 20.88 31.36 28.80 24.25 31.31 43.86 40.45
 5683.25 24.70 19.54 20.31 20.18 19.49 20.81 31.25 28.92 24.18 31.23 43.88 40.37
 5684.25 24.94 19.72 20.50 20.41 19.65 20.99 31.38 29.29 24.37 31.39 44.13 40.53
 5685.25 24.86 19.59 20.37 20.34 19.50 20.85 31.19 29.34 24.23 31.24 44.09 40.39
 5686.25 24.63 19.32 20.11 20.12 19.22 20.57 30.86 29.24 23.95 30.93 43.90 40.10
 5687.25 24.69 19.33 20.12 20.18 19.20 20.57 30.81 29.43 23.95 30.91 43.98 40.08
 5688.25 25.02 19.59 20.40 20.50 19.45 20.83 31.03 29.89 24.22 31.17 44.33 40.34
 5689.25 25.02 19.54 20.37 20.51 19.38 20.78 30.93 30.02 24.17 31.10 44.36 40.27
 5690.25 24.65 19.15 19.99 20.16 18.97 20.37 30.46 29.78 23.75 30.66 44.04 39.84
 5691.25 24.79 19.23 20.08 20.30 19.03 20.44 30.49 30.04 23.83 30.72 44.19 39.91
 5692.25 24.75 19.15 20.01 20.27 18.93 20.35 30.34 30.12 23.74 30.61 44.15 39.80
 5693.25 24.61 18.97 19.84 20.14 18.73 20.16 30.10 30.11 23.54 30.39 43.94 39.59
 5694.25 24.76 19.06 19.96 20.29 18.81 20.26 30.15 30.39 23.65 30.47 43.97 39.68
 5695.25 24.96 19.20 20.12 20.49 18.93 20.39 30.25 30.71 23.79 30.60 44.02 39.80
 5696.25 25.01 19.21 20.13 20.54 18.91 20.39 30.20 30.88 23.79 30.58 43.94 39.79
 5697.25 24.76 18.92 19.86 20.31 18.61 20.09 29.84 30.75 23.48 30.25 43.56 39.47
 5698.25 24.56 18.69 19.63 20.12 18.36 19.85 29.54 30.66 23.23 29.96 43.23 39.20
 5699.25 24.79 18.85 19.82 20.34 18.51 20.01 29.67 31.02 23.41 30.12 43.31 39.36
 5700.25 24.95 18.96 19.94 20.51 18.60 20.11 29.74 31.30 23.52 30.21 43.34 39.46
 5701.25 24.90 18.87 19.86 20.46 18.49 20.01 29.58 31.37 23.41 30.08 43.16 39.35
 5702.25 24.93 18.84 19.85 20.49 18.46 19.98 29.51 31.51 23.38 30.03 43.05 39.31
 5703.25 24.88 18.75 19.78 20.45 18.37 19.88 29.36 31.59 23.29 29.91 42.88 39.20
 5704.25 24.85 18.67 19.71 20.42 18.28 19.80 29.23 31.67 23.20 29.80 42.72 39.10
 5705.25 24.90 18.66 19.72 20.47 18.27 19.79 29.18 31.84 23.20 29.77 42.64 39.09
 5706.25 24.95 18.66 19.74 20.53 18.27 19.79 29.13 32.01 23.20 29.75 42.56 39.08
 5707.25 25.08 18.73 19.83 20.66 18.33 19.85 29.16 32.25 23.27 29.80 42.55 39.14
 5708.25 25.08 18.67 19.79 20.66 18.27 19.80 29.06 32.36 23.22 29.72 42.42 39.08
 5709.25 25.10 18.65 19.79 20.69 18.25 19.77 28.99 32.51 23.19 29.68 42.32 39.04
 5710.25 25.30 18.78 19.94 20.88 18.37 19.90 29.08 32.82 23.33 29.80 42.37 39.17
 5711.25 25.35 18.77 19.95 20.93 18.37 19.89 29.03 32.98 23.33 29.77 42.29 39.16
 5712.25 25.34 18.71 19.91 20.93 18.30 19.83 28.92 33.08 23.27 29.68 42.14 39.08
 5713.25 25.37 18.69 19.92 20.97 18.29 19.81 28.86 33.23 23.25 29.65 42.05 39.05
 5714.25 25.25 18.53 19.77 20.86 18.12 19.65 28.64 33.21 23.08 29.45 41.79 38.86
 5715.25 25.17 18.43 19.69 20.82 18.03 19.55 28.49 33.27 22.98 29.32 41.61 38.75
 5716.25 25.22 18.50 19.78 20.94 18.09 19.62 28.52 33.51 23.06 29.38 41.60 38.81
 5717.25 25.18 18.50 19.80 21.00 18.09 19.62 28.47 33.67 23.06 29.35 41.51 38.80
 5718.25 25.01 18.37 19.68 20.92 17.95 19.48 28.28 33.68 22.92 29.18 41.29 38.64
 5719.25 24.98 18.37 19.71 21.01 17.96 19.49 28.24 33.85 22.93 29.17 41.22 38.64
 5720.25 25.01 18.43 19.79 21.17 18.01 19.55 28.26 34.08 22.99 29.21 41.20 38.69
 5721.25 25.02 18.47 19.85 21.32 18.05 19.59 28.26 34.28 23.04 29.24 41.16 38.71
 5722.25 24.95 18.44 19.84 21.40 18.02 19.56 28.18 34.41 23.01 29.18 41.04 38.67
 5723.25 24.79 18.32 19.72 21.38 17.90 19.44 28.01 34.45 22.89 29.03 40.84 38.52
 5724.25 24.79 18.36 19.75 21.52 17.93 19.48 28.00 34.72 22.92 29.05 40.79 38.54
 5725.25 24.89 18.48 19.88 21.75 18.05 19.61 28.09 35.14 23.06 29.17 40.85 38.65
 5726.25 24.85 18.48 19.87 21.85 18.05 19.60 28.04 35.43 23.07 29.14 40.76 38.63
 5727.25 24.84 18.50 19.88 21.98 18.07 19.62 28.02 35.76 23.10 29.14 40.71 38.63
 5728.25 24.82 18.51 19.89 22.09 18.07 19.63 27.98 36.06 23.12 29.13 40.63 38.62
 5729.25 24.85 18.57 19.95 22.26 18.13 19.70 28.01 36.42 23.20 29.18 40.62 38.67
 5730.25 24.89 18.63 20.01 22.43 18.19 19.76 28.03 36.78 23.28 29.23 40.61 38.73
 5731.25 24.83 18.61 19.98 22.51 18.17 19.74 27.96 37.05 23.27 29.18 40.51 38.68
 5732.25 24.84 18.65 20.02 22.66 18.21 19.78 27.96 37.38 23.33 29.21 40.47 38.71
 5733.25 24.97 18.81 20.17 22.93 18.36 19.95 28.09 37.83 23.51 29.36 40.56 38.86
 5734.25 24.94 18.81 20.17 23.03 18.36 19.95 28.04 38.12 23.52 29.34 40.48 38.84
 5735.25 24.82 18.73 20.08 23.05 18.28 19.87 27.91 38.32 23.45 29.24 40.32 38.74
 5736.25 24.64 18.59 19.94 23.01 18.14 19.73 27.72 38.46 23.32 29.07 40.10 38.58
 5737.25 24.59 18.58 19.91 23.09 18.12 19.71 27.66 38.72 23.31 29.03 40.00 38.55
 5738.25 24.68 18.71 20.03 23.32 18.24 19.83 27.77 39.13 23.45 29.15 40.06 38.66
 5739.25 24.71 18.77 20.09 23.49 18.30 19.90 27.82 39.47 23.53 29.19 40.04 38.71
 5740.25 24.60 18.70 20.01 23.51 18.22 19.82 27.72 39.66 23.46 29.09 39.88 38.62
 5741.25 24.62 18.76 20.06 23.67 18.27 19.88 27.76 39.99 23.53 29.13 39.86 38.66
 5742.25 24.69 18.86 20.15 23.87 18.36 19.97 27.85 40.36 23.64 29.21 39.88 38.74
 5743.25 24.26 18.50 19.76 23.58 18.00 19.59 27.44 40.25 23.26 28.80 39.43 38.34
 5744.25 23.85 18.15 19.40 23.30 17.65 19.23 27.04 40.15 22.90 28.39 38.97 37.95
 5745.25 24.14 18.47 19.71 23.73 17.95 19.55 27.36 40.75 23.24 28.72 39.23 38.27
 5746.25 24.15 18.53 19.77 23.90 18.01 19.61 27.41 41.08 23.32 28.76 39.22 38.32
 5747.25 24.06 18.51 19.73 23.96 17.98 19.58 27.37 41.32 23.30 28.71 39.12 38.27
 5748.25 24.03 18.53 19.75 24.09 18.00 19.60 27.38 41.61 23.34 28.72 39.10 38.28
 5749.25 24.01 18.58 19.78 24.23 18.04 19.64 27.40 41.91 23.39 28.75 39.11 38.31
 5750.25 23.90 18.53 19.72 24.27 17.99 19.59 27.33 42.12 23.35 28.70 39.03 38.25
 5751.25 23.72 18.43 19.60 24.25 17.88 19.48 27.20 42.27 23.24 28.58 38.89 38.12
 5752.25 23.64 18.41 19.57 24.32 17.85 19.45 27.16 42.51 23.23 28.56 38.85 38.08
 5753.25 23.60 18.43 19.59 24.44 17.87 19.47 27.17 42.79 23.26 28.59 38.85 38.09
 5754.25 23.54 18.43 19.58 24.54 17.87 19.47 27.15 43.05 23.27 28.58 38.82 38.07
 5755.25 23.41 18.37 19.50 24.57 17.80 19.40 27.06 43.23 23.20 28.51 38.71 37.98
 5756.25 23.23 18.26 19.38 24.57 17.69 19.28 26.93 43.35 23.09 28.38 38.56 37.83
 5757.25 23.02 18.12 19.23 24.57 17.54 19.13 26.75 43.44 22.93 28.21 38.36 37.65
 5758.25 22.88 18.05 19.15 24.68 17.47 19.06 26.66 43.60 22.85 28.11 38.24 37.54
 5759.25 22.79 18.02 19.12 24.83 17.43 19.03 26.61 43.79 22.81 28.07 38.16 37.47
 5760.25 22.69 18.00 19.08 24.98 17.40 19.01 26.56 43.99 22.78 28.02 38.08 37.41
 5761.25 22.57 17.94 19.02 25.10 17.34 18.95 26.48 44.16 22.71 27.94 37.98 37.31
 5762.25 22.67 18.09 19.17 25.44 17.48 19.11 26.62 44.54 22.87 28.09 38.09 37.44
 5763.25 22.73 18.21 19.29 25.75 17.60 19.24 26.74 44.89 22.99 28.21 38.18 37.53
 5764.25 22.61 18.16 19.24 25.88 17.54 19.20 26.66 45.07 22.93 28.14 38.08 37.44
 5765.25 22.38 18.00 19.07 25.88 17.38 19.04 26.47 45.12 22.76 27.95 37.86 37.24
 5766.25 22.22 17.91 18.97 25.95 17.28 18.95 26.35 45.24 22.65 27.83 37.71 37.10
 5767.25 22.18 17.94 18.99 26.16 17.30 18.98 26.36 45.49 22.67 27.84 37.69 37.09
 5768.25 22.05 17.87 18.93 26.27 17.23 18.92 26.27 45.65 22.60 27.76 37.58 36.99
 5769.25 21.92 17.82 18.86 26.37 17.17 18.87 26.18 45.80 22.53 27.67 37.47 36.89
 5770.25 21.90 17.86 18.90 26.59 17.20 18.92 26.21 46.05 22.57 27.70 37.47 36.90
 5771.25 22.14 18.16 19.19 27.09 17.49 19.22 26.51 46.43 22.88 28.01 37.74 37.18
 5772.25 22.33 18.41 19.43 27.52 17.72 19.47 26.75 46.57 23.13 28.25 37.95 37.41
 5773.25 22.29 18.44 19.46 27.73 17.74 19.50 26.76 47.87 23.15 28.27 37.94 37.40
 5774.25 22.29 18.50 19.51 27.96 17.79 19.57 26.81 56.31 23.21 28.32 37.95 37.43
 5775.25 22.29 18.56 19.56 28.19 17.84 19.63 26.84 66.22 23.26 28.36 37.96 37.45
 5776.25 22.30 18.62 19.61 28.41 17.88 19.69 26.88 68.68 23.33 28.40 37.97 37.47
 5777.25 22.19 18.56 19.54 28.52 17.82 19.63 26.80 68.43 23.27 28.32 37.86 37.38
 5778.25 21.99 18.41 19.37 28.52 17.65 19.47 26.60 67.92 23.11 28.13 37.65 37.18
 5779.25 21.90 18.37 19.33 28.64 17.60 19.44 26.54 67.50 23.07 28.07 37.56 37.13
 5780.25 21.99 18.49 19.44 28.94 17.72 19.56 26.65 67.22 23.21 28.18 37.64 37.27
 5781.25 22.10 18.65 19.59 29.27 17.87 19.72 26.79 66.95 23.38 28.33 37.76 37.44
 5782.25 22.15 18.75 19.68 29.53 17.96 19.82 26.87 66.64 23.48 28.41 37.80 37.55
 5783.25 22.14 18.78 19.70 29.73 17.99 19.85 26.91 66.27 23.52 28.42 37.79 37.59
 5784.25 22.17 18.85 19.77 29.97 18.05 19.93 26.99 65.92 23.60 28.48 37.81 37.68
 5785.25 22.14 18.86 19.77 30.14 18.06 19.94 27.01 65.53 23.61 28.47 37.78 37.70
 5786.25 22.12 18.89 19.79 30.33 18.09 19.97 27.04 65.15 23.65 28.48 37.75 37.74
 5787.25 22.15 18.97 19.85 30.56 18.15 20.04 27.13 64.80 23.73 28.53 37.78 37.82
 5788.25 22.04 18.91 19.78 30.66 18.09 19.98 27.07 64.34 23.67 28.45 37.67 37.77
 5789.25 21.92 18.84 19.70 30.74 18.02 19.91 27.00 63.86 23.60 28.35 37.54 37.71
 5790.25 21.80 18.77 19.62 30.82 17.95 19.84 26.94 63.38 23.52 28.26 37.42 37.65
 5791.25 21.60 18.61 19.46 30.82 17.79 19.68 26.78 62.83 23.37 28.07 37.21 37.50
 5792.25 21.53 18.59 19.43 30.95 17.77 19.66 26.76 62.39 23.35 28.03 37.13 37.48
 5793.25 21.54 18.65 19.48 31.14 17.82 19.72 26.83 62.01 23.41 28.07 37.14 37.55
 5794.25 21.36 18.52 19.35 31.04 17.69 19.59 26.70 61.46 23.28 27.91 36.96 37.43
 5795.25 21.36 18.57 19.39 31.01 17.73 19.64 26.76 61.06 23.33 27.93 36.95 37.48
 5796.25 21.59 18.84 19.66 31.21 18.00 19.92 27.06 60.86 23.62 28.21 37.18 37.78
 5797.25 21.61 18.90 19.72 31.18 18.05 19.98 27.13 60.47 23.68 28.25 37.20 37.85
 5798.25 20.73 18.10 18.91 30.22 17.26 19.17 26.27 59.30 22.84 27.36 36.29 37.00
 5799.25 20.82 18.23 19.04 30.27 17.39 19.30 26.42 58.97 22.98 27.48 36.38 37.15
 5800.25 21.50 18.94 19.75 30.93 18.08 20.01 27.18 59.15 23.73 28.22 37.07 37.91
 5801.25 21.31 18.80 19.60 30.69 17.94 19.87 27.04 58.57 23.58 28.05 36.88 37.77
 5802.25 21.15 18.68 19.49 30.47 17.82 19.77 26.93 58.00 23.47 27.93 36.71 37.66
 5803.25 20.98 18.56 19.37 30.25 17.71 19.65 26.81 57.43 23.35 27.80 36.56 37.55
 5804.25 20.79 18.42 19.23 30.01 17.57 19.52 26.67 56.83 23.21 27.65 36.40 37.40
 5805.25 20.80 18.46 19.27 29.96 17.61 19.57 26.72 56.39 23.26 27.70 36.43 37.46
 5806.25 20.82 18.50 19.32 29.92 17.66 19.63 26.79 55.96 23.32 27.76 36.48 37.52
 5807.25 20.80 18.51 19.33 29.83 17.67 19.65 26.81 55.48 23.33 27.77 36.48 37.54
 5808.25 20.73 18.46 19.28 29.69 17.62 19.61 26.77 54.95 23.29 27.72 36.42 37.50
 5809.25 20.68 18.44 19.26 29.56 17.60 19.59 26.75 54.43 23.27 27.70 36.38 37.48
 5810.25 20.58 18.36 19.18 29.38 17.52 19.52 26.67 53.86 23.19 27.62 36.28 37.41
 5811.25 20.52 18.32 19.15 29.25 17.49 19.49 26.65 53.32 23.16 27.58 36.24 37.38
 5812.25 20.47 18.30 19.13 29.13 17.47 19.48 26.63 52.79 23.14 27.56 36.20 37.37
 5813.25 20.41 18.26 19.09 29.00 17.44 19.46 26.61 52.25 23.11 27.53 36.15 37.34
 5814.25 20.43 18.30 19.14 28.95 17.48 19.51 26.66 51.77 23.16 27.57 36.19 37.39
 5815.25 20.41 18.31 19.15 28.86 17.49 19.52 26.68 51.26 23.18 27.58 36.18 37.41
 5816.25 20.43 18.35 19.19 28.81 17.53 19.57 26.73 50.77 23.23 27.63 36.22 37.46
 5817.25 20.48 18.42 19.26 28.79 17.60 19.65 26.82 50.32 23.31 27.71 36.28 37.55
 5818.25 20.42 18.38 19.23 28.65 17.57 19.63 26.80 49.80 23.28 27.68 36.24 37.52
 5819.25 20.23 18.22 19.06 28.38 17.40 19.47 26.63 49.33 23.11 27.50 36.05 37.35
 5820.25 20.13 18.15 19.00 28.21 17.34 19.41 26.56 49.14 23.04 27.43 35.97 37.29
 5821.25 20.11 18.15 19.00 28.11 17.35 19.42 26.58 49.08 23.05 27.44 35.96 37.30
 5822.25 20.01 18.08 18.93 27.94 17.28 19.36 26.51 48.94 22.98 27.36 35.87 37.23
 5823.25 19.94 18.03 18.89 27.79 17.24 19.32 26.47 48.82 22.94 27.31 35.81 37.19
 5824.25 19.87 17.98 18.84 27.64 17.19 19.28 26.43 48.71 22.90 27.26 35.75 37.15
 5825.25 19.87 18.01 18.87 27.57 17.22 19.32 26.47 48.67 22.94 27.30 35.77 37.19
 5826.25 19.97 18.12 18.98 27.59 17.33 19.44 26.61 48.72 23.08 27.42 35.89 37.32
 5827.25 19.97 18.15 19.01 27.53 17.36 19.48 26.65 48.68 23.13 27.46 35.91 37.36
 5828.25 19.94 18.14 19.00 27.42 17.36 19.49 26.66 48.61 23.15 27.46 35.89 37.37
 5829.25 20.00 18.22 19.07 27.41 17.44 19.58 26.77 48.62 23.26 27.55 35.97 37.47
 5830.25 20.03 18.27 19.11 27.37 17.50 19.64 26.85 48.61 23.34 27.61 36.02 37.53
 5831.25 20.00 18.27 19.09 27.26 17.50 19.65 26.87 48.54 23.36 27.61 36.01 37.54
 5832.25 20.01 18.30 19.10 27.18 17.53 19.69 26.93 48.50 23.41 27.64 36.03 37.58
 5833.25 19.92 18.23 19.03 26.99 17.47 19.63 26.88 48.37 23.37 27.58 35.95 37.52
 5834.25 20.00 18.34 19.12 26.99 17.58 19.75 27.02 48.40 23.50 27.70 36.05 37.64
 5835.25 20.02 18.37 19.14 26.91 17.61 19.80 27.08 48.37 23.56 27.74 36.08 37.69
 5836.25 19.88 18.24 19.00 26.65 17.49 19.67 26.96 48.17 23.44 27.60 35.93 37.58
 5837.25 19.87 18.25 18.99 26.53 17.50 19.69 26.99 48.11 23.47 27.61 35.93 37.65
 5838.25 19.95 18.33 19.06 26.51 17.59 19.79 27.11 48.13 23.59 27.71 36.01 37.83
 5839.25 20.02 18.41 19.12 26.47 17.66 19.87 27.21 48.14 23.69 27.79 36.09 38.00
 5840.25 19.96 18.37 19.07 26.31 17.63 19.84 27.19 48.03 23.67 27.75 36.03 38.04
 5841.25 19.91 18.33 19.01 26.14 17.59 19.81 27.17 47.92 23.64 27.71 35.98 38.08
 5842.25 19.95 18.38 19.05 26.07 17.64 19.87 27.25 47.90 23.72 27.76 36.02 38.22
 5843.25 19.99 18.43 19.09 26.01 17.69 19.94 27.33 47.88 23.80 27.82 36.07 38.36
 5844.25 20.14 18.58 19.23 26.05 17.85 20.11 27.52 47.97 23.98 27.99 36.22 38.61
 5845.25 20.11 18.56 19.19 25.91 17.83 20.12 27.52 47.88 23.99 27.98 36.20 38.68
 5846.25 19.95 18.42 19.03 25.62 17.69 20.01 27.38 47.67 23.85 27.82 36.03 38.61
 5847.25 20.01 18.49 19.09 25.58 17.76 20.11 27.49 47.68 23.95 27.90 36.10 38.77
 5848.25 19.89 18.38 18.97 25.34 17.66 20.04 27.40 47.50 23.86 27.79 35.98 38.74
 5849.25 19.70 18.21 18.78 25.03 17.50 19.89 27.23 47.26 23.70 27.61 35.78 38.64
 5850.25 19.64 18.16 18.71 24.85 17.44 19.87 27.19 47.13 23.66 27.55 35.71 38.67
 5851.25 19.71 18.24 18.79 24.81 17.53 19.99 27.31 47.15 23.78 27.65 35.80 38.84
 5852.25 19.83 18.37 18.90 24.83 17.66 20.15 27.48 47.22 23.93 27.79 35.93 39.06
 5853.25 19.44 18.00 18.51 24.29 17.30 19.80 27.09 46.76 23.55 27.38 35.51 38.74
 5854.25 18.36 16.96 17.45 23.03 16.29 18.76 25.95 45.55 22.44 26.21 34.32 37.65
 5855.25 18.99 17.58 18.06 23.58 16.89 19.43 26.67 46.17 23.14 26.90 35.02 38.44
 5856.25 19.92 18.50 18.98 24.46 17.80 20.42 27.71 47.07 24.16 27.92 36.03 39.53
 5857.25 19.90 18.49 18.95 24.31 17.79 20.44 27.72 46.99 24.17 27.90 36.01 39.60
 5858.25 19.85 18.45 18.90 24.15 17.76 20.43 27.71 46.88 24.15 27.85 35.95 39.64
 5859.25 19.81 18.42 18.86 23.99 17.74 20.44 27.70 46.78 24.14 27.81 35.90 39.69
 5860.25 19.62 18.25 18.66 23.67 17.57 20.29 27.53 46.53 23.97 27.61 35.69 39.59
 5861.25 19.46 18.10 18.50 23.37 17.42 20.16 27.39 46.31 23.83 27.44 35.50 39.50
 5862.25 19.37 18.03 18.41 23.17 17.36 20.13 27.34 46.16 23.78 27.35 35.40 39.51
 5863.25 19.39 18.05 18.43 23.07 17.40 20.18 27.39 46.12 23.83 27.37 35.41 39.62
 5864.25 19.33 18.01 18.37 22.89 17.36 20.17 27.36 46.00 23.80 27.32 35.33 39.65
 5865.25 19.11 17.80 18.14 22.53 17.16 19.98 27.15 45.71 23.59 27.07 35.07 39.50
 5866.25 17.94 16.68 17.00 21.16 16.06 18.83 25.88 44.35 22.36 25.77 33.73 38.26
 5867.25 16.53 15.33 15.63 19.53 14.75 17.43 24.28 42.56 20.84 24.15 32.00 36.62
 5868.25 16.59 15.40 15.68 19.48 14.81 17.53 24.38 42.56 20.93 24.21 32.06 36.78
 5869.25 16.21 15.05 15.31 18.99 14.47 17.18 23.96 41.99 20.54 23.77 31.55 36.37
 5870.25 17.06 15.88 16.13 19.86 15.29 18.09 25.00 43.01 21.51 24.77 32.62 37.55
 5871.25 18.06 16.86 17.10 20.89 16.25 19.16 26.19 44.14 22.65 25.93 33.83 38.87
 5872.25 18.74 17.53 17.76 21.56 16.91 19.89 26.97 44.83 23.44 26.71 34.62 39.76
 5873.25 18.55 17.36 17.58 21.33 16.75 19.75 26.77 44.56 23.29 26.54 34.43 39.68
 5874.25 18.02 16.85 17.05 20.72 16.25 19.23 26.16 43.88 22.77 25.97 33.84 39.19
 5875.25 18.28 17.13 17.31 20.96 16.52 19.55 26.44 44.10 23.11 26.30 34.16 39.62
 5876.25 18.37 17.23 17.39 21.02 16.62 19.68 26.52 44.12 23.25 26.43 34.28 39.84
 5877.25 18.46 17.32 17.47 21.06 16.72 19.81 26.61 44.16 23.38 26.55 34.41 40.07
 5878.25 18.77 17.65 17.77 21.36 17.04 20.18 26.95 44.44 23.77 26.94 34.80 40.56
 5879.25 18.80 17.68 17.79 21.34 17.08 20.24 26.95 44.37 23.83 26.99 34.83 40.69
 5880.25 18.72 17.62 17.71 21.22 17.02 20.20 26.85 44.20 23.79 26.93 34.76 40.72
 5881.25 18.71 17.63 17.70 21.17 17.03 20.24 26.83 44.12 23.82 26.95 34.77 40.83
 5882.25 18.75 17.68 17.74 21.16 17.08 20.31 26.86 44.08 23.90 27.02 34.84 41.00
 5883.25 18.71 17.66 17.70 21.08 17.06 20.32 26.80 43.97 23.91 27.02 34.82 41.09
 5884.25 18.71 17.67 17.69 21.04 17.07 20.35 26.79 43.90 23.95 27.04 34.84 41.21
 5885.25 18.71 17.68 17.69 21.00 17.09 20.40 26.77 43.82 23.99 27.07 34.86 41.33
 5886.25 18.63 17.62 17.60 20.86 17.02 20.35 26.65 43.61 23.93 27.00 34.76 41.32
 5887.25 18.62 17.62 17.59 20.81 17.03 20.39 26.63 43.52 23.96 27.02 34.77 41.44
 5888.25 17.79 16.83 16.78 19.91 16.25 19.59 25.70 42.55 23.11 26.13 33.86 40.65
 5889.25 15.12 14.26 14.20 17.04 13.74 16.82 22.51 38.97 20.11 22.97 30.45 37.27
 5890.25 12.27 11.54 11.48 13.90 11.09 13.79 18.79 34.14 16.68 19.24 26.13 32.70
 5891.25  8.63  8.09  8.03  9.83  7.76  9.80 13.61 26.30 12.00 14.00 19.58 25.22
 5892.25  9.89  9.29  9.21 11.20  8.92 11.23 15.42 29.08 13.68 15.88 21.96 28.11
 5893.25 16.39 15.53 15.41 18.22 14.99 18.35 23.96 40.33 21.71 24.60 32.17 39.44
 5894.25 18.83 17.92 17.77 20.74 17.34 20.98 26.78 43.30 24.50 27.49 35.21 42.60
 5895.25 17.89 17.01 16.85 19.72 16.45 20.05 25.72 42.17 23.51 26.46 34.15 41.68
 5896.25 14.46 13.70 13.54 16.05 13.20 16.43 21.57 37.40 19.58 22.31 29.63 37.11
 5897.25 10.43  9.85  9.71 11.65  9.47 12.02 16.17 30.05 14.56 16.82 23.13 29.97
 5898.25 11.90 11.26 11.10 13.22 10.84 13.70 18.17 32.83 16.48 18.92 25.65 32.95
 5899.25 17.44 16.61 16.40 19.06 16.07 19.76 25.10 41.22 23.14 26.02 33.62 41.54
 5900.25 18.93 18.08 17.86 20.55 17.52 21.37 26.76 42.84 24.82 27.73 35.37 43.37
 5901.25 18.88 18.04 17.81 20.45 17.48 21.36 26.68 42.71 24.81 27.70 35.33 43.44
 5902.25 18.89 18.05 17.82 20.42 17.51 21.42 26.69 42.67 24.86 27.75 35.39 43.62
 5903.25 18.93 18.10 17.86 20.42 17.56 21.52 26.72 42.67 24.95 27.84 35.47 43.82
 5904.25 18.58 17.77 17.53 20.01 17.24 21.20 26.33 42.22 24.62 27.48 35.11 43.58
 5905.25 18.33 17.53 17.29 19.71 17.01 20.99 26.03 41.87 24.38 27.23 34.85 43.43
 5906.25 18.74 17.94 17.69 20.09 17.43 21.47 26.47 42.24 24.87 27.71 35.33 44.00
 5907.25 18.34 17.55 17.30 19.65 17.05 21.09 26.00 41.69 24.46 27.27 34.88 43.66
 5908.25 17.45 16.69 16.44 18.71 16.21 20.20 24.98 40.57 23.51 26.26 33.86 42.76
 5909.25 18.15 17.38 17.12 19.42 16.90 20.98 25.74 41.29 24.33 27.06 34.68 43.68
 5910.25 18.18 17.42 17.15 19.43 16.94 21.06 25.76 41.24 24.40 27.10 34.73 43.83
 5911.25 17.32 16.58 16.32 18.53 16.12 20.20 24.77 40.18 23.48 26.13 33.76 42.98
 5912.25 18.14 17.39 17.12 19.36 16.94 21.12 25.68 41.05 24.44 27.07 34.74 44.06
 5913.25 18.79 18.04 17.76 20.01 17.59 21.85 26.38 41.68 25.18 27.80 35.47 44.88
 5914.25 18.75 18.01 17.73 19.95 17.56 21.86 26.31 41.53 25.18 27.76 35.43 44.95
 5915.25 18.35 17.62 17.34 19.52 17.19 21.48 25.85 40.98 24.77 27.31 34.97 44.63
 5916.25 15.87 15.20 14.93 16.95 14.81 18.85 22.97 37.81 21.99 24.41 31.94 41.72
 5917.25 14.90 14.27 14.01 15.93 13.90 17.84 21.79 36.37 20.88 23.22 30.64 40.50
 5918.25 17.23 16.55 16.26 18.32 16.16 20.43 24.54 39.29 23.63 26.04 33.64 43.65
 5919.25 18.20 17.51 17.21 19.30 17.11 21.51 25.61 40.28 24.75 27.14 34.76 44.85
 5920.25 18.37 17.68 17.38 19.46 17.29 21.74 25.81 40.41 24.98 27.36 34.99 45.22
 5921.25 18.33 17.65 17.34 19.40 17.27 21.75 25.77 40.30 24.99 27.33 34.98 45.36
 5922.25 18.19 17.52 17.21 19.24 17.15 21.64 25.61 40.01 24.87 27.17 34.81 45.30
 5923.25 18.08 17.42 17.10 19.10 17.06 21.57 25.47 39.74 24.77 27.04 34.66 45.25
 5924.25 17.99 17.34 17.02 18.99 16.98 21.52 25.36 39.51 24.71 26.94 34.54 45.25
 5925.25 17.48 16.84 16.52 18.45 16.50 21.02 24.79 38.85 24.21 26.38 33.98 44.86
 5926.25 16.43 15.81 15.50 17.36 15.49 19.93 23.58 37.48 23.09 25.16 32.73 43.76
 5927.25 17.29 16.66 16.33 18.22 16.34 20.90 24.56 38.42 24.16 26.17 33.78 44.92
 5928.25 18.20 17.55 17.21 19.12 17.23 21.91 25.56 39.34 25.25 27.20 34.82 46.05
 5929.25 18.22 17.57 17.22 19.11 17.25 21.94 25.57 39.24 25.35 27.22 34.84 46.19
 5930.25 18.15 17.51 17.16 19.02 17.20 21.87 25.49 39.06 25.36 27.15 34.78 46.26
 5931.25 18.21 17.56 17.21 19.05 17.26 21.92 25.53 38.98 25.50 27.20 34.82 46.40
 5932.25 18.09 17.45 17.09 18.90 17.15 21.78 25.38 38.69 25.43 27.05 34.65 46.34
 5933.25 16.84 16.22 15.87 17.60 15.94 20.42 23.94 37.08 24.09 25.61 33.16 45.01
 5934.25 14.16 13.61 13.29 14.83 13.36 17.42 20.71 33.29 20.93 22.29 29.56 41.40
 5935.25 15.17 14.60 14.27 15.85 14.35 18.56 21.94 34.63 22.26 23.58 30.98 43.03
 5936.25 17.48 16.87 16.51 18.19 16.60 21.10 24.66 37.54 25.08 26.37 33.96 46.19
 5937.25 18.03 17.41 17.05 18.72 17.14 21.68 25.26 38.06 25.78 27.00 34.60 46.93
 5938.25 18.18 17.56 17.19 18.84 17.29 21.83 25.41 38.09 26.02 27.15 34.76 47.20
 5939.25 18.26 17.64 17.27 18.90 17.38 21.90 25.49 38.06 26.19 27.24 34.85 47.40
 5940.25 18.22 17.61 17.24 18.84 17.35 21.85 25.42 37.84 26.21 27.18 34.76 47.40
 5941.25 18.15 17.55 17.18 18.74 17.30 21.76 25.31 37.59 26.20 27.08 34.63 47.35
 5942.25 18.22 17.62 17.25 18.78 17.37 21.82 25.37 37.53 26.35 27.15 34.70 47.54
 5943.25 18.44 17.83 17.46 18.98 17.58 22.05 25.61 37.70 26.69 27.41 34.98 47.97
 5944.25 18.51 17.91 17.54 19.04 17.66 22.12 25.69 37.67 26.85 27.50 35.07 48.18
 5945.25 18.41 17.81 17.44 18.92 17.57 22.00 25.55 37.39 26.81 27.36 34.92 48.13
 5946.25 17.99 17.40 17.03 18.49 17.16 21.54 25.06 36.77 26.41 26.88 34.43 47.76
 5947.25 16.77 16.20 15.85 17.24 15.97 20.22 23.68 35.21 25.10 25.48 32.99 46.50
 5948.25 17.13 16.57 16.21 17.61 16.33 20.61 24.09 35.55 25.61 25.92 33.44 47.09
 5949.25 18.23 17.65 17.28 18.71 17.41 21.77 25.30 36.69 26.93 27.16 34.71 48.41
 5950.25 18.61 18.03 17.65 19.08 17.79 22.17 25.71 36.99 27.43 27.58 35.14 48.94
 5951.25 18.67 18.09 17.71 19.13 17.85 22.22 25.76 36.95 27.58 27.65 35.22 49.11
 5952.25 18.60 18.03 17.65 19.06 17.79 22.14 25.68 36.77 27.60 27.58 35.15 49.07
 5953.25 18.38 17.81 17.44 18.82 17.58 21.90 25.43 36.39 27.43 27.34 34.90 48.79
 5954.25 15.84 15.33 14.98 16.24 15.12 19.08 22.38 32.71 24.35 24.19 31.40 44.80
 5955.25 14.46 13.98 13.65 14.83 13.78 17.55 20.72 30.75 22.73 22.49 29.57 42.88
 5956.25 16.82 16.30 15.94 17.21 16.08 20.13 23.48 33.70 25.67 25.35 32.63 45.94
 5957.25 18.17 17.63 17.25 18.56 17.41 21.56 24.97 35.13 27.27 26.87 34.18 47.38
 5958.25 18.36 17.82 17.45 18.75 17.60 21.76 25.17 35.21 27.56 27.08 34.39 47.51
 5959.25 18.33 17.80 17.42 18.71 17.58 21.72 25.14 35.09 27.62 27.06 34.39 47.50
 5960.25 18.22 17.68 17.31 18.58 17.47 21.60 25.01 34.87 27.59 26.96 34.29 47.39
 5961.25 18.33 17.79 17.41 18.68 17.57 21.70 25.12 34.89 27.79 27.09 34.41 47.47
 5962.25 18.46 17.93 17.55 18.81 17.71 21.83 25.26 34.98 28.02 27.25 34.57 47.57
 5963.25 18.59 18.06 17.68 18.93 17.84 21.96 25.41 35.09 28.25 27.41 34.72 47.68
 5964.25 18.57 18.04 17.65 18.89 17.82 21.93 25.40 35.03 28.31 27.39 34.70 47.63
 5965.25 18.51 18.00 17.60 18.83 17.77 21.86 25.36 34.92 28.32 27.34 34.64 47.52
 5966.25 18.43 17.92 17.52 18.73 17.69 21.75 25.27 34.77 28.30 27.25 34.53 47.36
 5967.25 18.40 17.91 17.49 18.69 17.67 21.72 25.26 34.69 28.34 27.22 34.48 47.25
 5968.25 17.67 17.20 16.78 17.94 16.95 20.93 24.46 33.81 27.60 26.41 33.65 46.41
 5969.25 16.61 16.17 15.75 16.87 15.92 19.79 23.30 32.54 26.47 25.22 32.42 45.19
 5970.25 17.34 16.90 16.46 17.59 16.63 20.56 24.14 33.38 27.40 26.07 33.29 46.02
 5971.25 17.34 16.91 16.47 17.58 16.63 20.54 24.16 33.33 27.48 26.08 33.28 45.97
 5972.25 17.06 16.65 16.20 17.29 16.37 20.22 23.87 32.98 27.24 25.78 32.97 45.63
 5973.25 18.10 17.69 17.22 18.32 17.39 21.28 25.05 34.15 28.51 26.97 34.17 46.76
 5974.25 18.43 18.02 17.55 18.64 17.72 21.59 25.42 34.46 28.96 27.34 34.52 47.04
 5975.25 18.39 18.00 17.51 18.59 17.68 21.50 25.39 34.36 29.04 27.30 34.46 46.92
 5976.25 18.27 17.89 17.40 18.46 17.57 21.34 25.27 34.18 29.09 27.17 34.32 46.74
 5977.25 17.84 17.48 16.98 18.02 17.15 20.84 24.81 33.64 28.80 26.70 33.82 46.21
 5978.25 16.21 15.88 15.40 16.37 15.56 19.06 22.97 31.63 27.09 24.82 31.85 44.23
 5979.25 16.31 15.98 15.50 16.46 15.65 19.12 23.10 31.72 27.41 24.94 31.97 44.32
 5980.25 17.92 17.59 17.07 18.07 17.24 20.81 24.96 33.62 29.53 26.83 33.92 46.20
 5981.25 18.15 17.84 17.31 18.29 17.48 21.01 25.24 33.85 30.01 27.10 34.18 46.40
 5982.25 18.07 17.77 17.23 18.21 17.40 20.89 25.17 33.71 30.12 27.02 34.08 46.27
 5983.25 18.12 17.83 17.28 18.25 17.45 20.89 25.23 33.72 30.38 27.08 34.13 46.27
 5984.25 18.25 17.97 17.41 18.38 17.59 20.99 25.39 33.82 30.72 27.23 34.26 46.35
 5985.25 18.38 18.12 17.55 18.51 17.73 21.09 25.55 33.91 31.08 27.39 34.40 46.42
 5986.25 18.47 18.22 17.65 18.60 17.83 21.14 25.67 33.97 31.38 27.50 34.50 46.48
 5987.25 18.39 18.16 17.58 18.52 17.76 21.02 25.60 33.84 31.50 27.42 34.41 46.34
 5988.25 18.40 18.18 17.59 18.53 17.78 20.99 25.63 33.80 31.71 27.44 34.40 46.28
 5989.25 18.44 18.23 17.64 18.56 17.82 20.98 25.69 33.79 31.95 27.49 34.43 46.25
 5990.25 18.41 18.22 17.62 18.53 17.81 20.92 25.68 33.71 32.11 27.46 34.38 46.15
 5991.25 18.42 18.25 17.63 18.54 17.82 20.88 25.70 33.67 32.30 27.46 34.36 46.07
 5992.25 18.50 18.34 17.72 18.62 17.92 20.93 25.81 33.72 32.57 27.54 34.42 46.08
 5993.25 18.61 18.46 17.83 18.73 18.03 21.00 25.94 33.79 32.86 27.65 34.51 46.10
 5994.25 18.54 18.41 17.77 18.66 17.97 20.89 25.89 33.67 32.97 27.56 34.40 45.94
 5995.25 18.53 18.42 17.77 18.65 17.97 20.84 25.90 33.62 33.13 27.55 34.36 45.84
 5996.25 18.54 18.45 17.79 18.66 17.99 20.81 25.93 33.58 33.32 27.55 34.34 45.77
 5997.25 18.54 18.46 17.79 18.66 18.00 20.77 25.94 33.52 33.48 27.53 34.30 45.66
 5998.25 18.39 18.33 17.65 18.51 17.86 20.57 25.80 33.31 33.49 27.35 34.10 45.41
 5999.25 17.89 17.85 17.17 18.00 17.38 20.00 25.26 32.69 33.09 26.78 33.49 44.76
 6000.25 18.21 18.20 17.49 18.32 17.70 20.30 25.63 33.01 33.63 27.13 33.83 45.03
 6001.25 18.68 18.68 17.95 18.79 18.17 20.74 26.16 33.48 34.32 27.64 34.32 45.44
 6002.25 18.80 18.83 18.09 18.92 18.31 20.83 26.32 33.57 34.63 27.76 34.42 45.48
 6003.25 18.80 18.85 18.09 18.91 18.31 20.78 26.33 33.52 34.80 27.75 34.39 45.38
 6004.25 18.55 18.62 17.84 18.66 18.07 20.48 26.07 33.19 34.69 27.46 34.08 45.03
 6005.25 17.54 17.63 16.86 17.64 17.09 19.39 24.97 31.98 33.70 26.31 32.89 43.81
 6006.25 17.91 18.02 17.22 18.02 17.46 19.74 25.40 32.37 34.30 26.73 33.29 44.15
 6007.25 18.89 19.03 18.20 19.00 18.45 20.72 26.50 33.43 35.58 27.81 34.37 45.13
 6008.25 19.00 19.16 18.31 19.11 18.56 20.78 26.62 33.51 35.87 27.92 34.45 45.16
 6009.25 19.07 19.25 18.38 19.18 18.64 20.81 26.69 33.53 36.11 27.98 34.49 45.16
 6010.25 19.07 19.27 18.38 19.17 18.64 20.76 26.68 33.48 36.27 27.97 34.46 45.11
 6011.25 19.00 19.22 18.32 19.10 18.59 20.65 26.60 33.36 36.36 27.89 34.35 45.01
 6012.25 18.99 19.24 18.32 19.10 18.59 20.61 26.58 33.31 36.52 27.88 34.31 44.96
 6013.25 19.05 19.32 18.38 19.15 18.66 20.63 26.64 33.33 36.74 27.94 34.34 44.99
 6014.25 19.16 19.45 18.48 19.26 18.77 20.70 26.74 33.39 37.02 28.05 34.42 45.06
 6015.25 19.22 19.53 18.55 19.32 18.85 20.74 26.80 33.41 37.24 28.12 34.45 45.08
 6016.25 19.19 19.52 18.53 19.29 18.83 20.69 26.76 33.33 37.37 28.09 34.39 45.01
 6017.25 19.15 19.51 18.49 19.25 18.80 20.63 26.71 33.24 37.50 28.05 34.31 44.94
 6018.25 19.25 19.63 18.59 19.35 18.91 20.71 26.81 33.30 37.76 28.15 34.38 44.99
 6019.25 19.25 19.65 18.60 19.35 18.92 20.70 26.81 33.26 37.92 28.15 34.35 44.96
 6020.25 19.26 19.69 18.62 19.37 18.95 20.69 26.81 33.22 38.09 28.16 34.33 44.93
 6021.25 19.40 19.86 18.77 19.52 19.12 20.82 26.96 33.33 38.40 28.32 34.45 45.04
 6022.25 19.53 20.01 18.90 19.65 19.27 20.93 27.09 33.42 38.70 28.46 34.56 45.13
 6023.25 19.59 20.10 18.97 19.71 19.35 20.97 27.14 33.44 38.92 28.53 34.60 45.15
 6024.25 19.50 20.03 18.88 19.63 19.29 20.86 27.04 33.29 38.99 28.43 34.50 45.02
 6025.25 19.46 20.01 18.85 19.59 19.27 20.80 26.99 33.20 39.16 28.39 34.44 44.94
 6026.25 19.42 19.99 18.81 19.55 19.26 20.74 26.94 33.11 39.40 28.34 34.39 44.86
 6027.25 18.57 19.15 17.98 18.70 18.43 19.85 26.01 32.13 38.78 27.42 33.45 43.93
 6028.25 17.28 17.87 16.72 17.42 17.18 18.51 24.56 30.59 37.59 25.96 31.95 42.42
 6029.25 17.99 18.61 17.42 18.13 17.91 19.22 25.36 31.38 38.73 26.77 32.77 43.21
 6030.25 18.77 19.42 18.20 18.92 18.71 20.01 26.22 32.23 39.92 27.65 33.66 44.05
 6031.25 19.16 19.83 18.59 19.32 19.13 20.39 26.63 32.61 40.64 28.08 34.08 44.42
 6032.25 19.27 19.95 18.71 19.43 19.27 20.48 26.75 32.68 41.05 28.20 34.19 44.49
 6033.25 19.29 19.98 18.73 19.45 19.30 20.48 26.75 32.65 41.36 28.21 34.19 44.47
 6034.25 19.06 19.76 18.51 19.23 19.10 20.22 26.50 32.35 41.41 27.97 33.94 44.19
 6035.25 18.35 19.05 17.82 18.52 18.42 19.48 25.72 31.52 40.93 27.19 33.14 43.40
 6036.25 18.40 19.11 17.87 18.57 18.49 19.51 25.77 31.52 41.27 27.24 33.19 43.41
 6037.25 18.95 19.69 18.42 19.13 19.07 20.06 26.37 32.09 42.16 27.86 33.79 43.97
 6038.25 19.12 19.87 18.59 19.30 19.26 20.21 26.54 32.22 42.62 28.04 33.97 44.10
 6039.25 19.10 19.86 18.57 19.29 19.26 20.17 26.51 32.15 42.88 28.01 33.93 44.04
 6040.25 19.06 19.83 18.54 19.25 19.25 20.11 26.46 32.06 43.12 27.97 33.88 43.96
 6041.25 19.04 19.82 18.52 19.24 19.26 20.07 26.43 31.99 43.38 27.95 33.85 43.90
 6042.25 19.04 19.84 18.53 19.24 19.28 20.05 26.43 31.94 43.66 27.96 33.84 43.86
 6043.25 19.08 19.89 18.57 19.28 19.34 20.07 26.46 31.93 43.98 27.99 33.87 43.86
 6044.25 19.09 19.91 18.58 19.30 19.38 20.06 26.46 31.90 44.27 28.01 33.88 43.83
 6045.25 19.12 19.95 18.61 19.33 19.44 20.07 26.49 31.88 44.57 28.04 33.90 43.82
 6046.25 19.24 20.09 18.74 19.46 19.59 20.18 26.61 31.96 44.97 28.18 34.02 43.91
 6047.25 19.23 20.09 18.74 19.46 19.60 20.15 26.60 31.90 45.23 28.17 34.01 43.86
 6048.25 19.06 19.93 18.57 19.29 19.46 19.96 26.40 31.67 45.32 27.98 33.81 43.64
 6049.25 19.03 19.91 18.54 19.26 19.45 19.91 26.36 31.58 45.56 27.95 33.77 43.57
 6050.25 19.15 20.05 18.66 19.38 19.59 20.01 26.48 31.66 45.94 28.08 33.88 43.65
 6051.25 19.25 20.16 18.76 19.49 19.72 20.09 26.58 31.72 46.31 28.18 33.98 43.71
 6052.25 19.22 20.14 18.74 19.46 19.71 20.04 26.54 31.63 46.54 28.15 33.94 43.64
 6053.25 19.13 20.05 18.65 19.37 19.64 19.92 26.43 31.48 46.70 28.05 33.82 43.50
 6054.25 19.17 20.10 18.69 19.41 19.70 19.94 26.47 31.47 47.00 28.09 33.85 43.49
 6055.25 19.19 20.13 18.71 19.43 19.75 19.94 26.48 31.44 47.27 28.11 33.86 43.47
 6056.25 19.10 20.06 18.63 19.35 19.69 19.84 26.38 31.30 47.44 28.02 33.76 43.34
 6057.25 19.18 20.15 18.71 19.44 19.79 19.90 26.46 31.36 47.77 28.10 33.83 43.38
 6058.25 19.31 20.29 18.84 19.57 19.94 20.02 26.59 31.47 48.15 28.23 33.96 43.47
 6059.25 19.35 20.35 18.88 19.62 20.01 20.06 26.63 31.50 48.45 28.28 33.99 43.47
 6060.25 19.30 20.31 18.84 19.57 20.00 20.00 26.57 31.43 48.65 28.23 33.93 43.38
 6061.25 19.37 20.39 18.91 19.65 20.11 20.05 26.63 31.48 48.97 28.30 33.99 43.40
 6062.25 19.39 20.42 18.93 19.67 20.18 20.07 26.65 31.48 49.24 28.32 34.00 43.38
 6063.25 19.17 20.21 18.72 19.46 20.01 19.84 26.41 31.23 49.27 28.09 33.76 43.12
 6064.25 19.09 20.13 18.63 19.38 19.98 19.74 26.31 31.11 49.43 28.00 33.65 42.99
 6065.25 19.31 20.37 18.86 19.61 20.26 19.96 26.55 31.34 49.90 28.26 33.89 43.18
 6066.25 19.49 20.56 19.04 19.80 20.49 20.13 26.73 31.51 50.32 28.47 34.07 43.34
 6067.25 19.48 20.55 19.03 19.79 20.53 20.11 26.71 31.48 50.55 28.47 34.04 43.31
 6068.25 19.10 20.18 18.66 19.42 20.19 19.72 26.30 31.05 50.42 28.08 33.62 42.92
 6069.25 18.86 19.94 18.42 19.18 20.00 19.47 26.03 30.77 50.42 27.83 33.35 42.67
 6070.25 19.14 20.24 18.70 19.47 20.33 19.74 26.33 31.05 50.94 28.15 33.64 42.97
 6071.25 19.34 20.44 18.90 19.67 20.58 19.93 26.53 31.24 51.36 28.37 33.84 43.17
 6072.25 19.40 20.51 18.96 19.74 20.69 19.98 26.59 31.28 51.65 28.45 33.89 43.23
 6073.25 19.50 20.63 19.07 19.85 20.85 20.08 26.69 31.38 51.99 28.58 33.99 43.34
 6074.25 19.58 20.72 19.16 19.93 20.98 20.14 26.76 31.43 52.26 28.67 34.06 43.41
 6075.25 19.62 20.76 19.20 19.97 21.07 20.17 26.79 31.45 52.32 28.73 34.08 43.44
 6076.25 19.72 20.88 19.31 20.08 21.22 20.27 26.90 31.54 52.28 28.85 34.18 43.54
 6077.25 19.73 20.89 19.33 20.10 21.28 20.27 26.90 31.52 54.21 28.87 34.18 43.55
 6078.25 19.60 20.76 19.20 19.96 21.19 20.12 26.74 31.35 65.54 28.74 34.03 43.41
 6079.25 19.48 20.65 19.09 19.85 21.11 19.98 26.61 31.20 76.94 28.62 33.91 43.28
 6080.25 19.63 20.81 19.24 20.00 21.32 20.12 26.76 31.34 79.19 28.80 34.08 43.43
 6081.25 19.47 20.66 19.09 19.85 21.21 19.96 26.58 31.15 78.75 28.64 33.92 43.27
 6082.25 19.38 20.57 19.01 19.77 21.16 19.86 26.48 31.03 78.27 28.56 33.84 43.18
 6083.25 19.49 20.69 19.12 19.88 21.32 19.95 26.58 31.12 77.92 28.69 33.96 43.28
 6084.25 19.54 20.74 19.18 19.93 21.41 19.99 26.62 31.14 77.53 28.75 34.02 43.32
 6085.25 19.52 20.73 19.16 19.91 21.44 19.95 26.59 31.10 77.09 28.74 34.01 43.30
 6086.25 19.65 20.87 19.30 20.05 21.63 20.07 26.72 31.21 76.77 28.89 34.16 43.43
 6087.25 19.23 20.45 18.89 19.63 21.24 19.64 26.26 30.74 76.00 28.45 33.72 43.00
 6088.25 17.56 18.75 17.24 17.95 19.56 17.95 24.41 28.83 74.06 26.59 31.83 41.13
 6089.25 17.88 19.08 17.56 18.27 19.93 18.25 24.76 29.17 73.93 26.97 32.21 41.50
 6090.25 19.33 20.57 19.01 19.74 21.49 19.71 26.34 30.77 74.78 28.60 33.86 43.10
 6091.25 19.49 20.74 19.17 19.90 21.69 19.85 26.50 30.92 74.46 28.78 34.03 43.26
 6092.25 19.47 20.73 19.15 19.88 21.72 19.82 26.47 30.88 74.00 28.77 34.02 43.24
 6093.25 19.54 20.81 19.23 19.96 21.84 19.88 26.54 30.93 73.61 28.86 34.11 43.31
 6094.25 19.58 20.87 19.27 20.00 21.93 19.91 26.57 30.94 73.19 28.91 34.16 43.34
 6095.25 19.49 20.81 19.20 19.93 21.89 19.81 26.47 30.83 72.67 28.83 34.08 43.26
 6096.25 19.28 20.63 19.00 19.73 21.72 19.59 26.23 30.58 72.05 28.62 33.86 43.04
 6097.25 19.12 20.50 18.84 19.58 21.60 19.42 26.05 30.38 71.45 28.45 33.70 42.87
 6098.25 19.21 20.62 18.93 19.67 21.73 19.49 26.14 30.45 71.06 28.56 33.80 42.95
 6099.25 19.35 20.80 19.08 19.83 21.93 19.62 26.30 30.58 70.71 28.72 33.96 43.10
 6100.25 19.25 20.73 18.98 19.73 21.89 19.51 26.19 30.44 70.15 28.62 33.86 42.99
 6101.25 19.05 20.57 18.80 19.55 21.78 19.31 25.99 30.21 69.51 28.43 33.66 42.78
 6102.25 19.29 20.84 19.04 19.80 22.11 19.53 26.24 30.44 69.23 28.69 33.92 43.03
 6103.25 19.54 21.13 19.29 20.06 22.47 19.77 26.51 30.69 68.96 28.97 34.20 43.28
 6104.25 19.61 21.24 19.37 20.14 22.64 19.84 26.60 30.76 68.54 29.06 34.29 43.35
 6105.25 19.35 21.00 19.11 19.89 22.46 19.57 26.32 30.48 67.83 28.79 34.01 43.08
 6106.25 19.15 20.83 18.92 19.69 22.34 19.36 26.10 30.27 67.16 28.59 33.80 42.87
 6107.25 19.21 20.91 18.97 19.76 22.49 19.40 26.16 30.34 66.71 28.65 33.87 42.92
 6108.25 19.15 20.89 18.92 19.71 22.52 19.33 26.11 30.28 66.17 28.60 33.82 42.86
 6109.25 19.18 20.95 18.94 19.75 22.64 19.35 26.14 30.32 65.69 28.64 33.86 42.88
 6110.25 19.27 21.06 19.01 19.84 22.82 19.42 26.23 30.42 65.26 28.74 33.95 42.97
 6111.25 19.31 21.14 19.05 19.88 22.95 19.45 26.27 30.47 64.79 28.79 34.00 43.00
 6112.25 19.30 21.16 19.04 19.89 23.03 19.43 26.27 30.47 64.27 28.79 33.99 42.98
 6113.25 19.22 21.11 18.95 19.81 23.04 19.34 26.18 30.39 63.69 28.70 33.91 42.89
 6114.25 19.23 21.15 18.95 19.83 23.14 19.34 26.19 30.41 63.18 28.72 33.92 42.89
 6115.25 19.42 21.38 19.13 20.03 23.43 19.52 26.40 30.62 62.82 28.92 34.12 43.07
 6116.25 19.45 21.43 19.15 20.06 23.54 19.52 26.42 30.65 62.31 28.95 34.14 43.08
 6117.25 19.52 21.53 19.21 20.14 23.70 19.58 26.50 30.74 61.85 29.04 34.22 43.14
 6118.25 19.63 21.68 19.32 20.26 23.91 19.69 26.62 30.87 61.41 29.19 34.34 43.25
 6119.25 19.64 21.72 19.32 20.27 24.01 19.68 26.63 30.88 60.87 29.21 34.35 43.24
 6120.25 19.54 21.64 19.21 20.18 23.99 19.57 26.52 30.78 60.23 29.12 34.23 43.12
 6121.25 19.47 21.60 19.14 20.12 24.01 19.49 26.45 30.72 59.62 29.08 34.16 43.05
 6122.25 19.53 21.69 19.19 20.18 24.15 19.53 26.51 30.78 59.11 29.16 34.22 43.09
 6123.25 19.77 21.97 19.42 20.43 24.50 19.76 26.77 31.05 58.76 29.43 34.48 43.32
 6124.25 19.92 22.15 19.56 20.59 24.74 19.90 26.93 31.21 58.35 29.61 34.63 43.45
 6125.25 19.81 22.07 19.44 20.48 24.71 19.77 26.81 31.10 57.86 29.51 34.51 43.30
 6126.25 19.76 22.05 19.39 20.44 24.74 19.71 26.76 31.05 57.65 29.48 34.46 43.23
 6127.25 19.81 22.15 19.43 20.50 24.88 19.75 26.81 31.11 57.62 29.55 34.51 43.25
 6128.25 19.84 22.22 19.45 20.54 25.00 19.77 26.84 31.15 57.57 29.60 34.53 43.25
 6129.25 19.82 22.24 19.42 20.52 25.07 19.74 26.82 31.13 57.48 29.60 34.51 43.19
 6130.25 19.88 22.35 19.48 20.59 25.21 19.78 26.89 31.20 57.46 29.68 34.57 43.23
 6131.25 19.94 22.46 19.53 20.65 25.36 19.83 26.95 31.27 57.45 29.76 34.63 43.26
 6132.25 19.96 22.52 19.54 20.65 25.46 19.83 26.96 31.30 57.39 29.79 34.64 43.24
 6133.25 19.91 22.51 19.48 20.59 25.50 19.77 26.91 31.25 57.27 29.76 34.58 43.17
 6134.25 19.80 22.44 19.36 20.46 25.47 19.65 26.80 31.14 57.10 29.66 34.45 43.02
 6135.25 19.83 22.51 19.38 20.47 25.58 19.66 26.83 31.18 57.06 29.71 34.46 43.02
 6136.25 19.91 22.64 19.46 20.54 25.76 19.73 26.92 31.27 57.06 29.82 34.54 43.08
 6137.25 19.83 22.60 19.36 20.43 25.75 19.63 26.82 31.19 56.91 29.74 34.43 42.96
 6138.25 19.57 22.38 19.10 20.16 25.56 19.36 26.55 30.91 56.60 29.48 34.14 42.67
 6139.25 19.90 22.76 19.41 20.47 25.99 19.67 26.89 31.27 56.84 29.85 34.47 42.98
 6140.25 19.39 22.27 18.90 19.93 25.57 19.15 26.35 30.72 56.28 29.32 33.91 42.42
 6141.25 18.71 21.59 18.20 19.22 24.97 18.45 25.59 29.96 55.52 28.57 33.13 41.64
 6142.25 19.56 22.52 19.04 20.06 26.07 19.29 26.52 30.91 56.29 29.53 34.06 42.53
 6143.25 20.24 23.26 19.69 20.72 26.95 19.96 27.24 31.64 56.85 30.26 34.76 43.19
 6144.25 19.82 22.87 19.26 20.28 26.68 19.53 26.80 31.20 56.39 29.84 34.30 42.74
 6145.25 18.80 21.85 18.24 19.23 25.74 18.51 25.70 30.08 55.31 28.73 33.16 41.61
 6146.25 18.39 21.46 17.82 18.80 25.46 18.10 25.25 29.62 54.81 28.29 32.68 41.12
 6147.25 19.50 22.67 18.90 19.90 26.84 19.19 26.47 30.87 55.87 29.54 33.91 42.32
 6148.25 19.80 23.01 19.18 20.17 27.32 19.47 26.78 31.19 56.08 29.87 34.20 42.59
 6149.25 18.53 21.72 17.91 18.88 26.10 18.21 25.40 29.78 54.71 28.48 32.77 41.17
 6150.25 17.47 20.63 16.85 17.79 25.06 17.15 24.22 28.55 53.45 27.27 31.50 39.88
 6151.25 18.86 22.15 18.20 19.17 26.79 18.52 25.77 30.17 54.91 28.88 33.11 41.48
 6152.25 19.51 22.88 18.83 19.81 27.67 19.16 26.49 30.91 55.51 29.62 33.83 42.17
 6153.25 19.75 23.16 19.05 20.02 28.08 19.38 26.74 31.18 55.65 29.89 34.06 42.38
 6154.25 19.96 23.42 19.24 20.22 28.48 19.59 26.97 31.42 55.78 30.13 34.27 42.57
 6155.25 19.99 23.49 19.25 20.22 28.66 19.60 27.00 31.46 55.72 30.17 34.28 42.56
 6156.25 20.04 23.59 19.29 20.26 28.88 19.65 27.06 31.54 55.70 30.25 34.32 42.59
 6157.25 19.59 23.16 18.83 19.78 28.56 19.19 26.58 31.07 55.19 29.77 33.81 42.08
 6158.25 19.18 22.77 18.41 19.35 28.27 18.78 26.14 30.64 54.70 29.34 33.35 41.61
 6159.25 19.24 22.87 18.45 19.39 28.49 18.83 26.20 30.72 54.68 29.41 33.39 41.64
 6160.25 19.37 23.04 18.56 19.50 28.79 18.95 26.34 30.87 54.73 29.57 33.51 41.74
 6161.25 19.86 23.60 19.03 19.97 29.48 19.43 26.88 31.43 55.13 30.12 34.03 42.24
 6162.25 20.04 23.82 19.19 20.13 29.83 19.59 27.07 31.63 55.22 30.32 34.20 42.38
 6163.25 20.25 24.07 19.38 20.32 30.21 19.80 27.29 31.87 55.34 30.56 34.41 42.57
 6164.25 20.52 24.39 19.63 20.57 30.65 20.06 27.58 32.17 55.51 30.86 34.67 42.81
 6165.25 20.47 24.37 19.56 20.49 30.75 20.00 27.53 32.13 55.38 30.81 34.60 42.72
 6166.25 20.29 24.23 19.37 20.29 30.72 19.81 27.34 31.96 55.14 30.64 34.39 42.51
 6167.25 20.20 24.16 19.25 20.17 30.76 19.70 27.24 31.87 54.97 30.54 34.27 42.38
 6168.25 20.19 24.18 19.22 20.14 30.90 19.68 27.22 31.87 54.87 30.54 34.23 42.33
 6169.25 20.07 24.09 19.09 20.00 30.92 19.55 27.09 31.75 54.67 30.41 34.08 42.17
 6170.25 19.96 24.01 18.96 19.87 30.96 19.43 26.98 31.65 54.49 30.29 33.94 42.02
 6171.25 18.87 22.88 17.87 18.77 29.89 18.34 25.78 30.44 53.27 29.07 32.70 40.78
 6172.25 17.21 21.12 16.24 17.10 28.09 16.69 23.91 28.50 51.26 27.13 30.70 38.74
 6173.25 18.62 22.69 17.60 18.49 29.90 18.08 25.51 30.19 52.83 28.78 32.37 40.42
 6174.25 20.14 24.33 19.06 19.98 31.74 19.56 27.16 31.89 54.31 30.45 34.04 42.05
 6175.25 20.29 24.53 19.19 20.12 32.05 19.71 27.32 32.07 54.37 30.61 34.18 42.17
 6176.25 20.05 24.31 18.93 19.86 31.93 19.45 27.06 31.81 54.04 30.34 33.90 41.88
 6177.25 19.50 23.77 18.38 19.30 31.49 18.90 26.48 31.23 53.40 29.74 33.28 41.26
 6178.25 19.20 23.47 18.07 18.98 31.29 18.59 26.14 30.91 52.99 29.40 32.92 40.89
 6179.25 20.05 24.41 18.89 19.81 32.35 19.42 27.06 31.85 53.75 30.32 33.83 41.77
 6180.25 20.33 24.74 19.15 20.07 32.71 19.69 27.36 32.17 53.93 30.61 34.11 42.02
 6181.25 20.31 24.76 19.12 20.04 32.63 19.66 27.34 32.16 53.82 30.59 34.07 41.97
 6182.25 20.35 24.82 19.14 20.06 32.57 19.68 27.37 32.21 53.75 30.62 34.08 41.95
 6183.25 20.32 24.83 19.11 20.02 32.44 19.65 27.35 32.20 53.63 30.59 34.03 41.87
 6184.25 20.29 24.83 19.06 19.96 32.30 19.60 27.31 32.17 53.50 30.54 33.97 41.78
 6185.25 20.12 24.69 18.88 19.78 32.02 19.42 27.13 32.00 53.24 30.35 33.77 41.56
 6186.25 19.97 24.56 18.72 19.61 31.76 19.26 26.96 31.85 53.00 30.18 33.58 41.34
 6187.25 20.32 24.96 19.06 19.95 32.04 19.60 27.34 32.24 53.25 30.56 33.94 41.66
 6188.25 20.51 25.19 19.22 20.11 32.13 19.78 27.56 32.45 53.33 30.75 34.10 41.80
 6189.25 20.51 25.23 19.21 20.10 32.03 19.77 27.59 32.47 53.24 30.74 34.06 41.75
 6190.25 20.44 25.19 19.14 20.01 31.86 19.69 27.54 32.41 53.08 30.66 33.94 41.63
 6191.25 20.52 25.29 19.20 20.08 31.84 19.76 27.65 32.51 53.06 30.74 33.98 41.66
 6192.25 20.75 25.50 19.42 20.29 31.98 19.98 27.92 32.77 53.18 30.98 34.18 41.84
 6193.25 20.74 25.44 19.39 20.26 31.87 19.96 27.94 32.77 53.07 30.96 34.12 41.77
 6194.25 20.00 24.62 18.66 19.51 30.98 19.22 27.18 31.99 52.26 30.16 33.28 40.95
 6195.25 20.10 24.67 18.74 19.59 30.97 19.31 27.31 32.11 52.26 30.26 33.34 41.00
 6196.25 20.61 25.17 19.23 20.09 31.43 19.81 27.89 32.68 52.67 30.81 33.85 41.49
 6197.25 20.60 25.11 19.21 20.06 31.31 19.79 27.91 32.68 52.56 30.79 33.80 41.43
 6198.25 20.73 25.21 19.34 20.19 31.36 19.92 28.08 32.84 52.60 30.94 33.90 41.52
 6199.25 20.88 25.32 19.47 20.32 31.42 20.06 28.27 32.99 52.65 31.09 34.02 41.62
 6200.25 20.91 25.32 19.50 20.34 31.36 20.09 28.34 33.00 52.59 31.13 34.02 41.62
 6201.25 20.90 25.26 19.48 20.32 31.24 20.07 28.36 32.95 52.48 31.11 33.96 41.55
 6202.25 20.87 25.19 19.45 20.28 31.11 20.04 28.36 32.89 52.36 31.08 33.89 41.48
 6203.25 19.86 24.08 18.45 19.27 29.92 19.04 27.31 31.77 51.27 29.98 32.76 40.36
 6204.25 17.98 22.02 16.63 17.40 27.69 17.19 25.25 29.59 49.07 27.85 30.56 38.14
 6205.25 19.11 23.20 17.71 18.51 28.88 18.30 26.55 30.87 50.27 29.15 31.84 39.42
 6206.25 20.60 24.74 19.16 19.97 30.43 19.76 28.21 32.49 51.73 30.79 33.45 41.01
 6207.25 20.85 24.95 19.39 20.21 30.59 20.00 28.50 32.72 51.88 31.05 33.67 41.22
 6208.25 20.77 24.83 19.31 20.13 30.40 19.92 28.45 32.61 51.70 30.96 33.55 41.09
 6209.25 20.40 24.40 18.94 19.76 29.91 19.56 28.10 32.18 51.25 30.57 33.12 40.66
 6210.25 20.25 24.20 18.79 19.60 29.64 19.40 27.96 31.98 51.00 30.40 32.91 40.45
 6211.25 20.23 24.13 18.76 19.58 29.52 19.38 27.97 31.93 50.88 30.38 32.85 40.38
 6212.25 18.57 22.33 17.15 17.94 27.57 17.75 26.18 30.03 48.98 28.52 30.93 38.46
 6213.25 18.10 21.77 16.69 17.47 26.92 17.28 25.67 29.44 48.32 27.97 30.34 37.84
 6214.25 19.33 23.06 17.88 18.68 28.22 18.48 27.09 30.84 49.65 29.38 31.73 39.25
 6215.25 19.88 23.59 18.41 19.21 28.73 19.02 27.73 31.42 50.13 29.99 32.30 39.81
 6216.25 20.68 24.40 19.19 20.01 29.49 19.81 28.62 32.26 50.84 30.86 33.14 40.62
 6217.25 20.87 24.55 19.38 20.19 29.59 19.99 28.85 32.43 50.92 31.05 33.30 40.76
 6218.25 20.85 24.48 19.35 20.16 29.46 19.96 28.86 32.37 50.80 31.03 33.23 40.69
 6219.25 20.73 24.32 19.24 20.04 29.23 19.85 28.78 32.22 50.59 30.91 33.07 40.52
 6220.25 20.68 24.22 19.19 19.99 29.06 19.79 28.75 32.13 50.44 30.85 32.97 40.42
 6221.25 20.74 24.23 19.24 20.04 29.00 19.84 28.84 32.16 50.40 30.92 32.99 40.43
 6222.25 19.80 23.20 18.32 19.10 27.86 18.91 27.86 31.10 49.33 29.93 31.92 39.36
 6223.25 17.71 20.93 16.31 17.05 25.38 16.87 25.53 28.65 46.82 27.58 29.46 36.85
 6224.25 18.78 22.03 17.34 18.10 26.49 17.91 26.79 29.88 48.00 28.89 30.69 38.10
 6225.25 20.56 23.84 19.06 19.85 28.32 19.66 28.79 31.84 49.81 30.92 32.64 40.05
 6226.25 20.64 23.87 19.14 19.92 28.29 19.74 28.91 31.90 49.76 31.06 32.69 40.08
 6227.25 20.58 23.75 19.09 19.87 28.11 19.69 28.89 31.82 49.59 31.06 32.60 39.99
 6228.25 20.64 23.75 19.16 19.93 28.05 19.75 28.99 31.85 49.52 31.18 32.63 40.00
 6229.25 20.59 23.65 19.12 19.89 27.88 19.71 28.98 31.78 49.35 31.19 32.54 39.91
 6230.25 20.51 23.50 19.03 19.80 27.67 19.63 28.92 31.66 49.14 31.15 32.42 39.78
 6231.25 20.58 23.51 19.11 19.87 27.63 19.71 29.04 31.71 49.09 31.28 32.46 39.81
 6232.25 20.76 23.64 19.29 20.06 27.70 19.90 29.27 31.88 49.14 31.54 32.62 39.96
 6233.25 20.69 23.51 19.22 19.98 27.50 19.83 29.24 31.78 48.94 31.51 32.51 39.84
 6234.25 20.23 22.97 18.78 19.53 26.89 19.39 28.81 31.26 48.36 31.08 31.98 39.32
 6235.25 18.07 20.64 16.70 17.41 24.38 17.27 26.42 28.75 45.76 28.66 29.46 36.75
 6236.25 15.95 18.31 14.68 15.34 21.80 15.22 23.93 26.11 42.79 26.09 26.78 33.92
 6237.25 14.57 16.75 13.39 14.00 20.02 13.89 22.22 24.25 40.50 24.30 24.89 31.84
 6238.25 15.12 17.29 13.90 14.53 20.57 14.42 22.96 24.95 41.23 25.08 25.60 32.61
 6239.25 17.52 19.82 16.19 16.87 23.27 16.76 25.98 27.99 44.55 28.21 28.66 35.88
 6240.25 19.68 22.05 18.28 19.00 25.57 18.89 28.53 30.50 47.01 30.80 31.17 38.44
 6241.25 19.27 21.56 17.89 18.60 25.00 18.49 28.12 30.01 46.42 30.39 30.67 37.93
 6242.25 18.41 20.60 17.06 17.75 23.92 17.65 27.19 28.99 45.29 29.45 29.64 36.87
 6243.25 18.45 20.58 17.10 17.79 23.85 17.70 27.30 29.02 45.21 29.56 29.67 36.87
 6244.25 18.79 20.88 17.43 18.12 24.10 18.04 27.73 29.38 45.48 30.00 30.03 37.22
 6245.25 18.27 20.28 16.94 17.60 23.41 17.54 27.19 28.76 44.73 29.45 29.41 36.55
 6246.25 19.48 21.47 18.11 18.77 24.59 18.72 28.61 30.11 45.99 30.89 30.77 37.91
 6247.25 20.68 22.66 19.29 19.95 25.76 19.92 29.98 31.43 47.14 32.27 32.07 39.19
 6248.25 20.67 22.58 19.28 19.92 25.61 19.92 30.02 31.40 46.99 32.31 32.04 39.12
 6249.25 19.97 21.80 18.59 19.21 24.74 19.23 29.32 30.63 46.13 31.60 31.25 38.32
 6250.25 20.04 21.82 18.66 19.27 24.70 19.31 29.45 30.70 46.08 31.74 31.31 38.36
 6251.25 20.57 22.29 19.17 19.78 25.12 19.84 30.07 31.26 46.50 32.36 31.86 38.87
 6252.25 20.69 22.36 19.29 19.89 25.12 19.97 30.26 31.38 46.49 32.55 31.97 38.96
 6253.25 20.66 22.26 19.26 19.84 24.96 19.94 30.28 31.33 46.32 32.56 31.91 38.87
 6254.25 20.80 22.35 19.40 19.97 24.97 20.09 30.49 31.48 46.34 32.77 32.04 38.98
 6255.25 20.87 22.35 19.46 20.02 24.91 20.16 30.61 31.53 46.27 32.89 32.08 38.99
 6256.25 20.80 22.23 19.40 19.94 24.71 20.10 30.59 31.46 46.07 32.88 32.00 38.88
 6257.25 20.41 21.79 19.02 19.54 24.17 19.73 30.23 31.03 45.54 32.51 31.56 38.42
 6258.25 18.08 19.36 16.76 17.25 21.55 17.44 27.63 28.35 42.70 29.87 28.86 35.65
 6259.25 13.91 14.98 12.81 13.21 16.80 13.38 22.39 22.99 36.48 24.45 23.44 29.77
 6260.25 14.63 15.70 13.48 13.88 17.52 14.09 23.39 23.95 37.50 25.49 24.40 30.80
 6261.25 19.25 20.47 17.91 18.37 22.54 18.63 29.17 29.71 43.73 31.43 30.18 36.94
 6262.25 20.61 21.82 19.22 19.69 23.92 19.97 30.73 31.21 45.09 33.00 31.67 38.41
 6263.25 20.10 21.27 18.74 19.18 23.35 19.49 30.25 30.66 44.43 32.51 31.11 37.83
 6264.25 19.98 21.11 18.61 19.05 23.17 19.37 30.16 30.51 44.16 32.43 30.95 37.64
 6265.25 20.07 21.17 18.70 19.13 23.22 19.47 30.32 30.60 44.12 32.58 31.03 37.70
 6266.25 18.08 19.10 16.79 17.17 21.07 17.52 28.10 28.31 41.66 30.33 28.72 35.32
 6267.25 17.22 18.18 15.96 16.33 20.09 16.69 27.12 27.27 40.42 29.33 27.67 34.19
 6268.25 19.62 20.61 18.28 18.66 22.61 19.06 29.99 30.08 43.20 32.24 30.47 37.05
 6269.25 19.92 20.88 18.58 18.94 22.89 19.38 30.38 30.41 43.41 32.64 30.79 37.35
 6270.25 19.40 20.32 18.07 18.43 22.30 18.88 29.86 29.83 42.70 32.11 30.20 36.73
 6271.25 20.24 21.14 18.89 19.24 23.13 19.72 30.85 30.75 43.47 33.09 31.10 37.61
 6272.25 20.64 21.51 19.29 19.62 23.49 20.14 31.33 31.17 43.75 33.58 31.52 37.99
 6273.25 20.50 21.33 19.15 19.47 23.30 20.01 31.24 31.01 43.46 33.49 31.34 37.80
 6274.25 20.34 21.12 18.99 19.30 23.08 19.86 31.12 30.83 43.15 33.44 31.14 37.58
 6275.25 20.14 20.89 18.80 19.10 22.83 19.68 30.95 30.59 42.81 33.38 30.90 37.30
 6276.25 17.70 18.38 16.45 16.71 20.20 17.29 28.13 27.72 39.72 30.64 28.01 34.26
 6277.25 16.14 16.74 14.96 15.20 18.46 15.76 26.17 25.72 37.40 28.74 25.99 32.05
 6278.25 18.50 19.12 17.24 17.48 20.94 18.11 29.04 28.56 40.37 31.85 28.82 34.98
 6279.25 19.06 19.65 17.77 18.00 21.49 18.67 29.74 29.24 41.12 32.75 29.50 35.69
 6280.25 18.95 19.50 17.66 17.88 21.33 18.57 29.64 29.14 41.02 32.85 29.38 35.57
 6281.25 20.11 20.64 18.80 19.01 22.50 19.74 30.96 30.45 42.32 34.37 30.68 36.87
 6282.25 20.45 20.95 19.13 19.33 22.81 20.10 31.34 30.82 42.66 34.94 31.04 37.22
 6283.25 20.34 20.81 19.02 19.22 22.65 20.00 31.23 30.72 42.55 35.03 30.92 37.09
 6284.25 20.25 20.68 18.94 19.12 22.51 19.93 31.15 30.63 42.44 35.13 30.82 36.97
 6285.25 20.28 20.68 18.97 19.14 22.50 19.97 31.20 30.67 42.47 35.37 30.85 36.99
 6286.25 20.31 20.67 19.00 19.16 22.48 20.02 31.23 30.70 42.47 35.59 30.87 36.98
 6287.25 19.99 20.31 18.69 18.83 22.09 19.71 30.86 30.33 42.05 35.40 30.48 36.57
 6288.25 16.41 16.67 15.25 15.36 18.29 16.17 26.58 26.06 37.50 31.15 26.20 32.08
 6289.25 13.66 13.87 12.63 12.73 15.29 13.46 22.92 22.43 33.27 27.39 22.55 28.07
 6290.25 16.91 17.12 15.72 15.82 18.72 16.69 27.19 26.66 38.07 32.15 26.78 32.64
 6291.25 19.51 19.73 18.24 18.33 21.41 19.29 30.31 29.76 41.31 35.55 29.87 35.84
 6292.25 19.77 19.97 18.49 18.57 21.62 19.56 30.56 30.01 41.49 35.97 30.11 36.03
 6293.25 19.96 20.13 18.67 18.75 21.76 19.76 30.77 30.22 41.66 36.36 30.30 36.21
 6294.25 20.20 20.36 18.92 18.98 21.97 20.02 31.06 30.52 41.93 36.83 30.57 36.46
 6295.25 20.21 20.35 18.93 18.97 21.92 20.04 31.03 30.51 41.81 36.95 30.52 36.37
 6296.25 20.25 20.37 18.97 19.00 21.91 20.10 31.08 30.59 41.83 37.19 30.56 36.40
 6297.25 19.93 20.03 18.65 18.68 21.53 19.79 30.75 30.29 41.50 37.05 30.21 36.06
 6298.25 18.84 18.92 17.60 17.61 20.36 18.72 29.49 29.06 40.16 35.93 28.95 34.75
 6299.25 16.50 16.56 15.35 15.35 17.88 16.40 26.66 26.27 37.11 33.13 26.13 31.79
 6300.25 11.36 11.39 10.50 10.49 12.37 11.29 19.35 19.06 28.23 24.94 18.91 23.64
 6301.25  4.19  4.20  3.85  3.85  4.60  4.17  7.58  7.46 11.74 10.23  7.39  9.54
 6302.25  3.07  3.07  2.82  2.81  3.36  3.05  5.57  5.49  8.67  7.60  5.42  7.02
 6303.25  6.32  6.32  5.82  5.80  6.90  6.30 11.26 11.12 17.10 15.24 10.97 14.04
 6304.25 16.80 16.78 15.66 15.61 18.07 16.77 26.93 26.68 37.13 34.21 26.37 31.96
 6305.25 19.84 19.79 18.59 18.52 21.21 19.82 30.61 30.38 41.01 38.26 30.03 35.78
 6306.25 19.79 19.72 18.55 18.46 21.14 19.78 30.54 30.34 40.86 38.33 29.95 35.68
 6307.25 18.06 17.98 16.87 16.78 19.34 18.07 28.54 28.37 38.79 36.47 27.96 33.63
 6308.25 13.50 13.42 12.52 12.43 14.55 13.52 22.61 22.48 32.12 30.10 22.08 27.27
 6309.25 14.06 13.95 13.05 12.95 15.12 14.09 23.37 23.26 32.95 31.12 22.82 28.08
 6310.25 18.61 18.47 17.41 17.28 19.84 18.66 29.17 29.08 39.29 37.59 28.57 34.22
 6311.25 20.08 19.91 18.84 18.69 21.33 20.14 30.85 30.79 40.98 39.48 30.24 35.92
 6312.25 20.35 20.16 19.10 18.94 21.58 20.42 31.15 31.12 41.24 39.96 30.53 36.21
 6313.25 20.31 20.11 19.07 18.90 21.53 20.40 31.11 31.10 41.15 40.06 30.48 36.14
 6314.25 20.06 19.84 18.83 18.65 21.26 20.16 30.82 30.84 40.80 39.92 30.19 35.83
 6315.25 20.03 19.79 18.80 18.60 21.20 20.14 30.78 30.83 40.72 40.04 30.14 35.77
 6316.25 20.30 20.03 19.06 18.85 21.45 20.41 31.07 31.16 40.97 40.50 30.43 36.05
 6317.25 20.39 20.11 19.16 18.94 21.53 20.52 31.17 31.29 41.03 40.76 30.52 36.14
 6318.25 20.36 20.06 19.14 18.90 21.49 20.51 31.14 31.28 40.95 40.88 30.49 36.08
 6319.25 20.45 20.14 19.24 18.99 21.56 20.61 31.22 31.39 40.97 41.10 30.56 36.14
 6320.25 20.58 20.24 19.37 19.11 21.66 20.75 31.36 31.56 41.06 41.40 30.69 36.26
 6321.25 20.11 19.76 18.91 18.65 21.17 20.29 30.85 31.08 40.53 41.07 30.18 35.75
 6322.25 18.08 17.74 16.95 16.70 19.08 18.27 28.52 28.78 38.11 38.85 27.86 33.36
 6323.25 16.51 16.18 15.45 15.20 17.44 16.70 26.57 26.88 36.01 36.94 25.94 31.33
 6324.25 18.75 18.39 17.62 17.35 19.73 18.96 29.23 29.61 38.80 39.94 28.62 34.11
 6325.25 20.11 19.73 18.95 18.67 21.10 20.34 30.74 31.19 40.33 41.67 30.15 35.66
 6326.25 20.25 19.86 19.09 18.80 21.22 20.49 30.84 31.36 40.43 42.00 30.29 35.79
 6327.25 20.14 19.75 18.99 18.70 21.09 20.39 30.68 31.27 40.27 42.15 30.16 35.65
 6328.25 19.90 19.50 18.77 18.47 20.82 20.16 30.38 31.03 39.95 42.18 29.89 35.36
 6329.25 19.87 19.46 18.75 18.43 20.77 20.14 30.29 31.01 39.86 42.43 29.84 35.30
 6330.25 18.06 17.67 17.00 16.70 18.91 18.34 28.16 28.93 37.66 40.57 27.74 33.13
 6331.25 13.82 13.48 12.93 12.67 14.52 14.06 22.67 23.44 31.56 34.69 22.32 27.29
 6332.25 14.97 14.61 14.04 13.76 15.69 15.24 24.17 25.04 33.28 36.80 23.85 28.95
 6333.25 19.39 18.96 18.31 17.98 20.21 19.71 29.58 30.57 39.12 43.05 29.26 34.66
 6334.25 20.21 19.77 19.12 18.78 21.02 20.55 30.45 31.51 40.00 44.25 30.16 35.56
 6335.25 20.13 19.69 19.06 18.71 20.92 20.48 30.33 31.45 39.86 44.45 30.07 35.46
 6336.25 20.34 19.88 19.27 18.91 21.11 20.70 30.50 31.70 40.03 44.94 30.28 35.66
 6337.25 20.49 20.03 19.42 19.06 21.24 20.86 30.62 31.89 40.15 45.38 30.43 35.80
 6338.25 20.35 19.89 19.30 18.93 21.09 20.74 30.43 31.77 39.96 45.52 30.28 35.63
 6339.25 20.15 19.68 19.11 18.73 20.86 20.55 30.17 31.57 39.68 45.57 30.05 35.38
 6340.25 20.21 19.74 19.18 18.80 20.92 20.63 30.19 31.66 39.70 45.91 30.11 35.43
 6341.25 18.63 18.17 17.65 17.27 19.31 19.05 28.36 29.88 37.84 44.39 28.31 33.59
 6342.25 16.52 16.08 15.61 15.25 17.15 16.92 25.79 27.32 35.11 41.96 25.78 30.93
 6343.25 18.25 17.78 17.29 16.90 18.91 18.68 27.83 29.43 37.28 44.47 27.85 33.09
 6344.25 19.77 19.27 18.78 18.37 20.45 20.23 29.53 31.19 39.02 46.51 29.58 34.85
 6345.25 19.77 19.27 18.80 18.38 20.45 20.25 29.49 31.19 38.97 46.78 29.57 34.83
 6346.25 19.93 19.42 18.96 18.54 20.61 20.42 29.62 31.36 39.09 47.20 29.73 34.98
 6347.25 19.90 19.39 18.94 18.51 20.58 20.40 29.54 31.32 39.01 47.42 29.69 34.92
 6348.25 19.85 19.33 18.90 18.47 20.53 20.37 29.44 31.27 38.91 47.64 29.63 34.85
 6349.25 18.76 18.25 17.84 17.41 19.42 19.28 28.17 30.02 37.61 46.68 28.39 33.57
 6350.25 17.17 16.67 16.30 15.88 17.80 17.67 26.25 28.11 35.58 44.96 26.50 31.60
 6351.25 18.55 18.04 17.66 17.22 19.21 19.09 27.84 29.77 37.26 46.94 28.13 33.28
 6352.25 19.70 19.16 18.80 18.33 20.37 20.27 29.10 31.09 38.55 48.50 29.43 34.59
 6353.25 19.81 19.26 18.91 18.44 20.48 20.39 29.18 31.21 38.62 48.87 29.55 34.70
 6354.25 19.85 19.30 18.96 18.48 20.52 20.45 29.18 31.25 38.61 49.17 29.60 34.73
 6355.25 19.91 19.36 19.03 18.55 20.58 20.53 29.21 31.32 38.64 49.48 29.68 34.80
 6356.25 19.52 18.97 18.65 18.18 20.18 20.15 28.73 30.88 38.15 49.31 29.25 34.37
 6357.25 16.65 16.14 15.86 15.42 17.26 17.25 25.31 27.43 34.52 45.99 25.86 30.84
 6358.25 14.98 14.50 14.24 13.84 15.55 15.55 23.17 25.26 32.13 43.78 23.75 28.58
 6359.25 17.96 17.42 17.15 16.70 18.60 18.62 26.80 29.05 36.13 48.21 27.47 32.52
 6360.25 19.74 19.17 18.90 18.43 20.40 20.44 28.80 31.11 38.20 50.53 29.53 34.63
 6361.25 19.77 19.20 18.93 18.47 20.43 20.49 28.78 31.14 38.18 50.83 29.59 34.69
 6362.25 19.58 19.02 18.76 18.30 20.24 20.32 28.54 30.94 37.93 50.92 29.42 34.52
 6363.25 18.55 18.00 17.76 17.31 19.19 19.29 27.32 29.75 36.67 50.02 28.27 33.34
 6364.25 10.29  9.93  9.78  9.49 10.71 10.78 16.35 18.18 23.58 35.31 17.10 20.98
 6365.25  5.16  4.96  4.89  4.74  5.38  5.43  8.49  9.56 12.76 20.53  8.95 11.23
 6366.25  6.37  6.13  6.05  5.86  6.64  6.71 10.39 11.70 15.50 24.85 10.99 13.72
 6367.25 14.45 13.97 13.80 13.44 14.99 15.14 22.00 24.35 30.61 44.81 23.13 27.79
 6368.25 19.31 18.73 18.54 18.10 19.96 20.15 28.00 30.62 37.32 52.27 29.31 34.39
 6369.25 19.54 18.95 18.77 18.33 20.19 20.40 28.23 30.87 37.53 52.78 29.59 34.68
 6370.25 19.55 18.96 18.79 18.35 20.19 20.42 28.22 30.88 37.49 53.06 29.64 34.72
 6371.25 19.61 19.01 18.85 18.42 20.25 20.50 28.26 30.94 37.50 53.37 29.73 34.81
 6372.25 19.67 19.07 18.92 18.49 20.31 20.58 28.32 31.01 37.52 53.71 29.83 34.91
 6373.25 19.61 19.01 18.87 18.44 20.25 20.54 28.24 30.94 37.41 53.92 29.80 34.88
 6374.25 19.51 18.91 18.78 18.36 20.15 20.46 28.11 30.83 37.25 54.09 29.72 34.80
 6375.25 19.57 18.96 18.84 18.42 20.20 20.53 28.15 30.89 37.27 54.40 29.81 34.89
 6376.25 19.67 19.05 18.95 18.53 20.30 20.65 28.25 31.00 37.36 54.77 29.96 35.03
 6377.25 19.69 19.07 18.97 18.55 20.32 20.68 28.25 31.01 37.36 55.05 30.01 35.08
 6378.25 19.79 19.15 19.07 18.65 20.41 20.79 28.33 31.11 37.45 55.35 30.14 35.21
 6379.25 19.72 19.08 19.01 18.59 20.33 20.73 28.23 31.03 37.35 55.26 30.09 35.16
 6380.25 18.72 18.08 18.03 17.62 19.32 19.73 27.09 29.88 36.18 54.13 28.98 34.04
 6381.25 17.97 17.34 17.29 16.90 18.56 18.97 26.21 29.00 35.26 57.80 28.14 33.17
 6382.25 19.20 18.54 18.50 18.10 19.80 20.24 27.58 30.42 36.69 79.07 29.58 34.64
 6383.25 19.67 18.99 18.96 18.56 20.27 20.72 28.07 30.93 37.20 95.63 30.13 35.19
 6384.25 19.69 19.00 18.99 18.58 20.30 20.76 28.08 30.95 37.20 98.14 30.18 35.25
 6385.25 19.77 19.07 19.06 18.66 20.37 20.85 28.14 31.02 37.26 97.81 30.29 35.35
 6386.25 19.64 18.94 18.94 18.55 20.25 20.73 27.97 30.87 37.10 97.23 30.18 35.24
 6387.25 18.14 17.45 17.46 17.09 18.72 19.20 26.25 29.13 35.31 95.46 28.47 33.49
 6388.25 16.60 15.94 15.96 15.61 17.16 17.63 24.41 27.24 33.33 93.40 26.63 31.58
 6389.25 18.38 17.68 17.71 17.33 18.97 19.47 26.47 29.39 35.55 94.67 28.80 33.83
 6390.25 19.72 18.99 19.03 18.64 20.32 20.85 27.95 30.92 37.09 95.30 30.35 35.41
 6391.25 19.85 19.11 19.17 18.77 20.46 21.00 28.08 31.06 37.21 94.91 30.53 35.58
 6392.25 19.83 19.09 19.16 18.76 20.44 21.00 28.04 31.04 37.17 94.40 30.53 35.59
 6393.25 19.71 18.96 19.04 18.65 20.32 20.88 27.88 30.89 37.01 93.80 30.42 35.47
 6394.25 19.71 18.96 19.05 18.66 20.32 20.90 27.86 30.89 37.00 93.30 30.45 35.50
 6395.25 19.78 19.02 19.12 18.73 20.39 20.98 27.91 30.96 37.05 92.84 30.55 35.60
 6396.25 19.93 19.16 19.27 18.88 20.54 21.14 28.04 31.11 37.18 92.43 30.74 35.79
 6397.25 19.96 19.19 19.31 18.92 20.57 21.20 28.05 31.14 37.20 91.94 30.80 35.84
 6398.25 19.94 19.16 19.30 18.91 20.55 21.20 28.00 31.11 37.15 91.40 30.80 35.84
 6399.25 20.00 19.22 19.36 18.98 20.61 21.29 28.04 31.16 37.19 90.91 30.89 35.93
 6400.25 20.12 19.33 19.49 19.11 20.74 21.44 28.15 31.29 37.30 90.48 31.05 36.09
 6401.25 20.33 19.54 19.70 19.32 20.95 21.68 28.35 31.51 37.50 90.11 31.30 36.34
 6402.25 20.39 19.59 19.77 19.39 21.01 21.77 28.39 31.57 37.54 89.63 31.39 36.43
 6403.25 20.23 19.42 19.61 19.24 20.84 21.63 28.19 31.39 37.35 88.97 31.24 36.27
 6404.25 20.16 19.35 19.55 19.18 20.78 21.58 28.10 31.31 37.25 88.39 31.19 36.23
 6405.25 19.96 19.14 19.35 18.99 20.57 21.40 27.85 31.08 37.01 87.69 31.00 36.03
 6406.25 19.91 19.09 19.31 18.95 20.52 21.37 27.77 31.02 36.93 87.11 30.97 36.00
 6407.25 19.83 19.01 19.24 18.88 20.44 21.32 27.66 30.92 36.82 86.50 30.91 35.93
 6408.25 17.19 16.42 16.64 16.31 17.76 18.61 24.62 27.81 33.61 83.37 27.84 32.78
 6409.25 15.83 15.08 15.31 14.99 16.37 17.20 22.96 26.09 31.77 81.16 26.17 31.00
 6410.25 18.72 17.90 18.15 17.81 19.31 20.24 26.34 29.62 35.45 83.82 29.76 34.71
 6411.25 20.20 19.35 19.62 19.27 20.81 21.80 27.96 31.29 37.13 84.55 31.48 36.42
 6412.25 20.12 19.26 19.55 19.20 20.73 21.74 27.85 31.20 37.01 83.92 31.43 36.35
 6413.25 20.13 19.27 19.57 19.22 20.74 21.78 27.85 31.20 37.00 83.35 31.49 36.38
 6414.25 19.71 18.84 19.15 18.81 20.31 21.36 27.37 30.72 36.51 82.42 31.06 35.92
 6415.25 18.80 17.95 18.26 17.93 19.39 20.45 26.35 29.69 35.45 81.03 30.08 34.89
 6416.25 19.17 18.30 18.62 18.29 19.77 20.86 26.75 30.10 35.85 80.77 30.54 35.33
 6417.25 19.93 19.05 19.39 19.05 20.54 21.67 27.58 30.95 36.69 80.85 31.44 36.20
 6418.25 20.08 19.19 19.54 19.20 20.69 21.85 27.73 31.10 36.82 80.37 31.65 36.37
 6419.25 20.04 19.14 19.50 19.17 20.64 21.83 27.67 31.05 36.75 79.74 31.65 36.33
 6420.25 19.82 18.93 19.29 18.96 20.42 21.63 27.42 30.80 36.49 78.95 31.45 36.10
 6421.25 18.94 18.07 18.43 18.11 19.54 20.75 26.44 29.81 35.47 77.56 30.50 35.12
 6422.25 18.38 17.52 17.87 17.56 18.97 20.18 25.80 29.14 34.78 76.39 29.89 34.46
 6423.25 19.49 18.60 18.98 18.66 20.09 21.36 27.02 30.41 36.05 76.84 31.21 35.77
 6424.25 19.89 19.00 19.40 19.06 20.51 21.80 27.46 30.85 36.48 76.58 31.71 36.23
 6425.25 19.94 19.05 19.46 19.12 20.55 21.87 27.50 30.89 36.52 75.99 31.80 36.29
 6426.25 20.00 19.11 19.53 19.18 20.62 21.96 27.55 30.96 36.60 75.42 31.91 36.38
 6427.25 19.86 18.97 19.41 19.06 20.48 21.85 27.39 30.80 36.46 74.66 31.81 36.24
 6428.25 19.83 18.95 19.40 19.04 20.46 21.84 27.35 30.76 36.45 74.00 31.82 36.22
 6429.25 19.90 19.02 19.49 19.11 20.53 21.94 27.42 30.83 36.54 73.41 31.94 36.31
 6430.25 19.88 19.00 19.48 19.10 20.51 21.94 27.38 30.80 36.53 72.75 31.96 36.30
 6431.25 19.90 19.01 19.51 19.12 20.53 21.98 27.38 30.81 36.56 72.25 32.02 36.32
 6432.25 19.97 19.08 19.59 19.19 20.60 22.08 27.45 30.88 36.65 72.08 32.14 36.41
 6433.25 19.93 19.05 19.58 19.17 20.57 22.07 27.40 30.83 36.63 71.96 32.15 36.38
 6434.25 19.81 18.92 19.46 19.04 20.44 21.96 27.25 30.68 36.50 71.76 32.05 36.25
 6435.25 19.78 18.90 19.46 19.02 20.42 21.96 27.21 30.64 36.48 71.65 32.06 36.23
 6436.25 19.76 18.89 19.46 19.01 20.41 21.97 27.18 30.62 36.48 71.56 32.09 36.23
 6437.25 19.70 18.84 19.42 18.97 20.36 21.94 27.11 30.57 36.43 71.43 32.07 36.18
 6438.25 19.69 18.83 19.43 18.96 20.35 21.96 27.09 30.56 36.44 71.34 32.11 36.18
 6439.25 19.78 18.91 19.53 19.05 20.45 22.09 27.18 30.67 36.55 71.34 32.25 36.29
 6440.25 20.08 19.22 19.85 19.36 20.76 22.45 27.50 31.01 36.89 71.53 32.63 36.64
 6441.25 20.22 19.36 20.02 19.51 20.91 22.66 27.65 31.18 37.07 71.59 32.83 36.81
 6442.25 20.03 19.18 19.84 19.33 20.72 22.52 27.43 30.98 36.88 71.34 32.67 36.61
 6443.25 19.94 19.10 19.77 19.25 20.64 22.49 27.33 30.90 36.80 71.19 32.62 36.53
 6444.25 19.93 19.09 19.79 19.25 20.64 22.53 27.31 30.90 36.81 71.11 32.66 36.54
 6445.25 19.87 19.03 19.74 19.20 20.58 22.52 27.24 30.84 36.76 70.98 32.64 36.49
 6446.25 19.87 19.04 19.76 19.21 20.59 22.58 27.23 30.85 36.78 70.91 32.69 36.50
 6447.25 19.94 19.12 19.85 19.29 20.67 22.71 27.30 30.94 36.88 70.90 32.81 36.60
 6448.25 19.95 19.13 19.88 19.30 20.68 22.77 27.30 30.96 36.90 70.83 32.87 36.62
 6449.25 19.83 19.02 19.79 19.20 20.57 22.71 27.17 30.85 36.80 70.67 32.79 36.52
 6450.25 19.76 18.95 19.73 19.13 20.50 22.69 27.08 30.78 36.73 70.53 32.76 36.45
 6451.25 19.90 19.10 19.89 19.28 20.66 22.90 27.23 30.95 36.91 70.58 32.96 36.62
 6452.25 19.89 19.09 19.90 19.28 20.65 22.94 27.21 30.95 36.92 70.50 33.00 36.63
 6453.25 19.33 18.55 19.36 18.74 20.09 22.41 26.59 30.33 36.31 69.88 32.42 36.01
 6454.25 19.14 18.37 19.19 18.56 19.90 22.27 26.37 30.12 36.10 69.61 32.25 35.81
 6455.25 19.50 18.73 19.57 18.92 20.28 22.71 26.77 30.55 36.54 69.90 32.71 36.24
 6456.25 19.58 18.81 19.67 19.00 20.36 22.84 26.84 30.64 36.64 69.90 32.84 36.34
 6457.25 19.62 18.86 19.73 19.06 20.41 22.94 26.88 30.70 36.71 69.85 32.94 36.40
 6458.25 19.71 18.96 19.85 19.16 20.51 23.09 26.97 30.81 36.82 69.82 33.08 36.51
 6459.25 19.29 18.55 19.45 18.75 20.09 22.70 26.50 30.34 36.35 69.31 32.65 36.04
 6460.25 19.10 18.37 19.28 18.57 19.90 22.55 26.29 30.14 36.16 69.08 32.48 35.85
 6461.25 19.79 19.05 20.00 19.25 20.61 23.34 27.04 30.93 36.96 69.68 33.31 36.65
 6462.25 20.01 19.27 20.24 19.48 20.84 23.63 27.28 31.18 37.22 69.81 33.59 36.90
 6463.25 20.06 19.34 20.33 19.55 20.91 23.74 27.34 31.25 37.30 69.75 33.69 36.98
 6464.25 19.10 18.39 19.38 18.60 19.94 22.77 26.26 30.17 36.21 68.72 32.62 35.89
 6465.25 16.98 16.33 17.28 16.52 17.79 20.53 23.84 27.67 33.64 66.30 30.10 33.31
 6466.25 17.27 16.61 17.59 16.81 18.09 20.90 24.17 28.03 34.02 66.56 30.49 33.70
 6467.25 15.74 15.12 16.06 15.31 16.52 19.24 22.33 26.08 31.95 64.38 28.50 31.63
 6468.25 15.96 15.33 16.30 15.52 16.74 19.52 22.58 26.36 32.26 64.60 28.81 31.93
 6469.25 18.75 18.06 19.14 18.28 19.61 22.65 25.83 29.80 35.86 67.92 32.34 35.51
 6470.25 19.75 19.05 20.16 19.26 20.63 23.77 26.93 30.94 37.03 68.84 33.51 36.66
 6471.25 18.11 17.43 18.53 17.64 18.96 22.05 25.08 29.05 35.11 67.10 31.62 34.71
 6472.25 15.22 14.62 15.62 14.80 16.00 18.87 21.64 25.41 31.26 63.13 27.89 30.85
 6473.25 16.00 15.38 16.43 15.57 16.81 19.80 22.58 26.43 32.36 64.16 28.97 31.91
 6474.25 18.94 18.26 19.43 18.47 19.82 23.10 25.99 30.03 36.13 67.65 32.67 35.65
 6475.25 19.44 18.75 19.95 18.96 20.33 23.67 26.52 30.58 36.68 67.89 33.23 36.17
 6476.25 16.76 16.13 17.26 16.32 17.60 20.78 23.44 27.39 33.40 64.80 30.00 32.86
 6477.25 14.55 13.97 15.02 14.14 15.31 18.31 20.75 24.52 30.34 61.58 27.05 29.78
 6478.25 17.11 16.47 17.65 16.66 17.96 21.28 23.85 27.86 33.96 65.25 30.54 33.33
 6479.25 18.08 17.42 18.66 17.62 18.96 22.41 24.98 29.06 35.23 66.29 31.78 34.55
 6480.25 18.30 17.63 18.90 17.84 19.19 22.69 25.21 29.31 35.50 66.41 32.05 34.79
 6481.25 19.85 19.17 20.50 19.38 20.78 24.44 26.94 31.12 37.37 68.02 33.90 36.62
 6482.25 20.06 19.37 20.73 19.58 20.99 24.75 27.16 31.35 37.62 68.11 34.16 36.83
 6483.25 19.78 19.10 20.46 19.31 20.71 24.54 26.82 31.02 37.29 67.59 33.83 36.45
 6484.25 19.99 19.30 20.69 19.51 20.92 24.86 27.04 31.25 37.55 67.72 34.09 36.67
 6485.25 20.20 19.52 20.93 19.73 21.15 25.20 27.28 31.52 37.85 67.94 34.38 36.93
 6486.25 19.99 19.31 20.74 19.52 20.94 25.07 27.04 31.31 37.65 67.65 34.17 36.69
 6487.25 19.89 19.21 20.66 19.42 20.84 25.06 26.92 31.20 37.56 67.45 34.08 36.56
 6488.25 20.02 19.33 20.81 19.55 20.98 25.30 27.05 31.36 37.74 67.50 34.26 36.70
 6489.25 20.14 19.45 20.95 19.67 21.10 25.52 27.17 31.50 37.89 67.51 34.42 36.82
 6490.25 20.18 19.49 21.02 19.71 21.15 25.67 27.20 31.55 37.94 67.38 34.49 36.84
 6491.25 20.16 19.47 21.01 19.69 21.13 25.74 27.17 31.53 37.94 67.25 34.50 36.82
 6492.25 20.15 19.46 21.02 19.68 21.12 25.83 27.14 31.53 37.96 67.16 34.53 36.81
 6493.25 20.15 19.45 21.03 19.68 21.12 25.92 27.13 31.54 37.98 67.03 34.56 36.80
 6494.25 20.18 19.49 21.08 19.71 21.16 26.06 27.17 31.60 38.07 67.05 34.66 36.86
 6495.25 20.06 19.36 20.96 19.59 21.04 26.02 27.02 31.46 37.94 66.78 34.54 36.71
 6496.25 20.11 19.41 21.02 19.64 21.10 26.17 27.06 31.53 38.02 66.71 34.64 36.76
 6497.25 20.36 19.66 21.29 19.89 21.36 26.55 27.33 31.83 38.34 66.91 34.97 37.06
 6498.25 19.57 18.88 20.49 19.11 20.56 25.79 26.46 30.97 37.50 66.09 34.13 36.19
 6499.25 16.13 15.50 16.97 15.71 17.02 21.94 22.47 26.77 33.14 61.79 29.86 31.82
 6500.25 12.15 11.63 12.84 11.81 12.88 17.08 17.45 21.22 26.96 54.46 24.00 25.74
 6501.25 13.93 13.36 14.70 13.55 14.75 19.42 19.72 23.79 29.88 57.88 26.77 28.57
 6502.25 18.74 18.05 19.67 18.28 19.73 25.24 25.49 30.04 36.62 64.80 33.31 35.20
 6503.25 19.80 19.09 20.76 19.33 20.82 26.51 26.66 31.26 37.87 65.77 34.57 36.42
 6504.25 19.60 18.89 20.56 19.13 20.62 26.38 26.44 31.05 37.67 65.46 34.38 36.19
 6505.25 19.20 18.49 20.17 18.74 20.23 26.04 26.00 30.61 37.24 64.98 33.96 35.74
 6506.25 16.67 16.02 17.58 16.24 17.64 23.22 23.09 27.56 34.08 61.86 30.86 32.58
 6507.25 16.47 15.82 17.38 16.05 17.44 23.07 22.85 27.31 33.83 61.46 30.63 32.30
 6508.25 19.15 18.45 20.14 18.70 20.21 26.26 25.93 30.57 37.24 64.54 34.00 35.66
 6509.25 19.90 19.18 20.91 19.44 20.98 27.17 26.75 31.42 38.11 65.19 34.89 36.51
 6510.25 19.93 19.20 20.95 19.48 21.02 27.30 26.78 31.47 38.18 65.15 34.97 36.55
 6511.25 20.00 19.28 21.04 19.56 21.11 27.48 26.86 31.56 38.28 65.08 35.08 36.62
 6512.25 19.96 19.23 20.99 19.52 21.07 27.51 26.80 31.50 38.23 64.88 35.05 36.55
 6513.25 19.91 19.18 20.95 19.47 21.03 27.55 26.75 31.46 38.21 64.73 35.04 36.50
 6514.25 19.87 19.14 20.92 19.44 21.00 27.59 26.70 31.40 38.15 64.47 35.00 36.42
 6515.25 18.93 18.22 19.97 18.52 20.05 26.64 25.66 30.34 37.08 63.36 33.95 35.33
 6516.25 18.74 18.03 19.79 18.34 19.86 26.50 25.43 30.11 36.85 62.94 33.74 35.07
 6517.25 19.79 19.06 20.87 19.38 20.95 27.76 26.59 31.32 38.09 63.95 35.00 36.28
 6518.25 20.23 19.48 21.32 19.82 21.40 28.35 27.07 31.84 38.64 64.40 35.59 36.80
 6519.25 20.35 19.60 21.45 19.94 21.53 28.57 27.20 31.98 38.80 64.40 35.82 36.93
 6520.25 20.36 19.61 21.47 19.96 21.56 28.69 27.22 32.02 38.86 64.37 35.95 36.97
 6521.25 20.25 19.49 21.36 19.85 21.45 28.66 27.10 31.91 38.78 64.20 35.93 36.85
 6522.25 20.13 19.37 21.25 19.74 21.34 28.62 26.98 31.79 38.67 63.96 35.89 36.72
 6523.25 18.61 17.87 19.70 18.24 19.79 27.00 25.28 30.05 36.91 62.21 34.21 34.94
 6524.25 16.89 16.19 17.94 16.54 18.03 25.12 23.31 27.97 34.77 60.04 32.16 32.79
 6525.25 18.82 18.07 19.94 18.46 20.03 27.56 25.52 30.32 37.21 62.29 34.67 35.20
 6526.25 20.06 19.29 21.22 19.70 21.32 29.15 26.90 31.76 38.64 63.49 36.21 36.65
 6527.25 19.89 19.12 21.06 19.54 21.15 29.15 26.72 31.58 38.42 63.21 36.12 36.47
 6528.25 20.04 19.27 21.23 19.70 21.32 29.50 26.89 31.77 38.56 63.26 36.38 36.65
 6529.25 20.52 19.74 21.72 20.18 21.82 30.20 27.40 32.29 39.05 63.58 37.00 37.18
 6530.25 20.78 20.00 21.99 20.45 22.10 30.66 27.67 32.58 39.29 63.69 37.36 37.46
 6531.25 20.74 19.95 21.95 20.41 22.07 30.79 27.62 32.55 39.20 63.50 37.40 37.41
 6532.25 20.58 19.80 21.80 20.26 21.92 30.78 27.45 32.39 38.97 63.19 37.31 37.23
 6533.25 19.17 18.41 20.38 18.87 20.49 29.40 25.91 30.86 37.37 61.68 35.83 35.66
 6534.25 14.14 13.51 15.15 13.90 15.25 23.24 19.94 24.45 30.48 54.48 29.13 28.89
 6535.25 13.49 12.88 14.48 13.26 14.58 22.51 19.13 23.58 29.44 53.23 28.23 27.92
 6536.25 18.43 17.69 19.64 18.16 19.76 29.07 25.08 30.12 36.40 60.53 35.23 34.81
 6537.25 20.42 19.64 21.69 20.15 21.82 31.53 27.29 32.45 38.69 62.51 37.64 37.14
 6538.25 20.53 19.75 21.81 20.27 21.95 31.83 27.42 32.62 38.79 62.49 37.87 37.28
 6539.25 20.46 19.67 21.75 20.20 21.89 31.93 27.34 32.58 38.68 62.27 37.88 37.21
 6540.25 20.43 19.64 21.73 20.18 21.86 32.07 27.31 32.59 38.62 62.09 37.95 37.19
 6541.25 20.20 19.42 21.50 19.96 21.62 31.99 27.07 32.38 38.34 61.71 37.79 36.95
 6542.25 19.62 18.85 20.92 19.39 21.01 31.51 26.43 31.76 37.65 60.95 37.23 36.30
 6543.25 19.48 18.71 20.78 19.26 20.86 31.51 26.27 31.63 37.44 60.59 37.14 36.13
 6544.25 19.33 18.57 20.64 19.12 20.70 31.52 26.11 31.51 37.24 60.28 37.07 35.97
 6545.25 16.11 15.42 17.31 15.92 17.35 27.72 22.39 27.58 33.10 56.13 33.05 31.90
 6546.25 12.50 11.92 13.52 12.34 13.53 22.77 17.88 22.53 27.52 49.62 27.59 26.45
 6547.25 13.06 12.46 14.12 12.89 14.12 23.75 18.59 23.39 28.41 50.57 28.60 27.36
 6548.25 17.72 16.99 19.01 17.52 19.00 30.26 24.28 29.73 35.13 57.77 35.46 34.04
 6549.25 19.76 18.98 21.12 19.54 21.09 32.87 26.59 32.20 37.59 60.00 38.04 36.53
 6550.25 19.72 18.95 21.10 19.50 21.04 33.01 26.56 32.22 37.55 59.89 38.12 36.52
 6551.25 19.87 19.10 21.26 19.65 21.18 33.35 26.73 32.43 37.68 59.88 38.39 36.70
 6552.25 19.94 19.16 21.34 19.72 21.24 33.56 26.79 32.52 37.69 59.69 38.51 36.75
 6553.25 19.75 18.98 21.15 19.52 21.03 33.52 26.59 32.35 37.44 59.35 38.39 36.55
 6554.25 16.53 15.82 17.82 16.32 17.69 29.72 22.89 28.46 33.38 55.27 34.44 32.54
 6555.25 12.33 11.76 13.40 12.16 13.28 23.84 17.67 22.60 26.99 47.88 28.08 26.26
 6556.25 14.73 14.09 15.95 14.54 15.80 27.58 20.72 26.13 30.76 52.19 32.04 30.02
 6557.25 19.29 18.53 20.72 19.07 20.52 33.67 26.10 32.00 36.82 58.29 38.27 36.08
 6558.25 20.12 19.35 21.58 19.90 21.37 34.78 27.02 32.99 37.74 59.01 39.31 37.04
 6559.25 20.26 19.50 21.75 20.04 21.51 35.12 27.19 33.20 37.88 59.03 39.58 37.23
 6560.25 20.23 19.47 21.72 20.01 21.46 35.25 27.15 33.20 37.81 58.83 39.63 37.20
 6561.25 20.16 19.40 21.66 19.94 21.38 35.33 27.08 33.17 37.71 58.61 39.65 37.14
 6562.25 20.12 19.37 21.64 19.90 21.34 35.45 27.04 33.16 37.62 58.38 39.69 37.09
 6563.25 19.02 18.29 20.53 18.81 20.20 34.34 25.83 31.94 36.32 57.01 38.51 35.83
 6564.25 16.30 15.63 17.74 16.11 17.39 31.10 22.70 28.64 32.87 53.48 35.16 32.43
 6565.25 17.15 16.47 18.67 16.96 18.27 32.39 23.72 29.79 33.99 54.54 36.42 33.59
 6566.25 19.82 19.08 21.47 19.61 21.00 35.71 26.74 33.01 37.20 57.50 39.77 36.83
 6567.25 20.26 19.52 21.96 20.05 21.44 36.17 27.22 33.54 37.66 57.78 40.35 37.33
 6568.25 20.00 19.27 21.74 19.80 21.17 35.81 26.96 33.31 37.35 57.36 40.16 37.06
 6569.25 19.16 18.45 20.91 18.96 20.30 34.76 26.04 32.40 36.37 56.31 39.30 36.12
 6570.25 16.77 16.10 18.44 16.58 17.83 31.72 23.30 29.52 33.37 53.25 36.41 33.17
 6571.25 17.40 16.72 19.14 17.21 18.47 32.44 24.04 30.36 34.15 53.89 37.33 33.99
 6572.25 19.30 18.59 21.17 19.11 20.42 34.64 26.20 32.68 36.43 55.95 39.77 36.31
 6573.25 19.58 18.87 21.49 19.38 20.69 34.88 26.52 33.04 36.73 56.12 40.29 36.65
 6574.25 19.67 18.96 21.63 19.48 20.78 34.88 26.62 33.18 36.80 56.01 40.61 36.76
 6575.25 19.74 19.04 21.74 19.55 20.85 34.87 26.70 33.30 36.85 55.91 40.94 36.85
 6576.25 19.94 19.24 21.98 19.75 21.04 35.02 26.94 33.59 37.09 56.03 41.44 37.11
 6577.25 19.45 18.76 21.51 19.26 20.54 34.39 26.41 33.09 36.53 55.38 41.15 36.58
 6578.25 15.55 14.93 17.42 15.38 16.50 29.32 21.86 28.20 31.47 50.09 36.25 31.55
 6579.25 13.28 12.73 14.99 13.13 14.13 25.95 19.03 25.02 28.07 46.11 32.92 28.16
 6580.25 16.81 16.17 18.84 16.64 17.80 30.85 23.39 29.99 33.20 51.61 38.55 33.32
 6581.25 19.51 18.83 21.73 19.33 20.57 34.09 26.50 33.37 36.55 54.78 42.19 36.70
 6582.25 19.72 19.03 21.98 19.53 20.78 34.23 26.72 33.66 36.77 54.83 42.67 36.95
 6583.25 19.69 19.01 21.99 19.50 20.75 34.10 26.70 33.68 36.73 54.63 42.87 36.93
 6584.25 19.26 18.59 21.58 19.07 20.31 33.53 26.24 33.26 36.23 54.02 42.64 36.47
 6585.25 18.78 18.13 21.12 18.59 19.82 32.88 25.71 32.76 35.67 53.33 42.33 35.94
 6586.25 19.08 18.42 21.46 18.87 20.12 33.11 26.04 33.15 35.98 53.45 42.89 36.29
 6587.25 19.66 19.00 22.10 19.45 20.71 33.68 26.68 33.87 36.64 53.92 43.79 36.98
 6588.25 19.89 19.23 22.38 19.67 20.94 33.86 26.94 34.20 36.89 54.03 44.30 37.27
 6589.25 20.03 19.36 22.55 19.80 21.07 33.91 27.09 34.40 37.02 54.06 44.68 37.44
 6590.25 20.03 19.37 22.59 19.80 21.07 33.82 27.10 34.46 37.02 54.00 44.92 37.48
 6591.25 19.89 19.23 22.48 19.64 20.92 33.56 26.94 34.36 36.85 53.79 45.00 37.34
 6592.25 19.60 18.94 22.21 19.35 20.62 33.14 26.63 34.09 36.51 53.43 44.92 37.04
 6593.25 19.47 18.81 22.10 19.21 20.48 32.89 26.49 33.99 36.34 53.22 45.00 36.92
 6594.25 19.89 19.23 22.58 19.62 20.90 33.26 26.96 34.52 36.79 53.59 45.69 37.40
 6595.25 20.21 19.55 22.94 19.93 21.21 33.51 27.30 34.92 37.13 53.85 46.25 37.77
 6596.25 20.03 19.38 22.80 19.75 21.04 33.22 27.13 34.79 36.93 53.62 46.30 37.61
 6597.25 19.04 18.40 21.79 18.75 20.02 32.00 26.04 33.72 35.79 52.50 45.44 36.51
 6598.25 17.37 16.76 20.06 17.09 18.30 29.91 24.15 31.76 33.74 50.44 43.63 34.50
 6599.25 18.31 17.68 21.10 18.01 19.25 30.93 25.23 32.95 34.88 51.51 45.01 35.67
 6600.25 19.67 19.02 22.59 19.36 20.64 32.42 26.76 34.60 36.46 52.99 46.83 37.30
 6601.25 19.79 19.14 22.76 19.47 20.76 32.45 26.90 34.79 36.58 53.06 47.18 37.46
 6602.25 19.66 19.01 22.67 19.33 20.62 32.20 26.76 34.69 36.42 52.85 47.26 37.33
 6603.25 19.71 19.07 22.78 19.38 20.67 32.16 26.83 34.81 36.47 52.85 47.55 37.42
 6604.25 19.33 18.69 22.43 18.99 20.27 31.63 26.42 34.44 36.02 52.39 47.36 37.01
 6605.25 16.63 16.05 19.57 16.31 17.50 28.26 23.32 31.15 32.64 48.96 44.19 33.66
 6606.25 15.72 15.15 18.61 15.40 16.56 26.97 22.23 29.98 31.39 47.60 43.12 32.43
 6607.25 18.66 18.04 21.85 18.30 19.57 30.54 25.68 33.80 35.18 51.42 47.25 36.28
 6608.25 19.93 19.29 23.25 19.56 20.86 31.89 27.10 35.32 36.63 52.76 48.90 37.77
 6609.25 20.18 19.53 23.55 19.79 21.10 32.05 27.37 35.64 36.88 52.94 49.37 38.06
 6610.25 20.20 19.56 23.63 19.81 21.13 31.96 27.41 35.73 36.90 52.91 49.63 38.11
 6611.25 19.92 19.29 23.38 19.52 20.83 31.53 27.11 35.48 36.58 52.56 49.56 37.83
 6612.25 19.86 19.23 23.37 19.46 20.77 31.35 27.06 35.47 36.50 52.44 49.72 37.79
 6613.25 19.97 19.34 23.53 19.56 20.87 31.34 27.18 35.64 36.60 52.49 50.05 37.93
 6614.25 19.95 19.32 23.56 19.53 20.84 31.20 27.16 35.67 36.56 52.41 50.25 37.93
 6615.25 20.16 19.53 23.83 19.73 21.06 31.31 27.40 35.96 36.78 52.56 50.69 38.19
 6616.25 17.53 16.94 21.02 17.11 18.35 28.07 24.40 32.81 33.55 49.32 47.71 34.98
 6617.25 10.54 10.13 13.05 10.24 11.11 18.26 15.53 22.23 22.79 36.65 35.43 24.02
 6618.25  9.03  8.67 11.26  8.77  9.52 15.80 13.44 19.51 19.97 32.80 31.89 21.12
 6619.25 13.88 13.37 17.02 13.50 14.56 22.91 19.93 27.79 28.30 43.39 42.64 29.76
 6620.25 19.44 18.82 23.28 18.96 20.27 29.86 26.62 35.40 35.88 51.48 50.96 37.44
 6621.25 19.95 19.32 23.86 19.46 20.78 30.31 27.18 36.03 36.44 51.96 51.67 37.99
 6622.25 19.87 19.24 23.82 19.37 20.70 30.09 27.10 35.99 36.33 51.81 51.73 37.87
 6623.25 19.92 19.29 23.91 19.42 20.74 30.01 27.15 36.09 36.36 51.79 51.92 37.89
 6624.25 19.94 19.31 23.98 19.43 20.76 29.90 27.18 36.16 36.37 51.75 52.09 37.88
 6625.25 19.89 19.26 23.96 19.37 20.70 29.71 27.12 36.15 36.31 51.63 52.18 37.79
 6626.25 20.01 19.38 24.14 19.49 20.82 29.71 27.26 36.32 36.45 51.69 52.45 37.88
 6627.25 20.25 19.60 24.42 19.71 21.05 29.83 27.51 36.58 36.72 51.86 52.86 38.10
 6628.25 19.87 19.24 24.07 19.33 20.67 29.29 27.11 36.15 36.33 51.41 52.73 37.66
 6629.25 18.91 18.28 23.08 18.37 19.68 28.07 26.04 35.03 35.24 50.29 51.99 36.52
 6630.25 19.46 18.83 23.72 18.91 20.24 28.57 26.66 35.66 35.89 50.84 52.91 37.12
 6631.25 20.24 19.59 24.58 19.67 21.02 29.28 27.51 36.51 36.77 51.59 54.03 37.95
 6632.25 20.34 19.69 24.73 19.76 21.11 29.26 27.62 36.60 36.90 51.62 54.44 38.03
 6633.25 20.34 19.69 24.77 19.76 21.11 29.12 27.62 36.59 36.92 51.55 54.74 37.99
 6634.25 20.19 19.55 24.65 19.60 20.95 28.83 27.46 36.41 36.77 51.34 54.89 37.79
 6635.25 18.89 18.27 23.30 18.32 19.63 27.25 26.03 34.92 35.30 49.85 53.80 36.28
 6636.25 18.09 17.47 22.46 17.52 18.81 26.19 25.13 33.94 34.36 48.83 53.17 35.27
 6637.25 19.72 19.08 24.26 19.11 20.46 27.89 26.95 35.84 36.29 50.63 55.30 37.16
 6638.25 20.34 19.69 24.97 19.73 21.09 28.44 27.64 36.52 37.00 51.22 56.23 37.82
 6639.25 20.10 19.45 24.75 19.47 20.83 28.03 27.38 36.23 36.75 50.90 56.28 37.51
 6640.25 20.01 19.37 24.70 19.39 20.74 27.81 27.30 36.13 36.67 50.75 56.49 37.39
 6641.25 20.18 19.53 24.92 19.55 20.91 27.85 27.49 36.30 36.88 50.86 56.95 37.55
 6642.25 20.29 19.63 25.07 19.64 21.01 27.82 27.61 36.40 37.01 50.91 57.34 37.64
 6643.25 20.32 19.67 25.15 19.67 21.04 27.72 27.66 36.43 37.07 50.88 57.66 37.66
 6644.25 20.43 19.77 25.29 19.76 21.14 27.69 27.77 36.53 37.20 50.93 58.05 37.76
 6645.25 20.65 19.99 25.57 19.98 21.36 27.79 28.02 36.75 37.45 51.10 58.54 37.98
 6646.25 20.74 20.08 25.71 20.06 21.45 27.75 28.13 36.84 37.57 51.13 58.91 38.06
 6647.25 20.76 20.11 25.78 20.09 21.48 27.63 28.17 36.86 37.62 51.10 59.22 38.08
 6648.25 20.85 20.20 25.91 20.17 21.56 27.59 28.27 36.94 37.73 51.12 59.57 38.16
 6649.25 20.78 20.14 25.89 20.10 21.49 27.37 28.21 36.86 37.68 51.00 59.78 38.07
 6650.25 20.52 19.89 25.66 19.84 21.23 26.96 27.95 36.57 37.43 50.68 59.81 37.78
 6651.25 20.37 19.75 25.54 19.69 21.07 26.68 27.80 36.40 37.28 50.46 59.94 37.61
 6652.25 20.34 19.72 25.55 19.65 21.04 26.57 27.77 36.35 37.27 50.37 60.17 37.56
 6653.25 20.46 19.84 25.71 19.76 21.16 26.63 27.91 36.46 37.41 50.42 60.55 37.67
 6654.25 20.54 19.93 25.84 19.84 21.24 26.67 28.01 36.54 37.52 50.44 60.89 37.74
 6655.25 20.53 19.93 25.87 19.82 21.22 26.60 28.01 36.52 37.53 50.37 61.13 37.71
 6656.25 20.57 19.97 25.96 19.86 21.26 26.58 28.06 36.54 37.59 50.35 61.43 37.74
 6657.25 20.79 20.20 26.23 20.08 21.49 26.77 28.31 36.77 37.85 50.51 61.89 37.96
 6658.25 21.08 20.49 26.58 20.37 21.77 27.02 28.62 37.06 38.17 50.73 62.40 38.25
 6659.25 21.72 21.14 27.29 21.01 22.42 27.63 29.31 37.71 38.85 51.27 63.20 38.89
 6660.25 22.11 21.53 27.74 21.40 22.81 27.98 29.72 38.09 39.25 51.56 63.77 39.27
 6661.25 16.68 16.18 21.81 16.05 17.28 21.94 23.63 31.67 32.84 45.13 57.97 32.82
 6662.25 12.02 11.62 16.23 11.52 12.49 16.26 17.73 24.71 25.79 37.13 49.93 25.74
 6663.25 10.75 10.39 14.64 10.30 11.17 14.60 16.01 22.51 23.56 34.29 47.03 23.48
 6664.25 13.17 12.76 17.72 12.64 13.65 17.60 19.26 26.52 27.70 39.18 52.77 27.58
 6665.25 20.03 19.50 25.74 19.34 20.62 25.49 27.54 35.79 37.11 49.13 63.06 36.94
 6666.25 22.36 21.82 28.25 21.66 22.96 27.90 30.05 38.29 39.63 51.44 65.45 39.43
 6667.25 22.36 21.82 28.27 21.65 22.93 27.84 30.05 38.27 39.65 51.37 65.68 39.41
 6668.25 22.07 21.53 27.97 21.36 22.62 27.48 29.77 37.97 39.38 51.05 65.69 39.11
 6669.25 21.62 21.10 27.48 20.92 22.16 26.97 29.32 37.51 38.96 50.58 65.57 38.65
 6670.25 22.20 21.68 28.03 21.50 22.72 27.51 29.93 38.08 39.55 51.04 66.26 39.21
 6671.25 22.89 22.37 28.70 22.18 23.40 28.15 30.63 38.74 40.23 51.58 67.01 39.86
 6672.25 23.20 22.69 28.97 22.49 23.69 28.40 30.95 39.01 40.54 51.77 67.46 40.13
 6673.25 23.54 23.04 29.27 22.84 24.02 28.69 31.30 39.32 40.88 51.99 67.92 40.43
 6674.25 24.04 23.54 29.72 23.34 24.49 29.12 31.79 39.73 41.33 52.32 68.47 40.85
 6675.25 24.38 23.89 30.01 23.68 24.82 29.39 32.13 39.99 41.64 52.52 68.90 41.13
 6676.25 23.25 22.77 28.86 22.56 23.68 28.22 31.04 38.90 40.61 51.54 68.35 40.09
 6677.25 17.16 16.74 22.27 16.55 17.53 21.65 24.37 31.98 33.73 44.77 62.46 33.20
 6678.25 12.86 12.52 17.14 12.36 13.15 16.59 19.00 25.76 27.40 37.80 55.55 26.91
 6679.25 10.57 10.29 14.23 10.15 10.81 13.74 15.89 21.84 23.35 32.88 50.12 22.91
 6680.25 11.78 11.48 15.72 11.32 12.03 15.18 17.55 23.84 25.48 35.39 53.34 25.00
 6681.25 19.90 19.50 25.16 19.27 20.25 24.44 27.54 35.05 36.98 47.80 66.39 36.43
 6682.25 24.48 24.07 29.87 23.82 24.82 29.11 32.32 39.73 41.67 52.16 70.35 41.12
 6683.25 24.63 24.24 29.98 23.98 24.96 29.21 32.48 39.81 41.79 52.21 70.29 41.24
 6684.25 24.54 24.15 29.86 23.89 24.86 29.06 32.40 39.68 41.70 52.08 70.21 41.14
 6685.25 24.23 23.86 29.52 23.58 24.53 28.71 32.12 39.36 41.43 51.79 76.86 40.86
 6686.25 23.65 23.29 28.92 23.01 23.94 28.08 31.58 38.79 40.91 51.27101.74 40.33
 6687.25 22.74 22.39 27.97 22.11 23.01 27.11 30.68 37.88 40.06 50.44118.83 39.47
 6688.25 21.72 21.40 26.90 21.10 21.98 26.03 29.66 36.83 39.06 49.46120.55 38.46
 6689.25 18.89 18.59 23.83 18.31 19.13 22.96 26.57 33.60 35.87 46.32118.17 35.27
 6690.25 13.77 13.54 17.90 13.30 13.95 17.14 20.32 26.62 28.78 38.73111.61 28.21
 6691.25 13.73 13.50 17.82 13.26 13.90 17.04 20.28 26.51 28.70 38.59110.96 28.12
 6692.25 19.00 18.74 23.84 18.43 19.20 22.92 26.72 33.57 35.97 46.24116.56 35.34
 6693.25 21.88 21.61 26.89 21.28 22.07 25.91 29.88 36.73 39.17 49.29117.95 38.54
 6694.25 22.18 21.92 27.16 21.58 22.35 26.18 30.19 36.98 39.46 49.52117.54 38.82
 6695.25 22.20 21.96 27.14 21.61 22.36 26.17 30.23 36.95 39.47 49.51116.99 38.83
 6696.25 22.11 21.88 27.01 21.52 22.26 26.06 30.14 36.80 39.37 49.40116.36 38.72
 6697.25 22.07 21.85 26.94 21.48 22.21 25.99 30.11 36.71 39.32 49.34115.76 38.66
 6698.25 22.05 21.85 26.88 21.46 22.17 25.95 30.10 36.64 39.29 49.29115.16 38.63
 6699.25 21.90 21.71 26.70 21.31 22.01 25.78 29.96 36.44 39.13 49.13114.49 38.47
 6700.25 21.55 21.37 26.29 20.96 21.64 25.39 29.60 36.02 38.76 48.76113.70 38.11
 6701.25 21.27 21.11 25.97 20.68 21.35 25.08 29.32 35.67 38.47 48.46112.94 37.83
 6702.25 21.56 21.41 26.23 20.97 21.63 25.35 29.63 35.92 38.75 48.71112.50 38.13
 6703.25 21.73 21.59 26.35 21.14 21.79 25.50 29.82 36.04 38.91 48.84111.98 38.30
 6704.25 21.79 21.66 26.36 21.19 21.83 25.54 29.89 36.04 38.96 48.86111.40 38.36
 6705.25 21.51 21.39 26.01 20.91 21.54 25.22 29.60 35.70 38.66 48.57110.62 38.07
 6706.25 21.16 21.06 25.59 20.57 21.18 24.84 29.25 35.28 38.28 48.19109.79 37.71
 6707.25 21.48 21.39 25.86 20.89 21.49 25.15 29.59 35.55 38.60 48.47109.35 38.04
 6708.25 21.72 21.63 26.04 21.12 21.71 25.36 29.84 35.74 38.82 48.66108.85 38.27
 6709.25 21.68 21.60 25.94 21.07 21.65 25.29 29.80 35.63 38.77 48.59108.19 38.23
 6710.25 21.63 21.57 25.83 21.02 21.59 25.22 29.76 35.53 38.70 48.51107.53 38.18
 6711.25 21.62 21.56 25.76 21.01 21.57 25.18 29.75 35.46 38.67 48.46106.87 38.16
 6712.25 21.56 21.51 25.64 20.95 21.49 25.09 29.70 35.34 38.60 48.37106.19 38.10
 6713.25 21.58 21.53 25.59 20.96 21.50 25.08 29.73 35.30 38.60 48.36105.56 38.11
 6714.25 21.58 21.53 25.53 20.96 21.48 25.05 29.73 35.24 38.59 48.32104.90 38.11
 6715.25 21.41 21.37 25.30 20.79 21.30 24.85 29.56 35.00 38.40 48.13104.15 37.93
 6716.25 21.30 21.27 25.12 20.68 21.18 24.71 29.45 34.83 38.27 47.99103.42 37.81
 6717.25 21.12 21.09 24.87 20.49 20.98 24.50 29.27 34.58 38.07 47.77102.65 37.62
 6718.25 20.49 20.46 24.15 19.86 20.33 23.81 28.60 33.84 37.38 47.10101.56 36.94
 6719.25 20.31 20.28 23.90 19.68 20.14 23.60 28.41 33.59 37.17 46.88100.77 36.74
 6720.25 21.07 21.05 24.64 20.43 20.89 24.37 29.24 34.36 37.97 47.63100.63 37.56
 6721.25 21.58 21.55 25.09 20.93 21.37 24.86 29.77 34.83 38.48 48.10100.29 38.07
 6722.25 21.68 21.67 25.14 21.03 21.46 24.94 29.89 34.91 38.58 48.17 99.69 38.18
 6723.25 21.74 21.73 25.14 21.09 21.51 24.98 29.96 34.94 38.63 48.20 99.06 38.24
 6724.25 21.76 21.75 25.10 21.10 21.51 24.96 29.98 34.93 38.63 48.19 98.40 38.25
 6725.25 21.67 21.66 24.94 21.00 21.40 24.84 29.90 34.81 38.53 48.07 97.67 38.16
 6726.25 21.74 21.74 24.95 21.07 21.46 24.89 29.98 34.86 38.59 48.12 97.03 38.23
 6727.25 21.81 21.81 24.96 21.14 21.51 24.94 30.06 34.90 38.65 48.15 96.39 38.30
 6728.25 21.80 21.81 24.89 21.13 21.49 24.90 30.07 34.87 38.64 48.12 95.70 38.29
 6729.25 21.70 21.71 24.73 21.03 21.38 24.77 29.97 34.74 38.53 48.00 94.93 38.19
 6730.25 21.66 21.67 24.62 20.98 21.32 24.70 29.94 34.66 38.47 47.92 94.19 38.13
 6731.25 21.59 21.60 24.48 20.90 21.23 24.60 29.87 34.56 38.39 47.82 93.42 38.06
 6732.25 21.16 21.17 23.98 20.48 20.79 24.13 29.43 34.08 37.93 47.37 92.40 37.61
 6733.25 20.71 20.73 23.45 20.03 20.33 23.64 28.97 33.57 37.45 46.89 91.35 37.13
 6734.25 21.14 21.17 23.84 20.46 20.75 24.06 29.44 34.01 37.89 47.29 90.91 37.58
 6735.25 21.82 21.84 24.46 21.12 21.40 24.72 30.15 34.67 38.57 47.91 90.62 38.26
 6736.25 21.93 21.95 24.51 21.22 21.49 24.81 30.28 34.76 38.66 47.98 89.95 38.36
 6737.25 21.88 21.90 24.39 21.17 21.42 24.74 30.23 34.67 38.60 47.90 89.27 38.30
 6738.25 21.87 21.89 24.32 21.15 21.39 24.71 30.22 34.62 38.57 47.85 88.91 38.28
 6739.25 21.93 21.95 24.34 21.20 21.43 24.76 30.29 34.65 38.61 47.87 88.81 38.32
 6740.25 21.95 21.96 24.31 21.21 21.43 24.76 30.31 34.63 38.61 47.85 88.72 38.33
 6741.25 21.62 21.63 23.92 20.87 21.08 24.40 29.98 34.26 38.26 47.50 88.40 37.98
 6742.25 21.57 21.57 23.83 20.81 21.02 24.33 29.93 34.17 38.19 47.41 88.27 37.92
 6743.25 21.82 21.83 24.04 21.05 21.27 24.58 30.20 34.40 38.44 47.63 88.35 38.17
 6744.25 21.93 21.93 24.10 21.15 21.36 24.67 30.32 34.48 38.53 47.69 88.33 38.26
 6745.25 21.82 21.81 23.95 21.04 21.25 24.55 30.21 34.33 38.40 47.56 88.17 38.15
 6746.25 21.54 21.52 23.61 20.74 20.95 24.24 29.92 34.01 38.10 47.27 87.89 37.84
 6747.25 21.69 21.66 23.72 20.89 21.09 24.38 30.09 34.13 38.24 47.41 87.91 37.99
 6748.25 21.96 21.92 23.95 21.14 21.35 24.64 30.37 34.37 38.50 47.68 88.00 38.25
 6749.25 22.11 22.06 24.05 21.28 21.49 24.77 30.53 34.49 38.63 47.83 88.01 38.39
 6750.25 22.21 22.16 24.11 21.38 21.58 24.86 30.64 34.56 38.72 47.93 87.99 38.48
 6751.25 22.14 22.07 23.98 21.29 21.50 24.77 30.57 34.45 38.63 47.87 87.84 38.39
 6752.25 22.07 22.00 23.87 21.22 21.42 24.69 30.51 34.35 38.55 47.82 87.71 38.32
 6753.25 22.13 22.05 23.89 21.27 21.47 24.74 30.58 34.38 38.59 47.89 87.65 38.37
 6754.25 22.17 22.08 23.87 21.30 21.49 24.75 30.62 34.38 38.61 47.92 87.58 38.43
 6755.25 22.15 22.05 23.81 21.27 21.47 24.72 30.61 34.33 38.58 47.92 87.47 38.46
 6756.25 22.22 22.11 23.83 21.33 21.52 24.77 30.68 34.36 38.63 47.98 87.41 38.58
 6757.25 22.23 22.12 23.80 21.34 21.53 24.77 30.71 34.34 38.63 48.01 87.32 38.63
 6758.25 22.21 22.09 23.73 21.31 21.50 24.74 30.69 34.29 38.59 48.00 87.21 38.64
 6759.25 22.23 22.10 23.70 21.32 21.51 24.74 30.72 34.27 38.59 48.02 87.12 38.70
 6760.25 22.22 22.08 23.64 21.29 21.48 24.71 30.71 34.22 38.56 48.01 87.01 38.71
 6761.25 22.15 22.00 23.52 21.21 21.40 24.62 30.64 34.12 38.47 47.96 86.87 38.68
 6762.25 22.05 21.89 23.37 21.11 21.29 24.51 30.55 33.98 38.36 47.87 86.70 38.61
 6763.25 20.42 20.25 21.66 19.49 19.67 22.80 28.80 32.18 36.59 46.19 85.33 36.89
 6764.25 14.54 14.40 15.54 13.78 13.92 16.52 21.75 24.78 28.88 38.15 77.90 29.21
 6765.25 12.11 11.98 12.94 11.44 11.56 13.83 18.51 21.23 25.03 33.79 72.95 25.38
 6766.25 16.45 16.28 17.44 15.60 15.75 18.55 24.16 27.25 31.55 41.10 80.59 31.99
 6767.25 21.53 21.34 22.61 20.56 20.73 23.90 30.03 33.26 37.74 47.40 85.82 38.24
 6768.25 22.29 22.08 23.33 21.29 21.46 24.65 30.82 34.01 38.50 48.13 86.26 39.05
 6769.25 22.38 22.16 23.37 21.38 21.55 24.73 30.92 34.08 38.57 48.23 86.21 39.17
 6770.25 22.34 22.11 23.28 21.33 21.50 24.67 30.89 34.01 38.51 48.19 86.08 39.16
 6771.25 22.28 22.04 23.17 21.27 21.42 24.59 30.83 33.93 38.43 48.14 85.94 39.13
 6772.25 22.32 22.08 23.17 21.30 21.46 24.62 30.88 33.95 38.46 48.19 85.86 39.21
 6773.25 22.33 22.08 23.14 21.31 21.46 24.61 30.90 33.94 38.45 48.20 85.76 39.25
 6774.25 22.36 22.10 23.14 21.34 21.48 24.63 30.96 33.95 38.46 48.23 85.67 39.31
 6775.25 22.40 22.13 23.15 21.37 21.50 24.64 31.01 33.96 38.48 48.27 85.58 39.38
 6776.25 22.42 22.14 23.14 21.39 21.51 24.65 31.06 33.97 38.50 48.30 85.49 39.43
 6777.25 22.49 22.21 23.18 21.46 21.58 24.71 31.16 34.02 38.57 48.37 85.43 39.53
 6778.25 22.51 22.21 23.17 21.47 21.58 24.71 31.20 34.02 38.59 48.39 85.33 39.58
 6779.25 22.60 22.29 23.23 21.56 21.66 24.79 31.31 34.09 38.67 48.48 85.28 39.70
 6780.25 22.63 22.31 23.23 21.58 21.69 24.81 31.37 34.10 38.70 48.51 85.20 39.77
 6781.25 22.54 22.20 23.11 21.49 21.59 24.71 31.29 33.98 38.61 48.43 85.03 39.71
 6782.25 22.54 22.19 23.08 21.48 21.58 24.70 31.31 33.96 38.61 48.44 84.92 39.74
 6783.25 22.46 22.10 22.97 21.41 21.51 24.62 31.26 33.87 38.53 48.37 84.77 39.70
 6784.25 22.34 21.97 22.82 21.28 21.38 24.48 31.16 33.72 38.41 48.27 84.58 39.61
 6785.25 22.13 21.75 22.58 21.07 21.17 24.26 30.96 33.48 38.20 48.08 84.33 39.43
 6786.25 22.04 21.64 22.45 20.97 21.07 24.16 30.89 33.37 38.10 47.99 84.16 39.37
 6787.25 22.23 21.82 22.61 21.15 21.26 24.34 31.11 33.54 38.29 48.18 84.19 39.59
 6788.25 22.29 21.87 22.65 21.21 21.32 24.40 31.20 33.59 38.35 48.25 84.13 39.69
 6789.25 22.08 21.64 22.40 21.00 21.10 24.18 31.00 33.35 38.14 48.05 83.88 39.51
 6790.25 21.97 21.52 22.26 20.88 20.99 24.06 30.91 33.21 38.02 47.96 83.70 39.43
 6791.25 22.27 21.82 22.54 21.19 21.29 24.36 31.25 33.51 38.33 48.26 83.81 39.78
 6792.25 22.45 21.98 22.68 21.35 21.46 24.53 31.45 33.67 38.51 48.43 83.83 39.98
 6793.25 22.46 21.98 22.66 21.36 21.47 24.53 31.48 33.66 38.52 48.45 83.73 40.03
 6794.25 22.52 22.03 22.70 21.42 21.53 24.59 31.57 33.70 38.58 48.51 83.66 40.13
 6795.25 22.56 22.05 22.70 21.45 21.56 24.61 31.63 33.72 38.61 48.55 83.56 40.19
 6796.25 22.59 22.06 22.69 21.47 21.58 24.63 31.68 33.72 38.64 48.58 83.47 40.25
 6797.25 22.58 22.04 22.65 21.46 21.57 24.62 31.69 33.69 38.63 48.58 83.34 40.27
 6798.25 22.54 21.99 22.58 21.42 21.53 24.57 31.67 33.63 38.59 48.55 83.19 40.27
 6799.25 22.58 22.01 22.59 21.45 21.56 24.60 31.73 33.65 38.62 48.60 83.10 40.34
 6800.25 22.57 21.99 22.55 21.43 21.55 24.58 31.74 33.62 38.61 48.61 82.97 40.36
 6801.25 22.51 21.92 22.46 21.37 21.49 24.51 31.70 33.54 38.55 48.58 82.81 40.33
 6802.25 22.55 21.95 22.47 21.41 21.52 24.54 31.76 33.55 38.58 48.63 82.70 40.40
 6803.25 22.52 21.90 22.40 21.37 21.48 24.50 31.75 33.50 38.55 48.62 82.55 40.40
 6804.25 22.41 21.78 22.26 21.26 21.37 24.38 31.66 33.36 38.43 48.54 82.35 40.32
 6805.25 22.45 21.80 22.26 21.28 21.40 24.40 31.71 33.37 38.47 48.59 82.25 40.39
 6806.25 22.60 21.94 22.38 21.43 21.55 24.55 31.89 33.51 38.61 48.75 82.22 40.57
 6807.25 22.59 21.91 22.34 21.41 21.53 24.53 31.90 33.47 38.59 48.75 82.08 40.58
 6808.25 22.62 21.93 22.34 21.43 21.55 24.54 31.94 33.48 38.62 48.80 81.97 40.64
 6809.25 22.62 21.91 22.32 21.42 21.55 24.53 31.96 33.45 38.61 48.82 81.85 40.67
 6810.25 22.57 21.85 22.25 21.37 21.49 24.47 31.93 33.38 38.56 48.79 81.69 40.65
 6811.25 22.52 21.79 22.18 21.31 21.44 24.41 31.90 33.31 38.51 48.77 81.53 40.63
 6812.25 22.55 21.80 22.19 21.33 21.46 24.43 31.95 33.31 38.53 48.81 81.42 40.69
 6813.25 22.54 21.78 22.16 21.31 21.45 24.41 31.96 33.28 38.52 48.83 81.29 40.72
 6814.25 22.52 21.75 22.12 21.28 21.42 24.38 31.96 33.23 38.50 48.82 81.15 40.76
 6815.25 22.52 21.73 22.10 21.27 21.41 24.37 31.98 33.21 38.49 48.84 81.03 40.84
 6816.25 22.57 21.77 22.13 21.32 21.47 24.42 32.06 33.25 38.55 48.92 80.95 40.99
 6817.25 22.68 21.86 22.21 21.42 21.56 24.51 32.19 33.33 38.65 49.04 80.90 41.18
 6818.25 22.73 21.91 22.25 21.46 21.61 24.56 32.29 33.37 38.70 49.11 80.82 41.33
 6819.25 22.69 21.85 22.19 21.41 21.57 24.50 32.30 33.31 38.65 49.09 80.66 41.38
 6820.25 22.56 21.71 22.03 21.27 21.43 24.36 32.22 33.15 38.52 48.99 80.44 41.34
 6821.25 22.61 21.74 22.06 21.31 21.48 24.40 32.32 33.19 38.56 49.06 80.35 41.48
 6822.25 22.77 21.90 22.21 21.47 21.64 24.56 32.54 33.34 38.73 49.23 80.35 41.73
 6823.25 22.72 21.83 22.13 21.41 21.58 24.50 32.54 33.26 38.67 49.20 80.18 41.77
 6824.25 22.75 21.85 22.14 21.43 21.62 24.53 32.63 33.28 38.70 49.25 80.07 41.89
 6825.25 22.74 21.83 22.11 21.42 21.61 24.51 32.67 33.25 38.69 49.26 79.94 41.97
 6826.25 22.62 21.69 21.97 21.29 21.48 24.38 32.60 33.10 38.57 49.17 79.72 41.94
 6827.25 22.42 21.48 21.75 21.08 21.28 24.17 32.44 32.88 38.37 49.00 79.45 41.83
 6828.25 20.32 19.39 19.65 19.01 19.21 22.00 30.21 30.57 36.08 46.81 77.53 39.65
 6829.25 16.57 15.73 15.95 15.39 15.58 18.09 25.81 26.09 31.42 42.06 73.12 35.01
 6830.25 15.36 14.55 14.75 14.23 14.41 16.80 24.28 24.49 29.71 40.21 71.11 33.31
 6831.25 13.30 12.56 12.74 12.29 12.45 14.60 21.52 21.64 26.56 36.64 67.08 30.07
 6832.25 15.92 15.07 15.26 14.76 14.95 17.38 25.07 25.14 30.44 41.01 71.54 34.24
 6833.25 20.76 19.76 19.98 19.40 19.63 22.43 30.98 30.99 36.61 47.43 77.32 40.63
 6834.25 19.86 18.86 19.07 18.51 18.75 21.48 30.01 29.95 35.58 46.43 76.33 39.68
 6835.25 15.88 14.99 15.17 14.70 14.91 17.31 25.17 25.04 30.40 41.02 71.10 34.45
 6836.25 12.89 12.12 12.26 11.87 12.05 14.12 21.13 20.96 25.88 35.91 65.44 29.74
 6837.25 16.74 15.80 15.96 15.50 15.73 18.20 26.34 26.08 31.55 42.29 72.01 35.82
 6838.25 21.65 20.56 20.75 20.22 20.49 23.30 32.19 31.84 37.57 48.44 77.40 42.02
 6839.25 22.64 21.52 21.70 21.18 21.46 24.29 33.28 32.86 38.60 49.43 78.04 43.10
 6840.25 22.59 21.46 21.64 21.13 21.42 24.24 33.29 32.79 38.56 49.41 77.88 43.15
 6841.25 21.71 20.57 20.74 20.25 20.54 23.33 32.41 31.84 37.64 48.56 77.06 42.34
 6842.25 21.16 20.03 20.18 19.71 20.00 22.77 31.88 31.24 37.06 48.03 76.47 41.86
 6843.25 19.26 18.15 18.30 17.86 18.14 20.80 29.77 29.07 34.87 45.88 74.49 39.76
 6844.25 18.83 17.73 17.87 17.44 17.73 20.35 29.32 28.56 34.36 45.39 73.89 39.32
 6845.25 21.89 20.69 20.83 20.40 20.70 23.48 32.80 31.95 37.83 48.81 76.66 42.87
 6846.25 22.83 21.61 21.75 21.32 21.64 24.43 33.84 32.91 38.80 49.74 77.26 43.91
 6847.25 22.83 21.59 21.72 21.31 21.63 24.42 33.88 32.89 38.80 49.76 77.11 43.99
 6848.25 22.88 21.62 21.76 21.36 21.68 24.46 33.98 32.92 38.85 49.82 76.99 44.13
 6849.25 22.90 21.63 21.76 21.37 21.69 24.48 34.06 32.92 38.88 49.87 76.84 44.24
 6850.25 22.85 21.57 21.69 21.32 21.64 24.42 34.06 32.85 38.83 49.84 76.64 44.28
 6851.25 22.53 21.24 21.35 21.00 21.33 24.09 33.78 32.51 38.51 49.54 76.23 44.06
 6852.25 21.94 20.64 20.75 20.41 20.74 23.48 33.22 31.87 37.91 48.95 75.60 43.56
 6853.25 22.28 20.95 21.06 20.73 21.07 23.81 33.62 32.20 38.25 49.23 75.69 43.98
 6854.25 22.83 21.49 21.59 21.28 21.61 24.37 34.24 32.76 38.82 49.72 75.95 44.62
 6855.25 22.99 21.62 21.72 21.42 21.76 24.52 34.44 32.89 38.97 49.82 75.89 44.85
 6856.25 23.01 21.63 21.72 21.44 21.78 24.53 34.52 32.89 39.00 49.80 75.73 44.96
 6857.25 23.02 21.62 21.71 21.44 21.78 24.53 34.57 32.88 39.01 49.76 75.56 45.05
 6858.25 22.97 21.56 21.64 21.39 21.74 24.48 34.58 32.82 38.97 49.68 75.36 45.10
 6859.25 23.03 21.60 21.68 21.44 21.79 24.52 34.69 32.85 39.02 49.69 75.23 45.24
 6860.25 23.02 21.57 21.65 21.42 21.77 24.51 34.72 32.82 39.01 49.64 75.04 45.32
 6861.25 22.99 21.53 21.60 21.39 21.74 24.47 34.75 32.77 38.99 49.57 74.85 45.38
 6862.25 22.91 21.43 21.50 21.30 21.65 24.37 34.72 32.66 38.91 49.45 74.61 45.39
 6863.25 21.92 20.44 20.50 20.32 20.67 23.36 33.77 31.61 37.88 48.44 73.64 44.48
 6864.25 17.60 16.26 16.31 16.16 16.47 18.90 28.80 26.61 32.70 43.16 68.71 39.32
 6865.25 11.57 10.58 10.62 10.52 10.74 12.53 20.39 18.51 23.55 32.68 56.88 29.36
 6866.25 10.62  9.69  9.72  9.64  9.85 11.51 18.94 17.08 21.85 30.48 53.71 27.43
 6867.25 15.62 14.38 14.42 14.32 14.59 16.77 26.00 23.70 29.26 38.68 61.77 35.52
 6868.25 18.56 17.22 17.25 17.15 17.45 19.76 29.23 26.84 32.32 41.27 62.51 38.40
 6869.25 19.62 18.24 18.26 18.18 18.48 20.85 30.55 28.03 33.56 42.51 63.68 39.75
 6870.25 20.31 18.87 18.89 18.82 19.13 21.56 31.60 28.92 34.59 43.70 65.24 41.00
 6871.25 20.33 18.86 18.89 18.82 19.14 21.58 31.78 28.98 34.70 43.84 65.41 41.27
 6872.25 17.85 16.44 16.46 16.41 16.71 19.05 29.20 26.30 32.05 41.28 63.27 38.89
 6873.25 16.96 15.57 15.58 15.55 15.84 18.14 28.31 25.31 31.07 40.33 62.49 38.18
 6874.25 20.28 18.75 18.76 18.74 19.06 21.54 32.26 29.07 34.97 44.22 66.00 42.34
 6875.25 21.82 20.23 20.24 20.23 20.56 23.10 34.06 30.74 36.69 45.90 67.53 44.28
 6876.25 22.13 20.51 20.52 20.52 20.85 23.42 34.58 31.12 37.16 46.38 68.06 45.01
 6877.25 22.16 20.51 20.51 20.53 20.86 23.44 34.76 31.18 37.29 46.50 68.18 45.39
 6878.25 22.49 20.80 20.80 20.82 21.16 23.79 35.40 31.64 37.91 47.19 69.10 46.33
 6879.25 22.35 20.64 20.64 20.67 21.01 23.64 35.39 31.51 37.83 47.07 68.92 46.48
 6880.25 22.70 20.94 20.95 20.99 21.34 24.01 36.08 32.01 38.49 47.82 69.92 47.50
 6881.25 23.06 21.25 21.25 21.32 21.66 24.38 36.78 32.53 39.17 48.60 70.98 48.55
 6882.25 20.66 18.91 18.91 18.99 19.31 21.95 34.33 29.96 36.66 46.12 68.74 46.34
 6883.25 18.88 17.19 17.19 17.29 17.58 20.10 32.21 27.84 34.43 43.67 65.98 44.17
 6884.25 20.71 18.93 18.94 19.05 19.35 21.96 34.34 29.84 36.48 45.57 67.35 46.34
 6885.25 21.94 20.12 20.13 20.26 20.56 23.20 35.66 31.08 37.72 46.61 67.89 47.63
 6886.25 21.84 20.04 20.05 20.20 20.48 23.07 35.40 30.81 37.34 45.96 66.62 47.23
 6887.25 22.37 20.52 20.52 20.70 20.98 23.62 36.26 31.48 38.17 46.85 67.69 48.41
 6888.25 22.45 20.58 20.59 20.79 21.05 23.71 36.49 31.59 38.34 46.99 67.77 48.80
 6889.25 21.22 19.40 19.41 19.62 19.86 22.43 34.96 30.08 36.70 45.07 65.23 47.10
 6890.25 18.83 17.07 17.08 17.30 17.53 20.00 32.56 27.54 34.25 42.72 63.38 45.09
 6891.25 16.72 15.05 15.05 15.28 15.48 17.83 30.21 25.13 31.84 40.34 61.45 43.00
 6892.25 19.04 17.25 17.26 17.52 17.73 20.20 32.92 27.72 34.48 42.74 62.93 45.56
 6893.25 21.41 19.53 19.54 19.84 20.04 22.62 35.58 30.26 37.06 45.13 64.74 48.16
 6894.25 23.21 21.23 21.24 21.57 21.78 24.47 38.01 32.41 39.47 47.71 67.75 51.08
 6895.25 22.64 20.66 20.67 21.01 21.21 23.89 37.50 31.79 38.89 47.07 67.00 50.67
 6896.25 20.57 18.67 18.68 19.03 19.20 21.75 34.99 29.35 36.28 44.18 63.50 47.94
 6897.25 21.79 19.83 19.84 20.21 20.38 23.00 36.57 30.74 37.80 45.70 65.02 49.74
 6898.25 23.81 21.74 21.75 22.17 22.33 25.07 39.17 33.07 40.37 48.39 68.03 52.77
 6899.25 23.30 21.24 21.26 21.69 21.84 24.54 38.58 32.44 39.71 47.57 66.85 52.13
 6900.25 21.93 19.93 19.94 20.38 20.52 23.12 36.87 30.79 37.90 45.50 64.17 50.20
 6901.25 21.23 19.22 19.23 19.69 19.81 22.43 36.49 30.19 37.48 45.17 64.16 50.24
 6902.25 17.81 15.92 15.93 16.37 16.48 18.93 32.85 26.43 33.79 41.61 61.34 47.11
 6903.25 17.67 15.79 15.80 16.25 16.35 18.78 32.69 26.22 33.56 41.23 60.71 46.93
 6904.25 20.75 18.72 18.74 19.25 19.33 21.93 36.14 29.58 36.93 44.36 62.97 50.08
 6905.25 22.11 20.02 20.03 20.57 20.65 23.31 37.80 31.08 38.53 45.91 64.47 51.87
 6906.25 23.55 21.36 21.38 21.96 22.03 24.79 39.79 32.79 40.47 47.97 66.91 54.29
 6907.25 23.73 21.52 21.54 22.14 22.20 24.98 40.12 32.98 40.73 48.18 67.11 54.73
 6908.25 22.80 20.64 20.65 21.26 21.30 24.02 39.01 31.84 39.47 46.73 65.26 53.37
 6909.25 22.48 20.33 20.33 20.96 20.99 23.69 38.74 31.42 39.03 46.17 64.48 52.98
 6910.25 23.50 21.28 21.28 21.95 21.96 24.75 40.34 32.66 40.47 47.69 66.33 54.87
 6911.25 23.98 21.73 21.72 22.41 22.42 25.25 41.24 33.25 41.20 48.45 67.25 55.92
 6912.25 23.31 21.07 21.06 21.77 21.76 24.57 40.67 32.51 40.46 47.63 66.32 55.30
 6913.25 20.14 18.03 18.02 18.69 18.67 21.33 37.13 28.93 36.76 43.80 62.38 51.65
 6914.25 15.49 13.68 13.67 14.26 14.23 16.53 31.35 23.38 30.82 37.63 56.31 45.70
 6915.25 17.85 15.84 15.83 16.49 16.45 18.99 34.99 26.37 34.27 41.30 60.35 49.82
 6916.25 23.13 20.84 20.83 21.60 21.54 24.41 41.47 32.37 40.58 47.59 66.31 56.25
 6917.25 23.61 21.31 21.31 22.09 22.02 24.90 42.03 32.80 40.98 47.86 66.32 56.64
 6918.25 23.04 20.76 20.76 21.54 21.46 24.30 41.40 32.09 40.20 46.94 65.13 55.83
 6919.25 23.24 20.94 20.94 21.75 21.64 24.51 41.89 32.33 40.52 47.23 65.45 56.39
 6920.25 24.02 21.67 21.67 22.51 22.39 25.32 43.13 33.24 41.58 48.31 66.68 57.78
 6921.25 24.11 21.75 21.75 22.61 22.47 25.42 43.48 33.36 41.76 48.45 66.83 58.17
 6922.25 23.58 21.22 21.22 22.10 21.94 24.88 43.06 32.77 41.18 47.80 66.09 57.72
 6923.25 21.96 19.66 19.66 20.54 20.36 23.23 41.37 30.96 39.34 45.87 64.04 55.96
 6924.25 15.90 13.99 13.99 14.72 14.56 16.98 33.82 23.82 31.71 38.00 56.26 48.32
 6925.25 13.05 11.39 11.39 12.04 11.89 14.00 29.59 20.10 27.45 33.38 51.28 43.65
 6926.25 18.30 16.16 16.17 17.02 16.81 19.48 37.77 26.84 35.27 41.66 60.22 52.69
 6927.25 23.17 20.77 20.78 21.76 21.50 24.49 43.74 32.35 41.07 47.40 65.58 58.49
 6928.25 23.46 21.05 21.06 22.06 21.79 24.78 44.09 32.59 41.30 47.51 65.46 58.73
 6929.25 22.99 20.60 20.61 21.62 21.33 24.29 43.62 32.02 40.71 46.79 64.56 58.23
 6930.25 23.26 20.84 20.85 21.89 21.57 24.58 44.23 32.35 41.16 47.21 65.04 59.10
 6931.25 23.68 21.23 21.25 22.31 21.98 25.01 44.96 32.83 41.74 47.73 65.58 60.06
 6932.25 23.81 21.35 21.36 22.45 22.09 25.15 45.29 32.96 41.93 47.85 65.64 60.56
 6933.25 23.73 21.26 21.28 22.38 22.01 25.06 45.33 32.84 41.84 47.67 65.36 60.73
 6934.25 23.69 21.22 21.24 22.36 21.97 25.02 45.41 32.77 41.80 47.53 65.10 60.93
 6935.25 23.79 21.30 21.32 22.47 22.06 25.13 45.76 32.88 41.99 47.66 65.23 61.48
 6936.25 23.98 21.47 21.49 22.66 22.23 25.33 46.21 33.10 42.30 47.91 65.48 62.16
 6937.25 23.94 21.42 21.45 22.64 22.19 25.28 46.30 33.03 42.26 47.78 65.25 62.36
 6938.25 23.75 21.23 21.26 22.46 22.00 25.09 46.25 32.81 42.08 47.51 64.90 62.46
 6939.25 23.22 20.72 20.74 21.96 21.48 24.56 45.85 32.24 41.55 46.91 64.23 62.22
 6940.25 20.48 18.09 18.12 19.29 18.82 21.76 42.95 29.21 38.50 43.80 61.22 59.61
 6941.25 16.38 14.28 14.30 15.34 14.91 17.53 37.81 24.35 33.31 38.44 55.92 54.73
 6942.25 18.53 16.25 16.27 17.42 16.94 19.76 40.98 26.97 36.27 41.42 58.90 58.15
 6943.25 22.65 20.12 20.15 21.44 20.90 23.99 46.03 31.61 41.18 46.26 63.45 63.14
 6944.25 23.48 20.91 20.94 22.27 21.71 24.84 47.09 32.49 42.11 47.11 64.20 64.31
 6945.25 23.94 21.34 21.37 22.72 22.15 25.30 47.82 32.99 42.70 47.63 64.72 65.24
 6946.25 24.01 21.41 21.44 22.81 22.22 25.38 48.00 33.03 42.76 47.60 64.56 65.50
 6947.25 23.72 21.12 21.16 22.53 21.94 25.07 47.64 32.63 42.33 47.05 63.79 65.14
 6948.25 23.68 21.07 21.10 22.50 21.89 25.02 47.80 32.58 42.35 47.00 63.71 65.47
 6949.25 22.07 19.50 19.53 20.92 20.31 23.38 46.45 30.91 40.80 45.43 62.35 64.55
 6950.25 14.99 12.94 12.97 14.07 13.58 16.03 37.06 22.43 31.52 35.88 52.65 55.32
 6951.25 12.89 11.06 11.09 12.08 11.63 13.80 33.57 19.63 28.17 32.25 48.49 51.54
 6952.25 19.04 16.61 16.64 17.98 17.37 20.19 43.35 27.43 37.35 41.76 58.75 62.27
 6953.25 22.85 20.18 20.23 21.71 21.03 24.07 47.78 31.71 41.85 46.18 62.84 66.68
 6954.25 23.26 20.55 20.60 22.11 21.42 24.45 48.09 32.13 42.32 46.57 63.14 67.39
 6955.25 23.70 20.97 21.02 22.55 21.84 24.87 48.37 32.56 42.78 46.94 63.39 68.02
 6956.25 23.31 20.60 20.65 22.18 21.47 24.44 47.63 32.07 42.26 46.32 62.56 67.56
 6957.25 23.20 20.46 20.52 22.06 21.34 24.31 47.55 31.99 42.30 46.35 62.63 68.08
 6958.25 23.32 20.55 20.61 22.17 21.45 24.41 47.69 32.15 42.57 46.60 62.89 68.76
 6959.25 23.26 20.49 20.55 22.11 21.39 24.32 47.41 32.04 42.48 46.46 62.58 68.82
 6960.25 23.42 20.63 20.69 22.26 21.53 24.45 47.41 32.18 42.66 46.59 62.59 69.21
 6961.25 23.41 20.61 20.67 22.25 21.52 24.41 47.22 32.15 42.64 46.54 62.41 69.40
 6962.25 23.60 20.77 20.84 22.43 21.69 24.58 47.43 32.39 43.00 46.87 62.74 70.17
 6963.25 23.77 20.92 20.99 22.59 21.85 24.73 47.53 32.58 43.25 47.11 62.91 70.74
 6964.25 23.79 20.92 21.00 22.61 21.86 24.72 47.37 32.57 43.27 47.08 62.75 70.95
 6965.25 23.85 20.96 21.04 22.66 21.91 24.75 47.31 32.62 43.38 47.15 62.73 71.32
 6966.25 23.97 21.07 21.15 22.78 22.02 24.85 47.34 32.75 43.58 47.32 62.82 71.81
 6967.25 23.67 20.75 20.84 22.47 21.71 24.51 46.92 32.43 43.32 47.03 62.48 71.88
 6968.25 23.24 20.33 20.42 22.05 21.29 24.06 46.38 31.99 42.94 46.62 62.02 71.83
 6969.25 23.73 20.79 20.88 22.52 21.77 24.52 46.72 32.48 43.45 47.10 62.34 72.49
 6970.25 23.32 20.38 20.47 22.11 21.36 24.08 46.13 32.02 43.04 46.65 61.80 72.35
 6971.25 19.66 16.92 17.01 18.53 17.83 20.34 41.88 27.98 38.94 42.54 57.84 69.00
 6972.25 18.98 16.27 16.36 17.86 17.17 19.63 40.93 27.19 38.16 41.72 56.97 68.58
 6973.25 22.91 19.94 20.04 21.70 20.94 23.59 45.36 31.58 42.77 46.28 61.23 72.97
 6974.25 24.17 21.13 21.24 22.93 22.15 24.82 46.48 32.88 44.07 47.53 62.25 74.27
 6975.25 24.19 21.14 21.26 22.95 22.18 24.83 46.38 32.90 44.12 47.57 62.20 74.60
 6976.25 24.17 21.11 21.24 22.94 22.17 24.79 46.24 32.88 44.08 47.56 62.09 74.86
 6977.25 23.97 20.92 21.05 22.76 21.98 24.58 45.89 32.67 43.84 47.34 61.77 74.90
 6978.25 23.76 20.71 20.85 22.56 21.78 24.36 45.59 32.47 43.64 47.19 61.55 75.09
 6979.25 19.88 17.07 17.20 18.78 18.06 20.44 41.15 28.23 39.29 42.89 57.42 71.67
 6980.25 15.34 12.96 13.07 14.41 13.79 15.80 34.71 22.71 33.02 36.53 50.77 65.56
 6981.25 18.46 15.77 15.90 17.43 16.72 18.98 39.07 26.57 37.43 41.08 55.41 70.47
 6982.25 23.40 20.37 20.53 22.27 21.46 23.96 44.79 32.14 43.24 46.93 60.95 75.99
 6983.25 24.16 21.10 21.27 23.03 22.20 24.72 45.44 32.94 44.00 47.71 61.58 76.93
 6984.25 23.89 20.83 21.00 22.77 21.93 24.43 45.04 32.66 43.70 47.45 61.23 76.96
 6985.25 23.63 20.58 20.76 22.52 21.67 24.16 44.62 32.39 43.39 47.17 60.84 76.91
 6986.25 23.63 20.59 20.78 22.54 21.69 24.15 44.42 32.37 43.30 47.09 60.60 76.79
 6987.25 23.66 20.62 20.81 22.59 21.72 24.17 44.35 32.41 43.34 47.16 60.59 76.68
 6988.25 23.39 20.36 20.55 22.33 21.45 23.89 43.95 32.14 43.04 46.90 60.24 76.48
 6989.25 23.44 20.41 20.60 22.39 21.50 23.93 43.83 32.18 43.03 46.91 60.11 84.79
 6990.25 23.72 20.67 20.87 22.68 21.77 24.20 44.06 32.50 43.36 47.29 60.42115.55
 6991.25 23.91 20.85 21.05 22.88 21.96 24.38 44.18 32.73 43.59 47.55 60.61136.82
 6992.25 23.91 20.85 21.06 22.89 21.96 24.38 44.08 32.74 43.59 47.59 60.55139.52
 6993.25 23.72 20.68 20.89 22.72 21.78 24.19 43.68 32.52 43.30 47.31 60.13138.31
 6994.25 23.78 20.74 20.95 22.80 21.84 24.25 43.62 32.59 43.35 47.40 60.11137.72
 6995.25 24.12 21.05 21.27 23.14 22.17 24.58 43.95 32.99 43.78 47.89 60.56138.02
 6996.25 24.10 21.02 21.24 23.12 22.14 24.56 43.85 32.99 43.79 47.94 60.55137.65
 6997.25 23.78 20.72 20.95 22.82 21.83 24.24 43.40 32.67 43.45 47.63 60.15136.67
 6998.25 23.23 20.20 20.43 22.29 21.31 23.68 42.61 32.07 42.78 46.98 59.36135.04
 6999.25 23.22 20.19 20.42 22.29 21.30 23.67 42.45 32.06 42.75 46.98 59.26134.33
 7000.25 23.86 20.79 21.03 22.93 21.92 24.31 43.07 32.79 43.50 47.78 60.00134.82
 7001.25 23.81 20.74 20.99 22.89 21.87 24.26 42.91 32.76 43.46 47.79 59.94134.33
 7002.25 23.69 20.62 20.87 22.78 21.74 24.13 42.64 32.63 43.32 47.68 59.74133.58
 7003.25 23.59 20.52 20.78 22.70 21.65 24.03 42.39 32.54 43.21 47.60 59.56132.82
 7004.25 22.96 19.93 20.18 22.08 21.04 23.39 41.49 31.84 42.44 46.84 58.67131.06
 7005.25 20.73 17.83 18.07 19.90 18.89 21.15 38.89 29.43 39.97 44.44 56.28128.78
 7006.25 20.73 17.83 18.07 19.91 18.89 21.15 38.84 29.48 40.06 44.59 56.40128.81
 7007.25 23.43 20.39 20.64 22.58 21.50 23.86 41.66 32.42 43.01 47.53 59.11130.11
 7008.25 24.21 21.15 21.41 23.37 22.27 24.65 42.30 33.24 43.77 48.31 59.73129.89
 7009.25 24.28 21.23 21.49 23.46 22.35 24.72 42.22 33.33 43.82 48.37 59.70129.18
 7010.25 24.17 21.14 21.40 23.37 22.25 24.62 41.94 33.22 43.67 48.21 59.45128.22
 7011.25 23.82 20.81 21.06 23.04 21.91 24.26 41.43 32.87 43.29 47.84 59.03127.21
 7012.25 21.42 18.52 18.76 20.67 19.58 21.85 38.80 30.36 40.82 45.43 56.77125.50
 7013.25 18.28 15.62 15.84 17.61 16.59 18.69 34.91 26.80 37.05 41.65 53.06122.45
 7014.25 20.66 17.82 18.06 19.95 18.85 21.09 37.66 29.56 39.95 44.57 55.89123.68
 7015.25 23.72 20.75 21.00 23.00 21.84 24.17 40.77 32.85 43.17 47.71 58.77124.44
 7016.25 24.02 21.06 21.31 23.32 22.15 24.47 40.82 33.13 43.34 47.84 58.79123.29
 7017.25 24.27 21.30 21.55 23.58 22.39 24.73 41.01 33.45 43.68 48.20 59.18123.32
 7018.25 24.47 21.49 21.74 23.79 22.59 24.93 41.14 33.71 43.96 48.49 59.50123.24
 7019.25 24.36 21.40 21.64 23.70 22.48 24.82 40.89 33.61 43.84 48.38 59.37122.45
 7020.25 24.16 21.21 21.45 23.51 22.29 24.62 40.56 33.44 43.65 48.19 59.17121.65
 7021.25 24.04 21.09 21.33 23.40 22.17 24.50 40.30 33.34 43.54 48.09 59.07120.96
 7022.25 23.93 21.00 21.24 23.31 22.06 24.39 40.04 33.24 43.41 47.96 58.92120.10
 7023.25 23.80 20.89 21.12 23.20 21.94 24.26 39.71 33.10 43.21 47.74 58.65118.94
 7024.25 23.94 21.03 21.26 23.35 22.07 24.41 39.74 33.28 43.39 47.93 58.84118.57
 7025.25 24.12 21.21 21.44 23.55 22.25 24.60 39.82 33.52 43.60 48.17 59.08118.25
 7026.25 23.96 21.07 21.29 23.40 22.09 24.43 39.45 33.33 43.32 47.91 58.76117.04
 7027.25 23.71 20.85 21.07 23.17 21.86 24.18 38.96 33.05 42.91 47.51 58.29115.53
 7028.25 23.91 21.04 21.26 23.38 22.05 24.38 39.09 33.32 43.16 47.82 58.63115.43
 7029.25 24.01 21.13 21.35 23.50 22.14 24.49 39.13 33.49 43.32 48.05 58.91115.33
 7030.25 23.80 20.93 21.15 23.31 21.93 24.28 38.79 33.31 43.09 47.88 58.75114.58
 7031.25 23.50 20.65 20.87 23.03 21.64 23.99 38.35 33.03 42.76 47.61 58.48113.71
 7032.25 23.70 20.86 21.07 23.27 21.84 24.19 38.41 33.26 42.91 47.80 58.64113.09
 7033.25 24.04 21.19 21.40 23.64 22.16 24.53 38.59 33.62 43.19 48.10 58.90112.51
 7034.25 24.09 21.25 21.45 23.73 22.21 24.58 38.48 33.69 43.18 48.14 58.91111.75
 7035.25 24.07 21.24 21.44 23.75 22.20 24.57 38.31 33.69 43.11 48.11 58.85110.92
 7036.25 24.00 21.18 21.38 23.72 22.13 24.50 38.05 33.61 42.95 47.98 58.69109.92
 7037.25 23.85 21.05 21.24 23.61 21.98 24.35 37.69 33.44 42.67 47.73 58.38108.67
 7038.25 23.90 21.09 21.29 23.69 22.02 24.40 37.59 33.51 42.68 47.78 58.42107.98
 7039.25 23.89 21.10 21.28 23.71 22.01 24.40 37.38 33.49 42.56 47.69 58.28106.94
 7040.25 23.88 21.09 21.27 23.74 21.99 24.39 37.22 33.50 42.51 47.69 58.26106.17
 7041.25 23.83 21.04 21.22 23.73 21.94 24.35 37.07 33.50 42.49 47.73 58.34105.71
 7042.25 22.86 20.10 20.27 22.79 20.97 23.37 35.94 32.52 41.47 46.80 57.47104.37
 7043.25 21.50 18.81 18.97 21.47 19.65 22.01 34.40 31.10 39.99 45.40 56.14102.72
 7044.25 22.79 20.04 20.21 22.79 20.90 23.31 35.71 32.49 41.30 46.72 57.36103.14
 7045.25 23.88 21.10 21.27 23.92 21.96 24.41 36.77 33.63 42.34 47.77 58.32103.67
 7046.25 23.68 20.91 21.07 23.75 21.76 24.21 36.50 33.43 42.08 47.55 58.09103.39
 7047.25 22.89 20.15 20.31 22.99 20.98 23.42 35.62 32.63 41.22 46.76 57.33102.73
 7048.25 22.07 19.37 19.52 22.21 20.18 22.60 34.71 31.79 40.33 45.95 56.56102.17
 7049.25 20.39 17.78 17.92 20.56 18.55 20.90 32.76 29.94 38.38 44.06 54.74100.75
 7050.25 19.35 16.82 16.95 19.55 17.56 19.86 31.47 28.75 37.05 42.76 53.42 99.51
 7051.25 21.06 18.42 18.56 21.30 19.19 21.58 33.37 30.70 38.99 44.74 55.31100.80
 7052.25 22.09 19.41 19.54 22.37 20.18 22.63 34.45 31.84 40.07 45.84 56.33101.46
 7053.25 22.26 19.58 19.71 22.58 20.34 22.81 34.59 32.06 40.22 46.05 56.53101.62
 7054.25 22.71 20.00 20.14 23.06 20.77 23.26 35.04 32.57 40.69 46.56 57.03102.08
 7055.25 22.85 20.15 20.28 23.24 20.90 23.41 35.14 32.74 40.79 46.71 57.16102.13
 7056.25 23.11 20.40 20.53 23.54 21.15 23.67 35.33 33.01 40.98 46.93 57.33102.10
 7057.25 23.35 20.63 20.76 23.81 21.38 23.91 35.50 33.25 41.15 47.13 57.48102.08
 7058.25 23.44 20.72 20.84 23.93 21.45 24.00 35.55 33.37 41.20 47.24 57.58102.15
 7059.25 23.81 21.09 21.21 24.34 21.82 24.38 35.88 33.77 41.53 47.61 57.92102.36
 7060.25 23.94 21.22 21.34 24.51 21.94 24.51 35.94 33.91 41.60 47.71 57.99102.31
 7061.25 23.70 20.99 21.11 24.30 21.71 24.27 35.64 33.68 41.31 47.48 57.76102.08
 7062.25 23.40 20.70 20.81 24.03 21.41 23.97 35.28 33.39 40.97 47.20 57.49101.87
 7063.25 23.40 20.70 20.81 24.07 21.41 23.98 35.22 33.40 40.91 47.19 57.46101.75
 7064.25 23.11 20.42 20.53 23.81 21.12 23.68 34.86 33.11 40.56 46.90 57.16101.46
 7065.25 22.68 20.02 20.12 23.41 20.71 23.26 34.34 32.66 40.05 46.44 56.71101.01
 7066.25 23.06 20.39 20.49 23.83 21.09 23.65 34.69 33.08 40.40 46.83 57.05101.20
 7067.25 23.29 20.61 20.71 24.10 21.31 23.88 34.88 33.35 40.60 47.09 57.30101.39
 7068.25 22.64 19.99 20.08 23.48 20.67 23.23 34.14 32.69 39.89 46.45 56.72100.91
 7069.25 22.75 20.09 20.19 23.63 20.78 23.34 34.20 32.81 39.95 46.56 56.85100.91
 7070.25 23.58 20.89 20.99 24.51 21.58 24.17 34.99 33.68 40.73 47.36 57.62101.35
 7071.25 23.11 20.44 20.53 24.08 21.12 23.70 34.44 33.20 40.19 46.88 57.20100.90
 7072.25 22.60 19.94 20.04 23.61 20.62 23.19 33.83 32.67 39.59 46.35 56.72100.41
 7073.25 23.34 20.66 20.76 24.41 21.35 23.93 34.54 33.46 40.30 47.08 57.43100.82
 7074.25 23.72 21.03 21.13 24.84 21.72 24.32 34.87 33.86 40.62 47.44 57.79100.95
 7075.25 22.91 20.25 20.35 24.08 20.93 23.51 33.97 33.03 39.76 46.64 57.07100.31
 7076.25 22.68 20.02 20.12 23.89 20.70 23.27 33.66 32.80 39.49 46.41 56.88100.08
 7077.25 23.52 20.84 20.94 24.78 21.52 24.11 34.46 33.67 40.30 47.20 57.63100.44
 7078.25 23.81 21.13 21.23 25.12 21.82 24.39 34.68 33.97 40.54 47.43 57.84100.37
 7079.25 23.15 20.48 20.58 24.50 21.17 23.71 33.94 33.30 39.86 46.80 57.29 99.89
 7080.25 22.76 20.11 20.21 24.16 20.79 23.31 33.49 32.93 39.46 46.44 57.01 99.67
 7081.25 23.33 20.65 20.75 24.78 21.34 23.86 34.02 33.53 40.02 47.01 57.57100.01
 7082.25 23.84 21.14 21.25 25.34 21.83 24.36 34.48 34.07 40.51 47.50 58.06100.26
 7083.25 23.24 20.56 20.66 24.79 21.25 23.74 33.81 33.47 39.90 46.93 57.57 99.83
 7084.25 21.81 19.19 19.29 23.39 19.86 22.30 32.23 31.97 38.37 45.48 56.23 98.77
 7085.25 22.56 19.91 20.01 24.19 20.59 23.03 32.97 32.78 39.15 46.25 56.98 99.20
 7086.25 23.96 21.26 21.36 25.66 21.95 24.42 34.35 34.24 40.54 47.61 58.28100.02
 7087.25 24.04 21.34 21.45 25.79 22.03 24.49 34.37 34.34 40.59 47.67 58.35 99.93
 7088.25 23.60 20.91 21.02 25.39 21.60 24.04 33.88 33.89 40.12 47.23 57.95 99.47
 7089.25 22.77 20.11 20.22 24.60 20.79 23.19 33.00 33.05 39.26 46.43 57.26 98.95
 7090.25 21.51 18.90 19.01 23.35 19.56 21.90 31.62 31.71 37.89 45.11 56.06 97.98
 7091.25 21.92 19.28 19.40 23.82 19.96 22.30 32.04 32.17 38.31 45.55 56.50 98.21
 7092.25 23.10 20.42 20.54 25.07 21.10 23.47 33.27 33.44 39.55 46.78 57.69 98.99
 7093.25 23.40 20.71 20.83 25.42 21.39 23.76 33.55 33.76 39.82 47.05 57.96 99.06
 7094.25 23.47 20.78 20.90 25.54 21.46 23.82 33.60 33.84 39.86 47.11 58.04 98.99
 7095.25 23.74 21.04 21.17 25.87 21.73 24.08 33.85 34.14 40.11 47.37 58.31 99.06
 7096.25 23.96 21.25 21.38 26.13 21.94 24.28 34.04 34.36 40.30 47.56 58.51 99.09
 7097.25 24.04 21.32 21.46 26.26 22.02 24.34 34.09 34.45 40.35 47.63 58.59 99.03
 7098.25 24.02 21.31 21.44 26.29 22.00 24.31 34.04 34.44 40.30 47.60 58.59 98.90
 7099.25 23.88 21.17 21.30 26.19 21.86 24.15 33.87 34.30 40.12 47.45 58.47 98.68
 7100.25 24.00 21.28 21.42 26.35 21.97 24.25 33.96 34.43 40.21 47.55 58.59 98.65
 7101.25 24.16 21.44 21.58 26.57 22.14 24.40 34.10 34.61 40.35 47.70 58.76 98.67
 7102.25 23.97 21.25 21.40 26.42 21.95 24.19 33.88 34.44 40.14 47.52 58.63 98.45
 7103.25 23.89 21.17 21.32 26.38 21.88 24.10 33.77 34.37 40.04 47.44 58.59 98.31
 7104.25 23.96 21.22 21.38 26.49 21.94 24.14 33.81 34.45 40.07 47.50 58.67 98.25
 7105.25 23.87 21.13 21.29 26.45 21.86 24.04 33.68 34.37 39.95 47.39 58.59 98.04
 7106.25 23.85 21.11 21.28 26.47 21.84 24.01 33.63 34.36 39.89 47.35 58.57 97.85
 7107.25 24.09 21.34 21.52 26.76 22.08 24.23 33.85 34.63 40.12 47.59 58.83 97.96
 7108.25 24.20 21.44 21.62 26.92 22.19 24.32 33.94 34.76 40.20 47.69 58.95 97.93
 7109.25 23.96 21.21 21.39 26.72 21.96 24.07 33.66 34.52 39.93 47.45 58.75 97.63
 7110.25 23.84 21.09 21.27 26.64 21.85 23.94 33.51 34.42 39.79 47.34 58.68 97.47
 7111.25 23.96 21.19 21.38 26.80 21.96 24.03 33.60 34.55 39.87 47.43 58.80 97.41
 7112.25 24.01 21.24 21.44 26.90 22.02 24.07 33.63 34.63 39.91 47.49 58.87 97.35
 7113.25 24.05 21.28 21.48 26.98 22.06 24.10 33.64 34.68 39.92 47.52 58.94 97.28
 7114.25 24.03 21.25 21.46 27.00 22.04 24.05 33.59 34.67 39.86 47.49 58.92 97.12
 7115.25 24.12 21.33 21.54 27.13 22.13 24.13 33.64 34.77 39.92 47.58 59.01 97.03
 7116.25 24.23 21.44 21.66 27.29 22.25 24.22 33.73 34.90 40.00 47.69 59.12 96.98
 7117.25 24.13 21.34 21.56 27.23 22.15 24.11 33.60 34.81 39.87 47.60 59.05 96.79
 7118.25 23.99 21.19 21.42 27.12 22.01 23.95 33.41 34.66 39.68 47.45 58.90 96.48
 7119.25 24.03 21.23 21.46 27.21 22.06 23.97 33.42 34.72 39.70 47.50 58.97 96.41
 7120.25 24.20 21.39 21.63 27.43 22.23 24.13 33.57 34.92 39.85 47.69 59.15 96.44
 7121.25 24.24 21.43 21.67 27.51 22.27 24.16 33.59 34.97 39.86 47.73 59.21 96.35
 7122.25 24.24 21.42 21.67 27.55 22.27 24.14 33.54 34.98 39.82 47.72 59.20 96.17
 7123.25 24.20 21.38 21.64 27.55 22.24 24.09 33.48 34.96 39.75 47.70 59.20 96.02
 7124.25 24.09 21.27 21.53 27.48 22.13 23.96 33.34 34.86 39.62 47.60 59.14 95.84
 7125.25 24.07 21.24 21.52 27.50 22.11 23.93 33.28 34.85 39.57 47.59 59.15 95.68
 7126.25 24.11 21.27 21.55 27.58 22.15 23.94 33.28 34.89 39.58 47.62 59.21 95.57
 7127.25 24.06 21.21 21.50 27.56 22.10 23.88 33.19 34.85 39.50 47.56 59.17 95.35
 7128.25 23.45 20.62 20.91 26.98 21.51 23.25 32.53 34.22 38.86 46.96 58.63 94.73
 7129.25 22.54 19.74 20.04 26.08 20.62 22.33 31.54 33.28 37.90 46.05 57.82 93.97
 7130.25 23.05 20.21 20.52 26.64 21.11 22.81 32.04 33.82 38.41 46.57 58.33 94.21
 7131.25 23.73 20.86 21.18 27.38 21.77 23.48 32.71 34.54 39.09 47.24 58.97 94.54
 7132.25 24.10 21.22 21.55 27.80 22.14 23.83 33.06 34.93 39.45 47.61 59.34 94.67
 7133.25 23.94 21.06 21.39 27.67 21.98 23.65 32.88 34.78 39.27 47.45 59.23 94.42
 7134.25 22.97 20.11 20.45 26.71 21.03 22.66 31.85 33.77 38.25 46.49 58.36 93.60
 7135.25 22.72 19.86 20.21 26.49 20.78 22.40 31.58 33.53 37.98 46.26 58.18 93.32
 7136.25 23.63 20.74 21.09 27.47 21.68 23.29 32.51 34.49 38.90 47.16 59.03 93.79
 7137.25 23.95 21.04 21.40 27.82 21.99 23.58 32.80 34.80 39.17 47.42 59.27 93.73
 7138.25 24.05 21.14 21.51 27.97 22.09 23.67 32.90 34.92 39.26 47.53 59.41 93.69
 7139.25 24.22 21.30 21.67 28.18 22.25 23.82 33.06 35.10 39.42 47.71 59.60 93.72
 7140.25 24.26 21.33 21.71 28.25 22.28 23.84 33.08 35.14 39.43 47.73 59.64 93.55
 7141.25 24.29 21.35 21.73 28.31 22.31 23.85 33.09 35.18 39.44 47.76 59.69 93.43
 7142.25 23.89 20.97 21.35 27.95 21.91 23.44 32.67 34.78 39.02 47.38 59.36 93.00
 7143.25 23.05 20.15 20.54 27.12 21.09 22.59 31.79 33.93 38.15 46.56 58.63 92.27
 7144.25 22.48 19.60 19.99 26.53 20.52 22.00 31.18 33.34 37.54 46.00 58.16 91.78
 7145.25 22.26 19.39 19.78 26.27 20.31 21.76 30.93 33.11 37.28 45.76 57.96 91.44
 7146.25 22.27 19.39 19.78 26.23 20.31 21.75 30.91 33.12 37.26 45.75 57.96 91.25
 7147.25 22.34 19.46 19.85 26.26 20.37 21.80 30.96 33.19 37.29 45.79 58.00 91.05
 7148.25 22.52 19.63 20.03 26.42 20.54 21.97 31.15 33.40 37.48 46.00 58.23 91.09
 7149.25 22.87 19.96 20.37 26.74 20.88 22.30 31.51 33.80 37.84 46.38 58.62 91.27
 7150.25 23.13 20.20 20.62 26.96 21.12 22.53 31.75 34.07 38.06 46.59 58.80 91.15
 7151.25 23.28 20.35 20.77 27.08 21.26 22.67 31.89 34.25 38.19 46.73 58.96 91.10
 7152.25 23.74 20.78 21.21 27.52 21.70 23.11 32.36 34.78 38.67 47.23 59.48 91.43
 7153.25 23.85 20.89 21.32 27.59 21.81 23.20 32.47 34.92 38.77 47.35 59.61 91.39
 7154.25 23.99 21.01 21.45 27.69 21.93 23.31 32.59 35.08 38.88 47.48 59.76 91.34
 7155.25 24.22 21.23 21.68 27.88 22.15 23.52 32.80 35.33 39.08 47.68 59.96 91.30
 7156.25 24.28 21.29 21.74 27.90 22.21 23.57 32.84 35.41 39.11 47.71 59.99 91.10
 7157.25 24.14 21.15 21.61 27.72 22.07 23.41 32.69 35.30 38.96 47.59 59.91 90.89
 7158.25 23.81 20.82 21.28 27.34 21.73 23.06 32.32 34.98 38.59 47.25 59.61 90.44
 7159.25 23.85 20.86 21.33 27.34 21.77 23.08 32.34 35.03 38.59 47.26 59.63 90.22
 7160.25 23.51 20.53 21.00 26.96 21.43 22.73 32.00 34.74 38.26 46.99 59.44 89.96
 7161.25 23.29 20.31 20.79 26.70 21.21 22.50 31.75 34.53 38.01 46.77 59.25 89.59
 7162.25 23.60 20.62 21.10 26.97 21.51 22.80 32.04 34.86 38.29 47.03 59.49 89.48
 7163.25 23.25 20.27 20.77 26.57 21.16 22.44 31.66 34.51 37.89 46.66 59.16 88.97
 7164.25 22.78 19.82 20.32 26.04 20.70 21.97 31.13 34.02 37.35 46.14 58.67 88.27
 7165.25 23.43 20.44 20.95 26.67 21.33 22.61 31.80 34.73 38.01 46.79 59.30 88.58
 7166.25 23.71 20.72 21.23 26.90 21.60 22.87 32.03 34.99 38.21 46.96 59.40 88.28
 7167.25 22.41 19.49 20.00 25.50 20.34 21.59 30.58 33.55 36.69 45.40 57.80 86.29
 7168.25 22.22 19.31 19.81 25.26 20.15 21.39 30.37 33.38 36.48 45.23 57.67 86.00
 7169.25 23.45 20.48 21.00 26.51 21.34 22.60 31.69 34.76 37.83 46.63 59.10 87.23
 7170.25 23.38 20.43 20.95 26.38 21.27 22.53 31.55 34.63 37.64 46.39 58.77 86.46
 7171.25 22.65 19.72 20.24 25.60 20.55 21.79 30.81 33.95 36.93 45.78 58.30 86.04
 7172.25 22.25 19.35 19.86 25.13 20.16 21.39 30.32 33.48 36.39 45.22 57.69 85.07
 7173.25 22.55 19.67 20.18 25.36 20.47 21.69 30.50 33.65 36.47 45.15 57.38 83.98
 7174.25 23.40 20.46 20.99 26.23 21.27 22.52 31.47 34.71 37.51 46.33 58.71 85.40
 7175.25 23.25 20.29 20.83 26.07 21.10 22.36 31.41 34.73 37.53 46.51 59.12 86.02
 7176.25 22.31 19.41 19.94 25.04 20.20 21.43 30.31 33.63 36.36 45.26 57.77 84.21
 7177.25 21.76 18.93 19.45 24.40 19.69 20.89 29.59 32.88 35.52 44.28 56.56 82.31
 7178.25 22.28 19.39 19.92 24.93 20.16 21.39 30.25 33.64 36.28 45.22 57.69 83.70
 7179.25 23.45 20.48 21.03 26.13 21.27 22.53 31.60 35.08 37.74 46.84 59.45 85.69
 7180.25 23.35 20.39 20.94 25.99 21.16 22.42 31.49 35.01 37.62 46.75 59.32 85.44
 7181.25 22.55 19.66 20.20 25.08 20.41 21.63 30.49 33.96 36.48 45.44 57.71 83.14
 7182.25 22.63 19.72 20.27 25.11 20.47 21.70 30.61 34.14 36.63 45.68 57.98 83.44
 7183.25 22.69 19.77 20.32 25.14 20.51 21.75 30.74 34.33 36.81 45.97 58.35 83.92
 7184.25 22.08 19.25 19.78 24.39 19.96 21.16 29.86 33.36 35.71 44.59 56.49 81.05
 7185.25 22.21 19.38 19.92 24.47 20.09 21.28 29.99 33.52 35.83 44.72 56.56 80.94
 7186.25 22.04 19.23 19.77 24.21 19.93 21.11 29.71 33.21 35.46 44.24 55.86 79.74
 7187.25 22.28 19.47 20.01 24.39 20.16 21.34 29.93 33.45 35.64 44.40 55.90 79.49
 7188.25 23.84 20.89 21.46 25.98 21.61 22.84 31.82 35.52 37.76 46.90 58.82 83.20
 7189.25 24.63 21.61 22.19 26.75 22.34 23.60 32.77 36.58 38.83 48.16 60.25 84.96
 7190.25 23.97 20.98 21.56 26.01 21.69 22.94 32.04 35.86 38.05 47.37 59.37 83.82
 7191.25 22.59 19.72 20.28 24.50 20.40 21.59 30.36 34.07 36.16 45.20 56.77 80.29
 7192.25 22.92 20.04 20.60 24.77 20.71 21.91 30.70 34.45 36.49 45.56 57.07 80.41
 7193.25 23.27 20.36 20.93 25.07 21.04 22.24 31.08 34.87 36.88 46.00 57.49 80.76
 7194.25 23.44 20.52 21.10 25.19 21.19 22.40 31.29 35.14 37.13 46.32 57.84 81.10
 7195.25 23.97 20.99 21.58 25.68 21.67 22.89 31.94 35.88 37.85 47.21 58.85 82.30
 7196.25 24.01 21.01 21.62 25.67 21.69 22.92 32.02 36.03 37.97 47.41 59.09 82.56
 7197.25 23.76 20.79 21.39 25.35 21.45 22.67 31.69 35.72 37.58 46.97 58.50 81.61
 7198.25 23.72 20.76 21.37 25.24 21.41 22.63 31.62 35.69 37.47 46.84 58.27 81.11
 7199.25 23.93 20.95 21.57 25.40 21.60 22.82 31.88 36.05 37.76 47.22 58.67 81.52
 7200.25 22.77 19.88 20.48 24.13 20.50 21.68 30.47 34.59 36.19 45.43 56.56 78.69
 7201.25 22.38 19.52 20.12 23.66 20.13 21.29 30.00 34.15 35.65 44.84 55.82 77.60
 7202.25 23.58 20.59 21.23 24.86 21.23 22.44 31.50 35.87 37.36 46.91 58.25 80.67
 7203.25 23.77 20.76 21.41 24.98 21.40 22.61 31.69 36.13 37.55 47.13 58.42 80.70
 7204.25 23.16 20.22 20.86 24.29 20.84 22.03 30.91 35.33 36.65 46.07 57.09 78.78
 7205.25 23.53 20.54 21.20 24.61 21.17 22.38 31.37 35.90 37.16 46.70 57.79 79.56
 7206.25 23.49 20.52 21.18 24.49 21.13 22.34 31.24 35.79 36.96 46.42 57.34 78.70
 7207.25 24.16 21.12 21.81 25.12 21.75 22.99 32.06 36.76 37.87 47.53 58.59 80.17
 7208.25 24.75 21.66 22.36 25.66 22.29 23.55 32.76 37.60 38.66 48.47 59.64 81.37
 7209.25 24.29 21.22 21.92 25.13 21.84 23.10 32.23 37.10 38.08 47.87 58.93 80.38
 7210.25 24.14 21.07 21.78 24.91 21.69 22.95 32.10 37.05 37.96 47.80 58.86 80.22
 7211.25 24.50 21.40 22.13 25.21 22.02 23.30 32.49 37.53 38.37 48.27 59.32 80.59
 7212.25 24.66 21.53 22.27 25.31 22.16 23.44 32.67 37.80 38.56 48.52 59.56 80.74
 7213.25 24.75 21.62 22.37 25.34 22.24 23.53 32.78 37.98 38.67 48.69 59.70 80.76
 7214.25 24.73 21.59 22.35 25.25 22.20 23.51 32.74 38.01 38.62 48.66 59.61 80.50
 7215.25 24.63 21.50 22.26 25.08 22.11 23.41 32.61 37.93 38.47 48.50 59.37 80.03
 7216.25 24.42 21.30 22.06 24.80 21.90 23.20 32.33 37.67 38.13 48.11 58.86 79.24
 7217.25 24.56 21.42 22.20 24.86 22.02 23.33 32.47 37.89 38.27 48.29 59.00 79.33
 7218.25 24.72 21.55 22.34 24.95 22.15 23.47 32.64 38.15 38.46 48.54 59.23 79.61
 7219.25 24.86 21.66 22.46 25.02 22.26 23.59 32.79 38.38 38.61 48.77 59.42 79.82
 7220.25 24.98 21.76 22.57 25.09 22.36 23.70 32.91 38.58 38.74 48.97 59.56 79.96
 7221.25 24.95 21.72 22.54 25.01 22.32 23.66 32.88 38.61 38.70 49.00 59.51 79.89
 7222.25 24.55 21.33 22.15 24.56 21.93 23.26 32.43 38.21 38.23 48.57 58.98 79.28
 7223.25 23.48 20.32 21.13 23.44 20.90 22.20 31.22 36.99 36.93 47.23 57.46 77.55
 7224.25 23.41 20.22 21.04 23.32 20.81 22.12 31.16 37.03 36.89 47.31 57.51 77.68
 7225.25 24.23 20.98 21.82 24.09 21.57 22.90 32.09 38.08 37.87 48.44 58.65 78.95
 7226.25 24.37 21.11 21.96 24.18 21.71 23.04 32.21 38.25 37.98 48.58 58.67 78.88
 7227.25 23.84 20.61 21.46 23.60 21.20 22.52 31.58 37.62 37.28 47.83 57.74 77.72
 7228.25 24.39 21.12 21.98 24.10 21.72 23.05 32.16 38.28 37.88 48.50 58.33 78.31
 7229.25 24.92 21.59 22.47 24.57 22.20 23.55 32.75 38.98 38.52 49.27 59.09 79.18
 7230.25 24.23 20.92 21.79 23.83 21.52 22.86 32.04 38.35 37.82 48.66 58.44 78.58
 7231.25 23.54 20.25 21.12 23.09 20.85 22.17 31.27 37.59 37.00 47.85 57.51 77.55
 7232.25 23.51 20.27 21.12 23.02 20.86 22.15 31.06 37.29 36.65 47.25 56.57 76.03
 7233.25 23.69 20.45 21.30 23.15 21.04 22.34 31.17 37.40 36.71 47.24 56.38 75.56
 7234.25 23.02 19.80 20.65 22.44 20.40 21.67 30.43 36.69 35.94 46.49 55.54 74.63
 7235.25 22.16 18.96 19.81 21.54 19.55 20.81 29.54 35.88 35.07 45.75 54.81 74.02
 7236.25 23.19 19.88 20.76 22.50 20.49 21.79 30.74 37.27 36.38 47.30 56.46 75.94
 7237.25 24.72 21.30 22.21 23.96 21.94 23.28 32.43 39.11 38.14 49.24 58.41 78.02
 7238.25 24.84 21.39 22.31 24.03 22.04 23.38 32.57 39.34 38.31 49.49 58.64 78.26
 7239.25 22.26 18.95 19.83 21.43 19.57 20.86 29.76 36.51 35.42 46.62 55.72 75.37
 7240.25 14.59 12.08 12.74 13.92 12.54 13.51 20.60 26.43 25.43 35.57 44.11 63.30
 7241.25 11.64  9.54 10.09 11.04  9.92 10.73 16.76 21.95 21.00 30.26 38.22 56.82
 7242.25 10.79  8.81  9.33 10.20  9.18  9.93 15.63 20.62 19.67 28.65 36.39 54.84
 7243.25 11.83  9.69 10.25 11.16 10.08 10.90 17.01 22.34 21.28 30.70 38.59 57.16
 7244.25 16.22 13.44 14.18 15.32 13.96 15.01 22.63 29.05 27.72 38.50 47.03 66.33
 7245.25 19.36 16.20 17.05 18.31 16.80 17.99 26.43 33.45 31.92 43.28 51.98 71.41
 7246.25 12.29 10.04 10.64 11.50 10.46 11.30 17.58 23.30 21.95 31.69 39.53 58.19
 7247.25 10.34  8.40  8.91  9.63  8.76  9.49 14.95 20.15 18.84 27.74 35.00 52.80
 7248.25 14.86 12.20 12.91 13.85 12.70 13.69 20.93 27.59 25.85 36.66 44.94 64.29
 7249.25 19.68 16.43 17.30 18.42 17.04 18.26 26.77 34.32 32.29 43.94 52.43 71.76
 7250.25 23.28 19.74 20.70 21.87 20.42 21.75 30.73 38.56 36.38 48.10 56.42 75.29
 7251.25 23.63 20.06 21.04 22.17 20.75 22.09 31.06 38.98 36.69 48.39 56.58 75.26
 7252.25 22.62 19.16 20.11 21.16 19.83 21.13 29.81 37.60 35.26 46.67 54.57 72.67
 7253.25 22.24 18.81 19.75 20.74 19.47 20.76 29.34 37.18 34.74 46.10 53.86 71.75
 7254.25 19.36 16.09 16.98 17.88 16.72 17.94 26.27 34.29 31.69 43.39 51.41 70.14
 7255.25 16.94 13.91 14.73 15.53 14.49 15.62 23.49 31.41 28.74 40.43 48.49 67.68
 7256.25 20.61 17.17 18.11 18.98 17.84 19.12 27.77 36.25 33.34 45.42 53.46 72.36
 7257.25 21.01 17.54 18.49 19.34 18.22 19.51 28.16 36.70 33.70 45.69 53.55 72.09
 7258.25 21.50 17.97 18.94 19.77 18.66 19.97 28.69 37.38 34.24 46.30 54.09 72.53
 7259.25 24.21 20.48 21.52 22.36 21.22 22.60 31.62 40.54 37.26 49.41 57.10 75.38
 7260.25 24.73 20.97 22.02 22.84 21.72 23.11 32.12 41.12 37.74 49.87 57.44 75.55
 7261.25 24.25 20.50 21.54 22.33 21.24 22.63 31.58 40.68 37.18 49.35 56.85 74.88
 7262.25 24.18 20.41 21.46 22.23 21.16 22.55 31.51 40.73 37.11 49.33 56.78 74.77
 7263.25 24.60 20.80 21.86 22.61 21.55 22.96 31.92 41.24 37.51 49.74 57.09 74.95
 7264.25 23.80 20.07 21.10 21.82 20.80 22.19 30.98 40.28 36.49 48.60 55.79 73.36
 7265.25 22.86 19.20 20.21 20.89 19.92 21.28 29.89 39.16 35.30 47.29 54.32 71.59
 7266.25 24.04 20.26 21.30 21.97 21.00 22.41 31.24 40.81 36.76 49.01 56.10 73.61
 7267.25 25.15 21.25 22.31 22.99 22.01 23.46 32.50 42.38 38.14 50.68 57.82 75.60
 7268.25 24.52 20.64 21.69 22.34 21.39 22.84 31.86 41.88 37.50 50.14 57.26 75.06
 7269.25 23.32 19.49 20.52 21.14 20.23 21.66 30.55 40.63 36.15 48.81 55.86 73.60
 7270.25 22.60 18.81 19.82 20.41 19.54 20.95 29.76 39.92 35.33 48.03 55.01 72.72
 7271.25 23.15 19.30 20.32 20.90 20.04 21.48 30.37 40.71 35.97 48.78 55.72 73.41
 7272.25 23.38 19.56 20.57 21.12 20.29 21.72 30.51 40.77 36.01 48.63 55.34 72.60
 7273.25 23.14 19.34 20.34 20.86 20.06 21.48 30.17 40.42 35.60 48.13 54.68 71.67
 7274.25 24.38 20.47 21.49 22.01 21.21 22.68 31.57 42.10 37.09 49.87 56.42 73.58
 7275.25 24.07 20.20 21.21 21.70 20.93 22.39 31.18 41.71 36.64 49.35 55.75 72.68
 7276.25 19.18 15.72 16.61 17.03 16.37 17.67 25.76 36.03 30.97 43.54 49.87 66.92
 7277.25 11.67  9.32  9.91 10.18  9.75 10.63 16.45 24.66 20.48 31.01 36.55 52.46
 7278.25  8.04  6.36  6.78  6.96  6.66  7.30 11.55 17.92 14.60 22.98 27.51 41.29
 7279.25 11.31  9.02  9.59  9.83  9.44 10.31 16.02 24.32 19.99 30.59 36.01 52.02
 7280.25 21.67 17.96 18.91 19.29 18.66 20.09 28.71 39.89 34.17 47.46 53.62 70.82
 7281.25 24.45 20.54 21.56 21.94 21.29 22.81 31.74 43.11 37.27 50.58 56.57 73.44
 7282.25 23.69 19.83 20.83 21.18 20.57 22.08 30.96 42.44 36.47 49.88 55.81 72.67
 7283.25 22.39 18.61 19.58 19.91 19.33 20.82 29.61 41.24 35.13 48.70 54.61 71.63
 7284.25 23.16 19.32 20.31 20.63 20.06 21.58 30.47 42.27 36.02 49.69 55.52 72.47
 7285.25 19.33 15.87 16.76 17.02 16.53 17.90 26.15 37.69 31.47 45.02 50.79 67.94
 7286.25 12.72 10.19 10.82 11.00 10.66 11.66 17.99 27.73 22.32 34.21 39.45 55.86
 7287.25 14.47 11.68 12.38 12.56 12.20 13.32 20.22 30.65 24.85 37.33 42.62 59.06
 7288.25 20.84 17.25 18.17 18.39 17.94 19.39 27.86 39.77 33.22 46.87 52.31 68.82
 7289.25 24.00 20.18 21.16 21.37 20.92 22.47 31.30 43.43 36.74 50.45 55.81 72.01
 7290.25 24.03 20.29 21.25 21.44 21.01 22.54 31.20 43.14 36.51 49.93 55.10 70.77
 7291.25 23.46 19.72 20.68 20.85 20.44 21.98 30.67 42.88 36.04 49.68 54.88 70.66
 7292.25 23.31 19.55 20.51 20.66 20.27 21.82 30.60 43.16 36.02 49.93 55.17 71.08
 7293.25 23.36 19.59 20.55 20.68 20.31 21.87 30.70 43.54 36.15 50.19 55.43 71.33
 7294.25 23.57 19.80 20.77 20.88 20.53 22.09 30.94 44.01 36.39 50.49 55.68 71.48
 7295.25 24.53 20.72 21.70 21.80 21.46 23.05 31.93 45.15 37.36 51.43 56.54 72.10
 7296.25 24.30 20.49 21.46 21.56 21.23 22.82 31.76 45.33 37.24 51.53 56.65 72.29
 7297.25 19.87 16.40 17.27 17.35 17.06 18.52 26.95 40.63 32.31 46.76 51.96 67.95
 7298.25 18.14 14.86 15.68 15.75 15.48 16.86 24.95 38.57 30.16 44.51 49.66 65.61
 7299.25 22.42 18.76 19.67 19.74 19.46 21.01 29.78 43.96 35.20 49.71 54.75 70.20
 7300.25 24.72 20.95 21.89 21.95 21.67 23.28 32.19 46.51 37.61 52.02 56.94 72.01
 7301.25 25.03 21.25 22.19 22.25 21.97 23.59 32.56 47.14 38.00 52.52 57.41 72.43
 7302.25 24.66 20.93 21.84 21.90 21.64 23.24 32.11 46.75 37.49 51.94 56.74 71.51
 7303.25 24.10 20.44 21.33 21.38 21.14 22.72 31.44 46.06 36.73 51.02 55.71 70.16
 7304.25 21.62 18.12 18.96 19.00 18.79 20.30 28.84 43.72 34.11 48.59 53.32 67.92
 7305.25 15.54 12.68 13.35 13.37 13.22 14.45 21.79 36.01 26.60 40.69 45.41 60.35
 7306.25 15.86 12.96 13.63 13.65 13.50 14.75 22.22 36.83 27.09 41.42 46.16 61.13
 7307.25 22.33 18.75 19.58 19.60 19.43 20.99 29.81 45.81 35.24 50.37 55.14 69.87
 7308.25 23.87 20.21 21.05 21.07 20.90 22.50 31.41 47.46 36.82 51.81 56.45 70.80
 7309.25 23.29 19.70 20.52 20.53 20.38 21.95 30.72 46.77 36.05 50.92 55.46 69.53
 7310.25 24.24 20.61 21.43 21.43 21.30 22.89 31.74 48.01 37.08 52.00 56.50 70.43
 7311.25 24.76 21.10 21.92 21.91 21.80 23.41 32.34 48.93 37.72 52.81 57.29 71.22
 7312.25 23.05 19.48 20.26 20.25 20.15 21.73 30.58 47.45 35.95 51.22 55.72 69.69
 7313.25 22.08 18.56 19.33 19.31 19.23 20.78 29.56 46.69 34.93 50.33 54.82 68.80
 7314.25 24.06 20.44 21.22 21.20 21.12 22.73 31.71 49.07 37.11 52.56 56.98 70.76
 7315.25 24.91 21.28 22.05 22.02 21.97 23.58 32.57 49.98 37.93 53.29 57.63 71.16
 7316.25 23.41 19.85 20.60 20.57 20.53 22.11 31.01 48.66 36.34 51.85 56.18 69.71
 7317.25 13.89 11.37 11.88 11.86 11.84 12.95 19.72 35.23 24.11 38.07 42.15 55.34
 7318.25  8.70  7.03  7.36  7.34  7.33  8.08 12.75 24.61 15.92 26.79 30.11 41.32
 7319.25 12.93 10.56 11.03 10.99 11.00 12.05 18.51 33.90 22.71 36.42 40.36 53.20
 7320.25 22.98 19.47 20.17 20.11 20.13 21.71 30.67 49.25 35.99 51.90 56.13 69.40
 7321.25 24.97 21.36 22.08 22.01 22.04 23.67 32.79 51.50 38.11 53.98 58.12 71.14
 7322.25 25.22 21.60 22.31 22.24 22.28 23.92 33.07 51.99 38.39 54.33 58.44 71.36
 7323.25 25.42 21.82 22.51 22.43 22.49 24.13 33.27 52.31 38.56 54.49 58.55 71.31
 7324.25 25.29 21.71 22.39 22.30 22.38 24.01 33.14 52.32 38.40 54.32 58.37 71.00
 7325.25 25.33 21.75 22.42 22.33 22.42 24.05 33.22 52.66 38.50 54.46 58.56 71.12
 7326.25 25.24 21.68 22.34 22.24 22.35 23.97 33.14 52.73 38.39 54.32 58.44 70.88
 7327.25 25.04 21.50 22.14 22.04 22.17 23.78 32.90 52.58 38.13 53.95 58.09 70.35
 7328.25 25.11 21.57 22.21 22.09 22.24 23.86 33.03 52.96 38.26 54.13 58.32 70.53
 7329.25 23.99 20.50 21.11 20.99 21.15 22.75 31.91 52.19 37.17 53.16 57.44 69.67
 7330.25 16.81 13.96 14.45 14.35 14.48 15.79 23.67 43.13 28.46 43.88 48.20 60.52
 7331.25 12.63 10.36 10.74 10.66 10.78 11.82 18.35 35.95 22.48 36.45 40.55 52.33
 7332.25 17.54 14.63 15.11 15.00 15.16 16.51 24.60 44.67 29.47 45.00 49.41 61.57
 7333.25 23.08 19.68 20.24 20.11 20.31 21.88 30.95 51.78 36.12 51.90 56.30 68.11
 7334.25 23.94 20.51 21.06 20.92 21.14 22.73 31.88 52.90 37.06 52.80 57.23 68.95
 7335.25 24.50 21.05 21.60 21.45 21.69 23.29 32.48 53.66 37.66 53.36 57.82 69.46
 7336.25 24.97 21.50 22.05 21.89 22.15 23.76 33.01 54.40 38.19 53.89 58.39 69.98
 7337.25 25.08 21.61 22.15 21.98 22.25 23.87 33.15 54.77 38.34 54.05 58.60 70.16
 7338.25 24.96 21.51 22.03 21.86 22.15 23.75 33.05 54.84 38.24 53.95 58.54 70.05
 7339.25 24.85 21.40 21.92 21.74 22.04 23.64 32.95 54.75 38.13 53.81 58.43 69.89
 7340.25 24.69 21.26 21.76 21.58 21.89 23.49 32.79 54.50 37.96 53.62 58.29 69.68
 7341.25 20.10 17.00 17.44 17.27 17.57 19.01 27.73 49.16 32.74 48.36 53.14 64.73
 7342.25 10.30  8.46  8.71  8.61  8.80  9.64 15.24 31.51 18.75 30.93 35.01 45.30
 7343.25  8.74  7.16  7.37  7.28  7.45  8.17 13.05 27.53 16.14 27.08 30.83 40.37
 7344.25 16.02 13.39 13.74 13.58 13.89 15.09 22.81 42.55 27.36 42.08 46.76 58.06
 7345.25 24.08 20.71 21.16 20.96 21.38 22.90 32.21 53.27 37.34 52.89 57.64 68.84
 7346.25 24.02 20.66 21.09 20.89 21.33 22.84 32.20 53.21 37.34 52.93 57.70 68.94
 7347.25 23.76 20.43 20.85 20.64 21.11 22.60 31.94 52.82 37.07 52.64 57.41 68.63
 7348.25 24.13 20.79 21.21 20.99 21.48 22.96 32.31 52.96 37.42 52.88 57.62 68.76
 7349.25 23.69 20.39 20.79 20.57 21.08 22.54 31.84 52.31 36.92 52.33 57.06 68.15
 7350.25 24.16 20.84 21.23 21.00 21.54 23.00 32.36 52.72 37.44 52.84 57.57 68.63
 7351.25 24.55 21.21 21.60 21.37 21.93 23.39 32.82 53.13 37.92 53.35 58.09 69.18
 7352.25 23.68 20.38 20.75 20.52 21.10 22.53 31.94 52.19 37.04 52.52 57.29 68.42
 7353.25 23.18 19.91 20.27 20.03 20.63 22.04 31.41 51.53 36.49 51.95 56.73 67.86
 7354.25 23.33 20.07 20.42 20.17 20.80 22.19 31.59 51.56 36.67 52.09 56.86 67.96
 7355.25 24.10 20.81 21.16 20.90 21.56 22.95 32.41 52.21 37.48 52.84 57.59 68.61
 7356.25 24.44 21.15 21.49 21.23 21.91 23.30 32.76 52.35 37.81 53.08 57.81 68.76
 7357.25 24.41 21.13 21.46 21.19 21.90 23.27 32.73 52.19 37.78 53.02 57.75 68.67
 7358.25 24.21 20.94 21.25 20.98 21.71 23.07 32.54 51.94 37.61 52.87 57.61 68.55
 7359.25 21.19 18.11 18.40 18.14 18.84 20.12 29.23 48.52 34.26 49.57 54.37 65.46
 7360.25 14.01 11.69 11.90 11.70 12.24 13.19 20.46 37.65 24.77 38.75 43.36 54.27
 7361.25 14.42 12.06 12.26 12.05 12.62 13.58 20.98 38.27 25.38 39.48 44.12 55.05
 7362.25 21.58 18.50 18.76 18.48 19.26 20.51 29.63 48.61 34.74 49.97 54.76 65.76
 7363.25 24.36 21.14 21.40 21.10 21.94 23.24 32.60 51.39 37.76 52.84 57.55 68.32
 7364.25 24.55 21.34 21.58 21.28 22.15 23.43 32.78 51.44 37.95 52.99 57.68 68.42
 7365.25 24.23 21.02 21.26 20.95 21.84 23.11 32.43 51.02 37.63 52.68 57.39 68.14
 7366.25 23.81 20.63 20.85 20.53 21.44 22.70 31.99 50.54 37.23 52.31 57.03 67.80
 7367.25 23.94 20.74 20.95 20.63 21.57 22.81 32.11 50.56 37.37 52.43 57.16 67.91
 7368.25 24.04 20.85 21.05 20.72 21.68 22.91 32.16 50.41 37.42 52.38 57.08 67.75
 7369.25 23.21 20.07 20.25 19.93 20.89 22.09 31.25 49.40 36.52 51.48 56.19 66.87
 7370.25 15.32 12.89 13.02 12.78 13.52 14.44 21.93 38.49 26.58 40.61 45.24 55.95
 7371.25  9.35  7.75  7.83  7.67  8.17  8.77 13.91 26.50 17.32 28.32 32.19 41.50
 7372.25 12.32 10.28 10.37 10.17 10.82 11.57 17.99 32.79 22.13 34.97 39.33 49.57
 7373.25 21.91 18.85 18.98 18.66 19.67 20.80 29.76 47.52 35.10 50.05 54.82 65.55
 7374.25 24.66 21.45 21.57 21.24 22.33 23.50 32.69 50.31 38.09 52.92 57.61 68.15
 7375.25 23.78 20.60 20.71 20.38 21.47 22.62 31.76 49.35 37.20 52.08 56.81 67.40
 7376.25 22.98 19.84 19.94 19.61 20.71 21.84 30.90 48.41 36.36 51.24 56.00 66.61
 7377.25 24.16 20.98 21.06 20.73 21.87 23.01 32.10 49.42 37.58 52.30 57.05 67.54
 7378.25 24.87 21.67 21.74 21.40 22.57 23.71 32.79 49.91 38.27 52.84 57.60 68.01
 7379.25 24.72 21.53 21.58 21.25 22.43 23.56 32.63 49.69 38.16 52.69 57.51 67.93
 7380.25 24.33 21.15 21.19 20.85 22.05 23.17 32.21 49.20 37.77 52.26 57.15 67.58
 7381.25 24.30 21.13 21.15 20.82 22.04 23.15 32.16 49.01 37.74 52.13 57.06 67.45
 7382.25 24.61 21.43 21.45 21.11 22.36 23.45 32.43 49.11 38.02 52.28 57.23 67.55
 7383.25 24.73 21.56 21.56 21.22 22.50 23.58 32.52 49.04 38.12 52.26 57.25 67.51
 7384.25 24.49 21.32 21.31 20.96 22.27 23.33 32.26 48.74 37.91 52.02 57.08 67.36
 7385.25 24.31 21.14 21.12 20.78 22.11 23.16 32.09 48.52 37.79 51.89 57.01 67.33
 7386.25 24.57 21.39 21.35 21.01 22.37 23.41 32.33 48.63 38.05 52.06 57.22 67.50
 7387.25 25.08 21.89 21.84 21.49 22.89 23.92 32.82 48.94 38.55 52.43 57.62 67.84
 7388.25 25.14 21.96 21.89 21.55 22.96 23.98 32.85 48.83 38.61 52.39 57.63 67.81
 7389.25 24.67 21.50 21.43 21.08 22.52 23.52 32.35 48.20 38.14 51.86 57.15 67.36
 7390.25 24.41 21.26 21.17 20.83 22.28 23.26 32.05 47.75 37.85 51.48 56.82 67.04
 7391.25 24.03 20.90 20.80 20.45 21.92 22.89 31.63 47.20 37.46 51.02 56.41 66.68
 7392.25 23.02 19.92 19.81 19.47 20.94 21.89 30.56 46.07 36.43 50.01 55.50 65.89
 7393.25 18.94 16.14 16.03 15.73 17.07 17.91 25.96 41.00 31.64 45.04 50.63 61.23
 7394.25 14.83 12.47 12.37 12.11 13.25 13.95 20.93 34.74 26.11 38.69 44.18 54.72
 7395.25 19.01 16.22 16.08 15.78 17.17 17.98 25.99 40.73 31.72 44.93 50.60 61.24
 7396.25 23.91 20.80 20.63 20.28 21.87 22.77 31.38 46.27 37.34 50.51 56.14 66.54
 7397.25 24.65 21.52 21.33 20.98 22.62 23.51 32.13 46.84 38.11 51.15 56.80 67.19
 7398.25 24.90 21.76 21.57 21.21 22.88 23.76 32.38 46.96 38.39 51.36 57.06 67.48
 7399.25 24.97 21.84 21.62 21.27 22.96 23.83 32.43 46.87 38.47 51.36 57.11 67.55
 7400.25 24.78 21.66 21.43 21.07 22.79 23.65 32.22 46.54 38.29 51.11 56.92 67.41
 7401.25 24.63 21.52 21.29 20.93 22.67 23.51 32.05 46.24 38.15 50.90 56.77 67.28
 7402.25 21.64 18.69 18.45 18.11 19.78 20.57 28.83 42.86 34.90 47.66 53.67 64.40
 7403.25 13.33 11.21 11.03 10.80 11.99 12.55 18.83 30.67 23.86 35.14 40.84 51.32
 7404.25 11.91  9.99  9.82  9.61 10.70 11.21 16.97 27.97 21.68 32.31 37.85 48.08
 7405.25 19.07 16.35 16.08 15.78 17.38 18.08 25.86 39.13 31.80 44.16 50.32 61.20
 7406.25 24.39 21.32 21.01 20.66 22.51 23.29 31.73 45.18 37.93 50.28 56.41 67.05
 7407.25 24.74 21.67 21.34 21.00 22.88 23.64 32.07 45.35 38.29 50.53 56.68 67.33
 7408.25 24.96 21.89 21.54 21.20 23.10 23.86 32.28 45.39 38.51 50.65 56.85 67.50
 7409.25 25.08 22.01 21.65 21.31 23.24 23.98 32.38 45.34 38.63 50.68 56.92 67.59
 7410.25 25.12 22.06 21.68 21.36 23.30 24.03 32.40 45.18 38.65 50.59 56.87 67.54
 7411.25 25.15 22.10 21.71 21.39 23.35 24.06 32.42 45.04 38.69 50.55 56.88 67.57
 7412.25 25.07 22.03 21.62 21.31 23.29 23.99 32.34 44.83 38.64 50.44 56.83 67.56
 7413.25 24.34 21.32 20.90 20.59 22.58 23.27 31.59 43.96 37.91 49.68 56.16 66.97
 7414.25 23.38 20.40 19.97 19.68 21.65 22.32 30.58 42.83 36.93 48.66 55.22 66.12
 7415.25 23.75 20.77 20.32 20.03 22.04 22.69 30.95 43.02 37.31 48.94 55.53 66.41
 7416.25 24.49 21.49 21.03 20.74 22.78 23.43 31.70 43.58 38.07 49.56 56.17 67.02
 7417.25 24.54 21.55 21.07 20.79 22.85 23.48 31.74 43.47 38.12 49.53 56.19 67.06
 7418.25 23.96 20.99 20.50 20.23 22.29 22.89 31.13 42.73 37.54 48.91 55.64 66.58
 7419.25 23.98 21.02 20.51 20.25 22.33 22.91 31.14 42.58 37.57 48.84 55.62 66.58
 7420.25 24.25 21.28 20.76 20.50 22.61 23.17 31.39 42.65 37.83 48.99 55.80 66.75
 7421.25 24.70 21.73 21.19 20.94 23.06 23.61 31.83 42.90 38.27 49.31 56.14 67.07
 7422.25 24.78 21.82 21.26 21.02 23.15 23.69 31.90 42.81 38.35 49.31 56.19 67.13
 7423.25 24.83 21.87 21.30 21.06 23.20 23.73 31.93 42.68 38.41 49.27 56.19 67.16
 7424.25 24.40 21.47 20.88 20.65 22.79 23.30 31.49 42.09 37.98 48.78 55.77 66.78
 7425.25 24.13 21.21 20.61 20.39 22.53 23.03 31.19 41.63 37.70 48.43 55.48 66.53
 7426.25 24.67 21.75 21.13 20.91 23.07 23.57 31.73 42.00 38.25 48.87 55.94 66.97
 7427.25 24.81 21.89 21.26 21.05 23.22 23.70 31.86 41.96 38.39 48.92 56.04 67.09
 7428.25 24.74 21.83 21.18 20.98 23.16 23.62 31.78 41.72 38.32 48.78 55.95 67.03
 7429.25 24.66 21.76 21.10 20.90 23.09 23.54 31.69 41.48 38.25 48.65 55.86 66.97
 7430.25 23.41 20.56 19.89 19.70 21.86 22.30 30.39 40.05 36.98 47.40 54.69 65.92
 7431.25 18.39 15.87 15.27 15.11 17.02 17.40 24.84 34.02 31.18 41.47 48.87 60.37
 7432.25 17.67 15.22 14.62 14.47 16.34 16.70 23.99 32.91 30.26 40.45 47.85 59.39
 7433.25 22.69 19.90 19.19 19.03 21.18 21.58 29.60 38.78 36.22 46.53 53.90 65.24
 7434.25 24.42 21.58 20.83 20.67 22.89 23.29 31.39 40.43 38.02 48.21 55.51 66.74
 7435.25 24.65 21.78 21.01 20.85 23.11 23.50 31.70 40.81 38.44 48.74 56.17 67.61
 7436.25 24.91 22.01 21.22 21.06 23.36 23.74 32.06 41.24 38.90 49.32 56.89 68.53
 7437.25 25.00 22.11 21.30 21.15 23.45 23.82 32.14 41.26 39.00 49.37 56.95 68.62
 7438.25 24.70 21.83 21.01 20.87 23.17 23.53 31.83 40.89 38.71 49.05 56.67 68.38
 7439.25 20.67 18.02 17.25 17.12 19.25 19.57 27.46 36.32 34.23 44.55 52.30 64.30
 7440.25 14.94 12.81 12.19 12.09 13.80 14.05 20.65 28.52 26.67 36.25 43.76 55.70
 7441.25 16.64 14.34 13.66 13.55 15.41 15.67 22.74 30.93 29.08 38.93 46.61 58.68
 7442.25 23.09 20.32 19.48 19.34 21.62 21.93 30.10 38.92 37.03 47.26 55.03 66.97
 7443.25 25.18 22.35 21.46 21.32 23.69 23.99 32.27 41.03 39.23 49.33 57.02 68.84
 7444.25 25.20 22.37 21.47 21.34 23.71 24.00 32.28 40.98 39.25 49.31 57.03 68.87
 7445.25 25.07 22.25 21.34 21.21 23.59 23.86 32.14 40.79 39.13 49.16 56.90 68.78
 7446.25 24.93 22.13 21.21 21.09 23.46 23.73 32.00 40.59 39.00 49.00 56.76 68.69
 7447.25 25.18 22.38 21.45 21.32 23.71 23.97 32.23 40.76 39.25 49.18 56.96 68.90
 7448.25 25.25 22.46 21.52 21.40 23.80 24.04 32.31 40.76 39.33 49.22 57.00 68.99
 7449.25 25.14 22.36 21.41 21.29 23.69 23.92 32.19 40.58 39.22 49.08 56.89 68.93
 7450.25 25.11 22.34 21.38 21.26 23.67 23.89 32.16 40.48 39.20 49.01 56.85 68.93
 7451.25 25.10 22.34 21.37 21.26 23.68 23.88 32.15 40.41 39.20 48.97 56.82 68.96
 7452.25 25.10 22.35 21.36 21.25 23.68 23.87 32.14 40.33 39.20 48.93 56.80 68.98
 7453.25 24.96 22.22 21.22 21.12 23.55 23.73 32.00 40.13 39.07 48.76 56.68 68.90
 7454.25 24.92 22.19 21.18 21.08 23.52 23.69 31.96 40.02 39.04 48.69 56.65 68.90
 7455.25 25.05 22.33 21.31 21.21 23.66 23.82 32.10 40.08 39.18 48.78 56.77 69.04
 7456.25 25.10 22.39 21.36 21.26 23.71 23.86 32.14 40.06 39.24 48.79 56.81 69.11
 7457.25 25.11 22.41 21.37 21.27 23.73 23.87 32.15 40.00 39.25 48.76 56.83 69.15
 7458.25 25.10 22.40 21.35 21.26 23.72 23.85 32.13 39.92 39.24 48.71 56.81 69.16
 7459.25 24.82 22.13 21.07 20.98 23.45 23.56 31.84 39.57 38.97 48.41 56.57 68.97
 7460.25 24.22 21.55 20.49 20.41 22.87 22.96 31.24 38.90 38.38 47.81 56.04 68.52
 7461.25 24.62 21.95 20.87 20.79 23.26 23.34 31.64 39.23 38.78 48.15 56.40 68.88
 7462.25 24.76 22.09 21.01 20.93 23.41 23.48 31.78 39.30 38.93 48.25 56.53 69.02
 7463.25 23.53 20.90 19.82 19.75 22.20 22.25 30.50 37.96 37.67 47.00 55.38 68.00
 7464.25 22.02 19.46 18.41 18.34 20.72 20.75 28.89 36.25 36.04 45.35 53.84 66.60
 7465.25 22.63 20.04 18.97 18.90 21.32 21.34 29.54 36.85 36.72 45.98 54.49 67.23
 7466.25 23.41 20.80 19.70 19.64 22.10 22.10 30.38 37.63 37.57 46.78 55.29 68.00
 7467.25 22.65 20.07 18.98 18.92 21.35 21.34 29.56 36.73 36.75 45.93 54.51 67.31
 7468.25 20.32 17.88 16.84 16.79 19.09 19.07 26.99 33.98 34.07 43.18 51.86 64.83
 7469.25 20.84 18.37 17.32 17.27 19.60 19.56 27.57 34.52 34.70 43.77 52.48 65.46
 7470.25 23.74 21.14 20.01 19.96 22.45 22.39 30.71 37.68 37.94 46.95 55.61 68.40
 7471.25 24.09 21.49 20.34 20.29 22.79 22.73 31.07 37.97 38.30 47.27 55.94 68.73
 7472.25 21.37 18.88 17.79 17.75 20.13 20.05 28.14 34.90 35.31 44.26 53.07 66.09
 7473.25 18.53 16.24 15.23 15.20 17.39 17.30 24.93 31.39 31.87 40.65 49.50 62.67
 7474.25 19.68 17.31 16.26 16.22 18.50 18.40 26.25 32.77 33.32 42.14 51.05 64.21
 7475.25 17.79 15.57 14.58 14.55 16.68 16.57 24.03 30.25 30.87 39.48 48.36 61.57
 7476.25 18.05 15.81 14.81 14.78 16.94 16.82 24.33 30.52 31.22 39.80 48.74 61.96
 7477.25 23.12 20.58 19.41 19.38 21.87 21.72 30.03 36.48 37.30 46.00 54.95 67.96
 7478.25 24.42 21.83 20.63 20.60 23.15 22.97 31.38 37.78 38.68 47.29 56.22 69.15
 7479.25 24.24 21.67 20.46 20.43 22.98 22.79 31.20 37.53 38.50 47.08 56.05 69.02
 7480.25 21.32 18.88 17.74 17.71 20.12 19.93 28.05 34.24 35.29 43.84 52.96 66.17
 7481.25 17.16 15.02 14.02 14.00 16.10 15.92 23.26 29.01 30.08 38.33 47.41 60.76
 7482.25 17.59 15.42 14.40 14.38 16.52 16.33 23.78 29.54 30.68 38.94 48.06 61.45
 7483.25 21.84 19.39 18.21 18.19 20.65 20.41 28.62 34.69 35.92 44.37 53.55 66.81
 7484.25 21.33 18.91 17.74 17.72 20.15 19.90 28.04 34.05 35.32 43.71 52.92 66.22
 7485.25 16.01 13.99 13.02 13.00 15.02 14.80 21.85 27.28 28.51 36.45 45.50 58.89
 7486.25 17.80 15.63 14.58 14.56 16.74 16.49 23.99 29.63 30.94 39.07 48.26 61.72
 7487.25 23.44 20.93 19.69 19.66 22.23 21.93 30.32 36.30 37.71 46.01 55.21 68.44
 7488.25 24.30 21.77 20.49 20.47 23.08 22.76 31.22 37.17 38.63 46.87 56.05 69.23
 7489.25 24.14 21.62 20.34 20.31 22.92 22.59 31.05 36.97 38.47 46.69 55.90 69.12
 7490.25 23.98 21.46 20.18 20.16 22.76 22.42 30.88 36.77 38.32 46.51 55.75 69.01
 7491.25 24.54 22.01 20.71 20.69 23.32 22.96 31.45 37.31 38.89 47.03 56.26 69.49
 7492.25 24.91 22.38 21.07 21.05 23.70 23.32 31.82 37.64 39.27 47.36 56.59 69.82
 7493.25 24.91 22.39 21.07 21.05 23.70 23.31 31.81 37.61 39.28 47.34 56.59 69.84
 7494.25 24.00 21.51 20.19 20.17 22.80 22.40 30.85 36.64 38.36 46.43 55.75 69.11
 7495.25 20.79 18.44 17.20 17.18 19.66 19.26 27.37 33.07 34.82 42.88 52.35 65.99
 7496.25 20.98 18.62 17.37 17.35 19.84 19.43 27.56 33.25 35.05 43.08 52.57 66.22
 7497.25 24.21 21.72 20.38 20.36 23.02 22.57 31.00 36.75 38.60 46.57 55.95 69.37
 7498.25 24.94 22.43 21.07 21.05 23.74 23.27 31.72 37.46 39.35 47.26 56.62 70.00
 7499.25 24.91 22.41 21.04 21.02 23.72 23.24 31.67 37.39 39.33 47.21 56.59 70.00
 7500.25 24.85 22.36 20.98 20.96 23.67 23.17 31.59 37.30 39.28 47.13 56.54 69.98
 7501.25 24.42 21.94 20.56 20.54 23.27 22.73 31.12 36.82 38.85 46.69 56.15 69.65
 7502.25 24.31 21.84 20.46 20.44 23.19 22.62 31.00 36.68 38.76 46.57 56.05 69.59
 7503.25 24.63 22.15 20.75 20.74 23.53 22.92 31.29 36.96 39.08 46.85 56.33 69.85
 7504.25 24.50 22.03 20.62 20.61 23.43 22.79 31.14 36.79 38.96 46.69 56.21 69.73
 7505.25 24.55 22.09 20.67 20.66 23.51 22.84 31.17 36.81 39.02 46.72 56.25 69.73
 7506.25 24.79 22.32 20.90 20.88 23.77 23.07 31.39 37.01 39.26 46.92 56.46 69.86
 7507.25 24.95 22.49 21.05 21.04 23.96 23.22 31.53 37.13 39.43 47.05 56.60 69.93
 7508.25 25.04 22.58 21.13 21.12 24.08 23.31 31.60 37.19 39.53 47.11 56.68 69.95
 7509.25 24.96 22.51 21.05 21.04 24.03 23.22 31.49 37.07 39.45 47.01 56.61 69.83
 7510.25 24.80 22.35 20.88 20.88 23.89 23.06 31.30 36.87 39.30 46.84 56.48 69.66
 7511.25 24.76 22.32 20.84 20.84 23.88 23.01 31.24 36.80 39.27 46.78 56.45 69.58
 7512.25 24.94 22.50 21.01 21.01 24.09 23.19 31.41 36.94 39.46 46.93 56.62 69.67
 7513.25 25.10 22.66 21.15 21.16 24.27 23.34 31.54 37.06 39.62 47.06 56.76 69.75
 7514.25 25.02 22.58 21.06 21.07 24.22 23.25 31.44 36.95 39.55 46.96 56.70 69.65
 7515.25 24.96 22.53 21.00 21.01 24.19 23.19 31.36 36.85 39.51 46.89 56.67 69.56
 7516.25 24.89 22.48 20.94 20.96 24.16 23.13 31.28 36.76 39.47 46.82 56.63 69.48
 7517.25 24.75 22.35 20.80 20.82 24.06 22.99 31.12 36.60 39.34 46.67 56.53 69.33
 7518.25 23.51 21.16 19.62 19.65 22.86 21.78 29.83 35.28 38.09 45.43 55.39 68.24
 7519.25 21.26 19.00 17.53 17.56 20.66 19.59 27.40 32.79 35.63 42.96 53.05 66.02
 7520.25 22.46 20.16 18.63 18.67 21.88 20.75 28.68 34.10 36.99 44.29 54.37 67.20
 7521.25 24.47 22.12 20.53 20.56 23.91 22.72 30.78 36.20 39.14 46.36 56.36 68.97
 7522.25 24.60 22.26 20.64 20.68 24.07 22.85 30.90 36.31 39.29 46.48 56.50 69.05
 7523.25 23.75 21.45 19.84 19.88 23.27 22.02 30.01 35.41 38.44 45.63 55.73 68.30
 7524.25 19.82 17.72 16.25 16.28 19.41 18.23 25.70 30.91 33.93 41.05 51.27 64.02
 7525.25 13.14 11.58 10.50 10.53 12.85 11.95 17.68 21.91 24.50 30.69 40.10 52.30
 7526.25 10.72  9.42  8.51  8.54 10.50  9.72 14.58 18.25 20.57 26.07 34.72 46.14
 7527.25 15.84 14.08 12.79 12.83 15.57 14.48 20.98 25.66 28.62 35.20 45.18 57.64
 7528.25 23.19 20.99 19.32 19.37 22.88 21.49 29.34 34.67 37.98 44.97 55.26 67.60
 7529.25 24.26 22.03 20.31 20.37 23.98 22.53 30.46 35.80 39.17 46.09 56.37 68.57
 7530.25 23.53 21.34 19.62 19.68 23.29 21.81 29.69 35.04 38.46 45.36 55.71 67.93
 7531.25 22.51 20.37 18.67 18.72 22.30 20.82 28.58 33.91 37.38 44.24 54.67 66.91
 7532.25 17.81 15.95 14.46 14.51 17.66 16.33 23.31 28.31 31.67 38.32 48.76 61.12
 7533.25 17.49 15.66 14.18 14.23 17.37 16.02 22.92 27.89 31.28 37.85 48.31 60.62
 7534.25 22.64 20.55 18.79 18.85 22.53 20.95 28.68 34.03 37.63 44.35 54.87 66.94
 7535.25 24.76 22.63 20.79 20.86 24.69 23.03 30.90 36.29 39.93 46.57 57.01 68.87
 7536.25 24.93 22.81 20.95 21.02 24.89 23.20 31.06 36.46 40.14 46.73 57.19 68.99
 7537.25 24.88 22.77 20.89 20.96 24.87 23.15 30.99 36.40 40.13 46.68 57.17 68.92
 7538.25 24.73 22.64 20.75 20.82 24.76 23.00 30.83 36.25 40.03 46.54 57.08 68.79
 7539.25 24.58 22.51 20.60 20.68 24.64 22.85 30.66 36.10 39.92 46.40 56.98 68.65
 7540.25 24.66 22.60 20.67 20.75 24.76 22.93 30.73 36.17 40.04 46.47 57.08 68.70
 7541.25 23.68 21.66 19.74 19.82 23.83 21.97 29.71 35.15 39.07 45.49 56.19 67.83
 7542.25 21.67 19.74 17.88 17.95 21.86 20.02 27.56 32.96 36.92 43.32 54.15 65.88
 7543.25 22.67 20.72 18.80 18.88 22.91 20.99 28.63 34.07 38.08 44.43 55.25 66.86
 7544.25 24.44 22.45 20.46 20.54 24.73 22.72 30.47 35.94 39.99 46.27 57.01 68.45
 7545.25 24.91 22.93 20.91 20.99 25.25 23.19 30.94 36.42 40.51 46.73 57.47 68.82
 7546.25 25.12 23.15 21.12 21.20 25.50 23.40 31.14 36.62 40.76 46.93 57.69 68.97
 7547.25 25.10 23.14 21.10 21.17 25.53 23.39 31.11 36.60 40.78 46.91 57.71 68.94
 7548.25 24.80 22.87 20.82 20.89 25.28 23.10 30.80 36.30 40.53 46.63 57.48 68.69
 7549.25 24.83 22.91 20.85 20.91 25.36 23.14 30.82 36.33 40.61 46.67 57.55 68.70
 7550.25 25.15 23.24 21.15 21.22 25.72 23.45 31.13 36.65 40.97 46.97 57.87 68.95
 7551.25 25.14 23.24 21.14 21.20 25.76 23.45 31.11 36.64 41.00 46.97 57.90 68.93
 7552.25 25.09 23.21 21.09 21.16 25.75 23.40 31.05 36.59 41.00 46.93 57.90 68.89
 7553.25 25.14 23.27 21.14 21.20 25.85 23.45 31.09 36.63 41.09 46.98 57.98 68.92
 7554.25 24.70 22.85 20.71 20.77 25.45 23.02 30.62 36.18 40.70 46.56 57.63 68.55
 7555.25 24.34 22.51 20.37 20.42 25.13 22.67 30.24 35.81 40.38 46.21 57.34 68.25
 7556.25 24.93 23.10 20.94 20.99 25.77 23.25 30.84 36.41 41.02 46.80 57.92 68.73
 7557.25 25.33 23.49 21.32 21.37 26.22 23.65 31.23 36.81 41.46 47.18 58.31 69.04
 7558.25 23.23 21.43 19.33 19.38 24.15 21.60 29.03 34.60 39.31 45.04 56.33 67.16
 7559.25 18.88 17.26 15.39 15.43 19.75 17.41 24.23 29.55 34.17 39.79 51.17 62.14
 7560.25 19.89 18.21 16.29 16.33 20.83 18.37 25.35 30.76 35.49 41.10 52.53 63.42
 7561.25 24.02 22.20 20.07 20.12 25.08 22.38 29.83 35.45 40.30 45.89 57.24 67.87
 7562.25 25.13 23.28 21.12 21.16 26.24 23.47 30.96 36.59 41.47 47.00 58.32 68.83
 7563.25 25.09 23.23 21.08 21.12 26.25 23.43 30.91 36.54 41.47 46.96 58.34 68.79
 7564.25 25.20 23.34 21.19 21.23 26.40 23.54 31.00 36.65 41.62 47.06 58.50 68.88
 7565.25 25.30 23.44 21.29 21.33 26.56 23.65 31.10 36.75 41.77 47.16 58.66 68.96
 7566.25 25.43 23.56 21.41 21.45 26.73 23.78 31.21 36.87 41.93 47.27 58.83 69.05
 7567.25 25.56 23.69 21.54 21.58 26.91 23.91 31.33 36.99 42.10 47.39 59.02 69.15
 7568.25 24.84 22.98 20.85 20.88 26.22 23.20 30.58 36.25 41.42 46.69 58.44 68.56
 7569.25 22.92 21.11 19.04 19.07 24.32 21.33 28.57 34.22 39.44 44.71 56.66 66.82
 7570.25 23.04 21.22 19.16 19.19 24.49 21.45 28.68 34.35 39.62 44.84 56.85 66.94
 7571.25 24.59 22.73 20.61 20.64 26.11 22.97 30.29 35.99 41.30 46.45 58.44 68.36
 7572.25 21.57 19.81 17.83 17.86 23.06 20.05 27.03 32.61 37.92 43.04 55.22 65.22
 7573.25 14.15 12.82 11.36 11.38 15.33 13.00 18.43 23.06 27.71 32.26 43.79 53.53
 7574.25 13.33 12.06 10.68 10.69 14.49 12.24 17.42 21.89 26.43 30.83 42.21 51.76
 7575.25 19.00 17.34 15.52 15.54 20.52 17.58 24.13 29.54 34.89 39.80 52.19 62.05
 7576.25 21.92 20.12 18.12 18.14 23.60 20.38 27.39 33.06 38.64 43.57 56.08 65.80
 7577.25 23.73 21.86 19.80 19.81 25.50 22.14 29.30 35.05 40.73 45.56 58.06 67.61
 7578.25 25.27 23.37 21.26 21.28 27.11 23.66 30.89 36.67 42.40 47.12 59.58 68.96
 7579.25 25.48 23.58 21.47 21.48 27.37 23.88 31.09 36.89 42.69 47.33 59.84 69.14
 7580.25 25.53 23.62 21.51 21.52 27.46 23.92 31.12 36.94 42.81 47.37 59.96 69.18
 7581.25 25.57 23.66 21.55 21.56 27.54 23.96 31.15 36.98 42.93 47.40 60.06 69.21
 7582.25 25.49 23.58 21.47 21.48 27.51 23.89 31.06 36.91 42.94 47.33 60.07 69.16
 7583.25 25.56 23.64 21.54 21.54 27.62 23.96 31.12 36.98 43.08 47.39 60.20 69.21
 7584.25 25.65 23.72 21.62 21.62 27.75 24.05 31.21 37.07 43.24 47.47 60.34 69.28
 7585.25 25.63 23.71 21.61 21.61 27.78 24.04 31.19 37.06 43.30 47.46 60.40 69.26
 7586.25 24.86 22.94 20.87 20.87 27.04 23.28 30.40 36.27 42.61 46.70 59.78 68.61
 7587.25 20.61 18.84 16.96 16.95 22.68 19.15 25.83 31.52 37.86 41.88 55.20 64.15
 7588.25 17.64 16.02 14.33 14.33 19.58 16.31 22.47 27.86 34.03 37.89 51.15 60.07
 7589.25 21.35 19.54 17.63 17.62 23.54 19.86 26.64 32.40 38.91 42.81 56.24 65.01
 7590.25 25.13 23.19 21.13 21.12 27.48 23.54 30.67 36.56 43.18 46.99 60.28 68.80
 7591.25 25.53 23.57 21.52 21.50 27.92 23.93 31.07 36.96 43.64 47.37 60.68 69.09
 7592.25 25.08 23.13 21.11 21.09 27.49 23.49 30.56 36.41 43.12 46.75 60.03 68.32
 7593.25 23.64 21.78 19.87 19.85 25.97 22.12 28.85 34.43 40.89 44.30 57.02 64.87
 7594.25 20.85 19.16 17.44 17.42 23.00 19.47 25.58 30.68 36.65 39.72 51.46 58.60
 7595.25 18.71 17.16 15.59 15.58 20.71 17.45 23.05 27.76 33.34 36.12 47.06 53.63
 7596.25 18.18 16.68 15.18 15.16 20.15 16.96 22.37 26.90 32.33 34.95 45.50 51.75
 7597.25 18.84 17.31 15.79 15.77 20.86 17.60 23.06 27.62 33.12 35.68 46.26 52.44
 7598.25 17.96 16.48 15.02 15.00 19.95 16.77 22.06 26.49 31.90 34.35 44.72 50.71
 7599.25 13.36 12.11 10.91 10.90 15.07 12.35 16.87 20.82 25.84 28.09 38.06 43.83
 7600.25  8.82  7.91  7.07  7.05 10.10  8.09 11.43 14.51 18.63 20.47 29.20 34.39
 7601.25  9.99  8.99  8.05  8.04 11.42  9.19 12.85 16.17 20.58 22.47 31.53 36.75
 7602.25 14.14 12.88 11.69 11.68 15.92 13.14 17.60 21.43 26.33 28.30 37.64 42.76
 7603.25 16.22 14.87 13.59 13.57 18.13 15.14 19.86 23.82 28.86 30.81 40.21 45.26
 7604.25 16.10 14.77 13.51 13.49 18.01 15.04 19.68 23.56 28.56 30.42 39.67 44.56
 7605.25 16.42 15.05 13.78 13.76 18.39 15.33 20.07 24.04 29.19 31.04 40.52 45.47
 7606.25 16.47 15.10 13.82 13.80 18.47 15.38 20.12 24.10 29.30 31.11 40.63 45.54
 7607.25 16.58 15.18 13.90 13.88 18.64 15.47 20.28 24.32 29.65 31.44 41.15 46.08
 7608.25 17.30 15.85 14.53 14.51 19.46 16.16 21.12 25.29 30.84 32.64 42.68 47.71
 7609.25 17.20 15.75 14.44 14.42 19.37 16.05 21.00 25.15 30.72 32.47 42.51 47.47
 7610.25 17.43 15.94 14.61 14.59 19.69 16.26 21.32 25.59 31.38 33.12 43.51 48.55
 7611.25 18.59 17.01 15.60 15.58 21.00 17.35 22.70 27.20 33.34 35.13 46.10 51.35
 7612.25 17.97 16.42 15.06 15.04 20.36 16.76 21.98 26.40 32.48 34.18 44.99 50.09
 7613.25 19.08 17.44 16.00 15.98 21.65 17.80 23.33 28.00 34.48 36.22 47.69 53.01
 7614.25 21.15 19.38 17.83 17.81 23.94 19.77 25.70 30.68 37.63 39.42 51.61 57.20
 7615.25 20.32 18.58 17.08 17.06 23.07 18.97 24.76 29.65 36.52 38.23 50.26 55.69
 7616.25 21.85 19.98 18.39 18.36 24.82 20.40 26.58 31.79 39.18 40.93 53.79 59.49
 7617.25 25.44 23.36 21.58 21.56 28.77 23.83 30.66 36.39 44.52 46.37 60.44 66.58
 7618.25 25.80 23.65 21.82 21.80 29.27 24.13 31.18 37.11 45.60 47.44 62.09 68.38
 7619.25 20.96 18.97 17.33 17.31 24.24 19.42 26.02 31.75 40.20 41.98 56.82 63.13
 7620.25 16.22 14.55 13.19 13.18 19.01 14.93 20.53 25.55 33.22 34.79 48.64 54.54
 7621.25 17.79 16.05 14.63 14.62 20.65 16.45 22.21 27.26 34.88 36.35 49.74 55.30
 7622.25 20.80 18.91 17.35 17.34 23.83 19.34 25.51 30.79 38.66 40.09 53.59 59.09
 7623.25 17.94 16.25 14.87 14.87 20.63 16.64 22.16 26.94 34.15 35.41 47.85 52.86
 7624.25 15.90 14.34 13.07 13.07 18.37 14.69 19.83 24.34 31.29 32.43 44.51 49.33
 7625.25 19.76 17.94 16.45 16.45 22.58 18.35 24.27 29.36 37.16 38.32 51.58 56.77
 7626.25 21.31 19.44 17.91 17.91 24.16 19.87 25.89 31.01 38.86 39.93 53.10 58.19
 7627.25 17.37 15.76 14.45 14.45 19.81 16.13 21.35 25.86 32.92 33.77 45.60 50.12
 7628.25 17.35 15.72 14.40 14.40 19.79 16.09 21.38 25.95 33.26 34.00 46.12 50.69
 7629.25 19.20 17.37 15.90 15.90 21.91 17.78 23.73 28.89 37.29 38.01 51.86 57.02
 7630.25 13.86 12.39 11.22 11.23 16.08 12.72 17.63 22.10 29.78 30.37 43.61 48.62
 7631.25 10.59  9.43  8.51  8.52 12.33  9.69 13.60 17.22 23.67 24.06 35.36 39.65
 7632.25 15.45 13.92 12.69 12.70 17.66 14.26 19.29 23.71 31.32 31.64 44.04 48.51
 7633.25 22.76 20.79 19.20 19.22 25.51 21.24 27.54 32.86 41.81 42.07 56.15 61.11
 7634.25 22.46 20.52 18.94 18.96 25.16 20.96 27.20 32.45 41.40 41.57 55.55 60.43
 7635.25 17.35 15.71 14.40 14.43 19.61 16.08 21.38 25.93 33.88 33.92 46.36 50.66
 7636.25 17.33 15.70 14.39 14.42 19.55 16.07 21.36 25.89 33.95 33.87 46.35 50.59
 7637.25 23.20 21.23 19.64 19.68 25.82 21.68 27.99 33.27 42.63 42.42 56.66 61.43
 7638.25 24.93 22.87 21.20 21.25 27.64 23.34 29.93 35.42 45.22 44.90 59.72 64.63
 7639.25 19.93 18.13 16.68 16.73 22.30 18.54 24.36 29.28 38.24 37.86 51.38 55.81
 7640.25 17.03 15.41 14.12 14.17 19.14 15.78 21.05 25.55 33.96 33.49 46.15 50.24
 7641.25 21.04 19.17 17.66 17.72 23.44 19.60 25.66 30.76 40.30 39.64 53.77 58.25
 7642.25 25.31 23.20 21.49 21.56 27.99 23.69 30.50 36.14 46.73 45.91 61.46 66.34
 7643.25 23.15 21.13 19.50 19.58 25.70 21.60 28.15 33.62 44.03 43.13 58.35 63.07
 7644.25 18.43 16.70 15.32 15.38 20.61 17.10 22.78 27.60 36.99 36.08 49.82 54.04
 7645.25 18.80 17.06 15.67 15.74 20.97 17.47 23.19 28.02 37.55 36.50 50.31 54.48
 7646.25 23.67 21.63 19.98 20.07 26.15 22.10 28.73 34.24 45.08 43.80 59.30 63.91
 7647.25 25.75 23.59 21.84 21.94 28.35 24.09 31.11 36.91 48.42 46.96 63.30 68.11
 7648.25 23.04 21.02 19.39 19.49 25.46 21.49 28.11 33.61 44.69 43.19 58.87 63.42
 7649.25 19.56 17.76 16.32 16.41 21.70 18.18 24.12 29.10 39.32 37.84 52.28 56.42
 7650.25 20.68 18.81 17.31 17.41 22.87 19.25 25.40 30.54 41.17 39.52 54.41 58.60
 7651.25 24.76 22.66 20.94 21.07 27.20 23.15 30.07 35.77 47.61 45.68 62.08 66.64
 7652.25 26.10 23.91 22.12 22.26 28.59 24.43 31.61 37.51 49.85 47.74 64.75 69.42
 7653.25 23.64 21.57 19.89 20.03 25.99 22.06 28.90 34.56 46.57 44.43 60.92 65.39
 7654.25 19.21 17.39 15.91 16.04 21.27 17.82 23.93 29.08 40.33 38.22 53.75 57.92
 7655.25 17.56 15.81 14.40 14.53 19.52 16.22 22.15 27.24 38.68 36.41 52.32 56.54
 7656.25 22.02 19.97 18.31 18.47 24.26 20.46 27.30 33.04 45.74 43.15 60.42 64.91
 7657.25 25.96 23.76 21.95 22.13 28.33 24.28 31.58 37.56 50.73 47.96 65.61 70.13
 7658.25 25.09 22.95 21.17 21.36 27.38 23.45 30.60 36.45 49.48 46.65 64.02 68.42
 7659.25 22.70 20.70 19.06 19.23 24.81 21.17 27.86 33.36 45.76 42.98 59.46 63.57
 7660.25 22.56 20.59 18.95 19.14 24.60 21.05 27.67 33.10 45.46 42.59 58.92 62.93
 7661.25 25.19 23.08 21.31 21.52 27.33 23.58 30.65 36.41 49.59 46.44 63.73 67.91
 7662.25 26.40 24.19 22.35 22.58 28.58 24.72 32.10 38.09 51.93 48.53 66.59 70.90
 7663.25 22.57 20.48 18.75 18.96 24.62 20.97 28.10 34.04 48.12 44.54 63.04 67.40
 7664.25 17.10 15.35 13.91 14.10 18.81 15.76 21.88 27.18 40.40 36.90 54.73 58.96
 7665.25 17.60 15.83 14.39 14.58 19.26 16.25 22.37 27.61 40.64 37.12 54.43 58.44
 7666.25 23.09 21.04 19.32 19.56 24.93 21.52 28.48 34.18 47.94 44.19 61.87 65.86
 7667.25 26.39 24.19 22.35 22.61 28.30 24.71 32.10 38.07 52.45 48.45 66.79 70.86
 7668.25 26.74 24.51 22.64 22.92 28.62 25.04 32.54 38.59 53.30 49.13 67.80 71.88
 7669.25 26.05 23.85 21.99 22.28 27.87 24.37 31.81 37.83 52.60 48.32 66.98 71.01
 7670.25 24.97 22.84 21.04 21.32 26.68 23.34 30.56 36.40 50.88 46.60 64.83 68.70
 7671.25 24.51 22.42 20.65 20.94 26.13 22.91 30.02 35.76 50.13 45.79 63.80 67.56
 7672.25 25.66 23.50 21.67 21.98 27.27 24.01 31.32 37.21 52.03 47.47 65.94 69.76
 7673.25 26.70 24.48 22.59 22.92 28.30 25.01 32.53 38.57 53.87 49.08 68.02 71.95
 7674.25 26.28 24.05 22.16 22.51 27.84 24.59 32.15 38.23 53.80 48.84 67.94 71.94
 7675.25 25.75 23.54 21.66 22.01 27.24 24.07 31.58 37.63 53.30 48.19 67.21 71.24
 7676.25 25.38 23.21 21.36 21.72 26.78 23.74 31.10 37.02 52.58 47.36 65.96 69.94
 7677.25 25.24 23.09 21.26 21.63 26.58 23.62 30.92 36.78 52.41 47.00 65.38 69.32
 7678.25 26.10 23.91 22.04 22.42 27.41 24.45 31.90 37.86 53.98 48.24 66.89 70.90
 7679.25 26.84 24.61 22.69 23.10 28.12 25.17 32.75 38.81 55.42 49.35 68.28 72.35
 7680.25 26.73 24.48 22.57 22.98 27.95 25.05 32.67 38.74 55.68 49.33 68.34 72.43
 7681.25 26.44 24.20 22.29 22.71 27.60 24.77 32.37 38.44 55.59 49.01 67.98 72.06
 7682.25 25.56 23.36 21.48 21.91 26.65 23.92 31.43 37.42 54.65 47.89 66.69 70.73
 7683.25 23.97 21.82 19.99 20.42 24.98 22.38 29.74 35.67 53.07 46.08 64.83 68.88
 7684.25 24.01 21.85 20.01 20.44 24.97 22.41 29.84 35.81 53.63 46.32 65.25 69.33
 7685.25 25.19 22.97 21.09 21.54 26.11 23.56 31.14 37.20 55.43 47.82 66.88 70.99
 7686.25 24.96 22.74 20.86 21.32 25.82 23.33 30.92 37.00 55.54 47.66 66.79 70.92
 7687.25 24.17 21.97 20.11 20.57 24.97 22.55 30.10 36.16 54.98 46.83 66.02 70.17
 7688.25 23.10 20.95 19.13 19.59 23.83 21.52 28.95 34.95 53.94 45.56 64.73 68.88
 7689.25 22.49 20.37 18.59 19.05 23.15 20.94 28.26 34.19 53.28 44.71 63.74 67.86
 7690.25 23.13 20.99 19.18 19.65 23.74 21.57 28.97 34.93 54.25 45.46 64.43 68.54
 7691.25 24.32 22.13 20.27 20.76 24.89 22.72 30.28 36.32 56.00 46.93 65.95 70.08
 7692.25 24.55 22.35 20.48 20.98 25.07 22.95 30.56 36.62 56.60 47.27 66.34 70.48
 7693.25 23.33 21.17 19.34 19.83 23.78 21.76 29.27 35.29 55.58 45.96 65.13 69.30
 7694.25 22.64 20.51 18.71 19.20 23.03 21.09 28.53 34.52 55.04 45.18 64.36 68.55
 7695.25 23.93 21.76 19.91 20.42 24.27 22.36 29.91 35.93 56.58 46.57 65.56 69.69
 7696.25 24.86 22.67 20.79 21.32 25.15 23.27 30.89 36.90 57.65 47.49 66.29 70.39
 7697.25 25.08 22.88 20.99 21.54 25.32 23.50 31.14 37.17 58.19 47.79 66.60 70.70
 7698.25 25.13 22.93 21.04 21.59 25.31 23.55 31.23 37.29 58.64 47.96 66.84 70.96
 7699.25 25.01 22.81 20.91 21.47 25.13 23.43 31.12 37.19 58.81 47.88 66.78 70.92
 7700.25 23.66 21.51 19.65 20.21 23.74 22.12 29.71 35.75 57.69 46.46 65.48 69.65
 7701.25 21.32 19.27 17.53 18.05 21.36 19.86 27.17 33.07 55.23 43.73 62.84 67.06
 7702.25 21.74 19.68 17.91 18.45 21.75 20.27 27.65 33.57 55.94 44.23 63.27 67.47
 7703.25 24.38 22.22 20.35 20.93 24.36 22.85 30.51 36.54 59.06 47.23 66.05 70.18
 7704.25 25.60 23.41 21.50 22.10 25.55 24.05 31.80 37.85 60.53 48.53 67.23 71.35
 7705.25 25.75 23.56 21.64 22.25 25.66 24.20 31.98 38.04 60.99 48.75 67.46 71.58
 7706.25 25.85 23.66 21.73 22.36 25.73 24.31 32.10 38.17 61.35 48.88 67.58 71.70
 7707.25 26.20 24.01 22.07 22.71 26.05 24.66 32.48 38.54 61.91 49.25 67.88 71.99
 7708.25 26.49 24.30 22.36 23.01 26.30 24.96 32.79 38.85 62.40 49.54 68.12 72.23
 7709.25 26.54 24.35 22.41 23.07 26.32 25.01 32.85 38.90 62.66 49.59 68.13 72.23
 7710.25 26.41 24.23 22.29 22.96 26.15 24.89 32.73 38.78 62.76 49.47 67.99 72.09
 7711.25 26.15 23.98 22.04 22.71 25.86 24.64 32.48 38.53 62.79 49.25 67.80 71.91
 7712.25 24.29 22.17 20.28 20.95 23.97 22.82 30.56 36.60 61.30 47.39 66.12 70.28
 7713.25 16.29 14.63 13.20 13.71 16.01 15.14 21.42 26.63 50.18 36.49 54.75 58.94
 7714.25 10.37  9.24  8.27  8.62 10.16  9.59 14.01 17.85 37.18 25.54 40.97 44.70
 7715.25 11.21 10.00  8.95  9.33 10.97 10.37 15.10 19.18 39.62 27.29 43.32 47.17
 7716.25 15.72 14.11 12.70 13.22 15.38 14.61 20.81 25.97 50.19 35.82 54.06 58.27
 7717.25 14.11 12.64 11.36 11.84 13.77 13.10 18.82 23.64 47.08 32.99 50.64 54.76
 7718.25 11.07  9.88  8.84  9.23 10.77 10.25 14.95 18.99 39.91 27.06 42.97 46.80
 7719.25 10.17  9.07  8.12  8.48  9.88  9.41 13.79 17.58 37.64 25.19 40.38 44.08
 7720.25 12.91 11.56 10.37 10.83 12.53 11.98 17.32 21.87 44.96 30.75 47.74 51.77
 7721.25 19.38 17.54 15.89 16.53 18.83 18.11 25.20 30.91 57.35 41.43 60.07 64.31
 7722.25 24.54 22.46 20.56 21.31 23.88 23.11 30.96 37.06 63.98 47.88 66.41 70.57
 7723.25 25.15 23.06 21.15 21.91 24.46 23.72 31.62 37.73 64.80 48.54 67.00 71.14
 7724.25 23.85 21.80 19.94 20.68 23.13 22.44 30.25 36.35 63.72 47.17 65.71 69.89
 7725.25 19.92 18.06 16.38 17.06 19.23 18.64 25.89 31.73 59.06 42.35 60.99 65.23
 7726.25 18.92 17.13 15.51 16.16 18.23 17.69 24.74 30.50 57.61 41.00 59.58 63.84
 7727.25 18.34 16.59 15.01 15.65 17.63 17.13 24.06 29.75 56.59 40.16 58.66 62.92
 7728.25 16.69 15.06 13.59 14.19 16.00 15.56 22.10 27.54 53.69 37.63 55.82 60.10
 7729.25 20.44 18.58 16.87 17.57 19.61 19.15 26.50 32.43 59.31 43.07 61.51 65.85
 7730.25 24.86 22.81 20.91 21.70 23.91 23.44 31.36 37.56 64.32 48.35 66.53 70.85
 7731.25 25.21 23.16 21.25 22.05 24.22 23.79 31.74 37.96 64.54 48.74 66.80 71.17
 7732.25 24.96 22.93 21.03 21.82 23.94 23.55 31.49 37.72 64.19 48.50 66.51 70.95
 7733.25 25.43 23.39 21.48 22.28 24.37 24.02 31.99 38.22 64.50 48.99 66.87 71.35
 7734.25 25.68 23.64 21.72 22.54 24.58 24.26 32.25 38.50 64.60 49.25 67.02 71.55
 7735.25 24.86 22.83 20.94 21.75 23.72 23.45 31.40 37.65 63.72 48.43 66.21 70.83
 7736.25 23.28 21.31 19.47 20.26 22.13 21.91 29.73 35.95 62.01 46.74 64.57 69.29
 7737.25 22.15 20.23 18.44 19.21 20.99 20.81 28.49 34.67 60.61 45.43 63.24 68.05
 7738.25 22.84 20.90 19.08 19.87 21.63 21.49 29.26 35.49 61.26 46.26 63.94 68.80
 7739.25 25.02 23.02 21.12 21.95 23.73 23.62 31.61 37.91 63.40 48.66 66.10 70.96
 7740.25 25.71 23.69 21.78 22.62 24.38 24.30 32.33 38.65 63.92 49.38 66.67 71.57
 7741.25 24.48 22.55 20.72 21.54 23.19 23.13 30.84 36.91 61.03 47.21 63.72 68.49
 7742.25 23.75 21.84 20.03 20.84 22.45 22.42 30.09 36.17 60.27 46.50 63.03 67.88
 7743.25 23.94 22.03 20.21 21.03 22.61 22.60 30.30 36.40 60.37 46.73 63.19 68.10
 7744.25 25.05 23.12 21.27 22.11 23.68 23.70 31.47 37.60 61.34 47.91 64.19 69.15
 7745.25 25.52 23.58 21.72 22.56 24.12 24.16 31.96 38.11 61.69 48.41 64.59 69.60
 7746.25 25.19 23.26 21.40 22.24 23.77 23.83 31.64 37.81 61.34 48.15 64.31 69.40
 7747.25 24.47 22.55 20.71 21.54 23.04 23.12 30.91 37.10 60.62 47.49 63.67 68.85
 7748.25 24.38 22.47 20.63 21.46 22.93 23.03 30.83 37.04 60.47 47.45 63.58 68.83
 7749.25 24.87 22.95 21.10 21.94 23.39 23.51 31.36 37.59 60.86 48.00 64.02 69.33
 7750.25 21.68 19.87 18.14 18.92 20.26 20.40 27.92 34.04 57.31 44.45 60.59 66.05
 7751.25 13.57 12.28 11.06 11.60 12.54 12.65 18.28 23.19 43.80 32.11 46.97 52.32
 7752.25  8.49  7.64  6.84  7.20  7.80  7.88 11.67 15.12 30.70 21.67 33.32 37.81
 7753.25  8.56  7.70  6.90  7.26  7.85  7.95 11.77 15.25 30.81 21.85 33.49 38.05
 7754.25 14.63 13.26 11.96 12.55 13.48 13.65 19.60 24.78 45.57 34.02 48.96 54.58
 7755.25 23.16 21.31 19.51 20.32 21.59 21.84 29.61 35.90 58.60 46.43 62.16 67.94
 7756.25 25.65 23.74 21.85 22.71 24.00 24.29 32.26 38.62 61.01 49.11 64.58 70.35
 7757.25 25.31 23.40 21.52 22.38 23.64 23.95 31.92 38.30 60.61 48.82 64.25 70.10
 7758.25 23.57 21.71 19.87 20.71 21.91 22.24 30.09 36.47 58.80 47.05 62.55 68.53
 7759.25 22.95 21.11 19.30 20.13 21.29 21.64 29.44 35.81 58.05 46.40 61.87 67.95
 7760.25 22.19 20.38 18.60 19.42 20.54 20.91 28.60 34.94 57.03 45.51 60.93 67.09
 7761.25 15.23 13.83 12.47 13.09 13.93 14.23 20.42 25.83 46.19 35.38 50.06 56.23
 7762.25 12.34 11.16 10.03 10.54 11.23 11.50 16.78 21.53 40.05 30.14 43.76 49.72
 7763.25 16.73 15.23 13.76 14.43 15.29 15.66 22.26 27.97 48.66 37.89 52.70 59.07
 7764.25 24.18 22.32 20.45 21.31 22.37 22.86 30.78 37.26 58.78 47.90 62.89 69.27
 7765.25 26.19 24.28 22.35 23.24 24.31 24.84 32.89 39.41 60.61 49.99 64.74 71.11
 7766.25 26.36 24.45 22.51 23.41 24.45 25.01 33.07 39.60 60.66 50.19 64.84 71.28
 7767.25 26.53 24.61 22.67 23.57 24.59 25.18 33.25 39.76 60.69 50.38 64.94 71.44
 7768.25 26.60 24.68 22.74 23.64 24.64 25.25 33.32 39.83 60.65 50.48 64.95 71.52
 7769.25 26.41 24.49 22.55 23.45 24.42 25.06 33.14 39.63 60.38 50.34 64.75 71.40
 7770.25 25.87 23.97 22.03 22.93 23.87 24.54 32.60 39.09 59.79 49.87 64.25 70.99
 7771.25 25.45 23.56 21.63 22.53 23.43 24.12 32.17 38.65 59.28 49.48 63.82 70.64
 7772.25 25.80 23.90 21.96 22.86 23.75 24.47 32.53 38.99 59.48 49.85 64.07 70.95
 7773.25 23.97 22.12 20.23 21.11 21.94 22.67 30.60 37.03 57.53 47.97 62.24 69.26
 7774.25 20.01 18.33 16.62 17.42 18.15 18.83 26.20 32.35 52.59 43.15 57.41 64.62
 7775.25 16.84 15.34 13.84 14.54 15.16 15.79 22.45 28.15 47.55 38.50 52.40 59.65
 7776.25 17.86 16.31 14.73 15.46 16.09 16.77 23.68 29.53 49.08 40.11 54.04 61.38
 7777.25 22.22 20.44 18.62 19.47 20.17 20.98 28.71 35.00 55.01 46.07 60.07 67.44
 7778.25 25.33 23.46 21.51 22.43 23.15 24.02 32.07 38.45 58.24 49.57 63.31 70.64
 7779.25 26.65 24.76 22.77 23.71 24.41 25.33 33.44 39.80 59.32 50.90 64.45 71.78
 7780.25 25.85 23.96 21.99 22.92 23.60 24.53 32.61 38.96 58.42 50.14 63.67 71.11
 7781.25 20.50 18.81 17.07 17.89 18.48 19.32 26.76 32.82 52.07 43.90 57.50 65.19
 7782.25 15.10 13.74 12.35 13.00 13.46 14.15 20.31 25.57 43.24 35.68 48.59 56.20
 7783.25 16.41 14.96 13.47 14.16 14.64 15.40 21.92 27.40 45.44 37.89 50.99 58.72
 7784.25 22.90 21.11 19.24 20.11 20.71 21.66 29.47 35.67 54.65 47.02 60.42 68.19
 7785.25 25.90 24.03 22.04 22.96 23.58 24.60 32.69 38.97 57.71 50.34 63.54 71.21
 7786.25 25.66 23.80 21.81 22.73 23.34 24.37 32.45 38.71 57.33 50.13 63.30 71.01
 7787.25 24.95 23.11 21.13 22.04 22.63 23.67 31.71 37.95 56.47 49.43 62.60 70.38
 7788.25 24.75 22.91 20.94 21.84 22.42 23.47 31.49 37.72 56.10 49.24 62.38 70.19
 7789.25 25.08 23.24 21.25 22.15 22.73 23.80 31.85 38.06 56.27 49.61 62.67 70.50
 7790.25 25.39 23.55 21.53 22.45 23.02 24.10 32.17 38.37 56.41 49.95 62.94 70.77
 7791.25 24.95 23.13 21.12 22.02 22.58 23.68 31.71 37.89 55.80 49.52 62.48 70.37
 7792.25 23.05 21.29 19.34 20.21 20.74 21.82 29.67 35.76 53.56 47.43 60.44 68.45
 7793.25 21.97 20.25 18.35 19.20 19.70 20.77 28.48 34.50 52.11 46.17 59.15 67.25
 7794.25 20.53 18.88 17.06 17.87 18.34 19.38 26.83 32.69 49.98 44.26 57.16 65.34
 7795.25 12.63 11.50 10.26 10.81 11.12 11.84 17.16 21.62 35.85 31.08 42.40 50.01
 7796.25  9.23  8.38  7.44  7.85  8.08  8.63 12.70 16.19 27.73 23.88 33.42 40.12
 7797.25 12.46 11.35 10.11 10.65 10.95 11.68 16.93 21.32 35.15 30.75 41.90 49.56
 7798.25 21.76 20.08 18.17 19.01 19.46 20.58 28.19 34.06 50.73 45.79 58.46 66.79
 7799.25 26.13 24.32 22.21 23.14 23.62 24.87 32.95 38.99 55.55 50.83 63.30 71.51
 7800.25 26.48 24.67 22.54 23.47 23.95 25.23 33.31 39.33 55.70 51.19 63.58 71.82
 7801.25 26.70 24.89 22.75 23.69 24.15 25.46 33.54 39.54 55.73 51.41 63.74 72.02
 7802.25 27.04 25.23 23.07 24.01 24.47 25.80 33.88 39.86 55.85 51.74 63.99 72.30
 7803.25 27.21 25.41 23.24 24.18 24.63 25.99 34.06 40.01 55.83 51.91 64.10 72.45
 7804.25 26.99 25.20 23.02 23.96 24.40 25.79 33.84 39.78 55.46 51.73 63.89 72.30
 7805.25 26.52 24.74 22.56 23.50 23.92 25.34 33.36 39.29 54.85 51.30 63.45 71.94
 7806.25 26.50 24.71 22.53 23.47 23.88 25.32 33.34 39.25 54.65 51.29 63.40 71.94
 7807.25 26.89 25.10 22.90 23.84 24.25 25.72 33.74 39.63 54.84 51.68 63.71 72.28
 7808.25 25.76 24.00 21.82 22.75 23.14 24.62 32.59 38.46 53.57 50.59 62.66 71.34
 7809.25 19.58 18.05 16.18 16.97 17.29 18.59 25.72 31.19 45.80 43.02 55.10 64.01
 7810.25 13.54 12.38 10.98 11.57 11.80 12.80 18.36 22.83 35.44 33.11 44.17 52.71
 7811.25 14.51 13.29 11.80 12.42 12.67 13.74 19.60 24.26 37.13 34.93 46.20 54.93
 7812.25 21.50 19.89 17.87 18.72 19.04 20.49 27.96 33.55 47.91 45.70 57.71 66.76
 7813.25 25.21 23.48 21.27 22.20 22.53 24.14 32.05 37.81 52.12 50.12 61.99 70.95
 7814.25 25.30 23.57 21.35 22.28 22.61 24.24 32.16 37.89 52.03 50.23 62.04 71.06
 7815.25 25.38 23.66 21.42 22.35 22.67 24.34 32.25 37.97 51.92 50.33 62.09 71.15
 7816.25 24.99 23.28 21.05 21.98 22.29 23.96 31.85 37.55 51.33 49.94 61.68 70.81
 7817.25 24.48 22.79 20.56 21.48 21.78 23.47 31.31 36.98 50.60 49.40 61.12 70.33
 7818.25 25.15 23.45 21.19 22.11 22.40 24.14 32.02 37.69 51.11 50.12 61.75 70.98
 7819.25 26.36 24.65 22.33 23.27 23.56 25.35 33.29 38.95 52.13 51.35 62.86 72.07
 7820.25 25.76 24.06 21.75 22.68 22.96 24.76 32.67 38.31 51.34 50.76 62.26 71.56
 7821.25 22.90 21.30 19.09 19.97 20.23 21.96 29.60 35.15 47.99 47.62 59.19 68.68
 7822.25 14.84 13.65 12.04 12.67 12.86 14.14 20.01 24.53 35.56 35.41 46.12 55.34
 7823.25  8.91  8.15  7.13  7.52  7.64  8.47 12.31 15.39 23.24 23.27 31.52 39.08
 7824.25  9.43  8.64  7.55  7.97  8.08  8.97 13.01 16.23 24.29 24.46 32.98 40.82
 7825.25 16.92 15.64 13.82 14.51 14.70 16.18 22.59 27.41 38.58 38.96 49.91 59.48
 7826.25 24.96 23.34 20.97 21.87 22.11 24.04 31.86 37.40 49.49 50.00 61.25 70.89
 7827.25 26.14 24.50 22.08 22.99 23.23 25.22 33.11 38.65 50.64 51.23 62.37 72.00
 7828.25 26.65 25.01 22.57 23.47 23.71 25.73 33.64 39.16 51.06 51.74 62.79 72.44
 7829.25 26.67 25.04 22.58 23.48 23.72 25.76 33.66 39.17 51.00 51.77 62.77 72.47
 7830.25 25.24 23.65 21.22 22.10 22.32 24.36 32.18 37.67 49.49 50.35 61.39 71.22
 7831.25 24.74 23.16 20.74 21.61 21.83 23.87 31.66 37.12 48.88 49.83 60.85 70.76
 7832.25 26.05 24.46 21.98 22.86 23.08 25.19 33.04 38.50 50.16 51.19 62.09 71.97
 7833.25 27.12 25.53 23.00 23.89 24.10 26.26 34.15 39.58 51.13 52.24 63.01 72.88
 7834.25 27.14 25.55 23.01 23.89 24.10 26.28 34.17 39.58 51.06 52.26 62.98 72.90
 7835.25 26.03 24.46 21.95 22.81 23.01 25.19 33.03 38.44 49.90 51.20 61.94 71.97
 7836.25 25.55 24.00 21.49 22.33 22.53 24.73 32.53 37.92 49.34 50.72 61.44 71.55
 7837.25 26.33 24.78 22.23 23.08 23.27 25.51 33.35 38.73 50.04 51.51 62.13 72.25
 7838.25 27.28 25.73 23.14 24.00 24.19 26.47 34.33 39.68 50.89 52.43 62.95 73.04
 7839.25 27.51 25.97 23.36 24.21 24.40 26.71 34.57 39.90 51.02 52.65 63.13 73.23
 7840.25 27.11 25.58 22.97 23.81 23.99 26.33 34.17 39.49 50.57 52.29 62.76 72.92
 7841.25 25.51 24.01 21.44 22.26 22.43 24.75 32.51 37.81 48.88 50.70 61.24 71.53
 7842.25 18.96 17.69 15.53 16.20 16.35 18.32 25.15 30.02 40.56 42.43 52.91 63.39
 7843.25 13.90 12.90 11.21 11.72 11.83 13.41 18.94 23.03 32.25 34.02 43.72 53.78
 7844.25 16.34 15.21 13.26 13.85 13.97 15.79 21.99 26.48 36.35 38.32 48.47 58.86
 7845.25 24.14 22.72 20.17 20.94 21.09 23.46 31.05 36.24 47.02 49.20 59.67 70.14
 7846.25 27.22 25.74 23.06 23.86 24.02 26.53 34.31 39.53 50.19 52.43 62.73 73.05
 7847.25 27.24 25.77 23.07 23.87 24.02 26.57 34.34 39.54 50.14 52.48 62.74 73.09
 7848.25 27.30 25.84 23.13 23.93 24.07 26.65 34.41 39.60 50.13 52.55 62.78 73.16
 7849.25 27.14 25.70 22.98 23.76 23.90 26.51 34.25 39.43 49.90 52.41 62.63 73.05
 7850.25 24.63 23.24 20.60 21.35 21.48 24.03 31.63 36.76 47.22 49.86 60.17 70.78
 7851.25 20.20 18.95 16.58 17.25 17.36 19.68 26.69 31.57 41.72 44.44 54.75 65.56
 7852.25 19.45 18.23 15.91 16.55 16.66 18.95 25.81 30.60 40.60 43.39 53.65 64.50
 7853.25 20.03 18.80 16.43 17.07 17.18 19.54 26.49 31.33 41.32 44.22 54.46 65.34
 7854.25 13.30 12.41 10.70 11.16 11.23 12.95 18.16 21.97 30.19 32.77 41.85 52.01
 7855.25  8.70  8.10  6.93  7.24  7.28  8.47 12.09 14.82 20.89 22.93 30.06 38.46
 7856.25  9.89  9.21  7.89  8.24  8.28  9.64 13.68 16.71 23.36 25.66 33.38 42.42
 7857.25 18.11 17.01 14.78 15.36 15.44 17.71 24.11 28.65 37.93 41.10 50.94 61.83
 7858.25 25.39 24.06 21.29 22.00 22.09 24.93 32.42 37.51 47.41 50.81 60.81 71.68
 7859.25 22.24 21.00 18.40 19.06 19.14 21.82 28.97 33.94 43.69 47.19 57.23 68.29
 7860.25 19.34 18.21 15.83 16.41 16.48 18.97 25.65 30.39 39.81 43.36 53.31 64.47
 7861.25 18.73 17.63 15.30 15.87 15.93 18.39 24.91 29.58 38.82 42.44 52.31 63.47
 7862.25 13.88 13.01 11.18 11.61 11.66 13.61 18.89 22.81 30.79 34.12 43.17 53.82
 7863.25 13.48 12.64 10.85 11.27 11.31 13.24 18.38 22.22 30.00 33.37 42.28 52.88
 7864.25 20.27 19.15 16.68 17.24 17.31 19.95 26.65 31.43 40.57 44.50 54.27 65.51
 7865.25 26.39 25.13 22.27 22.92 22.99 26.05 33.40 38.49 47.81 51.86 61.52 72.56
 7866.25 27.10 25.84 22.95 23.60 23.67 26.78 34.13 39.21 48.43 52.56 62.14 73.16
 7867.25 27.11 25.87 22.97 23.60 23.67 26.81 34.14 39.24 48.38 52.62 62.17 73.24
 7868.25 24.80 23.59 20.78 21.38 21.45 24.52 31.71 36.79 45.90 50.27 59.91 71.17
 7869.25 19.00 17.96 15.56 16.06 16.11 18.77 25.16 29.87 38.51 42.89 52.46 63.91
 7870.25 17.63 16.66 14.37 14.84 14.89 17.43 23.53 28.09 36.44 40.84 50.27 61.72
 7871.25 19.00 17.98 15.56 16.04 16.09 18.80 25.16 29.89 38.38 42.96 52.47 64.02
 7872.25 13.62 12.84 10.99 11.35 11.39 13.48 18.51 22.39 29.58 33.71 42.33 53.25
 7873.25 12.49 11.78 10.06 10.38 10.41 12.38 17.05 20.71 27.47 31.50 39.78 50.46
 7874.25 18.82 17.84 15.44 15.89 15.93 18.67 24.88 29.55 37.71 42.52 51.83 63.42
 7875.25 25.93 24.79 21.87 22.41 22.46 25.78 32.87 37.98 46.53 51.54 60.86 72.29
 7876.25 27.10 25.97 23.01 23.55 23.59 26.98 34.07 39.19 47.64 52.68 61.88 73.25
 7877.25 27.27 26.16 23.18 23.71 23.76 27.18 34.26 39.38 47.81 52.90 62.07 73.48
 7878.25 27.12 26.02 23.04 23.56 23.61 27.05 34.12 39.26 47.66 52.82 61.98 73.46
 7879.25 23.82 22.80 19.96 20.44 20.48 23.79 30.63 35.71 44.08 49.34 58.60 70.31
 7880.25 16.95 16.14 13.87 14.24 14.27 16.95 22.69 27.17 34.83 39.87 48.84 60.58
 7881.25 15.47 14.72 12.60 12.94 12.97 15.49 20.87 25.13 32.46 37.40 46.14 57.78
 7882.25 19.00 18.14 15.66 16.05 16.08 19.05 25.19 29.95 37.90 43.22 52.33 64.28
 7883.25 17.37 16.56 14.26 14.61 14.64 17.44 23.23 27.80 35.46 40.71 49.65 61.57
 7884.25 17.01 16.21 13.95 14.29 14.32 17.10 22.79 27.31 34.87 40.14 49.00 60.93
 7885.25 22.00 21.06 18.37 18.77 18.80 22.12 28.65 33.66 41.76 47.32 56.38 68.39
 7886.25 24.89 23.90 21.04 21.46 21.49 25.03 31.83 36.97 45.11 50.73 59.68 71.57
 7887.25 24.67 23.70 20.86 21.26 21.29 24.84 31.61 36.75 44.85 50.52 59.44 71.37
 7888.25 24.21 23.24 20.44 20.83 20.85 24.39 31.12 36.26 44.34 50.07 58.98 71.00
 7889.25 23.99 23.03 20.25 20.63 20.65 24.19 30.89 36.03 44.06 49.85 58.72 70.79
 7890.25 20.21 19.34 16.84 17.18 17.19 20.41 26.62 31.50 39.26 45.02 53.83 66.04
 7891.25 12.99 12.36 10.61 10.84 10.85 13.14 17.75 21.57 27.89 32.86 40.68 52.09
 7892.25 11.19 10.64  9.11  9.30  9.31 11.33 15.41 18.83 24.54 29.16 36.41 47.24
 7893.25 15.81 15.09 13.03 13.28 13.29 16.02 21.33 25.66 32.62 38.14 46.45 58.47
 7894.25 22.73 21.81 19.16 19.48 19.49 23.01 29.52 34.60 42.39 48.42 57.12 69.38
 7895.25 24.27 23.33 20.60 20.92 20.93 24.58 31.20 36.34 44.11 50.19 58.79 70.97
 7896.25 24.36 23.42 20.70 21.01 21.02 24.69 31.30 36.45 44.19 50.32 58.89 71.10
 7897.25 24.86 23.91 21.17 21.48 21.48 25.21 31.86 37.05 44.79 50.99 59.56 71.83
 7898.25 25.64 24.68 21.92 22.22 22.22 26.01 32.70 37.91 45.62 51.87 60.39 72.65
 7899.25 25.67 24.72 21.96 22.25 22.25 26.06 32.72 37.94 45.61 51.91 60.39 72.69
 7900.25 25.24 24.30 21.58 21.85 21.86 25.64 32.26 37.48 45.10 51.45 59.89 72.21
 7901.25 25.88 24.94 22.21 22.47 22.49 26.31 32.91 38.12 45.66 52.02 60.36 72.61
 7902.25 27.03 26.08 23.34 23.59 23.61 27.48 34.08 39.29 46.77 53.16 61.39 73.58
 7903.25 27.17 26.22 23.48 23.72 23.74 27.64 34.25 39.48 46.94 53.43 61.63 73.89
 7904.25 26.02 25.08 22.38 22.61 22.63 26.50 33.09 38.35 45.83 52.44 60.68 73.09
 7905.25 25.35 24.42 21.75 21.96 22.00 25.85 32.39 37.67 45.13 51.85 60.06 72.57
 7906.25 26.24 25.31 22.61 22.82 22.86 26.76 33.31 38.61 46.01 52.78 60.90 73.38
 7907.25 26.17 25.25 22.57 22.77 22.81 26.72 33.24 38.54 45.89 52.73 60.78 73.31
 7908.25 25.24 24.33 21.70 21.88 21.93 25.80 32.25 37.52 44.83 51.74 59.75 72.37
 7909.25 25.28 24.38 21.76 21.93 21.99 25.86 32.28 37.56 44.83 51.81 59.75 72.43
 7910.25 26.27 25.37 22.73 22.89 22.95 26.88 33.34 38.62 45.87 52.92 60.78 73.50
 7911.25 25.75 24.86 22.24 22.39 22.45 26.38 32.81 38.09 45.35 52.50 60.35 73.22
 7912.25 24.35 23.48 20.93 21.07 21.13 25.00 31.35 36.60 43.87 51.14 59.00 72.07
 7913.25 20.77 19.97 17.64 17.75 17.82 21.39 27.35 32.40 39.50 46.81 54.66 67.99
 7914.25 13.78 13.19 11.50 11.58 11.63 14.25 18.82 22.87 28.81 35.29 42.38 55.09
 7915.25  8.39  8.02  6.94  6.99  7.02  8.70 11.70 14.44 18.60 23.37 28.72 38.92
 7916.25  7.83  7.48  6.48  6.52  6.55  8.13 10.93 13.51 17.43 22.00 27.06 36.89
 7917.25 13.26 12.72 11.10 11.15 11.21 13.77 18.14 22.04 27.77 34.28 41.07 53.76
 7918.25 23.25 22.45 20.01 20.08 20.18 24.01 30.14 35.27 42.40 50.13 57.67 71.27
 7919.25 24.85 24.04 21.53 21.58 21.69 25.66 31.90 37.09 44.24 52.04 59.50 73.08
 7920.25 21.67 20.92 18.58 18.62 18.73 22.46 28.41 33.46 40.50 48.37 55.82 69.63
 7921.25 19.64 18.94 16.75 16.78 16.88 20.40 26.08 30.96 37.84 45.70 53.08 67.04
 7922.25 14.28 13.73 12.03 12.04 12.12 14.90 19.50 23.59 29.57 36.73 43.56 57.07
 7923.25 10.91 10.48  9.14  9.15  9.21 11.42 15.13 18.50 23.54 29.82 35.84 48.29
 7924.25 14.14 13.61 11.93 11.93 12.02 14.79 19.32 23.36 29.27 36.53 43.21 56.80
 7925.25 21.97 21.26 18.94 18.93 19.06 22.86 28.76 33.77 40.76 49.01 56.20 70.43
 7926.25 24.63 23.89 21.44 21.42 21.57 25.60 31.71 36.84 43.92 52.25 59.35 73.53
 7927.25 25.58 24.84 22.37 22.34 22.49 26.58 32.71 37.83 44.90 53.24 60.24 74.39
 7928.25 26.52 25.80 23.31 23.27 23.43 27.55 33.66 38.74 45.77 54.08 60.96 75.04
 7929.25 26.02 25.30 22.84 22.78 22.95 27.06 33.14 38.22 45.27 53.66 60.50 74.71
 7930.25 24.46 23.77 21.36 21.29 21.46 25.51 31.54 36.61 43.71 52.24 59.12 73.60
 7931.25 22.84 22.18 19.86 19.78 19.94 23.88 29.78 34.80 41.89 50.50 57.37 72.06
 7932.25 17.28 16.72 14.80 14.73 14.87 18.17 23.28 27.78 34.36 42.65 49.33 64.11
 7933.25 12.92 12.49 10.98 10.91 11.02 13.65 17.81 21.58 27.27 34.73 40.82 54.92
 7934.25 14.36 13.90 12.25 12.16 12.29 15.17 19.67 23.70 29.76 37.64 43.92 58.49
 7935.25 20.61 20.01 17.86 17.73 17.91 21.66 27.25 32.08 39.07 47.84 54.49 69.62
 7936.25 24.62 23.97 21.62 21.46 21.66 25.78 31.73 36.75 43.92 52.79 59.35 74.34
 7937.25 25.65 25.00 22.63 22.45 22.67 26.85 32.82 37.85 45.02 53.90 60.37 75.34
 7938.25 26.57 25.92 23.53 23.34 23.57 27.79 33.77 38.78 45.93 54.83 61.21 76.17
 7939.25 26.75 26.11 23.72 23.52 23.75 27.98 33.95 38.95 46.11 55.04 61.36 76.38
 7940.25 26.34 25.70 23.33 23.11 23.35 27.58 33.52 38.51 45.69 54.70 60.98 76.12
 7941.25 26.06 25.42 23.08 22.84 23.09 27.31 33.23 38.21 45.40 54.47 60.71 75.94
 7942.25 26.00 25.37 23.03 22.78 23.04 27.26 33.16 38.13 45.33 54.45 60.64 75.95
 7943.25 25.94 25.31 22.99 22.73 22.99 27.22 33.11 38.06 45.28 54.46 60.60 76.02
 7944.25 25.56 24.94 22.64 22.36 22.63 26.86 32.73 37.66 44.90 54.16 60.26 75.79
 7945.25 25.35 24.73 22.44 22.15 22.43 26.65 32.50 37.42 44.67 53.99 60.05 75.68
 7946.25 25.07 24.47 22.20 21.89 22.18 26.39 32.22 37.12 44.37 53.75 59.76 75.49
 7947.25 23.91 23.32 21.11 20.79 21.08 25.22 30.98 35.83 43.09 52.54 58.52 74.41
 7948.25 23.64 23.05 20.86 20.53 20.83 24.95 30.69 35.51 42.77 52.29 58.23 74.22
 7949.25 24.10 23.52 21.31 20.97 21.28 25.44 31.20 36.02 43.30 52.86 58.76 74.79
 7950.25 18.61 18.11 16.23 15.93 16.19 19.79 24.92 29.34 36.25 45.63 51.46 67.73
 7951.25 13.85 13.45 11.96 11.71 11.93 14.82 19.05 22.80 28.87 37.47 42.89 58.66
 7952.25 16.55 16.09 14.38 14.08 14.34 17.66 22.44 26.58 33.21 42.44 48.08 64.37
 7953.25 23.61 23.05 20.91 20.51 20.85 24.99 30.67 35.38 42.68 52.45 58.18 74.49
 7954.25 25.32 24.75 22.55 22.13 22.48 26.75 32.52 37.26 44.57 54.38 60.01 76.23
 7955.25 25.71 25.14 22.94 22.50 22.87 27.16 32.93 37.66 44.98 54.86 60.40 76.66
 7956.25 26.62 26.06 23.85 23.39 23.77 28.10 33.87 38.58 45.88 55.81 61.24 77.45
 7957.25 26.83 26.27 24.07 23.59 23.98 28.32 34.08 38.76 46.05 56.05 61.37 77.61
 7958.25 26.75 26.20 24.01 23.52 23.92 28.25 33.99 38.63 45.91 55.98 61.20 77.45
 7959.25 26.68 26.13 23.95 23.45 23.86 28.19 33.91 38.55 45.83 56.00 61.14 77.46
 7960.25 26.50 25.97 23.80 23.29 23.70 28.03 33.74 38.35 45.64 55.89 60.95 77.33
 7961.25 26.37 25.84 23.69 23.16 23.58 27.91 33.60 38.20 45.49 55.84 60.82 77.26
 7962.25 26.37 25.84 23.70 23.15 23.58 27.92 33.60 38.18 45.47 55.92 60.81 77.30
 7963.25 26.40 25.88 23.75 23.19 23.63 27.97 33.64 38.20 45.49 56.03 60.83 77.38
 7964.25 25.24 24.73 22.64 22.07 22.51 26.82 32.46 37.01 44.36 55.08 59.85 76.66
 7965.25 16.93 16.52 14.88 14.43 14.78 18.20 22.91 26.87 33.56 43.90 48.51 65.58
 7966.25  9.29  9.04  8.06  7.79  8.00 10.07 13.04 15.64 20.28 28.02 31.57 45.86
 7967.25  8.68  8.44  7.53  7.27  7.47  9.41 12.20 14.65 19.05 26.50 29.83 43.68
 7968.25 14.81 14.43 12.98 12.54 12.87 15.98 20.26 23.89 30.18 40.33 44.55 61.52
 7969.25 21.87 21.36 19.43 18.83 19.28 23.40 28.79 33.18 40.53 51.86 56.28 73.89
 7970.25 20.48 19.98 18.14 17.55 17.99 21.98 27.20 31.49 38.76 50.15 54.50 72.29
 7971.25 22.43 21.90 19.98 19.35 19.81 24.03 29.39 33.76 41.13 52.64 56.89 74.61
 7972.25 25.55 24.98 22.96 22.28 22.77 27.25 32.75 37.19 44.61 56.14 60.25 77.79
 7973.25 26.21 25.64 23.61 22.91 23.41 27.95 33.44 37.87 45.29 56.90 60.92 78.50
 7974.25 26.02 25.44 23.43 22.72 23.23 27.79 33.23 37.65 45.08 56.78 60.72 78.40
 7975.25 25.97 25.38 23.38 22.66 23.17 27.76 33.17 37.57 45.01 56.82 60.68 78.45
 7976.25 26.52 25.92 23.92 23.19 23.70 28.35 33.73 38.11 45.56 57.42 61.19 79.00
 7977.25 26.11 25.51 23.52 22.78 23.30 27.96 33.30 37.67 45.15 57.12 60.82 78.77
 7978.25 22.29 21.72 19.87 19.18 19.66 24.07 29.18 33.44 40.89 53.06 56.73 75.15
 7979.25 18.26 17.75 16.12 15.50 15.93 19.88 24.51 28.47 35.59 47.60 51.17 69.81
 7980.25 17.58 17.09 15.50 14.90 15.31 19.19 23.69 27.56 34.59 46.58 50.05 68.74
 7981.25 14.23 13.81 12.48 11.96 12.31 15.62 19.49 22.89 29.23 40.45 43.66 61.87
 7982.25 13.04 12.64 11.41 10.92 11.25 14.35 17.94 21.13 27.18 38.04 41.08 59.02
 7983.25 18.84 18.32 16.68 16.02 16.46 20.58 25.12 29.04 36.23 48.54 51.76 70.66
 7984.25 25.59 24.99 23.05 22.25 22.78 27.63 32.70 36.93 44.52 57.07 60.19 78.76
 7985.25 26.81 26.20 24.23 23.41 23.94 28.89 33.95 38.17 45.76 58.34 61.36 79.89
 7986.25 26.95 26.35 24.38 23.55 24.08 29.07 34.10 38.31 45.91 58.57 61.51 80.13
 7987.25 26.60 25.99 24.04 23.19 23.73 28.74 33.73 37.93 45.57 58.35 61.21 79.97
 7988.25 25.81 25.21 23.27 22.42 22.95 27.97 32.92 37.10 44.78 57.71 60.51 79.47
 7989.25 25.01 24.42 22.50 21.65 22.18 27.19 32.09 36.24 43.95 57.02 59.75 78.89
 7990.25 25.08 24.48 22.57 21.71 22.24 27.28 32.15 36.28 44.00 57.14 59.78 79.00
 7991.25 25.60 25.00 23.07 22.20 22.73 27.84 32.69 36.80 44.54 57.73 60.28 79.52
 7992.25 25.60 25.00 23.07 22.19 22.72 27.87 32.69 36.78 44.54 57.82 60.30 79.64
 7993.25 22.83 22.26 20.43 19.59 20.09 25.03 29.68 33.68 41.39 54.82 57.24 76.94
 7994.25 13.24 12.86 11.63 11.07 11.40 14.79 18.13 21.13 27.30 38.99 41.11 59.89
 7995.25  8.16  7.91  7.12  6.75  6.97  9.18 11.39 13.43 17.78 26.52 28.10 43.43
 7996.25  9.37  9.09  8.19  7.77  8.01 10.55 13.04 15.31 20.19 29.90 31.56 48.17
 7997.25 17.35 16.88 15.37 14.64 15.06 19.32 23.26 26.74 33.88 47.04 49.09 69.08
 7998.25 24.42 23.84 21.97 21.04 21.57 26.83 31.42 35.35 43.19 56.99 58.99 78.92
 7999.25 24.94 24.36 22.47 21.53 22.06 27.39 31.97 35.89 43.74 57.60 59.50 79.44
 8000.25 24.49 23.92 22.05 21.10 21.63 26.96 31.49 35.37 43.24 57.18 59.01 79.07
 8001.25 24.99 24.41 22.53 21.56 22.09 27.50 32.03 35.90 43.80 57.84 59.58 79.73
 8002.25 25.54 24.96 23.07 22.07 22.62 28.10 32.63 36.49 44.43 58.55 60.21 80.43
 8003.25 25.41 24.83 22.94 21.94 22.49 27.99 32.49 36.33 44.28 58.50 60.08 80.41
 8004.25 25.29 24.71 22.83 21.82 22.36 27.89 32.35 36.18 44.14 58.45 59.95 80.37
 8005.25 25.64 25.06 23.18 22.15 22.70 28.28 32.73 36.54 44.51 58.88 60.30 80.76
 8006.25 25.84 25.25 23.38 22.33 22.89 28.51 32.91 36.71 44.66 59.09 60.41 80.88
 8007.25 25.87 25.29 23.43 22.38 22.93 28.56 32.92 36.70 44.61 59.10 60.27 80.71
 8008.25 26.29 25.71 23.83 22.76 23.32 29.02 33.36 37.14 45.07 59.72 60.74 81.27
 8009.25 26.72 26.13 24.25 23.16 23.72 29.49 33.83 37.61 45.57 60.43 61.30 81.97
 8010.25 26.69 26.10 24.22 23.12 23.68 29.49 33.80 37.58 45.54 60.58 61.28 82.05
 8011.25 26.85 26.27 24.39 23.28 23.84 29.69 33.96 37.72 45.68 60.84 61.39 82.18
 8012.25 26.51 25.93 24.07 22.95 23.51 29.37 33.59 37.33 45.28 60.58 60.97 81.83
 8013.25 25.77 25.19 23.35 22.24 22.79 28.66 32.82 36.54 44.49 59.98 60.22 81.21
 8014.25 24.08 23.51 21.72 20.63 21.17 26.96 31.03 34.73 42.70 58.50 58.58 79.92
 8015.25 17.76 17.28 15.80 14.90 15.33 20.25 23.77 27.09 34.49 50.04 49.97 71.70
 8016.25 13.82 13.43 12.22 11.47 11.83 15.93 18.89 21.75 28.31 42.85 42.63 63.77
 8017.25 17.06 16.59 15.17 14.28 14.70 19.55 22.92 26.16 33.45 49.17 48.79 70.63
 8018.25 23.65 23.07 21.33 20.20 20.74 26.68 30.56 34.23 42.21 58.70 58.16 79.94
 8019.25 26.29 25.69 23.88 22.69 23.25 29.46 33.38 37.08 45.08 61.59 60.89 82.45
 8020.25 26.21 25.61 23.81 22.61 23.17 29.42 33.29 36.97 44.97 61.62 60.77 82.38
 8021.25 23.92 23.34 21.60 20.44 20.97 27.09 30.86 34.50 42.50 59.45 58.43 80.36
 8022.25 21.78 21.22 19.57 18.45 18.96 24.87 28.49 32.05 39.96 57.10 55.92 78.07
 8023.25 23.34 22.75 21.06 19.89 20.41 26.56 30.21 33.81 41.79 59.04 57.72 79.67
 8024.25 26.13 25.52 23.75 22.51 23.06 29.50 33.19 36.83 44.83 62.09 60.63 82.24
 8025.25 25.78 25.17 23.41 22.17 22.71 29.18 32.83 36.46 44.49 61.96 60.34 82.02
 8026.25 19.76 19.23 17.71 16.64 17.10 22.82 26.11 29.48 37.16 54.70 52.90 75.02
 8027.25 11.45 11.10 10.12  9.43  9.73 13.52 15.77 18.17 23.95 38.55 36.87 56.91
 8028.25  9.65  9.35  8.52  7.93  8.18 11.46 13.39 15.48 20.58 33.89 32.22 50.86
 8029.25 14.36 13.93 12.76 11.90 12.26 16.92 19.52 22.34 29.02 45.55 43.42 64.76
 8030.25 20.15 19.60 18.08 16.95 17.42 23.44 26.63 30.03 37.87 56.23 53.80 75.96
 8031.25 21.06 20.50 18.95 17.77 18.25 24.48 27.69 31.14 39.07 57.65 55.06 77.16
 8032.25 23.61 23.01 21.37 20.10 20.61 27.24 30.53 34.08 42.15 60.88 58.16 80.01
 8033.25 24.75 24.15 22.47 21.16 21.69 28.48 31.75 35.32 43.42 62.20 59.35 81.01
 8034.25 24.75 24.15 22.48 21.16 21.69 28.52 31.74 35.30 43.40 62.31 59.31 80.92
 8035.25 25.95 25.33 23.64 22.30 22.83 29.80 33.00 36.57 44.68 63.65 60.52 81.98
 8036.25 26.03 25.42 23.73 22.37 22.90 29.93 33.08 36.65 44.76 63.89 60.60 82.04
 8037.25 25.91 25.30 23.62 22.25 22.78 29.86 32.96 36.54 44.67 63.98 60.54 82.00
 8038.25 26.49 25.87 24.18 22.80 23.33 30.50 33.56 37.13 45.27 64.70 61.11 82.51
 8039.25 27.05 26.43 24.73 23.34 23.87 31.11 34.12 37.69 45.81 65.31 61.59 82.87
 8040.25 27.24 26.62 24.93 23.52 24.06 31.35 34.31 37.88 46.01 65.63 61.77 83.02
 8041.25 27.00 26.38 24.70 23.28 23.81 31.15 34.06 37.64 45.78 65.59 61.57 82.84
 8042.25 26.44 25.82 24.15 22.74 23.27 30.62 33.47 37.04 45.20 65.18 61.01 82.29
 8043.25 26.05 25.44 23.78 22.37 22.89 30.26 33.05 36.61 44.77 64.91 60.59 81.86
 8044.25 26.35 25.73 24.08 22.65 23.17 30.61 33.36 36.91 45.07 65.32 60.86 82.07
 8045.25 26.93 26.31 24.65 23.20 23.73 31.25 33.95 37.50 45.66 66.00 61.41 82.53
 8046.25 27.31 26.68 25.02 23.56 24.09 31.68 34.34 37.90 46.06 66.54 61.80 82.90
 8047.25 27.24 26.62 24.96 23.48 24.02 31.67 34.28 37.84 46.04 66.71 61.82 82.95
 8048.25 27.05 26.42 24.77 23.28 23.82 31.51 34.07 37.64 45.85 66.70 61.65 82.79
 8049.25 27.00 26.37 24.73 23.23 23.77 31.51 34.02 37.58 45.80 66.79 61.60 82.72
 8050.25 27.03 26.40 24.76 23.25 23.79 31.58 34.04 37.60 45.83 66.98 61.64 82.74
 8051.25 25.83 25.20 23.59 22.09 22.63 30.39 32.80 36.35 44.61 66.04 60.51 81.75
 8052.25 23.67 23.06 21.51 20.06 20.57 28.16 30.48 34.00 42.23 63.96 58.23 79.68
 8053.25 19.55 19.00 17.62 16.32 16.78 23.69 25.79 29.11 37.00 58.73 52.82 74.50
 8054.25 16.56 16.07 14.85 13.70 14.11 20.33 22.21 25.28 32.70 53.97 48.00 69.53
 8055.25 20.30 19.74 18.34 16.99 17.46 24.60 26.65 30.03 38.00 60.08 53.87 75.48
 8056.25 26.14 25.50 23.91 22.35 22.90 30.92 33.08 36.68 44.92 67.03 60.79 81.88
 8057.25 27.22 26.57 24.97 23.38 23.94 32.07 34.19 37.80 46.02 68.15 61.80 82.74
 8058.25 27.14 26.47 24.89 23.28 23.85 32.01 34.09 37.70 45.92 68.21 61.70 82.62
 8059.25 27.24 26.57 24.99 23.38 23.94 32.16 34.18 37.80 46.00 68.47 61.77 82.62
 8060.25 27.36 26.68 25.10 23.48 24.04 32.31 34.29 37.91 46.11 68.85 61.89 82.70
 8061.25 27.22 26.53 24.96 23.33 23.90 32.21 34.14 37.77 45.98 69.04 61.79 82.61
 8062.25 25.25 24.57 23.04 21.44 22.00 30.20 32.07 35.69 43.92 67.48 59.87 80.89
 8063.25 17.70 17.14 15.91 14.63 15.07 21.90 23.47 26.69 34.24 57.64 49.72 71.01
 8064.25 12.98 12.54 11.58 10.58 10.93 16.36 17.61 20.27 26.70 48.28 40.60 60.84
 8065.25 15.47 14.95 13.85 12.68 13.08 19.35 20.73 23.73 30.83 54.08 45.76 66.71
 8066.25 23.36 22.68 21.23 19.65 20.19 28.33 29.98 33.58 41.75 66.62 57.80 78.94
 8067.25 27.01 26.29 24.76 23.05 23.64 32.22 33.87 37.56 45.78 70.61 61.67 82.38
 8068.25 26.95 26.22 24.70 22.98 23.57 32.19 33.80 37.49 45.71 70.83 61.62 82.30
 8069.25 26.92 26.18 24.67 22.94 23.54 32.19 33.74 37.45 45.65 71.02 61.55 82.19
 8070.25 27.18 26.43 24.93 23.19 23.78 32.49 33.99 37.70 45.89 71.47 61.75 82.31
 8071.25 27.64 26.88 25.38 23.61 24.22 32.99 34.45 38.17 46.35 72.18 62.21 82.71
 8072.25 27.93 27.17 25.66 23.88 24.49 33.33 34.75 38.47 46.66 72.75 62.51 82.98
 8073.25 27.98 27.20 25.71 23.91 24.53 33.42 34.79 38.52 46.70 73.08 62.57 83.01
 8074.25 27.79 27.02 25.53 23.73 24.34 33.27 34.59 38.33 46.52 73.19 62.40 82.83
 8075.25 27.44 26.66 25.19 23.38 23.99 32.94 34.22 37.97 46.17 73.15 62.08 82.51
 8076.25 26.72 25.94 24.48 22.67 23.29 32.25 33.47 37.24 45.45 72.82 61.44 81.93
 8077.25 26.73 25.94 24.48 22.66 23.28 32.29 33.47 37.25 45.47 73.13 61.47 81.95
 8078.25 26.86 26.06 24.61 22.77 23.40 32.46 33.59 37.37 45.59 73.49 61.58 82.00
 8079.25 25.57 24.78 23.36 21.54 22.15 31.16 32.24 36.02 44.26 72.61 60.35 80.85
 8080.25 25.94 25.14 23.71 21.88 22.50 31.58 32.62 36.41 44.64 73.21 60.71 81.09
 8081.25 27.50 26.68 25.24 23.36 23.99 33.21 34.21 38.01 46.22 74.80 62.16 82.25
 8082.25 27.86 27.04 25.60 23.70 24.34 33.62 34.57 38.37 46.57 75.37 62.48 82.45
 8083.25 27.67 26.85 25.42 23.51 24.15 33.47 34.37 38.19 46.39 75.49 62.33 82.23
 8084.25 27.24 26.41 24.99 23.09 23.72 33.06 33.92 37.74 45.95 75.33 61.90 81.73
 8085.25 26.67 25.84 24.44 22.54 23.17 32.50 33.31 37.13 45.34 75.03 61.32 81.08
 8086.25 25.39 24.56 23.18 21.31 21.92 31.20 31.97 35.79 44.03 74.25 60.15 80.01
 8087.25 24.36 23.54 22.19 20.34 20.94 30.16 30.88 34.69 42.94 73.61 59.14 79.06
 8088.25 25.40 24.56 23.19 21.30 21.91 31.29 31.97 35.81 44.07 74.88 60.23 79.93
 8089.25 27.39 26.52 25.13 23.18 23.81 33.38 34.01 37.87 46.10 76.81 62.09 81.46
 8090.25 27.97 27.09 25.70 23.74 24.37 33.99 34.58 38.43 46.63 77.44 62.54 81.72
 8091.25 28.02 27.13 25.75 23.78 24.40 34.08 34.62 38.48 46.68 77.75 62.60 81.69
 8092.25 28.16 27.27 25.89 23.91 24.53 34.26 34.76 38.63 46.84 78.19 62.77 81.77
 8093.25 27.99 27.08 25.71 23.73 24.35 34.11 34.56 38.45 46.66 78.28 62.60 81.52
 8094.25 26.42 25.52 24.18 22.22 22.83 32.54 32.94 36.83 45.07 77.19 61.14 80.11
 8095.25 22.23 21.38 20.14 18.34 18.89 28.06 28.41 32.19 40.33 73.18 56.54 75.82
 8096.25 21.05 20.22 19.02 17.27 17.81 26.75 27.07 30.79 38.85 71.96 55.02 74.26
 8097.25 24.56 23.66 22.37 20.45 21.03 30.59 30.94 34.81 43.06 76.21 59.24 78.12
 8098.25 27.29 26.35 25.02 23.01 23.62 33.40 33.79 37.70 45.94 78.92 61.95 80.45
 8099.25 27.82 26.87 25.54 23.51 24.13 33.90 34.32 38.25 46.48 79.63 62.45 80.81
 8100.25 27.73 26.77 25.44 23.41 24.02 33.77 34.22 38.17 46.40 79.87 62.42 80.72
 8101.25 27.50 26.54 25.22 23.18 23.79 33.49 33.97 37.93 46.17 79.91 62.20 80.42
 8102.25 26.98 26.01 24.70 22.67 23.28 32.91 33.42 37.39 45.64 79.73 61.72 79.90
 8103.25 23.57 22.64 21.41 19.49 20.06 29.24 29.78 33.69 41.90 76.75 58.15 76.57
 8104.25 18.40 17.59 16.54 14.90 15.38 23.38 23.89 27.47 35.18 70.08 51.07 69.55
 8105.25 18.50 17.68 16.64 14.98 15.46 23.45 24.00 27.60 35.31 70.49 51.22 69.60
 8106.25 23.42 22.47 21.28 19.33 19.89 28.95 29.59 33.53 41.72 77.34 57.99 76.13
 8107.25 26.20 25.19 23.96 21.89 22.48 31.86 32.54 36.56 44.79 80.21 60.93 78.67
 8108.25 26.93 25.91 24.67 22.57 23.18 32.56 33.28 37.31 45.53 81.02 61.59 79.15
 8109.25 27.13 26.11 24.88 22.75 23.36 32.73 33.49 37.53 45.75 81.50 61.83 79.29
 8110.25 27.13 26.10 24.88 22.75 23.36 32.69 33.48 37.54 45.76 81.74 61.84 79.22
 8111.25 27.27 26.23 25.02 22.87 23.48 32.78 33.61 37.68 45.90 82.00 61.98 79.25
 8112.25 27.29 26.24 25.04 22.88 23.49 32.74 33.60 37.68 45.87 81.85 61.92 79.06
 8113.25 27.17 26.12 24.93 22.77 23.38 32.55 33.44 37.51 45.67 81.37 61.66 78.63
 8114.25 27.40 26.35 25.17 22.99 23.60 32.75 33.67 37.76 45.91 81.44 61.91 78.75
 8115.25 27.80 26.73 25.56 23.34 23.96 33.13 34.10 38.22 46.41 81.95 62.49 79.31
 8116.25 27.94 26.85 25.69 23.45 24.07 33.23 34.23 38.38 46.58 82.04 62.71 79.45
 8117.25 27.92 26.82 25.66 23.41 24.03 33.15 34.18 38.33 46.53 81.80 62.65 79.27
 8118.25 27.97 26.86 25.71 23.46 24.07 33.13 34.20 38.35 46.52 81.52 62.59 79.05
 8119.25 28.11 26.99 25.85 23.58 24.20 33.22 34.32 38.48 46.64 81.44 62.71 79.04
 8120.25 28.15 27.01 25.89 23.60 24.22 33.20 34.34 38.51 46.66 81.30 62.73 78.96
 8121.25 27.94 26.80 25.68 23.40 24.01 32.93 34.10 38.27 46.41 80.84 62.47 78.56
 8122.25 27.79 26.63 25.53 23.24 23.85 32.71 33.92 38.09 46.22 80.48 62.28 78.26
 8123.25 27.77 26.60 25.51 23.21 23.82 32.64 33.88 38.08 46.21 80.35 62.30 78.19
 8124.25 27.64 26.46 25.38 23.06 23.67 32.47 33.76 37.97 46.13 80.24 62.29 78.13
 8125.25 27.50 26.31 25.24 22.92 23.52 32.27 33.60 37.81 45.96 79.91 62.13 77.86
 8126.25 27.74 26.53 25.47 23.13 23.74 32.46 33.82 38.04 46.20 79.95 62.35 77.96
 8127.25 27.99 26.77 25.71 23.35 23.96 32.67 34.08 38.31 46.48 80.09 62.65 78.16
 8128.25 27.63 26.39 25.35 22.98 23.59 32.26 33.71 37.96 46.17 79.78 62.42 77.90
 8129.25 27.03 25.80 24.77 22.42 23.02 31.58 33.06 37.29 45.47 78.83 61.68 77.01
 8130.25 26.88 25.64 24.63 22.29 22.88 31.32 32.84 37.03 45.14 77.99 61.19 76.25
 8131.25 27.53 26.28 25.27 22.89 23.49 31.95 33.51 37.72 45.85 78.52 61.89 76.85
 8132.25 27.55 26.27 25.28 22.88 23.48 31.92 33.53 37.75 45.91 78.51 62.00 76.89
 8133.25 26.41 25.15 24.18 21.83 22.41 30.65 32.27 36.44 44.51 76.63 60.44 75.09
 8134.25 25.90 24.64 23.70 21.36 21.94 30.05 31.70 35.84 43.85 75.60 59.68 74.13
 8135.25 26.79 25.50 24.55 22.16 22.75 30.93 32.64 36.82 44.89 76.61 60.80 75.20
 8136.25 27.32 26.00 25.05 22.62 23.22 31.46 33.22 37.45 45.61 77.43 61.65 76.08
 8137.25 27.24 25.90 24.95 22.50 23.10 31.35 33.16 37.43 45.66 77.61 61.85 76.34
 8138.25 27.17 25.82 24.87 22.42 23.02 31.24 33.10 37.39 45.66 77.57 61.92 76.40
 8139.25 26.74 25.39 24.45 22.02 22.61 30.71 32.62 36.88 45.11 76.72 61.30 75.66
 8140.25 24.69 23.37 22.45 20.13 20.69 28.48 30.39 34.58 42.71 74.01 58.80 73.06
 8141.25 22.51 21.23 20.35 18.15 18.69 26.09 28.00 32.10 40.12 71.25 56.17 70.42
 8142.25 23.78 22.45 21.54 19.27 19.83 27.38 29.39 33.57 41.70 72.77 57.83 72.04
 8143.25 26.42 25.01 24.06 21.67 22.27 30.07 32.20 36.47 44.69 75.51 60.83 74.90
 8144.25 27.62 26.18 25.22 22.80 23.40 31.23 33.44 37.73 45.95 76.47 62.03 75.97
 8145.25 28.05 26.58 25.62 23.19 23.80 31.60 33.87 38.17 46.41 76.77 62.50 76.38
 8146.25 27.83 26.36 25.40 22.99 23.60 31.28 33.60 37.87 46.06 76.02 62.02 75.74
 8147.25 26.23 24.77 23.83 21.49 22.08 29.55 31.90 36.13 44.29 74.06 60.24 73.89
 8148.25 22.37 20.99 20.12 17.97 18.52 25.44 27.75 31.84 39.87 69.65 55.84 69.59
 8149.25 20.90 19.55 18.72 16.66 17.19 23.81 26.10 30.11 38.04 67.63 53.95 67.69
 8150.25 24.11 22.64 21.73 19.48 20.06 27.15 29.65 33.86 42.07 71.76 58.22 71.93
 8151.25 27.60 26.03 25.07 22.68 23.30 30.70 33.34 37.66 45.98 75.38 62.11 75.67
 8152.25 27.88 26.30 25.35 22.97 23.60 30.89 33.57 37.84 46.06 74.91 61.99 75.30
 8153.25 27.35 25.78 24.84 22.50 23.12 30.25 32.96 37.18 45.33 73.70 61.08 74.19
 8154.25 26.86 25.29 24.36 22.06 22.67 29.65 32.38 36.56 44.62 72.50 60.20 73.10
 8155.25 27.46 25.85 24.91 22.58 23.20 30.22 33.06 37.30 45.48 73.56 61.27 74.29
 8156.25 28.44 26.77 25.81 23.43 24.07 31.18 34.14 38.46 46.80 75.20 62.87 76.05
 8157.25 28.23 26.56 25.61 23.25 23.89 30.88 33.87 38.15 46.44 74.41 62.36 75.36
 8158.25 27.95 26.28 25.34 22.99 23.64 30.51 33.54 37.80 46.04 73.66 61.86 74.72
 8159.25 28.52 26.80 25.85 23.47 24.13 31.04 34.19 38.51 46.88 74.71 62.93 75.90
 8160.25 28.20 26.48 25.53 23.17 23.83 30.64 33.82 38.12 46.46 73.99 62.43 75.28
 8161.25 26.47 24.80 23.90 21.65 22.28 28.73 31.85 35.98 44.01 70.38 59.40 71.73
 8162.25 25.74 24.08 23.20 20.99 21.62 27.89 31.02 35.09 43.02 68.87 58.21 70.32
 8163.25 26.74 25.02 24.11 21.84 22.49 28.87 32.14 36.30 44.41 70.62 59.92 72.22
 8164.25 26.58 24.86 23.96 21.72 22.37 28.63 31.92 36.04 44.09 69.85 59.44 71.56
 8165.25 27.15 25.38 24.47 22.18 22.85 29.15 32.56 36.75 44.94 70.89 60.53 72.76
 8166.25 28.38 26.53 25.59 23.23 23.92 30.37 33.96 38.28 46.72 73.25 62.78 75.32
 8167.25 28.63 26.76 25.81 23.44 24.14 30.56 34.23 38.57 47.06 73.49 63.18 75.71
 8168.25 27.79 25.95 25.02 22.70 23.40 29.62 33.26 37.52 45.84 71.56 61.64 73.87
 8169.25 26.54 24.74 23.85 21.61 22.29 28.22 31.81 35.93 44.01 68.73 59.31 71.11
 8170.25 26.92 25.09 24.19 21.94 22.63 28.55 32.23 36.39 44.55 69.25 59.97 71.80
 8171.25 28.57 26.64 25.70 23.35 24.08 30.18 34.06 38.38 46.83 72.17 62.78 74.96
 8172.25 29.10 27.13 26.18 23.80 24.54 30.67 34.66 39.04 47.60 73.05 63.73 76.01
 8173.25 28.90 26.91 25.96 23.59 24.33 30.39 34.44 38.83 47.41 72.69 63.56 75.80
 8174.25 28.80 26.80 25.85 23.49 24.24 30.22 34.32 38.71 47.30 72.34 63.43 75.59
 8175.25 28.68 26.67 25.72 23.37 24.12 30.01 34.15 38.52 47.05 71.76 63.10 75.14
 8176.25 27.56 25.61 24.67 22.41 23.14 28.78 32.86 37.10 45.38 69.22 61.00 72.65
 8177.25 26.40 24.49 23.58 21.40 22.12 27.50 31.50 35.61 43.61 66.55 58.78 70.02
 8178.25 26.66 24.72 23.80 21.62 22.34 27.69 31.78 35.93 43.95 66.84 59.23 70.48
 8179.25 27.70 25.69 24.74 22.50 23.25 28.68 32.95 37.20 45.39 68.66 61.07 72.54
 8180.25 28.65 26.57 25.59 23.29 24.07 29.58 34.01 38.36 46.72 70.33 62.77 74.43
 8181.25 28.34 26.26 25.28 23.00 23.78 29.19 33.64 37.96 46.24 69.53 62.22 73.75
 8182.25 28.07 25.98 25.00 22.75 23.53 28.86 33.33 37.64 45.87 68.89 61.82 73.26
 8183.25 28.80 26.66 25.65 23.36 24.17 29.54 34.13 38.52 46.86 70.05 63.08 74.63
 8184.25 29.33 27.15 26.13 23.82 24.64 30.03 34.69 39.12 47.49 70.67 63.85 75.43
 8185.25 29.03 26.85 25.83 23.54 24.37 29.67 34.34 38.74 47.04 69.90 63.33 74.78
 8186.25 28.28 26.12 25.11 22.87 23.69 28.86 33.51 37.86 46.03 68.45 62.17 73.44
 8187.25 28.47 26.28 25.25 23.00 23.84 29.00 33.71 38.09 46.30 68.66 62.56 73.83
 8188.25 28.25 26.06 25.04 22.81 23.65 28.72 33.43 37.78 45.89 67.89 62.04 73.16
 8189.25 26.62 24.47 23.47 21.32 22.14 27.02 31.66 35.92 43.87 65.38 59.82 70.74
 8190.25 25.69 23.51 22.50 20.36 21.19 26.04 30.78 35.13 43.25 65.24 59.72 70.94
 8191.25 26.88 24.63 23.59 21.39 22.25 27.19 32.07 36.52 44.76 66.87 61.49 72.79
 8192.25 27.94 25.67 24.63 22.43 23.30 28.19 33.07 37.45 45.52 66.93 61.88 72.86
 8193.25 27.81 25.56 24.52 22.35 23.22 28.00 32.86 37.18 45.10 66.00 61.25 71.99
 8194.25 28.90 26.57 25.50 23.28 24.18 29.04 34.05 38.47 46.52 67.63 63.01 73.92
 8195.25 29.40 27.03 25.93 23.69 24.61 29.49 34.61 39.09 47.23 68.44 63.97 74.99
 8196.25 27.72 25.37 24.29 22.10 23.01 27.76 32.85 37.30 45.40 66.42 62.16 73.16
 8197.25 24.89 22.64 21.62 19.56 20.43 24.86 29.77 34.06 41.91 62.33 58.35 69.12
 8198.25 25.51 23.24 22.20 20.13 21.01 25.44 30.40 34.69 42.50 62.60 58.89 69.55
 8199.25 28.10 25.72 24.63 22.46 23.40 27.96 33.10 37.49 45.38 65.41 61.89 72.55
 8200.25 28.90 26.49 25.39 23.21 24.17 28.71 33.89 38.26 46.11 65.84 62.56 73.13
 8201.25 29.26 26.81 25.69 23.49 24.47 29.01 34.29 38.71 46.62 66.36 63.26 73.91
 8202.25 29.58 27.08 25.94 23.72 24.72 29.27 34.67 39.16 47.17 67.02 64.10 74.88
 8203.25 29.62 27.09 25.94 23.72 24.73 29.25 34.71 39.22 47.24 66.98 64.27 75.06
 8204.25 29.50 26.96 25.80 23.59 24.61 29.08 34.57 39.07 47.07 66.61 64.12 74.88
 8205.25 29.43 26.87 25.71 23.50 24.54 28.95 34.48 38.99 46.97 66.33 64.07 74.79
 8206.25 29.43 26.86 25.69 23.47 24.52 28.90 34.48 39.00 46.97 66.18 64.14 74.85
 8207.25 29.42 26.83 25.65 23.44 24.50 28.83 34.46 38.98 46.94 65.96 64.14 74.83
 8208.25 29.30 26.70 25.52 23.31 24.38 28.66 34.31 38.83 46.76 65.57 63.98 74.63
 8209.25 28.63 26.03 24.85 22.67 23.74 27.93 33.60 38.10 45.99 64.58 63.22 73.83
 8210.25 28.35 25.74 24.57 22.39 23.47 27.59 33.29 37.78 45.64 64.01 62.88 73.45
 8211.25 28.72 26.09 24.92 22.74 23.83 27.91 33.64 38.12 45.93 64.02 63.13 73.61
 8212.25 29.08 26.43 25.26 23.07 24.17 28.21 33.97 38.44 46.20 64.00 63.34 73.73
 8213.25 29.55 26.87 25.68 23.48 24.60 28.63 34.47 38.96 46.75 64.44 64.00 74.41
 8214.25 29.81 27.10 25.90 23.69 24.83 28.82 34.73 39.23 47.01 64.55 64.34 74.74
 8215.25 29.68 26.95 25.75 23.54 24.69 28.63 34.59 39.11 46.89 64.27 64.29 74.69
 8216.25 29.19 26.45 25.26 23.05 24.21 28.09 34.09 38.59 46.37 63.62 63.84 74.22
 8217.25 28.70 25.99 24.80 22.62 23.78 27.56 33.53 37.99 45.66 62.64 62.98 73.23
 8218.25 28.70 25.99 24.81 22.64 23.80 27.51 33.48 37.90 45.48 62.22 62.66 72.78
 8219.25 29.50 26.73 25.53 23.32 24.51 28.24 34.33 38.80 46.44 63.28 63.83 74.01
 8220.25 29.72 26.92 25.71 23.50 24.70 28.39 34.56 39.04 46.69 63.53 64.17 74.35
 8221.25 29.47 26.68 25.48 23.28 24.49 28.10 34.26 38.71 46.28 62.92 63.65 73.73
 8222.25 29.64 26.83 25.62 23.42 24.64 28.21 34.43 38.87 46.42 63.00 63.83 73.87
 8223.25 29.57 26.75 25.54 23.34 24.58 28.09 34.32 38.75 46.26 62.71 63.64 73.61
 8224.25 29.02 26.20 25.01 22.83 24.07 27.50 33.73 38.12 45.57 61.88 62.90 72.78
 8225.25 28.40 25.59 24.40 22.23 23.47 26.85 33.09 37.47 44.91 61.17 62.30 72.16
 8226.25 27.28 24.53 23.38 21.28 22.49 25.74 31.83 36.10 43.34 59.16 60.36 69.95
 8227.25 25.88 23.25 22.15 20.15 21.32 24.38 30.20 34.27 41.16 56.16 57.39 66.50
 8228.25 25.29 22.72 21.64 19.69 20.84 23.80 29.49 33.44 40.13 54.65 55.95 64.77
 8229.25 27.24 24.52 23.39 21.34 22.56 25.63 31.61 35.72 42.67 57.65 59.09 68.19
 8230.25 28.32 25.51 24.35 22.24 23.51 26.64 32.80 37.01 44.11 59.38 60.95 70.23
 8231.25 27.61 24.82 23.67 21.59 22.85 25.91 32.02 36.19 43.21 58.27 59.92 69.08
 8232.25 28.38 25.51 24.32 22.19 23.50 26.60 32.90 37.17 44.37 59.74 61.54 70.90
 8233.25 29.09 26.15 24.94 22.76 24.11 27.24 33.68 38.01 45.32 60.86 62.79 72.25
 8234.25 29.01 26.06 24.85 22.68 24.03 27.12 33.59 37.92 45.21 60.68 62.72 72.14
 8235.25 29.57 26.55 25.32 23.11 24.50 27.61 34.21 38.61 46.01 61.64 63.81 73.34
 8236.25 29.99 26.93 25.69 23.47 24.87 27.98 34.64 39.05 46.46 62.07 64.35 73.87
 8237.25 30.00 26.93 25.68 23.48 24.89 27.95 34.62 39.02 46.41 61.90 64.28 73.73
 8238.25 30.10 27.00 25.75 23.53 24.96 28.00 34.73 39.15 46.56 62.04 64.53 73.99
 8239.25 30.14 27.02 25.77 23.55 24.99 28.00 34.76 39.17 46.57 61.98 64.58 74.00
 8240.25 30.07 26.93 25.68 23.47 24.91 27.88 34.67 39.08 46.46 61.78 64.49 73.86
 8241.25 30.17 27.00 25.74 23.53 24.99 27.94 34.77 39.19 46.59 61.88 64.70 74.06
 8242.25 29.36 26.21 24.97 22.79 24.23 27.11 33.89 38.27 45.59 60.69 63.58 72.84
 8243.25 27.28 24.22 23.01 20.92 22.32 25.06 31.68 35.98 43.15 57.99 60.96 70.08
 8244.25 27.37 24.26 23.04 20.93 22.35 25.09 31.81 36.17 43.43 58.41 61.53 70.75
 8245.25 29.30 26.07 24.81 22.61 24.10 26.90 33.85 38.30 45.67 60.77 64.04 73.32
 8246.25 30.01 26.74 25.46 23.25 24.76 27.55 34.57 39.04 46.40 61.43 64.81 74.05
 8247.25 30.06 26.76 25.48 23.27 24.79 27.56 34.60 39.08 46.43 61.38 64.87 74.07
 8248.25 29.66 26.35 25.07 22.87 24.40 27.12 34.19 38.67 46.02 60.94 64.55 73.74
 8249.25 28.43 25.13 23.87 21.70 23.22 25.87 32.92 37.41 44.76 59.70 63.45 72.67
 8250.25 28.07 24.77 23.51 21.35 22.87 25.48 32.54 37.03 44.37 59.26 63.12 72.32
 8251.25 29.21 25.86 24.59 22.40 23.95 26.56 33.68 38.18 45.47 60.16 64.09 73.18
 8252.25 29.86 26.51 25.23 23.04 24.60 27.18 34.30 38.76 45.97 60.41 64.40 73.33
 8253.25 30.08 26.70 25.42 23.22 24.80 27.34 34.50 38.97 46.15 60.50 64.60 73.49
 8254.25 30.47 27.05 25.76 23.55 25.15 27.68 34.91 39.41 46.60 60.94 65.16 74.06
 8255.25 30.08 26.67 25.39 23.21 24.80 27.27 34.46 38.91 46.03 60.16 64.45 73.23
 8256.25 28.51 25.18 23.94 21.83 23.37 25.74 32.77 37.13 44.08 57.87 62.19 70.79
 8257.25 28.02 24.67 23.42 21.32 22.87 25.20 32.30 36.69 43.70 57.58 62.06 70.74
 8258.25 29.29 25.83 24.56 22.39 24.00 26.36 33.64 38.11 45.20 59.18 63.83 72.57
 8259.25 30.03 26.56 25.28 23.11 24.73 27.06 34.36 38.79 45.80 59.55 64.25 72.86
 8260.25 30.30 26.81 25.52 23.35 24.98 27.29 34.64 39.06 46.06 59.73 64.54 73.12
 8261.25 30.69 27.14 25.83 23.64 25.29 27.60 35.07 39.53 46.59 60.32 65.29 73.92
 8262.25 30.50 26.94 25.64 23.45 25.11 27.38 34.88 39.33 46.36 60.01 65.08 73.68
 8263.25 30.16 26.62 25.32 23.15 24.80 27.02 34.50 38.91 45.87 59.33 64.47 72.97
 8264.25 30.48 26.90 25.60 23.41 25.08 27.28 34.84 39.25 46.22 59.65 64.92 73.41
 8265.25 30.94 27.30 25.99 23.79 25.47 27.67 35.33 39.77 46.77 60.20 65.62 74.13
 8266.25 31.06 27.40 26.08 23.88 25.57 27.75 35.46 39.90 46.90 60.28 65.82 74.32
 8267.25 30.94 27.26 25.94 23.74 25.43 27.59 35.34 39.77 46.76 60.08 65.73 74.20
 8268.25 30.90 27.21 25.89 23.69 25.38 27.52 35.30 39.72 46.69 59.92 65.67 74.10
 8269.25 30.97 27.26 25.93 23.74 25.44 27.56 35.36 39.77 46.71 59.86 65.70 74.08
 8270.25 30.84 27.12 25.80 23.62 25.31 27.41 35.23 39.63 46.55 59.67 65.56 73.91
 8271.25 30.19 26.49 25.18 23.03 24.70 26.77 34.54 38.89 45.73 58.73 64.64 72.90
 8272.25 29.89 26.20 24.91 22.79 24.44 26.47 34.20 38.51 45.28 58.13 64.05 72.21
 8273.25 29.87 26.18 24.89 22.78 24.43 26.43 34.16 38.43 45.14 57.89 63.84 71.91
 8274.25 29.26 25.60 24.34 22.27 23.89 25.85 33.48 37.68 44.29 56.83 62.76 70.69
 8275.25 29.81 26.09 24.81 22.72 24.36 26.33 34.08 38.32 44.98 57.61 63.65 71.63
 8276.25 30.07 26.31 25.03 22.93 24.58 26.54 34.36 38.61 45.28 57.91 64.03 72.00
 8277.25 30.03 26.22 24.94 22.84 24.49 26.45 34.35 38.62 45.33 58.04 64.27 72.27
 8278.25 29.14 25.32 24.04 21.96 23.60 25.54 33.48 37.78 44.56 57.40 63.80 71.87
 8279.25 23.78 20.28 19.14 17.30 18.75 20.47 27.81 31.87 38.42 51.08 57.59 65.67
 8280.25 17.43 14.58 13.68 12.25 13.38 14.73 20.79 24.26 30.05 41.75 48.07 55.92
 8281.25 17.21 14.38 13.49 12.08 13.20 14.52 20.53 23.96 29.68 41.24 47.59 55.33
 8282.25 18.16 15.19 14.27 12.80 13.97 15.33 21.59 25.13 30.98 42.69 49.19 56.89
 8283.25 14.23 11.78 11.04  9.86 10.80 11.89 17.09 20.09 25.16 35.66 41.78 49.03
 8284.25 13.58 11.22 10.51  9.38 10.28 11.32 16.35 19.24 24.16 34.40 40.49 47.61
 8285.25 19.07 15.93 14.98 13.45 14.67 16.06 22.64 26.28 32.33 44.31 51.27 59.04
 8286.25 26.36 22.49 21.30 19.36 20.91 22.64 30.60 34.79 41.50 54.17 61.37 69.11
 8287.25 24.71 20.99 19.87 18.02 19.50 21.13 28.77 32.79 39.28 51.55 58.67 66.17
 8288.25 18.17 15.13 14.23 12.78 13.94 15.23 21.59 25.05 30.81 42.17 49.08 56.34
 8289.25 16.14 13.35 12.53 11.23 12.28 13.44 19.29 22.51 27.94 38.83 45.67 52.79
 8290.25 12.32 10.10  9.47  8.45  9.27 10.17 14.85 17.46 21.98 31.30 37.45 43.86
 8291.25 11.78  9.64  9.03  8.06  8.84  9.70 14.22 16.72 21.10 30.14 36.23 42.48
 8292.25 18.12 15.01 14.12 12.69 13.85 15.09 21.55 24.98 30.81 42.22 49.63 56.86
 8293.25 25.20 21.30 20.18 18.33 19.83 21.40 29.34 33.32 39.90 52.11 59.84 67.08
 8294.25 28.46 24.39 23.22 21.27 22.85 24.49 32.66 36.63 43.15 55.01 62.56 69.46
 8295.25 30.58 26.39 25.18 23.17 24.81 26.48 34.85 38.86 45.44 57.32 64.98 71.85
 8296.25 30.58 26.27 25.05 23.02 24.68 26.35 34.90 38.97 45.70 57.80 65.72 72.69
 8297.25 23.78 19.87 18.81 17.05 18.48 19.94 27.77 31.61 38.16 50.27 58.46 65.59
 8298.25 17.00 13.89 13.07 11.74 12.82 13.93 20.22 23.40 29.07 39.99 47.80 54.62
 8299.25 16.96 13.83 13.02 11.69 12.77 13.87 20.14 23.30 28.93 39.75 47.59 54.31
 8300.25 13.32 10.76 10.11  9.06  9.92 10.79 15.91 18.51 23.25 32.56 39.60 45.61
 8301.25 10.62  8.51  7.99  7.15  7.84  8.53 12.73 14.87 18.86 26.83 33.08 38.42
 8302.25 15.45 12.48 11.75 10.55 11.52 12.50 18.33 21.20 26.46 36.56 44.29 50.58
 8303.25 25.77 21.44 20.35 18.53 20.01 21.46 29.73 33.52 40.19 52.06 60.72 67.40
 8304.25 26.34 21.96 20.87 19.04 20.53 21.98 30.27 34.00 40.58 52.17 60.71 67.15
 8305.25 26.38 21.96 20.88 19.06 20.54 21.97 30.27 33.96 40.51 52.00 60.58 66.93
 8306.25 28.69 24.02 22.88 20.96 22.52 24.02 32.72 36.51 43.25 54.96 63.78 70.17
 8307.25 30.01 25.20 24.02 22.06 23.65 25.18 34.09 37.90 44.72 56.48 65.45 71.82
 8308.25 31.31 26.41 25.23 23.23 24.85 26.39 35.40 39.18 46.00 57.67 66.67 72.95
 8309.25 31.95 26.99 25.80 23.79 25.42 26.96 36.01 39.76 46.57 58.16 67.21 73.42
 8310.25 31.49 26.51 25.33 23.33 24.94 26.46 35.52 39.24 46.04 57.59 66.73 72.89
 8311.25 27.51 22.73 21.62 19.76 21.26 22.68 31.40 35.00 41.73 53.26 62.56 68.74
 8312.25 18.89 15.09 14.24 12.85 13.97 15.04 22.06 25.09 31.00 41.62 50.68 56.74
 8313.25 16.81 13.31 12.55 11.29 12.30 13.26 19.72 22.51 28.07 38.18 47.07 52.97
 8314.25 23.52 19.01 18.01 16.35 17.68 18.94 27.10 30.45 36.97 48.23 57.84 63.97
 8315.25 30.90 25.74 24.58 22.61 24.19 25.65 34.81 38.37 45.17 56.49 66.05 71.98
 8316.25 31.79 26.59 25.44 23.45 25.04 26.49 35.67 39.17 45.91 57.05 66.57 72.38
 8317.25 31.66 26.45 25.30 23.32 24.90 26.34 35.50 38.95 45.66 56.70 66.26 71.99
 8318.25 31.25 26.02 24.89 22.92 24.48 25.90 35.05 38.47 45.15 56.12 65.74 71.42
 8319.25 30.22 24.94 23.81 21.85 23.40 24.81 34.04 37.47 44.27 55.41 65.31 71.06
 8320.25 28.14 22.96 21.88 20.00 21.48 22.83 31.87 35.22 41.96 53.02 63.02 68.73
 8321.25 27.80 22.69 21.63 19.78 21.23 22.55 31.42 34.66 41.24 51.98 61.78 67.29
 8322.25 30.43 25.07 23.97 22.03 23.55 24.92 34.13 37.42 44.10 54.92 64.85 70.35
 8323.25 32.46 26.90 25.76 23.75 25.32 26.73 36.24 39.57 46.39 57.38 67.53 73.08
 8324.25 32.71 27.08 25.94 23.91 25.50 26.90 36.49 39.80 46.65 57.68 67.93 73.45
 8325.25 32.66 26.97 25.84 23.81 25.39 26.78 36.40 39.68 46.52 57.54 67.85 73.33
 8326.25 33.01 27.25 26.12 24.09 25.66 27.05 36.69 39.93 46.74 57.73 68.05 73.47
 8327.25 33.30 27.44 26.32 24.28 25.86 27.24 36.91 40.12 46.90 57.88 68.25 73.61
 8328.25 33.39 27.46 26.34 24.31 25.88 27.25 36.92 40.09 46.83 57.77 68.15 73.45
 8329.25 33.31 27.35 26.24 24.22 25.77 27.12 36.74 39.85 46.51 57.34 67.67 72.88
 8330.25 33.42 27.34 26.25 24.22 25.77 27.11 36.78 39.87 46.52 57.39 67.80 72.97
 8331.25 33.56 27.35 26.25 24.21 25.77 27.11 36.89 39.98 46.67 57.64 68.21 73.38
 8332.25 33.32 27.03 25.93 23.90 25.45 26.78 36.58 39.64 46.31 57.30 67.94 73.06
 8333.25 33.14 26.79 25.70 23.67 25.21 26.53 36.33 39.35 45.98 56.94 67.63 72.67
 8334.25 33.27 26.82 25.73 23.70 25.24 26.55 36.39 39.38 46.00 56.98 67.78 72.73
 8335.25 33.44 26.88 25.80 23.76 25.30 26.60 36.50 39.47 46.07 57.07 68.00 72.86
 8336.25 33.66 27.00 25.92 23.87 25.41 26.71 36.66 39.61 46.21 57.24 68.30 73.07
 8337.25 33.86 27.11 26.03 23.98 25.52 26.81 36.80 39.72 46.31 57.35 68.51 73.19
 8338.25 33.15 26.39 25.34 23.32 24.83 26.09 35.99 38.84 45.35 56.29 67.46 72.00
 8339.25 31.31 24.55 23.53 21.56 23.03 24.26 34.07 36.87 43.36 54.35 65.68 70.15
 8340.25 30.52 23.66 22.65 20.69 22.15 23.36 33.24 36.03 42.60 53.79 65.45 69.92
 8341.25 31.72 24.67 23.66 21.65 23.13 24.36 34.39 37.17 43.75 54.95 66.71 71.08
 8342.25 33.42 26.22 25.20 23.15 24.65 25.90 36.03 38.77 45.31 56.42 68.16 72.39
 8343.25 32.52 25.26 24.25 22.22 23.70 24.93 35.07 37.78 44.33 55.53 67.48 71.65
 8344.25 24.68 18.27 17.43 15.75 16.97 17.99 26.93 29.39 35.56 46.52 58.68 62.84
 8345.25 15.07 10.71 10.17  9.09  9.87 10.52 16.61 18.35 22.92 31.58 41.97 45.56
 8346.25  9.02  6.29  5.97  5.31  5.78  6.18  9.96 11.05 14.00 19.81 27.19 29.75
 8347.25  8.37  5.81  5.51  4.90  5.33  5.70  9.22 10.21 12.95 18.38 25.37 27.72
 8348.25 14.89 10.46  9.95  8.89  9.64 10.27 16.27 17.90 22.33 30.79 41.20 44.45
 8349.25 29.54 22.11 21.21 19.29 20.65 21.77 31.61 34.06 40.42 51.59 64.23 67.87
 8350.25 33.55 25.63 24.67 22.60 24.06 25.26 35.62 38.11 44.57 55.79 68.43 71.93
 8351.25 30.29 22.52 21.61 19.64 21.02 22.16 32.25 34.70 41.15 52.49 65.49 68.97
 8352.25 28.30 20.69 19.83 17.95 19.26 20.35 30.14 32.52 38.87 50.17 63.32 66.72
 8353.25 26.79 19.38 18.57 16.77 18.02 19.05 28.51 30.81 37.00 48.15 61.32 64.61
 8354.25 16.89 11.65 11.10  9.91 10.74 11.42 18.10 19.79 24.55 33.71 45.40 48.33
 8355.25 13.21  8.95  8.53  7.59  8.23  8.78 14.14 15.50 19.43 27.20 37.54 40.08
 8356.25 18.63 12.81 12.23 10.92 11.81 12.56 19.77 21.54 26.58 36.21 48.53 51.36
 8357.25 30.62 22.33 21.48 19.51 20.86 21.97 32.02 34.31 40.59 51.84 65.32 68.20
 8358.25 34.78 25.98 25.08 22.95 24.40 25.58 36.11 38.42 44.77 56.02 69.48 72.22
 8359.25 35.48 26.50 25.61 23.46 24.92 26.11 36.69 38.99 45.34 56.59 70.16 72.82
 8360.25 35.87 26.76 25.87 23.71 25.17 26.36 36.97 39.24 45.57 56.82 70.46 73.02
 8361.25 35.17 25.98 25.11 22.97 24.41 25.58 36.15 38.39 44.70 55.95 69.71 72.17
 8362.25 32.50 23.39 22.56 20.50 21.87 23.01 33.35 35.56 41.83 53.14 67.14 69.54
 8363.25 30.63 21.58 20.78 18.80 20.11 21.21 31.35 33.51 39.76 51.15 65.42 67.76
 8364.25 31.54 22.25 21.44 19.41 20.75 21.86 32.16 34.32 40.60 52.04 66.45 68.70
 8365.25 30.55 21.30 20.52 18.54 19.84 20.92 31.06 33.17 39.39 50.80 65.34 67.50
 8366.25 23.90 15.91 15.28 13.66 14.72 15.60 24.24 26.09 31.70 42.43 56.72 58.77
 8367.25 21.26 13.89 13.32 11.87 12.81 13.60 21.49 23.18 28.40 38.58 52.53 54.45
 8368.25 27.00 18.13 17.44 15.65 16.81 17.78 27.16 29.08 34.97 46.09 60.82 62.71
 8369.25 33.98 23.87 23.08 20.96 22.33 23.46 34.04 36.10 42.33 53.76 68.57 70.34
 8370.25 36.65 26.27 25.46 23.26 24.68 25.85 36.60 38.65 44.85 56.18 70.88 72.54
 8371.25 37.23 26.72 25.91 23.69 25.11 26.29 37.07 39.09 45.27 56.58 71.34 72.91
 8372.25 37.38 26.75 25.94 23.72 25.14 26.31 37.10 39.10 45.26 56.56 71.41 72.88
 8373.25 37.53 26.81 26.01 23.79 25.20 26.37 37.14 39.11 45.23 56.48 71.37 72.75
 8374.25 37.54 26.70 25.91 23.69 25.10 26.26 37.04 38.99 45.09 56.37 71.35 72.64
 8375.25 37.58 26.61 25.82 23.59 25.00 26.16 36.97 38.89 45.00 56.31 71.41 72.62
 8376.25 37.72 26.66 25.88 23.65 25.05 26.20 37.00 38.90 44.98 56.26 71.40 72.52
 8377.25 37.74 26.54 25.76 23.52 24.92 26.08 36.91 38.79 44.87 56.20 71.47 72.50
 8378.25 37.39 26.03 25.26 23.02 24.41 25.57 36.44 38.31 44.41 55.84 71.31 72.27
 8379.25 37.72 26.22 25.45 23.20 24.59 25.75 36.66 38.51 44.61 56.06 71.63 72.50
 8380.25 37.96 26.34 25.58 23.32 24.71 25.86 36.79 38.62 44.71 56.17 71.82 72.60
 8381.25 35.75 24.14 23.40 21.21 22.55 23.67 34.48 36.28 42.37 53.95 69.88 70.58
 8382.25 31.84 20.65 19.96 17.94 19.17 20.21 30.49 32.22 38.20 49.78 66.00 66.62
 8383.25 26.26 16.30 15.73 14.01 15.05 15.92 24.95 26.49 31.98 42.97 58.98 59.51
 8384.25 18.83 11.18 10.76  9.51 10.26 10.90 17.73 18.93 23.32 32.55 46.89 47.30
 8385.25 19.56 11.62 11.19  9.90 10.67 11.32 18.39 19.61 24.10 33.55 48.20 48.53
 8386.25 30.25 19.23 18.61 16.67 17.82 18.79 28.69 30.29 36.03 47.44 63.87 64.13
 8387.25 38.18 26.02 25.31 23.03 24.38 25.51 36.53 38.22 44.20 55.77 72.05 72.20
 8388.25 38.77 26.59 25.88 23.58 24.93 26.07 37.12 38.80 44.76 56.31 72.69 72.70
 8389.25 38.47 26.29 25.58 23.28 24.63 25.76 36.83 38.50 44.45 56.05 72.63 72.48
 8390.25 38.68 26.49 25.79 23.48 24.83 25.96 37.06 38.71 44.64 56.25 73.00 72.67
 8391.25 38.58 26.39 25.70 23.39 24.73 25.86 36.97 38.61 44.53 56.17 73.11 72.60
 8392.25 37.30 25.15 24.48 22.19 23.51 24.62 35.70 37.33 43.24 54.97 72.22 71.54
 8393.25 36.48 24.40 23.74 21.47 22.77 23.87 34.90 36.51 42.40 54.17 71.64 70.78
 8394.25 37.15 25.04 24.38 22.09 23.39 24.50 35.57 37.17 43.04 54.77 72.33 71.30
 8395.25 38.49 26.33 25.67 23.34 24.66 25.78 36.93 38.52 44.35 56.04 73.65 72.45
 8396.25 38.92 26.75 26.09 23.75 25.07 26.20 37.36 38.94 44.74 56.42 74.17 72.80
 8397.25 38.69 26.53 25.88 23.54 24.85 25.98 37.14 38.71 44.50 56.20 74.13 72.59
 8398.25 38.50 26.33 25.69 23.34 24.64 25.78 36.96 38.52 44.30 56.04 74.20 72.48
 8399.25 33.47 21.85 21.27 19.11 20.29 21.35 31.98 33.49 39.18 50.99 69.69 67.75
 8400.25 17.82 10.52 10.19  8.97  9.63 10.23 16.83 17.83 21.78 30.76 46.80 44.93
 8401.25 10.93  6.29  6.09  5.33  5.74  6.11 10.29 10.94 13.53 19.68 31.51 29.97
 8402.25 13.12  7.60  7.36  6.45  6.94  7.39 12.37 13.13 16.17 23.36 37.01 35.14
 8403.25 25.89 16.00 15.55 13.79 14.73 15.60 24.61 25.90 30.92 41.97 60.87 58.26
 8404.25 37.66 25.54 24.94 22.59 23.85 25.00 36.18 37.67 43.35 55.23 74.50 71.75
 8405.25 38.86 26.72 26.12 23.73 25.01 26.18 37.39 38.86 44.50 56.31 75.58 72.68
 8406.25 38.93 26.78 26.19 23.79 25.06 26.24 37.47 38.94 44.56 56.40 75.86 72.79
 8407.25 38.97 26.82 26.24 23.83 25.10 26.28 37.53 38.98 44.58 56.44 76.08 72.84
 8408.25 38.85 26.73 26.16 23.75 25.01 26.19 37.42 38.85 44.42 56.27 76.02 72.63
 8409.25 38.63 26.52 25.95 23.54 24.79 25.97 37.21 38.63 44.19 56.07 76.01 72.45
 8410.25 38.53 26.39 25.82 23.41 24.65 25.85 37.11 38.53 44.09 56.04 76.24 72.49
 8411.25 38.63 26.47 25.91 23.49 24.73 25.93 37.22 38.63 44.18 56.15 76.55 72.63
 8412.25 38.78 26.62 26.06 23.63 24.87 26.07 37.38 38.78 44.31 56.30 76.85 72.77
 8413.25 38.82 26.66 26.11 23.67 24.91 26.12 37.43 38.82 44.33 56.33 77.05 72.81
 8414.25 38.76 26.62 26.07 23.63 24.86 26.07 37.39 38.76 44.25 56.25 77.12 72.71
 8415.25 36.78 24.79 24.26 21.87 23.07 24.25 35.46 36.82 42.30 54.40 75.64 71.02
 8416.25 25.31 15.64 15.24 13.46 14.33 15.23 24.26 25.42 30.22 41.48 62.70 57.86
 8417.25 16.49  9.76  9.49  8.30  8.88  9.48 15.79 16.63 20.19 29.06 47.40 42.95
 8418.25 18.43 11.05 10.76  9.42 10.07 10.74 17.75 18.66 22.55 32.14 51.70 46.88
 8419.25 30.25 19.60 19.15 17.03 18.05 19.12 29.42 30.67 35.86 47.88 70.13 64.73
 8420.25 37.69 26.11 25.61 23.13 24.32 25.55 36.93 38.24 43.64 55.81 77.81 72.39
 8421.25 38.05 26.56 26.07 23.58 24.76 26.00 37.40 38.70 44.07 56.24 78.35 72.77
 8422.25 37.69 26.32 25.84 23.35 24.51 25.76 37.16 38.45 43.81 56.02 78.34 72.59
 8423.25 37.67 26.40 25.93 23.43 24.59 25.84 37.26 38.53 43.88 56.10 78.58 72.67
 8424.25 37.22 26.06 25.61 23.11 24.25 25.50 36.92 38.19 43.52 55.79 78.49 72.40
 8425.25 36.00 24.99 24.56 22.08 23.20 24.44 35.82 37.07 42.41 54.75 77.76 71.48
 8426.25 35.48 24.61 24.19 21.72 22.82 24.07 35.42 36.66 42.00 54.36 77.59 71.14
 8427.25 35.92 25.14 24.73 22.23 23.33 24.59 35.98 37.22 42.54 54.88 78.20 71.61
 8428.25 35.15 24.52 24.12 21.64 22.72 23.97 35.33 36.55 41.87 54.25 77.82 71.05
 8429.25 33.48 23.10 22.72 20.30 21.33 22.56 33.77 34.98 40.28 52.71 76.61 69.64
 8430.25 29.14 19.57 19.24 17.04 17.97 19.08 29.53 30.67 35.78 48.00 72.20 64.99
 8431.25 15.51  9.76  9.58  8.34  8.85  9.48 15.83 16.56 19.98 28.86 49.03 42.62
 8432.25  9.40  5.83  5.72  4.96  5.27  5.66  9.65 10.12 12.33 18.30 32.96 28.09
 8433.25 11.18  7.00  6.87  5.96  6.33  6.80 11.53 12.08 14.68 21.64 38.49 32.87
 8434.25 22.45 14.80 14.56 12.77 13.48 14.40 23.18 24.14 28.60 39.74 63.61 55.94
 8435.25 33.52 23.75 23.43 20.94 21.93 23.20 34.53 35.70 40.97 53.42 78.20 70.33
 8436.25 33.07 23.45 23.14 20.66 21.63 22.90 34.20 35.36 40.61 53.07 78.02 69.99
 8437.25 33.46 23.91 23.61 21.10 22.07 23.36 34.72 35.87 41.12 53.58 78.64 70.48
 8438.25 35.98 26.39 26.10 23.50 24.49 25.83 37.38 38.51 43.74 56.09 80.98 72.77
 8439.25 36.97 27.50 27.21 24.59 25.57 26.93 38.53 39.62 44.82 57.10 82.00 73.68
 8440.25 36.89 27.53 27.26 24.63 25.60 26.96 38.60 39.66 44.84 57.13 82.18 73.72
 8441.25 36.70 27.45 27.19 24.55 25.51 26.88 38.56 39.58 44.76 57.07 82.29 73.67
 8442.25 36.55 27.42 27.17 24.53 25.48 26.85 38.57 39.55 44.72 57.04 82.45 73.65
 8443.25 36.34 27.32 27.08 24.43 25.37 26.75 38.51 39.46 44.63 56.97 82.67 73.61
 8444.25 36.25 27.33 27.10 24.45 25.38 26.77 38.57 39.48 44.64 56.99 83.00 73.65
 8445.25 36.11 27.30 27.08 24.42 25.34 26.73 38.57 39.45 44.60 56.97 83.30 73.63
 8446.25 36.02 27.29 27.08 24.41 25.32 26.72 38.61 39.45 44.60 56.97 83.63 73.65
 8447.25 35.02 26.37 26.18 23.52 24.41 25.81 37.73 38.54 43.70 56.16 83.30 72.96
 8448.25 32.62 24.16 23.98 21.39 22.24 23.62 35.44 36.22 41.39 53.98 81.81 71.01
 8449.25 32.52 24.14 23.97 21.38 22.22 23.60 35.46 36.20 41.36 53.96 82.11 71.00
 8450.25 34.76 26.35 26.19 23.51 24.37 25.79 37.82 38.53 43.66 56.15 84.25 72.98
 8451.25 35.53 27.18 27.03 24.33 25.18 26.62 38.70 39.37 44.48 56.91 85.17 73.66
 8452.25 33.65 25.44 25.30 22.64 23.46 24.88 36.94 37.58 42.70 55.26 84.15 72.20
 8453.25 23.41 16.70 16.59 14.52 15.15 16.26 26.38 26.91 31.52 43.44 72.95 60.38
 8454.25 15.20 10.50 10.44  9.03  9.45 10.21 17.46 17.83 21.34 30.93 57.52 45.65
 8455.25 16.70 11.64 11.58 10.03 10.48 11.32 19.23 19.60 23.36 33.57 61.50 48.97
 8456.25 26.98 19.79 19.71 17.36 18.03 19.30 30.52 30.99 35.88 48.34 79.08 65.57
 8457.25 34.00 26.14 26.05 23.33 24.11 25.58 37.89 38.34 43.42 56.00 86.34 72.93
 8458.25 34.82 27.02 26.95 24.20 24.97 26.46 38.82 39.24 44.30 56.83 87.31 73.67
 8459.25 34.68 26.97 26.91 24.15 24.91 26.41 38.80 39.19 44.23 56.76 87.54 73.61
 8460.25 34.71 27.08 27.03 24.27 25.02 26.52 38.94 39.29 44.32 56.84 87.87 73.66
 8461.25 34.68 27.13 27.09 24.32 25.06 26.57 39.04 39.35 44.37 56.91 88.26 73.76
 8462.25 33.98 26.51 26.48 23.72 24.44 25.95 38.47 38.74 43.77 56.38 88.18 73.31
 8463.25 33.19 25.81 25.80 23.04 23.75 25.26 37.80 38.04 43.07 55.74 87.99 72.77
 8464.25 33.14 25.84 25.84 23.07 23.76 25.29 37.86 38.07 43.10 55.78 88.34 72.82
 8465.25 30.93 23.85 23.86 21.18 21.83 23.32 35.73 35.90 40.91 53.66 86.88 70.89
 8466.25 18.37 13.41 13.42 11.63 12.05 13.04 22.11 22.21 26.21 37.14 69.32 53.22
 8467.25 10.34  7.40  7.41  6.36  6.60  7.18 12.73 12.78 15.35 22.79 47.91 34.71
 8468.25 10.70  7.68  7.70  6.61  6.85  7.46 13.22 13.26 15.90 23.58 49.55 35.82
 8469.25 19.72 14.63 14.67 12.72 13.15 14.24 23.96 23.99 28.15 39.54 73.24 56.04
 8470.25 32.01 25.25 25.31 22.53 23.14 24.70 37.44 37.43 42.40 55.15 89.63 72.30
 8471.25 34.15 27.40 27.47 24.62 25.23 26.84 39.71 39.67 44.61 57.24 91.59 74.19
 8472.25 34.14 27.48 27.56 24.69 25.29 26.91 39.82 39.75 44.67 57.31 91.95 74.26
 8473.25 34.08 27.49 27.58 24.71 25.30 26.92 39.87 39.76 44.68 57.33 92.25 74.28
 8474.25 33.83 27.33 27.43 24.55 25.13 26.76 39.75 39.60 44.51 57.18 92.43 74.16
 8475.25 32.97 26.55 26.65 23.79 24.35 25.98 39.00 38.82 43.75 56.49 92.21 73.57
 8476.25 30.58 24.31 24.42 21.62 22.15 23.75 36.68 36.46 41.40 54.27 90.76 71.59
 8477.25 29.85 23.66 23.78 21.01 21.52 23.10 36.00 35.75 40.68 53.57 90.48 70.95
 8478.25 32.36 26.08 26.22 23.34 23.86 25.51 38.63 38.34 43.28 56.05 92.73 73.20
 8479.25 33.70 27.44 27.59 24.68 25.19 26.86 40.04 39.71 44.62 57.29 93.95 74.30
 8480.25 33.80 27.58 27.74 24.82 25.32 27.00 40.21 39.85 44.76 57.42 94.34 74.42
 8481.25 33.81 27.62 27.79 24.86 25.35 27.03 40.30 39.89 44.82 57.49 94.72 74.51
 8482.25 33.78 27.63 27.81 24.87 25.34 27.04 40.35 39.90 44.83 57.51 95.04 74.55
 8483.25 33.74 27.64 27.82 24.87 25.34 27.04 40.41 39.90 44.85 57.54 95.36 74.59
 8484.25 33.72 27.65 27.84 24.88 25.34 27.05 40.48 39.91 44.87 57.57 95.68 74.64
 8485.25 33.71 27.68 27.89 24.92 25.36 27.08 40.57 39.94 44.91 57.60 95.99 74.69
 8486.25 33.54 27.55 27.77 24.80 25.22 26.95 40.48 39.80 44.77 57.48 96.14 74.58
 8487.25 33.23 27.29 27.50 24.54 24.95 26.67 40.27 39.52 44.51 57.24 96.23 74.37
 8488.25 33.03 27.13 27.35 24.39 24.78 26.51 40.18 39.37 44.38 57.13 96.47 74.31
 8489.25 33.26 27.40 27.60 24.65 25.03 26.77 40.50 39.63 44.65 57.38 96.97 74.56
 8490.25 33.58 27.76 27.96 25.01 25.38 27.13 40.91 39.98 44.99 57.71 97.48 74.86
 8491.25 33.58 27.80 27.99 25.05 25.42 27.17 41.00 40.01 45.03 57.74 97.75 74.89
 8492.25 33.33 27.59 27.78 24.85 25.20 26.96 40.85 39.80 44.83 57.56 97.89 74.74
 8493.25 32.46 26.77 26.94 24.04 24.38 26.14 40.08 38.98 44.03 56.83 97.65 74.13
 8494.25 25.69 20.54 20.69 18.14 18.42 19.98 33.00 31.88 36.80 49.58 91.83 67.28
 8495.25 16.97 13.17 13.27 11.45 11.64 12.76 22.82 21.86 25.91 37.03 78.20 53.60
 8496.25 16.66 12.93 13.03 11.24 11.42 12.53 22.50 21.51 25.52 36.53 77.79 53.01
 8497.25 24.53 19.62 19.74 17.30 17.53 19.06 31.98 30.71 35.58 48.26 91.23 65.96
 8498.25 31.01 25.58 25.71 22.91 23.17 24.94 39.08 37.68 42.79 55.63 97.58 73.05
 8499.25 31.06 25.66 25.78 23.00 23.24 25.02 39.22 37.76 42.87 55.70 97.48 73.13
 8500.25 31.40 26.03 26.14 23.36 23.59 25.38 39.67 38.15 43.27 56.10 97.67 73.52
 8501.25 32.32 26.96 27.07 24.27 24.49 26.30 40.68 39.11 44.23 57.01 98.26 74.37
 8502.25 31.82 26.51 26.61 23.83 24.05 25.85 40.29 38.65 43.78 56.61 97.80 74.03
 8503.25 30.58 25.35 25.44 22.71 22.91 24.69 39.13 37.43 42.59 55.48 96.76 73.03
 8504.25 29.98 24.82 24.90 22.20 22.40 24.16 38.61 36.85 42.02 54.94 96.17 72.56
 8505.25 24.98 20.28 20.34 17.94 18.10 19.68 33.23 31.49 36.49 49.26 91.02 67.08
 8506.25 15.04 11.85 11.89 10.32 10.42 11.45 21.13 19.78 23.60 34.04 72.87 49.98
 8507.25 11.70  9.16  9.19  7.95  8.02  8.84 16.71 15.56 18.73 27.59 62.69 41.69
 8508.25 16.22 12.86 12.89 11.22 11.32 12.43 22.81 21.28 25.32 36.23 75.53 52.66
 8509.25 27.52 22.71 22.75 20.24 20.38 22.06 36.38 34.36 39.49 52.38 93.08 70.17
 8510.25 31.95 26.93 26.96 24.28 24.43 26.24 41.09 38.99 44.18 56.96 96.59 74.40
 8511.25 31.98 27.00 27.03 24.36 24.50 26.31 41.19 39.04 44.22 56.97 96.32 74.37
 8512.25 31.99 27.04 27.06 24.42 24.54 26.35 41.26 39.06 44.23 56.96 96.05 74.33
 8513.25 32.10 27.18 27.19 24.56 24.68 26.49 41.47 39.20 44.39 57.12 96.05 74.51
 8514.25 32.12 27.23 27.24 24.61 24.72 26.53 41.58 39.26 44.46 57.20 96.00 74.62
 8515.25 32.12 27.26 27.26 24.64 24.74 26.56 41.67 39.28 44.49 57.24 95.85 74.67
 8516.25 32.30 27.47 27.46 24.86 24.95 26.77 41.92 39.48 44.70 57.43 95.82 74.85
 8517.25 32.42 27.62 27.60 25.01 25.09 26.91 42.13 39.63 44.85 57.58 95.78 75.00
 8518.25 32.31 27.54 27.51 24.93 25.01 26.83 42.10 39.54 44.78 57.51 95.56 74.95
 8519.25 32.30 27.57 27.53 24.97 25.03 26.86 42.17 39.56 44.79 57.51 95.35 74.95
 8520.25 32.24 27.54 27.50 24.95 25.00 26.83 42.20 39.53 44.77 57.51 95.19 74.97
 8521.25 31.73 27.06 27.01 24.47 24.52 26.34 41.79 39.06 44.33 57.12 94.78 74.67
 8522.25 30.09 25.50 25.44 22.95 22.99 24.78 40.25 37.44 42.75 55.65 93.49 73.39
 8523.25 29.32 24.78 24.72 22.26 22.29 24.07 39.55 36.68 42.00 54.94 92.76 72.76
 8524.25 30.55 26.00 25.93 23.45 23.47 25.27 40.88 37.96 43.28 56.16 93.56 73.88
 8525.25 31.57 27.03 26.95 24.46 24.47 26.29 41.97 39.01 44.32 57.13 94.12 74.74
 8526.25 32.09 27.57 27.49 25.00 25.01 26.83 42.56 39.54 44.85 57.62 94.31 75.18
 8527.25 32.44 27.96 27.87 25.39 25.38 27.21 42.99 39.92 45.23 57.97 94.41 75.51
 8528.25 32.82 28.37 28.28 25.80 25.79 27.62 43.44 40.32 45.63 58.33 94.52 75.84
 8529.25 33.36 28.95 28.85 26.38 26.36 28.19 44.01 40.85 46.16 58.80 94.68 76.25
 8530.25 33.66 29.28 29.18 26.73 26.69 28.52 44.37 41.16 46.46 59.07 94.69 76.49
 8531.25 33.69 29.35 29.24 26.80 26.75 28.58 44.47 41.22 46.53 59.13 94.55 76.54
 8532.25 33.26 28.94 28.84 26.40 26.35 28.18 44.16 40.84 46.18 58.83 94.16 76.30
 8533.25 32.74 28.44 28.34 25.92 25.86 27.68 43.75 40.37 45.74 58.44 93.69 75.97
 8534.25 32.38 28.09 28.00 25.59 25.52 27.34 43.48 40.04 45.43 58.16 93.26 75.72
 8535.25 32.05 27.79 27.70 25.30 25.22 27.04 43.24 39.74 45.15 57.91 92.87 75.50
 8536.25 31.67 27.43 27.34 24.96 24.87 26.69 42.95 39.39 44.82 57.62 92.46 75.25
 8537.25 31.64 27.41 27.33 24.96 24.86 26.68 42.99 39.38 44.83 57.64 92.29 75.27
 8538.25 31.65 27.44 27.36 25.01 24.90 26.71 43.07 39.41 44.87 57.68 92.14 75.31
 8539.25 29.66 25.51 25.44 23.14 23.02 24.80 41.15 37.42 42.91 55.84 90.44 73.65
 8540.25 23.53 19.80 19.74 17.73 17.62 19.17 34.45 30.81 36.13 48.97 84.12 67.08
 8541.25 21.51 17.99 17.95 16.06 15.95 17.41 32.10 28.52 33.69 46.34 81.35 64.41
 8542.25 27.71 23.70 23.66 21.46 21.32 23.03 39.28 35.41 40.91 53.88 88.16 71.80
 8543.25 33.09 28.97 28.92 26.62 26.46 28.27 44.75 40.87 46.32 58.99 92.07 76.37
 8544.25 33.20 29.08 29.04 26.75 26.58 28.39 44.93 41.00 46.46 59.15 92.04 76.52
 8545.25 33.72 29.63 29.59 27.31 27.14 28.94 45.49 41.52 46.97 59.62 92.23 76.93
 8546.25 34.15 30.09 30.06 27.79 27.61 29.41 45.95 41.94 47.39 59.99 92.33 77.25
 8547.25 33.82 29.76 29.74 27.48 27.28 29.09 45.73 41.65 47.13 59.78 92.01 77.08
 8548.25 33.51 29.45 29.43 27.18 26.98 28.78 45.52 41.38 46.88 59.58 91.68 76.92
 8549.25 31.13 27.08 27.07 24.84 24.63 26.42 43.34 39.09 44.69 57.61 90.00 75.22
 8550.25 24.34 20.64 20.63 18.65 18.46 20.05 36.17 31.95 37.46 50.51 83.74 68.64
 8551.25 22.14 18.65 18.65 16.80 16.61 18.10 33.63 29.47 34.86 47.76 80.91 65.90
 8552.25 27.40 23.52 23.53 21.43 21.21 22.91 39.74 35.33 40.97 54.10 86.53 72.05
 8553.25 32.64 28.65 28.66 26.46 26.21 28.01 45.08 40.66 46.25 59.07 90.33 76.48
 8554.25 33.47 29.50 29.51 27.33 27.07 28.87 45.90 41.45 47.03 59.76 90.61 77.05
 8555.25 33.40 29.44 29.46 27.29 27.02 28.81 45.90 41.40 46.99 59.75 90.38 77.04
 8556.25 33.87 29.94 29.97 27.81 27.54 29.32 46.40 41.87 47.45 60.16 90.48 77.39
 8557.25 34.23 30.32 30.35 28.21 27.93 29.71 46.79 42.22 47.80 60.48 90.52 77.67
 8558.25 34.20 30.30 30.34 28.21 27.91 29.70 46.84 42.21 47.80 60.50 90.33 77.70
 8559.25 34.15 30.26 30.31 28.18 27.88 29.66 46.86 42.19 47.79 60.50 90.12 77.70
 8560.25 34.05 30.18 30.23 28.11 27.80 29.58 46.85 42.12 47.74 60.47 89.88 77.68
 8561.25 34.02 30.17 30.22 28.12 27.79 29.57 46.89 42.11 47.74 60.49 89.66 77.69
 8562.25 33.94 30.10 30.16 28.06 27.73 29.51 46.89 42.06 47.70 60.46 89.42 77.66
 8563.25 34.00 30.17 30.24 28.16 27.82 29.59 47.02 42.13 47.79 60.55 89.27 77.74
 8564.25 33.97 30.15 30.23 28.15 27.80 29.58 47.06 42.12 47.80 60.57 89.07 77.76
 8565.25 33.87 30.06 30.15 28.08 27.72 29.50 47.05 42.05 47.74 60.53 88.82 77.73
 8566.25 33.92 30.11 30.21 28.16 27.79 29.56 47.15 42.11 47.81 60.60 88.64 77.78
 8567.25 33.99 30.20 30.30 28.26 27.88 29.66 47.28 42.19 47.89 60.68 88.47 77.85
 8568.25 33.94 30.15 30.27 28.24 27.85 29.62 47.29 42.15 47.87 60.66 88.21 77.82
 8569.25 33.75 29.96 30.08 28.06 27.66 29.44 47.18 41.98 47.72 60.54 87.88 77.71
 8570.25 33.76 29.97 30.11 28.10 27.69 29.47 47.25 42.00 47.75 60.57 87.67 77.73
 8571.25 33.85 30.07 30.22 28.22 27.81 29.58 47.39 42.10 47.85 60.66 87.50 77.80
 8572.25 33.81 30.04 30.20 28.21 27.79 29.56 47.40 42.07 47.84 60.66 87.27 77.80
 8573.25 33.68 29.91 30.08 28.10 27.67 29.44 47.29 41.96 47.74 60.59 86.97 77.73
 8574.25 33.33 29.56 29.74 27.77 27.32 29.09 46.96 41.66 47.47 60.36 86.56 77.53
 8575.25 32.68 28.90 29.09 27.13 26.67 28.44 46.36 41.06 46.91 59.88 85.95 77.13
 8576.25 32.37 28.59 28.79 26.84 26.37 28.15 46.05 40.79 46.65 59.66 85.54 76.94
 8577.25 32.78 29.01 29.23 27.29 26.81 28.58 46.40 41.20 47.04 60.02 85.59 77.24
 8578.25 32.96 29.20 29.42 27.50 27.01 28.78 46.53 41.39 47.22 60.19 85.48 77.38
 8579.25 33.00 29.25 29.48 27.57 27.06 28.84 46.53 41.44 47.27 60.24 85.28 77.41
 8580.25 32.70 28.95 29.19 27.29 26.77 28.55 46.23 41.18 47.02 60.03 84.86 77.22
 8581.25 33.07 29.33 29.58 27.70 27.17 28.94 46.53 41.54 47.36 60.34 84.85 77.47
 8582.25 33.53 29.81 30.07 28.20 27.66 29.43 46.91 41.98 47.78 60.72 84.91 77.79
 8583.25 33.63 29.92 30.19 28.33 27.78 29.56 46.97 42.10 47.89 60.82 84.77 77.88
 8584.25 33.70 30.00 30.28 28.43 27.86 29.64 47.00 42.18 47.97 60.88 84.59 77.94
 8585.25 33.57 29.87 30.16 28.32 27.74 29.52 46.86 42.08 47.88 60.78 84.29 77.88
 8586.25 33.47 29.77 30.08 28.25 27.65 29.44 46.75 42.00 47.81 60.69 84.00 77.83
 8587.25 33.52 29.83 30.15 28.33 27.72 29.51 46.76 42.07 47.87 60.73 83.82 77.89
 8588.25 33.33 29.64 29.97 28.16 27.54 29.33 46.58 41.92 47.74 60.59 83.50 77.80
 8589.25 31.41 27.71 28.05 26.25 25.61 27.41 44.81 40.13 46.03 59.05 82.05 76.53
 8590.25 28.17 24.52 24.86 23.11 22.48 24.24 41.59 36.90 42.88 56.12 79.36 73.98
 8591.25 29.04 25.37 25.73 23.97 23.32 25.10 42.45 37.81 43.78 56.93 79.83 74.73
 8592.25 32.22 28.53 28.90 27.13 26.45 28.26 45.47 40.95 46.83 59.69 81.91 77.15
 8593.25 32.99 29.32 29.71 27.95 27.26 29.07 46.14 41.70 47.54 60.29 82.19 77.70
 8594.25 32.97 29.30 29.70 27.95 27.24 29.06 46.09 41.70 47.54 60.27 81.96 77.71
 8595.25 33.11 29.45 29.87 28.12 27.40 29.22 46.19 41.85 47.68 60.37 81.82 77.82
 8596.25 33.19 29.54 29.97 28.23 27.49 29.31 46.23 41.94 47.77 60.42 81.64 77.89
 8597.25 32.59 28.93 29.38 27.64 26.89 28.71 45.67 41.40 47.26 59.95 81.05 77.54
 8598.25 29.46 25.82 26.28 24.56 23.80 25.61 42.68 38.38 44.35 57.29 78.60 75.28
 8599.25 26.39 22.86 23.32 21.67 20.93 22.67 39.47 35.21 41.20 54.26 75.71 72.60
 8600.25 28.15 24.55 25.03 23.34 22.56 24.35 41.28 37.07 43.06 56.03 77.06 74.24
 8601.25 31.68 28.04 28.54 26.81 26.00 27.84 44.71 40.60 46.50 59.18 79.52 77.02
 8602.25 32.75 29.13 29.64 27.92 27.10 28.94 45.66 41.62 47.48 60.02 79.99 77.77
 8603.25 32.73 29.11 29.64 27.92 27.08 28.93 45.61 41.62 47.48 60.00 79.75 77.79
 8604.25 32.50 28.88 29.42 27.70 26.85 28.70 45.37 41.42 47.29 59.81 79.37 77.66
 8605.25 32.52 28.92 29.47 27.75 26.89 28.74 45.36 41.46 47.33 59.82 79.15 77.70
 8606.25 32.66 29.06 29.62 27.91 27.03 28.89 45.45 41.60 47.46 59.91 79.01 77.82
 8607.25 32.77 29.18 29.75 28.05 27.16 29.02 45.51 41.72 47.58 59.98 78.87 77.92
 8608.25 32.79 29.21 29.80 28.09 27.19 29.05 45.50 41.75 47.61 59.99 78.74 77.96
 8609.25 32.75 29.17 29.77 28.07 27.16 29.02 45.43 41.73 47.59 59.94 78.61 77.94
 8610.25 32.44 28.86 29.48 27.77 26.85 28.72 45.12 41.45 47.33 59.68 78.31 77.76
 8611.25 32.26 28.69 29.32 27.61 26.68 28.56 44.93 41.30 47.19 59.53 78.11 77.67
 8612.25 31.85 28.28 28.91 27.21 26.26 28.15 44.52 40.93 46.84 59.20 77.76 77.43
 8613.25 31.57 28.00 28.65 26.95 25.99 27.88 44.24 40.69 46.62 58.99 77.51 77.30
 8614.25 30.92 27.36 28.02 26.32 25.35 27.25 43.61 40.09 46.04 58.45 76.99 76.89
 8615.25 29.97 26.42 27.09 25.39 24.42 26.31 42.67 39.18 45.17 57.63 76.22 76.23
 8616.25 28.87 25.34 26.03 24.34 23.37 25.25 41.54 38.09 44.11 56.62 75.26 75.39
 8617.25 26.54 23.11 23.78 22.15 21.20 23.02 39.08 35.68 41.71 54.30 73.10 73.35
 8618.25 25.90 22.50 23.18 21.57 20.62 22.42 38.34 35.01 41.02 53.61 72.39 72.76
 8619.25 25.30 21.95 22.63 21.04 20.09 21.88 37.63 34.38 40.38 52.94 71.69 72.17
 8620.25 23.39 20.18 20.84 19.32 18.40 20.11 35.37 32.24 38.17 50.65 69.42 70.03
 8621.25 22.94 19.76 20.43 18.92 18.01 19.71 34.78 31.73 37.63 50.07 68.78 69.51
 8622.25 22.39 19.27 19.94 18.45 17.56 19.22 34.08 31.12 36.98 49.36 68.00 68.85
 8623.25 20.84 17.86 18.51 17.10 16.24 17.82 32.10 29.28 35.01 47.21 65.74 66.71
 8624.25 20.35 17.42 18.07 16.68 15.83 17.39 31.42 28.69 34.39 46.49 64.91 66.01
 8625.25 20.28 17.37 18.03 16.64 15.79 17.34 31.30 28.63 34.32 46.40 64.74 65.95
 8626.25 19.16 16.37 17.01 15.68 14.86 16.35 29.79 27.26 32.81 44.68 62.83 64.16
 8627.25 18.05 15.38 16.00 14.74 13.95 15.37 28.26 25.87 31.27 42.89 60.81 62.26
 8628.25 18.31 15.62 16.25 14.97 14.17 15.61 28.56 26.21 31.66 43.31 61.20 62.77
 8629.25 18.38 15.69 16.33 15.05 14.24 15.68 28.61 26.31 31.77 43.42 61.24 62.93
 8630.25 16.68 14.20 14.79 13.61 12.86 14.19 26.24 24.13 29.32 40.52 57.91 59.70
 8631.25 16.56 14.10 14.68 13.51 12.76 14.09 26.03 23.98 29.15 40.30 57.58 59.49
 8632.25 17.78 15.19 15.81 14.57 13.77 15.17 27.64 25.57 30.95 42.40 59.87 61.92
 8633.25 17.29 14.77 15.38 14.17 13.38 14.75 26.94 24.96 30.26 41.56 58.85 61.01
 8634.25 15.82 13.49 14.05 12.93 12.19 13.47 24.86 23.05 28.09 38.95 55.79 58.04
 8635.25 16.55 14.14 14.72 13.56 12.79 14.12 25.83 24.02 29.20 40.27 57.23 59.62
 8636.25 18.74 16.10 16.74 15.46 14.60 16.07 28.73 26.86 32.38 43.96 61.27 63.81
 8637.25 17.19 14.73 15.33 14.13 13.33 14.70 26.61 24.88 30.17 41.38 58.31 60.95
 8638.25 16.26 13.91 14.48 13.35 12.58 13.88 25.29 23.67 28.81 39.75 56.38 59.12
 8639.25 18.11 15.57 16.18 14.95 14.10 15.53 27.73 26.08 31.52 42.92 59.84 62.74
 8640.25 21.36 18.52 19.22 17.82 16.85 18.48 31.86 30.14 35.97 47.89 65.03 68.06
 8641.25 19.55 16.89 17.54 16.23 15.32 16.84 29.52 27.93 33.57 45.23 62.16 65.32
 8642.25 19.07 16.47 17.11 15.82 14.92 16.42 28.85 27.35 32.93 44.51 61.31 64.58
 8643.25 20.52 17.79 18.46 17.11 16.15 17.74 30.65 29.16 34.91 46.70 63.53 66.94
 8644.25 21.53 18.73 19.42 18.03 17.03 18.67 31.84 30.39 36.25 48.14 64.92 68.44
 8645.25 24.46 21.47 22.21 20.71 19.62 21.40 35.22 33.79 39.82 51.85 68.48 72.09
 8646.25 27.48 24.36 25.14 23.56 22.40 24.28 38.47 37.09 43.17 55.15 71.49 75.16
 8647.25 27.42 24.32 25.10 23.52 22.35 24.23 38.34 37.03 43.12 55.09 71.34 75.14
 8648.25 22.28 19.49 20.19 18.78 17.74 19.42 32.50 31.31 37.21 49.09 65.47 69.48
 8649.25 18.37 15.93 16.54 15.31 14.40 15.86 27.59 26.56 32.07 43.45 59.53 63.66
 8650.25 19.85 17.28 17.93 16.63 15.66 17.21 29.45 28.44 34.14 45.77 61.93 66.20
 8651.25 16.14 13.96 14.50 13.41 12.58 13.90 24.48 23.64 28.77 39.52 54.90 59.18
 8652.25 12.43 10.69 11.13 10.26  9.60 10.65 19.25 18.60 22.93 32.29 46.19 50.30
 8653.25 12.75 10.99 11.43 10.54  9.86 10.94 19.68 19.07 23.48 32.98 46.97 51.24
 8654.25 15.92 13.80 14.33 13.26 12.43 13.74 24.06 23.40 28.51 39.18 54.26 58.93
 8655.25 19.49 17.02 17.65 16.39 15.40 16.95 28.73 28.06 33.73 45.26 60.93 65.87
 8656.25 15.36 13.32 13.84 12.80 11.98 13.26 23.21 22.68 27.69 38.18 52.94 57.87
 8657.25 13.02 11.26 11.70 10.81 10.10 11.20 19.90 19.48 23.98 33.57 47.36 52.23
 8658.25 13.07 11.31 11.75 10.86 10.14 11.25 19.92 19.56 24.06 33.67 47.40 52.41
 8659.25 17.38 15.16 15.73 14.59 13.67 15.09 25.75 25.37 30.73 41.73 56.66 62.15
 8660.25 19.38 16.98 17.59 16.36 15.34 16.90 28.28 27.94 33.60 45.01 60.15 65.85
 8661.25 14.37 12.48 12.97 12.00 11.21 12.42 21.60 21.38 26.19 36.28 50.26 55.84
 8662.25 12.67 10.99 11.42 10.56  9.85 10.93 19.19 19.03 23.45 32.84 46.04 51.55
 8663.25 13.49 11.72 12.17 11.26 10.51 11.66 20.30 20.18 24.80 34.53 48.03 53.76
 8664.25 19.71 17.34 17.95 16.72 15.67 17.26 28.48 28.37 34.04 45.42 60.27 66.47
 8665.25 20.80 18.35 18.98 17.71 16.61 18.26 29.81 29.74 35.55 47.10 62.03 68.34
 8666.25 14.50 12.65 13.13 12.17 11.35 12.59 21.64 21.62 26.48 36.59 50.41 56.56
 8667.25 12.77 11.12 11.54 10.69  9.96 11.06 19.21 19.23 23.69 33.10 46.20 52.21
 8668.25 13.86 12.09 12.54 11.63 10.84 12.03 20.70 20.75 25.47 35.32 48.84 55.10
 8669.25 19.82 17.49 18.09 16.88 15.80 17.41 28.48 28.59 34.30 45.68 60.41 67.11
 8670.25 21.24 18.81 19.44 18.17 17.03 18.73 30.22 30.37 36.25 47.82 62.63 69.44
 8671.25 15.59 13.67 14.16 13.17 12.27 13.60 22.99 23.16 28.24 38.69 52.68 59.41
 8672.25 13.58 11.87 12.31 11.43 10.63 11.81 20.22 20.41 25.07 34.80 48.09 54.69
 8673.25 14.32 12.55 13.00 12.08 11.24 12.48 21.21 21.46 26.28 36.28 49.81 56.59
 8674.25 20.12 17.83 18.42 17.23 16.11 17.75 28.68 29.02 34.74 46.08 60.63 67.80
 8675.25 25.13 22.53 23.21 21.83 20.53 22.43 34.55 34.96 41.05 52.75 67.32 74.52
 8676.25 19.38 17.17 17.74 16.58 15.48 17.09 27.73 28.16 33.83 45.07 59.52 66.90
 8677.25 15.55 13.69 14.17 13.19 12.27 13.61 22.77 23.19 28.29 38.67 52.47 59.77
 8678.25 15.32 13.49 13.96 13.00 12.09 13.42 22.44 22.89 27.94 38.24 51.94 59.31
 8679.25 19.06 16.91 17.46 16.33 15.23 16.82 27.23 27.79 33.43 44.56 58.87 66.52
 8680.25 25.66 23.11 23.77 22.42 21.07 23.01 34.93 35.60 41.71 53.30 67.64 75.28
 8681.25 24.32 21.85 22.49 21.18 19.86 21.74 33.41 34.12 40.19 51.74 66.10 73.89
 8682.25 19.00 16.89 17.43 16.32 15.20 16.80 27.09 27.79 33.46 44.55 58.77 66.73
 8683.25 17.31 15.35 15.85 14.83 13.78 15.27 24.92 25.63 31.07 41.82 55.79 63.79
 8684.25 18.71 16.64 17.17 16.10 14.97 16.55 26.66 27.45 33.08 44.09 58.20 66.34
 8685.25 24.31 21.89 22.52 21.25 19.90 21.79 33.24 34.15 40.23 51.68 65.87 74.02
 8686.25 27.77 25.24 25.90 24.57 23.11 25.13 36.94 37.92 44.06 55.43 69.37 77.47
 8687.25 24.63 22.23 22.85 21.60 20.21 22.12 33.53 34.55 40.66 52.07 66.16 74.48
 8688.25 20.62 18.46 19.02 17.90 16.64 18.36 28.87 29.89 35.76 46.95 61.03 69.55
 8689.25 19.78 17.68 18.22 17.14 15.92 17.59 27.81 28.86 34.65 45.73 59.72 68.33
 8690.25 22.14 19.90 20.48 19.33 18.00 19.80 30.59 31.74 37.73 49.01 63.02 71.70
 8691.25 27.03 24.59 25.23 23.97 22.47 24.48 35.97 37.21 43.36 54.68 68.46 77.05
 8692.25 28.40 25.94 26.58 25.31 23.77 25.83 37.36 38.65 44.80 56.05 69.68 78.31
 8693.25 26.10 23.72 24.34 23.11 21.61 23.61 34.93 36.27 42.44 53.78 67.55 76.39
 8694.25 23.19 20.93 21.51 20.37 18.95 20.84 31.68 33.05 39.14 50.48 64.34 73.40
 8695.25 22.35 20.15 20.72 19.61 18.22 20.06 30.69 32.09 38.15 49.44 63.28 72.47
 8696.25 23.87 21.60 22.19 21.05 19.59 21.51 32.38 33.86 40.00 51.34 65.09 74.33
 8697.25 26.10 23.76 24.37 23.19 21.64 23.67 34.80 36.35 42.55 53.88 67.48 76.72
 8698.25 25.49 23.17 23.78 22.62 21.08 23.09 34.10 35.70 41.90 53.23 66.83 76.19
 8699.25 24.32 22.06 22.65 21.53 20.02 21.99 32.79 34.43 40.61 51.94 65.55 75.07
 8700.25 24.15 21.91 22.50 21.39 19.87 21.84 32.57 34.26 40.44 51.76 65.34 74.97
 8701.25 23.93 21.71 22.30 21.20 19.68 21.64 32.28 34.02 40.20 51.51 65.06 74.79
 8702.25 22.94 20.77 21.35 20.29 18.79 20.71 31.12 32.90 39.03 50.32 63.84 73.71
 8703.25 23.98 21.78 22.37 21.29 19.74 21.72 32.26 34.11 40.30 51.60 65.05 74.98
 8704.25 26.70 24.41 25.03 23.91 22.25 24.35 35.18 37.10 43.35 54.61 67.87 77.76
 8705.25 27.88 25.58 26.20 25.08 23.38 25.52 36.37 38.35 44.59 55.80 68.92 78.84
 8706.25 27.25 24.97 25.58 24.48 22.78 24.92 35.68 37.72 43.97 55.19 68.33 78.38
 8707.25 26.48 24.22 24.84 23.75 22.06 24.18 34.84 36.92 43.18 54.43 67.57 77.77
 8708.25 25.20 23.00 23.60 22.55 20.88 22.97 33.45 35.56 41.81 53.08 66.25 76.61
 8709.25 23.31 21.20 21.78 20.78 19.16 21.17 31.33 33.44 39.64 50.88 64.08 74.62
 8710.25 23.48 21.38 21.96 20.96 19.33 21.35 31.51 33.66 39.86 51.10 64.25 74.89
 8711.25 26.12 23.92 24.53 23.49 21.75 23.90 34.38 36.59 42.87 54.09 67.07 77.68
 8712.25 27.79 25.57 26.19 25.14 23.34 25.55 36.12 38.38 44.65 55.80 68.62 79.27
 8713.25 27.71 25.50 26.11 25.08 23.27 25.48 36.02 38.31 44.59 55.74 68.52 79.32
 8714.25 27.67 25.47 26.09 25.06 23.24 25.46 35.96 38.28 44.57 55.72 68.45 79.42
 8715.25 28.10 25.89 26.51 25.49 23.65 25.89 36.38 38.73 45.02 56.13 68.79 79.88
 8716.25 28.40 26.20 26.82 25.81 23.94 26.20 36.66 39.06 45.34 56.43 69.02 80.24
 8717.25 28.39 26.19 26.81 25.81 23.93 26.20 36.63 39.06 45.34 56.42 68.98 80.35
 8718.25 28.42 26.22 26.84 25.85 23.95 26.23 36.63 39.11 45.38 56.45 68.98 80.48
 8719.25 28.25 26.05 26.67 25.68 23.79 26.07 36.43 38.95 45.22 56.30 68.83 80.46
 8720.25 28.24 26.05 26.67 25.68 23.78 26.07 36.40 38.97 45.23 56.30 68.82 80.57
 8721.25 28.41 26.21 26.83 25.83 23.93 26.23 36.54 39.16 45.41 56.46 68.95 80.82
 8722.25 28.60 26.40 27.02 26.02 24.11 26.43 36.70 39.37 45.60 56.64 69.10 81.08
 8723.25 28.64 26.44 27.06 26.05 24.15 26.47 36.71 39.42 45.65 56.68 69.12 81.22
 8724.25 28.51 26.32 26.94 25.92 24.02 26.35 36.56 39.32 45.54 56.57 69.01 81.23
 8725.25 28.42 26.23 26.85 25.83 23.93 26.27 36.44 39.25 45.46 56.49 68.92 81.27
 8726.25 28.42 26.23 26.85 25.82 23.93 26.28 36.41 39.26 45.46 56.49 68.91 81.38
 8727.25 27.94 25.77 26.38 25.35 23.47 25.81 35.90 38.80 44.98 56.04 68.48 81.11
 8728.25 26.98 24.84 25.43 24.42 22.55 24.88 34.88 37.82 43.99 55.11 67.60 80.41
 8729.25 26.55 24.42 25.01 24.00 22.15 24.47 34.40 37.39 43.54 54.67 67.17 80.14
 8730.25 27.83 25.67 26.27 25.23 23.35 25.72 35.70 38.73 44.85 55.93 68.33 81.32
 8731.25 28.74 26.58 27.17 26.13 24.23 26.63 36.60 39.68 45.76 56.79 69.11 82.15
 8732.25 28.85 26.70 27.29 26.23 24.34 26.75 36.69 39.81 45.86 56.89 69.18 82.33
 8733.25 28.86 26.71 27.30 26.24 24.34 26.76 36.67 39.84 45.86 56.89 69.17 82.43
 8734.25 28.95 26.81 27.39 26.32 24.43 26.86 36.73 39.94 45.94 56.97 69.21 82.57
 8735.25 28.77 26.64 27.22 26.15 24.26 26.69 36.52 39.78 45.76 56.79 69.03 82.52
 8736.25 28.53 26.40 26.97 25.90 24.01 26.46 36.24 39.55 45.51 56.56 68.80 82.43
 8737.25 28.54 26.42 26.99 25.91 24.02 26.48 36.22 39.58 45.51 56.57 68.79 82.54
 8738.25 28.42 26.31 26.88 25.79 23.91 26.38 36.08 39.48 45.40 56.47 68.68 82.55
 8739.25 27.55 25.46 26.02 24.93 23.07 25.52 35.15 38.60 44.51 55.63 67.88 81.94
 8740.25 27.02 24.95 25.50 24.41 22.57 25.02 34.58 38.07 43.96 55.10 67.37 81.58
 8741.25 27.03 24.96 25.51 24.42 22.57 25.03 34.55 38.09 43.95 55.09 67.34 81.66
 8742.25 26.63 24.58 25.12 24.03 22.19 24.65 34.10 37.68 43.52 54.65 66.93 81.40
 8743.25 26.79 24.75 25.28 24.19 22.34 24.82 34.25 37.87 43.69 54.79 67.06 81.63
 8744.25 27.70 25.64 26.18 25.07 23.20 25.72 35.16 38.84 44.62 55.66 67.87 82.48
 8745.25 27.51 25.46 25.99 24.87 23.01 25.53 34.92 38.65 44.41 55.43 67.67 82.40
 8746.25 27.80 25.74 26.27 25.14 23.28 25.82 35.19 38.95 44.68 55.67 67.89 82.70
 8747.25 28.23 26.16 26.69 25.55 23.67 26.24 35.58 39.39 45.09 56.02 68.21 83.10
 8748.25 28.31 26.23 26.76 25.61 23.74 26.32 35.62 39.47 45.15 56.05 68.24 83.24
 8749.25 28.25 26.17 26.69 25.54 23.66 26.26 35.51 39.41 45.07 55.95 68.15 83.27
 8750.25 28.46 26.37 26.89 25.73 23.85 26.46 35.68 39.63 45.25 56.10 68.30 83.51
 8751.25 28.26 26.17 26.68 25.52 23.64 26.26 35.44 39.43 45.04 55.88 68.10 83.44
 8752.25 26.98 24.90 25.41 24.25 22.41 25.00 34.08 38.12 43.72 54.60 66.91 82.48
 8753.25 27.14 25.06 25.56 24.40 22.54 25.16 34.22 38.29 43.87 54.72 67.03 82.70
 8754.25 28.52 26.41 26.91 25.73 23.85 26.51 35.61 39.71 45.24 56.00 68.22 83.88
 8755.25 28.86 26.74 27.24 26.05 24.16 26.84 35.92 40.05 45.55 56.27 68.47 84.21
 8756.25 28.93 26.80 27.30 26.10 24.21 26.91 35.96 40.13 45.60 56.29 68.48 84.32
 8757.25 28.85 26.72 27.22 26.01 24.12 26.83 35.86 40.05 45.50 56.17 68.37 84.33
 8758.25 28.51 26.38 26.87 25.65 23.77 26.49 35.48 39.71 45.15 55.81 68.05 84.16
 8759.25 25.32 23.27 23.73 22.56 20.78 23.38 32.10 36.32 41.73 52.46 64.90 81.41
 8760.25 16.71 15.13 15.48 14.58 13.26 15.21 22.13 25.71 30.41 40.23 52.24 68.90
 8761.25 12.90 11.63 11.90 11.18 10.12 11.69 17.35 20.39 24.40 33.05 44.04 59.95
 8762.25 12.00 10.80 11.06 10.37  9.39 10.86 16.16 19.05 22.84 31.07 41.65 57.23
 8763.25  8.92  8.01  8.20  7.67  6.93  8.05 12.10 14.37 17.34 23.96 32.76 46.30
 8764.25  9.06  8.13  8.33  7.79  7.04  8.18 12.28 14.59 17.59 24.27 33.16 46.91
 8765.25 15.11 13.65 13.95 13.09 11.89 13.73 20.02 23.49 27.80 37.02 48.60 65.44
 8766.25 22.92 20.94 21.34 20.16 18.50 21.05 29.29 33.65 38.82 49.36 61.92 79.41
 8767.25 20.11 18.29 18.66 17.57 16.06 18.39 26.02 30.18 35.10 45.33 57.76 75.41
 8768.25 12.27 11.04 11.28 10.55  9.56 11.10 16.39 19.47 23.18 31.37 42.03 58.32
 8769.25  8.79  7.89  8.06  7.52  6.80  7.94 11.85 14.20 17.04 23.48 32.18 46.19
 8770.25  7.47  6.70  6.84  6.38  5.76  6.74 10.09 12.14 14.59 20.20 27.92 40.69
 8771.25 10.15  9.12  9.30  8.68  7.86  9.17 13.60 16.30 19.44 26.55 36.09 51.51
 8772.25 18.96 17.20 17.50 16.45 15.03 17.30 24.53 28.74 33.39 43.31 55.64 74.15
 8773.25 25.43 23.33 23.68 22.40 20.67 23.45 31.85 36.59 41.61 52.02 64.56 83.07
 8774.25 28.20 26.02 26.37 25.05 23.24 26.15 34.72 39.53 44.51 54.83 67.22 85.64
 8775.25 28.85 26.67 27.01 25.67 23.85 26.79 35.36 40.21 45.15 55.41 67.77 86.32
 8776.25 26.80 24.66 24.98 23.67 21.90 24.78 33.22 38.10 43.02 53.34 65.88 84.84
 8777.25 17.91 16.22 16.46 15.44 14.10 16.31 23.16 27.41 31.78 41.40 53.67 73.09
 8778.25 11.14 10.00 10.15  9.47  8.59 10.06 14.78 17.87 21.10 28.62 38.85 56.38
 8779.25  9.87  8.85  8.98  8.37  7.59  8.90 13.12 15.94 18.85 25.73 35.25 51.99
 8780.25  7.90  7.07  7.17  6.68  6.05  7.11 10.53 12.86 15.25 20.99 29.10 43.89
 8781.25  8.21  7.35  7.45  6.94  6.29  7.39 10.93 13.36 15.81 21.72 30.08 45.38
 8782.25 15.49 13.99 14.15 13.24 12.07 14.05 20.11 24.13 27.99 36.89 48.67 68.53
 8783.25 27.07 24.91 25.14 23.81 22.07 25.00 33.31 38.46 43.11 53.32 66.00 86.30
 8784.25 29.50 27.30 27.52 26.15 24.37 27.38 35.78 40.98 45.58 55.67 68.20 88.41
 8785.25 29.62 27.41 27.62 26.25 24.47 27.49 35.87 41.11 45.67 55.74 68.28 88.67
 8786.25 29.17 26.97 27.17 25.79 24.03 27.04 35.41 40.69 45.22 55.30 67.91 88.54
 8787.25 28.66 26.46 26.64 25.27 23.52 26.53 34.86 40.20 44.70 54.80 67.47 88.37
 8788.25 28.70 26.49 26.67 25.29 23.55 26.56 34.88 40.25 44.72 54.81 67.50 88.59
 8789.25 28.71 26.50 26.66 25.27 23.54 26.56 34.86 40.28 44.71 54.79 67.51 88.80
 8790.25 28.37 26.17 26.31 24.93 23.21 26.22 34.50 39.96 44.36 54.44 67.21 88.74
 8791.25 26.13 23.99 24.12 22.77 21.12 24.03 32.14 37.60 41.96 52.09 65.03 87.01
 8792.25 17.35 15.69 15.77 14.75 13.51 15.71 22.18 26.86 30.66 39.96 52.47 74.84
 8793.25 11.50 10.32 10.37  9.65  8.79 10.33 14.99 18.53 21.45 28.91 39.58 60.09
 8794.25 12.98 11.67 11.71 10.91  9.96 11.68 16.82 20.74 23.89 31.93 43.27 64.81
 8795.25 22.17 20.22 20.27 19.05 17.58 20.22 27.67 33.03 37.10 47.01 60.05 83.15
 8796.25 28.90 26.71 26.75 25.35 23.65 26.70 34.89 40.59 44.76 54.76 67.64 90.27
 8797.25 29.45 27.25 27.27 25.87 24.16 27.23 35.42 41.15 45.28 55.23 68.10 90.85
 8798.25 29.38 27.19 27.19 25.79 24.09 27.16 35.33 41.10 45.19 55.14 68.03 90.98
 8799.25 29.39 27.21 27.19 25.79 24.09 27.16 35.32 41.13 45.18 55.11 68.02 91.15
 8800.25 29.20 27.02 26.99 25.59 23.89 26.97 35.10 40.95 44.97 54.91 67.85 91.19
 8801.25 29.22 27.05 26.99 25.60 23.90 26.98 35.10 40.99 44.98 54.90 67.86 91.39
 8802.25 29.47 27.29 27.22 25.83 24.13 27.22 35.32 41.24 45.18 55.08 68.04 91.71
 8803.25 29.21 27.04 26.95 25.56 23.87 26.96 35.03 40.99 44.90 54.79 67.78 91.64
 8804.25 28.65 26.50 26.40 25.01 23.33 26.40 34.45 40.45 44.32 54.23 67.27 91.39
 8805.25 29.03 26.88 26.76 25.37 23.69 26.77 34.81 40.84 44.66 54.53 67.56 91.79
 8806.25 29.62 27.47 27.34 25.94 24.26 27.36 35.38 41.43 45.21 55.03 68.02 92.34
 8807.25 29.71 27.57 27.43 26.03 24.34 27.45 35.46 41.55 45.28 55.08 68.09 92.58
 8808.25 29.63 27.50 27.34 25.93 24.25 27.36 35.36 41.49 45.19 54.99 68.02 92.72
 8809.25 29.54 27.43 27.25 25.85 24.17 27.28 35.26 41.43 45.10 54.89 67.95 92.84
 8810.25 28.27 26.18 25.98 24.60 22.94 26.02 33.95 40.16 43.81 53.65 66.84 92.09
 8811.25 24.78 22.79 22.59 21.28 19.72 22.63 30.27 36.43 40.03 49.92 63.31 89.21
 8812.25 22.70 20.81 20.61 19.36 17.88 20.65 28.00 34.05 37.57 47.39 60.84 87.16
 8813.25 24.30 22.35 22.12 20.82 19.29 22.17 29.72 35.91 39.45 49.31 62.76 89.10
 8814.25 27.78 25.74 25.49 24.10 22.47 25.54 33.38 39.70 43.25 53.06 66.35 92.39
 8815.25 29.17 27.12 26.85 25.44 23.78 26.91 34.78 41.12 44.63 54.36 67.57 93.58
 8816.25 29.35 27.31 27.02 25.62 23.96 27.09 34.95 41.31 44.79 54.50 67.71 93.88
 8817.25 29.53 27.51 27.20 25.79 24.13 27.27 35.12 41.50 44.95 54.64 67.85 94.17
 8818.25 29.56 27.55 27.23 25.81 24.16 27.30 35.13 41.53 44.96 54.64 67.87 94.35
 8819.25 29.36 27.36 27.03 25.61 23.96 27.10 34.91 41.34 44.75 54.42 67.68 94.36
 8820.25 29.17 27.18 26.83 25.41 23.77 26.91 34.70 41.16 44.55 54.22 67.52 94.42
 8821.25 29.00 27.02 26.66 25.24 23.60 26.73 34.52 41.01 44.38 54.06 67.40 94.52
 8822.25 28.54 26.57 26.20 24.79 23.16 26.27 34.04 40.55 43.90 53.59 66.99 94.36
 8823.25 27.28 25.35 24.96 23.57 21.98 25.04 32.73 39.26 42.59 52.31 65.82 93.55
 8824.25 25.26 23.39 23.00 21.65 20.13 23.07 30.59 37.08 40.38 50.12 63.76 91.97
 8825.25 24.71 22.87 22.46 21.13 19.63 22.54 29.98 36.48 39.75 49.47 63.16 91.66
 8826.25 22.16 20.43 20.04 18.80 17.41 20.11 27.16 33.45 36.63 46.20 59.89 88.93
 8827.25 13.79 12.59 12.31 11.46 10.52 12.36 17.40 22.20 24.70 32.59 44.71 72.81
 8828.25  7.72  7.02  6.85  6.35  5.82  6.88  9.87 12.83 14.41 19.54 27.95 49.73
 8829.25  4.99  4.54  4.42  4.10  3.75  4.44  6.40  8.38  9.43 12.90 18.74 34.78
 8830.25  5.94  5.40  5.26  4.88  4.46  5.28  7.60  9.94 11.17 15.23 22.03 40.65
 8831.25 13.34 12.20 11.90 11.07 10.19 11.94 16.77 21.46 23.82 31.35 43.13 71.83
 8832.25 23.41 21.68 21.20 19.90 18.49 21.26 28.47 35.04 38.19 47.74 61.64 92.67
 8833.25 22.63 20.94 20.45 19.18 17.81 20.52 27.60 34.13 37.24 46.73 60.66 92.16
 8834.25 20.84 19.24 18.77 17.56 16.27 18.83 25.59 31.93 34.95 44.27 58.15 90.15
 8835.25 18.03 16.59 16.16 15.08 13.93 16.21 22.36 28.28 31.12 40.02 53.61 85.96
 8836.25 18.65 17.18 16.72 15.61 14.44 16.78 23.06 29.11 31.97 40.96 54.67 87.40
 8837.25 15.74 14.47 14.06 13.10 12.09 14.11 19.62 25.06 27.65 35.92 48.91 81.31
 8838.25  8.98  8.21  7.96  7.38  6.78  7.99 11.38 14.90 16.61 22.30 31.90 58.97
 8839.25  8.21  7.50  7.27  6.74  6.19  7.29 10.41 13.67 15.25 20.53 29.54 55.61
 8840.25 13.97 12.84 12.45 11.58 10.69 12.49 17.46 22.50 24.86 32.51 44.88 77.37
 8841.25 25.09 23.40 22.79 21.44 20.04 22.85 30.12 36.96 39.99 49.34 63.37 97.17
 8842.25 29.00 27.23 26.58 25.14 23.64 26.64 34.20 41.17 44.20 53.47 67.30100.74
 8843.25 29.43 27.67 27.00 25.56 24.06 27.06 34.62 41.60 44.60 53.83 67.64101.31
 8844.25 29.55 27.80 27.12 25.68 24.19 27.18 34.73 41.73 44.71 53.91 67.73101.69
 8845.25 29.47 27.73 27.03 25.59 24.10 27.09 34.63 41.65 44.62 53.79 67.64101.93
 8846.25 28.58 26.86 26.15 24.72 23.25 26.21 33.72 40.77 43.73 52.93 66.87101.65
 8847.25 25.76 24.10 23.41 22.03 20.63 23.46 30.79 37.81 40.76 50.03 64.18 99.83
 8848.25 24.89 23.27 22.58 21.22 19.85 22.63 29.87 36.87 39.80 49.07 63.27 99.42
 8849.25 26.88 25.22 24.49 23.08 21.66 24.54 31.95 39.04 41.98 51.22 65.33101.43
 8850.25 25.49 23.88 23.15 21.78 20.41 23.21 30.47 37.52 40.42 49.66 63.84100.54
 8851.25 16.96 15.71 15.15 14.12 13.10 15.19 20.92 26.87 29.40 37.77 51.33 88.85
 8852.25 12.96 11.97 11.51 10.69  9.89 11.54 16.18 21.16 23.30 30.59 42.89 79.30
 8853.25 16.61 15.40 14.83 13.81 12.82 14.86 20.50 26.41 28.88 37.17 50.68 88.83
 8854.25 25.57 23.99 23.22 21.84 20.49 23.27 30.50 37.62 40.47 49.69 63.90101.91
 8855.25 29.00 27.38 26.55 25.11 23.68 26.60 34.08 41.30 44.14 53.30 67.31104.96
 8856.25 28.89 27.27 26.44 24.99 23.57 26.48 33.95 41.19 44.01 53.17 67.19105.17
 8857.25 28.65 27.05 26.21 24.76 23.36 26.25 33.69 40.95 43.75 52.91 66.94105.24
 8858.25 28.32 26.74 25.88 24.44 23.04 25.92 33.35 40.62 43.42 52.58 66.65105.33
 8859.25 28.55 26.97 26.10 24.65 23.25 26.14 33.58 40.88 43.66 52.83 66.92105.93
 8860.25 29.05 27.48 26.59 25.13 23.73 26.63 34.08 41.41 44.18 53.35 67.42106.73
 8861.25 29.05 27.50 26.58 25.12 23.73 26.62 34.08 41.43 44.19 53.36 67.46107.11
 8862.25 28.60 27.07 26.14 24.69 23.30 26.18 33.62 41.00 43.75 52.94 67.10107.18
 8863.25 26.70 25.20 24.28 22.86 21.51 24.31 31.65 39.02 41.77 51.02 65.33106.17
 8864.25 24.26 22.83 21.93 20.57 19.30 21.96 29.05 36.33 39.05 48.28 62.72104.41
 8865.25 23.65 22.25 21.35 20.01 18.76 21.37 28.38 35.62 38.32 47.53 61.99104.09
 8866.25 25.75 24.31 23.36 21.96 20.64 23.38 30.62 38.00 40.71 49.95 64.33106.29
 8867.25 27.73 26.27 25.28 23.83 22.47 25.29 32.69 40.15 42.85 52.06 66.35108.23
 8868.25 20.72 19.48 18.63 17.41 16.28 18.63 25.08 31.93 34.46 43.34 57.59100.96
 8869.25 11.28 10.53 10.00  9.26  8.59 10.00 14.05 18.69 20.47 27.04 38.52 78.70
 8870.25  9.47  8.83  8.38  7.75  7.19  8.37 11.84 15.86 17.40 23.18 33.48 71.41
 8871.25 14.86 13.92 13.23 12.29 11.43 13.22 18.32 24.03 26.16 33.92 47.01 90.52
 8872.25 25.93 24.59 23.55 22.15 20.84 23.54 30.76 38.24 40.87 50.09 64.54108.48
 8873.25 29.28 27.90 26.80 25.33 23.95 26.79 34.24 41.82 44.44 53.60 67.85111.35
 8874.25 29.69 28.32 27.20 25.72 24.34 27.18 34.64 42.23 44.84 53.97 68.20111.92
 8875.25 29.96 28.60 27.47 25.99 24.61 27.45 34.90 42.50 45.11 54.22 68.43112.40
 8876.25 29.96 28.62 27.47 25.99 24.61 27.44 34.89 42.51 45.11 54.21 68.43112.71
 8877.25 29.89 28.57 27.41 25.93 24.55 27.37 34.82 42.45 45.04 54.14 68.37112.95
 8878.25 29.83 28.52 27.35 25.87 24.49 27.30 34.74 42.38 44.96 54.03 68.25113.07
 8879.25 29.87 28.58 27.39 25.92 24.54 27.34 34.76 42.40 44.97 54.01 68.21113.23
 8880.25 30.05 28.77 27.57 26.09 24.72 27.52 34.95 42.62 45.19 54.23 68.45113.84
 8881.25 30.13 28.86 27.64 26.16 24.78 27.58 35.03 42.73 45.29 54.34 68.60114.35
 8882.25 29.94 28.69 27.46 25.98 24.60 27.39 34.84 42.56 45.13 54.18 68.47114.58
 8883.25 29.87 28.63 27.38 25.90 24.53 27.31 34.76 42.51 45.08 54.13 68.46114.87
 8884.25 29.87 28.65 27.38 25.90 24.53 27.31 34.76 42.53 45.10 54.15 68.50115.00
 8885.25 29.29 28.09 26.81 25.33 23.97 26.73 34.17 41.97 44.54 53.61 68.04114.58
 8886.25 20.06 19.08 18.03 16.84 15.77 17.96 24.19 31.16 33.53 42.13 56.43104.29
 8887.25  8.47  8.00  7.49  6.93  6.43  7.45 10.54 14.30 15.64 20.81 30.34 68.95
 8888.25  5.65  5.34  4.99  4.61  4.27  4.96  7.06  9.66 10.59 14.22 21.12 51.03
 8889.25  7.89  7.46  6.98  6.45  5.99  6.94  9.84 13.38 14.63 19.50 28.57 65.46
 8890.25 18.01 17.15 16.13 15.03 14.04 16.05 21.88 28.54 30.79 39.08 53.15100.21
 8891.25 25.95 24.88 23.56 22.14 20.85 23.45 30.72 38.56 41.11 50.22 64.99111.29
 8892.25 26.68 25.61 24.27 22.83 21.52 24.15 31.49 39.36 41.91 51.01 65.75111.68
 8893.25 28.21 27.14 25.75 24.29 22.95 25.63 33.06 40.97 43.51 52.55 67.20112.54
 8894.25 29.67 28.61 27.20 25.71 24.35 27.07 34.55 42.45 44.97 53.94 68.46113.25
 8895.25 30.09 29.04 27.61 26.12 24.76 27.48 34.97 42.86 45.37 54.31 68.80113.30
 8896.25 29.37 28.34 26.90 25.42 24.07 26.77 34.24 42.16 44.67 53.62 68.19112.63
 8897.25 27.39 26.39 24.97 23.52 22.20 24.83 32.23 40.15 42.67 51.69 66.43111.15
 8898.25 26.31 25.34 23.92 22.49 21.20 23.78 31.11 39.02 41.53 50.57 65.40110.21
 8899.25 26.64 25.68 24.24 22.80 21.50 24.09 31.45 39.38 41.89 50.91 65.72110.24
 8900.25 28.38 27.43 25.94 24.48 23.14 25.79 33.25 41.20 43.70 52.66 67.34111.21
 8901.25 29.94 29.00 27.49 26.00 24.64 27.32 34.83 42.78 45.26 54.16 68.70112.04
 8902.25 30.19 29.27 27.73 26.25 24.88 27.57 35.09 43.05 45.52 54.42 68.97112.11
 8903.25 27.06 26.17 24.67 23.23 21.93 24.50 31.88 39.82 42.30 51.30 66.09109.78
 8904.25 15.13 14.53 13.50 12.55 11.69 13.38 18.58 24.69 26.69 34.31 47.82 91.42
 8905.25  8.90  8.53  7.89  7.30  6.77  7.81 11.10 15.15 16.51 21.87 32.00 68.94
 8906.25  9.99  9.59  8.86  8.21  7.62  8.78 12.44 16.92 18.40 24.27 35.22 73.90
 8907.25 18.70 18.04 16.79 15.66 14.63 16.64 22.72 29.72 31.92 40.30 54.72 98.54
 8908.25 27.82 27.01 25.41 23.96 22.61 25.22 32.70 40.80 43.20 52.20 66.97109.51
 8909.25 29.05 28.24 26.61 25.15 23.77 26.42 33.97 42.12 44.48 53.45 68.14110.24
 8910.25 26.86 26.09 24.48 23.06 21.72 24.29 31.72 39.90 42.22 51.27 66.12108.51
 8911.25 25.60 24.86 23.26 21.88 20.56 23.07 30.40 38.57 40.86 49.91 64.84107.30
 8912.25 26.12 25.39 23.76 22.37 21.03 23.57 30.96 39.19 41.45 50.51 65.42107.60
 8913.25 27.67 26.95 25.26 23.85 22.47 25.07 32.58 40.90 43.12 52.15 66.97108.63
 8914.25 29.45 28.73 27.00 25.57 24.16 26.80 34.39 42.75 44.92 53.89 68.56109.62
 8915.25 30.00 29.31 27.55 26.12 24.70 27.36 34.95 43.33 45.45 54.39 68.99109.71
 8916.25 29.88 29.20 27.43 26.01 24.59 27.24 34.82 43.23 45.32 54.24 68.84109.31
 8917.25 29.39 28.73 26.95 25.54 24.12 26.75 34.32 42.77 44.82 53.75 68.36108.64
 8918.25 29.22 28.57 26.77 25.38 23.95 26.58 34.16 42.65 44.67 53.62 68.27108.44
 8919.25 27.61 27.00 25.20 23.84 22.44 25.01 32.52 41.06 43.05 52.07 66.86107.23
 8920.25 16.16 15.73 14.45 13.51 12.56 14.32 19.80 26.62 28.24 36.06 49.78 90.14
 8921.25  6.98  6.79  6.18  5.74  5.30  6.12  8.75 12.27 13.12 17.49 25.89 55.09
 8922.25  5.43  5.28  4.80  4.46  4.11  4.75  6.82  9.61 10.28 13.77 20.56 44.92
 8923.25  8.70  8.47  7.70  7.17  6.63  7.63 10.87 15.20 16.19 21.45 31.36 64.10
 8924.25 20.22 19.78 18.19 17.09 15.93 18.03 24.47 32.38 34.05 42.64 57.27 97.60
 8925.25 27.89 27.39 25.47 24.13 22.69 25.27 32.83 41.64 43.40 52.43 67.22106.32
 8926.25 27.67 27.19 25.26 23.94 22.49 25.06 32.61 41.44 43.16 52.19 66.98105.87
 8927.25 27.72 27.27 25.31 24.00 22.56 25.12 32.67 41.53 43.20 52.23 66.99105.61
 8928.25 27.00 26.58 24.62 23.33 21.90 24.43 31.91 40.76 42.38 51.39 66.13104.49
 8929.25 24.81 24.42 22.52 21.29 19.91 22.33 29.59 38.34 39.90 48.87 63.63101.94
 8930.25 23.37 23.02 21.15 19.97 18.64 20.97 28.06 36.75 38.25 47.21 62.04100.45
 8931.25 24.74 24.41 22.46 21.24 19.85 22.27 29.56 38.44 39.92 48.96 63.84102.04
 8932.25 26.99 26.66 24.62 23.36 21.90 24.43 31.94 40.98 42.42 51.49 66.28103.92
 8933.25 28.11 27.81 25.73 24.46 22.98 25.53 33.09 42.14 43.53 52.52 67.15104.17
 8934.25 28.36 28.08 25.99 24.72 23.24 25.79 33.33 42.38 43.72 52.68 67.22103.83
 8935.25 28.05 27.80 25.68 24.42 22.93 25.48 33.06 42.20 43.50 52.53 67.19103.87
 8936.25 27.15 26.92 24.80 23.56 22.08 24.60 32.15 41.36 42.62 51.73 66.52103.33
 8937.25 26.59 26.39 24.25 23.03 21.56 24.06 31.59 40.83 42.05 51.18 66.04102.79
 8938.25 26.57 26.39 24.24 23.02 21.54 24.04 31.57 40.85 42.03 51.17 66.03102.55
 8939.25 27.19 27.04 24.86 23.64 22.14 24.66 32.21 41.50 42.63 51.72 66.48102.48
 8940.25 27.61 27.49 25.28 24.07 22.57 25.08 32.63 41.91 42.98 52.01 66.64102.09
 8941.25 27.56 27.46 25.23 24.03 22.52 25.03 32.59 41.91 42.94 51.99 66.65101.91
 8942.25 27.80 27.73 25.48 24.28 22.76 25.28 32.86 42.22 43.21 52.26 66.94101.94
 8943.25 27.62 27.57 25.30 24.11 22.59 25.10 32.70 42.13 43.08 52.18 66.94101.87
 8944.25 19.00 18.98 17.12 16.18 14.98 16.96 23.27 31.70 32.53 41.13 55.72 91.38
 8945.25 10.24 10.24  9.12  8.56  7.87  9.02 12.88 18.46 19.01 25.16 36.50 67.69
 8946.25  9.26  9.27  8.24  7.74  7.11  8.15 11.68 16.83 17.30 23.01 33.62 63.09
 8947.25 15.87 15.91 14.25 13.44 12.41 14.10 19.67 27.36 28.01 35.99 49.83 83.84
 8948.25 26.37 26.45 24.14 22.99 21.50 23.92 31.41 40.93 41.66 50.75 65.55 99.15
 8949.25 28.56 28.66 26.28 25.10 23.55 26.05 33.70 43.31 43.99 53.06 67.75100.81
 8950.25 28.26 28.39 25.99 24.81 23.26 25.75 33.42 43.10 43.73 52.85 67.62100.56
 8951.25 28.03 28.17 25.78 24.62 23.08 25.54 33.15 42.78 43.36 52.41 67.06 99.45
 8952.25 27.80 27.97 25.57 24.42 22.89 25.33 32.90 42.52 43.06 52.07 66.66 98.64
 8953.25 26.25 26.44 24.06 22.93 21.44 23.82 31.32 40.97 41.46 50.54 65.27 97.29
 8954.25 23.37 23.58 21.31 20.26 18.86 21.09 28.21 37.59 38.02 46.93 61.48 92.97
 8955.25 23.80 24.04 21.74 20.68 19.26 21.50 28.69 38.17 38.54 47.49 62.07 93.28
 8956.25 27.21 27.49 25.01 23.88 22.34 24.76 32.38 42.27 42.59 51.76 66.57 97.90
 8957.25 28.41 28.73 26.20 25.06 23.49 25.94 33.66 43.65 43.91 53.10 67.90 98.96
 8958.25 22.84 23.16 20.85 19.83 18.44 20.62 27.72 37.35 37.55 46.65 61.59 93.03
 8959.25 10.69 10.88  9.59  9.04  8.29  9.46 13.53 19.72 19.81 26.25 37.95 65.83
 8960.25  6.18  6.31  5.53  5.20  4.76  5.45  7.91 11.78 11.81 15.97 23.89 44.34
 8961.25  6.83  6.98  6.12  5.76  5.27  6.03  8.74 13.00 13.01 17.56 26.13 47.72
 8962.25 13.37 13.66 12.07 11.41 10.49 11.90 16.80 24.13 24.10 31.40 44.16 72.17
 8963.25 24.37 24.84 22.42 21.40 19.96 22.16 29.34 39.08 38.98 47.84 62.10 90.47
 8964.25 27.61 28.13 25.57 24.49 22.95 25.29 32.81 42.85 42.69 51.67 66.03 94.29
 8965.25 26.80 27.35 24.81 23.75 22.23 24.53 31.96 41.95 41.74 50.66 64.92 92.70
 8966.25 26.54 27.12 24.56 23.50 21.99 24.27 31.71 41.78 41.51 50.47 64.79 92.40
 8967.25 27.65 28.28 25.62 24.53 22.96 25.32 33.00 43.40 43.06 52.27 66.98 95.05
 8968.25 28.67 29.34 26.62 25.51 23.91 26.31 34.11 44.69 44.29 53.61 68.46 96.55
 8969.25 28.92 29.63 26.90 25.79 24.19 26.58 34.38 44.98 44.52 53.82 68.62 96.34
 8970.25 27.47 28.18 25.51 24.44 22.88 25.20 32.82 43.26 42.75 51.90 66.46 93.46
 8971.25 25.16 25.87 23.31 22.30 20.82 23.01 30.28 40.38 39.83 48.68 62.78 88.64
 8972.25 24.24 24.99 22.41 21.42 19.95 22.11 29.40 39.67 39.04 48.07 62.47 88.62
 8973.25 22.48 23.24 20.70 19.73 18.30 20.40 27.60 37.99 37.30 46.53 61.38 88.23
 8974.25 22.82 23.61 21.05 20.08 18.65 20.75 27.96 38.37 37.63 46.80 61.52 87.81
 8975.25 26.28 27.14 24.42 23.38 21.83 24.09 31.67 42.36 41.55 50.78 65.43 91.16
 8976.25 27.71 28.62 25.81 24.75 23.16 25.47 33.24 44.15 43.27 52.63 67.44 93.19
 8977.25 28.06 29.02 26.16 25.10 23.48 25.82 33.66 44.73 43.78 53.25 68.20 93.90
 8978.25 28.44 29.44 26.55 25.48 23.85 26.19 34.08 45.23 44.22 53.71 68.68 94.15
 8979.25 27.57 28.57 25.73 24.69 23.10 25.38 33.11 44.09 43.05 52.37 67.09 91.84
 8980.25 24.77 25.74 23.04 22.08 20.59 22.72 30.03 40.60 39.54 48.53 62.74 86.37
 8981.25 24.72 25.74 22.99 22.03 20.52 22.66 30.06 40.84 39.70 48.85 63.31 87.05
 8982.25 25.63 26.72 23.84 22.85 21.28 23.50 31.20 42.49 41.25 50.80 65.89 90.39
 8983.25 24.32 25.43 22.57 21.60 20.07 22.23 29.87 41.27 39.95 49.63 65.00 89.71
 8984.25 24.06 25.20 22.33 21.37 19.85 21.99 29.60 41.03 39.66 49.34 64.71 89.15
 8985.25 25.45 26.63 23.71 22.75 21.19 23.36 31.05 42.45 41.03 50.58 65.63 89.22
 8986.25 25.21 26.37 23.54 22.62 21.12 23.21 30.57 41.44 40.05 49.09 63.28 85.24
 8987.25 21.80 22.91 20.28 19.45 18.08 19.97 26.78 37.07 35.70 44.31 57.91 78.73
 8988.25 20.13 21.27 18.67 17.87 16.55 18.37 25.04 35.41 33.96 42.71 56.67 77.86
 8989.25 17.02 18.09 15.70 15.00 13.82 15.43 21.53 31.44 30.00 38.59 52.70 74.40
 8990.25 10.11 10.83  9.26  8.81  8.06  9.08 13.12 20.21 19.11 25.62 37.12 56.16
 8991.25  8.67  9.33  7.94  7.56  6.91  7.79 11.30 17.55 16.55 22.33 32.66 49.83
 8992.25 15.47 16.57 14.28 13.65 12.57 14.02 19.67 29.05 27.54 35.65 49.07 69.12
 8993.25 25.17 26.73 23.53 22.65 21.11 23.17 30.80 42.48 40.63 50.14 64.99 86.00
 8994.25 24.09 25.70 22.46 21.60 20.07 22.10 29.77 41.73 39.77 49.56 64.88 86.41
 8995.25 23.50 25.15 21.89 21.05 19.53 21.54 29.16 41.19 39.16 49.01 64.41 85.88
 8996.25 26.76 28.54 25.08 24.19 22.58 24.70 32.64 44.88 42.79 52.63 67.80 88.68
 8997.25 28.74 30.59 27.05 26.15 24.51 26.66 34.68 46.92 44.79 54.55 69.50 89.89
 8998.25 28.88 30.77 27.20 26.33 24.69 26.81 34.80 47.00 44.83 54.52 69.31 89.31
 8999.25 27.26 29.13 25.66 24.82 23.25 25.28 32.97 44.79 42.65 52.02 66.29 85.45
 9000.25 24.87 26.68 23.37 22.60 21.13 23.02 30.27 41.55 39.46 48.39 61.95 80.10
 9001.25 24.21 26.11 22.70 21.92 20.43 22.33 29.76 41.51 39.26 48.59 62.76 81.69
 9002.25 15.14 16.63 14.02 13.45 12.38 13.75 19.49 29.55 27.51 36.03 49.80 69.26
 9003.25  7.56  8.39  6.96  6.66  6.09  6.81  9.97 15.98 14.70 20.09 29.51 44.19
 9004.25  7.14  7.96  6.57  6.29  5.75  6.44  9.44 15.19 13.93 19.09 28.12 42.24
 9005.25 13.53 15.01 12.53 12.03 11.04 12.27 17.57 27.14 25.07 33.21 46.44 65.35
 9006.25 24.74 26.95 23.24 22.48 20.95 22.85 30.53 42.93 40.33 50.06 64.60 83.90
 9007.25 26.83 29.10 25.33 24.57 23.01 24.93 32.61 44.78 42.21 51.62 65.55 83.96
 9008.25 27.36 29.71 25.84 25.08 23.50 25.43 33.24 45.64 42.97 52.52 66.61 85.20
 9009.25 28.43 30.90 26.89 26.12 24.49 26.47 34.47 47.20 44.41 54.19 68.54 87.45
 9010.25 28.66 31.19 27.12 26.35 24.73 26.70 34.73 47.54 44.69 54.50 68.85 87.73
 9011.25 27.52 30.02 26.04 25.30 23.73 25.63 33.42 45.92 43.10 52.64 66.56 84.83
 9012.25 27.19 29.73 25.72 25.01 23.45 25.32 33.06 45.53 42.67 52.17 65.97 84.05
 9013.25 28.54 31.22 27.03 26.30 24.67 26.60 34.63 47.58 44.57 54.40 68.61 87.21
 9014.25 29.12 31.88 27.60 26.87 25.22 27.17 35.30 48.44 45.34 55.29 69.62 88.34
 9015.25 28.16 30.91 26.69 25.98 24.38 26.26 34.21 47.10 44.02 53.76 67.75 85.99
 9016.25 25.50 28.10 24.15 23.51 22.02 23.75 31.13 43.18 40.26 49.35 62.37 79.29
 9017.25 25.53 28.18 24.19 23.55 22.07 23.79 31.17 43.29 40.31 49.41 62.40 79.24
 9018.25 28.02 30.92 26.58 25.91 24.31 26.15 34.09 47.10 43.86 53.60 67.43 85.35
 9019.25 29.16 32.19 27.70 27.01 25.37 27.25 35.41 48.79 45.42 55.41 69.54 87.83
 9020.25 29.02 32.11 27.56 26.89 25.24 27.11 35.30 48.79 45.35 55.39 69.56 87.84
 9021.25 28.13 31.22 26.70 26.05 24.43 26.26 34.33 47.71 44.25 54.20 68.18 86.17
 9022.25 25.43 28.44 24.09 23.47 21.94 23.66 31.39 44.40 40.98 50.66 64.24 81.68
 9023.25 23.35 26.36 22.04 21.46 19.97 21.63 29.24 42.34 38.84 48.65 62.43 80.12
 9024.25 25.01 28.18 23.67 23.06 21.51 23.23 31.11 44.59 40.95 50.96 64.93 82.80
 9025.25 26.40 29.56 25.08 24.49 22.95 24.65 32.38 45.40 41.87 51.45 64.72 81.66
 9026.25 26.67 29.86 25.37 24.79 23.26 24.93 32.62 45.56 42.01 51.50 64.59 81.26
 9027.25 28.28 31.69 26.93 26.33 24.72 26.47 34.54 48.16 44.39 54.34 68.02 85.40
 9028.25 28.61 32.12 27.25 26.65 25.01 26.77 34.99 48.89 45.00 55.13 69.01 86.61
 9029.25 27.49 31.03 26.15 25.57 23.95 25.68 33.84 47.78 43.83 53.98 67.84 85.37
 9030.25 25.15 28.66 23.86 23.30 21.74 23.40 31.40 45.33 41.33 51.52 65.43 82.99
 9031.25 24.14 27.64 22.89 22.35 20.82 22.44 30.29 44.12 40.10 50.21 63.99 81.36
 9032.25 26.25 29.91 24.96 24.41 22.82 24.49 32.59 46.66 42.54 52.75 66.53 83.85
 9033.25 27.60 31.39 26.29 25.74 24.11 25.81 34.08 48.40 44.18 54.51 68.40 85.81
 9034.25 27.50 31.34 26.20 25.66 24.02 25.71 34.00 48.40 44.11 54.47 68.36 85.72
 9035.25 28.11 32.02 26.82 26.28 24.64 26.33 34.63 49.05 44.72 55.06 68.86 86.07
 9036.25 28.91 32.88 27.62 27.09 25.44 27.12 35.47 49.94 45.56 55.90 69.64 86.75
 9037.25 29.23 33.26 27.94 27.43 25.77 27.44 35.81 50.33 45.89 56.24 69.94 86.97
 9038.25 27.89 31.96 26.62 26.12 24.48 26.13 34.47 49.11 44.59 55.02 68.79 85.85
 9039.25 19.85 23.44 18.78 18.36 16.99 18.36 25.65 39.51 35.08 45.29 59.15 76.58
 9040.25 13.41 16.17 12.62 12.32 11.31 12.30 17.87 29.35 25.54 34.37 46.98 63.61
 9041.25 14.99 18.04 14.13 13.81 12.71 13.79 19.85 32.13 28.06 37.36 50.36 67.19
 9042.25 22.98 26.96 21.86 21.44 19.95 21.40 29.17 43.48 38.86 49.11 62.59 79.21
 9043.25 27.76 32.00 26.58 26.13 24.52 26.07 34.26 48.78 44.11 54.31 67.52 83.68
 9044.25 28.83 33.21 27.64 27.19 25.54 27.12 35.47 50.27 45.47 55.84 69.21 85.54
 9045.25 27.85 32.30 26.66 26.22 24.58 26.15 34.53 49.55 44.63 55.15 68.66 85.11
 9046.25 26.58 31.04 25.42 24.99 23.38 24.90 33.23 48.31 43.32 53.89 67.43 83.85
 9047.25 27.38 31.88 26.22 25.80 24.18 25.70 34.02 49.01 44.03 54.49 67.82 83.96
 9048.25 27.88 32.44 26.73 26.32 24.69 26.21 34.55 49.57 44.54 54.99 68.25 84.26
 9049.25 27.36 31.99 26.22 25.83 24.20 25.70 34.06 49.24 44.11 54.66 67.99 84.05
 9050.25 20.63 24.83 19.64 19.31 17.90 19.19 26.70 41.31 36.24 46.66 60.14 76.55
 9051.25 11.96 14.84 11.31 11.09 10.18 11.01 16.13 27.22 23.19 31.56 43.19 58.28
 9052.25  9.85 12.32  9.32  9.14  8.38  9.06 13.39 23.03 19.47 26.83 37.24 51.06
 9053.25 14.19 17.56 13.46 13.23 12.17 13.11 18.96 31.29 26.79 35.87 48.03 63.29
 9054.25 24.00 28.70 22.97 22.64 21.10 22.46 30.52 45.76 40.39 50.96 64.18 79.91
 9055.25 27.56 32.52 26.49 26.14 24.51 25.94 34.37 49.87 44.41 55.03 68.16 83.69
 9056.25 27.63 32.65 26.57 26.23 24.60 26.02 34.46 50.03 44.51 55.15 68.25 83.71
 9057.25 27.56 32.62 26.50 26.18 24.55 25.95 34.39 50.01 44.43 55.08 68.15 83.52
 9058.25 26.86 31.96 25.83 25.51 23.89 25.28 33.69 49.37 43.74 54.42 67.49 82.82
 9059.25 25.56 30.63 24.55 24.26 22.67 24.02 32.30 47.91 42.25 52.89 65.88 81.07
 9060.25 25.52 30.56 24.54 24.26 22.69 24.00 32.17 47.52 41.92 52.36 65.04 79.81
 9061.25 26.46 31.58 25.48 25.20 23.62 24.94 33.15 48.53 42.90 53.31 65.88 80.50
 9062.25 26.74 31.91 25.77 25.50 23.92 25.22 33.44 48.84 43.17 53.56 66.06 80.55
 9063.25 26.90 32.11 25.94 25.69 24.11 25.40 33.59 48.96 43.27 53.62 66.01 80.32
 9064.25 27.53 32.83 26.57 26.32 24.72 26.02 34.29 49.81 44.03 54.45 66.88 81.19
 9065.25 27.76 33.20 26.80 26.56 24.94 26.24 34.65 50.49 44.55 55.16 67.77 82.25
 9066.25 25.45 30.91 24.51 24.28 22.69 23.95 32.32 48.42 42.32 53.14 66.00 80.70
 9067.25 23.97 29.37 23.07 22.85 21.30 22.52 30.73 46.76 40.63 51.43 64.25 78.88
 9068.25 23.56 28.85 22.69 22.48 20.98 22.15 30.13 45.67 39.71 50.15 62.47 76.49
 9069.25 24.11 29.37 23.26 23.07 21.58 22.73 30.59 45.76 39.92 50.05 61.92 75.36
 9070.25 23.74 29.15 22.89 22.71 21.20 22.35 30.36 46.00 39.93 50.39 62.63 76.45
 9071.25 21.98 27.25 21.17 21.00 19.55 20.65 28.39 43.80 37.76 48.10 60.21 73.86
 9072.25 22.39 27.69 21.60 21.44 19.99 21.07 28.79 44.04 38.05 48.22 60.06 73.34
 9073.25 23.40 28.92 22.59 22.43 20.93 22.04 30.01 45.74 39.53 49.99 62.08 75.60
 9074.25 25.24 30.93 24.42 24.27 22.72 23.86 32.00 47.85 41.59 52.05 64.06 77.42
 9075.25 27.05 32.93 26.21 26.06 24.47 25.63 33.99 50.15 43.74 54.36 66.49 79.93
 9076.25 27.59 33.61 26.74 26.60 24.98 26.15 34.65 51.11 44.56 55.35 67.63 81.19
 9077.25 27.25 33.32 26.42 26.29 24.67 25.83 34.33 50.85 44.23 55.05 67.32 80.81
 9078.25 26.18 32.17 25.39 25.27 23.69 24.80 33.12 49.37 42.82 53.46 65.47 78.63
 9079.25 24.65 30.42 23.90 23.80 22.30 23.34 31.29 46.91 40.58 50.79 62.28 74.82
 9080.25 24.44 30.17 23.71 23.61 22.13 23.15 30.98 46.40 40.12 50.17 61.43 73.66
 9081.25 25.08 30.95 24.35 24.27 22.76 23.78 31.75 47.43 41.02 51.21 62.58 74.89
 9082.25 26.46 32.63 25.71 25.63 24.06 25.11 33.42 49.75 43.04 53.64 65.40 78.09
 9083.25 27.16 33.53 26.40 26.33 24.71 25.79 34.30 51.09 44.17 55.04 67.06 79.98
 9084.25 26.84 33.26 26.09 26.02 24.41 25.47 34.00 50.88 43.88 54.80 66.82 79.69
 9085.25 25.63 31.96 24.91 24.85 23.28 24.31 32.65 49.31 42.36 53.13 64.95 77.55
 9086.25 22.55 28.52 21.89 21.85 20.40 21.33 29.13 45.01 38.33 48.63 59.94 71.96
 9087.25 20.11 25.87 19.50 19.47 18.11 18.97 26.42 42.04 35.39 45.59 56.84 68.78
 9088.25 20.69 26.75 20.06 20.04 18.62 19.51 27.30 43.79 36.72 47.50 59.36 71.92
 9089.25 22.96 29.38 22.31 22.29 20.78 21.72 29.91 46.87 39.62 50.60 62.54 75.07
 9090.25 25.99 32.61 25.32 25.31 23.73 24.70 33.12 50.08 42.85 53.70 65.37 77.55
 9091.25 27.12 33.85 26.46 26.46 24.86 25.83 34.32 51.34 44.06 54.92 66.53 78.60
 9092.25 26.09 32.77 25.44 25.45 23.88 24.82 33.20 50.12 42.85 53.63 65.13 77.01
 9093.25 23.20 29.73 22.59 22.61 21.11 21.99 30.11 46.94 39.63 50.42 61.93 73.80
 9094.25 17.30 23.05 16.80 16.82 15.56 16.29 23.37 39.25 32.16 42.62 54.11 66.11
 9095.25 15.17 20.52 14.72 14.75 13.61 14.26 20.78 35.99 29.10 39.24 50.54 62.47
 9096.25 19.44 25.75 18.91 18.95 17.57 18.35 26.02 42.91 35.37 46.34 58.15 70.28
 9097.25 25.16 32.19 24.56 24.62 23.04 23.93 32.45 50.05 42.31 53.47 65.15 76.95
 9098.25 26.12 33.12 25.54 25.61 24.03 24.90 33.34 50.58 42.99 53.86 65.18 76.55
 9099.25 24.47 31.22 23.92 24.00 22.49 23.31 31.40 48.03 40.67 51.15 62.02 72.89
 9100.25 23.67 30.35 23.14 23.23 21.75 22.54 30.49 46.94 39.62 49.98 60.67 71.30
 9101.25 25.44 32.52 24.89 24.99 23.44 24.26 32.62 49.88 42.18 53.01 64.14 75.15
 9102.25 26.93 34.30 26.38 26.49 24.87 25.71 34.37 52.19 44.22 55.37 66.78 78.01
 9103.25 24.35 31.67 23.83 23.94 22.38 23.18 31.70 49.69 41.57 52.89 64.48 75.84
 9104.25 16.22 22.20 15.81 15.91 14.70 15.31 22.20 38.34 30.81 41.32 52.51 63.71
 9105.25 12.18 17.05 11.87 11.95 11.00 11.47 17.02 30.79 24.22 33.39 43.45 53.74
 9106.25 14.62 20.21 14.26 14.37 13.26 13.80 20.15 35.30 28.14 38.03 48.55 59.03
 9107.25 21.56 28.49 21.12 21.26 19.83 20.52 28.39 45.38 37.56 48.24 59.02 69.38
 9108.25 25.85 33.20 25.39 25.55 24.01 24.74 33.05 50.34 42.43 53.15 63.83 74.00
 9109.25 27.42 35.05 26.95 27.13 25.53 26.28 34.87 52.71 44.52 55.55 66.50 76.86
 9110.25 27.76 35.56 27.30 27.49 25.87 26.61 35.34 53.50 45.14 56.35 67.42 77.86
 9111.25 27.53 35.40 27.07 27.27 25.65 26.38 35.14 53.42 44.97 56.24 67.33 77.72
 9112.25 27.40 35.32 26.96 27.16 25.54 26.26 35.02 53.35 44.85 56.14 67.20 77.49
 9113.25 27.44 35.40 27.01 27.22 25.60 26.31 35.07 53.44 44.89 56.18 67.20 77.38
 9114.25 27.40 35.41 26.98 27.21 25.59 26.28 35.04 53.44 44.85 56.14 67.11 77.19
 9115.25 26.82 34.81 26.41 26.64 25.04 25.72 34.41 52.76 44.16 55.41 66.29 76.22
 9116.25 25.93 33.89 25.55 25.79 24.21 24.86 33.46 51.71 43.12 54.30 65.07 74.85
 9117.25 24.59 32.37 24.23 24.47 22.94 23.56 31.91 49.78 41.34 52.28 62.78 72.26
 9118.25 22.87 30.34 22.54 22.77 21.32 21.90 29.87 47.07 38.90 49.44 59.52 68.55
 9119.25 23.09 30.71 22.76 23.01 21.55 22.12 30.20 47.67 39.34 50.03 60.21 69.26
 9120.25 24.97 33.10 24.64 24.91 23.35 23.94 32.53 51.03 42.19 53.47 64.15 73.59
 9121.25 25.74 34.11 25.40 25.70 24.09 24.69 33.48 52.42 43.35 54.87 65.74 75.28
 9122.25 25.44 33.87 25.12 25.42 23.82 24.40 33.21 52.27 43.10 54.70 65.59 75.09
 9123.25 24.45 32.83 24.14 24.44 22.87 23.43 32.13 51.16 41.97 53.55 64.39 73.78
 9124.25 22.32 30.49 22.04 22.34 20.83 21.36 29.78 48.63 39.45 50.97 61.77 71.07
 9125.25 20.51 28.49 20.24 20.54 19.10 19.59 27.75 46.53 37.29 48.83 59.69 69.00
 9126.25 21.18 29.34 20.92 21.24 19.76 20.26 28.56 47.54 38.20 49.82 60.67 69.90
 9127.25 22.80 31.15 22.55 22.88 21.36 21.86 30.33 49.26 39.97 51.46 62.07 71.00
 9128.25 23.21 31.51 22.97 23.31 21.80 22.28 30.67 49.26 40.13 51.37 61.66 70.25
 9129.25 23.17 31.38 22.94 23.28 21.80 22.26 30.52 48.74 39.78 50.76 60.78 69.07
 9130.25 23.09 31.16 22.88 23.22 21.76 22.21 30.28 48.06 39.30 49.98 59.67 67.61
 9131.25 24.52 32.89 24.32 24.68 23.17 23.62 31.96 50.20 41.19 52.13 61.98 69.99
 9132.25 25.94 34.65 25.73 26.12 24.55 25.00 33.65 52.52 43.18 54.46 64.58 72.75
 9133.25 26.16 34.96 25.96 26.36 24.78 25.22 33.92 52.92 43.50 54.84 64.97 73.07
 9134.25 25.24 33.91 25.06 25.46 23.91 24.33 32.86 51.58 42.26 53.42 63.35 71.23
 9135.25 23.46 31.85 23.30 23.69 22.21 22.60 30.80 48.96 39.88 50.71 60.32 67.87
 9136.25 21.21 29.20 21.06 21.44 20.05 20.41 28.17 45.62 36.85 47.28 56.50 63.70
 9137.25 22.71 31.11 22.57 22.98 21.53 21.89 30.00 48.14 39.01 49.81 59.30 66.62
 9138.25 24.90 33.94 24.76 25.21 23.65 24.02 32.72 52.10 42.33 53.84 63.88 71.57
 9139.25 25.28 34.51 25.15 25.61 24.02 24.39 33.24 52.97 43.00 54.70 64.88 72.59
 9140.25 25.87 35.14 25.75 26.22 24.63 24.99 33.83 53.48 43.53 55.15 65.21 72.75
 9141.25 26.08 35.41 25.97 26.46 24.86 25.21 34.07 53.75 43.76 55.39 65.40 72.84
 9142.25 25.69 35.06 25.59 26.08 24.49 24.83 33.68 53.46 43.39 55.06 65.07 72.43
 9143.25 25.66 35.02 25.58 26.07 24.49 24.81 33.62 53.29 43.25 54.84 64.73 71.94
 9144.25 25.83 35.23 25.76 26.27 24.69 25.00 33.80 53.46 43.40 54.96 64.78 71.86
 9145.25 25.96 35.48 25.90 26.41 24.82 25.12 34.00 53.87 43.68 55.35 65.22 72.26
 9146.25 25.87 35.49 25.82 26.35 24.75 25.04 33.96 54.00 43.69 55.45 65.35 72.33
 9147.25 25.69 35.37 25.65 26.19 24.60 24.87 33.81 53.95 43.56 55.36 65.25 72.15
 9148.25 25.60 35.30 25.57 26.12 24.53 24.79 33.71 53.84 43.43 55.21 65.04 71.82
 9149.25 25.05 34.70 25.04 25.59 24.02 24.26 33.09 53.10 42.72 54.43 64.14 70.77
 9150.25 24.46 34.03 24.46 25.01 23.47 23.69 32.40 52.23 41.92 53.50 63.08 69.54
 9151.25 24.23 33.70 24.24 24.79 23.27 23.48 32.06 51.59 41.41 52.81 62.18 68.43
 9152.25 22.32 31.40 22.34 22.87 21.42 21.61 29.80 48.66 38.79 49.80 58.83 64.78
 9153.25 18.19 26.71 18.21 18.71 17.39 17.56 25.15 43.70 33.83 44.80 53.91 59.86
 9154.25 14.96 22.74 14.99 15.44 14.28 14.41 21.27 39.13 29.45 40.19 49.31 55.27
 9155.25 14.57 22.13 14.61 15.04 13.92 14.04 20.69 37.92 28.57 38.91 47.61 53.23
 9156.25 18.33 26.98 18.38 18.90 17.59 17.72 25.33 43.89 33.96 44.88 53.79 59.37
 9157.25 22.32 32.06 22.39 22.99 21.50 21.63 30.20 50.36 39.64 51.37 60.78 66.57
 9158.25 23.46 33.55 23.55 24.18 22.63 22.76 31.61 52.31 41.30 53.31 62.89 68.71
 9159.25 21.88 31.77 21.97 22.59 21.09 21.20 29.83 50.39 39.39 51.35 60.89 66.60
 9160.25 21.86 31.70 21.96 22.59 21.10 21.20 29.75 50.06 39.18 50.97 60.31 65.82
 9161.25 21.90 31.85 22.02 22.66 21.16 21.25 29.85 50.36 39.34 51.23 60.61 66.06
 9162.25 18.89 28.37 19.01 19.61 18.22 18.30 26.41 46.72 35.66 47.56 57.04 62.50
 9163.25 15.68 24.26 15.79 16.33 15.11 15.16 22.43 41.66 31.02 42.44 51.71 57.02
 9164.25 16.23 25.04 16.35 16.91 15.66 15.70 23.15 42.69 31.88 43.44 52.72 57.95
 9165.25 21.07 31.20 21.23 21.90 20.42 20.46 29.05 50.02 38.61 50.76 60.20 65.36
 9166.25 24.57 35.18 24.75 25.47 23.89 23.93 32.94 54.07 42.66 54.76 64.03 68.98
 9167.25 24.26 34.74 24.45 25.17 23.61 23.63 32.51 53.31 42.05 53.95 63.02 67.78
 9168.25 24.03 34.46 24.23 24.94 23.41 23.41 32.21 52.86 41.66 53.46 62.40 67.00
 9169.25 24.49 35.11 24.71 25.45 23.89 23.88 32.80 53.72 42.35 54.28 63.28 67.83
 9170.25 24.90 35.67 25.12 25.88 24.30 24.28 33.30 54.47 42.94 55.00 64.04 68.52
 9171.25 24.76 35.54 25.00 25.76 24.19 24.16 33.14 54.26 42.74 54.75 63.71 68.07
 9172.25 23.78 34.39 24.03 24.78 23.25 23.21 32.00 52.82 41.43 53.27 62.07 66.26
 9173.25 22.79 33.08 23.04 23.77 22.29 22.24 30.74 50.93 39.85 51.32 59.81 63.76
 9174.25 22.07 32.04 22.31 23.03 21.61 21.55 29.75 49.26 38.54 49.61 57.75 61.46
 9175.25 22.97 33.22 23.23 23.98 22.52 22.44 30.85 50.78 39.81 51.09 59.34 63.01
 9176.25 24.19 34.78 24.47 25.25 23.74 23.65 32.32 52.77 41.50 53.06 61.46 65.11
 9177.25 24.57 35.36 24.87 25.67 24.14 24.03 32.83 53.61 42.14 53.87 62.35 65.95
 9178.25 25.25 36.32 25.56 26.39 24.83 24.71 33.70 54.93 43.19 55.16 63.77 67.33
 9179.25 25.85 37.11 26.19 27.04 25.45 25.32 34.42 55.92 44.01 56.11 64.77 68.25
 9180.25 26.04 37.38 26.39 27.25 25.66 25.51 34.65 56.24 44.26 56.40 65.04 68.43
 9181.25 26.19 37.53 26.55 27.42 25.83 25.68 34.79 56.30 44.34 56.42 64.97 68.23
 9182.25 26.21 37.62 26.58 27.46 25.87 25.70 34.83 56.44 44.40 56.51 65.05 68.20
 9183.25 25.44 36.75 25.82 26.69 25.13 24.95 33.96 55.37 43.42 55.42 63.83 66.85
 9184.25 23.82 34.82 24.20 25.05 23.54 23.36 32.08 52.96 41.27 52.97 61.14 63.97
 9185.25 23.99 35.13 24.38 25.25 23.73 23.53 32.34 53.45 41.60 53.42 61.62 64.37
 9186.25 25.58 37.14 25.99 26.90 25.32 25.11 34.22 55.99 43.76 55.92 64.31 67.02
 9187.25 26.38 38.12 26.81 27.74 26.14 25.91 35.14 57.14 44.77 57.03 65.45 68.08
 9188.25 26.66 38.49 27.11 28.06 26.45 26.20 35.47 57.56 45.11 57.41 65.81 68.33
 9189.25 26.52 38.39 26.98 27.94 26.34 26.07 35.34 57.45 44.96 57.26 65.62 68.02
 9190.25 26.24 38.10 26.70 27.66 26.07 25.80 35.02 57.09 44.60 56.87 65.16 67.45
 9191.25 25.70 37.55 26.18 27.14 25.56 25.27 34.45 56.51 44.00 56.25 64.48 66.65
 9192.25 25.27 37.07 25.76 26.72 25.15 24.86 33.96 55.88 43.43 55.59 63.72 65.76
 9193.25 25.69 37.58 26.19 27.17 25.59 25.28 34.43 56.46 43.92 56.13 64.24 66.17
 9194.25 25.32 37.19 25.83 26.81 25.25 24.93 34.02 55.96 43.45 55.60 63.64 65.46
 9195.25 24.24 35.74 24.74 25.69 24.18 23.86 32.65 53.91 41.76 53.52 61.26 62.91
 9196.25 24.78 36.45 25.30 26.27 24.75 24.41 33.30 54.78 42.49 54.36 62.12 63.67
 9197.25 26.05 38.18 26.60 27.62 26.04 25.68 34.88 57.12 44.38 56.64 64.61 66.10
 9198.25 26.26 38.54 26.83 27.87 26.27 25.90 35.19 57.65 44.75 57.13 65.14 66.53
 9199.25 25.88 38.20 26.45 27.50 25.91 25.52 34.81 57.35 44.38 56.80 64.78 66.06
 9200.25 25.75 38.15 26.34 27.40 25.80 25.40 34.71 57.37 44.31 56.78 64.75 65.92
 9201.25 25.85 38.32 26.46 27.53 25.93 25.52 34.85 57.58 44.46 56.95 64.90 65.95
 9202.25 25.76 38.28 26.37 27.45 25.85 25.43 34.77 57.58 44.39 56.91 64.83 65.78
 9203.25 25.57 38.14 26.20 27.28 25.69 25.25 34.59 57.44 44.20 56.74 64.62 65.45
 9204.25 25.26 37.82 25.90 26.99 25.40 24.95 34.26 57.07 43.83 56.34 64.16 64.87
 9205.25 24.88 37.39 25.52 26.62 25.05 24.59 33.82 56.52 43.32 55.75 63.49 64.08
 9206.25 24.86 37.37 25.51 26.61 25.05 24.58 33.78 56.43 43.23 55.62 63.29 63.76
 9207.25 24.71 37.24 25.37 26.48 24.92 24.44 33.62 56.27 43.06 55.44 63.05 63.41
 9208.25 24.80 37.38 25.47 26.59 25.02 24.53 33.73 56.42 43.16 55.54 63.12 63.36
 9209.25 25.40 38.15 26.10 27.23 25.65 25.14 34.43 57.32 43.92 56.40 63.99 64.11
 9210.25 25.46 38.34 26.17 27.32 25.74 25.21 34.56 57.67 44.12 56.71 64.31 64.32
 9211.25 24.98 37.90 25.70 26.86 25.28 24.74 34.09 57.27 43.65 56.27 63.86 63.75
 9212.25 24.64 37.48 25.36 26.52 24.96 24.41 33.67 56.69 43.15 55.67 63.15 62.93
 9213.25 24.45 37.24 25.17 26.33 24.78 24.23 33.42 56.31 42.82 55.25 62.64 62.31
 9214.25 24.49 37.24 25.22 26.38 24.84 24.28 33.42 56.16 42.74 55.08 62.37 61.92
 9215.25 24.69 37.51 25.44 26.61 25.07 24.49 33.65 56.45 42.97 55.33 62.58 62.02
 9216.25 24.26 37.10 25.02 26.20 24.66 24.07 33.22 56.06 42.53 54.91 62.14 61.45
 9217.25 21.90 34.48 22.65 23.79 22.31 21.73 30.62 53.35 39.82 52.17 59.35 58.55
 9218.25 18.13 30.15 18.82 19.89 18.51 17.97 26.36 49.20 35.40 47.94 55.31 54.36
 9219.25 17.00 28.82 17.68 18.72 17.39 16.86 25.04 47.92 34.01 46.62 54.05 52.96
 9220.25 20.62 33.49 21.39 22.56 21.08 20.47 29.44 53.11 38.88 51.76 59.17 57.97
 9221.25 24.03 37.37 24.86 26.11 24.54 23.89 33.23 56.86 42.74 55.50 62.73 61.43
 9222.25 24.14 37.52 24.99 26.24 24.68 24.01 33.35 56.96 42.84 55.57 62.74 61.32
 9223.25 23.27 36.67 24.12 25.37 23.82 23.14 32.46 56.25 41.98 54.81 62.00 60.45
 9224.25 20.86 33.87 21.67 22.88 21.40 20.74 29.72 53.32 39.07 51.84 59.00 57.33
 9225.25 16.89 28.83 17.62 18.71 17.39 16.80 24.92 47.70 33.74 46.20 53.28 51.48
 9226.25 13.91 24.67 14.56 15.52 14.36 13.84 21.06 42.65 29.20 41.15 48.06 46.17
 9227.25 13.43 24.00 14.07 15.01 13.88 13.36 20.43 41.80 28.43 40.28 47.12 45.12
 9228.25 15.56 27.19 16.28 17.34 16.09 15.49 23.30 45.92 31.90 44.31 51.30 49.12
 9229.25 19.12 32.02 19.96 21.17 19.74 19.06 27.78 51.45 36.97 49.78 56.79 54.48
 9230.25 21.70 35.16 22.60 23.89 22.38 21.63 30.77 54.67 40.15 52.98 59.89 57.48
 9231.25 22.48 36.13 23.41 24.72 23.20 22.43 31.68 55.69 41.10 53.96 60.83 58.30
 9232.25 22.76 36.48 23.71 25.03 23.50 22.72 32.00 56.03 41.41 54.27 61.09 58.44
 9233.25 23.57 37.39 24.54 25.89 24.34 23.54 32.87 56.86 42.28 55.08 61.82 59.07
 9234.25 23.67 37.47 24.65 26.00 24.46 23.64 32.95 56.84 42.30 55.03 61.69 58.83
 9235.25 23.15 36.93 24.13 25.48 23.95 23.13 32.39 56.29 41.71 54.45 61.07 58.09
 9236.25 23.01 36.94 24.01 25.38 23.84 23.00 32.33 56.49 41.72 54.59 61.25 58.11
 9237.25 23.05 36.98 24.06 25.43 23.90 23.05 32.35 56.44 41.70 54.52 61.10 57.86
 9238.25 22.86 36.68 23.87 25.24 23.72 22.87 32.08 55.93 41.32 54.00 60.47 57.13
 9239.25 23.01 36.93 24.04 25.42 23.90 23.03 32.28 56.24 41.54 54.27 60.71 57.25
 9240.25 23.50 37.63 24.55 25.96 24.42 23.53 32.89 57.13 42.25 55.10 61.57 57.95
 9241.25 23.71 37.99 24.78 26.21 24.66 23.75 33.19 57.63 42.60 55.55 62.03 58.26
 9242.25 23.44 37.71 24.51 25.95 24.40 23.49 32.89 57.32 42.27 55.21 61.63 57.74
 9243.25 23.00 37.19 24.07 25.50 23.97 23.05 32.37 56.68 41.69 54.55 60.90 56.91
 9244.25 22.73 36.86 23.81 25.24 23.72 22.80 32.05 56.23 41.29 54.08 60.35 56.25
 9245.25 22.74 36.85 23.83 25.26 23.75 22.81 32.03 56.11 41.22 53.94 60.13 55.94
 9246.25 23.02 37.21 24.12 25.57 24.05 23.10 32.35 56.47 41.54 54.27 60.42 56.10
 9247.25 23.72 38.19 24.86 26.34 24.79 23.81 33.23 57.73 42.55 55.46 61.66 57.16
 9248.25 23.87 38.51 25.03 26.53 24.97 23.97 33.47 58.22 42.87 55.90 62.12 57.45
 9249.25 22.32 36.82 23.46 24.95 23.42 22.43 31.79 56.55 41.13 54.18 60.38 55.57
 9250.25 20.58 34.78 21.69 23.14 21.66 20.69 29.80 54.39 39.01 52.00 58.14 53.21
 9251.25 20.55 34.75 21.68 23.12 21.66 20.68 29.75 54.27 38.92 51.85 57.93 52.89
 9252.25 20.90 35.34 22.05 23.53 22.04 21.04 30.24 55.10 39.52 52.62 58.73 53.50
 9253.25 20.10 34.48 21.24 22.71 21.24 20.24 29.36 54.36 38.63 51.82 57.94 52.54
 9254.25 20.37 34.85 21.53 23.02 21.54 20.52 29.69 54.71 38.97 52.15 58.22 52.70
 9255.25 22.04 36.88 23.26 24.80 23.28 22.21 31.62 56.79 40.99 54.20 60.21 54.57
 9256.25 22.09 37.03 23.32 24.88 23.35 22.27 31.72 57.04 41.13 54.40 60.40 54.60
 9257.25 22.97 38.04 24.23 25.81 24.26 23.15 32.69 57.99 42.09 55.33 61.27 55.37
 9258.25 24.30 39.43 25.58 27.19 25.63 24.50 34.07 59.18 43.42 56.52 62.35 56.39
 9259.25 24.17 39.18 25.45 27.05 25.51 24.37 33.85 58.70 43.08 56.03 61.75 55.74
 9260.25 23.88 38.75 25.16 26.75 25.23 24.09 33.45 58.02 42.56 55.36 60.97 54.90
 9261.25 24.08 39.05 25.38 26.98 25.45 24.30 33.70 58.38 42.83 55.68 61.26 55.05
 9262.25 23.83 38.98 25.15 26.77 25.23 24.06 33.55 58.55 42.77 55.78 61.39 54.97
 9263.25 22.87 38.16 24.20 25.83 24.29 23.11 32.64 58.05 41.97 55.20 60.88 54.20
 9264.25 21.27 36.53 22.59 24.20 22.69 21.52 30.96 56.71 40.34 53.77 59.51 52.58
 9265.25 20.11 35.21 21.41 23.00 21.52 20.36 29.65 55.42 38.97 52.43 58.17 51.07
 9266.25 22.16 37.60 23.51 25.17 23.64 22.43 31.95 57.69 41.32 54.70 60.32 53.18
 9267.25 23.50 39.13 24.89 26.59 25.03 23.78 33.43 59.17 42.82 56.17 61.72 54.47
 9268.25 22.36 37.94 23.75 25.43 23.89 22.65 32.22 58.07 41.60 55.01 60.56 53.13
 9269.25 22.63 38.22 24.03 25.72 24.19 22.93 32.49 58.22 41.82 55.15 60.62 53.11
 9270.25 23.99 39.71 25.43 27.15 25.59 24.31 33.95 59.62 43.27 56.53 61.93 54.33
 9271.25 24.48 40.25 25.93 27.66 26.11 24.80 34.47 60.12 43.77 57.01 62.35 54.64
 9272.25 24.12 39.76 25.57 27.29 25.75 24.45 34.01 59.41 43.20 56.30 61.55 53.79
 9273.25 23.90 39.48 25.35 27.07 25.54 24.24 33.74 59.02 42.86 55.90 61.08 53.23
 9274.25 24.20 39.98 25.68 27.43 25.89 24.56 34.15 59.69 43.35 56.51 61.69 53.64
 9275.25 24.32 40.19 25.81 27.58 26.03 24.69 34.31 59.96 43.53 56.73 61.89 53.68
 9276.25 24.24 40.15 25.74 27.52 25.97 24.61 34.24 59.93 43.46 56.67 61.79 53.44
 9277.25 23.67 39.43 25.17 26.92 25.40 24.05 33.56 58.99 42.66 55.74 60.77 52.38
 9278.25 22.46 37.66 23.91 25.61 24.14 22.83 31.98 56.53 40.75 53.36 58.18 49.96
 9279.25 21.84 36.73 23.27 24.93 23.50 22.21 31.15 55.18 39.71 52.05 56.72 48.55
 9280.25 22.76 38.16 24.25 25.97 24.50 23.15 32.38 57.16 41.19 53.90 58.67 50.12
 9281.25 24.12 40.11 25.68 27.48 25.95 24.54 34.11 59.73 43.21 56.34 61.22 52.27
 9282.25 24.56 40.73 26.14 27.97 26.43 24.99 34.65 60.49 43.81 57.04 61.92 52.77
 9283.25 24.17 40.31 25.76 27.58 26.05 24.61 34.22 60.02 43.35 56.55 61.38 52.12
 9284.25 23.12 38.83 24.66 26.44 24.95 23.55 32.88 58.00 41.75 54.59 59.26 50.12
 9285.25 22.21 37.62 23.73 25.48 24.03 22.64 31.76 56.42 40.44 53.05 57.59 48.48
 9286.25 22.22 37.81 23.76 25.53 24.07 22.66 31.87 56.83 40.64 53.39 57.95 48.60
 9287.25 21.00 36.82 22.55 24.33 22.87 21.45 30.73 56.39 39.68 52.81 57.46 47.69
 9288.25 17.28 32.41 18.71 20.37 19.01 17.70 26.44 52.17 35.21 48.47 53.20 43.09
 9289.25 16.46 31.36 17.86 19.49 18.16 16.87 25.43 51.07 34.10 47.34 52.04 41.78
 9290.25 18.61 34.30 20.13 21.88 20.46 19.07 28.13 54.22 37.07 50.46 55.12 44.69
 9291.25 19.60 35.49 21.17 22.96 21.52 20.08 29.27 55.28 38.22 51.53 56.10 45.63
 9292.25 21.69 37.90 23.33 25.18 23.70 22.20 31.62 57.57 40.60 53.82 58.30 47.80
 9293.25 22.73 38.89 24.38 26.25 24.76 23.24 32.64 58.24 41.52 54.53 58.90 48.43
 9294.25 20.31 35.97 21.90 23.69 22.27 20.81 29.86 55.00 38.51 51.31 55.58 45.14
 9295.25 16.20 30.89 17.63 19.26 17.97 16.65 24.99 49.85 33.33 46.09 50.37 39.71
 9296.25 15.10 29.59 16.49 18.08 16.83 15.54 23.69 48.79 32.00 44.92 49.25 38.27
 9297.25 15.31 29.71 16.70 18.30 17.05 15.76 23.87 48.52 32.06 44.71 48.90 38.05
 9298.25 18.53 33.95 20.10 21.86 20.49 19.04 27.82 52.88 36.32 49.07 53.19 42.21
 9299.25 22.05 38.26 23.75 25.64 24.18 22.61 31.91 57.45 40.65 53.58 57.69 46.49
 9300.25 21.03 36.55 22.66 24.47 23.08 21.57 30.46 54.87 38.80 51.15 55.04 44.22
 9301.25 20.76 36.22 22.40 24.21 22.82 21.32 30.14 54.43 38.42 50.70 54.53 43.62
 9302.25 22.39 38.65 24.12 26.04 24.58 22.98 32.26 57.69 40.92 53.77 57.73 46.19
 9303.25 22.45 38.67 24.19 26.10 24.65 23.05 32.29 57.61 40.90 53.68 57.59 45.98
 9304.25 21.75 37.87 23.48 25.38 23.95 22.35 31.50 56.70 40.05 52.76 56.61 44.92
 9305.25 22.49 39.33 24.30 26.29 24.80 23.13 32.66 58.96 41.56 54.82 58.80 46.46
 9306.25 20.66 37.43 22.44 24.40 22.93 21.28 30.71 57.36 39.66 53.12 57.13 44.45
 9307.25 10.86 22.74 12.00 13.30 12.33 11.26 17.69 39.37 24.45 35.63 39.11 28.18
 9308.25  4.94 11.15  5.51  6.15  5.67  5.14  8.41 21.09 12.09 18.72 20.89 14.14
 9309.25  3.49  7.99  3.89  4.36  4.02  3.63  5.98 15.38  8.66 13.58 15.19 10.10
 9310.25  4.20  9.62  4.70  5.26  4.85  4.38  7.20 18.44 10.41 16.28 18.18 12.04
 9311.25  6.43 14.52  7.18  8.04  7.41  6.70 10.94 27.19 15.67 24.13 26.78 17.94
 9312.25  8.50 18.84  9.48 10.59  9.78  8.85 14.30 34.32 20.25 30.61 33.77 22.93
 9313.25 10.00 21.83 11.14 12.42 11.49 10.42 16.67 38.89 23.38 34.84 38.24 26.23
 9314.25  6.84 15.41  7.65  8.56  7.90  7.14 11.61 28.51 16.54 25.30 27.95 18.58
 9315.25  2.86  6.65  3.21  3.60  3.32  2.99  4.94 12.89  7.16 11.30 12.59  8.06
 9316.25  1.96  4.60  2.21  2.48  2.28  2.05  3.41  8.96  4.95  7.84  8.73  5.53
 9317.25  4.89 11.17  5.49  6.16  5.68  5.11  8.36 20.85 11.95 18.41 20.30 13.15
 9318.25 13.73 27.69 15.20 16.81 15.67 14.29 21.79 45.17 29.22 41.05 44.22 31.44
 9319.25 11.76 24.73 13.09 14.56 13.52 12.27 19.15 41.80 26.17 37.69 40.79 28.15
 9320.25  9.36 20.76 10.49 11.74 10.86  9.80 15.72 36.97 22.05 32.94 35.93 23.73
 9321.25 11.88 25.40 13.26 14.78 13.72 12.42 19.52 43.43 26.84 39.01 42.24 28.60
 9322.25 16.90 32.50 18.63 20.48 19.20 17.58 26.00 50.80 34.01 46.44 49.58 35.71
 9323.25 12.54 25.63 13.93 15.45 14.40 13.09 20.04 42.07 26.93 38.06 40.89 28.27
 9324.25  5.10 11.80  5.75  6.47  5.97  5.36  8.77 22.00 12.52 19.33 21.17 13.22
 9325.25  2.61  6.21  2.95  3.33  3.07  2.74  4.55 12.02  6.60 10.45 11.51  6.92
 9326.25  2.83  6.77  3.21  3.63  3.34  2.98  4.96 13.14  7.18 11.40 12.55  7.48
 9327.25  4.53 10.72  5.13  5.80  5.34  4.77  7.88 20.40 11.35 17.78 19.49 11.73
 9328.25 11.59 24.65 12.98 14.47 13.46 12.15 18.95 41.58 25.82 37.25 40.04 26.37
 9329.25 21.04 38.43 23.07 25.21 23.78 21.87 31.24 57.75 39.81 52.98 56.01 40.29
 9330.25 21.22 38.45 23.25 25.38 23.96 22.05 31.33 57.50 39.79 52.77 55.73 40.10
 9331.25 18.54 35.01 20.45 22.47 21.13 19.33 28.13 53.54 36.27 48.90 51.74 36.39
 9332.25 13.47 28.05 15.06 16.78 15.64 14.13 21.73 45.93 29.19 41.33 44.09 29.15
 9333.25  8.13 18.37  9.18 10.34  9.57  8.56 13.76 32.43 19.20 28.67 30.88 19.06
 9334.25  7.92 17.78  8.95 10.07  9.33  8.35 13.35 31.05 18.54 27.50 29.55 18.25
 9335.25 13.95 27.99 15.55 17.24 16.13 14.62 21.97 44.35 28.96 40.11 42.52 28.41
 9336.25 18.50 34.36 20.40 22.37 21.09 19.31 27.72 51.76 35.39 47.28 49.78 34.64
 9337.25 18.95 35.05 20.88 22.89 21.59 19.77 28.31 52.65 36.06 48.10 50.60 35.14
 9338.25 14.42 28.89 16.09 17.84 16.70 15.13 22.67 45.65 29.82 41.24 43.62 28.81
 9339.25  6.76 15.77  7.69  8.70  8.04  7.15 11.64 28.49 16.39 24.92 26.79 15.56
 9340.25  5.18 12.54  5.92  6.73  6.21  5.50  9.10 23.63 13.04 20.42 22.05 12.24
 9341.25  6.53 15.57  7.46  8.46  7.82  6.93 11.38 28.68 16.16 24.92 26.81 15.11
 9342.25  8.67 19.26  9.82 11.05 10.27  9.17 14.51 32.83 19.90 29.08 30.95 18.65
 9343.25  8.17 17.44  9.22 10.33  9.62  8.63 13.35 28.56 17.95 25.52 27.01 16.76
 9344.25  9.06 18.98 10.20 11.40 10.64  9.56 14.63 30.61 19.50 27.43 28.94 18.09
 9345.25 12.01 24.00 13.43 14.92 13.99 12.64 18.83 37.40 24.58 33.75 35.46 22.79
 9346.25 17.25 32.28 19.11 21.01 19.83 18.08 25.91 48.41 32.96 44.02 46.03 30.60
 9347.25 21.65 39.19 23.85 26.09 24.70 22.63 31.79 57.77 39.94 52.69 54.98 37.06
 9348.25 21.95 40.54 24.27 26.64 25.18 22.99 32.67 60.30 41.31 54.87 57.27 38.07
 9349.25 19.36 37.89 21.63 23.95 22.52 20.38 29.92 58.07 38.64 52.48 54.90 35.15
 9350.25 15.21 32.26 17.20 19.27 18.00 16.10 24.72 52.05 32.94 46.47 48.84 29.42
 9351.25 12.51 27.97 14.25 16.09 14.96 13.29 20.98 47.03 28.59 41.55 43.81 25.12
 9352.25 10.72 24.38 12.25 13.86 12.87 11.41 18.15 41.56 24.91 36.57 38.60 21.69
 9353.25  8.27 18.91  9.46 10.71  9.95  8.81 14.05 32.35 19.31 28.43 29.99 16.68
 9354.25  8.49 19.00  9.69 10.95 10.19  9.04 14.24 31.78 19.35 28.05 29.49 16.61
 9355.25 14.72 29.90 16.58 18.48 17.34 15.58 23.26 46.56 30.34 41.78 43.59 26.41
 9356.25 17.48 34.23 19.58 21.71 20.44 18.45 26.99 52.11 34.69 46.99 48.90 30.31
 9357.25 12.09 25.34 13.69 15.33 14.35 12.82 19.48 40.21 25.70 35.90 37.48 22.03
 9358.25  9.62 20.75 10.94 12.31 11.49 10.23 15.77 33.51 21.02 29.76 31.09 17.71
 9359.25 15.51 30.76 17.43 19.37 18.22 16.40 24.12 47.02 31.08 42.28 43.92 26.52
 9360.25 20.56 38.62 22.90 25.24 23.86 21.66 30.86 57.37 38.98 51.90 53.76 33.51
 9361.25 21.02 39.65 23.44 25.85 24.43 22.15 31.63 58.98 39.99 53.32 55.20 34.16
 9362.25 19.51 38.45 21.93 24.36 22.94 20.65 30.21 58.42 38.77 52.53 54.44 32.57
 9363.25 15.92 33.85 18.12 20.36 19.05 16.96 25.85 53.75 34.13 47.81 49.69 27.91
 9364.25 12.26 27.60 14.07 15.94 14.85 13.11 20.60 45.62 27.82 40.14 41.83 22.21
 9365.25 11.40 25.59 13.09 14.83 13.82 12.20 19.12 42.12 25.76 37.08 38.60 20.42
 9366.25 12.29 26.89 14.06 15.88 14.83 13.13 20.29 43.36 27.04 38.35 39.82 21.42
 9367.25 12.73 28.29 14.61 16.53 15.42 13.62 21.21 46.09 28.42 40.63 42.18 22.21
 9368.25 12.79 28.62 14.70 16.65 15.53 13.70 21.40 46.79 28.73 41.19 42.75 22.27
 9369.25 10.89 24.68 12.54 14.24 13.27 11.68 18.35 40.68 24.75 35.71 37.06 18.95
 9370.25  8.78 20.62 10.17 11.60 10.78  9.44 15.10 34.96 20.66 30.43 31.62 15.46
 9371.25  8.91 20.55 10.30 11.72 10.91  9.58 15.17 34.28 20.57 29.95 31.06 15.36
 9372.25 14.44 29.91 16.43 18.42 17.30 15.41 23.03 46.25 29.89 41.19 42.44 23.04
 9373.25 18.53 37.01 20.96 23.37 22.02 19.71 28.87 56.06 36.97 50.16 51.59 28.70
 9374.25 16.07 34.48 18.40 20.75 19.43 17.20 26.19 54.37 34.41 48.14 49.61 25.82
 9375.25 10.95 26.06 12.73 14.57 13.54 11.81 18.96 44.38 25.97 38.45 39.80 18.48
 9376.25  5.80 15.02  6.82  7.89  7.29  6.29 10.52 27.89 14.95 23.52 24.47 10.12
 9377.25  2.52  6.76  2.98  3.46  3.19  2.75  4.66 13.10  6.72 10.88 11.35  4.43
 9378.25  1.58  4.27  1.87  2.17  2.00  1.72  2.93  8.36  4.24  6.91  7.20  2.74
 9379.25  2.08  5.62  2.46  2.86  2.64  2.26  3.85 10.96  5.57  9.07  9.43  3.57
 9380.25  4.13 10.89  4.88  5.66  5.23  4.50  7.56 20.44 10.78 17.12 17.75  6.94
 9381.25  9.88 22.57 11.46 13.05 12.18 10.66 16.69 36.89 22.36 32.20 33.08 15.34
 9382.25 15.84 32.68 18.09 20.30 19.10 16.96 25.15 49.91 32.39 44.35 45.36 23.13
 9383.25 18.73 37.92 21.32 23.86 22.49 20.03 29.38 57.33 37.57 51.05 52.16 26.88
 9384.25 15.28 33.96 17.67 20.06 18.77 16.47 25.39 54.16 33.57 47.53 48.65 22.74
 9385.25 10.49 25.72 12.31 14.18 13.17 11.40 18.45 44.09 25.36 37.88 38.90 16.14
 9386.25  8.77 21.66 10.32 11.89 11.04  9.54 15.49 37.30 21.34 31.98 32.82 13.40
 9387.25  9.95 23.71 11.65 13.37 12.45 10.80 17.23 39.51 23.34 34.19 34.98 14.75
 9388.25  7.78 20.06  9.21 10.68  9.89  8.50 14.06 35.89 19.68 30.35 31.13 11.73
 9389.25  6.24 16.68  7.42  8.65  7.99  6.83 11.49 31.04 16.34 25.89 26.59  9.41
 9390.25  8.21 21.34  9.74 11.31 10.48  8.98 14.90 38.34 20.89 32.33 33.12 12.12
 9391.25 14.94 33.69 17.38 19.79 18.52 16.18 25.02 53.84 33.09 47.03 47.90 20.76
 9392.25 19.61 39.94 22.43 25.14 23.72 21.05 30.83 60.10 39.29 53.35 54.17 25.94
 9393.25 20.56 41.35 23.47 26.26 24.80 22.05 32.06 61.81 40.66 54.93 55.73 26.80
 9394.25 20.04 40.70 22.92 25.69 24.25 21.52 31.44 61.07 39.98 54.19 54.95 25.95
 9395.25 19.49 40.21 22.37 25.14 23.71 20.97 30.88 60.73 39.45 53.77 54.50 25.12
 9396.25 18.85 39.58 21.71 24.47 23.05 20.32 30.20 60.24 38.79 53.20 53.90 24.17
 9397.25 18.75 39.53 21.62 24.40 22.97 20.24 30.11 60.21 38.70 53.14 53.80 23.82
 9398.25 16.59 36.11 19.24 21.83 20.50 17.96 27.17 55.93 35.30 49.11 49.71 21.05
 9399.25 12.50 29.60 14.71 16.90 15.78 13.64 21.54 48.21 28.83 41.70 42.23 16.00
 9400.25 13.46 31.42 15.81 18.13 16.95 14.68 22.99 50.60 30.58 43.88 44.39 16.92
 9401.25 17.20 36.83 19.93 22.55 21.22 18.62 27.88 56.36 35.93 49.57 50.06 20.94
 9402.25 16.49 36.03 19.18 21.78 20.46 17.89 27.06 55.72 35.10 48.84 49.29 19.92
 9403.25  9.66 24.78 11.53 13.40 12.44 10.63 17.39 42.82 23.96 36.25 36.64 11.87
 9404.25  5.94 16.39  7.16  8.40  7.77  6.57 11.11 30.44 15.77 25.12 25.40  7.26
 9405.25  6.39 17.57  7.70  9.04  8.36  7.07 11.94 32.43 16.90 26.80 27.08  7.67
 9406.25 10.79 27.29 12.87 14.94 13.90 11.87 19.28 46.36 26.33 39.39 39.69 12.62
 9407.25 17.01 37.40 19.85 22.58 21.22 18.51 28.00 57.71 36.28 50.49 50.77 19.24
 9408.25 18.61 39.22 21.55 24.35 22.97 20.17 29.83 59.19 38.08 52.08 52.33 20.66
 9409.25 17.00 36.13 19.73 22.32 21.04 18.44 27.39 54.72 35.05 48.08 48.28 18.65
 9410.25 15.07 32.74 17.57 19.96 18.78 16.40 24.62 50.03 31.70 43.82 43.97 16.32
 9411.25 17.18 36.36 19.94 22.55 21.27 18.65 27.60 54.85 35.22 48.19 48.32 18.25
 9412.25 19.74 40.60 22.78 25.65 24.25 21.37 31.12 60.44 39.34 53.28 53.38 20.65
 9413.25 19.66 40.59 22.72 25.59 24.20 21.30 31.07 60.48 39.30 53.27 53.34 20.30
 9414.25 19.39 40.57 22.47 25.38 23.97 21.04 30.90 60.75 39.23 53.41 53.44 19.71
 9415.25 20.11 41.85 23.29 26.28 24.83 21.82 31.93 62.48 40.44 54.95 54.95 20.14
 9416.25 19.52 40.59 22.62 25.52 24.12 21.19 30.98 60.55 39.21 53.24 53.21 19.29
 9417.25 16.70 35.84 19.47 22.09 20.83 18.19 27.04 54.16 34.55 47.43 47.36 16.22
 9418.25 15.70 35.07 18.46 21.09 19.83 17.19 26.06 53.94 33.71 46.96 46.85 14.90
 9419.25 16.54 37.51 19.51 22.35 20.99 18.14 27.71 58.10 36.00 50.45 50.30 15.41
 9420.25 13.76 33.29 16.42 18.99 17.76 15.19 23.95 53.63 31.81 45.97 45.78 12.55
 9421.25  6.08 17.22  7.43  8.79  8.14  6.80 11.54 31.55 16.26 25.84 25.68  5.37
 9422.25  4.03 11.82  4.95  5.88  5.43  4.52  7.78 22.54 11.12 18.16 18.02  3.44
 9423.25  6.05 17.34  7.41  8.78  8.13  6.78 11.54 32.05 16.33 26.13 25.91  5.05
 9424.25 10.89 28.66 13.20 15.47 14.40 12.14 19.88 48.63 27.15 40.88 40.55  8.99
 9425.25 10.75 28.09 13.02 15.25 14.19 11.97 19.55 47.32 26.60 39.86 39.52  8.69
 9426.25  9.45 24.40 11.43 13.37 12.46 10.53 17.07 40.65 23.11 34.35 34.04  7.50
 9427.25  8.85 21.88 10.64 12.37 11.56  9.83 15.60 35.30 20.76 30.14 29.85  6.87
 9428.25 10.97 25.64 13.07 15.06 14.13 12.12 18.70 39.99 24.39 34.48 34.14  8.32
 9429.25 15.78 34.09 18.51 21.06 19.88 17.28 25.61 51.20 32.57 44.65 44.22 11.97
 9430.25 17.07 36.15 19.95 22.62 21.39 18.66 27.35 53.80 34.55 47.03 46.56 12.78
 9431.25 17.99 38.22 21.05 23.88 22.58 19.68 28.88 56.91 36.50 49.71 49.18 13.08
 9432.25 20.00 42.15 23.37 26.47 25.05 21.86 31.94 62.54 40.25 54.67 54.05 14.24
 9433.25 20.71 43.54 24.19 27.40 25.94 22.64 33.01 64.49 41.55 56.37 55.70 14.40
 9434.25 20.36 43.32 23.86 27.08 25.61 22.30 32.70 64.42 41.29 56.22 55.51 13.69
 9435.25 19.77 42.64 23.25 26.45 25.00 21.71 32.04 63.70 40.58 55.49 54.74 12.83
 9436.25 18.08 39.86 21.36 24.40 23.03 19.91 29.70 60.05 37.86 52.15 51.40 11.27
 9437.25 13.87 32.37 16.59 19.13 17.98 15.38 23.61 50.02 30.61 43.08 42.39  8.16
 9438.25 11.72 28.88 14.17 16.48 15.44 13.08 20.61 45.88 27.18 39.12 38.43  6.39
 9439.25 12.59 30.98 15.22 17.71 16.58 14.05 22.12 49.12 29.14 41.89 41.12  6.64
 9440.25  5.74 16.27  7.10  8.43  7.83  6.49 10.90 28.73 15.11 23.55 23.00  2.79
 9441.25  1.74  5.42  2.18  2.62  2.42  1.98  3.46 10.52  4.97  8.29  8.05  0.76
 9442.25  1.60  5.01  2.01  2.42  2.23  1.83  3.19  9.80  4.59  7.69  7.46  0.67
 9443.25  2.55  7.94  3.20  3.85  3.56  2.91  5.07 15.31  7.27 12.08 11.71  1.01
 9444.25  7.33 20.93  9.10 10.83 10.05  8.31 13.97 36.83 19.34 30.15 29.32  2.81
 9445.25 12.82 32.55 15.63 18.29 17.11 14.39 22.93 52.25 30.41 44.23 43.18  4.92
 9446.25 15.94 37.36 19.15 22.13 20.82 17.75 27.18 57.40 35.10 49.30 48.20  6.06
 9447.25 18.57 41.49 22.10 25.34 23.92 20.57 30.73 62.35 39.09 53.91 52.73  6.91
 9448.25 17.33 40.12 20.79 23.98 22.59 19.29 29.32 61.18 37.68 52.62 51.40  5.87
 9449.25 13.60 34.33 16.59 19.41 18.18 15.28 24.23 54.64 31.99 46.30 45.07  3.99
 9450.25 11.36 30.47 14.02 16.56 15.44 12.85 20.95 50.28 28.21 42.03 40.80  2.92
 9451.25 12.18 32.44 15.02 17.73 16.55 13.78 22.38 53.21 30.04 44.56 43.23  2.84
 9452.25 14.11 35.93 17.27 20.25 18.96 15.90 25.28 57.26 33.39 48.42 47.03  3.07
 9453.25 14.07 35.00 17.16 20.04 18.80 15.82 24.86 54.99 32.57 46.71 45.37  2.80
 9454.25 13.70 32.71 16.58 19.24 18.10 15.34 23.62 50.32 30.52 43.03 41.83  2.46
 9455.25 14.09 32.80 16.97 19.62 18.49 15.74 23.91 49.84 30.65 42.78 41.58  2.16
 9456.25 14.67 34.04 17.67 20.41 19.24 16.38 24.84 51.62 31.79 44.31 43.04  1.81
 9457.25 16.13 37.71 19.47 22.52 21.23 18.04 27.44 57.29 35.17 49.12 47.67  1.49
 9458.25 16.10 38.46 19.53 22.67 21.34 18.06 27.75 58.96 35.79 50.38 48.83  1.08
 9459.25  8.60 24.12 10.73 12.78 11.90  9.81 16.23 40.86 22.07 33.63 32.33  0.34
 9460.25  2.57  8.27  3.28  3.98  3.68  2.97  5.21 15.83  7.44 12.38 11.77  0.03
 9461.25  2.12  6.90  2.71  3.29  3.04  2.45  4.32 13.36  6.18 10.38  9.85  0.00
 9462.25  5.06 15.82  6.43  7.78  7.21  5.84 10.11 29.21 14.25 23.16 22.04  0.00
 9463.25 13.86 35.47 17.06 20.04 18.79 15.70 24.85 56.32 32.67 47.39 45.62  0.00
 9464.25 17.55 40.70 21.21 24.52 23.14 19.67 29.69 61.33 37.83 52.56 50.79  0.00
 9465.25 17.29 39.97 20.88 24.13 22.78 19.37 29.19 60.11 37.13 51.53 49.76  0.00
 9466.25 18.59 41.80 22.33 25.67 24.29 20.76 30.83 62.17 38.90 53.48 51.65  0.00
 9467.25 17.92 40.84 21.60 24.89 23.54 20.06 29.98 61.01 37.94 52.38 50.54  0.00
 9468.25 15.72 36.99 19.09 22.13 20.88 17.68 26.83 55.89 34.25 47.77 46.02  0.00
 9469.25 14.61 34.85 17.80 20.69 19.51 16.47 25.15 52.92 32.21 45.13 43.42  0.00
 9470.25 16.43 38.36 19.94 23.09 21.80 18.48 27.90 57.71 35.50 49.35 47.48  0.00
 9471.25 18.87 42.76 22.75 26.20 24.80 21.14 31.43 63.57 39.64 54.56 52.52  0.00
 9472.25 19.51 43.98 23.49 27.04 25.60 21.84 32.39 65.24 40.77 56.01 53.89  0.00
 9473.25 18.04 41.67 21.86 25.27 23.89 20.28 30.42 62.31 38.53 53.33 51.24  0.00
 9474.25 15.43 36.87 18.85 21.93 20.69 17.43 26.58 55.83 33.97 47.55 45.60  0.00
 9475.25 15.09 36.05 18.44 21.45 20.24 17.05 25.99 54.53 33.19 46.43 44.49  0.00
 9476.25 16.54 39.16 20.18 23.45 22.14 18.68 28.32 58.98 36.06 50.28 48.16  0.00
 9477.25 11.49 31.96 14.47 17.26 16.13 13.22 21.60 52.46 28.89 43.25 41.02  0.00
 9478.25  4.30 14.23  5.57  6.82  6.31  5.03  8.85 26.85 12.55 20.86 19.46  0.00
 9479.25  2.10  7.15  2.74  3.36  3.10  2.47  4.39 13.93  6.28 10.66  9.90  0.00
 9480.25  1.76  6.00  2.29  2.82  2.60  2.07  3.67 11.68  5.26  8.93  8.29  0.00
 9481.25  3.28 10.82  4.26  5.21  4.82  3.84  6.74 20.18  9.53 15.72 14.64  0.00
 9482.25  9.45 26.10 11.93 14.23 13.31 10.91 17.72 42.24 23.54 34.93 33.03  0.00
 9483.25 16.71 39.60 20.46 23.78 22.47 18.93 28.61 59.39 36.31 50.54 48.19  0.00
 9484.25 18.30 42.91 22.35 25.94 24.54 20.71 31.13 64.07 39.37 54.59 52.05  0.00
 9485.25 15.69 39.63 19.49 22.93 21.58 17.94 27.95 60.90 36.07 51.33 48.73  0.00
 9486.25 14.77 38.10 18.45 21.77 20.47 16.94 26.65 59.03 34.58 49.58 46.98  0.00
 9487.25 16.46 40.47 20.35 23.83 22.47 18.77 28.84 61.38 36.89 51.93 49.31  0.00
 9488.25 18.60 43.65 22.76 26.43 25.01 21.08 31.64 65.02 39.95 55.35 52.63  0.00
 9489.25 19.22 44.69 23.47 27.21 25.77 21.76 32.50 66.32 40.91 56.52 53.73  0.00
 9490.25 19.23 44.69 23.49 27.23 25.79 21.78 32.51 66.28 40.89 56.47 53.65  0.00
 9491.25 18.15 43.38 22.33 26.03 24.60 20.65 31.23 64.91 39.56 55.10 52.25  0.00
 9492.25 14.05 37.10 17.68 20.96 19.69 16.20 25.69 57.87 33.46 48.34 45.56  0.00
 9493.25  9.35 27.20 12.00 14.45 13.50 10.92 18.07 44.62 24.22 36.52 34.16  0.00
 9494.25  9.24 26.06 11.80 14.15 13.24 10.76 17.55 41.94 23.28 34.56 32.38  0.00
 9495.25 14.39 35.97 17.92 21.06 19.86 16.50 25.46 54.61 32.57 46.01 43.41  0.00
 9496.25 16.40 39.49 20.26 23.65 22.36 18.71 28.35 59.07 35.89 50.04 47.28  0.00
 9497.25 14.39 36.01 17.95 21.10 19.90 16.52 25.48 54.60 32.58 46.00 43.35  0.00
 9498.25 14.92 37.22 18.60 21.86 20.63 17.13 26.37 56.32 33.66 47.46 44.70  0.00
 9499.25 15.05 37.00 18.71 21.93 20.72 17.25 26.36 55.64 33.50 46.98 44.26  0.00
 9500.25 11.41 29.63 14.36 17.00 16.01 13.18 20.66 45.51 26.65 38.10 35.76  0.00
 9501.25  9.52 25.88 12.11 14.45 13.57 11.07 17.72 40.52 23.14 33.65 31.46  0.00
 9502.25 13.41 34.56 16.88 19.96 18.80 15.50 24.17 52.80 31.07 44.24 41.48  0.00
 9503.25 13.55 37.07 17.27 20.63 19.37 15.79 25.29 58.28 33.06 48.26 45.01  0.00
 9504.25  6.55 21.96  8.66 10.67  9.91  7.80 13.63 39.48 18.98 30.82 28.13  0.00
 9505.25  3.90 13.83  5.20  6.46  5.98  4.67  8.34 26.28 11.83 19.97 18.05  0.00
 9506.25  4.94 17.23  6.58  8.15  7.55  5.91 10.48 32.06 14.77 24.59 22.27  0.00
 9507.25 10.85 32.63 14.11 17.12 16.00 12.80 21.35 53.93 28.64 43.63 40.23  0.00
 9508.25 17.15 43.20 21.53 25.37 23.95 19.81 30.48 65.16 38.82 54.73 51.19  0.00
 9509.25 18.07 44.34 22.55 26.45 25.02 20.79 31.59 66.20 39.93 55.80 52.24  0.00
 9510.25 17.66 43.74 22.10 25.97 24.55 20.36 31.06 65.48 39.33 55.11 51.54  0.00
 9511.25 17.18 43.17 21.59 25.43 24.03 19.86 30.49 64.91 38.74 54.52 50.91  0.00
 9512.25 15.91 41.56 20.18 23.95 22.57 18.51 28.92 63.37 37.11 52.91 49.25  0.00
 9513.25 12.59 36.25 16.32 19.69 18.45 14.85 24.23 57.71 31.94 47.32 43.68  0.00
 9514.25 10.90 33.09 14.28 17.38 16.24 12.94 21.61 54.17 28.91 43.87 40.26  0.00
 9515.25 12.26 35.60 15.93 19.26 18.04 14.49 23.71 56.79 31.29 46.47 42.81  0.00
 9516.25 13.10 35.41 16.78 20.04 18.86 15.34 24.31 54.55 31.41 45.28 41.94  0.00
 9517.25 12.75 33.65 16.25 19.33 18.22 14.89 23.32 51.32 29.93 42.75 39.63  0.00
 9518.25 14.69 37.56 18.59 21.99 20.77 17.08 26.35 56.57 33.51 47.33 43.95  0.00
 9519.25 13.42 36.21 17.20 20.53 19.34 15.73 24.86 55.71 32.06 46.19 42.68  0.00
 9520.25  6.29 21.48  8.43 10.46  9.72  7.58 13.25 38.07 18.32 29.62 26.64  0.00
 9521.25  2.52  9.40  3.43  4.30  3.98  3.07  5.54 18.11  7.88 13.51 11.96  0.00
 9522.25  1.71  6.46  2.34  2.94  2.72  2.09  3.78 12.58  5.40  9.33  8.23  0.00
 9523.25  3.65 13.38  4.96  6.22  5.76  4.44  7.96 25.12 11.23 18.96 16.81  0.00
 9524.25 10.69 32.22 14.05 17.10 16.01 12.74 21.08 52.30 27.99 42.26 38.50  0.00
 9525.25 15.93 40.85 20.25 23.97 22.66 18.59 28.63 61.28 36.30 51.20 47.32  0.00
 9526.25 16.40 42.14 20.86 24.70 23.35 19.15 29.50 63.23 37.42 52.80 48.77  0.00
 9527.25 15.60 40.54 19.90 23.63 22.32 18.26 28.26 61.03 35.93 50.88 46.93  0.00
 9528.25 14.02 37.22 17.99 21.44 20.23 16.47 25.74 56.42 32.88 46.89 43.15  0.00
 9529.25 14.59 38.52 18.71 22.28 21.03 17.13 26.69 58.22 34.03 48.42 44.54  0.00
 9530.25 16.00 41.97 20.49 24.38 23.02 18.78 29.16 63.25 37.10 52.64 48.42  0.00
 9531.25 14.09 39.82 18.37 22.15 20.83 16.73 26.86 61.75 34.84 50.76 46.38  0.00
 9532.25 12.95 38.19 17.06 20.71 19.44 15.48 25.31 60.28 33.19 49.15 44.70  0.00
 9533.25 13.93 39.90 18.24 22.05 20.72 16.59 26.77 62.09 34.80 50.91 46.40  0.00
 9534.25 15.96 42.52 20.56 24.53 23.16 18.81 29.37 64.29 37.44 53.34 48.89  0.00
 9535.25 15.10 40.04 19.44 23.17 21.89 17.79 27.70 60.38 35.25 50.13 45.93  0.00
 9536.25 12.51 35.87 16.41 19.84 18.66 14.92 24.06 55.73 31.24 45.67 41.54  0.00
 9537.25 12.07 36.37 16.02 19.53 18.32 14.51 23.89 57.70 31.42 46.83 42.35  0.00
 9538.25 12.07 36.73 16.06 19.62 18.39 14.54 24.03 58.51 31.67 47.38 42.78  0.00
 9539.25 10.40 33.62 14.01 17.28 16.15 12.62 21.40 55.31 28.68 44.12 39.51  0.00
 9540.25 10.71 34.02 14.38 17.70 16.56 12.97 21.83 55.37 29.09 44.36 39.79  0.00
 9541.25 14.41 39.99 18.81 22.62 21.32 17.15 27.18 61.11 34.89 50.32 45.74  0.00
 9542.25 16.88 43.30 21.61 25.62 24.27 19.84 30.33 64.32 38.15 53.58 49.00  0.00
 9543.25 14.43 37.94 18.61 22.16 20.96 17.05 26.34 56.77 33.32 47.13 43.00  0.00
 9544.25 12.02 33.00 15.67 18.82 17.76 14.30 22.53 50.06 28.79 41.30 37.51  0.00
 9545.25 14.56 38.53 18.83 22.46 21.24 17.24 26.69 57.69 33.77 47.84 43.56  0.00
 9546.25 17.06 43.21 21.81 25.80 24.47 20.05 30.40 63.80 38.05 53.19 48.56  0.00
 9547.25 18.00 45.16 22.95 27.10 25.72 21.11 31.87 66.48 39.80 55.47 50.65  0.00
 9548.25 17.24 44.42 22.16 26.31 24.93 20.34 31.06 65.83 39.00 54.76 49.87  0.00
 9549.25 16.85 43.99 21.75 25.88 24.51 19.93 30.62 65.43 38.55 54.32 49.39  0.00
 9550.25 17.38 44.98 22.39 26.60 25.21 20.54 31.40 66.68 39.44 55.41 50.39  0.00
 9551.25 18.06 45.95 23.16 27.43 26.03 21.28 32.27 67.76 40.35 56.41 51.33  0.00
 9552.25 16.52 43.21 21.35 25.43 24.08 19.57 30.04 64.22 37.80 53.27 48.34  0.00
 9553.25  9.11 29.39 12.36 15.27 14.30 11.13 18.73 47.83 24.87 38.05 33.72  0.00
 9554.25  4.03 15.70  5.67  7.21  6.68  5.04  9.13 29.08 12.79 21.67 18.59  0.00
 9555.25  3.57 14.22  5.04  6.43  5.96  4.47  8.16 26.86 11.51 19.79 16.87  0.00
 9556.25  5.13 19.60  7.20  9.13  8.48  6.41 11.51 35.49 16.02 26.73 23.00  0.00
 9557.25 10.32 32.29 13.96 17.17 16.11 12.60 20.88 51.38 27.43 41.23 36.61  0.00
 9558.25 15.20 40.99 19.87 23.81 22.53 18.16 28.19 61.25 35.61 50.56 45.60  0.00
 9559.25 17.52 45.50 22.68 26.98 25.59 20.80 31.72 67.21 39.71 55.74 50.38  0.00
 9560.25 18.42 47.27 23.77 28.21 26.78 21.82 33.09 69.57 41.29 57.76 52.23  0.00
 9561.25 16.35 44.65 21.47 25.79 24.40 19.60 30.56 66.91 38.68 55.10 49.54  0.00
 9562.25 11.64 36.63 15.83 19.50 18.31 14.27 23.68 57.89 31.04 46.51 41.19  0.00
 9563.25 10.10 33.21 13.87 17.23 16.13 12.47 21.07 53.54 27.92 42.60 37.49  0.00
 9564.25 12.21 36.62 16.44 20.10 18.92 14.88 24.17 56.59 31.25 45.90 40.82  0.00
 9565.25 13.99 38.71 18.48 22.25 21.05 16.84 26.38 58.07 33.41 47.72 42.75  0.00
 9566.25 14.02 38.47 18.48 22.23 21.03 16.86 26.29 57.52 33.23 47.31 42.40  0.00
 9567.25 13.13 38.38 17.60 21.42 20.20 15.96 25.60 58.64 32.83 47.75 42.48  0.00
 9568.25  6.86 25.53  9.68 12.26 11.42  8.62 15.26 44.32 20.87 33.88 29.07  0.00
 9569.25  3.19 13.22  4.58  5.89  5.46  4.05  7.46 25.16 10.53 18.30 15.31  0.00
 9570.25  2.71 11.36  3.90  5.03  4.66  3.45  6.37 21.83  9.02 15.78 13.15  0.00
 9571.25  4.36 17.66  6.25  8.03  7.45  5.54 10.11 32.62 14.14 24.09 20.26  0.00
 9572.25 10.72 35.59 14.82 18.45 17.29 13.31 22.47 57.41 29.71 45.45 39.64  0.00
 9573.25 15.61 44.65 20.88 25.32 23.93 18.97 30.06 67.36 38.23 55.04 48.91  0.00
 9574.25 14.96 44.03 20.17 24.59 23.20 18.28 29.32 67.02 37.52 54.51 48.28  0.00
 9575.25 14.77 43.64 19.94 24.34 22.96 18.07 29.01 66.46 37.14 54.02 47.79  0.00
 9576.25 16.19 45.14 21.54 26.00 24.61 19.61 30.68 67.43 38.73 55.26 49.15  0.00
 9577.25 16.36 45.31 21.74 26.21 24.82 19.81 30.88 67.51 38.90 55.38 49.25  0.00
 9578.25 15.31 44.01 20.56 24.97 23.60 18.67 29.58 66.29 37.57 54.09 47.90  0.00
 9579.25 13.64 40.21 18.45 22.51 21.24 16.71 26.77 61.02 34.18 49.60 43.79  0.00
 9580.25 12.31 36.53 16.69 20.39 19.24 15.11 24.26 55.52 31.01 45.08 39.74  0.00
 9581.25 12.70 37.24 17.17 20.94 19.77 15.57 24.85 56.33 31.65 45.81 40.41  0.00
 9582.25 15.33 42.73 20.46 24.71 23.40 18.63 29.06 63.61 36.57 52.09 46.15  0.00
 9583.25 17.62 47.00 23.23 27.81 26.41 21.24 32.46 69.10 40.45 56.89 50.57  0.00
 9584.25 17.95 47.67 23.63 28.27 26.86 21.62 32.96 69.97 41.02 57.63 51.21  0.00
 9585.25 17.14 46.53 22.73 27.31 25.92 20.75 31.94 68.65 39.91 56.39 49.99  0.00
 9586.25 16.30 45.08 21.75 26.23 24.86 19.82 30.75 66.81 38.56 54.75 48.42  0.00
 9587.25 15.40 43.45 20.67 25.02 23.70 18.80 29.42 64.71 37.04 52.88 46.66  0.00
 9588.25 13.91 40.14 18.80 22.86 21.62 17.06 26.96 60.16 34.10 49.00 43.12  0.00
 9589.25 13.19 38.21 17.86 21.73 20.56 16.20 25.63 57.28 32.43 46.63 40.99  0.00
 9590.25 14.06 40.06 18.95 22.99 21.77 17.22 27.03 59.73 34.06 48.73 42.87  0.00
 9591.25 14.28 40.56 19.24 23.33 22.10 17.49 27.40 60.40 34.49 49.28 43.35  0.00
 9592.25 14.19 40.58 19.16 23.27 22.04 17.41 27.35 60.50 34.46 49.32 43.32  0.00
 9593.25 13.67 41.01 18.72 22.94 21.67 16.93 27.15 62.01 34.56 50.20 43.85  0.00
 9594.25 11.85 38.63 16.58 20.63 19.41 14.89 24.74 60.11 32.10 47.97 41.45  0.00
 9595.25 12.98 40.94 18.03 22.30 21.02 16.23 26.58 62.90 34.20 50.48 43.78  0.00
 9596.25 15.72 45.06 21.29 25.86 24.50 19.33 30.35 67.09 38.19 54.64 47.87  0.00
 9597.25 16.06 44.74 21.58 26.08 24.74 19.65 30.44 66.06 38.06 53.99 47.41  0.00
 9598.25 15.08 42.97 20.41 24.77 23.48 18.54 29.01 63.81 36.42 51.99 45.52  0.00
 9599.25 15.52 44.06 21.00 25.46 24.14 19.08 29.79 65.32 37.35 53.25 46.61  0.00
 9600.25 16.71 46.34 22.45 27.10 25.73 20.45 31.58 68.25 39.39 55.78 48.90  0.00
 9601.25 17.10 47.26 22.96 27.71 26.32 20.93 32.25 69.51 40.18 56.83 49.81  0.00
 9602.25 17.23 47.75 23.17 27.97 26.57 21.11 32.55 70.24 40.56 57.40 50.27  0.00
 9603.25 16.55 46.52 22.36 27.07 25.69 20.34 31.56 68.65 39.43 56.00 48.95  0.00
 9604.25 14.93 42.97 20.33 24.73 23.44 18.45 28.92 63.77 36.29 51.86 45.20  0.00
 9605.25 13.55 40.27 18.63 22.80 21.58 16.86 26.78 60.26 33.83 48.79 42.35  0.00
 9606.25 14.48 42.63 19.86 24.27 22.99 17.99 28.45 63.59 35.85 51.55 44.76  0.00
 9607.25 15.85 45.29 21.57 26.20 24.86 19.59 30.56 66.98 38.24 54.49 47.44  0.00
 9608.25 13.25 41.94 18.54 22.97 21.67 16.69 27.20 64.06 34.81 51.28 44.06  0.00
 9609.25  6.88 28.03 10.19 13.18 12.29  9.00 16.22 48.30 22.08 36.26 29.81  0.00
 9610.25  4.64 20.51  6.98  9.14  8.49  6.13 11.38 37.54 15.82 27.23 21.90  0.00
 9611.25  6.52 27.25  9.72 12.63 11.76  8.57 15.58 47.62 21.32 35.44 28.92  0.00
 9612.25 12.82 42.40 18.18 22.71 21.40 16.31 27.02 65.62 34.86 52.09 44.38  0.00
 9613.25 16.82 47.52 22.87 27.72 26.33 20.80 32.19 69.87 40.08 56.88 49.39  0.00
 9614.25 16.61 45.87 22.43 27.07 25.75 20.44 31.31 67.06 38.80 54.72 47.59  0.00
 9615.25 16.08 44.70 21.77 26.30 25.01 19.82 30.44 65.42 37.75 53.33 46.32  0.00
 9616.25 16.34 46.41 22.29 27.05 25.70 20.26 31.39 68.24 39.07 55.49 48.06  0.00
 9617.25 14.37 44.44 20.10 24.81 23.47 18.12 29.15 66.81 36.92 53.72 46.08  0.00
 9618.25 13.48 42.76 19.01 23.58 22.28 17.10 27.79 64.72 35.38 51.84 44.31  0.00
 9619.25 14.70 44.27 20.44 25.10 23.77 18.47 29.33 65.96 36.91 53.23 45.75  0.00
 9620.25 13.73 42.24 19.22 23.70 22.43 17.33 27.77 63.28 35.09 50.91 43.62  0.00
 9621.25 10.43 36.55 15.11 19.08 17.95 13.48 22.79 57.31 29.65 45.02 37.84  0.00
 9622.25  5.68 24.57  8.60 11.26 10.48  7.56 13.86 43.15 18.99 31.83 25.60  0.00
 9623.25  3.90 18.10  5.98  7.91  7.34  5.23  9.83 33.63 13.71 23.99 18.89  0.00
 9624.25  4.43 20.32  6.79  8.97  8.33  5.95 11.11 37.25 15.45 26.77 21.15  0.00
 9625.25  7.03 29.12 10.59 13.77 12.86  9.33 16.82 49.42 22.74 37.13 30.14  0.00
 9626.25 10.25 36.91 15.01 19.06 17.91 13.35 22.79 58.10 29.74 45.46 37.95  0.00
 9627.25 12.71 42.06 18.23 22.80 21.52 16.33 26.91 64.14 34.43 51.00 43.11  0.00
 9628.25 14.11 44.59 19.99 24.79 23.45 17.98 29.05 66.99 36.78 53.65 45.60  0.00
 9629.25 12.97 43.30 18.67 23.39 22.08 16.72 27.62 66.12 35.36 52.49 44.26  0.00
 9630.25 12.17 42.43 17.73 22.40 21.09 15.81 26.60 65.71 34.37 51.77 43.35  0.00
 9631.25 13.08 44.17 18.92 23.76 22.41 16.92 28.06 67.57 35.98 53.55 45.04  0.00
 9632.25 12.53 43.38 18.25 23.03 21.70 16.29 27.29 66.89 35.17 52.78 44.20  0.00
 9633.25 12.62 43.49 18.37 23.16 21.83 16.40 27.41 66.91 35.27 52.83 44.25  0.00
 9634.25 13.27 44.30 19.16 24.02 22.68 17.15 28.28 67.40 36.12 53.51 44.99  0.00
 9635.25 13.34 43.35 19.13 23.86 22.56 17.17 27.98 65.37 35.51 52.12 43.96  0.00
 9636.25 11.93 39.60 17.23 21.57 20.38 15.43 25.35 60.04 32.30 47.71 40.11  0.00
 9637.25 11.29 37.95 16.37 20.55 19.40 14.64 24.18 57.74 30.88 45.79 38.39  0.00
 9638.25 12.98 42.02 18.63 23.22 21.97 16.72 27.17 63.19 34.40 50.39 42.44  0.00
 9639.25 14.54 45.40 20.66 25.57 24.23 18.60 29.75 67.55 37.37 54.14 45.78  0.00
 9640.25 14.27 44.72 20.31 25.16 23.84 18.29 29.27 66.56 36.78 53.32 45.04  0.00
 9641.25 14.52 45.54 20.68 25.62 24.28 18.61 29.80 67.77 37.44 54.28 45.81  0.00
 9642.25 15.23 47.11 21.62 26.70 25.33 19.48 30.98 69.82 38.80 56.01 47.33  0.00
 9643.25 15.05 46.75 21.40 26.45 25.09 19.27 30.70 69.32 38.46 55.58 46.91  0.00
 9644.25 13.88 44.12 19.88 24.70 23.40 17.87 28.74 65.79 36.16 52.58 44.23  0.00
 9645.25 12.09 39.81 17.52 21.91 20.72 15.70 25.60 59.88 32.42 47.62 39.85  0.00
 9646.25 12.79 41.29 18.44 22.97 21.75 16.55 26.75 61.74 33.73 49.23 41.28  0.00
 9647.25 14.82 45.78 21.08 26.04 24.72 19.00 30.14 67.65 37.64 54.25 45.71  0.00
 9648.25 15.51 47.24 21.97 27.06 25.71 19.83 31.25 69.56 38.91 55.87 47.12  0.00
 9649.25 15.47 47.33 21.95 27.07 25.71 19.81 31.26 69.74 38.95 55.97 47.15  0.00
 9650.25 15.31 47.49 21.84 27.00 25.63 19.68 31.23 70.15 38.98 56.21 47.25  0.00
 9651.25 14.76 46.79 21.21 26.34 24.98 19.07 30.54 69.45 38.27 55.49 46.50  0.00
 9652.25 14.03 45.50 20.32 25.35 24.01 18.23 29.46 67.88 37.07 54.07 45.15  0.00
 9653.25 13.14 44.35 19.27 24.22 22.91 17.23 28.29 66.85 35.87 52.94 43.95  0.00
 9654.25 11.91 42.69 17.78 22.60 21.32 15.81 26.60 65.48 34.14 51.35 42.22  0.00
 9655.25 10.89 41.03 16.47 21.14 19.89 14.58 25.04 64.03 32.48 49.72 40.51  0.00
 9656.25 10.28 39.90 15.67 20.23 19.01 13.84 24.04 62.92 31.38 48.56 39.33  0.00
 9657.25 10.68 40.67 16.23 20.87 19.63 14.35 24.72 63.58 32.11 49.29 40.04  0.00
 9658.25 11.18 41.87 16.92 21.70 20.43 14.99 25.64 65.02 33.16 50.57 41.18  0.00
 9659.25 10.56 40.61 16.10 20.75 19.52 14.23 24.59 63.64 31.97 49.23 39.86  0.00
 9660.25  8.48 35.56 13.21 17.28 16.19 11.60 20.71 57.79 27.44 43.77 34.80  0.00
 9661.25  7.02 31.22 11.08 14.64 13.68  9.68 17.67 52.24 23.73 38.88 30.46  0.00
 9662.25  6.93 30.73 10.93 14.45 13.51  9.56 17.42 51.29 23.37 38.21 29.94  0.00
 9663.25  7.86 33.73 12.33 16.20 15.17 10.81 19.44 55.22 25.86 41.59 32.84  0.00
 9664.25  7.32 32.54 11.58 15.31 14.32 10.13 18.45 54.21 24.72 40.40 31.60  0.00
 9665.25  6.79 31.18 10.83 14.39 13.44  9.45 17.40 52.85 23.49 38.96 30.21  0.00
 9666.25  8.33 35.76 13.10 17.23 16.14 11.48 20.64 58.41 27.40 43.99 34.67  0.00
 9667.25 11.35 42.26 17.27 22.13 20.87 15.30 26.00 65.06 33.42 50.66 41.07  0.00
 9668.25 12.93 45.07 19.33 24.46 23.14 17.23 28.48 67.91 36.09 53.49 43.81  0.00
 9669.25 10.32 40.11 15.89 20.52 19.32 14.03 24.22 62.70 31.40 48.36 38.83  0.00
 9670.25  5.40 26.18  8.74 11.72 10.93  7.59 14.22 45.71 19.39 33.01 25.11  0.00
 9671.25  4.16 21.46  6.81  9.23  8.58  5.90 11.28 39.15 15.60 27.49 20.48  0.00
 9672.25  5.60 27.54  9.10 12.24 11.41  7.90 14.86 48.37 20.31 34.77 26.31  0.00
 9673.25  8.84 37.94 13.99 18.40 17.25 12.25 21.95 61.47 29.02 46.37 36.40  0.00
 9674.25 11.66 44.03 17.90 23.00 21.70 15.83 26.98 67.71 34.66 52.61 42.38  0.00
 9675.25 12.18 44.95 18.59 23.80 22.47 16.48 27.81 68.55 35.53 53.49 43.24  0.00
 9676.25  9.40 39.55 14.85 19.47 18.28 13.02 23.13 63.24 30.38 48.01 37.82  0.00
 9677.25  8.78 38.15 14.00 18.45 17.30 12.24 22.00 61.76 29.08 46.53 36.38  0.00
 9678.25 11.33 43.49 17.52 22.58 21.29 15.47 26.49 67.06 34.07 51.94 41.62  0.00
 9679.25 12.57 44.79 19.05 24.22 22.91 16.94 28.13 67.44 35.61 52.93 42.93  0.00
 9680.25 10.79 40.86 16.66 21.42 20.22 14.73 25.06 62.58 32.10 48.62 39.02  0.00
 9681.25  7.82 34.70 12.56 16.63 15.58 10.97 19.83 56.59 26.28 42.37 32.86  0.00
 9682.25  5.15 26.31  8.52 11.54 10.76  7.38 14.00 46.53 19.16 33.13 24.68  0.00
 9683.25  4.33 22.94  7.21  9.82  9.14  6.22 11.96 41.71 16.50 29.16 21.42  0.00
 9684.25  4.06 21.81  6.79  9.27  8.63  5.86 11.30 39.97 15.63 27.79 20.31  0.00
 9685.25  4.36 23.20  7.29  9.94  9.25  6.29 12.09 42.09 16.67 29.44 21.59  0.00
 9686.25  7.22 33.81 11.79 15.75 14.74 10.25 18.86 56.39 25.22 41.55 31.69  0.00
 9687.25 11.25 43.77 17.59 22.75 21.46 15.52 26.60 67.26 34.14 52.03 41.39  0.00
 9688.25 11.10 43.59 17.42 22.57 21.28 15.35 26.41 67.11 33.93 51.83 41.15  0.00
 9689.25 11.80 44.80 18.35 23.62 22.31 16.22 27.52 68.22 35.10 53.00 42.30  0.00
 9690.25 12.85 46.39 19.70 25.11 23.78 17.49 29.06 69.62 36.68 54.51 43.84  0.00
 9691.25 11.14 43.42 17.47 22.60 21.32 15.40 26.38 66.64 33.80 51.49 40.84  0.00
 9692.25  7.02 33.56 11.57 15.53 14.53 10.05 18.58 56.05 24.88 41.16 31.14  0.00
 9693.25  5.69 29.21  9.53 12.94 12.07  8.24 15.60 50.76 21.22 36.35 26.91  0.00
 9694.25  7.71 35.91 12.67 16.93 15.86 11.02 20.17 58.99 26.80 43.72 33.28  0.00
 9695.25 11.10 43.88 17.54 22.76 21.47 15.45 26.56 67.36 34.05 51.97 41.04  0.00
 9696.25 12.28 45.97 19.11 24.54 23.21 16.91 28.44 69.40 36.05 54.04 43.06  0.00
 9697.25 13.53 47.57 20.66 26.20 24.86 18.39 30.12 70.66 37.72 55.51 44.64  0.00
 9698.25 13.52 47.34 20.64 26.14 24.81 18.37 30.03 70.21 37.55 55.19 44.38  0.00
 9699.25 11.60 44.57 18.22 23.52 22.23 16.09 27.30 67.70 34.74 52.47 41.54  0.00
 9700.25  6.66 32.44 11.11 14.97 14.01  9.63 17.86 54.27 23.89 39.66 29.71  0.00
 9701.25  3.16 18.08  5.45  7.52  7.00  4.67  9.14 33.61 12.67 22.93 16.27  0.00
 9702.25  2.80 16.29  4.84  6.70  6.23  4.15  8.15 30.72 11.35 20.74 14.61  0.00
 9703.25  4.92 26.45  8.40 11.50 10.73  7.24 13.86 46.70 18.92 32.93 23.89  0.00
 9704.25 10.75 43.52 17.20 22.41 21.15 15.12 26.11 67.10 33.49 51.45 40.17  0.00
 9705.25 13.54 47.99 20.84 26.46 25.12 18.53 30.34 71.12 37.92 55.79 44.60  0.00
 9706.25 12.67 46.96 19.80 25.37 24.04 17.53 29.23 70.30 36.80 54.81 43.49  0.00
 9707.25 11.37 45.03 18.15 23.56 22.26 15.98 27.34 68.55 34.84 52.91 41.50  0.00
 9708.25 11.79 45.33 18.66 24.09 22.79 16.47 27.84 68.42 35.27 53.05 41.79  0.00
 9709.25 13.10 47.03 20.30 25.85 24.53 18.03 29.63 69.76 37.04 54.62 43.48  0.00
 9710.25 13.53 48.03 20.90 26.55 25.22 18.59 30.38 71.03 37.89 55.69 44.38  0.00
 9711.25 13.45 48.14 20.86 26.54 25.20 18.53 30.38 71.29 37.92 55.84 44.42  0.00
 9712.25 11.46 45.24 18.32 23.77 22.47 16.13 27.50 68.70 34.96 53.00 41.43  0.00
 9713.25  6.34 32.58 10.84 14.75 13.80  9.35 17.59 54.98 23.60 39.73 29.14  0.00
 9714.25  4.07 23.34  7.12  9.86  9.18  6.10 11.89 42.17 16.34 29.13 20.58  0.00
 9715.25  4.85 26.62  8.42 11.59 10.81  7.23 13.90 46.56 18.91 32.84 23.56  0.00
 9716.25  9.56 41.01 15.70 20.68 19.50 13.73 24.11 63.81 31.09 48.44 37.14  0.00
 9717.25 13.14 47.80 20.57 26.25 24.92 18.24 30.02 70.81 37.49 55.33 43.76  0.00
 9718.25 13.54 48.49 21.09 26.83 25.50 18.73 30.63 71.58 38.12 56.03 44.38  0.00
 9719.25 13.28 48.21 20.79 26.53 25.20 18.45 30.31 71.34 37.81 55.75 44.04  0.00
 9720.25  9.83 42.37 16.20 21.37 20.15 14.16 24.88 65.89 32.05 49.95 38.15  0.00
 9721.25  4.18 24.16  7.39 10.25  9.55  6.32 12.32 43.34 16.87 29.97 21.06  0.00
 9722.25  2.37 14.73  4.24  5.95  5.53  3.62  7.20 28.03 10.03 18.60 12.68  0.00
 9723.25  2.66 16.40  4.77  6.68  6.21  4.06  8.07 30.84 11.21 20.63 14.12  0.00
 9724.25  5.60 30.01  9.78 13.41 12.54  8.41 15.96 51.04 21.46 36.50 26.29  0.00
 9725.25  9.87 42.61 16.39 21.63 20.41 14.31 25.12 65.69 32.26 49.98 38.16  0.00
 9726.25 10.91 44.92 17.89 23.40 22.12 15.69 27.02 68.21 34.36 52.36 40.35  0.00
 9727.25 11.20 45.42 18.29 23.86 22.57 16.06 27.49 68.66 34.84 52.83 40.80  0.00
 9728.25 10.88 44.97 17.89 23.42 22.14 15.68 27.03 68.27 34.35 52.38 40.29  0.00
 9729.25 10.03 43.49 16.73 22.11 20.86 14.60 25.64 66.90 32.88 50.90 38.75  0.00
 9730.25  9.72 42.70 16.30 21.59 20.36 14.21 25.06 65.89 32.19 50.02 37.96  0.00
 9731.25  9.66 42.69 16.24 21.54 20.31 14.15 25.00 65.94 32.14 50.01 37.89  0.00
 9732.25 10.40 44.43 17.32 22.82 21.56 15.14 26.38 67.90 33.68 51.81 39.50  0.00
 9733.25 11.89 46.75 19.31 25.03 23.73 17.00 28.66 69.88 36.02 54.02 41.80  0.00
 9734.25 11.35 45.22 18.53 24.08 22.82 16.30 27.60 67.77 34.75 52.29 40.35  0.00
 9735.25  9.35 41.22 15.76 20.89 19.71 13.74 24.20 63.43 31.02 48.14 36.41  0.00
 9736.25  7.50 36.77 13.02 17.59 16.53 11.25 20.60 58.71 26.97 43.52 32.08  0.00
 9737.25  5.67 31.29 10.12 13.96 13.06  8.67 16.55 52.74 22.19 37.73 26.84  0.00
 9738.25  6.13 33.39 10.92 15.04 14.07  9.36 17.79 55.82 23.78 40.14 28.66  0.00
 9739.25  6.41 34.59 11.40 15.68 14.68  9.78 18.52 57.52 24.69 41.49 29.69  0.00
 9740.25  4.15 25.30  7.58 10.63  9.91  6.45 12.70 45.27 17.38 31.07 21.28  0.00
 9741.25  4.07 24.94  7.44 10.45  9.74  6.33 12.49 44.70 17.09 30.62 20.92  0.00
 9742.25  6.79 35.46 12.02 16.44 15.42 10.34 19.32 57.96 25.53 42.21 30.43  0.00
 9743.25 10.33 42.91 17.22 22.55 21.36 15.08 25.86 64.62 32.66 49.56 37.76  0.00
 9744.25 11.71 45.49 19.10 24.69 23.45 16.84 28.10 67.41 35.05 52.19 40.21  0.00
 9745.25 12.56 47.86 20.36 26.21 24.92 17.98 29.76 70.61 37.00 54.79 42.33  0.00
 9746.25 10.78 45.65 18.11 23.80 22.53 15.83 27.31 69.03 34.57 52.74 39.95  0.00
 9747.25  6.74 36.19 12.09 16.62 15.58 10.38 19.53 59.36 25.87 43.05 30.76  0.00
 9748.25  4.97 29.41  9.11 12.72 11.89  7.76 15.10 50.72 20.41 35.56 24.59  0.00
 9749.25  5.26 30.37  9.61 13.38 12.51  8.21 15.82 51.50 21.25 36.50 25.47  0.00
 9750.25  8.47 40.48 14.80 19.91 18.76 12.81 23.09 63.26 29.82 47.28 34.80  0.00
 9751.25 11.81 47.38 19.59 25.47 24.17 17.21 28.99 70.44 36.25 54.30 41.45  0.00
 9752.25 12.30 47.92 20.20 26.11 24.81 17.80 29.62 70.79 36.85 54.77 41.99  0.00
 9753.25 11.86 46.55 19.54 25.30 24.04 17.21 28.71 68.82 35.74 53.20 40.71  0.00
 9754.25 11.49 45.96 19.07 24.79 23.54 16.76 28.17 68.19 35.17 52.58 40.09  0.00
 9755.25 11.50 46.64 19.20 25.02 23.75 16.86 28.46 69.34 35.59 53.38 40.58  0.00
 9756.25 11.39 46.35 19.06 24.85 23.58 16.72 28.26 68.93 35.34 53.04 40.28  0.00
 9757.25 10.70 44.38 18.03 23.60 22.38 15.79 26.88 66.24 33.71 50.84 38.45  0.00
 9758.25  9.99 43.41 17.11 22.60 21.40 14.92 25.85 65.45 32.66 49.89 37.39  0.00
 9759.25 10.64 45.62 18.16 23.93 22.67 15.86 27.32 68.51 34.42 52.34 39.31  0.00
 9760.25 12.01 47.97 20.01 25.99 24.70 17.59 29.46 70.93 36.67 54.70 41.57  0.00
 9761.25 12.43 48.01 20.47 26.41 25.13 18.06 29.82 70.51 36.91 54.59 41.69  0.00
 9762.25 11.91 46.31 19.68 25.42 24.19 17.35 28.71 68.07 35.55 52.66 40.15  0.00
 9763.25 12.03 46.30 19.81 25.54 24.31 17.48 28.80 67.90 35.60 52.58 40.13  0.00
 9764.25 12.83 48.13 20.94 26.84 25.58 18.52 30.19 70.25 37.15 54.55 41.76  0.00
 9765.25 13.11 48.67 21.32 27.27 26.00 18.88 30.63 70.89 37.62 55.09 42.22  0.00
 9766.25 11.87 47.70 19.91 25.88 24.60 17.49 29.27 70.43 36.38 54.26 41.04  0.00
 9767.25 11.14 47.12 19.05 25.02 23.74 16.66 28.43 70.23 35.60 53.77 40.30  0.00
 9768.25 13.00 49.18 21.33 27.39 26.10 18.85 30.78 71.79 37.86 55.66 42.45  0.00
 9769.25 14.08 50.28 22.58 28.65 27.36 20.08 32.02 72.72 39.05 56.69 43.56  0.00
 9770.25 13.64 50.19 22.17 28.29 27.00 19.65 31.69 72.87 38.80 56.65 43.34  0.00
 9771.25 12.86 49.51 21.30 27.44 26.14 18.79 30.85 72.38 38.00 56.02 42.55  0.00
 9772.25 12.13 48.63 20.43 26.53 25.24 17.95 29.92 71.54 37.07 55.13 41.59  0.00
 9773.25 11.76 47.76 19.91 25.93 24.65 17.47 29.26 70.40 36.31 54.17 40.75  0.00
 9774.25 12.52 48.43 20.82 26.84 25.57 18.36 30.15 70.77 37.12 54.74 41.47  0.00
 9775.25 13.40 49.72 21.92 28.02 26.74 19.42 31.34 72.14 38.34 56.02 42.67  0.00
 9776.25 13.07 49.36 21.54 27.64 26.36 19.05 30.96 71.79 37.95 55.65 42.26  0.00
 9777.25 12.72 49.00 21.16 27.25 25.97 18.67 30.56 71.46 37.56 55.29 41.84  0.00
 9778.25 12.29 48.58 20.66 26.75 25.48 18.19 30.06 71.12 37.07 54.88 41.34  0.00
 9779.25 11.51 47.40 19.67 25.68 24.43 17.25 28.95 69.86 35.91 53.65 40.13  0.00
 9780.25 11.02 47.08 19.12 25.14 23.88 16.70 28.42 69.82 35.44 53.40 39.67  0.00
 9781.25 10.95 46.76 19.00 24.98 23.73 16.60 28.24 69.32 35.19 53.01 39.36  0.00
 9782.25 10.86 45.73 18.76 24.60 23.38 16.41 27.75 67.57 34.50 51.76 38.50  0.00
 9783.25 11.43 47.07 19.60 25.58 24.34 17.18 28.79 69.24 35.64 53.18 39.68  0.00
 9784.25 11.84 48.58 20.29 26.46 25.18 17.79 29.75 71.38 36.80 54.84 40.93  0.00
 9785.25 11.50 48.37 19.91 26.09 24.81 17.42 29.39 71.35 36.48 54.67 40.60  0.00
 9786.25 10.49 46.79 18.56 24.62 23.36 16.15 27.87 69.79 34.90 53.07 38.98  0.00
 9787.25  9.59 45.25 17.32 23.23 21.99 14.99 26.42 68.29 33.37 51.52 37.40  0.00
 9788.25 10.08 46.31 18.06 24.09 22.84 15.67 27.32 69.42 34.34 52.59 38.36  0.00
 9789.25 10.32 46.71 18.41 24.48 23.22 15.99 27.71 69.75 34.73 52.95 38.72  0.00
 9790.25  7.44 40.27 14.03 19.31 18.20 12.00 22.21 63.24 28.71 46.41 32.47  0.00
 9791.25  3.83 26.52  7.67 11.02 10.30  6.45 12.96 46.59 17.56 31.60 20.34  0.00
 9792.25  2.14 16.27  4.37  6.37  5.93  3.65  7.54 30.63 10.40 19.74 12.17  0.00
 9793.25  1.27  9.97  2.60  3.81  3.55  2.17  4.53 19.32  6.29 12.17  7.37  0.00
 9794.25  1.31 10.31  2.69  3.95  3.67  2.25  4.69 19.98  6.50 12.59  7.61  0.00
 9795.25  2.65 19.77  5.41  7.86  7.33  4.52  9.29 36.41 12.74 23.82 14.80  0.00
 9796.25  7.31 40.36 13.94 19.24 18.14 11.91 22.11 63.69 28.59 46.47 32.19  0.00
 9797.25  9.91 46.60 18.05 24.16 22.91 15.62 27.35 69.86 34.36 52.76 38.12  0.00
 9798.25  7.22 40.68 13.91 19.29 18.17 11.86 22.18 64.07 28.74 46.79 32.32  0.00
 9799.25  5.73 35.87 11.36 16.06 15.07  9.61 18.64 58.69 24.61 41.74 27.91  0.00
 9800.25  5.57 35.26 11.09 15.71 14.73  9.37 18.23 57.96 24.11 41.07 27.34  0.00
 9801.25  3.12 23.10  6.42  9.34  8.71  5.37 10.98 41.57 14.97 27.58 17.22  0.00
 9802.25  2.06 16.23  4.30  6.31  5.87  3.58  7.45 30.61 10.27 19.61 11.88  0.00
 9803.25  2.72 20.76  5.64  8.24  7.69  4.71  9.71 38.09 13.30 24.89 15.31  0.00
 9804.25  6.03 36.84 11.93 16.78 15.77 10.11 19.38 59.75 25.41 42.65 28.59  0.00
 9805.25 10.14 47.22 18.54 24.76 23.50 16.06 27.90 70.31 34.86 53.20 38.35  0.00
 9806.25 10.04 47.18 18.44 24.66 23.41 15.96 27.80 70.32 34.77 53.16 38.24  0.00
 9807.25  9.67 46.66 17.95 24.13 22.89 15.50 27.25 69.89 34.21 52.65 37.65  0.00
 9808.25  9.05 45.54 17.04 23.11 21.89 14.66 26.18 68.85 33.08 51.52 36.47  0.00
 9809.25  6.46 39.24 12.87 18.10 17.02 10.90 20.83 62.72 27.18 45.16 30.37  0.00
 9810.25  5.18 34.75 10.59 15.16 14.21  8.91 17.60 57.80 23.37 40.45 26.31  0.00
 9811.25  6.06 38.08 12.22 17.28 16.24 10.32 19.93 61.51 26.14 43.93 29.21  0.00
 9812.25  7.75 42.97 15.12 20.89 19.72 12.89 23.82 66.37 30.53 48.89 33.75  0.00
 9813.25  5.59 36.19 11.38 16.18 15.19  9.59 18.69 59.13 24.61 41.85 27.51  0.00
 9814.25  3.74 27.86  7.86 11.45 10.70  6.56 13.38 48.86 18.08 32.85 20.44  0.00
 9815.25  3.90 28.79  8.19 11.91 11.14  6.84 13.90 50.14 18.75 33.87 21.15  0.00
 9816.25  6.11 38.26 12.37 17.49 16.45 10.46 20.11 61.47 26.28 43.98 29.19  0.00
 9817.25  8.55 44.87 16.50 22.54 21.33 14.14 25.52 68.04 32.30 50.66 35.39  0.00
 9818.25  6.88 40.93 13.79 19.30 18.19 11.70 22.08 64.34 28.55 46.71 31.51  0.00
 9819.25  4.79 33.60 10.02 14.45 13.54  8.40 16.76 56.36 22.31 39.06 24.92  0.00
 9820.25  3.83 28.84  8.14 11.88 11.11  6.79 13.85 50.28 18.69 33.86 20.97  0.00
 9821.25  3.82 28.81  8.13 11.88 11.10  6.78 13.84 50.18 18.66 33.80 20.91  0.00
 9822.25  5.21 35.46 10.87 15.59 14.63  9.12 18.00 58.43 23.79 40.97 26.40  0.00
 9823.25  7.64 43.24 15.18 21.05 19.88 12.93 23.91 66.60 30.56 48.96 33.44  0.00
 9824.25  8.78 45.34 16.97 23.09 21.89 14.56 26.03 68.17 32.74 50.94 35.59  0.00
 9825.25  8.89 45.06 17.09 23.17 21.98 14.69 26.06 67.44 32.67 50.53 35.43  0.00
 9826.25  8.79 45.18 17.00 23.11 21.92 14.60 26.01 67.78 32.66 50.69 35.42  0.00
 9827.25  8.69 45.62 16.95 23.14 21.93 14.53 26.08 68.70 32.83 51.23 35.61  0.00
 9828.25  8.42 45.38 16.59 22.76 21.55 14.18 25.70 68.71 32.48 51.03 35.24  0.00
 9829.25  7.36 43.07 14.89 20.77 19.61 12.64 23.59 66.58 30.22 48.72 32.91  0.00
 9830.25  6.13 39.56 12.78 18.15 17.08 10.76 20.78 63.00 27.04 45.13 29.60  0.00
 9831.25  5.71 38.00 12.01 17.16 16.13 10.09 19.68 61.15 25.75 43.47 28.21  0.00
 9832.25  6.51 40.60 13.48 19.02 17.93 11.38 21.69 63.77 28.03 46.10 30.54  0.00
 9833.25  8.08 44.80 16.16 22.29 21.10 13.78 25.16 68.03 31.86 50.34 34.44  0.00
 9834.25  0.00  0.00  0.00  0.00  0.00  0.00  0.00  0.00  0.00  0.00  0.00  0.00
 9835.25  0.00  0.00  0.00  0.00  0.00  0.00  0.00  0.00  0.00  0.00  0.00  0.00
 9836.25  0.00  0.00  0.00  0.00  0.00  0.00  0.00  0.00  0.00  0.00  0.00  0.00
 9837.25  0.00  0.00  0.00  0.00  0.00  0.00  0.00  0.00  0.00  0.00  0.00  0.00
 9838.25  0.00  0.00  0.00  0.00  0.00  0.00  0.00  0.00  0.00  0.00  0.00  0.00
 9839.25  0.00  0.00  0.00  0.00  0.00  0.00  0.00  0.00  0.00  0.00  0.00  0.00
 9840.25  0.00  0.00  0.00  0.00  0.00  0.00  0.00  0.00  0.00  0.00  0.00  0.00
 9841.25  0.00  0.00  0.00  0.00  0.00  0.00  0.00  0.00  0.00  0.00  0.00  0.00
 9842.25  0.00  0.00  0.00  0.00  0.00  0.00  0.00  0.00  0.00  0.00  0.00  0.00
 9843.25  0.00  0.00  0.00  0.00  0.00  0.00  0.00  0.00  0.00  0.00  0.00  0.00
 9844.25  0.00  0.00  0.00  0.00  0.00  0.00  0.00  0.00  0.00  0.00  0.00  0.00
 9845.25  0.00  0.00  0.00  0.00  0.00  0.00  0.00  0.00  0.00  0.00  0.00  0.00
 9846.25  0.00  0.00  0.00  0.00  0.00  0.00  0.00  0.00  0.00  0.00  0.00  0.00
 9847.25  0.00  0.00  0.00  0.00  0.00  0.00  0.00  0.00  0.00  0.00  0.00  0.00
 9848.25  0.00  0.00  0.00  0.00  0.00  0.00  0.00  0.00  0.00  0.00  0.00  0.00
 9849.25  0.00  0.00  0.00  0.00  0.00  0.00  0.00  0.00  0.00  0.00  0.00  0.00
 9850.25  0.00  0.00  0.00  0.00  0.00  0.00  0.00  0.00  0.00  0.00  0.00  0.00
 9851.25  0.00  0.00  0.00  0.00  0.00  0.00  0.00  0.00  0.00  0.00  0.00  0.00
 9852.25  0.00  0.00  0.00  0.00  0.00  0.00  0.00  0.00  0.00  0.00  0.00  0.00
 9853.25  0.00  0.00  0.00  0.00  0.00  0.00  0.00  0.00  0.00  0.00  0.00  0.00
 9854.25  0.00  0.00  0.00  0.00  0.00  0.00  0.00  0.00  0.00  0.00  0.00  0.00
 9855.25  0.00  0.00  0.00  0.00  0.00  0.00  0.00  0.00  0.00  0.00  0.00  0.00
 9856.25  0.00  0.00  0.00  0.00  0.00  0.00  0.00  0.00  0.00  0.00  0.00  0.00
 9857.25  0.00  0.00  0.00  0.00  0.00  0.00  0.00  0.00  0.00  0.00  0.00  0.00
 9858.25  0.00  0.00  0.00  0.00  0.00  0.00  0.00  0.00  0.00  0.00  0.00  0.00
 9859.25  0.00  0.00  0.00  0.00  0.00  0.00  0.00  0.00  0.00  0.00  0.00  0.00
 9860.25  0.00  0.00  0.00  0.00  0.00  0.00  0.00  0.00  0.00  0.00  0.00  0.00
 9861.25  0.00  0.00  0.00  0.00  0.00  0.00  0.00  0.00  0.00  0.00  0.00  0.00
 9862.25  0.00  0.00  0.00  0.00  0.00  0.00  0.00  0.00  0.00  0.00  0.00  0.00
 9863.25  0.00  0.00  0.00  0.00  0.00  0.00  0.00  0.00  0.00  0.00  0.00  0.00
 9864.25  0.00  0.00  0.00  0.00  0.00  0.00  0.00  0.00  0.00  0.00  0.00  0.00
 9865.25  0.00  0.00  0.00  0.00  0.00  0.00  0.00  0.00  0.00  0.00  0.00  0.00
 9866.25  0.00  0.00  0.00  0.00  0.00  0.00  0.00  0.00  0.00  0.00  0.00  0.00
 9867.25  0.00  0.00  0.00  0.00  0.00  0.00  0.00  0.00  0.00  0.00  0.00  0.00
 9868.25  0.00  0.00  0.00  0.00  0.00  0.00  0.00  0.00  0.00  0.00  0.00  0.00
 9869.25  0.00  0.00  0.00  0.00  0.00  0.00  0.00  0.00  0.00  0.00  0.00  0.00
 9870.25  0.00  0.00  0.00  0.00  0.00  0.00  0.00  0.00  0.00  0.00  0.00  0.00
 9871.25  0.00  0.00  0.00  0.00  0.00  0.00  0.00  0.00  0.00  0.00  0.00  0.00
 9872.25  0.00  0.00  0.00  0.00  0.00  0.00  0.00  0.00  0.00  0.00  0.00  0.00
 9873.25  0.00  0.00  0.00  0.00  0.00  0.00  0.00  0.00  0.00  0.00  0.00  0.00
 9874.25  0.00  0.00  0.00  0.00  0.00  0.00  0.00  0.00  0.00  0.00  0.00  0.00
 9875.25  0.00  0.00  0.00  0.00  0.00  0.00  0.00  0.00  0.00  0.00  0.00  0.00
 9876.25  0.00  0.00  0.00  0.00  0.00  0.00  0.00  0.00  0.00  0.00  0.00  0.00
 9877.25  0.00  0.00  0.00  0.00  0.00  0.00  0.00  0.00  0.00  0.00  0.00  0.00
 9878.25  0.00  0.00  0.00  0.00  0.00  0.00  0.00  0.00  0.00  0.00  0.00  0.00
 9879.25  0.00  0.00  0.00  0.00  0.00  0.00  0.00  0.00  0.00  0.00  0.00  0.00
 9880.25  0.00  0.00  0.00  0.00  0.00  0.00  0.00  0.00  0.00  0.00  0.00  0.00
 9881.25  0.00  0.00  0.00  0.00  0.00  0.00  0.00  0.00  0.00  0.00  0.00  0.00
 9882.25  0.00  0.00  0.00  0.00  0.00  0.00  0.00  0.00  0.00  0.00  0.00  0.00
 9883.25  0.00  0.00  0.00  0.00  0.00  0.00  0.00  0.00  0.00  0.00  0.00  0.00
 9884.25  0.00  0.00  0.00  0.00  0.00  0.00  0.00  0.00  0.00  0.00  0.00  0.00
 9885.25  0.00  0.00  0.00  0.00  0.00  0.00  0.00  0.00  0.00  0.00  0.00  0.00
 9886.25  0.00  0.00  0.00  0.00  0.00  0.00  0.00  0.00  0.00  0.00  0.00  0.00
 9887.25  0.00  0.00  0.00  0.00  0.00  0.00  0.00  0.00  0.00  0.00  0.00  0.00
 9888.25  0.00  0.00  0.00  0.00  0.00  0.00  0.00  0.00  0.00  0.00  0.00  0.00
 9889.25  0.00  0.00  0.00  0.00  0.00  0.00  0.00  0.00  0.00  0.00  0.00  0.00
 9890.25  0.00  0.00  0.00  0.00  0.00  0.00  0.00  0.00  0.00  0.00  0.00  0.00
 9891.25  0.00  0.00  0.00  0.00  0.00  0.00  0.00  0.00  0.00  0.00  0.00  0.00
 9892.25  0.00  0.00  0.00  0.00  0.00  0.00  0.00  0.00  0.00  0.00  0.00  0.00
 9893.25  0.00  0.00  0.00  0.00  0.00  0.00  0.00  0.00  0.00  0.00  0.00  0.00
 9894.25  0.00  0.00  0.00  0.00  0.00  0.00  0.00  0.00  0.00  0.00  0.00  0.00
 9895.25  0.00  0.00  0.00  0.00  0.00  0.00  0.00  0.00  0.00  0.00  0.00  0.00
 9896.25  0.00  0.00  0.00  0.00  0.00  0.00  0.00  0.00  0.00  0.00  0.00  0.00
 9897.25  0.00  0.00  0.00  0.00  0.00  0.00  0.00  0.00  0.00  0.00  0.00  0.00
 9898.25  0.00  0.00  0.00  0.00  0.00  0.00  0.00  0.00  0.00  0.00  0.00  0.00
 9899.25  0.00  0.00  0.00  0.00  0.00  0.00  0.00  0.00  0.00  0.00  0.00  0.00
 9900.25  0.00  0.00  0.00  0.00  0.00  0.00  0.00  0.00  0.00  0.00  0.00  0.00
 9901.25  0.00  0.00  0.00  0.00  0.00  0.00  0.00  0.00  0.00  0.00  0.00  0.00
 9902.25  0.00  0.00  0.00  0.00  0.00  0.00  0.00  0.00  0.00  0.00  0.00  0.00
 9903.25  0.00  0.00  0.00  0.00  0.00  0.00  0.00  0.00  0.00  0.00  0.00  0.00
 9904.25  0.00  0.00  0.00  0.00  0.00  0.00  0.00  0.00  0.00  0.00  0.00  0.00
 9905.25  0.00  0.00  0.00  0.00  0.00  0.00  0.00  0.00  0.00  0.00  0.00  0.00
 9906.25  0.00  0.00  0.00  0.00  0.00  0.00  0.00  0.00  0.00  0.00  0.00  0.00
 9907.25  0.00  0.00  0.00  0.00  0.00  0.00  0.00  0.00  0.00  0.00  0.00  0.00
 9908.25  0.00  0.00  0.00  0.00  0.00  0.00  0.00  0.00  0.00  0.00  0.00  0.00
 9909.25  0.00  0.00  0.00  0.00  0.00  0.00  0.00  0.00  0.00  0.00  0.00  0.00
 9910.25  0.00  0.00  0.00  0.00  0.00  0.00  0.00  0.00  0.00  0.00  0.00  0.00
 9911.25  0.00  0.00  0.00  0.00  0.00  0.00  0.00  0.00  0.00  0.00  0.00  0.00
 9912.25  0.00  0.00  0.00  0.00  0.00  0.00  0.00  0.00  0.00  0.00  0.00  0.00
 9913.25  0.00  0.00  0.00  0.00  0.00  0.00  0.00  0.00  0.00  0.00  0.00  0.00
 9914.25  0.00  0.00  0.00  0.00  0.00  0.00  0.00  0.00  0.00  0.00  0.00  0.00
 9915.25  0.00  0.00  0.00  0.00  0.00  0.00  0.00  0.00  0.00  0.00  0.00  0.00
 9916.25  0.00  0.00  0.00  0.00  0.00  0.00  0.00  0.00  0.00  0.00  0.00  0.00
 9917.25  0.00  0.00  0.00  0.00  0.00  0.00  0.00  0.00  0.00  0.00  0.00  0.00
 9918.25  0.00  0.00  0.00  0.00  0.00  0.00  0.00  0.00  0.00  0.00  0.00  0.00
 9919.25  0.00  0.00  0.00  0.00  0.00  0.00  0.00  0.00  0.00  0.00  0.00  0.00
 9920.25  0.00  0.00  0.00  0.00  0.00  0.00  0.00  0.00  0.00  0.00  0.00  0.00
 9921.25  0.00  0.00  0.00  0.00  0.00  0.00  0.00  0.00  0.00  0.00  0.00  0.00
 9922.25  0.00  0.00  0.00  0.00  0.00  0.00  0.00  0.00  0.00  0.00  0.00  0.00
 9923.25  0.00  0.00  0.00  0.00  0.00  0.00  0.00  0.00  0.00  0.00  0.00  0.00
 9924.25  0.00  0.00  0.00  0.00  0.00  0.00  0.00  0.00  0.00  0.00  0.00  0.00
 9925.25  0.00  0.00  0.00  0.00  0.00  0.00  0.00  0.00  0.00  0.00  0.00  0.00
 9926.25  0.00  0.00  0.00  0.00  0.00  0.00  0.00  0.00  0.00  0.00  0.00  0.00
 9927.25  0.00  0.00  0.00  0.00  0.00  0.00  0.00  0.00  0.00  0.00  0.00  0.00
 9928.25  0.00  0.00  0.00  0.00  0.00  0.00  0.00  0.00  0.00  0.00  0.00  0.00
 9929.25  0.00  0.00  0.00  0.00  0.00  0.00  0.00  0.00  0.00  0.00  0.00  0.00
 9930.25  0.00  0.00  0.00  0.00  0.00  0.00  0.00  0.00  0.00  0.00  0.00  0.00
 9931.25  0.00  0.00  0.00  0.00  0.00  0.00  0.00  0.00  0.00  0.00  0.00  0.00
 9932.25  0.00  0.00  0.00  0.00  0.00  0.00  0.00  0.00  0.00  0.00  0.00  0.00
 9933.25  0.00  0.00  0.00  0.00  0.00  0.00  0.00  0.00  0.00  0.00  0.00  0.00
 9934.25  0.00  0.00  0.00  0.00  0.00  0.00  0.00  0.00  0.00  0.00  0.00  0.00
 9935.25  0.00  0.00  0.00  0.00  0.00  0.00  0.00  0.00  0.00  0.00  0.00  0.00
 9936.25  0.00  0.00  0.00  0.00  0.00  0.00  0.00  0.00  0.00  0.00  0.00  0.00
 9937.25  0.00  0.00  0.00  0.00  0.00  0.00  0.00  0.00  0.00  0.00  0.00  0.00
 9938.25  0.00  0.00  0.00  0.00  0.00  0.00  0.00  0.00  0.00  0.00  0.00  0.00
 9939.25  0.00  0.00  0.00  0.00  0.00  0.00  0.00  0.00  0.00  0.00  0.00  0.00
 9940.25  0.00  0.00  0.00  0.00  0.00  0.00  0.00  0.00  0.00  0.00  0.00  0.00
 9941.25  0.00  0.00  0.00  0.00  0.00  0.00  0.00  0.00  0.00  0.00  0.00  0.00
 9942.25  0.00  0.00  0.00  0.00  0.00  0.00  0.00  0.00  0.00  0.00  0.00  0.00
 9943.25  0.00  0.00  0.00  0.00  0.00  0.00  0.00  0.00  0.00  0.00  0.00  0.00
 9944.25  0.00  0.00  0.00  0.00  0.00  0.00  0.00  0.00  0.00  0.00  0.00  0.00
 9945.25  0.00  0.00  0.00  0.00  0.00  0.00  0.00  0.00  0.00  0.00  0.00  0.00
 9946.25  0.00  0.00  0.00  0.00  0.00  0.00  0.00  0.00  0.00  0.00  0.00  0.00
 9947.25  0.00  0.00  0.00  0.00  0.00  0.00  0.00  0.00  0.00  0.00  0.00  0.00
 9948.25  0.00  0.00  0.00  0.00  0.00  0.00  0.00  0.00  0.00  0.00  0.00  0.00
 9949.25  0.00  0.00  0.00  0.00  0.00  0.00  0.00  0.00  0.00  0.00  0.00  0.00
 9950.25  0.00  0.00  0.00  0.00  0.00  0.00  0.00  0.00  0.00  0.00  0.00  0.00
 9951.25  0.00  0.00  0.00  0.00  0.00  0.00  0.00  0.00  0.00  0.00  0.00  0.00
 9952.25  0.00  0.00  0.00  0.00  0.00  0.00  0.00  0.00  0.00  0.00  0.00  0.00
 9953.25  0.00  0.00  0.00  0.00  0.00  0.00  0.00  0.00  0.00  0.00  0.00  0.00
 9954.25  0.00  0.00  0.00  0.00  0.00  0.00  0.00  0.00  0.00  0.00  0.00  0.00
 9955.25  0.00  0.00  0.00  0.00  0.00  0.00  0.00  0.00  0.00  0.00  0.00  0.00
 9956.25  0.00  0.00  0.00  0.00  0.00  0.00  0.00  0.00  0.00  0.00  0.00  0.00
 9957.25  0.00  0.00  0.00  0.00  0.00  0.00  0.00  0.00  0.00  0.00  0.00  0.00
 9958.25  0.00  0.00  0.00  0.00  0.00  0.00  0.00  0.00  0.00  0.00  0.00  0.00
 9959.25  0.00  0.00  0.00  0.00  0.00  0.00  0.00  0.00  0.00  0.00  0.00  0.00
 9960.25  0.00  0.00  0.00  0.00  0.00  0.00  0.00  0.00  0.00  0.00  0.00  0.00
 9961.25  0.00  0.00  0.00  0.00  0.00  0.00  0.00  0.00  0.00  0.00  0.00  0.00
 9962.25  0.00  0.00  0.00  0.00  0.00  0.00  0.00  0.00  0.00  0.00  0.00  0.00
 9963.25  0.00  0.00  0.00  0.00  0.00  0.00  0.00  0.00  0.00  0.00  0.00  0.00
 9964.25  0.00  0.00  0.00  0.00  0.00  0.00  0.00  0.00  0.00  0.00  0.00  0.00
 9965.25  0.00  0.00  0.00  0.00  0.00  0.00  0.00  0.00  0.00  0.00  0.00  0.00
 9966.25  0.00  0.00  0.00  0.00  0.00  0.00  0.00  0.00  0.00  0.00  0.00  0.00
 9967.25  0.00  0.00  0.00  0.00  0.00  0.00  0.00  0.00  0.00  0.00  0.00  0.00
 9968.25  0.00  0.00  0.00  0.00  0.00  0.00  0.00  0.00  0.00  0.00  0.00  0.00
 9969.25  0.00  0.00  0.00  0.00  0.00  0.00  0.00  0.00  0.00  0.00  0.00  0.00
 9970.25  0.00  0.00  0.00  0.00  0.00  0.00  0.00  0.00  0.00  0.00  0.00  0.00
 9971.25  0.00  0.00  0.00  0.00  0.00  0.00  0.00  0.00  0.00  0.00  0.00  0.00
 9972.25  0.00  0.00  0.00  0.00  0.00  0.00  0.00  0.00  0.00  0.00  0.00  0.00
 9973.25  0.00  0.00  0.00  0.00  0.00  0.00  0.00  0.00  0.00  0.00  0.00  0.00
 9974.25  0.00  0.00  0.00  0.00  0.00  0.00  0.00  0.00  0.00  0.00  0.00  0.00
 9975.25  0.00  0.00  0.00  0.00  0.00  0.00  0.00  0.00  0.00  0.00  0.00  0.00
 9976.25  0.00  0.00  0.00  0.00  0.00  0.00  0.00  0.00  0.00  0.00  0.00  0.00
 9977.25  0.00  0.00  0.00  0.00  0.00  0.00  0.00  0.00  0.00  0.00  0.00  0.00
 9978.25  0.00  0.00  0.00  0.00  0.00  0.00  0.00  0.00  0.00  0.00  0.00  0.00
 9979.25  0.00  0.00  0.00  0.00  0.00  0.00  0.00  0.00  0.00  0.00  0.00  0.00
 9980.25  0.00  0.00  0.00  0.00  0.00  0.00  0.00  0.00  0.00  0.00  0.00  0.00
 9981.25  0.00  0.00  0.00  0.00  0.00  0.00  0.00  0.00  0.00  0.00  0.00  0.00
 9982.25  0.00  0.00  0.00  0.00  0.00  0.00  0.00  0.00  0.00  0.00  0.00  0.00
 9983.25  0.00  0.00  0.00  0.00  0.00  0.00  0.00  0.00  0.00  0.00  0.00  0.00
 9984.25  0.00  0.00  0.00  0.00  0.00  0.00  0.00  0.00  0.00  0.00  0.00  0.00
 9985.25  0.00  0.00  0.00  0.00  0.00  0.00  0.00  0.00  0.00  0.00  0.00  0.00
 9986.25  0.00  0.00  0.00  0.00  0.00  0.00  0.00  0.00  0.00  0.00  0.00  0.00
 9987.25  0.00  0.00  0.00  0.00  0.00  0.00  0.00  0.00  0.00  0.00  0.00  0.00
 9988.25  0.00  0.00  0.00  0.00  0.00  0.00  0.00  0.00  0.00  0.00  0.00  0.00
 9989.25  0.00  0.00  0.00  0.00  0.00  0.00  0.00  0.00  0.00  0.00  0.00  0.00
 9990.25  0.00  0.00  0.00  0.00  0.00  0.00  0.00  0.00  0.00  0.00  0.00  0.00
 9991.25  0.00  0.00  0.00  0.00  0.00  0.00  0.00  0.00  0.00  0.00  0.00  0.00
 9992.25  0.00  0.00  0.00  0.00  0.00  0.00  0.00  0.00  0.00  0.00  0.00  0.00
 9993.25  0.00  0.00  0.00  0.00  0.00  0.00  0.00  0.00  0.00  0.00  0.00  0.00
 9994.25  0.00  0.00  0.00  0.00  0.00  0.00  0.00  0.00  0.00  0.00  0.00  0.00
 9995.25  0.00  0.00  0.00  0.00  0.00  0.00  0.00  0.00  0.00  0.00  0.00  0.00
 9996.25  0.00  0.00  0.00  0.00  0.00  0.00  0.00  0.00  0.00  0.00  0.00  0.00
 9997.25  0.00  0.00  0.00  0.00  0.00  0.00  0.00  0.00  0.00  0.00  0.00  0.00
 9998.25  0.00  0.00  0.00  0.00  0.00  0.00  0.00  0.00  0.00  0.00  0.00  0.00
 9999.25  0.00  0.00  0.00  0.00  0.00  0.00  0.00  0.00  0.00  0.00  0.00  0.00
