# Lyman-alpha forest S/N per Ang for mean quasar with mean forest
# INFILE= /Users/schlegel/desimodel/data/spectra/spec-lya.dat
# GMAG= 22.7500
# EXPTIME= 4000.00
#
# Wave SN(z=2.0) SN(z=2.25) SN(z=2.50) SN(z=2.75) SN(z=3.00) SN(z=3.25) SN(z=3.50) SN(z=3.75) SN(z=4.00) SN(z=4.25) SN(z=4.50) SN(z=4.75)
 3500.25  0.00  0.00  0.00  0.00  0.00  0.00  0.00  0.00  0.00  0.00  0.00  0.00
 3501.25  0.00  0.00  0.00  0.00  0.00  0.00  0.00  0.00  0.00  0.00  0.00  0.00
 3502.25  0.00  0.00  0.00  0.00  0.00  0.00  0.00  0.00  0.00  0.00  0.00  0.00
 3503.25  0.00  0.00  0.00  0.00  0.00  0.00  0.00  0.00  0.00  0.00  0.00  0.00
 3504.25  0.00  0.00  0.00  0.00  0.00  0.00  0.00  0.00  0.00  0.00  0.00  0.00
 3505.25  0.00  0.00  0.00  0.00  0.00  0.00  0.00  0.00  0.00  0.00  0.00  0.00
 3506.25  0.00  0.00  0.00  0.00  0.00  0.00  0.00  0.00  0.00  0.00  0.00  0.00
 3507.25  0.00  0.00  0.00  0.00  0.00  0.00  0.00  0.00  0.00  0.00  0.00  0.00
 3508.25  0.00  0.00  0.00  0.00  0.00  0.00  0.00  0.00  0.00  0.00  0.00  0.00
 3509.25  0.00  0.00  0.00  0.00  0.00  0.00  0.00  0.00  0.00  0.00  0.00  0.00
 3510.25  0.00  0.00  0.00  0.00  0.00  0.00  0.00  0.00  0.00  0.00  0.00  0.00
 3511.25  0.00  0.00  0.00  0.00  0.00  0.00  0.00  0.00  0.00  0.00  0.00  0.00
 3512.25  0.00  0.00  0.00  0.00  0.00  0.00  0.00  0.00  0.00  0.00  0.00  0.00
 3513.25  0.00  0.00  0.00  0.00  0.00  0.00  0.00  0.00  0.00  0.00  0.00  0.00
 3514.25  0.00  0.00  0.00  0.00  0.00  0.00  0.00  0.00  0.00  0.00  0.00  0.00
 3515.25  0.00  0.00  0.00  0.00  0.00  0.00  0.00  0.00  0.00  0.00  0.00  0.00
 3516.25  0.00  0.00  0.00  0.00  0.00  0.00  0.00  0.00  0.00  0.00  0.00  0.00
 3517.25  0.00  0.00  0.00  0.00  0.00  0.00  0.00  0.00  0.00  0.00  0.00  0.00
 3518.25  0.00  0.00  0.00  0.00  0.00  0.00  0.00  0.00  0.00  0.00  0.00  0.00
 3519.25  0.00  0.00  0.00  0.00  0.00  0.00  0.00  0.00  0.00  0.00  0.00  0.00
 3520.25  0.00  0.00  0.00  0.00  0.00  0.00  0.00  0.00  0.00  0.00  0.00  0.00
 3521.25  0.00  0.00  0.00  0.00  0.00  0.00  0.00  0.00  0.00  0.00  0.00  0.00
 3522.25  0.00  0.00  0.00  0.00  0.00  0.00  0.00  0.00  0.00  0.00  0.00  0.00
 3523.25  0.00  0.00  0.00  0.00  0.00  0.00  0.00  0.00  0.00  0.00  0.00  0.00
 3524.25  0.00  0.00  0.00  0.00  0.00  0.00  0.00  0.00  0.00  0.00  0.00  0.00
 3525.25  0.00  0.00  0.00  0.00  0.00  0.00  0.00  0.00  0.00  0.00  0.00  0.00
 3526.25  0.00  0.00  0.00  0.00  0.00  0.00  0.00  0.00  0.00  0.00  0.00  0.00
 3527.25  0.00  0.00  0.00  0.00  0.00  0.00  0.00  0.00  0.00  0.00  0.00  0.00
 3528.25  0.00  0.00  0.00  0.00  0.00  0.00  0.00  0.00  0.00  0.00  0.00  0.00
 3529.25  0.00  0.00  0.00  0.00  0.00  0.00  0.00  0.00  0.00  0.00  0.00  0.00
 3530.25  0.00  0.00  0.00  0.00  0.00  0.00  0.00  0.00  0.00  0.00  0.00  0.00
 3531.25  0.00  0.00  0.00  0.00  0.00  0.00  0.00  0.00  0.00  0.00  0.00  0.00
 3532.25  0.00  0.00  0.00  0.00  0.00  0.00  0.00  0.00  0.00  0.00  0.00  0.00
 3533.25  0.00  0.00  0.00  0.00  0.00  0.00  0.00  0.00  0.00  0.00  0.00  0.00
 3534.25  0.00  0.00  0.00  0.00  0.00  0.00  0.00  0.00  0.00  0.00  0.00  0.00
 3535.25  0.00  0.00  0.00  0.00  0.00  0.00  0.00  0.00  0.00  0.00  0.00  0.00
 3536.25  0.00  0.00  0.00  0.00  0.00  0.00  0.00  0.00  0.00  0.00  0.00  0.00
 3537.25  0.00  0.00  0.00  0.00  0.00  0.00  0.00  0.00  0.00  0.00  0.00  0.00
 3538.25  0.00  0.00  0.00  0.00  0.00  0.00  0.00  0.00  0.00  0.00  0.00  0.00
 3539.25  0.00  0.00  0.00  0.00  0.00  0.00  0.00  0.00  0.00  0.00  0.00  0.00
 3540.25  0.00  0.00  0.00  0.00  0.00  0.00  0.00  0.00  0.00  0.00  0.00  0.00
 3541.25  0.00  0.00  0.00  0.00  0.00  0.00  0.00  0.00  0.00  0.00  0.00  0.00
 3542.25  0.00  0.00  0.00  0.00  0.00  0.00  0.00  0.00  0.00  0.00  0.00  0.00
 3543.25  0.00  0.00  0.00  0.00  0.00  0.00  0.00  0.00  0.00  0.00  0.00  0.00
 3544.25  0.00  0.00  0.00  0.00  0.00  0.00  0.00  0.00  0.00  0.00  0.00  0.00
 3545.25  0.00  0.00  0.00  0.00  0.00  0.00  0.00  0.00  0.00  0.00  0.00  0.00
 3546.25  0.00  0.00  0.00  0.00  0.00  0.00  0.00  0.00  0.00  0.00  0.00  0.00
 3547.25  0.00  0.00  0.00  0.00  0.00  0.00  0.00  0.00  0.00  0.00  0.00  0.00
 3548.25  0.00  0.00  0.00  0.00  0.00  0.00  0.00  0.00  0.00  0.00  0.00  0.00
 3549.25  0.00  0.00  0.00  0.00  0.00  0.00  0.00  0.00  0.00  0.00  0.00  0.00
 3550.25  0.00  0.00  0.00  0.00  0.00  0.00  0.00  0.00  0.00  0.00  0.00  0.00
 3551.25  0.00  0.00  0.00  0.00  0.00  0.00  0.00  0.00  0.00  0.00  0.00  0.00
 3552.25  0.00  0.00  0.00  0.00  0.00  0.00  0.00  0.00  0.00  0.00  0.00  0.00
 3553.25  0.00  0.00  0.00  0.00  0.00  0.00  0.00  0.00  0.00  0.00  0.00  0.00
 3554.25  0.00  0.00  0.00  0.00  0.00  0.00  0.00  0.00  0.00  0.00  0.00  0.00
 3555.25  0.00  0.00  0.00  0.00  0.00  0.00  0.00  0.00  0.00  0.00  0.00  0.00
 3556.25  0.00  0.00  0.00  0.00  0.00  0.00  0.00  0.00  0.00  0.00  0.00  0.00
 3557.25  0.00  0.00  0.00  0.00  0.00  0.00  0.00  0.00  0.00  0.00  0.00  0.00
 3558.25  0.00  0.00  0.00  0.00  0.00  0.00  0.00  0.00  0.00  0.00  0.00  0.00
 3559.25  0.00  0.00  0.00  0.00  0.00  0.00  0.00  0.00  0.00  0.00  0.00  0.00
 3560.25  0.00  0.00  0.00  0.00  0.00  0.00  0.00  0.00  0.00  0.00  0.00  0.00
 3561.25  0.00  0.00  0.00  0.00  0.00  0.00  0.00  0.00  0.00  0.00  0.00  0.00
 3562.25  0.00  0.00  0.00  0.00  0.00  0.00  0.00  0.00  0.00  0.00  0.00  0.00
 3563.25  0.00  0.00  0.00  0.00  0.00  0.00  0.00  0.00  0.00  0.00  0.00  0.00
 3564.25  0.19  0.16  0.17  0.12  0.06  0.03  0.04  0.07  0.12  0.20  0.32  0.42
 3565.25  0.38  0.33  0.34  0.24  0.12  0.06  0.09  0.14  0.24  0.41  0.64  0.86
 3566.25  0.44  0.37  0.39  0.27  0.14  0.07  0.10  0.15  0.27  0.46  0.72  0.96
 3567.25  0.47  0.39  0.41  0.29  0.14  0.07  0.11  0.16  0.28  0.48  0.75  1.00
 3568.25  0.46  0.37  0.39  0.27  0.14  0.07  0.10  0.15  0.27  0.46  0.72  0.96
 3569.25  0.46  0.36  0.38  0.27  0.13  0.07  0.10  0.15  0.26  0.45  0.70  0.94
 3570.25  0.47  0.36  0.39  0.27  0.14  0.07  0.10  0.15  0.26  0.45  0.70  0.94
 3571.25  0.52  0.39  0.42  0.29  0.15  0.07  0.11  0.16  0.28  0.48  0.75  1.01
 3572.25  0.57  0.43  0.46  0.31  0.16  0.08  0.12  0.17  0.30  0.52  0.81  1.09
 3573.25  0.55  0.40  0.43  0.29  0.15  0.08  0.11  0.16  0.28  0.49  0.77  1.03
 3574.25  0.56  0.40  0.43  0.29  0.15  0.08  0.11  0.16  0.28  0.49  0.76  1.02
 3575.25  0.58  0.41  0.44  0.30  0.15  0.08  0.11  0.17  0.28  0.49  0.77  1.04
 3576.25  0.57  0.40  0.44  0.29  0.15  0.08  0.11  0.16  0.28  0.48  0.75  1.01
 3577.25  0.59  0.40  0.44  0.29  0.15  0.08  0.11  0.16  0.28  0.49  0.76  1.03
 3578.25  0.60  0.40  0.45  0.29  0.15  0.08  0.11  0.16  0.28  0.49  0.76  1.03
 3579.25  0.61  0.40  0.45  0.29  0.15  0.08  0.11  0.16  0.28  0.49  0.76  1.02
 3580.25  0.63  0.41  0.46  0.30  0.16  0.08  0.11  0.16  0.28  0.49  0.78  1.04
 3581.25  0.68  0.43  0.49  0.31  0.17  0.08  0.12  0.17  0.30  0.52  0.81  1.09
 3582.25  0.69  0.43  0.49  0.31  0.17  0.08  0.12  0.17  0.29  0.52  0.81  1.09
 3583.25  0.66  0.41  0.47  0.30  0.16  0.08  0.11  0.16  0.28  0.49  0.77  1.04
 3584.25  0.67  0.41  0.47  0.30  0.16  0.08  0.11  0.16  0.28  0.49  0.77  1.03
 3585.25  0.73  0.44  0.51  0.32  0.17  0.09  0.12  0.18  0.30  0.53  0.83  1.11
 3586.25  0.80  0.48  0.55  0.35  0.19  0.09  0.13  0.19  0.32  0.57  0.89  1.20
 3587.25  0.85  0.50  0.57  0.36  0.20  0.10  0.13  0.20  0.33  0.59  0.92  1.24
 3588.25  0.85  0.49  0.57  0.36  0.20  0.10  0.13  0.19  0.33  0.58  0.91  1.23
 3589.25  0.82  0.47  0.55  0.34  0.19  0.09  0.13  0.18  0.31  0.55  0.87  1.17
 3590.25  0.81  0.46  0.53  0.33  0.18  0.09  0.12  0.18  0.30  0.54  0.84  1.14
 3591.25  0.81  0.45  0.53  0.32  0.18  0.09  0.12  0.17  0.30  0.53  0.83  1.12
 3592.25  0.80  0.44  0.52  0.32  0.18  0.09  0.12  0.17  0.29  0.52  0.81  1.10
 3593.25  0.82  0.44  0.53  0.32  0.18  0.09  0.12  0.17  0.29  0.52  0.82  1.11
 3594.25  0.86  0.46  0.55  0.33  0.18  0.09  0.12  0.18  0.30  0.54  0.85  1.14
 3595.25  0.86  0.45  0.54  0.33  0.18  0.09  0.12  0.18  0.30  0.53  0.84  1.13
 3596.25  0.84  0.44  0.53  0.31  0.18  0.09  0.12  0.17  0.29  0.51  0.81  1.09
 3597.25  0.83  0.43  0.52  0.31  0.17  0.09  0.11  0.16  0.28  0.50  0.78  1.06
 3598.25  0.83  0.42  0.51  0.30  0.17  0.08  0.11  0.16  0.27  0.49  0.77  1.04
 3599.25  0.87  0.44  0.53  0.31  0.18  0.09  0.12  0.17  0.28  0.51  0.80  1.09
 3600.25  0.93  0.46  0.57  0.33  0.19  0.09  0.12  0.18  0.30  0.53  0.85  1.15
 3601.25  0.95  0.47  0.58  0.33  0.19  0.10  0.12  0.18  0.30  0.54  0.85  1.16
 3602.25  0.95  0.47  0.57  0.33  0.19  0.09  0.12  0.18  0.30  0.53  0.85  1.15
 3603.25  0.97  0.47  0.58  0.33  0.19  0.10  0.12  0.18  0.30  0.54  0.85  1.16
 3604.25  0.99  0.47  0.59  0.34  0.20  0.10  0.12  0.18  0.30  0.54  0.85  1.16
 3605.25  1.01  0.48  0.60  0.34  0.20  0.10  0.13  0.18  0.30  0.55  0.86  1.17
 3606.25  1.05  0.49  0.61  0.35  0.20  0.10  0.13  0.18  0.31  0.56  0.88  1.20
 3607.25  1.06  0.49  0.62  0.35  0.21  0.10  0.13  0.18  0.31  0.56  0.87  1.20
 3608.25  1.07  0.49  0.62  0.35  0.21  0.10  0.13  0.18  0.31  0.56  0.87  1.20
 3609.25  1.11  0.51  0.64  0.36  0.21  0.10  0.13  0.19  0.32  0.57  0.89  1.23
 3610.25  1.16  0.52  0.66  0.37  0.22  0.11  0.14  0.19  0.33  0.59  0.91  1.27
 3611.25  1.17  0.52  0.66  0.37  0.22  0.11  0.14  0.19  0.32  0.59  0.91  1.26
 3612.25  1.17  0.52  0.66  0.36  0.22  0.11  0.13  0.19  0.32  0.58  0.89  1.25
 3613.25  1.18  0.52  0.67  0.37  0.22  0.11  0.13  0.19  0.32  0.58  0.89  1.25
 3614.25  1.24  0.54  0.69  0.38  0.23  0.11  0.14  0.20  0.33  0.60  0.92  1.29
 3615.25  1.27  0.55  0.71  0.38  0.23  0.11  0.14  0.20  0.33  0.61  0.93  1.31
 3616.25  1.18  0.50  0.65  0.35  0.21  0.10  0.13  0.18  0.30  0.55  0.85  1.20
 3617.25  1.12  0.46  0.60  0.32  0.20  0.10  0.12  0.17  0.28  0.51  0.78  1.12
 3618.25  1.16  0.47  0.61  0.33  0.20  0.10  0.12  0.17  0.28  0.52  0.79  1.13
 3619.25  1.24  0.49  0.65  0.35  0.21  0.10  0.13  0.18  0.30  0.54  0.83  1.19
 3620.25  1.30  0.51  0.67  0.36  0.22  0.11  0.13  0.19  0.31  0.56  0.85  1.23
 3621.25  1.32  0.51  0.67  0.36  0.22  0.11  0.13  0.18  0.31  0.56  0.85  1.22
 3622.25  1.33  0.50  0.67  0.36  0.22  0.11  0.13  0.18  0.30  0.55  0.84  1.21
 3623.25  1.33  0.49  0.65  0.35  0.21  0.10  0.13  0.18  0.29  0.54  0.81  1.18
 3624.25  1.33  0.49  0.64  0.35  0.21  0.10  0.12  0.17  0.29  0.53  0.80  1.17
 3625.25  1.37  0.49  0.65  0.35  0.22  0.10  0.13  0.18  0.29  0.54  0.81  1.18
 3626.25  1.39  0.49  0.64  0.35  0.22  0.10  0.13  0.18  0.29  0.54  0.80  1.18
 3627.25  1.39  0.48  0.63  0.35  0.21  0.10  0.12  0.17  0.28  0.53  0.79  1.16
 3628.25  1.42  0.49  0.63  0.35  0.22  0.10  0.12  0.17  0.28  0.53  0.79  1.17
 3629.25  1.48  0.50  0.64  0.37  0.22  0.11  0.13  0.18  0.29  0.54  0.80  1.20
 3630.25  1.50  0.50  0.64  0.37  0.22  0.11  0.13  0.18  0.29  0.54  0.80  1.20
 3631.25  1.50  0.49  0.63  0.36  0.22  0.11  0.13  0.17  0.28  0.53  0.79  1.18
 3632.25  1.55  0.50  0.63  0.37  0.23  0.11  0.13  0.18  0.29  0.54  0.80  1.20
 3633.25  1.58  0.50  0.63  0.37  0.23  0.11  0.13  0.18  0.29  0.54  0.79  1.20
 3634.25  1.55  0.48  0.61  0.36  0.22  0.10  0.12  0.17  0.28  0.52  0.76  1.16
 3635.25  1.51  0.47  0.58  0.35  0.21  0.10  0.12  0.16  0.27  0.50  0.73  1.12
 3636.25  1.50  0.45  0.56  0.34  0.21  0.10  0.12  0.16  0.26  0.49  0.71  1.09
 3637.25  1.52  0.46  0.56  0.34  0.21  0.10  0.12  0.16  0.26  0.49  0.71  1.09
 3638.25  1.62  0.48  0.59  0.37  0.22  0.10  0.12  0.17  0.27  0.52  0.75  1.15
 3639.25  1.66  0.49  0.59  0.37  0.23  0.11  0.12  0.17  0.27  0.52  0.75  1.16
 3640.25  1.74  0.50  0.61  0.39  0.23  0.11  0.13  0.18  0.28  0.54  0.78  1.20
 3641.25  1.76  0.50  0.61  0.39  0.24  0.11  0.13  0.18  0.28  0.54  0.77  1.20
 3642.25  1.72  0.48  0.58  0.37  0.23  0.11  0.12  0.17  0.27  0.52  0.74  1.16
 3643.25  1.74  0.48  0.58  0.37  0.23  0.11  0.12  0.17  0.27  0.52  0.73  1.15
 3644.25  1.81  0.50  0.59  0.39  0.24  0.11  0.13  0.17  0.28  0.53  0.76  1.19
 3645.25  1.90  0.53  0.62  0.41  0.25  0.12  0.14  0.18  0.29  0.56  0.79  1.25
 3646.25  1.94  0.53  0.62  0.41  0.25  0.12  0.14  0.18  0.29  0.56  0.79  1.25
 3647.25  2.06  0.52  0.61  0.41  0.25  0.12  0.14  0.18  0.29  0.56  0.78  1.25
 3648.25  2.22  0.55  0.64  0.43  0.26  0.12  0.14  0.19  0.30  0.58  0.81  1.30
 3649.25  2.19  0.54  0.63  0.43  0.26  0.12  0.14  0.19  0.30  0.58  0.80  1.29
 3650.25  2.10  0.53  0.61  0.42  0.25  0.12  0.14  0.18  0.29  0.56  0.78  1.25
 3651.25  2.11  0.54  0.62  0.43  0.26  0.12  0.14  0.18  0.29  0.57  0.79  1.28
 3652.25  2.11  0.55  0.62  0.44  0.27  0.12  0.14  0.19  0.30  0.58  0.80  1.30
 3653.25  2.11  0.56  0.63  0.45  0.27  0.13  0.14  0.19  0.30  0.59  0.81  1.32
 3654.25  2.04  0.55  0.62  0.45  0.27  0.12  0.14  0.19  0.29  0.58  0.80  1.30
 3655.25  1.95  0.53  0.59  0.43  0.26  0.12  0.14  0.18  0.28  0.56  0.77  1.26
 3656.25  1.91  0.53  0.59  0.43  0.26  0.12  0.14  0.18  0.28  0.56  0.76  1.25
 3657.25  1.86  0.52  0.58  0.43  0.26  0.12  0.14  0.18  0.28  0.55  0.75  1.24
 3658.25  1.81  0.52  0.57  0.42  0.26  0.12  0.13  0.17  0.27  0.54  0.74  1.23
 3659.25  1.76  0.51  0.57  0.42  0.26  0.12  0.13  0.17  0.27  0.54  0.74  1.22
 3660.25  1.75  0.52  0.57  0.43  0.26  0.12  0.14  0.17  0.27  0.54  0.75  1.23
 3661.25  1.75  0.53  0.58  0.44  0.27  0.12  0.14  0.18  0.28  0.56  0.76  1.25
 3662.25  1.72  0.53  0.59  0.44  0.27  0.12  0.14  0.18  0.28  0.56  0.77  1.26
 3663.25  1.65  0.52  0.57  0.43  0.27  0.12  0.14  0.17  0.27  0.55  0.75  1.23
 3664.25  1.62  0.52  0.57  0.43  0.27  0.12  0.14  0.17  0.27  0.54  0.75  1.23
 3665.25  1.61  0.53  0.58  0.44  0.27  0.12  0.14  0.18  0.27  0.55  0.76  1.25
 3666.25  1.58  0.53  0.58  0.44  0.28  0.12  0.14  0.18  0.27  0.56  0.77  1.25
 3667.25  1.59  0.55  0.60  0.45  0.29  0.13  0.15  0.18  0.28  0.57  0.79  1.29
 3668.25  1.61  0.56  0.62  0.47  0.30  0.13  0.15  0.19  0.29  0.59  0.82  1.33
 3669.25  1.57  0.56  0.62  0.47  0.30  0.13  0.15  0.19  0.29  0.59  0.82  1.33
 3670.25  1.52  0.55  0.61  0.47  0.30  0.13  0.15  0.18  0.29  0.58  0.81  1.32
 3671.25  1.48  0.55  0.61  0.47  0.30  0.13  0.15  0.18  0.29  0.58  0.81  1.32
 3672.25  1.45  0.56  0.61  0.47  0.30  0.13  0.15  0.18  0.29  0.58  0.82  1.32
 3673.25  1.44  0.57  0.62  0.48  0.31  0.14  0.15  0.19  0.29  0.60  0.83  1.34
 3674.25  1.43  0.58  0.63  0.49  0.31  0.14  0.16  0.19  0.29  0.61  0.85  1.37
 3675.25  1.42  0.58  0.64  0.49  0.32  0.14  0.16  0.19  0.30  0.61  0.86  1.38
 3676.25  1.41  0.58  0.63  0.49  0.32  0.14  0.16  0.19  0.30  0.61  0.86  1.38
 3677.25  1.38  0.57  0.62  0.48  0.32  0.14  0.15  0.19  0.29  0.60  0.85  1.36
 3678.25  1.40  0.58  0.64  0.50  0.32  0.14  0.16  0.19  0.30  0.61  0.87  1.38
 3679.25  1.40  0.58  0.64  0.50  0.33  0.14  0.16  0.19  0.30  0.62  0.87  1.39
 3680.25  1.42  0.60  0.65  0.51  0.33  0.15  0.16  0.20  0.30  0.63  0.89  1.41
 3681.25  1.47  0.62  0.67  0.53  0.35  0.15  0.17  0.20  0.32  0.65  0.92  1.46
 3682.25  1.44  0.61  0.66  0.52  0.34  0.15  0.17  0.20  0.31  0.64  0.91  1.44
 3683.25  1.41  0.59  0.64  0.51  0.34  0.15  0.16  0.20  0.30  0.62  0.89  1.41
 3684.25  1.35  0.57  0.62  0.49  0.33  0.14  0.16  0.19  0.29  0.60  0.86  1.36
 3685.25  1.37  0.58  0.63  0.50  0.33  0.15  0.16  0.19  0.30  0.61  0.87  1.38
 3686.25  1.46  0.62  0.67  0.53  0.36  0.16  0.17  0.21  0.32  0.65  0.93  1.47
 3687.25  1.50  0.64  0.69  0.55  0.37  0.16  0.18  0.21  0.33  0.67  0.96  1.51
 3688.25  1.47  0.63  0.68  0.55  0.37  0.16  0.17  0.21  0.32  0.66  0.95  1.50
 3689.25  1.44  0.62  0.67  0.54  0.36  0.16  0.17  0.21  0.32  0.65  0.93  1.47
 3690.25  1.43  0.61  0.66  0.53  0.36  0.16  0.17  0.20  0.31  0.65  0.93  1.46
 3691.25  1.40  0.60  0.65  0.53  0.36  0.16  0.17  0.20  0.31  0.64  0.92  1.44
 3692.25  1.40  0.61  0.65  0.53  0.36  0.16  0.17  0.20  0.31  0.64  0.92  1.44
 3693.25  1.42  0.62  0.66  0.54  0.37  0.16  0.17  0.21  0.32  0.65  0.94  1.47
 3694.25  1.42  0.62  0.66  0.54  0.37  0.16  0.17  0.21  0.32  0.65  0.94  1.47
 3695.25  1.40  0.61  0.66  0.53  0.37  0.16  0.17  0.20  0.31  0.64  0.93  1.45
 3696.25  1.41  0.62  0.67  0.54  0.37  0.17  0.17  0.21  0.32  0.65  0.94  1.47
 3697.25  1.41  0.62  0.67  0.54  0.38  0.17  0.17  0.21  0.32  0.65  0.95  1.47
 3698.25  1.34  0.59  0.63  0.51  0.36  0.16  0.16  0.20  0.30  0.62  0.90  1.40
 3699.25  1.25  0.55  0.59  0.48  0.34  0.15  0.15  0.18  0.28  0.57  0.84  1.31
 3700.25  1.22  0.54  0.58  0.47  0.33  0.15  0.15  0.18  0.27  0.57  0.83  1.29
 3701.25  1.23  0.55  0.59  0.48  0.34  0.15  0.15  0.18  0.28  0.57  0.84  1.30
 3702.25  1.24  0.55  0.60  0.48  0.34  0.15  0.15  0.18  0.28  0.58  0.85  1.32
 3703.25  1.25  0.56  0.61  0.49  0.35  0.15  0.16  0.19  0.28  0.58  0.86  1.33
 3704.25  1.25  0.56  0.61  0.49  0.35  0.15  0.16  0.19  0.28  0.58  0.86  1.33
 3705.25  1.26  0.57  0.61  0.49  0.35  0.16  0.16  0.19  0.29  0.59  0.87  1.34
 3706.25  1.27  0.58  0.63  0.50  0.36  0.16  0.16  0.19  0.29  0.60  0.89  1.37
 3707.25  1.31  0.59  0.65  0.52  0.37  0.17  0.17  0.20  0.30  0.61  0.92  1.41
 3708.25  1.31  0.60  0.65  0.52  0.38  0.17  0.17  0.20  0.30  0.62  0.92  1.41
 3709.25  1.33  0.61  0.67  0.53  0.39  0.17  0.17  0.20  0.31  0.63  0.95  1.44
 3710.25  1.34  0.62  0.68  0.54  0.39  0.18  0.17  0.21  0.31  0.63  0.96  1.46
 3711.25  1.29  0.60  0.65  0.52  0.38  0.17  0.17  0.20  0.30  0.61  0.93  1.41
 3712.25  1.26  0.58  0.64  0.51  0.37  0.17  0.16  0.20  0.29  0.60  0.91  1.39
 3713.25  1.23  0.57  0.63  0.50  0.37  0.16  0.16  0.19  0.29  0.58  0.89  1.36
 3714.25  1.20  0.56  0.61  0.49  0.36  0.16  0.16  0.19  0.28  0.57  0.87  1.33
 3715.25  1.24  0.58  0.64  0.50  0.37  0.17  0.16  0.19  0.29  0.59  0.90  1.38
 3716.25  1.29  0.61  0.67  0.53  0.40  0.18  0.17  0.21  0.31  0.62  0.95  1.45
 3717.25  1.33  0.63  0.69  0.55  0.41  0.18  0.18  0.21  0.32  0.64  0.98  1.49
 3718.25  1.33  0.63  0.70  0.55  0.41  0.19  0.18  0.21  0.32  0.64  0.98  1.50
 3719.25  1.32  0.64  0.70  0.55  0.41  0.19  0.18  0.21  0.32  0.64  0.99  1.50
 3720.25  1.36  0.65  0.72  0.57  0.43  0.19  0.18  0.22  0.33  0.66  1.02  1.55
 3721.25  1.38  0.67  0.74  0.58  0.44  0.20  0.19  0.23  0.34  0.67  1.04  1.58
 3722.25  1.41  0.69  0.76  0.60  0.45  0.20  0.19  0.23  0.34  0.69  1.07  1.62
 3723.25  1.36  0.67  0.74  0.58  0.44  0.20  0.19  0.22  0.33  0.66  1.03  1.57
 3724.25  1.32  0.65  0.72  0.56  0.43  0.20  0.18  0.22  0.33  0.65  1.01  1.54
 3725.25  1.35  0.67  0.74  0.58  0.44  0.20  0.19  0.22  0.33  0.66  1.04  1.57
 3726.25  1.25  0.62  0.69  0.54  0.41  0.19  0.18  0.21  0.31  0.61  0.97  1.47
 3727.25  1.18  0.59  0.65  0.51  0.39  0.18  0.16  0.20  0.29  0.58  0.91  1.39
 3728.25  1.26  0.63  0.70  0.54  0.42  0.19  0.18  0.21  0.31  0.62  0.98  1.49
 3729.25  1.23  0.62  0.69  0.53  0.41  0.19  0.17  0.21  0.31  0.61  0.96  1.47
 3730.25  1.17  0.59  0.65  0.51  0.39  0.18  0.17  0.20  0.29  0.58  0.92  1.40
 3731.25  1.21  0.62  0.68  0.53  0.41  0.19  0.17  0.20  0.30  0.60  0.95  1.45
 3732.25  1.19  0.61  0.67  0.52  0.41  0.19  0.17  0.20  0.30  0.59  0.94  1.44
 3733.25  1.22  0.63  0.69  0.54  0.42  0.19  0.18  0.21  0.31  0.61  0.97  1.48
 3734.25  1.32  0.69  0.76  0.59  0.46  0.21  0.19  0.23  0.34  0.66  1.06  1.61
 3735.25  1.41  0.74  0.81  0.63  0.50  0.23  0.21  0.25  0.36  0.71  1.14  1.73
 3736.25  1.46  0.78  0.85  0.66  0.52  0.24  0.22  0.26  0.38  0.74  1.19  1.80
 3737.25  1.41  0.75  0.83  0.64  0.51  0.24  0.21  0.25  0.37  0.72  1.16  1.75
 3738.25  1.29  0.69  0.76  0.59  0.47  0.22  0.19  0.23  0.34  0.66  1.07  1.62
 3739.25  1.19  0.64  0.70  0.54  0.44  0.20  0.18  0.21  0.31  0.61  0.99  1.51
 3740.25  1.18  0.64  0.70  0.54  0.43  0.20  0.18  0.21  0.31  0.60  0.98  1.50
 3741.25  1.21  0.67  0.73  0.56  0.45  0.21  0.19  0.22  0.32  0.63  1.02  1.56
 3742.25  1.23  0.68  0.74  0.57  0.46  0.22  0.19  0.22  0.33  0.64  1.04  1.58
 3743.25  1.26  0.70  0.76  0.59  0.48  0.22  0.20  0.23  0.34  0.65  1.07  1.63
 3744.25  1.25  0.70  0.76  0.59  0.48  0.22  0.20  0.23  0.34  0.65  1.07  1.63
 3745.25  1.22  0.69  0.75  0.58  0.47  0.22  0.19  0.22  0.34  0.64  1.06  1.61
 3746.25  1.23  0.70  0.77  0.59  0.48  0.23  0.20  0.23  0.34  0.65  1.08  1.64
 3747.25  1.18  0.68  0.74  0.57  0.46  0.22  0.19  0.22  0.33  0.63  1.04  1.58
 3748.25  1.23  0.72  0.78  0.60  0.49  0.23  0.20  0.23  0.35  0.66  1.09  1.66
 3749.25  1.35  0.80  0.86  0.66  0.55  0.26  0.22  0.26  0.38  0.73  1.21  1.83
 3750.25  1.32  0.78  0.85  0.65  0.54  0.26  0.22  0.25  0.38  0.71  1.19  1.80
 3751.25  1.22  0.72  0.78  0.60  0.50  0.24  0.20  0.23  0.35  0.66  1.11  1.67
 3752.25  1.25  0.75  0.81  0.62  0.51  0.25  0.21  0.24  0.36  0.68  1.14  1.73
 3753.25  1.31  0.80  0.86  0.66  0.55  0.26  0.22  0.25  0.38  0.72  1.21  1.83
 3754.25  1.25  0.77  0.83  0.63  0.53  0.25  0.21  0.24  0.37  0.69  1.17  1.77
 3755.25  1.11  0.68  0.73  0.56  0.47  0.23  0.19  0.21  0.32  0.61  1.04  1.58
 3756.25  1.06  0.66  0.71  0.54  0.45  0.22  0.18  0.21  0.31  0.59  1.01  1.53
 3757.25  1.14  0.71  0.77  0.58  0.49  0.24  0.20  0.22  0.34  0.64  1.08  1.64
 3758.25  1.22  0.78  0.83  0.64  0.53  0.26  0.22  0.24  0.37  0.69  1.18  1.78
 3759.25  1.23  0.79  0.85  0.65  0.54  0.27  0.22  0.25  0.37  0.70  1.20  1.81
 3760.25  1.16  0.75  0.80  0.61  0.52  0.25  0.21  0.23  0.35  0.66  1.13  1.72
 3761.25  1.13  0.74  0.79  0.60  0.51  0.25  0.20  0.23  0.35  0.65  1.11  1.69
 3762.25  1.16  0.77  0.82  0.62  0.53  0.26  0.21  0.24  0.36  0.67  1.15  1.74
 3763.25  1.17  0.79  0.83  0.63  0.54  0.26  0.22  0.24  0.37  0.69  1.18  1.78
 3764.25  1.15  0.78  0.82  0.63  0.53  0.26  0.21  0.24  0.36  0.68  1.17  1.77
 3765.25  1.12  0.77  0.81  0.61  0.52  0.26  0.21  0.23  0.36  0.66  1.14  1.73
 3766.25  1.12  0.77  0.81  0.61  0.53  0.26  0.21  0.23  0.36  0.67  1.15  1.74
 3767.25  1.15  0.79  0.83  0.63  0.54  0.27  0.22  0.24  0.37  0.68  1.18  1.78
 3768.25  1.18  0.82  0.86  0.65  0.56  0.28  0.23  0.25  0.38  0.71  1.22  1.83
 3769.25  1.20  0.84  0.87  0.66  0.57  0.29  0.23  0.25  0.39  0.72  1.24  1.85
 3770.25  1.21  0.85  0.88  0.67  0.58  0.29  0.23  0.26  0.39  0.73  1.26  1.88
 3771.25  1.19  0.84  0.86  0.66  0.57  0.29  0.23  0.25  0.38  0.71  1.23  1.83
 3772.25  1.08  0.76  0.78  0.60  0.52  0.26  0.21  0.23  0.35  0.64  1.12  1.67
 3773.25  0.97  0.69  0.70  0.54  0.47  0.24  0.19  0.20  0.31  0.58  1.01  1.51
 3774.25  0.93  0.66  0.68  0.52  0.45  0.23  0.18  0.19  0.30  0.55  0.97  1.45
 3775.25  0.92  0.66  0.67  0.52  0.45  0.23  0.18  0.19  0.30  0.55  0.97  1.44
 3776.25  0.91  0.66  0.67  0.52  0.45  0.23  0.18  0.19  0.29  0.55  0.96  1.43
 3777.25  0.94  0.68  0.69  0.54  0.46  0.24  0.18  0.20  0.30  0.57  0.99  1.47
 3778.25  0.94  0.69  0.69  0.54  0.46  0.24  0.18  0.20  0.31  0.57  1.00  1.47
 3779.25  0.95  0.70  0.70  0.55  0.47  0.24  0.19  0.20  0.31  0.58  1.01  1.49
 3780.25  1.00  0.74  0.74  0.58  0.50  0.26  0.20  0.21  0.33  0.61  1.07  1.56
 3781.25  1.01  0.75  0.75  0.59  0.50  0.26  0.20  0.22  0.33  0.61  1.07  1.57
 3782.25  1.00  0.74  0.74  0.59  0.50  0.26  0.20  0.21  0.33  0.61  1.07  1.56
 3783.25  1.01  0.75  0.75  0.59  0.51  0.26  0.20  0.22  0.33  0.61  1.08  1.57
 3784.25  0.92  0.69  0.68  0.55  0.46  0.24  0.18  0.20  0.30  0.56  0.99  1.44
 3785.25  0.88  0.66  0.65  0.52  0.44  0.23  0.18  0.19  0.29  0.53  0.95  1.37
 3786.25  0.95  0.72  0.71  0.57  0.48  0.25  0.19  0.21  0.31  0.58  1.02  1.48
 3787.25  1.05  0.80  0.79  0.63  0.54  0.28  0.21  0.23  0.35  0.64  1.14  1.64
 3788.25  1.12  0.86  0.84  0.68  0.57  0.31  0.23  0.25  0.37  0.69  1.21  1.74
 3789.25  1.15  0.89  0.87  0.70  0.59  0.32  0.24  0.26  0.39  0.71  1.25  1.79
 3790.25  1.11  0.87  0.84  0.69  0.58  0.31  0.23  0.25  0.38  0.69  1.22  1.74
 3791.25  1.04  0.82  0.79  0.64  0.54  0.29  0.22  0.23  0.35  0.64  1.14  1.63
 3792.25  1.01  0.80  0.77  0.63  0.53  0.28  0.21  0.23  0.34  0.63  1.11  1.58
 3793.25  1.01  0.81  0.77  0.63  0.53  0.29  0.21  0.23  0.34  0.63  1.12  1.58
 3794.25  1.03  0.83  0.79  0.65  0.54  0.29  0.22  0.23  0.35  0.64  1.14  1.61
 3795.25  1.02  0.83  0.78  0.65  0.54  0.29  0.22  0.23  0.35  0.64  1.14  1.61
 3796.25  1.01  0.83  0.78  0.64  0.53  0.29  0.21  0.23  0.35  0.63  1.13  1.59
 3797.25  1.04  0.86  0.80  0.67  0.55  0.30  0.22  0.24  0.36  0.65  1.17  1.64
 3798.25  1.12  0.93  0.86  0.72  0.60  0.33  0.24  0.26  0.39  0.70  1.25  1.75
 3799.25  1.20  1.00  0.93  0.78  0.64  0.36  0.26  0.28  0.42  0.76  1.34  1.87
 3800.25  1.21  1.02  0.94  0.79  0.65  0.37  0.26  0.28  0.42  0.77  1.37  1.89
 3801.25  1.13  0.95  0.87  0.74  0.61  0.34  0.25  0.26  0.39  0.71  1.27  1.76
 3802.25  1.07  0.91  0.83  0.70  0.58  0.33  0.23  0.25  0.37  0.68  1.21  1.68
 3803.25  1.03  0.88  0.80  0.68  0.55  0.31  0.22  0.24  0.36  0.65  1.17  1.61
 3804.25  0.93  0.80  0.72  0.62  0.50  0.28  0.20  0.22  0.32  0.59  1.06  1.47
 3805.25  0.93  0.80  0.72  0.62  0.50  0.29  0.21  0.22  0.32  0.59  1.06  1.46
 3806.25  0.99  0.86  0.77  0.66  0.54  0.31  0.22  0.23  0.35  0.63  1.13  1.55
 3807.25  1.04  0.91  0.82  0.71  0.57  0.33  0.23  0.25  0.37  0.66  1.20  1.64
 3808.25  1.06  0.94  0.84  0.73  0.59  0.34  0.24  0.25  0.38  0.68  1.23  1.67
 3809.25  1.04  0.92  0.82  0.72  0.57  0.33  0.24  0.25  0.37  0.66  1.20  1.63
 3810.25  0.99  0.89  0.78  0.70  0.55  0.32  0.23  0.24  0.35  0.63  1.15  1.56
 3811.25  0.99  0.89  0.78  0.70  0.55  0.32  0.23  0.24  0.35  0.63  1.15  1.56
 3812.25  1.04  0.94  0.82  0.74  0.58  0.34  0.24  0.25  0.37  0.66  1.21  1.63
 3813.25  1.00  0.92  0.79  0.72  0.56  0.33  0.23  0.24  0.36  0.64  1.18  1.58
 3814.25  0.92  0.84  0.73  0.67  0.51  0.31  0.22  0.22  0.33  0.59  1.08  1.45
 3815.25  0.91  0.84  0.72  0.67  0.51  0.31  0.22  0.22  0.33  0.58  1.08  1.44
 3816.25  0.95  0.88  0.75  0.71  0.53  0.32  0.23  0.23  0.34  0.61  1.12  1.50
 3817.25  0.97  0.91  0.77  0.73  0.55  0.33  0.23  0.24  0.35  0.62  1.15  1.53
 3818.25  0.93  0.88  0.74  0.70  0.53  0.32  0.22  0.23  0.34  0.60  1.10  1.46
 3819.25  0.88  0.83  0.70  0.67  0.50  0.30  0.21  0.22  0.32  0.56  1.05  1.39
 3820.25  0.90  0.86  0.72  0.70  0.51  0.31  0.22  0.22  0.33  0.58  1.08  1.42
 3821.25  0.98  0.94  0.79  0.77  0.56  0.35  0.24  0.25  0.36  0.63  1.18  1.54
 3822.25  1.00  0.97  0.81  0.79  0.58  0.36  0.25  0.25  0.37  0.65  1.21  1.58
 3823.25  1.02  0.99  0.83  0.82  0.59  0.37  0.26  0.26  0.38  0.66  1.24  1.61
 3824.25  1.05  1.03  0.85  0.85  0.61  0.38  0.27  0.27  0.39  0.68  1.28  1.66
 3825.25  1.08  1.06  0.87  0.88  0.63  0.39  0.28  0.28  0.40  0.70  1.31  1.71
 3826.25  1.10  1.09  0.89  0.90  0.65  0.40  0.28  0.28  0.41  0.72  1.34  1.75
 3827.25  1.08  1.07  0.88  0.90  0.64  0.40  0.28  0.28  0.40  0.70  1.32  1.72
 3828.25  1.06  1.05  0.86  0.88  0.63  0.39  0.27  0.27  0.39  0.69  1.29  1.69
 3829.25  0.97  0.97  0.79  0.82  0.58  0.36  0.25  0.25  0.36  0.63  1.19  1.56
 3830.25  0.89  0.89  0.72  0.75  0.53  0.33  0.23  0.23  0.33  0.57  1.09  1.44
 3831.25  0.85  0.85  0.69  0.72  0.50  0.32  0.22  0.22  0.31  0.55  1.04  1.38
 3832.25  0.86  0.87  0.70  0.74  0.51  0.33  0.23  0.22  0.32  0.55  1.06  1.40
 3833.25  0.90  0.91  0.73  0.78  0.54  0.34  0.24  0.23  0.33  0.58  1.10  1.46
 3834.25  0.90  0.92  0.73  0.79  0.54  0.35  0.24  0.24  0.33  0.58  1.11  1.47
 3835.25  0.88  0.89  0.71  0.77  0.52  0.34  0.23  0.23  0.32  0.56  1.08  1.43
 3836.25  0.88  0.90  0.72  0.78  0.53  0.34  0.23  0.23  0.32  0.56  1.08  1.44
 3837.25  0.94  0.96  0.76  0.83  0.56  0.36  0.25  0.25  0.35  0.60  1.15  1.53
 3838.25  0.94  0.96  0.77  0.84  0.57  0.37  0.25  0.25  0.35  0.60  1.15  1.54
 3839.25  0.98  1.01  0.80  0.89  0.59  0.39  0.27  0.26  0.36  0.63  1.20  1.61
 3840.25  1.06  1.09  0.86  0.96  0.64  0.42  0.29  0.28  0.39  0.67  1.30  1.73
 3841.25  1.04  1.08  0.85  0.95  0.63  0.41  0.29  0.28  0.38  0.66  1.28  1.71
 3842.25  0.95  0.99  0.78  0.87  0.58  0.38  0.26  0.25  0.35  0.60  1.17  1.57
 3843.25  0.95  0.99  0.78  0.88  0.58  0.38  0.26  0.25  0.35  0.60  1.17  1.57
 3844.25  1.00  1.04  0.82  0.93  0.61  0.40  0.28  0.27  0.37  0.63  1.23  1.65
 3845.25  1.01  1.06  0.83  0.95  0.62  0.41  0.28  0.27  0.37  0.64  1.24  1.68
 3846.25  0.93  0.98  0.76  0.88  0.57  0.38  0.26  0.25  0.34  0.59  1.15  1.55
 3847.25  0.94  0.99  0.77  0.90  0.58  0.39  0.26  0.25  0.35  0.59  1.16  1.57
 3848.25  1.00  1.07  0.83  0.97  0.62  0.42  0.28  0.27  0.37  0.63  1.24  1.68
 3849.25  1.05  1.11  0.87  1.02  0.65  0.44  0.30  0.29  0.39  0.66  1.29  1.75
 3850.25  1.04  1.11  0.86  1.02  0.65  0.44  0.30  0.29  0.39  0.66  1.29  1.75
 3851.25  0.97  1.04  0.81  0.96  0.60  0.41  0.28  0.27  0.36  0.61  1.20  1.64
 3852.25  1.00  1.09  0.84  1.00  0.63  0.43  0.29  0.28  0.37  0.63  1.25  1.70
 3853.25  1.05  1.14  0.88  1.05  0.66  0.45  0.30  0.29  0.39  0.66  1.30  1.77
 3854.25  1.04  1.14  0.87  1.04  0.65  0.45  0.30  0.29  0.38  0.65  1.29  1.76
 3855.25  1.02  1.13  0.85  1.03  0.64  0.44  0.30  0.28  0.38  0.64  1.27  1.74
 3856.25  1.00  1.11  0.84  1.02  0.63  0.44  0.29  0.28  0.37  0.62  1.24  1.70
 3857.25  1.04  1.16  0.87  1.06  0.65  0.45  0.30  0.29  0.38  0.64  1.29  1.76
 3858.25  1.10  1.24  0.92  1.13  0.69  0.48  0.32  0.31  0.41  0.68  1.36  1.87
 3859.25  1.13  1.27  0.94  1.16  0.71  0.50  0.33  0.32  0.41  0.70  1.39  1.91
 3860.25  1.14  1.29  0.95  1.18  0.72  0.51  0.34  0.32  0.42  0.71  1.41  1.93
 3861.25  1.17  1.33  0.97  1.22  0.74  0.52  0.35  0.33  0.43  0.72  1.43  1.97
 3862.25  1.13  1.28  0.94  1.18  0.71  0.50  0.33  0.32  0.41  0.69  1.38  1.91
 3863.25  1.09  1.25  0.91  1.14  0.69  0.49  0.32  0.30  0.40  0.67  1.34  1.85
 3864.25  1.09  1.26  0.91  1.15  0.70  0.49  0.32  0.31  0.40  0.67  1.33  1.85
 3865.25  1.07  1.24  0.89  1.13  0.68  0.48  0.32  0.30  0.39  0.65  1.30  1.81
 3866.25  1.05  1.21  0.86  1.11  0.67  0.47  0.31  0.29  0.38  0.64  1.27  1.77
 3867.25  1.02  1.19  0.84  1.09  0.66  0.46  0.30  0.28  0.37  0.62  1.24  1.73
 3868.25  1.01  1.19  0.84  1.08  0.65  0.46  0.30  0.28  0.36  0.61  1.23  1.72
 3869.25  1.00  1.18  0.83  1.08  0.65  0.45  0.30  0.28  0.36  0.60  1.21  1.70
 3870.25  1.03  1.21  0.85  1.11  0.67  0.47  0.31  0.29  0.37  0.62  1.24  1.74
 3871.25  1.10  1.30  0.91  1.19  0.72  0.50  0.33  0.31  0.39  0.66  1.32  1.86
 3872.25  1.15  1.37  0.96  1.26  0.76  0.53  0.35  0.32  0.41  0.70  1.39  1.95
 3873.25  1.15  1.37  0.95  1.26  0.76  0.53  0.34  0.32  0.41  0.69  1.38  1.94
 3874.25  1.07  1.28  0.89  1.17  0.71  0.49  0.32  0.30  0.38  0.64  1.28  1.81
 3875.25  1.05  1.27  0.87  1.16  0.70  0.49  0.32  0.29  0.37  0.63  1.26  1.78
 3876.25  1.08  1.31  0.90  1.20  0.72  0.50  0.33  0.30  0.38  0.65  1.30  1.83
 3877.25  1.11  1.36  0.93  1.24  0.75  0.52  0.34  0.31  0.39  0.67  1.33  1.88
 3878.25  1.15  1.41  0.96  1.28  0.78  0.54  0.35  0.32  0.41  0.69  1.37  1.94
 3879.25  1.17  1.43  0.97  1.31  0.79  0.55  0.35  0.33  0.41  0.70  1.39  1.97
 3880.25  1.14  1.41  0.95  1.29  0.78  0.54  0.35  0.32  0.40  0.68  1.36  1.93
 3881.25  1.13  1.40  0.94  1.27  0.77  0.53  0.34  0.31  0.40  0.67  1.33  1.90
 3882.25  1.14  1.41  0.95  1.28  0.78  0.54  0.35  0.32  0.40  0.67  1.34  1.92
 3883.25  1.15  1.44  0.96  1.28  0.79  0.55  0.35  0.32  0.40  0.68  1.35  1.94
 3884.25  1.13  1.42  0.94  1.26  0.78  0.54  0.34  0.31  0.39  0.67  1.32  1.90
 3885.25  1.12  1.43  0.94  1.24  0.77  0.54  0.34  0.31  0.39  0.66  1.31  1.89
 3886.25  1.16  1.50  0.97  1.28  0.80  0.56  0.35  0.32  0.41  0.68  1.35  1.95
 3887.25  1.24  1.61  1.03  1.35  0.86  0.60  0.38  0.34  0.43  0.73  1.43  2.07
 3888.25  1.19  1.58  1.00  1.30  0.83  0.58  0.37  0.33  0.42  0.70  1.38  2.00
 3889.25  1.05  1.41  0.88  1.14  0.73  0.51  0.32  0.29  0.36  0.61  1.21  1.76
 3890.25  1.04  1.41  0.86  1.11  0.72  0.50  0.31  0.28  0.36  0.60  1.18  1.73
 3891.25  1.08  1.49  0.90  1.16  0.76  0.52  0.33  0.30  0.37  0.63  1.23  1.81
 3892.25  1.08  1.50  0.90  1.15  0.76  0.52  0.33  0.30  0.37  0.62  1.23  1.81
 3893.25  1.08  1.51  0.90  1.14  0.76  0.52  0.33  0.30  0.37  0.62  1.22  1.79
 3894.25  1.07  1.52  0.89  1.12  0.75  0.52  0.33  0.29  0.37  0.61  1.20  1.78
 3895.25  1.06  1.52  0.88  1.11  0.75  0.52  0.32  0.29  0.36  0.61  1.19  1.76
 3896.25  1.06  1.54  0.88  1.10  0.75  0.52  0.33  0.29  0.36  0.61  1.19  1.76
 3897.25  1.06  1.55  0.88  1.09  0.75  0.52  0.33  0.29  0.36  0.60  1.18  1.75
 3898.25  1.04  1.55  0.87  1.07  0.74  0.51  0.32  0.28  0.36  0.59  1.16  1.73
 3899.25  1.00  1.50  0.83  1.02  0.71  0.49  0.31  0.27  0.34  0.57  1.10  1.65
 3900.25  0.97  1.46  0.80  0.98  0.69  0.48  0.30  0.26  0.33  0.54  1.06  1.60
 3901.25  1.00  1.53  0.83  1.01  0.71  0.49  0.31  0.27  0.34  0.56  1.09  1.65
 3902.25  1.01  1.56  0.84  1.01  0.72  0.50  0.31  0.27  0.34  0.57  1.10  1.66
 3903.25  0.99  1.55  0.82  0.99  0.71  0.49  0.31  0.27  0.33  0.56  1.08  1.63
 3904.25  1.02  1.60  0.84  1.00  0.72  0.50  0.32  0.27  0.34  0.57  1.10  1.66
 3905.25  0.99  1.58  0.82  0.98  0.70  0.49  0.31  0.27  0.33  0.55  1.07  1.62
 3906.25  0.98  1.58  0.81  0.96  0.70  0.49  0.31  0.26  0.33  0.54  1.05  1.61
 3907.25  0.99  1.60  0.81  0.96  0.70  0.49  0.31  0.26  0.33  0.54  1.05  1.61
 3908.25  0.93  1.52  0.77  0.90  0.66  0.46  0.29  0.25  0.31  0.51  0.99  1.52
 3909.25  0.92  1.52  0.75  0.88  0.65  0.46  0.29  0.24  0.30  0.50  0.97  1.49
 3910.25  0.94  1.57  0.77  0.90  0.66  0.47  0.30  0.25  0.31  0.52  0.99  1.53
 3911.25  0.96  1.61  0.79  0.91  0.68  0.48  0.30  0.26  0.32  0.52  1.01  1.56
 3912.25  0.95  1.61  0.78  0.89  0.67  0.48  0.30  0.25  0.31  0.52  0.99  1.53
 3913.25  0.80  1.38  0.66  0.75  0.56  0.40  0.25  0.21  0.26  0.44  0.84  1.30
 3914.25  0.65  1.13  0.53  0.60  0.45  0.33  0.20  0.17  0.21  0.35  0.67  1.06
 3915.25  0.74  1.30  0.61  0.69  0.52  0.37  0.23  0.20  0.24  0.40  0.77  1.20
 3916.25  0.96  1.69  0.78  0.88  0.67  0.49  0.31  0.25  0.32  0.52  0.99  1.54
 3917.25  1.03  1.86  0.85  0.95  0.73  0.53  0.33  0.28  0.34  0.56  1.07  1.67
 3918.25  0.97  1.78  0.80  0.89  0.69  0.50  0.31  0.26  0.32  0.53  1.00  1.57
 3919.25  0.91  1.70  0.75  0.83  0.64  0.47  0.29  0.24  0.30  0.49  0.94  1.48
 3920.25  0.99  1.89  0.82  0.91  0.71  0.52  0.32  0.27  0.33  0.54  1.02  1.61
 3921.25  1.07  2.08  0.89  0.98  0.77  0.56  0.35  0.29  0.36  0.59  1.10  1.74
 3922.25  1.08  2.14  0.90  0.99  0.78  0.57  0.36  0.29  0.36  0.59  1.11  1.76
 3923.25  1.07  2.16  0.89  0.98  0.77  0.57  0.36  0.29  0.36  0.59  1.10  1.75
 3924.25  1.08  2.20  0.90  0.99  0.78  0.58  0.36  0.29  0.36  0.59  1.10  1.76
 3925.25  1.10  2.30  0.93  1.01  0.80  0.59  0.37  0.30  0.37  0.61  1.13  1.80
 3926.25  1.13  2.38  0.95  1.03  0.82  0.61  0.38  0.31  0.38  0.62  1.15  1.84
 3927.25  1.15  2.48  0.97  1.06  0.84  0.63  0.39  0.31  0.39  0.63  1.18  1.89
 3928.25  1.18  2.57  0.99  1.08  0.86  0.64  0.40  0.32  0.40  0.65  1.20  1.93
 3929.25  1.17  2.61  0.99  1.08  0.86  0.65  0.41  0.32  0.40  0.65  1.20  1.93
 3930.25  1.22  2.75  1.04  1.12  0.90  0.68  0.43  0.34  0.42  0.68  1.25  2.01
 3931.25  1.29  2.93  1.10  1.18  0.95  0.72  0.45  0.36  0.44  0.71  1.31  2.12
 3932.25  1.20  2.80  1.03  1.10  0.89  0.67  0.42  0.33  0.41  0.67  1.23  1.99
 3933.25  1.14  2.71  0.98  1.05  0.84  0.64  0.40  0.32  0.39  0.63  1.16  1.89
 3934.25  1.24  2.96  1.06  1.14  0.92  0.70  0.44  0.34  0.42  0.69  1.26  2.05
 3935.25  1.35  3.26  1.17  1.24  1.01  0.77  0.49  0.38  0.46  0.76  1.38  2.23
 3936.25  1.31  3.22  1.13  1.21  0.98  0.75  0.47  0.37  0.45  0.73  1.34  2.17
 3937.25  1.21  3.02  1.04  1.11  0.90  0.69  0.44  0.34  0.41  0.67  1.23  2.01
 3938.25  1.16  2.96  1.00  1.06  0.87  0.67  0.42  0.32  0.39  0.65  1.18  1.94
 3939.25  1.15  2.99  1.00  1.06  0.86  0.66  0.42  0.32  0.39  0.64  1.18  1.93
 3940.25  1.09  2.89  0.95  1.00  0.82  0.63  0.40  0.31  0.37  0.61  1.12  1.84
 3941.25  1.06  2.85  0.92  0.97  0.79  0.61  0.39  0.30  0.36  0.59  1.08  1.78
 3942.25  1.06  2.89  0.92  0.97  0.80  0.62  0.39  0.30  0.36  0.59  1.08  1.78
 3943.25  1.03  2.84  0.89  0.94  0.77  0.60  0.38  0.29  0.35  0.57  1.05  1.73
 3944.25  0.99  2.79  0.86  0.91  0.75  0.58  0.37  0.28  0.33  0.55  1.01  1.68
 3945.25  1.02  2.91  0.89  0.93  0.77  0.60  0.38  0.29  0.34  0.57  1.04  1.73
 3946.25  1.00  2.88  0.87  0.91  0.75  0.59  0.38  0.28  0.34  0.56  1.02  1.69
 3947.25  0.98  2.87  0.85  0.89  0.74  0.58  0.37  0.28  0.33  0.55  1.00  1.66
 3948.25  0.98  2.91  0.85  0.90  0.74  0.58  0.37  0.28  0.33  0.55  1.00  1.67
 3949.25  1.00  2.95  0.86  0.91  0.75  0.59  0.38  0.28  0.33  0.55  1.01  1.68
 3950.25  1.05  3.17  0.91  0.95  0.79  0.63  0.40  0.30  0.35  0.58  1.06  1.77
 3951.25  1.07  3.51  0.92  0.97  0.81  0.64  0.41  0.30  0.36  0.60  1.09  1.80
 3952.25  1.04  3.58  0.90  0.94  0.78  0.62  0.40  0.29  0.35  0.58  1.05  1.75
 3953.25  1.06  3.63  0.92  0.96  0.80  0.64  0.41  0.30  0.36  0.59  1.07  1.79
 3954.25  1.12  3.78  0.97  1.02  0.85  0.68  0.44  0.32  0.38  0.63  1.14  1.89
 3955.25  1.11  3.68  0.96  1.00  0.83  0.67  0.43  0.31  0.37  0.62  1.12  1.86
 3956.25  1.09  3.60  0.95  0.99  0.83  0.67  0.43  0.31  0.37  0.61  1.11  1.85
 3957.25  1.10  3.57  0.95  1.00  0.83  0.67  0.44  0.31  0.37  0.61  1.11  1.86
 3958.25  1.11  3.54  0.96  1.00  0.84  0.68  0.44  0.32  0.37  0.62  1.12  1.87
 3959.25  1.12  3.53  0.97  1.02  0.85  0.69  0.45  0.32  0.38  0.63  1.13  1.89
 3960.25  1.12  3.47  0.97  1.02  0.85  0.69  0.45  0.32  0.37  0.62  1.13  1.89
 3961.25  1.10  3.36  0.95  1.00  0.83  0.68  0.44  0.31  0.37  0.61  1.10  1.85
 3962.25  1.14  3.42  0.98  1.04  0.86  0.71  0.46  0.33  0.38  0.64  1.15  1.92
 3963.25  1.21  3.56  1.04  1.10  0.92  0.76  0.49  0.35  0.40  0.68  1.22  2.04
 3964.25  1.24  3.58  1.07  1.13  0.94  0.78  0.51  0.36  0.41  0.69  1.25  2.08
 3965.25  1.25  3.54  1.08  1.14  0.95  0.79  0.52  0.36  0.42  0.70  1.25  2.10
 3966.25  1.27  3.53  1.09  1.16  0.96  0.80  0.53  0.37  0.42  0.71  1.27  2.13
 3967.25  1.34  3.63  1.15  1.22  1.01  0.85  0.56  0.39  0.45  0.75  1.34  2.23
 3968.25  1.33  3.57  1.15  1.22  1.01  0.85  0.56  0.39  0.45  0.75  1.33  2.23
 3969.25  1.29  3.40  1.11  1.18  0.97  0.82  0.54  0.37  0.43  0.72  1.28  2.15
 3970.25  1.27  3.30  1.09  1.17  0.96  0.81  0.53  0.37  0.42  0.71  1.27  2.13
 3971.25  1.20  3.07  1.03  1.10  0.90  0.76  0.50  0.35  0.40  0.67  1.19  2.01
 3972.25  1.13  2.87  0.97  1.04  0.86  0.72  0.48  0.33  0.37  0.63  1.13  1.91
 3973.25  1.12  2.78  0.96  1.03  0.84  0.71  0.47  0.32  0.37  0.62  1.11  1.88
 3974.25  1.08  2.65  0.93  1.00  0.82  0.69  0.46  0.31  0.36  0.60  1.07  1.83
 3975.25  1.05  2.53  0.90  0.97  0.79  0.68  0.45  0.30  0.34  0.58  1.04  1.78
 3976.25  1.03  2.42  0.88  0.95  0.77  0.66  0.44  0.30  0.34  0.57  1.02  1.74
 3977.25  1.05  2.40  0.89  0.97  0.79  0.67  0.45  0.30  0.34  0.58  1.03  1.76
 3978.25  1.05  2.35  0.90  0.97  0.79  0.68  0.45  0.30  0.34  0.58  1.03  1.77
 3979.25  1.02  2.24  0.87  0.94  0.77  0.66  0.44  0.30  0.33  0.56  1.00  1.72
 3980.25  1.02  2.18  0.87  0.94  0.76  0.66  0.44  0.29  0.33  0.56  1.00  1.71
 3981.25  0.97  2.04  0.82  0.89  0.72  0.62  0.42  0.28  0.32  0.53  0.95  1.63
 3982.25  0.97  2.02  0.82  0.89  0.72  0.62  0.42  0.28  0.31  0.53  0.94  1.62
 3983.25  1.03  2.12  0.87  0.94  0.76  0.66  0.44  0.29  0.33  0.56  0.99  1.71
 3984.25  1.04  2.14  0.88  0.95  0.77  0.67  0.45  0.30  0.34  0.57  1.00  1.73
 3985.25  1.03  2.10  0.86  0.94  0.76  0.66  0.45  0.29  0.33  0.56  0.99  1.70
 3986.25  1.06  2.14  0.88  0.96  0.77  0.67  0.46  0.30  0.34  0.57  1.01  1.74
 3987.25  1.09  2.19  0.91  0.99  0.80  0.70  0.47  0.31  0.35  0.58  1.03  1.79
 3988.25  1.06  2.13  0.89  0.97  0.77  0.68  0.46  0.30  0.34  0.57  1.00  1.74
 3989.25  1.01  2.03  0.84  0.92  0.74  0.65  0.44  0.29  0.32  0.54  0.96  1.66
 3990.25  1.03  2.06  0.86  0.94  0.75  0.66  0.45  0.29  0.33  0.55  0.97  1.69
 3991.25  1.08  2.13  0.89  0.98  0.78  0.69  0.47  0.31  0.34  0.57  1.01  1.75
 3992.25  1.09  2.14  0.90  0.99  0.78  0.69  0.48  0.31  0.35  0.58  1.01  1.77
 3993.25  1.09  2.15  0.90  0.99  0.79  0.70  0.48  0.31  0.35  0.58  1.02  1.77
 3994.25  1.07  2.10  0.89  0.97  0.77  0.68  0.47  0.30  0.34  0.57  0.99  1.74
 3995.25  1.08  2.10  0.89  0.97  0.77  0.69  0.48  0.30  0.34  0.57  0.99  1.74
 3996.25  1.11  2.15  0.92  1.00  0.80  0.71  0.49  0.32  0.35  0.58  1.02  1.79
 3997.25  1.12  2.16  0.92  1.01  0.80  0.72  0.50  0.32  0.36  0.59  1.02  1.80
 3998.25  1.13  2.17  0.93  1.02  0.81  0.72  0.51  0.32  0.36  0.59  1.03  1.81
 3999.25  1.10  2.10  0.90  0.98  0.78  0.70  0.49  0.31  0.35  0.57  0.99  1.76
 4000.25  1.01  1.92  0.82  0.90  0.71  0.64  0.45  0.28  0.32  0.52  0.91  1.61
 4001.25  1.03  1.95  0.84  0.92  0.72  0.65  0.46  0.29  0.32  0.53  0.92  1.64
 4002.25  1.11  2.08  0.90  0.98  0.78  0.70  0.50  0.31  0.35  0.57  0.99  1.75
 4003.25  1.09  2.04  0.88  0.97  0.76  0.69  0.49  0.30  0.34  0.56  0.97  1.72
 4004.25  1.05  1.97  0.85  0.93  0.73  0.67  0.47  0.29  0.33  0.54  0.93  1.66
 4005.25  1.06  1.98  0.86  0.94  0.74  0.67  0.48  0.30  0.33  0.54  0.94  1.68
 4006.25  1.08  2.00  0.87  0.96  0.75  0.69  0.49  0.30  0.34  0.55  0.95  1.70
 4007.25  1.12  2.06  0.90  0.99  0.78  0.71  0.51  0.31  0.35  0.57  0.98  1.75
 4008.25  1.10  2.02  0.89  0.97  0.76  0.70  0.50  0.31  0.34  0.56  0.96  1.72
 4009.25  1.04  1.90  0.84  0.92  0.72  0.66  0.47  0.29  0.32  0.53  0.90  1.63
 4010.25  1.03  1.88  0.83  0.91  0.71  0.65  0.47  0.29  0.32  0.52  0.89  1.61
 4011.25  1.04  1.90  0.84  0.92  0.72  0.66  0.48  0.29  0.32  0.53  0.90  1.63
 4012.25  1.04  1.89  0.84  0.92  0.72  0.67  0.48  0.29  0.33  0.53  0.90  1.63
 4013.25  1.03  1.88  0.84  0.91  0.71  0.66  0.48  0.29  0.32  0.53  0.89  1.62
 4014.25  1.02  1.86  0.83  0.91  0.71  0.66  0.48  0.29  0.32  0.52  0.88  1.61
 4015.25  1.02  1.85  0.83  0.91  0.71  0.66  0.48  0.29  0.32  0.52  0.88  1.61
 4016.25  1.04  1.88  0.85  0.93  0.72  0.67  0.49  0.30  0.33  0.53  0.90  1.64
 4017.25  1.05  1.88  0.85  0.93  0.72  0.68  0.50  0.30  0.33  0.53  0.90  1.64
 4018.25  1.08  1.93  0.88  0.96  0.74  0.70  0.51  0.31  0.34  0.55  0.92  1.69
 4019.25  1.09  1.93  0.89  0.96  0.75  0.70  0.52  0.31  0.34  0.55  0.93  1.70
 4020.25  1.04  1.85  0.85  0.93  0.72  0.67  0.50  0.30  0.33  0.53  0.89  1.63
 4021.25  1.03  1.82  0.84  0.91  0.71  0.66  0.49  0.30  0.32  0.52  0.87  1.61
 4022.25  1.04  1.83  0.85  0.92  0.72  0.67  0.50  0.30  0.33  0.52  0.88  1.63
 4023.25  1.07  1.88  0.88  0.95  0.74  0.69  0.52  0.31  0.34  0.54  0.91  1.67
 4024.25  1.10  1.91  0.90  0.97  0.76  0.71  0.54  0.32  0.35  0.55  0.93  1.71
 4025.25  1.08  1.89  0.89  0.96  0.76  0.70  0.53  0.32  0.34  0.55  0.91  1.70
 4026.25  1.07  1.86  0.88  0.95  0.75  0.69  0.53  0.32  0.34  0.54  0.90  1.68
 4027.25  1.07  1.85  0.88  0.95  0.75  0.69  0.53  0.32  0.34  0.54  0.90  1.67
 4028.25  1.07  1.84  0.88  0.95  0.75  0.70  0.53  0.32  0.34  0.54  0.90  1.67
 4029.25  1.06  1.82  0.88  0.95  0.75  0.69  0.53  0.32  0.34  0.53  0.89  1.66
 4030.25  1.05  1.80  0.87  0.94  0.75  0.69  0.53  0.31  0.34  0.53  0.88  1.65
 4031.25  1.13  1.93  0.94  1.01  0.81  0.74  0.57  0.34  0.36  0.57  0.95  1.77
 4032.25  1.19  2.01  0.99  1.06  0.84  0.77  0.60  0.36  0.38  0.60  0.99  1.85
 4033.25  1.15  1.94  0.95  1.02  0.82  0.75  0.59  0.35  0.37  0.58  0.95  1.79
 4034.25  1.12  1.89  0.94  1.00  0.80  0.73  0.58  0.34  0.36  0.56  0.93  1.76
 4035.25  1.08  1.81  0.90  0.96  0.77  0.70  0.55  0.33  0.35  0.54  0.89  1.68
 4036.25  1.04  1.75  0.87  0.93  0.75  0.68  0.54  0.32  0.34  0.52  0.86  1.63
 4037.25  1.03  1.73  0.86  0.92  0.74  0.68  0.54  0.32  0.34  0.52  0.85  1.62
 4038.25  1.04  1.73  0.87  0.92  0.75  0.68  0.54  0.32  0.34  0.52  0.85  1.63
 4039.25  1.04  1.71  0.87  0.92  0.75  0.68  0.54  0.32  0.34  0.52  0.85  1.62
 4040.25  1.08  1.78  0.91  0.96  0.79  0.71  0.57  0.34  0.35  0.54  0.89  1.69
 4041.25  1.11  1.82  0.93  0.99  0.81  0.73  0.59  0.35  0.36  0.55  0.90  1.73
 4042.25  1.05  1.72  0.88  0.93  0.77  0.69  0.56  0.33  0.34  0.52  0.86  1.64
 4043.25  1.00  1.63  0.84  0.89  0.73  0.66  0.53  0.31  0.33  0.50  0.81  1.57
 4044.25  1.01  1.65  0.86  0.90  0.74  0.66  0.54  0.32  0.33  0.50  0.82  1.59
 4045.25  1.05  1.70  0.89  0.93  0.77  0.69  0.57  0.33  0.35  0.52  0.86  1.65
 4046.25  1.13  1.80  0.95  1.00  0.83  0.74  0.61  0.36  0.37  0.56  0.91  1.75
 4047.25  1.18  1.88  1.00  1.04  0.87  0.77  0.64  0.38  0.39  0.58  0.96  1.83
 4048.25  1.07  1.70  0.91  0.94  0.79  0.70  0.58  0.34  0.35  0.53  0.87  1.66
 4049.25  1.04  1.65  0.89  0.92  0.77  0.68  0.57  0.33  0.34  0.51  0.85  1.63
 4050.25  1.09  1.71  0.93  0.97  0.81  0.72  0.60  0.35  0.36  0.54  0.89  1.70
 4051.25  1.05  1.64  0.90  0.93  0.78  0.69  0.58  0.34  0.35  0.52  0.85  1.64
 4052.25  1.05  1.62  0.90  0.92  0.78  0.69  0.58  0.34  0.35  0.51  0.85  1.63
 4053.25  1.14  1.76  0.98  1.01  0.86  0.75  0.64  0.37  0.38  0.56  0.93  1.78
 4054.25  1.17  1.78  1.01  1.03  0.88  0.77  0.65  0.38  0.39  0.57  0.95  1.81
 4055.25  1.11  1.70  0.96  0.98  0.84  0.73  0.63  0.36  0.37  0.55  0.90  1.73
 4056.25  1.15  1.74  1.00  1.01  0.87  0.76  0.65  0.38  0.39  0.56  0.93  1.78
 4057.25  1.21  1.82  1.05  1.07  0.92  0.80  0.69  0.40  0.41  0.59  0.98  1.87
 4058.25  1.21  1.81  1.06  1.07  0.92  0.80  0.70  0.40  0.41  0.60  0.98  1.87
 4059.25  1.16  1.72  1.01  1.02  0.88  0.76  0.66  0.38  0.39  0.57  0.94  1.78
 4060.25  1.07  1.58  0.94  0.94  0.82  0.71  0.62  0.36  0.36  0.52  0.87  1.65
 4061.25  1.03  1.51  0.90  0.90  0.79  0.68  0.60  0.34  0.35  0.50  0.83  1.59
 4062.25  1.03  1.51  0.91  0.91  0.80  0.68  0.60  0.35  0.35  0.50  0.84  1.59
 4063.25  1.08  1.56  0.95  0.95  0.84  0.72  0.63  0.36  0.37  0.53  0.87  1.66
 4064.25  1.14  1.64  1.01  1.00  0.89  0.76  0.67  0.38  0.39  0.55  0.92  1.74
 4065.25  1.11  1.58  0.98  0.97  0.87  0.73  0.65  0.37  0.38  0.54  0.89  1.69
 4066.25  1.04  1.47  0.92  0.90  0.82  0.69  0.61  0.35  0.35  0.50  0.84  1.58
 4067.25  1.09  1.53  0.97  0.95  0.87  0.72  0.65  0.37  0.37  0.53  0.88  1.66
 4068.25  1.14  1.59  1.01  0.99  0.91  0.76  0.68  0.39  0.39  0.55  0.92  1.73
 4069.25  1.09  1.51  0.97  0.95  0.88  0.72  0.65  0.37  0.37  0.52  0.88  1.65
 4070.25  1.09  1.49  0.97  0.94  0.88  0.72  0.65  0.37  0.37  0.52  0.87  1.64
 4071.25  1.12  1.53  1.00  0.97  0.92  0.75  0.67  0.38  0.38  0.54  0.90  1.69
 4072.25  1.20  1.62  1.07  1.04  0.99  0.80  0.73  0.41  0.41  0.58  0.96  1.80
 4073.25  1.27  1.70  1.14  1.10  1.05  0.85  0.77  0.44  0.44  0.61  1.02  1.90
 4074.25  1.34  1.77  1.20  1.15  1.11  0.89  0.81  0.46  0.46  0.65  1.07  1.98
 4075.25  1.29  1.69  1.16  1.11  1.08  0.86  0.79  0.44  0.44  0.62  1.03  1.91
 4076.25  1.14  1.48  1.02  0.97  0.95  0.76  0.70  0.39  0.39  0.55  0.91  1.69
 4077.25  1.05  1.36  0.94  0.90  0.88  0.70  0.64  0.36  0.36  0.50  0.83  1.55
 4078.25  1.13  1.46  1.02  0.97  0.96  0.76  0.70  0.39  0.39  0.54  0.90  1.67
 4079.25  1.22  1.56  1.11  1.04  1.04  0.82  0.76  0.42  0.42  0.59  0.97  1.80
 4080.25  1.17  1.49  1.06  1.00  1.01  0.78  0.73  0.41  0.40  0.56  0.93  1.72
 4081.25  1.07  1.35  0.97  0.90  0.92  0.71  0.66  0.37  0.36  0.51  0.84  1.56
 4082.25  1.06  1.34  0.97  0.90  0.92  0.71  0.66  0.37  0.36  0.51  0.84  1.55
 4083.25  1.13  1.42  1.03  0.95  0.98  0.75  0.71  0.39  0.39  0.54  0.89  1.64
 4084.25  1.16  1.46  1.07  0.98  1.02  0.78  0.73  0.41  0.40  0.56  0.92  1.69
 4085.25  1.19  1.48  1.09  1.00  1.04  0.79  0.75  0.42  0.41  0.57  0.94  1.72
 4086.25  1.16  1.45  1.07  0.98  1.03  0.78  0.74  0.41  0.40  0.56  0.92  1.68
 4087.25  1.12  1.39  1.03  0.94  0.99  0.74  0.71  0.39  0.38  0.53  0.88  1.61
 4088.25  1.11  1.38  1.03  0.93  0.99  0.74  0.71  0.39  0.38  0.53  0.87  1.60
 4089.25  1.14  1.40  1.05  0.95  1.02  0.76  0.73  0.40  0.39  0.54  0.89  1.63
 4090.25  1.14  1.39  1.06  0.94  1.02  0.76  0.73  0.40  0.39  0.54  0.89  1.62
 4091.25  1.16  1.42  1.08  0.96  1.05  0.77  0.75  0.41  0.40  0.55  0.91  1.65
 4092.25  1.18  1.43  1.10  0.98  1.07  0.79  0.76  0.42  0.40  0.56  0.92  1.67
 4093.25  1.19  1.45  1.12  0.99  1.09  0.80  0.78  0.42  0.41  0.57  0.93  1.69
 4094.25  1.19  1.44  1.12  0.98  1.10  0.80  0.78  0.42  0.41  0.57  0.93  1.68
 4095.25  1.19  1.43  1.12  0.98  1.10  0.79  0.78  0.42  0.41  0.57  0.92  1.67
 4096.25  1.21  1.45  1.14  0.99  1.12  0.81  0.79  0.43  0.41  0.58  0.94  1.69
 4097.25  1.22  1.46  1.15  1.00  1.14  0.81  0.80  0.44  0.42  0.58  0.94  1.70
 4098.25  1.23  1.47  1.17  1.01  1.15  0.82  0.82  0.44  0.42  0.59  0.95  1.72
 4099.25  1.27  1.51  1.21  1.04  1.20  0.85  0.85  0.46  0.44  0.61  0.98  1.77
 4100.25  1.25  1.47  1.19  1.02  1.18  0.83  0.83  0.45  0.43  0.59  0.96  1.73
 4101.25  1.25  1.47  1.19  1.01  1.18  0.83  0.83  0.45  0.43  0.59  0.96  1.72
 4102.25  1.32  1.55  1.26  1.07  1.26  0.89  0.89  0.48  0.45  0.63  1.02  1.81
 4103.25  1.34  1.57  1.29  1.09  1.28  0.90  0.90  0.48  0.46  0.64  1.03  1.84
 4104.25  1.34  1.55  1.28  1.08  1.28  0.90  0.90  0.48  0.46  0.64  1.02  1.82
 4105.25  1.32  1.53  1.27  1.07  1.28  0.90  0.90  0.48  0.45  0.63  1.01  1.80
 4106.25  1.30  1.49  1.25  1.04  1.26  0.88  0.88  0.47  0.44  0.61  0.99  1.76
 4107.25  1.27  1.46  1.23  1.02  1.24  0.87  0.86  0.46  0.43  0.60  0.97  1.72
 4108.25  1.24  1.42  1.20  0.99  1.21  0.85  0.84  0.45  0.42  0.59  0.94  1.67
 4109.25  1.24  1.41  1.20  0.99  1.22  0.85  0.85  0.45  0.42  0.59  0.94  1.67
 4110.25  1.26  1.42  1.22  1.00  1.24  0.87  0.86  0.46  0.43  0.59  0.95  1.68
 4111.25  1.28  1.45  1.25  1.02  1.27  0.89  0.88  0.47  0.44  0.61  0.97  1.71
 4112.25  1.26  1.42  1.23  1.00  1.25  0.88  0.87  0.46  0.43  0.60  0.95  1.68
 4113.25  1.24  1.39  1.21  0.98  1.24  0.86  0.86  0.45  0.42  0.58  0.93  1.65
 4114.25  1.22  1.36  1.20  0.97  1.23  0.86  0.85  0.45  0.41  0.58  0.92  1.62
 4115.25  1.20  1.34  1.18  0.96  1.21  0.84  0.84  0.44  0.41  0.57  0.91  1.59
 4116.25  1.22  1.35  1.19  0.97  1.23  0.86  0.85  0.45  0.41  0.57  0.91  1.61
 4117.25  1.23  1.35  1.20  0.97  1.25  0.87  0.86  0.46  0.42  0.58  0.92  1.62
 4118.25  1.23  1.35  1.21  0.98  1.26  0.88  0.87  0.46  0.42  0.58  0.92  1.62
 4119.25  1.27  1.39  1.24  1.00  1.30  0.90  0.89  0.47  0.43  0.59  0.95  1.66
 4120.25  1.28  1.40  1.26  1.01  1.32  0.92  0.91  0.48  0.43  0.60  0.96  1.68
 4121.25  1.25  1.36  1.23  0.99  1.29  0.90  0.89  0.47  0.42  0.59  0.93  1.63
 4122.25  1.24  1.34  1.22  0.98  1.29  0.89  0.88  0.47  0.42  0.58  0.92  1.62
 4123.25  1.25  1.34  1.23  0.98  1.30  0.90  0.89  0.47  0.42  0.58  0.93  1.62
 4124.25  1.23  1.32  1.21  0.97  1.29  0.89  0.88  0.47  0.42  0.57  0.91  1.60
 4125.25  1.22  1.30  1.20  0.96  1.28  0.88  0.87  0.46  0.41  0.56  0.90  1.58
 4126.25  1.21  1.29  1.19  0.95  1.28  0.88  0.87  0.46  0.41  0.56  0.90  1.56
 4127.25  1.23  1.30  1.21  0.96  1.30  0.90  0.88  0.47  0.41  0.57  0.90  1.58
 4128.25  1.22  1.28  1.20  0.95  1.29  0.89  0.88  0.46  0.41  0.56  0.89  1.56
 4129.25  1.20  1.25  1.18  0.93  1.27  0.88  0.86  0.46  0.40  0.55  0.88  1.53
 4130.25  1.24  1.28  1.22  0.96  1.31  0.91  0.89  0.47  0.41  0.56  0.90  1.57
 4131.25  1.27  1.30  1.24  0.98  1.34  0.93  0.91  0.48  0.42  0.57  0.92  1.59
 4132.25  1.28  1.30  1.25  0.98  1.36  0.94  0.92  0.49  0.42  0.57  0.92  1.60
 4133.25  1.30  1.32  1.27  1.00  1.38  0.95  0.94  0.50  0.43  0.58  0.94  1.63
 4134.25  1.29  1.30  1.26  0.99  1.38  0.95  0.93  0.49  0.43  0.58  0.93  1.61
 4135.25  1.30  1.30  1.26  0.99  1.38  0.95  0.94  0.49  0.43  0.58  0.93  1.61
 4136.25  1.26  1.25  1.22  0.96  1.35  0.93  0.91  0.48  0.41  0.56  0.89  1.55
 4137.25  1.21  1.19  1.17  0.91  1.29  0.89  0.87  0.46  0.39  0.53  0.85  1.48
 4138.25  1.21  1.18  1.17  0.91  1.29  0.89  0.87  0.46  0.39  0.53  0.85  1.48
 4139.25  1.22  1.19  1.18  0.92  1.31  0.90  0.88  0.47  0.40  0.53  0.86  1.49
 4140.25  1.23  1.19  1.18  0.92  1.31  0.91  0.89  0.47  0.40  0.53  0.86  1.49
 4141.25  1.24  1.20  1.20  0.93  1.33  0.92  0.90  0.47  0.40  0.54  0.87  1.50
 4142.25  1.29  1.23  1.24  0.96  1.36  0.95  0.93  0.49  0.41  0.55  0.89  1.54
 4143.25  1.34  1.28  1.29  1.00  1.41  1.00  0.97  0.51  0.43  0.58  0.93  1.61
 4144.25  1.40  1.32  1.34  1.04  1.46  1.04  1.01  0.54  0.45  0.60  0.97  1.66
 4145.25  1.37  1.29  1.32  1.02  1.43  1.02  1.00  0.53  0.44  0.58  0.95  1.63
 4146.25  1.29  1.21  1.24  0.96  1.33  0.95  0.94  0.50  0.41  0.55  0.89  1.53
 4147.25  1.29  1.20  1.24  0.95  1.32  0.95  0.94  0.49  0.41  0.54  0.88  1.51
 4148.25  1.32  1.22  1.26  0.97  1.34  0.97  0.96  0.51  0.42  0.55  0.90  1.54
 4149.25  1.29  1.19  1.24  0.95  1.30  0.94  0.94  0.49  0.41  0.54  0.87  1.50
 4150.25  1.29  1.19  1.24  0.95  1.30  0.94  0.94  0.49  0.41  0.53  0.87  1.50
 4151.25  1.35  1.24  1.31  0.99  1.35  0.99  0.99  0.52  0.43  0.56  0.91  1.56
 4152.25  1.39  1.27  1.34  1.02  1.37  1.01  1.01  0.53  0.44  0.57  0.93  1.59
 4153.25  1.39  1.27  1.35  1.02  1.37  1.01  1.02  0.54  0.44  0.57  0.93  1.59
 4154.25  1.37  1.24  1.33  1.00  1.34  0.99  1.00  0.53  0.43  0.56  0.91  1.56
 4155.25  1.34  1.21  1.31  0.98  1.30  0.97  0.98  0.51  0.42  0.54  0.89  1.52
 4156.25  1.27  1.14  1.24  0.92  1.22  0.91  0.93  0.49  0.39  0.51  0.84  1.43
 4157.25  1.26  1.12  1.23  0.91  1.21  0.91  0.92  0.48  0.39  0.51  0.83  1.42
 4158.25  1.29  1.14  1.26  0.93  1.22  0.92  0.94  0.49  0.39  0.51  0.84  1.44
 4159.25  1.26  1.11  1.23  0.91  1.18  0.90  0.92  0.48  0.38  0.50  0.82  1.40
 4160.25  1.29  1.13  1.26  0.93  1.20  0.91  0.94  0.49  0.39  0.51  0.83  1.42
 4161.25  1.33  1.16  1.31  0.95  1.23  0.94  0.97  0.51  0.40  0.52  0.85  1.46
 4162.25  1.31  1.13  1.29  0.94  1.20  0.92  0.95  0.50  0.39  0.51  0.84  1.43
 4163.25  1.35  1.16  1.33  0.96  1.23  0.95  0.98  0.52  0.41  0.52  0.86  1.46
 4164.25  1.34  1.15  1.32  0.95  1.21  0.94  0.97  0.51  0.40  0.52  0.85  1.45
 4165.25  1.24  1.06  1.23  0.88  1.12  0.87  0.90  0.48  0.37  0.48  0.79  1.34
 4166.25  1.23  1.04  1.22  0.87  1.09  0.86  0.89  0.47  0.37  0.47  0.77  1.32
 4167.25  1.28  1.08  1.27  0.91  1.13  0.89  0.92  0.49  0.38  0.49  0.80  1.36
 4168.25  1.30  1.10  1.29  0.92  1.14  0.90  0.94  0.50  0.39  0.49  0.81  1.38
 4169.25  1.27  1.06  1.26  0.89  1.10  0.88  0.91  0.48  0.37  0.48  0.79  1.33
 4170.25  1.28  1.06  1.27  0.90  1.10  0.88  0.92  0.49  0.38  0.48  0.79  1.34
 4171.25  1.33  1.10  1.33  0.93  1.14  0.92  0.96  0.51  0.39  0.50  0.82  1.39
 4172.25  1.36  1.12  1.36  0.95  1.16  0.93  0.98  0.52  0.40  0.50  0.83  1.41
 4173.25  1.35  1.11  1.35  0.94  1.14  0.92  0.97  0.52  0.39  0.50  0.82  1.39
 4174.25  1.36  1.11  1.36  0.95  1.13  0.92  0.97  0.52  0.39  0.50  0.82  1.39
 4175.25  1.40  1.14  1.40  0.98  1.16  0.95  1.00  0.54  0.41  0.51  0.85  1.43
 4176.25  1.38  1.12  1.39  0.96  1.14  0.94  0.99  0.53  0.40  0.50  0.83  1.40
 4177.25  1.41  1.14  1.42  0.98  1.15  0.95  1.01  0.54  0.41  0.51  0.85  1.42
 4178.25  1.43  1.15  1.43  0.99  1.16  0.96  1.02  0.55  0.41  0.52  0.85  1.43
 4179.25  1.40  1.12  1.41  0.97  1.13  0.94  1.00  0.54  0.40  0.51  0.83  1.39
 4180.25  1.45  1.16  1.46  1.00  1.16  0.97  1.03  0.56  0.41  0.52  0.86  1.43
 4181.25  1.47  1.17  1.48  1.01  1.17  0.98  1.05  0.56  0.42  0.53  0.87  1.44
 4182.25  1.47  1.16  1.48  1.00  1.16  0.98  1.04  0.56  0.42  0.52  0.86  1.43
 4183.25  1.46  1.16  1.49  1.00  1.15  0.97  1.04  0.56  0.41  0.52  0.86  1.42
 4184.25  1.46  1.15  1.50  0.99  1.14  0.97  1.03  0.56  0.41  0.52  0.85  1.41
 4185.25  1.49  1.18  1.55  1.02  1.16  0.99  1.06  0.57  0.42  0.53  0.87  1.43
 4186.25  1.44  1.14  1.51  0.98  1.12  0.95  1.02  0.55  0.40  0.51  0.83  1.38
 4187.25  1.42  1.12  1.51  0.96  1.10  0.94  1.01  0.55  0.40  0.50  0.82  1.35
 4188.25  1.51  1.20  1.63  1.03  1.17  1.00  1.08  0.59  0.43  0.54  0.88  1.44
 4189.25  1.56  1.24  1.71  1.06  1.21  1.03  1.12  0.61  0.44  0.55  0.90  1.48
 4190.25  1.51  1.20  1.68  1.03  1.17  1.00  1.09  0.59  0.43  0.54  0.88  1.44
 4191.25  1.49  1.19  1.68  1.02  1.15  0.99  1.07  0.59  0.42  0.53  0.86  1.41
 4192.25  1.50  1.19  1.71  1.03  1.16  0.99  1.08  0.59  0.43  0.53  0.87  1.42
 4193.25  1.46  1.16  1.68  1.00  1.13  0.97  1.06  0.58  0.41  0.52  0.84  1.38
 4194.25  1.47  1.17  1.71  1.01  1.13  0.97  1.07  0.58  0.42  0.52  0.85  1.38
 4195.25  1.51  1.21  1.78  1.04  1.16  1.00  1.10  0.60  0.43  0.54  0.87  1.42
 4196.25  1.55  1.24  1.85  1.07  1.19  1.03  1.13  0.62  0.44  0.55  0.90  1.45
 4197.25  1.59  1.27  1.92  1.10  1.22  1.05  1.16  0.64  0.45  0.57  0.92  1.49
 4198.25  1.61  1.29  1.96  1.11  1.23  1.07  1.18  0.65  0.46  0.58  0.93  1.50
 4199.25  1.64  1.32  2.03  1.13  1.26  1.09  1.21  0.67  0.47  0.59  0.95  1.53
 4200.25  1.59  1.28  1.98  1.10  1.22  1.05  1.17  0.65  0.45  0.57  0.92  1.48
 4201.25  1.51  1.22  1.91  1.05  1.16  1.00  1.12  0.62  0.43  0.54  0.87  1.40
 4202.25  1.50  1.22  1.93  1.04  1.15  1.00  1.12  0.62  0.43  0.54  0.87  1.39
 4203.25  1.58  1.28  2.05  1.10  1.21  1.05  1.18  0.65  0.45  0.57  0.91  1.46
 4204.25  1.60  1.30  2.10  1.11  1.22  1.06  1.20  0.66  0.46  0.58  0.93  1.48
 4205.25  1.58  1.29  2.10  1.10  1.21  1.05  1.19  0.66  0.46  0.57  0.92  1.46
 4206.25  1.53  1.25  2.05  1.07  1.17  1.02  1.15  0.64  0.44  0.55  0.89  1.41
 4207.25  1.47  1.19  1.98  1.02  1.11  0.97  1.10  0.61  0.42  0.53  0.84  1.35
 4208.25  1.41  1.15  1.93  0.98  1.07  0.93  1.06  0.59  0.41  0.51  0.81  1.29
 4209.25  1.40  1.14  1.93  0.97  1.06  0.93  1.05  0.59  0.40  0.50  0.80  1.28
 4210.25  1.46  1.20  2.05  1.02  1.11  0.97  1.11  0.62  0.42  0.53  0.84  1.34
 4211.25  1.52  1.24  2.14  1.06  1.15  1.01  1.15  0.64  0.44  0.55  0.87  1.38
 4212.25  1.50  1.23  2.14  1.05  1.14  1.00  1.14  0.64  0.44  0.54  0.86  1.36
 4213.25  1.47  1.21  2.12  1.03  1.11  0.98  1.12  0.63  0.43  0.53  0.85  1.34
 4214.25  1.46  1.20  2.12  1.02  1.10  0.97  1.11  0.63  0.42  0.53  0.83  1.32
 4215.25  1.46  1.21  2.15  1.03  1.10  0.97  1.11  0.63  0.42  0.53  0.84  1.32
 4216.25  1.49  1.24  2.21  1.05  1.12  0.99  1.14  0.65  0.43  0.54  0.85  1.34
 4217.25  1.46  1.22  2.21  1.03  1.10  0.98  1.13  0.64  0.43  0.53  0.84  1.32
 4218.25  1.45  1.22  2.23  1.03  1.10  0.97  1.12  0.64  0.43  0.53  0.83  1.31
 4219.25  1.46  1.23  2.29  1.04  1.11  0.98  1.13  0.65  0.43  0.54  0.84  1.32
 4220.25  1.46  1.24  2.34  1.04  1.11  0.98  1.14  0.65  0.43  0.54  0.84  1.32
 4221.25  1.44  1.23  2.36  1.03  1.10  0.98  1.13  0.65  0.43  0.54  0.84  1.31
 4222.25  1.40  1.20  2.33  1.01  1.07  0.95  1.10  0.64  0.42  0.52  0.81  1.27
 4223.25  1.42  1.22  2.41  1.02  1.09  0.96  1.12  0.65  0.43  0.53  0.82  1.29
 4224.25  1.49  1.29  2.57  1.07  1.15  1.01  1.18  0.69  0.45  0.56  0.87  1.35
 4225.25  1.53  1.34  2.70  1.11  1.19  1.05  1.23  0.71  0.47  0.58  0.90  1.40
 4226.25  1.50  1.31  2.69  1.09  1.17  1.03  1.21  0.70  0.46  0.57  0.88  1.36
 4227.25  1.57  1.38  2.86  1.14  1.23  1.08  1.27  0.74  0.48  0.60  0.92  1.43
 4228.25  1.65  1.46  3.04  1.20  1.29  1.14  1.34  0.78  0.51  0.63  0.97  1.51
 4229.25  1.52  1.35  2.87  1.11  1.20  1.05  1.24  0.73  0.47  0.58  0.90  1.39
 4230.25  1.42  1.27  2.75  1.04  1.13  0.99  1.17  0.68  0.45  0.55  0.84  1.31
 4231.25  1.39  1.25  2.74  1.02  1.11  0.97  1.15  0.67  0.44  0.54  0.82  1.28
 4232.25  1.38  1.25  2.77  1.02  1.10  0.96  1.14  0.67  0.44  0.54  0.82  1.28
 4233.25  1.42  1.29  2.88  1.05  1.13  0.99  1.18  0.70  0.45  0.55  0.84  1.31
 4234.25  1.48  1.36  3.06  1.10  1.19  1.04  1.24  0.73  0.48  0.58  0.88  1.38
 4235.25  1.47  1.35  3.10  1.10  1.19  1.04  1.24  0.73  0.48  0.58  0.88  1.37
 4236.25  1.44  1.33  3.07  1.07  1.17  1.01  1.21  0.72  0.47  0.57  0.86  1.34
 4237.25  1.45  1.34  3.15  1.08  1.18  1.02  1.23  0.73  0.47  0.58  0.87  1.36
 4238.25  1.42  1.33  3.14  1.07  1.16  1.01  1.21  0.72  0.47  0.57  0.85  1.34
 4239.25  1.40  1.32  3.16  1.05  1.15  1.00  1.20  0.72  0.47  0.56  0.84  1.32
 4240.25  1.44  1.35  3.27  1.08  1.19  1.02  1.24  0.74  0.48  0.58  0.87  1.36
 4241.25  1.46  1.38  3.37  1.10  1.21  1.04  1.26  0.76  0.49  0.59  0.88  1.38
 4242.25  1.42  1.35  3.35  1.08  1.19  1.02  1.24  0.75  0.48  0.58  0.86  1.35
 4243.25  1.44  1.37  3.44  1.09  1.20  1.04  1.26  0.76  0.49  0.59  0.87  1.37
 4244.25  1.44  1.38  3.50  1.10  1.21  1.04  1.27  0.77  0.50  0.59  0.88  1.38
 4245.25  1.38  1.31  3.39  1.05  1.16  0.99  1.21  0.73  0.47  0.57  0.84  1.32
 4246.25  1.34  1.28  3.35  1.02  1.13  0.97  1.18  0.72  0.46  0.55  0.81  1.28
 4247.25  1.32  1.26  3.36  1.01  1.12  0.96  1.17  0.71  0.46  0.55  0.80  1.27
 4248.25  1.33  1.27  3.43  1.02  1.13  0.96  1.18  0.72  0.46  0.55  0.81  1.28
 4249.25  1.36  1.30  3.54  1.04  1.16  0.99  1.21  0.74  0.48  0.57  0.83  1.31
 4250.25  1.37  1.31  3.60  1.05  1.17  0.99  1.22  0.75  0.48  0.57  0.83  1.32
 4251.25  1.37  1.31  3.66  1.05  1.17  1.00  1.23  0.76  0.49  0.58  0.84  1.32
 4252.25  1.34  1.28  3.61  1.03  1.15  0.97  1.21  0.74  0.48  0.57  0.82  1.30
 4253.25  1.30  1.24  3.52  1.00  1.11  0.94  1.17  0.72  0.46  0.55  0.79  1.25
 4254.25  1.30  1.24  3.70  1.00  1.12  0.94  1.17  0.73  0.47  0.55  0.79  1.26
 4255.25  1.34  1.28  4.26  1.03  1.15  0.97  1.21  0.75  0.48  0.57  0.81  1.29
 4256.25  1.34  1.28  4.50  1.03  1.16  0.97  1.21  0.76  0.48  0.57  0.81  1.29
 4257.25  1.30  1.25  4.39  1.00  1.13  0.95  1.18  0.74  0.47  0.56  0.79  1.26
 4258.25  1.30  1.25  4.34  1.00  1.13  0.95  1.18  0.75  0.48  0.56  0.79  1.26
 4259.25  1.31  1.25  4.30  1.01  1.14  0.95  1.19  0.75  0.48  0.56  0.80  1.27
 4260.25  1.34  1.28  4.34  1.03  1.17  0.98  1.22  0.77  0.49  0.58  0.82  1.30
 4261.25  1.42  1.35  4.51  1.10  1.24  1.04  1.29  0.83  0.53  0.61  0.86  1.38
 4262.25  1.44  1.38  4.52  1.12  1.26  1.05  1.32  0.85  0.54  0.62  0.88  1.40
 4263.25  1.39  1.33  4.32  1.08  1.22  1.02  1.27  0.82  0.52  0.60  0.85  1.35
 4264.25  1.36  1.30  4.20  1.06  1.20  1.00  1.25  0.81  0.51  0.59  0.83  1.33
 4265.25  1.37  1.31  4.16  1.06  1.20  1.00  1.25  0.81  0.52  0.60  0.84  1.33
 4266.25  1.35  1.29  4.07  1.06  1.19  0.99  1.24  0.81  0.51  0.59  0.83  1.32
 4267.25  1.31  1.25  3.90  1.02  1.15  0.96  1.21  0.79  0.50  0.57  0.80  1.28
 4268.25  1.28  1.22  3.76  1.00  1.13  0.94  1.18  0.77  0.49  0.56  0.79  1.25
 4269.25  1.29  1.23  3.74  1.01  1.14  0.95  1.19  0.79  0.49  0.57  0.80  1.26
 4270.25  1.33  1.27  3.79  1.04  1.18  0.98  1.23  0.81  0.51  0.59  0.82  1.30
 4271.25  1.39  1.33  3.89  1.09  1.23  1.02  1.29  0.86  0.54  0.62  0.86  1.36
 4272.25  1.47  1.40  4.02  1.16  1.31  1.09  1.36  0.91  0.57  0.66  0.91  1.44
 4273.25  1.45  1.39  3.92  1.14  1.29  1.08  1.35  0.90  0.57  0.65  0.90  1.42
 4274.25  1.38  1.32  3.69  1.09  1.23  1.02  1.28  0.86  0.54  0.62  0.86  1.35
 4275.25  1.39  1.33  3.65  1.10  1.24  1.04  1.29  0.87  0.55  0.62  0.87  1.37
 4276.25  1.36  1.30  3.53  1.08  1.22  1.02  1.27  0.86  0.54  0.61  0.85  1.34
 4277.25  1.29  1.24  3.31  1.03  1.16  0.97  1.21  0.82  0.51  0.58  0.81  1.28
 4278.25  1.28  1.23  3.22  1.02  1.15  0.96  1.20  0.82  0.51  0.58  0.80  1.26
 4279.25  1.28  1.23  3.18  1.02  1.15  0.97  1.20  0.82  0.51  0.58  0.81  1.27
 4280.25  1.32  1.26  3.19  1.05  1.18  1.00  1.23  0.85  0.53  0.60  0.83  1.30
 4281.25  1.36  1.30  3.23  1.08  1.22  1.03  1.28  0.88  0.55  0.62  0.86  1.34
 4282.25  1.35  1.30  3.15  1.08  1.22  1.03  1.27  0.88  0.55  0.61  0.85  1.33
 4283.25  1.34  1.28  3.06  1.07  1.21  1.02  1.26  0.88  0.54  0.61  0.84  1.32
 4284.25  1.35  1.29  3.01  1.07  1.21  1.03  1.27  0.89  0.55  0.61  0.85  1.33
 4285.25  1.32  1.26  2.89  1.05  1.19  1.01  1.24  0.87  0.54  0.60  0.83  1.30
 4286.25  1.32  1.27  2.83  1.05  1.19  1.02  1.24  0.88  0.54  0.60  0.83  1.30
 4287.25  1.36  1.30  2.85  1.08  1.23  1.05  1.28  0.90  0.56  0.62  0.86  1.34
 4288.25  1.34  1.29  2.80  1.07  1.21  1.04  1.27  0.90  0.55  0.62  0.85  1.33
 4289.25  1.34  1.28  2.78  1.07  1.21  1.04  1.27  0.90  0.55  0.61  0.85  1.32
 4290.25  1.39  1.34  2.88  1.12  1.26  1.09  1.32  0.94  0.58  0.64  0.88  1.38
 4291.25  1.40  1.34  2.88  1.12  1.26  1.09  1.32  0.95  0.58  0.64  0.89  1.38
 4292.25  1.32  1.27  2.73  1.06  1.20  1.04  1.25  0.90  0.55  0.61  0.84  1.31
 4293.25  1.29  1.23  2.66  1.03  1.17  1.01  1.22  0.88  0.54  0.59  0.82  1.27
 4294.25  1.29  1.23  2.65  1.03  1.16  1.01  1.22  0.88  0.54  0.59  0.82  1.27
 4295.25  1.31  1.25  2.68  1.05  1.19  1.03  1.24  0.90  0.55  0.60  0.83  1.29
 4296.25  1.29  1.23  2.64  1.04  1.17  1.02  1.22  0.89  0.54  0.60  0.82  1.27
 4297.25  1.28  1.22  2.62  1.03  1.16  1.01  1.21  0.89  0.54  0.59  0.82  1.26
 4298.25  1.31  1.26  2.68  1.06  1.19  1.04  1.25  0.92  0.55  0.61  0.84  1.30
 4299.25  1.40  1.34  2.83  1.13  1.27  1.11  1.33  0.98  0.59  0.65  0.89  1.38
 4300.25  1.47  1.41  2.97  1.19  1.34  1.18  1.40  1.04  0.63  0.69  0.94  1.46
 4301.25  1.51  1.44  3.03  1.22  1.37  1.21  1.44  1.07  0.65  0.70  0.97  1.49
 4302.25  1.52  1.46  3.05  1.24  1.39  1.22  1.46  1.09  0.65  0.71  0.98  1.51
 4303.25  1.52  1.46  3.04  1.24  1.38  1.22  1.46  1.09  0.66  0.71  0.98  1.50
 4304.25  1.50  1.43  2.99  1.22  1.36  1.21  1.43  1.08  0.65  0.70  0.96  1.48
 4305.25  1.46  1.40  2.91  1.19  1.33  1.18  1.40  1.06  0.63  0.68  0.94  1.44
 4306.25  1.44  1.38  2.88  1.18  1.31  1.17  1.39  1.05  0.63  0.68  0.93  1.43
 4307.25  1.39  1.34  2.78  1.14  1.27  1.13  1.34  1.02  0.61  0.65  0.90  1.38
 4308.25  1.36  1.31  2.71  1.12  1.24  1.11  1.31  1.00  0.59  0.64  0.88  1.35
 4309.25  1.37  1.32  2.72  1.12  1.24  1.12  1.32  1.01  0.60  0.64  0.88  1.36
 4310.25  1.37  1.32  2.71  1.13  1.24  1.12  1.33  1.01  0.60  0.65  0.89  1.36
 4311.25  1.38  1.33  2.72  1.13  1.25  1.13  1.33  1.02  0.61  0.65  0.89  1.36
 4312.25  1.37  1.33  2.70  1.13  1.24  1.13  1.33  1.02  0.60  0.65  0.89  1.35
 4313.25  1.35  1.31  2.66  1.11  1.22  1.11  1.31  1.01  0.60  0.64  0.87  1.34
 4314.25  1.32  1.28  2.59  1.09  1.19  1.09  1.28  0.99  0.58  0.62  0.85  1.30
 4315.25  1.26  1.23  2.48  1.04  1.14  1.05  1.23  0.96  0.56  0.60  0.82  1.25
 4316.25  1.26  1.23  2.46  1.04  1.14  1.06  1.23  0.96  0.56  0.59  0.82  1.25
 4317.25  1.23  1.20  2.40  1.01  1.11  1.04  1.20  0.94  0.55  0.58  0.80  1.21
 4318.25  1.21  1.19  2.36  1.00  1.10  1.03  1.18  0.93  0.54  0.57  0.78  1.20
 4319.25  1.24  1.22  2.41  1.03  1.12  1.06  1.21  0.96  0.56  0.59  0.80  1.23
 4320.25  1.27  1.25  2.46  1.06  1.15  1.09  1.24  0.98  0.57  0.60  0.82  1.26
 4321.25  1.26  1.24  2.44  1.05  1.14  1.09  1.24  0.98  0.57  0.60  0.82  1.25
 4322.25  1.28  1.26  2.46  1.06  1.16  1.12  1.26  1.00  0.58  0.61  0.83  1.27
 4323.25  1.34  1.33  2.57  1.12  1.21  1.18  1.32  1.05  0.61  0.64  0.87  1.33
 4324.25  1.49  1.47  2.82  1.24  1.34  1.31  1.46  1.17  0.68  0.71  0.96  1.47
 4325.25  1.53  1.52  2.89  1.28  1.38  1.36  1.51  1.21  0.70  0.73  0.99  1.51
 4326.25  1.46  1.45  2.75  1.22  1.31  1.30  1.43  1.16  0.67  0.70  0.94  1.44
 4327.25  1.40  1.40  2.65  1.17  1.26  1.26  1.38  1.12  0.65  0.67  0.90  1.39
 4328.25  1.37  1.37  2.58  1.15  1.23  1.24  1.35  1.10  0.63  0.66  0.88  1.35
 4329.25  1.35  1.35  2.53  1.13  1.21  1.23  1.33  1.08  0.62  0.64  0.87  1.33
 4330.25  1.32  1.32  2.47  1.11  1.19  1.21  1.31  1.07  0.61  0.63  0.85  1.30
 4331.25  1.30  1.31  2.43  1.09  1.17  1.20  1.29  1.06  0.61  0.62  0.84  1.29
 4332.25  1.31  1.32  2.44  1.10  1.17  1.21  1.30  1.06  0.61  0.63  0.84  1.29
 4333.25  1.32  1.33  2.44  1.11  1.18  1.23  1.31  1.08  0.62  0.63  0.84  1.30
 4334.25  1.32  1.33  2.44  1.12  1.18  1.24  1.31  1.08  0.62  0.64  0.85  1.30
 4335.25  1.33  1.35  2.45  1.13  1.19  1.26  1.32  1.10  0.63  0.64  0.85  1.31
 4336.25  1.32  1.34  2.43  1.12  1.18  1.26  1.32  1.09  0.63  0.64  0.85  1.31
 4337.25  1.30  1.32  2.38  1.11  1.16  1.24  1.30  1.08  0.62  0.63  0.83  1.28
 4338.25  1.35  1.37  2.46  1.15  1.21  1.30  1.35  1.12  0.65  0.65  0.86  1.33
 4339.25  1.41  1.43  2.55  1.20  1.26  1.36  1.41  1.18  0.68  0.68  0.90  1.39
 4340.25  1.45  1.47  2.61  1.24  1.29  1.41  1.45  1.22  0.70  0.70  0.92  1.43
 4341.25  1.47  1.49  2.63  1.26  1.31  1.43  1.47  1.24  0.71  0.71  0.93  1.44
 4342.25  1.45  1.47  2.58  1.24  1.29  1.42  1.45  1.22  0.71  0.70  0.92  1.42
 4343.25  1.40  1.42  2.50  1.21  1.25  1.38  1.41  1.19  0.69  0.68  0.89  1.38
 4344.25  1.35  1.37  2.40  1.16  1.20  1.34  1.36  1.15  0.66  0.65  0.85  1.33
 4345.25  1.33  1.34  2.35  1.14  1.17  1.32  1.34  1.13  0.65  0.64  0.84  1.30
 4346.25  1.31  1.32  2.30  1.13  1.15  1.31  1.33  1.12  0.64  0.63  0.82  1.28
 4347.25  1.29  1.31  2.27  1.12  1.14  1.30  1.32  1.11  0.64  0.62  0.81  1.26
 4348.25  1.30  1.31  2.27  1.12  1.14  1.31  1.33  1.12  0.64  0.63  0.81  1.27
 4349.25  1.28  1.29  2.22  1.11  1.12  1.30  1.31  1.11  0.63  0.62  0.80  1.25
 4350.25  1.24  1.24  2.14  1.07  1.08  1.26  1.28  1.07  0.61  0.59  0.77  1.21
 4351.25  1.28  1.29  2.21  1.11  1.12  1.31  1.33  1.12  0.64  0.62  0.80  1.25
 4352.25  1.38  1.39  2.36  1.20  1.20  1.42  1.43  1.20  0.69  0.66  0.86  1.34
 4353.25  1.39  1.40  2.37  1.21  1.21  1.44  1.45  1.22  0.70  0.67  0.87  1.35
 4354.25  1.35  1.36  2.29  1.18  1.18  1.40  1.42  1.19  0.68  0.65  0.84  1.31
 4355.25  1.34  1.35  2.27  1.17  1.17  1.40  1.41  1.18  0.68  0.65  0.83  1.30
 4356.25  1.34  1.34  2.25  1.17  1.16  1.40  1.41  1.18  0.68  0.64  0.83  1.30
 4357.25  1.32  1.32  2.21  1.16  1.14  1.39  1.40  1.17  0.67  0.64  0.82  1.28
 4358.25  1.29  1.30  2.16  1.13  1.12  1.37  1.38  1.15  0.66  0.62  0.80  1.25
 4359.25  1.31  1.31  2.17  1.15  1.13  1.39  1.40  1.17  0.67  0.63  0.80  1.26
 4360.25  1.37  1.37  2.25  1.20  1.18  1.46  1.46  1.22  0.70  0.66  0.84  1.32
 4361.25  1.34  1.34  2.20  1.18  1.15  1.44  1.44  1.21  0.69  0.65  0.82  1.29
 4362.25  1.26  1.26  2.06  1.11  1.08  1.36  1.37  1.14  0.65  0.61  0.77  1.22
 4363.25  1.25  1.25  2.03  1.11  1.07  1.36  1.36  1.13  0.65  0.60  0.76  1.20
 4364.25  1.30  1.30  2.10  1.15  1.12  1.42  1.42  1.18  0.68  0.63  0.80  1.25
 4365.25  1.32  1.32  2.11  1.17  1.13  1.44  1.44  1.20  0.69  0.64  0.81  1.27
 4366.25  1.30  1.30  2.07  1.15  1.11  1.43  1.43  1.19  0.68  0.63  0.79  1.25
 4367.25  1.32  1.31  2.08  1.17  1.12  1.45  1.45  1.21  0.69  0.63  0.80  1.26
 4368.25  1.31  1.30  2.06  1.16  1.11  1.45  1.45  1.20  0.69  0.63  0.79  1.25
 4369.25  1.24  1.23  1.94  1.10  1.05  1.38  1.37  1.14  0.65  0.59  0.75  1.18
 4370.25  1.26  1.25  1.95  1.12  1.06  1.41  1.40  1.16  0.66  0.60  0.76  1.20
 4371.25  1.34  1.32  2.06  1.19  1.13  1.50  1.49  1.24  0.71  0.64  0.80  1.27
 4372.25  1.34  1.33  2.05  1.20  1.13  1.51  1.50  1.25  0.71  0.65  0.81  1.28
 4373.25  1.31  1.30  1.99  1.18  1.10  1.48  1.47  1.22  0.70  0.63  0.79  1.25
 4374.25  1.32  1.30  1.99  1.19  1.10  1.50  1.49  1.23  0.70  0.63  0.79  1.25
 4375.25  1.36  1.34  2.04  1.23  1.14  1.55  1.54  1.27  0.73  0.65  0.82  1.29
 4376.25  1.37  1.35  2.04  1.24  1.14  1.57  1.56  1.29  0.74  0.66  0.82  1.30
 4377.25  1.31  1.29  1.93  1.19  1.09  1.50  1.49  1.23  0.70  0.63  0.78  1.24
 4378.25  1.24  1.22  1.82  1.13  1.03  1.43  1.42  1.17  0.67  0.59  0.74  1.17
 4379.25  1.23  1.21  1.80  1.12  1.02  1.43  1.41  1.17  0.67  0.59  0.74  1.16
 4380.25  1.23  1.21  1.79  1.13  1.02  1.44  1.42  1.17  0.67  0.59  0.74  1.16
 4381.25  1.26  1.24  1.81  1.15  1.04  1.47  1.45  1.20  0.68  0.60  0.75  1.18
 4382.25  1.29  1.27  1.84  1.18  1.06  1.51  1.49  1.23  0.70  0.62  0.77  1.21
 4383.25  1.31  1.28  1.85  1.20  1.08  1.54  1.52  1.25  0.72  0.62  0.78  1.23
 4384.25  1.38  1.36  1.94  1.28  1.14  1.64  1.61  1.33  0.76  0.66  0.83  1.30
 4385.25  1.45  1.42  2.02  1.34  1.20  1.72  1.69  1.40  0.80  0.70  0.87  1.36
 4386.25  1.40  1.38  1.94  1.30  1.16  1.67  1.65  1.36  0.78  0.67  0.84  1.31
 4387.25  1.34  1.31  1.84  1.24  1.10  1.60  1.57  1.30  0.74  0.64  0.80  1.25
 4388.25  1.34  1.31  1.83  1.25  1.10  1.61  1.58  1.30  0.75  0.64  0.80  1.25
 4389.25  1.38  1.35  1.87  1.29  1.14  1.67  1.63  1.35  0.77  0.66  0.83  1.29
 4390.25  1.38  1.35  1.86  1.29  1.14  1.67  1.63  1.35  0.77  0.66  0.83  1.29
 4391.25  1.37  1.34  1.82  1.28  1.13  1.66  1.61  1.34  0.77  0.66  0.82  1.27
 4392.25  1.35  1.32  1.79  1.27  1.11  1.64  1.59  1.32  0.76  0.65  0.81  1.25
 4393.25  1.32  1.28  1.74  1.24  1.08  1.61  1.55  1.30  0.74  0.63  0.79  1.22
 4394.25  1.28  1.25  1.68  1.21  1.05  1.57  1.51  1.26  0.72  0.61  0.76  1.18
 4395.25  1.28  1.25  1.68  1.21  1.05  1.58  1.51  1.27  0.73  0.61  0.76  1.18
 4396.25  1.30  1.27  1.70  1.23  1.07  1.61  1.54  1.29  0.74  0.62  0.78  1.20
 4397.25  1.30  1.26  1.69  1.23  1.06  1.61  1.53  1.29  0.74  0.62  0.77  1.19
 4398.25  1.28  1.25  1.67  1.22  1.05  1.60  1.51  1.28  0.73  0.61  0.76  1.18
 4399.25  1.30  1.26  1.68  1.24  1.06  1.62  1.53  1.30  0.75  0.62  0.78  1.20
 4400.25  1.31  1.27  1.69  1.25  1.07  1.62  1.54  1.30  0.75  0.63  0.78  1.20
 4401.25  1.33  1.28  1.70  1.27  1.08  1.64  1.56  1.32  0.76  0.63  0.79  1.21
 4402.25  1.33  1.28  1.70  1.27  1.08  1.63  1.56  1.32  0.77  0.63  0.79  1.21
 4403.25  1.27  1.22  1.62  1.21  1.03  1.55  1.49  1.27  0.73  0.60  0.75  1.15
 4404.25  1.25  1.20  1.59  1.20  1.01  1.52  1.47  1.25  0.72  0.60  0.74  1.13
 4405.25  1.29  1.24  1.63  1.24  1.04  1.56  1.51  1.29  0.75  0.61  0.76  1.17
 4406.25  1.27  1.23  1.61  1.23  1.03  1.54  1.50  1.28  0.74  0.61  0.75  1.15
 4407.25  1.21  1.16  1.52  1.17  0.98  1.46  1.42  1.22  0.70  0.58  0.72  1.09
 4408.25  1.23  1.18  1.54  1.18  0.99  1.47  1.44  1.23  0.72  0.58  0.72  1.10
 4409.25  1.23  1.18  1.53  1.18  0.99  1.46  1.44  1.24  0.72  0.58  0.72  1.10
 4410.25  1.19  1.15  1.49  1.15  0.96  1.42  1.40  1.21  0.70  0.57  0.70  1.07
 4411.25  1.23  1.19  1.53  1.19  1.00  1.46  1.45  1.25  0.73  0.59  0.73  1.10
 4412.25  1.22  1.17  1.50  1.18  0.98  1.43  1.43  1.23  0.72  0.58  0.72  1.09
 4413.25  1.15  1.11  1.42  1.12  0.93  1.35  1.35  1.17  0.68  0.55  0.68  1.02
 4414.25  1.18  1.14  1.45  1.14  0.95  1.38  1.39  1.20  0.70  0.56  0.69  1.05
 4415.25  1.24  1.19  1.51  1.20  0.99  1.44  1.45  1.26  0.73  0.59  0.73  1.09
 4416.25  1.24  1.19  1.51  1.20  0.99  1.43  1.46  1.26  0.74  0.59  0.73  1.10
 4417.25  1.19  1.15  1.45  1.16  0.96  1.37  1.40  1.22  0.71  0.57  0.70  1.05
 4418.25  1.23  1.19  1.49  1.20  0.99  1.41  1.45  1.26  0.74  0.59  0.72  1.09
 4419.25  1.28  1.23  1.55  1.25  1.03  1.46  1.51  1.31  0.77  0.61  0.75  1.13
 4420.25  1.26  1.21  1.52  1.23  1.01  1.44  1.48  1.29  0.76  0.60  0.74  1.11
 4421.25  1.22  1.17  1.46  1.19  0.98  1.38  1.43  1.25  0.74  0.58  0.72  1.07
 4422.25  1.23  1.18  1.47  1.20  0.99  1.39  1.45  1.26  0.74  0.58  0.72  1.07
 4423.25  1.28  1.23  1.52  1.25  1.02  1.43  1.50  1.31  0.77  0.61  0.75  1.11
 4424.25  1.30  1.25  1.54  1.27  1.04  1.45  1.53  1.34  0.79  0.62  0.76  1.13
 4425.25  1.29  1.23  1.52  1.26  1.03  1.43  1.51  1.32  0.78  0.61  0.75  1.11
 4426.25  1.23  1.18  1.45  1.21  0.99  1.36  1.45  1.27  0.75  0.58  0.72  1.07
 4427.25  1.21  1.16  1.42  1.19  0.97  1.33  1.42  1.25  0.74  0.57  0.71  1.05
 4428.25  1.22  1.17  1.42  1.19  0.98  1.33  1.43  1.26  0.75  0.58  0.71  1.05
 4429.25  1.24  1.19  1.44  1.21  0.99  1.34  1.45  1.28  0.76  0.58  0.72  1.06
 4430.25  1.28  1.23  1.48  1.26  1.03  1.39  1.50  1.33  0.79  0.61  0.75  1.10
 4431.25  1.34  1.28  1.54  1.31  1.08  1.44  1.57  1.39  0.83  0.63  0.78  1.14
 4432.25  1.31  1.25  1.50  1.28  1.05  1.40  1.52  1.35  0.81  0.62  0.76  1.11
 4433.25  1.26  1.21  1.44  1.23  1.01  1.34  1.47  1.31  0.78  0.59  0.74  1.07
 4434.25  1.28  1.23  1.46  1.26  1.03  1.36  1.50  1.33  0.80  0.61  0.75  1.09
 4435.25  1.32  1.27  1.50  1.30  1.06  1.39  1.54  1.38  0.82  0.62  0.77  1.12
 4436.25  1.34  1.28  1.52  1.32  1.08  1.41  1.56  1.40  0.84  0.63  0.78  1.13
 4437.25  1.31  1.25  1.47  1.28  1.05  1.36  1.51  1.36  0.82  0.62  0.76  1.09
 4438.25  1.27  1.21  1.42  1.25  1.02  1.32  1.47  1.32  0.80  0.60  0.74  1.06
 4439.25  1.24  1.18  1.38  1.22  1.00  1.28  1.43  1.29  0.78  0.59  0.72  1.03
 4440.25  1.24  1.18  1.37  1.21  0.99  1.27  1.43  1.29  0.78  0.58  0.72  1.03
 4441.25  1.27  1.21  1.41  1.25  1.02  1.30  1.47  1.33  0.80  0.60  0.74  1.06
 4442.25  1.32  1.26  1.45  1.30  1.06  1.34  1.52  1.38  0.83  0.63  0.77  1.09
 4443.25  1.33  1.26  1.45  1.30  1.07  1.35  1.52  1.39  0.84  0.63  0.77  1.10
 4444.25  1.34  1.28  1.46  1.32  1.08  1.36  1.53  1.40  0.85  0.64  0.78  1.10
 4445.25  1.34  1.27  1.45  1.32  1.08  1.35  1.53  1.40  0.85  0.64  0.78  1.10
 4446.25  1.27  1.21  1.37  1.26  1.02  1.28  1.45  1.33  0.81  0.61  0.74  1.04
 4447.25  1.22  1.16  1.32  1.22  0.98  1.23  1.40  1.28  0.78  0.59  0.71  1.00
 4448.25  1.25  1.19  1.34  1.25  1.01  1.25  1.42  1.31  0.80  0.60  0.73  1.02
 4449.25  1.27  1.21  1.36  1.28  1.02  1.27  1.45  1.33  0.82  0.61  0.74  1.04
 4450.25  1.28  1.22  1.36  1.29  1.03  1.28  1.46  1.34  0.83  0.62  0.75  1.04
 4451.25  1.29  1.22  1.36  1.30  1.04  1.28  1.46  1.35  0.83  0.62  0.75  1.04
 4452.25  1.29  1.23  1.36  1.31  1.04  1.28  1.46  1.35  0.83  0.62  0.75  1.04
 4453.25  1.33  1.26  1.40  1.35  1.07  1.31  1.50  1.39  0.86  0.64  0.77  1.07
 4454.25  1.36  1.29  1.42  1.39  1.09  1.34  1.53  1.42  0.88  0.66  0.79  1.09
 4455.25  1.37  1.30  1.43  1.41  1.10  1.35  1.54  1.43  0.89  0.66  0.80  1.09
 4456.25  1.38  1.31  1.43  1.42  1.11  1.35  1.55  1.45  0.90  0.67  0.80  1.10
 4457.25  1.38  1.31  1.42  1.43  1.11  1.35  1.55  1.44  0.90  0.67  0.80  1.10
 4458.25  1.38  1.31  1.42  1.43  1.11  1.35  1.55  1.44  0.90  0.67  0.80  1.10
 4459.25  1.38  1.31  1.42  1.44  1.12  1.35  1.55  1.45  0.91  0.68  0.81  1.10
 4460.25  1.39  1.32  1.42  1.46  1.12  1.35  1.56  1.46  0.92  0.68  0.81  1.11
 4461.25  1.36  1.30  1.39  1.44  1.10  1.32  1.53  1.43  0.90  0.67  0.80  1.09
 4462.25  1.31  1.25  1.33  1.38  1.06  1.27  1.46  1.38  0.87  0.64  0.76  1.04
 4463.25  1.33  1.26  1.34  1.41  1.07  1.28  1.48  1.39  0.88  0.65  0.77  1.05
 4464.25  1.34  1.27  1.35  1.43  1.08  1.29  1.49  1.41  0.89  0.66  0.78  1.06
 4465.25  1.36  1.30  1.37  1.46  1.10  1.31  1.52  1.44  0.91  0.68  0.80  1.08
 4466.25  1.40  1.34  1.41  1.51  1.13  1.35  1.56  1.48  0.94  0.70  0.82  1.11
 4467.25  1.42  1.35  1.42  1.53  1.14  1.36  1.57  1.49  0.95  0.70  0.83  1.12
 4468.25  1.41  1.34  1.41  1.52  1.14  1.34  1.56  1.48  0.95  0.70  0.82  1.12
 4469.25  1.38  1.31  1.38  1.50  1.11  1.31  1.53  1.45  0.93  0.69  0.81  1.09
 4470.25  1.40  1.34  1.40  1.53  1.13  1.34  1.56  1.48  0.95  0.70  0.82  1.11
 4471.25  1.43  1.37  1.42  1.56  1.15  1.36  1.58  1.51  0.97  0.72  0.84  1.13
 4472.25  1.39  1.34  1.38  1.53  1.12  1.32  1.54  1.47  0.95  0.70  0.82  1.10
 4473.25  1.36  1.31  1.35  1.50  1.10  1.29  1.50  1.44  0.93  0.68  0.80  1.08
 4474.25  1.34  1.29  1.33  1.49  1.08  1.26  1.48  1.42  0.92  0.68  0.79  1.06
 4475.25  1.31  1.26  1.29  1.45  1.05  1.23  1.44  1.38  0.90  0.66  0.77  1.03
 4476.25  1.32  1.27  1.30  1.47  1.06  1.23  1.45  1.39  0.90  0.66  0.77  1.04
 4477.25  1.36  1.31  1.33  1.52  1.09  1.27  1.49  1.43  0.93  0.69  0.79  1.07
 4478.25  1.35  1.31  1.33  1.52  1.09  1.26  1.49  1.43  0.94  0.69  0.79  1.07
 4479.25  1.35  1.31  1.32  1.52  1.08  1.25  1.48  1.43  0.93  0.68  0.79  1.06
 4480.25  1.36  1.33  1.33  1.54  1.09  1.26  1.49  1.44  0.95  0.69  0.80  1.07
 4481.25  1.40  1.36  1.36  1.59  1.12  1.29  1.52  1.48  0.97  0.71  0.82  1.10
 4482.25  1.41  1.38  1.38  1.63  1.14  1.31  1.54  1.50  0.99  0.72  0.83  1.11
 4483.25  1.40  1.38  1.36  1.63  1.13  1.30  1.53  1.49  0.99  0.72  0.82  1.10
 4484.25  1.36  1.34  1.32  1.60  1.10  1.26  1.48  1.45  0.96  0.70  0.80  1.07
 4485.25  1.33  1.31  1.29  1.59  1.07  1.23  1.45  1.41  0.94  0.68  0.78  1.04
 4486.25  1.33  1.31  1.28  1.60  1.07  1.22  1.44  1.41  0.94  0.68  0.78  1.04
 4487.25  1.34  1.32  1.29  1.63  1.07  1.23  1.45  1.42  0.95  0.69  0.78  1.05
 4488.25  1.35  1.34  1.30  1.66  1.08  1.24  1.46  1.43  0.96  0.70  0.79  1.05
 4489.25  1.39  1.38  1.33  1.72  1.11  1.28  1.49  1.47  0.99  0.72  0.81  1.08
 4490.25  1.40  1.39  1.33  1.75  1.12  1.28  1.50  1.48  1.00  0.72  0.82  1.09
 4491.25  1.38  1.37  1.31  1.74  1.10  1.26  1.47  1.46  0.99  0.71  0.80  1.07
 4492.25  1.36  1.35  1.29  1.74  1.09  1.25  1.45  1.44  0.98  0.70  0.79  1.06
 4493.25  1.36  1.35  1.29  1.76  1.09  1.24  1.45  1.43  0.98  0.70  0.79  1.05
 4494.25  1.36  1.36  1.29  1.78  1.09  1.25  1.45  1.43  0.98  0.71  0.79  1.06
 4495.25  1.41  1.41  1.33  1.86  1.13  1.29  1.50  1.48  1.02  0.73  0.82  1.09
 4496.25  1.40  1.41  1.32  1.87  1.12  1.29  1.49  1.48  1.02  0.73  0.82  1.09
 4497.25  1.36  1.37  1.28  1.83  1.09  1.25  1.44  1.43  0.99  0.71  0.79  1.05
 4498.25  1.36  1.37  1.28  1.85  1.09  1.24  1.44  1.43  0.99  0.71  0.79  1.05
 4499.25  1.35  1.36  1.27  1.85  1.08  1.23  1.42  1.42  0.99  0.70  0.78  1.04
 4500.25  1.35  1.36  1.27  1.87  1.08  1.23  1.42  1.41  0.99  0.70  0.78  1.04
 4501.25  1.35  1.37  1.27  1.89  1.08  1.24  1.42  1.42  0.99  0.71  0.78  1.04
 4502.25  1.38  1.40  1.30  1.95  1.10  1.26  1.45  1.44  1.02  0.72  0.80  1.06
 4503.25  1.39  1.41  1.30  1.98  1.10  1.27  1.46  1.45  1.03  0.73  0.80  1.07
 4504.25  1.34  1.37  1.26  1.93  1.06  1.22  1.40  1.40  0.99  0.70  0.77  1.03
 4505.25  1.32  1.35  1.24  1.92  1.04  1.21  1.38  1.38  0.98  0.69  0.76  1.02
 4506.25  1.33  1.36  1.24  1.94  1.05  1.21  1.38  1.38  0.99  0.70  0.77  1.02
 4507.25  1.31  1.34  1.22  1.93  1.03  1.19  1.36  1.36  0.97  0.69  0.75  1.00
 4508.25  1.32  1.35  1.23  1.96  1.03  1.20  1.36  1.36  0.98  0.69  0.76  1.01
 4509.25  1.36  1.40  1.27  2.04  1.07  1.24  1.41  1.41  1.02  0.72  0.78  1.04
 4510.25  1.39  1.44  1.30  2.10  1.09  1.26  1.43  1.44  1.04  0.73  0.80  1.06
 4511.25  1.38  1.43  1.29  2.11  1.08  1.26  1.42  1.43  1.04  0.73  0.79  1.05
 4512.25  1.38  1.44  1.29  2.12  1.08  1.26  1.42  1.43  1.04  0.73  0.79  1.05
 4513.25  1.41  1.47  1.32  2.18  1.09  1.28  1.44  1.45  1.06  0.74  0.81  1.07
 4514.25  1.41  1.47  1.32  2.20  1.09  1.28  1.45  1.45  1.07  0.75  0.81  1.07
 4515.25  1.41  1.48  1.32  2.22  1.09  1.28  1.44  1.45  1.07  0.75  0.81  1.07
 4516.25  1.42  1.49  1.32  2.24  1.09  1.29  1.45  1.46  1.08  0.75  0.81  1.07
 4517.25  1.42  1.49  1.33  2.27  1.10  1.29  1.45  1.46  1.08  0.75  0.81  1.07
 4518.25  1.43  1.50  1.33  2.29  1.09  1.29  1.44  1.46  1.09  0.75  0.81  1.07
 4519.25  1.44  1.52  1.34  2.33  1.10  1.30  1.45  1.47  1.10  0.76  0.82  1.08
 4520.25  1.45  1.52  1.34  2.37  1.10  1.30  1.45  1.47  1.10  0.76  0.82  1.08
 4521.25  1.44  1.52  1.33  2.40  1.09  1.29  1.44  1.46  1.10  0.76  0.82  1.07
 4522.25  1.42  1.49  1.31  2.39  1.07  1.27  1.41  1.43  1.08  0.75  0.80  1.05
 4523.25  1.41  1.49  1.30  2.41  1.06  1.26  1.40  1.42  1.08  0.74  0.79  1.04
 4524.25  1.41  1.50  1.30  2.45  1.06  1.26  1.41  1.42  1.08  0.75  0.80  1.04
 4525.25  1.42  1.50  1.31  2.49  1.06  1.26  1.41  1.42  1.09  0.75  0.80  1.04
 4526.25  1.45  1.54  1.34  2.58  1.09  1.29  1.45  1.46  1.12  0.77  0.82  1.06
 4527.25  1.46  1.55  1.34  2.63  1.09  1.30  1.45  1.46  1.12  0.77  0.82  1.06
 4528.25  1.44  1.53  1.32  2.62  1.07  1.28  1.43  1.44  1.11  0.76  0.81  1.04
 4529.25  1.46  1.55  1.33  2.68  1.08  1.29  1.45  1.45  1.12  0.77  0.81  1.05
 4530.25  1.49  1.58  1.36  2.76  1.10  1.31  1.47  1.47  1.15  0.78  0.83  1.07
 4531.25  1.47  1.57  1.34  2.77  1.08  1.29  1.46  1.46  1.14  0.77  0.82  1.05
 4532.25  1.46  1.55  1.33  2.77  1.07  1.28  1.44  1.44  1.13  0.77  0.81  1.04
 4533.25  1.42  1.51  1.29  2.73  1.03  1.24  1.40  1.39  1.10  0.74  0.78  1.01
 4534.25  1.41  1.50  1.28  2.75  1.03  1.23  1.40  1.38  1.10  0.74  0.78  1.00
 4535.25  1.44  1.53  1.30  2.82  1.04  1.25  1.42  1.40  1.12  0.75  0.79  1.01
 4536.25  1.46  1.55  1.32  2.90  1.05  1.26  1.44  1.42  1.13  0.76  0.80  1.02
 4537.25  1.44  1.53  1.31  2.90  1.04  1.25  1.42  1.40  1.12  0.75  0.79  1.01
 4538.25  1.42  1.50  1.29  2.89  1.02  1.23  1.40  1.38  1.11  0.74  0.78  0.99
 4539.25  1.41  1.49  1.28  2.90  1.01  1.22  1.39  1.37  1.10  0.74  0.77  0.98
 4540.25  1.42  1.49  1.29  2.94  1.01  1.22  1.40  1.37  1.11  0.74  0.77  0.98
 4541.25  1.44  1.51  1.30  3.01  1.02  1.23  1.42  1.39  1.13  0.75  0.78  0.99
 4542.25  1.45  1.51  1.31  3.05  1.03  1.24  1.42  1.39  1.13  0.76  0.78  0.99
 4543.25  1.41  1.46  1.27  3.00  0.99  1.20  1.38  1.35  1.10  0.73  0.76  0.96
 4544.25  1.40  1.45  1.26  3.00  0.98  1.18  1.37  1.34  1.10  0.73  0.75  0.95
 4545.25  1.43  1.48  1.29  3.10  1.00  1.21  1.40  1.37  1.12  0.75  0.77  0.97
 4546.25  1.47  1.51  1.32  3.20  1.03  1.24  1.44  1.40  1.15  0.77  0.79  0.99
 4547.25  1.48  1.52  1.33  3.25  1.03  1.24  1.44  1.41  1.16  0.77  0.79  0.99
 4548.25  1.47  1.50  1.32  3.25  1.02  1.23  1.43  1.39  1.15  0.77  0.78  0.98
 4549.25  1.51  1.53  1.34  3.34  1.04  1.25  1.46  1.42  1.18  0.78  0.79  1.00
 4550.25  1.57  1.59  1.40  3.50  1.08  1.30  1.52  1.47  1.23  0.82  0.83  1.03
 4551.25  1.56  1.56  1.38  3.49  1.06  1.28  1.50  1.46  1.22  0.81  0.82  1.02
 4552.25  1.51  1.51  1.34  3.42  1.03  1.24  1.45  1.41  1.18  0.78  0.79  0.98
 4553.25  1.54  1.53  1.36  3.50  1.04  1.25  1.47  1.43  1.20  0.80  0.80  0.99
 4554.25  1.55  1.53  1.36  3.54  1.04  1.25  1.48  1.43  1.21  0.80  0.80  0.99
 4555.25  1.54  1.51  1.35  3.53  1.03  1.24  1.46  1.41  1.20  0.79  0.79  0.98
 4556.25  1.57  1.54  1.37  3.60  1.05  1.26  1.49  1.44  1.22  0.81  0.80  0.99
 4557.25  1.61  1.57  1.40  3.69  1.07  1.29  1.52  1.47  1.25  0.83  0.82  1.01
 4558.25  1.58  1.53  1.37  3.89  1.04  1.25  1.49  1.43  1.22  0.81  0.80  0.99
 4559.25  1.54  1.49  1.34  4.39  1.01  1.22  1.45  1.40  1.19  0.79  0.78  0.96
 4560.25  1.54  1.48  1.33  4.61  1.00  1.21  1.44  1.39  1.19  0.79  0.77  0.95
 4561.25  1.55  1.48  1.34  4.61  1.01  1.22  1.45  1.39  1.20  0.80  0.78  0.95
 4562.25  1.57  1.49  1.35  4.58  1.01  1.22  1.46  1.40  1.21  0.80  0.78  0.96
 4563.25  1.57  1.48  1.34  4.51  1.01  1.22  1.45  1.39  1.21  0.80  0.78  0.95
 4564.25  1.58  1.49  1.36  4.48  1.02  1.23  1.47  1.41  1.22  0.81  0.78  0.96
 4565.25  1.63  1.53  1.39  4.52  1.04  1.25  1.50  1.44  1.25  0.83  0.80  0.98
 4566.25  1.65  1.54  1.41  4.50  1.05  1.26  1.52  1.45  1.27  0.84  0.81  0.99
 4567.25  1.65  1.53  1.40  4.42  1.04  1.26  1.52  1.45  1.27  0.84  0.81  0.98
 4568.25  1.63  1.50  1.38  4.31  1.03  1.24  1.50  1.43  1.25  0.83  0.79  0.96
 4569.25  1.63  1.48  1.37  4.22  1.02  1.23  1.50  1.41  1.25  0.83  0.79  0.95
 4570.25  1.65  1.49  1.38  4.19  1.03  1.24  1.52  1.43  1.26  0.83  0.79  0.96
 4571.25  1.66  1.50  1.38  4.15  1.03  1.24  1.53  1.43  1.27  0.84  0.80  0.96
 4572.25  1.69  1.51  1.40  4.15  1.05  1.26  1.56  1.45  1.29  0.86  0.81  0.98
 4573.25  1.72  1.53  1.42  4.14  1.06  1.27  1.59  1.48  1.31  0.87  0.82  0.99
 4574.25  1.69  1.49  1.38  4.00  1.04  1.24  1.56  1.44  1.29  0.85  0.80  0.97
 4575.25  1.69  1.47  1.37  3.91  1.03  1.23  1.56  1.43  1.28  0.85  0.79  0.96
 4576.25  1.72  1.49  1.38  3.89  1.04  1.25  1.59  1.45  1.30  0.86  0.80  0.97
 4577.25  1.73  1.48  1.38  3.83  1.04  1.24  1.59  1.45  1.30  0.86  0.80  0.97
 4578.25  1.73  1.46  1.36  3.73  1.02  1.23  1.58  1.43  1.29  0.86  0.79  0.96
 4579.25  1.75  1.46  1.37  3.70  1.03  1.23  1.60  1.44  1.31  0.86  0.80  0.97
 4580.25  1.78  1.47  1.38  3.67  1.04  1.24  1.63  1.46  1.32  0.88  0.81  0.98
 4581.25  1.81  1.48  1.39  3.64  1.05  1.25  1.65  1.47  1.34  0.89  0.81  0.99
 4582.25  1.85  1.50  1.41  3.62  1.07  1.27  1.68  1.49  1.36  0.90  0.83  1.00
 4583.25  1.85  1.48  1.39  3.53  1.06  1.26  1.67  1.48  1.36  0.90  0.82  0.99
 4584.25  1.84  1.46  1.37  3.43  1.04  1.24  1.66  1.47  1.34  0.89  0.81  0.98
 4585.25  1.86  1.46  1.38  3.38  1.05  1.24  1.68  1.48  1.35  0.89  0.81  0.98
 4586.25  1.84  1.43  1.35  3.27  1.03  1.22  1.66  1.46  1.33  0.88  0.80  0.97
 4587.25  1.86  1.43  1.35  3.21  1.03  1.22  1.67  1.47  1.34  0.88  0.80  0.97
 4588.25  1.89  1.43  1.36  3.18  1.04  1.23  1.69  1.48  1.35  0.89  0.81  0.97
 4589.25  1.90  1.43  1.36  3.11  1.04  1.23  1.69  1.49  1.36  0.89  0.80  0.97
 4590.25  1.87  1.39  1.32  2.98  1.02  1.20  1.66  1.46  1.33  0.88  0.79  0.95
 4591.25  1.89  1.39  1.33  2.93  1.02  1.20  1.68  1.47  1.34  0.88  0.79  0.95
 4592.25  1.94  1.41  1.35  2.93  1.04  1.22  1.72  1.50  1.37  0.90  0.81  0.97
 4593.25  1.98  1.43  1.37  2.91  1.06  1.24  1.75  1.53  1.40  0.92  0.82  0.99
 4594.25  1.98  1.41  1.35  2.85  1.05  1.23  1.75  1.52  1.39  0.91  0.81  0.98
 4595.25  1.97  1.39  1.34  2.81  1.04  1.21  1.74  1.52  1.38  0.91  0.80  0.97
 4596.25  2.03  1.42  1.37  2.86  1.06  1.24  1.78  1.55  1.41  0.93  0.82  0.99
 4597.25  2.07  1.43  1.38  2.89  1.08  1.25  1.81  1.58  1.43  0.94  0.83  1.00
 4598.25  2.06  1.41  1.36  2.84  1.06  1.23  1.80  1.56  1.42  0.93  0.82  0.99
 4599.25  2.07  1.41  1.36  2.84  1.06  1.23  1.81  1.57  1.43  0.94  0.82  0.99
 4600.25  2.09  1.40  1.36  2.83  1.06  1.23  1.82  1.58  1.43  0.94  0.82  0.99
 4601.25  2.13  1.42  1.37  2.86  1.08  1.24  1.85  1.60  1.45  0.96  0.83  1.00
 4602.25  2.15  1.42  1.37  2.86  1.08  1.25  1.86  1.61  1.46  0.96  0.84  1.01
 4603.25  2.13  1.40  1.35  2.81  1.06  1.23  1.84  1.59  1.44  0.95  0.82  0.99
 4604.25  2.10  1.37  1.32  2.75  1.04  1.20  1.81  1.57  1.42  0.93  0.81  0.97
 4605.25  2.09  1.34  1.30  2.70  1.03  1.18  1.79  1.55  1.40  0.92  0.79  0.96
 4606.25  2.15  1.37  1.33  2.74  1.05  1.20  1.84  1.58  1.43  0.94  0.81  0.97
 4607.25  2.20  1.38  1.34  2.77  1.06  1.21  1.86  1.61  1.45  0.96  0.82  0.99
 4608.25  2.22  1.37  1.33  2.74  1.05  1.20  1.86  1.60  1.45  0.95  0.81  0.98
 4609.25  2.21  1.35  1.31  2.70  1.04  1.19  1.84  1.59  1.43  0.94  0.80  0.97
 4610.25  2.18  1.30  1.27  2.61  1.01  1.15  1.80  1.54  1.39  0.92  0.78  0.94
 4611.25  2.19  1.29  1.26  2.59  1.00  1.14  1.79  1.54  1.38  0.91  0.77  0.93
 4612.25  2.28  1.33  1.30  2.65  1.03  1.17  1.85  1.59  1.43  0.94  0.80  0.96
 4613.25  2.35  1.35  1.32  2.69  1.05  1.19  1.90  1.63  1.46  0.96  0.81  0.98
 4614.25  2.43  1.38  1.35  2.74  1.08  1.22  1.95  1.67  1.50  0.99  0.83  1.00
 4615.25  2.47  1.39  1.36  2.76  1.08  1.23  1.97  1.69  1.52  1.00  0.84  1.01
 4616.25  2.45  1.36  1.33  2.70  1.06  1.20  1.94  1.66  1.49  0.98  0.82  0.99
 4617.25  2.44  1.33  1.31  2.64  1.04  1.17  1.91  1.64  1.47  0.97  0.81  0.97
 4618.25  2.46  1.33  1.30  2.63  1.04  1.17  1.92  1.64  1.47  0.97  0.81  0.97
 4619.25  2.50  1.34  1.31  2.64  1.05  1.18  1.94  1.66  1.48  0.98  0.81  0.97
 4620.25  2.57  1.36  1.33  2.67  1.07  1.19  1.98  1.69  1.51  1.00  0.82  0.99
 4621.25  2.58  1.34  1.32  2.65  1.06  1.18  1.98  1.68  1.50  0.99  0.82  0.98
 4622.25  2.58  1.32  1.30  2.61  1.05  1.17  1.96  1.67  1.49  0.98  0.81  0.97
 4623.25  2.62  1.33  1.31  2.62  1.06  1.17  1.98  1.69  1.50  0.99  0.82  0.98
 4624.25  2.63  1.32  1.30  2.59  1.05  1.17  1.98  1.68  1.50  0.99  0.81  0.97
 4625.25  2.64  1.31  1.29  2.57  1.05  1.15  1.97  1.67  1.49  0.98  0.80  0.96
 4626.25  2.68  1.31  1.30  2.58  1.06  1.16  2.00  1.69  1.51  0.99  0.81  0.97
 4627.25  2.70  1.31  1.29  2.55  1.05  1.15  1.99  1.69  1.50  0.99  0.81  0.97
 4628.25  2.68  1.28  1.27  2.51  1.04  1.13  1.97  1.67  1.48  0.98  0.79  0.95
 4629.25  2.69  1.27  1.26  2.49  1.03  1.12  1.97  1.66  1.47  0.98  0.79  0.95
 4630.25  2.77  1.30  1.29  2.53  1.05  1.15  2.02  1.70  1.51  1.00  0.81  0.97
 4631.25  2.85  1.32  1.31  2.56  1.07  1.16  2.06  1.74  1.54  1.02  0.82  0.98
 4632.25  2.84  1.30  1.29  2.53  1.07  1.15  2.05  1.72  1.53  1.01  0.81  0.97
 4633.25  2.83  1.28  1.27  2.48  1.05  1.13  2.03  1.70  1.50  1.00  0.80  0.96
 4634.25  2.88  1.29  1.28  2.49  1.06  1.14  2.05  1.71  1.52  1.01  0.81  0.97
 4635.25  2.92  1.30  1.29  2.51  1.07  1.15  2.08  1.73  1.54  1.03  0.82  0.98
 4636.25  2.92  1.31  1.30  2.51  1.08  1.15  2.10  1.74  1.55  1.03  0.82  0.99
 4637.25  2.93  1.32  1.31  2.52  1.09  1.16  2.13  1.75  1.56  1.04  0.83  0.99
 4638.25  2.92  1.32  1.31  2.52  1.09  1.16  2.14  1.76  1.57  1.05  0.83  1.00
 4639.25  2.94  1.34  1.33  2.54  1.11  1.18  2.18  1.79  1.60  1.07  0.84  1.01
 4640.25  2.96  1.35  1.35  2.56  1.13  1.19  2.21  1.81  1.62  1.08  0.85  1.03
 4641.25  2.90  1.33  1.33  2.52  1.11  1.17  2.19  1.78  1.60  1.07  0.84  1.01
 4642.25  2.88  1.33  1.33  2.50  1.11  1.17  2.20  1.78  1.60  1.07  0.84  1.01
 4643.25  2.84  1.32  1.32  2.47  1.10  1.15  2.19  1.77  1.59  1.07  0.83  1.00
 4644.25  2.81  1.31  1.32  2.45  1.10  1.15  2.19  1.76  1.59  1.06  0.83  1.00
 4645.25  2.85  1.33  1.34  2.49  1.13  1.17  2.24  1.80  1.62  1.09  0.85  1.02
 4646.25  2.88  1.35  1.37  2.52  1.14  1.18  2.28  1.82  1.65  1.11  0.86  1.04
 4647.25  2.93  1.38  1.40  2.57  1.17  1.21  2.34  1.87  1.69  1.14  0.88  1.06
 4648.25  2.97  1.42  1.43  2.62  1.20  1.24  2.41  1.91  1.73  1.17  0.91  1.09
 4649.25  2.97  1.42  1.44  2.62  1.21  1.24  2.43  1.92  1.75  1.18  0.91  1.10
 4650.25  2.84  1.36  1.38  2.50  1.16  1.19  2.34  1.84  1.68  1.13  0.88  1.05
 4651.25  2.70  1.30  1.32  2.39  1.11  1.13  2.24  1.76  1.61  1.09  0.84  1.00
 4652.25  2.67  1.29  1.32  2.36  1.11  1.12  2.24  1.75  1.60  1.08  0.84  1.00
 4653.25  2.69  1.31  1.34  2.39  1.12  1.14  2.29  1.78  1.63  1.10  0.85  1.02
 4654.25  2.68  1.31  1.35  2.39  1.13  1.14  2.30  1.79  1.63  1.11  0.85  1.02
 4655.25  2.67  1.31  1.35  2.38  1.13  1.14  2.31  1.79  1.64  1.11  0.86  1.02
 4656.25  2.63  1.30  1.34  2.35  1.12  1.13  2.30  1.78  1.63  1.11  0.85  1.01
 4657.25  2.61  1.29  1.34  2.34  1.12  1.13  2.30  1.77  1.63  1.11  0.85  1.01
 4658.25  2.60  1.30  1.34  2.33  1.13  1.13  2.30  1.78  1.63  1.12  0.86  1.02
 4659.25  2.54  1.27  1.32  2.28  1.11  1.11  2.26  1.75  1.61  1.10  0.84  1.00
 4660.25  2.48  1.25  1.30  2.23  1.09  1.09  2.21  1.72  1.59  1.08  0.83  0.98
 4661.25  2.45  1.24  1.29  2.21  1.08  1.08  2.19  1.71  1.58  1.08  0.83  0.97
 4662.25  2.45  1.25  1.30  2.22  1.10  1.09  2.20  1.72  1.59  1.09  0.83  0.98
 4663.25  2.46  1.26  1.32  2.23  1.11  1.10  2.21  1.74  1.61  1.11  0.85  1.00
 4664.25  2.50  1.29  1.35  2.27  1.14  1.13  2.26  1.78  1.65  1.14  0.87  1.02
 4665.25  2.53  1.31  1.38  2.31  1.17  1.15  2.29  1.82  1.69  1.16  0.89  1.04
 4666.25  2.51  1.31  1.38  2.30  1.17  1.15  2.28  1.82  1.69  1.17  0.89  1.04
 4667.25  2.52  1.33  1.40  2.31  1.19  1.16  2.30  1.84  1.72  1.19  0.90  1.06
 4668.25  2.58  1.37  1.45  2.38  1.23  1.20  2.37  1.90  1.78  1.23  0.94  1.09
 4669.25  2.57  1.37  1.45  2.37  1.24  1.21  2.37  1.91  1.78  1.24  0.94  1.10
 4670.25  2.49  1.34  1.42  2.30  1.21  1.18  2.30  1.86  1.74  1.21  0.92  1.07
 4671.25  2.39  1.29  1.37  2.22  1.17  1.14  2.22  1.80  1.69  1.17  0.89  1.03
 4672.25  2.32  1.27  1.34  2.16  1.15  1.11  2.17  1.77  1.66  1.15  0.88  1.02
 4673.25  2.29  1.26  1.33  2.14  1.14  1.10  2.15  1.76  1.65  1.15  0.87  1.01
 4674.25  2.31  1.28  1.36  2.16  1.17  1.12  2.18  1.79  1.68  1.17  0.89  1.03
 4675.25  2.31  1.29  1.37  2.17  1.18  1.13  2.19  1.80  1.70  1.19  0.90  1.04
 4676.25  2.26  1.27  1.35  2.12  1.17  1.12  2.15  1.78  1.67  1.17  0.89  1.02
 4677.25  2.23  1.26  1.34  2.10  1.17  1.11  2.13  1.77  1.67  1.17  0.89  1.02
 4678.25  2.22  1.27  1.34  2.10  1.17  1.12  2.13  1.78  1.68  1.18  0.89  1.02
 4679.25  2.22  1.28  1.36  2.10  1.19  1.13  2.15  1.80  1.70  1.19  0.90  1.04
 4680.25  2.24  1.30  1.38  2.13  1.21  1.15  2.18  1.83  1.73  1.22  0.92  1.06
 4681.25  2.22  1.30  1.38  2.12  1.21  1.15  2.17  1.83  1.73  1.22  0.92  1.06
 4682.25  2.18  1.29  1.37  2.09  1.21  1.14  2.14  1.81  1.72  1.21  0.92  1.05
 4683.25  2.15  1.28  1.36  2.06  1.20  1.13  2.12  1.80  1.71  1.21  0.91  1.04
 4684.25  2.10  1.26  1.34  2.02  1.19  1.11  2.08  1.77  1.69  1.20  0.90  1.03
 4685.25  2.06  1.25  1.32  1.99  1.18  1.10  2.06  1.75  1.67  1.19  0.90  1.02
 4686.25  2.04  1.25  1.32  1.98  1.18  1.10  2.05  1.75  1.68  1.19  0.90  1.02
 4687.25  2.07  1.27  1.35  2.01  1.21  1.13  2.09  1.79  1.72  1.23  0.92  1.04
 4688.25  2.13  1.33  1.41  2.08  1.27  1.17  2.16  1.87  1.79  1.28  0.96  1.09
 4689.25  2.12  1.33  1.41  2.07  1.27  1.18  2.16  1.87  1.80  1.29  0.97  1.09
 4690.25  2.02  1.28  1.36  1.98  1.23  1.13  2.08  1.80  1.73  1.24  0.93  1.05
 4691.25  1.97  1.26  1.34  1.94  1.21  1.11  2.04  1.77  1.70  1.23  0.92  1.03
 4692.25  1.98  1.28  1.35  1.95  1.23  1.13  2.06  1.80  1.73  1.25  0.94  1.05
 4693.25  1.99  1.29  1.37  1.97  1.25  1.15  2.08  1.82  1.76  1.27  0.95  1.07
 4694.25  1.96  1.29  1.37  1.95  1.25  1.14  2.06  1.81  1.75  1.27  0.95  1.06
 4695.25  1.97  1.30  1.38  1.96  1.27  1.15  2.08  1.83  1.77  1.29  0.96  1.07
 4696.25  1.96  1.30  1.38  1.95  1.28  1.16  2.07  1.84  1.78  1.29  0.97  1.08
 4697.25  1.92  1.28  1.36  1.90  1.26  1.14  2.03  1.80  1.75  1.27  0.95  1.06
 4698.25  1.90  1.27  1.35  1.88  1.25  1.13  2.01  1.79  1.74  1.27  0.95  1.05
 4699.25  1.91  1.28  1.36  1.88  1.26  1.14  2.01  1.80  1.75  1.28  0.96  1.06
 4700.25  1.91  1.29  1.37  1.88  1.27  1.15  2.02  1.81  1.77  1.30  0.97  1.07
 4701.25  1.91  1.29  1.37  1.87  1.28  1.15  2.02  1.82  1.77  1.30  0.97  1.07
 4702.25  1.92  1.31  1.38  1.88  1.30  1.17  2.03  1.84  1.80  1.32  0.99  1.08
 4703.25  1.90  1.30  1.37  1.85  1.29  1.16  2.01  1.82  1.79  1.32  0.98  1.07
 4704.25  1.90  1.30  1.37  1.84  1.29  1.17  2.01  1.82  1.79  1.32  0.98  1.08
 4705.25  1.90  1.30  1.38  1.83  1.30  1.17  2.02  1.83  1.80  1.33  0.99  1.08
 4706.25  1.85  1.28  1.35  1.78  1.27  1.15  1.97  1.79  1.76  1.31  0.97  1.06
 4707.25  1.82  1.26  1.33  1.76  1.26  1.14  1.95  1.77  1.75  1.30  0.96  1.05
 4708.25  1.86  1.29  1.36  1.79  1.29  1.16  1.99  1.81  1.79  1.33  0.98  1.07
 4709.25  1.84  1.29  1.36  1.78  1.29  1.16  1.98  1.80  1.78  1.34  0.98  1.07
 4710.25  1.83  1.29  1.35  1.78  1.29  1.16  1.97  1.80  1.78  1.34  0.98  1.07
 4711.25  1.83  1.29  1.36  1.78  1.29  1.17  1.98  1.81  1.79  1.35  0.99  1.07
 4712.25  1.81  1.28  1.35  1.76  1.29  1.16  1.96  1.79  1.78  1.34  0.98  1.06
 4713.25  1.83  1.30  1.37  1.78  1.31  1.18  1.99  1.82  1.81  1.37  1.00  1.08
 4714.25  1.85  1.32  1.39  1.81  1.33  1.20  2.02  1.85  1.84  1.39  1.02  1.10
 4715.25  1.86  1.34  1.40  1.82  1.35  1.21  2.03  1.86  1.86  1.41  1.03  1.11
 4716.25  1.85  1.33  1.39  1.81  1.34  1.21  2.02  1.85  1.85  1.41  1.03  1.10
 4717.25  1.81  1.31  1.37  1.78  1.32  1.19  1.99  1.82  1.83  1.39  1.01  1.09
 4718.25  1.78  1.29  1.35  1.75  1.31  1.18  1.96  1.80  1.80  1.38  1.00  1.07
 4719.25  1.74  1.27  1.33  1.71  1.29  1.16  1.92  1.77  1.78  1.36  0.99  1.05
 4720.25  1.70  1.24  1.30  1.67  1.26  1.13  1.88  1.73  1.74  1.34  0.97  1.03
 4721.25  1.72  1.27  1.32  1.70  1.28  1.15  1.91  1.76  1.77  1.36  0.98  1.05
 4722.25  1.77  1.31  1.37  1.75  1.33  1.20  1.97  1.82  1.83  1.41  1.02  1.09
 4723.25  1.78  1.32  1.38  1.76  1.34  1.21  1.98  1.83  1.85  1.43  1.03  1.10
 4724.25  1.76  1.31  1.37  1.75  1.34  1.20  1.97  1.82  1.84  1.43  1.03  1.09
 4725.25  1.69  1.26  1.32  1.68  1.29  1.16  1.89  1.75  1.77  1.38  0.99  1.05
 4726.25  1.64  1.23  1.28  1.63  1.26  1.13  1.84  1.70  1.73  1.35  0.97  1.02
 4727.25  1.66  1.25  1.30  1.64  1.27  1.14  1.86  1.72  1.75  1.37  0.98  1.03
 4728.25  1.72  1.29  1.35  1.70  1.32  1.19  1.92  1.78  1.81  1.42  1.02  1.07
 4729.25  1.76  1.33  1.38  1.74  1.36  1.22  1.97  1.83  1.86  1.47  1.05  1.10
 4730.25  1.76  1.33  1.38  1.74  1.36  1.22  1.97  1.83  1.86  1.47  1.05  1.10
 4731.25  1.72  1.30  1.36  1.70  1.34  1.20  1.93  1.79  1.82  1.45  1.03  1.08
 4732.25  1.68  1.27  1.32  1.66  1.31  1.17  1.88  1.75  1.78  1.42  1.01  1.05
 4733.25  1.65  1.25  1.30  1.62  1.29  1.15  1.85  1.72  1.75  1.40  0.99  1.04
 4734.25  1.63  1.24  1.29  1.60  1.28  1.14  1.83  1.70  1.73  1.39  0.98  1.03
 4735.25  1.65  1.26  1.30  1.62  1.29  1.16  1.85  1.72  1.76  1.41  1.00  1.04
 4736.25  1.66  1.27  1.32  1.63  1.31  1.17  1.86  1.74  1.77  1.43  1.01  1.05
 4737.25  1.68  1.29  1.33  1.65  1.33  1.19  1.89  1.76  1.80  1.45  1.03  1.07
 4738.25  1.69  1.30  1.34  1.66  1.34  1.20  1.90  1.77  1.81  1.47  1.04  1.08
 4739.25  1.66  1.28  1.32  1.62  1.32  1.18  1.86  1.74  1.78  1.45  1.02  1.06
 4740.25  1.66  1.28  1.33  1.63  1.33  1.19  1.87  1.75  1.79  1.46  1.03  1.06
 4741.25  1.72  1.33  1.37  1.68  1.38  1.23  1.93  1.81  1.85  1.52  1.07  1.10
 4742.25  1.73  1.34  1.38  1.69  1.40  1.24  1.94  1.82  1.86  1.53  1.08  1.11
 4743.25  1.70  1.32  1.36  1.66  1.39  1.22  1.91  1.79  1.84  1.52  1.06  1.09
 4744.25  1.69  1.31  1.35  1.64  1.38  1.22  1.89  1.78  1.82  1.51  1.06  1.09
 4745.25  1.69  1.32  1.36  1.64  1.39  1.22  1.90  1.78  1.83  1.52  1.06  1.09
 4746.25  1.68  1.32  1.36  1.64  1.40  1.22  1.89  1.78  1.83  1.52  1.06  1.09
 4747.25  1.64  1.29  1.33  1.60  1.37  1.19  1.85  1.73  1.78  1.49  1.04  1.06
 4748.25  1.63  1.28  1.32  1.58  1.37  1.18  1.83  1.72  1.77  1.48  1.03  1.05
 4749.25  1.68  1.32  1.36  1.63  1.42  1.22  1.89  1.78  1.83  1.54  1.07  1.09
 4750.25  1.69  1.34  1.38  1.64  1.44  1.24  1.91  1.79  1.85  1.56  1.08  1.10
 4751.25  1.66  1.31  1.35  1.61  1.42  1.21  1.88  1.76  1.81  1.54  1.07  1.08
 4752.25  1.63  1.29  1.34  1.58  1.41  1.20  1.86  1.73  1.79  1.52  1.05  1.07
 4753.25  1.63  1.30  1.34  1.58  1.42  1.20  1.86  1.73  1.79  1.53  1.06  1.07
 4754.25  1.63  1.30  1.34  1.58  1.43  1.20  1.87  1.74  1.80  1.54  1.06  1.07
 4755.25  1.66  1.33  1.37  1.61  1.46  1.23  1.90  1.77  1.83  1.57  1.08  1.09
 4756.25  1.67  1.34  1.38  1.61  1.48  1.24  1.92  1.78  1.84  1.59  1.09  1.10
 4757.25  1.68  1.34  1.38  1.61  1.49  1.24  1.92  1.78  1.84  1.60  1.10  1.10
 4758.25  1.69  1.35  1.40  1.62  1.51  1.25  1.94  1.80  1.86  1.62  1.11  1.11
 4759.25  1.68  1.34  1.39  1.61  1.51  1.25  1.93  1.78  1.85  1.62  1.11  1.11
 4760.25  1.65  1.32  1.37  1.58  1.49  1.22  1.90  1.75  1.82  1.59  1.09  1.09
 4761.25  1.65  1.32  1.37  1.57  1.49  1.22  1.89  1.75  1.81  1.60  1.09  1.09
 4762.25  1.67  1.34  1.39  1.59  1.52  1.24  1.92  1.77  1.84  1.62  1.11  1.10
 4763.25  1.68  1.35  1.40  1.60  1.54  1.25  1.94  1.78  1.86  1.64  1.13  1.11
 4764.25  1.66  1.33  1.38  1.57  1.52  1.23  1.91  1.76  1.83  1.63  1.11  1.10
 4765.25  1.66  1.33  1.38  1.56  1.53  1.23  1.91  1.75  1.82  1.63  1.12  1.10
 4766.25  1.66  1.34  1.38  1.56  1.53  1.24  1.92  1.75  1.83  1.64  1.12  1.10
 4767.25  1.67  1.34  1.39  1.57  1.55  1.24  1.93  1.76  1.84  1.65  1.13  1.10
 4768.25  1.68  1.36  1.40  1.58  1.57  1.26  1.94  1.77  1.85  1.67  1.14  1.11
 4769.25  1.68  1.36  1.41  1.58  1.58  1.26  1.95  1.78  1.86  1.68  1.15  1.12
 4770.25  1.67  1.35  1.40  1.56  1.57  1.25  1.93  1.76  1.84  1.67  1.14  1.11
 4771.25  1.62  1.31  1.35  1.51  1.53  1.21  1.88  1.71  1.79  1.63  1.11  1.07
 4772.25  1.61  1.31  1.35  1.50  1.54  1.21  1.88  1.70  1.78  1.63  1.11  1.07
 4773.25  1.62  1.32  1.36  1.50  1.55  1.21  1.88  1.71  1.79  1.64  1.12  1.07
 4774.25  1.60  1.30  1.34  1.48  1.53  1.20  1.86  1.69  1.77  1.63  1.11  1.06
 4775.25  1.58  1.29  1.33  1.46  1.53  1.19  1.84  1.67  1.75  1.62  1.10  1.05
 4776.25  1.57  1.28  1.32  1.44  1.52  1.18  1.83  1.66  1.74  1.61  1.10  1.04
 4777.25  1.59  1.30  1.34  1.46  1.54  1.19  1.85  1.68  1.76  1.63  1.11  1.06
 4778.25  1.57  1.28  1.33  1.44  1.54  1.18  1.84  1.67  1.74  1.62  1.11  1.05
 4779.25  1.56  1.28  1.32  1.43  1.54  1.18  1.83  1.67  1.74  1.62  1.11  1.04
 4780.25  1.59  1.30  1.35  1.45  1.58  1.20  1.86  1.70  1.77  1.66  1.13  1.06
 4781.25  1.59  1.31  1.35  1.45  1.60  1.20  1.87  1.70  1.77  1.67  1.13  1.06
 4782.25  1.55  1.28  1.32  1.41  1.57  1.17  1.82  1.66  1.73  1.63  1.11  1.04
 4783.25  1.54  1.27  1.31  1.40  1.58  1.16  1.81  1.65  1.71  1.62  1.10  1.03
 4784.25  1.55  1.28  1.32  1.41  1.61  1.17  1.82  1.67  1.73  1.64  1.11  1.03
 4785.25  1.58  1.30  1.35  1.43  1.66  1.19  1.86  1.70  1.76  1.68  1.14  1.06
 4786.25  1.60  1.32  1.36  1.45  1.70  1.20  1.88  1.73  1.78  1.70  1.16  1.07
 4787.25  1.61  1.33  1.37  1.45  1.72  1.21  1.89  1.74  1.79  1.71  1.17  1.07
 4788.25  1.61  1.33  1.37  1.45  1.74  1.21  1.89  1.74  1.79  1.72  1.17  1.07
 4789.25  1.61  1.33  1.37  1.45  1.76  1.21  1.89  1.74  1.79  1.72  1.17  1.07
 4790.25  1.63  1.35  1.40  1.47  1.81  1.22  1.92  1.77  1.82  1.76  1.19  1.09
 4791.25  1.62  1.34  1.39  1.46  1.81  1.21  1.91  1.76  1.81  1.75  1.19  1.08
 4792.25  1.57  1.30  1.35  1.41  1.78  1.18  1.85  1.71  1.76  1.70  1.16  1.05
 4793.25  1.56  1.29  1.33  1.40  1.78  1.16  1.84  1.70  1.74  1.69  1.15  1.04
 4794.25  1.58  1.31  1.35  1.41  1.82  1.18  1.86  1.72  1.77  1.72  1.17  1.05
 4795.25  1.58  1.31  1.36  1.42  1.84  1.18  1.86  1.73  1.77  1.73  1.17  1.06
 4796.25  1.58  1.32  1.36  1.42  1.87  1.18  1.87  1.73  1.77  1.74  1.18  1.06
 4797.25  1.60  1.33  1.38  1.43  1.90  1.19  1.89  1.75  1.79  1.76  1.19  1.07
 4798.25  1.60  1.33  1.37  1.42  1.92  1.19  1.88  1.75  1.79  1.76  1.19  1.07
 4799.25  1.61  1.34  1.39  1.44  1.96  1.20  1.90  1.77  1.81  1.78  1.21  1.08
 4800.25  1.64  1.36  1.41  1.46  2.00  1.21  1.92  1.80  1.83  1.81  1.23  1.09
 4801.25  1.65  1.37  1.42  1.46  2.03  1.22  1.93  1.81  1.84  1.83  1.24  1.10
 4802.25  1.65  1.38  1.42  1.46  2.05  1.22  1.93  1.81  1.85  1.84  1.24  1.10
 4803.25  1.66  1.39  1.43  1.47  2.08  1.23  1.95  1.83  1.86  1.85  1.26  1.11
 4804.25  1.68  1.40  1.45  1.49  2.13  1.24  1.97  1.85  1.88  1.88  1.28  1.12
 4805.25  1.68  1.41  1.46  1.49  2.16  1.24  1.98  1.86  1.89  1.89  1.28  1.13
 4806.25  1.71  1.43  1.48  1.51  2.20  1.26  2.00  1.89  1.91  1.92  1.30  1.14
 4807.25  1.72  1.44  1.49  1.52  2.24  1.27  2.01  1.91  1.93  1.94  1.32  1.15
 4808.25  1.73  1.45  1.50  1.52  2.27  1.27  2.02  1.92  1.94  1.96  1.33  1.16
 4809.25  1.72  1.45  1.49  1.51  2.28  1.26  2.01  1.91  1.93  1.95  1.32  1.15
 4810.25  1.70  1.43  1.48  1.50  2.27  1.25  1.99  1.89  1.91  1.94  1.31  1.14
 4811.25  1.70  1.43  1.48  1.49  2.29  1.25  1.99  1.89  1.91  1.95  1.32  1.14
 4812.25  1.70  1.43  1.48  1.49  2.31  1.25  1.99  1.90  1.91  1.95  1.32  1.14
 4813.25  1.69  1.43  1.47  1.48  2.32  1.24  1.98  1.89  1.90  1.95  1.32  1.13
 4814.25  1.68  1.42  1.47  1.47  2.32  1.23  1.97  1.88  1.89  1.94  1.31  1.13
 4815.25  1.68  1.42  1.47  1.46  2.34  1.22  1.96  1.88  1.89  1.94  1.31  1.12
 4816.25  1.66  1.40  1.45  1.44  2.33  1.21  1.93  1.86  1.86  1.92  1.30  1.11
 4817.25  1.64  1.39  1.44  1.42  2.32  1.19  1.91  1.84  1.84  1.91  1.29  1.10
 4818.25  1.64  1.39  1.44  1.42  2.34  1.19  1.91  1.84  1.84  1.91  1.29  1.10
 4819.25  1.65  1.40  1.46  1.43  2.38  1.20  1.92  1.86  1.86  1.93  1.31  1.11
 4820.25  1.65  1.40  1.46  1.43  2.40  1.20  1.92  1.86  1.86  1.94  1.31  1.11
 4821.25  1.65  1.40  1.46  1.43  2.43  1.20  1.92  1.86  1.86  1.94  1.31  1.11
 4822.25  1.63  1.39  1.45  1.42  2.44  1.18  1.90  1.85  1.84  1.93  1.30  1.10
 4823.25  1.65  1.40  1.47  1.43  2.50  1.19  1.92  1.88  1.86  1.95  1.32  1.11
 4824.25  1.71  1.45  1.53  1.48  2.62  1.23  1.98  1.95  1.92  2.02  1.37  1.15
 4825.25  1.71  1.45  1.53  1.49  2.66  1.23  1.98  1.96  1.92  2.03  1.37  1.15
 4826.25  1.67  1.42  1.50  1.45  2.64  1.20  1.94  1.93  1.89  1.99  1.35  1.12
 4827.25  1.67  1.43  1.51  1.46  2.68  1.21  1.94  1.94  1.90  2.00  1.35  1.12
 4828.25  1.68  1.43  1.52  1.47  2.73  1.21  1.95  1.96  1.91  2.02  1.36  1.13
 4829.25  1.67  1.42  1.51  1.45  2.74  1.20  1.93  1.95  1.90  2.00  1.35  1.12
 4830.25  1.68  1.43  1.52  1.47  2.80  1.21  1.94  1.98  1.92  2.02  1.37  1.13
 4831.25  1.72  1.47  1.56  1.50  2.89  1.23  1.99  2.03  1.97  2.07  1.40  1.15
 4832.25  1.72  1.47  1.57  1.50  2.94  1.24  1.99  2.04  1.98  2.08  1.41  1.15
 4833.25  1.71  1.46  1.56  1.49  2.95  1.23  1.97  2.04  1.98  2.07  1.40  1.15
 4834.25  1.67  1.42  1.52  1.46  2.92  1.19  1.92  2.00  1.93  2.03  1.37  1.12
 4835.25  1.66  1.42  1.52  1.45  2.94  1.19  1.91  1.99  1.93  2.02  1.37  1.11
 4836.25  1.71  1.46  1.57  1.49  3.06  1.22  1.97  2.06  1.99  2.08  1.41  1.14
 4837.25  1.73  1.48  1.59  1.51  3.13  1.23  1.99  2.09  2.02  2.11  1.43  1.16
 4838.25  1.69  1.45  1.56  1.48  3.11  1.21  1.95  2.06  1.99  2.08  1.41  1.14
 4839.25  1.67  1.43  1.55  1.46  3.11  1.20  1.92  2.05  1.97  2.06  1.39  1.12
 4840.25  1.69  1.45  1.57  1.48  3.17  1.21  1.94  2.08  2.00  2.09  1.41  1.13
 4841.25  1.70  1.46  1.58  1.49  3.23  1.21  1.95  2.10  2.02  2.11  1.42  1.14
 4842.25  1.70  1.46  1.58  1.49  3.26  1.21  1.94  2.11  2.02  2.11  1.42  1.14
 4843.25  1.66  1.42  1.55  1.46  3.23  1.18  1.90  2.07  1.99  2.07  1.40  1.11
 4844.25  1.67  1.43  1.56  1.46  3.27  1.19  1.90  2.08  2.00  2.08  1.40  1.12
 4845.25  1.70  1.45  1.59  1.49  3.36  1.21  1.93  2.13  2.04  2.12  1.43  1.14
 4846.25  1.70  1.46  1.59  1.49  3.40  1.21  1.93  2.14  2.05  2.13  1.44  1.14
 4847.25  1.67  1.44  1.57  1.47  3.38  1.19  1.90  2.12  2.02  2.10  1.42  1.12
 4848.25  1.66  1.42  1.56  1.46  3.39  1.18  1.88  2.11  2.01  2.09  1.41  1.11
 4849.25  1.71  1.47  1.61  1.50  3.52  1.21  1.93  2.18  2.08  2.15  1.45  1.14
 4850.25  1.77  1.52  1.68  1.56  3.68  1.26  2.00  2.27  2.16  2.24  1.51  1.19
 4851.25  1.76  1.51  1.68  1.55  3.70  1.25  1.99  2.27  2.16  2.23  1.51  1.18
 4852.25  1.73  1.49  1.65  1.52  3.67  1.23  1.95  2.24  2.13  2.20  1.49  1.16
 4853.25  1.73  1.48  1.65  1.52  3.70  1.22  1.94  2.24  2.13  2.20  1.49  1.16
 4854.25  1.75  1.50  1.68  1.54  3.78  1.24  1.96  2.28  2.16  2.23  1.51  1.17
 4855.25  1.81  1.56  1.74  1.59  3.94  1.28  2.03  2.36  2.24  2.31  1.56  1.22
 4856.25  1.89  1.62  1.82  1.66  4.13  1.33  2.11  2.47  2.34  2.41  1.64  1.27
 4857.25  1.89  1.62  1.82  1.66  4.16  1.33  2.11  2.48  2.34  2.41  1.64  1.27
 4858.25  1.85  1.59  1.79  1.63  4.12  1.30  2.06  2.44  2.30  2.37  1.61  1.24
 4859.25  1.87  1.61  1.82  1.65  4.19  1.32  2.08  2.47  2.34  2.40  1.63  1.26
 4860.25  1.91  1.65  1.86  1.69  4.29  1.35  2.12  2.54  2.40  2.46  1.67  1.29
 4861.25  1.90  1.64  1.85  1.68  4.30  1.33  2.10  2.53  2.38  2.44  1.66  1.28
 4862.25  1.76  1.51  1.72  1.56  4.48  1.23  1.95  2.36  2.22  2.27  1.54  1.18
 4863.25  1.77  1.52  1.73  1.56  5.37  1.24  1.95  2.38  2.23  2.28  1.55  1.19
 4864.25  1.88  1.62  1.85  1.67  6.00  1.32  2.07  2.53  2.38  2.43  1.65  1.27
 4865.25  1.90  1.64  1.88  1.69  6.03  1.33  2.09  2.57  2.41  2.46  1.68  1.29
 4866.25  1.88  1.62  1.86  1.67  5.89  1.31  2.06  2.55  2.39  2.43  1.66  1.28
 4867.25  1.87  1.61  1.85  1.66  5.80  1.31  2.05  2.55  2.39  2.42  1.65  1.27
 4868.25  1.86  1.61  1.85  1.65  5.71  1.30  2.04  2.54  2.38  2.41  1.65  1.27
 4869.25  1.84  1.59  1.83  1.64  5.59  1.28  2.01  2.52  2.36  2.39  1.64  1.26
 4870.25  1.80  1.55  1.80  1.60  5.41  1.25  1.96  2.48  2.31  2.34  1.60  1.23
 4871.25  1.81  1.56  1.81  1.61  5.37  1.26  1.97  2.50  2.33  2.35  1.61  1.24
 4872.25  1.92  1.66  1.93  1.71  5.58  1.34  2.08  2.66  2.48  2.50  1.72  1.32
 4873.25  1.98  1.71  1.99  1.77  5.66  1.38  2.15  2.75  2.56  2.58  1.78  1.36
 4874.25  1.91  1.65  1.93  1.71  5.43  1.33  2.07  2.67  2.48  2.49  1.72  1.32
 4875.25  1.85  1.61  1.88  1.66  5.22  1.29  2.01  2.60  2.41  2.43  1.67  1.28
 4876.25  1.84  1.59  1.87  1.65  5.12  1.28  1.99  2.59  2.40  2.41  1.66  1.27
 4877.25  1.84  1.59  1.87  1.65  5.04  1.28  1.98  2.60  2.39  2.41  1.67  1.27
 4878.25  1.81  1.57  1.85  1.62  4.90  1.26  1.95  2.57  2.36  2.38  1.64  1.25
 4879.25  1.81  1.57  1.85  1.62  4.83  1.26  1.94  2.57  2.35  2.38  1.65  1.25
 4880.25  1.78  1.54  1.82  1.59  4.68  1.23  1.90  2.54  2.31  2.34  1.62  1.23
 4881.25  1.72  1.49  1.76  1.54  4.48  1.19  1.84  2.46  2.24  2.27  1.57  1.19
 4882.25  1.73  1.50  1.78  1.56  4.44  1.20  1.85  2.49  2.25  2.28  1.58  1.20
 4883.25  1.76  1.52  1.81  1.58  4.44  1.22  1.87  2.54  2.29  2.32  1.61  1.23
 4884.25  1.75  1.51  1.79  1.57  4.34  1.21  1.85  2.53  2.27  2.31  1.61  1.22
 4885.25  1.76  1.52  1.80  1.58  4.29  1.21  1.86  2.54  2.27  2.32  1.61  1.22
 4886.25  1.76  1.52  1.79  1.58  4.22  1.21  1.85  2.55  2.27  2.32  1.62  1.23
 4887.25  1.77  1.53  1.80  1.59  4.18  1.22  1.86  2.58  2.29  2.34  1.63  1.24
 4888.25  1.77  1.53  1.80  1.59  4.11  1.22  1.86  2.59  2.29  2.34  1.64  1.24
 4889.25  1.76  1.52  1.79  1.58  4.02  1.21  1.84  2.58  2.27  2.33  1.63  1.23
 4890.25  1.78  1.54  1.81  1.60  3.99  1.23  1.86  2.62  2.30  2.36  1.65  1.25
 4891.25  1.79  1.54  1.81  1.61  3.93  1.23  1.86  2.63  2.30  2.37  1.66  1.25
 4892.25  1.81  1.57  1.83  1.63  3.91  1.24  1.88  2.67  2.33  2.40  1.69  1.27
 4893.25  1.82  1.57  1.83  1.64  3.85  1.25  1.88  2.69  2.34  2.41  1.69  1.28
 4894.25  1.80  1.56  1.81  1.62  3.74  1.23  1.86  2.67  2.31  2.38  1.68  1.26
 4895.25  1.79  1.56  1.81  1.61  3.66  1.23  1.85  2.67  2.31  2.38  1.68  1.27
 4896.25  1.77  1.54  1.78  1.59  3.55  1.21  1.82  2.65  2.28  2.35  1.66  1.25
 4897.25  1.75  1.52  1.75  1.56  3.43  1.19  1.79  2.62  2.24  2.32  1.64  1.23
 4898.25  1.75  1.52  1.75  1.56  3.37  1.20  1.79  2.63  2.25  2.33  1.65  1.24
 4899.25  1.78  1.55  1.78  1.58  3.35  1.22  1.82  2.68  2.28  2.37  1.68  1.26
 4900.25  1.83  1.60  1.83  1.62  3.40  1.25  1.86  2.77  2.35  2.44  1.73  1.30
 4901.25  1.87  1.63  1.87  1.66  3.44  1.28  1.90  2.83  2.40  2.49  1.77  1.33
 4902.25  1.83  1.60  1.83  1.62  3.37  1.25  1.86  2.78  2.35  2.45  1.74  1.30
 4903.25  1.83  1.60  1.82  1.61  3.35  1.25  1.85  2.79  2.34  2.44  1.74  1.30
 4904.25  1.89  1.66  1.88  1.66  3.44  1.29  1.90  2.88  2.41  2.52  1.80  1.35
 4905.25  1.88  1.65  1.87  1.65  3.42  1.28  1.89  2.88  2.40  2.52  1.79  1.34
 4906.25  1.82  1.60  1.80  1.59  3.30  1.24  1.83  2.79  2.32  2.44  1.74  1.30
 4907.25  1.81  1.60  1.80  1.59  3.28  1.24  1.82  2.80  2.32  2.44  1.74  1.30
 4908.25  1.84  1.63  1.83  1.61  3.33  1.26  1.85  2.86  2.37  2.49  1.78  1.33
 4909.25  1.87  1.66  1.86  1.63  3.37  1.28  1.88  2.92  2.41  2.53  1.81  1.35
 4910.25  1.89  1.68  1.87  1.65  3.40  1.30  1.89  2.96  2.43  2.56  1.84  1.37
 4911.25  1.89  1.68  1.87  1.65  3.39  1.30  1.89  2.97  2.43  2.56  1.84  1.37
 4912.25  1.88  1.68  1.87  1.64  3.37  1.30  1.89  2.97  2.43  2.56  1.84  1.37
 4913.25  1.87  1.68  1.86  1.63  3.35  1.30  1.88  2.97  2.42  2.55  1.84  1.37
 4914.25  1.86  1.67  1.85  1.62  3.33  1.29  1.86  2.97  2.41  2.54  1.84  1.37
 4915.25  1.83  1.66  1.82  1.60  3.28  1.28  1.84  2.95  2.38  2.51  1.82  1.35
 4916.25  1.80  1.63  1.79  1.57  3.21  1.26  1.80  2.90  2.34  2.47  1.79  1.33
 4917.25  1.79  1.63  1.78  1.56  3.19  1.25  1.80  2.89  2.34  2.47  1.79  1.33
 4918.25  1.81  1.65  1.80  1.57  3.22  1.27  1.82  2.91  2.37  2.50  1.82  1.35
 4919.25  1.87  1.71  1.86  1.63  3.32  1.32  1.88  3.00  2.45  2.59  1.89  1.40
 4920.25  1.96  1.79  1.93  1.70  3.45  1.38  1.96  3.12  2.56  2.70  1.98  1.47
 4921.25  1.98  1.82  1.96  1.72  3.49  1.41  1.99  3.16  2.60  2.75  2.01  1.49
 4922.25  1.98  1.82  1.95  1.71  3.47  1.40  1.98  3.14  2.59  2.74  2.01  1.49
 4923.25  1.96  1.81  1.93  1.70  3.44  1.39  1.96  3.11  2.57  2.72  2.00  1.48
 4924.25  2.00  1.85  1.96  1.73  3.50  1.43  2.00  3.16  2.63  2.79  2.05  1.52
 4925.25  1.99  1.86  1.95  1.72  3.48  1.42  1.99  3.14  2.62  2.78  2.05  1.52
 4926.25  1.95  1.82  1.90  1.68  3.39  1.39  1.94  3.07  2.56  2.72  2.02  1.48
 4927.25  1.97  1.85  1.92  1.70  3.42  1.41  1.96  3.09  2.60  2.76  2.05  1.51
 4928.25  1.96  1.85  1.91  1.69  3.40  1.41  1.96  3.07  2.59  2.75  2.05  1.50
 4929.25  1.95  1.85  1.89  1.68  3.38  1.41  1.95  3.05  2.57  2.74  2.04  1.50
 4930.25  1.93  1.84  1.87  1.67  3.35  1.40  1.93  3.02  2.55  2.73  2.04  1.49
 4931.25  1.94  1.86  1.87  1.67  3.35  1.41  1.94  3.02  2.56  2.74  2.05  1.50
 4932.25  1.93  1.86  1.86  1.66  3.33  1.40  1.93  3.00  2.55  2.73  2.05  1.50
 4933.25  1.90  1.85  1.84  1.64  3.28  1.39  1.91  2.96  2.52  2.71  2.04  1.48
 4934.25  1.96  1.91  1.88  1.69  3.36  1.43  1.97  3.03  2.59  2.78  2.10  1.53
 4935.25  2.00  1.96  1.92  1.72  3.42  1.47  2.01  3.09  2.65  2.85  2.15  1.57
 4936.25  1.97  1.94  1.89  1.70  3.37  1.45  1.98  3.04  2.61  2.81  2.13  1.55
 4937.25  1.95  1.93  1.86  1.68  3.33  1.44  1.97  3.00  2.59  2.79  2.12  1.54
 4938.25  1.94  1.93  1.85  1.67  3.31  1.43  1.96  2.98  2.58  2.79  2.12  1.53
 4939.25  1.93  1.93  1.84  1.66  3.29  1.43  1.95  2.96  2.57  2.78  2.12  1.53
 4940.25  2.01  2.01  1.91  1.73  3.40  1.49  2.03  3.07  2.67  2.89  2.21  1.60
 4941.25  2.03  2.03  1.91  1.74  3.42  1.50  2.04  3.08  2.69  2.92  2.24  1.61
 4942.25  2.00  2.01  1.88  1.72  3.36  1.49  2.02  3.03  2.65  2.88  2.21  1.59
 4943.25  1.99  2.01  1.87  1.71  3.34  1.48  2.01  3.01  2.64  2.87  2.21  1.59
 4944.25  1.98  2.01  1.85  1.70  3.31  1.47  1.99  2.98  2.62  2.86  2.20  1.58
 4945.25  1.97  2.01  1.84  1.69  3.29  1.47  1.99  2.97  2.62  2.86  2.21  1.58
 4946.25  1.99  2.04  1.85  1.71  3.31  1.49  2.01  2.98  2.64  2.89  2.24  1.60
 4947.25  2.02  2.08  1.88  1.74  3.35  1.52  2.04  3.02  2.69  2.94  2.28  1.63
 4948.25  1.99  2.06  1.85  1.71  3.29  1.50  2.01  2.97  2.65  2.90  2.26  1.61
 4949.25  1.95  2.02  1.80  1.67  3.22  1.47  1.97  2.90  2.59  2.84  2.22  1.58
 4950.25  1.94  2.02  1.78  1.66  3.19  1.46  1.96  2.87  2.58  2.83  2.21  1.57
 4951.25  1.96  2.05  1.80  1.68  3.21  1.48  1.98  2.90  2.60  2.86  2.24  1.59
 4952.25  1.98  2.08  1.81  1.69  3.23  1.50  2.00  2.91  2.63  2.89  2.27  1.61
 4953.25  1.96  2.07  1.80  1.68  3.20  1.49  1.99  2.89  2.61  2.88  2.26  1.60
 4954.25  1.95  2.07  1.79  1.67  3.18  1.49  1.98  2.87  2.60  2.87  2.26  1.60
 4955.25  1.96  2.09  1.79  1.68  3.18  1.50  1.99  2.87  2.61  2.89  2.28  1.61
 4956.25  1.98  2.12  1.81  1.70  3.20  1.53  2.01  2.89  2.64  2.93  2.31  1.63
 4957.25  1.97  2.12  1.80  1.69  3.18  1.52  2.00  2.87  2.63  2.91  2.31  1.63
 4958.25  2.00  2.17  1.82  1.71  3.21  1.55  2.03  2.90  2.66  2.96  2.35  1.65
 4959.25  2.00  2.18  1.81  1.71  3.19  1.55  2.03  2.88  2.66  2.96  2.35  1.65
 4960.25  1.91  2.10  1.73  1.63  3.05  1.48  1.94  2.75  2.55  2.84  2.26  1.58
 4961.25  1.88  2.08  1.70  1.60  2.99  1.46  1.91  2.70  2.50  2.79  2.23  1.56
 4962.25  1.88  2.11  1.71  1.61  2.99  1.47  1.92  2.70  2.51  2.81  2.25  1.57
 4963.25  1.88  2.12  1.70  1.61  2.98  1.48  1.92  2.69  2.51  2.80  2.25  1.57
 4964.25  1.85  2.10  1.67  1.58  2.92  1.46  1.89  2.64  2.47  2.76  2.22  1.55
 4965.25  1.82  2.08  1.64  1.55  2.87  1.44  1.86  2.60  2.43  2.72  2.20  1.53
 4966.25  1.84  2.12  1.66  1.57  2.89  1.46  1.87  2.62  2.46  2.74  2.22  1.55
 4967.25  1.83  2.12  1.65  1.56  2.87  1.45  1.87  2.61  2.45  2.74  2.22  1.55
 4968.25  1.80  2.10  1.62  1.53  2.81  1.43  1.83  2.56  2.40  2.69  2.19  1.52
 4969.25  1.81  2.13  1.62  1.54  2.81  1.44  1.85  2.57  2.42  2.71  2.21  1.53
 4970.25  1.84  2.17  1.65  1.57  2.85  1.47  1.88  2.61  2.46  2.75  2.25  1.56
 4971.25  1.85  2.20  1.65  1.58  2.85  1.48  1.89  2.62  2.47  2.76  2.27  1.57
 4972.25  1.82  2.18  1.63  1.56  2.80  1.46  1.86  2.58  2.43  2.72  2.25  1.55
 4973.25  1.81  2.18  1.61  1.54  2.76  1.45  1.84  2.55  2.41  2.70  2.23  1.54
 4974.25  1.84  2.23  1.64  1.57  2.80  1.49  1.88  2.60  2.45  2.75  2.28  1.57
 4975.25  1.86  2.27  1.65  1.59  2.83  1.51  1.91  2.63  2.48  2.78  2.32  1.60
 4976.25  1.85  2.27  1.64  1.58  2.79  1.50  1.89  2.60  2.46  2.76  2.31  1.59
 4977.25  1.85  2.28  1.63  1.58  2.78  1.50  1.89  2.59  2.46  2.75  2.31  1.59
 4978.25  1.85  2.30  1.63  1.59  2.77  1.51  1.90  2.60  2.46  2.76  2.32  1.60
 4979.25  1.87  2.34  1.65  1.61  2.79  1.53  1.92  2.62  2.48  2.79  2.35  1.62
 4980.25  1.90  2.39  1.67  1.63  2.82  1.56  1.95  2.65  2.52  2.83  2.40  1.65
 4981.25  1.90  2.41  1.67  1.64  2.81  1.56  1.96  2.66  2.52  2.84  2.41  1.66
 4982.25  1.92  2.44  1.68  1.65  2.82  1.58  1.98  2.67  2.54  2.85  2.44  1.68
 4983.25  1.98  2.53  1.73  1.70  2.88  1.63  2.04  2.75  2.61  2.94  2.52  1.73
 4984.25  2.04  2.62  1.78  1.76  2.96  1.69  2.11  2.83  2.69  3.03  2.61  1.80
 4985.25  2.04  2.63  1.78  1.76  2.94  1.69  2.11  2.83  2.69  3.03  2.61  1.80
 4986.25  2.01  2.62  1.75  1.74  2.89  1.67  2.08  2.79  2.65  2.99  2.59  1.78
 4987.25  1.98  2.59  1.72  1.72  2.83  1.65  2.05  2.74  2.61  2.94  2.56  1.76
 4988.25  1.92  2.52  1.66  1.66  2.73  1.60  1.99  2.65  2.52  2.85  2.48  1.71
 4989.25  1.89  2.51  1.64  1.64  2.67  1.58  1.96  2.61  2.49  2.81  2.46  1.69
 4990.25  1.91  2.57  1.65  1.66  2.69  1.60  1.99  2.63  2.51  2.84  2.49  1.71
 4991.25  1.91  2.59  1.65  1.66  2.67  1.61  1.99  2.63  2.51  2.84  2.50  1.71
 4992.25  1.91  2.63  1.65  1.66  2.66  1.61  2.00  2.63  2.51  2.84  2.51  1.72
 4993.25  1.90  2.64  1.64  1.65  2.63  1.60  1.98  2.61  2.49  2.82  2.50  1.71
 4994.25  1.89  2.66  1.63  1.65  2.61  1.60  1.98  2.60  2.48  2.82  2.50  1.72
 4995.25  1.91  2.72  1.65  1.67  2.62  1.62  2.00  2.62  2.51  2.85  2.54  1.74
 4996.25  1.90  2.74  1.64  1.67  2.60  1.62  2.00  2.61  2.50  2.84  2.54  1.74
 4997.25  1.89  2.75  1.64  1.66  2.57  1.61  1.99  2.60  2.49  2.82  2.54  1.74
 4998.25  1.90  2.80  1.65  1.67  2.57  1.63  2.01  2.61  2.50  2.84  2.56  1.75
 4999.25  1.90  2.83  1.64  1.67  2.56  1.63  2.01  2.60  2.50  2.84  2.57  1.76
 5000.25  1.90  2.86  1.64  1.68  2.54  1.63  2.01  2.60  2.49  2.84  2.58  1.76
 5001.25  1.90  2.89  1.64  1.68  2.53  1.64  2.02  2.60  2.50  2.84  2.59  1.77
 5002.25  1.89  2.91  1.63  1.67  2.50  1.63  2.01  2.59  2.48  2.83  2.58  1.77
 5003.25  1.90  2.96  1.65  1.69  2.51  1.65  2.03  2.60  2.50  2.85  2.61  1.79
 5004.25  1.90  3.00  1.65  1.70  2.50  1.66  2.04  2.61  2.51  2.86  2.63  1.80
 5005.25  1.88  2.99  1.63  1.67  2.45  1.63  2.01  2.57  2.47  2.82  2.60  1.78
 5006.25  1.86  3.00  1.62  1.67  2.43  1.63  2.00  2.55  2.45  2.80  2.59  1.77
 5007.25  1.89  3.07  1.64  1.69  2.44  1.65  2.03  2.58  2.48  2.84  2.63  1.80
 5008.25  1.88  3.09  1.63  1.68  2.42  1.64  2.02  2.56  2.47  2.83  2.63  1.80
 5009.25  1.87  3.10  1.62  1.67  2.40  1.64  2.02  2.55  2.46  2.81  2.63  1.79
 5010.25  1.85  3.11  1.61  1.66  2.36  1.63  2.00  2.53  2.44  2.79  2.62  1.78
 5011.25  1.85  3.14  1.61  1.66  2.35  1.63  2.01  2.53  2.44  2.79  2.63  1.79
 5012.25  1.87  3.21  1.62  1.68  2.36  1.65  2.03  2.55  2.46  2.82  2.66  1.82
 5013.25  1.90  3.30  1.66  1.71  2.40  1.69  2.07  2.60  2.51  2.88  2.72  1.86
 5014.25  1.92  3.36  1.67  1.73  2.41  1.71  2.10  2.63  2.53  2.91  2.76  1.88
 5015.25  1.94  3.42  1.69  1.75  2.41  1.73  2.12  2.66  2.55  2.94  2.79  1.91
 5016.25  1.92  3.42  1.67  1.73  2.38  1.71  2.10  2.64  2.53  2.91  2.78  1.89
 5017.25  1.88  3.39  1.64  1.70  2.32  1.68  2.07  2.59  2.48  2.86  2.74  1.86
 5018.25  1.90  3.45  1.65  1.71  2.32  1.70  2.08  2.61  2.50  2.88  2.76  1.88
 5019.25  1.95  3.58  1.70  1.76  2.38  1.75  2.15  2.69  2.57  2.97  2.85  1.94
 5020.25  1.94  3.60  1.70  1.76  2.36  1.75  2.14  2.68  2.56  2.96  2.85  1.94
 5021.25  1.90  3.55  1.66  1.72  2.31  1.72  2.10  2.63  2.51  2.91  2.81  1.91
 5022.25  1.92  3.58  1.68  1.74  2.33  1.74  2.12  2.66  2.53  2.94  2.84  1.94
 5023.25  1.95  3.61  1.70  1.76  2.35  1.76  2.15  2.70  2.56  2.98  2.89  1.97
 5024.25  1.95  3.60  1.70  1.77  2.35  1.77  2.16  2.70  2.56  2.98  2.90  1.98
 5025.25  1.94  3.57  1.70  1.76  2.34  1.76  2.15  2.69  2.55  2.97  2.90  1.97
 5026.25  1.94  3.57  1.70  1.76  2.34  1.77  2.16  2.70  2.57  2.99  2.92  1.99
 5027.25  1.97  3.60  1.73  1.79  2.37  1.80  2.19  2.74  2.60  3.02  2.97  2.02
 5028.25  2.00  3.63  1.75  1.81  2.40  1.83  2.22  2.78  2.64  3.07  3.01  2.05
 5029.25  2.02  3.65  1.77  1.83  2.42  1.85  2.25  2.81  2.68  3.10  3.06  2.08
 5030.25  1.98  3.57  1.74  1.80  2.37  1.82  2.21  2.76  2.63  3.05  3.01  2.05
 5031.25  1.93  3.48  1.70  1.76  2.31  1.78  2.16  2.70  2.58  2.98  2.95  2.01
 5032.25  1.92  3.45  1.69  1.75  2.30  1.78  2.15  2.70  2.57  2.97  2.95  2.01
 5033.25  1.92  3.43  1.69  1.75  2.29  1.78  2.15  2.69  2.57  2.97  2.96  2.01
 5034.25  1.89  3.36  1.66  1.72  2.25  1.75  2.12  2.66  2.54  2.93  2.92  1.99
 5035.25  1.87  3.32  1.65  1.70  2.23  1.74  2.10  2.63  2.52  2.91  2.91  1.97
 5036.25  1.90  3.35  1.67  1.73  2.26  1.77  2.14  2.68  2.56  2.95  2.96  2.01
 5037.25  1.94  3.40  1.71  1.77  2.30  1.81  2.18  2.73  2.62  3.01  3.03  2.06
 5038.25  1.90  3.33  1.68  1.74  2.25  1.79  2.14  2.69  2.58  2.96  2.99  2.03
 5039.25  1.87  3.26  1.65  1.70  2.21  1.76  2.11  2.64  2.54  2.91  2.94  2.00
 5040.25  1.89  3.28  1.67  1.73  2.24  1.80  2.14  2.68  2.57  2.96  2.99  2.03
 5041.25  1.91  3.30  1.69  1.75  2.25  1.82  2.16  2.71  2.61  2.99  3.03  2.06
 5042.25  1.94  3.33  1.71  1.77  2.28  1.86  2.20  2.75  2.65  3.03  3.09  2.10
 5043.25  1.96  3.35  1.73  1.79  2.30  1.89  2.22  2.78  2.68  3.07  3.13  2.13
 5044.25  1.89  3.23  1.67  1.73  2.22  1.83  2.15  2.69  2.60  2.97  3.03  2.06
 5045.25  1.86  3.16  1.64  1.70  2.18  1.81  2.11  2.65  2.56  2.92  2.99  2.03
 5046.25  1.85  3.14  1.64  1.70  2.17  1.82  2.11  2.64  2.56  2.92  3.00  2.03
 5047.25  1.83  3.08  1.62  1.68  2.14  1.80  2.08  2.61  2.53  2.89  2.97  2.02
 5048.25  1.82  3.06  1.61  1.67  2.13  1.80  2.08  2.60  2.52  2.88  2.97  2.01
 5049.25  1.84  3.08  1.63  1.69  2.15  1.83  2.11  2.64  2.56  2.91  3.02  2.05
 5050.25  1.87  3.10  1.66  1.71  2.17  1.86  2.13  2.67  2.60  2.95  3.06  2.08
 5051.25  1.86  3.07  1.65  1.70  2.16  1.86  2.12  2.66  2.59  2.94  3.05  2.07
 5052.25  1.85  3.04  1.64  1.70  2.14  1.86  2.11  2.65  2.58  2.93  3.05  2.07
 5053.25  1.86  3.05  1.66  1.71  2.16  1.89  2.14  2.68  2.61  2.96  3.09  2.10
 5054.25  1.85  3.02  1.65  1.71  2.14  1.89  2.13  2.67  2.60  2.94  3.08  2.09
 5055.25  1.85  2.99  1.64  1.70  2.13  1.89  2.12  2.66  2.59  2.93  3.08  2.09
 5056.25  1.84  2.95  1.63  1.69  2.11  1.88  2.11  2.65  2.58  2.92  3.07  2.08
 5057.25  1.83  2.93  1.63  1.69  2.11  1.89  2.11  2.65  2.59  2.92  3.08  2.09
 5058.25  1.84  2.92  1.64  1.69  2.11  1.91  2.12  2.66  2.60  2.93  3.10  2.10
 5059.25  1.83  2.89  1.63  1.69  2.10  1.91  2.11  2.65  2.59  2.92  3.10  2.10
 5060.25  1.83  2.87  1.63  1.69  2.09  1.91  2.11  2.64  2.59  2.92  3.10  2.10
 5061.25  1.85  2.88  1.65  1.70  2.11  1.94  2.13  2.67  2.62  2.95  3.14  2.13
 5062.25  1.85  2.86  1.65  1.71  2.10  1.95  2.14  2.67  2.63  2.96  3.15  2.14
 5063.25  1.85  2.83  1.64  1.70  2.09  1.95  2.13  2.66  2.62  2.95  3.15  2.14
 5064.25  1.86  2.82  1.65  1.70  2.10  1.96  2.13  2.67  2.64  2.96  3.17  2.15
 5065.25  1.90  2.86  1.69  1.74  2.14  2.02  2.18  2.73  2.70  3.02  3.25  2.20
 5066.25  1.95  2.91  1.74  1.79  2.19  2.08  2.24  2.80  2.77  3.11  3.34  2.27
 5067.25  1.93  2.87  1.72  1.77  2.16  2.07  2.21  2.78  2.75  3.09  3.32  2.25
 5068.25  1.92  2.83  1.71  1.76  2.15  2.06  2.20  2.76  2.74  3.08  3.31  2.25
 5069.25  1.93  2.83  1.72  1.77  2.16  2.09  2.21  2.78  2.76  3.11  3.34  2.27
 5070.25  1.94  2.81  1.73  1.78  2.16  2.10  2.21  2.78  2.77  3.13  3.36  2.28
 5071.25  1.90  2.74  1.70  1.75  2.11  2.07  2.18  2.74  2.73  3.09  3.31  2.25
 5072.25  1.90  2.72  1.70  1.75  2.11  2.08  2.17  2.73  2.73  3.10  3.32  2.25
 5073.25  1.94  2.76  1.74  1.78  2.15  2.13  2.22  2.79  2.79  3.17  3.39  2.31
 5074.25  1.95  2.74  1.74  1.78  2.15  2.14  2.22  2.79  2.80  3.18  3.40  2.31
 5075.25  1.94  2.71  1.74  1.78  2.14  2.14  2.21  2.79  2.80  3.19  3.41  2.32
 5076.25  1.95  2.70  1.75  1.79  2.14  2.16  2.22  2.80  2.83  3.22  3.44  2.33
 5077.25  1.94  2.66  1.73  1.77  2.12  2.15  2.20  2.77  2.81  3.20  3.41  2.32
 5078.25  1.90  2.59  1.70  1.74  2.07  2.12  2.16  2.72  2.78  3.15  3.36  2.28
 5079.25  1.87  2.53  1.67  1.71  2.04  2.10  2.12  2.68  2.74  3.11  3.32  2.25
 5080.25  1.89  2.53  1.69  1.73  2.05  2.15  2.14  2.71  2.79  3.16  3.36  2.28
 5081.25  1.93  2.56  1.73  1.77  2.09  2.21  2.18  2.76  2.86  3.23  3.44  2.33
 5082.25  1.92  2.52  1.71  1.75  2.07  2.22  2.17  2.74  2.85  3.22  3.42  2.32
 5083.25  1.88  2.45  1.68  1.72  2.03  2.20  2.12  2.69  2.81  3.17  3.37  2.29
 5084.25  1.87  2.42  1.67  1.71  2.01  2.21  2.11  2.68  2.81  3.17  3.36  2.28
 5085.25  1.89  2.43  1.69  1.73  2.03  2.26  2.13  2.70  2.85  3.21  3.41  2.31
 5086.25  1.88  2.40  1.68  1.73  2.01  2.27  2.12  2.69  2.85  3.21  3.40  2.30
 5087.25  1.87  2.37  1.67  1.71  1.99  2.28  2.10  2.67  2.85  3.20  3.38  2.29
 5088.25  1.86  2.35  1.66  1.71  1.98  2.29  2.09  2.66  2.84  3.19  3.37  2.29
 5089.25  1.85  2.33  1.66  1.70  1.96  2.30  2.08  2.65  2.85  3.19  3.37  2.28
 5090.25  1.85  2.32  1.65  1.70  1.95  2.32  2.07  2.64  2.85  3.19  3.36  2.28
 5091.25  1.83  2.28  1.63  1.67  1.92  2.31  2.04  2.60  2.83  3.16  3.32  2.26
 5092.25  1.83  2.27  1.63  1.67  1.92  2.33  2.04  2.60  2.84  3.16  3.33  2.26
 5093.25  1.83  2.26  1.63  1.68  1.92  2.36  2.04  2.60  2.85  3.18  3.34  2.28
 5094.25  1.82  2.24  1.62  1.66  1.89  2.36  2.02  2.58  2.84  3.16  3.32  2.26
 5095.25  1.81  2.23  1.62  1.66  1.88  2.38  2.01  2.58  2.85  3.17  3.32  2.26
 5096.25  1.83  2.23  1.63  1.68  1.89  2.42  2.03  2.59  2.88  3.20  3.35  2.29
 5097.25  1.85  2.25  1.65  1.69  1.91  2.46  2.05  2.62  2.92  3.24  3.39  2.32
 5098.25  1.89  2.29  1.69  1.73  1.95  2.54  2.09  2.67  3.00  3.32  3.46  2.38
 5099.25  1.92  2.31  1.71  1.76  1.97  2.60  2.12  2.71  3.05  3.38  3.51  2.41
 5100.25  1.94  2.33  1.73  1.77  1.98  2.64  2.13  2.73  3.09  3.41  3.55  2.44
 5101.25  1.92  2.29  1.71  1.76  1.96  2.64  2.11  2.70  3.07  3.39  3.52  2.42
 5102.25  1.88  2.25  1.68  1.73  1.92  2.62  2.07  2.65  3.03  3.34  3.47  2.39
 5103.25  1.87  2.22  1.67  1.71  1.90  2.62  2.05  2.63  3.02  3.33  3.45  2.38
 5104.25  1.88  2.22  1.67  1.72  1.91  2.65  2.06  2.64  3.04  3.35  3.46  2.39
 5105.25  1.90  2.24  1.69  1.74  1.93  2.70  2.08  2.67  3.09  3.40  3.51  2.42
 5106.25  1.90  2.23  1.69  1.74  1.93  2.72  2.08  2.67  3.10  3.41  3.51  2.43
 5107.25  1.91  2.23  1.70  1.75  1.93  2.76  2.08  2.68  3.13  3.43  3.53  2.45
 5108.25  1.95  2.27  1.74  1.79  1.97  2.83  2.12  2.73  3.20  3.51  3.60  2.50
 5109.25  1.99  2.31  1.78  1.83  2.01  2.92  2.17  2.78  3.28  3.59  3.68  2.56
 5110.25  1.98  2.28  1.76  1.81  1.99  2.92  2.15  2.76  3.27  3.57  3.66  2.55
 5111.25  2.00  2.29  1.78  1.83  2.01  2.96  2.16  2.77  3.30  3.60  3.69  2.57
 5112.25  1.99  2.27  1.77  1.82  1.99  2.97  2.15  2.76  3.30  3.60  3.68  2.57
 5113.25  1.93  2.19  1.71  1.77  1.93  2.90  2.09  2.67  3.22  3.50  3.58  2.50
 5114.25  1.90  2.16  1.69  1.74  1.90  2.89  2.06  2.63  3.19  3.47  3.54  2.47
 5115.25  1.92  2.17  1.71  1.76  1.92  2.94  2.08  2.66  3.23  3.51  3.58  2.50
 5116.25  1.95  2.19  1.73  1.78  1.94  2.99  2.10  2.68  3.28  3.56  3.62  2.53
 5117.25  1.95  2.18  1.73  1.79  1.94  3.02  2.10  2.68  3.30  3.58  3.64  2.55
 5118.25  1.92  2.14  1.71  1.76  1.91  3.00  2.07  2.64  3.26  3.53  3.59  2.51
 5119.25  1.90  2.10  1.68  1.73  1.88  2.98  2.04  2.60  3.23  3.49  3.54  2.48
 5120.25  1.89  2.09  1.68  1.73  1.87  2.99  2.03  2.59  3.23  3.48  3.53  2.48
 5121.25  1.90  2.10  1.68  1.74  1.88  3.03  2.04  2.60  3.26  3.50  3.56  2.50
 5122.25  1.91  2.10  1.69  1.75  1.88  3.08  2.04  2.60  3.28  3.51  3.58  2.51
 5123.25  1.91  2.10  1.69  1.74  1.88  3.11  2.04  2.59  3.28  3.50  3.57  2.51
 5124.25  1.92  2.10  1.70  1.76  1.88  3.17  2.05  2.60  3.31  3.52  3.59  2.53
 5125.25  1.94  2.12  1.71  1.77  1.90  3.24  2.06  2.62  3.35  3.55  3.63  2.56
 5126.25  1.94  2.12  1.72  1.78  1.90  3.29  2.07  2.62  3.37  3.56  3.64  2.57
 5127.25  1.94  2.11  1.72  1.78  1.90  3.32  2.06  2.62  3.38  3.55  3.64  2.58
 5128.25  1.93  2.09  1.70  1.76  1.88  3.34  2.04  2.59  3.36  3.52  3.62  2.56
 5129.25  1.92  2.08  1.70  1.76  1.87  3.37  2.03  2.58  3.36  3.51  3.61  2.56
 5130.25  1.93  2.08  1.70  1.76  1.87  3.42  2.04  2.58  3.38  3.52  3.62  2.57
 5131.25  1.91  2.06  1.68  1.74  1.85  3.42  2.02  2.55  3.36  3.48  3.59  2.55
 5132.25  1.86  2.00  1.64  1.70  1.80  3.38  1.96  2.48  3.29  3.40  3.50  2.49
 5133.25  1.84  1.97  1.62  1.68  1.78  3.38  1.94  2.45  3.27  3.36  3.48  2.47
 5134.25  1.84  1.97  1.62  1.68  1.77  3.42  1.94  2.45  3.28  3.36  3.48  2.47
 5135.25  1.85  1.97  1.63  1.69  1.78  3.47  1.94  2.45  3.30  3.37  3.49  2.48
 5136.25  1.83  1.95  1.61  1.67  1.76  3.48  1.92  2.42  3.28  3.34  3.46  2.47
 5137.25  1.84  1.95  1.62  1.68  1.76  3.53  1.93  2.43  3.30  3.35  3.48  2.48
 5138.25  1.88  1.99  1.65  1.72  1.79  3.63  1.96  2.47  3.37  3.41  3.55  2.53
 5139.25  1.88  1.99  1.66  1.72  1.80  3.68  1.97  2.47  3.40  3.42  3.56  2.54
 5140.25  1.91  2.02  1.69  1.75  1.82  3.78  2.00  2.51  3.46  3.48  3.62  2.59
 5141.25  1.94  2.04  1.71  1.77  1.85  3.86  2.02  2.54  3.51  3.52  3.67  2.63
 5142.25  1.87  1.96  1.65  1.71  1.78  3.77  1.95  2.44  3.40  3.40  3.55  2.54
 5143.25  1.88  1.96  1.65  1.72  1.79  3.82  1.95  2.45  3.42  3.40  3.56  2.55
 5144.25  1.91  1.99  1.68  1.75  1.82  3.92  1.98  2.49  3.49  3.46  3.62  2.60
 5145.25  1.90  1.98  1.67  1.74  1.81  3.94  1.97  2.47  3.48  3.44  3.60  2.59
 5146.25  1.90  1.97  1.67  1.74  1.81  3.97  1.97  2.46  3.49  3.44  3.60  2.59
 5147.25  1.91  1.98  1.68  1.75  1.82  4.03  1.98  2.47  3.52  3.46  3.62  2.62
 5148.25  1.91  1.98  1.68  1.75  1.82  4.07  1.98  2.47  3.54  3.46  3.62  2.63
 5149.25  1.92  1.98  1.69  1.76  1.83  4.12  1.98  2.47  3.55  3.47  3.63  2.64
 5150.25  1.93  1.99  1.70  1.77  1.84  4.18  1.99  2.48  3.59  3.49  3.65  2.66
 5151.25  1.94  1.99  1.71  1.78  1.85  4.24  2.00  2.49  3.61  3.50  3.67  2.68
 5152.25  1.94  1.99  1.71  1.78  1.85  4.28  2.00  2.49  3.63  3.50  3.68  2.69
 5153.25  1.95  1.99  1.71  1.78  1.86  4.33  2.00  2.49  3.65  3.51  3.69  2.70
 5154.25  1.94  1.99  1.71  1.78  1.86  4.36  2.00  2.48  3.65  3.50  3.68  2.70
 5155.25  1.95  2.00  1.72  1.79  1.86  4.42  2.00  2.49  3.68  3.52  3.70  2.72
 5156.25  1.96  2.00  1.72  1.79  1.87  4.46  2.01  2.48  3.69  3.52  3.70  2.73
 5157.25  1.96  2.00  1.72  1.80  1.87  4.50  2.01  2.48  3.71  3.52  3.71  2.74
 5158.25  1.95  1.99  1.72  1.80  1.87  4.53  2.00  2.47  3.71  3.51  3.70  2.74
 5159.25  1.95  1.98  1.72  1.80  1.86  4.55  1.99  2.46  3.71  3.50  3.69  2.74
 5160.25  1.95  1.99  1.72  1.80  1.87  4.60  2.00  2.46  3.73  3.51  3.70  2.75
 5161.25  1.97  2.00  1.73  1.82  1.88  4.67  2.01  2.47  3.76  3.53  3.73  2.78
 5162.25  1.96  1.99  1.73  1.82  1.88  4.70  2.01  2.46  3.77  3.53  3.72  2.78
 5163.25  1.97  2.00  1.74  1.84  1.89  4.75  2.02  2.47  3.80  3.55  3.74  2.80
 5164.25  1.99  2.02  1.76  1.86  1.91  4.78  2.04  2.49  3.84  3.57  3.77  2.83
 5165.25  1.97  2.00  1.74  1.84  1.89  4.83  2.02  2.46  3.82  3.54  3.74  2.81
 5166.25  1.96  1.98  1.73  1.83  1.87  5.60  2.00  2.43  3.80  3.51  3.71  2.79
 5167.25  1.96  1.99  1.74  1.84  1.88  6.84  2.01  2.44  3.82  3.52  3.73  2.81
 5168.25  2.07  2.09  1.84  1.95  1.99  7.54  2.12  2.57  4.03  3.71  3.92  2.97
 5169.25  2.12  2.14  1.88  2.00  2.03  7.64  2.17  2.62  4.13  3.79  4.00  3.04
 5170.25  2.07  2.08  1.83  1.95  1.98  7.40  2.11  2.55  4.03  3.69  3.90  2.97
 5171.25  2.00  2.01  1.77  1.89  1.92  7.13  2.04  2.46  3.93  3.58  3.79  2.88
 5172.25  2.01  2.02  1.78  1.90  1.92  7.08  2.05  2.47  3.95  3.59  3.80  2.90
 5173.25  2.14  2.15  1.90  2.03  2.05  7.37  2.18  2.61  4.19  3.80  4.03  3.08
 5174.25  2.19  2.20  1.95  2.08  2.10  7.44  2.23  2.68  4.30  3.88  4.13  3.17
 5175.25  2.06  2.06  1.83  1.96  1.98  7.00  2.09  2.51  4.06  3.66  3.89  2.99
 5176.25  1.94  1.94  1.72  1.85  1.86  6.58  1.97  2.36  3.83  3.45  3.68  2.83
 5177.25  1.90  1.91  1.69  1.82  1.83  6.42  1.94  2.32  3.76  3.39  3.62  2.79
 5178.25  1.90  1.90  1.69  1.82  1.83  6.34  1.93  2.31  3.74  3.39  3.62  2.79
 5179.25  1.91  1.91  1.69  1.83  1.83  6.27  1.94  2.31  3.74  3.39  3.63  2.80
 5180.25  1.92  1.91  1.70  1.84  1.84  6.23  1.95  2.32  3.74  3.40  3.65  2.82
 5181.25  1.93  1.92  1.71  1.86  1.85  6.18  1.96  2.32  3.75  3.42  3.67  2.84
 5182.25  1.94  1.93  1.73  1.87  1.87  6.14  1.97  2.33  3.76  3.43  3.69  2.87
 5183.25  1.98  1.98  1.77  1.92  1.91  6.18  2.01  2.38  3.82  3.50  3.77  2.93
 5184.25  2.12  2.11  1.89  2.06  2.05  6.46  2.15  2.54  4.05  3.73  4.02  3.14
 5185.25  2.23  2.22  1.99  2.16  2.15  6.63  2.26  2.66  4.22  3.89  4.19  3.29
 5186.25  2.11  2.10  1.89  2.06  2.04  6.27  2.14  2.52  4.01  3.70  4.00  3.14
 5187.25  1.99  1.98  1.78  1.94  1.93  5.89  2.02  2.37  3.78  3.51  3.79  2.97
 5188.25  1.87  1.86  1.67  1.82  1.81  5.49  1.89  2.22  3.54  3.29  3.56  2.80
 5189.25  1.82  1.81  1.62  1.78  1.76  5.29  1.84  2.16  3.44  3.20  3.48  2.73
 5190.25  1.88  1.87  1.68  1.84  1.83  5.38  1.90  2.23  3.54  3.31  3.59  2.83
 5191.25  1.87  1.86  1.67  1.84  1.82  5.27  1.89  2.21  3.51  3.28  3.57  2.82
 5192.25  1.92  1.91  1.72  1.89  1.87  5.33  1.95  2.27  3.59  3.37  3.67  2.90
 5193.25  2.04  2.03  1.83  2.01  1.99  5.53  2.06  2.40  3.78  3.56  3.88  3.08
 5194.25  2.08  2.07  1.87  2.06  2.03  5.54  2.10  2.44  3.84  3.62  3.95  3.14
 5195.25  2.02  2.01  1.82  2.01  1.98  5.33  2.04  2.37  3.73  3.53  3.85  3.07
 5196.25  2.04  2.02  1.83  2.02  1.99  5.28  2.06  2.38  3.73  3.54  3.87  3.09
 5197.25  1.98  1.97  1.78  1.97  1.94  5.07  2.00  2.31  3.62  3.45  3.78  3.02
 5198.25  1.45  1.44  1.30  1.45  1.42  3.75  1.46  1.69  2.68  2.55  2.80  2.23
 5199.25  1.03  1.02  0.92  1.03  1.01  2.66  1.04  1.20  1.91  1.83  2.01  1.60
 5200.25  1.20  1.19  1.08  1.21  1.18  3.04  1.22  1.40  2.22  2.12  2.34  1.87
 5201.25  1.27  1.26  1.14  1.28  1.25  3.14  1.28  1.47  2.33  2.23  2.46  1.97
 5202.25  1.31  1.30  1.18  1.33  1.29  3.18  1.33  1.52  2.40  2.31  2.54  2.04
 5203.25  1.70  1.69  1.53  1.73  1.68  4.00  1.73  1.97  3.07  2.97  3.26  2.64
 5204.25  1.77  1.76  1.59  1.80  1.75  4.07  1.80  2.05  3.18  3.08  3.38  2.75
 5205.25  1.87  1.85  1.69  1.91  1.85  4.20  1.90  2.16  3.33  3.24  3.56  2.90
 5206.25  2.03  2.01  1.83  2.08  2.01  4.47  2.06  2.34  3.59  3.50  3.84  3.15
 5207.25  2.07  2.05  1.87  2.12  2.05  4.51  2.10  2.38  3.64  3.56  3.91  3.22
 5208.25  2.04  2.02  1.84  2.09  2.02  4.43  2.07  2.34  3.57  3.50  3.84  3.18
 5209.25  2.01  1.98  1.81  2.07  1.99  4.35  2.04  2.31  3.50  3.45  3.79  3.14
 5210.25  1.98  1.95  1.78  2.04  1.96  4.28  2.01  2.27  3.44  3.39  3.73  3.10
 5211.25  1.96  1.94  1.77  2.03  1.94  4.24  2.00  2.25  3.40  3.36  3.70  3.08
 5212.25  1.94  1.92  1.75  2.01  1.93  4.19  1.98  2.23  3.36  3.33  3.66  3.06
 5213.25  1.93  1.91  1.74  2.01  1.92  4.16  1.97  2.21  3.33  3.31  3.64  3.05
 5214.25  1.92  1.90  1.73  2.00  1.91  4.13  1.96  2.20  3.30  3.29  3.63  3.05
 5215.25  1.93  1.90  1.74  2.01  1.92  4.12  1.97  2.20  3.29  3.29  3.63  3.06
 5216.25  1.96  1.93  1.77  2.05  1.95  4.18  2.00  2.24  3.34  3.35  3.69  3.12
 5217.25  1.98  1.95  1.78  2.07  1.97  4.20  2.02  2.26  3.35  3.37  3.71  3.15
 5218.25  1.92  1.89  1.73  2.02  1.91  4.07  1.96  2.19  3.24  3.27  3.60  3.07
 5219.25  1.90  1.86  1.71  2.00  1.89  4.01  1.94  2.16  3.19  3.23  3.56  3.04
 5220.25  1.91  1.87  1.72  2.01  1.90  4.02  1.95  2.17  3.19  3.24  3.58  3.07
 5221.25  1.90  1.86  1.71  2.01  1.89  3.99  1.94  2.16  3.17  3.23  3.56  3.06
 5222.25  1.91  1.88  1.72  2.03  1.90  4.01  1.96  2.17  3.18  3.25  3.58  3.09
 5223.25  1.92  1.89  1.73  2.04  1.91  4.02  1.97  2.19  3.18  3.26  3.60  3.12
 5224.25  1.88  1.84  1.69  2.00  1.86  3.91  1.93  2.13  3.10  3.18  3.51  3.05
 5225.25  1.75  1.72  1.58  1.87  1.73  3.66  1.80  1.99  2.89  2.98  3.29  2.86
 5226.25  1.82  1.79  1.64  1.95  1.80  3.79  1.87  2.07  2.99  3.09  3.41  2.98
 5227.25  1.99  1.95  1.79  2.13  1.95  4.09  2.04  2.25  3.24  3.34  3.70  3.24
 5228.25  2.05  2.01  1.85  2.20  2.01  4.20  2.11  2.32  3.34  3.44  3.80  3.35
 5229.25  2.03  1.98  1.82  2.18  1.98  4.13  2.08  2.29  3.29  3.39  3.76  3.32
 5230.25  1.98  1.94  1.79  2.14  1.94  4.04  2.04  2.24  3.22  3.32  3.68  3.26
 5231.25  1.98  1.94  1.78  2.13  1.93  4.02  2.04  2.23  3.20  3.31  3.67  3.26
 5232.25  1.94  1.90  1.75  2.09  1.89  3.94  2.00  2.19  3.14  3.24  3.60  3.20
 5233.25  1.90  1.86  1.71  2.05  1.85  3.85  1.96  2.14  3.07  3.18  3.53  3.15
 5234.25  1.99  1.95  1.79  2.15  1.93  4.01  2.06  2.24  3.21  3.32  3.68  3.30
 5235.25  2.05  2.00  1.85  2.20  1.98  4.10  2.12  2.30  3.29  3.40  3.78  3.40
 5236.25  2.02  1.97  1.82  2.17  1.95  4.04  2.09  2.27  3.24  3.35  3.73  3.36
 5237.25  2.01  1.97  1.81  2.16  1.94  4.01  2.08  2.26  3.22  3.34  3.71  3.36
 5238.25  2.01  1.96  1.81  2.15  1.93  3.99  2.08  2.25  3.21  3.33  3.70  3.36
 5239.25  1.88  1.84  1.70  2.02  1.81  3.75  1.95  2.11  3.02  3.13  3.49  3.17
 5240.25  1.75  1.71  1.58  1.88  1.68  3.50  1.82  1.97  2.81  2.92  3.25  2.97
 5241.25  1.90  1.86  1.72  2.04  1.83  3.77  1.98  2.14  3.04  3.16  3.52  3.22
 5242.25  2.01  1.97  1.83  2.16  1.93  3.97  2.10  2.26  3.21  3.33  3.72  3.41
 5243.25  2.03  1.99  1.84  2.17  1.94  3.98  2.12  2.28  3.22  3.35  3.74  3.44
 5244.25  2.06  2.02  1.87  2.21  1.97  4.03  2.16  2.31  3.27  3.40  3.79  3.51
 5245.25  2.09  2.05  1.90  2.24  1.99  4.07  2.19  2.34  3.31  3.44  3.84  3.56
 5246.25  2.08  2.04  1.89  2.23  1.98  4.05  2.19  2.33  3.29  3.42  3.82  3.55
 5247.25  2.06  2.02  1.88  2.21  1.96  4.01  2.17  2.31  3.26  3.39  3.80  3.54
 5248.25  2.06  2.03  1.88  2.21  1.96  4.00  2.18  2.32  3.26  3.39  3.80  3.55
 5249.25  2.05  2.01  1.87  2.19  1.94  3.96  2.17  2.30  3.23  3.37  3.77  3.53
 5250.25  2.00  1.96  1.83  2.14  1.89  3.86  2.12  2.25  3.15  3.29  3.68  3.46
 5251.25  1.96  1.93  1.79  2.10  1.86  3.78  2.09  2.21  3.09  3.23  3.62  3.41
 5252.25  2.00  1.97  1.83  2.13  1.89  3.84  2.13  2.25  3.15  3.28  3.68  3.48
 5253.25  2.00  1.97  1.84  2.14  1.89  3.84  2.14  2.26  3.15  3.29  3.70  3.50
 5254.25  1.99  1.96  1.82  2.12  1.88  3.80  2.13  2.25  3.12  3.26  3.67  3.49
 5255.25  1.97  1.94  1.81  2.10  1.86  3.76  2.12  2.23  3.09  3.24  3.64  3.47
 5256.25  1.91  1.88  1.75  2.04  1.80  3.63  2.06  2.16  3.00  3.13  3.54  3.37
 5257.25  1.75  1.73  1.61  1.87  1.65  3.35  1.89  1.99  2.76  2.89  3.27  3.12
 5258.25  1.77  1.75  1.63  1.89  1.66  3.37  1.92  2.01  2.78  2.91  3.30  3.16
 5259.25  1.90  1.88  1.75  2.02  1.78  3.59  2.06  2.16  2.97  3.11  3.53  3.39
 5260.25  1.93  1.91  1.78  2.06  1.81  3.63  2.10  2.20  3.01  3.16  3.58  3.45
 5261.25  1.92  1.90  1.78  2.05  1.80  3.61  2.10  2.19  3.00  3.14  3.57  3.45
 5262.25  1.94  1.92  1.79  2.06  1.81  3.62  2.12  2.21  3.01  3.16  3.60  3.48
 5263.25  1.99  1.97  1.84  2.12  1.86  3.70  2.18  2.27  3.09  3.24  3.69  3.58
 5264.25  2.03  2.01  1.88  2.16  1.90  3.76  2.23  2.32  3.15  3.30  3.76  3.66
 5265.25  2.06  2.04  1.91  2.19  1.92  3.80  2.26  2.35  3.18  3.35  3.81  3.72
 5266.25  2.07  2.05  1.92  2.20  1.93  3.81  2.28  2.37  3.20  3.36  3.84  3.75
 5267.25  2.08  2.07  1.94  2.21  1.94  3.82  2.30  2.39  3.21  3.38  3.86  3.78
 5268.25  2.06  2.05  1.92  2.19  1.92  3.77  2.29  2.37  3.18  3.35  3.83  3.76
 5269.25  2.02  2.01  1.89  2.15  1.89  3.69  2.25  2.33  3.12  3.29  3.76  3.70
 5270.25  2.07  2.06  1.94  2.19  1.93  3.76  2.30  2.38  3.18  3.35  3.84  3.79
 5271.25  2.10  2.09  1.97  2.22  1.96  3.80  2.35  2.42  3.23  3.40  3.90  3.86
 5272.25  2.01  2.00  1.89  2.12  1.87  3.63  2.25  2.32  3.09  3.26  3.74  3.71
 5273.25  1.95  1.95  1.84  2.06  1.82  3.53  2.19  2.26  3.00  3.17  3.65  3.63
 5274.25  1.97  1.97  1.86  2.07  1.83  3.55  2.22  2.28  3.03  3.20  3.68  3.67
 5275.25  1.97  1.97  1.86  2.06  1.83  3.54  2.22  2.28  3.02  3.19  3.68  3.67
 5276.25  1.89  1.89  1.79  1.97  1.76  3.39  2.14  2.20  2.91  3.07  3.55  3.55
 5277.25  1.83  1.84  1.74  1.91  1.71  3.29  2.08  2.14  2.83  2.99  3.45  3.46
 5278.25  1.85  1.85  1.76  1.92  1.72  3.30  2.10  2.15  2.85  3.01  3.48  3.49
 5279.25  1.92  1.93  1.84  2.00  1.79  3.42  2.20  2.25  2.97  3.14  3.62  3.64
 5280.25  1.95  1.96  1.87  2.02  1.81  3.45  2.23  2.28  3.01  3.18  3.67  3.70
 5281.25  1.95  1.96  1.87  2.01  1.81  3.44  2.23  2.28  3.01  3.19  3.67  3.71
 5282.25  1.97  1.99  1.90  2.04  1.84  3.48  2.27  2.32  3.05  3.24  3.72  3.77
 5283.25  2.00  2.01  1.93  2.05  1.86  3.50  2.30  2.34  3.09  3.27  3.76  3.82
 5284.25  2.01  2.03  1.95  2.07  1.87  3.52  2.33  2.37  3.11  3.31  3.79  3.86
 5285.25  2.04  2.06  1.98  2.09  1.90  3.55  2.36  2.40  3.15  3.35  3.84  3.92
 5286.25  2.01  2.04  1.96  2.06  1.87  3.50  2.34  2.38  3.12  3.32  3.80  3.89
 5287.25  1.99  2.02  1.94  2.03  1.85  3.46  2.32  2.35  3.09  3.29  3.76  3.86
 5288.25  1.98  2.02  1.94  2.02  1.84  3.43  2.32  2.35  3.08  3.29  3.76  3.86
 5289.25  1.98  2.02  1.94  2.01  1.84  3.42  2.32  2.35  3.08  3.29  3.76  3.87
 5290.25  2.01  2.05  1.97  2.03  1.87  3.45  2.35  2.38  3.12  3.33  3.80  3.92
 5291.25  2.00  2.04  1.97  2.02  1.86  3.43  2.35  2.38  3.11  3.33  3.79  3.92
 5292.25  1.96  2.01  1.94  1.98  1.82  3.35  2.31  2.34  3.06  3.28  3.73  3.87
 5293.25  1.96  2.01  1.94  1.97  1.82  3.33  2.30  2.33  3.06  3.27  3.72  3.87
 5294.25  1.96  2.01  1.95  1.97  1.82  3.32  2.31  2.34  3.06  3.28  3.73  3.89
 5295.25  1.93  1.98  1.92  1.93  1.79  3.26  2.28  2.31  3.02  3.24  3.68  3.84
 5296.25  1.93  1.99  1.92  1.93  1.79  3.25  2.29  2.31  3.03  3.25  3.69  3.86
 5297.25  1.96  2.02  1.96  1.95  1.82  3.28  2.32  2.35  3.07  3.30  3.74  3.92
 5298.25  1.99  2.05  1.99  1.98  1.84  3.31  2.36  2.38  3.11  3.35  3.79  3.98
 5299.25  1.95  2.01  1.96  1.93  1.81  3.23  2.32  2.34  3.06  3.29  3.73  3.92
 5300.25  1.86  1.92  1.86  1.83  1.72  3.06  2.21  2.23  2.91  3.14  3.56  3.75
 5301.25  1.86  1.92  1.87  1.83  1.72  3.06  2.22  2.24  2.92  3.16  3.57  3.77
 5302.25  1.92  1.99  1.93  1.88  1.78  3.13  2.29  2.30  3.01  3.25  3.67  3.89
 5303.25  1.92  1.99  1.94  1.88  1.78  3.12  2.29  2.30  3.01  3.26  3.67  3.90
 5304.25  1.90  1.97  1.93  1.85  1.76  3.07  2.27  2.28  2.99  3.23  3.64  3.87
 5305.25  1.87  1.94  1.91  1.82  1.74  3.01  2.24  2.25  2.95  3.19  3.59  3.83
 5306.25  1.86  1.94  1.91  1.81  1.74  2.99  2.23  2.24  2.94  3.18  3.58  3.83
 5307.25  1.87  1.94  1.92  1.81  1.74  2.98  2.24  2.25  2.95  3.19  3.59  3.85
 5308.25  1.87  1.95  1.93  1.81  1.75  2.97  2.25  2.25  2.95  3.20  3.60  3.86
 5309.25  1.88  1.95  1.94  1.81  1.75  2.96  2.26  2.26  2.96  3.21  3.62  3.87
 5310.25  1.88  1.96  1.95  1.81  1.75  2.94  2.26  2.26  2.96  3.22  3.64  3.89
 5311.25  1.87  1.96  1.95  1.81  1.75  2.93  2.26  2.26  2.96  3.22  3.65  3.89
 5312.25  1.85  1.93  1.93  1.78  1.73  2.87  2.23  2.23  2.92  3.18  3.61  3.85
 5313.25  1.82  1.90  1.91  1.75  1.71  2.82  2.20  2.20  2.88  3.14  3.57  3.81
 5314.25  1.78  1.87  1.88  1.71  1.68  2.75  2.16  2.15  2.82  3.08  3.51  3.74
 5315.25  1.81  1.90  1.92  1.74  1.70  2.77  2.20  2.19  2.87  3.13  3.58  3.81
 5316.25  1.88  1.96  1.99  1.80  1.77  2.86  2.28  2.27  2.97  3.24  3.71  3.94
 5317.25  1.90  1.98  2.02  1.81  1.79  2.86  2.30  2.29  2.99  3.27  3.75  3.99
 5318.25  1.88  1.97  2.01  1.80  1.78  2.83  2.29  2.28  2.98  3.26  3.75  3.97
 5319.25  1.85  1.93  1.99  1.77  1.75  2.77  2.25  2.24  2.93  3.21  3.70  3.92
 5320.25  1.85  1.93  2.00  1.76  1.75  2.76  2.26  2.24  2.93  3.22  3.71  3.93
 5321.25  1.86  1.94  2.01  1.77  1.76  2.75  2.26  2.25  2.94  3.23  3.73  3.95
 5322.25  1.88  1.95  2.03  1.78  1.78  2.76  2.29  2.27  2.97  3.26  3.77  3.98
 5323.25  1.88  1.96  2.05  1.78  1.79  2.75  2.30  2.28  2.98  3.27  3.80  4.00
 5324.25  1.85  1.93  2.03  1.75  1.76  2.70  2.26  2.24  2.93  3.23  3.76  3.95
 5325.25  1.87  1.94  2.05  1.77  1.78  2.70  2.29  2.26  2.96  3.26  3.80  3.99
 5326.25  1.88  1.95  2.07  1.77  1.79  2.70  2.30  2.27  2.97  3.28  3.83  4.01
 5327.25  1.88  1.95  2.08  1.77  1.79  2.69  2.31  2.28  2.98  3.29  3.84  4.03
 5328.25  1.93  2.00  2.14  1.81  1.84  2.74  2.36  2.33  3.04  3.37  3.94  4.12
 5329.25  2.05  2.12  2.28  1.93  1.96  2.89  2.51  2.48  3.22  3.57  4.18  4.36
 5330.25  2.05  2.11  2.28  1.92  1.95  2.86  2.51  2.47  3.21  3.58  4.18  4.36
 5331.25  1.86  1.92  2.08  1.74  1.78  2.60  2.29  2.25  2.94  3.29  3.84  4.00
 5332.25  1.80  1.85  2.01  1.67  1.71  2.49  2.21  2.17  2.83  3.19  3.72  3.87
 5333.25  1.89  1.94  2.12  1.76  1.80  2.59  2.32  2.27  2.96  3.35  3.90  4.06
 5334.25  1.95  2.01  2.20  1.82  1.87  2.67  2.41  2.35  3.06  3.48  4.04  4.19
 5335.25  1.93  1.98  2.19  1.79  1.85  2.64  2.40  2.33  3.03  3.46  4.02  4.16
 5336.25  1.91  1.96  2.17  1.77  1.83  2.60  2.38  2.31  3.00  3.44  3.99  4.13
 5337.25  1.94  1.98  2.20  1.79  1.86  2.63  2.41  2.33  3.03  3.49  4.04  4.17
 5338.25  1.95  1.99  2.23  1.80  1.87  2.64  2.44  2.35  3.05  3.53  4.08  4.21
 5339.25  1.94  1.98  2.23  1.79  1.86  2.62  2.43  2.33  3.03  3.52  4.07  4.19
 5340.25  1.94  1.98  2.25  1.78  1.86  2.61  2.44  2.34  3.03  3.54  4.08  4.20
 5341.25  2.00  2.04  2.33  1.83  1.92  2.68  2.52  2.41  3.11  3.65  4.20  4.32
 5342.25  2.02  2.06  2.37  1.85  1.94  2.71  2.56  2.43  3.15  3.70  4.26  4.37
 5343.25  1.96  2.00  2.32  1.80  1.88  2.62  2.50  2.36  3.06  3.62  4.15  4.26
 5344.25  1.92  1.95  2.28  1.75  1.84  2.56  2.45  2.31  2.99  3.56  4.08  4.17
 5345.25  1.92  1.94  2.29  1.75  1.83  2.54  2.45  2.30  2.98  3.56  4.08  4.17
 5346.25  1.92  1.94  2.30  1.74  1.83  2.54  2.46  2.30  2.98  3.57  4.09  4.17
 5347.25  1.91  1.93  2.31  1.74  1.82  2.52  2.46  2.29  2.97  3.57  4.08  4.16
 5348.25  1.89  1.91  2.30  1.72  1.80  2.49  2.44  2.26  2.93  3.55  4.05  4.13
 5349.25  1.91  1.93  2.33  1.73  1.82  2.51  2.48  2.28  2.96  3.60  4.10  4.17
 5350.25  1.92  1.93  2.36  1.74  1.83  2.51  2.49  2.29  2.97  3.63  4.13  4.19
 5351.25  1.87  1.89  2.31  1.69  1.78  2.45  2.44  2.23  2.90  3.55  4.04  4.10
 5352.25  1.86  1.87  2.31  1.68  1.76  2.42  2.43  2.21  2.88  3.54  4.03  4.08
 5353.25  1.88  1.89  2.35  1.70  1.78  2.44  2.47  2.23  2.90  3.60  4.08  4.13
 5354.25  1.89  1.90  2.38  1.71  1.80  2.46  2.49  2.24  2.92  3.63  4.12  4.16
 5355.25  1.88  1.89  2.39  1.70  1.79  2.44  2.49  2.23  2.91  3.63  4.11  4.15
 5356.25  1.87  1.88  2.38  1.69  1.77  2.42  2.48  2.21  2.89  3.62  4.10  4.13
 5357.25  1.86  1.87  2.39  1.68  1.76  2.40  2.48  2.20  2.88  3.62  4.09  4.12
 5358.25  1.84  1.85  2.37  1.66  1.74  2.37  2.46  2.17  2.84  3.59  4.05  4.08
 5359.25  1.84  1.85  2.39  1.66  1.75  2.37  2.48  2.18  2.85  3.62  4.08  4.09
 5360.25  1.86  1.87  2.43  1.68  1.76  2.39  2.51  2.20  2.87  3.67  4.13  4.14
 5361.25  1.88  1.88  2.46  1.69  1.77  2.39  2.53  2.21  2.89  3.70  4.16  4.17
 5362.25  1.87  1.88  2.47  1.68  1.77  2.38  2.54  2.20  2.88  3.71  4.16  4.16
 5363.25  1.89  1.89  2.51  1.69  1.78  2.40  2.57  2.22  2.90  3.75  4.20  4.20
 5364.25  1.91  1.91  2.55  1.71  1.80  2.42  2.60  2.24  2.93  3.80  4.24  4.25
 5365.25  1.90  1.91  2.56  1.71  1.80  2.41  2.61  2.23  2.93  3.81  4.24  4.25
 5366.25  1.91  1.92  2.59  1.72  1.81  2.42  2.63  2.24  2.94  3.84  4.26  4.28
 5367.25  1.91  1.92  2.60  1.71  1.80  2.41  2.63  2.24  2.94  3.85  4.25  4.27
 5368.25  1.89  1.89  2.58  1.69  1.78  2.37  2.61  2.21  2.90  3.83  4.21  4.24
 5369.25  1.89  1.89  2.60  1.69  1.78  2.37  2.62  2.21  2.90  3.84  4.21  4.24
 5370.25  1.91  1.91  2.63  1.70  1.80  2.38  2.65  2.22  2.93  3.88  4.24  4.28
 5371.25  1.95  1.95  2.70  1.74  1.83  2.43  2.72  2.27  2.98  3.98  4.33  4.37
 5372.25  1.98  1.98  2.76  1.77  1.86  2.46  2.77  2.30  3.03  4.04  4.39  4.44
 5373.25  1.95  1.95  2.75  1.74  1.83  2.42  2.74  2.27  2.99  4.01  4.34  4.39
 5374.25  1.91  1.91  2.73  1.71  1.80  2.37  2.70  2.22  2.93  3.95  4.26  4.32
 5375.25  1.90  1.91  2.74  1.70  1.79  2.35  2.70  2.21  2.92  3.95  4.25  4.31
 5376.25  1.89  1.89  2.76  1.69  1.78  2.33  2.69  2.20  2.90  3.95  4.23  4.29
 5377.25  1.90  1.90  2.80  1.69  1.79  2.34  2.71  2.20  2.91  3.98  4.24  4.31
 5378.25  1.93  1.93  2.87  1.72  1.81  2.37  2.77  2.23  2.95  4.05  4.30  4.38
 5379.25  1.95  1.95  2.93  1.74  1.83  2.39  2.83  2.26  2.98  4.10  4.35  4.43
 5380.25  1.93  1.93  2.93  1.72  1.81  2.36  2.83  2.23  2.94  4.08  4.31  4.39
 5381.25  1.93  1.93  2.95  1.71  1.81  2.35  2.85  2.22  2.93  4.08  4.30  4.38
 5382.25  1.96  1.96  3.02  1.74  1.83  2.38  2.92  2.25  2.97  4.15  4.36  4.44
 5383.25  1.96  1.96  3.06  1.74  1.83  2.37  2.95  2.25  2.97  4.17  4.36  4.45
 5384.25  1.95  1.96  3.08  1.74  1.83  2.36  2.98  2.25  2.96  4.18  4.36  4.44
 5385.25  1.97  1.97  3.13  1.74  1.84  2.37  3.02  2.26  2.97  4.21  4.38  4.47
 5386.25  1.94  1.94  3.12  1.72  1.82  2.33  3.01  2.23  2.93  4.18  4.33  4.42
 5387.25  1.93  1.94  3.14  1.71  1.81  2.32  3.03  2.22  2.92  4.18  4.32  4.41
 5388.25  1.93  1.93  3.16  1.71  1.80  2.31  3.04  2.21  2.91  4.18  4.30  4.40
 5389.25  1.93  1.93  3.19  1.71  1.80  2.31  3.08  2.21  2.91  4.20  4.31  4.41
 5390.25  1.95  1.95  3.24  1.72  1.82  2.32  3.13  2.22  2.93  4.25  4.35  4.44
 5391.25  1.94  1.94  3.26  1.71  1.81  2.30  3.14  2.21  2.91  4.25  4.33  4.43
 5392.25  1.94  1.94  3.29  1.71  1.81  2.30  3.17  2.21  2.91  4.26  4.33  4.43
 5393.25  1.94  1.95  3.33  1.72  1.81  2.30  3.21  2.22  2.91  4.29  4.34  4.45
 5394.25  1.94  1.94  3.35  1.71  1.81  2.29  3.23  2.21  2.90  4.29  4.33  4.44
 5395.25  1.94  1.95  3.39  1.72  1.81  2.29  3.26  2.21  2.91  4.32  4.34  4.45
 5396.25  1.94  1.95  3.41  1.71  1.81  2.28  3.29  2.21  2.90  4.33  4.34  4.45
 5397.25  1.93  1.93  3.42  1.70  1.80  2.26  3.29  2.19  2.88  4.31  4.31  4.42
 5398.25  1.94  1.95  3.47  1.71  1.81  2.27  3.34  2.21  2.89  4.36  4.34  4.46
 5399.25  1.93  1.94  3.48  1.70  1.80  2.25  3.35  2.20  2.88  4.35  4.32  4.44
 5400.25  1.89  1.90  3.44  1.67  1.76  2.20  3.31  2.15  2.82  4.29  4.24  4.36
 5401.25  1.90  1.90  3.48  1.67  1.77  2.20  3.35  2.16  2.82  4.31  4.26  4.38
 5402.25  1.91  1.92  3.54  1.69  1.78  2.22  3.40  2.18  2.84  4.36  4.29  4.41
 5403.25  1.90  1.91  3.55  1.68  1.77  2.20  3.41  2.16  2.83  4.35  4.27  4.39
 5404.25  1.91  1.92  3.60  1.68  1.78  2.20  3.46  2.17  2.84  4.39  4.29  4.42
 5405.25  1.96  1.97  3.71  1.72  1.82  2.25  3.56  2.22  2.90  4.50  4.39  4.52
 5406.25  1.98  1.99  3.77  1.74  1.84  2.27  3.63  2.25  2.92  4.56  4.43  4.56
 5407.25  1.96  1.97  3.76  1.72  1.82  2.24  3.62  2.22  2.90  4.53  4.39  4.53
 5408.25  1.92  1.93  3.68  1.68  1.78  2.19  3.57  2.17  2.83  4.45  4.30  4.44
 5409.25  1.90  1.91  3.63  1.67  1.76  2.16  3.56  2.15  2.80  4.43  4.26  4.40
 5410.25  1.91  1.92  3.64  1.68  1.77  2.17  3.61  2.16  2.81  4.47  4.29  4.43
 5411.25  1.92  1.93  3.65  1.69  1.78  2.18  3.66  2.18  2.83  4.51  4.32  4.46
 5412.25  1.92  1.92  3.62  1.68  1.78  2.16  3.67  2.17  2.81  4.51  4.31  4.45
 5413.25  1.90  1.91  3.58  1.67  1.76  2.14  3.67  2.15  2.79  4.49  4.27  4.42
 5414.25  1.88  1.88  3.52  1.65  1.74  2.11  3.66  2.12  2.75  4.46  4.23  4.37
 5415.25  1.89  1.89  3.52  1.65  1.75  2.11  3.70  2.13  2.76  4.49  4.25  4.39
 5416.25  1.91  1.91  3.55  1.67  1.77  2.14  3.77  2.16  2.80  4.56  4.30  4.45
 5417.25  1.90  1.90  3.51  1.66  1.76  2.12  3.78  2.15  2.78  4.55  4.28  4.43
 5418.25  1.89  1.88  3.47  1.65  1.74  2.09  3.77  2.13  2.75  4.53  4.24  4.40
 5419.25  1.90  1.89  3.48  1.66  1.76  2.11  3.83  2.14  2.77  4.57  4.27  4.43
 5420.25  1.91  1.90  3.48  1.67  1.76  2.11  3.87  2.15  2.78  4.61  4.28  4.45
 5421.25  1.92  1.90  3.46  1.67  1.77  2.12  3.90  2.15  2.78  4.63  4.29  4.46
 5422.25  1.91  1.90  3.44  1.67  1.76  2.11  3.92  2.15  2.77  4.63  4.28  4.46
 5423.25  1.91  1.89  3.42  1.67  1.76  2.10  3.96  2.14  2.76  4.64  4.27  4.45
 5424.25  1.92  1.90  3.43  1.68  1.78  2.12  4.04  2.16  2.78  4.68  4.29  4.48
 5425.25  1.97  1.94  3.48  1.72  1.82  2.16  4.17  2.20  2.83  4.79  4.38  4.58
 5426.25  1.98  1.95  3.48  1.73  1.83  2.17  4.24  2.21  2.84  4.83  4.40  4.60
 5427.25  1.95  1.92  3.42  1.70  1.80  2.13  4.24  2.18  2.80  4.78  4.34  4.54
 5428.25  1.93  1.90  3.37  1.68  1.78  2.11  4.25  2.16  2.77  4.75  4.29  4.50
 5429.25  1.95  1.92  3.38  1.70  1.80  2.13  4.34  2.18  2.79  4.81  4.33  4.55
 5430.25  2.01  1.97  3.46  1.75  1.85  2.19  4.50  2.24  2.86  4.94  4.44  4.67
 5431.25  2.05  2.00  3.50  1.78  1.89  2.23  4.63  2.28  2.91  5.04  4.51  4.75
 5432.25  2.00  1.95  3.40  1.74  1.84  2.17  4.58  2.22  2.84  4.95  4.41  4.65
 5433.25  1.97  1.92  3.34  1.71  1.82  2.14  4.57  2.19  2.79  4.89  4.35  4.59
 5434.25  1.98  1.93  3.34  1.72  1.83  2.15  4.65  2.20  2.81  4.92  4.37  4.62
 5435.25  1.99  1.93  3.33  1.73  1.83  2.15  4.71  2.20  2.81  4.92  4.37  4.62
 5436.25  1.98  1.92  3.30  1.72  1.83  2.14  4.74  2.19  2.79  4.88  4.36  4.60
 5437.25  1.95  1.89  3.23  1.69  1.80  2.10  4.73  2.16  2.75  4.80  4.29  4.54
 5438.25  1.94  1.88  3.20  1.68  1.79  2.09  4.75  2.15  2.73  4.77  4.27  4.51
 5439.25  1.92  1.86  3.16  1.67  1.77  2.07  4.77  2.13  2.70  4.72  4.23  4.48
 5440.25  1.89  1.83  3.10  1.64  1.75  2.03  4.75  2.10  2.66  4.64  4.17  4.41
 5441.25  1.88  1.82  3.06  1.63  1.74  2.02  4.77  2.08  2.64  4.60  4.14  4.38
 5442.25  1.88  1.81  3.04  1.63  1.73  2.01  4.81  2.08  2.63  4.58  4.13  4.38
 5443.25  1.87  1.79  3.00  1.62  1.72  1.99  4.82  2.06  2.61  4.53  4.10  4.34
 5444.25  1.86  1.79  2.97  1.61  1.72  1.99  4.86  2.06  2.60  4.51  4.09  4.33
 5445.25  1.86  1.79  2.95  1.61  1.72  1.99  4.91  2.06  2.59  4.49  4.09  4.33
 5446.25  1.88  1.80  2.96  1.63  1.74  2.00  5.00  2.08  2.61  4.52  4.12  4.37
 5447.25  1.92  1.84  3.00  1.66  1.77  2.04  5.14  2.13  2.66  4.59  4.20  4.45
 5448.25  1.95  1.87  3.03  1.69  1.80  2.07  5.27  2.16  2.70  4.65  4.26  4.51
 5449.25  1.92  1.83  2.96  1.66  1.77  2.04  5.23  2.12  2.65  4.56  4.19  4.44
 5450.25  1.87  1.78  2.86  1.62  1.72  1.98  5.15  2.06  2.58  4.43  4.08  4.33
 5451.25  1.84  1.75  2.80  1.59  1.70  1.94  5.13  2.03  2.53  4.35  4.02  4.26
 5452.25  1.82  1.74  2.76  1.58  1.69  1.93  5.14  2.02  2.51  4.31  3.99  4.23
 5453.25  1.84  1.75  2.76  1.59  1.70  1.94  5.23  2.04  2.53  4.33  4.02  4.27
 5454.25  1.86  1.76  2.76  1.61  1.71  1.96  5.31  2.05  2.55  4.35  4.05  4.30
 5455.25  1.86  1.76  2.75  1.61  1.72  1.96  5.36  2.06  2.54  4.34  4.05  4.30
 5456.25  1.89  1.79  2.77  1.64  1.75  1.98  5.49  2.09  2.58  4.39  4.11  4.36
 5457.25  1.92  1.82  2.80  1.67  1.78  2.02  5.62  2.13  2.62  4.45  4.17  4.43
 5458.25  1.89  1.78  2.73  1.63  1.75  1.98  5.58  2.09  2.57  4.36  4.10  4.35
 5459.25  1.85  1.75  2.66  1.61  1.72  1.94  5.54  2.05  2.52  4.28  4.03  4.28
 5460.25  1.84  1.73  2.62  1.59  1.70  1.92  5.53  2.03  2.50  4.23  3.99  4.24
 5461.25  1.83  1.72  2.59  1.58  1.69  1.91  5.56  2.02  2.48  4.19  3.97  4.22
 5462.25  1.83  1.72  2.57  1.59  1.70  1.92  5.62  2.03  2.48  4.19  3.98  4.23
 5463.25  1.87  1.75  2.60  1.62  1.73  1.95  5.75  2.06  2.52  4.25  4.04  4.30
 5464.25  1.92  1.80  2.65  1.66  1.78  2.00  5.92  2.12  2.58  4.33  4.14  4.40
 5465.25  1.93  1.81  2.64  1.67  1.79  2.01  6.00  2.13  2.59  4.34  4.16  4.42
 5466.25  1.89  1.77  2.57  1.64  1.76  1.98  5.95  2.09  2.54  4.26  4.09  4.35
 5467.25  1.88  1.76  2.54  1.63  1.74  1.97  5.94  2.08  2.52  4.21  4.06  4.31
 5468.25  1.88  1.75  2.52  1.63  1.74  1.97  5.93  2.08  2.52  4.20  4.05  4.31
 5469.25  1.86  1.74  2.47  1.61  1.73  1.95  6.04  2.06  2.49  4.15  4.01  4.27
 5470.25  1.85  1.73  2.44  1.60  1.72  1.94  7.29  2.05  2.47  4.12  3.99  4.25
 5471.25  1.86  1.74  2.44  1.61  1.73  1.96  9.22  2.06  2.49  4.13  4.01  4.27
 5472.25  1.89  1.75  2.45  1.63  1.76  1.98  9.90  2.09  2.51  4.16  4.06  4.32
 5473.25  1.91  1.77  2.45  1.65  1.78  2.00  9.95  2.11  2.54  4.19  4.10  4.36
 5474.25  1.94  1.80  2.47  1.68  1.80  2.03  9.96  2.14  2.57  4.23  4.14  4.42
 5475.25  1.95  1.80  2.46  1.69  1.81  2.04  9.91  2.15  2.58  4.23  4.16  4.43
 5476.25  1.94  1.80  2.43  1.68  1.81  2.04  9.80  2.15  2.57  4.21  4.15  4.42
 5477.25  1.97  1.82  2.44  1.70  1.84  2.07  9.80  2.17  2.60  4.24  4.19  4.47
 5478.25  2.00  1.85  2.47  1.73  1.87  2.11  9.83  2.21  2.64  4.30  4.25  4.54
 5479.25  1.98  1.83  2.44  1.72  1.85  2.08  9.66  2.19  2.61  4.24  4.21  4.50
 5480.25  1.95  1.80  2.39  1.69  1.82  2.05  9.46  2.16  2.58  4.17  4.15  4.43
 5481.25  1.94  1.79  2.37  1.68  1.81  2.04  9.32  2.14  2.56  4.13  4.12  4.40
 5482.25  1.96  1.81  2.38  1.69  1.83  2.06  9.28  2.16  2.58  4.15  4.14  4.43
 5483.25  1.97  1.82  2.39  1.71  1.84  2.08  9.23  2.17  2.59  4.16  4.17  4.46
 5484.25  1.96  1.80  2.36  1.69  1.83  2.06  9.08  2.16  2.57  4.11  4.13  4.43
 5485.25  1.94  1.78  2.33  1.67  1.81  2.04  8.92  2.14  2.54  4.06  4.09  4.38
 5486.25  1.92  1.77  2.30  1.66  1.80  2.02  8.76  2.12  2.52  4.02  4.05  4.35
 5487.25  1.91  1.76  2.28  1.65  1.79  2.01  8.63  2.11  2.51  3.98  4.02  4.32
 5488.25  1.92  1.76  2.28  1.66  1.79  2.02  8.56  2.12  2.51  3.99  4.03  4.33
 5489.25  1.94  1.78  2.30  1.67  1.81  2.04  8.53  2.14  2.54  4.02  4.07  4.37
 5490.25  1.93  1.77  2.28  1.67  1.81  2.04  8.41  2.13  2.53  4.01  4.05  4.36
 5491.25  1.90  1.75  2.24  1.64  1.78  2.01  8.21  2.10  2.49  3.94  3.99  4.30
 5492.25  1.87  1.71  2.19  1.61  1.75  1.97  7.99  2.07  2.44  3.87  3.91  4.22
 5493.25  1.86  1.70  2.17  1.60  1.74  1.96  7.87  2.06  2.43  3.85  3.89  4.20
 5494.25  1.88  1.72  2.18  1.62  1.76  1.98  7.82  2.08  2.45  3.87  3.92  4.23
 5495.25  1.87  1.71  2.17  1.61  1.75  1.97  7.71  2.07  2.44  3.85  3.91  4.22
 5496.25  1.85  1.69  2.14  1.60  1.74  1.96  7.55  2.05  2.42  3.81  3.86  4.18
 5497.25  1.84  1.68  2.12  1.59  1.73  1.95  7.42  2.05  2.40  3.79  3.84  4.16
 5498.25  1.84  1.69  2.11  1.59  1.73  1.95  7.32  2.05  2.40  3.78  3.84  4.17
 5499.25  1.84  1.68  2.10  1.59  1.73  1.94  7.21  2.05  2.39  3.77  3.83  4.16
 5500.25  1.81  1.65  2.06  1.56  1.70  1.91  7.01  2.01  2.35  3.70  3.76  4.09
 5501.25  1.79  1.64  2.03  1.55  1.69  1.90  6.86  2.00  2.33  3.67  3.72  4.06
 5502.25  1.81  1.65  2.05  1.56  1.71  1.92  6.82  2.02  2.35  3.69  3.75  4.10
 5503.25  1.83  1.67  2.06  1.58  1.73  1.94  6.78  2.04  2.38  3.73  3.79  4.14
 5504.25  1.83  1.67  2.05  1.58  1.73  1.94  6.68  2.04  2.37  3.72  3.78  4.13
 5505.25  1.83  1.66  2.03  1.57  1.73  1.93  6.56  2.03  2.36  3.70  3.76  4.12
 5506.25  1.82  1.65  2.02  1.57  1.72  1.92  6.43  2.03  2.35  3.67  3.74  4.10
 5507.25  1.83  1.66  2.02  1.58  1.74  1.94  6.36  2.04  2.36  3.69  3.76  4.12
 5508.25  1.86  1.68  2.04  1.60  1.76  1.96  6.33  2.07  2.39  3.72  3.80  4.17
 5509.25  1.86  1.68  2.03  1.60  1.77  1.97  6.23  2.07  2.39  3.72  3.80  4.17
 5510.25  1.85  1.67  2.01  1.59  1.76  1.95  6.09  2.06  2.37  3.69  3.76  4.14
 5511.25  1.85  1.67  2.00  1.59  1.76  1.95  5.98  2.06  2.37  3.68  3.76  4.14
 5512.25  1.84  1.66  1.98  1.58  1.75  1.95  5.87  2.05  2.36  3.66  3.73  4.12
 5513.25  1.86  1.67  1.99  1.59  1.77  1.96  5.86  2.06  2.37  3.68  3.76  4.15
 5514.25  1.89  1.70  2.02  1.62  1.80  1.99  5.91  2.10  2.40  3.72  3.80  4.20
 5515.25  1.89  1.70  2.01  1.62  1.80  2.00  5.90  2.10  2.40  3.71  3.80  4.21
 5516.25  1.89  1.70  2.02  1.62  1.81  2.00  5.90  2.11  2.41  3.72  3.80  4.21
 5517.25  1.90  1.70  2.01  1.62  1.82  2.01  5.89  2.11  2.41  3.71  3.80  4.21
 5518.25  1.89  1.70  2.00  1.62  1.81  2.00  5.86  2.10  2.40  3.69  3.78  4.20
 5519.25  1.88  1.69  1.98  1.61  1.80  1.99  5.81  2.09  2.38  3.66  3.75  4.17
 5520.25  1.89  1.69  1.98  1.61  1.81  2.00  5.81  2.09  2.38  3.66  3.76  4.18
 5521.25  1.91  1.71  2.01  1.63  1.84  2.02  5.86  2.12  2.41  3.70  3.80  4.23
 5522.25  1.92  1.72  2.01  1.64  1.85  2.04  5.87  2.14  2.42  3.71  3.81  4.25
 5523.25  1.93  1.73  2.02  1.64  1.86  2.04  5.87  2.14  2.43  3.72  3.81  4.26
 5524.25  1.93  1.73  2.01  1.65  1.86  2.05  5.86  2.14  2.43  3.71  3.81  4.26
 5525.25  1.93  1.72  2.00  1.64  1.86  2.04  5.83  2.14  2.42  3.70  3.80  4.25
 5526.25  1.93  1.72  1.99  1.64  1.86  2.04  5.80  2.14  2.41  3.68  3.78  4.24
 5527.25  1.92  1.71  1.98  1.63  1.85  2.03  5.75  2.12  2.40  3.65  3.75  4.21
 5528.25  1.93  1.72  1.98  1.64  1.87  2.04  5.77  2.14  2.41  3.66  3.78  4.24
 5529.25  1.98  1.76  2.03  1.68  1.92  2.10  5.89  2.20  2.48  3.75  3.87  4.34
 5530.25  2.00  1.78  2.05  1.70  1.94  2.12  5.92  2.22  2.50  3.78  3.91  4.38
 5531.25  1.98  1.75  2.01  1.67  1.92  2.09  5.83  2.19  2.47  3.71  3.86  4.32
 5532.25  1.97  1.75  2.00  1.67  1.91  2.08  5.79  2.18  2.46  3.69  3.84  4.30
 5533.25  1.98  1.75  2.01  1.67  1.92  2.09  5.80  2.19  2.47  3.70  3.86  4.32
 5534.25  1.98  1.75  2.00  1.67  1.92  2.09  5.77  2.19  2.46  3.69  3.86  4.31
 5535.25  1.97  1.75  1.99  1.67  1.92  2.09  5.75  2.19  2.46  3.67  3.85  4.30
 5536.25  1.99  1.76  2.00  1.68  1.94  2.10  5.76  2.20  2.48  3.69  3.88  4.32
 5537.25  1.99  1.75  1.99  1.68  1.94  2.10  5.74  2.20  2.47  3.67  3.87  4.31
 5538.25  1.96  1.73  1.96  1.65  1.91  2.07  5.66  2.18  2.44  3.62  3.83  4.26
 5539.25  1.95  1.72  1.94  1.64  1.90  2.06  5.60  2.16  2.42  3.59  3.81  4.23
 5540.25  1.95  1.71  1.93  1.64  1.90  2.06  5.58  2.16  2.42  3.59  3.80  4.22
 5541.25  1.95  1.71  1.92  1.64  1.90  2.05  5.55  2.16  2.41  3.58  3.79  4.21
 5542.25  1.91  1.67  1.88  1.60  1.87  2.01  5.44  2.12  2.37  3.51  3.73  4.13
 5543.25  1.80  1.58  1.76  1.51  1.76  1.90  5.14  2.00  2.23  3.31  3.52  3.90
 5544.25  1.77  1.55  1.73  1.48  1.73  1.87  5.05  1.97  2.20  3.26  3.47  3.84
 5545.25  1.77  1.55  1.72  1.48  1.74  1.87  5.03  1.97  2.19  3.25  3.46  3.84
 5546.25  1.70  1.48  1.65  1.42  1.67  1.79  4.83  1.89  2.11  3.13  3.34  3.69
 5547.25  1.81  1.58  1.75  1.51  1.78  1.90  5.08  2.01  2.24  3.31  3.53  3.90
 5548.25  1.91  1.66  1.84  1.59  1.88  2.00  5.30  2.12  2.35  3.47  3.71  4.09
 5549.25  1.91  1.66  1.84  1.59  1.88  1.99  5.29  2.12  2.35  3.47  3.71  4.10
 5550.25  1.86  1.62  1.79  1.55  1.84  1.94  5.16  2.08  2.30  3.39  3.63  4.02
 5551.25  1.86  1.61  1.78  1.55  1.84  1.93  5.13  2.07  2.29  3.38  3.62  4.01
 5552.25  1.88  1.63  1.80  1.56  1.86  1.94  5.16  2.10  2.31  3.41  3.65  4.06
 5553.25  1.89  1.63  1.80  1.57  1.87  1.95  5.15  2.10  2.32  3.42  3.66  4.08
 5554.25  1.90  1.64  1.81  1.58  1.88  1.95  5.16  2.12  2.33  3.43  3.68  4.10
 5555.25  1.91  1.65  1.82  1.59  1.90  1.96  5.18  2.13  2.35  3.45  3.71  4.14
 5556.25  1.94  1.68  1.84  1.61  1.93  1.99  5.23  2.17  2.38  3.50  3.76  4.21
 5557.25  1.94  1.68  1.84  1.61  1.93  1.98  5.21  2.17  2.38  3.50  3.76  4.21
 5558.25  1.93  1.66  1.82  1.59  1.92  1.96  5.15  2.15  2.36  3.46  3.73  4.19
 5559.25  1.94  1.67  1.83  1.61  1.93  1.97  5.16  2.17  2.37  3.48  3.75  4.22
 5560.25  1.93  1.66  1.82  1.60  1.93  1.95  5.12  2.16  2.36  3.46  3.73  4.21
 5561.25  1.93  1.66  1.81  1.59  1.93  1.94  5.09  2.16  2.36  3.46  3.73  4.21
 5562.25  1.95  1.67  1.82  1.61  1.95  1.96  5.11  2.18  2.38  3.48  3.76  4.25
 5563.25  1.95  1.67  1.82  1.61  1.95  1.95  5.09  2.18  2.38  3.48  3.76  4.26
 5564.25  1.86  1.59  1.73  1.53  1.86  1.86  4.86  2.08  2.27  3.32  3.59  4.08
 5565.25  1.67  1.43  1.55  1.37  1.68  1.66  4.39  1.87  2.04  3.00  3.25  3.70
 5566.25  1.76  1.51  1.64  1.45  1.77  1.75  4.59  1.97  2.15  3.15  3.41  3.90
 5567.25  1.96  1.68  1.82  1.61  1.97  1.94  5.04  2.20  2.39  3.49  3.78  4.32
 5568.25  1.99  1.71  1.85  1.64  2.01  1.97  5.09  2.24  2.42  3.54  3.84  4.39
 5569.25  1.98  1.70  1.84  1.63  2.01  1.96  5.05  2.23  2.42  3.52  3.82  4.38
 5570.25  1.93  1.65  1.78  1.59  1.95  1.90  4.91  2.17  2.35  3.43  3.73  4.28
 5571.25  1.91  1.64  1.77  1.57  1.94  1.88  4.86  2.16  2.33  3.40  3.70  4.26
 5572.25  1.98  1.70  1.83  1.63  2.01  1.94  4.99  2.23  2.41  3.51  3.82  4.40
 5573.25  2.02  1.73  1.86  1.66  2.06  1.98  5.06  2.28  2.46  3.57  3.89  4.49
 5574.25  2.08  1.78  1.91  1.71  2.12  2.03  5.17  2.35  2.53  3.67  4.00  4.62
 5575.25  2.05  1.76  1.89  1.69  2.10  2.00  5.10  2.32  2.50  3.63  3.96  4.58
 5576.25  1.77  1.51  1.62  1.45  1.81  1.72  4.44  2.01  2.16  3.15  3.44  4.00
 5577.25  0.69  0.59  0.63  0.57  0.71  0.67  1.79  0.79  0.85  1.25  1.38  1.62
 5578.25  0.25  0.22  0.23  0.21  0.26  0.25  0.66  0.29  0.31  0.46  0.51  0.60
 5579.25  0.22  0.19  0.20  0.18  0.23  0.21  0.58  0.25  0.27  0.40  0.44  0.53
 5580.25  0.48  0.41  0.44  0.39  0.50  0.46  1.24  0.55  0.59  0.87  0.96  1.14
 5581.25  1.50  1.28  1.37  1.23  1.55  1.44  3.73  1.71  1.83  2.68  2.94  3.46
 5582.25  1.96  1.67  1.78  1.61  2.01  1.88  4.76  2.23  2.37  3.46  3.79  4.45
 5583.25  1.98  1.69  1.80  1.62  2.03  1.90  4.79  2.26  2.40  3.49  3.84  4.50
 5584.25  2.06  1.75  1.87  1.69  2.11  1.97  4.94  2.34  2.49  3.62  3.99  4.67
 5585.25  2.08  1.78  1.89  1.71  2.13  1.99  4.97  2.37  2.52  3.66  4.05  4.73
 5586.25  2.08  1.77  1.89  1.71  2.13  1.98  4.95  2.37  2.52  3.65  4.06  4.74
 5587.25  2.09  1.78  1.89  1.71  2.13  1.98  4.94  2.38  2.52  3.66  4.09  4.76
 5588.25  2.12  1.80  1.92  1.74  2.16  2.01  4.99  2.41  2.56  3.71  4.16  4.83
 5589.25  2.04  1.73  1.84  1.67  2.08  1.93  4.80  2.32  2.46  3.57  4.02  4.67
 5590.25  1.79  1.52  1.62  1.46  1.82  1.69  4.25  2.04  2.16  3.16  3.58  4.16
 5591.25  1.80  1.53  1.63  1.47  1.83  1.70  4.26  2.06  2.18  3.18  3.61  4.19
 5592.25  1.99  1.69  1.80  1.63  2.02  1.87  4.65  2.27  2.40  3.49  3.98  4.60
 5593.25  2.03  1.72  1.83  1.66  2.05  1.90  4.70  2.31  2.44  3.54  4.06  4.68
 5594.25  2.02  1.71  1.82  1.65  2.04  1.89  4.67  2.30  2.43  3.53  4.05  4.67
 5595.25  2.01  1.70  1.81  1.64  2.03  1.88  4.63  2.29  2.42  3.51  4.05  4.66
 5596.25  2.01  1.71  1.81  1.65  2.03  1.89  4.62  2.30  2.42  3.51  4.07  4.68
 5597.25  1.98  1.68  1.78  1.62  1.99  1.85  4.53  2.26  2.38  3.45  4.02  4.62
 5598.25  1.92  1.63  1.72  1.57  1.93  1.79  4.39  2.19  2.31  3.35  3.92  4.50
 5599.25  1.86  1.57  1.67  1.52  1.87  1.73  4.24  2.13  2.23  3.24  3.82  4.38
 5600.25  1.92  1.63  1.73  1.57  1.94  1.79  4.37  2.20  2.31  3.35  3.96  4.53
 5601.25  1.98  1.68  1.78  1.62  1.99  1.85  4.48  2.27  2.38  3.45  4.09  4.67
 5602.25  2.01  1.70  1.80  1.64  2.01  1.87  4.50  2.30  2.41  3.48  4.14  4.73
 5603.25  2.02  1.71  1.81  1.65  2.02  1.87  4.50  2.31  2.42  3.50  4.18  4.76
 5604.25  2.01  1.70  1.80  1.65  2.02  1.87  4.47  2.31  2.41  3.49  4.18  4.76
 5605.25  1.92  1.63  1.72  1.57  1.92  1.78  4.26  2.20  2.30  3.33  4.02  4.57
 5606.25  1.68  1.42  1.50  1.37  1.68  1.55  3.75  1.93  2.02  2.93  3.56  4.05
 5607.25  1.69  1.43  1.51  1.38  1.69  1.56  3.75  1.94  2.03  2.94  3.59  4.07
 5608.25  1.91  1.61  1.70  1.56  1.90  1.76  4.17  2.19  2.28  3.30  4.03  4.54
 5609.25  1.97  1.67  1.76  1.61  1.96  1.82  4.28  2.27  2.36  3.40  4.17  4.69
 5610.25  1.97  1.66  1.76  1.61  1.96  1.81  4.25  2.26  2.36  3.39  4.17  4.67
 5611.25  1.97  1.66  1.76  1.61  1.96  1.81  4.23  2.27  2.36  3.39  4.19  4.68
 5612.25  1.97  1.66  1.75  1.61  1.95  1.80  4.21  2.26  2.35  3.39  4.20  4.67
 5613.25  1.95  1.64  1.73  1.59  1.93  1.78  4.15  2.24  2.33  3.35  4.17  4.63
 5614.25  1.95  1.64  1.73  1.59  1.93  1.78  4.12  2.24  2.33  3.34  4.18  4.62
 5615.25  1.98  1.67  1.76  1.62  1.96  1.81  4.17  2.28  2.37  3.40  4.27  4.70
 5616.25  2.05  1.73  1.82  1.68  2.03  1.87  4.28  2.36  2.45  3.51  4.42  4.84
 5617.25  2.08  1.75  1.85  1.70  2.05  1.89  4.30  2.39  2.48  3.55  4.48  4.89
 5618.25  1.96  1.65  1.74  1.61  1.93  1.79  4.06  2.26  2.34  3.36  4.27  4.65
 5619.25  1.94  1.63  1.72  1.59  1.91  1.76  4.00  2.24  2.31  3.32  4.23  4.60
 5620.25  2.02  1.70  1.79  1.65  1.98  1.83  4.12  2.32  2.40  3.44  4.40  4.76
 5621.25  2.04  1.71  1.81  1.67  2.00  1.85  4.14  2.35  2.43  3.47  4.45  4.80
 5622.25  2.04  1.72  1.81  1.67  1.99  1.85  4.12  2.35  2.43  3.47  4.47  4.81
 5623.25  2.04  1.71  1.81  1.67  1.99  1.84  4.10  2.35  2.43  3.47  4.49  4.81
 5624.25  1.93  1.62  1.71  1.58  1.88  1.75  3.88  2.23  2.30  3.29  4.28  4.58
 5625.25  1.78  1.49  1.57  1.46  1.72  1.60  3.57  2.06  2.12  3.04  3.98  4.24
 5626.25  1.93  1.62  1.70  1.58  1.86  1.74  3.83  2.23  2.29  3.28  4.30  4.57
 5627.25  2.10  1.75  1.85  1.72  2.01  1.88  4.11  2.42  2.48  3.54  4.64  4.91
 5628.25  2.11  1.76  1.86  1.72  2.01  1.89  4.10  2.43  2.48  3.55  4.67  4.93
 5629.25  2.10  1.74  1.84  1.71  1.99  1.87  4.04  2.41  2.46  3.52  4.65  4.89
 5630.25  2.08  1.72  1.82  1.69  1.96  1.84  3.98  2.39  2.43  3.48  4.62  4.84
 5631.25  2.09  1.73  1.82  1.70  1.96  1.85  3.97  2.41  2.43  3.48  4.65  4.85
 5632.25  2.12  1.75  1.84  1.72  1.98  1.87  3.99  2.44  2.46  3.52  4.70  4.90
 5633.25  2.12  1.74  1.84  1.71  1.97  1.87  3.96  2.44  2.45  3.51  4.71  4.89
 5634.25  2.13  1.75  1.85  1.72  1.97  1.88  3.96  2.46  2.46  3.53  4.75  4.92
 5635.25  2.15  1.77  1.86  1.74  1.98  1.89  3.96  2.49  2.47  3.54  4.79  4.94
 5636.25  2.15  1.76  1.86  1.73  1.97  1.89  3.93  2.49  2.46  3.54  4.80  4.93
 5637.25  2.15  1.76  1.86  1.73  1.96  1.89  3.90  2.50  2.46  3.53  4.81  4.93
 5638.25  2.16  1.77  1.86  1.74  1.96  1.90  3.89  2.51  2.46  3.54  4.83  4.94
 5639.25  2.17  1.77  1.86  1.74  1.96  1.90  3.87  2.52  2.46  3.54  4.85  4.94
 5640.25  2.10  1.70  1.79  1.68  1.88  1.83  3.72  2.44  2.37  3.41  4.71  4.78
 5641.25  2.08  1.68  1.77  1.66  1.85  1.81  3.66  2.42  2.34  3.38  4.68  4.74
 5642.25  2.17  1.75  1.85  1.73  1.92  1.89  3.78  2.53  2.43  3.50  4.86  4.91
 5643.25  2.16  1.75  1.84  1.72  1.91  1.88  3.74  2.53  2.42  3.49  4.86  4.89
 5644.25  2.12  1.71  1.80  1.69  1.86  1.84  3.65  2.48  2.37  3.42  4.79  4.80
 5645.25  2.08  1.67  1.76  1.65  1.82  1.80  3.55  2.44  2.31  3.34  4.71  4.71
 5646.25  1.96  1.57  1.65  1.55  1.70  1.69  3.33  2.30  2.17  3.15  4.46  4.45
 5647.25  1.94  1.55  1.63  1.54  1.68  1.68  3.27  2.28  2.15  3.11  4.43  4.41
 5648.25  2.04  1.63  1.72  1.62  1.76  1.76  3.42  2.40  2.25  3.26  4.65  4.61
 5649.25  2.07  1.65  1.73  1.64  1.77  1.78  3.44  2.44  2.27  3.28  4.71  4.65
 5650.25  2.07  1.65  1.73  1.64  1.77  1.78  3.43  2.44  2.27  3.28  4.72  4.65
 5651.25  2.10  1.67  1.76  1.66  1.78  1.81  3.46  2.48  2.30  3.31  4.79  4.70
 5652.25  2.11  1.68  1.76  1.67  1.78  1.81  3.46  2.49  2.30  3.32  4.81  4.71
 5653.25  2.10  1.66  1.74  1.66  1.76  1.80  3.43  2.48  2.28  3.29  4.79  4.68
 5654.25  1.92  1.52  1.60  1.52  1.61  1.65  3.14  2.28  2.08  3.02  4.44  4.32
 5655.25  1.11  0.87  0.92  0.87  0.92  0.95  1.83  1.33  1.20  1.76  2.64  2.55
 5656.25  0.63  0.49  0.52  0.49  0.52  0.53  1.04  0.75  0.68  0.99  1.51  1.46
 5657.25  0.71  0.55  0.58  0.56  0.58  0.60  1.16  0.85  0.76  1.12  1.71  1.64
 5658.25  1.46  1.14  1.20  1.14  1.19  1.24  2.36  1.74  1.56  2.27  3.44  3.30
 5659.25  1.99  1.56  1.63  1.56  1.61  1.69  3.17  2.37  2.12  3.06  4.60  4.41
 5660.25  1.92  1.49  1.57  1.50  1.54  1.62  3.04  2.28  2.03  2.94  4.44  4.24
 5661.25  2.10  1.63  1.71  1.64  1.68  1.77  3.29  2.49  2.21  3.19  4.82  4.59
 5662.25  2.24  1.74  1.82  1.75  1.79  1.89  3.49  2.67  2.35  3.39  5.12  4.87
 5663.25  2.39  1.85  1.94  1.87  1.91  2.01  3.69  2.84  2.50  3.59  5.42  5.14
 5664.25  2.50  1.93  2.02  1.95  1.98  2.10  3.83  2.96  2.60  3.72  5.64  5.33
 5665.25  2.49  1.92  2.01  1.94  1.97  2.08  3.79  2.95  2.58  3.70  5.62  5.30
 5666.25  2.54  1.95  2.04  1.98  2.00  2.12  3.84  3.01  2.62  3.75  5.72  5.37
 5667.25  2.61  2.00  2.10  2.03  2.04  2.18  3.92  3.09  2.68  3.84  5.86  5.48
 5668.25  2.67  2.05  2.14  2.07  2.08  2.22  3.98  3.16  2.73  3.90  5.97  5.57
 5669.25  2.67  2.04  2.13  2.07  2.07  2.22  3.97  3.16  2.72  3.89  5.97  5.56
 5670.25  2.50  1.91  1.99  1.94  1.93  2.07  3.72  2.98  2.55  3.65  5.66  5.24
 5671.25  2.40  1.82  1.91  1.86  1.85  1.98  3.56  2.86  2.43  3.50  5.47  5.04
 5672.25  2.45  1.85  1.94  1.89  1.87  2.02  3.60  2.91  2.47  3.54  5.56  5.10
 5673.25  2.46  1.85  1.94  1.89  1.87  2.02  3.59  2.92  2.47  3.54  5.57  5.10
 5674.25  2.46  1.85  1.94  1.89  1.86  2.02  3.58  2.93  2.46  3.53  5.58  5.09
 5675.25  2.50  1.87  1.96  1.92  1.89  2.04  3.62  2.97  2.49  3.57  5.66  5.15
 5676.25  2.53  1.89  1.99  1.94  1.91  2.06  3.65  3.02  2.52  3.61  5.73  5.20
 5677.25  2.54  1.89  1.98  1.95  1.90  2.06  3.63  3.04  2.52  3.60  5.75  5.19
 5678.25  2.51  1.86  1.95  1.92  1.87  2.03  3.57  3.02  2.48  3.54  5.69  5.12
 5679.25  2.47  1.83  1.92  1.88  1.83  1.99  3.50  2.99  2.43  3.48  5.61  5.03
 5680.25  2.45  1.81  1.90  1.87  1.81  1.97  3.46  3.00  2.41  3.44  5.58  4.98
 5681.25  2.44  1.79  1.88  1.85  1.79  1.95  3.42  2.99  2.38  3.41  5.55  4.94
 5682.25  2.40  1.75  1.84  1.82  1.75  1.91  3.35  2.97  2.34  3.34  5.47  4.85
 5683.25  2.39  1.74  1.84  1.82  1.74  1.90  3.32  2.98  2.32  3.32  5.46  4.83
 5684.25  2.44  1.78  1.87  1.86  1.77  1.93  3.38  3.06  2.37  3.38  5.57  4.91
 5685.25  2.42  1.76  1.85  1.84  1.75  1.91  3.33  3.05  2.34  3.34  5.53  4.85
 5686.25  2.36  1.71  1.80  1.80  1.70  1.86  3.24  3.00  2.27  3.25  5.42  4.74
 5687.25  2.37  1.71  1.80  1.81  1.70  1.86  3.23  3.03  2.28  3.25  5.44  4.74
 5688.25  2.45  1.76  1.86  1.87  1.74  1.91  3.31  3.14  2.34  3.33  5.59  4.86
 5689.25  2.44  1.75  1.85  1.87  1.73  1.90  3.29  3.15  2.33  3.32  5.58  4.84
 5690.25  2.36  1.68  1.78  1.80  1.66  1.82  3.16  3.06  2.24  3.19  5.41  4.67
 5691.25  2.38  1.70  1.80  1.82  1.67  1.84  3.18  3.12  2.26  3.22  5.47  4.70
 5692.25  2.37  1.68  1.78  1.81  1.66  1.82  3.15  3.12  2.24  3.19  5.44  4.67
 5693.25  2.34  1.65  1.76  1.79  1.63  1.79  3.09  3.09  2.20  3.14  5.36  4.59
 5694.25  2.37  1.67  1.78  1.81  1.64  1.81  3.12  3.15  2.23  3.16  5.40  4.64
 5695.25  2.41  1.70  1.80  1.85  1.67  1.84  3.16  3.22  2.26  3.21  5.45  4.70
 5696.25  2.42  1.70  1.81  1.86  1.66  1.84  3.15  3.25  2.26  3.21  5.44  4.70
 5697.25  2.36  1.65  1.76  1.81  1.62  1.79  3.06  3.19  2.20  3.12  5.30  4.58
 5698.25  2.32  1.61  1.72  1.78  1.58  1.74  2.99  3.15  2.15  3.05  5.18  4.48
 5699.25  2.36  1.64  1.75  1.81  1.60  1.77  3.03  3.23  2.19  3.10  5.24  4.55
 5700.25  2.40  1.66  1.77  1.84  1.62  1.79  3.06  3.29  2.21  3.13  5.28  4.60
 5701.25  2.38  1.64  1.76  1.83  1.60  1.78  3.02  3.28  2.19  3.09  5.23  4.56
 5702.25  2.38  1.64  1.76  1.83  1.60  1.77  3.01  3.30  2.18  3.09  5.20  4.55
 5703.25  2.37  1.63  1.74  1.82  1.58  1.76  2.98  3.30  2.17  3.06  5.15  4.51
 5704.25  2.36  1.61  1.73  1.81  1.57  1.74  2.95  3.30  2.15  3.03  5.10  4.48
 5705.25  2.36  1.61  1.73  1.82  1.57  1.74  2.94  3.33  2.15  3.03  5.09  4.48
 5706.25  2.37  1.61  1.74  1.83  1.57  1.74  2.94  3.36  2.15  3.03  5.08  4.48
 5707.25  2.40  1.63  1.75  1.85  1.58  1.75  2.95  3.41  2.17  3.05  5.10  4.51
 5708.25  2.39  1.62  1.74  1.85  1.57  1.75  2.93  3.42  2.16  3.03  5.07  4.49
 5709.25  2.40  1.61  1.74  1.85  1.57  1.74  2.92  3.44  2.15  3.02  5.05  4.48
 5710.25  2.44  1.64  1.77  1.88  1.59  1.77  2.96  3.51  2.18  3.06  5.10  4.54
 5711.25  2.44  1.64  1.77  1.89  1.59  1.77  2.95  3.54  2.18  3.06  5.09  4.54
 5712.25  2.44  1.63  1.77  1.89  1.58  1.76  2.93  3.55  2.17  3.04  5.05  4.52
 5713.25  2.44  1.63  1.77  1.89  1.58  1.75  2.92  3.57  2.17  3.03  5.03  4.51
 5714.25  2.41  1.60  1.74  1.87  1.55  1.73  2.87  3.54  2.14  2.99  4.95  4.45
 5715.25  2.40  1.59  1.73  1.86  1.54  1.71  2.84  3.54  2.12  2.96  4.90  4.41
 5716.25  2.41  1.60  1.74  1.88  1.55  1.72  2.86  3.59  2.14  2.98  4.92  4.45
 5717.25  2.41  1.60  1.75  1.89  1.55  1.73  2.85  3.62  2.14  2.98  4.91  4.45
 5718.25  2.37  1.58  1.73  1.87  1.53  1.70  2.81  3.60  2.11  2.94  4.85  4.40
 5719.25  2.37  1.58  1.73  1.88  1.53  1.71  2.81  3.63  2.11  2.94  4.84  4.40
 5720.25  2.39  1.59  1.75  1.91  1.54  1.72  2.82  3.68  2.13  2.96  4.86  4.43
 5721.25  2.39  1.60  1.76  1.93  1.55  1.73  2.83  3.72  2.14  2.97  4.87  4.45
 5722.25  2.38  1.60  1.75  1.94  1.55  1.72  2.82  3.74  2.14  2.96  4.85  4.44
 5723.25  2.35  1.58  1.73  1.93  1.53  1.70  2.78  3.73  2.11  2.93  4.79  4.39
 5724.25  2.36  1.58  1.74  1.95  1.54  1.71  2.79  3.78  2.12  2.94  4.79  4.41
 5725.25  2.39  1.60  1.76  1.99  1.56  1.73  2.82  3.88  2.15  2.97  4.84  4.46
 5726.25  2.38  1.60  1.76  2.00  1.56  1.73  2.81  3.93  2.15  2.97  4.82  4.46
 5727.25  2.38  1.61  1.77  2.02  1.56  1.74  2.81  3.99  2.16  2.98  4.82  4.47
 5728.25  2.38  1.61  1.77  2.03  1.56  1.74  2.81  4.04  2.16  2.98  4.82  4.47
 5729.25  2.40  1.62  1.78  2.06  1.57  1.75  2.83  4.12  2.18  3.00  4.84  4.50
 5730.25  2.41  1.63  1.79  2.09  1.58  1.77  2.84  4.20  2.20  3.01  4.86  4.53
 5731.25  2.40  1.63  1.79  2.10  1.58  1.76  2.83  4.24  2.19  3.00  4.83  4.52
 5732.25  2.41  1.64  1.80  2.12  1.59  1.77  2.84  4.31  2.21  3.02  4.84  4.53
 5733.25  2.44  1.67  1.83  2.17  1.62  1.80  2.88  4.43  2.25  3.06  4.91  4.60
 5734.25  2.44  1.67  1.83  2.19  1.62  1.80  2.87  4.48  2.25  3.06  4.90  4.60
 5735.25  2.42  1.65  1.81  2.18  1.60  1.79  2.85  4.50  2.23  3.04  4.85  4.57
 5736.25  2.38  1.63  1.79  2.17  1.58  1.76  2.80  4.49  2.21  3.00  4.78  4.51
 5737.25  2.37  1.63  1.78  2.18  1.58  1.76  2.79  4.53  2.20  2.99  4.76  4.50
 5738.25  2.40  1.65  1.81  2.22  1.60  1.78  2.83  4.64  2.24  3.03  4.80  4.56
 5739.25  2.41  1.66  1.82  2.25  1.61  1.80  2.84  4.72  2.25  3.04  4.82  4.58
 5740.25  2.39  1.65  1.81  2.24  1.60  1.78  2.82  4.74  2.24  3.02  4.77  4.55
 5741.25  2.40  1.66  1.82  2.27  1.61  1.79  2.83  4.81  2.25  3.03  4.79  4.57
 5742.25  2.42  1.68  1.83  2.31  1.62  1.81  2.86  4.90  2.28  3.06  4.82  4.61
 5743.25  2.32  1.62  1.76  2.23  1.56  1.74  2.75  4.79  2.19  2.95  4.65  4.46
 5744.25  2.24  1.56  1.70  2.17  1.51  1.68  2.66  4.69  2.12  2.85  4.49  4.31
 5745.25  2.30  1.61  1.76  2.25  1.55  1.74  2.74  4.87  2.19  2.93  4.60  4.44
 5746.25  2.31  1.62  1.77  2.28  1.56  1.75  2.76  4.95  2.20  2.95  4.62  4.46
 5747.25  2.30  1.62  1.76  2.29  1.56  1.74  2.75  4.98  2.20  2.94  4.60  4.45
 5748.25  2.30  1.62  1.77  2.31  1.56  1.75  2.75  5.04  2.21  2.94  4.60  4.46
 5749.25  2.30  1.63  1.77  2.33  1.57  1.76  2.76  5.11  2.22  2.95  4.61  4.47
 5750.25  2.28  1.62  1.76  2.33  1.56  1.75  2.75  5.14  2.21  2.94  4.59  4.45
 5751.25  2.25  1.61  1.74  2.32  1.54  1.73  2.71  5.14  2.19  2.91  4.54  4.41
 5752.25  2.24  1.60  1.74  2.32  1.54  1.72  2.71  5.17  2.18  2.90  4.53  4.40
 5753.25  2.23  1.61  1.74  2.34  1.54  1.73  2.71  5.23  2.19  2.91  4.53  4.40
 5754.25  2.23  1.61  1.74  2.35  1.54  1.73  2.71  5.28  2.19  2.91  4.53  4.40
 5755.25  2.20  1.60  1.73  2.35  1.53  1.71  2.69  5.29  2.18  2.89  4.50  4.37
 5756.25  2.17  1.58  1.71  2.34  1.52  1.69  2.66  5.29  2.15  2.86  4.44  4.32
 5757.25  2.13  1.56  1.68  2.33  1.49  1.67  2.62  5.26  2.12  2.82  4.38  4.26
 5758.25  2.11  1.55  1.67  2.34  1.48  1.66  2.60  5.27  2.11  2.80  4.34  4.23
 5759.25  2.10  1.54  1.66  2.35  1.48  1.65  2.59  5.30  2.10  2.79  4.32  4.21
 5760.25  2.08  1.54  1.66  2.37  1.47  1.65  2.58  5.33  2.09  2.78  4.30  4.19
 5761.25  2.06  1.53  1.65  2.38  1.46  1.64  2.56  5.34  2.08  2.76  4.27  4.17
 5762.25  2.09  1.55  1.67  2.44  1.48  1.67  2.60  5.45  2.11  2.80  4.33  4.22
 5763.25  2.10  1.57  1.69  2.49  1.50  1.69  2.62  5.55  2.14  2.83  4.37  4.26
 5764.25  2.08  1.56  1.68  2.50  1.49  1.68  2.61  5.57  2.12  2.81  4.34  4.23
 5765.25  2.04  1.54  1.66  2.49  1.47  1.65  2.57  5.53  2.09  2.77  4.27  4.17
 5766.25  2.02  1.52  1.64  2.49  1.46  1.64  2.54  5.53  2.07  2.74  4.22  4.12
 5767.25  2.01  1.53  1.64  2.52  1.46  1.64  2.54  5.58  2.07  2.74  4.23  4.13
 5768.25  1.99  1.52  1.63  2.53  1.45  1.63  2.53  5.59  2.06  2.73  4.19  4.10
 5769.25  1.97  1.51  1.62  2.53  1.44  1.62  2.51  5.60  2.05  2.71  4.16  4.07
 5770.25  1.97  1.51  1.63  2.57  1.44  1.63  2.52  5.65  2.06  2.72  4.17  4.08
 5771.25  2.02  1.56  1.68  2.66  1.49  1.68  2.59  5.81  2.12  2.79  4.28  4.18
 5772.25  2.07  1.60  1.72  2.75  1.52  1.72  2.64  5.92  2.17  2.85  4.36  4.27
 5773.25  2.06  1.61  1.72  2.78  1.53  1.73  2.65  6.18  2.17  2.86  4.37  4.28
 5774.25  2.07  1.62  1.73  2.82  1.54  1.74  2.66  7.92  2.18  2.87  4.38  4.29
 5775.25  2.07  1.62  1.74  2.86  1.54  1.75  2.67 10.12  2.19  2.89  4.39  4.31
 5776.25  2.08  1.63  1.75  2.90  1.55  1.76  2.68 10.72  2.21  2.90  4.41  4.32
 5777.25  2.06  1.62  1.74  2.91  1.54  1.75  2.66 10.63  2.19  2.88  4.37  4.29
 5778.25  2.02  1.60  1.71  2.88  1.51  1.72  2.62 10.41  2.16  2.83  4.30  4.22
 5779.25  2.01  1.59  1.70  2.90  1.51  1.71  2.60 10.29  2.15  2.82  4.28  4.20
 5780.25  2.02  1.61  1.72  2.95  1.52  1.73  2.63 10.29  2.18  2.85  4.31  4.25
 5781.25  2.05  1.64  1.75  3.02  1.55  1.76  2.67 10.31  2.21  2.89  4.37  4.31
 5782.25  2.06  1.65  1.76  3.07  1.56  1.78  2.69 10.29  2.23  2.91  4.39  4.35
 5783.25  2.06  1.66  1.77  3.11  1.57  1.78  2.70 10.22  2.24  2.91  4.40  4.37
 5784.25  2.07  1.67  1.78  3.15  1.58  1.80  2.72 10.17  2.26  2.93  4.42  4.39
 5785.25  2.07  1.67  1.78  3.18  1.58  1.80  2.72 10.09  2.26  2.93  4.41  4.40
 5786.25  2.07  1.68  1.78  3.21  1.58  1.80  2.73 10.01  2.26  2.93  4.41  4.41
 5787.25  2.08  1.69  1.79  3.26  1.59  1.82  2.75  9.96  2.28  2.95  4.43  4.44
 5788.25  2.06  1.68  1.78  3.26  1.58  1.80  2.73  9.82  2.27  2.93  4.40  4.42
 5789.25  2.04  1.66  1.77  3.26  1.57  1.79  2.71  9.67  2.25  2.90  4.36  4.39
 5790.25  2.01  1.65  1.75  3.26  1.56  1.78  2.69  9.52  2.23  2.88  4.32  4.36
 5791.25  1.98  1.63  1.72  3.23  1.53  1.75  2.65  9.31  2.20  2.83  4.25  4.30
 5792.25  1.97  1.62  1.72  3.25  1.53  1.74  2.65  9.20  2.19  2.82  4.23  4.29
 5793.25  1.97  1.63  1.73  3.28  1.54  1.75  2.66  9.14  2.21  2.84  4.24  4.31
 5794.25  1.94  1.61  1.70  3.25  1.52  1.73  2.63  8.95  2.18  2.80  4.18  4.26
 5795.25  1.94  1.62  1.71  3.25  1.52  1.74  2.64  8.88  2.19  2.80  4.19  4.28
 5796.25  1.99  1.66  1.76  3.32  1.57  1.79  2.71  8.97  2.25  2.88  4.28  4.39
 5797.25  2.00  1.67  1.77  3.33  1.57  1.80  2.73  8.91  2.26  2.89  4.30  4.41
 5798.25  1.84  1.54  1.63  3.07  1.45  1.66  2.52  8.27  2.09  2.67  3.98  4.10
 5799.25  1.86  1.56  1.65  3.09  1.47  1.68  2.56  8.26  2.12  2.70  4.02  4.15
 5800.25  1.98  1.68  1.77  3.29  1.58  1.80  2.74  8.62  2.27  2.89  4.28  4.42
 5801.25  1.95  1.65  1.75  3.23  1.55  1.78  2.70  8.43  2.24  2.85  4.22  4.37
 5802.25  1.92  1.63  1.73  3.18  1.54  1.76  2.67  8.25  2.21  2.81  4.16  4.32
 5803.25  1.89  1.61  1.71  3.13  1.52  1.74  2.64  8.08  2.19  2.78  4.11  4.28
 5804.25  1.86  1.59  1.68  3.08  1.50  1.71  2.61  7.89  2.16  2.74  4.06  4.22
 5805.25  1.87  1.60  1.69  3.07  1.50  1.72  2.62  7.81  2.17  2.75  4.07  4.24
 5806.25  1.87  1.60  1.70  3.08  1.51  1.73  2.63  7.74  2.18  2.77  4.09  4.26
 5807.25  1.87  1.61  1.70  3.06  1.51  1.73  2.64  7.65  2.18  2.77  4.09  4.27
 5808.25  1.86  1.60  1.69  3.04  1.50  1.73  2.63  7.52  2.17  2.76  4.07  4.25
 5809.25  1.85  1.59  1.69  3.02  1.50  1.72  2.62  7.40  2.17  2.75  4.06  4.24
 5810.25  1.83  1.58  1.67  2.98  1.49  1.71  2.60  7.26  2.15  2.73  4.03  4.22
 5811.25  1.83  1.58  1.67  2.96  1.48  1.71  2.60  7.14  2.15  2.72  4.02  4.20
 5812.25  1.82  1.57  1.67  2.94  1.48  1.71  2.59  7.02  2.14  2.72  4.01  4.20
 5813.25  1.81  1.57  1.66  2.92  1.48  1.70  2.59  6.90  2.14  2.71  4.00  4.19
 5814.25  1.82  1.57  1.67  2.91  1.48  1.71  2.60  6.82  2.15  2.72  4.01  4.20
 5815.25  1.81  1.57  1.67  2.90  1.48  1.71  2.60  6.73  2.15  2.73  4.01  4.21
 5816.25  1.82  1.58  1.68  2.90  1.49  1.72  2.61  6.65  2.16  2.74  4.02  4.23
 5817.25  1.83  1.59  1.69  2.91  1.50  1.73  2.63  6.58  2.17  2.76  4.05  4.26
 5818.25  1.82  1.59  1.68  2.88  1.50  1.73  2.63  6.47  2.17  2.75  4.04  4.25
 5819.25  1.79  1.56  1.65  2.83  1.47  1.70  2.59  6.32  2.13  2.71  3.97  4.18
 5820.25  1.77  1.55  1.64  2.79  1.46  1.69  2.57  6.26  2.12  2.69  3.95  4.16
 5821.25  1.77  1.55  1.64  2.78  1.46  1.69  2.57  6.25  2.12  2.69  3.95  4.16
 5822.25  1.76  1.54  1.63  2.75  1.45  1.68  2.56  6.20  2.11  2.67  3.92  4.14
 5823.25  1.74  1.53  1.63  2.73  1.45  1.67  2.55  6.17  2.10  2.66  3.90  4.12
 5824.25  1.73  1.52  1.62  2.70  1.44  1.67  2.54  6.13  2.09  2.65  3.88  4.11
 5825.25  1.74  1.53  1.62  2.69  1.44  1.67  2.55  6.13  2.10  2.66  3.89  4.12
 5826.25  1.75  1.55  1.64  2.71  1.46  1.69  2.58  6.18  2.12  2.69  3.93  4.16
 5827.25  1.76  1.55  1.65  2.70  1.47  1.70  2.58  6.18  2.13  2.69  3.94  4.18
 5828.25  1.75  1.55  1.64  2.69  1.46  1.70  2.59  6.16  2.13  2.69  3.94  4.18
 5829.25  1.76  1.56  1.66  2.70  1.48  1.71  2.61  6.20  2.15  2.72  3.97  4.21
 5830.25  1.77  1.57  1.66  2.70  1.49  1.73  2.63  6.21  2.17  2.73  3.99  4.23
 5831.25  1.77  1.57  1.66  2.68  1.49  1.73  2.63  6.20  2.17  2.73  3.98  4.23
 5832.25  1.77  1.57  1.67  2.67  1.49  1.73  2.64  6.20  2.18  2.74  3.99  4.24
 5833.25  1.76  1.56  1.65  2.64  1.48  1.72  2.63  6.15  2.17  2.72  3.97  4.22
 5834.25  1.77  1.58  1.67  2.65  1.50  1.74  2.66  6.20  2.19  2.75  4.01  4.27
 5835.25  1.78  1.59  1.67  2.65  1.50  1.75  2.67  6.20  2.21  2.76  4.02  4.28
 5836.25  1.75  1.57  1.65  2.60  1.48  1.73  2.64  6.12  2.18  2.73  3.97  4.24
 5837.25  1.75  1.57  1.65  2.58  1.49  1.73  2.64  6.11  2.18  2.73  3.97  4.25
 5838.25  1.77  1.58  1.66  2.59  1.50  1.75  2.67  6.15  2.21  2.75  4.00  4.30
 5839.25  1.78  1.59  1.67  2.59  1.51  1.76  2.69  6.17  2.23  2.77  4.03  4.34
 5840.25  1.77  1.59  1.67  2.57  1.51  1.75  2.69  6.14  2.22  2.76  4.01  4.34
 5841.25  1.76  1.58  1.66  2.54  1.50  1.75  2.68  6.10  2.21  2.75  3.99  4.34
 5842.25  1.77  1.59  1.66  2.53  1.51  1.76  2.69  6.12  2.23  2.77  4.01  4.37
 5843.25  1.78  1.60  1.67  2.53  1.52  1.77  2.71  6.13  2.24  2.78  4.03  4.41
 5844.25  1.80  1.62  1.70  2.55  1.54  1.80  2.76  6.20  2.28  2.82  4.09  4.49
 5845.25  1.80  1.62  1.69  2.53  1.54  1.80  2.75  6.18  2.28  2.82  4.08  4.49
 5846.25  1.77  1.60  1.66  2.48  1.51  1.78  2.72  6.09  2.25  2.78  4.02  4.45
 5847.25  1.78  1.61  1.68  2.48  1.53  1.79  2.74  6.11  2.27  2.80  4.05  4.49
 5848.25  1.76  1.59  1.66  2.44  1.51  1.78  2.72  6.05  2.25  2.77  4.01  4.46
 5849.25  1.73  1.56  1.63  2.38  1.48  1.75  2.67  5.94  2.21  2.73  3.94  4.41
 5850.25  1.72  1.55  1.62  2.35  1.48  1.75  2.66  5.90  2.20  2.71  3.92  4.40
 5851.25  1.73  1.57  1.63  2.36  1.49  1.77  2.69  5.93  2.22  2.74  3.95  4.45
 5852.25  1.75  1.59  1.65  2.37  1.51  1.79  2.73  5.99  2.25  2.77  4.00  4.52
 5853.25  1.69  1.53  1.59  2.27  1.45  1.73  2.63  5.79  2.18  2.67  3.86  4.38
 5854.25  1.52  1.38  1.43  2.04  1.31  1.57  2.39  5.28  1.97  2.42  3.51  4.00
 5855.25  1.62  1.47  1.52  2.15  1.40  1.67  2.54  5.56  2.10  2.57  3.71  4.25
 5856.25  1.77  1.61  1.66  2.33  1.53  1.83  2.78  6.00  2.30  2.80  4.04  4.63
 5857.25  1.77  1.61  1.66  2.32  1.53  1.83  2.78  5.98  2.30  2.80  4.03  4.64
 5858.25  1.76  1.60  1.65  2.29  1.52  1.83  2.77  5.95  2.29  2.79  4.02  4.64
 5859.25  1.76  1.60  1.65  2.27  1.52  1.83  2.76  5.93  2.29  2.78  4.00  4.64
 5860.25  1.72  1.57  1.62  2.21  1.49  1.80  2.72  5.82  2.25  2.73  3.94  4.58
 5861.25  1.70  1.55  1.59  2.16  1.47  1.78  2.68  5.73  2.22  2.69  3.88  4.53
 5862.25  1.68  1.53  1.58  2.13  1.46  1.77  2.67  5.69  2.21  2.67  3.85  4.52
 5863.25  1.69  1.54  1.58  2.12  1.47  1.78  2.68  5.69  2.22  2.68  3.85  4.54
 5864.25  1.68  1.53  1.57  2.10  1.46  1.77  2.67  5.65  2.21  2.67  3.84  4.54
 5865.25  1.64  1.50  1.54  2.04  1.43  1.74  2.62  5.54  2.17  2.61  3.76  4.47
 5866.25  1.47  1.34  1.38  1.81  1.28  1.56  2.36  5.02  1.95  2.35  3.39  4.05
 5867.25  1.29  1.18  1.21  1.58  1.12  1.37  2.08  4.45  1.71  2.06  2.99  3.60
 5868.25  1.30  1.19  1.21  1.58  1.13  1.39  2.09  4.46  1.73  2.08  3.01  3.63
 5869.25  1.25  1.15  1.17  1.52  1.09  1.34  2.03  4.31  1.67  2.01  2.91  3.53
 5870.25  1.36  1.24  1.27  1.64  1.19  1.46  2.20  4.62  1.81  2.17  3.13  3.81
 5871.25  1.49  1.37  1.39  1.79  1.31  1.60  2.41  5.02  1.99  2.38  3.42  4.17
 5872.25  1.59  1.46  1.48  1.90  1.39  1.71  2.57  5.30  2.13  2.53  3.64  4.44
 5873.25  1.56  1.44  1.46  1.87  1.37  1.69  2.53  5.21  2.10  2.50  3.59  4.40
 5874.25  1.48  1.36  1.38  1.77  1.30  1.61  2.40  4.97  2.00  2.38  3.42  4.22
 5875.25  1.52  1.40  1.42  1.81  1.34  1.66  2.46  5.08  2.06  2.45  3.51  4.34
 5876.25  1.54  1.42  1.43  1.82  1.35  1.68  2.48  5.11  2.08  2.47  3.54  4.40
 5877.25  1.55  1.43  1.44  1.83  1.37  1.69  2.50  5.13  2.10  2.49  3.57  4.45
 5878.25  1.60  1.48  1.49  1.89  1.41  1.75  2.57  5.26  2.17  2.57  3.68  4.60
 5879.25  1.60  1.48  1.49  1.89  1.42  1.76  2.58  5.26  2.18  2.59  3.70  4.63
 5880.25  1.59  1.47  1.48  1.87  1.41  1.75  2.56  5.22  2.18  2.57  3.68  4.63
 5881.25  1.59  1.47  1.48  1.86  1.41  1.76  2.56  5.21  2.18  2.58  3.68  4.65
 5882.25  1.60  1.48  1.49  1.87  1.42  1.77  2.57  5.21  2.19  2.59  3.70  4.68
 5883.25  1.59  1.48  1.48  1.86  1.42  1.77  2.56  5.19  2.19  2.59  3.69  4.69
 5884.25  1.59  1.48  1.48  1.85  1.42  1.77  2.56  5.17  2.20  2.59  3.69  4.71
 5885.25  1.59  1.48  1.48  1.85  1.42  1.78  2.56  5.17  2.20  2.60  3.70  4.74
 5886.25  1.58  1.47  1.47  1.83  1.41  1.77  2.54  5.12  2.20  2.59  3.68  4.73
 5887.25  1.58  1.47  1.47  1.83  1.41  1.78  2.54  5.11  2.20  2.59  3.68  4.75
 5888.25  1.46  1.36  1.36  1.68  1.31  1.65  2.35  4.75  2.04  2.40  3.43  4.45
 5889.25  1.14  1.06  1.06  1.31  1.02  1.29  1.84  3.77  1.60  1.89  2.71  3.55
 5890.25  0.87  0.81  0.80  0.99  0.77  0.99  1.40  2.90  1.22  1.44  2.08  2.74
 5891.25  0.57  0.54  0.53  0.66  0.51  0.66  0.93  1.94  0.81  0.96  1.39  1.84
 5892.25  0.67  0.63  0.62  0.77  0.60  0.77  1.09  2.25  0.95  1.12  1.62  2.16
 5893.25  1.29  1.21  1.20  1.47  1.16  1.49  2.08  4.20  1.83  2.15  3.07  4.07
 5894.25  1.61  1.52  1.50  1.83  1.45  1.86  2.58  5.12  2.28  2.67  3.79  5.00
 5895.25  1.48  1.39  1.37  1.67  1.33  1.71  2.36  4.72  2.10  2.45  3.49  4.64
 5896.25  1.07  1.01  1.00  1.21  0.97  1.25  1.73  3.51  1.54  1.80  2.58  3.47
 5897.25  0.71  0.67  0.66  0.80  0.64  0.83  1.15  2.35  1.02  1.20  1.73  2.35
 5898.25  0.84  0.79  0.77  0.94  0.75  0.98  1.35  2.74  1.20  1.41  2.02  2.76
 5899.25  1.42  1.34  1.32  1.59  1.29  1.67  2.27  4.51  2.04  2.38  3.38  4.57
 5900.25  1.64  1.54  1.52  1.82  1.48  1.92  2.60  5.10  2.35  2.73  3.86  5.20
 5901.25  1.63  1.54  1.51  1.81  1.48  1.91  2.58  5.07  2.34  2.72  3.84  5.20
 5902.25  1.63  1.54  1.51  1.80  1.48  1.92  2.58  5.06  2.34  2.72  3.84  5.22
 5903.25  1.63  1.54  1.52  1.80  1.48  1.93  2.59  5.06  2.36  2.74  3.86  5.26
 5904.25  1.58  1.49  1.47  1.74  1.44  1.87  2.50  4.89  2.28  2.65  3.74  5.13
 5905.25  1.54  1.46  1.43  1.69  1.40  1.83  2.44  4.78  2.23  2.59  3.66  5.04
 5906.25  1.60  1.52  1.49  1.75  1.46  1.91  2.54  4.94  2.33  2.70  3.80  5.24
 5907.25  1.54  1.46  1.43  1.69  1.41  1.85  2.44  4.76  2.25  2.60  3.68  5.09
 5908.25  1.42  1.34  1.32  1.55  1.29  1.70  2.25  4.39  2.07  2.40  3.40  4.74
 5909.25  1.52  1.44  1.41  1.65  1.39  1.83  2.40  4.66  2.22  2.56  3.62  5.06
 5910.25  1.52  1.44  1.42  1.66  1.39  1.84  2.40  4.66  2.23  2.57  3.64  5.09
 5911.25  1.40  1.33  1.30  1.52  1.28  1.70  2.21  4.31  2.06  2.37  3.37  4.75
 5912.25  1.52  1.44  1.41  1.65  1.39  1.84  2.39  4.62  2.23  2.56  3.63  5.12
 5913.25  1.62  1.53  1.50  1.75  1.49  1.97  2.54  4.87  2.38  2.73  3.85  5.44
 5914.25  1.61  1.53  1.50  1.74  1.48  1.97  2.53  4.84  2.38  2.72  3.84  5.44
 5915.25  1.55  1.47  1.44  1.68  1.43  1.90  2.43  4.66  2.30  2.62  3.71  5.29
 5916.25  1.23  1.16  1.14  1.33  1.13  1.51  1.93  3.74  1.83  2.09  2.97  4.30
 5917.25  1.12  1.06  1.04  1.21  1.03  1.38  1.76  3.42  1.67  1.91  2.72  3.96
 5918.25  1.40  1.33  1.30  1.51  1.29  1.73  2.19  4.19  2.09  2.37  3.36  4.88
 5919.25  1.53  1.46  1.43  1.65  1.42  1.90  2.40  4.55  2.29  2.60  3.67  5.32
 5920.25  1.56  1.48  1.45  1.68  1.44  1.94  2.44  4.59  2.33  2.64  3.73  5.42
 5921.25  1.55  1.48  1.44  1.66  1.44  1.93  2.42  4.55  2.32  2.62  3.71  5.42
 5922.25  1.53  1.46  1.42  1.64  1.42  1.91  2.39  4.48  2.30  2.59  3.66  5.38
 5923.25  1.51  1.45  1.41  1.62  1.41  1.90  2.37  4.43  2.28  2.57  3.63  5.36
 5924.25  1.50  1.43  1.40  1.61  1.40  1.89  2.35  4.37  2.27  2.55  3.61  5.34
 5925.25  1.43  1.36  1.33  1.53  1.33  1.80  2.24  4.16  2.17  2.43  3.44  5.13
 5926.25  1.29  1.23  1.20  1.38  1.20  1.64  2.02  3.77  1.97  2.20  3.13  4.70
 5927.25  1.40  1.34  1.31  1.50  1.31  1.78  2.19  4.05  2.15  2.39  3.38  5.08
 5928.25  1.53  1.46  1.43  1.63  1.43  1.94  2.39  4.37  2.35  2.60  3.67  5.51
 5929.25  1.53  1.46  1.43  1.63  1.43  1.95  2.39  4.35  2.36  2.60  3.67  5.53
 5930.25  1.52  1.45  1.42  1.61  1.42  1.93  2.37  4.31  2.35  2.58  3.65  5.52
 5931.25  1.53  1.46  1.43  1.62  1.43  1.94  2.38  4.31  2.38  2.60  3.67  5.57
 5932.25  1.51  1.45  1.41  1.60  1.42  1.92  2.36  4.25  2.36  2.57  3.63  5.54
 5933.25  1.34  1.29  1.25  1.42  1.26  1.71  2.10  3.79  2.11  2.29  3.24  5.00
 5934.25  1.04  0.99  0.97  1.10  0.97  1.33  1.63  2.97  1.65  1.78  2.54  3.97
 5935.25  1.15  1.10  1.07  1.21  1.08  1.46  1.79  3.24  1.83  1.96  2.79  4.37
 5936.25  1.43  1.36  1.33  1.50  1.34  1.81  2.22  3.95  2.27  2.42  3.43  5.33
 5937.25  1.50  1.44  1.40  1.58  1.41  1.90  2.33  4.12  2.39  2.55  3.60  5.60
 5938.25  1.52  1.46  1.42  1.60  1.43  1.93  2.36  4.16  2.44  2.58  3.64  5.69
 5939.25  1.54  1.47  1.43  1.61  1.44  1.94  2.38  4.17  2.47  2.60  3.67  5.75
 5940.25  1.53  1.47  1.43  1.60  1.44  1.94  2.37  4.14  2.47  2.60  3.66  5.76
 5941.25  1.53  1.46  1.42  1.59  1.44  1.93  2.36  4.10  2.47  2.59  3.65  5.76
 5942.25  1.54  1.47  1.43  1.60  1.45  1.94  2.37  4.11  2.50  2.60  3.67  5.81
 5943.25  1.57  1.50  1.46  1.63  1.47  1.98  2.41  4.16  2.55  2.65  3.73  5.93
 5944.25  1.58  1.51  1.47  1.64  1.49  1.99  2.43  4.16  2.58  2.67  3.76  5.98
 5945.25  1.56  1.50  1.46  1.62  1.47  1.97  2.41  4.11  2.57  2.64  3.72  5.96
 5946.25  1.50  1.44  1.40  1.56  1.42  1.89  2.31  3.94  2.48  2.54  3.59  5.78
 5947.25  1.33  1.28  1.25  1.38  1.26  1.68  2.06  3.51  2.22  2.27  3.21  5.22
 5948.25  1.38  1.32  1.29  1.43  1.30  1.74  2.13  3.61  2.31  2.34  3.31  5.41
 5949.25  1.54  1.47  1.44  1.59  1.45  1.93  2.36  3.96  2.57  2.60  3.66  5.95
 5950.25  1.59  1.53  1.49  1.65  1.50  2.00  2.44  4.08  2.67  2.69  3.78  6.16
 5951.25  1.60  1.54  1.50  1.65  1.51  2.01  2.45  4.07  2.69  2.70  3.80  6.19
 5952.25  1.59  1.53  1.48  1.64  1.50  1.99  2.43  4.02  2.68  2.68  3.77  6.15
 5953.25  1.55  1.49  1.45  1.60  1.47  1.95  2.38  3.92  2.64  2.62  3.69  6.03
 5954.25  1.24  1.20  1.16  1.28  1.18  1.56  1.91  3.16  2.13  2.11  2.99  4.93
 5955.25  1.08  1.04  1.01  1.12  1.02  1.36  1.67  2.76  1.87  1.85  2.62  4.35
 5956.25  1.37  1.31  1.28  1.41  1.29  1.71  2.09  3.42  2.35  2.31  3.27  5.34
 5957.25  1.56  1.50  1.46  1.60  1.47  1.95  2.38  3.84  2.68  2.63  3.69  5.97
 5958.25  1.59  1.53  1.49  1.63  1.51  1.99  2.42  3.89  2.74  2.68  3.76  6.06
 5959.25  1.58  1.52  1.48  1.62  1.50  1.97  2.41  3.85  2.74  2.66  3.74  6.02
 5960.25  1.56  1.50  1.46  1.60  1.48  1.95  2.37  3.78  2.71  2.63  3.69  5.94
 5961.25  1.57  1.52  1.47  1.61  1.49  1.96  2.39  3.80  2.75  2.65  3.72  5.98
 5962.25  1.60  1.54  1.49  1.63  1.51  1.99  2.42  3.83  2.80  2.69  3.77  6.04
 5963.25  1.61  1.55  1.51  1.65  1.53  2.01  2.45  3.86  2.84  2.72  3.81  6.08
 5964.25  1.61  1.55  1.51  1.65  1.53  2.00  2.44  3.84  2.84  2.71  3.79  6.06
 5965.25  1.60  1.54  1.50  1.63  1.52  1.99  2.43  3.82  2.83  2.70  3.77  6.01
 5966.25  1.59  1.53  1.49  1.62  1.50  1.97  2.41  3.78  2.82  2.67  3.74  5.96
 5967.25  1.58  1.53  1.48  1.61  1.50  1.96  2.41  3.76  2.82  2.67  3.73  5.93
 5968.25  1.47  1.42  1.38  1.50  1.40  1.83  2.24  3.51  2.64  2.49  3.48  5.56
 5969.25  1.32  1.28  1.24  1.35  1.26  1.65  2.03  3.17  2.40  2.25  3.16  5.06
 5970.25  1.42  1.37  1.33  1.45  1.35  1.76  2.17  3.38  2.57  2.41  3.37  5.37
 5971.25  1.42  1.37  1.33  1.44  1.35  1.76  2.17  3.37  2.58  2.41  3.36  5.36
 5972.25  1.38  1.34  1.29  1.40  1.31  1.71  2.12  3.28  2.52  2.34  3.27  5.22
 5973.25  1.52  1.48  1.43  1.55  1.45  1.88  2.33  3.59  2.79  2.58  3.59  5.68
 5974.25  1.57  1.53  1.48  1.60  1.50  1.93  2.41  3.69  2.88  2.66  3.70  5.83
 5975.25  1.57  1.53  1.47  1.59  1.49  1.92  2.40  3.67  2.89  2.65  3.68  5.79
 5976.25  1.55  1.51  1.46  1.57  1.47  1.89  2.37  3.62  2.88  2.62  3.64  5.72
 5977.25  1.49  1.45  1.40  1.51  1.41  1.81  2.28  3.47  2.80  2.52  3.50  5.51
 5978.25  1.27  1.24  1.19  1.29  1.21  1.55  1.96  2.99  2.43  2.16  3.02  4.78
 5979.25  1.28  1.25  1.20  1.29  1.22  1.56  1.98  3.00  2.47  2.18  3.04  4.80
 5980.25  1.49  1.46  1.40  1.51  1.42  1.81  2.30  3.46  2.89  2.53  3.51  5.49
 5981.25  1.53  1.49  1.44  1.54  1.45  1.84  2.35  3.53  2.98  2.59  3.58  5.59
 5982.25  1.51  1.48  1.42  1.53  1.44  1.82  2.33  3.49  2.98  2.57  3.55  5.53
 5983.25  1.52  1.49  1.43  1.53  1.45  1.82  2.34  3.50  3.02  2.58  3.56  5.54
 5984.25  1.54  1.51  1.45  1.55  1.47  1.84  2.37  3.53  3.08  2.61  3.60  5.59
 5985.25  1.56  1.53  1.47  1.57  1.49  1.86  2.40  3.56  3.15  2.64  3.64  5.64
 5986.25  1.57  1.54  1.48  1.58  1.50  1.87  2.42  3.58  3.20  2.66  3.66  5.67
 5987.25  1.56  1.53  1.47  1.57  1.49  1.85  2.41  3.55  3.21  2.64  3.63  5.62
 5988.25  1.56  1.54  1.47  1.57  1.49  1.85  2.41  3.54  3.24  2.65  3.64  5.61
 5989.25  1.56  1.54  1.48  1.58  1.50  1.85  2.42  3.55  3.28  2.66  3.64  5.61
 5990.25  1.56  1.54  1.47  1.57  1.50  1.84  2.42  3.53  3.29  2.65  3.63  5.58
 5991.25  1.56  1.54  1.48  1.57  1.50  1.84  2.42  3.53  3.32  2.65  3.63  5.57
 5992.25  1.57  1.56  1.49  1.59  1.51  1.84  2.44  3.54  3.37  2.67  3.65  5.59
 5993.25  1.59  1.57  1.50  1.60  1.53  1.86  2.47  3.57  3.43  2.69  3.68  5.62
 5994.25  1.58  1.56  1.50  1.59  1.52  1.84  2.45  3.54  3.43  2.67  3.65  5.57
 5995.25  1.58  1.56  1.49  1.59  1.52  1.83  2.45  3.53  3.45  2.67  3.64  5.55
 5996.25  1.58  1.57  1.50  1.59  1.52  1.83  2.46  3.52  3.48  2.67  3.64  5.53
 5997.25  1.58  1.57  1.50  1.59  1.52  1.83  2.46  3.51  3.51  2.66  3.63  5.51
 5998.25  1.55  1.55  1.47  1.57  1.50  1.79  2.42  3.46  3.48  2.63  3.57  5.42
 5999.25  1.48  1.48  1.41  1.49  1.43  1.71  2.31  3.29  3.35  2.50  3.41  5.18
 6000.25  1.53  1.52  1.45  1.54  1.47  1.75  2.39  3.38  3.47  2.58  3.50  5.31
 6001.25  1.60  1.60  1.52  1.61  1.54  1.83  2.49  3.52  3.65  2.69  3.65  5.50
 6002.25  1.62  1.62  1.54  1.63  1.56  1.85  2.53  3.55  3.72  2.72  3.68  5.54
 6003.25  1.61  1.62  1.54  1.63  1.56  1.84  2.53  3.54  3.74  2.72  3.68  5.52
 6004.25  1.57  1.58  1.50  1.59  1.52  1.79  2.47  3.45  3.68  2.65  3.59  5.38
 6005.25  1.43  1.44  1.36  1.44  1.38  1.62  2.25  3.14  3.38  2.41  3.27  4.92
 6006.25  1.48  1.49  1.41  1.49  1.43  1.67  2.33  3.24  3.52  2.49  3.37  5.06
 6007.25  1.63  1.64  1.55  1.64  1.58  1.83  2.55  3.54  3.87  2.73  3.68  5.49
 6008.25  1.64  1.66  1.57  1.66  1.60  1.85  2.58  3.56  3.93  2.75  3.71  5.52
 6009.25  1.65  1.68  1.58  1.67  1.61  1.85  2.59  3.58  3.98  2.77  3.73  5.53
 6010.25  1.65  1.68  1.58  1.67  1.61  1.85  2.59  3.57  4.00  2.77  3.72  5.52
 6011.25  1.64  1.67  1.57  1.65  1.60  1.83  2.57  3.54  4.00  2.75  3.69  5.48
 6012.25  1.64  1.67  1.57  1.65  1.60  1.82  2.57  3.53  4.03  2.74  3.68  5.47
 6013.25  1.65  1.68  1.58  1.66  1.61  1.83  2.58  3.54  4.07  2.76  3.69  5.49
 6014.25  1.67  1.70  1.59  1.68  1.62  1.84  2.61  3.56  4.14  2.78  3.72  5.53
 6015.25  1.68  1.71  1.60  1.69  1.63  1.85  2.62  3.58  4.19  2.80  3.74  5.55
 6016.25  1.67  1.71  1.60  1.68  1.63  1.85  2.61  3.56  4.20  2.79  3.72  5.53
 6017.25  1.67  1.71  1.59  1.68  1.63  1.84  2.60  3.54  4.21  2.78  3.70  5.50
 6018.25  1.68  1.72  1.61  1.69  1.64  1.85  2.62  3.56  4.27  2.81  3.73  5.54
 6019.25  1.68  1.73  1.61  1.69  1.64  1.85  2.62  3.55  4.30  2.81  3.72  5.53
 6020.25  1.68  1.73  1.61  1.69  1.65  1.85  2.62  3.55  4.33  2.81  3.72  5.53
 6021.25  1.71  1.76  1.63  1.72  1.67  1.87  2.66  3.59  4.41  2.85  3.77  5.59
 6022.25  1.73  1.78  1.66  1.74  1.70  1.89  2.69  3.63  4.49  2.88  3.81  5.64
 6023.25  1.74  1.80  1.67  1.75  1.71  1.90  2.70  3.64  4.54  2.90  3.82  5.66
 6024.25  1.72  1.78  1.65  1.74  1.70  1.88  2.68  3.60  4.53  2.87  3.79  5.61
 6025.25  1.71  1.78  1.65  1.73  1.69  1.87  2.67  3.58  4.55  2.86  3.77  5.58
 6026.25  1.71  1.77  1.64  1.72  1.69  1.86  2.65  3.55  4.58  2.85  3.75  5.55
 6027.25  1.57  1.64  1.51  1.59  1.56  1.71  2.45  3.28  4.30  2.63  3.47  5.16
 6028.25  1.39  1.45  1.33  1.40  1.38  1.51  2.17  2.91  3.88  2.34  3.09  4.61
 6029.25  1.49  1.55  1.43  1.50  1.48  1.62  2.32  3.10  4.18  2.49  3.29  4.89
 6030.25  1.60  1.67  1.54  1.62  1.60  1.74  2.49  3.32  4.52  2.68  3.53  5.22
 6031.25  1.66  1.74  1.60  1.68  1.66  1.80  2.58  3.43  4.73  2.78  3.66  5.39
 6032.25  1.68  1.76  1.62  1.70  1.68  1.82  2.61  3.46  4.82  2.81  3.69  5.44
 6033.25  1.68  1.76  1.62  1.70  1.69  1.82  2.61  3.46  4.88  2.81  3.70  5.44
 6034.25  1.65  1.73  1.59  1.67  1.65  1.78  2.55  3.38  4.83  2.75  3.62  5.32
 6035.25  1.54  1.61  1.48  1.56  1.54  1.66  2.39  3.16  4.59  2.58  3.39  5.00
 6036.25  1.54  1.62  1.49  1.56  1.55  1.66  2.40  3.17  4.66  2.59  3.40  5.02
 6037.25  1.63  1.71  1.57  1.65  1.64  1.75  2.53  3.32  4.93  2.72  3.58  5.25
 6038.25  1.66  1.74  1.60  1.68  1.67  1.78  2.56  3.37  5.05  2.77  3.63  5.32
 6039.25  1.65  1.74  1.59  1.67  1.67  1.77  2.56  3.35  5.09  2.76  3.62  5.30
 6040.25  1.65  1.73  1.59  1.67  1.67  1.76  2.55  3.33  5.13  2.75  3.60  5.27
 6041.25  1.64  1.73  1.58  1.66  1.67  1.76  2.54  3.32  5.16  2.74  3.60  5.26
 6042.25  1.64  1.73  1.59  1.66  1.67  1.76  2.54  3.31  5.21  2.75  3.59  5.25
 6043.25  1.65  1.74  1.59  1.67  1.68  1.76  2.55  3.31  5.28  2.75  3.60  5.26
 6044.25  1.65  1.74  1.59  1.67  1.68  1.76  2.55  3.31  5.33  2.76  3.61  5.26
 6045.25  1.65  1.75  1.60  1.68  1.69  1.76  2.56  3.31  5.39  2.76  3.61  5.26
 6046.25  1.67  1.77  1.62  1.70  1.71  1.78  2.58  3.34  5.50  2.80  3.65  5.31
 6047.25  1.67  1.77  1.62  1.70  1.71  1.78  2.58  3.33  5.55  2.79  3.65  5.30
 6048.25  1.64  1.74  1.59  1.67  1.69  1.75  2.54  3.27  5.51  2.75  3.59  5.21
 6049.25  1.64  1.74  1.59  1.67  1.69  1.74  2.53  3.25  5.55  2.74  3.58  5.19
 6050.25  1.66  1.76  1.60  1.69  1.71  1.76  2.56  3.28  5.65  2.77  3.62  5.24
 6051.25  1.68  1.78  1.62  1.70  1.73  1.77  2.58  3.30  5.75  2.80  3.65  5.27
 6052.25  1.67  1.77  1.62  1.70  1.73  1.76  2.57  3.29  5.78  2.79  3.63  5.25
 6053.25  1.65  1.76  1.60  1.68  1.71  1.74  2.55  3.25  5.78  2.76  3.60  5.20
 6054.25  1.66  1.77  1.61  1.69  1.72  1.75  2.56  3.25  5.85  2.77  3.61  5.21
 6055.25  1.66  1.77  1.61  1.69  1.73  1.75  2.56  3.25  5.90  2.78  3.62  5.21
 6056.25  1.65  1.76  1.60  1.68  1.72  1.73  2.54  3.22  5.91  2.76  3.59  5.17
 6057.25  1.66  1.77  1.61  1.69  1.73  1.74  2.56  3.24  6.00  2.78  3.61  5.19
 6058.25  1.68  1.80  1.63  1.71  1.76  1.77  2.59  3.27  6.11  2.81  3.65  5.24
 6059.25  1.69  1.81  1.64  1.72  1.77  1.77  2.59  3.28  6.18  2.82  3.66  5.25
 6060.25  1.68  1.80  1.63  1.71  1.76  1.76  2.58  3.27  6.20  2.81  3.64  5.22
 6061.25  1.69  1.81  1.64  1.73  1.78  1.77  2.60  3.28  6.28  2.82  3.66  5.24
 6062.25  1.70  1.82  1.64  1.73  1.79  1.77  2.60  3.29  6.34  2.83  3.67  5.24
 6063.25  1.66  1.78  1.61  1.69  1.76  1.74  2.55  3.22  6.27  2.77  3.59  5.14
 6064.25  1.65  1.76  1.60  1.68  1.75  1.72  2.52  3.19  6.27  2.75  3.56  5.09
 6065.25  1.68  1.80  1.63  1.72  1.79  1.76  2.58  3.25  6.44  2.81  3.64  5.18
 6066.25  1.71  1.84  1.66  1.75  1.83  1.79  2.62  3.30  6.58  2.86  3.69  5.26
 6067.25  1.71  1.84  1.66  1.75  1.83  1.78  2.62  3.30  6.62  2.86  3.69  5.25
 6068.25  1.65  1.77  1.60  1.68  1.77  1.72  2.52  3.18  6.46  2.76  3.56  5.08
 6069.25  1.61  1.73  1.56  1.65  1.74  1.68  2.47  3.11  6.38  2.70  3.48  4.98
 6070.25  1.65  1.78  1.61  1.69  1.79  1.72  2.53  3.18  6.57  2.77  3.57  5.10
 6071.25  1.69  1.81  1.64  1.72  1.83  1.75  2.58  3.24  6.72  2.83  3.63  5.18
 6072.25  1.70  1.83  1.65  1.74  1.85  1.76  2.59  3.25  6.80  2.85  3.65  5.21
 6073.25  1.71  1.85  1.67  1.75  1.87  1.78  2.62  3.28  6.91  2.88  3.68  5.26
 6074.25  1.73  1.86  1.68  1.77  1.89  1.79  2.63  3.30  6.99  2.90  3.71  5.29
 6075.25  1.73  1.87  1.69  1.78  1.91  1.80  2.64  3.31  7.02  2.91  3.72  5.31
 6076.25  1.75  1.89  1.71  1.80  1.93  1.82  2.67  3.34  7.05  2.94  3.75  5.36
 6077.25  1.75  1.89  1.71  1.80  1.94  1.82  2.67  3.34  7.46  2.95  3.75  5.36
 6078.25  1.73  1.87  1.69  1.77  1.92  1.79  2.63  3.29  9.86  2.91  3.71  5.30
 6079.25  1.71  1.85  1.67  1.75  1.90  1.77  2.60  3.25 12.44  2.88  3.67  5.24
 6080.25  1.74  1.88  1.69  1.78  1.94  1.79  2.64  3.30 13.08  2.92  3.72  5.31
 6081.25  1.71  1.85  1.67  1.75  1.91  1.77  2.60  3.24 12.88  2.88  3.67  5.24
 6082.25  1.69  1.83  1.65  1.74  1.90  1.75  2.57  3.21 12.70  2.86  3.64  5.20
 6083.25  1.71  1.85  1.67  1.76  1.93  1.77  2.60  3.24 12.68  2.89  3.68  5.25
 6084.25  1.72  1.86  1.68  1.77  1.94  1.77  2.61  3.25 12.62  2.90  3.69  5.27
 6085.25  1.72  1.86  1.68  1.76  1.94  1.77  2.60  3.24 12.50  2.90  3.69  5.26
 6086.25  1.74  1.88  1.70  1.79  1.97  1.79  2.63  3.28 12.50  2.94  3.73  5.31
 6087.25  1.67  1.81  1.63  1.71  1.90  1.72  2.53  3.15 12.06  2.83  3.59  5.13
 6088.25  1.42  1.54  1.39  1.46  1.63  1.46  2.16  2.70 10.66  2.42  3.09  4.44
 6089.25  1.47  1.59  1.43  1.51  1.68  1.51  2.23  2.78 10.80  2.50  3.18  4.56
 6090.25  1.68  1.83  1.65  1.73  1.94  1.73  2.55  3.17 11.82  2.86  3.63  5.16
 6091.25  1.71  1.86  1.67  1.76  1.97  1.75  2.58  3.21 11.84  2.90  3.68  5.23
 6092.25  1.71  1.85  1.67  1.75  1.97  1.75  2.58  3.20 11.71  2.90  3.68  5.22
 6093.25  1.72  1.87  1.68  1.77  1.99  1.76  2.59  3.22 11.66  2.92  3.70  5.25
 6094.25  1.72  1.88  1.69  1.77  2.00  1.76  2.60  3.22 11.58  2.93  3.71  5.27
 6095.25  1.71  1.86  1.68  1.76  1.99  1.75  2.58  3.19 11.41  2.91  3.69  5.23
 6096.25  1.68  1.83  1.64  1.73  1.96  1.71  2.53  3.13 11.14  2.85  3.62  5.14
 6097.25  1.65  1.81  1.62  1.70  1.93  1.68  2.49  3.08 10.91  2.81  3.57  5.06
 6098.25  1.66  1.82  1.63  1.72  1.95  1.69  2.51  3.10 10.86  2.83  3.59  5.10
 6099.25  1.69  1.85  1.66  1.74  1.99  1.72  2.54  3.14 10.86  2.87  3.64  5.16
 6100.25  1.67  1.84  1.64  1.72  1.98  1.70  2.52  3.10 10.68  2.85  3.61  5.11
 6101.25  1.64  1.81  1.61  1.69  1.95  1.67  2.47  3.04 10.42  2.80  3.55  5.03
 6102.25  1.68  1.85  1.65  1.73  2.00  1.70  2.53  3.11 10.49  2.86  3.62  5.13
 6103.25  1.72  1.90  1.69  1.78  2.07  1.74  2.59  3.18 10.56  2.93  3.71  5.24
 6104.25  1.73  1.92  1.70  1.79  2.09  1.76  2.61  3.20 10.50  2.95  3.74  5.27
 6105.25  1.69  1.88  1.66  1.75  2.05  1.71  2.54  3.12 10.20  2.88  3.65  5.15
 6106.25  1.65  1.84  1.63  1.71  2.02  1.68  2.49  3.06  9.94  2.83  3.58  5.06
 6107.25  1.66  1.86  1.63  1.72  2.04  1.68  2.51  3.08  9.86  2.84  3.60  5.08
 6108.25  1.65  1.85  1.63  1.71  2.04  1.67  2.49  3.06  9.71  2.83  3.58  5.06
 6109.25  1.66  1.86  1.63  1.72  2.06  1.68  2.50  3.07  9.62  2.84  3.59  5.07
 6110.25  1.67  1.88  1.64  1.73  2.09  1.69  2.52  3.09  9.56  2.86  3.62  5.10
 6111.25  1.68  1.89  1.65  1.74  2.10  1.69  2.53  3.11  9.47  2.87  3.63  5.11
 6112.25  1.67  1.89  1.64  1.74  2.11  1.69  2.52  3.10  9.35  2.87  3.63  5.11
 6113.25  1.66  1.88  1.63  1.73  2.11  1.67  2.50  3.08  9.18  2.84  3.60  5.07
 6114.25  1.66  1.88  1.63  1.73  2.12  1.67  2.51  3.08  9.06  2.85  3.60  5.07
 6115.25  1.69  1.92  1.66  1.76  2.17  1.70  2.55  3.14  9.07  2.89  3.66  5.15
 6116.25  1.70  1.93  1.66  1.76  2.18  1.70  2.55  3.14  8.97  2.90  3.66  5.15
 6117.25  1.71  1.94  1.67  1.78  2.21  1.71  2.57  3.16  8.89  2.92  3.69  5.18
 6118.25  1.73  1.97  1.69  1.80  2.24  1.73  2.60  3.20  8.85  2.95  3.72  5.22
 6119.25  1.73  1.97  1.69  1.80  2.25  1.73  2.60  3.20  8.73  2.96  3.72  5.22
 6120.25  1.71  1.95  1.67  1.78  2.24  1.71  2.57  3.17  8.54  2.93  3.69  5.17
 6121.25  1.70  1.94  1.66  1.77  2.24  1.70  2.56  3.15  8.38  2.91  3.66  5.14
 6122.25  1.71  1.96  1.67  1.78  2.26  1.71  2.57  3.16  8.29  2.93  3.68  5.16
 6123.25  1.75  2.01  1.71  1.82  2.33  1.75  2.63  3.24  8.32  3.00  3.76  5.26
 6124.25  1.77  2.04  1.73  1.85  2.37  1.77  2.67  3.28  8.30  3.04  3.81  5.32
 6125.25  1.75  2.02  1.71  1.83  2.35  1.75  2.64  3.25  8.14  3.01  3.77  5.26
 6126.25  1.74  2.02  1.70  1.82  2.36  1.74  2.62  3.23  8.07  3.00  3.75  5.23
 6127.25  1.75  2.03  1.71  1.83  2.38  1.74  2.63  3.25  8.08  3.02  3.77  5.25
 6128.25  1.76  2.04  1.71  1.84  2.39  1.75  2.64  3.26  8.08  3.03  3.78  5.26
 6129.25  1.75  2.04  1.71  1.83  2.40  1.74  2.64  3.25  8.05  3.02  3.77  5.24
 6130.25  1.76  2.06  1.72  1.85  2.42  1.75  2.65  3.27  8.07  3.04  3.79  5.26
 6131.25  1.77  2.08  1.72  1.86  2.45  1.76  2.66  3.29  8.09  3.06  3.80  5.28
 6132.25  1.77  2.08  1.73  1.86  2.46  1.76  2.67  3.29  8.08  3.07  3.81  5.28
 6133.25  1.77  2.08  1.72  1.85  2.46  1.75  2.65  3.27  8.03  3.06  3.79  5.25
 6134.25  1.75  2.06  1.70  1.82  2.45  1.73  2.62  3.24  7.94  3.02  3.74  5.19
 6135.25  1.75  2.07  1.70  1.82  2.46  1.73  2.63  3.25  7.93  3.03  3.75  5.19
 6136.25  1.76  2.09  1.71  1.84  2.49  1.74  2.65  3.27  7.97  3.06  3.77  5.22
 6137.25  1.75  2.08  1.70  1.82  2.48  1.73  2.63  3.24  7.89  3.03  3.74  5.18
 6138.25  1.70  2.03  1.65  1.77  2.43  1.68  2.56  3.17  7.72  2.96  3.65  5.05
 6139.25  1.76  2.10  1.70  1.83  2.52  1.73  2.64  3.26  7.89  3.06  3.75  5.19
 6140.25  1.67  2.01  1.62  1.74  2.41  1.65  2.52  3.11  7.57  2.92  3.58  4.96
 6141.25  1.57  1.88  1.51  1.62  2.28  1.54  2.36  2.92  7.15  2.74  3.36  4.67
 6142.25  1.70  2.05  1.64  1.76  2.49  1.67  2.55  3.16  7.62  2.96  3.62  5.01
 6143.25  1.81  2.19  1.75  1.87  2.68  1.78  2.72  3.36  8.01  3.15  3.85  5.30
 6144.25  1.74  2.10  1.68  1.79  2.59  1.71  2.61  3.23  7.73  3.03  3.70  5.10
 6145.25  1.58  1.91  1.52  1.62  2.38  1.55  2.37  2.94  7.12  2.76  3.37  4.67
 6146.25  1.52  1.85  1.46  1.56  2.31  1.49  2.29  2.84  6.88  2.66  3.25  4.50
 6147.25  1.69  2.05  1.62  1.73  2.58  1.65  2.53  3.13  7.48  2.95  3.58  4.94
 6148.25  1.73  2.11  1.66  1.78  2.67  1.70  2.60  3.22  7.63  3.03  3.67  5.05
 6149.25  1.54  1.88  1.47  1.57  2.40  1.50  2.31  2.87  6.90  2.70  3.28  4.53
 6150.25  1.39  1.71  1.33  1.42  2.20  1.36  2.10  2.61  6.33  2.45  2.98  4.14
 6151.25  1.58  1.95  1.51  1.62  2.51  1.55  2.38  2.95  7.04  2.78  3.36  4.64
 6152.25  1.68  2.07  1.61  1.72  2.68  1.64  2.53  3.13  7.38  2.95  3.56  4.90
 6153.25  1.72  2.12  1.64  1.75  2.76  1.68  2.58  3.20  7.50  3.01  3.63  4.99
 6154.25  1.76  2.17  1.67  1.79  2.84  1.71  2.63  3.26  7.60  3.07  3.69  5.07
 6155.25  1.76  2.18  1.68  1.79  2.87  1.72  2.64  3.27  7.59  3.08  3.69  5.07
 6156.25  1.77  2.20  1.68  1.79  2.90  1.72  2.65  3.29  7.61  3.10  3.71  5.09
 6157.25  1.69  2.11  1.61  1.71  2.80  1.65  2.54  3.15  7.32  2.97  3.56  4.89
 6158.25  1.63  2.03  1.54  1.65  2.72  1.58  2.44  3.04  7.07  2.86  3.42  4.71
 6159.25  1.64  2.05  1.55  1.65  2.75  1.59  2.46  3.06  7.08  2.88  3.44  4.72
 6160.25  1.65  2.08  1.57  1.67  2.81  1.61  2.48  3.09  7.13  2.91  3.47  4.77
 6161.25  1.73  2.18  1.64  1.75  2.96  1.69  2.60  3.23  7.39  3.05  3.62  4.96
 6162.25  1.76  2.22  1.67  1.77  3.02  1.71  2.64  3.29  7.47  3.10  3.67  5.03
 6163.25  1.80  2.27  1.70  1.81  3.11  1.75  2.69  3.35  7.58  3.16  3.74  5.11
 6164.25  1.85  2.33  1.74  1.85  3.21  1.79  2.76  3.44  7.72  3.24  3.83  5.22
 6165.25  1.84  2.32  1.73  1.84  3.21  1.78  2.75  3.42  7.66  3.22  3.80  5.19
 6166.25  1.80  2.29  1.70  1.80  3.18  1.75  2.70  3.36  7.54  3.17  3.74  5.10
 6167.25  1.79  2.27  1.68  1.78  3.17  1.73  2.67  3.33  7.46  3.14  3.70  5.05
 6168.25  1.78  2.27  1.67  1.78  3.19  1.73  2.67  3.33  7.43  3.13  3.69  5.03
 6169.25  1.76  2.25  1.65  1.75  3.17  1.70  2.64  3.29  7.33  3.10  3.64  4.97
 6170.25  1.74  2.23  1.63  1.73  3.16  1.68  2.61  3.26  7.25  3.07  3.60  4.91
 6171.25  1.57  2.02  1.47  1.56  2.89  1.52  2.36  2.96  6.64  2.78  3.27  4.48
 6172.25  1.35  1.74  1.26  1.34  2.51  1.30  2.03  2.56  5.80  2.40  2.82  3.88
 6173.25  1.54  1.98  1.43  1.53  2.86  1.48  2.31  2.90  6.47  2.72  3.19  4.37
 6174.25  1.77  2.28  1.65  1.75  3.29  1.70  2.65  3.31  7.26  3.10  3.64  4.95
 6175.25  1.80  2.31  1.67  1.78  3.36  1.73  2.68  3.36  7.32  3.15  3.68  5.01
 6176.25  1.75  2.26  1.63  1.73  3.30  1.69  2.62  3.28  7.16  3.07  3.60  4.89
 6177.25  1.66  2.16  1.54  1.64  3.16  1.60  2.49  3.13  6.84  2.92  3.42  4.66
 6178.25  1.62  2.10  1.50  1.59  3.10  1.55  2.42  3.04  6.65  2.84  3.33  4.53
 6179.25  1.75  2.27  1.62  1.72  3.36  1.68  2.62  3.28  7.09  3.06  3.58  4.86
 6180.25  1.80  2.34  1.66  1.77  3.45  1.72  2.68  3.37  7.22  3.14  3.66  4.97
 6181.25  1.79  2.34  1.66  1.76  3.43  1.72  2.68  3.36  7.19  3.13  3.65  4.95
 6182.25  1.80  2.35  1.66  1.77  3.43  1.72  2.68  3.37  7.18  3.14  3.66  4.95
 6183.25  1.79  2.34  1.66  1.76  3.40  1.72  2.68  3.37  7.14  3.13  3.64  4.93
 6184.25  1.79  2.34  1.65  1.75  3.37  1.71  2.66  3.35  7.09  3.12  3.63  4.90
 6185.25  1.76  2.31  1.62  1.72  3.31  1.68  2.62  3.30  6.98  3.07  3.57  4.82
 6186.25  1.73  2.28  1.59  1.69  3.24  1.65  2.58  3.26  6.87  3.02  3.51  4.75
 6187.25  1.79  2.36  1.65  1.75  3.33  1.71  2.67  3.36  7.04  3.12  3.62  4.88
 6188.25  1.82  2.40  1.67  1.78  3.37  1.74  2.72  3.42  7.12  3.17  3.67  4.94
 6189.25  1.82  2.40  1.67  1.77  3.35  1.74  2.72  3.42  7.09  3.16  3.66  4.93
 6190.25  1.81  2.39  1.66  1.76  3.32  1.72  2.70  3.40  7.03  3.14  3.63  4.89
 6191.25  1.82  2.41  1.67  1.77  3.32  1.73  2.72  3.42  7.05  3.16  3.65  4.91
 6192.25  1.86  2.46  1.71  1.81  3.38  1.77  2.79  3.49  7.15  3.23  3.71  4.99
 6193.25  1.86  2.45  1.70  1.80  3.35  1.77  2.79  3.49  7.12  3.22  3.70  4.98
 6194.25  1.73  2.28  1.58  1.68  3.12  1.64  2.60  3.27  6.69  3.01  3.45  4.66
 6195.25  1.75  2.29  1.59  1.69  3.13  1.66  2.63  3.29  6.72  3.03  3.47  4.68
 6196.25  1.83  2.39  1.67  1.77  3.26  1.74  2.76  3.45  6.97  3.17  3.63  4.88
 6197.25  1.83  2.38  1.67  1.77  3.24  1.74  2.76  3.45  6.94  3.17  3.62  4.87
 6198.25  1.85  2.41  1.69  1.79  3.27  1.76  2.80  3.49  7.00  3.20  3.65  4.91
 6199.25  1.88  2.44  1.71  1.81  3.29  1.78  2.84  3.53  7.06  3.25  3.69  4.96
 6200.25  1.88  2.44  1.72  1.82  3.29  1.79  2.85  3.54  7.05  3.25  3.70  4.97
 6201.25  1.88  2.43  1.71  1.81  3.27  1.78  2.85  3.53  7.02  3.25  3.68  4.95
 6202.25  1.87  2.41  1.71  1.80  3.24  1.78  2.85  3.51  6.98  3.24  3.67  4.93
 6203.25  1.70  2.19  1.55  1.64  2.95  1.62  2.60  3.21  6.43  2.96  3.35  4.52
 6204.25  1.44  1.85  1.31  1.38  2.49  1.36  2.20  2.72  5.52  2.51  2.84  3.85
 6205.25  1.59  2.04  1.45  1.53  2.73  1.51  2.44  2.99  6.02  2.77  3.12  4.22
 6206.25  1.82  2.33  1.66  1.75  3.10  1.73  2.79  3.40  6.75  3.15  3.55  4.77
 6207.25  1.87  2.38  1.70  1.79  3.16  1.77  2.86  3.47  6.86  3.22  3.62  4.87
 6208.25  1.85  2.35  1.68  1.78  3.12  1.75  2.84  3.44  6.80  3.20  3.59  4.82
 6209.25  1.79  2.27  1.62  1.72  3.00  1.69  2.75  3.33  6.58  3.09  3.46  4.66
 6210.25  1.76  2.23  1.60  1.69  2.94  1.67  2.71  3.27  6.48  3.05  3.41  4.59
 6211.25  1.76  2.22  1.60  1.69  2.92  1.66  2.71  3.26  6.45  3.04  3.40  4.57
 6212.25  1.51  1.91  1.37  1.45  2.52  1.43  2.35  2.82  5.64  2.63  2.94  3.98
 6213.25  1.45  1.82  1.31  1.39  2.40  1.37  2.25  2.70  5.41  2.52  2.81  3.81
 6214.25  1.62  2.03  1.47  1.55  2.66  1.53  2.51  3.00  5.94  2.81  3.12  4.21
 6215.25  1.70  2.13  1.54  1.63  2.77  1.61  2.64  3.14  6.19  2.94  3.27  4.40
 6216.25  1.83  2.29  1.66  1.76  2.97  1.73  2.85  3.37  6.58  3.16  3.50  4.71
 6217.25  1.87  2.32  1.69  1.79  3.00  1.76  2.90  3.42  6.65  3.22  3.55  4.77
 6218.25  1.86  2.31  1.69  1.78  2.98  1.76  2.90  3.41  6.62  3.21  3.54  4.75
 6219.25  1.84  2.28  1.67  1.76  2.93  1.74  2.87  3.37  6.54  3.17  3.49  4.70
 6220.25  1.83  2.26  1.66  1.75  2.90  1.73  2.86  3.35  6.49  3.16  3.47  4.66
 6221.25  1.84  2.27  1.67  1.76  2.90  1.74  2.88  3.36  6.49  3.17  3.48  4.68
 6222.25  1.69  2.07  1.53  1.61  2.65  1.59  2.65  3.09  6.01  2.93  3.20  4.31
 6223.25  1.40  1.72  1.27  1.33  2.19  1.32  2.21  2.57  5.07  2.44  2.67  3.61
 6224.25  1.54  1.88  1.40  1.47  2.40  1.45  2.43  2.82  5.51  2.69  2.92  3.95
 6225.25  1.81  2.20  1.64  1.73  2.78  1.71  2.85  3.28  6.31  3.15  3.40  4.57
 6226.25  1.82  2.21  1.65  1.74  2.79  1.72  2.87  3.30  6.33  3.18  3.42  4.59
 6227.25  1.81  2.19  1.64  1.73  2.76  1.71  2.86  3.28  6.28  3.17  3.39  4.56
 6228.25  1.82  2.20  1.65  1.74  2.76  1.72  2.88  3.29  6.28  3.19  3.41  4.58
 6229.25  1.81  2.18  1.65  1.73  2.73  1.71  2.88  3.27  6.23  3.19  3.39  4.55
 6230.25  1.80  2.15  1.63  1.72  2.69  1.70  2.86  3.24  6.17  3.17  3.36  4.51
 6231.25  1.81  2.16  1.65  1.73  2.69  1.71  2.88  3.26  6.18  3.20  3.37  4.53
 6232.25  1.84  2.19  1.67  1.76  2.72  1.74  2.94  3.31  6.24  3.26  3.42  4.59
 6233.25  1.83  2.17  1.66  1.75  2.68  1.73  2.92  3.29  6.18  3.25  3.39  4.56
 6234.25  1.75  2.07  1.59  1.68  2.56  1.66  2.81  3.15  5.94  3.13  3.25  4.37
 6235.25  1.45  1.70  1.31  1.38  2.11  1.37  2.34  2.61  4.98  2.60  2.70  3.65
 6236.25  1.20  1.41  1.09  1.14  1.74  1.13  1.95  2.17  4.17  2.17  2.24  3.05
 6237.25  1.06  1.24  0.96  1.01  1.53  1.00  1.73  1.92  3.70  1.93  1.99  2.70
 6238.25  1.11  1.30  1.01  1.06  1.59  1.05  1.82  2.02  3.86  2.03  2.08  2.83
 6239.25  1.37  1.60  1.25  1.31  1.95  1.30  2.25  2.48  4.68  2.50  2.56  3.46
 6240.25  1.67  1.93  1.52  1.59  2.34  1.58  2.72  2.98  5.54  3.02  3.07  4.13
 6241.25  1.60  1.85  1.46  1.53  2.25  1.52  2.63  2.87  5.34  2.92  2.96  3.98
 6242.25  1.48  1.71  1.35  1.42  2.07  1.41  2.44  2.66  4.96  2.72  2.74  3.70
 6243.25  1.49  1.71  1.36  1.43  2.06  1.42  2.46  2.67  4.96  2.73  2.75  3.71
 6244.25  1.54  1.75  1.40  1.47  2.11  1.46  2.54  2.74  5.07  2.82  2.83  3.80
 6245.25  1.47  1.67  1.34  1.40  2.00  1.39  2.43  2.62  4.84  2.71  2.70  3.64
 6246.25  1.64  1.85  1.49  1.56  2.21  1.56  2.71  2.91  5.31  3.01  2.99  4.02
 6247.25  1.83  2.06  1.67  1.74  2.45  1.74  3.02  3.23  5.83  3.35  3.32  4.44
 6248.25  1.82  2.05  1.67  1.74  2.43  1.74  3.03  3.22  5.80  3.36  3.32  4.42
 6249.25  1.71  1.91  1.56  1.63  2.26  1.63  2.85  3.03  5.45  3.16  3.11  4.16
 6250.25  1.72  1.92  1.57  1.64  2.26  1.64  2.87  3.04  5.46  3.19  3.13  4.18
 6251.25  1.81  2.01  1.65  1.72  2.36  1.72  3.02  3.19  5.68  3.35  3.27  4.36
 6252.25  1.83  2.02  1.67  1.73  2.37  1.74  3.06  3.22  5.71  3.39  3.31  4.40
 6253.25  1.82  2.01  1.66  1.73  2.34  1.74  3.06  3.21  5.67  3.39  3.29  4.37
 6254.25  1.85  2.03  1.68  1.75  2.36  1.76  3.10  3.25  5.71  3.44  3.33  4.42
 6255.25  1.86  2.03  1.69  1.76  2.35  1.77  3.13  3.26  5.71  3.47  3.35  4.44
 6256.25  1.84  2.01  1.68  1.75  2.32  1.76  3.12  3.24  5.66  3.45  3.32  4.40
 6257.25  1.78  1.94  1.62  1.68  2.22  1.70  3.02  3.13  5.46  3.34  3.21  4.25
 6258.25  1.45  1.57  1.32  1.37  1.80  1.39  2.48  2.57  4.51  2.75  2.63  3.50
 6259.25  1.00  1.08  0.91  0.94  1.23  0.95  1.73  1.78  3.16  1.92  1.82  2.44
 6260.25  1.06  1.15  0.97  1.00  1.31  1.02  1.85  1.90  3.35  2.05  1.95  2.60
 6261.25  1.60  1.73  1.47  1.51  1.96  1.54  2.76  2.83  4.89  3.06  2.90  3.84
 6262.25  1.81  1.95  1.65  1.71  2.21  1.74  3.11  3.18  5.42  3.44  3.25  4.28
 6263.25  1.73  1.86  1.58  1.63  2.10  1.66  2.98  3.04  5.18  3.30  3.10  4.10
 6264.25  1.71  1.83  1.56  1.61  2.07  1.64  2.96  3.01  5.11  3.27  3.07  4.05
 6265.25  1.72  1.85  1.57  1.62  2.08  1.66  2.99  3.03  5.12  3.31  3.09  4.07
 6266.25  1.44  1.54  1.32  1.36  1.75  1.39  2.53  2.56  4.34  2.80  2.61  3.45
 6267.25  1.34  1.43  1.22  1.25  1.61  1.29  2.35  2.37  4.03  2.61  2.42  3.20
 6268.25  1.66  1.76  1.51  1.55  1.99  1.60  2.90  2.91  4.87  3.21  2.97  3.90
 6269.25  1.70  1.81  1.55  1.59  2.04  1.64  2.98  2.99  4.97  3.30  3.04  4.00
 6270.25  1.62  1.72  1.48  1.52  1.94  1.57  2.86  2.85  4.74  3.16  2.90  3.82
 6271.25  1.75  1.85  1.60  1.64  2.08  1.69  3.09  3.07  5.06  3.41  3.12  4.09
 6272.25  1.82  1.92  1.66  1.70  2.16  1.76  3.21  3.18  5.20  3.54  3.23  4.23
 6273.25  1.79  1.89  1.64  1.68  2.12  1.74  3.17  3.14  5.12  3.50  3.19  4.17
 6274.25  1.77  1.86  1.62  1.65  2.09  1.71  3.14  3.09  5.02  3.47  3.14  4.10
 6275.25  1.74  1.82  1.59  1.62  2.05  1.69  3.09  3.04  4.93  3.44  3.09  4.03
 6276.25  1.41  1.47  1.29  1.31  1.65  1.37  2.53  2.48  4.05  2.83  2.51  3.30
 6277.25  1.23  1.28  1.12  1.14  1.44  1.19  2.22  2.17  3.56  2.51  2.20  2.89
 6278.25  1.52  1.59  1.39  1.42  1.78  1.48  2.74  2.68  4.34  3.11  2.71  3.54
 6279.25  1.59  1.65  1.46  1.48  1.85  1.55  2.86  2.79  4.52  3.27  2.83  3.69
 6280.25  1.57  1.63  1.44  1.46  1.83  1.53  2.82  2.76  4.46  3.25  2.79  3.64
 6281.25  1.74  1.80  1.60  1.62  2.02  1.70  3.12  3.05  4.89  3.62  3.08  4.00
 6282.25  1.80  1.86  1.65  1.67  2.08  1.76  3.21  3.14  5.02  3.75  3.17  4.11
 6283.25  1.78  1.83  1.63  1.65  2.05  1.74  3.18  3.10  4.96  3.74  3.13  4.06
 6284.25  1.76  1.81  1.61  1.63  2.02  1.72  3.14  3.07  4.91  3.73  3.10  4.01
 6285.25  1.76  1.81  1.62  1.63  2.02  1.73  3.15  3.07  4.91  3.76  3.10  4.01
 6286.25  1.76  1.80  1.62  1.64  2.01  1.73  3.15  3.08  4.91  3.80  3.10  4.01
 6287.25  1.71  1.75  1.57  1.59  1.95  1.68  3.07  2.99  4.78  3.72  3.02  3.90
 6288.25  1.25  1.28  1.15  1.16  1.43  1.23  2.27  2.21  3.57  2.78  2.23  2.89
 6289.25  0.97  0.99  0.89  0.90  1.10  0.96  1.77  1.72  2.80  2.19  1.73  2.26
 6290.25  1.31  1.33  1.20  1.21  1.48  1.29  2.36  2.30  3.70  2.95  2.32  3.01
 6291.25  1.64  1.67  1.51  1.52  1.85  1.62  2.94  2.87  4.56  3.68  2.88  3.72
 6292.25  1.69  1.71  1.55  1.56  1.89  1.66  3.01  2.94  4.66  3.79  2.95  3.80
 6293.25  1.71  1.73  1.57  1.58  1.92  1.69  3.06  2.98  4.72  3.88  3.00  3.85
 6294.25  1.75  1.77  1.61  1.61  1.95  1.73  3.12  3.05  4.81  3.98  3.05  3.92
 6295.25  1.76  1.77  1.61  1.62  1.95  1.74  3.13  3.06  4.81  4.02  3.06  3.93
 6296.25  1.76  1.77  1.62  1.62  1.95  1.74  3.14  3.07  4.82  4.06  3.07  3.93
 6297.25  1.70  1.72  1.57  1.57  1.88  1.69  3.04  2.98  4.67  3.96  2.97  3.81
 6298.25  1.55  1.56  1.42  1.42  1.71  1.54  2.77  2.72  4.27  3.64  2.71  3.48
 6299.25  1.26  1.26  1.16  1.16  1.39  1.25  2.27  2.23  3.51  3.02  2.21  2.85
 6300.25  0.79  0.79  0.72  0.72  0.87  0.78  1.43  1.41  2.23  1.92  1.39  1.81
 6301.25  0.27  0.27  0.25  0.25  0.29  0.27  0.49  0.48  0.76  0.66  0.48  0.62
 6302.25  0.19  0.19  0.18  0.18  0.21  0.19  0.36  0.35  0.56  0.49  0.35  0.45
 6303.25  0.41  0.41  0.38  0.38  0.45  0.41  0.75  0.74  1.17  1.03  0.73  0.94
 6304.25  1.31  1.31  1.21  1.20  1.43  1.31  2.36  2.33  3.61  3.24  2.30  2.95
 6305.25  1.69  1.69  1.56  1.55  1.84  1.69  3.02  2.98  4.57  4.14  2.94  3.76
 6306.25  1.69  1.68  1.55  1.54  1.84  1.69  3.01  2.98  4.55  4.15  2.93  3.74
 6307.25  1.45  1.44  1.33  1.32  1.57  1.45  2.59  2.57  3.95  3.62  2.52  3.24
 6308.25  0.96  0.95  0.88  0.88  1.04  0.96  1.73  1.72  2.66  2.46  1.69  2.17
 6309.25  1.01  1.00  0.93  0.92  1.10  1.01  1.83  1.82  2.80  2.60  1.78  2.29
 6310.25  1.52  1.50  1.40  1.39  1.65  1.52  2.72  2.71  4.10  3.86  2.64  3.38
 6311.25  1.73  1.71  1.59  1.58  1.87  1.73  3.07  3.07  4.61  4.37  2.99  3.81
 6312.25  1.77  1.75  1.63  1.61  1.91  1.78  3.14  3.14  4.70  4.49  3.05  3.89
 6313.25  1.76  1.74  1.63  1.61  1.90  1.77  3.13  3.13  4.68  4.50  3.05  3.88
 6314.25  1.73  1.70  1.59  1.57  1.86  1.74  3.07  3.07  4.58  4.44  2.98  3.80
 6315.25  1.72  1.69  1.59  1.57  1.85  1.73  3.06  3.07  4.56  4.45  2.97  3.78
 6316.25  1.76  1.73  1.62  1.60  1.89  1.77  3.13  3.14  4.65  4.57  3.04  3.86
 6317.25  1.78  1.74  1.64  1.61  1.91  1.79  3.15  3.17  4.68  4.64  3.06  3.89
 6318.25  1.77  1.74  1.64  1.61  1.90  1.79  3.15  3.17  4.66  4.65  3.05  3.88
 6319.25  1.79  1.75  1.65  1.63  1.92  1.81  3.18  3.20  4.69  4.72  3.08  3.91
 6320.25  1.81  1.77  1.67  1.64  1.94  1.83  3.21  3.24  4.73  4.79  3.11  3.95
 6321.25  1.73  1.69  1.60  1.57  1.85  1.75  3.07  3.11  4.54  4.63  2.98  3.79
 6322.25  1.45  1.41  1.34  1.31  1.54  1.46  2.58  2.62  3.84  3.94  2.50  3.19
 6323.25  1.26  1.23  1.16  1.14  1.34  1.27  2.25  2.29  3.36  3.47  2.18  2.79
 6324.25  1.54  1.50  1.42  1.39  1.64  1.56  2.73  2.78  4.04  4.21  2.65  3.37
 6325.25  1.73  1.69  1.60  1.57  1.84  1.76  3.06  3.12  4.51  4.73  2.98  3.78
 6326.25  1.75  1.71  1.63  1.59  1.86  1.78  3.09  3.16  4.55  4.81  3.01  3.82
 6327.25  1.74  1.69  1.61  1.58  1.84  1.76  3.05  3.14  4.50  4.81  2.98  3.78
 6328.25  1.70  1.66  1.58  1.54  1.80  1.73  2.99  3.08  4.41  4.77  2.92  3.70
 6329.25  1.69  1.65  1.57  1.54  1.79  1.72  2.97  3.07  4.39  4.81  2.91  3.68
 6330.25  1.45  1.41  1.34  1.32  1.53  1.47  2.55  2.64  3.78  4.20  2.50  3.17
 6331.25  0.99  0.96  0.92  0.90  1.04  1.01  1.75  1.82  2.63  2.96  1.72  2.19
 6332.25  1.10  1.07  1.02  1.00  1.16  1.12  1.94  2.03  2.91  3.32  1.91  2.43
 6333.25  1.63  1.58  1.51  1.48  1.71  1.66  2.83  2.96  4.19  4.82  2.79  3.53
 6334.25  1.75  1.70  1.63  1.59  1.84  1.79  3.03  3.18  4.48  5.20  2.99  3.78
 6335.25  1.74  1.69  1.62  1.58  1.83  1.78  3.01  3.17  4.44  5.21  2.97  3.75
 6336.25  1.77  1.72  1.65  1.61  1.86  1.81  3.06  3.23  4.51  5.35  3.03  3.82
 6337.25  1.79  1.74  1.68  1.63  1.88  1.84  3.09  3.27  4.56  5.47  3.07  3.86
 6338.25  1.77  1.72  1.66  1.61  1.86  1.82  3.05  3.24  4.51  5.46  3.03  3.82
 6339.25  1.74  1.69  1.63  1.58  1.82  1.78  2.99  3.19  4.42  5.42  2.97  3.75
 6340.25  1.75  1.70  1.64  1.59  1.83  1.80  3.00  3.21  4.44  5.50  2.99  3.76
 6341.25  1.52  1.47  1.42  1.38  1.59  1.56  2.62  2.81  3.89  4.89  2.61  3.29
 6342.25  1.26  1.22  1.18  1.15  1.32  1.29  2.17  2.34  3.25  4.15  2.17  2.75
 6343.25  1.47  1.42  1.38  1.34  1.54  1.51  2.52  2.72  3.75  4.82  2.52  3.18
 6344.25  1.68  1.63  1.58  1.53  1.76  1.73  2.86  3.09  4.25  5.49  2.87  3.61
 6345.25  1.68  1.63  1.58  1.53  1.76  1.73  2.86  3.09  4.24  5.54  2.87  3.61
 6346.25  1.71  1.65  1.60  1.56  1.78  1.76  2.90  3.14  4.29  5.66  2.91  3.66
 6347.25  1.70  1.65  1.60  1.55  1.78  1.76  2.88  3.13  4.28  5.70  2.90  3.65
 6348.25  1.70  1.64  1.59  1.55  1.77  1.75  2.87  3.11  4.25  5.72  2.89  3.63
 6349.25  1.54  1.49  1.44  1.40  1.61  1.59  2.60  2.84  3.88  5.29  2.63  3.31
 6350.25  1.33  1.29  1.25  1.22  1.39  1.38  2.26  2.47  3.38  4.69  2.29  2.88
 6351.25  1.51  1.46  1.42  1.38  1.58  1.56  2.55  2.79  3.80  5.29  2.58  3.24
 6352.25  1.67  1.61  1.58  1.53  1.75  1.73  2.81  3.07  4.17  5.84  2.85  3.57
 6353.25  1.69  1.63  1.59  1.54  1.76  1.75  2.83  3.10  4.20  5.93  2.88  3.60
 6354.25  1.70  1.64  1.60  1.55  1.77  1.76  2.83  3.11  4.21  6.00  2.89  3.61
 6355.25  1.71  1.65  1.61  1.56  1.78  1.77  2.84  3.13  4.22  6.08  2.91  3.63
 6356.25  1.65  1.59  1.55  1.50  1.72  1.71  2.74  3.03  4.08  5.94  2.81  3.52
 6357.25  1.28  1.23  1.21  1.17  1.34  1.33  2.14  2.37  3.21  4.77  2.20  2.76
 6358.25  1.10  1.06  1.04  1.00  1.15  1.15  1.84  2.04  2.77  4.18  1.90  2.39
 6359.25  1.44  1.38  1.36  1.31  1.50  1.50  2.39  2.65  3.57  5.38  2.46  3.09
 6360.25  1.68  1.62  1.59  1.54  1.75  1.76  2.77  3.09  4.13  6.23  2.87  3.59
 6361.25  1.68  1.62  1.59  1.54  1.76  1.76  2.77  3.09  4.13  6.29  2.88  3.60
 6362.25  1.66  1.60  1.57  1.52  1.73  1.74  2.72  3.04  4.06  6.25  2.84  3.55
 6363.25  1.51  1.46  1.43  1.39  1.58  1.59  2.49  2.79  3.72  5.82  2.61  3.26
 6364.25  0.70  0.68  0.66  0.64  0.73  0.74  1.17  1.31  1.77  2.86  1.23  1.55
 6365.25  0.33  0.32  0.31  0.30  0.35  0.35  0.55  0.62  0.84  1.38  0.58  0.73
 6366.25  0.41  0.40  0.39  0.38  0.43  0.44  0.68  0.77  1.04  1.73  0.73  0.92
 6367.25  1.07  1.03  1.01  0.98  1.12  1.13  1.76  1.99  2.65  4.38  1.87  2.34
 6368.25  1.62  1.56  1.54  1.49  1.69  1.71  2.63  2.97  3.93  6.43  2.80  3.50
 6369.25  1.65  1.59  1.57  1.52  1.72  1.74  2.68  3.03  4.00  6.59  2.86  3.57
 6370.25  1.65  1.59  1.57  1.53  1.72  1.75  2.68  3.04  3.99  6.65  2.87  3.58
 6371.25  1.66  1.60  1.58  1.53  1.73  1.76  2.69  3.05  4.00  6.73  2.89  3.60
 6372.25  1.67  1.61  1.59  1.55  1.74  1.77  2.71  3.07  4.02  6.82  2.91  3.63
 6373.25  1.66  1.60  1.58  1.54  1.73  1.76  2.69  3.05  3.99  6.84  2.90  3.61
 6374.25  1.65  1.58  1.57  1.53  1.72  1.75  2.67  3.03  3.95  6.84  2.88  3.59
 6375.25  1.66  1.59  1.58  1.53  1.73  1.76  2.68  3.04  3.96  6.91  2.90  3.61
 6376.25  1.67  1.61  1.59  1.55  1.74  1.78  2.70  3.07  3.99  7.02  2.93  3.64
 6377.25  1.68  1.61  1.60  1.55  1.74  1.78  2.70  3.07  4.00  7.08  2.93  3.65
 6378.25  1.69  1.62  1.61  1.57  1.76  1.80  2.72  3.10  4.03  7.17  2.96  3.69
 6379.25  1.68  1.61  1.60  1.56  1.75  1.79  2.70  3.08  4.00  7.13  2.95  3.67
 6380.25  1.53  1.47  1.46  1.42  1.60  1.64  2.47  2.82  3.68  6.59  2.71  3.37
 6381.25  1.43  1.37  1.37  1.33  1.49  1.53  2.31  2.64  3.45  7.04  2.54  3.17
 6382.25  1.60  1.53  1.53  1.49  1.67  1.71  2.57  2.94  3.82 11.97  2.83  3.52
 6383.25  1.67  1.60  1.59  1.55  1.74  1.79  2.67  3.06  3.97 16.17  2.95  3.67
 6384.25  1.67  1.60  1.60  1.56  1.74  1.79  2.68  3.06  3.97 16.81  2.96  3.68
 6385.25  1.69  1.61  1.61  1.57  1.75  1.81  2.69  3.08  3.99 16.79  2.98  3.70
 6386.25  1.67  1.59  1.59  1.55  1.73  1.79  2.66  3.05  3.95 16.55  2.95  3.67
 6387.25  1.46  1.39  1.39  1.35  1.52  1.56  2.33  2.68  3.48 15.05  2.60  3.23
 6388.25  1.27  1.21  1.21  1.18  1.32  1.36  2.03  2.34  3.05 13.56  2.27  2.84
 6389.25  1.49  1.42  1.42  1.39  1.55  1.60  2.37  2.73  3.54 15.03  2.66  3.31
 6390.25  1.68  1.60  1.60  1.56  1.74  1.80  2.66  3.06  3.96 16.12  2.98  3.70
 6391.25  1.70  1.62  1.62  1.58  1.77  1.83  2.69  3.10  4.00 16.12  3.02  3.75
 6392.25  1.70  1.62  1.62  1.58  1.76  1.83  2.68  3.09  3.99 15.98  3.02  3.75
 6393.25  1.68  1.60  1.60  1.56  1.74  1.81  2.65  3.06  3.94 15.75  2.99  3.71
 6394.25  1.68  1.60  1.61  1.56  1.74  1.81  2.65  3.06  3.94 15.62  3.00  3.72
 6395.25  1.69  1.61  1.62  1.57  1.76  1.82  2.66  3.07  3.96 15.56  3.02  3.74
 6396.25  1.71  1.63  1.64  1.60  1.78  1.85  2.69  3.11  4.01 15.56  3.06  3.79
 6397.25  1.72  1.63  1.65  1.60  1.78  1.86  2.70  3.12  4.02 15.46  3.07  3.81
 6398.25  1.71  1.63  1.64  1.60  1.78  1.85  2.69  3.11  4.00 15.32  3.07  3.80
 6399.25  1.72  1.64  1.65  1.61  1.79  1.87  2.70  3.13  4.02 15.24  3.09  3.83
 6400.25  1.74  1.65  1.67  1.63  1.81  1.89  2.73  3.16  4.06 15.22  3.13  3.87
 6401.25  1.78  1.69  1.71  1.66  1.85  1.93  2.78  3.22  4.13 15.28  3.19  3.95
 6402.25  1.79  1.70  1.72  1.67  1.86  1.95  2.79  3.24  4.15 15.20  3.21  3.97
 6403.25  1.76  1.67  1.69  1.65  1.83  1.92  2.74  3.19  4.09 14.92  3.17  3.92
 6404.25  1.75  1.66  1.68  1.64  1.82  1.91  2.72  3.17  4.06 14.73  3.15  3.90
 6405.25  1.72  1.63  1.65  1.61  1.78  1.88  2.67  3.11  3.98 14.41  3.10  3.83
 6406.25  1.71  1.62  1.64  1.60  1.78  1.87  2.66  3.09  3.96 14.24  3.09  3.82
 6407.25  1.70  1.61  1.63  1.59  1.76  1.86  2.63  3.07  3.93 14.04  3.07  3.80
 6408.25  1.34  1.27  1.29  1.26  1.40  1.48  2.09  2.45  3.15 11.75  2.45  3.05
 6409.25  1.19  1.12  1.14  1.11  1.23  1.31  1.85  2.17  2.80 10.57  2.18  2.71
 6410.25  1.54  1.45  1.48  1.44  1.60  1.70  2.38  2.79  3.58 12.72  2.81  3.47
 6411.25  1.75  1.66  1.69  1.65  1.82  1.94  2.71  3.17  4.04 13.80  3.19  3.93
 6412.25  1.74  1.65  1.68  1.64  1.81  1.93  2.69  3.14  4.01 13.60  3.18  3.91
 6413.25  1.74  1.65  1.68  1.64  1.81  1.93  2.69  3.15  4.01 13.47  3.19  3.91
 6414.25  1.68  1.58  1.62  1.58  1.74  1.86  2.58  3.03  3.86 12.98  3.08  3.77
 6415.25  1.54  1.46  1.49  1.45  1.60  1.72  2.38  2.80  3.57 12.11  2.85  3.49
 6416.25  1.60  1.51  1.54  1.50  1.66  1.78  2.46  2.89  3.68 12.27  2.95  3.61
 6417.25  1.71  1.61  1.65  1.61  1.78  1.91  2.63  3.09  3.93 12.74  3.15  3.85
 6418.25  1.73  1.63  1.67  1.64  1.80  1.93  2.66  3.12  3.97 12.72  3.20  3.90
 6419.25  1.73  1.63  1.67  1.63  1.79  1.93  2.65  3.11  3.95 12.54  3.19  3.89
 6420.25  1.69  1.60  1.63  1.60  1.76  1.89  2.60  3.05  3.87 12.23  3.14  3.82
 6421.25  1.56  1.47  1.51  1.48  1.62  1.75  2.40  2.82  3.59 11.41  2.92  3.54
 6422.25  1.48  1.40  1.43  1.40  1.54  1.67  2.29  2.69  3.42 10.85  2.78  3.38
 6423.25  1.64  1.55  1.59  1.55  1.71  1.84  2.52  2.96  3.75 11.54  3.07  3.71
 6424.25  1.70  1.60  1.65  1.61  1.77  1.92  2.61  3.06  3.88 11.70  3.18  3.84
 6425.25  1.71  1.61  1.66  1.62  1.78  1.93  2.62  3.07  3.89 11.59  3.20  3.86
 6426.25  1.72  1.62  1.67  1.63  1.79  1.94  2.63  3.09  3.91 11.49  3.22  3.88
 6427.25  1.70  1.60  1.65  1.61  1.76  1.92  2.59  3.05  3.87 11.24  3.19  3.84
 6428.25  1.69  1.60  1.64  1.61  1.76  1.92  2.59  3.04  3.86 11.07  3.19  3.83
 6429.25  1.70  1.61  1.66  1.62  1.77  1.93  2.60  3.06  3.89 10.97  3.21  3.85
 6430.25  1.70  1.60  1.65  1.61  1.77  1.93  2.59  3.05  3.88 10.81  3.21  3.84
 6431.25  1.70  1.60  1.66  1.62  1.77  1.93  2.59  3.05  3.89 10.70  3.22  3.85
 6432.25  1.71  1.61  1.67  1.63  1.78  1.95  2.61  3.07  3.91 10.70  3.25  3.87
 6433.25  1.71  1.61  1.67  1.62  1.78  1.95  2.60  3.06  3.90 10.65  3.24  3.86
 6434.25  1.69  1.59  1.65  1.60  1.76  1.93  2.57  3.02  3.86 10.54  3.21  3.82
 6435.25  1.68  1.59  1.65  1.60  1.75  1.93  2.56  3.01  3.85 10.51  3.21  3.82
 6436.25  1.68  1.59  1.65  1.60  1.75  1.93  2.56  3.01  3.85 10.48  3.21  3.81
 6437.25  1.67  1.58  1.64  1.59  1.74  1.92  2.54  3.00  3.84 10.42  3.20  3.80
 6438.25  1.67  1.58  1.64  1.59  1.74  1.92  2.54  2.99  3.83 10.40  3.21  3.80
 6439.25  1.68  1.59  1.66  1.60  1.76  1.94  2.56  3.02  3.86 10.44  3.24  3.83
 6440.25  1.73  1.63  1.70  1.65  1.81  2.00  2.63  3.10  3.97 10.64  3.33  3.93
 6441.25  1.75  1.66  1.73  1.67  1.83  2.03  2.66  3.14  4.02 10.73  3.38  3.98
 6442.25  1.72  1.63  1.70  1.64  1.80  2.01  2.61  3.09  3.96 10.57  3.33  3.92
 6443.25  1.71  1.62  1.69  1.63  1.79  2.00  2.59  3.07  3.93 10.49  3.31  3.89
 6444.25  1.71  1.62  1.69  1.63  1.78  2.00  2.59  3.07  3.93 10.47  3.32  3.89
 6445.25  1.70  1.61  1.68  1.62  1.77  2.00  2.57  3.05  3.91 10.41  3.30  3.87
 6446.25  1.70  1.61  1.68  1.62  1.78  2.00  2.57  3.05  3.92 10.39  3.31  3.87
 6447.25  1.71  1.62  1.70  1.64  1.79  2.02  2.59  3.08  3.94 10.43  3.34  3.90
 6448.25  1.71  1.62  1.70  1.64  1.79  2.03  2.59  3.08  3.95 10.41  3.35  3.90
 6449.25  1.69  1.60  1.69  1.62  1.77  2.02  2.56  3.05  3.91 10.32  3.32  3.87
 6450.25  1.68  1.59  1.68  1.61  1.76  2.01  2.54  3.03  3.89 10.25  3.31  3.85
 6451.25  1.70  1.61  1.70  1.63  1.78  2.04  2.57  3.07  3.94 10.33  3.35  3.90
 6452.25  1.70  1.61  1.70  1.63  1.78  2.05  2.57  3.07  3.94 10.31  3.36  3.89
 6453.25  1.62  1.53  1.62  1.55  1.70  1.95  2.45  2.93  3.76  9.90  3.21  3.72
 6454.25  1.59  1.51  1.59  1.53  1.67  1.93  2.40  2.88  3.70  9.75  3.16  3.66
 6455.25  1.64  1.56  1.65  1.58  1.72  1.99  2.48  2.97  3.82  9.99  3.27  3.78
 6456.25  1.65  1.57  1.66  1.59  1.74  2.01  2.50  2.99  3.85 10.02  3.29  3.80
 6457.25  1.66  1.58  1.67  1.60  1.74  2.03  2.51  3.01  3.86 10.04  3.31  3.82
 6458.25  1.67  1.59  1.69  1.61  1.76  2.05  2.53  3.03  3.90 10.08  3.35  3.85
 6459.25  1.61  1.53  1.63  1.55  1.70  1.99  2.44  2.93  3.77  9.78  3.24  3.72
 6460.25  1.58  1.51  1.60  1.53  1.67  1.96  2.39  2.88  3.71  9.63  3.19  3.66
 6461.25  1.68  1.60  1.71  1.63  1.77  2.09  2.54  3.06  3.93 10.09  3.39  3.88
 6462.25  1.72  1.64  1.74  1.66  1.81  2.14  2.59  3.12  4.01 10.22  3.46  3.96
 6463.25  1.73  1.65  1.76  1.67  1.82  2.16  2.61  3.14  4.03 10.25  3.49  3.98
 6464.25  1.59  1.51  1.62  1.53  1.67  1.98  2.40  2.89  3.72  9.57  3.22  3.68
 6465.25  1.31  1.25  1.34  1.27  1.39  1.65  1.99  2.41  3.12  8.20  2.69  3.08
 6466.25  1.35  1.28  1.37  1.30  1.42  1.70  2.04  2.47  3.19  8.36  2.76  3.15
 6467.25  1.18  1.12  1.20  1.14  1.24  1.49  1.79  2.17  2.81  7.44  2.42  2.77
 6468.25  1.20  1.14  1.23  1.16  1.27  1.52  1.82  2.21  2.86  7.55  2.47  2.82
 6469.25  1.54  1.47  1.58  1.49  1.62  1.95  2.32  2.81  3.62  9.25  3.14  3.57
 6470.25  1.68  1.60  1.72  1.63  1.78  2.14  2.52  3.06  3.94  9.89  3.42  3.88
 6471.25  1.45  1.39  1.49  1.41  1.54  1.85  2.19  2.66  3.44  8.80  2.98  3.38
 6472.25  1.12  1.07  1.16  1.09  1.19  1.44  1.70  2.07  2.69  7.07  2.33  2.64
 6473.25  1.21  1.15  1.24  1.17  1.28  1.55  1.82  2.22  2.88  7.50  2.49  2.83
 6474.25  1.56  1.49  1.61  1.51  1.65  2.01  2.35  2.85  3.69  9.27  3.20  3.62
 6475.25  1.64  1.56  1.69  1.59  1.73  2.11  2.46  2.98  3.85  9.59  3.35  3.78
 6476.25  1.29  1.23  1.34  1.25  1.37  1.68  1.95  2.38  3.09  7.90  2.68  3.02
 6477.25  1.06  1.01  1.09  1.02  1.12  1.38  1.59  1.95  2.54  6.62  2.20  2.48
 6478.25  1.33  1.27  1.38  1.29  1.41  1.73  2.00  2.44  3.18  8.06  2.75  3.10
 6479.25  1.45  1.38  1.50  1.40  1.53  1.89  2.17  2.65  3.44  8.63  2.99  3.35
 6480.25  1.47  1.41  1.53  1.43  1.56  1.93  2.21  2.70  3.51  8.74  3.05  3.41
 6481.25  1.69  1.62  1.76  1.64  1.79  2.22  2.53  3.09  4.00  9.74  3.48  3.88
 6482.25  1.73  1.65  1.80  1.67  1.83  2.27  2.58  3.14  4.07  9.86  3.55  3.95
 6483.25  1.69  1.61  1.76  1.63  1.79  2.23  2.52  3.07  3.99  9.66  3.47  3.86
 6484.25  1.72  1.64  1.80  1.66  1.82  2.29  2.56  3.13  4.06  9.77  3.54  3.93
 6485.25  1.75  1.67  1.83  1.70  1.86  2.34  2.61  3.19  4.13  9.89  3.60  3.99
 6486.25  1.71  1.64  1.80  1.66  1.82  2.31  2.56  3.13  4.06  9.72  3.54  3.92
 6487.25  1.70  1.62  1.78  1.65  1.80  2.30  2.53  3.10  4.03  9.63  3.51  3.88
 6488.25  1.72  1.64  1.81  1.67  1.82  2.34  2.56  3.14  4.08  9.69  3.55  3.92
 6489.25  1.74  1.66  1.83  1.68  1.84  2.37  2.58  3.17  4.12  9.75  3.59  3.96
 6490.25  1.75  1.67  1.84  1.69  1.85  2.40  2.60  3.19  4.15  9.76  3.62  3.97
 6491.25  1.74  1.67  1.84  1.69  1.85  2.41  2.59  3.18  4.14  9.72  3.61  3.97
 6492.25  1.74  1.66  1.84  1.69  1.85  2.41  2.58  3.18  4.14  9.69  3.61  3.96
 6493.25  1.74  1.66  1.84  1.69  1.85  2.43  2.58  3.18  4.14  9.67  3.62  3.96
 6494.25  1.74  1.66  1.84  1.69  1.85  2.44  2.58  3.19  4.15  9.66  3.63  3.97
 6495.25  1.72  1.65  1.82  1.67  1.83  2.43  2.56  3.15  4.12  9.55  3.60  3.93
 6496.25  1.73  1.66  1.83  1.68  1.84  2.45  2.57  3.17  4.14  9.57  3.62  3.94
 6497.25  1.77  1.69  1.88  1.72  1.88  2.52  2.62  3.24  4.23  9.71  3.70  4.03
 6498.25  1.65  1.57  1.75  1.60  1.75  2.36  2.44  3.03  3.96  9.16  3.46  3.76
 6499.25  1.22  1.16  1.29  1.18  1.30  1.76  1.82  2.26  2.98  7.11  2.60  2.83
 6500.25  0.84  0.80  0.89  0.81  0.90  1.23  1.26  1.57  2.08  5.07  1.81  1.97
 6501.25  1.00  0.95  1.06  0.97  1.07  1.46  1.49  1.86  2.47  5.93  2.15  2.33
 6502.25  1.53  1.46  1.63  1.48  1.63  2.24  2.27  2.82  3.71  8.54  3.25  3.51
 6503.25  1.68  1.60  1.78  1.63  1.79  2.46  2.48  3.09  4.05  9.18  3.55  3.83
 6504.25  1.65  1.57  1.75  1.60  1.76  2.43  2.44  3.03  3.98  9.03  3.50  3.76
 6505.25  1.59  1.52  1.69  1.54  1.70  2.36  2.35  2.93  3.85  8.75  3.39  3.64
 6506.25  1.27  1.22  1.36  1.24  1.36  1.91  1.89  2.37  3.13  7.25  2.74  2.95
 6507.25  1.25  1.19  1.33  1.21  1.34  1.88  1.86  2.33  3.08  7.12  2.70  2.90
 6508.25  1.59  1.51  1.69  1.54  1.70  2.39  2.35  2.93  3.86  8.66  3.39  3.63
 6509.25  1.69  1.62  1.81  1.64  1.81  2.55  2.50  3.12  4.10  9.10  3.61  3.86
 6510.25  1.70  1.62  1.81  1.65  1.82  2.57  2.51  3.13  4.11  9.10  3.63  3.86
 6511.25  1.71  1.63  1.83  1.66  1.83  2.60  2.52  3.15  4.15  9.12  3.66  3.89
 6512.25  1.70  1.63  1.82  1.66  1.83  2.61  2.51  3.14  4.13  9.07  3.65  3.88
 6513.25  1.70  1.62  1.81  1.65  1.82  2.61  2.50  3.13  4.12  9.02  3.64  3.86
 6514.25  1.69  1.61  1.81  1.65  1.82  2.61  2.50  3.12  4.12  8.98  3.64  3.85
 6515.25  1.56  1.49  1.67  1.52  1.67  2.42  2.30  2.89  3.81  8.37  3.37  3.56
 6516.25  1.53  1.46  1.64  1.49  1.65  2.39  2.27  2.84  3.76  8.24  3.32  3.51
 6517.25  1.69  1.61  1.80  1.64  1.81  2.64  2.49  3.11  4.11  8.87  3.64  3.83
 6518.25  1.75  1.67  1.87  1.70  1.88  2.74  2.58  3.22  4.25  9.11  3.78  3.96
 6519.25  1.77  1.69  1.89  1.72  1.90  2.79  2.60  3.26  4.30  9.16  3.83  4.01
 6520.25  1.77  1.68  1.89  1.72  1.90  2.80  2.60  3.26  4.30  9.14  3.85  4.00
 6521.25  1.75  1.66  1.87  1.70  1.88  2.78  2.57  3.23  4.26  9.03  3.82  3.96
 6522.25  1.73  1.65  1.86  1.69  1.87  2.76  2.55  3.20  4.23  8.94  3.80  3.92
 6523.25  1.51  1.44  1.62  1.48  1.63  2.44  2.23  2.81  3.73  7.99  3.36  3.46
 6524.25  1.30  1.23  1.39  1.27  1.40  2.11  1.92  2.42  3.23  7.01  2.91  2.99
 6525.25  1.54  1.46  1.65  1.50  1.66  2.52  2.27  2.86  3.80  8.06  3.44  3.51
 6526.25  1.72  1.63  1.85  1.68  1.86  2.82  2.53  3.18  4.20  8.80  3.83  3.90
 6527.25  1.69  1.61  1.82  1.65  1.83  2.81  2.49  3.13  4.14  8.66  3.79  3.84
 6528.25  1.71  1.63  1.85  1.68  1.86  2.87  2.53  3.18  4.19  8.74  3.85  3.89
 6529.25  1.79  1.70  1.93  1.75  1.94  3.02  2.64  3.32  4.36  9.02  4.03  4.06
 6530.25  1.84  1.75  1.98  1.80  1.99  3.12  2.70  3.40  4.45  9.17  4.14  4.15
 6531.25  1.83  1.74  1.97  1.79  1.99  3.13  2.69  3.39  4.43  9.12  4.14  4.14
 6532.25  1.81  1.72  1.95  1.77  1.96  3.12  2.66  3.35  4.37  9.00  4.10  4.09
 6533.25  1.59  1.51  1.72  1.56  1.73  2.79  2.35  2.98  3.89  8.12  3.66  3.64
 6534.25  1.02  0.97  1.10  1.00  1.11  1.82  1.51  1.93  2.54  5.48  2.40  2.37
 6535.25  0.96  0.91  1.04  0.94  1.05  1.73  1.43  1.82  2.39  5.17  2.27  2.24
 6536.25  1.49  1.42  1.62  1.47  1.63  2.68  2.21  2.82  3.65  7.62  3.49  3.43
 6537.25  1.78  1.69  1.92  1.75  1.94  3.20  2.62  3.33  4.29  8.77  4.12  4.04
 6538.25  1.80  1.71  1.94  1.77  1.96  3.25  2.64  3.37  4.32  8.81  4.17  4.08
 6539.25  1.78  1.70  1.93  1.75  1.95  3.26  2.63  3.35  4.29  8.73  4.16  4.06
 6540.25  1.78  1.69  1.93  1.75  1.94  3.28  2.62  3.35  4.28  8.68  4.17  4.05
 6541.25  1.74  1.66  1.89  1.72  1.90  3.24  2.57  3.29  4.19  8.51  4.11  3.98
 6542.25  1.65  1.57  1.79  1.63  1.81  3.10  2.44  3.14  3.99  8.13  3.93  3.79
 6543.25  1.63  1.55  1.78  1.61  1.78  3.09  2.41  3.11  3.94  8.02  3.90  3.75
 6544.25  1.61  1.53  1.75  1.59  1.76  3.08  2.38  3.08  3.89  7.91  3.87  3.71
 6545.25  1.22  1.16  1.33  1.20  1.33  2.37  1.81  2.35  2.98  6.19  2.97  2.84
 6546.25  0.87  0.83  0.95  0.86  0.95  1.72  1.30  1.69  2.15  4.54  2.16  2.05
 6547.25  0.92  0.87  1.00  0.91  1.00  1.83  1.37  1.79  2.27  4.75  2.28  2.16
 6548.25  1.41  1.34  1.53  1.39  1.53  2.78  2.09  2.72  3.40  6.93  3.45  3.26
 6549.25  1.68  1.59  1.83  1.65  1.82  3.31  2.48  3.22  4.01  8.01  4.08  3.85
 6550.25  1.67  1.59  1.82  1.64  1.81  3.32  2.46  3.21  3.99  7.95  4.08  3.83
 6551.25  1.69  1.61  1.85  1.67  1.84  3.39  2.50  3.26  4.04  8.01  4.15  3.89
 6552.25  1.71  1.62  1.86  1.68  1.85  3.44  2.52  3.29  4.06  8.03  4.19  3.92
 6553.25  1.68  1.59  1.83  1.65  1.82  3.41  2.48  3.24  3.99  7.89  4.14  3.86
 6554.25  1.27  1.20  1.39  1.25  1.37  2.63  1.88  2.48  3.06  6.18  3.19  2.96
 6555.25  0.86  0.81  0.94  0.84  0.93  1.81  1.28  1.70  2.09  4.30  2.19  2.02
 6556.25  1.08  1.02  1.18  1.06  1.17  2.28  1.61  2.13  2.62  5.30  2.76  2.54
 6557.25  1.61  1.53  1.76  1.59  1.74  3.37  2.38  3.14  3.83  7.51  4.04  3.72
 6558.25  1.73  1.65  1.90  1.71  1.87  3.64  2.56  3.38  4.10  7.95  4.35  3.99
 6559.25  1.76  1.67  1.92  1.73  1.90  3.71  2.60  3.43  4.14  8.00  4.41  4.04
 6560.25  1.75  1.67  1.92  1.73  1.89  3.73  2.59  3.43  4.13  7.96  4.42  4.03
 6561.25  1.74  1.66  1.91  1.72  1.88  3.73  2.57  3.41  4.10  7.88  4.41  4.01
 6562.25  1.73  1.65  1.91  1.71  1.87  3.75  2.57  3.41  4.08  7.84  4.41  4.00
 6563.25  1.57  1.50  1.73  1.55  1.70  3.45  2.34  3.12  3.73  7.20  4.05  3.66
 6564.25  1.24  1.18  1.37  1.22  1.33  2.75  1.84  2.47  2.96  5.81  3.24  2.91
 6565.25  1.33  1.27  1.48  1.31  1.44  2.98  1.99  2.67  3.18  6.19  3.49  3.13
 6566.25  1.69  1.61  1.87  1.66  1.82  3.74  2.50  3.35  3.97  7.54  4.37  3.91
 6567.25  1.76  1.67  1.95  1.73  1.89  3.88  2.60  3.48  4.11  7.76  4.55  4.06
 6568.25  1.72  1.64  1.91  1.69  1.85  3.79  2.55  3.42  4.02  7.59  4.47  3.98
 6569.25  1.59  1.52  1.78  1.57  1.71  3.52  2.37  3.19  3.75  7.10  4.19  3.71
 6570.25  1.29  1.23  1.44  1.27  1.38  2.86  1.92  2.60  3.06  5.88  3.44  3.04
 6571.25  1.36  1.30  1.53  1.34  1.47  3.01  2.03  2.76  3.23  6.16  3.65  3.21
 6572.25  1.61  1.54  1.81  1.59  1.73  3.52  2.40  3.24  3.78  7.09  4.29  3.76
 6573.25  1.65  1.58  1.86  1.63  1.77  3.59  2.46  3.33  3.86  7.20  4.41  3.85
 6574.25  1.67  1.59  1.88  1.65  1.79  3.61  2.48  3.36  3.89  7.23  4.49  3.89
 6575.25  1.68  1.60  1.90  1.66  1.80  3.62  2.50  3.39  3.92  7.24  4.56  3.92
 6576.25  1.71  1.63  1.94  1.69  1.83  3.66  2.54  3.45  3.98  7.32  4.67  3.98
 6577.25  1.63  1.56  1.86  1.61  1.75  3.50  2.44  3.32  3.82  7.02  4.53  3.82
 6578.25  1.16  1.11  1.33  1.15  1.24  2.51  1.74  2.39  2.75  5.17  3.32  2.76
 6579.25  0.94  0.90  1.08  0.93  1.01  2.04  1.41  1.95  2.24  4.23  2.73  2.25
 6580.25  1.30  1.24  1.49  1.28  1.39  2.78  1.95  2.68  3.06  5.67  3.75  3.08
 6581.25  1.64  1.57  1.89  1.62  1.76  3.47  2.45  3.37  3.83  6.93  4.71  3.85
 6582.25  1.67  1.60  1.93  1.65  1.79  3.52  2.50  3.43  3.89  7.01  4.83  3.92
 6583.25  1.67  1.60  1.93  1.65  1.79  3.50  2.49  3.44  3.88  6.97  4.86  3.92
 6584.25  1.61  1.54  1.86  1.59  1.72  3.36  2.40  3.32  3.74  6.71  4.73  3.78
 6585.25  1.54  1.47  1.78  1.52  1.65  3.21  2.30  3.19  3.60  6.44  4.59  3.63
 6586.25  1.58  1.51  1.84  1.56  1.69  3.28  2.36  3.29  3.69  6.56  4.74  3.73
 6587.25  1.67  1.60  1.94  1.64  1.78  3.43  2.49  3.46  3.87  6.83  5.01  3.92
 6588.25  1.70  1.63  1.98  1.68  1.82  3.49  2.54  3.54  3.94  6.92  5.15  4.00
 6589.25  1.72  1.65  2.01  1.70  1.84  3.51  2.57  3.59  3.98  6.97  5.24  4.05
 6590.25  1.72  1.65  2.02  1.70  1.84  3.50  2.57  3.60  3.98  6.96  5.29  4.06
 6591.25  1.70  1.63  1.99  1.67  1.81  3.44  2.54  3.56  3.93  6.87  5.26  4.01
 6592.25  1.66  1.59  1.95  1.63  1.77  3.34  2.48  3.48  3.84  6.70  5.18  3.92
 6593.25  1.64  1.57  1.93  1.61  1.74  3.29  2.45  3.45  3.79  6.62  5.16  3.88
 6594.25  1.70  1.63  2.01  1.67  1.81  3.40  2.54  3.58  3.93  6.83  5.38  4.02
 6595.25  1.75  1.68  2.07  1.72  1.87  3.48  2.62  3.69  4.03  6.99  5.57  4.13
 6596.25  1.72  1.65  2.04  1.69  1.84  3.41  2.58  3.65  3.97  6.88  5.53  4.08
 6597.25  1.58  1.51  1.87  1.55  1.68  3.12  2.36  3.36  3.65  6.36  5.14  3.75
 6598.25  1.36  1.30  1.62  1.33  1.45  2.69  2.04  2.92  3.17  5.58  4.53  3.26
 6599.25  1.48  1.41  1.76  1.45  1.57  2.91  2.22  3.17  3.43  5.99  4.92  3.54
 6600.25  1.67  1.60  1.99  1.63  1.77  3.25  2.50  3.56  3.84  6.64  5.53  3.97
 6601.25  1.68  1.61  2.02  1.65  1.79  3.27  2.52  3.61  3.88  6.69  5.62  4.01
 6602.25  1.66  1.60  2.00  1.63  1.77  3.22  2.50  3.57  3.83  6.61  5.60  3.97
 6603.25  1.67  1.60  2.02  1.64  1.78  3.22  2.51  3.60  3.84  6.63  5.66  3.99
 6604.25  1.62  1.55  1.96  1.58  1.72  3.10  2.43  3.49  3.72  6.43  5.53  3.87
 6605.25  1.27  1.22  1.55  1.25  1.35  2.46  1.92  2.79  2.97  5.20  4.49  3.09
 6606.25  1.17  1.12  1.43  1.15  1.25  2.26  1.77  2.58  2.74  4.81  4.19  2.86
 6607.25  1.52  1.46  1.86  1.49  1.62  2.89  2.29  3.33  3.52  6.07  5.36  3.67
 6608.25  1.71  1.64  2.09  1.67  1.81  3.21  2.56  3.71  3.91  6.68  5.96  4.08
 6609.25  1.75  1.67  2.14  1.70  1.85  3.26  2.62  3.80  3.99  6.80  6.12  4.17
 6610.25  1.75  1.68  2.15  1.71  1.85  3.25  2.63  3.81  3.99  6.80  6.18  4.18
 6611.25  1.70  1.64  2.10  1.66  1.81  3.16  2.56  3.73  3.89  6.64  6.08  4.09
 6612.25  1.70  1.63  2.10  1.65  1.80  3.12  2.55  3.72  3.87  6.60  6.09  4.07
 6613.25  1.71  1.64  2.12  1.67  1.81  3.13  2.57  3.76  3.91  6.64  6.18  4.11
 6614.25  1.71  1.64  2.12  1.66  1.81  3.11  2.57  3.76  3.90  6.61  6.21  4.11
 6615.25  1.74  1.67  2.17  1.70  1.84  3.15  2.62  3.84  3.97  6.71  6.36  4.19
 6616.25  1.39  1.34  1.74  1.35  1.47  2.52  2.10  3.11  3.20  5.49  5.24  3.39
 6617.25  0.71  0.68  0.90  0.69  0.76  1.30  1.09  1.63  1.67  2.94  2.82  1.78
 6618.25  0.60  0.57  0.76  0.58  0.63  1.09  0.91  1.37  1.40  2.47  2.39  1.49
 6619.25  1.00  0.96  1.27  0.97  1.06  1.80  1.52  2.28  2.33  4.04  3.95  2.48
 6620.25  1.63  1.57  2.06  1.58  1.72  2.87  2.46  3.64  3.71  6.27  6.18  3.94
 6621.25  1.71  1.64  2.16  1.65  1.80  2.98  2.57  3.80  3.87  6.51  6.45  4.11
 6622.25  1.69  1.62  2.14  1.64  1.78  2.94  2.55  3.78  3.83  6.45  6.44  4.07
 6623.25  1.70  1.63  2.16  1.65  1.79  2.93  2.56  3.80  3.85  6.46  6.49  4.08
 6624.25  1.70  1.63  2.17  1.65  1.79  2.92  2.56  3.82  3.85  6.46  6.52  4.08
 6625.25  1.69  1.63  2.16  1.64  1.78  2.89  2.55  3.81  3.83  6.42  6.52  4.05
 6626.25  1.71  1.64  2.19  1.66  1.80  2.90  2.58  3.85  3.87  6.46  6.60  4.09
 6627.25  1.75  1.68  2.24  1.69  1.84  2.94  2.63  3.92  3.95  6.56  6.75  4.16
 6628.25  1.69  1.62  2.17  1.63  1.78  2.83  2.54  3.80  3.82  6.36  6.61  4.03
 6629.25  1.55  1.49  1.99  1.49  1.63  2.58  2.34  3.50  3.52  5.88  6.18  3.71
 6630.25  1.63  1.56  2.10  1.57  1.71  2.69  2.45  3.66  3.70  6.13  6.51  3.88
 6631.25  1.75  1.67  2.25  1.68  1.83  2.86  2.63  3.90  3.95  6.49  6.96  4.13
 6632.25  1.76  1.69  2.28  1.70  1.85  2.87  2.65  3.94  3.98  6.53  7.07  4.16
 6633.25  1.76  1.69  2.28  1.70  1.85  2.85  2.65  3.93  3.98  6.51  7.13  4.15
 6634.25  1.74  1.67  2.26  1.67  1.82  2.79  2.61  3.88  3.93  6.42  7.10  4.09
 6635.25  1.55  1.48  2.02  1.49  1.62  2.48  2.33  3.47  3.53  5.79  6.49  3.67
 6636.25  1.44  1.38  1.88  1.38  1.51  2.29  2.17  3.24  3.30  5.42  6.14  3.42
 6637.25  1.66  1.60  2.18  1.60  1.74  2.62  2.50  3.72  3.78  6.15  7.01  3.91
 6638.25  1.76  1.69  2.31  1.69  1.84  2.75  2.65  3.91  3.99  6.44  7.40  4.11
 6639.25  1.72  1.65  2.26  1.65  1.80  2.67  2.59  3.83  3.90  6.29  7.32  4.02
 6640.25  1.71  1.64  2.24  1.64  1.79  2.63  2.57  3.79  3.88  6.24  7.32  3.99
 6641.25  1.73  1.66  2.28  1.66  1.81  2.65  2.61  3.85  3.93  6.31  7.47  4.04
 6642.25  1.75  1.68  2.31  1.68  1.83  2.66  2.63  3.88  3.97  6.34  7.58  4.07
 6643.25  1.75  1.68  2.32  1.68  1.83  2.65  2.64  3.88  3.98  6.34  7.66  4.07
 6644.25  1.77  1.70  2.35  1.69  1.85  2.65  2.66  3.91  4.02  6.38  7.76  4.10
 6645.25  1.80  1.73  2.40  1.73  1.89  2.69  2.72  3.98  4.09  6.48  7.95  4.18
 6646.25  1.82  1.74  2.42  1.74  1.90  2.69  2.74  4.01  4.13  6.51  8.06  4.21
 6647.25  1.82  1.75  2.43  1.75  1.90  2.67  2.75  4.02  4.14  6.51  8.12  4.21
 6648.25  1.84  1.76  2.46  1.76  1.92  2.68  2.77  4.04  4.17  6.54  8.23  4.24
 6649.25  1.83  1.75  2.45  1.75  1.91  2.64  2.75  4.02  4.15  6.49  8.24  4.21
 6650.25  1.78  1.71  2.39  1.70  1.86  2.56  2.69  3.93  4.06  6.34  8.14  4.11
 6651.25  1.76  1.69  2.37  1.68  1.84  2.51  2.65  3.87  4.01  6.25  8.10  4.06
 6652.25  1.75  1.68  2.36  1.67  1.83  2.49  2.65  3.86  4.00  6.23  8.13  4.04
 6653.25  1.77  1.70  2.39  1.69  1.85  2.51  2.68  3.89  4.04  6.27  8.25  4.08
 6654.25  1.78  1.71  2.42  1.70  1.86  2.52  2.70  3.92  4.07  6.30  8.36  4.11
 6655.25  1.78  1.71  2.42  1.70  1.86  2.51  2.69  3.91  4.07  6.28  8.40  4.10
 6656.25  1.79  1.72  2.43  1.71  1.87  2.51  2.70  3.92  4.08  6.28  8.47  4.11
 6657.25  1.82  1.76  2.49  1.74  1.90  2.56  2.76  4.00  4.17  6.38  8.67  4.18
 6658.25  1.87  1.80  2.56  1.79  1.95  2.62  2.83  4.09  4.27  6.51  8.90  4.28
 6659.25  1.99  1.92  2.72  1.91  2.08  2.77  3.01  4.33  4.52  6.85  9.39  4.53
 6660.25  2.07  2.00  2.83  1.98  2.16  2.87  3.12  4.48  4.69  7.05  9.71  4.69
 6661.25  1.28  1.24  1.77  1.23  1.34  1.79  1.96  2.85  2.99  4.62  6.59  2.99
 6662.25  0.83  0.80  1.15  0.79  0.86  1.16  1.27  1.87  1.96  3.05  4.47  1.96
 6663.25  0.73  0.70  1.01  0.69  0.76  1.01  1.12  1.64  1.73  2.68  3.97  1.72
 6664.25  0.93  0.90  1.30  0.89  0.97  1.29  1.43  2.09  2.20  3.39  5.03  2.19
 6665.25  1.72  1.66  2.38  1.64  1.78  2.35  2.61  3.76  3.95  5.94  8.62  3.93
 6666.25  2.12  2.05  2.93  2.03  2.19  2.88  3.20  4.56  4.80  7.10 10.20  4.76
 6667.25  2.11  2.05  2.93  2.02  2.19  2.87  3.20  4.55  4.80  7.08 10.25  4.75
 6668.25  2.05  1.99  2.85  1.97  2.12  2.78  3.11  4.43  4.67  6.90 10.08  4.63
 6669.25  1.97  1.90  2.73  1.88  2.03  2.66  2.98  4.25  4.50  6.64  9.82  4.44
 6670.25  2.08  2.01  2.87  1.99  2.15  2.80  3.15  4.48  4.74  6.94 10.28  4.67
 6671.25  2.23  2.16  3.07  2.14  2.30  2.98  3.37  4.76  5.04  7.33 10.85  4.97
 6672.25  2.30  2.23  3.16  2.21  2.37  3.07  3.48  4.90  5.19  7.50 11.15  5.11
 6673.25  2.39  2.32  3.27  2.29  2.46  3.17  3.60  5.06  5.37  7.71 11.48  5.28
 6674.25  2.53  2.45  3.44  2.42  2.60  3.34  3.80  5.31  5.63  8.03 11.95  5.53
 6675.25  2.63  2.56  3.57  2.52  2.70  3.46  3.95  5.48  5.83  8.26 12.31  5.72
 6676.25  2.33  2.26  3.17  2.24  2.39  3.07  3.52  4.92  5.25  7.51 11.42  5.15
 6677.25  1.33  1.29  1.83  1.28  1.37  1.77  2.05  2.92  3.13  4.62  7.46  3.07
 6678.25  0.90  0.87  1.24  0.86  0.92  1.19  1.39  1.99  2.14  3.19  5.29  2.09
 6679.25  0.71  0.69  0.98  0.68  0.73  0.94  1.11  1.58  1.70  2.54  4.28  1.67
 6680.25  0.81  0.79  1.11  0.78  0.83  1.07  1.26  1.79  1.93  2.87  4.85  1.89
 6681.25  1.73  1.68  2.35  1.66  1.77  2.26  2.65  3.69  3.98  5.76  9.34  3.90
 6682.25  2.66  2.60  3.57  2.56  2.72  3.43  4.01  5.47  5.88  8.24 12.75  5.76
 6683.25  2.71  2.65  3.62  2.61  2.77  3.48  4.08  5.55  5.97  8.34 12.85  5.85
 6684.25  2.68  2.62  3.58  2.58  2.73  3.44  4.04  5.48  5.91  8.25 12.76  5.79
 6685.25  2.58  2.53  3.44  2.49  2.63  3.31  3.90  5.30  5.72  8.01 14.25  5.60
 6686.25  2.42  2.37  3.23  2.33  2.46  3.09  3.67  4.99  5.41  7.60 20.36  5.29
 6687.25  2.19  2.15  2.93  2.11  2.23  2.81  3.35  4.56  4.96  7.02 24.14  4.85
 6688.25  1.98  1.94  2.65  1.91  2.02  2.54  3.04  4.16  4.53  6.44 23.72  4.43
 6689.25  1.54  1.51  2.07  1.49  1.57  1.98  2.39  3.28  3.59  5.16 20.67  3.51
 6690.25  0.98  0.96  1.32  0.94  0.99  1.25  1.53  2.11  2.32  3.37 15.13  2.26
 6691.25  0.98  0.96  1.31  0.94  0.99  1.25  1.52  2.09  2.31  3.35 14.97  2.25
 6692.25  1.56  1.53  2.08  1.50  1.58  1.98  2.42  3.29  3.62  5.18 20.36  3.53
 6693.25  2.01  1.98  2.67  1.94  2.04  2.53  3.09  4.17  4.58  6.46 23.16  4.47
 6694.25  2.07  2.04  2.74  2.00  2.09  2.60  3.18  4.27  4.70  6.61 23.31  4.59
 6695.25  2.08  2.05  2.74  2.00  2.10  2.60  3.19  4.27  4.71  6.62 23.18  4.60
 6696.25  2.06  2.03  2.71  1.98  2.08  2.58  3.17  4.23  4.67  6.56 22.94  4.56
 6697.25  2.05  2.02  2.70  1.98  2.07  2.57  3.16  4.21  4.66  6.54 22.75  4.54
 6698.25  2.05  2.02  2.69  1.97  2.06  2.56  3.15  4.19  4.65  6.52 22.57  4.53
 6699.25  2.02  2.00  2.65  1.95  2.03  2.52  3.11  4.13  4.59  6.44 22.27  4.47
 6700.25  1.95  1.93  2.56  1.88  1.96  2.43  3.01  3.99  4.44  6.25 21.76  4.34
 6701.25  1.90  1.88  2.49  1.83  1.91  2.37  2.94  3.89  4.34  6.11 21.33  4.23
 6702.25  1.95  1.94  2.55  1.88  1.96  2.43  3.02  3.98  4.45  6.25 21.47  4.34
 6703.25  1.99  1.97  2.58  1.91  1.99  2.47  3.07  4.03  4.51  6.33 21.48  4.41
 6704.25  2.00  1.98  2.59  1.93  2.00  2.48  3.09  4.05  4.54  6.36 21.38  4.43
 6705.25  1.95  1.93  2.52  1.87  1.95  2.41  3.01  3.94  4.42  6.21 20.94  4.33
 6706.25  1.88  1.87  2.43  1.81  1.89  2.33  2.92  3.81  4.29  6.03 20.44  4.20
 6707.25  1.94  1.93  2.50  1.87  1.94  2.40  3.01  3.91  4.41  6.19 20.60  4.32
 6708.25  1.99  1.98  2.54  1.91  1.99  2.45  3.08  3.99  4.50  6.30 20.67  4.41
 6709.25  1.98  1.97  2.53  1.91  1.98  2.44  3.07  3.96  4.48  6.28 20.46  4.39
 6710.25  1.97  1.96  2.51  1.90  1.97  2.42  3.05  3.94  4.46  6.25 20.25  4.38
 6711.25  1.97  1.96  2.50  1.89  1.96  2.42  3.05  3.93  4.46  6.24 20.08  4.37
 6712.25  1.96  1.95  2.48  1.88  1.95  2.40  3.04  3.90  4.43  6.20 19.86  4.35
 6713.25  1.96  1.96  2.47  1.89  1.95  2.40  3.04  3.89  4.44  6.21 19.71  4.36
 6714.25  1.96  1.96  2.46  1.89  1.95  2.40  3.05  3.89  4.44  6.20 19.54  4.36
 6715.25  1.93  1.93  2.42  1.86  1.92  2.36  3.00  3.82  4.37  6.11 19.21  4.29
 6716.25  1.91  1.91  2.39  1.84  1.90  2.33  2.97  3.77  4.33  6.05 18.94  4.25
 6717.25  1.88  1.87  2.34  1.81  1.86  2.29  2.92  3.70  4.26  5.96 18.59  4.18
 6718.25  1.77  1.77  2.20  1.70  1.75  2.16  2.76  3.50  4.03  5.66 17.82  3.96
 6719.25  1.74  1.74  2.16  1.67  1.72  2.12  2.72  3.44  3.97  5.57 17.48  3.90
 6720.25  1.87  1.87  2.30  1.80  1.85  2.27  2.92  3.66  4.23  5.92 18.03  4.17
 6721.25  1.96  1.96  2.41  1.88  1.94  2.38  3.05  3.82  4.42  6.16 18.34  4.35
 6722.25  1.98  1.98  2.42  1.90  1.96  2.40  3.08  3.85  4.46  6.21 18.27  4.39
 6723.25  1.99  1.99  2.43  1.91  1.96  2.41  3.10  3.87  4.48  6.23 18.15  4.41
 6724.25  2.00  1.99  2.42  1.92  1.96  2.40  3.11  3.87  4.48  6.23 17.98  4.42
 6725.25  1.98  1.98  2.39  1.90  1.95  2.38  3.08  3.83  4.44  6.18 17.72  4.38
 6726.25  1.99  1.99  2.40  1.91  1.96  2.39  3.10  3.85  4.47  6.21 17.61  4.41
 6727.25  2.00  2.00  2.41  1.92  1.97  2.40  3.12  3.87  4.49  6.24 17.49  4.43
 6728.25  2.00  2.00  2.40  1.92  1.97  2.40  3.12  3.86  4.49  6.23 17.31  4.43
 6729.25  1.98  1.98  2.37  1.90  1.94  2.37  3.09  3.82  4.45  6.17 17.03  4.39
 6730.25  1.97  1.98  2.35  1.89  1.93  2.36  3.08  3.80  4.43  6.14 16.80  4.37
 6731.25  1.96  1.96  2.32  1.88  1.92  2.34  3.06  3.77  4.40  6.10 16.55  4.34
 6732.25  1.88  1.88  2.22  1.80  1.84  2.24  2.95  3.63  4.23  5.88 15.98  4.18
 6733.25  1.81  1.81  2.13  1.73  1.76  2.15  2.83  3.48  4.07  5.67 15.39  4.02
 6734.25  1.88  1.88  2.21  1.80  1.83  2.23  2.95  3.62  4.23  5.87 15.60  4.18
 6735.25  2.01  2.01  2.34  1.92  1.95  2.38  3.14  3.83  4.48  6.19 16.01  4.43
 6736.25  2.03  2.03  2.36  1.94  1.97  2.40  3.17  3.87  4.52  6.24 15.92  4.47
 6737.25  2.02  2.02  2.34  1.93  1.96  2.38  3.16  3.84  4.50  6.21 15.71  4.45
 6738.25  2.01  2.02  2.33  1.93  1.96  2.38  3.15  3.83  4.49  6.19 15.61  4.44
 6739.25  2.03  2.03  2.33  1.94  1.96  2.39  3.17  3.85  4.51  6.21 15.62  4.46
 6740.25  2.03  2.03  2.33  1.94  1.96  2.39  3.17  3.85  4.51  6.21 15.61  4.46
 6741.25  1.96  1.97  2.25  1.87  1.90  2.31  3.08  3.72  4.38  6.03 15.28  4.33
 6742.25  1.95  1.96  2.23  1.86  1.89  2.30  3.06  3.70  4.35  6.00 15.20  4.31
 6743.25  2.00  2.00  2.28  1.91  1.93  2.35  3.14  3.78  4.45  6.12 15.40  4.40
 6744.25  2.02  2.02  2.30  1.93  1.95  2.37  3.17  3.81  4.48  6.16 15.46  4.44
 6745.25  2.00  2.00  2.27  1.90  1.93  2.35  3.13  3.77  4.43  6.10 15.34  4.39
 6746.25  1.95  1.94  2.20  1.85  1.88  2.28  3.05  3.66  4.32  5.95 15.05  4.28
 6747.25  1.97  1.97  2.23  1.88  1.90  2.31  3.09  3.71  4.37  6.02 15.16  4.33
 6748.25  2.02  2.02  2.28  1.92  1.95  2.37  3.17  3.79  4.47  6.15 15.36  4.43
 6749.25  2.05  2.05  2.30  1.95  1.98  2.40  3.21  3.83  4.53  6.23 15.47  4.48
 6750.25  2.07  2.07  2.32  1.97  1.99  2.42  3.25  3.86  4.56  6.28 15.53  4.52
 6751.25  2.06  2.05  2.29  1.95  1.98  2.40  3.22  3.83  4.53  6.24 15.43  4.49
 6752.25  2.04  2.03  2.27  1.94  1.96  2.38  3.20  3.80  4.50  6.20 15.34  4.46
 6753.25  2.05  2.04  2.28  1.95  1.97  2.39  3.22  3.81  4.51  6.23 15.36  4.48
 6754.25  2.06  2.05  2.28  1.95  1.98  2.40  3.23  3.82  4.52  6.25 15.36  4.49
 6755.25  2.06  2.04  2.27  1.95  1.97  2.39  3.22  3.80  4.51  6.24 15.31  4.49
 6756.25  2.07  2.06  2.28  1.96  1.98  2.40  3.24  3.82  4.53  6.27 15.34  4.53
 6757.25  2.07  2.06  2.27  1.96  1.98  2.40  3.25  3.82  4.54  6.28 15.33  4.54
 6758.25  2.07  2.05  2.26  1.96  1.98  2.39  3.24  3.80  4.52  6.26 15.28  4.53
 6759.25  2.07  2.05  2.26  1.96  1.98  2.40  3.25  3.80  4.53  6.27 15.26  4.54
 6760.25  2.07  2.05  2.25  1.95  1.98  2.39  3.24  3.79  4.52  6.26 15.22  4.54
 6761.25  2.05  2.03  2.23  1.94  1.96  2.37  3.22  3.76  4.48  6.23 15.12  4.52
 6762.25  2.03  2.01  2.20  1.92  1.94  2.35  3.19  3.72  4.44  6.18 15.01  4.48
 6763.25  1.76  1.74  1.90  1.65  1.67  2.03  2.77  3.23  3.87  5.43 13.60  3.92
 6764.25  1.05  1.04  1.14  0.99  1.00  1.22  1.68  1.96  2.37  3.38  9.14  2.41
 6765.25  0.83  0.82  0.90  0.78  0.79  0.96  1.33  1.56  1.89  2.71  7.45  1.92
 6766.25  1.25  1.23  1.34  1.17  1.19  1.44  1.99  2.31  2.79  3.97 10.46  2.84
 6767.25  1.94  1.91  2.07  1.82  1.84  2.22  3.05  3.52  4.23  5.92 14.41  4.31
 6768.25  2.08  2.05  2.21  1.95  1.97  2.38  3.26  3.76  4.50  6.29 15.03  4.60
 6769.25  2.10  2.07  2.22  1.97  1.99  2.40  3.29  3.78  4.54  6.34 15.08  4.64
 6770.25  2.09  2.06  2.21  1.96  1.98  2.39  3.28  3.76  4.52  6.31 15.01  4.63
 6771.25  2.07  2.04  2.19  1.95  1.97  2.37  3.26  3.74  4.49  6.28 14.93  4.61
 6772.25  2.08  2.05  2.19  1.95  1.97  2.38  3.27  3.75  4.50  6.30 14.93  4.63
 6773.25  2.08  2.05  2.19  1.96  1.97  2.38  3.27  3.75  4.50  6.30 14.91  4.64
 6774.25  2.09  2.06  2.19  1.96  1.98  2.38  3.29  3.75  4.51  6.32 14.91  4.66
 6775.25  2.09  2.06  2.19  1.97  1.98  2.39  3.30  3.76  4.52  6.34 14.90  4.67
 6776.25  2.10  2.06  2.19  1.97  1.99  2.39  3.31  3.76  4.52  6.35 14.89  4.69
 6777.25  2.11  2.08  2.20  1.98  2.00  2.40  3.33  3.79  4.55  6.39 14.93  4.72
 6778.25  2.12  2.08  2.20  1.99  2.00  2.41  3.34  3.79  4.56  6.40 14.91  4.73
 6779.25  2.14  2.10  2.22  2.00  2.02  2.43  3.37  3.81  4.59  6.44 14.96  4.78
 6780.25  2.14  2.10  2.22  2.01  2.02  2.43  3.39  3.82  4.60  6.46 14.96  4.79
 6781.25  2.12  2.08  2.20  1.99  2.00  2.41  3.36  3.78  4.56  6.41 14.84  4.76
 6782.25  2.12  2.08  2.19  1.99  2.00  2.41  3.36  3.78  4.56  6.41 14.81  4.76
 6783.25  2.11  2.06  2.17  1.97  1.99  2.39  3.34  3.75  4.53  6.36 14.71  4.73
 6784.25  2.08  2.03  2.14  1.95  1.96  2.36  3.30  3.70  4.48  6.30 14.57  4.69
 6785.25  2.04  1.99  2.09  1.91  1.92  2.31  3.24  3.63  4.39  6.19 14.36  4.61
 6786.25  2.02  1.97  2.07  1.89  1.90  2.28  3.22  3.59  4.36  6.14 14.25  4.57
 6787.25  2.05  2.00  2.10  1.92  1.94  2.32  3.27  3.65  4.43  6.23 14.38  4.65
 6788.25  2.07  2.01  2.11  1.93  1.95  2.34  3.30  3.67  4.45  6.27 14.40  4.68
 6789.25  2.02  1.97  2.06  1.89  1.91  2.29  3.23  3.59  4.37  6.16 14.19  4.60
 6790.25  2.00  1.95  2.04  1.87  1.88  2.26  3.20  3.55  4.32  6.10 14.06  4.56
 6791.25  2.06  2.00  2.09  1.93  1.94  2.33  3.30  3.65  4.44  6.25 14.29  4.69
 6792.25  2.10  2.04  2.12  1.96  1.97  2.36  3.35  3.70  4.50  6.34 14.41  4.76
 6793.25  2.10  2.04  2.12  1.96  1.97  2.37  3.36  3.70  4.51  6.35 14.39  4.77
 6794.25  2.11  2.05  2.13  1.97  1.99  2.38  3.38  3.72  4.53  6.38 14.41  4.80
 6795.25  2.12  2.05  2.13  1.98  1.99  2.38  3.39  3.72  4.54  6.39 14.40  4.82
 6796.25  2.12  2.05  2.13  1.98  1.99  2.39  3.40  3.73  4.55  6.41 14.39  4.83
 6797.25  2.12  2.05  2.13  1.98  1.99  2.38  3.40  3.72  4.54  6.40 14.34  4.83
 6798.25  2.11  2.04  2.12  1.97  1.98  2.37  3.39  3.70  4.52  6.38 14.27  4.82
 6799.25  2.12  2.05  2.12  1.98  1.99  2.38  3.41  3.71  4.54  6.40 14.27  4.84
 6800.25  2.11  2.04  2.11  1.97  1.99  2.38  3.40  3.70  4.53  6.39 14.22  4.84
 6801.25  2.10  2.03  2.10  1.96  1.97  2.36  3.39  3.68  4.51  6.36 14.14  4.82
 6802.25  2.11  2.03  2.10  1.97  1.98  2.37  3.40  3.68  4.52  6.39 14.14  4.84
 6803.25  2.10  2.02  2.09  1.96  1.97  2.36  3.40  3.67  4.50  6.37 14.07  4.83
 6804.25  2.08  2.00  2.06  1.94  1.95  2.33  3.36  3.63  4.46  6.32 13.94  4.79
 6805.25  2.09  2.01  2.06  1.94  1.96  2.34  3.38  3.63  4.47  6.34 13.94  4.81
 6806.25  2.12  2.03  2.09  1.97  1.99  2.37  3.43  3.68  4.53  6.42 14.03  4.87
 6807.25  2.11  2.03  2.08  1.97  1.98  2.37  3.42  3.67  4.52  6.41 13.98  4.87
 6808.25  2.12  2.03  2.09  1.97  1.99  2.37  3.44  3.68  4.53  6.43 13.97  4.89
 6809.25  2.12  2.03  2.08  1.97  1.99  2.37  3.44  3.67  4.53  6.43 13.94  4.89
 6810.25  2.11  2.02  2.07  1.96  1.97  2.35  3.42  3.65  4.51  6.40 13.86  4.87
 6811.25  2.10  2.01  2.06  1.95  1.96  2.34  3.41  3.63  4.49  6.38 13.78  4.86
 6812.25  2.10  2.01  2.06  1.95  1.97  2.35  3.42  3.63  4.49  6.39 13.76  4.87
 6813.25  2.10  2.01  2.05  1.95  1.97  2.34  3.42  3.62  4.49  6.39 13.72  4.87
 6814.25  2.10  2.00  2.05  1.94  1.96  2.33  3.41  3.61  4.48  6.38 13.66  4.87
 6815.25  2.09  2.00  2.04  1.94  1.96  2.33  3.41  3.60  4.47  6.38 13.62  4.88
 6816.25  2.10  2.01  2.05  1.95  1.97  2.34  3.43  3.62  4.49  6.41 13.63  4.92
 6817.25  2.12  2.02  2.07  1.97  1.99  2.36  3.47  3.65  4.53  6.46 13.68  4.98
 6818.25  2.14  2.03  2.07  1.98  2.00  2.37  3.49  3.66  4.55  6.50 13.70  5.02
 6819.25  2.13  2.02  2.06  1.97  1.99  2.36  3.48  3.64  4.53  6.47 13.62  5.01
 6820.25  2.10  1.99  2.03  1.94  1.96  2.33  3.45  3.59  4.47  6.40 13.47  4.97
 6821.25  2.11  2.00  2.04  1.95  1.97  2.34  3.47  3.61  4.49  6.43 13.48  5.00
 6822.25  2.14  2.03  2.07  1.98  2.00  2.37  3.53  3.66  4.55  6.52 13.58  5.09
 6823.25  2.13  2.02  2.05  1.97  1.99  2.36  3.52  3.63  4.53  6.49 13.49  5.08
 6824.25  2.14  2.02  2.06  1.97  1.99  2.37  3.54  3.64  4.54  6.51 13.48  5.11
 6825.25  2.13  2.02  2.05  1.97  1.99  2.36  3.54  3.63  4.53  6.51 13.44  5.12
 6826.25  2.11  1.99  2.03  1.94  1.97  2.33  3.51  3.59  4.48  6.44 13.30  5.08
 6827.25  2.07  1.95  1.98  1.90  1.93  2.29  3.45  3.52  4.40  6.34 13.10  5.00
 6828.25  1.72  1.62  1.64  1.58  1.60  1.90  2.90  2.94  3.70  5.39 11.45  4.24
 6829.25  1.24  1.17  1.19  1.14  1.16  1.38  2.12  2.15  2.72  4.01  8.84  3.13
 6830.25  1.12  1.05  1.07  1.03  1.04  1.24  1.92  1.94  2.46  3.63  8.06  2.84
 6831.25  0.93  0.87  0.89  0.85  0.87  1.03  1.60  1.61  2.05  3.05  6.83  2.39
 6832.25  1.18  1.11  1.12  1.08  1.10  1.31  2.03  2.04  2.59  3.82  8.37  3.01
 6833.25  1.77  1.67  1.69  1.63  1.65  1.96  3.02  3.02  3.82  5.56 11.58  4.44
 6834.25  1.64  1.54  1.56  1.50  1.53  1.81  2.81  2.80  3.55  5.19 10.89  4.14
 6835.25  1.17  1.10  1.11  1.07  1.09  1.30  2.03  2.02  2.58  3.81  8.26  3.03
 6836.25  0.89  0.84  0.85  0.82  0.83  0.99  1.56  1.54  1.97  2.94  6.48  2.33
 6837.25  1.27  1.19  1.20  1.16  1.18  1.40  2.20  2.17  2.77  4.10  8.75  3.27
 6838.25  1.92  1.79  1.82  1.76  1.79  2.11  3.29  3.24  4.11  5.97 12.08  4.84
 6839.25  2.10  1.96  1.98  1.92  1.95  2.31  3.59  3.53  4.46  6.45 12.81  5.26
 6840.25  2.09  1.95  1.97  1.91  1.95  2.30  3.59  3.51  4.44  6.43 12.74  5.25
 6841.25  1.92  1.79  1.81  1.76  1.79  2.12  3.32  3.24  4.12  5.99 12.00  4.89
 6842.25  1.83  1.71  1.72  1.67  1.70  2.01  3.18  3.09  3.93  5.74 11.56  4.69
 6843.25  1.56  1.45  1.46  1.42  1.45  1.71  2.72  2.64  3.37  4.96 10.18  4.05
 6844.25  1.50  1.39  1.41  1.37  1.39  1.65  2.63  2.54  3.26  4.80  9.86  3.92
 6845.25  1.96  1.82  1.83  1.78  1.82  2.15  3.41  3.28  4.18  6.09 12.00  5.02
 6846.25  2.13  1.98  2.00  1.95  1.98  2.34  3.70  3.56  4.52  6.56 12.70  5.44
 6847.25  2.13  1.98  1.99  1.94  1.98  2.34  3.71  3.55  4.52  6.55 12.65  5.45
 6848.25  2.14  1.98  2.00  1.95  1.99  2.35  3.73  3.56  4.54  6.58 12.65  5.48
 6849.25  2.14  1.99  2.00  1.95  1.99  2.35  3.74  3.57  4.54  6.59 12.62  5.51
 6850.25  2.13  1.97  1.99  1.94  1.98  2.34  3.73  3.54  4.52  6.57 12.53  5.50
 6851.25  2.07  1.91  1.93  1.88  1.92  2.26  3.63  3.44  4.40  6.40 12.23  5.37
 6852.25  1.96  1.81  1.82  1.78  1.82  2.14  3.46  3.26  4.18  6.10 11.73  5.12
 6853.25  2.02  1.86  1.88  1.84  1.88  2.21  3.57  3.35  4.30  6.25 11.94  5.28
 6854.25  2.13  1.96  1.97  1.93  1.98  2.32  3.75  3.52  4.51  6.52 12.32  5.54
 6855.25  2.16  1.99  2.00  1.96  2.00  2.35  3.81  3.56  4.56  6.59 12.39  5.62
 6856.25  2.16  1.99  2.00  1.96  2.01  2.36  3.82  3.56  4.57  6.59 12.37  5.65
 6857.25  2.16  1.99  2.00  1.96  2.01  2.36  3.83  3.56  4.57  6.58 12.32  5.66
 6858.25  2.15  1.97  1.99  1.95  2.00  2.34  3.82  3.54  4.55  6.54 12.24  5.66
 6859.25  2.16  1.98  1.99  1.96  2.01  2.35  3.84  3.55  4.57  6.56 12.23  5.69
 6860.25  2.16  1.98  1.99  1.96  2.00  2.35  3.85  3.55  4.56  6.54 12.17  5.70
 6861.25  2.15  1.97  1.98  1.95  2.00  2.34  3.84  3.53  4.55  6.51 12.10  5.70
 6862.25  2.13  1.95  1.96  1.93  1.98  2.32  3.82  3.50  4.51  6.46 11.99  5.68
 6863.25  1.95  1.78  1.79  1.77  1.81  2.12  3.52  3.21  4.15  5.96 11.20  5.25
 6864.25  1.36  1.24  1.24  1.23  1.25  1.48  2.50  2.25  2.95  4.29  8.36  3.77
 6865.25  0.79  0.72  0.72  0.71  0.73  0.86  1.47  1.32  1.73  2.55  5.11  2.24
 6866.25  0.72  0.65  0.65  0.65  0.66  0.78  1.34  1.20  1.57  2.31  4.64  2.04
 6867.25  1.19  1.08  1.08  1.07  1.10  1.29  2.22  1.97  2.58  3.75  7.27  3.34
 6868.25  1.61  1.47  1.47  1.46  1.49  1.75  2.99  2.65  3.45  4.92  9.19  4.43
 6869.25  1.79  1.62  1.62  1.61  1.65  1.94  3.30  2.92  3.79  5.37  9.88  4.86
 6870.25  1.87  1.69  1.70  1.69  1.73  2.03  3.46  3.05  3.95  5.60 10.23  5.09
 6871.25  1.86  1.68  1.69  1.68  1.72  2.01  3.46  3.03  3.93  5.57 10.17  5.09
 6872.25  1.46  1.32  1.32  1.31  1.34  1.58  2.76  2.40  3.13  4.48  8.42  4.11
 6873.25  1.33  1.20  1.20  1.20  1.23  1.44  2.54  2.20  2.88  4.12  7.80  3.82
 6874.25  1.81  1.63  1.64  1.63  1.67  1.96  3.42  2.95  3.84  5.43  9.90  5.09
 6875.25  2.08  1.88  1.88  1.88  1.92  2.25  3.92  3.38  4.38  6.12 10.94  5.80
 6876.25  2.13  1.92  1.92  1.92  1.96  2.30  4.02  3.44  4.47  6.23 11.08  5.95
 6877.25  2.12  1.90  1.90  1.91  1.95  2.29  4.01  3.42  4.45  6.20 11.02  5.98
 6878.25  2.14  1.93  1.93  1.93  1.97  2.31  4.08  3.47  4.52  6.27 11.12  6.10
 6879.25  2.11  1.89  1.89  1.90  1.94  2.27  4.03  3.41  4.45  6.17 10.95  6.05
 6880.25  2.13  1.91  1.91  1.92  1.96  2.30  4.11  3.45  4.52  6.25 11.07  6.18
 6881.25  2.16  1.94  1.94  1.94  1.99  2.33  4.17  3.49  4.58  6.32 11.17  6.31
 6882.25  1.74  1.56  1.56  1.57  1.60  1.88  3.43  2.84  3.76  5.23  9.47  5.26
 6883.25  1.51  1.35  1.35  1.35  1.38  1.63  3.00  2.47  3.28  4.57  8.37  4.64
 6884.25  1.78  1.59  1.59  1.60  1.63  1.92  3.52  2.89  3.83  5.29  9.49  5.42
 6885.25  2.00  1.79  1.79  1.80  1.84  2.16  3.94  3.24  4.28  5.86 10.32  6.05
 6886.25  2.03  1.81  1.81  1.83  1.86  2.18  4.00  3.27  4.33  5.90 10.31  6.14
 6887.25  2.09  1.86  1.86  1.89  1.92  2.25  4.14  3.37  4.47  6.06 10.55  6.37
 6888.25  2.10  1.87  1.87  1.89  1.93  2.26  4.17  3.38  4.49  6.08 10.55  6.43
 6889.25  1.92  1.71  1.71  1.73  1.76  2.07  3.85  3.10  4.13  5.60  9.77  5.98
 6890.25  1.53  1.36  1.36  1.38  1.40  1.65  3.12  2.49  3.35  4.57  8.16  4.94
 6891.25  1.26  1.11  1.11  1.13  1.15  1.36  2.60  2.06  2.78  3.81  6.89  4.15
 6892.25  1.57  1.39  1.39  1.41  1.44  1.69  3.22  2.55  3.43  4.65  8.23  5.10
 6893.25  1.95  1.73  1.73  1.77  1.79  2.10  3.97  3.15  4.22  5.65  9.72  6.23
 6894.25  2.23  1.98  1.98  2.02  2.05  2.40  4.52  3.58  4.78  6.35 10.77  7.04
 6895.25  2.12  1.87  1.87  1.92  1.94  2.28  4.32  3.40  4.56  6.06 10.32  6.78
 6896.25  1.80  1.59  1.59  1.63  1.65  1.94  3.72  2.90  3.92  5.23  9.02  5.91
 6897.25  1.99  1.76  1.76  1.80  1.82  2.14  4.11  3.20  4.32  5.72  9.73  6.50
 6898.25  2.33  2.06  2.06  2.11  2.13  2.50  4.77  3.72  4.99  6.56 10.94  7.47
 6899.25  2.25  1.98  1.98  2.04  2.06  2.42  4.64  3.59  4.84  6.35 10.59  7.29
 6900.25  2.04  1.79  1.79  1.85  1.86  2.19  4.24  3.26  4.42  5.80  9.73  6.72
 6901.25  1.88  1.65  1.65  1.70  1.71  2.02  3.95  3.02  4.11  5.40  9.13  6.32
 6902.25  1.37  1.20  1.20  1.24  1.25  1.47  2.95  2.22  3.06  4.05  7.05  4.82
 6903.25  1.36  1.19  1.19  1.23  1.24  1.46  2.94  2.21  3.04  4.02  6.97  4.81
 6904.25  1.81  1.58  1.58  1.64  1.65  1.94  3.86  2.91  3.98  5.19  8.78  6.22
 6905.25  2.03  1.78  1.78  1.84  1.85  2.18  4.32  3.25  4.44  5.76  9.60  6.92
 6906.25  2.25  1.97  1.98  2.05  2.06  2.42  4.77  3.59  4.89  6.31 10.42  7.61
 6907.25  2.28  2.00  2.00  2.08  2.08  2.45  4.85  3.64  4.96  6.38 10.52  7.74
 6908.25  2.14  1.88  1.88  1.95  1.96  2.30  4.60  3.42  4.68  6.03  9.97  7.36
 6909.25  2.10  1.84  1.84  1.91  1.92  2.26  4.55  3.35  4.60  5.91  9.77  7.27
 6910.25  2.25  1.97  1.97  2.05  2.05  2.42  4.89  3.58  4.91  6.29 10.33  7.77
 6911.25  2.32  2.03  2.03  2.12  2.12  2.49  5.07  3.69  5.06  6.45 10.58  8.02
 6912.25  2.20  1.92  1.92  2.00  2.00  2.36  4.85  3.50  4.81  6.14 10.12  7.69
 6913.25  1.69  1.47  1.47  1.54  1.54  1.82  3.84  2.72  3.78  4.86  8.19  6.18
 6914.25  1.13  0.98  0.98  1.03  1.03  1.22  2.63  1.83  2.58  3.33  5.77  4.32
 6915.25  1.38  1.19  1.19  1.25  1.25  1.48  3.21  2.22  3.12  4.01  6.86  5.21
 6916.25  2.14  1.86  1.86  1.95  1.94  2.30  4.87  3.40  4.72  5.98  9.85  7.69
 6917.25  2.25  1.96  1.95  2.05  2.04  2.42  5.13  3.57  4.94  6.24 10.20  8.04
 6918.25  2.16  1.88  1.88  1.98  1.96  2.32  4.99  3.43  4.77  6.02  9.86  7.82
 6919.25  2.19  1.90  1.90  2.00  1.99  2.36  5.08  3.48  4.84  6.08  9.94  7.94
 6920.25  2.32  2.01  2.01  2.12  2.10  2.49  5.39  3.67  5.10  6.39 10.38  8.37
 6921.25  2.33  2.02  2.02  2.13  2.11  2.50  5.45  3.68  5.13  6.41 10.40  8.44
 6922.25  2.22  1.93  1.93  2.04  2.02  2.39  5.26  3.53  4.93  6.16 10.03  8.18
 6923.25  1.95  1.69  1.69  1.79  1.77  2.10  4.70  3.10  4.37  5.47  9.02  7.36
 6924.25  1.17  1.01  1.01  1.08  1.06  1.27  2.94  1.89  2.70  3.42  5.83  4.72
 6925.25  0.90  0.78  0.78  0.83  0.82  0.98  2.29  1.46  2.10  2.65  4.57  3.71
 6926.25  1.43  1.23  1.23  1.31  1.29  1.54  3.59  2.29  3.27  4.10  6.91  5.70
 6927.25  2.13  1.84  1.84  1.96  1.93  2.29  5.23  3.37  4.77  5.90  9.62  8.09
 6928.25  2.20  1.90  1.90  2.02  1.99  2.37  5.42  3.48  4.92  6.06  9.83  8.34
 6929.25  2.13  1.84  1.84  1.96  1.92  2.29  5.29  3.37  4.77  5.87  9.54  8.16
 6930.25  2.16  1.87  1.87  1.99  1.95  2.33  5.40  3.42  4.86  5.96  9.65  8.36
 6931.25  2.23  1.93  1.93  2.06  2.02  2.41  5.60  3.53  5.01  6.12  9.88  8.66
 6932.25  2.26  1.95  1.95  2.08  2.04  2.43  5.69  3.56  5.07  6.17  9.94  8.81
 6933.25  2.25  1.94  1.94  2.08  2.03  2.42  5.69  3.54  5.05  6.14  9.88  8.85
 6934.25  2.25  1.94  1.94  2.08  2.03  2.42  5.73  3.54  5.06  6.13  9.86  8.92
 6935.25  2.26  1.95  1.95  2.09  2.04  2.44  5.79  3.56  5.10  6.16  9.88  9.04
 6936.25  2.29  1.97  1.97  2.12  2.06  2.47  5.89  3.60  5.16  6.22  9.96  9.21
 6937.25  2.29  1.97  1.97  2.12  2.06  2.46  5.92  3.60  5.17  6.21  9.93  9.28
 6938.25  2.25  1.94  1.94  2.09  2.03  2.43  5.88  3.54  5.10  6.12  9.79  9.24
 6939.25  2.15  1.85  1.85  2.00  1.94  2.32  5.68  3.39  4.91  5.88  9.44  8.99
 6940.25  1.71  1.47  1.47  1.59  1.54  1.85  4.64  2.72  3.97  4.78  7.81  7.51
 6941.25  1.21  1.03  1.03  1.12  1.09  1.31  3.38  1.93  2.86  3.45  5.77  5.59
 6942.25  1.45  1.24  1.24  1.35  1.30  1.57  4.03  2.31  3.41  4.09  6.76  6.63
 6943.25  2.04  1.75  1.75  1.90  1.83  2.20  5.54  3.21  4.70  5.58  8.97  8.91
 6944.25  2.19  1.88  1.88  2.04  1.97  2.36  5.94  3.44  5.03  5.94  9.47  9.50
 6945.25  2.27  1.94  1.95  2.12  2.04  2.45  6.16  3.56  5.20  6.13  9.72  9.84
 6946.25  2.29  1.96  1.97  2.14  2.06  2.48  6.25  3.59  5.25  6.17  9.77  9.99
 6947.25  2.26  1.93  1.94  2.11  2.03  2.44  6.19  3.54  5.18  6.07  9.61  9.92
 6948.25  2.25  1.92  1.92  2.10  2.02  2.42  6.19  3.52  5.16  6.04  9.55  9.95
 6949.25  1.95  1.66  1.66  1.82  1.75  2.10  5.49  3.06  4.54  5.31  8.51  8.96
 6950.25  1.08  0.91  0.92  1.00  0.96  1.16  3.18  1.72  2.59  3.05  5.06  5.41
 6951.25  0.89  0.75  0.76  0.83  0.80  0.96  2.66  1.42  2.15  2.53  4.22  4.57
 6952.25  1.51  1.28  1.29  1.41  1.36  1.63  4.42  2.39  3.60  4.20  6.83  7.44
 6953.25  2.06  1.75  1.76  1.93  1.85  2.21  5.86  3.23  4.81  5.57  8.84  9.67
 6954.25  2.14  1.81  1.82  2.00  1.91  2.28  6.02  3.34  4.98  5.74  9.07 10.00
 6955.25  2.22  1.89  1.89  2.08  1.99  2.38  6.21  3.46  5.17  5.93  9.33 10.38
 6956.25  2.17  1.84  1.85  2.03  1.94  2.31  6.04  3.38  5.05  5.79  9.11 10.23
 6957.25  2.13  1.80  1.81  1.99  1.91  2.27  5.93  3.32  4.98  5.71  8.98 10.18
 6958.25  2.14  1.81  1.82  2.00  1.92  2.28  5.93  3.33  5.01  5.73  9.00 10.30
 6959.25  2.14  1.81  1.81  2.00  1.91  2.27  5.90  3.33  5.01  5.72  8.96 10.34
 6960.25  2.17  1.83  1.84  2.03  1.94  2.30  5.95  3.37  5.08  5.80  9.04 10.52
 6961.25  2.17  1.83  1.84  2.03  1.94  2.30  5.93  3.37  5.09  5.80  9.02 10.59
 6962.25  2.20  1.85  1.86  2.05  1.96  2.32  5.96  3.41  5.15  5.86  9.09 10.76
 6963.25  2.22  1.87  1.88  2.07  1.98  2.34  6.00  3.45  5.21  5.92  9.16 10.92
 6964.25  2.23  1.88  1.89  2.08  1.99  2.35  5.99  3.46  5.24  5.94  9.16 11.01
 6965.25  2.24  1.88  1.89  2.09  2.00  2.36  5.99  3.47  5.26  5.96  9.17 11.12
 6966.25  2.26  1.90  1.91  2.11  2.02  2.37  6.01  3.50  5.31  6.01  9.21 11.26
 6967.25  2.20  1.84  1.85  2.05  1.96  2.30  5.84  3.40  5.18  5.86  8.99 11.10
 6968.25  2.11  1.77  1.78  1.97  1.88  2.21  5.62  3.28  5.01  5.67  8.70 10.86
 6969.25  2.21  1.85  1.86  2.06  1.97  2.31  5.82  3.42  5.22  5.89  8.99 11.27
 6970.25  2.13  1.79  1.80  1.99  1.90  2.23  5.62  3.30  5.07  5.71  8.72 11.05
 6971.25  1.57  1.31  1.32  1.46  1.40  1.64  4.23  2.45  3.82  4.32  6.73  8.74
 6972.25  1.48  1.23  1.24  1.38  1.32  1.54  3.99  2.32  3.62  4.10  6.38  8.39
 6973.25  2.06  1.72  1.73  1.91  1.83  2.14  5.36  3.18  4.92  5.53  8.40 10.94
 6974.25  2.29  1.91  1.93  2.14  2.04  2.38  5.89  3.53  5.43  6.09  9.14 11.91
 6975.25  2.30  1.92  1.93  2.14  2.04  2.38  5.87  3.54  5.45  6.10  9.14 12.00
 6976.25  2.30  1.91  1.93  2.14  2.04  2.38  5.84  3.54  5.44  6.09  9.11 12.06
 6977.25  2.26  1.88  1.90  2.11  2.01  2.34  5.74  3.48  5.36  6.01  8.98 11.98
 6978.25  2.21  1.84  1.86  2.07  1.97  2.29  5.62  3.42  5.26  5.91  8.82 11.89
 6979.25  1.61  1.34  1.35  1.50  1.43  1.66  4.18  2.51  3.92  4.43  6.74  9.36
 6980.25  1.10  0.91  0.92  1.03  0.98  1.14  2.90  1.73  2.73  3.10  4.78  6.81
 6981.25  1.43  1.19  1.20  1.34  1.27  1.48  3.72  2.24  3.51  3.98  6.06  8.62
 6982.25  2.15  1.79  1.81  2.01  1.91  2.22  5.39  3.33  5.12  5.78  8.56 11.92
 6983.25  2.30  1.91  1.93  2.15  2.05  2.37  5.70  3.55  5.43  6.13  9.01 12.57
 6984.25  2.24  1.87  1.89  2.10  2.00  2.31  5.56  3.47  5.31  6.01  8.82 12.43
 6985.25  2.20  1.83  1.85  2.06  1.96  2.26  5.43  3.40  5.21  5.90  8.66 12.31
 6986.25  2.21  1.84  1.86  2.07  1.97  2.27  5.44  3.42  5.23  5.93  8.67 12.37
 6987.25  2.21  1.84  1.86  2.08  1.97  2.28  5.43  3.43  5.24  5.95  8.68 12.36
 6988.25  2.16  1.80  1.82  2.03  1.93  2.22  5.29  3.35  5.13  5.83  8.50 12.17
 6989.25  2.18  1.81  1.83  2.05  1.94  2.24  5.31  3.38  5.16  5.87  8.53 14.28
 6990.25  2.22  1.85  1.87  2.09  1.98  2.29  5.39  3.45  5.26  5.99  8.67 22.32
 6991.25  2.26  1.88  1.90  2.13  2.01  2.32  5.44  3.50  5.33  6.08  8.76 28.10
 6992.25  2.26  1.88  1.90  2.13  2.01  2.32  5.42  3.50  5.33  6.08  8.75 28.82
 6993.25  2.23  1.86  1.88  2.11  1.99  2.29  5.34  3.47  5.27  6.02  8.64 28.47
 6994.25  2.25  1.87  1.89  2.12  2.00  2.31  5.35  3.49  5.30  6.06  8.67 28.37
 6995.25  2.30  1.91  1.94  2.17  2.05  2.36  5.45  3.57  5.42  6.20  8.83 28.58
 6996.25  2.29  1.90  1.93  2.16  2.04  2.35  5.41  3.56  5.40  6.18  8.79 28.40
 6997.25  2.23  1.85  1.88  2.11  1.99  2.29  5.26  3.47  5.27  6.04  8.59 27.91
 6998.25  2.13  1.77  1.80  2.02  1.90  2.19  5.03  3.33  5.06  5.82  8.27 27.16
 6999.25  2.13  1.77  1.80  2.02  1.90  2.19  5.01  3.33  5.06  5.82  8.25 26.98
 7000.25  2.25  1.87  1.90  2.13  2.00  2.30  5.22  3.50  5.30  6.10  8.59 27.49
 7001.25  2.23  1.86  1.89  2.12  1.99  2.29  5.17  3.48  5.27  6.07  8.54 27.28
 7002.25  2.21  1.83  1.86  2.09  1.97  2.26  5.09  3.45  5.22  6.02  8.45 26.98
 7003.25  2.19  1.82  1.85  2.08  1.95  2.25  5.03  3.42  5.18  5.98  8.38 26.72
 7004.25  2.08  1.73  1.76  1.98  1.86  2.14  4.78  3.27  4.95  5.73  8.03 25.89
 7005.25  1.73  1.43  1.45  1.64  1.54  1.77  4.00  2.72  4.16  4.84  6.84 23.41
 7006.25  1.72  1.42  1.45  1.63  1.53  1.76  3.96  2.71  4.14  4.83  6.81 23.25
 7007.25  2.16  1.80  1.83  2.06  1.93  2.22  4.88  3.39  5.11  5.94  8.24 25.87
 7008.25  2.32  1.93  1.97  2.21  2.07  2.38  5.18  3.63  5.45  6.32  8.71 26.50
 7009.25  2.34  1.95  1.98  2.24  2.09  2.40  5.19  3.67  5.49  6.37  8.75 26.40
 7010.25  2.33  1.94  1.97  2.22  2.08  2.38  5.13  3.64  5.45  6.33  8.68 26.12
 7011.25  2.25  1.88  1.91  2.15  2.01  2.31  4.97  3.54  5.30  6.16  8.45 25.59
 7012.25  1.83  1.52  1.54  1.75  1.63  1.87  4.07  2.89  4.38  5.11  7.10 22.97
 7013.25  1.40  1.17  1.19  1.34  1.25  1.44  3.16  2.24  3.42  4.01  5.64 19.58
 7014.25  1.71  1.43  1.45  1.64  1.53  1.76  3.80  2.73  4.13  4.82  6.71 21.86
 7015.25  2.24  1.87  1.90  2.15  2.00  2.30  4.84  3.53  5.27  6.12  8.38 24.80
 7016.25  2.32  1.94  1.97  2.23  2.08  2.38  4.97  3.65  5.43  6.30  8.60 24.92
 7017.25  2.36  1.98  2.01  2.27  2.11  2.42  5.02  3.72  5.52  6.40  8.73 25.00
 7018.25  2.39  2.00  2.03  2.30  2.14  2.45  5.06  3.77  5.59  6.48  8.82 25.02
 7019.25  2.37  1.98  2.01  2.28  2.12  2.43  4.99  3.74  5.54  6.42  8.75 24.73
 7020.25  2.32  1.95  1.98  2.24  2.08  2.39  4.88  3.68  5.45  6.32  8.62 24.36
 7021.25  2.29  1.92  1.95  2.21  2.06  2.36  4.80  3.64  5.39  6.26  8.53 24.05
 7022.25  2.27  1.91  1.94  2.20  2.04  2.34  4.74  3.61  5.35  6.21  8.47 23.76
 7023.25  2.26  1.89  1.92  2.18  2.02  2.32  4.68  3.59  5.31  6.16  8.41 23.45
 7024.25  2.28  1.91  1.94  2.21  2.04  2.34  4.70  3.63  5.36  6.22  8.48 23.40
 7025.25  2.31  1.94  1.97  2.24  2.07  2.38  4.74  3.68  5.43  6.30  8.57 23.40
 7026.25  2.29  1.92  1.95  2.22  2.05  2.35  4.67  3.65  5.36  6.24  8.49 23.05
 7027.25  2.25  1.90  1.92  2.19  2.02  2.32  4.58  3.60  5.28  6.15  8.37 22.62
 7028.25  2.28  1.92  1.95  2.22  2.05  2.35  4.61  3.64  5.34  6.22  8.46 22.63
 7029.25  2.29  1.93  1.95  2.22  2.05  2.35  4.59  3.66  5.34  6.24  8.49 22.53
 7030.25  2.24  1.89  1.91  2.18  2.01  2.30  4.48  3.59  5.24  6.13  8.35 22.13
 7031.25  2.18  1.84  1.86  2.12  1.95  2.24  4.35  3.50  5.10  5.99  8.16 21.65
 7032.25  2.22  1.87  1.90  2.17  1.99  2.28  4.40  3.57  5.18  6.09  8.28 21.65
 7033.25  2.29  1.93  1.96  2.24  2.05  2.36  4.50  3.68  5.32  6.25  8.49 21.78
 7034.25  2.31  1.95  1.97  2.26  2.07  2.37  4.50  3.70  5.34  6.28  8.52 21.63
 7035.25  2.30  1.95  1.97  2.26  2.06  2.37  4.47  3.70  5.32  6.28  8.51 21.42
 7036.25  2.29  1.94  1.96  2.26  2.05  2.36  4.42  3.69  5.29  6.25  8.47 21.15
 7037.25  2.27  1.92  1.94  2.24  2.04  2.34  4.36  3.66  5.24  6.20  8.40 20.81
 7038.25  2.28  1.93  1.95  2.25  2.04  2.35  4.35  3.67  5.25  6.21  8.42 20.64
 7039.25  2.29  1.93  1.96  2.26  2.05  2.35  4.33  3.69  5.25  6.22  8.42 20.44
 7040.25  2.28  1.93  1.95  2.27  2.04  2.35  4.30  3.68  5.23  6.21  8.41 20.22
 7041.25  2.26  1.91  1.93  2.25  2.02  2.33  4.23  3.65  5.18  6.17  8.35 19.95
 7042.25  2.07  1.75  1.77  2.06  1.85  2.13  3.87  3.36  4.77  5.70  7.76 18.81
 7043.25  1.84  1.55  1.57  1.83  1.64  1.89  3.44  3.00  4.27  5.13  7.02 17.36
 7044.25  2.06  1.74  1.76  2.06  1.84  2.12  3.82  3.34  4.72  5.67  7.71 18.44
 7045.25  2.27  1.92  1.94  2.27  2.03  2.34  4.18  3.67  5.16  6.18  8.34 19.42
 7046.25  2.23  1.89  1.91  2.24  1.99  2.30  4.10  3.61  5.06  6.08  8.22 19.20
 7047.25  2.07  1.75  1.77  2.09  1.85  2.14  3.83  3.38  4.74  5.71  7.75 18.44
 7048.25  1.93  1.63  1.65  1.95  1.72  1.99  3.57  3.15  4.42  5.35  7.29 17.65
 7049.25  1.67  1.41  1.43  1.69  1.49  1.73  3.11  2.75  3.87  4.70  6.45 16.11
 7050.25  1.54  1.30  1.31  1.56  1.37  1.59  2.86  2.54  3.56  4.35  5.98 15.18
 7051.25  1.77  1.50  1.51  1.80  1.58  1.83  3.27  2.92  4.07  4.96  6.77 16.67
 7052.25  1.94  1.64  1.65  1.97  1.72  2.00  3.55  3.18  4.40  5.36  7.30 17.58
 7053.25  1.96  1.66  1.68  2.00  1.75  2.03  3.59  3.22  4.45  5.43  7.38 17.71
 7054.25  2.04  1.73  1.74  2.08  1.81  2.10  3.70  3.34  4.60  5.61  7.60 18.09
 7055.25  2.06  1.75  1.76  2.11  1.83  2.13  3.74  3.38  4.64  5.67  7.67 18.20
 7056.25  2.11  1.79  1.81  2.17  1.88  2.18  3.81  3.46  4.73  5.79  7.82 18.42
 7057.25  2.16  1.83  1.85  2.22  1.92  2.23  3.89  3.54  4.82  5.90  7.96 18.61
 7058.25  2.18  1.85  1.86  2.24  1.93  2.25  3.90  3.56  4.84  5.93  8.00 18.67
 7059.25  2.25  1.91  1.93  2.32  2.00  2.33  4.02  3.68  4.98  6.11  8.21 18.99
 7060.25  2.28  1.94  1.95  2.35  2.03  2.35  4.05  3.72  5.03  6.17  8.29 19.09
 7061.25  2.23  1.89  1.91  2.31  1.98  2.30  3.96  3.65  4.92  6.05  8.13 18.84
 7062.25  2.16  1.84  1.85  2.24  1.92  2.24  3.84  3.55  4.78  5.90  7.94 18.52
 7063.25  2.17  1.84  1.85  2.25  1.92  2.24  3.83  3.55  4.77  5.90  7.94 18.50
 7064.25  2.11  1.79  1.80  2.20  1.87  2.18  3.73  3.47  4.65  5.76  7.76 18.20
 7065.25  2.03  1.73  1.74  2.12  1.80  2.10  3.59  3.34  4.48  5.58  7.52 17.78
 7066.25  2.10  1.79  1.80  2.20  1.87  2.17  3.70  3.46  4.62  5.74  7.73 18.11
 7067.25  2.14  1.82  1.83  2.24  1.90  2.21  3.76  3.52  4.69  5.84  7.84 18.29
 7068.25  2.02  1.72  1.73  2.12  1.79  2.09  3.54  3.33  4.43  5.54  7.48 17.66
 7069.25  2.04  1.73  1.74  2.14  1.81  2.11  3.57  3.36  4.46  5.59  7.54 17.74
 7070.25  2.20  1.87  1.88  2.31  1.95  2.27  3.82  3.61  4.76  5.96  8.01 18.47
 7071.25  2.11  1.79  1.80  2.23  1.87  2.18  3.66  3.47  4.57  5.75  7.75 18.01
 7072.25  2.01  1.71  1.72  2.13  1.79  2.08  3.49  3.33  4.38  5.52  7.47 17.51
 7073.25  2.15  1.83  1.84  2.29  1.91  2.23  3.71  3.54  4.64  5.85  7.89 18.17
 7074.25  2.23  1.90  1.91  2.37  1.98  2.30  3.82  3.67  4.78  6.03  8.12 18.50
 7075.25  2.07  1.76  1.77  2.21  1.84  2.14  3.56  3.42  4.47  5.65  7.65 17.73
 7076.25  2.03  1.72  1.73  2.17  1.80  2.10  3.48  3.35  4.37  5.55  7.52 17.48
 7077.25  2.19  1.86  1.87  2.35  1.94  2.26  3.73  3.61  4.69  5.93  8.01 18.23
 7078.25  2.25  1.92  1.93  2.42  2.00  2.33  3.83  3.71  4.81  6.08  8.20 18.49
 7079.25  2.12  1.80  1.81  2.29  1.88  2.19  3.60  3.50  4.54  5.76  7.81 17.84
 7080.25  2.04  1.74  1.75  2.21  1.81  2.11  3.47  3.39  4.39  5.58  7.59 17.46
 7081.25  2.15  1.83  1.84  2.33  1.91  2.21  3.63  3.55  4.59  5.83  7.91 17.94
 7082.25  2.25  1.91  1.93  2.45  2.00  2.32  3.78  3.71  4.78  6.07  8.21 18.39
 7083.25  2.13  1.81  1.82  2.32  1.89  2.19  3.58  3.53  4.55  5.78  7.86 17.80
 7084.25  1.88  1.59  1.60  2.05  1.66  1.93  3.16  3.13  4.04  5.17  7.08 16.49
 7085.25  2.00  1.70  1.71  2.20  1.78  2.06  3.36  3.33  4.29  5.48  7.48 17.13
 7086.25  2.27  1.93  1.95  2.50  2.02  2.33  3.77  3.75  4.81  6.11  8.29 18.39
 7087.25  2.29  1.95  1.96  2.52  2.03  2.35  3.79  3.78  4.84  6.15  8.35 18.44
 7088.25  2.20  1.87  1.89  2.43  1.95  2.26  3.64  3.65  4.66  5.94  8.09 18.00
 7089.25  2.04  1.73  1.75  2.26  1.81  2.09  3.39  3.39  4.34  5.56  7.61 17.21
 7090.25  1.83  1.55  1.56  2.03  1.62  1.87  3.04  3.05  3.92  5.04  6.94 16.05
 7091.25  1.89  1.61  1.62  2.11  1.68  1.93  3.14  3.16  4.04  5.19  7.15 16.39
 7092.25  2.09  1.78  1.79  2.34  1.86  2.14  3.46  3.49  4.44  5.69  7.79 17.42
 7093.25  2.15  1.83  1.84  2.41  1.91  2.20  3.55  3.58  4.55  5.82  7.97 17.66
 7094.25  2.17  1.84  1.86  2.43  1.92  2.21  3.57  3.60  4.57  5.85  8.01 17.70
 7095.25  2.22  1.89  1.91  2.50  1.97  2.26  3.65  3.69  4.67  5.98  8.18 17.93
 7096.25  2.27  1.93  1.94  2.55  2.01  2.31  3.71  3.76  4.75  6.08  8.31 18.10
 7097.25  2.28  1.94  1.96  2.58  2.03  2.32  3.73  3.79  4.78  6.12  8.36 18.14
 7098.25  2.28  1.94  1.96  2.58  2.02  2.32  3.72  3.79  4.77  6.11  8.36 18.10
 7099.25  2.25  1.91  1.93  2.55  2.00  2.28  3.67  3.74  4.70  6.04  8.27 17.93
 7100.25  2.27  1.93  1.95  2.59  2.02  2.31  3.70  3.78  4.74  6.09  8.35 18.01
 7101.25  2.31  1.96  1.98  2.63  2.05  2.34  3.75  3.84  4.80  6.17  8.45 18.13
 7102.25  2.27  1.93  1.94  2.59  2.01  2.30  3.68  3.77  4.72  6.07  8.33 17.92
 7103.25  2.25  1.91  1.93  2.58  2.00  2.27  3.65  3.75  4.68  6.03  8.28 17.81
 7104.25  2.26  1.92  1.94  2.60  2.01  2.29  3.67  3.77  4.70  6.05  8.32 17.84
 7105.25  2.24  1.91  1.92  2.58  1.99  2.26  3.63  3.74  4.66  6.01  8.27 17.72
 7106.25  2.24  1.90  1.92  2.59  1.99  2.26  3.63  3.74  4.65  6.00  8.27 17.68
 7107.25  2.29  1.94  1.97  2.65  2.04  2.31  3.69  3.82  4.74  6.11  8.42 17.86
 7108.25  2.31  1.96  1.98  2.68  2.06  2.33  3.72  3.85  4.77  6.16  8.48 17.93
 7109.25  2.26  1.92  1.94  2.63  2.01  2.27  3.64  3.78  4.67  6.04  8.34 17.67
 7110.25  2.24  1.90  1.92  2.60  1.99  2.25  3.60  3.74  4.62  5.98  8.27 17.53
 7111.25  2.26  1.92  1.94  2.63  2.01  2.27  3.63  3.78  4.66  6.03  8.34 17.60
 7112.25  2.27  1.92  1.95  2.65  2.02  2.28  3.64  3.80  4.67  6.06  8.37 17.62
 7113.25  2.28  1.93  1.95  2.67  2.03  2.28  3.65  3.81  4.68  6.07  8.40 17.62
 7114.25  2.27  1.93  1.95  2.67  2.02  2.27  3.63  3.80  4.67  6.06  8.39 17.56
 7115.25  2.29  1.94  1.97  2.70  2.04  2.29  3.66  3.84  4.70  6.10  8.45 17.61
 7116.25  2.32  1.96  1.99  2.73  2.06  2.31  3.69  3.88  4.74  6.16  8.52 17.68
 7117.25  2.29  1.94  1.97  2.71  2.04  2.29  3.65  3.85  4.69  6.11  8.46 17.55
 7118.25  2.27  1.92  1.95  2.68  2.02  2.26  3.61  3.80  4.63  6.05  8.38 17.39
 7119.25  2.27  1.92  1.95  2.70  2.03  2.27  3.61  3.82  4.64  6.07  8.40 17.39
 7120.25  2.31  1.95  1.98  2.75  2.06  2.30  3.66  3.88  4.70  6.15  8.51 17.52
 7121.25  2.32  1.96  1.99  2.76  2.07  2.31  3.67  3.89  4.71  6.17  8.54 17.52
 7122.25  2.32  1.96  1.99  2.77  2.07  2.31  3.66  3.89  4.71  6.17  8.54 17.48
 7123.25  2.31  1.95  1.98  2.76  2.06  2.29  3.65  3.88  4.69  6.15  8.53 17.41
 7124.25  2.29  1.93  1.96  2.74  2.04  2.27  3.61  3.85  4.64  6.10  8.46 17.28
 7125.25  2.28  1.93  1.96  2.74  2.03  2.26  3.59  3.84  4.63  6.09  8.46 17.22
 7126.25  2.29  1.93  1.97  2.75  2.04  2.27  3.60  3.85  4.63  6.11  8.48 17.22
 7127.25  2.28  1.92  1.96  2.75  2.03  2.26  3.58  3.84  4.61  6.09  8.46 17.14
 7128.25  2.16  1.82  1.85  2.61  1.92  2.13  3.39  3.65  4.39  5.80  8.10 16.56
 7129.25  1.99  1.68  1.71  2.42  1.77  1.97  3.13  3.38  4.07  5.40  7.59 15.72
 7130.25  2.08  1.75  1.79  2.53  1.85  2.05  3.26  3.53  4.23  5.62  7.87 16.12
 7131.25  2.21  1.86  1.90  2.69  1.97  2.18  3.46  3.74  4.47  5.93  8.28 16.69
 7132.25  2.29  1.93  1.97  2.79  2.04  2.25  3.57  3.86  4.61  6.11  8.51 16.99
 7133.25  2.25  1.90  1.94  2.75  2.01  2.22  3.51  3.81  4.55  6.03  8.42 16.81
 7134.25  2.06  1.73  1.77  2.53  1.84  2.03  3.23  3.50  4.19  5.58  7.84 15.90
 7135.25  2.02  1.70  1.73  2.48  1.80  1.98  3.15  3.43  4.10  5.47  7.71 15.65
 7136.25  2.19  1.84  1.88  2.69  1.95  2.15  3.41  3.71  4.42  5.88  8.24 16.41
 7137.25  2.26  1.90  1.94  2.78  2.01  2.21  3.51  3.82  4.54  6.03  8.45 16.67
 7138.25  2.28  1.92  1.96  2.81  2.03  2.23  3.54  3.85  4.58  6.08  8.51 16.72
 7139.25  2.31  1.94  1.99  2.85  2.06  2.26  3.58  3.91  4.63  6.16  8.62 16.83
 7140.25  2.32  1.95  2.00  2.87  2.07  2.27  3.59  3.92  4.65  6.18  8.65 16.83
 7141.25  2.33  1.96  2.00  2.88  2.07  2.27  3.60  3.94  4.65  6.19  8.67 16.81
 7142.25  2.25  1.88  1.93  2.79  2.00  2.19  3.48  3.80  4.50  6.00  8.43 16.42
 7143.25  2.08  1.75  1.79  2.59  1.85  2.03  3.23  3.54  4.19  5.62  7.94 15.65
 7144.25  1.98  1.66  1.70  2.46  1.76  1.92  3.07  3.37  3.99  5.37  7.62 15.12
 7145.25  1.94  1.63  1.67  2.41  1.72  1.88  3.02  3.32  3.92  5.28  7.51 14.89
 7146.25  1.94  1.63  1.67  2.41  1.73  1.88  3.02  3.32  3.92  5.28  7.52 14.87
 7147.25  1.96  1.64  1.68  2.43  1.74  1.90  3.04  3.35  3.95  5.32  7.57 14.89
 7148.25  1.99  1.66  1.71  2.46  1.76  1.92  3.08  3.39  4.00  5.39  7.67 15.01
 7149.25  2.05  1.71  1.76  2.52  1.82  1.98  3.17  3.50  4.11  5.54  7.86 15.27
 7150.25  2.10  1.76  1.80  2.58  1.86  2.03  3.24  3.58  4.20  5.66  8.02 15.46
 7151.25  2.13  1.78  1.83  2.61  1.89  2.05  3.28  3.63  4.25  5.73  8.12 15.55
 7152.25  2.21  1.85  1.90  2.71  1.96  2.13  3.40  3.77  4.41  5.93  8.39 15.91
 7153.25  2.23  1.87  1.92  2.73  1.98  2.15  3.43  3.81  4.44  5.98  8.46 15.97
 7154.25  2.26  1.89  1.95  2.76  2.00  2.18  3.47  3.86  4.49  6.04  8.54 16.04
 7155.25  2.31  1.94  1.99  2.81  2.05  2.22  3.54  3.95  4.58  6.16  8.70 16.21
 7156.25  2.33  1.95  2.01  2.83  2.06  2.24  3.57  3.98  4.60  6.20  8.75 16.24
 7157.25  2.30  1.92  1.98  2.78  2.04  2.20  3.52  3.93  4.54  6.12  8.67 16.07
 7158.25  2.23  1.87  1.92  2.70  1.97  2.14  3.42  3.83  4.42  5.96  8.47 15.74
 7159.25  2.24  1.87  1.93  2.70  1.98  2.14  3.43  3.85  4.43  5.99  8.50 15.74
 7160.25  2.17  1.81  1.87  2.61  1.92  2.07  3.32  3.73  4.29  5.82  8.29 15.39
 7161.25  2.13  1.78  1.83  2.56  1.88  2.03  3.26  3.67  4.21  5.72  8.16 15.15
 7162.25  2.19  1.83  1.89  2.63  1.94  2.09  3.35  3.78  4.33  5.87  8.37 15.38
 7163.25  2.13  1.77  1.83  2.55  1.88  2.03  3.25  3.67  4.20  5.71  8.17 15.03
 7164.25  2.04  1.70  1.76  2.44  1.80  1.95  3.12  3.54  4.05  5.52  7.91 14.59
 7165.25  2.17  1.81  1.87  2.58  1.91  2.06  3.30  3.75  4.27  5.81  8.30 15.10
 7166.25  2.23  1.86  1.92  2.65  1.97  2.13  3.40  3.86  4.39  5.96  8.49 15.31
 7167.25  2.01  1.67  1.73  2.39  1.77  1.91  3.07  3.49  3.97  5.43  7.79 14.22
 7168.25  1.97  1.64  1.70  2.34  1.74  1.88  3.01  3.44  3.90  5.34  7.68 14.01
 7169.25  2.19  1.83  1.89  2.59  1.93  2.08  3.33  3.80  4.30  5.86  8.37 14.96
 7170.25  2.19  1.83  1.89  2.59  1.93  2.09  3.33  3.81  4.30  5.87  8.38 14.90
 7171.25  2.04  1.70  1.76  2.41  1.80  1.94  3.11  3.56  4.02  5.51  7.92 14.20
 7172.25  1.98  1.65  1.71  2.33  1.74  1.88  3.02  3.47  3.91  5.37  7.73 13.86
 7173.25  2.07  1.73  1.79  2.43  1.82  1.97  3.15  3.62  4.07  5.58  8.00 14.13
 7174.25  2.21  1.84  1.91  2.58  1.94  2.10  3.34  3.85  4.31  5.90  8.44 14.74
 7175.25  2.15  1.79  1.85  2.51  1.89  2.04  3.25  3.75  4.20  5.77  8.27 14.49
 7176.25  2.00  1.67  1.72  2.33  1.75  1.89  3.03  3.51  3.92  5.41  7.79 13.72
 7177.25  1.94  1.62  1.67  2.26  1.70  1.84  2.94  3.41  3.81  5.25  7.58 13.32
 7178.25  2.00  1.67  1.72  2.32  1.75  1.89  3.02  3.51  3.91  5.40  7.78 13.61
 7179.25  2.17  1.82  1.88  2.52  1.91  2.06  3.28  3.81  4.24  5.84  8.36 14.44
 7180.25  2.15  1.80  1.86  2.49  1.89  2.04  3.25  3.79  4.20  5.79  8.29 14.31
 7181.25  2.05  1.71  1.77  2.37  1.80  1.94  3.10  3.61  4.01  5.54  7.93 13.71
 7182.25  2.05  1.71  1.77  2.36  1.80  1.94  3.10  3.62  4.00  5.54  7.92 13.68
 7183.25  2.04  1.70  1.77  2.34  1.79  1.93  3.09  3.61  3.99  5.53  7.90 13.65
 7184.25  2.00  1.67  1.73  2.29  1.75  1.89  3.02  3.54  3.90  5.41  7.71 13.26
 7185.25  2.03  1.69  1.75  2.31  1.77  1.91  3.06  3.58  3.95  5.47  7.78 13.32
 7186.25  2.02  1.69  1.75  2.30  1.77  1.91  3.05  3.58  3.93  5.45  7.74 13.20
 7187.25  2.08  1.74  1.80  2.35  1.82  1.96  3.13  3.67  4.03  5.58  7.90 13.37
 7188.25  2.29  1.92  1.99  2.58  2.01  2.16  3.44  4.04  4.42  6.11  8.59 14.39
 7189.25  2.40  2.01  2.09  2.70  2.10  2.27  3.61  4.23  4.62  6.38  8.95 14.89
 7190.25  2.28  1.90  1.98  2.55  1.99  2.15  3.42  4.03  4.40  6.09  8.56 14.31
 7191.25  2.09  1.74  1.81  2.33  1.82  1.97  3.14  3.71  4.04  5.62  7.92 13.31
 7192.25  2.15  1.80  1.86  2.39  1.88  2.02  3.23  3.82  4.15  5.77  8.10 13.52
 7193.25  2.21  1.85  1.92  2.45  1.93  2.08  3.32  3.92  4.26  5.91  8.28 13.74
 7194.25  2.23  1.86  1.93  2.46  1.95  2.10  3.34  3.96  4.29  5.96  8.33 13.79
 7195.25  2.30  1.92  1.99  2.53  2.00  2.16  3.44  4.08  4.41  6.13  8.55 14.09
 7196.25  2.29  1.91  1.98  2.51  1.99  2.15  3.43  4.07  4.39  6.11  8.52 14.03
 7197.25  2.26  1.89  1.96  2.47  1.97  2.12  3.38  4.02  4.33  6.04  8.41 13.82
 7198.25  2.26  1.89  1.96  2.46  1.97  2.12  3.38  4.04  4.33  6.04  8.40 13.76
 7199.25  2.29  1.91  1.99  2.48  1.99  2.14  3.42  4.09  4.38  6.11  8.48 13.84
 7200.25  2.12  1.77  1.84  2.29  1.84  1.98  3.17  3.81  4.07  5.70  7.92 12.99
 7201.25  2.06  1.72  1.79  2.23  1.79  1.93  3.09  3.72  3.96  5.56  7.73 12.67
 7202.25  2.21  1.84  1.92  2.37  1.92  2.07  3.31  3.99  4.23  5.93  8.22 13.38
 7203.25  2.24  1.87  1.95  2.40  1.95  2.10  3.35  4.05  4.29  6.01  8.31 13.47
 7204.25  2.17  1.81  1.89  2.32  1.88  2.03  3.25  3.94  4.15  5.83  8.05 13.04
 7205.25  2.22  1.85  1.93  2.36  1.92  2.07  3.31  4.02  4.23  5.94  8.20 13.22
 7206.25  2.24  1.86  1.94  2.37  1.94  2.09  3.33  4.06  4.26  5.98  8.22 13.19
 7207.25  2.33  1.94  2.02  2.45  2.02  2.17  3.46  4.23  4.42  6.20  8.50 13.57
 7208.25  2.41  2.01  2.10  2.53  2.09  2.25  3.58  4.38  4.57  6.41  8.76 13.91
 7209.25  2.33  1.94  2.03  2.44  2.02  2.17  3.47  4.25  4.42  6.21  8.50 13.51
 7210.25  2.29  1.90  1.99  2.39  1.98  2.14  3.41  4.19  4.35  6.12  8.38 13.32
 7211.25  2.35  1.96  2.05  2.44  2.03  2.19  3.50  4.31  4.45  6.27  8.56 13.53
 7212.25  2.37  1.97  2.07  2.46  2.05  2.21  3.53  4.36  4.49  6.33  8.62 13.57
 7213.25  2.38  1.98  2.08  2.46  2.06  2.23  3.54  4.39  4.51  6.36  8.65 13.58
 7214.25  2.38  1.98  2.07  2.45  2.06  2.22  3.53  4.39  4.50  6.35  8.62 13.50
 7215.25  2.37  1.97  2.06  2.43  2.04  2.21  3.51  4.38  4.47  6.31  8.57 13.39
 7216.25  2.34  1.95  2.04  2.39  2.02  2.18  3.47  4.34  4.42  6.25  8.47 13.21
 7217.25  2.37  1.97  2.06  2.41  2.04  2.21  3.51  4.39  4.46  6.30  8.53 13.27
 7218.25  2.39  1.98  2.08  2.42  2.06  2.22  3.53  4.43  4.49  6.35  8.58 13.34
 7219.25  2.41  2.00  2.10  2.43  2.07  2.24  3.56  4.48  4.52  6.40  8.63 13.40
 7220.25  2.42  2.01  2.11  2.44  2.08  2.26  3.58  4.52  4.55  6.45  8.67 13.45
 7221.25  2.42  2.00  2.10  2.42  2.08  2.25  3.57  4.51  4.52  6.44  8.63 13.39
 7222.25  2.34  1.93  2.04  2.34  2.01  2.17  3.45  4.38  4.39  6.26  8.39 13.07
 7223.25  2.15  1.78  1.87  2.15  1.85  2.00  3.19  4.06  4.06  5.83  7.82 12.28
 7224.25  2.13  1.76  1.85  2.12  1.82  1.97  3.15  4.03  4.01  5.77  7.74 12.17
 7225.25  2.26  1.86  1.96  2.24  1.93  2.09  3.33  4.27  4.23  6.09  8.13 12.70
 7226.25  2.29  1.89  1.99  2.27  1.96  2.12  3.38  4.33  4.29  6.17  8.21 12.80
 7227.25  2.21  1.82  1.92  2.18  1.89  2.05  3.26  4.20  4.14  5.99  7.95 12.42
 7228.25  2.31  1.91  2.01  2.27  1.98  2.14  3.40  4.38  4.31  6.23  8.23 12.79
 7229.25  2.40  1.97  2.08  2.35  2.05  2.22  3.52  4.54  4.46  6.44  8.47 13.12
 7230.25  2.25  1.85  1.95  2.20  1.92  2.08  3.31  4.29  4.21  6.10  8.04 12.55
 7231.25  2.13  1.75  1.85  2.08  1.82  1.97  3.14  4.08  3.99  5.82  7.67 12.03
 7232.25  2.18  1.79  1.89  2.12  1.86  2.02  3.21  4.17  4.07  5.93  7.77 12.12
 7233.25  2.24  1.84  1.94  2.17  1.91  2.07  3.29  4.29  4.17  6.07  7.92 12.29
 7234.25  2.12  1.74  1.84  2.05  1.81  1.96  3.12  4.08  3.95  5.78  7.55 11.78
 7235.25  1.95  1.60  1.69  1.88  1.66  1.80  2.88  3.78  3.66  5.39  7.05 11.10
 7236.25  2.10  1.71  1.81  2.01  1.78  1.93  3.08  4.05  3.91  5.75  7.50 11.71
 7237.25  2.36  1.93  2.04  2.26  2.01  2.18  3.45  4.53  4.37  6.39  8.27 12.76
 7238.25  2.37  1.94  2.05  2.27  2.02  2.19  3.47  4.57  4.39  6.43  8.30 12.80
 7239.25  1.93  1.58  1.67  1.84  1.64  1.78  2.84  3.77  3.61  5.36  6.97 10.96
 7240.25  1.04  0.85  0.90  0.99  0.88  0.96  1.55  2.08  1.98  3.00  3.96  6.48
 7241.25  0.79  0.64  0.68  0.75  0.67  0.72  1.17  1.58  1.51  2.29  3.03  5.00
 7242.25  0.72  0.58  0.62  0.68  0.61  0.66  1.07  1.45  1.38  2.10  2.78  4.59
 7243.25  0.80  0.65  0.69  0.76  0.68  0.74  1.19  1.62  1.53  2.34  3.08  5.07
 7244.25  1.19  0.96  1.02  1.12  1.01  1.09  1.76  2.39  2.26  3.43  4.48  7.24
 7245.25  1.52  1.23  1.31  1.42  1.28  1.39  2.24  3.05  2.86  4.33  5.61  8.95
 7246.25  0.84  0.68  0.72  0.78  0.71  0.77  1.24  1.71  1.60  2.45  3.20  5.24
 7247.25  0.69  0.55  0.59  0.64  0.58  0.63  1.02  1.41  1.31  2.01  2.63  4.32
 7248.25  1.05  0.85  0.90  0.98  0.89  0.96  1.56  2.16  1.99  3.06  3.97  6.44
 7249.25  1.56  1.25  1.33  1.44  1.31  1.42  2.28  3.16  2.91  4.43  5.70  9.03
 7250.25  2.08  1.68  1.79  1.92  1.75  1.90  3.03  4.18  3.85  5.78  7.34 11.34
 7251.25  2.15  1.74  1.85  1.98  1.81  1.97  3.13  4.33  3.97  5.96  7.53 11.58
 7252.25  2.03  1.64  1.74  1.86  1.71  1.86  2.95  4.11  3.75  5.65  7.13 10.99
 7253.25  1.98  1.59  1.70  1.81  1.67  1.81  2.88  4.03  3.65  5.52  6.97 10.74
 7254.25  1.53  1.23  1.31  1.39  1.28  1.40  2.24  3.17  2.86  4.38  5.57  8.77
 7255.25  1.24  0.99  1.06  1.13  1.04  1.13  1.82  2.61  2.33  3.61  4.60  7.35
 7256.25  1.67  1.34  1.42  1.51  1.40  1.52  2.43  3.47  3.10  4.76  6.01  9.41
 7257.25  1.73  1.38  1.48  1.56  1.45  1.58  2.52  3.61  3.21  4.92  6.20  9.67
 7258.25  1.80  1.44  1.54  1.62  1.51  1.64  2.62  3.76  3.33  5.11  6.41  9.95
 7259.25  2.24  1.80  1.92  2.02  1.88  2.05  3.24  4.64  4.10  6.22  7.73 11.74
 7260.25  2.35  1.89  2.01  2.11  1.98  2.15  3.39  4.86  4.28  6.48  8.03 12.11
 7261.25  2.26  1.81  1.93  2.03  1.89  2.06  3.26  4.70  4.12  6.27  7.75 11.74
 7262.25  2.24  1.79  1.91  2.01  1.88  2.05  3.24  4.69  4.09  6.23  7.70 11.65
 7263.25  2.33  1.86  1.99  2.08  1.95  2.13  3.36  4.87  4.24  6.45  7.93 11.95
 7264.25  2.21  1.76  1.88  1.97  1.85  2.01  3.18  4.65  4.02  6.14  7.56 11.42
 7265.25  2.07  1.65  1.76  1.84  1.73  1.88  2.98  4.38  3.77  5.79  7.13 10.81
 7266.25  2.25  1.79  1.91  1.99  1.87  2.04  3.23  4.75  4.08  6.24  7.65 11.51
 7267.25  2.41  1.92  2.05  2.14  2.02  2.20  3.46  5.10  4.37  6.67  8.14 12.17
 7268.25  2.28  1.81  1.94  2.01  1.90  2.07  3.27  4.86  4.14  6.35  7.76 11.67
 7269.25  2.07  1.64  1.75  1.82  1.72  1.88  2.98  4.46  3.77  5.83  7.14 10.82
 7270.25  1.95  1.55  1.65  1.71  1.62  1.77  2.81  4.24  3.56  5.54  6.78 10.31
 7271.25  2.03  1.61  1.72  1.78  1.69  1.84  2.92  4.42  3.70  5.75  7.01 10.63
 7272.25  2.11  1.67  1.78  1.84  1.75  1.91  3.03  4.58  3.82  5.94  7.21 10.85
 7273.25  2.09  1.65  1.76  1.82  1.73  1.89  2.99  4.55  3.78  5.89  7.13 10.72
 7274.25  2.29  1.81  1.93  1.99  1.90  2.07  3.27  4.96  4.12  6.39  7.70 11.48
 7275.25  2.25  1.78  1.90  1.96  1.87  2.04  3.22  4.91  4.06  6.31  7.58 11.30
 7276.25  1.52  1.20  1.28  1.32  1.26  1.38  2.20  3.42  2.79  4.44  5.38  8.25
 7277.25  0.80  0.63  0.67  0.69  0.66  0.72  1.16  1.83  1.48  2.39  2.91  4.58
 7278.25  0.52  0.41  0.44  0.45  0.43  0.47  0.76  1.21  0.98  1.59  1.93  3.06
 7279.25  0.76  0.60  0.64  0.66  0.63  0.69  1.11  1.77  1.42  2.31  2.80  4.40
 7280.25  1.84  1.46  1.55  1.59  1.53  1.67  2.65  4.16  3.36  5.33  6.36  9.60
 7281.25  2.28  1.81  1.93  1.97  1.90  2.08  3.28  5.11  4.13  6.49  7.68 11.38
 7282.25  2.14  1.70  1.81  1.85  1.78  1.95  3.08  4.84  3.88  6.15  7.27 10.83
 7283.25  1.91  1.51  1.61  1.65  1.59  1.74  2.76  4.38  3.49  5.58  6.61  9.93
 7284.25  2.03  1.61  1.72  1.75  1.69  1.85  2.93  4.66  3.70  5.90  6.96 10.40
 7285.25  1.52  1.20  1.28  1.31  1.26  1.39  2.21  3.56  2.80  4.53  5.37  8.16
 7286.25  0.87  0.69  0.73  0.74  0.72  0.79  1.27  2.08  1.62  2.67  3.17  4.93
 7287.25  1.02  0.81  0.86  0.88  0.85  0.93  1.50  2.45  1.90  3.13  3.71  5.72
 7288.25  1.72  1.36  1.45  1.47  1.43  1.57  2.49  4.04  3.15  5.11  5.99  9.00
 7289.25  2.22  1.77  1.88  1.90  1.85  2.03  3.20  5.15  4.03  6.43  7.49 10.99
 7290.25  2.29  1.82  1.94  1.96  1.91  2.10  3.30  5.30  4.14  6.59  7.65 11.15
 7291.25  2.15  1.71  1.82  1.84  1.79  1.97  3.11  5.04  3.91  6.28  7.29 10.67
 7292.25  2.09  1.67  1.77  1.79  1.75  1.92  3.03  4.96  3.82  6.16  7.15 10.48
 7293.25  2.09  1.66  1.77  1.78  1.74  1.92  3.03  5.00  3.81  6.17  7.15 10.47
 7294.25  2.13  1.70  1.80  1.82  1.78  1.96  3.09  5.12  3.88  6.28  7.27 10.60
 7295.25  2.32  1.85  1.97  1.98  1.94  2.14  3.36  5.58  4.21  6.78  7.82 11.28
 7296.25  2.26  1.80  1.91  1.92  1.89  2.08  3.27  5.48  4.10  6.63  7.65 11.05
 7297.25  1.57  1.25  1.33  1.33  1.31  1.44  2.30  3.95  2.90  4.81  5.59  8.27
 7298.25  1.37  1.09  1.15  1.16  1.14  1.25  2.00  3.49  2.54  4.24  4.93  7.33
 7299.25  1.94  1.55  1.64  1.65  1.62  1.78  2.82  4.88  3.56  5.84  6.74  9.77
 7300.25  2.36  1.89  2.00  2.01  1.98  2.17  3.42  5.86  4.28  6.94  7.95 11.33
 7301.25  2.41  1.93  2.05  2.06  2.02  2.23  3.49  6.03  4.38  7.10  8.12 11.51
 7302.25  2.36  1.90  2.01  2.01  1.98  2.18  3.43  5.96  4.29  6.98  7.97 11.29
 7303.25  2.29  1.84  1.94  1.95  1.92  2.11  3.32  5.82  4.16  6.79  7.76 10.97
 7304.25  1.86  1.49  1.57  1.58  1.55  1.71  2.71  4.86  3.41  5.66  6.49  9.32
 7305.25  1.12  0.89  0.94  0.94  0.93  1.03  1.64  3.03  2.08  3.55  4.10  6.02
 7306.25  1.14  0.91  0.96  0.97  0.95  1.05  1.69  3.13  2.14  3.64  4.20  6.15
 7307.25  1.92  1.54  1.62  1.62  1.61  1.77  2.80  5.12  3.52  5.88  6.72  9.58
 7308.25  2.18  1.75  1.85  1.85  1.83  2.02  3.18  5.80  3.99  6.61  7.52 10.58
 7309.25  2.11  1.69  1.78  1.78  1.77  1.95  3.07  5.64  3.86  6.41  7.29 10.25
 7310.25  2.28  1.84  1.94  1.94  1.92  2.12  3.33  6.11  4.16  6.88  7.80 10.87
 7311.25  2.37  1.91  2.01  2.01  2.00  2.20  3.45  6.35  4.31  7.12  8.06 11.18
 7312.25  2.04  1.64  1.73  1.73  1.72  1.89  2.99  5.61  3.75  6.28  7.13  9.98
 7313.25  1.88  1.51  1.59  1.58  1.58  1.74  2.75  5.24  3.46  5.85  6.64  9.33
 7314.25  2.21  1.78  1.87  1.87  1.86  2.05  3.23  6.10  4.05  6.76  7.64 10.59
 7315.25  2.40  1.94  2.03  2.03  2.02  2.22  3.49  6.58  4.36  7.25  8.16 11.20
 7316.25  2.12  1.71  1.79  1.79  1.78  1.96  3.10  5.93  3.88  6.52  7.35 10.17
 7317.25  0.98  0.79  0.83  0.82  0.82  0.91  1.46  2.91  1.84  3.21  3.65  5.21
 7318.25  0.57  0.46  0.48  0.48  0.48  0.53  0.85  1.72  1.07  1.89  2.16  3.10
 7319.25  0.90  0.72  0.75  0.75  0.75  0.83  1.33  2.71  1.69  2.96  3.36  4.78
 7320.25  2.03  1.64  1.72  1.71  1.71  1.89  2.99  5.88  3.74  6.35  7.13  9.80
 7321.25  2.39  1.93  2.02  2.01  2.02  2.22  3.50  6.81  4.35  7.31  8.18 11.08
 7322.25  2.43  1.97  2.06  2.05  2.06  2.26  3.57  6.97  4.43  7.45  8.32 11.23
 7323.25  2.49  2.02  2.11  2.10  2.11  2.32  3.64  7.14  4.52  7.60  8.47 11.38
 7324.25  2.47  2.00  2.09  2.08  2.09  2.30  3.62  7.13  4.49  7.55  8.41 11.28
 7325.25  2.47  2.00  2.09  2.08  2.09  2.30  3.62  7.17  4.49  7.55  8.42 11.27
 7326.25  2.45  1.99  2.08  2.06  2.08  2.28  3.60  7.18  4.47  7.51  8.39 11.21
 7327.25  2.42  1.97  2.05  2.04  2.05  2.26  3.56  7.15  4.42  7.43  8.31 11.08
 7328.25  2.43  1.98  2.05  2.04  2.06  2.26  3.57  7.20  4.43  7.44  8.33 11.08
 7329.25  2.20  1.79  1.86  1.84  1.86  2.05  3.25  6.65  4.03  6.84  7.68 10.27
 7330.25  1.25  1.01  1.05  1.04  1.05  1.16  1.86  3.99  2.34  4.08  4.63  6.35
 7331.25  0.86  0.70  0.72  0.72  0.73  0.80  1.30  2.83  1.63  2.87  3.28  4.52
 7332.25  1.32  1.07  1.11  1.10  1.12  1.23  1.98  4.27  2.48  4.31  4.90  6.68
 7333.25  2.05  1.67  1.73  1.71  1.74  1.91  3.05  6.41  3.78  6.43  7.26  9.68
 7334.25  2.20  1.79  1.86  1.84  1.87  2.05  3.26  6.85  4.05  6.84  7.72 10.22
 7335.25  2.31  1.88  1.95  1.93  1.96  2.16  3.42  7.18  4.24  7.12  8.03 10.59
 7336.25  2.40  1.96  2.03  2.01  2.04  2.24  3.55  7.46  4.39  7.35  8.30 10.90
 7337.25  2.42  1.97  2.04  2.02  2.05  2.26  3.58  7.54  4.43  7.39  8.35 10.95
 7338.25  2.39  1.95  2.02  2.00  2.03  2.23  3.55  7.51  4.38  7.33  8.29 10.86
 7339.25  2.37  1.94  2.00  1.98  2.01  2.21  3.51  7.46  4.34  7.26  8.23 10.77
 7340.25  2.34  1.91  1.97  1.95  1.99  2.18  3.47  7.36  4.29  7.18  8.14 10.66
 7341.25  1.64  1.33  1.38  1.36  1.39  1.53  2.46  5.35  3.06  5.23  5.98  7.96
 7342.25  0.69  0.56  0.58  0.57  0.58  0.64  1.04  2.34  1.31  2.29  2.64  3.59
 7343.25  0.57  0.47  0.48  0.47  0.49  0.53  0.87  1.95  1.09  1.91  2.21  3.01
 7344.25  1.18  0.96  0.99  0.98  1.01  1.10  1.79  3.92  2.23  3.86  4.44  5.97
 7345.25  2.22  1.82  1.87  1.85  1.90  2.08  3.32  6.95  4.10  6.87  7.82 10.22
 7346.25  2.20  1.80  1.85  1.83  1.88  2.06  3.29  6.87  4.07  6.82  7.76 10.15
 7347.25  2.16  1.77  1.81  1.79  1.84  2.02  3.23  6.73  3.99  6.69  7.62  9.98
 7348.25  2.23  1.83  1.88  1.85  1.91  2.09  3.34  6.91  4.13  6.89  7.84 10.24
 7349.25  2.16  1.77  1.82  1.79  1.85  2.02  3.24  6.68  4.00  6.69  7.62  9.96
 7350.25  2.24  1.84  1.89  1.86  1.93  2.10  3.36  6.89  4.15  6.91  7.86 10.25
 7351.25  2.31  1.90  1.95  1.92  1.98  2.16  3.46  7.04  4.26  7.09  8.06 10.49
 7352.25  2.14  1.76  1.80  1.77  1.84  2.00  3.22  6.58  3.97  6.64  7.56  9.89
 7353.25  2.05  1.69  1.72  1.70  1.76  1.92  3.09  6.32  3.82  6.40  7.30  9.56
 7354.25  2.08  1.71  1.75  1.72  1.79  1.95  3.13  6.37  3.87  6.47  7.38  9.66
 7355.25  2.22  1.83  1.87  1.84  1.92  2.08  3.34  6.73  4.12  6.85  7.80 10.16
 7356.25  2.30  1.89  1.93  1.90  1.98  2.15  3.45  6.89  4.25  7.04  8.00 10.40
 7357.25  2.29  1.89  1.93  1.90  1.98  2.15  3.45  6.86  4.24  7.02  7.99 10.37
 7358.25  2.25  1.85  1.89  1.86  1.94  2.11  3.38  6.72  4.16  6.90  7.86 10.21
 7359.25  1.77  1.45  1.48  1.46  1.53  1.66  2.68  5.41  3.32  5.58  6.39  8.41
 7360.25  0.98  0.80  0.82  0.80  0.85  0.92  1.50  3.10  1.87  3.22  3.71  4.97
 7361.25  1.02  0.83  0.85  0.83  0.88  0.95  1.55  3.20  1.94  3.33  3.84  5.14
 7362.25  1.82  1.50  1.53  1.50  1.58  1.71  2.75  5.50  3.42  5.73  6.55  8.60
 7363.25  2.29  1.89  1.92  1.89  1.99  2.15  3.43  6.71  4.24  6.99  7.96 10.31
 7364.25  2.33  1.93  1.96  1.92  2.03  2.19  3.49  6.79  4.32  7.10  8.07 10.44
 7365.25  2.26  1.87  1.90  1.86  1.97  2.12  3.39  6.59  4.20  6.92  7.87 10.20
 7366.25  2.18  1.80  1.83  1.79  1.89  2.04  3.26  6.36  4.05  6.69  7.63  9.90
 7367.25  2.20  1.82  1.84  1.80  1.91  2.06  3.29  6.39  4.09  6.74  7.68  9.96
 7368.25  2.23  1.84  1.87  1.83  1.94  2.09  3.33  6.43  4.14  6.81  7.76 10.04
 7369.25  2.08  1.72  1.74  1.71  1.81  1.95  3.12  6.04  3.88  6.42  7.32  9.51
 7370.25  1.11  0.91  0.93  0.91  0.97  1.04  1.68  3.36  2.12  3.60  4.14  5.51
 7371.25  0.62  0.51  0.51  0.50  0.53  0.58  0.93  1.88  1.18  2.03  2.35  3.15
 7372.25  0.84  0.69  0.70  0.69  0.73  0.79  1.28  2.55  1.61  2.76  3.18  4.26
 7373.25  1.88  1.56  1.57  1.54  1.64  1.76  2.81  5.42  3.52  5.85  6.68  8.71
 7374.25  2.34  1.94  1.96  1.92  2.05  2.19  3.48  6.57  4.34  7.09  8.06 10.38
 7375.25  2.17  1.79  1.81  1.77  1.89  2.03  3.22  6.11  4.03  6.62  7.55  9.77
 7376.25  2.02  1.67  1.68  1.65  1.77  1.89  3.01  5.73  3.78  6.23  7.12  9.25
 7377.25  2.24  1.86  1.87  1.83  1.96  2.10  3.33  6.25  4.17  6.81  7.76 10.01
 7378.25  2.40  1.99  2.00  1.95  2.10  2.24  3.54  6.58  4.43  7.17  8.17 10.49
 7379.25  2.36  1.96  1.96  1.92  2.07  2.21  3.48  6.47  4.37  7.07  8.07 10.37
 7380.25  2.27  1.89  1.89  1.85  1.99  2.13  3.36  6.25  4.22  6.84  7.83 10.08
 7381.25  2.27  1.88  1.89  1.85  1.99  2.13  3.35  6.22  4.22  6.82  7.81 10.06
 7382.25  2.34  1.94  1.95  1.90  2.06  2.19  3.45  6.35  4.34  6.98  8.00 10.27
 7383.25  2.37  1.97  1.97  1.93  2.09  2.22  3.49  6.40  4.40  7.04  8.08 10.36
 7384.25  2.31  1.92  1.92  1.88  2.04  2.17  3.40  6.24  4.30  6.88  7.92 10.16
 7385.25  2.27  1.88  1.88  1.84  2.00  2.13  3.34  6.11  4.22  6.76  7.79 10.01
 7386.25  2.32  1.93  1.92  1.88  2.05  2.18  3.41  6.20  4.31  6.87  7.93 10.17
 7387.25  2.44  2.02  2.02  1.97  2.15  2.28  3.56  6.43  4.51  7.14  8.23 10.52
 7388.25  2.45  2.04  2.03  1.99  2.17  2.30  3.58  6.44  4.54  7.16  8.27 10.56
 7389.25  2.35  1.95  1.94  1.90  2.08  2.20  3.44  6.18  4.36  6.90  7.99 10.23
 7390.25  2.30  1.91  1.90  1.86  2.03  2.16  3.36  6.04  4.28  6.76  7.84 10.07
 7391.25  2.23  1.85  1.84  1.80  1.97  2.09  3.26  5.84  4.15  6.56  7.63  9.82
 7392.25  2.03  1.69  1.68  1.64  1.80  1.90  2.98  5.36  3.81  6.05  7.07  9.15
 7393.25  1.47  1.22  1.21  1.18  1.30  1.38  2.17  3.96  2.80  4.50  5.30  6.97
 7394.25  1.05  0.87  0.86  0.84  0.93  0.98  1.55  2.84  2.01  3.25  3.86  5.12
 7395.25  1.49  1.23  1.22  1.19  1.32  1.39  2.18  3.94  2.82  4.51  5.33  7.02
 7396.25  2.21  1.83  1.81  1.78  1.96  2.07  3.21  5.64  4.12  6.43  7.54  9.75
 7397.25  2.36  1.96  1.94  1.90  2.10  2.21  3.42  5.95  4.38  6.79  7.95 10.24
 7398.25  2.41  2.00  1.98  1.94  2.14  2.26  3.48  6.03  4.47  6.90  8.09 10.41
 7399.25  2.42  2.02  1.99  1.95  2.16  2.27  3.50  6.03  4.49  6.92  8.12 10.46
 7400.25  2.38  1.98  1.95  1.91  2.12  2.23  3.44  5.91  4.42  6.80  8.00 10.33
 7401.25  2.35  1.96  1.93  1.89  2.10  2.20  3.39  5.81  4.37  6.72  7.92 10.23
 7402.25  1.84  1.53  1.51  1.47  1.64  1.73  2.68  4.64  3.47  5.40  6.43  8.42
 7403.25  0.92  0.77  0.75  0.74  0.82  0.87  1.36  2.39  1.78  2.82  3.40  4.55
 7404.25  0.81  0.67  0.66  0.64  0.72  0.76  1.19  2.08  1.56  2.47  2.98  4.01
 7405.25  1.51  1.25  1.23  1.20  1.35  1.41  2.20  3.78  2.87  4.47  5.36  7.10
 7406.25  2.30  1.92  1.88  1.84  2.07  2.16  3.32  5.57  4.30  6.53  7.77 10.08
 7407.25  2.38  1.99  1.95  1.90  2.14  2.23  3.42  5.70  4.43  6.70  7.97 10.33
 7408.25  2.43  2.03  1.99  1.94  2.18  2.28  3.49  5.77  4.52  6.80  8.10 10.49
 7409.25  2.46  2.05  2.01  1.97  2.21  2.31  3.53  5.80  4.57  6.86  8.17 10.58
 7410.25  2.47  2.07  2.02  1.98  2.23  2.32  3.55  5.80  4.59  6.88  8.20 10.62
 7411.25  2.48  2.08  2.03  1.99  2.24  2.33  3.56  5.78  4.61  6.88  8.22 10.65
 7412.25  2.46  2.06  2.01  1.97  2.22  2.31  3.53  5.71  4.58  6.82  8.17 10.59
 7413.25  2.30  1.92  1.87  1.84  2.08  2.16  3.30  5.35  4.30  6.42  7.72 10.07
 7414.25  2.11  1.76  1.72  1.68  1.91  1.98  3.04  4.93  3.97  5.95  7.19  9.44
 7415.25  2.18  1.83  1.78  1.74  1.98  2.05  3.14  5.05  4.10  6.12  7.40  9.69
 7416.25  2.33  1.96  1.90  1.87  2.12  2.20  3.35  5.34  4.37  6.47  7.81 10.20
 7417.25  2.35  1.97  1.91  1.88  2.13  2.21  3.36  5.33  4.39  6.48  7.84 10.24
 7418.25  2.23  1.87  1.81  1.78  2.02  2.09  3.19  5.05  4.18  6.18  7.51  9.84
 7419.25  2.23  1.87  1.81  1.78  2.03  2.10  3.20  5.04  4.19  6.18  7.52  9.86
 7420.25  2.29  1.92  1.86  1.83  2.08  2.15  3.28  5.12  4.29  6.30  7.67 10.05
 7421.25  2.39  2.01  1.94  1.91  2.18  2.25  3.42  5.30  4.47  6.53  7.94 10.38
 7422.25  2.41  2.03  1.96  1.93  2.19  2.26  3.44  5.30  4.50  6.56  7.99 10.44
 7423.25  2.42  2.04  1.97  1.94  2.21  2.28  3.46  5.30  4.53  6.57  8.02 10.48
 7424.25  2.33  1.96  1.89  1.86  2.12  2.19  3.33  5.09  4.37  6.34  7.77 10.19
 7425.25  2.27  1.91  1.84  1.81  2.07  2.13  3.25  4.95  4.27  6.20  7.61 10.00
 7426.25  2.39  2.02  1.94  1.91  2.18  2.25  3.41  5.15  4.48  6.46  7.93 10.39
 7427.25  2.42  2.04  1.96  1.94  2.21  2.28  3.45  5.18  4.54  6.52  8.01 10.49
 7428.25  2.41  2.03  1.95  1.93  2.20  2.26  3.43  5.12  4.51  6.47  7.96 10.45
 7429.25  2.39  2.02  1.94  1.91  2.19  2.24  3.41  5.06  4.48  6.42  7.91 10.39
 7430.25  2.14  1.80  1.73  1.71  1.95  2.01  3.06  4.54  4.04  5.82  7.21  9.55
 7431.25  1.42  1.19  1.14  1.12  1.29  1.33  2.04  3.06  2.73  3.99  5.01  6.78
 7432.25  1.33  1.12  1.07  1.06  1.22  1.25  1.92  2.86  2.57  3.76  4.74  6.43
 7433.25  2.02  1.70  1.63  1.61  1.84  1.89  2.88  4.22  3.83  5.51  6.85  9.12
 7434.25  2.34  1.98  1.89  1.87  2.15  2.20  3.33  4.83  4.41  6.28  7.77 10.25
 7435.25  2.36  1.99  1.90  1.88  2.16  2.21  3.35  4.84  4.43  6.31  7.81 10.33
 7436.25  2.38  2.01  1.92  1.90  2.18  2.23  3.38  4.87  4.47  6.36  7.88 10.42
 7437.25  2.40  2.03  1.93  1.91  2.20  2.24  3.41  4.90  4.51  6.40  7.93 10.49
 7438.25  2.33  1.98  1.88  1.86  2.14  2.19  3.32  4.77  4.40  6.25  7.76 10.29
 7439.25  1.69  1.43  1.35  1.34  1.55  1.58  2.42  3.51  3.23  4.65  5.85  7.91
 7440.25  1.06  0.89  0.84  0.84  0.97  0.99  1.52  2.22  2.05  2.98  3.79  5.22
 7441.25  1.22  1.03  0.97  0.97  1.12  1.14  1.75  2.55  2.36  3.42  4.34  5.95
 7442.25  2.04  1.73  1.64  1.63  1.88  1.91  2.91  4.17  3.89  5.53  6.92  9.28
 7443.25  2.44  2.07  1.96  1.95  2.24  2.28  3.45  4.90  4.59  6.45  8.02 10.64
 7444.25  2.44  2.08  1.97  1.95  2.25  2.28  3.46  4.90  4.59  6.45  8.03 10.65
 7445.25  2.41  2.05  1.94  1.93  2.22  2.25  3.42  4.83  4.54  6.38  7.94 10.56
 7446.25  2.38  2.03  1.92  1.90  2.19  2.23  3.37  4.76  4.49  6.30  7.86 10.47
 7447.25  2.44  2.08  1.96  1.95  2.25  2.28  3.45  4.85  4.59  6.42  8.01 10.65
 7448.25  2.46  2.09  1.98  1.96  2.26  2.29  3.47  4.87  4.62  6.45  8.05 10.71
 7449.25  2.43  2.07  1.95  1.94  2.24  2.27  3.44  4.81  4.58  6.39  7.98 10.64
 7450.25  2.42  2.07  1.95  1.93  2.24  2.26  3.43  4.79  4.57  6.37  7.96 10.63
 7451.25  2.42  2.07  1.95  1.93  2.24  2.26  3.42  4.78  4.57  6.36  7.95 10.63
 7452.25  2.42  2.07  1.95  1.93  2.23  2.26  3.42  4.76  4.57  6.35  7.94 10.63
 7453.25  2.39  2.04  1.92  1.91  2.21  2.23  3.38  4.69  4.51  6.27  7.86 10.54
 7454.25  2.38  2.03  1.91  1.90  2.20  2.22  3.37  4.67  4.50  6.24  7.84 10.52
 7455.25  2.41  2.06  1.94  1.93  2.23  2.25  3.41  4.71  4.55  6.31  7.92 10.62
 7456.25  2.42  2.07  1.95  1.93  2.24  2.26  3.42  4.72  4.57  6.32  7.95 10.67
 7457.25  2.42  2.08  1.95  1.94  2.24  2.26  3.43  4.71  4.58  6.32  7.96 10.68
 7458.25  2.42  2.07  1.94  1.93  2.24  2.26  3.42  4.69  4.57  6.31  7.95 10.68
 7459.25  2.36  2.02  1.89  1.88  2.18  2.20  3.34  4.57  4.46  6.16  7.78 10.48
 7460.25  2.23  1.91  1.79  1.78  2.07  2.08  3.17  4.33  4.25  5.87  7.44 10.07
 7461.25  2.31  1.98  1.86  1.85  2.14  2.15  3.28  4.47  4.39  6.05  7.67 10.35
 7462.25  2.35  2.01  1.88  1.87  2.17  2.18  3.32  4.51  4.45  6.11  7.75 10.46
 7463.25  2.10  1.80  1.68  1.68  1.95  1.95  2.99  4.06  4.02  5.55  7.08  9.64
 7464.25  1.85  1.59  1.48  1.47  1.72  1.72  2.64  3.60  3.57  4.94  6.35  8.72
 7465.25  1.95  1.67  1.56  1.55  1.81  1.81  2.77  3.76  3.74  5.17  6.63  9.09
 7466.25  2.08  1.78  1.67  1.66  1.93  1.93  2.95  3.99  3.98  5.47  7.02  9.58
 7467.25  1.95  1.67  1.56  1.55  1.81  1.81  2.78  3.75  3.75  5.16  6.64  9.11
 7468.25  1.62  1.39  1.29  1.29  1.50  1.50  2.31  3.13  3.14  4.34  5.63  7.81
 7469.25  1.69  1.45  1.35  1.34  1.57  1.56  2.41  3.25  3.27  4.51  5.85  8.10
 7470.25  2.14  1.84  1.71  1.71  1.99  1.98  3.04  4.06  4.10  5.59  7.20  9.82
 7471.25  2.21  1.90  1.77  1.76  2.05  2.04  3.13  4.16  4.21  5.74  7.38 10.06
 7472.25  1.77  1.52  1.41  1.40  1.64  1.63  2.52  3.36  3.41  4.68  6.08  8.42
 7473.25  1.41  1.21  1.12  1.12  1.31  1.30  2.01  2.69  2.74  3.78  4.95  6.94
 7474.25  1.54  1.32  1.23  1.22  1.43  1.42  2.20  2.93  3.00  4.11  5.39  7.51
 7475.25  1.33  1.14  1.06  1.06  1.23  1.23  1.90  2.53  2.60  3.57  4.70  6.60
 7476.25  1.36  1.17  1.08  1.08  1.26  1.25  1.94  2.58  2.65  3.64  4.80  6.73
 7477.25  2.04  1.76  1.63  1.63  1.90  1.88  2.90  3.80  3.92  5.31  6.90  9.49
 7478.25  2.27  1.96  1.82  1.81  2.12  2.10  3.21  4.19  4.34  5.84  7.56 10.33
 7479.25  2.24  1.93  1.79  1.79  2.09  2.06  3.17  4.12  4.28  5.75  7.47 10.22
 7480.25  1.77  1.52  1.41  1.41  1.64  1.62  2.51  3.28  3.42  4.63  6.08  8.45
 7481.25  1.26  1.09  1.00  1.00  1.18  1.16  1.81  2.37  2.48  3.38  4.49  6.33
 7482.25  1.31  1.13  1.04  1.04  1.22  1.20  1.87  2.45  2.57  3.49  4.64  6.54
 7483.25  1.84  1.59  1.47  1.46  1.71  1.69  2.62  3.39  3.56  4.80  6.31  8.76
 7484.25  1.77  1.53  1.41  1.41  1.65  1.63  2.52  3.27  3.44  4.63  6.10  8.49
 7485.25  1.15  0.99  0.92  0.91  1.07  1.06  1.65  2.15  2.27  3.08  4.11  5.84
 7486.25  1.34  1.15  1.06  1.06  1.25  1.22  1.91  2.48  2.62  3.55  4.72  6.68
 7487.25  2.10  1.81  1.68  1.67  1.96  1.93  2.97  3.83  4.04  5.39  7.07  9.76
 7488.25  2.25  1.95  1.80  1.80  2.10  2.07  3.18  4.08  4.32  5.74  7.51 10.32
 7489.25  2.22  1.92  1.77  1.77  2.07  2.03  3.14  4.02  4.26  5.67  7.42 10.21
 7490.25  2.19  1.89  1.75  1.74  2.04  2.00  3.09  3.96  4.21  5.59  7.33 10.11
 7491.25  2.30  1.99  1.84  1.84  2.15  2.11  3.25  4.15  4.41  5.84  7.64 10.50
 7492.25  2.38  2.06  1.90  1.90  2.23  2.18  3.36  4.28  4.55  6.01  7.86 10.77
 7493.25  2.38  2.06  1.90  1.90  2.23  2.18  3.35  4.27  4.55  6.01  7.86 10.78
 7494.25  2.20  1.90  1.75  1.75  2.06  2.01  3.10  3.96  4.23  5.60  7.36 10.16
 7495.25  1.69  1.45  1.34  1.34  1.57  1.53  2.39  3.07  3.29  4.39  5.84  8.21
 7496.25  1.71  1.48  1.36  1.36  1.60  1.56  2.42  3.11  3.34  4.45  5.92  8.33
 7497.25  2.24  1.94  1.78  1.78  2.09  2.04  3.15  4.01  4.31  5.67  7.46 10.32
 7498.25  2.39  2.07  1.90  1.90  2.23  2.17  3.34  4.25  4.57  6.00  7.87 10.83
 7499.25  2.38  2.06  1.90  1.90  2.23  2.17  3.33  4.23  4.56  5.98  7.85 10.81
 7500.25  2.37  2.05  1.89  1.88  2.22  2.15  3.31  4.21  4.54  5.95  7.82 10.77
 7501.25  2.28  1.97  1.81  1.81  2.13  2.07  3.18  4.05  4.38  5.74  7.57 10.47
 7502.25  2.26  1.96  1.79  1.79  2.12  2.05  3.15  4.01  4.34  5.69  7.51 10.41
 7503.25  2.32  2.01  1.85  1.85  2.18  2.11  3.24  4.11  4.46  5.83  7.69 10.63
 7504.25  2.29  1.99  1.82  1.82  2.16  2.08  3.20  4.06  4.41  5.76  7.61 10.54
 7505.25  2.31  2.00  1.83  1.83  2.17  2.09  3.21  4.07  4.43  5.79  7.65 10.57
 7506.25  2.36  2.05  1.87  1.87  2.23  2.14  3.27  4.15  4.52  5.89  7.78 10.72
 7507.25  2.39  2.08  1.90  1.90  2.26  2.17  3.32  4.20  4.59  5.97  7.88 10.83
 7508.25  2.41  2.10  1.92  1.92  2.29  2.19  3.34  4.23  4.63  6.01  7.94 10.89
 7509.25  2.40  2.08  1.90  1.90  2.27  2.17  3.31  4.19  4.60  5.97  7.89 10.82
 7510.25  2.36  2.05  1.87  1.87  2.24  2.14  3.26  4.13  4.53  5.88  7.79 10.69
 7511.25  2.35  2.04  1.86  1.86  2.24  2.13  3.25  4.11  4.52  5.86  7.77 10.65
 7512.25  2.39  2.08  1.90  1.90  2.28  2.16  3.30  4.17  4.59  5.94  7.88 10.77
 7513.25  2.42  2.11  1.92  1.92  2.32  2.20  3.34  4.22  4.65  6.01  7.97 10.87
 7514.25  2.40  2.09  1.91  1.91  2.30  2.18  3.31  4.18  4.62  5.97  7.92 10.79
 7515.25  2.39  2.08  1.89  1.90  2.29  2.16  3.29  4.15  4.60  5.93  7.89 10.74
 7516.25  2.38  2.07  1.88  1.89  2.28  2.15  3.27  4.13  4.58  5.90  7.86 10.68
 7517.25  2.35  2.05  1.86  1.86  2.26  2.12  3.23  4.07  4.53  5.83  7.78 10.58
 7518.25  2.11  1.84  1.67  1.67  2.03  1.91  2.91  3.68  4.10  5.30  7.12  9.74
 7519.25  1.75  1.52  1.38  1.38  1.69  1.58  2.42  3.07  3.43  4.46  6.05  8.37
 7520.25  1.93  1.68  1.52  1.53  1.87  1.74  2.66  3.37  3.78  4.89  6.60  9.07
 7521.25  2.29  2.00  1.81  1.82  2.22  2.07  3.14  3.96  4.44  5.70  7.64 10.35
 7522.25  2.31  2.02  1.83  1.84  2.25  2.09  3.17  4.00  4.48  5.75  7.71 10.43
 7523.25  2.15  1.88  1.70  1.70  2.09  1.95  2.95  3.73  4.19  5.39  7.26  9.86
 7524.25  1.57  1.37  1.24  1.24  1.53  1.42  2.17  2.76  3.12  4.03  5.51  7.61
 7525.25  0.91  0.79  0.71  0.71  0.88  0.82  1.26  1.60  1.82  2.37  3.29  4.61
 7526.25  0.71  0.62  0.56  0.56  0.70  0.65  0.99  1.26  1.44  1.88  2.61  3.67
 7527.25  1.15  1.01  0.91  0.91  1.13  1.04  1.59  2.02  2.31  2.99  4.13  5.74
 7528.25  2.06  1.81  1.63  1.63  2.02  1.86  2.82  3.56  4.05  5.17  7.01  9.48
 7529.25  2.24  1.97  1.77  1.78  2.21  2.03  3.06  3.85  4.39  5.58  7.54 10.14
 7530.25  2.10  1.85  1.66  1.67  2.07  1.90  2.88  3.63  4.14  5.27  7.16  9.65
 7531.25  1.94  1.71  1.53  1.53  1.91  1.75  2.65  3.35  3.84  4.89  6.67  9.02
 7532.25  1.34  1.17  1.05  1.05  1.32  1.21  1.84  2.34  2.69  3.45  4.77  6.56
 7533.25  1.30  1.14  1.02  1.03  1.29  1.18  1.79  2.27  2.63  3.36  4.66  6.40
 7534.25  1.96  1.73  1.55  1.56  1.95  1.78  2.68  3.39  3.90  4.94  6.75  9.09
 7535.25  2.34  2.07  1.85  1.86  2.33  2.12  3.18  4.01  4.61  5.79  7.84 10.43
 7536.25  2.37  2.10  1.88  1.89  2.37  2.15  3.22  4.06  4.67  5.86  7.94 10.53
 7537.25  2.36  2.09  1.87  1.88  2.36  2.14  3.20  4.04  4.66  5.83  7.91 10.48
 7538.25  2.33  2.07  1.84  1.85  2.33  2.11  3.16  3.98  4.61  5.76  7.83 10.37
 7539.25  2.30  2.04  1.81  1.82  2.30  2.08  3.11  3.93  4.55  5.69  7.74 10.25
 7540.25  2.31  2.06  1.83  1.84  2.32  2.10  3.13  3.96  4.59  5.72  7.79 10.30
 7541.25  2.12  1.89  1.68  1.69  2.14  1.93  2.89  3.65  4.25  5.30  7.27  9.65
 7542.25  1.80  1.60  1.42  1.42  1.82  1.63  2.45  3.11  3.64  4.56  6.30  8.43
 7543.25  1.95  1.74  1.54  1.55  1.98  1.77  2.65  3.37  3.94  4.91  6.77  9.01
 7544.25  2.26  2.02  1.79  1.80  2.30  2.05  3.06  3.87  4.52  5.61  7.67 10.11
 7545.25  2.36  2.11  1.87  1.87  2.40  2.14  3.19  4.03  4.70  5.82  7.94 10.42
 7546.25  2.40  2.15  1.90  1.91  2.45  2.18  3.24  4.09  4.79  5.91  8.06 10.55
 7547.25  2.40  2.15  1.90  1.91  2.45  2.18  3.23  4.08  4.79  5.90  8.05 10.53
 7548.25  2.33  2.09  1.84  1.85  2.39  2.12  3.14  3.98  4.67  5.75  7.88 10.31
 7549.25  2.34  2.10  1.85  1.86  2.40  2.12  3.15  3.99  4.69  5.76  7.90 10.32
 7550.25  2.40  2.16  1.90  1.91  2.48  2.18  3.23  4.09  4.82  5.90  8.08 10.53
 7551.25  2.40  2.15  1.90  1.91  2.48  2.18  3.23  4.08  4.81  5.89  8.08 10.50
 7552.25  2.38  2.14  1.89  1.90  2.47  2.17  3.21  4.06  4.80  5.86  8.05 10.46
 7553.25  2.39  2.15  1.90  1.90  2.49  2.18  3.22  4.07  4.82  5.88  8.07 10.48
 7554.25  2.30  2.07  1.82  1.83  2.39  2.09  3.09  3.92  4.65  5.68  7.82 10.16
 7555.25  2.23  2.01  1.76  1.77  2.32  2.02  2.99  3.80  4.52  5.51  7.61  9.90
 7556.25  2.34  2.11  1.86  1.86  2.45  2.13  3.14  3.99  4.74  5.77  7.95 10.29
 7557.25  2.43  2.19  1.92  1.93  2.54  2.21  3.25  4.12  4.90  5.95  8.18 10.55
 7558.25  2.04  1.84  1.61  1.62  2.14  1.85  2.74  3.49  4.18  5.08  7.07  9.20
 7559.25  1.44  1.30  1.13  1.14  1.52  1.31  1.95  2.49  3.01  3.68  5.20  6.86
 7560.25  1.56  1.40  1.23  1.23  1.65  1.42  2.10  2.69  3.25  3.96  5.59  7.34
 7561.25  2.16  1.95  1.71  1.72  2.29  1.97  2.90  3.69  4.44  5.36  7.46  9.64
 7562.25  2.37  2.14  1.88  1.89  2.52  2.16  3.17  4.03  4.84  5.82  8.06 10.34
 7563.25  2.36  2.13  1.87  1.88  2.51  2.16  3.15  4.01  4.82  5.80  8.04 10.31
 7564.25  2.39  2.15  1.89  1.90  2.54  2.18  3.18  4.04  4.87  5.85  8.11 10.38
 7565.25  2.41  2.17  1.91  1.91  2.57  2.20  3.21  4.08  4.92  5.89  8.19 10.45
 7566.25  2.43  2.19  1.93  1.94  2.61  2.22  3.24  4.12  4.97  5.95  8.27 10.53
 7567.25  2.46  2.22  1.95  1.96  2.64  2.25  3.27  4.16  5.03  6.01  8.36 10.61
 7568.25  2.31  2.08  1.83  1.83  2.49  2.11  3.07  3.92  4.75  5.67  7.95 10.11
 7569.25  1.97  1.77  1.56  1.56  2.12  1.79  2.63  3.36  4.10  4.91  6.96  8.91
 7570.25  1.99  1.79  1.57  1.57  2.15  1.81  2.65  3.39  4.14  4.95  7.02  8.97
 7571.25  2.26  2.03  1.79  1.79  2.45  2.06  3.00  3.83  4.67  5.55  7.84  9.93
 7572.25  1.79  1.61  1.42  1.42  1.95  1.64  2.39  3.06  3.76  4.49  6.42  8.20
 7573.25  0.99  0.88  0.78  0.78  1.08  0.90  1.32  1.71  2.11  2.54  3.70  4.80
 7574.25  0.92  0.82  0.72  0.72  1.00  0.84  1.23  1.59  1.97  2.36  3.46  4.48
 7575.25  1.46  1.31  1.15  1.15  1.60  1.33  1.94  2.50  3.10  3.69  5.36  6.86
 7576.25  1.81  1.63  1.43  1.43  1.99  1.65  2.41  3.09  3.83  4.54  6.54  8.30
 7577.25  2.09  1.88  1.66  1.66  2.30  1.91  2.78  3.56  4.40  5.18  7.43  9.34
 7578.25  2.38  2.14  1.89  1.89  2.62  2.18  3.15  4.02  4.97  5.82  8.28 10.32
 7579.25  2.43  2.18  1.93  1.93  2.68  2.22  3.20  4.09  5.07  5.91  8.41 10.46
 7580.25  2.43  2.19  1.93  1.93  2.69  2.23  3.21  4.10  5.09  5.92  8.45 10.48
 7581.25  2.44  2.20  1.94  1.94  2.70  2.24  3.21  4.11  5.12  5.94  8.48 10.50
 7582.25  2.42  2.18  1.92  1.93  2.69  2.22  3.19  4.08  5.10  5.90  8.44 10.44
 7583.25  2.44  2.19  1.94  1.94  2.71  2.23  3.20  4.10  5.14  5.92  8.49 10.47
 7584.25  2.45  2.21  1.95  1.95  2.74  2.25  3.23  4.13  5.18  5.96  8.55 10.53
 7585.25  2.45  2.20  1.95  1.95  2.74  2.25  3.22  4.13  5.19  5.95  8.55 10.51
 7586.25  2.29  2.06  1.82  1.82  2.57  2.10  3.02  3.88  4.90  5.60  8.11  9.99
 7587.25  1.64  1.47  1.30  1.30  1.85  1.50  2.17  2.81  3.59  4.12  6.09  7.58
 7588.25  1.30  1.16  1.03  1.03  1.47  1.19  1.73  2.24  2.88  3.30  4.93  6.17
 7589.25  1.74  1.56  1.38  1.38  1.96  1.59  2.30  2.97  3.81  4.35  6.43  7.95
 7590.25  2.34  2.10  1.86  1.86  2.65  2.15  3.08  3.95  5.04  5.71  8.31 10.14
 7591.25  2.42  2.18  1.93  1.93  2.74  2.22  3.18  4.08  5.21  5.89  8.55 10.40
 7592.25  2.35  2.11  1.87  1.87  2.67  2.15  3.09  3.97  5.08  5.73  8.34 10.14
 7593.25  2.19  1.96  1.74  1.74  2.49  2.00  2.88  3.70  4.75  5.35  7.81  9.49
 7594.25  1.86  1.66  1.48  1.47  2.12  1.70  2.45  3.15  4.07  4.57  6.73  8.18
 7595.25  1.62  1.45  1.29  1.28  1.85  1.48  2.14  2.76  3.57  4.01  5.93  7.22
 7596.25  1.59  1.42  1.26  1.26  1.82  1.45  2.10  2.70  3.51  3.93  5.81  7.05
 7597.25  1.70  1.52  1.35  1.35  1.95  1.56  2.24  2.88  3.74  4.18  6.16  7.44
 7598.25  1.59  1.42  1.26  1.26  1.83  1.45  2.09  2.70  3.52  3.92  5.80  7.01
 7599.25  1.02  0.91  0.80  0.80  1.17  0.93  1.34  1.74  2.30  2.57  3.88  4.74
 7600.25  0.60  0.54  0.47  0.47  0.70  0.55  0.80  1.04  1.38  1.54  2.36  2.90
 7601.25  0.70  0.63  0.55  0.55  0.81  0.64  0.93  1.21  1.61  1.79  2.75  3.36
 7602.25  1.16  1.03  0.92  0.91  1.34  1.05  1.52  1.97  2.61  2.89  4.34  5.24
 7603.25  1.46  1.30  1.16  1.15  1.69  1.33  1.91  2.46  3.25  3.58  5.32  6.36
 7604.25  1.46  1.30  1.16  1.16  1.70  1.34  1.92  2.47  3.27  3.58  5.33  6.36
 7605.25  1.49  1.33  1.18  1.18  1.74  1.36  1.96  2.52  3.34  3.65  5.44  6.47
 7606.25  1.50  1.33  1.19  1.19  1.75  1.37  1.96  2.53  3.36  3.67  5.47  6.50
 7607.25  1.49  1.33  1.19  1.19  1.75  1.36  1.96  2.53  3.37  3.67  5.49  6.51
 7608.25  1.58  1.41  1.26  1.25  1.85  1.44  2.07  2.67  3.56  3.87  5.78  6.83
 7609.25  1.56  1.39  1.24  1.24  1.84  1.43  2.05  2.64  3.53  3.83  5.74  6.78
 7610.25  1.56  1.39  1.24  1.24  1.84  1.43  2.05  2.65  3.55  3.84  5.77  6.81
 7611.25  1.69  1.50  1.34  1.34  1.99  1.54  2.21  2.85  3.83  4.13  6.21  7.31
 7612.25  1.61  1.43  1.28  1.28  1.90  1.47  2.11  2.72  3.67  3.95  5.96  7.00
 7613.25  1.72  1.52  1.36  1.36  2.03  1.57  2.25  2.90  3.92  4.21  6.36  7.46
 7614.25  1.99  1.76  1.58  1.58  2.35  1.81  2.60  3.34  4.51  4.83  7.25  8.46
 7615.25  1.86  1.66  1.48  1.48  2.21  1.70  2.44  3.15  4.26  4.56  6.87  8.02
 7616.25  2.03  1.80  1.61  1.61  2.41  1.85  2.65  3.42  4.63  4.94  7.45  8.67
 7617.25  2.54  2.25  2.02  2.02  3.02  2.32  3.31  4.24  5.73  6.09  9.09 10.50
 7618.25  2.51  2.23  2.00  2.00  2.99  2.29  3.28  4.21  5.71  6.06  9.09 10.51
 7619.25  1.71  1.51  1.35  1.35  2.05  1.55  2.24  2.91  4.02  4.27  6.59  7.69
 7620.25  1.20  1.06  0.95  0.94  1.44  1.09  1.58  2.05  2.86  3.04  4.76  5.58
 7621.25  1.40  1.24  1.11  1.11  1.68  1.28  1.85  2.40  3.33  3.52  5.49  6.40
 7622.25  1.81  1.60  1.43  1.43  2.16  1.65  2.37  3.07  4.24  4.47  6.87  7.96
 7623.25  1.49  1.32  1.18  1.18  1.78  1.36  1.96  2.54  3.53  3.72  5.76  6.69
 7624.25  1.25  1.11  0.99  0.99  1.50  1.14  1.65  2.14  3.00  3.15  4.93  5.73
 7625.25  1.70  1.50  1.35  1.35  2.02  1.55  2.23  2.89  4.02  4.21  6.52  7.53
 7626.25  1.97  1.74  1.57  1.57  2.34  1.79  2.57  3.32  4.62  4.81  7.38  8.47
 7627.25  1.49  1.31  1.18  1.18  1.76  1.35  1.95  2.52  3.55  3.68  5.73  6.60
 7628.25  1.46  1.29  1.16  1.16  1.73  1.33  1.91  2.48  3.52  3.63  5.67  6.53
 7629.25  1.59  1.40  1.26  1.26  1.88  1.45  2.09  2.71  3.85  3.96  6.22  7.16
 7630.25  1.00  0.88  0.79  0.79  1.18  0.91  1.32  1.72  2.48  2.55  4.08  4.73
 7631.25  0.74  0.65  0.58  0.58  0.87  0.67  0.97  1.27  1.84  1.88  3.04  3.52
 7632.25  1.22  1.08  0.96  0.97  1.44  1.11  1.60  2.09  3.02  3.06  4.87  5.60
 7633.25  2.18  1.93  1.74  1.74  2.56  1.99  2.85  3.67  5.24  5.28  8.16  9.27
 7634.25  2.15  1.90  1.71  1.71  2.51  1.95  2.80  3.61  5.17  5.20  8.05  9.14
 7635.25  1.47  1.30  1.16  1.17  1.72  1.33  1.93  2.50  3.64  3.64  5.76  6.58
 7636.25  1.47  1.30  1.16  1.17  1.72  1.34  1.93  2.50  3.66  3.65  5.78  6.59
 7637.25  2.30  2.03  1.83  1.84  2.67  2.09  3.00  3.85  5.57  5.53  8.54  9.64
 7638.25  2.58  2.29  2.06  2.06  2.99  2.35  3.36  4.30  6.21  6.14  9.43 10.60
 7639.25  1.79  1.58  1.42  1.43  2.08  1.63  2.35  3.04  4.47  4.40  6.94  7.86
 7640.25  1.43  1.26  1.13  1.13  1.66  1.30  1.88  2.43  3.62  3.55  5.68  6.45
 7641.25  1.93  1.71  1.53  1.54  2.23  1.76  2.53  3.26  4.84  4.72  7.45  8.41
 7642.25  2.57  2.27  2.05  2.05  2.96  2.34  3.35  4.30  6.31  6.15  9.54 10.69
 7643.25  2.18  1.93  1.74  1.75  2.52  1.99  2.86  3.69  5.48  5.32  8.37  9.41
 7644.25  1.56  1.38  1.24  1.24  1.80  1.42  2.06  2.66  4.02  3.88  6.24  7.05
 7645.25  1.62  1.43  1.28  1.29  1.87  1.47  2.13  2.76  4.18  4.01  6.45  7.27
 7646.25  2.27  2.01  1.81  1.82  2.61  2.07  2.98  3.83  5.76  5.52  8.70  9.74
 7647.25  2.57  2.28  2.05  2.06  2.95  2.35  3.37  4.32  6.48  6.19  9.71 10.83
 7648.25  2.14  1.90  1.70  1.72  2.46  1.95  2.82  3.63  5.51  5.24  8.34  9.33
 7649.25  1.70  1.50  1.35  1.36  1.94  1.54  2.24  2.89  4.45  4.21  6.79  7.62
 7650.25  1.84  1.63  1.46  1.47  2.10  1.68  2.43  3.13  4.83  4.54  7.32  8.18
 7651.25  2.40  2.13  1.91  1.93  2.74  2.19  3.16  4.06  6.20  5.83  9.25 10.29
 7652.25  2.59  2.30  2.07  2.08  2.95  2.37  3.40  4.36  6.67  6.25  9.90 10.98
 7653.25  2.19  1.94  1.74  1.76  2.49  2.00  2.89  3.72  5.76  5.37  8.62  9.59
 7654.25  1.59  1.40  1.26  1.27  1.81  1.44  2.10  2.72  4.29  3.97  6.52  7.29
 7655.25  1.36  1.20  1.08  1.09  1.54  1.24  1.80  2.34  3.74  3.44  5.72  6.40
 7656.25  1.87  1.66  1.49  1.50  2.12  1.71  2.48  3.21  5.08  4.67  7.65  8.52
 7657.25  2.51  2.23  2.00  2.02  2.84  2.29  3.31  4.25  6.64  6.11  9.79 10.82
 7658.25  2.39  2.12  1.90  1.93  2.70  2.18  3.15  4.05  6.37  5.83  9.39 10.38
 7659.25  2.07  1.83  1.65  1.67  2.33  1.89  2.74  3.52  5.59  5.10  8.29  9.17
 7660.25  2.07  1.84  1.65  1.67  2.33  1.89  2.74  3.53  5.62  5.10  8.29  9.16
 7661.25  2.46  2.18  1.96  1.99  2.76  2.25  3.24  4.16  6.59  5.97  9.62 10.58
 7662.25  2.60  2.31  2.07  2.10  2.90  2.37  3.42  4.39  6.97  6.30 10.14 11.14
 7663.25  1.90  1.68  1.51  1.53  2.13  1.74  2.53  3.27  5.32  4.76  7.91  8.74
 7664.25  1.26  1.11  1.00  1.01  1.41  1.15  1.68  2.19  3.63  3.22  5.49  6.09
 7665.25  1.34  1.18  1.06  1.07  1.49  1.22  1.78  2.32  3.84  3.40  5.78  6.40
 7666.25  2.07  1.83  1.64  1.67  2.29  1.89  2.74  3.53  5.77  5.11  8.44  9.27
 7667.25  2.61  2.32  2.08  2.11  2.88  2.39  3.45  4.42  7.13  6.33 10.26 11.20
 7668.25  2.64  2.34  2.10  2.14  2.91  2.41  3.49  4.47  7.24  6.40 10.40 11.35
 7669.25  2.51  2.23  2.00  2.03  2.75  2.29  3.32  4.26  6.95  6.12 10.00 10.92
 7670.25  2.37  2.10  1.88  1.92  2.59  2.16  3.13  4.02  6.61  5.79  9.51 10.38
 7671.25  2.32  2.06  1.84  1.88  2.53  2.12  3.07  3.94  6.50  5.68  9.34 10.19
 7672.25  2.49  2.21  1.98  2.02  2.71  2.27  3.29  4.22  6.96  6.06  9.94 10.82
 7673.25  2.64  2.34  2.10  2.14  2.86  2.41  3.49  4.47  7.36  6.40 10.45 11.37
 7674.25  2.52  2.24  2.00  2.05  2.73  2.30  3.34  4.29  7.12  6.16 10.12 11.03
 7675.25  2.43  2.15  1.93  1.97  2.62  2.21  3.22  4.13  6.91  5.94  9.80 10.70
 7676.25  2.41  2.13  1.91  1.95  2.59  2.20  3.19  4.10  6.89  5.89  9.70 10.59
 7677.25  2.41  2.14  1.91  1.96  2.59  2.20  3.20  4.10  6.94  5.89  9.68 10.57
 7678.25  2.54  2.26  2.02  2.07  2.72  2.33  3.37  4.32  7.33  6.19 10.13 11.05
 7679.25  2.66  2.36  2.11  2.16  2.83  2.43  3.52  4.50  7.67  6.44 10.50 11.44
 7680.25  2.61  2.32  2.08  2.13  2.78  2.39  3.47  4.44  7.63  6.36 10.38 11.32
 7681.25  2.56  2.27  2.03  2.08  2.71  2.34  3.39  4.35  7.53  6.23 10.20 11.13
 7682.25  2.40  2.13  1.91  1.96  2.54  2.20  3.20  4.10  7.19  5.90  9.70 10.60
 7683.25  2.12  1.88  1.68  1.73  2.24  1.94  2.83  3.65  6.50  5.28  8.78  9.61
 7684.25  2.11  1.87  1.67  1.72  2.22  1.93  2.82  3.63  6.52  5.25  8.75  9.59
 7685.25  2.30  2.03  1.82  1.87  2.41  2.10  3.06  3.93  7.07  5.67  9.37 10.26
 7686.25  2.24  1.99  1.78  1.83  2.35  2.05  3.00  3.85  6.98  5.56  9.21 10.08
 7687.25  2.11  1.86  1.67  1.71  2.20  1.93  2.82  3.63  6.65  5.25  8.75  9.59
 7688.25  1.95  1.72  1.54  1.58  2.02  1.78  2.61  3.36  6.24  4.88  8.18  8.98
 7689.25  1.87  1.65  1.48  1.52  1.94  1.71  2.51  3.23  6.05  4.70  7.89  8.67
 7690.25  1.96  1.74  1.55  1.60  2.03  1.80  2.63  3.39  6.36  4.92  8.22  9.02
 7691.25  2.14  1.89  1.69  1.74  2.21  1.96  2.87  3.68  6.92  5.32  8.84  9.69
 7692.25  2.17  1.92  1.72  1.77  2.23  1.99  2.91  3.74  7.05  5.40  8.95  9.80
 7693.25  1.97  1.75  1.56  1.61  2.02  1.81  2.65  3.41  6.53  4.95  8.27  9.07
 7694.25  1.87  1.66  1.48  1.53  1.91  1.71  2.52  3.24  6.27  4.72  7.90  8.68
 7695.25  2.07  1.84  1.64  1.69  2.11  1.90  2.78  3.58  6.90  5.18  8.61  9.44
 7696.25  2.24  1.98  1.77  1.83  2.28  2.05  3.00  3.86  7.42  5.56  9.16 10.02
 7697.25  2.28  2.02  1.80  1.86  2.30  2.09  3.05  3.92  7.57  5.64  9.27 10.15
 7698.25  2.27  2.02  1.80  1.86  2.30  2.09  3.05  3.92  7.62  5.64  9.28 10.15
 7699.25  2.25  1.99  1.78  1.84  2.26  2.06  3.02  3.87  7.59  5.59  9.19 10.06
 7700.25  2.02  1.79  1.60  1.66  2.03  1.85  2.72  3.50  6.97  5.08  8.42  9.24
 7701.25  1.69  1.50  1.34  1.39  1.70  1.55  2.29  2.95  6.00  4.31  7.24  7.96
 7702.25  1.75  1.55  1.38  1.43  1.75  1.61  2.37  3.05  6.22  4.45  7.45  8.19
 7703.25  2.15  1.90  1.70  1.76  2.14  1.97  2.89  3.71  7.47  5.37  8.84  9.69
 7704.25  2.36  2.10  1.88  1.95  2.36  2.18  3.18  4.07  8.16  5.86  9.55 10.45
 7705.25  2.39  2.12  1.90  1.97  2.38  2.20  3.21  4.11  8.27  5.91  9.63 10.53
 7706.25  2.41  2.14  1.91  1.98  2.39  2.22  3.24  4.14  8.37  5.96  9.69 10.59
 7707.25  2.48  2.20  1.97  2.05  2.46  2.28  3.34  4.26  8.63  6.12  9.91 10.83
 7708.25  2.54  2.26  2.02  2.10  2.52  2.34  3.42  4.37  8.85  6.26 10.10 11.03
 7709.25  2.55  2.27  2.03  2.11  2.52  2.36  3.44  4.39  8.94  6.29 10.14 11.06
 7710.25  2.53  2.25  2.01  2.09  2.49  2.33  3.41  4.35  8.91  6.23 10.05 10.98
 7711.25  2.47  2.20  1.96  2.04  2.43  2.28  3.33  4.26  8.80  6.11  9.87 10.79
 7712.25  2.13  1.89  1.69  1.76  2.09  1.96  2.88  3.69  7.81  5.34  8.76  9.60
 7713.25  1.17  1.04  0.93  0.97  1.15  1.08  1.60  2.07  4.59  3.04  5.15  5.69
 7714.25  0.69  0.61  0.54  0.56  0.67  0.63  0.94  1.22  2.75  1.80  3.08  3.42
 7715.25  0.75  0.66  0.59  0.62  0.73  0.69  1.03  1.33  3.02  1.96  3.35  3.72
 7716.25  1.11  0.98  0.88  0.92  1.08  1.02  1.52  1.97  4.45  2.89  4.90  5.42
 7717.25  0.97  0.86  0.77  0.80  0.95  0.90  1.34  1.73  3.95  2.55  4.33  4.79
 7718.25  0.74  0.65  0.58  0.61  0.72  0.68  1.01  1.31  3.03  1.94  3.30  3.66
 7719.25  0.67  0.60  0.53  0.55  0.65  0.62  0.92  1.19  2.78  1.77  3.02  3.34
 7720.25  0.88  0.78  0.69  0.73  0.85  0.81  1.21  1.56  3.63  2.30  3.91  4.33
 7721.25  1.47  1.31  1.17  1.23  1.43  1.36  2.02  2.61  5.96  3.82  6.37  7.02
 7722.25  2.16  1.92  1.72  1.80  2.08  1.99  2.94  3.77  8.37  5.44  8.85  9.70
 7723.25  2.26  2.02  1.81  1.89  2.18  2.09  3.08  3.95  8.76  5.69  9.21 10.08
 7724.25  2.04  1.82  1.63  1.71  1.97  1.89  2.79  3.59  8.09  5.19  8.47  9.29
 7725.25  1.52  1.36  1.21  1.27  1.46  1.41  2.09  2.70  6.27  3.95  6.57  7.23
 7726.25  1.41  1.26  1.12  1.18  1.35  1.31  1.94  2.51  5.85  3.68  6.13  6.76
 7727.25  1.35  1.21  1.08  1.13  1.29  1.25  1.86  2.41  5.60  3.53  5.89  6.50
 7728.25  1.19  1.06  0.95  1.00  1.14  1.10  1.65  2.13  4.97  3.13  5.24  5.79
 7729.25  1.59  1.42  1.27  1.33  1.51  1.47  2.18  2.82  6.43  4.11  6.78  7.49
 7730.25  2.21  1.97  1.77  1.85  2.10  2.04  3.01  3.87  8.53  5.58  8.98  9.87
 7731.25  2.27  2.03  1.82  1.91  2.15  2.10  3.10  3.98  8.70  5.72  9.17 10.08
 7732.25  2.22  1.99  1.78  1.87  2.11  2.06  3.04  3.91  8.54  5.62  9.01  9.92
 7733.25  2.31  2.07  1.85  1.94  2.18  2.14  3.16  4.06  8.78  5.82  9.27 10.22
 7734.25  2.36  2.11  1.89  1.98  2.22  2.19  3.22  4.14  8.90  5.93  9.40 10.38
 7735.25  2.21  1.97  1.77  1.86  2.07  2.04  3.02  3.88  8.40  5.58  8.90  9.85
 7736.25  1.95  1.74  1.56  1.64  1.83  1.81  2.68  3.46  7.55  4.99  8.02  8.91
 7737.25  1.79  1.60  1.43  1.50  1.68  1.66  2.46  3.19  6.99  4.62  7.44  8.29
 7738.25  1.89  1.69  1.51  1.59  1.76  1.75  2.59  3.35  7.29  4.85  7.77  8.67
 7739.25  2.23  2.00  1.79  1.88  2.08  2.07  3.06  3.94  8.39  5.66  8.93  9.94
 7740.25  2.36  2.12  1.90  1.99  2.20  2.19  3.23  4.16  8.75  5.94  9.32 10.37
 7741.25  2.22  1.99  1.79  1.88  2.07  2.06  3.04  3.92  8.25  5.61  8.80  9.81
 7742.25  2.09  1.87  1.68  1.76  1.94  1.94  2.86  3.70  7.81  5.31  8.36  9.35
 7743.25  2.12  1.90  1.70  1.79  1.97  1.96  2.90  3.75  7.88  5.38  8.44  9.45
 7744.25  2.32  2.09  1.87  1.97  2.15  2.16  3.18  4.09  8.47  5.84  9.08 10.15
 7745.25  2.41  2.17  1.94  2.04  2.23  2.24  3.30  4.25  8.71  6.05  9.34 10.45
 7746.25  2.34  2.10  1.88  1.98  2.16  2.17  3.20  4.13  8.48  5.89  9.10 10.21
 7747.25  2.20  1.97  1.77  1.86  2.03  2.04  3.01  3.89  8.03  5.58  8.65  9.73
 7748.25  2.18  1.96  1.75  1.84  2.01  2.02  2.99  3.86  7.95  5.53  8.57  9.66
 7749.25  2.26  2.04  1.82  1.92  2.09  2.10  3.10  4.01  8.18  5.74  8.83  9.96
 7750.25  1.77  1.59  1.43  1.50  1.63  1.65  2.45  3.18  6.61  4.59  7.17  8.15
 7751.25  0.94  0.84  0.75  0.79  0.86  0.87  1.30  1.70  3.64  2.49  3.98  4.56
 7752.25  0.55  0.50  0.44  0.47  0.51  0.51  0.77  1.01  2.17  1.48  2.37  2.74
 7753.25  0.56  0.50  0.45  0.47  0.51  0.52  0.78  1.02  2.18  1.50  2.39  2.76
 7754.25  1.03  0.92  0.83  0.87  0.94  0.95  1.43  1.87  3.93  2.73  4.31  4.97
 7755.25  1.97  1.78  1.59  1.67  1.80  1.83  2.72  3.53  7.14  5.08  7.80  8.90
 7756.25  2.39  2.16  1.93  2.03  2.19  2.22  3.28  4.25  8.39  6.05  9.14 10.40
 7757.25  2.32  2.09  1.88  1.97  2.12  2.16  3.19  4.13  8.16  5.90  8.91 10.16
 7758.25  2.02  1.82  1.63  1.71  1.84  1.87  2.78  3.62  7.22  5.20  7.92  9.08
 7759.25  1.92  1.73  1.55  1.63  1.75  1.78  2.65  3.45  6.90  4.97  7.58  8.73
 7760.25  1.82  1.64  1.47  1.54  1.65  1.69  2.51  3.28  6.55  4.73  7.21  8.32
 7761.25  1.07  0.96  0.86  0.91  0.97  1.00  1.49  1.96  4.00  2.86  4.44  5.17
 7762.25  0.83  0.75  0.67  0.70  0.75  0.77  1.16  1.52  3.12  2.23  3.47  4.06
 7763.25  1.21  1.09  0.97  1.03  1.09  1.12  1.68  2.21  4.45  3.21  4.95  5.78
 7764.25  2.12  1.91  1.71  1.80  1.91  1.97  2.92  3.80  7.36  5.44  8.14  9.42
 7765.25  2.48  2.24  2.00  2.11  2.24  2.30  3.40  4.41  8.38  6.27  9.25 10.66
 7766.25  2.51  2.27  2.03  2.14  2.27  2.34  3.44  4.47  8.44  6.35  9.34 10.77
 7767.25  2.54  2.30  2.06  2.17  2.29  2.37  3.49  4.52  8.51  6.42  9.42 10.87
 7768.25  2.56  2.31  2.07  2.18  2.30  2.38  3.51  4.54  8.51  6.45  9.44 10.91
 7769.25  2.51  2.27  2.03  2.14  2.26  2.34  3.45  4.46  8.36  6.36  9.29 10.77
 7770.25  2.40  2.17  1.94  2.04  2.15  2.23  3.30  4.27  8.02  6.11  8.94 10.40
 7771.25  2.31  2.09  1.87  1.97  2.07  2.16  3.18  4.13  7.76  5.92  8.67 10.11
 7772.25  2.38  2.15  1.92  2.03  2.13  2.22  3.27  4.23  7.92  6.07  8.85 10.33
 7773.25  2.06  1.86  1.66  1.75  1.84  1.92  2.84  3.69  6.98  5.34  7.84  9.21
 7774.25  1.53  1.38  1.23  1.30  1.37  1.43  2.13  2.78  5.33  4.06  6.04  7.15
 7775.25  1.21  1.09  0.97  1.03  1.07  1.12  1.68  2.19  4.24  3.23  4.83  5.76
 7776.25  1.31  1.18  1.05  1.11  1.16  1.22  1.82  2.37  4.55  3.49  5.19  6.19
 7777.25  1.80  1.63  1.45  1.53  1.60  1.68  2.50  3.24  6.10  4.73  6.94  8.23
 7778.25  2.28  2.06  1.84  1.95  2.03  2.13  3.14  4.06  7.47  5.87  8.47  9.99
 7779.25  2.54  2.30  2.06  2.17  2.26  2.37  3.49  4.48  8.13  6.46  9.22 10.84
 7780.25  2.38  2.15  1.92  2.03  2.11  2.22  3.27  4.21  7.66  6.09  8.72 10.30
 7781.25  1.60  1.44  1.29  1.36  1.41  1.49  2.21  2.87  5.35  4.23  6.16  7.38
 7782.25  1.05  0.95  0.85  0.89  0.93  0.98  1.46  1.91  3.60  2.84  4.17  5.05
 7783.25  1.17  1.06  0.94  0.99  1.03  1.09  1.63  2.11  3.96  3.14  4.61  5.57
 7784.25  1.90  1.72  1.53  1.62  1.68  1.77  2.63  3.39  6.18  4.98  7.16  8.57
 7785.25  2.38  2.15  1.92  2.03  2.10  2.22  3.27  4.19  7.49  6.11  8.66 10.29
 7786.25  2.33  2.11  1.88  1.99  2.06  2.18  3.21  4.11  7.34  6.00  8.52 10.13
 7787.25  2.20  1.99  1.78  1.87  1.94  2.06  3.03  3.90  6.95  5.71  8.12  9.68
 7788.25  2.17  1.96  1.75  1.84  1.91  2.02  2.99  3.83  6.82  5.63  8.00  9.55
 7789.25  2.22  2.01  1.79  1.89  1.95  2.07  3.06  3.92  6.94  5.76  8.16  9.75
 7790.25  2.28  2.06  1.84  1.94  2.00  2.13  3.13  4.01  7.06  5.89  8.32  9.93
 7791.25  2.20  1.99  1.77  1.87  1.93  2.05  3.03  3.88  6.82  5.71  8.07  9.66
 7792.25  1.90  1.72  1.53  1.62  1.67  1.78  2.63  3.38  5.97  5.01  7.13  8.58
 7793.25  1.76  1.59  1.41  1.49  1.54  1.64  2.43  3.12  5.52  4.65  6.63  8.01
 7794.25  1.59  1.44  1.28  1.35  1.39  1.48  2.20  2.83  5.01  4.23  6.05  7.33
 7795.25  0.86  0.77  0.69  0.72  0.75  0.80  1.19  1.54  2.75  2.33  3.37  4.12
 7796.25  0.60  0.55  0.48  0.51  0.53  0.56  0.84  1.08  1.94  1.65  2.39  2.93
 7797.25  0.84  0.76  0.67  0.71  0.73  0.79  1.17  1.51  2.68  2.29  3.31  4.06
 7798.25  1.76  1.59  1.41  1.49  1.53  1.64  2.43  3.11  5.36  4.65  6.57  7.98
 7799.25  2.41  2.19  1.95  2.05  2.11  2.26  3.32  4.21  7.10  6.22  8.65 10.40
 7800.25  2.48  2.26  2.00  2.11  2.17  2.32  3.41  4.33  7.24  6.38  8.84 10.63
 7801.25  2.53  2.30  2.04  2.15  2.21  2.37  3.47  4.40  7.32  6.48  8.96 10.78
 7802.25  2.60  2.37  2.10  2.21  2.27  2.44  3.57  4.51  7.46  6.65  9.16 11.01
 7803.25  2.64  2.40  2.13  2.25  2.30  2.48  3.62  4.57  7.51  6.73  9.26 11.13
 7804.25  2.59  2.36  2.09  2.20  2.26  2.43  3.55  4.49  7.36  6.62  9.11 10.97
 7805.25  2.49  2.26  2.00  2.11  2.17  2.34  3.42  4.32  7.08  6.40  8.81 10.65
 7806.25  2.48  2.26  2.00  2.11  2.16  2.33  3.41  4.30  7.02  6.39  8.79 10.63
 7807.25  2.56  2.33  2.06  2.18  2.23  2.41  3.52  4.43  7.18  6.57  9.01 10.89
 7808.25  2.34  2.13  1.88  1.99  2.03  2.20  3.22  4.07  6.61  6.07  8.36 10.16
 7809.25  1.49  1.35  1.19  1.26  1.29  1.40  2.07  2.63  4.34  3.99  5.60  6.92
 7810.25  0.92  0.84  0.74  0.78  0.80  0.87  1.29  1.64  2.73  2.52  3.56  4.44
 7811.25  1.00  0.91  0.80  0.85  0.87  0.95  1.40  1.78  2.94  2.73  3.86  4.81
 7812.25  1.71  1.56  1.37  1.45  1.48  1.61  2.37  3.00  4.86  4.55  6.33  7.82
 7813.25  2.23  2.03  1.79  1.89  1.93  2.11  3.08  3.87  6.17  5.82  7.99  9.80
 7814.25  2.25  2.05  1.80  1.90  1.94  2.12  3.10  3.90  6.17  5.86  8.03  9.85
 7815.25  2.26  2.06  1.81  1.92  1.95  2.14  3.12  3.92  6.17  5.89  8.06  9.90
 7816.25  2.19  2.00  1.76  1.86  1.89  2.08  3.03  3.81  5.97  5.74  7.85  9.67
 7817.25  2.11  1.92  1.69  1.78  1.81  2.00  2.91  3.66  5.73  5.53  7.58  9.36
 7818.25  2.22  2.03  1.78  1.88  1.91  2.10  3.06  3.84  5.97  5.80  7.91  9.76
 7819.25  2.44  2.23  1.96  2.07  2.10  2.32  3.36  4.21  6.46  6.31  8.56 10.52
 7820.25  2.33  2.13  1.86  1.97  2.00  2.21  3.21  4.02  6.15  6.05  8.21 10.13
 7821.25  1.88  1.72  1.50  1.59  1.61  1.78  2.61  3.27  5.04  4.98  6.83  8.50
 7822.25  1.04  0.95  0.83  0.87  0.89  0.98  1.45  1.83  2.84  2.82  3.92  4.95
 7823.25  0.58  0.53  0.46  0.49  0.50  0.55  0.81  1.03  1.59  1.59  2.22  2.83
 7824.25  0.62  0.56  0.49  0.52  0.53  0.59  0.86  1.09  1.68  1.69  2.36  3.01
 7825.25  1.23  1.12  0.98  1.03  1.05  1.17  1.71  2.15  3.28  3.32  4.58  5.79
 7826.25  2.19  2.00  1.75  1.84  1.87  2.08  3.02  3.77  5.64  5.73  7.74  9.64
 7827.25  2.39  2.19  1.91  2.02  2.05  2.28  3.30  4.11  6.10  6.21  8.34 10.35
 7828.25  2.49  2.29  2.00  2.10  2.13  2.38  3.44  4.27  6.31  6.44  8.61 10.69
 7829.25  2.49  2.29  2.00  2.10  2.13  2.38  3.44  4.27  6.30  6.45  8.61 10.70
 7830.25  2.23  2.05  1.78  1.87  1.90  2.13  3.08  3.84  5.68  5.83  7.83  9.79
 7831.25  2.14  1.97  1.71  1.80  1.82  2.04  2.97  3.69  5.47  5.63  7.56  9.49
 7832.25  2.37  2.18  1.90  2.00  2.02  2.27  3.28  4.07  5.99  6.17  8.24 10.29
 7833.25  2.59  2.38  2.07  2.18  2.21  2.48  3.57  4.41  6.45  6.66  8.83 11.00
 7834.25  2.59  2.39  2.07  2.18  2.21  2.48  3.57  4.42  6.44  6.66  8.83 11.01
 7835.25  2.37  2.18  1.89  1.99  2.01  2.26  3.27  4.05  5.93  6.16  8.19 10.27
 7836.25  2.28  2.10  1.82  1.91  1.93  2.18  3.15  3.90  5.71  5.95  7.92  9.96
 7837.25  2.42  2.23  1.94  2.03  2.06  2.32  3.35  4.14  6.02  6.29  8.33 10.46
 7838.25  2.62  2.42  2.10  2.20  2.22  2.51  3.61  4.45  6.44  6.73  8.87 11.10
 7839.25  2.67  2.47  2.14  2.24  2.27  2.56  3.68  4.53  6.53  6.85  9.01 11.26
 7840.25  2.58  2.38  2.07  2.17  2.19  2.48  3.56  4.39  6.32  6.65  8.76 10.98
 7841.25  2.27  2.10  1.82  1.91  1.92  2.19  3.15  3.89  5.64  5.95  7.88  9.95
 7842.25  1.42  1.31  1.13  1.18  1.19  1.36  1.98  2.46  3.61  3.83  5.15  6.62
 7843.25  0.95  0.88  0.75  0.79  0.80  0.91  1.33  1.66  2.44  2.60  3.52  4.57
 7844.25  1.16  1.07  0.92  0.97  0.98  1.12  1.62  2.02  2.96  3.16  4.26  5.51
 7845.25  2.07  1.91  1.65  1.73  1.74  1.99  2.87  3.54  5.10  5.45  7.22  9.18
 7846.25  2.60  2.41  2.08  2.18  2.20  2.51  3.59  4.41  6.27  6.70  8.78 11.04
 7847.25  2.60  2.41  2.08  2.18  2.20  2.52  3.60  4.41  6.27  6.71  8.78 11.05
 7848.25  2.62  2.43  2.09  2.19  2.21  2.53  3.62  4.43  6.28  6.74  8.81 11.09
 7849.25  2.58  2.40  2.06  2.16  2.17  2.50  3.57  4.37  6.19  6.66  8.71 10.99
 7850.25  2.13  1.97  1.69  1.77  1.79  2.06  2.96  3.63  5.18  5.60  7.39  9.43
 7851.25  1.54  1.43  1.22  1.28  1.29  1.49  2.15  2.65  3.81  4.15  5.53  7.15
 7852.25  1.45  1.35  1.15  1.21  1.22  1.41  2.04  2.51  3.60  3.94  5.25  6.80
 7853.25  1.52  1.41  1.20  1.26  1.27  1.47  2.12  2.62  3.75  4.10  5.46  7.07
 7854.25  0.91  0.84  0.72  0.75  0.76  0.88  1.27  1.57  2.26  2.49  3.34  4.37
 7855.25  0.57  0.53  0.45  0.47  0.47  0.55  0.80  0.98  1.42  1.56  2.10  2.76
 7856.25  0.65  0.60  0.51  0.54  0.54  0.63  0.91  1.13  1.62  1.79  2.40  3.16
 7857.25  1.34  1.25  1.06  1.11  1.12  1.31  1.88  2.31  3.28  3.64  4.83  6.30
 7858.25  2.24  2.09  1.79  1.86  1.87  2.19  3.11  3.81  5.33  5.90  7.70  9.86
 7859.25  1.78  1.66  1.42  1.48  1.49  1.74  2.48  3.05  4.30  4.78  6.29  8.15
 7860.25  1.44  1.34  1.15  1.19  1.20  1.41  2.01  2.48  3.50  3.92  5.18  6.77
 7861.25  1.38  1.29  1.10  1.14  1.15  1.35  1.93  2.38  3.35  3.76  4.97  6.51
 7862.25  0.95  0.89  0.75  0.78  0.79  0.93  1.33  1.64  2.32  2.61  3.47  4.58
 7863.25  0.92  0.86  0.73  0.76  0.76  0.90  1.28  1.59  2.23  2.53  3.36  4.43
 7864.25  1.56  1.46  1.24  1.29  1.30  1.53  2.18  2.68  3.73  4.22  5.55  7.25
 7865.25  2.43  2.28  1.94  2.02  2.02  2.39  3.36  4.10  5.63  6.35  8.20 10.52
 7866.25  2.57  2.41  2.06  2.14  2.14  2.53  3.55  4.33  5.91  6.68  8.60 11.00
 7867.25  2.57  2.41  2.06  2.13  2.14  2.53  3.54  4.33  5.89  6.68  8.59 11.00
 7868.25  2.15  2.02  1.72  1.78  1.79  2.12  2.98  3.66  5.00  5.70  7.39  9.56
 7869.25  1.41  1.32  1.12  1.16  1.17  1.39  1.97  2.42  3.34  3.85  5.04  6.64
 7870.25  1.27  1.19  1.01  1.05  1.05  1.26  1.78  2.19  3.02  3.49  4.58  6.05
 7871.25  1.41  1.32  1.12  1.16  1.16  1.39  1.96  2.42  3.32  3.84  5.03  6.63
 7872.25  0.93  0.87  0.74  0.76  0.77  0.92  1.30  1.60  2.20  2.57  3.38  4.50
 7873.25  0.84  0.79  0.67  0.69  0.69  0.83  1.17  1.45  1.99  2.33  3.06  4.08
 7874.25  1.41  1.32  1.12  1.16  1.16  1.39  1.95  2.41  3.28  3.83  5.00  6.61
 7875.25  2.34  2.21  1.88  1.94  1.94  2.33  3.23  3.96  5.31  6.17  7.91 10.25
 7876.25  2.57  2.43  2.07  2.13  2.14  2.56  3.54  4.33  5.77  6.71  8.55 11.03
 7877.25  2.61  2.46  2.10  2.16  2.17  2.60  3.59  4.39  5.84  6.79  8.65 11.15
 7878.25  2.57  2.43  2.07  2.13  2.13  2.56  3.54  4.33  5.76  6.71  8.54 11.04
 7879.25  2.01  1.90  1.61  1.66  1.66  2.01  2.78  3.42  4.59  5.39  6.92  9.06
 7880.25  1.21  1.15  0.97  1.00  1.00  1.21  1.69  2.09  2.83  3.35  4.36  5.81
 7881.25  1.08  1.02  0.86  0.89  0.89  1.08  1.51  1.87  2.52  3.00  3.90  5.22
 7882.25  1.41  1.33  1.13  1.16  1.16  1.41  1.96  2.43  3.27  3.88  5.01  6.68
 7883.25  1.25  1.18  1.00  1.03  1.03  1.26  1.75  2.16  2.91  3.46  4.48  5.99
 7884.25  1.22  1.15  0.98  1.00  1.00  1.22  1.70  2.10  2.83  3.37  4.36  5.85
 7885.25  1.76  1.67  1.41  1.45  1.45  1.77  2.44  3.01  4.02  4.79  6.14  8.13
 7886.25  2.16  2.05  1.75  1.79  1.79  2.18  3.00  3.69  4.89  5.80  7.38  9.70
 7887.25  2.13  2.02  1.72  1.76  1.76  2.15  2.95  3.63  4.82  5.73  7.28  9.58
 7888.25  2.06  1.95  1.66  1.70  1.70  2.08  2.85  3.51  4.66  5.55  7.06  9.32
 7889.25  2.02  1.92  1.64  1.67  1.68  2.04  2.81  3.46  4.58  5.47  6.96  9.20
 7890.25  1.55  1.47  1.25  1.28  1.28  1.57  2.17  2.68  3.56  4.28  5.47  7.32
 7891.25  0.88  0.84  0.71  0.73  0.73  0.89  1.23  1.53  2.05  2.48  3.19  4.33
 7892.25  0.74  0.70  0.60  0.61  0.61  0.75  1.04  1.29  1.73  2.10  2.70  3.68
 7893.25  1.12  1.06  0.90  0.92  0.92  1.13  1.57  1.94  2.58  3.13  4.02  5.43
 7894.25  1.86  1.76  1.50  1.54  1.54  1.88  2.59  3.19  4.21  5.08  6.44  8.58
 7895.25  2.08  1.97  1.69  1.72  1.72  2.11  2.89  3.56  4.68  5.63  7.11  9.44
 7896.25  2.09  1.99  1.70  1.73  1.73  2.13  2.91  3.58  4.70  5.67  7.16  9.49
 7897.25  2.16  2.06  1.76  1.79  1.79  2.20  3.01  3.70  4.85  5.86  7.38  9.78
 7898.25  2.30  2.18  1.87  1.90  1.90  2.34  3.19  3.92  5.12  6.18  7.76 10.25
 7899.25  2.30  2.19  1.88  1.91  1.91  2.35  3.20  3.93  5.13  6.20  7.78 10.28
 7900.25  2.23  2.12  1.82  1.85  1.85  2.28  3.10  3.82  4.98  6.04  7.57 10.04
 7901.25  2.36  2.24  1.93  1.96  1.96  2.41  3.27  4.03  5.23  6.35  7.93 10.48
 7902.25  2.59  2.47  2.13  2.16  2.16  2.65  3.59  4.41  5.70  6.90  8.58 11.27
 7903.25  2.61  2.49  2.14  2.17  2.18  2.68  3.62  4.44  5.73  6.96  8.64 11.35
 7904.25  2.37  2.26  1.95  1.97  1.97  2.43  3.29  4.06  5.25  6.41  7.98 10.56
 7905.25  2.25  2.14  1.84  1.87  1.87  2.31  3.12  3.85  4.99  6.12  7.62 10.14
 7906.25  2.41  2.30  1.98  2.01  2.01  2.48  3.35  4.13  5.32  6.53  8.09 10.72
 7907.25  2.40  2.29  1.98  2.00  2.00  2.47  3.34  4.11  5.30  6.52  8.07 10.71
 7908.25  2.24  2.14  1.84  1.86  1.87  2.31  3.12  3.85  4.97  6.13  7.60 10.15
 7909.25  2.25  2.15  1.85  1.87  1.88  2.32  3.13  3.87  4.99  6.17  7.63 10.20
 7910.25  2.43  2.32  2.01  2.02  2.03  2.51  3.38  4.16  5.35  6.61  8.15 10.85
 7911.25  2.33  2.22  1.92  1.94  1.95  2.41  3.24  3.99  5.14  6.38  7.86 10.52
 7912.25  2.09  1.99  1.72  1.74  1.74  2.16  2.91  3.60  4.65  5.80  7.17  9.67
 7913.25  1.61  1.54  1.33  1.34  1.35  1.67  2.26  2.80  3.63  4.58  5.68  7.78
 7914.25  0.95  0.90  0.78  0.78  0.79  0.98  1.33  1.66  2.16  2.75  3.43  4.77
 7915.25  0.54  0.52  0.45  0.45  0.45  0.57  0.77  0.96  1.25  1.60  2.00  2.80
 7916.25  0.51  0.48  0.42  0.42  0.42  0.53  0.71  0.89  1.16  1.49  1.86  2.61
 7917.25  0.91  0.87  0.75  0.75  0.76  0.95  1.28  1.59  2.07  2.65  3.30  4.62
 7918.25  1.95  1.86  1.61  1.62  1.63  2.03  2.72  3.36  4.33  5.49  6.72  9.20
 7919.25  2.18  2.08  1.81  1.82  1.83  2.27  3.04  3.74  4.80  6.09  7.43 10.12
 7920.25  1.72  1.65  1.43  1.43  1.44  1.80  2.41  2.98  3.85  4.92  6.04  8.35
 7921.25  1.48  1.42  1.23  1.24  1.24  1.55  2.08  2.58  3.34  4.29  5.28  7.35
 7922.25  0.99  0.94  0.82  0.82  0.83  1.03  1.39  1.72  2.24  2.90  3.58  5.05
 7923.25  0.72  0.69  0.60  0.60  0.61  0.76  1.02  1.27  1.65  2.15  2.65  3.76
 7924.25  0.98  0.94  0.81  0.81  0.82  1.02  1.38  1.71  2.21  2.88  3.54  5.02
 7925.25  1.77  1.70  1.48  1.47  1.49  1.86  2.48  3.06  3.94  5.09  6.19  8.61
 7926.25  2.14  2.05  1.79  1.79  1.80  2.25  2.99  3.67  4.71  6.07  7.33 10.12
 7927.25  2.31  2.22  1.93  1.93  1.95  2.43  3.22  3.95  5.05  6.50  7.82 10.75
 7928.25  2.50  2.41  2.10  2.10  2.12  2.63  3.48  4.26  5.44  6.99  8.37 11.45
 7929.25  2.40  2.31  2.02  2.01  2.03  2.53  3.35  4.10  5.25  6.75  8.09 11.12
 7930.25  2.12  2.04  1.78  1.77  1.79  2.23  2.96  3.63  4.67  6.05  7.27 10.11
 7931.25  1.87  1.81  1.58  1.57  1.58  1.98  2.63  3.23  4.17  5.44  6.54  9.18
 7932.25  1.25  1.21  1.05  1.05  1.06  1.33  1.77  2.18  2.83  3.72  4.51  6.44
 7933.25  0.87  0.84  0.73  0.73  0.74  0.93  1.24  1.53  1.99  2.64  3.20  4.61
 7934.25  0.99  0.96  0.83  0.83  0.84  1.05  1.40  1.73  2.25  2.98  3.61  5.21
 7935.25  1.60  1.55  1.35  1.34  1.36  1.70  2.25  2.77  3.59  4.73  5.67  8.07
 7936.25  2.14  2.07  1.81  1.79  1.82  2.27  3.00  3.67  4.72  6.18  7.35 10.31
 7937.25  2.32  2.24  1.97  1.95  1.97  2.46  3.24  3.96  5.09  6.64  7.87 11.00
 7938.25  2.50  2.42  2.12  2.10  2.13  2.66  3.49  4.25  5.45  7.10  8.38 11.65
 7939.25  2.54  2.46  2.16  2.13  2.16  2.70  3.54  4.31  5.53  7.20  8.49 11.80
 7940.25  2.45  2.37  2.09  2.06  2.09  2.61  3.42  4.17  5.35  7.00  8.25 11.52
 7941.25  2.40  2.32  2.04  2.01  2.04  2.56  3.35  4.08  5.25  6.88  8.10 11.35
 7942.25  2.39  2.31  2.03  2.00  2.03  2.55  3.33  4.06  5.22  6.86  8.06 11.33
 7943.25  2.37  2.30  2.02  1.99  2.02  2.53  3.32  4.04  5.20  6.84  8.03 11.30
 7944.25  2.30  2.23  1.96  1.93  1.96  2.46  3.22  3.92  5.05  6.67  7.82 11.06
 7945.25  2.26  2.19  1.93  1.90  1.93  2.42  3.17  3.86  4.97  6.58  7.71 10.93
 7946.25  2.22  2.15  1.89  1.86  1.89  2.37  3.10  3.78  4.88  6.47  7.58 10.78
 7947.25  2.03  1.97  1.73  1.70  1.73  2.17  2.85  3.47  4.50  5.99  7.02 10.07
 7948.25  1.99  1.93  1.70  1.67  1.70  2.13  2.79  3.40  4.41  5.89  6.90  9.91
 7949.25  2.06  1.99  1.76  1.73  1.76  2.21  2.89  3.52  4.55  6.08  7.11 10.21
 7950.25  1.39  1.34  1.18  1.16  1.18  1.49  1.96  2.39  3.12  4.22  4.97  7.29
 7951.25  0.95  0.92  0.81  0.79  0.81  1.02  1.34  1.64  2.16  2.94  3.46  5.15
 7952.25  1.18  1.15  1.01  0.99  1.01  1.27  1.68  2.05  2.68  3.64  4.28  6.34
 7953.25  2.00  1.94  1.71  1.67  1.71  2.15  2.81  3.41  4.42  5.94  6.92 10.01
 7954.25  2.26  2.20  1.95  1.90  1.94  2.44  3.18  3.84  4.97  6.67  7.73 11.08
 7955.25  2.34  2.27  2.01  1.96  2.00  2.51  3.27  3.96  5.11  6.87  7.93 11.37
 7956.25  2.52  2.45  2.17  2.12  2.16  2.71  3.52  4.25  5.48  7.34  8.45 12.03
 7957.25  2.57  2.50  2.22  2.16  2.21  2.77  3.59  4.32  5.57  7.48  8.58 12.21
 7958.25  2.56  2.49  2.21  2.15  2.20  2.76  3.58  4.31  5.56  7.48  8.56 12.20
 7959.25  2.55  2.48  2.20  2.14  2.19  2.75  3.56  4.28  5.53  7.46  8.52 12.16
 7960.25  2.51  2.44  2.17  2.11  2.16  2.71  3.52  4.23  5.46  7.40  8.43 12.06
 7961.25  2.49  2.42  2.15  2.09  2.14  2.69  3.48  4.19  5.41  7.35  8.36 11.99
 7962.25  2.49  2.42  2.16  2.09  2.14  2.69  3.48  4.19  5.41  7.37  8.36 12.01
 7963.25  2.50  2.43  2.17  2.10  2.15  2.70  3.50  4.20  5.43  7.41  8.39 12.06
 7964.25  2.27  2.21  1.97  1.91  1.95  2.46  3.19  3.84  4.98  6.85  7.76 11.26
 7965.25  1.23  1.20  1.07  1.03  1.06  1.34  1.75  2.12  2.78  3.91  4.46  6.71
 7966.25  0.61  0.59  0.52  0.51  0.52  0.66  0.87  1.05  1.38  1.97  2.25  3.44
 7967.25  0.56  0.55  0.49  0.47  0.48  0.61  0.80  0.97  1.29  1.84  2.09  3.21
 7968.25  1.04  1.01  0.90  0.87  0.89  1.13  1.48  1.78  2.35  3.34  3.79  5.77
 7969.25  1.75  1.70  1.51  1.46  1.50  1.90  2.47  2.97  3.88  5.48  6.17  9.22
 7970.25  1.58  1.53  1.37  1.31  1.35  1.72  2.23  2.68  3.52  5.00  5.62  8.47
 7971.25  1.83  1.77  1.58  1.52  1.57  1.99  2.57  3.09  4.04  5.73  6.41  9.58
 7972.25  2.31  2.24  2.01  1.93  1.99  2.52  3.24  3.87  5.03  7.07  7.86 11.56
 7973.25  2.43  2.36  2.12  2.03  2.09  2.65  3.40  4.06  5.27  7.41  8.21 12.03
 7974.25  2.39  2.32  2.08  2.00  2.06  2.62  3.35  4.00  5.19  7.33  8.10 11.91
 7975.25  2.38  2.31  2.07  1.99  2.05  2.61  3.33  3.98  5.17  7.31  8.07 11.89
 7976.25  2.49  2.42  2.17  2.08  2.14  2.73  3.48  4.15  5.38  7.61  8.37 12.30
 7977.25  2.41  2.34  2.10  2.01  2.07  2.64  3.37  4.01  5.22  7.41  8.14 12.02
 7978.25  1.81  1.75  1.57  1.50  1.55  1.99  2.54  3.04  3.99  5.76  6.34  9.60
 7979.25  1.34  1.30  1.16  1.11  1.15  1.48  1.89  2.27  2.99  4.37  4.82  7.44
 7980.25  1.27  1.23  1.11  1.06  1.09  1.41  1.80  2.15  2.85  4.18  4.59  7.12
 7981.25  0.98  0.95  0.85  0.81  0.84  1.09  1.39  1.66  2.20  3.25  3.57  5.59
 7982.25  0.88  0.86  0.77  0.73  0.75  0.98  1.25  1.50  1.99  2.94  3.23  5.08
 7983.25  1.41  1.37  1.23  1.17  1.21  1.57  1.99  2.38  3.14  4.63  5.05  7.82
 7984.25  2.32  2.25  2.02  1.93  1.99  2.57  3.24  3.84  5.03  7.26  7.87 11.79
 7985.25  2.55  2.47  2.23  2.13  2.19  2.83  3.55  4.20  5.48  7.89  8.52 12.67
 7986.25  2.58  2.50  2.25  2.15  2.22  2.87  3.59  4.24  5.54  7.98  8.59 12.79
 7987.25  2.50  2.43  2.18  2.08  2.15  2.78  3.48  4.12  5.38  7.80  8.38 12.53
 7988.25  2.34  2.27  2.05  1.95  2.01  2.61  3.27  3.87  5.07  7.39  7.94 11.97
 7989.25  2.20  2.13  1.92  1.83  1.88  2.46  3.07  3.63  4.78  7.01  7.52 11.43
 7990.25  2.21  2.14  1.93  1.84  1.89  2.47  3.09  3.65  4.80  7.06  7.55 11.50
 7991.25  2.30  2.23  2.01  1.91  1.97  2.58  3.21  3.79  4.99  7.32  7.82 11.87
 7992.25  2.30  2.23  2.01  1.91  1.97  2.58  3.21  3.78  4.98  7.33  7.81 11.88
 7993.25  1.88  1.83  1.64  1.56  1.61  2.12  2.64  3.11  4.12  6.15  6.55 10.14
 7994.25  0.91  0.88  0.79  0.75  0.77  1.02  1.28  1.51  2.03  3.09  3.29  5.29
 7995.25  0.53  0.51  0.46  0.44  0.45  0.60  0.75  0.89  1.19  1.82  1.94  3.15
 7996.25  0.61  0.59  0.53  0.51  0.52  0.69  0.87  1.03  1.38  2.12  2.25  3.65
 7997.25  1.27  1.23  1.11  1.05  1.08  1.44  1.79  2.11  2.82  4.30  4.54  7.25
 7998.25  2.11  2.04  1.84  1.74  1.80  2.38  2.94  3.45  4.58  6.86  7.22 11.19
 7999.25  2.19  2.13  1.92  1.81  1.87  2.48  3.06  3.58  4.75  7.12  7.47 11.55
 8000.25  2.12  2.05  1.85  1.75  1.81  2.40  2.96  3.47  4.60  6.92  7.26 11.27
 8001.25  2.20  2.13  1.92  1.82  1.87  2.49  3.06  3.58  4.75  7.16  7.48 11.61
 8002.25  2.29  2.22  2.00  1.89  1.95  2.60  3.18  3.72  4.94  7.43  7.75 11.99
 8003.25  2.26  2.20  1.98  1.87  1.93  2.57  3.15  3.68  4.89  7.38  7.68 11.91
 8004.25  2.24  2.17  1.96  1.85  1.91  2.55  3.12  3.65  4.84  7.33  7.61 11.84
 8005.25  2.30  2.24  2.02  1.90  1.96  2.63  3.21  3.74  4.97  7.52  7.79 12.11
 8006.25  2.35  2.28  2.06  1.94  2.00  2.68  3.26  3.80  5.04  7.65  7.90 12.27
 8007.25  2.36  2.29  2.07  1.95  2.01  2.70  3.29  3.83  5.08  7.72  7.95 12.34
 8008.25  2.44  2.37  2.14  2.01  2.08  2.79  3.38  3.94  5.22  7.95  8.16 12.65
 8009.25  2.51  2.44  2.20  2.07  2.14  2.87  3.48  4.05  5.36  8.19  8.36 12.95
 8010.25  2.50  2.43  2.20  2.07  2.13  2.87  3.47  4.04  5.35  8.20  8.34 12.94
 8011.25  2.54  2.47  2.23  2.10  2.16  2.92  3.52  4.09  5.42  8.33  8.44 13.09
 8012.25  2.48  2.40  2.18  2.04  2.11  2.85  3.44  4.00  5.29  8.18  8.26 12.87
 8013.25  2.34  2.27  2.05  1.93  1.99  2.70  3.25  3.78  5.02  7.82  7.87 12.35
 8014.25  2.05  1.99  1.80  1.69  1.74  2.37  2.86  3.33  4.44  7.02  7.03 11.20
 8015.25  1.30  1.26  1.14  1.06  1.10  1.51  1.82  2.13  2.86  4.63  4.62  7.61
 8016.25  0.94  0.91  0.83  0.77  0.80  1.10  1.33  1.55  2.10  3.44  3.42  5.70
 8017.25  1.23  1.19  1.08  1.01  1.04  1.43  1.72  2.01  2.71  4.44  4.39  7.27
 8018.25  1.99  1.92  1.74  1.63  1.68  2.32  2.77  3.22  4.30  6.92  6.83 10.98
 8019.25  2.42  2.35  2.13  1.99  2.06  2.82  3.36  3.90  5.17  8.24  8.10 12.78
 8020.25  2.41  2.34  2.12  1.98  2.05  2.82  3.34  3.88  5.15  8.23  8.06 12.75
 8021.25  2.02  1.96  1.78  1.66  1.71  2.37  2.82  3.27  4.37  7.12  6.94 11.18
 8022.25  1.73  1.67  1.52  1.41  1.46  2.03  2.41  2.81  3.76  6.21  6.02  9.84
 8023.25  1.94  1.88  1.71  1.59  1.64  2.29  2.70  3.14  4.20  6.91  6.68 10.81
 8024.25  2.40  2.32  2.11  1.97  2.03  2.82  3.32  3.85  5.11  8.31  8.02 12.69
 8025.25  2.33  2.25  2.05  1.91  1.97  2.75  3.23  3.74  4.98  8.14  7.82 12.42
 8026.25  1.51  1.46  1.33  1.24  1.28  1.80  2.11  2.46  3.31  5.57  5.32  8.73
 8027.25  0.76  0.74  0.67  0.62  0.64  0.91  1.07  1.25  1.69  2.92  2.77  4.67
 8028.25  0.63  0.61  0.56  0.52  0.53  0.76  0.89  1.04  1.41  2.44  2.30  3.89
 8029.25  0.99  0.96  0.87  0.81  0.84  1.19  1.40  1.62  2.20  3.80  3.58  5.98
 8030.25  1.53  1.48  1.35  1.25  1.29  1.83  2.14  2.49  3.35  5.74  5.39  8.86
 8031.25  1.63  1.58  1.44  1.34  1.38  1.96  2.29  2.65  3.57  6.12  5.73  9.37
 8032.25  1.97  1.91  1.74  1.61  1.66  2.36  2.74  3.18  4.26  7.24  6.77 10.90
 8033.25  2.14  2.08  1.89  1.75  1.81  2.58  2.98  3.45  4.61  7.82  7.29 11.64
 8034.25  2.15  2.08  1.90  1.76  1.81  2.58  2.98  3.45  4.62  7.86  7.30 11.65
 8035.25  2.35  2.28  2.08  1.93  1.99  2.83  3.26  3.77  5.03  8.52  7.89 12.47
 8036.25  2.37  2.29  2.09  1.94  2.00  2.86  3.28  3.79  5.05  8.59  7.93 12.52
 8037.25  2.34  2.27  2.07  1.92  1.98  2.83  3.25  3.75  5.01  8.55  7.86 12.42
 8038.25  2.45  2.37  2.17  2.01  2.07  2.97  3.39  3.91  5.21  8.89  8.16 12.83
 8039.25  2.57  2.49  2.27  2.10  2.17  3.11  3.54  4.09  5.44  9.26  8.48 13.25
 8040.25  2.61  2.53  2.31  2.14  2.20  3.17  3.60  4.15  5.52  9.41  8.59 13.39
 8041.25  2.55  2.47  2.26  2.09  2.16  3.11  3.53  4.07  5.42  9.29  8.45 13.20
 8042.25  2.44  2.37  2.16  2.00  2.06  2.98  3.38  3.90  5.20  8.99  8.14 12.78
 8043.25  2.37  2.30  2.10  1.94  2.00  2.90  3.28  3.79  5.06  8.81  7.94 12.49
 8044.25  2.43  2.35  2.15  1.99  2.05  2.98  3.36  3.87  5.17  9.01  8.10 12.71
 8045.25  2.55  2.47  2.26  2.08  2.15  3.13  3.51  4.05  5.40  9.39  8.42 13.13
 8046.25  2.62  2.54  2.33  2.15  2.21  3.22  3.61  4.16  5.55  9.64  8.63 13.41
 8047.25  2.60  2.52  2.31  2.13  2.19  3.20  3.58  4.13  5.51  9.62  8.57 13.33
 8048.25  2.56  2.48  2.27  2.09  2.16  3.16  3.53  4.07  5.43  9.52  8.46 13.18
 8049.25  2.55  2.47  2.26  2.08  2.15  3.15  3.51  4.05  5.41  9.53  8.43 13.14
 8050.25  2.55  2.47  2.27  2.09  2.15  3.16  3.52  4.06  5.42  9.57  8.44 13.15
 8051.25  2.32  2.25  2.06  1.89  1.95  2.89  3.21  3.70  4.96  8.89  7.79 12.26
 8052.25  1.97  1.91  1.75  1.61  1.66  2.47  2.73  3.16  4.26  7.78  6.77 10.82
 8053.25  1.47  1.42  1.30  1.19  1.23  1.85  2.05  2.37  3.22  6.00  5.18  8.44
 8054.25  1.17  1.14  1.04  0.95  0.98  1.48  1.64  1.90  2.59  4.89  4.19  6.91
 8055.25  1.56  1.51  1.38  1.26  1.30  1.96  2.16  2.51  3.40  6.36  5.46  8.85
 8056.25  2.38  2.30  2.12  1.94  2.00  2.99  3.28  3.79  5.08  9.22  7.96 12.46
 8057.25  2.59  2.51  2.31  2.11  2.18  3.25  3.56  4.11  5.49  9.90  8.54 13.24
 8058.25  2.57  2.49  2.29  2.10  2.16  3.24  3.54  4.08  5.45  9.88  8.49 13.17
 8059.25  2.60  2.51  2.31  2.11  2.18  3.27  3.57  4.12  5.50  9.99  8.55 13.24
 8060.25  2.62  2.53  2.33  2.13  2.20  3.30  3.60  4.15  5.54 10.12  8.61 13.32
 8061.25  2.59  2.50  2.30  2.10  2.17  3.27  3.55  4.10  5.47 10.08  8.53 13.19
 8062.25  2.23  2.15  1.98  1.80  1.86  2.82  3.06  3.55  4.76  8.98  7.51 11.79
 8063.25  1.29  1.24  1.14  1.04  1.08  1.65  1.79  2.08  2.83  5.57  4.57  7.45
 8064.25  0.88  0.85  0.78  0.71  0.73  1.12  1.22  1.42  1.94  3.90  3.16  5.22
 8065.25  1.08  1.04  0.96  0.87  0.90  1.39  1.50  1.75  2.38  4.80  3.87  6.35
 8066.25  1.94  1.87  1.73  1.57  1.62  2.48  2.68  3.11  4.18  8.20  6.65 10.55
 8067.25  2.54  2.45  2.26  2.05  2.12  3.24  3.47  4.02  5.37 10.29  8.39 12.97
 8068.25  2.52  2.43  2.25  2.04  2.11  3.22  3.45  4.00  5.34 10.30  8.35 12.91
 8069.25  2.52  2.43  2.24  2.04  2.11  3.22  3.44  3.99  5.33 10.35  8.34 12.88
 8070.25  2.58  2.48  2.29  2.08  2.15  3.30  3.52  4.08  5.44 10.58  8.49 13.08
 8071.25  2.67  2.57  2.38  2.16  2.23  3.42  3.64  4.22  5.62 10.94  8.74 13.41
 8072.25  2.73  2.63  2.43  2.21  2.29  3.51  3.72  4.31  5.74 11.20  8.91 13.62
 8073.25  2.74  2.64  2.44  2.21  2.29  3.52  3.73  4.33  5.75 11.28  8.93 13.64
 8074.25  2.70  2.60  2.40  2.18  2.25  3.48  3.67  4.26  5.67 11.21  8.82 13.49
 8075.25  2.62  2.52  2.34  2.11  2.19  3.38  3.57  4.15  5.52 11.03  8.62 13.21
 8076.25  2.47  2.38  2.20  1.99  2.06  3.20  3.37  3.92  5.23 10.60  8.20 12.66
 8077.25  2.47  2.37  2.20  1.99  2.06  3.20  3.37  3.92  5.23 10.66  8.20 12.65
 8078.25  2.50  2.40  2.22  2.01  2.08  3.24  3.40  3.95  5.28 10.80  8.27 12.73
 8079.25  2.26  2.17  2.01  1.81  1.88  2.94  3.08  3.59  4.81 10.04  7.60 11.81
 8080.25  2.32  2.23  2.07  1.86  1.93  3.03  3.17  3.69  4.94 10.32  7.78 12.04
 8081.25  2.63  2.53  2.34  2.11  2.19  3.42  3.57  4.15  5.53 11.41  8.63 13.15
 8082.25  2.71  2.60  2.41  2.18  2.25  3.53  3.67  4.27  5.68 11.72  8.84 13.40
 8083.25  2.67  2.56  2.38  2.14  2.22  3.48  3.61  4.21  5.60 11.64  8.73 13.23
 8084.25  2.58  2.47  2.29  2.07  2.14  3.37  3.49  4.07  5.43 11.40  8.48 12.89
 8085.25  2.46  2.36  2.19  1.97  2.04  3.23  3.34  3.90  5.21 11.08  8.17 12.45
 8086.25  2.23  2.13  1.98  1.78  1.84  2.93  3.03  3.54  4.74 10.29  7.50 11.52
 8087.25  2.06  1.97  1.83  1.64  1.70  2.71  2.80  3.28  4.40  9.72  7.00 10.82
 8088.25  2.23  2.13  1.98  1.78  1.84  2.94  3.02  3.53  4.74 10.40  7.49 11.47
 8089.25  2.60  2.49  2.32  2.08  2.15  3.42  3.52  4.10  5.47 11.77  8.54 12.85
 8090.25  2.73  2.62  2.43  2.19  2.26  3.60  3.69  4.29  5.71 12.25  8.89 13.27
 8091.25  2.74  2.62  2.44  2.19  2.27  3.61  3.70  4.31  5.73 12.34  8.91 13.28
 8092.25  2.77  2.65  2.47  2.22  2.29  3.65  3.73  4.35  5.78 12.49  8.99 13.35
 8093.25  2.73  2.61  2.43  2.18  2.26  3.61  3.68  4.29  5.71 12.42  8.88 13.19
 8094.25  2.41  2.30  2.15  1.92  1.99  3.20  3.26  3.81  5.10 11.38  8.01 12.04
 8095.25  1.77  1.69  1.57  1.40  1.45  2.36  2.40  2.82  3.81  8.90  6.10  9.39
 8096.25  1.62  1.55  1.44  1.29  1.33  2.17  2.20  2.59  3.50  8.32  5.64  8.71
 8097.25  2.09  2.00  1.86  1.66  1.72  2.79  2.83  3.32  4.46 10.34  7.09 10.73
 8098.25  2.58  2.46  2.29  2.05  2.12  3.41  3.47  4.05  5.41 12.18  8.46 12.54
 8099.25  2.69  2.56  2.39  2.14  2.22  3.55  3.61  4.22  5.62 12.62  8.76 12.90
 8100.25  2.66  2.54  2.37  2.12  2.19  3.51  3.57  4.18  5.57 12.59  8.69 12.79
 8101.25  2.61  2.49  2.32  2.08  2.15  3.44  3.51  4.11  5.47 12.48  8.56 12.60
 8102.25  2.51  2.39  2.23  1.99  2.06  3.29  3.36  3.94  5.27 12.15  8.26 12.19
 8103.25  1.95  1.85  1.73  1.54  1.60  2.57  2.63  3.09  4.16 10.02  6.65  9.99
 8104.25  1.34  1.27  1.19  1.06  1.10  1.77  1.82  2.15  2.91  7.31  4.72  7.23
 8105.25  1.35  1.28  1.20  1.07  1.10  1.78  1.83  2.16  2.93  7.39  4.75  7.26
 8106.25  1.92  1.83  1.71  1.52  1.57  2.52  2.59  3.05  4.11 10.06  6.57  9.83
 8107.25  2.36  2.24  2.10  1.86  1.93  3.07  3.16  3.72  4.97 11.87  7.84 11.52
 8108.25  2.50  2.37  2.22  1.98  2.05  3.24  3.34  3.93  5.24 12.43  8.22 12.01
 8109.25  2.53  2.41  2.25  2.00  2.08  3.28  3.39  3.98  5.31 12.62  8.33 12.12
 8110.25  2.53  2.40  2.25  2.00  2.07  3.27  3.38  3.98  5.31 12.67  8.32 12.09
 8111.25  2.56  2.43  2.28  2.02  2.09  3.30  3.41  4.02  5.35 12.79  8.39 12.16
 8112.25  2.57  2.43  2.29  2.03  2.10  3.30  3.42  4.03  5.37 12.80  8.41 12.15
 8113.25  2.55  2.42  2.28  2.02  2.09  3.28  3.40  4.01  5.34 12.71  8.37 12.07
 8114.25  2.60  2.47  2.32  2.05  2.13  3.33  3.46  4.08  5.43 12.84  8.50 12.21
 8115.25  2.67  2.53  2.38  2.11  2.18  3.40  3.55  4.18  5.55 13.05  8.68 12.43
 8116.25  2.69  2.55  2.40  2.12  2.20  3.42  3.57  4.21  5.59 13.09  8.74 12.48
 8117.25  2.68  2.54  2.39  2.12  2.19  3.41  3.56  4.20  5.58 13.03  8.73 12.43
 8118.25  2.70  2.56  2.41  2.13  2.21  3.43  3.58  4.23  5.62 13.04  8.77 12.46
 8119.25  2.74  2.59  2.44  2.15  2.23  3.46  3.62  4.27  5.67 13.10  8.85 12.53
 8120.25  2.74  2.59  2.45  2.16  2.24  3.46  3.63  4.28  5.68 13.09  8.87 12.53
 8121.25  2.70  2.55  2.41  2.13  2.20  3.40  3.57  4.22  5.60 12.90  8.76 12.37
 8122.25  2.67  2.52  2.38  2.10  2.17  3.36  3.53  4.17  5.54 12.75  8.68 12.23
 8123.25  2.66  2.51  2.37  2.09  2.16  3.34  3.52  4.16  5.52 12.68  8.65 12.18
 8124.25  2.63  2.48  2.34  2.06  2.13  3.28  3.47  4.10  5.45 12.53  8.56 12.04
 8125.25  2.60  2.45  2.31  2.04  2.11  3.24  3.43  4.06  5.40 12.38  8.48 11.91
 8126.25  2.65  2.49  2.36  2.07  2.15  3.29  3.49  4.13  5.49 12.51  8.60 12.05
 8127.25  2.69  2.54  2.40  2.11  2.18  3.34  3.55  4.20  5.58 12.63  8.73 12.18
 8128.25  2.61  2.45  2.32  2.04  2.11  3.23  3.44  4.07  5.41 12.30  8.50 11.87
 8129.25  2.50  2.35  2.23  1.95  2.02  3.09  3.30  3.91  5.21 11.88  8.20 11.47
 8130.25  2.50  2.34  2.22  1.95  2.02  3.08  3.29  3.90  5.19 11.79  8.17 11.40
 8131.25  2.62  2.46  2.34  2.05  2.12  3.22  3.45  4.08  5.43 12.19  8.52 11.80
 8132.25  2.62  2.45  2.33  2.04  2.11  3.21  3.44  4.07  5.42 12.13  8.50 11.76
 8133.25  2.43  2.27  2.16  1.89  1.95  2.97  3.19  3.78  5.05 11.39  7.96 11.05
 8134.25  2.35  2.20  2.09  1.83  1.89  2.87  3.09  3.67  4.90 11.05  7.74 10.73
 8135.25  2.50  2.34  2.22  1.94  2.01  3.04  3.28  3.89  5.19 11.56  8.16 11.24
 8136.25  2.58  2.41  2.29  2.00  2.07  3.13  3.38  4.01  5.34 11.82  8.38 11.51
 8137.25  2.54  2.37  2.25  1.97  2.04  3.07  3.32  3.94  5.26 11.66  8.28 11.37
 8138.25  2.51  2.35  2.23  1.95  2.02  3.04  3.29  3.91  5.22 11.55  8.22 11.29
 8139.25  2.44  2.28  2.17  1.89  1.96  2.95  3.20  3.81  5.09 11.25  8.02 11.02
 8140.25  2.12  1.97  1.88  1.64  1.69  2.55  2.78  3.31  4.45  9.99  7.08  9.80
 8141.25  1.81  1.68  1.60  1.40  1.44  2.18  2.38  2.84  3.83  8.73  6.15  8.58
 8142.25  1.98  1.84  1.75  1.52  1.58  2.37  2.60  3.10  4.17  9.37  6.66  9.24
 8143.25  2.39  2.23  2.12  1.85  1.91  2.85  3.13  3.72  4.98 10.89  7.86 10.76
 8144.25  2.62  2.44  2.32  2.03  2.10  3.11  3.42  4.06  5.42 11.65  8.50 11.53
 8145.25  2.71  2.52  2.39  2.09  2.17  3.20  3.53  4.19  5.58 11.89  8.72 11.80
 8146.25  2.69  2.49  2.37  2.07  2.15  3.16  3.49  4.15  5.53 11.75  8.65 11.68
 8147.25  2.39  2.21  2.10  1.84  1.90  2.80  3.11  3.70  4.96 10.68  7.82 10.64
 8148.25  1.80  1.66  1.58  1.38  1.43  2.11  2.35  2.81  3.80  8.44  6.10  8.43
 8149.25  1.61  1.49  1.42  1.24  1.28  1.89  2.12  2.53  3.43  7.66  5.53  7.67
 8150.25  2.02  1.87  1.78  1.55  1.61  2.36  2.64  3.16  4.25  9.26  6.79  9.30
 8151.25  2.61  2.41  2.29  2.01  2.08  3.02  3.38  4.02  5.38 11.30  8.44 11.36
 8152.25  2.70  2.49  2.37  2.08  2.15  3.11  3.50  4.15  5.55 11.53  8.67 11.62
 8153.25  2.62  2.42  2.30  2.02  2.09  3.01  3.40  4.04  5.40 11.21  8.44 11.32
 8154.25  2.55  2.35  2.24  1.96  2.03  2.93  3.31  3.93  5.26 10.92  8.25 11.05
 8155.25  2.64  2.43  2.31  2.02  2.10  3.01  3.41  4.06  5.43 11.18  8.48 11.34
 8156.25  2.78  2.56  2.44  2.14  2.22  3.17  3.60  4.28  5.71 11.66  8.90 11.85
 8157.25  2.77  2.55  2.42  2.13  2.20  3.14  3.58  4.25  5.68 11.54  8.85 11.76
 8158.25  2.73  2.51  2.38  2.09  2.17  3.08  3.53  4.19  5.60 11.35  8.73 11.60
 8159.25  2.80  2.57  2.45  2.15  2.23  3.16  3.62  4.30  5.74 11.58  8.95 11.86
 8160.25  2.75  2.52  2.40  2.11  2.19  3.09  3.55  4.22  5.64 11.37  8.80 11.66
 8161.25  2.51  2.29  2.18  1.92  1.99  2.80  3.24  3.85  5.17 10.45  8.09 10.76
 8162.25  2.40  2.19  2.09  1.83  1.90  2.67  3.10  3.69  4.95 10.03  7.78 10.35
 8163.25  2.54  2.32  2.20  1.93  2.01  2.82  3.27  3.89  5.22 10.48  8.18 10.84
 8164.25  2.53  2.31  2.20  1.93  2.01  2.80  3.26  3.88  5.21 10.40  8.15 10.79
 8165.25  2.60  2.37  2.26  1.98  2.06  2.87  3.35  3.98  5.35 10.61  8.36 11.04
 8166.25  2.77  2.52  2.40  2.11  2.19  3.04  3.56  4.23  5.67 11.15  8.84 11.63
 8167.25  2.80  2.56  2.43  2.14  2.22  3.07  3.61  4.29  5.75 11.24  8.95 11.75
 8168.25  2.69  2.45  2.33  2.05  2.13  2.94  3.46  4.11  5.52 10.79  8.62 11.32
 8169.25  2.53  2.30  2.19  1.92  2.00  2.75  3.25  3.86  5.20 10.15  8.13 10.69
 8170.25  2.58  2.34  2.23  1.96  2.04  2.80  3.32  3.94  5.30 10.29  8.28 10.87
 8171.25  2.82  2.56  2.44  2.14  2.23  3.05  3.62  4.30  5.77 11.06  8.96 11.70
 8172.25  2.89  2.63  2.50  2.20  2.29  3.11  3.71  4.41  5.91 11.26  9.17 11.95
 8173.25  2.84  2.58  2.45  2.16  2.25  3.05  3.64  4.33  5.82 11.07  9.04 11.78
 8174.25  2.83  2.56  2.44  2.14  2.23  3.02  3.62  4.30  5.78 10.96  8.99 11.71
 8175.25  2.82  2.55  2.43  2.13  2.22  3.00  3.60  4.29  5.76 10.87  8.95 11.64
 8176.25  2.67  2.41  2.30  2.02  2.11  2.84  3.42  4.07  5.47 10.32  8.52 11.09
 8177.25  2.52  2.28  2.16  1.90  1.99  2.67  3.22  3.84  5.17  9.75  8.08 10.52
 8178.25  2.56  2.31  2.19  1.93  2.01  2.69  3.27  3.89  5.23  9.82  8.18 10.63
 8179.25  2.70  2.44  2.31  2.04  2.13  2.84  3.45  4.10  5.50 10.25  8.59 11.13
 8180.25  2.83  2.55  2.43  2.14  2.23  2.96  3.61  4.30  5.75 10.64  8.96 11.58
 8181.25  2.79  2.51  2.38  2.10  2.19  2.90  3.55  4.22  5.65 10.44  8.83 11.40
 8182.25  2.74  2.46  2.34  2.06  2.15  2.84  3.48  4.15  5.55 10.24  8.69 11.23
 8183.25  2.84  2.56  2.42  2.14  2.24  2.95  3.61  4.30  5.75 10.53  8.99 11.58
 8184.25  2.94  2.64  2.50  2.21  2.31  3.03  3.73  4.44  5.91 10.76  9.23 11.86
 8185.25  2.89  2.59  2.46  2.17  2.27  2.98  3.66  4.36  5.82 10.56  9.10 11.68
 8186.25  2.76  2.48  2.35  2.07  2.17  2.84  3.51  4.18  5.57 10.12  8.76 11.25
 8187.25  2.78  2.49  2.36  2.08  2.19  2.85  3.53  4.21  5.61 10.14  8.81 11.31
 8188.25  2.76  2.47  2.34  2.07  2.17  2.83  3.50  4.17  5.56 10.02  8.74 11.21
 8189.25  2.48  2.21  2.10  1.85  1.94  2.53  3.14  3.76  5.02  9.10  7.96 10.25
 8190.25  2.25  2.00  1.90  1.67  1.76  2.29  2.86  3.42  4.58  8.39  7.35  9.52
 8191.25  2.42  2.16  2.04  1.80  1.89  2.46  3.07  3.67  4.91  8.90  7.84 10.11
 8192.25  2.67  2.38  2.25  1.99  2.09  2.71  3.38  4.04  5.37  9.57  8.50 10.88
 8193.25  2.69  2.40  2.27  2.01  2.11  2.72  3.40  4.06  5.39  9.55  8.53 10.89
 8194.25  2.86  2.55  2.41  2.13  2.24  2.88  3.61  4.30  5.70 10.01  9.00 11.44
 8195.25  2.93  2.60  2.46  2.18  2.29  2.94  3.68  4.40  5.81 10.16  9.18 11.66
 8196.25  2.58  2.30  2.17  1.92  2.02  2.59  3.26  3.90  5.18  9.14  8.27 10.57
 8197.25  2.14  1.90  1.79  1.58  1.67  2.14  2.71  3.25  4.33  7.73  7.01  9.03
 8198.25  2.25  1.99  1.88  1.66  1.75  2.24  2.84  3.41  4.54  8.02  7.32  9.40
 8199.25  2.71  2.40  2.27  2.01  2.12  2.69  3.41  4.07  5.38  9.32  8.57 10.90
 8200.25  2.90  2.57  2.42  2.15  2.27  2.87  3.64  4.34  5.72  9.77  9.05 11.44
 8201.25  2.94  2.61  2.46  2.18  2.30  2.91  3.69  4.40  5.79  9.86  9.17 11.59
 8202.25  2.96  2.62  2.47  2.19  2.31  2.91  3.70  4.42  5.82  9.88  9.23 11.66
 8203.25  2.95  2.61  2.46  2.18  2.30  2.90  3.69  4.40  5.80  9.81  9.22 11.64
 8204.25  2.92  2.58  2.43  2.15  2.28  2.86  3.66  4.36  5.74  9.69  9.14 11.55
 8205.25  2.90  2.56  2.41  2.14  2.26  2.84  3.63  4.33  5.70  9.58  9.09 11.48
 8206.25  2.90  2.55  2.40  2.13  2.26  2.82  3.62  4.32  5.68  9.51  9.07 11.45
 8207.25  2.89  2.54  2.39  2.12  2.25  2.81  3.61  4.31  5.66  9.44  9.05 11.42
 8208.25  2.86  2.52  2.37  2.10  2.23  2.78  3.58  4.27  5.61  9.33  8.99 11.33
 8209.25  2.73  2.40  2.25  2.00  2.12  2.64  3.41  4.07  5.36  8.91  8.63 10.90
 8210.25  2.67  2.35  2.21  1.95  2.08  2.58  3.34  3.99  5.25  8.71  8.48 10.71
 8211.25  2.76  2.42  2.28  2.02  2.15  2.65  3.44  4.11  5.40  8.88  8.70 10.96
 8212.25  2.85  2.50  2.35  2.08  2.22  2.73  3.55  4.24  5.55  9.06  8.92 11.21
 8213.25  2.94  2.57  2.42  2.14  2.28  2.81  3.65  4.36  5.70  9.24  9.14 11.47
 8214.25  2.98  2.61  2.46  2.18  2.32  2.85  3.70  4.42  5.77  9.30  9.26 11.60
 8215.25  2.94  2.58  2.42  2.15  2.29  2.80  3.65  4.36  5.70  9.16  9.16 11.48
 8216.25  2.83  2.47  2.32  2.06  2.20  2.68  3.51  4.20  5.49  8.82  8.87 11.13
 8217.25  2.76  2.41  2.26  2.00  2.14  2.61  3.43  4.09  5.36  8.60  8.67 10.88
 8218.25  2.79  2.43  2.29  2.02  2.16  2.63  3.46  4.13  5.40  8.63  8.73 10.94
 8219.25  2.93  2.55  2.40  2.12  2.27  2.75  3.62  4.32  5.64  8.97  9.09 11.36
 8220.25  2.96  2.58  2.42  2.15  2.30  2.78  3.66  4.37  5.69  9.04  9.18 11.46
 8221.25  2.93  2.55  2.40  2.12  2.27  2.74  3.63  4.33  5.63  8.94  9.09 11.34
 8222.25  2.97  2.59  2.43  2.15  2.30  2.77  3.67  4.37  5.69  9.00  9.18 11.44
 8223.25  2.96  2.58  2.42  2.14  2.30  2.76  3.66  4.36  5.67  8.96  9.16 11.40
 8224.25  2.86  2.48  2.33  2.06  2.21  2.65  3.53  4.21  5.47  8.67  8.88 11.07
 8225.25  2.72  2.36  2.22  1.96  2.11  2.52  3.36  4.02  5.23  8.30  8.53 10.65
 8226.25  2.57  2.22  2.09  1.84  1.98  2.37  3.17  3.79  4.94  7.85  8.09 10.11
 8227.25  2.42  2.10  1.97  1.74  1.87  2.23  2.99  3.57  4.66  7.40  7.64  9.55
 8228.25  2.38  2.06  1.93  1.71  1.84  2.19  2.94  3.51  4.57  7.23  7.49  9.35
 8229.25  2.67  2.31  2.17  1.92  2.07  2.46  3.29  3.92  5.09  8.00  8.30 10.31
 8230.25  2.83  2.45  2.30  2.03  2.19  2.60  3.48  4.15  5.38  8.40  8.74 10.82
 8231.25  2.70  2.34  2.19  1.94  2.09  2.48  3.33  3.97  5.14  8.05  8.40 10.41
 8232.25  2.78  2.40  2.25  1.99  2.15  2.55  3.42  4.08  5.29  8.27  8.65 10.70
 8233.25  2.88  2.49  2.33  2.06  2.23  2.63  3.54  4.22  5.47  8.51  8.92 11.02
 8234.25  2.86  2.47  2.32  2.05  2.21  2.61  3.52  4.19  5.43  8.44  8.87 10.96
 8235.25  2.93  2.52  2.37  2.09  2.26  2.66  3.60  4.28  5.54  8.60  9.06 11.18
 8236.25  3.01  2.59  2.43  2.15  2.33  2.73  3.69  4.39  5.68  8.78  9.27 11.41
 8237.25  3.02  2.60  2.44  2.16  2.33  2.74  3.70  4.40  5.69  8.78  9.29 11.42
 8238.25  3.03  2.60  2.44  2.16  2.34  2.74  3.71  4.41  5.69  8.77  9.31 11.43
 8239.25  3.03  2.60  2.44  2.16  2.34  2.74  3.71  4.41  5.70  8.76  9.32 11.44
 8240.25  3.01  2.59  2.42  2.15  2.33  2.71  3.69  4.39  5.66  8.69  9.27 11.38
 8241.25  3.02  2.59  2.43  2.15  2.33  2.72  3.70  4.40  5.67  8.69  9.30 11.40
 8242.25  2.87  2.46  2.30  2.04  2.21  2.57  3.51  4.18  5.40  8.29  8.90 10.92
 8243.25  2.50  2.13  2.00  1.77  1.92  2.23  3.06  3.65  4.73  7.32  7.89  9.74
 8244.25  2.48  2.11  1.98  1.75  1.90  2.21  3.03  3.62  4.69  7.26  7.85  9.69
 8245.25  2.80  2.39  2.24  1.98  2.16  2.50  3.43  4.08  5.27  8.08  8.74 10.72
 8246.25  2.95  2.52  2.36  2.09  2.27  2.62  3.60  4.28  5.52  8.40  9.11 11.14
 8247.25  2.95  2.52  2.36  2.09  2.27  2.62  3.60  4.29  5.52  8.39  9.12 11.15
 8248.25  2.86  2.43  2.28  2.02  2.20  2.53  3.48  4.15  5.35  8.14  8.88 10.86
 8249.25  2.60  2.21  2.07  1.83  1.99  2.30  3.17  3.79  4.90  7.49  8.21 10.07
 8250.25  2.53  2.15  2.01  1.78  1.94  2.23  3.09  3.69  4.77  7.29  8.01  9.84
 8251.25  2.76  2.35  2.19  1.94  2.12  2.43  3.36  4.01  5.17  7.84  8.62 10.53
 8252.25  2.93  2.49  2.33  2.07  2.25  2.58  3.56  4.25  5.45  8.21  9.05 11.00
 8253.25  2.98  2.53  2.37  2.10  2.29  2.61  3.62  4.31  5.53  8.30  9.16 11.13
 8254.25  3.05  2.59  2.42  2.15  2.34  2.67  3.70  4.41  5.65  8.45  9.35 11.33
 8255.25  3.00  2.54  2.37  2.10  2.30  2.62  3.63  4.33  5.54  8.28  9.18 11.13
 8256.25  2.72  2.30  2.15  1.91  2.09  2.37  3.30  3.94  5.06  7.59  8.46 10.28
 8257.25  2.59  2.19  2.04  1.81  1.98  2.25  3.14  3.76  4.83  7.26  8.13  9.90
 8258.25  2.80  2.36  2.21  1.96  2.14  2.43  3.39  4.05  5.19  7.75  8.69 10.54
 8259.25  2.99  2.53  2.36  2.10  2.29  2.59  3.62  4.31  5.51  8.17  9.16 11.07
 8260.25  3.05  2.58  2.41  2.14  2.34  2.64  3.69  4.40  5.61  8.28  9.31 11.23
 8261.25  3.10  2.61  2.44  2.17  2.37  2.67  3.75  4.46  5.68  8.38  9.44 11.38
 8262.25  3.06  2.58  2.41  2.14  2.34  2.63  3.70  4.40  5.60  8.26  9.33 11.25
 8263.25  3.01  2.53  2.37  2.10  2.30  2.58  3.64  4.33  5.51  8.11  9.19 11.08
 8264.25  3.06  2.58  2.41  2.14  2.34  2.63  3.70  4.40  5.60  8.22  9.34 11.24
 8265.25  3.14  2.64  2.47  2.19  2.40  2.69  3.80  4.51  5.73  8.37  9.54 11.46
 8266.25  3.16  2.65  2.48  2.20  2.41  2.70  3.82  4.53  5.76  8.40  9.59 11.51
 8267.25  3.12  2.62  2.45  2.17  2.38  2.66  3.77  4.48  5.69  8.29  9.50 11.40
 8268.25  3.12  2.61  2.44  2.17  2.38  2.65  3.77  4.47  5.67  8.25  9.47 11.36
 8269.25  3.14  2.63  2.45  2.18  2.39  2.67  3.79  4.49  5.70  8.27  9.52 11.40
 8270.25  3.11  2.60  2.43  2.16  2.37  2.64  3.75  4.45  5.64  8.19  9.44 11.31
 8271.25  2.98  2.49  2.33  2.07  2.27  2.53  3.61  4.28  5.43  7.89  9.12 10.94
 8272.25  2.95  2.46  2.30  2.04  2.24  2.50  3.56  4.23  5.36  7.79  9.02 10.80
 8273.25  2.96  2.47  2.31  2.05  2.25  2.50  3.58  4.24  5.37  7.80  9.04 10.82
 8274.25  2.88  2.39  2.24  1.99  2.18  2.43  3.47  4.12  5.22  7.57  8.80 10.53
 8275.25  2.96  2.46  2.30  2.05  2.25  2.50  3.58  4.24  5.36  7.76  9.03 10.78
 8276.25  3.01  2.50  2.34  2.08  2.28  2.53  3.63  4.29  5.43  7.85  9.14 10.90
 8277.25  2.96  2.46  2.30  2.04  2.24  2.49  3.58  4.23  5.36  7.75  9.04 10.79
 8278.25  2.74  2.27  2.12  1.88  2.07  2.29  3.31  3.92  4.98  7.24  8.48 10.15
 8279.25  1.91  1.58  1.47  1.31  1.44  1.59  2.32  2.76  3.53  5.21  6.17  7.46
 8280.25  1.23  1.01  0.94  0.84  0.92  1.02  1.50  1.79  2.30  3.42  4.09  4.98
 8281.25  1.21  1.00  0.93  0.82  0.91  1.01  1.48  1.76  2.26  3.37  4.03  4.90
 8282.25  1.30  1.07  0.99  0.88  0.97  1.08  1.58  1.89  2.42  3.59  4.31  5.22
 8283.25  0.96  0.79  0.74  0.65  0.72  0.80  1.17  1.40  1.80  2.68  3.23  3.92
 8284.25  0.91  0.75  0.70  0.62  0.68  0.75  1.11  1.32  1.70  2.53  3.06  3.71
 8285.25  1.38  1.13  1.05  0.93  1.03  1.14  1.68  2.00  2.55  3.78  4.56  5.50
 8286.25  2.23  1.83  1.71  1.52  1.67  1.84  2.71  3.21  4.08  5.95  7.13  8.50
 8287.25  2.04  1.67  1.56  1.39  1.53  1.68  2.47  2.93  3.73  5.45  6.56  7.82
 8288.25  1.31  1.06  0.99  0.88  0.97  1.07  1.59  1.89  2.42  3.56  4.34  5.21
 8289.25  1.12  0.91  0.85  0.76  0.83  0.92  1.36  1.62  2.08  3.07  3.75  4.50
 8290.25  0.82  0.67  0.62  0.55  0.61  0.67  1.00  1.19  1.52  2.25  2.76  3.32
 8291.25  0.78  0.63  0.59  0.53  0.58  0.64  0.95  1.13  1.44  2.14  2.63  3.15
 8292.25  1.29  1.05  0.98  0.87  0.96  1.06  1.57  1.86  2.39  3.50  4.30  5.14
 8293.25  2.08  1.69  1.58  1.41  1.55  1.70  2.52  2.97  3.78  5.49  6.70  7.92
 8294.25  2.67  2.17  2.04  1.82  1.99  2.18  3.22  3.78  4.79  6.85  8.30  9.72
 8295.25  3.09  2.52  2.37  2.11  2.32  2.53  3.72  4.36  5.49  7.78  9.40 10.94
 8296.25  3.01  2.44  2.29  2.05  2.25  2.46  3.62  4.24  5.35  7.60  9.22 10.73
 8297.25  1.89  1.52  1.43  1.27  1.40  1.53  2.28  2.69  3.43  4.96  6.13  7.22
 8298.25  1.18  0.95  0.89  0.79  0.87  0.95  1.43  1.69  2.17  3.17  3.95  4.68
 8299.25  1.18  0.95  0.89  0.79  0.87  0.95  1.43  1.68  2.16  3.15  3.94  4.66
 8300.25  0.90  0.71  0.67  0.60  0.66  0.72  1.08  1.27  1.64  2.39  3.00  3.55
 8301.25  0.70  0.55  0.52  0.46  0.51  0.55  0.84  0.99  1.27  1.86  2.34  2.77
 8302.25  1.06  0.84  0.79  0.71  0.78  0.85  1.28  1.50  1.93  2.81  3.54  4.17
 8303.25  2.14  1.71  1.60  1.43  1.57  1.71  2.57  3.00  3.83  5.48  6.84  7.97
 8304.25  2.25  1.79  1.68  1.50  1.64  1.79  2.69  3.14  4.00  5.71  7.13  8.28
 8305.25  2.26  1.79  1.68  1.51  1.65  1.79  2.70  3.15  4.01  5.72  7.15  8.30
 8306.25  2.60  2.06  1.93  1.73  1.89  2.06  3.10  3.60  4.57  6.48  8.09  9.34
 8307.25  2.81  2.23  2.10  1.88  2.05  2.23  3.35  3.89  4.93  6.96  8.68  9.98
 8308.25  3.10  2.45  2.31  2.07  2.26  2.45  3.68  4.26  5.38  7.54  9.39 10.75
 8309.25  3.25  2.57  2.42  2.17  2.37  2.57  3.86  4.45  5.62  7.84  9.76 11.15
 8310.25  3.14  2.48  2.33  2.09  2.29  2.48  3.73  4.30  5.44  7.59  9.48 10.83
 8311.25  2.40  1.88  1.77  1.58  1.73  1.88  2.86  3.30  4.21  5.95  7.53  8.65
 8312.25  1.36  1.06  0.99  0.89  0.97  1.05  1.62  1.88  2.41  3.45  4.44  5.15
 8313.25  1.17  0.91  0.85  0.76  0.83  0.90  1.39  1.61  2.07  2.97  3.84  4.46
 8314.25  1.84  1.43  1.34  1.20  1.32  1.42  2.19  2.53  3.24  4.60  5.91  6.81
 8315.25  3.01  2.35  2.21  1.98  2.16  2.34  3.55  4.08  5.17  7.20  9.11 10.37
 8316.25  3.25  2.53  2.38  2.14  2.33  2.52  3.82  4.38  5.53  7.66  9.68 10.97
 8317.25  3.23  2.52  2.37  2.13  2.32  2.50  3.81  4.35  5.50  7.61  9.63 10.91
 8318.25  3.14  2.44  2.30  2.06  2.25  2.43  3.70  4.23  5.35  7.41  9.40 10.65
 8319.25  2.86  2.21  2.08  1.86  2.03  2.19  3.36  3.85  4.88  6.80  8.70  9.88
 8320.25  2.48  1.91  1.80  1.61  1.76  1.89  2.92  3.34  4.26  5.96  7.70  8.76
 8321.25  2.48  1.91  1.80  1.61  1.75  1.89  2.92  3.34  4.25  5.94  7.67  8.72
 8322.25  2.95  2.27  2.14  1.92  2.09  2.25  3.47  3.95  5.01  6.93  8.90 10.07
 8323.25  3.34  2.57  2.42  2.17  2.37  2.55  3.91  4.44  5.62  7.73  9.88 11.13
 8324.25  3.38  2.60  2.45  2.19  2.39  2.57  3.95  4.48  5.67  7.79  9.97 11.22
 8325.25  3.36  2.57  2.43  2.18  2.37  2.55  3.92  4.45  5.62  7.73  9.92 11.15
 8326.25  3.46  2.64  2.49  2.23  2.43  2.62  4.02  4.55  5.75  7.90 10.12 11.35
 8327.25  3.53  2.69  2.54  2.27  2.48  2.66  4.09  4.63  5.83  8.01 10.26 11.50
 8328.25  3.57  2.70  2.55  2.29  2.49  2.68  4.12  4.65  5.86  8.04 10.31 11.54
 8329.25  3.59  2.71  2.56  2.30  2.50  2.68  4.14  4.66  5.87  8.04 10.32 11.53
 8330.25  3.60  2.71  2.56  2.29  2.49  2.67  4.13  4.65  5.85  8.03 10.32 11.52
 8331.25  3.57  2.68  2.53  2.27  2.47  2.65  4.10  4.61  5.80  7.97 10.27 11.46
 8332.25  3.50  2.61  2.46  2.21  2.40  2.58  4.00  4.50  5.66  7.79 10.07 11.24
 8333.25  3.46  2.57  2.43  2.17  2.36  2.53  3.94  4.43  5.57  7.68  9.96 11.10
 8334.25  3.48  2.57  2.43  2.18  2.37  2.54  3.95  4.44  5.58  7.69  9.99 11.11
 8335.25  3.50  2.58  2.44  2.18  2.38  2.55  3.97  4.45  5.59  7.71 10.05 11.15
 8336.25  3.54  2.60  2.46  2.20  2.39  2.56  4.00  4.48  5.63  7.76 10.13 11.21
 8337.25  3.58  2.62  2.48  2.22  2.41  2.58  4.04  4.52  5.67  7.81 10.22 11.29
 8338.25  3.44  2.51  2.37  2.12  2.31  2.47  3.87  4.32  5.43  7.50  9.86 10.88
 8339.25  3.00  2.17  2.05  1.83  1.99  2.13  3.37  3.77  4.75  6.62  8.80  9.72
 8340.25  2.79  2.00  1.89  1.69  1.84  1.97  3.12  3.49  4.41  6.17  8.26  9.13
 8341.25  3.01  2.15  2.04  1.82  1.98  2.12  3.36  3.75  4.73  6.60  8.82  9.71
 8342.25  3.41  2.44  2.31  2.07  2.25  2.40  3.80  4.22  5.30  7.35  9.77 10.70
 8343.25  3.18  2.26  2.14  1.91  2.08  2.22  3.53  3.92  4.93  6.87  9.21 10.08
 8344.25  1.93  1.35  1.28  1.14  1.24  1.33  2.14  2.39  3.03  4.30  5.90  6.49
 8345.25  1.02  0.71  0.67  0.60  0.65  0.70  1.13  1.26  1.61  2.30  3.20  3.53
 8346.25  0.58  0.40  0.38  0.34  0.37  0.40  0.64  0.72  0.92  1.31  1.84  2.02
 8347.25  0.54  0.37  0.35  0.31  0.34  0.36  0.59  0.66  0.84  1.21  1.70  1.86
 8348.25  1.01  0.70  0.66  0.59  0.64  0.68  1.11  1.23  1.57  2.25  3.16  3.45
 8349.25  2.64  1.82  1.73  1.54  1.68  1.79  2.88  3.18  4.01  5.64  7.75  8.40
 8350.25  3.36  2.33  2.21  1.97  2.14  2.28  3.66  4.03  5.05  7.04  9.58 10.33
 8351.25  2.68  1.83  1.74  1.55  1.68  1.80  2.91  3.20  4.04  5.70  7.88  8.51
 8352.25  2.35  1.60  1.52  1.35  1.47  1.57  2.55  2.81  3.55  5.04  7.02  7.58
 8353.25  2.16  1.47  1.39  1.24  1.35  1.44  2.34  2.58  3.26  4.63  6.49  6.99
 8354.25  1.16  0.78  0.74  0.66  0.72  0.76  1.25  1.38  1.76  2.52  3.59  3.87
 8355.25  0.87  0.58  0.56  0.49  0.54  0.57  0.94  1.03  1.32  1.89  2.71  2.92
 8356.25  1.31  0.87  0.83  0.74  0.80  0.85  1.40  1.54  1.95  2.81  4.01  4.30
 8357.25  2.76  1.84  1.76  1.56  1.69  1.80  2.93  3.21  4.04  5.70  7.98  8.51
 8358.25  3.59  2.40  2.29  2.03  2.20  2.35  3.78  4.13  5.17  7.21  9.98 10.58
 8359.25  3.75  2.50  2.38  2.12  2.30  2.45  3.93  4.29  5.36  7.46 10.32 10.92
 8360.25  3.85  2.55  2.44  2.17  2.35  2.50  4.02  4.38  5.46  7.60 10.52 11.10
 8361.25  3.65  2.40  2.30  2.04  2.21  2.35  3.80  4.14  5.17  7.22 10.06 10.60
 8362.25  3.03  1.97  1.88  1.67  1.81  1.93  3.14  3.43  4.30  6.07  8.58  9.04
 8363.25  2.66  1.71  1.64  1.45  1.57  1.68  2.74  2.99  3.76  5.35  7.64  8.05
 8364.25  2.80  1.80  1.72  1.52  1.65  1.76  2.87  3.13  3.93  5.58  7.98  8.38
 8365.25  2.64  1.68  1.61  1.42  1.54  1.64  2.69  2.93  3.69  5.24  7.54  7.91
 8366.25  1.79  1.13  1.08  0.95  1.03  1.10  1.82  1.98  2.50  3.59  5.25  5.51
 8367.25  1.52  0.95  0.91  0.80  0.87  0.93  1.54  1.68  2.12  3.06  4.49  4.71
 8368.25  2.14  1.34  1.28  1.13  1.23  1.31  2.16  2.35  2.95  4.23  6.18  6.45
 8369.25  3.25  2.04  1.95  1.73  1.87  1.99  3.26  3.53  4.42  6.24  8.96  9.31
 8370.25  3.91  2.46  2.36  2.09  2.26  2.41  3.91  4.22  5.25  7.35 10.44 10.81
 8371.25  4.07  2.55  2.45  2.17  2.35  2.50  4.05  4.37  5.43  7.58 10.76 11.11
 8372.25  4.11  2.56  2.46  2.18  2.35  2.50  4.06  4.39  5.44  7.60 10.80 11.14
 8373.25  4.17  2.59  2.48  2.20  2.38  2.53  4.11  4.43  5.49  7.66 10.90 11.22
 8374.25  4.15  2.57  2.46  2.18  2.36  2.51  4.07  4.39  5.44  7.60 10.85 11.15
 8375.25  4.14  2.54  2.44  2.16  2.34  2.48  4.04  4.35  5.39  7.54 10.80 11.07
 8376.25  4.19  2.56  2.46  2.18  2.35  2.50  4.07  4.38  5.43  7.59 10.87 11.13
 8377.25  4.16  2.53  2.43  2.15  2.32  2.47  4.03  4.33  5.36  7.52 10.80 11.03
 8378.25  4.00  2.42  2.32  2.05  2.22  2.36  3.85  4.14  5.14  7.23 10.45 10.66
 8379.25  4.07  2.45  2.35  2.08  2.25  2.39  3.91  4.20  5.20  7.32 10.59 10.78
 8380.25  4.13  2.48  2.38  2.10  2.27  2.41  3.95  4.24  5.25  7.38 10.69 10.87
 8381.25  3.52  2.08  2.00  1.77  1.91  2.03  3.35  3.59  4.47  6.35  9.35  9.49
 8382.25  2.75  1.60  1.54  1.36  1.47  1.56  2.60  2.79  3.49  5.01  7.51  7.61
 8383.25  2.01  1.16  1.12  0.98  1.06  1.13  1.90  2.04  2.55  3.70  5.62  5.69
 8384.25  1.30  0.74  0.71  0.63  0.68  0.72  1.22  1.31  1.64  2.39  3.68  3.72
 8385.25  1.36  0.78  0.75  0.66  0.71  0.76  1.27  1.36  1.71  2.50  3.85  3.88
 8386.25  2.55  1.47  1.41  1.24  1.34  1.43  2.39  2.56  3.19  4.60  6.97  7.01
 8387.25  4.14  2.42  2.33  2.06  2.22  2.36  3.88  4.14  5.12  7.24 10.65 10.69
 8388.25  4.32  2.54  2.44  2.16  2.32  2.47  4.06  4.33  5.34  7.53 11.06 11.07
 8389.25  4.22  2.47  2.38  2.10  2.26  2.40  3.96  4.22  5.21  7.37 10.89 10.86
 8390.25  4.28  2.51  2.42  2.14  2.30  2.44  4.03  4.29  5.29  7.47 11.07 10.99
 8391.25  4.25  2.49  2.40  2.12  2.28  2.42  4.00  4.26  5.24  7.42 11.04 10.93
 8392.25  3.86  2.25  2.17  1.91  2.06  2.19  3.63  3.87  4.78  6.80 10.26 10.11
 8393.25  3.65  2.12  2.05  1.80  1.94  2.06  3.43  3.66  4.52  6.46  9.83  9.65
 8394.25  3.84  2.24  2.16  1.90  2.05  2.17  3.61  3.84  4.74  6.76 10.28 10.06
 8395.25  4.24  2.48  2.40  2.11  2.27  2.41  3.99  4.24  5.22  7.40 11.17 10.90
 8396.25  4.38  2.57  2.49  2.19  2.36  2.50  4.13  4.39  5.38  7.62 11.51 11.19
 8397.25  4.31  2.53  2.45  2.15  2.31  2.46  4.06  4.31  5.29  7.51 11.40 11.05
 8398.25  4.24  2.48  2.40  2.11  2.27  2.41  3.99  4.24  5.20  7.40 11.29 10.90
 8399.25  3.10  1.79  1.73  1.52  1.64  1.74  2.92  3.10  3.83  5.53  8.68  8.33
 8400.25  1.23  0.70  0.68  0.59  0.64  0.68  1.15  1.23  1.53  2.25  3.68  3.50
 8401.25  0.71  0.40  0.39  0.34  0.37  0.39  0.67  0.71  0.88  1.31  2.15  2.04
 8402.25  0.86  0.49  0.48  0.42  0.45  0.48  0.81  0.86  1.08  1.59  2.63  2.48
 8403.25  2.02  1.15  1.12  0.98  1.05  1.12  1.90  2.02  2.50  3.66  5.98  5.63
 8404.25  4.00  2.34  2.27  1.99  2.13  2.27  3.78  4.00  4.90  7.02 11.01 10.40
 8405.25  4.38  2.58  2.50  2.19  2.35  2.50  4.15  4.38  5.35  7.62 11.87 11.20
 8406.25  4.40  2.59  2.51  2.20  2.36  2.51  4.16  4.40  5.37  7.64 11.94 11.23
 8407.25  4.41  2.59  2.52  2.21  2.37  2.52  4.17  4.41  5.38  7.67 12.01 11.26
 8408.25  4.39  2.58  2.51  2.20  2.36  2.51  4.16  4.40  5.36  7.64 12.01 11.22
 8409.25  4.32  2.54  2.46  2.16  2.31  2.47  4.09  4.32  5.26  7.52 11.89 11.06
 8410.25  4.26  2.50  2.43  2.13  2.28  2.43  4.03  4.26  5.19  7.43 11.81 10.95
 8411.25  4.28  2.51  2.44  2.14  2.29  2.44  4.06  4.28  5.21  7.46 11.90 11.00
 8412.25  4.33  2.54  2.47  2.16  2.32  2.47  4.10  4.33  5.27  7.54 12.04 11.10
 8413.25  4.34  2.55  2.48  2.17  2.33  2.48  4.12  4.34  5.28  7.56 12.12 11.13
 8414.25  4.33  2.55  2.48  2.17  2.32  2.48  4.11  4.33  5.27  7.55 12.13 11.11
 8415.25  3.78  2.21  2.15  1.88  2.01  2.15  3.59  3.79  4.62  6.67 10.93  9.94
 8416.25  1.93  1.11  1.08  0.94  1.01  1.08  1.84  1.94  2.39  3.53  6.08  5.45
 8417.25  1.11  0.64  0.62  0.54  0.58  0.62  1.06  1.12  1.38  2.06  3.61  3.22
 8418.25  1.27  0.74  0.71  0.62  0.67  0.71  1.22  1.29  1.58  2.36  4.15  3.68
 8419.25  2.58  1.51  1.47  1.28  1.37  1.47  2.49  2.62  3.21  4.72  8.08  7.20
 8420.25  4.07  2.43  2.37  2.07  2.21  2.37  3.95  4.15  5.03  7.26 11.98 10.74
 8421.25  4.19  2.53  2.46  2.15  2.30  2.45  4.09  4.30  5.20  7.49 12.34 11.05
 8422.25  4.09  2.47  2.41  2.11  2.25  2.40  4.01  4.21  5.10  7.36 12.20 10.88
 8423.25  4.10  2.49  2.43  2.12  2.26  2.42  4.04  4.24  5.13  7.40 12.29 10.93
 8424.25  3.98  2.42  2.36  2.06  2.20  2.35  3.93  4.13  4.99  7.23 12.09 10.71
 8425.25  3.65  2.22  2.17  1.89  2.01  2.16  3.62  3.80  4.61  6.71 11.37 10.02
 8426.25  3.53  2.16  2.11  1.83  1.95  2.09  3.52  3.69  4.48  6.53 11.15  9.78
 8427.25  3.66  2.25  2.20  1.91  2.04  2.18  3.66  3.84  4.66  6.77 11.55 10.11
 8428.25  3.48  2.14  2.10  1.82  1.94  2.08  3.50  3.67  4.45  6.49 11.16  9.73
 8429.25  3.11  1.92  1.88  1.63  1.74  1.86  3.15  3.30  4.02  5.89 10.28  8.91
 8430.25  2.43  1.50  1.47  1.27  1.35  1.45  2.47  2.59  3.16  4.68  8.34  7.16
 8431.25  1.05  0.64  0.63  0.55  0.58  0.62  1.07  1.13  1.38  2.07  3.82  3.24
 8432.25  0.61  0.37  0.37  0.32  0.34  0.36  0.62  0.65  0.80  1.21  2.25  1.89
 8433.25  0.73  0.45  0.44  0.38  0.41  0.44  0.75  0.79  0.97  1.46  2.72  2.28
 8434.25  1.67  1.04  1.03  0.89  0.94  1.01  1.74  1.82  2.22  3.32  6.10  5.14
 8435.25  3.18  2.02  1.99  1.72  1.83  1.96  3.32  3.47  4.21  6.17 10.91  9.29
 8436.25  3.10  1.97  1.94  1.68  1.78  1.92  3.24  3.40  4.12  6.04 10.75  9.12
 8437.25  3.19  2.04  2.01  1.75  1.85  1.98  3.36  3.51  4.25  6.24 11.08  9.39
 8438.25  3.84  2.49  2.46  2.13  2.25  2.42  4.06  4.24  5.11  7.41 12.87 10.97
 8439.25  4.18  2.74  2.70  2.35  2.48  2.66  4.44  4.63  5.56  8.01 13.76 11.75
 8440.25  4.18  2.75  2.71  2.35  2.48  2.67  4.46  4.64  5.58  8.03 13.83 11.78
 8441.25  4.13  2.73  2.69  2.34  2.46  2.65  4.44  4.61  5.54  7.98 13.80 11.72
 8442.25  4.10  2.72  2.68  2.33  2.46  2.64  4.43  4.60  5.52  7.96 13.82 11.70
 8443.25  4.04  2.69  2.66  2.31  2.43  2.62  4.40  4.56  5.47  7.90 13.80 11.62
 8444.25  4.03  2.70  2.66  2.31  2.43  2.62  4.41  4.57  5.48  7.91 13.88 11.63
 8445.25  4.00  2.69  2.66  2.31  2.42  2.61  4.40  4.55  5.46  7.89 13.93 11.60
 8446.25  3.98  2.68  2.65  2.30  2.42  2.61  4.40  4.55  5.45  7.88 14.00 11.60
 8447.25  3.68  2.48  2.46  2.13  2.24  2.41  4.10  4.22  5.08  7.38 13.35 10.95
 8448.25  3.09  2.08  2.06  1.78  1.87  2.02  3.46  3.57  4.31  6.33 11.81  9.54
 8449.25  3.08  2.07  2.06  1.78  1.86  2.01  3.46  3.56  4.30  6.32 11.86  9.53
 8450.25  3.64  2.47  2.45  2.12  2.23  2.40  4.11  4.22  5.06  7.36 13.55 10.93
 8451.25  3.88  2.65  2.63  2.28  2.39  2.58  4.39  4.50  5.39  7.81 14.28 11.52
 8452.25  3.38  2.31  2.29  1.98  2.07  2.24  3.85  3.95  4.74  6.93 13.02 10.35
 8453.25  1.78  1.21  1.20  1.03  1.08  1.17  2.05  2.10  2.55  3.82  7.69  5.92
 8454.25  1.02  0.69  0.69  0.59  0.62  0.67  1.19  1.22  1.48  2.23  4.63  3.50
 8455.25  1.15  0.78  0.77  0.67  0.70  0.76  1.34  1.36  1.66  2.50  5.20  3.91
 8456.25  2.22  1.53  1.52  1.31  1.37  1.48  2.60  2.65  3.20  4.76  9.60  7.31
 8457.25  3.49  2.43  2.42  2.09  2.18  2.36  4.07  4.14  4.97  7.25 13.89 10.79
 8458.25  3.73  2.61  2.60  2.25  2.34  2.54  4.37  4.44  5.31  7.71 14.67 11.40
 8459.25  3.70  2.60  2.59  2.24  2.33  2.53  4.36  4.42  5.29  7.68 14.70 11.37
 8460.25  3.73  2.63  2.62  2.26  2.36  2.55  4.41  4.47  5.33  7.75 14.87 11.45
 8461.25  3.73  2.64  2.63  2.27  2.37  2.56  4.43  4.48  5.35  7.77 14.98 11.49
 8462.25  3.53  2.50  2.50  2.15  2.24  2.43  4.22  4.26  5.09  7.43 14.54 11.04
 8463.25  3.32  2.36  2.36  2.03  2.11  2.29  4.00  4.03  4.83  7.07 14.06 10.57
 8464.25  3.32  2.36  2.36  2.03  2.11  2.29  4.01  4.04  4.83  7.08 14.14 10.58
 8465.25  2.87  2.04  2.04  1.76  1.82  1.98  3.49  3.51  4.21  6.22 12.76  9.40
 8466.25  1.30  0.92  0.92  0.79  0.82  0.90  1.61  1.61  1.95  2.95  6.50  4.60
 8467.25  0.67  0.48  0.48  0.41  0.42  0.46  0.83  0.84  1.01  1.54  3.48  2.43
 8468.25  0.70  0.50  0.50  0.43  0.44  0.48  0.87  0.87  1.06  1.60  3.65  2.53
 8469.25  1.43  1.03  1.03  0.88  0.91  1.00  1.79  1.79  2.16  3.26  7.29  5.09
 8470.25  3.13  2.27  2.28  1.96  2.03  2.21  3.89  3.89  4.65  6.84 14.13 10.25
 8471.25  3.67  2.69  2.70  2.32  2.40  2.61  4.57  4.57  5.43  7.90 15.92 11.67
 8472.25  3.68  2.71  2.72  2.34  2.41  2.63  4.60  4.59  5.46  7.94 16.05 11.72
 8473.25  3.67  2.71  2.72  2.34  2.42  2.63  4.62  4.60  5.46  7.95 16.14 11.74
 8474.25  3.61  2.67  2.68  2.31  2.38  2.59  4.56  4.54  5.39  7.85 16.07 11.61
 8475.25  3.37  2.50  2.51  2.16  2.22  2.43  4.29  4.26  5.07  7.43 15.47 11.06
 8476.25  2.83  2.09  2.10  1.80  1.86  2.03  3.63  3.60  4.30  6.36 13.77  9.63
 8477.25  2.69  1.99  2.00  1.71  1.76  1.93  3.46  3.43  4.10  6.09 13.34  9.25
 8478.25  3.23  2.41  2.42  2.08  2.14  2.34  4.16  4.11  4.90  7.19 15.30 10.75
 8479.25  3.60  2.69  2.71  2.33  2.40  2.62  4.63  4.57  5.43  7.91 16.52 11.70
 8480.25  3.64  2.73  2.75  2.36  2.42  2.65  4.68  4.62  5.49  7.99 16.71 11.80
 8481.25  3.64  2.73  2.76  2.36  2.43  2.65  4.70  4.63  5.50  8.00 16.81 11.82
 8482.25  3.63  2.73  2.76  2.36  2.43  2.65  4.71  4.63  5.50  8.01 16.88 11.83
 8483.25  3.62  2.73  2.76  2.36  2.42  2.65  4.71  4.63  5.50  8.00 16.95 11.83
 8484.25  3.62  2.73  2.76  2.36  2.42  2.65  4.72  4.63  5.50  8.01 17.03 11.83
 8485.25  3.62  2.74  2.77  2.37  2.43  2.66  4.75  4.64  5.52  8.03 17.13 11.86
 8486.25  3.58  2.71  2.74  2.35  2.40  2.63  4.71  4.59  5.47  7.96 17.09 11.77
 8487.25  3.49  2.65  2.68  2.29  2.34  2.57  4.62  4.49  5.35  7.80 16.92 11.58
 8488.25  3.44  2.61  2.64  2.26  2.31  2.53  4.56  4.43  5.28  7.71 16.85 11.46
 8489.25  3.51  2.67  2.70  2.31  2.36  2.59  4.66  4.52  5.39  7.85 17.14 11.65
 8490.25  3.61  2.75  2.78  2.38  2.43  2.67  4.81  4.65  5.54  8.06 17.53 11.92
 8491.25  3.62  2.77  2.79  2.40  2.44  2.68  4.84  4.67  5.57  8.09 17.65 11.96
 8492.25  3.55  2.72  2.74  2.35  2.40  2.63  4.77  4.59  5.47  7.97 17.53 11.81
 8493.25  3.31  2.53  2.56  2.19  2.23  2.45  4.48  4.30  5.14  7.52 16.87 11.22
 8494.25  2.11  1.60  1.62  1.38  1.41  1.55  2.89  2.77  3.34  4.99 12.16  7.69
 8495.25  1.18  0.89  0.90  0.77  0.78  0.86  1.63  1.56  1.89  2.86  7.39  4.50
 8496.25  1.15  0.88  0.88  0.75  0.77  0.85  1.60  1.52  1.85  2.80  7.29  4.42
 8497.25  1.96  1.50  1.51  1.29  1.31  1.45  2.72  2.59  3.12  4.68 11.65  7.25
 8498.25  2.99  2.30  2.32  1.99  2.02  2.23  4.13  3.92  4.71  6.93 16.11 10.45
 8499.25  3.00  2.32  2.33  2.01  2.04  2.24  4.16  3.95  4.74  6.97 16.15 10.51
 8500.25  3.08  2.39  2.40  2.07  2.09  2.31  4.29  4.05  4.86  7.15 16.41 10.74
 8501.25  3.31  2.57  2.59  2.23  2.26  2.49  4.61  4.35  5.21  7.62 17.16 11.37
 8502.25  3.18  2.48  2.49  2.15  2.17  2.39  4.46  4.20  5.04  7.38 16.73 11.06
 8503.25  2.90  2.26  2.27  1.95  1.98  2.18  4.09  3.84  4.62  6.81 15.71 10.30
 8504.25  2.78  2.17  2.17  1.88  1.90  2.09  3.94  3.69  4.44  6.57 15.24  9.97
 8505.25  2.02  1.57  1.57  1.36  1.37  1.51  2.89  2.70  3.27  4.89 11.87  7.58
 8506.25  1.03  0.79  0.80  0.69  0.69  0.77  1.48  1.38  1.68  2.55  6.51  4.03
 8507.25  0.77  0.60  0.60  0.52  0.52  0.58  1.12  1.04  1.27  1.93  4.95  3.06
 8508.25  1.12  0.87  0.88  0.76  0.76  0.84  1.64  1.52  1.84  2.80  7.06  4.42
 8509.25  2.40  1.88  1.89  1.63  1.65  1.82  3.48  3.22  3.89  5.78 13.48  8.86
 8510.25  3.26  2.57  2.57  2.23  2.25  2.48  4.68  4.33  5.20  7.61 16.75 11.39
 8511.25  3.28  2.59  2.59  2.25  2.27  2.50  4.72  4.37  5.24  7.67 16.78 11.46
 8512.25  3.29  2.61  2.61  2.27  2.28  2.51  4.76  4.39  5.27  7.70 16.79 11.50
 8513.25  3.32  2.63  2.63  2.29  2.31  2.54  4.81  4.43  5.32  7.77 16.86 11.60
 8514.25  3.33  2.64  2.64  2.30  2.31  2.55  4.84  4.44  5.34  7.79 16.85 11.63
 8515.25  3.33  2.65  2.65  2.31  2.32  2.55  4.85  4.45  5.35  7.81 16.83 11.65
 8516.25  3.39  2.70  2.69  2.35  2.36  2.60  4.95  4.53  5.44  7.93 16.97 11.81
 8517.25  3.42  2.73  2.73  2.38  2.39  2.63  5.01  4.58  5.50  8.01 17.06 11.92
 8518.25  3.39  2.71  2.71  2.36  2.37  2.61  4.99  4.55  5.47  7.96 16.94 11.86
 8519.25  3.40  2.72  2.71  2.37  2.38  2.62  5.01  4.56  5.48  7.99 16.93 11.89
 8520.25  3.39  2.71  2.71  2.37  2.37  2.61  5.01  4.55  5.47  7.97 16.86 11.87
 8521.25  3.24  2.60  2.59  2.27  2.27  2.50  4.82  4.37  5.26  7.69 16.38 11.52
 8522.25  2.85  2.29  2.28  1.99  2.00  2.20  4.29  3.87  4.68  6.90 15.04 10.46
 8523.25  2.70  2.16  2.15  1.88  1.88  2.08  4.07  3.66  4.44  6.57 14.43 10.01
 8524.25  2.96  2.38  2.37  2.07  2.08  2.29  4.46  4.01  4.85  7.14 15.35 10.79
 8525.25  3.21  2.59  2.58  2.26  2.26  2.49  4.84  4.35  5.24  7.67 16.17 11.50
 8526.25  3.36  2.71  2.70  2.37  2.37  2.61  5.06  4.54  5.47  7.97 16.60 11.90
 8527.25  3.46  2.80  2.79  2.45  2.45  2.70  5.23  4.69  5.64  8.20 16.89 12.19
 8528.25  3.59  2.91  2.90  2.55  2.55  2.80  5.42  4.85  5.83  8.45 17.22 12.51
 8529.25  3.78  3.07  3.06  2.69  2.69  2.96  5.70  5.10  6.12  8.82 17.70 12.98
 8530.25  3.90  3.18  3.16  2.79  2.78  3.06  5.88  5.26  6.31  9.06 17.98 13.27
 8531.25  3.91  3.20  3.18  2.81  2.80  3.08  5.93  5.29  6.35  9.10 17.99 13.33
 8532.25  3.76  3.07  3.06  2.70  2.69  2.96  5.73  5.10  6.13  8.83 17.57 13.00
 8533.25  3.59  2.93  2.92  2.57  2.56  2.82  5.50  4.88  5.88  8.51 17.06 12.60
 8534.25  3.48  2.84  2.83  2.50  2.49  2.74  5.36  4.74  5.73  8.31 16.72 12.34
 8535.25  3.39  2.77  2.76  2.43  2.42  2.66  5.24  4.63  5.59  8.14 16.41 12.12
 8536.25  3.28  2.68  2.67  2.36  2.35  2.58  5.11  4.50  5.44  7.93 16.06 11.86
 8537.25  3.27  2.68  2.67  2.36  2.34  2.58  5.11  4.49  5.44  7.93 16.01 11.85
 8538.25  3.28  2.68  2.68  2.36  2.35  2.59  5.13  4.50  5.46  7.96 16.00 11.88
 8539.25  2.82  2.30  2.30  2.03  2.01  2.22  4.46  3.90  4.74  6.99 14.40 10.59
 8540.25  1.85  1.51  1.50  1.32  1.31  1.45  2.98  2.59  3.17  4.77 10.37  7.44
 8541.25  1.62  1.31  1.31  1.16  1.15  1.27  2.62  2.26  2.78  4.20  9.22  6.59
 8542.25  2.48  2.03  2.02  1.79  1.77  1.96  3.98  3.45  4.22  6.25 12.99  9.56
 8543.25  3.78  3.12  3.11  2.76  2.74  3.01  5.93  5.18  6.25  8.99 17.21 13.18
 8544.25  3.81  3.15  3.14  2.79  2.77  3.04  5.99  5.22  6.30  9.07 17.27 13.27
 8545.25  4.02  3.33  3.32  2.96  2.93  3.21  6.31  5.49  6.62  9.47 17.74 13.75
 8546.25  4.22  3.50  3.49  3.11  3.08  3.38  6.60  5.75  6.91  9.84 18.16 14.19
 8547.25  4.07  3.37  3.37  3.00  2.97  3.26  6.41  5.56  6.71  9.58 17.79 13.89
 8548.25  3.94  3.26  3.26  2.90  2.87  3.15  6.24  5.40  6.52  9.35 17.44 13.61
 8549.25  3.20  2.64  2.64  2.35  2.32  2.55  5.16  4.44  5.40  7.89 15.32 11.77
 8550.25  1.96  1.60  1.60  1.42  1.40  1.55  3.24  2.75  3.39  5.09 10.60  7.90
 8551.25  1.68  1.38  1.38  1.22  1.21  1.33  2.81  2.38  2.94  4.43  9.33  6.93
 8552.25  2.42  1.99  1.99  1.77  1.75  1.93  4.00  3.40  4.17  6.21 12.48  9.49
 8553.25  3.65  3.02  3.03  2.70  2.67  2.93  5.89  5.05  6.12  8.85 16.50 12.99
 8554.25  3.96  3.29  3.29  2.94  2.90  3.19  6.36  5.45  6.59  9.45 17.25 13.72
 8555.25  3.93  3.27  3.27  2.93  2.89  3.17  6.33  5.42  6.56  9.42 17.14 13.68
 8556.25  4.14  3.45  3.46  3.10  3.05  3.35  6.65  5.70  6.88  9.81 17.58 14.15
 8557.25  4.31  3.60  3.61  3.24  3.19  3.49  6.91  5.92  7.13 10.13 17.91 14.51
 8558.25  4.30  3.59  3.60  3.23  3.18  3.48  6.91  5.90  7.12 10.12 17.84 14.50
 8559.25  4.28  3.57  3.58  3.22  3.17  3.47  6.89  5.88  7.10 10.09 17.75 14.47
 8560.25  4.23  3.54  3.55  3.19  3.14  3.44  6.85  5.83  7.05 10.03 17.61 14.39
 8561.25  4.23  3.54  3.54  3.19  3.13  3.43  6.86  5.83  7.04 10.03 17.55 14.39
 8562.25  4.20  3.51  3.52  3.17  3.11  3.41  6.83  5.79  7.01  9.98 17.43 14.33
 8563.25  4.23  3.54  3.55  3.20  3.14  3.44  6.89  5.84  7.06 10.05 17.45 14.41
 8564.25  4.22  3.53  3.54  3.19  3.13  3.43  6.89  5.83  7.05 10.04 17.38 14.40
 8565.25  4.17  3.50  3.51  3.16  3.11  3.40  6.85  5.78  7.00  9.98 17.25 14.33
 8566.25  4.20  3.52  3.54  3.19  3.13  3.43  6.90  5.82  7.05 10.04 17.26 14.40
 8567.25  4.24  3.56  3.58  3.23  3.16  3.47  6.98  5.88  7.11 10.12 17.29 14.49
 8568.25  4.23  3.55  3.57  3.22  3.15  3.45  6.97  5.86  7.10 10.11 17.21 14.47
 8569.25  4.14  3.47  3.49  3.15  3.09  3.38  6.86  5.75  6.98  9.96 16.97 14.30
 8570.25  4.15  3.48  3.51  3.17  3.10  3.40  6.89  5.77  7.00  9.99 16.94 14.33
 8571.25  4.20  3.53  3.55  3.21  3.14  3.44  6.98  5.84  7.08 10.09 17.00 14.44
 8572.25  4.19  3.52  3.54  3.21  3.14  3.43  6.97  5.83  7.07 10.08 16.92 14.43
 8573.25  4.14  3.47  3.50  3.17  3.09  3.39  6.90  5.76  7.00  9.99 16.75 14.32
 8574.25  3.98  3.34  3.37  3.05  2.98  3.26  6.67  5.57  6.78  9.72 16.35 14.00
 8575.25  3.73  3.12  3.15  2.85  2.78  3.05  6.29  5.24  6.40  9.24 15.69 13.43
 8576.25  3.62  3.03  3.06  2.77  2.70  2.96  6.12  5.10  6.24  9.04 15.36 13.18
 8577.25  3.78  3.16  3.19  2.89  2.82  3.09  6.35  5.31  6.48  9.35 15.70 13.56
 8578.25  3.85  3.22  3.26  2.96  2.88  3.16  6.45  5.41  6.60  9.51 15.83 13.74
 8579.25  3.87  3.24  3.28  2.98  2.90  3.18  6.48  5.44  6.64  9.55 15.83 13.80
 8580.25  3.76  3.15  3.19  2.89  2.81  3.09  6.31  5.30  6.47  9.35 15.51 13.55
 8581.25  3.91  3.28  3.32  3.02  2.94  3.22  6.53  5.51  6.71  9.65 15.82 13.91
 8582.25  4.12  3.46  3.51  3.19  3.10  3.40  6.83  5.78  7.02 10.05 16.24 14.37
 8583.25  4.17  3.51  3.55  3.24  3.14  3.44  6.90  5.85  7.11 10.15 16.30 14.49
 8584.25  4.21  3.54  3.59  3.27  3.18  3.48  6.95  5.90  7.17 10.22 16.33 14.57
 8585.25  4.15  3.49  3.54  3.23  3.13  3.43  6.87  5.84  7.09 10.12 16.15 14.47
 8586.25  4.11  3.46  3.51  3.20  3.10  3.40  6.80  5.79  7.04 10.05 16.01 14.39
 8587.25  4.14  3.48  3.54  3.23  3.13  3.43  6.84  5.83  7.09 10.10 16.02 14.46
 8588.25  4.06  3.41  3.47  3.17  3.07  3.36  6.72  5.73  6.97  9.96 15.79 14.30
 8589.25  3.37  2.82  2.87  2.62  2.53  2.78  5.68  4.82  5.92  8.60 14.02 12.66
 8590.25  2.58  2.15  2.19  1.99  1.92  2.11  4.42  3.73  4.62  6.86 11.55 10.39
 8591.25  2.76  2.30  2.35  2.14  2.06  2.27  4.72  3.99  4.94  7.28 12.11 10.97
 8592.25  3.64  3.05  3.11  2.84  2.74  3.01  6.07  5.19  6.35  9.15 14.57 13.37
 8593.25  3.93  3.31  3.37  3.08  2.97  3.26  6.51  5.59  6.81  9.73 15.24 14.07
 8594.25  3.93  3.30  3.37  3.08  2.97  3.26  6.49  5.58  6.80  9.71 15.17 14.07
 8595.25  3.99  3.36  3.43  3.14  3.02  3.32  6.58  5.67  6.91  9.83 15.26 14.22
 8596.25  4.03  3.39  3.47  3.17  3.05  3.35  6.63  5.73  6.97  9.91 15.29 14.31
 8597.25  3.79  3.18  3.26  2.98  2.86  3.15  6.28  5.41  6.61  9.45 14.68 13.78
 8598.25  2.87  2.40  2.46  2.25  2.15  2.38  4.87  4.17  5.15  7.54 12.12 11.36
 8599.25  2.27  1.89  1.94  1.77  1.69  1.87  3.89  3.33  4.13  6.13 10.07  9.46
 8600.25  2.59  2.16  2.22  2.03  1.94  2.14  4.41  3.78  4.68  6.89 11.12 10.52
 8601.25  3.48  2.92  2.99  2.74  2.62  2.89  5.79  5.01  6.14  8.83 13.68 13.06
 8602.25  3.86  3.25  3.34  3.06  2.93  3.22  6.36  5.53  6.75  9.59 14.58 14.01
 8603.25  3.86  3.25  3.33  3.06  2.92  3.22  6.34  5.53  6.74  9.58 14.51 14.00
 8604.25  3.77  3.17  3.26  2.99  2.85  3.14  6.21  5.41  6.61  9.41 14.24 13.80
 8605.25  3.78  3.18  3.27  3.00  2.87  3.16  6.22  5.43  6.63  9.43 14.22 13.85
 8606.25  3.84  3.23  3.32  3.05  2.91  3.21  6.30  5.51  6.72  9.54 14.29 13.98
 8607.25  3.89  3.28  3.37  3.09  2.95  3.25  6.36  5.58  6.80  9.63 14.35 14.11
 8608.25  3.90  3.29  3.39  3.11  2.96  3.26  6.38  5.60  6.83  9.66 14.35 14.14
 8609.25  3.89  3.28  3.38  3.10  2.95  3.25  6.35  5.59  6.81  9.63 14.30 14.12
 8610.25  3.77  3.18  3.27  3.00  2.86  3.15  6.17  5.43  6.63  9.40 14.00 13.86
 8611.25  3.70  3.12  3.22  2.95  2.81  3.10  6.07  5.35  6.54  9.28 13.83 13.72
 8612.25  3.55  2.99  3.09  2.83  2.69  2.97  5.84  5.15  6.31  8.98 13.45 13.36
 8613.25  3.46  2.91  3.01  2.76  2.62  2.89  5.70  5.03  6.16  8.79 13.19 13.14
 8614.25  3.26  2.74  2.83  2.60  2.47  2.73  5.39  4.76  5.85  8.38 12.65 12.63
 8615.25  3.00  2.52  2.61  2.39  2.26  2.51  4.99  4.40  5.43  7.82 11.91 11.92
 8616.25  2.75  2.30  2.39  2.18  2.07  2.29  4.59  4.05  5.01  7.25 11.14 11.17
 8617.25  2.31  1.93  2.00  1.83  1.73  1.92  3.88  3.43  4.25  6.22  9.69  9.74
 8618.25  2.20  1.85  1.92  1.75  1.66  1.84  3.71  3.28  4.08  5.97  9.32  9.39
 8619.25  2.12  1.77  1.84  1.68  1.59  1.76  3.56  3.15  3.92  5.75  8.99  9.08
 8620.25  1.86  1.55  1.61  1.48  1.39  1.55  3.13  2.78  3.46  5.10  8.02  8.12
 8621.25  1.80  1.51  1.57  1.43  1.35  1.50  3.03  2.69  3.36  4.95  7.79  7.92
 8622.25  1.74  1.45  1.51  1.38  1.30  1.45  2.92  2.60  3.25  4.79  7.54  7.67
 8623.25  1.56  1.31  1.36  1.24  1.17  1.30  2.63  2.35  2.94  4.33  6.85  6.99
 8624.25  1.51  1.26  1.32  1.20  1.13  1.26  2.54  2.27  2.84  4.20  6.63  6.79
 8625.25  1.51  1.26  1.31  1.20  1.13  1.26  2.53  2.27  2.83  4.18  6.59  6.77
 8626.25  1.39  1.17  1.22  1.11  1.05  1.17  2.34  2.10  2.63  3.89  6.14  6.32
 8627.25  1.29  1.08  1.13  1.03  0.97  1.08  2.16  1.95  2.44  3.60  5.69  5.88
 8628.25  1.31  1.10  1.15  1.05  0.99  1.10  2.20  1.98  2.49  3.67  5.78  5.99
 8629.25  1.32  1.11  1.16  1.06  0.99  1.11  2.20  2.00  2.50  3.69  5.80  6.02
 8630.25  1.17  0.98  1.02  0.93  0.88  0.98  1.95  1.77  2.22  3.27  5.16  5.37
 8631.25  1.16  0.97  1.01  0.93  0.87  0.97  1.93  1.75  2.20  3.24  5.11  5.33
 8632.25  1.27  1.06  1.11  1.01  0.95  1.06  2.10  1.92  2.40  3.54  5.55  5.80
 8633.25  1.22  1.03  1.07  0.98  0.92  1.03  2.03  1.85  2.32  3.42  5.36  5.63
 8634.25  1.10  0.92  0.96  0.88  0.83  0.92  1.81  1.66  2.09  3.08  4.82  5.08
 8635.25  1.16  0.97  1.02  0.93  0.87  0.97  1.91  1.76  2.21  3.25  5.08  5.36
 8636.25  1.36  1.14  1.19  1.09  1.02  1.14  2.23  2.06  2.58  3.78  5.88  6.21
 8637.25  1.21  1.02  1.07  0.98  0.92  1.02  2.00  1.85  2.31  3.40  5.29  5.61
 8638.25  1.13  0.96  1.00  0.91  0.86  0.95  1.86  1.72  2.16  3.18  4.95  5.26
 8639.25  1.30  1.10  1.14  1.05  0.98  1.09  2.12  1.97  2.47  3.63  5.61  5.98
 8640.25  1.62  1.37  1.43  1.31  1.23  1.37  2.64  2.46  3.08  4.50  6.89  7.36
 8641.25  1.44  1.22  1.27  1.16  1.09  1.21  2.34  2.18  2.73  4.00  6.14  6.58
 8642.25  1.39  1.18  1.23  1.12  1.05  1.17  2.25  2.11  2.65  3.87  5.94  6.39
 8643.25  1.53  1.30  1.36  1.24  1.17  1.30  2.48  2.33  2.92  4.26  6.51  7.01
 8644.25  1.64  1.40  1.46  1.34  1.25  1.39  2.65  2.50  3.13  4.55  6.92  7.46
 8645.25  2.01  1.71  1.79  1.64  1.53  1.71  3.22  3.05  3.80  5.50  8.25  8.91
 8646.25  2.49  2.13  2.22  2.04  1.91  2.12  3.95  3.76  4.66  6.68  9.86 10.63
 8647.25  2.48  2.12  2.21  2.03  1.90  2.11  3.93  3.74  4.65  6.66  9.81 10.61
 8648.25  1.74  1.48  1.55  1.42  1.33  1.48  2.78  2.65  3.31  4.81  7.22  7.87
 8649.25  1.32  1.13  1.17  1.08  1.01  1.12  2.12  2.02  2.54  3.70  5.61  6.15
 8650.25  1.47  1.25  1.30  1.20  1.12  1.24  2.34  2.24  2.81  4.09  6.17  6.77
 8651.25  1.13  0.96  1.00  0.92  0.86  0.96  1.80  1.73  2.17  3.17  4.81  5.30
 8652.25  0.83  0.71  0.74  0.68  0.63  0.70  1.32  1.28  1.60  2.35  3.57  3.96
 8653.25  0.85  0.73  0.76  0.70  0.65  0.73  1.36  1.31  1.65  2.42  3.67  4.08
 8654.25  1.11  0.95  0.99  0.91  0.85  0.94  1.76  1.70  2.14  3.12  4.70  5.24
 8655.25  1.43  1.23  1.28  1.17  1.09  1.22  2.26  2.19  2.75  4.00  5.98  6.66
 8656.25  1.06  0.91  0.95  0.87  0.81  0.90  1.68  1.63  2.05  3.00  4.50  5.04
 8657.25  0.87  0.75  0.78  0.72  0.67  0.75  1.38  1.35  1.69  2.48  3.72  4.19
 8658.25  0.88  0.75  0.78  0.72  0.67  0.75  1.38  1.35  1.70  2.49  3.73  4.22
 8659.25  1.24  1.06  1.11  1.02  0.95  1.06  1.94  1.91  2.39  3.48  5.17  5.86
 8660.25  1.42  1.22  1.28  1.17  1.09  1.22  2.22  2.19  2.74  3.99  5.89  6.68
 8661.25  0.98  0.84  0.88  0.81  0.75  0.84  1.53  1.51  1.90  2.78  4.13  4.71
 8662.25  0.85  0.73  0.76  0.70  0.65  0.73  1.32  1.31  1.65  2.41  3.58  4.11
 8663.25  0.91  0.78  0.82  0.75  0.70  0.78  1.42  1.41  1.77  2.58  3.83  4.41
 8664.25  1.47  1.27  1.32  1.21  1.13  1.26  2.27  2.26  2.83  4.10  6.01  6.89
 8665.25  1.58  1.36  1.42  1.31  1.22  1.36  2.44  2.43  3.04  4.40  6.43  7.38
 8666.25  0.99  0.86  0.89  0.82  0.76  0.85  1.54  1.53  1.93  2.81  4.15  4.80
 8667.25  0.86  0.74  0.77  0.71  0.66  0.73  1.33  1.33  1.67  2.43  3.60  4.17
 8668.25  0.94  0.81  0.84  0.78  0.72  0.81  1.45  1.46  1.83  2.67  3.94  4.58
 8669.25  1.47  1.28  1.33  1.23  1.14  1.27  2.27  2.28  2.85  4.13  6.02  6.98
 8670.25  1.62  1.41  1.46  1.35  1.25  1.40  2.49  2.50  3.13  4.52  6.57  7.62
 8671.25  1.08  0.94  0.97  0.90  0.83  0.93  1.66  1.68  2.10  3.06  4.49  5.25
 8672.25  0.92  0.80  0.83  0.76  0.71  0.79  1.41  1.43  1.79  2.61  3.84  4.50
 8673.25  0.98  0.85  0.88  0.81  0.75  0.84  1.50  1.52  1.91  2.77  4.07  4.78
 8674.25  1.51  1.31  1.36  1.26  1.17  1.31  2.31  2.34  2.93  4.22  6.14  7.18
 8675.25  2.11  1.84  1.91  1.77  1.64  1.83  3.20  3.25  4.05  5.79  8.29  9.65
 8676.25  1.43  1.24  1.29  1.20  1.11  1.24  2.18  2.22  2.78  4.01  5.83  6.86
 8677.25  1.08  0.94  0.97  0.90  0.83  0.93  1.64  1.68  2.10  3.05  4.46  5.28
 8678.25  1.06  0.92  0.95  0.88  0.82  0.91  1.61  1.65  2.07  3.00  4.38  5.20
 8679.25  1.40  1.22  1.26  1.17  1.08  1.21  2.12  2.18  2.73  3.93  5.70  6.75
 8680.25  2.20  1.93  2.00  1.86  1.72  1.92  3.31  3.40  4.23  6.02  8.56 10.05
 8681.25  2.01  1.76  1.82  1.69  1.57  1.75  3.03  3.11  3.88  5.53  7.90  9.32
 8682.25  1.39  1.21  1.26  1.17  1.08  1.21  2.10  2.17  2.71  3.91  5.66  6.75
 8683.25  1.23  1.07  1.11  1.03  0.95  1.07  1.86  1.92  2.41  3.47  5.04  6.04
 8684.25  1.36  1.19  1.23  1.15  1.06  1.18  2.05  2.12  2.67  3.83  5.54  6.64
 8685.25  2.02  1.77  1.83  1.71  1.57  1.76  3.02  3.13  3.91  5.55  7.90  9.39
 8686.25  2.58  2.27  2.35  2.19  2.02  2.26  3.83  3.97  4.93  6.92  9.71 11.47
 8687.25  2.06  1.81  1.87  1.75  1.61  1.80  3.07  3.20  3.99  5.66  8.04  9.59
 8688.25  1.55  1.37  1.41  1.32  1.21  1.36  2.33  2.43  3.05  4.36  6.26  7.54
 8689.25  1.47  1.29  1.33  1.24  1.14  1.28  2.19  2.30  2.88  4.12  5.92  7.16
 8690.25  1.73  1.52  1.58  1.47  1.35  1.51  2.58  2.70  3.39  4.82  6.88  8.31
 8691.25  2.45  2.16  2.24  2.09  1.92  2.15  3.62  3.79  4.72  6.63  9.28 11.09
 8692.25  2.71  2.40  2.48  2.32  2.14  2.39  3.99  4.19  5.19  7.25 10.07 12.01
 8693.25  2.28  2.02  2.09  1.95  1.79  2.01  3.37  3.55  4.42  6.23  8.75 10.52
 8694.25  1.85  1.64  1.69  1.58  1.45  1.63  2.75  2.90  3.63  5.15  7.30  8.87
 8695.25  1.75  1.54  1.60  1.50  1.37  1.54  2.59  2.74  3.43  4.88  6.93  8.45
 8696.25  1.94  1.72  1.78  1.67  1.53  1.71  2.87  3.04  3.81  5.39  7.61  9.27
 8697.25  2.28  2.02  2.08  1.95  1.79  2.01  3.34  3.55  4.42  6.23  8.71 10.56
 8698.25  2.18  1.93  1.99  1.87  1.71  1.92  3.19  3.40  4.24  5.98  8.38 10.20
 8699.25  2.00  1.77  1.83  1.72  1.58  1.77  2.94  3.14  3.93  5.55  7.80  9.55
 8700.25  1.98  1.75  1.81  1.70  1.56  1.75  2.90  3.10  3.88  5.49  7.71  9.46
 8701.25  1.95  1.73  1.79  1.68  1.53  1.72  2.86  3.06  3.83  5.42  7.60  9.36
 8702.25  1.82  1.61  1.67  1.57  1.43  1.61  2.67  2.86  3.59  5.08  7.15  8.84
 8703.25  1.96  1.74  1.80  1.69  1.54  1.73  2.86  3.08  3.85  5.44  7.62  9.41
 8704.25  2.38  2.12  2.19  2.06  1.88  2.11  3.45  3.72  4.64  6.50  8.99 11.04
 8705.25  2.60  2.32  2.39  2.26  2.06  2.31  3.76  4.05  5.04  7.03  9.66 11.83
 8706.25  2.48  2.21  2.28  2.15  1.96  2.20  3.58  3.87  4.82  6.74  9.28 11.42
 8707.25  2.34  2.08  2.15  2.03  1.85  2.08  3.38  3.66  4.57  6.40  8.85 10.93
 8708.25  2.13  1.90  1.96  1.85  1.69  1.90  3.09  3.36  4.20  5.90  8.18 10.18
 8709.25  1.87  1.66  1.72  1.62  1.47  1.66  2.71  2.95  3.70  5.22  7.28  9.12
 8710.25  1.89  1.69  1.74  1.65  1.49  1.68  2.74  2.99  3.75  5.29  7.36  9.23
 8711.25  2.28  2.04  2.10  1.99  1.81  2.04  3.29  3.59  4.48  6.28  8.64 10.78
 8712.25  2.59  2.31  2.39  2.26  2.05  2.31  3.71  4.05  5.04  7.01  9.57 11.90
 8713.25  2.57  2.30  2.37  2.25  2.04  2.30  3.69  4.02  5.01  6.97  9.51 11.87
 8714.25  2.56  2.29  2.37  2.24  2.03  2.29  3.67  4.02  5.00  6.96  9.49 11.87
 8715.25  2.65  2.37  2.45  2.32  2.10  2.37  3.79  4.15  5.16  7.16  9.73 12.19
 8716.25  2.71  2.43  2.51  2.38  2.15  2.43  3.88  4.25  5.28  7.32  9.91 12.43
 8717.25  2.71  2.43  2.51  2.38  2.15  2.43  3.87  4.24  5.28  7.31  9.90 12.45
 8718.25  2.71  2.43  2.51  2.39  2.16  2.43  3.87  4.25  5.29  7.32  9.91 12.49
 8719.25  2.68  2.40  2.48  2.35  2.13  2.40  3.82  4.20  5.22  7.23  9.79 12.39
 8720.25  2.67  2.40  2.47  2.35  2.12  2.40  3.81  4.20  5.22  7.23  9.78 12.41
 8721.25  2.71  2.43  2.51  2.38  2.15  2.43  3.85  4.25  5.28  7.31  9.88 12.55
 8722.25  2.75  2.47  2.54  2.42  2.18  2.47  3.90  4.32  5.36  7.40  9.99 12.71
 8723.25  2.76  2.47  2.55  2.42  2.19  2.48  3.91  4.33  5.37  7.42 10.01 12.76
 8724.25  2.73  2.45  2.53  2.40  2.17  2.45  3.87  4.29  5.32  7.36  9.93 12.69
 8725.25  2.71  2.43  2.51  2.38  2.15  2.44  3.84  4.27  5.29  7.31  9.87 12.64
 8726.25  2.71  2.43  2.51  2.38  2.15  2.43  3.83  4.27  5.28  7.31  9.86 12.66
 8727.25  2.61  2.34  2.41  2.29  2.07  2.34  3.69  4.12  5.10  7.07  9.56 12.34
 8728.25  2.42  2.17  2.24  2.13  1.92  2.18  3.43  3.84  4.77  6.63  9.01 11.71
 8729.25  2.35  2.10  2.17  2.06  1.86  2.11  3.32  3.73  4.62  6.44  8.77 11.44
 8730.25  2.58  2.32  2.39  2.27  2.05  2.33  3.64  4.09  5.06  7.02  9.49 12.33
 8731.25  2.78  2.50  2.57  2.44  2.20  2.50  3.90  4.39  5.41  7.47 10.04 13.02
 8732.25  2.80  2.52  2.60  2.46  2.23  2.53  3.93  4.43  5.45  7.53 10.11 13.12
 8733.25  2.81  2.52  2.60  2.46  2.23  2.53  3.93  4.43  5.45  7.53 10.11 13.16
 8734.25  2.83  2.55  2.62  2.48  2.24  2.55  3.96  4.47  5.49  7.58 10.17 13.25
 8735.25  2.79  2.51  2.58  2.45  2.21  2.52  3.90  4.41  5.42  7.49 10.05 13.14
 8736.25  2.73  2.46  2.53  2.40  2.17  2.47  3.82  4.33  5.32  7.36  9.89 12.98
 8737.25  2.74  2.46  2.54  2.40  2.17  2.47  3.82  4.34  5.33  7.37  9.90 13.01
 8738.25  2.71  2.44  2.51  2.38  2.15  2.45  3.78  4.31  5.28  7.31  9.82 12.95
 8739.25  2.53  2.28  2.35  2.22  2.00  2.29  3.54  4.04  4.96  6.89  9.30 12.35
 8740.25  2.43  2.19  2.25  2.13  1.92  2.20  3.40  3.89  4.77  6.65  8.99 12.00
 8741.25  2.43  2.19  2.26  2.13  1.93  2.20  3.40  3.89  4.78  6.65  8.99 12.03
 8742.25  2.36  2.13  2.19  2.07  1.87  2.14  3.30  3.79  4.65  6.48  8.77 11.79
 8743.25  2.39  2.16  2.22  2.09  1.89  2.17  3.33  3.84  4.70  6.55  8.86 11.92
 8744.25  2.57  2.31  2.38  2.25  2.03  2.32  3.56  4.10  5.01  6.95  9.37 12.57
 8745.25  2.53  2.28  2.34  2.21  2.00  2.29  3.51  4.05  4.94  6.86  9.26 12.46
 8746.25  2.59  2.33  2.40  2.26  2.04  2.34  3.58  4.14  5.05  6.99  9.42 12.69
 8747.25  2.68  2.41  2.48  2.34  2.11  2.42  3.69  4.27  5.20  7.19  9.67 13.02
 8748.25  2.69  2.43  2.49  2.35  2.13  2.44  3.71  4.30  5.23  7.22  9.71 13.09
 8749.25  2.68  2.42  2.48  2.34  2.11  2.43  3.68  4.28  5.20  7.18  9.66 13.06
 8750.25  2.72  2.46  2.52  2.38  2.15  2.47  3.74  4.35  5.28  7.27  9.78 13.23
 8751.25  2.68  2.42  2.48  2.34  2.11  2.43  3.68  4.28  5.20  7.17  9.65 13.10
 8752.25  2.43  2.19  2.24  2.11  1.91  2.20  3.33  3.89  4.74  6.56  8.90 12.20
 8753.25  2.46  2.21  2.27  2.14  1.93  2.22  3.37  3.94  4.79  6.62  8.98 12.33
 8754.25  2.74  2.46  2.53  2.38  2.15  2.48  3.73  4.37  5.28  7.26  9.78 13.34
 8755.25  2.81  2.53  2.60  2.44  2.21  2.55  3.83  4.48  5.41  7.43  9.99 13.61
 8756.25  2.83  2.55  2.61  2.46  2.22  2.56  3.85  4.51  5.44  7.46 10.02 13.69
 8757.25  2.81  2.53  2.59  2.44  2.20  2.54  3.82  4.48  5.40  7.41  9.97 13.64
 8758.25  2.73  2.46  2.52  2.37  2.14  2.47  3.71  4.36  5.26  7.22  9.74 13.39
 8759.25  2.17  1.95  2.00  1.88  1.69  1.96  2.96  3.50  4.24  5.87  8.02 11.26
 8760.25  1.18  1.06  1.09  1.02  0.92  1.06  1.62  1.93  2.35  3.30  4.60  6.66
 8761.25  0.87  0.78  0.80  0.74  0.67  0.78  1.19  1.42  1.73  2.44  3.41  4.99
 8762.25  0.80  0.71  0.73  0.69  0.62  0.72  1.10  1.31  1.59  2.25  3.15  4.62
 8763.25  0.58  0.52  0.53  0.50  0.45  0.52  0.79  0.95  1.16  1.63  2.30  3.38
 8764.25  0.59  0.53  0.54  0.50  0.45  0.53  0.81  0.97  1.18  1.66  2.33  3.45
 8765.25  1.05  0.94  0.96  0.90  0.81  0.94  1.43  1.71  2.08  2.92  4.08  6.00
 8766.25  1.82  1.63  1.67  1.56  1.41  1.64  2.47  2.95  3.57  4.95  6.84  9.87
 8767.25  1.51  1.36  1.39  1.29  1.17  1.36  2.06  2.47  2.98  4.15  5.77  8.41
 8768.25  0.82  0.73  0.75  0.70  0.63  0.74  1.12  1.34  1.63  2.29  3.21  4.78
 8769.25  0.57  0.51  0.52  0.49  0.44  0.51  0.78  0.94  1.14  1.60  2.25  3.37
 8770.25  0.48  0.43  0.44  0.41  0.37  0.43  0.65  0.79  0.96  1.34  1.90  2.86
 8771.25  0.67  0.60  0.61  0.57  0.51  0.60  0.90  1.10  1.32  1.86  2.61  3.95
 8772.25  1.40  1.25  1.28  1.19  1.07  1.26  1.89  2.28  2.75  3.82  5.33  7.94
 8773.25  2.17  1.94  1.98  1.85  1.67  1.96  2.91  3.51  4.20  5.77  7.93 11.58
 8774.25  2.66  2.39  2.43  2.27  2.06  2.40  3.55  4.27  5.08  6.92  9.40 13.53
 8775.25  2.80  2.52  2.56  2.39  2.17  2.53  3.73  4.49  5.32  7.23  9.80 14.07
 8776.25  2.40  2.15  2.19  2.04  1.85  2.17  3.21  3.88  4.61  6.30  8.63 12.62
 8777.25  1.30  1.16  1.18  1.10  0.99  1.17  1.74  2.13  2.54  3.53  4.95  7.54
 8778.25  0.74  0.66  0.67  0.62  0.56  0.66  0.99  1.21  1.45  2.03  2.87  4.45
 8779.25  0.65  0.58  0.59  0.54  0.49  0.58  0.87  1.06  1.27  1.78  2.52  3.93
 8780.25  0.51  0.46  0.46  0.43  0.39  0.46  0.68  0.84  1.00  1.40  1.99  3.13
 8781.25  0.53  0.47  0.48  0.45  0.40  0.48  0.71  0.88  1.05  1.46  2.07  3.27
 8782.25  1.09  0.97  0.98  0.91  0.83  0.98  1.45  1.79  2.12  2.95  4.17  6.51
 8783.25  2.46  2.20  2.23  2.08  1.89  2.21  3.25  3.98  4.68  6.37  8.75 13.08
 8784.25  2.95  2.65  2.68  2.50  2.27  2.66  3.88  4.73  5.54  7.47 10.15 14.94
 8785.25  2.98  2.67  2.70  2.52  2.29  2.68  3.91  4.77  5.58  7.53 10.22 15.07
 8786.25  2.87  2.57  2.60  2.42  2.20  2.58  3.77  4.61  5.39  7.28  9.92 14.75
 8787.25  2.75  2.46  2.49  2.32  2.11  2.47  3.61  4.43  5.17  7.01  9.59 14.37
 8788.25  2.75  2.47  2.49  2.32  2.11  2.48  3.62  4.44  5.18  7.01  9.60 14.44
 8789.25  2.75  2.47  2.49  2.32  2.11  2.48  3.61  4.44  5.18  7.01  9.60 14.48
 8790.25  2.68  2.40  2.42  2.25  2.05  2.41  3.51  4.33  5.04  6.83  9.39 14.25
 8791.25  2.28  2.04  2.06  1.91  1.74  2.05  3.00  3.71  4.33  5.91  8.19 12.68
 8792.25  1.24  1.11  1.12  1.04  0.94  1.11  1.64  2.05  2.40  3.32  4.71  7.61
 8793.25  0.76  0.68  0.68  0.63  0.58  0.68  1.01  1.26  1.48  2.06  2.94  4.84
 8794.25  0.87  0.78  0.78  0.73  0.66  0.78  1.15  1.45  1.69  2.35  3.36  5.53
 8795.25  1.75  1.57  1.57  1.46  1.33  1.57  2.30  2.88  3.35  4.60  6.47 10.36
 8796.25  2.79  2.50  2.51  2.33  2.13  2.50  3.63  4.51  5.20  7.03  9.66 14.88
 8797.25  2.91  2.62  2.62  2.44  2.22  2.61  3.78  4.70  5.41  7.29  9.99 15.36
 8798.25  2.89  2.60  2.60  2.42  2.21  2.60  3.75  4.68  5.38  7.24  9.95 15.34
 8799.25  2.90  2.60  2.60  2.42  2.21  2.60  3.75  4.68  5.38  7.24  9.95 15.39
 8800.25  2.85  2.56  2.56  2.38  2.17  2.56  3.69  4.61  5.30  7.13  9.82 15.27
 8801.25  2.85  2.57  2.56  2.38  2.17  2.56  3.69  4.62  5.30  7.13  9.82 15.32
 8802.25  2.91  2.62  2.61  2.43  2.22  2.61  3.76  4.71  5.39  7.25  9.98 15.56
 8803.25  2.85  2.57  2.56  2.38  2.17  2.56  3.69  4.62  5.29  7.12  9.81 15.39
 8804.25  2.73  2.45  2.44  2.27  2.07  2.44  3.53  4.44  5.07  6.84  9.46 14.98
 8805.25  2.82  2.53  2.52  2.34  2.14  2.52  3.63  4.57  5.21  7.02  9.70 15.33
 8806.25  2.96  2.66  2.65  2.46  2.25  2.65  3.81  4.79  5.45  7.32 10.07 15.86
 8807.25  2.98  2.69  2.67  2.48  2.27  2.67  3.83  4.83  5.49  7.36 10.13 15.99
 8808.25  2.96  2.67  2.65  2.46  2.25  2.65  3.80  4.80  5.44  7.31 10.07 15.95
 8809.25  2.94  2.65  2.63  2.44  2.23  2.63  3.77  4.77  5.41  7.25 10.01 15.92
 8810.25  2.65  2.39  2.37  2.20  2.01  2.38  3.42  4.34  4.92  6.64  9.23 14.93
 8811.25  2.06  1.85  1.83  1.70  1.55  1.84  2.66  3.40  3.87  5.27  7.45 12.44
 8812.25  1.78  1.60  1.59  1.47  1.34  1.59  2.30  2.96  3.36  4.60  6.55 11.12
 8813.25  1.99  1.79  1.77  1.65  1.50  1.78  2.57  3.29  3.74  5.10  7.22 12.19
 8814.25  2.56  2.31  2.28  2.12  1.93  2.29  3.29  4.19  4.74  6.40  8.95 14.72
 8815.25  2.85  2.58  2.54  2.36  2.16  2.55  3.65  4.64  5.24  7.03  9.76 15.86
 8816.25  2.89  2.62  2.58  2.40  2.19  2.59  3.70  4.71  5.31  7.12  9.87 16.06
 8817.25  2.93  2.66  2.62  2.43  2.23  2.63  3.75  4.78  5.38  7.21  9.99 16.26
 8818.25  2.94  2.67  2.63  2.44  2.23  2.64  3.76  4.79  5.39  7.22 10.01 16.33
 8819.25  2.90  2.63  2.58  2.40  2.19  2.59  3.70  4.72  5.31  7.11  9.88 16.20
 8820.25  2.85  2.58  2.54  2.36  2.16  2.55  3.64  4.65  5.22  7.01  9.75 16.08
 8821.25  2.81  2.55  2.50  2.32  2.12  2.51  3.58  4.59  5.15  6.91  9.64 15.97
 8822.25  2.71  2.46  2.41  2.24  2.05  2.42  3.45  4.43  4.98  6.69  9.36 15.63
 8823.25  2.46  2.23  2.19  2.03  1.86  2.20  3.14  4.05  4.55  6.14  8.65 14.69
 8824.25  2.13  1.93  1.89  1.75  1.60  1.90  2.72  3.52  3.96  5.37  7.64 13.24
 8825.25  2.04  1.85  1.81  1.68  1.54  1.82  2.62  3.39  3.81  5.17  7.38 12.89
 8826.25  1.73  1.57  1.53  1.42  1.30  1.54  2.21  2.88  3.24  4.41  6.33 11.28
 8827.25  0.94  0.85  0.83  0.77  0.70  0.83  1.20  1.58  1.78  2.44  3.55  6.59
 8828.25  0.50  0.45  0.44  0.41  0.37  0.44  0.64  0.84  0.95  1.30  1.91  3.61
 8829.25  0.32  0.29  0.28  0.26  0.24  0.28  0.41  0.54  0.60  0.83  1.22  2.33
 8830.25  0.38  0.34  0.34  0.31  0.28  0.34  0.49  0.64  0.72  0.99  1.46  2.80
 8831.25  0.91  0.83  0.81  0.75  0.68  0.81  1.17  1.53  1.72  2.36  3.45  6.55
 8832.25  1.87  1.70  1.66  1.53  1.41  1.66  2.38  3.11  3.49  4.73  6.81 12.47
 8833.25  1.77  1.61  1.57  1.45  1.33  1.57  2.26  2.96  3.31  4.49  6.48 12.02
 8834.25  1.57  1.43  1.39  1.29  1.18  1.39  2.00  2.63  2.94  4.00  5.80 10.93
 8835.25  1.29  1.18  1.14  1.06  0.97  1.15  1.65  2.17  2.43  3.31  4.83  9.29
 8836.25  1.35  1.23  1.19  1.10  1.01  1.20  1.72  2.26  2.54  3.45  5.04  9.71
 8837.25  1.10  1.00  0.97  0.90  0.82  0.97  1.40  1.85  2.07  2.82  4.13  8.10
 8838.25  0.58  0.53  0.52  0.48  0.44  0.52  0.75  0.99  1.11  1.51  2.23  4.48
 8839.25  0.53  0.48  0.47  0.43  0.40  0.47  0.68  0.90  1.01  1.37  2.03  4.11
 8840.25  0.96  0.87  0.84  0.78  0.72  0.85  1.22  1.61  1.80  2.46  3.61  7.25
 8841.25  2.13  1.95  1.89  1.75  1.61  1.89  2.70  3.54  3.94  5.30  7.61 14.38
 8842.25  2.81  2.58  2.49  2.31  2.13  2.50  3.54  4.62  5.12  6.80  9.62 17.53
 8843.25  2.91  2.67  2.58  2.40  2.21  2.59  3.66  4.78  5.29  7.01  9.90 17.99
 8844.25  2.94  2.70  2.61  2.42  2.23  2.62  3.70  4.83  5.35  7.07  9.98 18.19
 8845.25  2.92  2.69  2.59  2.41  2.22  2.60  3.67  4.80  5.31  7.02  9.92 18.19
 8846.25  2.72  2.50  2.41  2.24  2.06  2.42  3.42  4.49  4.97  6.60  9.38 17.50
 8847.25  2.20  2.03  1.95  1.81  1.67  1.96  2.78  3.67  4.08  5.46  7.87 15.29
 8848.25  2.07  1.90  1.83  1.70  1.57  1.84  2.62  3.46  3.84  5.15  7.46 14.70
 8849.25  2.39  2.20  2.12  1.96  1.81  2.12  3.01  3.97  4.40  5.87  8.43 16.32
 8850.25  2.18  2.00  1.93  1.78  1.65  1.93  2.74  3.63  4.02  5.38  7.77 15.33
 8851.25  1.20  1.10  1.06  0.98  0.90  1.06  1.52  2.03  2.26  3.06  4.51  9.52
 8852.25  0.87  0.80  0.77  0.71  0.65  0.77  1.10  1.47  1.64  2.23  3.30  7.14
 8853.25  1.17  1.08  1.03  0.96  0.88  1.04  1.48  1.98  2.20  2.98  4.40  9.40
 8854.25  2.20  2.03  1.94  1.80  1.66  1.95  2.76  3.67  4.06  5.42  7.82 15.70
 8855.25  2.81  2.59  2.49  2.31  2.13  2.49  3.52  4.64  5.11  6.77  9.62 18.60
 8856.25  2.78  2.57  2.47  2.29  2.12  2.47  3.48  4.60  5.07  6.71  9.55 18.57
 8857.25  2.73  2.53  2.42  2.25  2.08  2.43  3.42  4.53  4.99  6.61  9.42 18.46
 8858.25  2.66  2.46  2.36  2.19  2.02  2.36  3.34  4.42  4.87  6.46  9.22 18.24
 8859.25  2.71  2.51  2.40  2.22  2.06  2.40  3.39  4.49  4.94  6.55  9.34 18.51
 8860.25  2.81  2.61  2.49  2.31  2.14  2.50  3.51  4.65  5.11  6.77  9.63 19.03
 8861.25  2.81  2.60  2.49  2.31  2.14  2.49  3.51  4.65  5.11  6.76  9.63 19.10
 8862.25  2.71  2.51  2.40  2.22  2.06  2.40  3.39  4.49  4.94  6.55  9.35 18.78
 8863.25  2.35  2.18  2.08  1.92  1.78  2.08  2.94  3.93  4.32  5.76  8.31 17.23
 8864.25  1.98  1.83  1.75  1.61  1.49  1.75  2.48  3.32  3.66  4.91  7.16 15.35
 8865.25  1.89  1.76  1.67  1.55  1.43  1.67  2.38  3.19  3.52  4.72  6.89 14.95
 8866.25  2.20  2.04  1.94  1.80  1.66  1.94  2.75  3.68  4.05  5.41  7.85 16.68
 8867.25  2.53  2.35  2.24  2.07  1.92  2.24  3.16  4.22  4.63  6.16  8.85 18.41
 8868.25  1.58  1.47  1.40  1.29  1.20  1.40  1.99  2.68  2.95  3.97  5.83 13.05
 8869.25  0.75  0.69  0.66  0.61  0.56  0.66  0.94  1.27  1.41  1.91  2.84  6.76
 8870.25  0.62  0.57  0.54  0.50  0.46  0.54  0.78  1.05  1.16  1.58  2.36  5.67
 8871.25  1.03  0.96  0.90  0.84  0.77  0.90  1.29  1.75  1.93  2.61  3.87  9.16
 8872.25  2.25  2.10  1.99  1.84  1.71  1.99  2.81  3.77  4.14  5.52  7.99 17.31
 8873.25  2.85  2.66  2.52  2.34  2.17  2.52  3.54  4.73  5.17  6.83  9.75 20.26
 8874.25  2.94  2.76  2.61  2.42  2.24  2.60  3.66  4.88  5.33  7.03 10.01 20.71
 8875.25  3.01  2.82  2.67  2.47  2.30  2.66  3.74  4.98  5.44  7.17 10.18 21.04
 8876.25  3.01  2.82  2.67  2.47  2.30  2.66  3.74  4.98  5.44  7.16 10.18 21.12
 8877.25  2.99  2.81  2.65  2.46  2.28  2.65  3.72  4.96  5.41  7.13 10.14 21.14
 8878.25  2.98  2.80  2.65  2.45  2.28  2.64  3.70  4.95  5.40  7.11 10.12 21.17
 8879.25  3.00  2.82  2.66  2.47  2.29  2.66  3.72  4.98  5.43  7.15 10.16 21.30
 8880.25  3.04  2.86  2.70  2.50  2.32  2.69  3.77  5.04  5.49  7.22 10.27 21.54
 8881.25  3.05  2.87  2.71  2.51  2.33  2.70  3.78  5.06  5.52  7.25 10.30 21.68
 8882.25  3.00  2.83  2.66  2.47  2.29  2.65  3.72  4.98  5.44  7.15 10.17 21.58
 8883.25  2.98  2.81  2.64  2.45  2.27  2.63  3.69  4.95  5.40  7.10 10.12 21.57
 8884.25  2.98  2.81  2.64  2.45  2.27  2.63  3.69  4.95  5.40  7.09 10.11 21.58
 8885.25  2.84  2.68  2.52  2.33  2.17  2.51  3.52  4.74  5.17  6.81  9.75 21.01
 8886.25  1.53  1.44  1.35  1.25  1.16  1.34  1.91  2.60  2.85  3.82  5.64 13.46
 8887.25  0.55  0.52  0.48  0.45  0.41  0.48  0.69  0.94  1.04  1.40  2.11  5.37
 8888.25  0.36  0.34  0.32  0.29  0.27  0.32  0.45  0.62  0.68  0.92  1.39  3.55
 8889.25  0.51  0.48  0.45  0.41  0.38  0.45  0.64  0.88  0.96  1.30  1.96  4.96
 8890.25  1.31  1.24  1.16  1.07  0.99  1.15  1.64  2.25  2.46  3.30  4.91 11.79
 8891.25  2.21  2.09  1.96  1.81  1.68  1.94  2.75  3.74  4.09  5.43  7.93 17.80
 8892.25  2.33  2.21  2.06  1.91  1.77  2.05  2.90  3.93  4.29  5.69  8.29 18.37
 8893.25  2.61  2.48  2.31  2.14  1.99  2.30  3.24  4.38  4.78  6.31  9.12 19.66
 8894.25  2.93  2.78  2.60  2.40  2.24  2.58  3.63  4.89  5.32  6.98 10.00 20.95
 8895.25  3.03  2.88  2.69  2.49  2.32  2.67  3.75  5.05  5.49  7.19 10.28 21.29
 8896.25  2.86  2.72  2.54  2.35  2.18  2.52  3.55  4.79  5.21  6.84  9.82 20.58
 8897.25  2.46  2.34  2.18  2.01  1.87  2.16  3.06  4.15  4.52  5.97  8.68 18.77
 8898.25  2.27  2.16  2.01  1.86  1.73  1.99  2.83  3.85  4.20  5.56  8.12 17.80
 8899.25  2.32  2.22  2.06  1.90  1.77  2.04  2.89  3.94  4.29  5.68  8.29 18.04
 8900.25  2.65  2.53  2.35  2.18  2.02  2.33  3.29  4.46  4.86  6.40  9.25 19.52
 8901.25  3.00  2.87  2.66  2.47  2.30  2.64  3.72  5.01  5.45  7.13 10.21 20.89
 8902.25  3.06  2.93  2.72  2.52  2.34  2.69  3.79  5.11  5.55  7.26 10.37 21.08
 8903.25  2.43  2.33  2.16  2.00  1.86  2.14  3.03  4.12  4.48  5.92  8.60 18.27
 8904.25  1.05  1.00  0.93  0.86  0.79  0.92  1.31  1.81  1.98  2.66  3.99  9.37
 8905.25  0.58  0.55  0.51  0.47  0.44  0.51  0.72  1.00  1.10  1.48  2.23  5.36
 8906.25  0.65  0.63  0.58  0.53  0.49  0.57  0.82  1.13  1.24  1.67  2.52  6.01
 8907.25  1.37  1.32  1.21  1.12  1.04  1.20  1.72  2.37  2.58  3.46  5.15 11.73
 8908.25  2.54  2.44  2.26  2.09  1.94  2.23  3.17  4.32  4.68  6.18  8.96 18.66
 8909.25  2.78  2.68  2.47  2.29  2.12  2.45  3.46  4.71  5.10  6.70  9.65 19.69
 8910.25  2.36  2.28  2.10  1.94  1.80  2.08  2.95  4.04  4.38  5.79  8.44 17.75
 8911.25  2.16  2.08  1.91  1.77  1.64  1.89  2.70  3.71  4.02  5.33  7.81 16.66
 8912.25  2.24  2.16  1.98  1.84  1.70  1.96  2.79  3.85  4.16  5.51  8.06 17.04
 8913.25  2.51  2.42  2.22  2.06  1.91  2.20  3.12  4.29  4.63  6.11  8.87 18.30
 8914.25  2.87  2.78  2.55  2.37  2.20  2.52  3.57  4.89  5.26  6.89  9.91 19.82
 8915.25  3.01  2.91  2.67  2.48  2.30  2.65  3.74  5.11  5.49  7.18 10.28 20.29
 8916.25  2.99  2.89  2.65  2.47  2.28  2.63  3.71  5.08  5.45  7.13 10.22 20.15
 8917.25  2.87  2.79  2.55  2.37  2.20  2.53  3.57  4.91  5.26  6.90  9.92 19.66
 8918.25  2.83  2.75  2.51  2.34  2.16  2.49  3.52  4.85  5.19  6.82  9.81 19.45
 8919.25  2.51  2.44  2.23  2.07  1.92  2.20  3.13  4.34  4.64  6.12  8.89 18.01
 8920.25  1.15  1.11  1.01  0.94  0.87  1.00  1.44  2.03  2.17  2.91  4.36  9.65
 8921.25  0.45  0.44  0.40  0.37  0.34  0.39  0.56  0.80  0.86  1.15  1.74  3.99
 8922.25  0.35  0.34  0.31  0.28  0.26  0.30  0.44  0.62  0.66  0.89  1.35  3.08
 8923.25  0.57  0.55  0.50  0.46  0.43  0.49  0.71  1.01  1.08  1.45  2.19  4.96
 8924.25  1.54  1.50  1.36  1.27  1.17  1.35  1.93  2.72  2.90  3.87  5.75 12.25
 8925.25  2.55  2.49  2.26  2.11  1.95  2.24  3.19  4.45  4.72  6.23  9.04 17.96
 8926.25  2.51  2.46  2.23  2.08  1.92  2.21  3.14  4.39  4.66  6.15  8.93 17.74
 8927.25  2.53  2.47  2.24  2.09  1.93  2.22  3.16  4.43  4.68  6.18  8.98 17.75
 8928.25  2.41  2.36  2.14  1.99  1.84  2.11  3.01  4.24  4.48  5.92  8.62 17.13
 8929.25  2.07  2.03  1.83  1.71  1.58  1.81  2.60  3.67  3.88  5.15  7.57 15.36
 8930.25  1.87  1.84  1.66  1.55  1.42  1.64  2.35  3.34  3.52  4.69  6.93 14.23
 8931.25  2.05  2.02  1.82  1.70  1.56  1.80  2.58  3.65  3.85  5.12  7.52 15.21
 8932.25  2.40  2.36  2.13  1.99  1.84  2.11  3.01  4.26  4.47  5.92  8.62 16.95
 8933.25  2.63  2.59  2.33  2.18  2.01  2.31  3.29  4.64  4.86  6.42  9.28 17.88
 8934.25  2.69  2.66  2.39  2.24  2.06  2.37  3.37  4.75  4.97  6.56  9.46 18.08
 8935.25  2.61  2.58  2.32  2.17  2.00  2.30  3.27  4.63  4.84  6.39  9.25 17.74
 8936.25  2.43  2.41  2.16  2.02  1.86  2.14  3.05  4.34  4.53  6.00  8.73 16.91
 8937.25  2.33  2.31  2.07  1.94  1.78  2.05  2.93  4.17  4.35  5.78  8.43 16.41
 8938.25  2.33  2.31  2.07  1.94  1.78  2.05  2.93  4.18  4.35  5.77  8.43 16.35
 8939.25  2.45  2.43  2.18  2.04  1.88  2.16  3.08  4.39  4.56  6.05  8.80 16.85
 8940.25  2.55  2.53  2.26  2.12  1.95  2.24  3.20  4.56  4.73  6.26  9.08 17.19
 8941.25  2.53  2.52  2.25  2.11  1.94  2.23  3.19  4.55  4.71  6.24  9.05 17.10
 8942.25  2.58  2.57  2.30  2.16  1.98  2.27  3.25  4.63  4.79  6.34  9.20 17.25
 8943.25  2.54  2.53  2.26  2.12  1.95  2.24  3.20  4.57  4.72  6.26  9.09 17.04
 8944.25  1.41  1.41  1.25  1.17  1.08  1.24  1.79  2.59  2.68  3.60  5.38 10.77
 8945.25  0.67  0.67  0.60  0.56  0.51  0.59  0.85  1.25  1.29  1.75  2.64  5.47
 8946.25  0.60  0.60  0.54  0.50  0.46  0.53  0.77  1.12  1.16  1.57  2.38  4.91
 8947.25  1.12  1.12  0.99  0.93  0.85  0.98  1.42  2.08  2.14  2.89  4.34  8.71
 8948.25  2.35  2.36  2.09  1.97  1.81  2.07  2.97  4.28  4.39  5.83  8.52 15.83
 8949.25  2.75  2.76  2.45  2.31  2.12  2.43  3.46  4.98  5.09  6.73  9.73 17.56
 8950.25  2.68  2.69  2.39  2.25  2.06  2.36  3.38  4.86  4.97  6.58  9.53 17.23
 8951.25  2.66  2.68  2.37  2.23  2.05  2.34  3.35  4.84  4.93  6.53  9.47 17.04
 8952.25  2.63  2.65  2.35  2.21  2.03  2.32  3.32  4.79  4.88  6.47  9.38 16.83
 8953.25  2.33  2.36  2.08  1.96  1.80  2.06  2.95  4.29  4.37  5.82  8.51 15.51
 8954.25  1.92  1.94  1.71  1.61  1.48  1.69  2.44  3.57  3.62  4.86  7.19 13.36
 8955.25  1.98  2.00  1.77  1.66  1.52  1.74  2.51  3.68  3.73  5.01  7.39 13.63
 8956.25  2.49  2.53  2.23  2.10  1.92  2.20  3.16  4.60  4.65  6.19  9.03 16.09
 8957.25  2.72  2.76  2.44  2.30  2.11  2.40  3.44  5.01  5.06  6.71  9.71 17.02
 8958.25  1.86  1.90  1.67  1.57  1.44  1.64  2.37  3.50  3.53  4.74  7.01 12.83
 8959.25  0.71  0.72  0.63  0.59  0.54  0.62  0.91  1.36  1.36  1.86  2.82  5.44
 8960.25  0.40  0.40  0.35  0.33  0.30  0.35  0.51  0.76  0.76  1.04  1.59  3.08
 8961.25  0.44  0.45  0.39  0.37  0.34  0.39  0.56  0.85  0.85  1.16  1.76  3.40
 8962.25  0.92  0.94  0.82  0.78  0.71  0.81  1.18  1.78  1.77  2.41  3.65  6.87
 8963.25  2.13  2.18  1.91  1.80  1.65  1.88  2.72  4.02  4.01  5.37  7.89 13.85
 8964.25  2.67  2.74  2.40  2.27  2.08  2.37  3.40  5.00  4.97  6.61  9.56 16.25
 8965.25  2.53  2.60  2.28  2.15  1.97  2.25  3.23  4.77  4.73  6.31  9.16 15.60
 8966.25  2.47  2.54  2.23  2.10  1.93  2.19  3.16  4.68  4.63  6.18  9.00 15.32
 8967.25  2.62  2.70  2.36  2.23  2.04  2.32  3.34  4.96  4.90  6.53  9.49 16.01
 8968.25  2.80  2.89  2.53  2.39  2.19  2.49  3.57  5.29  5.22  6.94 10.04 16.72
 8969.25  2.87  2.97  2.59  2.45  2.24  2.55  3.66  5.42  5.34  7.10 10.24 16.92
 8970.25  2.62  2.71  2.37  2.24  2.05  2.33  3.35  4.99  4.91  6.55  9.50 15.80
 8971.25  2.27  2.36  2.05  1.94  1.77  2.02  2.92  4.37  4.29  5.75  8.41 14.13
 8972.25  2.09  2.17  1.89  1.78  1.63  1.86  2.69  4.05  3.97  5.34  7.87 13.32
 8973.25  1.80  1.88  1.63  1.54  1.40  1.60  2.33  3.54  3.45  4.67  6.95 11.94
 8974.25  1.86  1.94  1.68  1.59  1.45  1.65  2.40  3.65  3.56  4.81  7.15 12.16
 8975.25  2.40  2.50  2.17  2.05  1.88  2.14  3.09  4.66  4.53  6.08  8.89 14.62
 8976.25  2.63  2.75  2.39  2.26  2.07  2.35  3.39  5.10  4.95  6.63  9.63 15.61
 8977.25  2.68  2.81  2.44  2.30  2.11  2.39  3.45  5.20  5.04  6.74  9.79 15.79
 8978.25  2.75  2.89  2.51  2.37  2.17  2.46  3.55  5.35  5.18  6.92 10.03 16.04
 8979.25  2.63  2.77  2.40  2.27  2.08  2.35  3.40  5.14  4.96  6.64  9.65 15.42
 8980.25  2.21  2.32  2.01  1.90  1.74  1.97  2.86  4.36  4.20  5.66  8.30 13.43
 8981.25  2.17  2.29  1.97  1.87  1.71  1.94  2.81  4.31  4.14  5.58  8.21 13.27
 8982.25  2.24  2.36  2.04  1.93  1.76  2.00  2.90  4.46  4.27  5.77  8.50 13.68
 8983.25  2.02  2.13  1.84  1.74  1.59  1.80  2.63  4.06  3.88  5.26  7.80 12.65
 8984.25  1.98  2.10  1.81  1.71  1.56  1.77  2.58  4.00  3.81  5.18  7.69 12.43
 8985.25  2.22  2.36  2.03  1.92  1.76  1.99  2.89  4.46  4.25  5.75  8.46 13.44
 8986.25  2.30  2.44  2.10  1.99  1.82  2.06  2.98  4.60  4.37  5.90  8.63 13.51
 8987.25  1.83  1.95  1.67  1.59  1.45  1.64  2.39  3.71  3.52  4.78  7.08 11.24
 8988.25  1.58  1.69  1.44  1.37  1.25  1.42  2.07  3.24  3.07  4.19  6.26 10.02
 8989.25  1.24  1.33  1.13  1.08  0.98  1.11  1.63  2.57  2.42  3.33  5.01  8.11
 8990.25  0.67  0.72  0.61  0.58  0.53  0.60  0.88  1.40  1.32  1.82  2.77  4.55
 8991.25  0.57  0.61  0.52  0.49  0.45  0.51  0.75  1.19  1.12  1.55  2.36  3.86
 8992.25  1.11  1.21  1.02  0.97  0.88  1.00  1.47  2.33  2.18  3.00  4.53  7.23
 8993.25  2.21  2.39  2.02  1.93  1.76  1.99  2.89  4.53  4.25  5.76  8.47 12.92
 8994.25  2.00  2.17  1.83  1.74  1.59  1.80  2.62  4.14  3.87  5.27  7.81 12.01
 8995.25  1.91  2.08  1.75  1.67  1.52  1.71  2.51  3.97  3.70  5.06  7.51 11.55
 8996.25  2.43  2.64  2.23  2.12  1.94  2.18  3.17  4.98  4.65  6.29  9.20 13.77
 8997.25  2.84  3.10  2.61  2.49  2.28  2.56  3.70  5.77  5.38  7.23 10.42 15.27
 8998.25  2.90  3.17  2.67  2.55  2.34  2.62  3.78  5.89  5.49  7.36 10.58 15.40
 8999.25  2.66  2.92  2.45  2.34  2.14  2.40  3.48  5.44  5.06  6.81  9.82 14.33
 9000.25  2.32  2.55  2.13  2.04  1.87  2.09  3.04  4.79  4.44  6.00  8.71 12.81
 9001.25  2.12  2.35  1.95  1.87  1.71  1.91  2.79  4.44  4.10  5.58  8.15 12.11
 9002.25  1.07  1.18  0.98  0.94  0.85  0.96  1.41  2.29  2.11  2.91  4.37  6.77
 9003.25  0.49  0.54  0.45  0.43  0.39  0.44  0.65  1.06  0.97  1.35  2.05  3.21
 9004.25  0.46  0.51  0.42  0.40  0.37  0.41  0.61  1.00  0.92  1.28  1.93  3.02
 9005.25  0.93  1.04  0.85  0.82  0.75  0.84  1.24  2.02  1.84  2.55  3.84  5.93
 9006.25  2.17  2.42  2.00  1.92  1.75  1.96  2.86  4.58  4.20  5.72  8.32 12.29
 9007.25  2.60  2.91  2.40  2.30  2.11  2.35  3.42  5.43  4.97  6.72  9.63 13.94
 9008.25  2.67  3.00  2.47  2.37  2.17  2.42  3.51  5.58  5.10  6.89  9.86 14.24
 9009.25  2.84  3.19  2.62  2.52  2.31  2.57  3.73  5.92  5.41  7.29 10.39 14.91
 9010.25  2.88  3.25  2.67  2.56  2.35  2.61  3.79  6.02  5.49  7.40 10.52 15.06
 9011.25  2.73  3.08  2.52  2.43  2.22  2.47  3.59  5.73  5.21  7.03 10.02 14.36
 9012.25  2.67  3.03  2.48  2.38  2.18  2.42  3.53  5.64  5.12  6.92  9.86 14.13
 9013.25  2.87  3.25  2.66  2.56  2.34  2.60  3.77  6.03  5.47  7.38 10.47 14.94
 9014.25  2.96  3.37  2.75  2.65  2.43  2.69  3.90  6.23  5.65  7.61 10.77 15.31
 9015.25  2.82  3.22  2.62  2.52  2.31  2.56  3.72  5.97  5.40  7.29 10.33 14.70
 9016.25  2.47  2.83  2.29  2.21  2.02  2.24  3.27  5.27  4.75  6.44  9.16 13.12
 9017.25  2.48  2.84  2.30  2.22  2.03  2.25  3.28  5.30  4.76  6.46  9.18 13.12
 9018.25  2.81  3.23  2.61  2.52  2.31  2.55  3.71  5.99  5.38  7.27 10.28 14.58
 9019.25  2.99  3.44  2.78  2.68  2.46  2.72  3.95  6.35  5.71  7.70 10.84 15.29
 9020.25  2.94  3.39  2.73  2.64  2.42  2.67  3.89  6.28  5.63  7.60 10.71 15.13
 9021.25  2.78  3.22  2.59  2.50  2.29  2.53  3.68  5.98  5.34  7.24 10.23 14.50
 9022.25  2.33  2.71  2.16  2.09  1.91  2.11  3.10  5.08  4.52  6.18  8.83 12.67
 9023.25  1.96  2.29  1.82  1.76  1.61  1.78  2.62  4.35  3.86  5.31  7.67 11.15
 9024.25  2.19  2.56  2.04  1.97  1.81  1.99  2.93  4.85  4.29  5.89  8.45 12.18
 9025.25  2.55  2.98  2.38  2.30  2.11  2.32  3.39  5.56  4.93  6.71  9.48 13.42
 9026.25  2.64  3.10  2.46  2.39  2.19  2.41  3.51  5.75  5.09  6.91  9.72 13.68
 9027.25  2.85  3.34  2.66  2.58  2.36  2.60  3.79  6.19  5.48  7.43 10.42 14.59
 9028.25  2.86  3.37  2.67  2.59  2.38  2.61  3.81  6.24  5.52  7.48 10.50 14.71
 9029.25  2.62  3.10  2.45  2.38  2.18  2.39  3.51  5.79  5.10  6.95  9.81 13.84
 9030.25  2.20  2.61  2.05  1.99  1.82  2.00  2.95  4.93  4.32  5.95  8.49 12.14
 9031.25  2.05  2.45  1.92  1.86  1.70  1.87  2.76  4.64  4.05  5.59  8.00 11.49
 9032.25  2.39  2.85  2.23  2.17  1.99  2.18  3.21  5.36  4.68  6.42  9.10 12.89
 9033.25  2.61  3.12  2.45  2.38  2.18  2.39  3.50  5.83  5.09  6.96  9.81 13.78
 9034.25  2.59  3.10  2.42  2.36  2.16  2.36  3.47  5.80  5.05  6.92  9.74 13.68
 9035.25  2.73  3.27  2.55  2.49  2.28  2.49  3.65  6.08  5.30  7.23 10.14 14.15
 9036.25  2.91  3.49  2.73  2.65  2.43  2.66  3.89  6.45  5.62  7.65 10.65 14.75
 9037.25  2.98  3.59  2.80  2.73  2.50  2.73  3.99  6.62  5.76  7.83 10.87 14.99
 9038.25  2.68  3.24  2.51  2.45  2.25  2.45  3.60  6.03  5.23  7.14 10.00 13.92
 9039.25  1.51  1.83  1.41  1.37  1.26  1.37  2.05  3.53  3.02  4.22  6.09  8.80
 9040.25  0.91  1.11  0.85  0.83  0.76  0.83  1.24  2.16  1.85  2.60  3.79  5.56
 9041.25  1.04  1.28  0.98  0.95  0.87  0.95  1.42  2.48  2.11  2.97  4.31  6.30
 9042.25  1.91  2.34  1.80  1.76  1.61  1.75  2.60  4.46  3.81  5.29  7.52 10.66
 9043.25  2.74  3.34  2.58  2.52  2.31  2.51  3.68  6.20  5.33  7.29 10.12 13.93
 9044.25  2.93  3.58  2.76  2.69  2.47  2.69  3.94  6.60  5.68  7.74 10.69 14.63
 9045.25  2.67  3.28  2.52  2.46  2.26  2.45  3.61  6.12  5.24  7.18  9.99 13.78
 9046.25  2.42  2.99  2.28  2.23  2.04  2.22  3.28  5.61  4.78  6.59  9.23 12.83
 9047.25  2.60  3.21  2.45  2.40  2.20  2.39  3.52  5.99  5.11  7.02  9.77 13.45
 9048.25  2.71  3.35  2.56  2.51  2.30  2.49  3.67  6.23  5.31  7.28 10.09 13.83
 9049.25  2.59  3.21  2.44  2.39  2.19  2.38  3.51  5.99  5.09  7.01  9.74 13.38
 9050.25  1.60  2.01  1.51  1.48  1.35  1.47  2.19  3.84  3.23  4.53  6.44  9.12
 9051.25  0.80  1.01  0.75  0.74  0.68  0.73  1.10  1.96  1.64  2.32  3.35  4.84
 9052.25  0.65  0.82  0.61  0.60  0.55  0.59  0.89  1.59  1.33  1.88  2.72  3.94
 9053.25  0.98  1.24  0.93  0.91  0.83  0.90  1.35  2.41  2.01  2.84  4.09  5.85
 9054.25  2.04  2.58  1.93  1.90  1.74  1.88  2.79  4.88  4.09  5.69  7.98 11.07
 9055.25  2.63  3.31  2.49  2.45  2.25  2.42  3.58  6.17  5.19  7.15  9.88 13.44
 9056.25  2.64  3.34  2.51  2.46  2.26  2.44  3.60  6.21  5.22  7.19  9.92 13.47
 9057.25  2.63  3.33  2.50  2.45  2.25  2.43  3.59  6.20  5.20  7.17  9.88 13.40
 9058.25  2.49  3.16  2.36  2.33  2.13  2.30  3.40  5.92  4.95  6.84  9.46 12.87
 9059.25  2.27  2.89  2.16  2.12  1.94  2.09  3.11  5.45  4.54  6.31  8.76 11.99
 9060.25  2.31  2.95  2.19  2.16  1.98  2.13  3.17  5.54  4.61  6.40  8.86 12.06
 9061.25  2.50  3.19  2.37  2.34  2.14  2.30  3.41  5.95  4.95  6.84  9.42 12.73
 9062.25  2.56  3.28  2.43  2.40  2.20  2.37  3.50  6.10  5.07  7.00  9.61 12.94
 9063.25  2.61  3.35  2.49  2.45  2.25  2.41  3.57  6.22  5.17  7.13  9.75 13.08
 9064.25  2.73  3.50  2.60  2.57  2.36  2.53  3.73  6.48  5.39  7.41 10.11 13.49
 9065.25  2.73  3.51  2.60  2.57  2.35  2.52  3.73  6.50  5.39  7.43 10.14 13.53
 9066.25  2.25  2.91  2.14  2.11  1.94  2.08  3.09  5.49  4.51  6.29  8.69 11.77
 9067.25  2.02  2.63  1.92  1.90  1.74  1.86  2.79  4.98  4.08  5.72  7.94 10.81
 9068.25  2.01  2.62  1.92  1.90  1.74  1.86  2.78  4.97  4.07  5.69  7.88 10.69
 9069.25  2.16  2.82  2.06  2.04  1.87  2.00  2.98  5.29  4.34  6.05  8.32 11.19
 9070.25  2.05  2.68  1.95  1.93  1.77  1.89  2.83  5.06  4.13  5.78  7.99 10.79
 9071.25  1.80  2.37  1.72  1.70  1.56  1.67  2.50  4.51  3.67  5.16  7.16  9.72
 9072.25  1.89  2.48  1.80  1.78  1.63  1.75  2.61  4.71  3.83  5.37  7.43 10.03
 9073.25  2.00  2.64  1.91  1.89  1.74  1.85  2.77  4.99  4.05  5.68  7.84 10.54
 9074.25  2.31  3.05  2.21  2.19  2.01  2.14  3.19  5.71  4.64  6.47  8.84 11.76
 9075.25  2.63  3.46  2.51  2.49  2.29  2.44  3.62  6.42  5.23  7.25  9.82 12.93
 9076.25  2.69  3.55  2.58  2.56  2.35  2.50  3.71  6.59  5.36  7.43 10.05 13.21
 9077.25  2.62  3.47  2.51  2.49  2.29  2.43  3.62  6.45  5.24  7.26  9.84 12.94
 9078.25  2.46  3.27  2.36  2.34  2.15  2.29  3.41  6.10  4.94  6.87  9.32 12.28
 9079.25  2.27  3.03  2.18  2.17  1.99  2.11  3.15  5.67  4.58  6.39  8.68 11.44
 9080.25  2.27  3.04  2.18  2.17  1.99  2.11  3.16  5.67  4.58  6.38  8.65 11.38
 9081.25  2.37  3.17  2.27  2.26  2.08  2.20  3.28  5.90  4.76  6.62  8.96 11.74
 9082.25  2.54  3.41  2.44  2.43  2.23  2.37  3.53  6.33  5.10  7.09  9.56 12.47
 9083.25  2.62  3.51  2.52  2.51  2.30  2.44  3.63  6.52  5.25  7.29  9.83 12.80
 9084.25  2.54  3.43  2.45  2.44  2.24  2.37  3.54  6.38  5.12  7.13  9.62 12.53
 9085.25  2.35  3.18  2.27  2.26  2.07  2.19  3.28  5.95  4.76  6.66  9.01 11.77
 9086.25  1.93  2.62  1.86  1.85  1.70  1.80  2.70  4.96  3.94  5.55  7.57  9.96
 9087.25  1.60  2.19  1.54  1.54  1.41  1.49  2.25  4.18  3.30  4.68  6.43  8.52
 9088.25  1.62  2.22  1.56  1.56  1.43  1.51  2.28  4.25  3.35  4.76  6.54  8.68
 9089.25  1.90  2.61  1.84  1.84  1.68  1.78  2.68  4.96  3.92  5.54  7.56  9.94
 9090.25  2.42  3.31  2.34  2.34  2.15  2.26  3.39  6.18  4.91  6.86  9.23 11.93
 9091.25  2.65  3.63  2.56  2.56  2.35  2.48  3.70  6.71  5.34  7.43  9.92 12.72
 9092.25  2.47  3.38  2.38  2.38  2.19  2.30  3.45  6.30  4.99  6.97  9.34 12.02
 9093.25  1.98  2.74  1.91  1.92  1.76  1.85  2.79  5.18  4.07  5.75  7.79 10.13
 9094.25  1.26  1.76  1.22  1.22  1.12  1.18  1.79  3.40  2.64  3.79  5.22  6.90
 9095.25  1.06  1.49  1.03  1.03  0.94  0.99  1.51  2.88  2.23  3.21  4.43  5.88
 9096.25  1.47  2.06  1.42  1.43  1.31  1.38  2.09  3.96  3.07  4.39  6.01  7.89
 9097.25  2.24  3.12  2.17  2.18  2.00  2.10  3.16  5.87  4.59  6.47  8.69 11.17
 9098.25  2.47  3.44  2.40  2.41  2.21  2.32  3.47  6.40  5.02  7.03  9.37 11.94
 9099.25  2.25  3.15  2.18  2.19  2.01  2.11  3.17  5.88  4.60  6.46  8.63 11.01
 9100.25  2.14  3.00  2.08  2.08  1.91  2.00  3.02  5.62  4.38  6.17  8.25 10.53
 9101.25  2.36  3.32  2.30  2.31  2.12  2.22  3.33  6.18  4.82  6.78  9.03 11.46
 9102.25  2.58  3.62  2.51  2.52  2.32  2.42  3.63  6.72  5.25  7.35  9.75 12.31
 9103.25  2.11  2.99  2.06  2.07  1.90  1.99  3.00  5.64  4.36  6.17  8.28 10.55
 9104.25  1.16  1.66  1.13  1.13  1.04  1.09  1.66  3.21  2.45  3.53  4.82  6.26
 9105.25  0.82  1.18  0.80  0.81  0.74  0.77  1.18  2.30  1.75  2.53  3.47  4.53
 9106.25  1.03  1.48  1.00  1.01  0.92  0.96  1.47  2.86  2.18  3.14  4.29  5.57
 9107.25  1.79  2.57  1.75  1.76  1.62  1.69  2.56  4.87  3.73  5.31  7.13  9.07
 9108.25  2.51  3.56  2.44  2.47  2.27  2.36  3.54  6.59  5.10  7.15  9.43 11.77
 9109.25  2.76  3.92  2.69  2.72  2.50  2.60  3.89  7.21  5.59  7.80 10.23 12.69
 9110.25  2.79  3.97  2.72  2.75  2.53  2.63  3.94  7.30  5.65  7.89 10.34 12.81
 9111.25  2.72  3.89  2.66  2.68  2.47  2.56  3.85  7.17  5.53  7.75 10.16 12.59
 9112.25  2.69  3.86  2.63  2.66  2.45  2.54  3.81  7.12  5.49  7.69 10.08 12.48
 9113.25  2.71  3.89  2.65  2.68  2.46  2.55  3.83  7.16  5.51  7.73 10.12 12.50
 9114.25  2.70  3.89  2.65  2.68  2.46  2.55  3.83  7.17  5.51  7.72 10.11 12.46
 9115.25  2.60  3.75  2.54  2.57  2.36  2.45  3.69  6.93  5.31  7.46  9.78 12.06
 9116.25  2.44  3.54  2.39  2.42  2.22  2.30  3.48  6.58  5.02  7.08  9.30 11.48
 9117.25  2.24  3.27  2.20  2.23  2.05  2.12  3.21  6.11  4.64  6.57  8.66 10.70
 9118.25  2.02  2.96  1.99  2.01  1.85  1.91  2.90  5.56  4.21  5.98  7.90  9.78
 9119.25  2.04  2.99  2.00  2.03  1.86  1.93  2.92  5.62  4.24  6.03  7.96  9.84
 9120.25  2.26  3.31  2.22  2.25  2.06  2.13  3.23  6.20  4.68  6.65  8.74 10.76
 9121.25  2.35  3.45  2.31  2.34  2.15  2.22  3.37  6.45  4.87  6.91  9.07 11.12
 9122.25  2.29  3.37  2.25  2.28  2.10  2.16  3.28  6.32  4.76  6.76  8.88 10.89
 9123.25  2.13  3.15  2.09  2.13  1.95  2.01  3.06  5.93  4.45  6.35  8.36 10.26
 9124.25  1.82  2.72  1.80  1.83  1.67  1.73  2.64  5.17  3.85  5.53  7.32  9.03
 9125.25  1.59  2.38  1.56  1.59  1.46  1.51  2.31  4.56  3.38  4.88  6.49  8.02
 9126.25  1.67  2.50  1.64  1.67  1.53  1.58  2.42  4.78  3.54  5.11  6.78  8.35
 9127.25  1.90  2.85  1.87  1.91  1.75  1.80  2.75  5.40  4.01  5.75  7.58  9.27
 9128.25  2.00  3.00  1.97  2.01  1.84  1.89  2.89  5.65  4.20  6.01  7.88  9.60
 9129.25  2.03  3.05  2.00  2.04  1.88  1.93  2.93  5.73  4.26  6.09  7.97  9.66
 9130.25  2.07  3.11  2.05  2.09  1.92  1.97  2.99  5.82  4.33  6.18  8.06  9.73
 9131.25  2.28  3.43  2.26  2.30  2.12  2.17  3.29  6.38  4.75  6.75  8.76 10.53
 9132.25  2.48  3.73  2.46  2.51  2.30  2.36  3.58  6.90  5.15  7.29  9.43 11.28
 9133.25  2.52  3.79  2.49  2.54  2.34  2.40  3.63  7.00  5.22  7.39  9.54 11.38
 9134.25  2.38  3.60  2.36  2.41  2.21  2.27  3.44  6.67  4.96  7.03  9.10 10.85
 9135.25  2.12  3.23  2.10  2.15  1.98  2.02  3.08  6.02  4.45  6.35  8.24  9.85
 9136.25  1.82  2.78  1.80  1.85  1.69  1.73  2.65  5.24  3.85  5.52  7.20  8.63
 9137.25  2.01  3.07  1.99  2.04  1.87  1.91  2.92  5.76  4.23  6.06  7.86  9.37
 9138.25  2.26  3.46  2.25  2.30  2.11  2.16  3.29  6.46  4.75  6.78  8.78 10.42
 9139.25  2.30  3.52  2.28  2.34  2.15  2.19  3.34  6.56  4.82  6.89  8.91 10.55
 9140.25  2.43  3.72  2.41  2.47  2.27  2.31  3.52  6.89  5.07  7.22  9.30 10.97
 9141.25  2.47  3.79  2.46  2.52  2.31  2.36  3.59  7.02  5.16  7.34  9.43 11.10
 9142.25  2.39  3.68  2.38  2.44  2.24  2.28  3.47  6.83  5.01  7.14  9.19 10.80
 9143.25  2.40  3.71  2.39  2.46  2.26  2.30  3.50  6.88  5.04  7.18  9.22 10.81
 9144.25  2.45  3.78  2.44  2.50  2.30  2.34  3.56  7.00  5.13  7.30  9.35 10.93
 9145.25  2.45  3.79  2.44  2.51  2.31  2.34  3.57  7.03  5.14  7.32  9.38 10.94
 9146.25  2.42  3.76  2.41  2.48  2.28  2.31  3.53  6.97  5.08  7.25  9.29 10.83
 9147.25  2.38  3.71  2.37  2.44  2.25  2.28  3.48  6.89  5.01  7.16  9.18 10.68
 9148.25  2.37  3.70  2.37  2.43  2.24  2.27  3.46  6.88  5.00  7.14  9.14 10.62
 9149.25  2.29  3.59  2.29  2.35  2.16  2.19  3.35  6.68  4.84  6.93  8.88 10.30
 9150.25  2.21  3.47  2.21  2.28  2.09  2.12  3.24  6.48  4.68  6.72  8.61  9.97
 9151.25  2.21  3.47  2.21  2.27  2.09  2.12  3.24  6.47  4.67  6.70  8.57  9.90
 9152.25  1.95  3.09  1.95  2.02  1.85  1.87  2.87  5.80  4.16  6.00  7.70  8.90
 9153.25  1.40  2.23  1.40  1.44  1.32  1.34  2.07  4.28  3.03  4.43  5.74  6.68
 9154.25  1.06  1.71  1.06  1.10  1.01  1.02  1.58  3.30  2.32  3.42  4.46  5.20
 9155.25  1.04  1.67  1.04  1.07  0.99  1.00  1.55  3.24  2.27  3.35  4.36  5.07
 9156.25  1.42  2.28  1.42  1.47  1.35  1.36  2.11  4.37  3.08  4.51  5.83  6.72
 9157.25  1.87  3.00  1.88  1.94  1.78  1.80  2.77  5.67  4.02  5.84  7.49  8.58
 9158.25  2.00  3.22  2.01  2.08  1.91  1.93  2.97  6.07  4.31  6.24  7.98  9.11
 9159.25  1.78  2.88  1.79  1.86  1.70  1.72  2.65  5.47  3.86  5.62  7.21  8.25
 9160.25  1.80  2.92  1.81  1.88  1.72  1.73  2.68  5.52  3.90  5.67  7.26  8.28
 9161.25  1.80  2.92  1.81  1.88  1.72  1.73  2.68  5.53  3.90  5.67  7.26  8.26
 9162.25  1.43  2.33  1.44  1.49  1.37  1.37  2.14  4.48  3.12  4.59  5.91  6.74
 9163.25  1.11  1.83  1.12  1.16  1.07  1.07  1.67  3.54  2.45  3.62  4.69  5.34
 9164.25  1.16  1.91  1.17  1.22  1.11  1.12  1.74  3.70  2.56  3.78  4.89  5.55
 9165.25  1.68  2.76  1.70  1.76  1.62  1.62  2.51  5.25  3.66  5.36  6.85  7.72
 9166.25  2.19  3.57  2.21  2.30  2.11  2.12  3.26  6.67  4.71  6.80  8.60  9.63
 9167.25  2.17  3.55  2.20  2.28  2.10  2.10  3.23  6.63  4.67  6.75  8.52  9.51
 9168.25  2.15  3.53  2.18  2.26  2.08  2.08  3.21  6.58  4.63  6.69  8.44  9.40
 9169.25  2.21  3.63  2.24  2.33  2.14  2.14  3.30  6.76  4.76  6.87  8.66  9.61
 9170.25  2.27  3.72  2.29  2.39  2.20  2.19  3.38  6.93  4.87  7.03  8.84  9.79
 9171.25  2.25  3.71  2.28  2.38  2.19  2.18  3.36  6.90  4.84  7.00  8.79  9.71
 9172.25  2.12  3.50  2.15  2.23  2.06  2.05  3.17  6.54  4.57  6.62  8.33  9.19
 9173.25  2.01  3.34  2.04  2.13  1.96  1.95  3.01  6.24  4.35  6.31  7.94  8.75
 9174.25  1.96  3.25  1.99  2.07  1.90  1.90  2.93  6.07  4.23  6.14  7.71  8.47
 9175.25  2.08  3.45  2.11  2.20  2.02  2.02  3.11  6.43  4.48  6.49  8.13  8.90
 9176.25  2.25  3.74  2.29  2.39  2.20  2.19  3.37  6.92  4.84  6.98  8.72  9.51
 9177.25  2.29  3.82  2.33  2.43  2.24  2.23  3.43  7.06  4.93  7.11  8.87  9.65
 9178.25  2.38  3.96  2.42  2.53  2.32  2.31  3.56  7.32  5.11  7.36  9.17  9.95
 9179.25  2.47  4.12  2.52  2.63  2.42  2.40  3.70  7.59  5.30  7.63  9.48 10.26
 9180.25  2.51  4.19  2.55  2.67  2.46  2.44  3.75  7.70  5.37  7.73  9.58 10.34
 9181.25  2.56  4.27  2.61  2.73  2.51  2.49  3.83  7.83  5.47  7.86  9.72 10.46
 9182.25  2.56  4.28  2.61  2.73  2.51  2.49  3.83  7.85  5.47  7.87  9.72 10.44
 9183.25  2.43  4.09  2.48  2.60  2.39  2.37  3.65  7.52  5.22  7.53  9.32 10.00
 9184.25  2.18  3.70  2.23  2.34  2.15  2.13  3.29  6.86  4.73  6.86  8.52  9.12
 9185.25  2.20  3.73  2.25  2.35  2.17  2.14  3.31  6.92  4.77  6.92  8.58  9.16
 9186.25  2.43  4.12  2.49  2.61  2.40  2.37  3.66  7.59  5.25  7.58  9.36  9.96
 9187.25  2.58  4.36  2.64  2.77  2.55  2.52  3.87  7.99  5.54  7.97  9.81 10.40
 9188.25  2.64  4.47  2.70  2.83  2.61  2.57  3.96  8.16  5.65  8.13  9.98 10.56
 9189.25  2.61  4.43  2.67  2.81  2.59  2.55  3.93  8.11  5.61  8.07  9.91 10.46
 9190.25  2.56  4.36  2.63  2.76  2.54  2.50  3.86  7.99  5.51  7.95  9.75 10.27
 9191.25  2.46  4.21  2.52  2.65  2.44  2.40  3.71  7.74  5.32  7.69  9.44  9.93
 9192.25  2.40  4.12  2.46  2.59  2.38  2.34  3.63  7.58  5.19  7.52  9.24  9.69
 9193.25  2.48  4.25  2.54  2.67  2.46  2.42  3.74  7.80  5.35  7.74  9.48  9.92
 9194.25  2.42  4.17  2.48  2.62  2.41  2.37  3.66  7.66  5.24  7.59  9.30  9.70
 9195.25  2.29  3.96  2.35  2.48  2.28  2.24  3.47  7.29  4.97  7.21  8.84  9.21
 9196.25  2.38  4.11  2.45  2.58  2.37  2.33  3.61  7.55  5.16  7.47  9.13  9.47
 9197.25  2.56  4.42  2.63  2.77  2.55  2.51  3.87  8.08  5.52  7.98  9.73 10.07
 9198.25  2.58  4.46  2.65  2.80  2.58  2.53  3.91  8.16  5.57  8.05  9.81 10.13
 9199.25  2.49  4.34  2.57  2.71  2.50  2.45  3.79  7.95  5.41  7.84  9.56  9.85
 9200.25  2.46  4.29  2.54  2.68  2.47  2.41  3.74  7.89  5.35  7.76  9.47  9.72
 9201.25  2.48  4.33  2.56  2.70  2.49  2.43  3.77  7.95  5.39  7.83  9.53  9.76
 9202.25  2.46  4.31  2.54  2.68  2.47  2.41  3.74  7.91  5.35  7.78  9.46  9.67
 9203.25  2.42  4.26  2.50  2.65  2.44  2.38  3.70  7.83  5.29  7.69  9.36  9.54
 9204.25  2.37  4.18  2.45  2.59  2.39  2.33  3.62  7.71  5.19  7.56  9.20  9.35
 9205.25  2.32  4.10  2.40  2.54  2.34  2.28  3.55  7.57  5.08  7.41  9.02  9.14
 9206.25  2.32  4.12  2.41  2.55  2.35  2.29  3.56  7.60  5.10  7.44  9.04  9.14
 9207.25  2.30  4.09  2.39  2.53  2.33  2.27  3.53  7.55  5.06  7.38  8.96  9.04
 9208.25  2.32  4.13  2.41  2.55  2.35  2.29  3.56  7.61  5.10  7.44  9.02  9.07
 9209.25  2.42  4.31  2.51  2.67  2.46  2.39  3.72  7.92  5.31  7.73  9.35  9.38
 9210.25  2.42  4.31  2.51  2.66  2.45  2.38  3.71  7.93  5.30  7.73  9.35  9.35
 9211.25  2.32  4.16  2.41  2.56  2.36  2.29  3.57  7.68  5.12  7.48  9.05  9.03
 9212.25  2.28  4.10  2.37  2.52  2.32  2.25  3.51  7.57  5.03  7.37  8.91  8.86
 9213.25  2.26  4.08  2.35  2.50  2.30  2.24  3.49  7.53  5.00  7.32  8.84  8.77
 9214.25  2.29  4.13  2.39  2.54  2.34  2.27  3.53  7.61  5.06  7.39  8.92  8.82
 9215.25  2.33  4.21  2.43  2.58  2.38  2.31  3.60  7.74  5.14  7.51  9.04  8.92
 9216.25  2.25  4.08  2.35  2.50  2.30  2.23  3.48  7.53  4.98  7.30  8.79  8.65
 9217.25  1.87  3.43  1.95  2.08  1.91  1.85  2.91  6.43  4.20  6.22  7.53  7.38
 9218.25  1.37  2.54  1.43  1.52  1.40  1.35  2.15  4.86  3.12  4.69  5.73  5.59
 9219.25  1.24  2.32  1.30  1.39  1.27  1.23  1.95  4.46  2.85  4.30  5.26  5.11
 9220.25  1.65  3.06  1.72  1.84  1.69  1.63  2.58  5.80  3.74  5.59  6.79  6.59
 9221.25  2.16  3.98  2.26  2.41  2.22  2.14  3.37  7.38  4.83  7.12  8.56  8.29
 9222.25  2.19  4.03  2.29  2.45  2.25  2.17  3.41  7.46  4.88  7.19  8.63  8.34
 9223.25  2.03  3.76  2.13  2.27  2.09  2.02  3.17  7.02  4.56  6.76  8.13  7.82
 9224.25  1.69  3.16  1.77  1.90  1.75  1.68  2.66  5.98  3.85  5.75  6.94  6.65
 9225.25  1.24  2.35  1.30  1.40  1.28  1.23  1.97  4.52  2.86  4.33  5.26  5.01
 9226.25  0.97  1.84  1.01  1.09  1.00  0.96  1.53  3.57  2.24  3.41  4.15  3.94
 9227.25  0.92  1.77  0.97  1.04  0.96  0.92  1.47  3.43  2.15  3.27  3.99  3.77
 9228.25  1.11  2.12  1.17  1.25  1.15  1.11  1.76  4.09  2.57  3.91  4.74  4.48
 9229.25  1.48  2.81  1.56  1.67  1.54  1.47  2.34  5.36  3.40  5.11  6.17  5.81
 9230.25  1.81  3.42  1.90  2.04  1.88  1.80  2.85  6.44  4.12  6.15  7.37  6.93
 9231.25  1.92  3.63  2.02  2.17  2.00  1.92  3.03  6.80  4.36  6.49  7.77  7.29
 9232.25  1.97  3.72  2.07  2.23  2.05  1.96  3.10  6.96  4.46  6.64  7.92  7.41
 9233.25  2.11  3.99  2.23  2.39  2.20  2.11  3.32  7.39  4.76  7.05  8.39  7.83
 9234.25  2.14  4.05  2.26  2.43  2.24  2.14  3.37  7.49  4.82  7.14  8.48  7.89
 9235.25  2.05  3.90  2.17  2.33  2.15  2.05  3.24  7.25  4.65  6.90  8.19  7.60
 9236.25  2.02  3.84  2.13  2.29  2.11  2.01  3.19  7.16  4.57  6.80  8.08  7.47
 9237.25  2.03  3.88  2.15  2.31  2.13  2.03  3.21  7.21  4.61  6.85  8.13  7.49
 9238.25  2.02  3.87  2.14  2.30  2.12  2.02  3.20  7.19  4.59  6.82  8.08  7.42
 9239.25  2.04  3.91  2.16  2.33  2.15  2.05  3.23  7.27  4.64  6.89  8.16  7.47
 9240.25  2.11  4.04  2.23  2.41  2.22  2.11  3.34  7.49  4.78  7.10  8.39  7.65
 9241.25  2.13  4.10  2.26  2.44  2.25  2.14  3.38  7.59  4.84  7.18  8.48  7.71
 9242.25  2.09  4.03  2.22  2.40  2.21  2.10  3.32  7.48  4.76  7.07  8.34  7.56
 9243.25  2.03  3.93  2.16  2.33  2.15  2.04  3.23  7.30  4.63  6.89  8.13  7.34
 9244.25  2.00  3.88  2.13  2.30  2.12  2.01  3.18  7.21  4.57  6.81  8.02  7.22
 9245.25  2.01  3.91  2.14  2.31  2.13  2.02  3.21  7.26  4.60  6.84  8.06  7.23
 9246.25  2.06  4.01  2.19  2.37  2.19  2.07  3.28  7.42  4.70  6.99  8.22  7.35
 9247.25  2.16  4.20  2.30  2.49  2.29  2.17  3.44  7.75  4.91  7.29  8.56  7.63
 9248.25  2.17  4.23  2.31  2.50  2.31  2.18  3.46  7.80  4.94  7.34  8.60  7.65
 9249.25  1.92  3.77  2.05  2.22  2.04  1.93  3.07  7.04  4.41  6.61  7.77  6.86
 9250.25  1.67  3.32  1.79  1.94  1.79  1.69  2.69  6.26  3.89  5.87  6.91  6.07
 9251.25  1.68  3.33  1.79  1.95  1.79  1.69  2.70  6.28  3.90  5.88  6.92  6.05
 9252.25  1.71  3.41  1.83  1.99  1.83  1.73  2.76  6.42  3.98  6.00  7.05  6.15
 9253.25  1.60  3.20  1.71  1.86  1.71  1.62  2.59  6.06  3.74  5.66  6.66  5.77
 9254.25  1.64  3.28  1.76  1.91  1.76  1.65  2.65  6.20  3.82  5.78  6.79  5.87
 9255.25  1.87  3.73  2.00  2.18  2.01  1.89  3.01  6.98  4.33  6.51  7.62  6.58
 9256.25  1.87  3.74  2.01  2.18  2.01  1.89  3.02  7.01  4.34  6.53  7.63  6.56
 9257.25  2.02  4.02  2.16  2.35  2.17  2.04  3.24  7.47  4.65  6.96  8.11  6.97
 9258.25  2.27  4.50  2.43  2.65  2.44  2.29  3.64  8.25  5.18  7.70  8.92  7.67
 9259.25  2.27  4.51  2.44  2.65  2.45  2.30  3.65  8.26  5.19  7.70  8.92  7.64
 9260.25  2.25  4.47  2.42  2.63  2.43  2.28  3.61  8.19  5.14  7.63  8.82  7.53
 9261.25  2.29  4.55  2.46  2.67  2.47  2.32  3.67  8.31  5.22  7.74  8.93  7.60
 9262.25  2.21  4.43  2.38  2.59  2.39  2.24  3.56  8.12  5.07  7.55  8.73  7.39
 9263.25  2.01  4.07  2.17  2.37  2.18  2.04  3.26  7.55  4.67  7.00  8.11  6.81
 9264.25  1.76  3.58  1.90  2.07  1.91  1.78  2.86  6.74  4.12  6.23  7.24  6.03
 9265.25  1.60  3.29  1.73  1.89  1.74  1.63  2.62  6.22  3.77  5.74  6.68  5.53
 9266.25  1.90  3.87  2.05  2.24  2.06  1.93  3.08  7.22  4.42  6.67  7.72  6.39
 9267.25  2.11  4.29  2.28  2.49  2.30  2.15  3.43  7.93  4.90  7.33  8.45  7.00
 9268.25  1.92  3.94  2.08  2.28  2.10  1.96  3.13  7.35  4.49  6.78  7.82  6.43
 9269.25  1.98  4.05  2.14  2.34  2.16  2.01  3.22  7.53  4.61  6.94  8.00  6.56
 9270.25  2.23  4.53  2.41  2.63  2.43  2.26  3.61  8.31  5.14  7.67  8.80  7.22
 9271.25  2.32  4.72  2.52  2.75  2.54  2.37  3.76  8.62  5.35  7.96  9.10  7.46
 9272.25  2.28  4.65  2.47  2.71  2.50  2.33  3.70  8.49  5.26  7.83  8.96  7.31
 9273.25  2.26  4.61  2.45  2.68  2.47  2.30  3.66  8.42  5.20  7.76  8.86  7.20
 9274.25  2.30  4.70  2.49  2.73  2.52  2.34  3.73  8.57  5.30  7.89  9.01  7.29
 9275.25  2.32  4.75  2.51  2.76  2.54  2.37  3.76  8.65  5.34  7.96  9.07  7.32
 9276.25  2.30  4.73  2.50  2.74  2.53  2.35  3.74  8.62  5.32  7.92  9.03  7.25
 9277.25  2.22  4.58  2.41  2.65  2.44  2.27  3.62  8.37  5.14  7.68  8.75  6.99
 9278.25  2.07  4.30  2.26  2.48  2.29  2.12  3.39  7.88  4.82  7.23  8.23  6.54
 9279.25  2.01  4.17  2.19  2.40  2.22  2.05  3.29  7.66  4.68  7.01  7.98  6.31
 9280.25  2.12  4.41  2.31  2.54  2.34  2.17  3.47  8.07  4.93  7.38  8.39  6.61
 9281.25  2.31  4.79  2.52  2.77  2.56  2.37  3.78  8.72  5.35  7.98  9.05  7.13
 9282.25  2.39  4.94  2.60  2.86  2.64  2.45  3.90  8.96  5.51  8.21  9.28  7.29
 9283.25  2.32  4.82  2.53  2.78  2.57  2.38  3.79  8.77  5.37  8.02  9.07  7.08
 9284.25  2.18  4.55  2.38  2.62  2.42  2.23  3.57  8.31  5.07  7.58  8.58  6.66
 9285.25  2.05  4.31  2.24  2.47  2.28  2.11  3.37  7.90  4.80  7.20  8.15  6.29
 9286.25  2.03  4.29  2.22  2.45  2.26  2.09  3.35  7.87  4.76  7.17  8.11  6.22
 9287.25  1.79  3.83  1.97  2.17  2.00  1.84  2.98  7.14  4.26  6.47  7.34  5.57
 9288.25  1.30  2.84  1.43  1.59  1.46  1.34  2.19  5.41  3.16  4.88  5.57  4.15
 9289.25  1.22  2.66  1.34  1.48  1.36  1.25  2.04  5.09  2.96  4.58  5.22  3.86
 9290.25  1.45  3.16  1.60  1.77  1.63  1.50  2.43  6.00  3.51  5.40  6.14  4.55
 9291.25  1.59  3.44  1.74  1.93  1.78  1.63  2.65  6.48  3.81  5.84  6.62  4.90
 9292.25  1.90  4.09  2.09  2.31  2.13  1.96  3.16  7.57  4.51  6.84  7.72  5.73
 9293.25  2.11  4.50  2.32  2.56  2.37  2.17  3.49  8.23  4.95  7.45  8.37  6.23
 9294.25  1.74  3.77  1.92  2.13  1.96  1.80  2.90  7.02  4.15  6.33  7.13  5.23
 9295.25  1.21  2.68  1.34  1.49  1.37  1.25  2.05  5.13  2.96  4.59  5.20  3.74
 9296.25  1.09  2.43  1.21  1.34  1.24  1.13  1.85  4.67  2.68  4.17  4.73  3.37
 9297.25  1.12  2.50  1.24  1.38  1.27  1.16  1.90  4.79  2.75  4.28  4.85  3.44
 9298.25  1.50  3.31  1.66  1.85  1.70  1.55  2.53  6.22  3.63  5.58  6.28  4.49
 9299.25  2.01  4.37  2.22  2.47  2.28  2.08  3.36  8.01  4.77  7.21  8.06  5.82
 9300.25  1.92  4.17  2.12  2.36  2.18  1.99  3.20  7.65  4.55  6.88  7.69  5.53
 9301.25  1.89  4.11  2.09  2.32  2.14  1.95  3.15  7.55  4.48  6.79  7.57  5.41
 9302.25  2.10  4.56  2.32  2.58  2.38  2.17  3.50  8.31  4.96  7.48  8.32  5.94
 9303.25  2.12  4.62  2.35  2.61  2.42  2.20  3.54  8.40  5.02  7.55  8.39  5.98
 9304.25  2.01  4.39  2.22  2.47  2.29  2.08  3.36  8.03  4.77  7.21  8.01  5.65
 9305.25  2.06  4.52  2.29  2.55  2.35  2.14  3.45  8.29  4.91  7.43  8.25  5.79
 9306.25  1.76  3.91  1.95  2.18  2.01  1.82  2.97  7.27  4.24  6.49  7.23  4.99
 9307.25  0.75  1.71  0.83  0.93  0.86  0.78  1.28  3.31  1.86  2.93  3.29  2.20
 9308.25  0.32  0.73  0.35  0.40  0.37  0.33  0.55  1.44  0.80  1.27  1.42  0.94
 9309.25  0.22  0.51  0.25  0.28  0.26  0.23  0.38  1.01  0.56  0.89  1.00  0.65
 9310.25  0.27  0.62  0.30  0.34  0.31  0.28  0.46  1.22  0.68  1.07  1.20  0.78
 9311.25  0.42  0.97  0.47  0.52  0.48  0.43  0.72  1.89  1.05  1.66  1.86  1.21
 9312.25  0.56  1.30  0.63  0.70  0.65  0.58  0.97  2.54  1.40  2.23  2.49  1.61
 9313.25  0.67  1.55  0.75  0.84  0.77  0.70  1.15  3.03  1.68  2.65  2.96  1.91
 9314.25  0.45  1.04  0.50  0.56  0.52  0.47  0.77  2.04  1.12  1.78  1.99  1.27
 9315.25  0.18  0.43  0.20  0.23  0.21  0.19  0.32  0.84  0.46  0.73  0.82  0.52
 9316.25  0.12  0.29  0.14  0.16  0.14  0.13  0.22  0.58  0.32  0.50  0.56  0.35
 9317.25  0.32  0.75  0.36  0.40  0.37  0.33  0.55  1.46  0.80  1.28  1.42  0.89
 9318.25  1.01  2.36  1.14  1.28  1.18  1.06  1.75  4.51  2.52  3.96  4.38  2.77
 9319.25  0.82  1.94  0.93  1.05  0.96  0.86  1.43  3.74  2.07  3.27  3.62  2.27
 9320.25  0.62  1.48  0.70  0.79  0.73  0.65  1.09  2.88  1.58  2.51  2.78  1.72
 9321.25  0.82  1.94  0.93  1.04  0.96  0.86  1.43  3.76  2.07  3.28  3.63  2.23
 9322.25  1.34  3.13  1.52  1.71  1.57  1.41  2.32  5.90  3.33  5.18  5.69  3.56
 9323.25  0.92  2.17  1.04  1.17  1.08  0.97  1.60  4.16  2.31  3.63  4.00  2.46
 9324.25  0.33  0.79  0.37  0.42  0.39  0.35  0.58  1.55  0.84  1.34  1.48  0.89
 9325.25  0.17  0.40  0.19  0.21  0.20  0.17  0.29  0.78  0.42  0.68  0.75  0.44
 9326.25  0.18  0.43  0.20  0.23  0.21  0.19  0.32  0.85  0.46  0.74  0.81  0.48
 9327.25  0.29  0.70  0.33  0.37  0.34  0.31  0.51  1.37  0.74  1.19  1.31  0.77
 9328.25  0.82  1.97  0.93  1.05  0.97  0.87  1.44  3.79  2.08  3.29  3.61  2.13
 9329.25  1.89  4.38  2.14  2.41  2.22  1.99  3.25  8.03  4.61  7.06  7.67  4.69
 9330.25  1.94  4.49  2.20  2.48  2.29  2.05  3.33  8.21  4.72  7.21  7.83  4.78
 9331.25  1.56  3.67  1.77  2.00  1.84  1.65  2.70  6.83  3.86  5.97  6.49  3.87
 9332.25  0.98  2.36  1.12  1.26  1.16  1.04  1.72  4.53  2.48  3.92  4.28  2.48
 9333.25  0.54  1.33  0.62  0.70  0.65  0.58  0.96  2.58  1.39  2.22  2.43  1.38
 9334.25  0.54  1.31  0.61  0.69  0.64  0.57  0.95  2.54  1.37  2.19  2.39  1.35
 9335.25  1.08  2.59  1.23  1.39  1.28  1.14  1.89  4.91  2.71  4.25  4.62  2.64
 9336.25  1.63  3.85  1.86  2.10  1.94  1.73  2.83  7.10  4.02  6.19  6.69  3.90
 9337.25  1.69  3.99  1.93  2.18  2.01  1.79  2.93  7.33  4.16  6.40  6.90  4.00
 9338.25  1.13  2.72  1.29  1.46  1.35  1.19  1.98  5.14  2.84  4.45  4.81  2.71
 9339.25  0.45  1.10  0.51  0.58  0.54  0.47  0.79  2.15  1.15  1.84  2.00  1.09
 9340.25  0.33  0.83  0.38  0.44  0.40  0.35  0.59  1.62  0.86  1.39  1.51  0.81
 9341.25  0.43  1.06  0.49  0.56  0.51  0.45  0.76  2.07  1.10  1.77  1.92  1.02
 9342.25  0.60  1.48  0.69  0.78  0.72  0.64  1.07  2.87  1.54  2.46  2.66  1.43
 9343.25  0.59  1.46  0.68  0.77  0.71  0.63  1.05  2.80  1.51  2.40  2.59  1.39
 9344.25  0.67  1.65  0.77  0.88  0.81  0.71  1.19  3.16  1.71  2.71  2.92  1.55
 9345.25  0.95  2.33  1.09  1.24  1.15  1.01  1.68  4.39  2.41  3.78  4.06  2.17
 9346.25  1.55  3.72  1.78  2.02  1.87  1.65  2.71  6.82  3.84  5.91  6.32  3.44
 9347.25  2.12  5.01  2.43  2.75  2.55  2.25  3.67  8.99  5.16  7.83  8.35  4.61
 9348.25  2.05  4.90  2.35  2.67  2.47  2.18  3.57  8.89  5.03  7.71  8.22  4.46
 9349.25  1.60  3.93  1.85  2.11  1.94  1.71  2.83  7.34  4.04  6.31  6.75  3.54
 9350.25  1.12  2.81  1.30  1.48  1.37  1.20  2.01  5.37  2.89  4.58  4.91  2.49
 9351.25  0.87  2.20  1.01  1.16  1.06  0.93  1.57  4.26  2.26  3.62  3.88  1.93
 9352.25  0.74  1.87  0.85  0.98  0.90  0.79  1.33  3.62  1.92  3.07  3.29  1.63
 9353.25  0.57  1.44  0.66  0.75  0.69  0.61  1.02  2.79  1.48  2.37  2.53  1.24
 9354.25  0.60  1.52  0.69  0.79  0.73  0.64  1.07  2.92  1.55  2.48  2.65  1.29
 9355.25  1.17  2.92  1.35  1.55  1.43  1.25  2.09  5.50  2.98  4.70  5.00  2.47
 9356.25  1.47  3.65  1.70  1.95  1.80  1.58  2.62  6.79  3.72  5.81  6.17  3.07
 9357.25  0.92  2.32  1.06  1.22  1.13  0.99  1.65  4.41  2.36  3.75  3.98  1.93
 9358.25  0.71  1.80  0.82  0.94  0.87  0.76  1.27  3.44  1.83  2.92  3.10  1.47
 9359.25  1.29  3.24  1.50  1.72  1.59  1.39  2.31  6.02  3.28  5.14  5.44  2.62
 9360.25  1.91  4.70  2.22  2.54  2.35  2.05  3.38  8.52  4.77  7.33  7.73  3.81
 9361.25  1.94  4.79  2.25  2.58  2.39  2.09  3.44  8.69  4.85  7.47  7.87  3.84
 9362.25  1.65  4.15  1.92  2.21  2.04  1.78  2.95  7.70  4.20  6.57  6.92  3.28
 9363.25  1.20  3.09  1.40  1.62  1.49  1.30  2.18  5.87  3.12  4.97  5.24  2.40
 9364.25  0.87  2.26  1.02  1.17  1.08  0.94  1.58  4.34  2.28  3.66  3.86  1.73
 9365.25  0.81  2.11  0.95  1.10  1.01  0.88  1.48  4.06  2.13  3.42  3.61  1.60
 9366.25  0.90  2.34  1.05  1.22  1.12  0.97  1.64  4.47  2.36  3.77  3.97  1.75
 9367.25  0.92  2.40  1.08  1.24  1.15  0.99  1.68  4.60  2.41  3.86  4.07  1.77
 9368.25  0.92  2.40  1.08  1.24  1.15  0.99  1.68  4.61  2.41  3.87  4.07  1.76
 9369.25  0.77  2.03  0.91  1.05  0.97  0.84  1.42  3.91  2.04  3.28  3.44  1.47
 9370.25  0.61  1.60  0.71  0.82  0.76  0.66  1.11  3.09  1.60  2.58  2.71  1.14
 9371.25  0.63  1.65  0.74  0.85  0.79  0.68  1.15  3.18  1.65  2.66  2.79  1.16
 9372.25  1.16  3.01  1.36  1.57  1.45  1.26  2.10  5.63  3.00  4.75  4.96  2.10
 9373.25  1.57  4.05  1.85  2.13  1.97  1.71  2.85  7.49  4.04  6.34  6.61  2.82
 9374.25  1.23  3.23  1.45  1.67  1.55  1.33  2.25  6.11  3.22  5.13  5.35  2.20
 9375.25  0.75  2.01  0.89  1.03  0.95  0.82  1.39  3.89  2.00  3.24  3.38  1.35
 9376.25  0.38  1.01  0.44  0.52  0.47  0.41  0.70  1.98  1.01  1.64  1.71  0.67
 9377.25  0.16  0.43  0.19  0.22  0.20  0.17  0.30  0.85  0.43  0.71  0.74  0.28
 9378.25  0.10  0.27  0.12  0.14  0.13  0.11  0.19  0.53  0.27  0.44  0.46  0.17
 9379.25  0.13  0.36  0.16  0.18  0.17  0.14  0.24  0.70  0.35  0.58  0.60  0.23
 9380.25  0.27  0.72  0.32  0.37  0.34  0.29  0.49  1.42  0.72  1.17  1.22  0.45
 9381.25  0.72  1.93  0.85  0.99  0.91  0.78  1.33  3.69  1.90  3.07  3.18  1.20
 9382.25  1.31  3.44  1.54  1.79  1.66  1.42  2.39  6.41  3.40  5.37  5.55  2.13
 9383.25  1.60  4.19  1.89  2.19  2.03  1.74  2.91  7.74  4.13  6.50  6.71  2.57
 9384.25  1.15  3.08  1.36  1.58  1.46  1.25  2.12  5.86  3.03  4.87  5.03  1.84
 9385.25  0.71  1.95  0.85  0.99  0.91  0.78  1.33  3.79  1.92  3.13  3.23  1.14
 9386.25  0.60  1.63  0.71  0.83  0.76  0.65  1.11  3.17  1.60  2.61  2.69  0.94
 9387.25  0.70  1.91  0.83  0.97  0.89  0.76  1.30  3.68  1.87  3.03  3.13  1.08
 9388.25  0.51  1.42  0.61  0.72  0.66  0.56  0.96  2.77  1.39  2.28  2.34  0.79
 9389.25  0.40  1.12  0.48  0.56  0.52  0.44  0.76  2.19  1.09  1.80  1.85  0.61
 9390.25  0.54  1.50  0.65  0.76  0.70  0.59  1.02  2.93  1.47  2.40  2.47  0.81
 9391.25  1.12  3.06  1.34  1.56  1.44  1.23  2.09  5.82  2.99  4.81  4.93  1.66
 9392.25  1.69  4.52  2.02  2.35  2.18  1.86  3.12  8.31  4.41  6.95  7.11  2.45
 9393.25  1.82  4.85  2.17  2.53  2.34  2.00  3.35  8.86  4.73  7.42  7.58  2.60
 9394.25  1.75  4.67  2.09  2.43  2.25  1.92  3.22  8.57  4.55  7.16  7.31  2.46
 9395.25  1.66  4.46  1.98  2.31  2.14  1.82  3.07  8.24  4.34  6.86  7.00  2.31
 9396.25  1.56  4.23  1.87  2.18  2.02  1.71  2.89  7.86  4.11  6.53  6.65  2.14
 9397.25  1.55  4.21  1.85  2.17  2.00  1.70  2.87  7.82  4.08  6.49  6.61  2.10
 9398.25  1.31  3.60  1.57  1.84  1.70  1.44  2.45  6.76  3.49  5.58  5.68  1.76
 9399.25  0.90  2.51  1.08  1.27  1.17  0.99  1.69  4.82  2.43  3.95  4.01  1.19
 9400.25  0.98  2.75  1.18  1.39  1.28  1.09  1.85  5.26  2.66  4.31  4.37  1.28
 9401.25  1.40  3.85  1.68  1.97  1.83  1.55  2.62  7.18  3.72  5.94  6.02  1.79
 9402.25  1.31  3.63  1.58  1.85  1.71  1.45  2.46  6.81  3.50  5.61  5.68  1.65
 9403.25  0.65  1.86  0.79  0.93  0.86  0.72  1.24  3.62  1.79  2.94  2.98  0.82
 9404.25  0.38  1.10  0.46  0.55  0.51  0.43  0.73  2.16  1.06  1.75  1.77  0.47
 9405.25  0.41  1.19  0.50  0.59  0.55  0.46  0.79  2.33  1.14  1.89  1.91  0.50
 9406.25  0.74  2.13  0.90  1.06  0.98  0.82  1.42  4.11  2.04  3.34  3.37  0.88
 9407.25  1.35  3.79  1.64  1.93  1.78  1.50  2.55  7.10  3.63  5.83  5.87  1.57
 9408.25  1.58  4.37  1.91  2.24  2.07  1.75  2.96  8.06  4.18  6.65  6.69  1.80
 9409.25  1.42  3.96  1.72  2.03  1.87  1.58  2.68  7.33  3.79  6.04  6.07  1.60
 9410.25  1.22  3.44  1.48  1.75  1.62  1.36  2.31  6.40  3.28  5.26  5.28  1.35
 9411.25  1.46  4.07  1.77  2.08  1.93  1.62  2.74  7.50  3.88  6.17  6.19  1.57
 9412.25  1.77  4.88  2.14  2.52  2.33  1.96  3.31  8.88  4.66  7.34  7.36  1.87
 9413.25  1.75  4.86  2.13  2.50  2.32  1.95  3.29  8.84  4.63  7.30  7.31  1.83
 9414.25  1.69  4.71  2.05  2.42  2.24  1.88  3.18  8.63  4.49  7.11  7.11  1.72
 9415.25  1.77  4.95  2.15  2.54  2.35  1.98  3.34  9.02  4.70  7.44  7.43  1.77
 9416.25  1.73  4.83  2.10  2.48  2.30  1.93  3.26  8.80  4.59  7.25  7.24  1.70
 9417.25  1.40  3.97  1.71  2.02  1.87  1.57  2.66  7.33  3.76  6.01  5.99  1.35
 9418.25  1.25  3.58  1.52  1.80  1.67  1.39  2.38  6.70  3.39  5.46  5.44  1.17
 9419.25  1.29  3.73  1.58  1.87  1.73  1.44  2.47  7.00  3.52  5.69  5.66  1.18
 9420.25  1.01  2.95  1.24  1.47  1.36  1.13  1.94  5.62  2.78  4.54  4.51  0.91
 9421.25  0.40  1.18  0.49  0.58  0.53  0.44  0.77  2.31  1.11  1.85  1.83  0.35
 9422.25  0.26  0.77  0.32  0.38  0.35  0.29  0.50  1.52  0.72  1.21  1.20  0.22
 9423.25  0.39  1.18  0.48  0.57  0.53  0.44  0.76  2.30  1.10  1.83  1.82  0.32
 9424.25  0.74  2.22  0.92  1.09  1.01  0.84  1.45  4.31  2.08  3.45  3.41  0.60
 9425.25  0.74  2.21  0.91  1.09  1.00  0.83  1.44  4.27  2.07  3.42  3.38  0.59
 9426.25  0.66  1.96  0.81  0.97  0.89  0.74  1.28  3.79  1.84  3.03  2.99  0.51
 9427.25  0.64  1.90  0.79  0.94  0.87  0.72  1.24  3.64  1.78  2.92  2.88  0.48
 9428.25  0.84  2.49  1.04  1.24  1.14  0.95  1.63  4.69  2.32  3.78  3.72  0.61
 9429.25  1.35  3.91  1.66  1.98  1.83  1.52  2.59  7.17  3.66  5.84  5.75  0.95
 9430.25  1.52  4.36  1.87  2.22  2.05  1.71  2.90  7.93  4.08  6.47  6.37  1.04
 9431.25  1.59  4.59  1.96  2.33  2.16  1.80  3.05  8.36  4.29  6.82  6.70  1.06
 9432.25  1.80  5.19  2.22  2.64  2.45  2.03  3.45  9.39  4.84  7.67  7.53  1.16
 9433.25  1.88  5.41  2.32  2.76  2.56  2.12  3.60  9.78  5.05  7.99  7.84  1.18
 9434.25  1.81  5.25  2.24  2.66  2.47  2.05  3.48  9.53  4.89  7.77  7.61  1.09
 9435.25  1.72  5.03  2.13  2.54  2.35  1.95  3.32  9.18  4.67  7.46  7.30  1.00
 9436.25  1.52  4.49  1.89  2.25  2.08  1.72  2.95  8.26  4.16  6.68  6.54  0.85
 9437.25  1.08  3.25  1.35  1.61  1.49  1.23  2.12  6.10  3.01  4.90  4.78  0.58
 9438.25  0.86  2.63  1.08  1.29  1.19  0.98  1.70  5.00  2.43  3.99  3.89  0.44
 9439.25  0.93  2.84  1.16  1.39  1.29  1.06  1.83  5.39  2.61  4.30  4.18  0.45
 9440.25  0.38  1.19  0.48  0.57  0.53  0.44  0.76  2.31  1.09  1.82  1.77  0.18
 9441.25  0.11  0.35  0.14  0.17  0.15  0.13  0.22  0.68  0.32  0.53  0.52  0.05
 9442.25  0.10  0.32  0.13  0.15  0.14  0.12  0.20  0.63  0.29  0.49  0.48  0.04
 9443.25  0.16  0.51  0.20  0.25  0.23  0.19  0.32  1.01  0.47  0.79  0.76  0.06
 9444.25  0.49  1.53  0.61  0.74  0.68  0.56  0.98  2.98  1.40  2.34  2.27  0.18
 9445.25  0.93  2.88  1.17  1.40  1.30  1.06  1.85  5.50  2.64  4.36  4.21  0.33
 9446.25  1.26  3.85  1.58  1.90  1.76  1.44  2.49  7.20  3.52  5.74  5.55  0.41
 9447.25  1.57  4.74  1.97  2.36  2.19  1.79  3.08  8.70  4.34  6.99  6.76  0.48
 9448.25  1.40  4.27  1.76  2.11  1.95  1.60  2.76  7.94  3.90  6.34  6.12  0.40
 9449.25  1.00  3.11  1.26  1.51  1.40  1.14  1.99  5.93  2.84  4.68  4.51  0.26
 9450.25  0.79  2.51  1.00  1.21  1.12  0.91  1.59  4.82  2.28  3.79  3.64  0.19
 9451.25  0.86  2.71  1.08  1.31  1.21  0.98  1.72  5.21  2.46  4.09  3.93  0.18
 9452.25  1.03  3.24  1.30  1.57  1.45  1.18  2.06  6.18  2.94  4.87  4.67  0.20
 9453.25  1.05  3.30  1.33  1.61  1.49  1.21  2.11  6.26  3.00  4.94  4.74  0.18
 9454.25  1.07  3.34  1.36  1.64  1.52  1.23  2.14  6.26  3.03  4.97  4.76  0.16
 9455.25  1.14  3.54  1.44  1.74  1.61  1.31  2.27  6.57  3.21  5.23  5.01  0.14
 9456.25  1.20  3.71  1.51  1.83  1.69  1.37  2.38  6.88  3.36  5.47  5.23  0.12
 9457.25  1.31  4.07  1.66  2.00  1.85  1.50  2.61  7.55  3.68  6.00  5.73  0.09
 9458.25  1.27  3.99  1.61  1.95  1.80  1.46  2.55  7.45  3.60  5.90  5.63  0.07
 9459.25  0.59  1.91  0.75  0.91  0.84  0.68  1.20  3.69  1.72  2.87  2.73  0.02
 9460.25  0.16  0.54  0.21  0.25  0.24  0.19  0.34  1.06  0.48  0.82  0.77  0.00
 9461.25  0.13  0.44  0.17  0.21  0.19  0.16  0.28  0.87  0.40  0.67  0.64  0.00
 9462.25  0.33  1.08  0.42  0.51  0.47  0.38  0.67  2.11  0.96  1.63  1.54  0.00
 9463.25  1.04  3.33  1.33  1.61  1.49  1.20  2.10  6.30  2.99  4.94  4.68  0.00
 9464.25  1.46  4.58  1.86  2.25  2.08  1.69  2.92  8.44  4.12  6.69  6.36  0.00
 9465.25  1.45  4.54  1.84  2.23  2.07  1.67  2.90  8.36  4.08  6.63  6.29  0.00
 9466.25  1.63  5.07  2.07  2.51  2.33  1.88  3.25  9.21  4.56  7.34  6.96  0.00
 9467.25  1.54  4.83  1.96  2.38  2.20  1.78  3.08  8.81  4.33  7.00  6.63  0.00
 9468.25  1.29  4.10  1.65  2.00  1.86  1.50  2.60  7.58  3.67  5.99  5.66  0.00
 9469.25  1.18  3.77  1.51  1.84  1.70  1.37  2.39  7.00  3.37  5.52  5.21  0.00
 9470.25  1.37  4.36  1.76  2.13  1.98  1.59  2.77  8.02  3.89  6.34  5.98  0.00
 9471.25  1.65  5.20  2.11  2.57  2.38  1.92  3.32  9.44  4.65  7.50  7.07  0.00
 9472.25  1.72  5.43  2.21  2.68  2.49  2.00  3.46  9.82  4.85  7.81  7.36  0.00
 9473.25  1.54  4.89  1.97  2.40  2.22  1.79  3.11  8.95  4.36  7.08  6.66  0.00
 9474.25  1.26  4.05  1.62  1.97  1.82  1.46  2.55  7.50  3.60  5.90  5.53  0.00
 9475.25  1.23  3.98  1.59  1.93  1.79  1.44  2.51  7.36  3.53  5.78  5.42  0.00
 9476.25  1.37  4.42  1.77  2.15  1.99  1.60  2.79  8.14  3.92  6.40  6.00  0.00
 9477.25  0.82  2.73  1.06  1.30  1.20  0.96  1.69  5.23  2.41  4.04  3.77  0.00
 9478.25  0.28  0.94  0.36  0.44  0.41  0.32  0.58  1.85  0.83  1.41  1.31  0.00
 9479.25  0.13  0.46  0.17  0.21  0.20  0.16  0.28  0.90  0.40  0.68  0.63  0.00
 9480.25  0.11  0.38  0.15  0.18  0.17  0.13  0.23  0.75  0.34  0.57  0.53  0.00
 9481.25  0.21  0.73  0.28  0.34  0.31  0.25  0.44  1.42  0.63  1.08  1.00  0.00
 9482.25  0.68  2.30  0.88  1.09  1.01  0.80  1.41  4.38  2.01  3.38  3.13  0.00
 9483.25  1.41  4.59  1.82  2.23  2.07  1.65  2.88  8.41  4.04  6.60  6.14  0.00
 9484.25  1.56  5.10  2.03  2.48  2.30  1.84  3.20  9.29  4.49  7.30  6.79  0.00
 9485.25  1.22  4.08  1.59  1.95  1.81  1.44  2.53  7.63  3.57  5.92  5.48  0.00
 9486.25  1.12  3.79  1.47  1.80  1.67  1.33  2.34  7.12  3.31  5.51  5.10  0.00
 9487.25  1.33  4.41  1.73  2.12  1.97  1.56  2.74  8.18  3.86  6.37  5.89  0.00
 9488.25  1.60  5.25  2.09  2.55  2.37  1.88  3.29  9.55  4.60  7.50  6.94  0.00
 9489.25  1.68  5.50  2.19  2.68  2.49  1.98  3.45  9.96  4.82  7.83  7.25  0.00
 9490.25  1.69  5.53  2.20  2.70  2.50  1.99  3.47 10.00  4.84  7.86  7.27  0.00
 9491.25  1.53  5.08  2.00  2.46  2.28  1.81  3.17  9.29  4.44  7.26  6.70  0.00
 9492.25  1.06  3.62  1.39  1.71  1.59  1.25  2.22  6.82  3.14  5.25  4.82  0.00
 9493.25  0.65  2.27  0.86  1.06  0.98  0.77  1.38  4.37  1.96  3.33  3.04  0.00
 9494.25  0.66  2.30  0.87  1.08  1.00  0.78  1.40  4.39  1.98  3.35  3.06  0.00
 9495.25  1.15  3.92  1.52  1.87  1.73  1.37  2.41  7.26  3.40  5.62  5.15  0.00
 9496.25  1.38  4.63  1.81  2.23  2.07  1.64  2.87  8.47  4.03  6.60  6.06  0.00
 9497.25  1.15  3.93  1.52  1.88  1.74  1.37  2.42  7.29  3.41  5.64  5.16  0.00
 9498.25  1.20  4.11  1.59  1.96  1.82  1.43  2.52  7.59  3.55  5.88  5.37  0.00
 9499.25  1.24  4.21  1.64  2.02  1.87  1.47  2.60  7.75  3.65  6.01  5.49  0.00
 9500.25  0.88  3.06  1.17  1.45  1.34  1.05  1.87  5.71  2.63  4.39  4.00  0.00
 9501.25  0.71  2.48  0.94  1.16  1.08  0.84  1.50  4.68  2.13  3.58  3.25  0.00
 9502.25  1.05  3.64  1.39  1.73  1.60  1.25  2.22  6.79  3.13  5.22  4.74  0.00
 9503.25  1.01  3.55  1.34  1.67  1.54  1.21  2.15  6.71  3.05  5.12  4.64  0.00
 9504.25  0.43  1.55  0.57  0.71  0.66  0.51  0.92  3.03  1.32  2.27  2.04  0.00
 9505.25  0.25  0.91  0.33  0.41  0.38  0.30  0.54  1.78  0.77  1.33  1.20  0.00
 9506.25  0.32  1.16  0.43  0.53  0.49  0.38  0.69  2.27  0.98  1.70  1.52  0.00
 9507.25  0.76  2.72  1.01  1.26  1.17  0.91  1.63  5.23  2.32  3.95  3.55  0.00
 9508.25  1.40  4.86  1.86  2.31  2.14  1.67  2.96  8.95  4.16  6.89  6.23  0.00
 9509.25  1.52  5.26  2.03  2.51  2.33  1.82  3.22  9.60  4.51  7.42  6.71  0.00
 9510.25  1.47  5.11  1.96  2.44  2.26  1.77  3.12  9.36  4.37  7.22  6.52  0.00
 9511.25  1.41  4.92  1.88  2.34  2.17  1.69  3.00  9.05  4.20  6.96  6.28  0.00
 9512.25  1.25  4.43  1.68  2.08  1.93  1.50  2.68  8.24  3.77  6.30  5.66  0.00
 9513.25  0.91  3.29  1.22  1.52  1.41  1.10  1.97  6.27  2.79  4.73  4.23  0.00
 9514.25  0.76  2.78  1.02  1.28  1.18  0.92  1.65  5.34  2.34  4.01  3.57  0.00
 9515.25  0.88  3.21  1.19  1.48  1.37  1.06  1.91  6.12  2.71  4.61  4.11  0.00
 9516.25  1.00  3.60  1.35  1.68  1.56  1.21  2.16  6.75  3.05  5.13  4.58  0.00
 9517.25  1.00  3.58  1.34  1.68  1.56  1.21  2.15  6.66  3.03  5.07  4.53  0.00
 9518.25  1.19  4.25  1.61  2.00  1.86  1.44  2.57  7.82  3.60  5.99  5.35  0.00
 9519.25  1.04  3.75  1.40  1.75  1.62  1.26  2.25  7.00  3.16  5.31  4.74  0.00
 9520.25  0.41  1.56  0.56  0.71  0.65  0.50  0.91  3.03  1.30  2.25  1.99  0.00
 9521.25  0.16  0.61  0.22  0.27  0.25  0.20  0.35  1.20  0.51  0.88  0.78  0.00
 9522.25  0.11  0.41  0.15  0.19  0.17  0.13  0.24  0.81  0.34  0.60  0.53  0.00
 9523.25  0.23  0.89  0.32  0.40  0.37  0.29  0.52  1.75  0.74  1.29  1.13  0.00
 9524.25  0.76  2.84  1.04  1.30  1.21  0.93  1.68  5.42  2.38  4.06  3.58  0.00
 9525.25  1.31  4.72  1.78  2.22  2.06  1.59  2.83  8.65  3.97  6.60  5.86  0.00
 9526.25  1.34  4.86  1.83  2.29  2.12  1.64  2.92  8.92  4.08  6.80  6.03  0.00
 9527.25  1.26  4.59  1.72  2.15  2.00  1.54  2.75  8.46  3.85  6.43  5.70  0.00
 9528.25  1.11  4.07  1.51  1.90  1.76  1.35  2.43  7.54  3.41  5.71  5.05  0.00
 9529.25  1.17  4.27  1.59  2.00  1.85  1.42  2.55  7.90  3.57  5.99  5.28  0.00
 9530.25  1.29  4.73  1.76  2.21  2.05  1.58  2.82  8.71  3.95  6.61  5.83  0.00
 9531.25  1.06  3.96  1.45  1.82  1.69  1.29  2.33  7.44  3.29  5.58  4.90  0.00
 9532.25  0.94  3.56  1.29  1.63  1.51  1.15  2.08  6.75  2.95  5.04  4.41  0.00
 9533.25  1.04  3.90  1.42  1.79  1.66  1.27  2.30  7.36  3.24  5.51  4.82  0.00
 9534.25  1.27  4.72  1.75  2.20  2.04  1.56  2.80  8.72  3.93  6.59  5.79  0.00
 9535.25  1.21  4.50  1.67  2.10  1.94  1.49  2.67  8.30  3.74  6.27  5.50  0.00
 9536.25  0.93  3.54  1.29  1.62  1.50  1.15  2.07  6.66  2.93  4.98  4.34  0.00
 9537.25  0.87  3.33  1.20  1.52  1.40  1.07  1.94  6.34  2.74  4.71  4.09  0.00
 9538.25  0.86  3.32  1.19  1.51  1.40  1.06  1.93  6.33  2.74  4.70  4.08  0.00
 9539.25  0.72  2.79  0.99  1.26  1.17  0.88  1.61  5.37  2.29  3.96  3.42  0.00
 9540.25  0.75  2.90  1.04  1.31  1.22  0.92  1.68  5.57  2.38  4.11  3.56  0.00
 9541.25  1.12  4.25  1.55  1.96  1.82  1.38  2.49  7.90  3.50  5.92  5.15  0.00
 9542.25  1.43  5.31  1.98  2.49  2.31  1.77  3.16  9.62  4.40  7.31  6.38  0.00
 9543.25  1.19  4.46  1.65  2.08  1.93  1.47  2.64  8.15  3.68  6.16  5.36  0.00
 9544.25  0.94  3.60  1.31  1.66  1.54  1.17  2.11  6.67  2.96  5.00  4.33  0.00
 9545.25  1.19  4.51  1.66  2.10  1.95  1.48  2.66  8.25  3.71  6.22  5.40  0.00
 9546.25  1.49  5.52  2.06  2.60  2.41  1.84  3.29  9.91  4.56  7.55  6.57  0.00
 9547.25  1.59  5.89  2.21  2.78  2.59  1.97  3.51 10.54  4.87  8.03  7.00  0.00
 9548.25  1.47  5.52  2.05  2.59  2.40  1.83  3.27  9.98  4.55  7.56  6.56  0.00
 9549.25  1.42  5.35  1.97  2.49  2.32  1.76  3.16  9.71  4.40  7.34  6.35  0.00
 9550.25  1.48  5.58  2.06  2.61  2.43  1.84  3.30 10.10  4.59  7.64  6.61  0.00
 9551.25  1.58  5.92  2.20  2.78  2.59  1.96  3.51 10.61  4.87  8.06  6.98  0.00
 9552.25  1.39  5.29  1.95  2.47  2.29  1.74  3.12  9.60  4.34  7.24  6.26  0.00
 9553.25  0.64  2.57  0.90  1.15  1.07  0.80  1.47  4.91  2.08  3.60  3.07  0.00
 9554.25  0.26  1.06  0.37  0.47  0.43  0.33  0.60  2.09  0.85  1.51  1.27  0.00
 9555.25  0.23  0.94  0.32  0.41  0.38  0.29  0.53  1.84  0.75  1.33  1.12  0.00
 9556.25  0.33  1.37  0.47  0.60  0.56  0.42  0.77  2.68  1.10  1.93  1.63  0.00
 9557.25  0.75  3.00  1.05  1.35  1.25  0.94  1.71  5.68  2.42  4.17  3.54  0.00
 9558.25  1.25  4.85  1.76  2.24  2.08  1.56  2.83  8.85  3.94  6.63  5.68  0.00
 9559.25  1.51  5.80  2.13  2.70  2.51  1.90  3.41 10.42  4.73  7.87  6.75  0.00
 9560.25  1.62  6.18  2.28  2.90  2.69  2.03  3.64 11.05  5.05  8.36  7.18  0.00
 9561.25  1.33  5.22  1.89  2.40  2.23  1.68  3.03  9.55  4.23  7.14  6.08  0.00
 9562.25  0.84  3.41  1.19  1.53  1.42  1.06  1.94  6.47  2.74  4.74  4.00  0.00
 9563.25  0.71  2.91  1.01  1.29  1.20  0.89  1.64  5.56  2.32  4.05  3.40  0.00
 9564.25  0.91  3.70  1.30  1.67  1.55  1.15  2.11  6.94  2.97  5.10  4.30  0.00
 9565.25  1.13  4.48  1.60  2.05  1.90  1.42  2.59  8.21  3.61  6.11  5.18  0.00
 9566.25  1.14  4.53  1.63  2.08  1.93  1.44  2.62  8.28  3.65  6.17  5.23  0.00
 9567.25  1.01  4.09  1.44  1.85  1.72  1.28  2.34  7.60  3.28  5.61  4.72  0.00
 9568.25  0.45  1.92  0.65  0.84  0.78  0.58  1.07  3.73  1.52  2.68  2.23  0.00
 9569.25  0.20  0.87  0.29  0.38  0.35  0.26  0.48  1.70  0.68  1.22  1.01  0.00
 9570.25  0.17  0.74  0.25  0.32  0.30  0.22  0.41  1.45  0.58  1.03  0.85  0.00
 9571.25  0.28  1.20  0.41  0.52  0.49  0.36  0.67  2.35  0.95  1.68  1.39  0.00
 9572.25  0.76  3.17  1.09  1.41  1.31  0.97  1.78  6.05  2.52  4.39  3.65  0.00
 9573.25  1.23  5.01  1.77  2.27  2.11  1.57  2.86  9.24  4.00  6.82  5.72  0.00
 9574.25  1.15  4.73  1.66  2.13  1.98  1.47  2.69  8.79  3.77  6.46  5.40  0.00
 9575.25  1.13  4.67  1.63  2.10  1.95  1.45  2.65  8.69  3.72  6.38  5.33  0.00
 9576.25  1.32  5.35  1.90  2.44  2.27  1.68  3.07  9.77  4.27  7.24  6.07  0.00
 9577.25  1.35  5.46  1.94  2.49  2.32  1.72  3.13  9.93  4.36  7.37  6.17  0.00
 9578.25  1.21  4.98  1.75  2.25  2.09  1.55  2.84  9.18  3.96  6.76  5.64  0.00
 9579.25  1.05  4.38  1.53  1.97  1.83  1.35  2.48  8.12  3.47  5.95  4.95  0.00
 9580.25  0.95  3.95  1.37  1.77  1.65  1.21  2.23  7.33  3.13  5.37  4.46  0.00
 9581.25  0.99  4.12  1.44  1.86  1.72  1.27  2.33  7.62  3.26  5.59  4.64  0.00
 9582.25  1.27  5.18  1.83  2.36  2.19  1.62  2.96  9.42  4.12  6.97  5.81  0.00
 9583.25  1.54  6.20  2.23  2.86  2.66  1.97  3.58 11.06  4.95  8.27  6.91  0.00
 9584.25  1.58  6.36  2.29  2.94  2.74  2.03  3.68 11.32  5.07  8.47  7.08  0.00
 9585.25  1.47  5.98  2.13  2.74  2.55  1.89  3.43 10.73  4.75  7.98  6.65  0.00
 9586.25  1.37  5.62  1.99  2.56  2.38  1.76  3.21 10.15  4.45  7.52  6.25  0.00
 9587.25  1.26  5.24  1.84  2.38  2.21  1.63  2.98  9.53  4.14  7.03  5.82  0.00
 9588.25  1.11  4.67  1.63  2.11  1.96  1.44  2.64  8.56  3.68  6.29  5.19  0.00
 9589.25  1.05  4.44  1.54  2.00  1.86  1.36  2.51  8.13  3.49  5.97  4.92  0.00
 9590.25  1.15  4.80  1.68  2.17  2.02  1.48  2.72  8.74  3.78  6.43  5.30  0.00
 9591.25  1.17  4.90  1.71  2.22  2.06  1.51  2.78  8.91  3.86  6.56  5.41  0.00
 9592.25  1.16  4.86  1.70  2.20  2.04  1.50  2.75  8.86  3.82  6.51  5.36  0.00
 9593.25  1.06  4.56  1.57  2.04  1.89  1.38  2.55  8.42  3.57  6.14  5.02  0.00
 9594.25  0.86  3.78  1.28  1.67  1.55  1.13  2.09  7.14  2.94  5.14  4.17  0.00
 9595.25  0.97  4.23  1.44  1.87  1.74  1.27  2.35  7.92  3.29  5.72  4.65  0.00
 9596.25  1.29  5.46  1.90  2.46  2.29  1.67  3.08  9.92  4.28  7.28  5.97  0.00
 9597.25  1.36  5.72  2.01  2.60  2.42  1.77  3.24 10.28  4.49  7.59  6.23  0.00
 9598.25  1.25  5.29  1.84  2.39  2.22  1.62  2.98  9.59  4.14  7.04  5.76  0.00
 9599.25  1.29  5.48  1.91  2.48  2.31  1.68  3.09  9.91  4.29  7.29  5.96  0.00
 9600.25  1.43  6.03  2.12  2.75  2.56  1.87  3.42 10.80  4.73  7.98  6.53  0.00
 9601.25  1.48  6.21  2.19  2.84  2.64  1.93  3.53 11.10  4.87  8.21  6.72  0.00
 9602.25  1.49  6.27  2.20  2.86  2.66  1.94  3.56 11.20  4.91  8.28  6.77  0.00
 9603.25  1.40  5.97  2.08  2.71  2.52  1.84  3.37 10.72  4.66  7.90  6.44  0.00
 9604.25  1.23  5.31  1.84  2.39  2.23  1.62  2.98  9.61  4.13  7.04  5.72  0.00
 9605.25  1.08  4.73  1.62  2.11  1.96  1.42  2.63  8.65  3.66  6.29  5.09  0.00
 9606.25  1.17  5.10  1.75  2.28  2.12  1.54  2.85  9.30  3.95  6.78  5.48  0.00
 9607.25  1.33  5.73  1.98  2.59  2.41  1.75  3.22 10.32  4.45  7.57  6.14  0.00
 9608.25  1.01  4.52  1.52  2.00  1.85  1.34  2.49  8.38  3.48  6.04  4.85  0.00
 9609.25  0.45  2.13  0.69  0.91  0.84  0.60  1.14  4.13  1.61  2.89  2.28  0.00
 9610.25  0.30  1.41  0.45  0.60  0.56  0.40  0.75  2.76  1.07  1.92  1.51  0.00
 9611.25  0.43  2.01  0.65  0.86  0.80  0.57  1.08  3.92  1.52  2.74  2.15  0.00
 9612.25  0.95  4.33  1.44  1.90  1.76  1.27  2.37  8.11  3.31  5.80  4.61  0.00
 9613.25  1.45  6.27  2.17  2.84  2.64  1.91  3.52 11.18  4.85  8.22  6.63  0.00
 9614.25  1.48  6.33  2.22  2.89  2.69  1.95  3.58 11.17  4.91  8.25  6.68  0.00
 9615.25  1.42  6.11  2.13  2.79  2.59  1.88  3.45 10.81  4.74  7.97  6.44  0.00
 9616.25  1.40  6.13  2.12  2.77  2.58  1.86  3.43 10.93  4.73  8.02  6.45  0.00
 9617.25  1.13  5.09  1.71  2.25  2.09  1.50  2.80  9.36  3.89  6.74  5.37  0.00
 9618.25  1.03  4.72  1.57  2.07  1.93  1.38  2.58  8.74  3.60  6.27  4.97  0.00
 9619.25  1.19  5.33  1.80  2.37  2.20  1.58  2.94  9.71  4.08  7.03  5.59  0.00
 9620.25  1.09  4.93  1.65  2.18  2.03  1.45  2.71  9.03  3.76  6.51  5.16  0.00
 9621.25  0.75  3.53  1.15  1.52  1.42  1.01  1.90  6.66  2.66  4.71  3.70  0.00
 9622.25  0.37  1.80  0.57  0.76  0.71  0.50  0.95  3.51  1.35  2.43  1.88  0.00
 9623.25  0.25  1.22  0.39  0.51  0.48  0.34  0.64  2.39  0.91  1.65  1.27  0.00
 9624.25  0.28  1.39  0.44  0.59  0.54  0.38  0.73  2.73  1.04  1.88  1.45  0.00
 9625.25  0.47  2.27  0.72  0.96  0.89  0.63  1.20  4.41  1.70  3.06  2.37  0.00
 9626.25  0.73  3.48  1.12  1.49  1.39  0.98  1.86  6.60  2.61  4.64  3.61  0.00
 9627.25  0.95  4.49  1.47  1.95  1.81  1.29  2.43  8.35  3.38  5.94  4.64  0.00
 9628.25  1.10  5.12  1.70  2.25  2.09  1.48  2.79  9.41  3.87  6.74  5.29  0.00
 9629.25  0.97  4.59  1.50  1.99  1.85  1.31  2.48  8.56  3.45  6.07  4.74  0.00
 9630.25  0.88  4.23  1.37  1.82  1.69  1.20  2.27  7.97  3.17  5.62  4.36  0.00
 9631.25  0.97  4.64  1.51  2.01  1.86  1.32  2.49  8.65  3.48  6.13  4.76  0.00
 9632.25  0.92  4.40  1.43  1.90  1.76  1.25  2.36  8.27  3.30  5.83  4.52  0.00
 9633.25  0.93  4.46  1.44  1.92  1.79  1.26  2.39  8.35  3.33  5.89  4.56  0.00
 9634.25  1.00  4.77  1.55  2.07  1.92  1.36  2.56  8.87  3.57  6.29  4.87  0.00
 9635.25  1.03  4.88  1.60  2.12  1.98  1.40  2.63  9.00  3.66  6.41  4.97  0.00
 9636.25  0.90  4.33  1.41  1.88  1.75  1.23  2.33  8.03  3.24  5.70  4.41  0.00
 9637.25  0.85  4.09  1.33  1.77  1.64  1.16  2.19  7.60  3.05  5.38  4.15  0.00
 9638.25  1.01  4.81  1.57  2.09  1.95  1.37  2.59  8.84  3.60  6.29  4.87  0.00
 9639.25  1.17  5.52  1.82  2.42  2.26  1.59  2.99 10.03  4.14  7.18  5.58  0.00
 9640.25  1.14  5.42  1.79  2.38  2.21  1.56  2.94  9.86  4.07  7.06  5.48  0.00
 9641.25  1.16  5.53  1.82  2.43  2.26  1.59  2.99 10.05  4.14  7.19  5.57  0.00
 9642.25  1.24  5.87  1.94  2.59  2.41  1.70  3.19 10.62  4.40  7.62  5.91  0.00
 9643.25  1.22  5.81  1.92  2.55  2.38  1.67  3.15 10.50  4.35  7.53  5.83  0.00
 9644.25  1.10  5.30  1.74  2.31  2.15  1.51  2.85  9.65  3.95  6.88  5.31  0.00
 9645.25  0.93  4.54  1.47  1.97  1.83  1.28  2.43  8.36  3.38  5.92  4.55  0.00
 9646.25  1.01  4.88  1.59  2.12  1.98  1.39  2.62  8.92  3.63  6.34  4.87  0.00
 9647.25  1.22  5.82  1.92  2.56  2.39  1.68  3.15 10.48  4.35  7.52  5.80  0.00
 9648.25  1.30  6.16  2.05  2.73  2.54  1.79  3.35 11.03  4.61  7.94  6.13  0.00
 9649.25  1.29  6.15  2.04  2.72  2.53  1.78  3.34 11.02  4.59  7.92  6.11  0.00
 9650.25  1.26  6.06  2.00  2.67  2.48  1.74  3.28 10.90  4.52  7.81  6.01  0.00
 9651.25  1.19  5.78  1.89  2.53  2.35  1.65  3.11 10.47  4.29  7.47  5.72  0.00
 9652.25  1.11  5.44  1.77  2.37  2.20  1.54  2.91  9.93  4.03  7.05  5.38  0.00
 9653.25  1.01  5.01  1.61  2.16  2.01  1.40  2.66  9.23  3.69  6.51  4.94  0.00
 9654.25  0.87  4.43  1.40  1.89  1.75  1.22  2.33  8.29  3.25  5.79  4.36  0.00
 9655.25  0.78  3.98  1.25  1.68  1.56  1.08  2.08  7.53  2.91  5.22  3.91  0.00
 9656.25  0.72  3.73  1.16  1.57  1.46  1.01  1.94  7.09  2.72  4.90  3.66  0.00
 9657.25  0.76  3.92  1.22  1.65  1.54  1.06  2.04  7.41  2.85  5.13  3.83  0.00
 9658.25  0.80  4.14  1.29  1.75  1.63  1.12  2.16  7.80  3.01  5.40  4.04  0.00
 9659.25  0.75  3.89  1.21  1.64  1.52  1.05  2.02  7.36  2.82  5.08  3.78  0.00
 9660.25  0.58  3.05  0.94  1.27  1.18  0.81  1.57  5.85  2.20  4.00  2.96  0.00
 9661.25  0.47  2.49  0.76  1.03  0.96  0.66  1.28  4.82  1.79  3.28  2.42  0.00
 9662.25  0.46  2.47  0.75  1.02  0.95  0.65  1.26  4.77  1.78  3.25  2.39  0.00
 9663.25  0.53  2.83  0.87  1.18  1.09  0.75  1.45  5.45  2.04  3.72  2.74  0.00
 9664.25  0.49  2.63  0.80  1.09  1.01  0.69  1.34  5.08  1.88  3.45  2.53  0.00
 9665.25  0.45  2.43  0.74  1.00  0.93  0.64  1.24  4.71  1.74  3.19  2.33  0.00
 9666.25  0.56  3.03  0.93  1.26  1.17  0.80  1.55  5.83  2.18  3.97  2.91  0.00
 9667.25  0.83  4.34  1.35  1.83  1.70  1.17  2.25  8.13  3.14  5.63  4.17  0.00
 9668.25  0.98  5.10  1.61  2.18  2.03  1.39  2.67  9.40  3.70  6.57  4.89  0.00
 9669.25  0.74  3.92  1.21  1.64  1.53  1.05  2.02  7.39  2.82  5.08  3.74  0.00
 9670.25  0.35  1.94  0.58  0.79  0.74  0.50  0.98  3.78  1.38  2.54  1.84  0.00
 9671.25  0.27  1.48  0.44  0.60  0.56  0.38  0.75  2.90  1.05  1.95  1.41  0.00
 9672.25  0.36  2.02  0.60  0.82  0.77  0.52  1.02  3.93  1.43  2.64  1.91  0.00
 9673.25  0.60  3.29  1.00  1.36  1.27  0.86  1.68  6.31  2.35  4.29  3.12  0.00
 9674.25  0.85  4.54  1.40  1.91  1.77  1.21  2.34  8.50  3.26  5.86  4.29  0.00
 9675.25  0.90  4.80  1.49  2.02  1.88  1.28  2.48  8.93  3.45  6.18  4.53  0.00
 9676.25  0.65  3.55  1.08  1.47  1.37  0.93  1.81  6.78  2.53  4.61  3.35  0.00
 9677.25  0.60  3.30  1.00  1.36  1.27  0.86  1.68  6.34  2.34  4.29  3.10  0.00
 9678.25  0.82  4.44  1.36  1.86  1.73  1.18  2.28  8.33  3.17  5.72  4.17  0.00
 9679.25  0.95  5.09  1.58  2.16  2.01  1.37  2.64  9.37  3.65  6.51  4.78  0.00
 9680.25  0.79  4.28  1.31  1.80  1.67  1.13  2.20  7.99  3.06  5.50  4.01  0.00
 9681.25  0.53  2.97  0.89  1.22  1.13  0.77  1.50  5.70  2.10  3.85  2.77  0.00
 9682.25  0.33  1.90  0.56  0.77  0.72  0.48  0.95  3.72  1.34  2.48  1.77  0.00
 9683.25  0.28  1.59  0.47  0.64  0.60  0.40  0.79  3.12  1.11  2.07  1.47  0.00
 9684.25  0.26  1.50  0.44  0.61  0.56  0.38  0.75  2.94  1.05  1.95  1.38  0.00
 9685.25  0.28  1.61  0.47  0.65  0.61  0.41  0.80  3.16  1.13  2.10  1.49  0.00
 9686.25  0.48  2.75  0.82  1.12  1.04  0.70  1.38  5.31  1.93  3.56  2.54  0.00
 9687.25  0.81  4.52  1.37  1.88  1.75  1.18  2.30  8.46  3.20  5.79  4.17  0.00
 9688.25  0.80  4.46  1.35  1.86  1.73  1.16  2.27  8.36  3.16  5.72  4.11  0.00
 9689.25  0.87  4.82  1.47  2.01  1.87  1.26  2.46  8.96  3.41  6.15  4.43  0.00
 9690.25  0.98  5.36  1.65  2.27  2.11  1.43  2.76  9.85  3.82  6.82  4.93  0.00
 9691.25  0.81  4.54  1.38  1.89  1.76  1.18  2.31  8.47  3.20  5.79  4.16  0.00
 9692.25  0.47  2.71  0.80  1.10  1.02  0.68  1.35  5.23  1.89  3.50  2.47  0.00
 9693.25  0.37  2.17  0.63  0.88  0.82  0.54  1.08  4.23  1.51  2.81  1.97  0.00
 9694.25  0.52  3.01  0.89  1.23  1.14  0.76  1.50  5.80  2.10  3.88  2.74  0.00
 9695.25  0.80  4.55  1.37  1.89  1.76  1.18  2.31  8.52  3.20  5.81  4.14  0.00
 9696.25  0.92  5.15  1.57  2.16  2.01  1.35  2.63  9.51  3.64  6.54  4.68  0.00
 9697.25  1.06  5.86  1.81  2.49  2.32  1.56  3.02 10.62  4.16  7.38  5.32  0.00
 9698.25  1.07  5.88  1.82  2.50  2.33  1.57  3.04 10.65  4.18  7.41  5.34  0.00
 9699.25  0.86  4.87  1.47  2.03  1.89  1.27  2.47  9.03  3.42  6.18  4.40  0.00
 9700.25  0.44  2.63  0.77  1.07  0.99  0.66  1.30  5.08  1.82  3.38  2.36  0.00
 9701.25  0.20  1.22  0.35  0.49  0.45  0.30  0.60  2.39  0.84  1.57  1.09  0.00
 9702.25  0.18  1.08  0.31  0.43  0.40  0.27  0.53  2.12  0.74  1.39  0.96  0.00
 9703.25  0.32  1.93  0.56  0.77  0.72  0.48  0.95  3.76  1.32  2.48  1.71  0.00
 9704.25  0.78  4.53  1.35  1.87  1.74  1.16  2.28  8.45  3.16  5.74  4.04  0.00
 9705.25  1.07  5.99  1.84  2.54  2.37  1.58  3.08 10.83  4.23  7.52  5.37  0.00
 9706.25  0.97  5.52  1.68  2.31  2.16  1.44  2.81 10.10  3.87  6.95  4.92  0.00
 9707.25  0.83  4.85  1.45  2.01  1.87  1.24  2.44  9.01  3.38  6.13  4.31  0.00
 9708.25  0.88  5.09  1.53  2.12  1.97  1.31  2.57  9.40  3.55  6.42  4.52  0.00
 9709.25  1.03  5.84  1.79  2.47  2.30  1.53  2.99 10.57  4.11  7.32  5.19  0.00
 9710.25  1.08  6.09  1.87  2.58  2.41  1.60  3.12 10.97  4.28  7.61  5.40  0.00
 9711.25  1.06  6.05  1.85  2.56  2.39  1.59  3.09 10.92  4.25  7.56  5.36  0.00
 9712.25  0.85  4.98  1.49  2.06  1.92  1.27  2.50  9.22  3.46  6.27  4.39  0.00
 9713.25  0.42  2.58  0.74  1.03  0.96  0.63  1.26  4.99  1.76  3.29  2.25  0.00
 9714.25  0.26  1.63  0.46  0.65  0.60  0.40  0.79  3.20  1.11  2.09  1.42  0.00
 9715.25  0.31  1.96  0.56  0.78  0.73  0.48  0.95  3.83  1.33  2.51  1.71  0.00
 9716.25  0.68  4.11  1.20  1.68  1.56  1.03  2.04  7.72  2.83  5.19  3.58  0.00
 9717.25  1.03  5.99  1.82  2.52  2.35  1.56  3.04 10.82  4.18  7.46  5.24  0.00
 9718.25  1.08  6.23  1.90  2.64  2.46  1.63  3.18 11.20  4.36  7.75  5.45  0.00
 9719.25  1.05  6.09  1.85  2.57  2.39  1.58  3.10 10.99  4.25  7.58  5.32  0.00
 9720.25  0.70  4.28  1.25  1.75  1.63  1.07  2.12  8.02  2.93  5.38  3.70  0.00
 9721.25  0.27  1.72  0.48  0.68  0.63  0.41  0.83  3.35  1.16  2.19  1.47  0.00
 9722.25  0.15  0.97  0.27  0.38  0.35  0.23  0.46  1.90  0.65  1.23  0.83  0.00
 9723.25  0.17  1.09  0.31  0.43  0.40  0.26  0.52  2.14  0.73  1.39  0.93  0.00
 9724.25  0.37  2.35  0.66  0.93  0.87  0.57  1.13  4.55  1.58  2.98  2.00  0.00
 9725.25  0.70  4.35  1.26  1.77  1.65  1.08  2.14  8.16  2.97  5.46  3.73  0.00
 9726.25  0.80  4.89  1.43  2.00  1.87  1.22  2.42  9.08  3.35  6.12  4.19  0.00
 9727.25  0.83  5.06  1.48  2.08  1.94  1.27  2.51  9.36  3.46  6.32  4.33  0.00
 9728.25  0.80  4.90  1.43  2.01  1.87  1.22  2.42  9.10  3.35  6.13  4.18  0.00
 9729.25  0.71  4.47  1.29  1.81  1.69  1.10  2.19  8.37  3.04  5.60  3.80  0.00
 9730.25  0.69  4.33  1.25  1.76  1.64  1.06  2.12  8.14  2.94  5.43  3.67  0.00
 9731.25  0.68  4.31  1.24  1.75  1.63  1.06  2.11  8.11  2.92  5.40  3.65  0.00
 9732.25  0.75  4.70  1.36  1.91  1.78  1.16  2.31  8.77  3.19  5.87  3.97  0.00
 9733.25  0.90  5.54  1.63  2.29  2.13  1.39  2.76 10.12  3.79  6.87  4.69  0.00
 9734.25  0.85  5.28  1.55  2.18  2.03  1.32  2.62  9.68  3.61  6.56  4.47  0.00
 9735.25  0.67  4.23  1.22  1.71  1.60  1.03  2.07  7.94  2.86  5.29  3.56  0.00
 9736.25  0.51  3.32  0.94  1.33  1.24  0.80  1.60  6.34  2.23  4.17  2.78  0.00
 9737.25  0.37  2.47  0.69  0.97  0.91  0.58  1.18  4.78  1.64  3.11  2.05  0.00
 9738.25  0.40  2.68  0.75  1.06  0.99  0.63  1.28  5.18  1.78  3.37  2.22  0.00
 9739.25  0.42  2.81  0.78  1.11  1.04  0.66  1.34  5.44  1.87  3.54  2.33  0.00
 9740.25  0.27  1.80  0.50  0.70  0.66  0.42  0.85  3.52  1.19  2.27  1.48  0.00
 9741.25  0.26  1.77  0.49  0.69  0.64  0.41  0.84  3.46  1.17  2.23  1.45  0.00
 9742.25  0.46  3.03  0.85  1.20  1.12  0.72  1.45  5.82  2.02  3.80  2.50  0.00
 9743.25  0.77  4.89  1.42  2.00  1.86  1.20  2.40  9.00  3.31  6.05  4.06  0.00
 9744.25  0.91  5.69  1.68  2.36  2.20  1.42  2.83 10.29  3.87  7.00  4.73  0.00
 9745.25  0.99  6.17  1.83  2.57  2.40  1.55  3.08 11.08  4.21  7.57  5.13  0.00
 9746.25  0.80  5.13  1.48  2.09  1.95  1.25  2.51  9.46  3.46  6.34  4.23  0.00
 9747.25  0.45  3.05  0.84  1.20  1.12  0.71  1.45  5.86  2.01  3.81  2.48  0.00
 9748.25  0.32  2.22  0.61  0.87  0.81  0.51  1.05  4.31  1.46  2.78  1.80  0.00
 9749.25  0.34  2.37  0.65  0.93  0.86  0.55  1.12  4.59  1.56  2.96  1.92  0.00
 9750.25  0.59  3.96  1.11  1.58  1.47  0.94  1.90  7.47  2.63  4.92  3.22  0.00
 9751.25  0.90  5.81  1.69  2.39  2.23  1.43  2.86 10.55  3.92  7.13  4.76  0.00
 9752.25  0.96  6.13  1.80  2.54  2.37  1.53  3.03 11.03  4.15  7.50  5.03  0.00
 9753.25  0.92  5.92  1.73  2.45  2.28  1.47  2.92 10.66  4.00  7.23  4.84  0.00
 9754.25  0.88  5.71  1.66  2.35  2.19  1.41  2.81 10.34  3.85  6.99  4.66  0.00
 9755.25  0.88  5.71  1.65  2.34  2.19  1.40  2.80 10.37  3.84  6.99  4.64  0.00
 9756.25  0.87  5.67  1.64  2.32  2.17  1.39  2.78 10.29  3.81  6.94  4.60  0.00
 9757.25  0.81  5.31  1.52  2.17  2.02  1.29  2.59  9.69  3.55  6.50  4.29  0.00
 9758.25  0.73  4.90  1.39  1.98  1.85  1.18  2.37  9.04  3.26  6.02  3.94  0.00
 9759.25  0.79  5.27  1.50  2.13  1.99  1.27  2.55  9.67  3.51  6.46  4.23  0.00
 9760.25  0.93  6.10  1.77  2.51  2.35  1.50  3.00 10.98  4.10  7.43  4.92  0.00
 9761.25  0.99  6.41  1.88  2.67  2.49  1.59  3.17 11.42  4.32  7.78  5.18  0.00
 9762.25  0.95  6.15  1.80  2.55  2.38  1.52  3.04 10.96  4.14  7.46  4.95  0.00
 9763.25  0.97  6.26  1.84  2.61  2.43  1.56  3.10 11.11  4.22  7.58  5.04  0.00
 9764.25  1.06  6.77  2.01  2.84  2.66  1.70  3.38 11.90  4.58  8.17  5.46  0.00
 9765.25  1.09  6.97  2.08  2.94  2.75  1.76  3.49 12.20  4.73  8.40  5.62  0.00
 9766.25  0.93  6.14  1.78  2.53  2.36  1.50  3.01 11.02  4.11  7.45  4.90  0.00
 9767.25  0.84  5.68  1.62  2.31  2.16  1.37  2.75 10.35  3.77  6.92  4.51  0.00
 9768.25  1.07  6.93  2.05  2.91  2.72  1.74  3.45 12.17  4.68  8.35  5.55  0.00
 9769.25  1.23  7.73  2.35  3.32  3.11  1.99  3.92 13.26  5.28  9.24  6.22  0.00
 9770.25  1.16  7.41  2.22  3.14  2.94  1.88  3.72 12.86  5.02  8.89  5.93  0.00
 9771.25  1.05  6.87  2.02  2.87  2.68  1.70  3.40 12.12  4.62  8.28  5.46  0.00
 9772.25  0.96  6.41  1.85  2.64  2.47  1.56  3.14 11.45  4.27  7.75  5.06  0.00
 9773.25  0.92  6.20  1.78  2.55  2.38  1.50  3.03 11.12  4.13  7.50  4.89  0.00
 9774.25  1.02  6.75  1.98  2.82  2.63  1.67  3.34 11.90  4.53  8.12  5.34  0.00
 9775.25  1.14  7.38  2.20  3.13  2.92  1.86  3.69 12.79  4.99  8.83  5.85  0.00
 9776.25  1.09  7.16  2.12  3.01  2.82  1.79  3.56 12.49  4.82  8.58  5.66  0.00
 9777.25  1.04  6.94  2.03  2.90  2.71  1.72  3.43 12.18  4.65  8.33  5.46  0.00
 9778.25  0.99  6.66  1.93  2.76  2.58  1.63  3.27 11.78  4.44  8.00  5.21  0.00
 9779.25  0.90  6.17  1.76  2.53  2.36  1.48  2.99 11.05  4.08  7.44  4.80  0.00
 9780.25  0.84  5.86  1.65  2.38  2.22  1.39  2.82 10.61  3.86  7.08  4.54  0.00
 9781.25  0.83  5.84  1.65  2.37  2.21  1.39  2.81 10.56  3.84  7.05  4.52  0.00
 9782.25  0.84  5.84  1.65  2.38  2.22  1.39  2.82 10.51  3.84  7.04  4.51  0.00
 9783.25  0.90  6.21  1.77  2.55  2.38  1.49  3.01 11.10  4.10  7.47  4.80  0.00
 9784.25  0.93  6.47  1.85  2.65  2.48  1.55  3.14 11.53  4.27  7.77  4.99  0.00
 9785.25  0.89  6.25  1.77  2.55  2.38  1.49  3.02 11.22  4.11  7.52  4.81  0.00
 9786.25  0.78  5.62  1.56  2.26  2.11  1.31  2.68 10.25  3.67  6.79  4.29  0.00
 9787.25  0.69  5.09  1.40  2.02  1.89  1.17  2.40  9.39  3.29  6.16  3.86  0.00
 9788.25  0.74  5.40  1.49  2.16  2.01  1.25  2.56  9.91  3.51  6.53  4.10  0.00
 9789.25  0.77  5.57  1.54  2.23  2.08  1.29  2.64 10.17  3.62  6.71  4.22  0.00
 9790.25  0.51  3.89  1.04  1.52  1.41  0.87  1.80  7.35  2.49  4.73  2.91  0.00
 9791.25  0.25  1.94  0.51  0.74  0.69  0.42  0.88  3.79  1.22  2.38  1.44  0.00
 9792.25  0.14  1.08  0.28  0.41  0.38  0.23  0.49  2.13  0.68  1.33  0.80  0.00
 9793.25  0.08  0.64  0.16  0.24  0.23  0.14  0.29  1.26  0.40  0.79  0.47  0.00
 9794.25  0.08  0.66  0.17  0.25  0.23  0.14  0.30  1.31  0.42  0.81  0.49  0.00
 9795.25  0.17  1.35  0.35  0.51  0.48  0.29  0.61  2.65  0.85  1.66  0.99  0.00
 9796.25  0.50  3.90  1.04  1.52  1.41  0.87  1.80  7.35  2.48  4.72  2.88  0.00
 9797.25  0.73  5.45  1.49  2.17  2.02  1.25  2.56  9.98  3.51  6.55  4.06  0.00
 9798.25  0.49  3.85  1.02  1.49  1.39  0.85  1.77  7.30  2.44  4.67  2.83  0.00
 9799.25  0.38  3.02  0.79  1.16  1.08  0.66  1.37  5.82  1.90  3.67  2.21  0.00
 9800.25  0.37  2.94  0.77  1.13  1.05  0.64  1.34  5.67  1.85  3.58  2.15  0.00
 9801.25  0.20  1.63  0.42  0.62  0.57  0.35  0.73  3.19  1.02  1.99  1.18  0.00
 9802.25  0.13  1.08  0.27  0.41  0.38  0.23  0.48  2.12  0.67  1.31  0.78  0.00
 9803.25  0.17  1.43  0.36  0.54  0.50  0.30  0.64  2.80  0.89  1.74  1.03  0.00
 9804.25  0.40  3.25  0.85  1.25  1.16  0.71  1.48  6.21  2.04  3.93  2.35  0.00
 9805.25  0.75  5.74  1.57  2.29  2.14  1.31  2.70 10.44  3.69  6.87  4.22  0.00
 9806.25  0.74  5.70  1.55  2.27  2.12  1.30  2.67 10.38  3.65  6.81  4.18  0.00
 9807.25  0.71  5.47  1.48  2.17  2.02  1.23  2.55 10.03  3.49  6.55  4.00  0.00
 9808.25  0.65  5.09  1.36  2.00  1.87  1.14  2.36  9.41  3.23  6.10  3.70  0.00
 9809.25  0.43  3.54  0.92  1.36  1.26  0.76  1.60  6.76  2.21  4.27  2.54  0.00
 9810.25  0.34  2.82  0.72  1.07  1.00  0.60  1.26  5.45  1.75  3.41  2.01  0.00
 9811.25  0.40  3.33  0.86  1.27  1.18  0.71  1.50  6.39  2.07  4.02  2.38  0.00
 9812.25  0.54  4.35  1.14  1.68  1.57  0.95  1.98  8.17  2.73  5.22  3.11  0.00
 9813.25  0.37  3.09  0.79  1.17  1.09  0.66  1.39  5.93  1.92  3.72  2.19  0.00
 9814.25  0.24  2.04  0.52  0.77  0.72  0.43  0.91  3.99  1.26  2.47  1.44  0.00
 9815.25  0.25  2.14  0.54  0.80  0.75  0.45  0.95  4.17  1.32  2.58  1.50  0.00
 9816.25  0.41  3.42  0.88  1.30  1.22  0.73  1.54  6.54  2.12  4.12  2.42  0.00
 9817.25  0.61  4.93  1.30  1.92  1.79  1.08  2.26  9.14  3.10  5.89  3.51  0.00
 9818.25  0.47  3.91  1.01  1.50  1.40  0.84  1.76  7.40  2.43  4.69  2.75  0.00
 9819.25  0.31  2.68  0.68  1.01  0.94  0.56  1.19  5.19  1.65  3.23  1.87  0.00
 9820.25  0.25  2.13  0.54  0.80  0.75  0.45  0.95  4.16  1.31  2.58  1.48  0.00
 9821.25  0.25  2.14  0.54  0.80  0.75  0.44  0.95  4.17  1.31  2.58  1.48  0.00
 9822.25  0.34  2.95  0.75  1.12  1.04  0.62  1.31  5.69  1.82  3.55  2.05  0.00
 9823.25  0.53  4.44  1.15  1.71  1.60  0.96  2.01  8.33  2.76  5.30  3.11  0.00
 9824.25  0.63  5.20  1.37  2.03  1.90  1.14  2.39  9.57  3.26  6.18  3.66  0.00
 9825.25  0.65  5.30  1.41  2.08  1.94  1.17  2.44  9.71  3.33  6.29  3.73  0.00
 9826.25  0.64  5.25  1.39  2.05  1.92  1.15  2.41  9.64  3.29  6.23  3.68  0.00
 9827.25  0.62  5.19  1.36  2.02  1.89  1.13  2.37  9.57  3.24  6.16  3.63  0.00
 9828.25  0.60  5.03  1.31  1.95  1.82  1.09  2.29  9.31  3.13  5.97  3.50  0.00
 9829.25  0.51  4.35  1.12  1.67  1.56  0.93  1.96  8.18  2.69  5.18  3.01  0.00
 9830.25  0.41  3.60  0.91  1.36  1.27  0.75  1.60  6.86  2.20  4.30  2.47  0.00
 9831.25  0.38  3.35  0.85  1.26  1.18  0.70  1.49  6.42  2.05  4.00  2.29  0.00
 9832.25  0.44  3.87  0.98  1.47  1.37  0.81  1.72  7.33  2.37  4.61  2.64  0.00
 9833.25  0.57  4.89  1.27  1.89  1.76  1.05  2.21  9.08  3.03  5.80  3.37  0.00
 9834.25  0.00  0.00  0.00  0.00  0.00  0.00  0.00  0.00  0.00  0.00  0.00  0.00
 9835.25  0.00  0.00  0.00  0.00  0.00  0.00  0.00  0.00  0.00  0.00  0.00  0.00
 9836.25  0.00  0.00  0.00  0.00  0.00  0.00  0.00  0.00  0.00  0.00  0.00  0.00
 9837.25  0.00  0.00  0.00  0.00  0.00  0.00  0.00  0.00  0.00  0.00  0.00  0.00
 9838.25  0.00  0.00  0.00  0.00  0.00  0.00  0.00  0.00  0.00  0.00  0.00  0.00
 9839.25  0.00  0.00  0.00  0.00  0.00  0.00  0.00  0.00  0.00  0.00  0.00  0.00
 9840.25  0.00  0.00  0.00  0.00  0.00  0.00  0.00  0.00  0.00  0.00  0.00  0.00
 9841.25  0.00  0.00  0.00  0.00  0.00  0.00  0.00  0.00  0.00  0.00  0.00  0.00
 9842.25  0.00  0.00  0.00  0.00  0.00  0.00  0.00  0.00  0.00  0.00  0.00  0.00
 9843.25  0.00  0.00  0.00  0.00  0.00  0.00  0.00  0.00  0.00  0.00  0.00  0.00
 9844.25  0.00  0.00  0.00  0.00  0.00  0.00  0.00  0.00  0.00  0.00  0.00  0.00
 9845.25  0.00  0.00  0.00  0.00  0.00  0.00  0.00  0.00  0.00  0.00  0.00  0.00
 9846.25  0.00  0.00  0.00  0.00  0.00  0.00  0.00  0.00  0.00  0.00  0.00  0.00
 9847.25  0.00  0.00  0.00  0.00  0.00  0.00  0.00  0.00  0.00  0.00  0.00  0.00
 9848.25  0.00  0.00  0.00  0.00  0.00  0.00  0.00  0.00  0.00  0.00  0.00  0.00
 9849.25  0.00  0.00  0.00  0.00  0.00  0.00  0.00  0.00  0.00  0.00  0.00  0.00
 9850.25  0.00  0.00  0.00  0.00  0.00  0.00  0.00  0.00  0.00  0.00  0.00  0.00
 9851.25  0.00  0.00  0.00  0.00  0.00  0.00  0.00  0.00  0.00  0.00  0.00  0.00
 9852.25  0.00  0.00  0.00  0.00  0.00  0.00  0.00  0.00  0.00  0.00  0.00  0.00
 9853.25  0.00  0.00  0.00  0.00  0.00  0.00  0.00  0.00  0.00  0.00  0.00  0.00
 9854.25  0.00  0.00  0.00  0.00  0.00  0.00  0.00  0.00  0.00  0.00  0.00  0.00
 9855.25  0.00  0.00  0.00  0.00  0.00  0.00  0.00  0.00  0.00  0.00  0.00  0.00
 9856.25  0.00  0.00  0.00  0.00  0.00  0.00  0.00  0.00  0.00  0.00  0.00  0.00
 9857.25  0.00  0.00  0.00  0.00  0.00  0.00  0.00  0.00  0.00  0.00  0.00  0.00
 9858.25  0.00  0.00  0.00  0.00  0.00  0.00  0.00  0.00  0.00  0.00  0.00  0.00
 9859.25  0.00  0.00  0.00  0.00  0.00  0.00  0.00  0.00  0.00  0.00  0.00  0.00
 9860.25  0.00  0.00  0.00  0.00  0.00  0.00  0.00  0.00  0.00  0.00  0.00  0.00
 9861.25  0.00  0.00  0.00  0.00  0.00  0.00  0.00  0.00  0.00  0.00  0.00  0.00
 9862.25  0.00  0.00  0.00  0.00  0.00  0.00  0.00  0.00  0.00  0.00  0.00  0.00
 9863.25  0.00  0.00  0.00  0.00  0.00  0.00  0.00  0.00  0.00  0.00  0.00  0.00
 9864.25  0.00  0.00  0.00  0.00  0.00  0.00  0.00  0.00  0.00  0.00  0.00  0.00
 9865.25  0.00  0.00  0.00  0.00  0.00  0.00  0.00  0.00  0.00  0.00  0.00  0.00
 9866.25  0.00  0.00  0.00  0.00  0.00  0.00  0.00  0.00  0.00  0.00  0.00  0.00
 9867.25  0.00  0.00  0.00  0.00  0.00  0.00  0.00  0.00  0.00  0.00  0.00  0.00
 9868.25  0.00  0.00  0.00  0.00  0.00  0.00  0.00  0.00  0.00  0.00  0.00  0.00
 9869.25  0.00  0.00  0.00  0.00  0.00  0.00  0.00  0.00  0.00  0.00  0.00  0.00
 9870.25  0.00  0.00  0.00  0.00  0.00  0.00  0.00  0.00  0.00  0.00  0.00  0.00
 9871.25  0.00  0.00  0.00  0.00  0.00  0.00  0.00  0.00  0.00  0.00  0.00  0.00
 9872.25  0.00  0.00  0.00  0.00  0.00  0.00  0.00  0.00  0.00  0.00  0.00  0.00
 9873.25  0.00  0.00  0.00  0.00  0.00  0.00  0.00  0.00  0.00  0.00  0.00  0.00
 9874.25  0.00  0.00  0.00  0.00  0.00  0.00  0.00  0.00  0.00  0.00  0.00  0.00
 9875.25  0.00  0.00  0.00  0.00  0.00  0.00  0.00  0.00  0.00  0.00  0.00  0.00
 9876.25  0.00  0.00  0.00  0.00  0.00  0.00  0.00  0.00  0.00  0.00  0.00  0.00
 9877.25  0.00  0.00  0.00  0.00  0.00  0.00  0.00  0.00  0.00  0.00  0.00  0.00
 9878.25  0.00  0.00  0.00  0.00  0.00  0.00  0.00  0.00  0.00  0.00  0.00  0.00
 9879.25  0.00  0.00  0.00  0.00  0.00  0.00  0.00  0.00  0.00  0.00  0.00  0.00
 9880.25  0.00  0.00  0.00  0.00  0.00  0.00  0.00  0.00  0.00  0.00  0.00  0.00
 9881.25  0.00  0.00  0.00  0.00  0.00  0.00  0.00  0.00  0.00  0.00  0.00  0.00
 9882.25  0.00  0.00  0.00  0.00  0.00  0.00  0.00  0.00  0.00  0.00  0.00  0.00
 9883.25  0.00  0.00  0.00  0.00  0.00  0.00  0.00  0.00  0.00  0.00  0.00  0.00
 9884.25  0.00  0.00  0.00  0.00  0.00  0.00  0.00  0.00  0.00  0.00  0.00  0.00
 9885.25  0.00  0.00  0.00  0.00  0.00  0.00  0.00  0.00  0.00  0.00  0.00  0.00
 9886.25  0.00  0.00  0.00  0.00  0.00  0.00  0.00  0.00  0.00  0.00  0.00  0.00
 9887.25  0.00  0.00  0.00  0.00  0.00  0.00  0.00  0.00  0.00  0.00  0.00  0.00
 9888.25  0.00  0.00  0.00  0.00  0.00  0.00  0.00  0.00  0.00  0.00  0.00  0.00
 9889.25  0.00  0.00  0.00  0.00  0.00  0.00  0.00  0.00  0.00  0.00  0.00  0.00
 9890.25  0.00  0.00  0.00  0.00  0.00  0.00  0.00  0.00  0.00  0.00  0.00  0.00
 9891.25  0.00  0.00  0.00  0.00  0.00  0.00  0.00  0.00  0.00  0.00  0.00  0.00
 9892.25  0.00  0.00  0.00  0.00  0.00  0.00  0.00  0.00  0.00  0.00  0.00  0.00
 9893.25  0.00  0.00  0.00  0.00  0.00  0.00  0.00  0.00  0.00  0.00  0.00  0.00
 9894.25  0.00  0.00  0.00  0.00  0.00  0.00  0.00  0.00  0.00  0.00  0.00  0.00
 9895.25  0.00  0.00  0.00  0.00  0.00  0.00  0.00  0.00  0.00  0.00  0.00  0.00
 9896.25  0.00  0.00  0.00  0.00  0.00  0.00  0.00  0.00  0.00  0.00  0.00  0.00
 9897.25  0.00  0.00  0.00  0.00  0.00  0.00  0.00  0.00  0.00  0.00  0.00  0.00
 9898.25  0.00  0.00  0.00  0.00  0.00  0.00  0.00  0.00  0.00  0.00  0.00  0.00
 9899.25  0.00  0.00  0.00  0.00  0.00  0.00  0.00  0.00  0.00  0.00  0.00  0.00
 9900.25  0.00  0.00  0.00  0.00  0.00  0.00  0.00  0.00  0.00  0.00  0.00  0.00
 9901.25  0.00  0.00  0.00  0.00  0.00  0.00  0.00  0.00  0.00  0.00  0.00  0.00
 9902.25  0.00  0.00  0.00  0.00  0.00  0.00  0.00  0.00  0.00  0.00  0.00  0.00
 9903.25  0.00  0.00  0.00  0.00  0.00  0.00  0.00  0.00  0.00  0.00  0.00  0.00
 9904.25  0.00  0.00  0.00  0.00  0.00  0.00  0.00  0.00  0.00  0.00  0.00  0.00
 9905.25  0.00  0.00  0.00  0.00  0.00  0.00  0.00  0.00  0.00  0.00  0.00  0.00
 9906.25  0.00  0.00  0.00  0.00  0.00  0.00  0.00  0.00  0.00  0.00  0.00  0.00
 9907.25  0.00  0.00  0.00  0.00  0.00  0.00  0.00  0.00  0.00  0.00  0.00  0.00
 9908.25  0.00  0.00  0.00  0.00  0.00  0.00  0.00  0.00  0.00  0.00  0.00  0.00
 9909.25  0.00  0.00  0.00  0.00  0.00  0.00  0.00  0.00  0.00  0.00  0.00  0.00
 9910.25  0.00  0.00  0.00  0.00  0.00  0.00  0.00  0.00  0.00  0.00  0.00  0.00
 9911.25  0.00  0.00  0.00  0.00  0.00  0.00  0.00  0.00  0.00  0.00  0.00  0.00
 9912.25  0.00  0.00  0.00  0.00  0.00  0.00  0.00  0.00  0.00  0.00  0.00  0.00
 9913.25  0.00  0.00  0.00  0.00  0.00  0.00  0.00  0.00  0.00  0.00  0.00  0.00
 9914.25  0.00  0.00  0.00  0.00  0.00  0.00  0.00  0.00  0.00  0.00  0.00  0.00
 9915.25  0.00  0.00  0.00  0.00  0.00  0.00  0.00  0.00  0.00  0.00  0.00  0.00
 9916.25  0.00  0.00  0.00  0.00  0.00  0.00  0.00  0.00  0.00  0.00  0.00  0.00
 9917.25  0.00  0.00  0.00  0.00  0.00  0.00  0.00  0.00  0.00  0.00  0.00  0.00
 9918.25  0.00  0.00  0.00  0.00  0.00  0.00  0.00  0.00  0.00  0.00  0.00  0.00
 9919.25  0.00  0.00  0.00  0.00  0.00  0.00  0.00  0.00  0.00  0.00  0.00  0.00
 9920.25  0.00  0.00  0.00  0.00  0.00  0.00  0.00  0.00  0.00  0.00  0.00  0.00
 9921.25  0.00  0.00  0.00  0.00  0.00  0.00  0.00  0.00  0.00  0.00  0.00  0.00
 9922.25  0.00  0.00  0.00  0.00  0.00  0.00  0.00  0.00  0.00  0.00  0.00  0.00
 9923.25  0.00  0.00  0.00  0.00  0.00  0.00  0.00  0.00  0.00  0.00  0.00  0.00
 9924.25  0.00  0.00  0.00  0.00  0.00  0.00  0.00  0.00  0.00  0.00  0.00  0.00
 9925.25  0.00  0.00  0.00  0.00  0.00  0.00  0.00  0.00  0.00  0.00  0.00  0.00
 9926.25  0.00  0.00  0.00  0.00  0.00  0.00  0.00  0.00  0.00  0.00  0.00  0.00
 9927.25  0.00  0.00  0.00  0.00  0.00  0.00  0.00  0.00  0.00  0.00  0.00  0.00
 9928.25  0.00  0.00  0.00  0.00  0.00  0.00  0.00  0.00  0.00  0.00  0.00  0.00
 9929.25  0.00  0.00  0.00  0.00  0.00  0.00  0.00  0.00  0.00  0.00  0.00  0.00
 9930.25  0.00  0.00  0.00  0.00  0.00  0.00  0.00  0.00  0.00  0.00  0.00  0.00
 9931.25  0.00  0.00  0.00  0.00  0.00  0.00  0.00  0.00  0.00  0.00  0.00  0.00
 9932.25  0.00  0.00  0.00  0.00  0.00  0.00  0.00  0.00  0.00  0.00  0.00  0.00
 9933.25  0.00  0.00  0.00  0.00  0.00  0.00  0.00  0.00  0.00  0.00  0.00  0.00
 9934.25  0.00  0.00  0.00  0.00  0.00  0.00  0.00  0.00  0.00  0.00  0.00  0.00
 9935.25  0.00  0.00  0.00  0.00  0.00  0.00  0.00  0.00  0.00  0.00  0.00  0.00
 9936.25  0.00  0.00  0.00  0.00  0.00  0.00  0.00  0.00  0.00  0.00  0.00  0.00
 9937.25  0.00  0.00  0.00  0.00  0.00  0.00  0.00  0.00  0.00  0.00  0.00  0.00
 9938.25  0.00  0.00  0.00  0.00  0.00  0.00  0.00  0.00  0.00  0.00  0.00  0.00
 9939.25  0.00  0.00  0.00  0.00  0.00  0.00  0.00  0.00  0.00  0.00  0.00  0.00
 9940.25  0.00  0.00  0.00  0.00  0.00  0.00  0.00  0.00  0.00  0.00  0.00  0.00
 9941.25  0.00  0.00  0.00  0.00  0.00  0.00  0.00  0.00  0.00  0.00  0.00  0.00
 9942.25  0.00  0.00  0.00  0.00  0.00  0.00  0.00  0.00  0.00  0.00  0.00  0.00
 9943.25  0.00  0.00  0.00  0.00  0.00  0.00  0.00  0.00  0.00  0.00  0.00  0.00
 9944.25  0.00  0.00  0.00  0.00  0.00  0.00  0.00  0.00  0.00  0.00  0.00  0.00
 9945.25  0.00  0.00  0.00  0.00  0.00  0.00  0.00  0.00  0.00  0.00  0.00  0.00
 9946.25  0.00  0.00  0.00  0.00  0.00  0.00  0.00  0.00  0.00  0.00  0.00  0.00
 9947.25  0.00  0.00  0.00  0.00  0.00  0.00  0.00  0.00  0.00  0.00  0.00  0.00
 9948.25  0.00  0.00  0.00  0.00  0.00  0.00  0.00  0.00  0.00  0.00  0.00  0.00
 9949.25  0.00  0.00  0.00  0.00  0.00  0.00  0.00  0.00  0.00  0.00  0.00  0.00
 9950.25  0.00  0.00  0.00  0.00  0.00  0.00  0.00  0.00  0.00  0.00  0.00  0.00
 9951.25  0.00  0.00  0.00  0.00  0.00  0.00  0.00  0.00  0.00  0.00  0.00  0.00
 9952.25  0.00  0.00  0.00  0.00  0.00  0.00  0.00  0.00  0.00  0.00  0.00  0.00
 9953.25  0.00  0.00  0.00  0.00  0.00  0.00  0.00  0.00  0.00  0.00  0.00  0.00
 9954.25  0.00  0.00  0.00  0.00  0.00  0.00  0.00  0.00  0.00  0.00  0.00  0.00
 9955.25  0.00  0.00  0.00  0.00  0.00  0.00  0.00  0.00  0.00  0.00  0.00  0.00
 9956.25  0.00  0.00  0.00  0.00  0.00  0.00  0.00  0.00  0.00  0.00  0.00  0.00
 9957.25  0.00  0.00  0.00  0.00  0.00  0.00  0.00  0.00  0.00  0.00  0.00  0.00
 9958.25  0.00  0.00  0.00  0.00  0.00  0.00  0.00  0.00  0.00  0.00  0.00  0.00
 9959.25  0.00  0.00  0.00  0.00  0.00  0.00  0.00  0.00  0.00  0.00  0.00  0.00
 9960.25  0.00  0.00  0.00  0.00  0.00  0.00  0.00  0.00  0.00  0.00  0.00  0.00
 9961.25  0.00  0.00  0.00  0.00  0.00  0.00  0.00  0.00  0.00  0.00  0.00  0.00
 9962.25  0.00  0.00  0.00  0.00  0.00  0.00  0.00  0.00  0.00  0.00  0.00  0.00
 9963.25  0.00  0.00  0.00  0.00  0.00  0.00  0.00  0.00  0.00  0.00  0.00  0.00
 9964.25  0.00  0.00  0.00  0.00  0.00  0.00  0.00  0.00  0.00  0.00  0.00  0.00
 9965.25  0.00  0.00  0.00  0.00  0.00  0.00  0.00  0.00  0.00  0.00  0.00  0.00
 9966.25  0.00  0.00  0.00  0.00  0.00  0.00  0.00  0.00  0.00  0.00  0.00  0.00
 9967.25  0.00  0.00  0.00  0.00  0.00  0.00  0.00  0.00  0.00  0.00  0.00  0.00
 9968.25  0.00  0.00  0.00  0.00  0.00  0.00  0.00  0.00  0.00  0.00  0.00  0.00
 9969.25  0.00  0.00  0.00  0.00  0.00  0.00  0.00  0.00  0.00  0.00  0.00  0.00
 9970.25  0.00  0.00  0.00  0.00  0.00  0.00  0.00  0.00  0.00  0.00  0.00  0.00
 9971.25  0.00  0.00  0.00  0.00  0.00  0.00  0.00  0.00  0.00  0.00  0.00  0.00
 9972.25  0.00  0.00  0.00  0.00  0.00  0.00  0.00  0.00  0.00  0.00  0.00  0.00
 9973.25  0.00  0.00  0.00  0.00  0.00  0.00  0.00  0.00  0.00  0.00  0.00  0.00
 9974.25  0.00  0.00  0.00  0.00  0.00  0.00  0.00  0.00  0.00  0.00  0.00  0.00
 9975.25  0.00  0.00  0.00  0.00  0.00  0.00  0.00  0.00  0.00  0.00  0.00  0.00
 9976.25  0.00  0.00  0.00  0.00  0.00  0.00  0.00  0.00  0.00  0.00  0.00  0.00
 9977.25  0.00  0.00  0.00  0.00  0.00  0.00  0.00  0.00  0.00  0.00  0.00  0.00
 9978.25  0.00  0.00  0.00  0.00  0.00  0.00  0.00  0.00  0.00  0.00  0.00  0.00
 9979.25  0.00  0.00  0.00  0.00  0.00  0.00  0.00  0.00  0.00  0.00  0.00  0.00
 9980.25  0.00  0.00  0.00  0.00  0.00  0.00  0.00  0.00  0.00  0.00  0.00  0.00
 9981.25  0.00  0.00  0.00  0.00  0.00  0.00  0.00  0.00  0.00  0.00  0.00  0.00
 9982.25  0.00  0.00  0.00  0.00  0.00  0.00  0.00  0.00  0.00  0.00  0.00  0.00
 9983.25  0.00  0.00  0.00  0.00  0.00  0.00  0.00  0.00  0.00  0.00  0.00  0.00
 9984.25  0.00  0.00  0.00  0.00  0.00  0.00  0.00  0.00  0.00  0.00  0.00  0.00
 9985.25  0.00  0.00  0.00  0.00  0.00  0.00  0.00  0.00  0.00  0.00  0.00  0.00
 9986.25  0.00  0.00  0.00  0.00  0.00  0.00  0.00  0.00  0.00  0.00  0.00  0.00
 9987.25  0.00  0.00  0.00  0.00  0.00  0.00  0.00  0.00  0.00  0.00  0.00  0.00
 9988.25  0.00  0.00  0.00  0.00  0.00  0.00  0.00  0.00  0.00  0.00  0.00  0.00
 9989.25  0.00  0.00  0.00  0.00  0.00  0.00  0.00  0.00  0.00  0.00  0.00  0.00
 9990.25  0.00  0.00  0.00  0.00  0.00  0.00  0.00  0.00  0.00  0.00  0.00  0.00
 9991.25  0.00  0.00  0.00  0.00  0.00  0.00  0.00  0.00  0.00  0.00  0.00  0.00
 9992.25  0.00  0.00  0.00  0.00  0.00  0.00  0.00  0.00  0.00  0.00  0.00  0.00
 9993.25  0.00  0.00  0.00  0.00  0.00  0.00  0.00  0.00  0.00  0.00  0.00  0.00
 9994.25  0.00  0.00  0.00  0.00  0.00  0.00  0.00  0.00  0.00  0.00  0.00  0.00
 9995.25  0.00  0.00  0.00  0.00  0.00  0.00  0.00  0.00  0.00  0.00  0.00  0.00
 9996.25  0.00  0.00  0.00  0.00  0.00  0.00  0.00  0.00  0.00  0.00  0.00  0.00
 9997.25  0.00  0.00  0.00  0.00  0.00  0.00  0.00  0.00  0.00  0.00  0.00  0.00
 9998.25  0.00  0.00  0.00  0.00  0.00  0.00  0.00  0.00  0.00  0.00  0.00  0.00
 9999.25  0.00  0.00  0.00  0.00  0.00  0.00  0.00  0.00  0.00  0.00  0.00  0.00
