# Lyman-alpha forest S/N per Ang for mean quasar with mean forest
# INFILE= /Users/schlegel/desimodel/data/spectra/spec-lya.dat
# GMAG= 20.7500
# EXPTIME= 4000.00
#
# Wave SN(z=2.0) SN(z=2.25) SN(z=2.50) SN(z=2.75) SN(z=3.00) SN(z=3.25) SN(z=3.50) SN(z=3.75) SN(z=4.00) SN(z=4.25) SN(z=4.50) SN(z=4.75)
 3500.25  0.00  0.00  0.00  0.00  0.00  0.00  0.00  0.00  0.00  0.00  0.00  0.00
 3501.25  0.00  0.00  0.00  0.00  0.00  0.00  0.00  0.00  0.00  0.00  0.00  0.00
 3502.25  0.00  0.00  0.00  0.00  0.00  0.00  0.00  0.00  0.00  0.00  0.00  0.00
 3503.25  0.00  0.00  0.00  0.00  0.00  0.00  0.00  0.00  0.00  0.00  0.00  0.00
 3504.25  0.00  0.00  0.00  0.00  0.00  0.00  0.00  0.00  0.00  0.00  0.00  0.00
 3505.25  0.00  0.00  0.00  0.00  0.00  0.00  0.00  0.00  0.00  0.00  0.00  0.00
 3506.25  0.00  0.00  0.00  0.00  0.00  0.00  0.00  0.00  0.00  0.00  0.00  0.00
 3507.25  0.00  0.00  0.00  0.00  0.00  0.00  0.00  0.00  0.00  0.00  0.00  0.00
 3508.25  0.00  0.00  0.00  0.00  0.00  0.00  0.00  0.00  0.00  0.00  0.00  0.00
 3509.25  0.00  0.00  0.00  0.00  0.00  0.00  0.00  0.00  0.00  0.00  0.00  0.00
 3510.25  0.00  0.00  0.00  0.00  0.00  0.00  0.00  0.00  0.00  0.00  0.00  0.00
 3511.25  0.00  0.00  0.00  0.00  0.00  0.00  0.00  0.00  0.00  0.00  0.00  0.00
 3512.25  0.00  0.00  0.00  0.00  0.00  0.00  0.00  0.00  0.00  0.00  0.00  0.00
 3513.25  0.00  0.00  0.00  0.00  0.00  0.00  0.00  0.00  0.00  0.00  0.00  0.00
 3514.25  0.00  0.00  0.00  0.00  0.00  0.00  0.00  0.00  0.00  0.00  0.00  0.00
 3515.25  0.00  0.00  0.00  0.00  0.00  0.00  0.00  0.00  0.00  0.00  0.00  0.00
 3516.25  0.00  0.00  0.00  0.00  0.00  0.00  0.00  0.00  0.00  0.00  0.00  0.00
 3517.25  0.00  0.00  0.00  0.00  0.00  0.00  0.00  0.00  0.00  0.00  0.00  0.00
 3518.25  0.00  0.00  0.00  0.00  0.00  0.00  0.00  0.00  0.00  0.00  0.00  0.00
 3519.25  0.00  0.00  0.00  0.00  0.00  0.00  0.00  0.00  0.00  0.00  0.00  0.00
 3520.25  0.00  0.00  0.00  0.00  0.00  0.00  0.00  0.00  0.00  0.00  0.00  0.00
 3521.25  0.00  0.00  0.00  0.00  0.00  0.00  0.00  0.00  0.00  0.00  0.00  0.00
 3522.25  0.00  0.00  0.00  0.00  0.00  0.00  0.00  0.00  0.00  0.00  0.00  0.00
 3523.25  0.00  0.00  0.00  0.00  0.00  0.00  0.00  0.00  0.00  0.00  0.00  0.00
 3524.25  0.00  0.00  0.00  0.00  0.00  0.00  0.00  0.00  0.00  0.00  0.00  0.00
 3525.25  0.00  0.00  0.00  0.00  0.00  0.00  0.00  0.00  0.00  0.00  0.00  0.00
 3526.25  0.00  0.00  0.00  0.00  0.00  0.00  0.00  0.00  0.00  0.00  0.00  0.00
 3527.25  0.00  0.00  0.00  0.00  0.00  0.00  0.00  0.00  0.00  0.00  0.00  0.00
 3528.25  0.00  0.00  0.00  0.00  0.00  0.00  0.00  0.00  0.00  0.00  0.00  0.00
 3529.25  0.00  0.00  0.00  0.00  0.00  0.00  0.00  0.00  0.00  0.00  0.00  0.00
 3530.25  0.00  0.00  0.00  0.00  0.00  0.00  0.00  0.00  0.00  0.00  0.00  0.00
 3531.25  0.00  0.00  0.00  0.00  0.00  0.00  0.00  0.00  0.00  0.00  0.00  0.00
 3532.25  0.00  0.00  0.00  0.00  0.00  0.00  0.00  0.00  0.00  0.00  0.00  0.00
 3533.25  0.00  0.00  0.00  0.00  0.00  0.00  0.00  0.00  0.00  0.00  0.00  0.00
 3534.25  0.00  0.00  0.00  0.00  0.00  0.00  0.00  0.00  0.00  0.00  0.00  0.00
 3535.25  0.00  0.00  0.00  0.00  0.00  0.00  0.00  0.00  0.00  0.00  0.00  0.00
 3536.25  0.00  0.00  0.00  0.00  0.00  0.00  0.00  0.00  0.00  0.00  0.00  0.00
 3537.25  0.00  0.00  0.00  0.00  0.00  0.00  0.00  0.00  0.00  0.00  0.00  0.00
 3538.25  0.00  0.00  0.00  0.00  0.00  0.00  0.00  0.00  0.00  0.00  0.00  0.00
 3539.25  0.00  0.00  0.00  0.00  0.00  0.00  0.00  0.00  0.00  0.00  0.00  0.00
 3540.25  0.00  0.00  0.00  0.00  0.00  0.00  0.00  0.00  0.00  0.00  0.00  0.00
 3541.25  0.00  0.00  0.00  0.00  0.00  0.00  0.00  0.00  0.00  0.00  0.00  0.00
 3542.25  0.00  0.00  0.00  0.00  0.00  0.00  0.00  0.00  0.00  0.00  0.00  0.00
 3543.25  0.00  0.00  0.00  0.00  0.00  0.00  0.00  0.00  0.00  0.00  0.00  0.00
 3544.25  0.00  0.00  0.00  0.00  0.00  0.00  0.00  0.00  0.00  0.00  0.00  0.00
 3545.25  0.00  0.00  0.00  0.00  0.00  0.00  0.00  0.00  0.00  0.00  0.00  0.00
 3546.25  0.00  0.00  0.00  0.00  0.00  0.00  0.00  0.00  0.00  0.00  0.00  0.00
 3547.25  0.00  0.00  0.00  0.00  0.00  0.00  0.00  0.00  0.00  0.00  0.00  0.00
 3548.25  0.00  0.00  0.00  0.00  0.00  0.00  0.00  0.00  0.00  0.00  0.00  0.00
 3549.25  0.00  0.00  0.00  0.00  0.00  0.00  0.00  0.00  0.00  0.00  0.00  0.00
 3550.25  0.00  0.00  0.00  0.00  0.00  0.00  0.00  0.00  0.00  0.00  0.00  0.00
 3551.25  0.00  0.00  0.00  0.00  0.00  0.00  0.00  0.00  0.00  0.00  0.00  0.00
 3552.25  0.00  0.00  0.00  0.00  0.00  0.00  0.00  0.00  0.00  0.00  0.00  0.00
 3553.25  0.00  0.00  0.00  0.00  0.00  0.00  0.00  0.00  0.00  0.00  0.00  0.00
 3554.25  0.00  0.00  0.00  0.00  0.00  0.00  0.00  0.00  0.00  0.00  0.00  0.00
 3555.25  0.00  0.00  0.00  0.00  0.00  0.00  0.00  0.00  0.00  0.00  0.00  0.00
 3556.25  0.00  0.00  0.00  0.00  0.00  0.00  0.00  0.00  0.00  0.00  0.00  0.00
 3557.25  0.00  0.00  0.00  0.00  0.00  0.00  0.00  0.00  0.00  0.00  0.00  0.00
 3558.25  0.00  0.00  0.00  0.00  0.00  0.00  0.00  0.00  0.00  0.00  0.00  0.00
 3559.25  0.00  0.00  0.00  0.00  0.00  0.00  0.00  0.00  0.00  0.00  0.00  0.00
 3560.25  0.00  0.00  0.00  0.00  0.00  0.00  0.00  0.00  0.00  0.00  0.00  0.00
 3561.25  0.00  0.00  0.00  0.00  0.00  0.00  0.00  0.00  0.00  0.00  0.00  0.00
 3562.25  0.00  0.00  0.00  0.00  0.00  0.00  0.00  0.00  0.00  0.00  0.00  0.00
 3563.25  0.00  0.00  0.00  0.00  0.00  0.00  0.00  0.00  0.00  0.00  0.00  0.00
 3564.25  1.11  0.97  1.00  0.72  0.37  0.19  0.28  0.42  0.71  1.20  1.81  2.35
 3565.25  2.28  1.96  2.03  1.47  0.74  0.39  0.56  0.85  1.44  2.42  3.65  4.75
 3566.25  2.57  2.18  2.26  1.63  0.84  0.44  0.63  0.94  1.60  2.67  3.99  5.16
 3567.25  2.72  2.27  2.37  1.70  0.88  0.46  0.66  0.98  1.66  2.77  4.13  5.33
 3568.25  2.68  2.19  2.30  1.64  0.84  0.44  0.63  0.94  1.59  2.67  4.00  5.17
 3569.25  2.67  2.14  2.25  1.59  0.82  0.43  0.61  0.92  1.55  2.60  3.91  5.07
 3570.25  2.74  2.15  2.28  1.61  0.83  0.43  0.62  0.92  1.56  2.62  3.94  5.10
 3571.25  2.96  2.29  2.44  1.71  0.89  0.47  0.66  0.98  1.65  2.77  4.14  5.35
 3572.25  3.22  2.46  2.63  1.84  0.97  0.51  0.71  1.06  1.78  2.97  4.41  5.66
 3573.25  3.14  2.35  2.52  1.75  0.93  0.48  0.68  1.00  1.69  2.83  4.23  5.46
 3574.25  3.16  2.33  2.52  1.74  0.92  0.48  0.67  0.99  1.67  2.80  4.19  5.42
 3575.25  3.27  2.37  2.57  1.76  0.94  0.49  0.68  1.01  1.69  2.84  4.25  5.49
 3576.25  3.26  2.32  2.53  1.73  0.92  0.48  0.66  0.98  1.65  2.79  4.18  5.41
 3577.25  3.35  2.35  2.57  1.75  0.94  0.48  0.67  0.99  1.67  2.81  4.22  5.46
 3578.25  3.41  2.36  2.59  1.75  0.94  0.49  0.67  0.99  1.67  2.81  4.22  5.47
 3579.25  3.46  2.36  2.60  1.75  0.95  0.49  0.67  0.99  1.66  2.81  4.21  5.46
 3580.25  3.56  2.40  2.66  1.78  0.97  0.50  0.68  1.01  1.68  2.85  4.27  5.53
 3581.25  3.76  2.50  2.79  1.86  1.02  0.52  0.72  1.05  1.76  2.97  4.43  5.72
 3582.25  3.81  2.50  2.80  1.86  1.02  0.52  0.71  1.05  1.75  2.96  4.43  5.72
 3583.25  3.72  2.40  2.70  1.77  0.98  0.50  0.68  1.00  1.67  2.84  4.26  5.53
 3584.25  3.77  2.39  2.70  1.77  0.98  0.50  0.68  0.99  1.66  2.82  4.25  5.52
 3585.25  4.05  2.56  2.90  1.89  1.05  0.54  0.73  1.07  1.78  3.00  4.50  5.81
 3586.25  4.35  2.73  3.10  2.03  1.14  0.59  0.79  1.15  1.90  3.20  4.75  6.11
 3587.25  4.53  2.83  3.22  2.10  1.19  0.61  0.82  1.19  1.96  3.29  4.88  6.26
 3588.25  4.56  2.81  3.21  2.08  1.18  0.61  0.81  1.18  1.94  3.26  4.85  6.22
 3589.25  4.46  2.70  3.10  1.99  1.13  0.58  0.77  1.12  1.86  3.14  4.69  6.05
 3590.25  4.42  2.63  3.04  1.94  1.10  0.56  0.75  1.09  1.80  3.06  4.58  5.93
 3591.25  4.41  2.59  3.01  1.91  1.09  0.55  0.73  1.06  1.76  3.01  4.52  5.86
 3592.25  4.41  2.56  2.98  1.88  1.07  0.54  0.72  1.05  1.73  2.96  4.46  5.80
 3593.25  4.50  2.58  3.02  1.89  1.08  0.55  0.73  1.05  1.74  2.98  4.49  5.83
 3594.25  4.66  2.66  3.12  1.95  1.12  0.57  0.75  1.08  1.79  3.06  4.60  5.96
 3595.25  4.69  2.64  3.11  1.93  1.12  0.57  0.74  1.07  1.77  3.03  4.57  5.93
 3596.25  4.61  2.55  3.03  1.87  1.08  0.55  0.71  1.03  1.71  2.94  4.44  5.78
 3597.25  4.58  2.50  2.98  1.82  1.06  0.53  0.69  1.00  1.66  2.87  4.35  5.68
 3598.25  4.57  2.47  2.95  1.80  1.04  0.53  0.68  0.99  1.63  2.83  4.30  5.62
 3599.25  4.78  2.56  3.08  1.87  1.09  0.55  0.71  1.03  1.70  2.93  4.44  5.79
 3600.25  5.02  2.69  3.23  1.96  1.15  0.58  0.75  1.08  1.78  3.06  4.62  6.00
 3601.25  5.11  2.71  3.27  1.98  1.17  0.59  0.76  1.09  1.79  3.08  4.65  6.05
 3602.25  5.14  2.70  3.26  1.96  1.16  0.59  0.75  1.08  1.77  3.06  4.62  6.02
 3603.25  5.23  2.72  3.30  1.98  1.18  0.59  0.76  1.08  1.78  3.08  4.64  6.05
 3604.25  5.29  2.73  3.33  1.99  1.19  0.60  0.76  1.09  1.78  3.08  4.64  6.07
 3605.25  5.41  2.77  3.38  2.01  1.21  0.61  0.77  1.10  1.80  3.12  4.68  6.13
 3606.25  5.55  2.82  3.46  2.05  1.24  0.62  0.79  1.12  1.84  3.18  4.75  6.23
 3607.25  5.61  2.83  3.48  2.06  1.24  0.62  0.79  1.12  1.84  3.18  4.74  6.23
 3608.25  5.65  2.83  3.49  2.05  1.24  0.62  0.78  1.12  1.83  3.16  4.71  6.22
 3609.25  5.83  2.90  3.60  2.11  1.29  0.65  0.81  1.15  1.87  3.25  4.81  6.35
 3610.25  6.00  2.98  3.70  2.16  1.33  0.67  0.83  1.18  1.92  3.32  4.90  6.47
 3611.25  6.05  2.97  3.70  2.16  1.33  0.67  0.83  1.17  1.91  3.31  4.87  6.46
 3612.25  6.07  2.95  3.69  2.14  1.32  0.66  0.82  1.16  1.89  3.28  4.83  6.43
 3613.25  6.13  2.96  3.72  2.15  1.33  0.66  0.82  1.16  1.89  3.28  4.82  6.44
 3614.25  6.34  3.05  3.84  2.21  1.38  0.69  0.85  1.20  1.94  3.37  4.93  6.59
 3615.25  6.48  3.10  3.90  2.25  1.40  0.70  0.86  1.22  1.97  3.42  4.97  6.66
 3616.25  6.20  2.87  3.64  2.07  1.29  0.64  0.79  1.11  1.80  3.16  4.63  6.27
 3617.25  6.00  2.69  3.45  1.93  1.20  0.60  0.73  1.03  1.68  2.97  4.37  5.97
 3618.25  6.16  2.73  3.50  1.96  1.22  0.61  0.74  1.04  1.70  3.00  4.40  6.04
 3619.25  6.47  2.85  3.66  2.05  1.29  0.64  0.78  1.09  1.77  3.12  4.56  6.24
 3620.25  6.72  2.94  3.78  2.12  1.33  0.66  0.80  1.13  1.83  3.21  4.66  6.39
 3621.25  6.82  2.94  3.79  2.13  1.34  0.66  0.80  1.12  1.82  3.21  4.64  6.38
 3622.25  6.89  2.91  3.77  2.12  1.33  0.66  0.79  1.11  1.80  3.18  4.59  6.34
 3623.25  6.89  2.86  3.70  2.08  1.30  0.64  0.77  1.08  1.76  3.11  4.50  6.25
 3624.25  6.94  2.83  3.65  2.07  1.29  0.64  0.77  1.07  1.73  3.08  4.44  6.20
 3625.25  7.09  2.86  3.67  2.10  1.31  0.65  0.77  1.08  1.74  3.10  4.47  6.25
 3626.25  7.18  2.85  3.64  2.10  1.31  0.64  0.77  1.07  1.73  3.09  4.44  6.24
 3627.25  7.22  2.82  3.59  2.09  1.30  0.64  0.76  1.06  1.71  3.05  4.39  6.19
 3628.25  7.35  2.83  3.59  2.11  1.31  0.64  0.77  1.06  1.71  3.07  4.39  6.21
 3629.25  7.56  2.90  3.65  2.16  1.35  0.66  0.79  1.09  1.74  3.13  4.46  6.32
 3630.25  7.67  2.90  3.63  2.17  1.36  0.66  0.79  1.08  1.74  3.13  4.45  6.32
 3631.25  7.70  2.86  3.57  2.15  1.34  0.65  0.78  1.07  1.71  3.08  4.38  6.26
 3632.25  7.89  2.91  3.61  2.20  1.37  0.67  0.79  1.08  1.73  3.13  4.43  6.34
 3633.25  7.99  2.91  3.60  2.21  1.38  0.67  0.79  1.08  1.73  3.13  4.42  6.35
 3634.25  7.92  2.82  3.48  2.15  1.34  0.65  0.76  1.05  1.67  3.03  4.29  6.20
 3635.25  7.84  2.74  3.36  2.09  1.30  0.63  0.74  1.01  1.61  2.94  4.15  6.05
 3636.25  7.81  2.68  3.28  2.05  1.27  0.61  0.72  0.98  1.57  2.87  4.06  5.94
 3637.25  7.91  2.68  3.27  2.06  1.28  0.61  0.72  0.98  1.56  2.87  4.05  5.95
 3638.25  8.28  2.81  3.40  2.17  1.35  0.65  0.76  1.03  1.64  3.01  4.21  6.18
 3639.25  8.43  2.84  3.42  2.20  1.37  0.66  0.77  1.04  1.65  3.03  4.23  6.23
 3640.25  8.71  2.93  3.50  2.29  1.42  0.68  0.80  1.07  1.70  3.12  4.34  6.39
 3641.25  8.82  2.93  3.49  2.30  1.43  0.68  0.80  1.07  1.70  3.12  4.33  6.39
 3642.25  8.70  2.83  3.36  2.22  1.38  0.66  0.77  1.03  1.63  3.01  4.18  6.22
 3643.25  8.79  2.83  3.34  2.23  1.38  0.66  0.77  1.02  1.62  3.01  4.15  6.21
 3644.25  9.04  2.91  3.42  2.30  1.43  0.68  0.79  1.05  1.66  3.09  4.25  6.36
 3645.25  9.35  3.04  3.55  2.42  1.51  0.72  0.84  1.11  1.74  3.22  4.41  6.58
 3646.25  9.48  3.04  3.53  2.43  1.51  0.72  0.84  1.10  1.73  3.22  4.39  6.59
 3647.25  9.96  3.04  3.51  2.44  1.52  0.72  0.84  1.10  1.73  3.21  4.38  6.58
 3648.25 10.50  3.14  3.61  2.54  1.58  0.75  0.87  1.14  1.79  3.32  4.50  6.76
 3649.25 10.43  3.13  3.58  2.53  1.58  0.75  0.86  1.13  1.77  3.30  4.46  6.74
 3650.25 10.15  3.05  3.47  2.47  1.54  0.73  0.84  1.09  1.71  3.21  4.34  6.61
 3651.25 10.14  3.11  3.52  2.53  1.57  0.74  0.86  1.12  1.74  3.27  4.40  6.70
 3652.25 10.12  3.16  3.56  2.58  1.61  0.76  0.87  1.13  1.77  3.32  4.45  6.79
 3653.25 10.08  3.21  3.59  2.63  1.64  0.77  0.89  1.15  1.79  3.36  4.49  6.86
 3654.25  9.87  3.17  3.53  2.61  1.62  0.76  0.88  1.13  1.76  3.31  4.43  6.79
 3655.25  9.57  3.08  3.42  2.54  1.58  0.74  0.85  1.09  1.70  3.22  4.30  6.64
 3656.25  9.42  3.07  3.39  2.54  1.58  0.74  0.85  1.09  1.69  3.21  4.27  6.62
 3657.25  9.24  3.04  3.35  2.52  1.57  0.73  0.84  1.07  1.67  3.18  4.23  6.57
 3658.25  9.05  3.01  3.31  2.50  1.56  0.73  0.83  1.06  1.65  3.15  4.19  6.53
 3659.25  8.89  3.00  3.29  2.49  1.56  0.72  0.83  1.05  1.64  3.13  4.18  6.50
 3660.25  8.81  3.02  3.31  2.52  1.58  0.73  0.84  1.06  1.65  3.16  4.21  6.55
 3661.25  8.79  3.07  3.37  2.57  1.62  0.75  0.86  1.08  1.67  3.21  4.29  6.64
 3662.25  8.66  3.08  3.37  2.58  1.63  0.75  0.86  1.08  1.67  3.22  4.30  6.65
 3663.25  8.43  3.03  3.31  2.54  1.61  0.74  0.84  1.06  1.64  3.16  4.24  6.57
 3664.25  8.28  3.02  3.30  2.54  1.61  0.74  0.85  1.06  1.63  3.16  4.24  6.56
 3665.25  8.22  3.06  3.34  2.58  1.65  0.76  0.86  1.07  1.65  3.20  4.30  6.63
 3666.25  8.11  3.07  3.35  2.59  1.66  0.76  0.87  1.08  1.66  3.21  4.33  6.66
 3667.25  8.12  3.15  3.44  2.67  1.72  0.79  0.89  1.11  1.70  3.30  4.44  6.80
 3668.25  8.14  3.24  3.53  2.75  1.78  0.82  0.92  1.14  1.75  3.39  4.56  6.95
 3669.25  7.99  3.24  3.53  2.75  1.79  0.82  0.93  1.14  1.75  3.39  4.57  6.96
 3670.25  7.77  3.20  3.48  2.72  1.77  0.81  0.91  1.13  1.72  3.35  4.52  6.89
 3671.25  7.62  3.20  3.48  2.72  1.78  0.81  0.91  1.12  1.71  3.35  4.53  6.90
 3672.25  7.49  3.21  3.49  2.74  1.80  0.82  0.92  1.13  1.72  3.36  4.55  6.92
 3673.25  7.42  3.26  3.54  2.79  1.84  0.84  0.94  1.15  1.74  3.41  4.63  7.01
 3674.25  7.36  3.31  3.59  2.83  1.87  0.85  0.95  1.16  1.77  3.46  4.69  7.09
 3675.25  7.30  3.33  3.61  2.86  1.90  0.86  0.96  1.17  1.78  3.49  4.74  7.14
 3676.25  7.26  3.34  3.61  2.87  1.91  0.87  0.97  1.17  1.78  3.49  4.75  7.15
 3677.25  7.16  3.28  3.55  2.83  1.89  0.86  0.95  1.15  1.75  3.44  4.69  7.06
 3678.25  7.25  3.34  3.62  2.89  1.93  0.88  0.97  1.17  1.79  3.50  4.78  7.17
 3679.25  7.25  3.35  3.62  2.90  1.95  0.89  0.98  1.18  1.79  3.51  4.80  7.19
 3680.25  7.32  3.40  3.68  2.95  1.99  0.91  0.99  1.20  1.82  3.57  4.87  7.28
 3681.25  7.47  3.50  3.77  3.04  2.06  0.94  1.03  1.24  1.88  3.67  5.00  7.44
 3682.25  7.39  3.46  3.73  3.01  2.04  0.93  1.01  1.22  1.85  3.62  4.96  7.37
 3683.25  7.27  3.39  3.65  2.95  2.01  0.92  0.99  1.19  1.81  3.56  4.88  7.27
 3684.25  7.08  3.29  3.54  2.86  1.95  0.89  0.96  1.15  1.75  3.45  4.75  7.10
 3685.25  7.13  3.33  3.58  2.90  1.99  0.90  0.97  1.17  1.78  3.49  4.81  7.17
 3686.25  7.43  3.52  3.78  3.08  2.12  0.97  1.04  1.25  1.89  3.69  5.07  7.49
 3687.25  7.56  3.61  3.87  3.17  2.20  1.01  1.08  1.29  1.95  3.79  5.20  7.64
 3688.25  7.49  3.57  3.83  3.14  2.18  1.00  1.06  1.27  1.92  3.75  5.16  7.59
 3689.25  7.38  3.51  3.77  3.09  2.15  0.98  1.04  1.25  1.89  3.69  5.09  7.50
 3690.25  7.33  3.49  3.74  3.08  2.14  0.98  1.04  1.24  1.87  3.66  5.07  7.46
 3691.25  7.25  3.46  3.69  3.05  2.13  0.97  1.02  1.23  1.85  3.62  5.03  7.40
 3692.25  7.24  3.46  3.70  3.05  2.14  0.98  1.03  1.23  1.85  3.62  5.04  7.41
 3693.25  7.32  3.52  3.76  3.11  2.19  1.00  1.05  1.25  1.89  3.68  5.12  7.51
 3694.25  7.31  3.52  3.76  3.11  2.20  1.00  1.05  1.25  1.88  3.68  5.13  7.51
 3695.25  7.24  3.49  3.74  3.09  2.18  1.00  1.04  1.24  1.87  3.65  5.10  7.46
 3696.25  7.27  3.53  3.77  3.11  2.21  1.01  1.05  1.26  1.88  3.68  5.14  7.52
 3697.25  7.27  3.53  3.78  3.12  2.23  1.02  1.05  1.26  1.89  3.69  5.16  7.53
 3698.25  7.01  3.38  3.63  2.98  2.13  0.97  1.00  1.20  1.80  3.53  4.97  7.28
 3699.25  6.67  3.19  3.43  2.81  2.01  0.91  0.94  1.12  1.68  3.33  4.72  6.96
 3700.25  6.59  3.15  3.39  2.77  1.99  0.90  0.92  1.10  1.66  3.29  4.67  6.89
 3701.25  6.62  3.18  3.43  2.80  2.02  0.92  0.93  1.12  1.68  3.32  4.72  6.94
 3702.25  6.67  3.22  3.47  2.84  2.05  0.93  0.95  1.13  1.70  3.35  4.78  7.01
 3703.25  6.69  3.25  3.50  2.86  2.07  0.95  0.96  1.14  1.71  3.37  4.81  7.05
 3704.25  6.68  3.26  3.52  2.86  2.08  0.95  0.96  1.15  1.71  3.38  4.83  7.06
 3705.25  6.71  3.28  3.55  2.89  2.11  0.96  0.97  1.16  1.73  3.39  4.87  7.11
 3706.25  6.78  3.34  3.61  2.94  2.15  0.99  0.99  1.18  1.76  3.45  4.95  7.21
 3707.25  6.90  3.43  3.71  3.01  2.22  1.02  1.02  1.22  1.81  3.53  5.07  7.35
 3708.25  6.90  3.44  3.73  3.03  2.24  1.03  1.03  1.22  1.82  3.54  5.10  7.38
 3709.25  6.98  3.51  3.80  3.09  2.29  1.06  1.05  1.25  1.85  3.60  5.19  7.49
 3710.25  7.02  3.54  3.84  3.12  2.32  1.07  1.06  1.26  1.87  3.63  5.24  7.55
 3711.25  6.83  3.44  3.73  3.02  2.25  1.04  1.03  1.22  1.81  3.51  5.11  7.38
 3712.25  6.72  3.38  3.68  2.97  2.22  1.02  1.01  1.20  1.77  3.45  5.04  7.29
 3713.25  6.60  3.32  3.62  2.92  2.18  1.01  0.99  1.18  1.74  3.39  4.97  7.20
 3714.25  6.48  3.26  3.56  2.86  2.15  0.99  0.97  1.15  1.70  3.32  4.89  7.09
 3715.25  6.62  3.37  3.67  2.96  2.22  1.03  1.00  1.19  1.76  3.41  5.03  7.28
 3716.25  6.85  3.52  3.84  3.09  2.34  1.09  1.06  1.26  1.85  3.56  5.24  7.54
 3717.25  6.96  3.61  3.94  3.18  2.41  1.13  1.09  1.29  1.90  3.65  5.36  7.70
 3718.25  6.95  3.62  3.95  3.18  2.43  1.13  1.09  1.30  1.90  3.65  5.38  7.71
 3719.25  6.95  3.63  3.97  3.19  2.44  1.14  1.10  1.30  1.91  3.65  5.39  7.74
 3720.25  7.06  3.72  4.07  3.27  2.51  1.18  1.13  1.34  1.96  3.74  5.51  7.89
 3721.25  7.15  3.80  4.15  3.34  2.58  1.21  1.16  1.37  2.00  3.81  5.62  8.02
 3722.25  7.24  3.87  4.23  3.41  2.63  1.25  1.18  1.40  2.05  3.87  5.71  8.14
 3723.25  7.07  3.78  4.13  3.32  2.57  1.21  1.15  1.36  1.99  3.77  5.59  7.99
 3724.25  6.94  3.72  4.07  3.26  2.53  1.19  1.12  1.33  1.95  3.69  5.51  7.89
 3725.25  7.03  3.79  4.15  3.32  2.59  1.22  1.15  1.36  1.98  3.76  5.60  8.01
 3726.25  6.68  3.58  3.92  3.13  2.44  1.15  1.07  1.28  1.86  3.54  5.33  7.67
 3727.25  6.39  3.41  3.74  2.97  2.32  1.09  1.01  1.21  1.76  3.36  5.10  7.38
 3728.25  6.69  3.63  3.97  3.16  2.48  1.17  1.09  1.29  1.88  3.56  5.38  7.74
 3729.25  6.58  3.58  3.91  3.11  2.44  1.16  1.07  1.27  1.85  3.50  5.31  7.66
 3730.25  6.33  3.43  3.76  2.98  2.34  1.11  1.02  1.21  1.76  3.35  5.12  7.41
 3731.25  6.49  3.55  3.88  3.08  2.44  1.16  1.06  1.25  1.83  3.46  5.28  7.62
 3732.25  6.42  3.53  3.85  3.06  2.42  1.15  1.05  1.24  1.81  3.42  5.24  7.57
 3733.25  6.54  3.63  3.96  3.14  2.50  1.19  1.08  1.28  1.86  3.51  5.37  7.74
 3734.25  6.92  3.90  4.25  3.38  2.71  1.30  1.18  1.39  2.02  3.77  5.74  8.19
 3735.25  7.22  4.14  4.49  3.59  2.89  1.40  1.27  1.48  2.16  3.99  6.04  8.55
 3736.25  7.39  4.29  4.66  3.72  3.01  1.47  1.33  1.55  2.25  4.13  6.23  8.78
 3737.25  7.22  4.20  4.55  3.63  2.95  1.43  1.29  1.50  2.19  4.02  6.11  8.64
 3738.25  6.79  3.92  4.26  3.38  2.74  1.32  1.19  1.38  2.02  3.74  5.76  8.22
 3739.25  6.41  3.69  4.01  3.17  2.57  1.24  1.10  1.28  1.88  3.51  5.45  7.84
 3740.25  6.35  3.68  3.99  3.15  2.56  1.23  1.10  1.27  1.87  3.49  5.43  7.82
 3741.25  6.50  3.80  4.12  3.26  2.66  1.29  1.14  1.32  1.94  3.60  5.60  8.03
 3742.25  6.55  3.87  4.19  3.31  2.71  1.32  1.16  1.35  1.98  3.65  5.68  8.13
 3743.25  6.65  3.97  4.29  3.39  2.79  1.36  1.20  1.38  2.03  3.73  5.81  8.29
 3744.25  6.60  3.97  4.29  3.38  2.79  1.36  1.20  1.38  2.03  3.72  5.81  8.29
 3745.25  6.52  3.94  4.25  3.35  2.77  1.36  1.18  1.36  2.00  3.68  5.76  8.24
 3746.25  6.55  3.99  4.31  3.40  2.81  1.38  1.20  1.38  2.03  3.72  5.84  8.33
 3747.25  6.35  3.88  4.18  3.29  2.73  1.34  1.16  1.33  1.96  3.60  5.68  8.14
 3748.25  6.54  4.05  4.36  3.43  2.86  1.41  1.22  1.40  2.06  3.75  5.90  8.41
 3749.25  6.97  4.40  4.73  3.74  3.13  1.57  1.35  1.54  2.26  4.07  6.35  8.95
 3750.25  6.85  4.34  4.67  3.68  3.09  1.54  1.33  1.51  2.23  4.01  6.28  8.86
 3751.25  6.46  4.09  4.39  3.45  2.89  1.44  1.23  1.40  2.07  3.75  5.95  8.48
 3752.25  6.58  4.21  4.52  3.55  2.99  1.49  1.27  1.45  2.14  3.85  6.10  8.66
 3753.25  6.81  4.41  4.73  3.73  3.15  1.59  1.35  1.53  2.26  4.04  6.36  8.97
 3754.25  6.59  4.29  4.59  3.61  3.05  1.54  1.30  1.47  2.18  3.91  6.20  8.78
 3755.25  6.02  3.90  4.18  3.26  2.75  1.37  1.16  1.31  1.95  3.53  5.69  8.16
 3756.25  5.84  3.80  4.07  3.17  2.68  1.34  1.12  1.27  1.89  3.43  5.56  8.00
 3757.25  6.13  4.06  4.33  3.38  2.87  1.44  1.21  1.36  2.03  3.66  5.88  8.40
 3758.25  6.46  4.35  4.63  3.62  3.09  1.57  1.31  1.48  2.19  3.91  6.25  8.84
 3759.25  6.49  4.42  4.68  3.67  3.14  1.60  1.34  1.50  2.22  3.96  6.32  8.93
 3760.25  6.21  4.23  4.49  3.50  3.00  1.52  1.27  1.42  2.11  3.78  6.09  8.65
 3761.25  6.08  4.18  4.42  3.44  2.95  1.50  1.24  1.39  2.07  3.72  6.01  8.56
 3762.25  6.20  4.31  4.55  3.55  3.05  1.56  1.29  1.44  2.14  3.83  6.17  8.76
 3763.25  6.24  4.39  4.62  3.60  3.11  1.60  1.32  1.46  2.18  3.89  6.26  8.87
 3764.25  6.17  4.37  4.59  3.58  3.10  1.59  1.31  1.45  2.16  3.86  6.23  8.84
 3765.25  6.05  4.31  4.51  3.51  3.05  1.57  1.28  1.42  2.12  3.79  6.14  8.73
 3766.25  6.05  4.34  4.53  3.53  3.06  1.58  1.29  1.42  2.13  3.80  6.17  8.76
 3767.25  6.15  4.44  4.62  3.61  3.14  1.63  1.33  1.46  2.18  3.88  6.29  8.89
 3768.25  6.28  4.56  4.73  3.70  3.23  1.69  1.37  1.50  2.24  3.98  6.43  9.04
 3769.25  6.34  4.64  4.80  3.76  3.29  1.72  1.39  1.52  2.28  4.03  6.51  9.13
 3770.25  6.39  4.70  4.85  3.81  3.33  1.75  1.41  1.54  2.31  4.08  6.58  9.19
 3771.25  6.28  4.63  4.77  3.75  3.28  1.73  1.38  1.51  2.26  4.00  6.48  9.06
 3772.25  5.86  4.30  4.42  3.47  3.03  1.58  1.26  1.38  2.07  3.70  6.06  8.54
 3773.25  5.39  3.95  4.05  3.17  2.76  1.44  1.14  1.24  1.87  3.37  5.60  7.96
 3774.25  5.22  3.83  3.92  3.08  2.67  1.39  1.10  1.19  1.81  3.26  5.44  7.74
 3775.25  5.20  3.84  3.91  3.08  2.67  1.39  1.10  1.19  1.80  3.25  5.43  7.72
 3776.25  5.15  3.82  3.88  3.06  2.65  1.39  1.09  1.18  1.79  3.22  5.40  7.66
 3777.25  5.29  3.94  3.99  3.17  2.74  1.44  1.13  1.22  1.85  3.32  5.54  7.83
 3778.25  5.29  3.96  4.00  3.18  2.76  1.45  1.13  1.22  1.85  3.33  5.56  7.83
 3779.25  5.34  4.02  4.05  3.24  2.80  1.48  1.15  1.24  1.88  3.37  5.63  7.90
 3780.25  5.55  4.21  4.23  3.39  2.94  1.56  1.22  1.31  1.97  3.52  5.86  8.17
 3781.25  5.57  4.25  4.26  3.43  2.96  1.58  1.23  1.32  1.99  3.54  5.90  8.20
 3782.25  5.52  4.23  4.23  3.41  2.94  1.58  1.22  1.31  1.97  3.52  5.86  8.14
 3783.25  5.56  4.29  4.27  3.46  2.98  1.60  1.23  1.33  1.99  3.55  5.92  8.20
 3784.25  5.18  3.99  3.96  3.21  2.75  1.48  1.13  1.22  1.84  3.29  5.54  7.71
 3785.25  4.99  3.85  3.81  3.09  2.64  1.42  1.09  1.17  1.76  3.16  5.34  7.45
 3786.25  5.31  4.14  4.08  3.33  2.85  1.55  1.18  1.27  1.90  3.39  5.69  7.87
 3787.25  5.74  4.53  4.45  3.65  3.13  1.72  1.31  1.40  2.09  3.70  6.16  8.43
 3788.25  6.01  4.79  4.69  3.87  3.31  1.84  1.40  1.50  2.23  3.91  6.47  8.77
 3789.25  6.13  4.92  4.80  3.98  3.40  1.90  1.44  1.54  2.29  4.01  6.61  8.92
 3790.25  6.00  4.84  4.70  3.90  3.33  1.86  1.40  1.51  2.23  3.91  6.49  8.76
 3791.25  5.71  4.62  4.46  3.71  3.15  1.76  1.32  1.42  2.10  3.71  6.20  8.40
 3792.25  5.58  4.53  4.36  3.63  3.08  1.72  1.29  1.38  2.05  3.62  6.08  8.24
 3793.25  5.58  4.56  4.37  3.65  3.09  1.73  1.29  1.39  2.06  3.63  6.09  8.24
 3794.25  5.65  4.65  4.44  3.73  3.14  1.77  1.32  1.41  2.10  3.69  6.19  8.34
 3795.25  5.64  4.67  4.44  3.73  3.14  1.78  1.32  1.41  2.09  3.68  6.19  8.32
 3796.25  5.59  4.65  4.41  3.72  3.12  1.77  1.31  1.41  2.08  3.65  6.15  8.26
 3797.25  5.71  4.79  4.52  3.83  3.21  1.84  1.36  1.45  2.14  3.75  6.30  8.42
 3798.25  6.02  5.10  4.79  4.08  3.43  1.98  1.46  1.56  2.29  3.99  6.64  8.80
 3799.25  6.32  5.39  5.06  4.33  3.64  2.12  1.56  1.67  2.44  4.22  6.97  9.16
 3800.25  6.37  5.47  5.11  4.39  3.69  2.16  1.59  1.70  2.48  4.27  7.04  9.22
 3801.25  6.05  5.21  4.84  4.16  3.48  2.03  1.49  1.59  2.32  4.03  6.72  8.84
 3802.25  5.83  5.04  4.66  4.01  3.34  1.95  1.42  1.52  2.22  3.87  6.50  8.57
 3803.25  5.64  4.90  4.50  3.89  3.23  1.89  1.37  1.46  2.14  3.73  6.32  8.33
 3804.25  5.23  4.55  4.16  3.59  2.97  1.73  1.25  1.33  1.95  3.44  5.88  7.80
 3805.25  5.22  4.57  4.16  3.61  2.97  1.74  1.26  1.33  1.96  3.44  5.89  7.79
 3806.25  5.47  4.83  4.38  3.82  3.14  1.86  1.34  1.42  2.07  3.62  6.18  8.11
 3807.25  5.71  5.08  4.59  4.04  3.31  1.97  1.43  1.51  2.19  3.81  6.46  8.42
 3808.25  5.80  5.20  4.68  4.15  3.38  2.03  1.47  1.54  2.24  3.88  6.57  8.53
 3809.25  5.69  5.13  4.59  4.10  3.32  2.00  1.44  1.51  2.20  3.80  6.47  8.40
 3810.25  5.50  4.98  4.44  3.99  3.21  1.93  1.39  1.45  2.11  3.67  6.28  8.16
 3811.25  5.48  5.00  4.43  4.01  3.21  1.94  1.39  1.45  2.11  3.66  6.28  8.14
 3812.25  5.68  5.21  4.61  4.21  3.35  2.04  1.47  1.53  2.21  3.81  6.51  8.39
 3813.25  5.54  5.11  4.49  4.13  3.26  1.99  1.43  1.48  2.15  3.70  6.37  8.21
 3814.25  5.17  4.79  4.19  3.87  3.03  1.85  1.32  1.37  1.98  3.44  5.98  7.74
 3815.25  5.14  4.79  4.17  3.89  3.02  1.85  1.32  1.36  1.98  3.42  5.96  7.70
 3816.25  5.30  4.98  4.31  4.06  3.14  1.93  1.38  1.42  2.06  3.54  6.16  7.91
 3817.25  5.39  5.09  4.39  4.16  3.20  1.99  1.42  1.45  2.10  3.61  6.27  8.02
 3818.25  5.21  4.94  4.25  4.05  3.10  1.92  1.37  1.40  2.02  3.48  6.09  7.79
 3819.25  4.98  4.75  4.06  3.90  2.95  1.84  1.31  1.33  1.92  3.31  5.85  7.49
 3820.25  5.08  4.87  4.15  4.02  3.03  1.90  1.35  1.37  1.98  3.39  5.98  7.63
 3821.25  5.43  5.24  4.47  4.36  3.28  2.07  1.47  1.49  2.15  3.66  6.39  8.08
 3822.25  5.53  5.37  4.57  4.49  3.37  2.14  1.52  1.54  2.20  3.74  6.52  8.22
 3823.25  5.61  5.48  4.64  4.60  3.44  2.19  1.56  1.57  2.25  3.80  6.63  8.32
 3824.25  5.74  5.63  4.76  4.75  3.54  2.27  1.62  1.62  2.32  3.90  6.78  8.49
 3825.25  5.84  5.75  4.85  4.87  3.62  2.33  1.66  1.67  2.37  3.98  6.91  8.64
 3826.25  5.93  5.86  4.94  4.99  3.70  2.39  1.70  1.71  2.42  4.05  7.01  8.77
 3827.25  5.86  5.80  4.87  4.96  3.65  2.37  1.68  1.68  2.38  3.99  6.94  8.70
 3828.25  5.76  5.72  4.79  4.91  3.59  2.33  1.66  1.65  2.33  3.91  6.84  8.60
 3829.25  5.41  5.39  4.48  4.63  3.35  2.17  1.54  1.53  2.16  3.64  6.45  8.17
 3830.25  5.04  5.04  4.16  4.33  3.11  2.01  1.41  1.41  1.99  3.37  6.04  7.70
 3831.25  4.85  4.87  3.99  4.19  2.98  1.93  1.36  1.35  1.90  3.22  5.83  7.46
 3832.25  4.92  4.94  4.05  4.27  3.03  1.97  1.38  1.37  1.93  3.27  5.90  7.56
 3833.25  5.08  5.13  4.19  4.45  3.15  2.06  1.45  1.43  2.00  3.38  6.10  7.80
 3834.25  5.10  5.16  4.22  4.50  3.17  2.08  1.46  1.44  2.01  3.39  6.12  7.84
 3835.25  4.98  5.05  4.11  4.42  3.09  2.03  1.42  1.40  1.96  3.30  5.99  7.69
 3836.25  5.00  5.09  4.14  4.46  3.11  2.05  1.44  1.41  1.96  3.31  6.01  7.73
 3837.25  5.25  5.36  4.36  4.72  3.29  2.19  1.53  1.50  2.08  3.49  6.30  8.08
 3838.25  5.26  5.39  4.38  4.77  3.31  2.20  1.54  1.51  2.09  3.49  6.32  8.12
 3839.25  5.44  5.59  4.54  4.97  3.44  2.31  1.62  1.58  2.17  3.62  6.53  8.37
 3840.25  5.76  5.93  4.83  5.30  3.68  2.48  1.74  1.70  2.33  3.85  6.89  8.80
 3841.25  5.68  5.87  4.77  5.26  3.63  2.46  1.72  1.68  2.29  3.79  6.81  8.72
 3842.25  5.30  5.49  4.43  4.93  3.36  2.27  1.58  1.54  2.10  3.50  6.38  8.24
 3843.25  5.31  5.52  4.45  4.97  3.38  2.29  1.59  1.55  2.11  3.51  6.40  8.27
 3844.25  5.51  5.74  4.63  5.20  3.53  2.40  1.68  1.63  2.21  3.65  6.63  8.55
 3845.25  5.56  5.81  4.68  5.28  3.57  2.44  1.70  1.65  2.23  3.69  6.69  8.64
 3846.25  5.21  5.46  4.38  4.97  3.33  2.27  1.58  1.53  2.06  3.42  6.29  8.18
 3847.25  5.26  5.53  4.43  5.05  3.37  2.31  1.60  1.55  2.08  3.45  6.36  8.27
 3848.25  5.55  5.85  4.69  5.37  3.59  2.48  1.72  1.66  2.22  3.66  6.69  8.67
 3849.25  5.72  6.05  4.85  5.58  3.72  2.58  1.80  1.73  2.31  3.79  6.89  8.91
 3850.25  5.70  6.04  4.84  5.59  3.71  2.59  1.79  1.73  2.30  3.76  6.87  8.90
 3851.25  5.40  5.76  4.58  5.33  3.50  2.44  1.68  1.62  2.15  3.54  6.54  8.53
 3852.25  5.55  5.95  4.72  5.52  3.62  2.54  1.75  1.68  2.23  3.65  6.72  8.75
 3853.25  5.74  6.18  4.89  5.74  3.76  2.65  1.83  1.75  2.32  3.78  6.93  9.00
 3854.25  5.69  6.16  4.85  5.72  3.73  2.64  1.82  1.74  2.29  3.73  6.87  8.95
 3855.25  5.63  6.14  4.80  5.69  3.69  2.62  1.80  1.72  2.26  3.68  6.81  8.89
 3856.25  5.55  6.08  4.72  5.63  3.63  2.58  1.77  1.69  2.21  3.61  6.71  8.79
 3857.25  5.70  6.27  4.86  5.81  3.74  2.68  1.83  1.75  2.28  3.71  6.87  8.99
 3858.25  5.97  6.58  5.10  6.11  3.94  2.84  1.94  1.85  2.41  3.90  7.17  9.34
 3859.25  6.07  6.71  5.17  6.23  4.01  2.90  1.98  1.89  2.45  3.96  7.26  9.46
 3860.25  6.13  6.81  5.23  6.32  4.07  2.95  2.02  1.92  2.48  4.00  7.33  9.55
 3861.25  6.23  6.94  5.31  6.45  4.16  3.02  2.06  1.96  2.52  4.06  7.43  9.67
 3862.25  6.07  6.80  5.16  6.31  4.05  2.93  1.99  1.89  2.43  3.94  7.24  9.47
 3863.25  5.93  6.68  5.03  6.19  3.96  2.86  1.94  1.84  2.36  3.83  7.08  9.30
 3864.25  5.94  6.71  5.03  6.22  3.97  2.87  1.94  1.84  2.35  3.82  7.07  9.31
 3865.25  5.85  6.64  4.95  6.15  3.92  2.82  1.90  1.80  2.30  3.75  6.96  9.19
 3866.25  5.75  6.56  4.86  6.07  3.86  2.77  1.87  1.76  2.25  3.68  6.84  9.07
 3867.25  5.64  6.47  4.76  5.98  3.79  2.72  1.82  1.72  2.19  3.59  6.71  8.93
 3868.25  5.62  6.46  4.73  5.97  3.78  2.71  1.82  1.71  2.17  3.56  6.67  8.90
 3869.25  5.56  6.43  4.69  5.94  3.76  2.69  1.80  1.69  2.14  3.52  6.60  8.82
 3870.25  5.68  6.59  4.80  6.09  3.86  2.77  1.85  1.74  2.19  3.60  6.73  8.99
 3871.25  5.98  6.94  5.06  6.42  4.10  2.94  1.97  1.85  2.32  3.80  7.04  9.37
 3872.25  6.20  7.21  5.27  6.68  4.29  3.09  2.07  1.94  2.43  3.96  7.29  9.66
 3873.25  6.19  7.22  5.25  6.69  4.29  3.09  2.06  1.93  2.41  3.94  7.26  9.64
 3874.25  5.87  6.90  4.97  6.37  4.05  2.90  1.93  1.80  2.25  3.70  6.89  9.23
 3875.25  5.80  6.85  4.91  6.32  4.01  2.87  1.90  1.77  2.21  3.65  6.81  9.15
 3876.25  5.93  7.02  5.03  6.49  4.13  2.96  1.96  1.82  2.27  3.73  6.94  9.32
 3877.25  6.06  7.20  5.15  6.65  4.24  3.04  2.02  1.87  2.33  3.82  7.08  9.49
 3878.25  6.22  7.39  5.29  6.83  4.38  3.14  2.08  1.93  2.40  3.93  7.23  9.69
 3879.25  6.28  7.49  5.35  6.93  4.44  3.19  2.11  1.96  2.43  3.97  7.29  9.77
 3880.25  6.19  7.42  5.28  6.86  4.39  3.15  2.08  1.92  2.39  3.90  7.17  9.66
 3881.25  6.13  7.37  5.22  6.80  4.35  3.11  2.05  1.89  2.35  3.84  7.08  9.58
 3882.25  6.17  7.44  5.26  6.82  4.39  3.15  2.07  1.91  2.37  3.86  7.10  9.62
 3883.25  6.22  7.53  5.31  6.85  4.45  3.19  2.09  1.92  2.39  3.89  7.14  9.69
 3884.25  6.14  7.50  5.24  6.74  4.40  3.15  2.06  1.89  2.35  3.83  7.04  9.58
 3885.25  6.10  7.54  5.21  6.67  4.38  3.13  2.05  1.87  2.33  3.79  6.98  9.53
 3886.25  6.27  7.82  5.36  6.82  4.53  3.24  2.12  1.94  2.41  3.91  7.14  9.74
 3887.25  6.57  8.24  5.62  7.10  4.78  3.43  2.25  2.06  2.55  4.11  7.44 10.10
 3888.25  6.41  8.14  5.48  6.90  4.66  3.34  2.18  1.99  2.46  3.98  7.24  9.89
 3889.25  5.83  7.55  4.96  6.26  4.20  2.99  1.93  1.76  2.18  3.56  6.59  9.13
 3890.25  5.76  7.54  4.89  6.15  4.16  2.95  1.90  1.73  2.15  3.51  6.49  9.03
 3891.25  5.97  7.87  5.07  6.34  4.33  3.08  1.99  1.80  2.24  3.64  6.69  9.29
 3892.25  5.97  7.94  5.07  6.30  4.34  3.09  1.99  1.80  2.23  3.63  6.67  9.28
 3893.25  5.95  8.00  5.05  6.25  4.33  3.08  1.98  1.79  2.22  3.60  6.63  9.25
 3894.25  5.92  8.03  5.02  6.18  4.32  3.06  1.97  1.77  2.20  3.57  6.57  9.19
 3895.25  5.88  8.07  4.99  6.11  4.30  3.05  1.96  1.76  2.18  3.54  6.50  9.13
 3896.25  5.89  8.16  5.00  6.10  4.32  3.06  1.97  1.76  2.18  3.54  6.50  9.14
 3897.25  5.89  8.22  4.99  6.05  4.32  3.06  1.97  1.75  2.17  3.52  6.46  9.12
 3898.25  5.82  8.22  4.93  5.96  4.27  3.03  1.94  1.72  2.14  3.47  6.37  9.02
 3899.25  5.63  8.05  4.76  5.73  4.13  2.92  1.87  1.65  2.05  3.33  6.14  8.76
 3900.25  5.48  7.93  4.62  5.55  4.01  2.83  1.81  1.60  1.98  3.22  5.96  8.54
 3901.25  5.63  8.20  4.76  5.67  4.14  2.93  1.88  1.65  2.04  3.31  6.10  8.74
 3902.25  5.69  8.34  4.80  5.70  4.17  2.97  1.90  1.66  2.06  3.34  6.14  8.80
 3903.25  5.61  8.31  4.73  5.59  4.11  2.93  1.88  1.63  2.03  3.28  6.04  8.69
 3904.25  5.71  8.51  4.81  5.65  4.18  2.99  1.92  1.66  2.06  3.33  6.11  8.81
 3905.25  5.61  8.45  4.72  5.52  4.10  2.94  1.88  1.63  2.02  3.26  5.99  8.66
 3906.25  5.56  8.46  4.67  5.45  4.06  2.91  1.87  1.61  1.99  3.22  5.92  8.60
 3907.25  5.58  8.56  4.68  5.44  4.07  2.93  1.88  1.61  2.00  3.23  5.92  8.61
 3908.25  5.33  8.28  4.45  5.15  3.86  2.78  1.78  1.52  1.89  3.05  5.63  8.25
 3909.25  5.26  8.26  4.40  5.07  3.81  2.75  1.76  1.50  1.86  3.01  5.54  8.16
 3910.25  5.39  8.50  4.50  5.15  3.90  2.83  1.81  1.54  1.90  3.07  5.65  8.31
 3911.25  5.47  8.68  4.56  5.20  3.96  2.88  1.84  1.56  1.94  3.12  5.71  8.42
 3912.25  5.41  8.67  4.51  5.12  3.91  2.85  1.82  1.54  1.91  3.07  5.63  8.32
 3913.25  4.71  7.72  3.90  4.42  3.37  2.45  1.56  1.31  1.62  2.63  4.89  7.34
 3914.25  3.90  6.57  3.21  3.63  2.77  2.01  1.27  1.06  1.32  2.15  4.04  6.17
 3915.25  4.39  7.39  3.63  4.08  3.13  2.29  1.45  1.21  1.50  2.44  4.53  6.88
 3916.25  5.45  9.04  4.54  5.06  3.94  2.91  1.86  1.55  1.92  3.08  5.61  8.37
 3917.25  5.81  9.70  4.87  5.38  4.23  3.14  2.02  1.68  2.07  3.31  5.97  8.86
 3918.25  5.52  9.45  4.63  5.10  4.02  2.99  1.91  1.58  1.96  3.13  5.68  8.49
 3919.25  5.23  9.19  4.38  4.82  3.80  2.82  1.80  1.49  1.84  2.95  5.37  8.11
 3920.25  5.62  9.92  4.73  5.18  4.11  3.08  1.97  1.62  2.00  3.20  5.77  8.65
 3921.25  5.98 10.60  5.06  5.52  4.41  3.32  2.13  1.75  2.16  3.44  6.13  9.14
 3922.25  6.03 10.83  5.11  5.57  4.46  3.36  2.16  1.77  2.19  3.47  6.17  9.21
 3923.25  5.98 10.93  5.08  5.52  4.43  3.35  2.15  1.76  2.17  3.44  6.12  9.16
 3924.25  6.00 11.13  5.11  5.54  4.45  3.38  2.17  1.77  2.18  3.46  6.13  9.20
 3925.25  6.11 11.46  5.22  5.65  4.56  3.47  2.24  1.82  2.24  3.54  6.25  9.36
 3926.25  6.21 11.76  5.32  5.74  4.65  3.55  2.29  1.86  2.28  3.61  6.34  9.50
 3927.25  6.32 12.08  5.43  5.85  4.75  3.64  2.35  1.90  2.33  3.68  6.45  9.66
 3928.25  6.41 12.38  5.53  5.94  4.83  3.73  2.41  1.94  2.38  3.75  6.54  9.79
 3929.25  6.40 12.53  5.53  5.93  4.84  3.74  2.42  1.94  2.37  3.75  6.52  9.79
 3930.25  6.60 12.98  5.73  6.12  5.02  3.90  2.53  2.03  2.47  3.89  6.72 10.06
 3931.25  6.85 13.48  5.97  6.36  5.24  4.09  2.66  2.13  2.59  4.07  6.97 10.39
 3932.25  6.52 13.19  5.68  6.04  4.97  3.87  2.51  2.00  2.43  3.84  6.63  9.99
 3933.25  6.26 12.99  5.45  5.80  4.77  3.71  2.40  1.91  2.31  3.67  6.37  9.67
 3934.25  6.65 13.71  5.83  6.17  5.11  4.00  2.61  2.07  2.50  3.94  6.77 10.18
 3935.25  7.09 14.46  6.24  6.59  5.49  4.33  2.84  2.25  2.71  4.25  7.21 10.73
 3936.25  6.94 14.42  6.11  6.45  5.37  4.24  2.78  2.19  2.64  4.15  7.06 10.57
 3937.25  6.52 14.01  5.74  6.05  5.03  3.96  2.58  2.03  2.44  3.86  6.64 10.06
 3938.25  6.34 13.91  5.58  5.88  4.89  3.84  2.51  1.96  2.35  3.74  6.46  9.84
 3939.25  6.31 14.01  5.55  5.84  4.87  3.84  2.50  1.95  2.34  3.72  6.43  9.81
 3940.25  6.06 13.80  5.33  5.61  4.67  3.68  2.40  1.85  2.23  3.56  6.18  9.49
 3941.25  5.91 13.71  5.19  5.46  4.55  3.59  2.34  1.80  2.16  3.46  6.02  9.30
 3942.25  5.91 13.87  5.20  5.46  4.56  3.60  2.35  1.80  2.16  3.46  6.02  9.31
 3943.25  5.76 13.79  5.07  5.33  4.45  3.52  2.29  1.75  2.10  3.37  5.88  9.12
 3944.25  5.60 13.67  4.93  5.17  4.32  3.42  2.23  1.70  2.03  3.27  5.72  8.92
 3945.25  5.74 14.04  5.05  5.30  4.43  3.53  2.30  1.75  2.08  3.36  5.85  9.10
 3946.25  5.63 14.01  4.95  5.20  4.35  3.47  2.27  1.71  2.04  3.29  5.74  8.96
 3947.25  5.55 14.01  4.88  5.11  4.28  3.42  2.24  1.69  2.00  3.24  5.65  8.85
 3948.25  5.57 14.15  4.89  5.13  4.30  3.45  2.26  1.69  2.01  3.25  5.67  8.88
 3949.25  5.62 14.27  4.94  5.17  4.34  3.49  2.29  1.71  2.03  3.28  5.71  8.95
 3950.25  5.85 14.97  5.14  5.37  4.52  3.65  2.41  1.80  2.12  3.43  5.94  9.25
 3951.25  5.94 16.17  5.22  5.46  4.61  3.73  2.46  1.84  2.16  3.49  6.03  9.38
 3952.25  5.81 16.53  5.10  5.32  4.49  3.65  2.41  1.79  2.10  3.40  5.89  9.20
 3953.25  5.90 16.63  5.18  5.40  4.57  3.72  2.46  1.82  2.14  3.46  5.98  9.32
 3954.25  6.18 16.92  5.43  5.66  4.81  3.93  2.62  1.93  2.26  3.65  6.25  9.69
 3955.25  6.10 16.62  5.36  5.58  4.74  3.89  2.59  1.90  2.23  3.59  6.17  9.59
 3956.25  6.06 16.38  5.31  5.53  4.70  3.87  2.57  1.89  2.20  3.56  6.12  9.53
 3957.25  6.09 16.26  5.34  5.57  4.73  3.90  2.60  1.90  2.22  3.58  6.15  9.57
 3958.25  6.11 16.12  5.36  5.60  4.75  3.93  2.62  1.91  2.22  3.60  6.16  9.60
 3959.25  6.18 16.04  5.42  5.66  4.80  3.98  2.67  1.94  2.25  3.64  6.22  9.68
 3960.25  6.16 15.84  5.40  5.66  4.79  3.99  2.67  1.94  2.24  3.63  6.20  9.67
 3961.25  6.07 15.51  5.32  5.58  4.72  3.93  2.63  1.90  2.20  3.57  6.11  9.55
 3962.25  6.25 15.60  5.48  5.75  4.87  4.07  2.74  1.97  2.28  3.69  6.28  9.78
 3963.25  6.54 15.85  5.74  6.03  5.11  4.30  2.90  2.09  2.41  3.88  6.56 10.15
 3964.25  6.65 15.82  5.85  6.15  5.21  4.40  2.98  2.14  2.46  3.96  6.67 10.30
 3965.25  6.69 15.69  5.88  6.19  5.24  4.44  3.01  2.16  2.48  3.99  6.70 10.34
 3966.25  6.77 15.59  5.94  6.27  5.31  4.50  3.06  2.19  2.51  4.04  6.77 10.43
 3967.25  7.01 15.72  6.17  6.51  5.52  4.70  3.22  2.30  2.62  4.21  7.01 10.73
 3968.25  7.00 15.51  6.15  6.50  5.51  4.71  3.22  2.30  2.62  4.20  6.99 10.72
 3969.25  6.83 15.08  5.99  6.34  5.36  4.59  3.13  2.22  2.53  4.08  6.81 10.51
 3970.25  6.77 14.80  5.93  6.29  5.31  4.55  3.11  2.20  2.50  4.04  6.75 10.44
 3971.25  6.48 14.19  5.67  6.02  5.06  4.34  2.96  2.08  2.36  3.83  6.45 10.07
 3972.25  6.22 13.61  5.43  5.79  4.85  4.16  2.83  1.98  2.24  3.66  6.19  9.75
 3973.25  6.15 13.30  5.36  5.72  4.78  4.12  2.80  1.95  2.20  3.61  6.11  9.65
 3974.25  6.00 12.87  5.23  5.59  4.67  4.02  2.73  1.90  2.14  3.51  5.97  9.46
 3975.25  5.87 12.46  5.11  5.47  4.55  3.93  2.67  1.85  2.08  3.42  5.83  9.29
 3976.25  5.78 12.08  5.02  5.37  4.46  3.85  2.62  1.81  2.03  3.35  5.71  9.14
 3977.25  5.86 11.98  5.08  5.45  4.52  3.91  2.67  1.84  2.07  3.40  5.78  9.24
 3978.25  5.88 11.77  5.09  5.46  4.53  3.93  2.69  1.84  2.07  3.40  5.78  9.25
 3979.25  5.76 11.36  4.97  5.34  4.42  3.84  2.62  1.79  2.02  3.31  5.65  9.07
 3980.25  5.75 11.11  4.96  5.33  4.41  3.83  2.62  1.79  2.01  3.30  5.62  9.04
 3981.25  5.54 10.60  4.75  5.12  4.22  3.67  2.51  1.71  1.92  3.15  5.39  8.73
 3982.25  5.53 10.50  4.74  5.11  4.20  3.66  2.51  1.70  1.91  3.14  5.37  8.71
 3983.25  5.79 10.84  4.96  5.34  4.40  3.85  2.65  1.79  2.01  3.29  5.60  9.04
 3984.25  5.86 10.90  5.01  5.40  4.44  3.90  2.70  1.82  2.04  3.33  5.65  9.12
 3985.25  5.79 10.77  4.94  5.33  4.38  3.85  2.67  1.79  2.01  3.28  5.57  9.01
 3986.25  5.91 10.90  5.04  5.44  4.46  3.93  2.73  1.83  2.05  3.35  5.67  9.15
 3987.25  6.05 11.07  5.15  5.57  4.56  4.03  2.82  1.88  2.11  3.43  5.78  9.32
 3988.25  5.94 10.86  5.04  5.45  4.46  3.95  2.76  1.84  2.06  3.35  5.65  9.16
 3989.25  5.73 10.52  4.85  5.25  4.28  3.79  2.65  1.76  1.97  3.20  5.43  8.86
 3990.25  5.82 10.61  4.92  5.33  4.34  3.85  2.70  1.79  2.00  3.25  5.50  8.96
 3991.25  6.01 10.86  5.08  5.51  4.49  4.00  2.82  1.86  2.08  3.37  5.67  9.21
 3992.25  6.06 10.89  5.11  5.55  4.51  4.03  2.85  1.87  2.10  3.39  5.68  9.25
 3993.25  6.09 10.89  5.13  5.57  4.52  4.05  2.87  1.88  2.11  3.40  5.70  9.28
 3994.25  6.01 10.73  5.05  5.48  4.44  3.98  2.83  1.85  2.07  3.34  5.59  9.15
 3995.25  6.02 10.72  5.05  5.49  4.45  3.99  2.84  1.85  2.07  3.34  5.59  9.16
 3996.25  6.18 10.91  5.18  5.63  4.56  4.11  2.93  1.91  2.13  3.43  5.72  9.35
 3997.25  6.23 10.92  5.21  5.66  4.58  4.14  2.96  1.92  2.15  3.45  5.73  9.38
 3998.25  6.27 10.95  5.24  5.69  4.61  4.17  3.00  1.94  2.16  3.47  5.76  9.43
 3999.25  6.13 10.71  5.10  5.55  4.48  4.06  2.92  1.88  2.10  3.37  5.60  9.22
 4000.25  5.72 10.09  4.74  5.16  4.15  3.76  2.70  1.73  1.93  3.11  5.20  8.67
 4001.25  5.82 10.20  4.82  5.24  4.22  3.83  2.76  1.76  1.97  3.16  5.27  8.78
 4002.25  6.16 10.64  5.11  5.55  4.47  4.08  2.95  1.88  2.10  3.36  5.56  9.21
 4003.25  6.09 10.50  5.03  5.47  4.40  4.02  2.91  1.85  2.07  3.31  5.47  9.09
 4004.25  5.93 10.24  4.88  5.31  4.26  3.91  2.83  1.79  2.00  3.20  5.31  8.87
 4005.25  5.97 10.27  4.92  5.35  4.29  3.94  2.86  1.81  2.01  3.22  5.33  8.92
 4006.25  6.06 10.35  4.98  5.42  4.35  4.00  2.92  1.84  2.05  3.27  5.39  9.02
 4007.25  6.21 10.54  5.12  5.56  4.46  4.12  3.01  1.90  2.11  3.36  5.52  9.21
 4008.25  6.13 10.40  5.05  5.49  4.40  4.06  2.98  1.87  2.08  3.31  5.43  9.10
 4009.25  5.85 10.00  4.82  5.24  4.18  3.87  2.84  1.77  1.97  3.14  5.17  8.74
 4010.25  5.81  9.91  4.78  5.19  4.14  3.84  2.82  1.75  1.95  3.11  5.12  8.68
 4011.25  5.86  9.97  4.83  5.25  4.18  3.89  2.86  1.77  1.97  3.14  5.16  8.75
 4012.25  5.87  9.96  4.84  5.25  4.19  3.90  2.88  1.78  1.98  3.15  5.16  8.76
 4013.25  5.84  9.89  4.82  5.23  4.16  3.89  2.87  1.77  1.97  3.13  5.12  8.72
 4014.25  5.80  9.81  4.79  5.19  4.13  3.86  2.86  1.76  1.95  3.10  5.07  8.66
 4015.25  5.81  9.79  4.80  5.20  4.13  3.87  2.87  1.77  1.96  3.10  5.07  8.66
 4016.25  5.90  9.89  4.88  5.28  4.20  3.95  2.94  1.81  1.99  3.15  5.14  8.78
 4017.25  5.91  9.88  4.90  5.30  4.21  3.96  2.96  1.82  2.00  3.16  5.14  8.80
 4018.25  6.05 10.05  5.03  5.43  4.31  4.06  3.05  1.88  2.06  3.24  5.26  8.98
 4019.25  6.09 10.07  5.07  5.47  4.34  4.09  3.08  1.90  2.08  3.26  5.28  9.03
 4020.25  5.89  9.77  4.90  5.29  4.19  3.95  2.98  1.83  2.00  3.14  5.10  8.77
 4021.25  5.82  9.64  4.85  5.22  4.14  3.90  2.95  1.81  1.97  3.10  5.02  8.68
 4022.25  5.87  9.68  4.89  5.27  4.19  3.94  2.99  1.83  1.99  3.12  5.06  8.74
 4023.25  6.01  9.85  5.02  5.41  4.31  4.04  3.09  1.89  2.05  3.21  5.17  8.93
 4024.25  6.13  9.98  5.13  5.52  4.42  4.13  3.17  1.95  2.10  3.28  5.27  9.08
 4025.25  6.08  9.89  5.09  5.47  4.39  4.10  3.15  1.93  2.08  3.24  5.22  9.02
 4026.25  6.02  9.77  5.05  5.42  4.35  4.05  3.13  1.92  2.06  3.20  5.15  8.94
 4027.25  6.01  9.73  5.04  5.41  4.35  4.05  3.14  1.92  2.06  3.19  5.13  8.93
 4028.25  6.02  9.72  5.06  5.43  4.37  4.06  3.16  1.93  2.07  3.20  5.13  8.94
 4029.25  5.98  9.63  5.03  5.39  4.35  4.03  3.14  1.92  2.06  3.17  5.09  8.88
 4030.25  5.95  9.56  5.01  5.36  4.33  4.01  3.14  1.92  2.05  3.15  5.05  8.85
 4031.25  6.31 10.01  5.33  5.70  4.63  4.28  3.37  2.06  2.20  3.36  5.36  9.31
 4032.25  6.53 10.27  5.53  5.90  4.82  4.45  3.53  2.16  2.30  3.50  5.55  9.59
 4033.25  6.37 10.03  5.39  5.75  4.70  4.33  3.44  2.10  2.23  3.39  5.39  9.38
 4034.25  6.27  9.87  5.31  5.66  4.63  4.25  3.40  2.07  2.19  3.33  5.29  9.26
 4035.25  6.05  9.55  5.13  5.45  4.46  4.09  3.28  1.99  2.11  3.20  5.09  8.98
 4036.25  5.91  9.33  5.01  5.32  4.36  3.99  3.20  1.94  2.05  3.11  4.96  8.79
 4037.25  5.87  9.24  4.98  5.28  4.34  3.96  3.19  1.93  2.04  3.08  4.91  8.74
 4038.25  5.89  9.24  5.00  5.30  4.37  3.98  3.22  1.95  2.05  3.09  4.92  8.77
 4039.25  5.87  9.18  4.99  5.28  4.36  3.97  3.22  1.94  2.04  3.08  4.89  8.74
 4040.25  6.10  9.45  5.19  5.48  4.55  4.13  3.38  2.04  2.14  3.21  5.08  9.03
 4041.25  6.21  9.56  5.30  5.58  4.65  4.22  3.46  2.09  2.19  3.27  5.16  9.17
 4042.25  5.95  9.19  5.07  5.34  4.45  4.03  3.31  1.99  2.09  3.11  4.93  8.83
 4043.25  5.72  8.85  4.88  5.13  4.28  3.86  3.19  1.91  2.00  2.97  4.73  8.54
 4044.25  5.78  8.90  4.94  5.18  4.34  3.91  3.24  1.94  2.02  3.01  4.78  8.61
 4045.25  5.97  9.11  5.12  5.34  4.50  4.04  3.37  2.02  2.10  3.11  4.94  8.85
 4046.25  6.28  9.49  5.41  5.63  4.76  4.28  3.58  2.16  2.24  3.30  5.21  9.26
 4047.25  6.51  9.75  5.63  5.84  4.96  4.46  3.75  2.26  2.35  3.44  5.41  9.56
 4048.25  6.03  9.07  5.21  5.39  4.57  4.09  3.45  2.06  2.14  3.14  4.98  8.93
 4049.25  5.91  8.88  5.11  5.28  4.49  4.01  3.39  2.02  2.09  3.07  4.88  8.78
 4050.25  6.14  9.13  5.33  5.49  4.69  4.18  3.55  2.13  2.19  3.20  5.08  9.08
 4051.25  5.96  8.84  5.18  5.32  4.55  4.04  3.45  2.06  2.12  3.09  4.92  8.83
 4052.25  5.93  8.77  5.17  5.29  4.54  4.03  3.45  2.05  2.11  3.07  4.90  8.80
 4053.25  6.36  9.28  5.57  5.69  4.90  4.35  3.74  2.24  2.30  3.32  5.27  9.36
 4054.25  6.46  9.36  5.67  5.77  4.99  4.43  3.82  2.29  2.35  3.38  5.36  9.47
 4055.25  6.24  9.03  5.48  5.57  4.82  4.26  3.69  2.20  2.25  3.24  5.16  9.18
 4056.25  6.40  9.18  5.63  5.71  4.96  4.38  3.81  2.28  2.33  3.33  5.30  9.37
 4057.25  6.66  9.46  5.88  5.94  5.19  4.58  4.00  2.40  2.44  3.49  5.52  9.69
 4058.25  6.67  9.43  5.91  5.95  5.21  4.59  4.03  2.41  2.45  3.49  5.53  9.69
 4059.25  6.43  9.08  5.70  5.73  5.02  4.41  3.88  2.31  2.35  3.34  5.32  9.38
 4060.25  6.05  8.55  5.36  5.37  4.72  4.13  3.64  2.15  2.19  3.11  4.99  8.88
 4061.25  5.87  8.28  5.21  5.21  4.60  4.00  3.53  2.09  2.11  3.00  4.83  8.63
 4062.25  5.89  8.25  5.24  5.22  4.64  4.02  3.56  2.10  2.12  3.01  4.85  8.65
 4063.25  6.09  8.46  5.44  5.41  4.85  4.18  3.71  2.19  2.22  3.13  5.02  8.90
 4064.25  6.36  8.75  5.70  5.65  5.11  4.39  3.91  2.31  2.34  3.28  5.26  9.24
 4065.25  6.21  8.51  5.57  5.51  5.01  4.27  3.82  2.25  2.27  3.19  5.12  9.03
 4066.25  5.90  8.06  5.28  5.21  4.76  4.04  3.62  2.12  2.14  3.00  4.84  8.60
 4067.25  6.14  8.32  5.52  5.43  5.00  4.22  3.80  2.23  2.25  3.14  5.05  8.91
 4068.25  6.37  8.53  5.73  5.62  5.22  4.39  3.96  2.33  2.34  3.26  5.24  9.17
 4069.25  6.15  8.21  5.53  5.41  5.06  4.23  3.82  2.24  2.25  3.13  5.04  8.87
 4070.25  6.14  8.15  5.54  5.40  5.08  4.22  3.83  2.24  2.25  3.12  5.03  8.85
 4071.25  6.30  8.28  5.69  5.53  5.24  4.34  3.95  2.31  2.32  3.21  5.16  9.03
 4072.25  6.64  8.63  6.01  5.83  5.57  4.60  4.20  2.47  2.47  3.41  5.45  9.44
 4073.25  6.94  8.92  6.30  6.10  5.86  4.83  4.43  2.61  2.61  3.59  5.70  9.79
 4074.25  7.19  9.15  6.54  6.32  6.12  5.03  4.63  2.73  2.73  3.75  5.92 10.08
 4075.25  7.01  8.87  6.38  6.13  5.98  4.89  4.51  2.65  2.64  3.63  5.75  9.83
 4076.25  6.37  8.07  5.79  5.54  5.43  4.40  4.07  2.36  2.35  3.24  5.19  9.02
 4077.25  5.97  7.54  5.42  5.17  5.10  4.10  3.80  2.19  2.18  3.01  4.84  8.49
 4078.25  6.36  7.94  5.80  5.51  5.48  4.39  4.09  2.36  2.35  3.23  5.17  8.97
 4079.25  6.75  8.36  6.18  5.86  5.86  4.69  4.38  2.54  2.52  3.47  5.50  9.44
 4080.25  6.54  8.08  5.99  5.65  5.69  4.52  4.24  2.45  2.42  3.34  5.31  9.15
 4081.25  6.06  7.50  5.55  5.21  5.28  4.16  3.91  2.24  2.21  3.05  4.89  8.52
 4082.25  6.04  7.45  5.55  5.18  5.29  4.15  3.91  2.23  2.20  3.04  4.86  8.48
 4083.25  6.34  7.78  5.85  5.44  5.59  4.38  4.14  2.37  2.33  3.21  5.12  8.85
 4084.25  6.50  7.95  6.01  5.58  5.77  4.50  4.27  2.45  2.40  3.31  5.25  9.03
 4085.25  6.61  8.04  6.13  5.66  5.89  4.58  4.36  2.50  2.45  3.37  5.33  9.14
 4086.25  6.50  7.90  6.04  5.55  5.82  4.50  4.30  2.45  2.40  3.30  5.23  8.99
 4087.25  6.30  7.64  5.86  5.36  5.65  4.34  4.16  2.37  2.31  3.18  5.05  8.71
 4088.25  6.28  7.60  5.86  5.34  5.67  4.33  4.17  2.36  2.30  3.17  5.03  8.67
 4089.25  6.39  7.70  5.97  5.42  5.79  4.41  4.26  2.41  2.35  3.23  5.12  8.78
 4090.25  6.38  7.67  5.98  5.41  5.81  4.41  4.27  2.41  2.35  3.23  5.11  8.76
 4091.25  6.49  7.76  6.10  5.49  5.94  4.49  4.36  2.47  2.39  3.29  5.19  8.87
 4092.25  6.57  7.83  6.19  5.55  6.04  4.55  4.43  2.51  2.43  3.33  5.25  8.95
 4093.25  6.65  7.90  6.28  5.61  6.14  4.61  4.50  2.55  2.46  3.38  5.31  9.02
 4094.25  6.64  7.86  6.28  5.59  6.16  4.60  4.51  2.55  2.46  3.37  5.30  8.99
 4095.25  6.63  7.82  6.28  5.56  6.17  4.59  4.51  2.54  2.45  3.36  5.28  8.95
 4096.25  6.71  7.89  6.38  5.63  6.28  4.66  4.59  2.58  2.49  3.41  5.34  9.03
 4097.25  6.76  7.92  6.44  5.66  6.35  4.69  4.64  2.61  2.51  3.43  5.37  9.07
 4098.25  6.83  7.96  6.51  5.70  6.44  4.74  4.70  2.64  2.54  3.47  5.42  9.13
 4099.25  7.00  8.12  6.69  5.84  6.62  4.87  4.85  2.73  2.61  3.57  5.56  9.30
 4100.25  6.89  7.98  6.60  5.73  6.55  4.79  4.78  2.68  2.56  3.50  5.46  9.16
 4101.25  6.89  7.95  6.61  5.72  6.57  4.79  4.79  2.68  2.56  3.50  5.45  9.13
 4102.25  7.20  8.26  6.92  5.97  6.90  5.04  5.04  2.83  2.70  3.68  5.70  9.47
 4103.25  7.29  8.33  7.02  6.04  7.01  5.13  5.12  2.88  2.74  3.73  5.77  9.55
 4104.25  7.27  8.28  7.01  6.01  7.02  5.12  5.12  2.87  2.73  3.71  5.74  9.50
 4105.25  7.22  8.20  6.98  5.95  7.00  5.11  5.10  2.85  2.70  3.68  5.70  9.42
 4106.25  7.10  8.04  6.87  5.84  6.91  5.03  5.02  2.79  2.65  3.61  5.59  9.26
 4107.25  7.00  7.91  6.79  5.74  6.84  4.97  4.95  2.75  2.60  3.54  5.49  9.11
 4108.25  6.87  7.73  6.67  5.62  6.73  4.88  4.86  2.69  2.53  3.46  5.37  8.93
 4109.25  6.88  7.72  6.69  5.62  6.77  4.90  4.88  2.70  2.54  3.46  5.37  8.92
 4110.25  6.94  7.75  6.77  5.67  6.86  4.97  4.94  2.73  2.56  3.50  5.42  8.97
 4111.25  7.06  7.85  6.89  5.77  7.00  5.07  5.04  2.80  2.61  3.56  5.51  9.08
 4112.25  6.97  7.73  6.82  5.69  6.94  5.02  4.99  2.76  2.57  3.51  5.43  8.96
 4113.25  6.87  7.60  6.73  5.60  6.87  4.96  4.92  2.72  2.53  3.45  5.34  8.83
 4114.25  6.81  7.51  6.67  5.54  6.83  4.93  4.89  2.70  2.50  3.41  5.28  8.74
 4115.25  6.73  7.39  6.59  5.46  6.77  4.88  4.84  2.67  2.46  3.36  5.20  8.63
 4116.25  6.79  7.43  6.66  5.51  6.86  4.94  4.89  2.70  2.49  3.39  5.24  8.68
 4117.25  6.84  7.45  6.71  5.54  6.93  4.99  4.94  2.73  2.50  3.41  5.27  8.72
 4118.25  6.87  7.46  6.75  5.56  6.99  5.03  4.98  2.75  2.52  3.43  5.29  8.74
 4119.25  7.01  7.59  6.89  5.68  7.16  5.17  5.11  2.83  2.58  3.51  5.40  8.89
 4120.25  7.07  7.62  6.96  5.73  7.25  5.23  5.17  2.87  2.61  3.54  5.44  8.95
 4121.25  6.95  7.46  6.84  5.61  7.14  5.14  5.08  2.81  2.55  3.46  5.33  8.78
 4122.25  6.90  7.39  6.80  5.57  7.12  5.12  5.06  2.79  2.52  3.43  5.28  8.71
 4123.25  6.93  7.39  6.83  5.59  7.18  5.16  5.10  2.82  2.53  3.44  5.30  8.73
 4124.25  6.87  7.30  6.78  5.53  7.14  5.13  5.06  2.79  2.51  3.39  5.24  8.64
 4125.25  6.82  7.21  6.72  5.48  7.10  5.10  5.03  2.77  2.48  3.35  5.19  8.56
 4126.25  6.80  7.15  6.70  5.44  7.10  5.09  5.02  2.76  2.46  3.33  5.15  8.51
 4127.25  6.88  7.20  6.77  5.50  7.19  5.16  5.08  2.80  2.49  3.36  5.20  8.57
 4128.25  6.84  7.12  6.72  5.45  7.16  5.13  5.05  2.78  2.47  3.32  5.15  8.49
 4129.25  6.76  7.00  6.64  5.37  7.10  5.07  5.00  2.75  2.43  3.26  5.07  8.37
 4130.25  6.93  7.13  6.80  5.49  7.28  5.21  5.13  2.83  2.49  3.34  5.19  8.53
 4131.25  7.04  7.20  6.89  5.57  7.40  5.30  5.22  2.88  2.53  3.39  5.25  8.63
 4132.25  7.09  7.21  6.94  5.60  7.47  5.35  5.27  2.91  2.55  3.40  5.28  8.66
 4133.25  7.20  7.28  7.04  5.67  7.60  5.45  5.36  2.96  2.58  3.45  5.35  8.75
 4134.25  7.17  7.21  7.00  5.63  7.57  5.42  5.33  2.95  2.56  3.41  5.30  8.68
 4135.25  7.19  7.19  7.01  5.62  7.61  5.44  5.35  2.95  2.56  3.41  5.30  8.67
 4136.25  7.03  6.99  6.84  5.48  7.45  5.32  5.22  2.88  2.49  3.31  5.15  8.46
 4137.25  6.79  6.72  6.61  5.27  7.22  5.13  5.04  2.76  2.38  3.16  4.95  8.16
 4138.25  6.80  6.68  6.60  5.25  7.23  5.14  5.05  2.77  2.37  3.15  4.94  8.14
 4139.25  6.86  6.71  6.66  5.29  7.31  5.20  5.10  2.80  2.39  3.17  4.97  8.18
 4140.25  6.89  6.70  6.68  5.30  7.33  5.23  5.13  2.81  2.40  3.17  4.97  8.18
 4141.25  6.97  6.74  6.75  5.35  7.38  5.30  5.19  2.85  2.42  3.20  5.02  8.24
 4142.25  7.16  6.88  6.93  5.49  7.53  5.45  5.34  2.94  2.50  3.29  5.15  8.42
 4143.25  7.41  7.08  7.17  5.68  7.75  5.67  5.55  3.07  2.60  3.41  5.33  8.67
 4144.25  7.64  7.27  7.38  5.86  7.94  5.85  5.74  3.18  2.69  3.52  5.49  8.88
 4145.25  7.54  7.15  7.28  5.77  7.79  5.76  5.66  3.14  2.64  3.45  5.39  8.75
 4146.25  7.20  6.79  6.94  5.48  7.40  5.47  5.39  2.96  2.48  3.25  5.11  8.34
 4147.25  7.19  6.75  6.92  5.46  7.34  5.44  5.38  2.96  2.47  3.23  5.08  8.29
 4148.25  7.31  6.85  7.05  5.55  7.43  5.53  5.48  3.02  2.52  3.28  5.16  8.40
 4149.25  7.18  6.70  6.94  5.44  7.25  5.42  5.38  2.96  2.45  3.20  5.04  8.23
 4150.25  7.20  6.69  6.97  5.45  7.23  5.42  5.40  2.97  2.45  3.19  5.04  8.22
 4151.25  7.47  6.92  7.25  5.66  7.46  5.63  5.62  3.10  2.56  3.32  5.23  8.48
 4152.25  7.62  7.03  7.41  5.77  7.56  5.74  5.74  3.17  2.62  3.38  5.32  8.61
 4153.25  7.65  7.03  7.45  5.78  7.54  5.75  5.76  3.19  2.62  3.38  5.32  8.61
 4154.25  7.56  6.92  7.38  5.70  7.41  5.66  5.69  3.14  2.57  3.32  5.24  8.48
 4155.25  7.43  6.77  7.27  5.59  7.23  5.54  5.59  3.08  2.51  3.24  5.12  8.31
 4156.25  7.13  6.46  6.99  5.34  6.90  5.29  5.35  2.93  2.38  3.07  4.87  7.95
 4157.25  7.10  6.40  6.96  5.30  6.81  5.25  5.32  2.91  2.36  3.03  4.83  7.88
 4158.25  7.21  6.46  7.08  5.37  6.87  5.32  5.40  2.96  2.39  3.07  4.88  7.96
 4159.25  7.09  6.33  6.97  5.27  6.71  5.21  5.31  2.90  2.33  3.00  4.78  7.80
 4160.25  7.22  6.41  7.11  5.36  6.79  5.29  5.41  2.96  2.38  3.04  4.85  7.90
 4161.25  7.40  6.55  7.29  5.49  6.91  5.42  5.55  3.05  2.44  3.12  4.96  8.05
 4162.25  7.31  6.44  7.21  5.40  6.78  5.33  5.47  3.00  2.39  3.06  4.87  7.92
 4163.25  7.49  6.57  7.40  5.53  6.90  5.46  5.61  3.09  2.46  3.13  4.99  8.07
 4164.25  7.46  6.50  7.37  5.49  6.82  5.41  5.57  3.07  2.43  3.09  4.94  8.00
 4165.25  7.04  6.10  6.97  5.15  6.38  5.08  5.24  2.87  2.26  2.88  4.62  7.53
 4166.25  6.98  6.01  6.92  5.09  6.28  5.01  5.18  2.84  2.23  2.83  4.55  7.43
 4167.25  7.21  6.19  7.16  5.26  6.45  5.18  5.36  2.95  2.31  2.92  4.70  7.63
 4168.25  7.32  6.26  7.27  5.34  6.50  5.24  5.44  3.00  2.34  2.96  4.75  7.71
 4169.25  7.17  6.09  7.12  5.20  6.31  5.11  5.30  2.92  2.27  2.87  4.62  7.51
 4170.25  7.22  6.11  7.19  5.23  6.31  5.14  5.34  2.95  2.28  2.88  4.64  7.53
 4171.25  7.46  6.29  7.43  5.41  6.48  5.30  5.52  3.06  2.37  2.98  4.79  7.73
 4172.25  7.59  6.37  7.57  5.49  6.55  5.39  5.62  3.12  2.41  3.02  4.86  7.82
 4173.25  7.55  6.31  7.54  5.45  6.47  5.34  5.58  3.10  2.38  2.99  4.81  7.74
 4174.25  7.58  6.30  7.58  5.46  6.45  5.35  5.60  3.11  2.39  2.99  4.81  7.73
 4175.25  7.79  6.45  7.80  5.61  6.59  5.49  5.76  3.21  2.46  3.07  4.94  7.90
 4176.25  7.71  6.36  7.73  5.54  6.47  5.42  5.69  3.17  2.42  3.03  4.86  7.78
 4177.25  7.83  6.44  7.85  5.62  6.53  5.49  5.77  3.23  2.46  3.07  4.92  7.86
 4178.25  7.91  6.49  7.94  5.67  6.54  5.54  5.82  3.27  2.48  3.10  4.95  7.89
 4179.25  7.81  6.38  7.84  5.57  6.41  5.44  5.74  3.21  2.43  3.04  4.86  7.75
 4180.25  8.02  6.55  8.06  5.73  6.55  5.59  5.90  3.32  2.50  3.12  4.99  7.92
 4181.25  8.11  6.61  8.16  5.78  6.60  5.64  5.96  3.36  2.53  3.16  5.03  7.97
 4182.25  8.09  6.58  8.16  5.75  6.55  5.61  5.94  3.35  2.51  3.13  4.99  7.90
 4183.25  8.08  6.55  8.20  5.73  6.51  5.59  5.92  3.34  2.50  3.12  4.96  7.85
 4184.25  8.07  6.53  8.26  5.71  6.47  5.57  5.91  3.34  2.49  3.10  4.94  7.81
 4185.25  8.21  6.64  8.49  5.81  6.57  5.66  6.02  3.41  2.54  3.16  5.02  7.91
 4186.25  7.98  6.45  8.35  5.63  6.36  5.49  5.85  3.31  2.45  3.06  4.86  7.67
 4187.25  7.88  6.37  8.34  5.56  6.27  5.41  5.78  3.27  2.41  3.01  4.79  7.56
 4188.25  8.29  6.74  8.87  5.88  6.61  5.73  6.13  3.49  2.58  3.21  5.07  7.94
 4189.25  8.48  6.91  9.17  6.04  6.77  5.87  6.30  3.60  2.65  3.30  5.20  8.11
 4190.25  8.29  6.75  9.08  5.90  6.60  5.73  6.16  3.51  2.58  3.21  5.07  7.92
 4191.25  8.21  6.69  9.09  5.84  6.53  5.67  6.11  3.48  2.55  3.18  5.01  7.83
 4192.25  8.24  6.73  9.22  5.87  6.54  5.69  6.15  3.51  2.57  3.19  5.03  7.84
 4193.25  8.07  6.59  9.14  5.74  6.40  5.56  6.03  3.44  2.50  3.12  4.91  7.67
 4194.25  8.11  6.63  9.28  5.77  6.42  5.59  6.07  3.47  2.52  3.13  4.94  7.69
 4195.25  8.29  6.79  9.58  5.92  6.56  5.73  6.23  3.57  2.59  3.22  5.06  7.84
 4196.25  8.44  6.94  9.85  6.05  6.69  5.85  6.38  3.67  2.66  3.30  5.16  7.98
 4197.25  8.60  7.08 10.12  6.18  6.82  5.97  6.52  3.77  2.72  3.38  5.27  8.12
 4198.25  8.67  7.15 10.30  6.24  6.87  6.03  6.60  3.82  2.76  3.41  5.32  8.17
 4199.25  8.80  7.28 10.56  6.36  6.98  6.13  6.73  3.91  2.82  3.49  5.42  8.29
 4200.25  8.59  7.10 10.42  6.19  6.79  5.97  6.57  3.80  2.73  3.38  5.26  8.07
 4201.25  8.28  6.84 10.18  5.96  6.52  5.73  6.33  3.65  2.61  3.24  5.05  7.76
 4202.25  8.26  6.83 10.24  5.94  6.49  5.71  6.32  3.65  2.60  3.22  5.03  7.72
 4203.25  8.57  7.11 10.70  6.19  6.75  5.95  6.60  3.83  2.73  3.38  5.25  8.00
 4204.25  8.65  7.20 10.90  6.27  6.82  6.02  6.69  3.89  2.77  3.42  5.31  8.07
 4205.25  8.58  7.14 10.92  6.22  6.75  5.97  6.64  3.87  2.74  3.39  5.25  7.99
 4206.25  8.38  6.97 10.78  6.06  6.57  5.81  6.49  3.77  2.66  3.29  5.11  7.78
 4207.25  8.09  6.73 10.55  5.84  6.33  5.59  6.27  3.63  2.55  3.16  4.91  7.50
 4208.25  7.85  6.52 10.35  5.65  6.11  5.40  6.07  3.52  2.46  3.04  4.74  7.25
 4209.25  7.80  6.49 10.39  5.62  6.07  5.37  6.04  3.51  2.44  3.03  4.70  7.19
 4210.25  8.09  6.76 10.83  5.86  6.30  5.59  6.29  3.68  2.56  3.16  4.89  7.45
 4211.25  8.30  6.96 11.18  6.03  6.47  5.75  6.48  3.81  2.65  3.27  5.04  7.64
 4212.25  8.25  6.93 11.21  5.99  6.42  5.71  6.45  3.79  2.63  3.24  5.00  7.57
 4213.25  8.13  6.84 11.17  5.91  6.32  5.62  6.36  3.74  2.58  3.19  4.91  7.45
 4214.25  8.05  6.79 11.17  5.85  6.25  5.56  6.31  3.72  2.56  3.16  4.86  7.36
 4215.25  8.06  6.82 11.29  5.87  6.26  5.58  6.33  3.74  2.57  3.17  4.86  7.37
 4216.25  8.17  6.94 11.55  5.98  6.36  5.68  6.45  3.83  2.62  3.23  4.95  7.47
 4217.25  8.06  6.88 11.54  5.91  6.27  5.61  6.39  3.79  2.59  3.19  4.88  7.37
 4218.25  8.01  6.86 11.65  5.89  6.24  5.58  6.37  3.79  2.57  3.18  4.85  7.32
 4219.25  8.05  6.93 11.89  5.94  6.28  5.63  6.43  3.84  2.60  3.21  4.89  7.37
 4220.25  8.05  6.96 12.10  5.96  6.30  5.65  6.46  3.87  2.61  3.22  4.90  7.38
 4221.25  7.98  6.93 12.21  5.92  6.26  5.61  6.43  3.85  2.60  3.20  4.86  7.31
 4222.25  7.79  6.79 12.17  5.78  6.12  5.48  6.29  3.77  2.53  3.12  4.74  7.14
 4223.25  7.87  6.89 12.47  5.85  6.21  5.55  6.38  3.84  2.57  3.17  4.80  7.22
 4224.25  8.15  7.18 13.04  6.10  6.48  5.79  6.66  4.03  2.70  3.32  5.01  7.49
 4225.25  8.35  7.40 13.50  6.27  6.67  5.96  6.86  4.17  2.80  3.43  5.16  7.68
 4226.25  8.20  7.30 13.51  6.17  6.57  5.86  6.76  4.11  2.75  3.37  5.06  7.55
 4227.25  8.47  7.58 14.06  6.40  6.82  6.09  7.02  4.31  2.88  3.52  5.27  7.82
 4228.25  8.77  7.90 14.66  6.67  7.11  6.35  7.32  4.52  3.04  3.70  5.50  8.12
 4229.25  8.28  7.47 14.21  6.27  6.70  5.97  6.91  4.24  2.84  3.46  5.15  7.67
 4230.25  7.88  7.13 13.87  5.96  6.38  5.67  6.59  4.03  2.68  3.27  4.88  7.31
 4231.25  7.74  7.03 13.87  5.86  6.29  5.57  6.49  3.98  2.64  3.21  4.79  7.19
 4232.25  7.68  7.02 13.99  5.83  6.27  5.54  6.47  3.97  2.64  3.20  4.76  7.16
 4233.25  7.84  7.19 14.41  5.97  6.42  5.68  6.64  4.09  2.72  3.29  4.88  7.32
 4234.25  8.12  7.49 14.99  6.22  6.69  5.91  6.92  4.29  2.86  3.45  5.09  7.61
 4235.25  8.07  7.49 15.14  6.20  6.68  5.90  6.91  4.29  2.86  3.45  5.07  7.59
 4236.25  7.91  7.37 15.11  6.08  6.57  5.78  6.80  4.22  2.81  3.38  4.96  7.45
 4237.25  7.96  7.45 15.38  6.14  6.64  5.84  6.87  4.28  2.85  3.42  5.01  7.52
 4238.25  7.85  7.38 15.41  6.06  6.56  5.76  6.80  4.24  2.82  3.38  4.94  7.43
 4239.25  7.77  7.34 15.49  6.00  6.52  5.71  6.76  4.22  2.80  3.35  4.89  7.37
 4240.25  7.90  7.50 15.88  6.13  6.66  5.83  6.91  4.33  2.88  3.44  5.00  7.52
 4241.25  7.98  7.61 16.19  6.21  6.76  5.91  7.01  4.41  2.93  3.50  5.07  7.61
 4242.25  7.84  7.49 16.18  6.11  6.66  5.82  6.92  4.35  2.89  3.44  4.98  7.50
 4243.25  7.91  7.57 16.48  6.19  6.75  5.89  7.01  4.43  2.94  3.50  5.04  7.58
 4244.25  7.92  7.60 16.69  6.21  6.78  5.91  7.05  4.46  2.96  3.52  5.06  7.61
 4245.25  7.63  7.32 16.44  5.98  6.54  5.69  6.81  4.30  2.85  3.38  4.86  7.34
 4246.25  7.46  7.16 16.36  5.84  6.41  5.56  6.67  4.22  2.78  3.30  4.74  7.19
 4247.25  7.40  7.10 16.43  5.79  6.36  5.51  6.63  4.19  2.77  3.27  4.69  7.13
 4248.25  7.44  7.14 16.67  5.83  6.42  5.55  6.69  4.24  2.80  3.31  4.72  7.18
 4249.25  7.57  7.26 17.03  5.94  6.54  5.65  6.82  4.34  2.87  3.38  4.81  7.31
 4250.25  7.59  7.29 17.24  5.97  6.58  5.67  6.86  4.38  2.89  3.40  4.83  7.33
 4251.25  7.62  7.32 17.45  5.99  6.62  5.70  6.91  4.42  2.92  3.43  4.85  7.37
 4252.25  7.49  7.19 17.36  5.89  6.51  5.60  6.80  4.36  2.87  3.37  4.76  7.25
 4253.25  7.29  7.00 17.09  5.72  6.35  5.44  6.63  4.25  2.79  3.27  4.62  7.06
 4254.25  7.29  7.00 17.80  5.73  6.36  5.45  6.64  4.28  2.80  3.28  4.62  7.07
 4255.25  7.46  7.16 19.81  5.87  6.52  5.58  6.80  4.41  2.89  3.38  4.74  7.23
 4256.25  7.46  7.16 20.68  5.88  6.54  5.59  6.82  4.43  2.91  3.39  4.74  7.24
 4257.25  7.31  7.01 20.38  5.76  6.42  5.47  6.68  4.35  2.85  3.32  4.64  7.10
 4258.25  7.30  7.01 20.19  5.77  6.43  5.48  6.69  4.38  2.86  3.32  4.64  7.10
 4259.25  7.32  7.03 20.04  5.79  6.46  5.49  6.72  4.41  2.88  3.34  4.65  7.13
 4260.25  7.46  7.16 20.07  5.91  6.59  5.61  6.86  4.53  2.96  3.43  4.75  7.26
 4261.25  7.79  7.48 20.41  6.20  6.91  5.88  7.18  4.78  3.13  3.62  4.98  7.59
 4262.25  7.89  7.58 20.38  6.30  7.01  5.97  7.28  4.88  3.19  3.68  5.06  7.70
 4263.25  7.67  7.37 19.84  6.12  6.82  5.79  7.08  4.75  3.10  3.57  4.91  7.49
 4264.25  7.56  7.26 19.47  6.03  6.73  5.71  6.99  4.70  3.06  3.52  4.84  7.39
 4265.25  7.57  7.28 19.30  6.05  6.75  5.72  7.02  4.73  3.08  3.54  4.86  7.41
 4266.25  7.52  7.22 19.01  6.01  6.71  5.68  6.97  4.72  3.07  3.52  4.82  7.36
 4267.25  7.32  7.03 18.49  5.86  6.54  5.53  6.80  4.60  2.98  3.42  4.69  7.17
 4268.25  7.18  6.90 18.06  5.75  6.42  5.42  6.68  4.53  2.93  3.35  4.60  7.04
 4269.25  7.24  6.95 17.95  5.80  6.48  5.47  6.74  4.60  2.97  3.39  4.65  7.11
 4270.25  7.40  7.11 18.00  5.95  6.64  5.61  6.91  4.73  3.06  3.49  4.78  7.27
 4271.25  7.66  7.36 18.21  6.19  6.90  5.83  7.17  4.95  3.21  3.65  4.98  7.54
 4272.25  7.99  7.68 18.48  6.48  7.21  6.12  7.49  5.21  3.39  3.85  5.22  7.87
 4273.25  7.91  7.61 18.15  6.42  7.15  6.07  7.42  5.18  3.36  3.81  5.17  7.80
 4274.25  7.60  7.31 17.48  6.17  6.88  5.84  7.15  4.99  3.22  3.65  4.96  7.50
 4275.25  7.65  7.36 17.33  6.21  6.93  5.89  7.20  5.05  3.26  3.68  5.00  7.55
 4276.25  7.54  7.25 16.92  6.12  6.83  5.81  7.09  4.98  3.21  3.63  4.92  7.44
 4277.25  7.25  6.98 16.24  5.88  6.56  5.59  6.83  4.79  3.07  3.47  4.72  7.16
 4278.25  7.19  6.92 15.91  5.83  6.51  5.56  6.77  4.77  3.05  3.44  4.68  7.10
 4279.25  7.21  6.94 15.71  5.85  6.54  5.59  6.80  4.81  3.07  3.46  4.70  7.12
 4280.25  7.36  7.08 15.69  5.98  6.68  5.72  6.94  4.93  3.15  3.55  4.81  7.26
 4281.25  7.55  7.26 15.74  6.14  6.86  5.89  7.13  5.09  3.26  3.66  4.95  7.45
 4282.25  7.51  7.23 15.44  6.12  6.83  5.87  7.10  5.09  3.25  3.64  4.93  7.42
 4283.25  7.46  7.18 15.11  6.08  6.78  5.85  7.05  5.07  3.23  3.62  4.90  7.37
 4284.25  7.49  7.21 14.91  6.11  6.82  5.89  7.09  5.12  3.26  3.64  4.93  7.40
 4285.25  7.35  7.08 14.45  5.99  6.69  5.79  6.96  5.04  3.20  3.57  4.83  7.27
 4286.25  7.37  7.09 14.23  6.01  6.72  5.82  6.98  5.07  3.22  3.58  4.85  7.29
 4287.25  7.53  7.25 14.24  6.16  6.87  5.97  7.14  5.21  3.31  3.68  4.97  7.45
 4288.25  7.47  7.19 14.04  6.11  6.82  5.93  7.09  5.19  3.29  3.65  4.93  7.39
 4289.25  7.46  7.18 13.99  6.10  6.81  5.93  7.08  5.20  3.29  3.64  4.93  7.38
 4290.25  7.69  7.40 14.28  6.30  7.03  6.14  7.31  5.40  3.42  3.78  5.10  7.60
 4291.25  7.70  7.41 14.28  6.32  7.05  6.17  7.32  5.43  3.44  3.79  5.11  7.62
 4292.25  7.39  7.11 13.81  6.05  6.76  5.91  7.03  5.21  3.28  3.62  4.89  7.31
 4293.25  7.23  6.95 13.55  5.92  6.61  5.79  6.88  5.11  3.21  3.53  4.78  7.15
 4294.25  7.21  6.94 13.51  5.91  6.60  5.80  6.87  5.12  3.21  3.53  4.77  7.14
 4295.25  7.31  7.03 13.63  6.00  6.70  5.89  6.97  5.21  3.27  3.58  4.84  7.23
 4296.25  7.23  6.95 13.48  5.94  6.62  5.84  6.89  5.17  3.23  3.54  4.79  7.15
 4297.25  7.19  6.91 13.39  5.91  6.59  5.81  6.85  5.16  3.22  3.52  4.76  7.11
 4298.25  7.33  7.05 13.59  6.04  6.73  5.95  7.00  5.29  3.31  3.61  4.87  7.26
 4299.25  7.69  7.41 14.08  6.36  7.08  6.28  7.36  5.60  3.51  3.82  5.14  7.62
 4300.25  8.01  7.71 14.49  6.65  7.38  6.57  7.68  5.88  3.70  4.02  5.39  7.94
 4301.25  8.15  7.85 14.65  6.78  7.51  6.70  7.82  6.02  3.78  4.10  5.49  8.07
 4302.25  8.21  7.91 14.71  6.85  7.57  6.78  7.90  6.10  3.83  4.15  5.55  8.14
 4303.25  8.20  7.90 14.67  6.84  7.55  6.78  7.90  6.11  3.84  4.14  5.55  8.13
 4304.25  8.11  7.81 14.52  6.77  7.46  6.71  7.81  6.06  3.79  4.09  5.48  8.04
 4305.25  7.95  7.66 14.28  6.64  7.32  6.59  7.67  5.96  3.71  4.00  5.37  7.88
 4306.25  7.89  7.60 14.17  6.59  7.25  6.55  7.62  5.94  3.69  3.97  5.32  7.82
 4307.25  7.69  7.41 13.86  6.42  7.06  6.39  7.43  5.79  3.59  3.85  5.17  7.62
 4308.25  7.56  7.29 13.65  6.31  6.94  6.29  7.31  5.71  3.52  3.78  5.08  7.49
 4309.25  7.59  7.34 13.67  6.35  6.96  6.33  7.35  5.76  3.55  3.80  5.11  7.52
 4310.25  7.59  7.36 13.65  6.36  6.96  6.35  7.36  5.79  3.56  3.81  5.11  7.53
 4311.25  7.62  7.39 13.66  6.39  6.99  6.38  7.40  5.84  3.58  3.83  5.14  7.55
 4312.25  7.58  7.37 13.57  6.36  6.95  6.36  7.37  5.83  3.57  3.81  5.11  7.51
 4313.25  7.51  7.31 13.44  6.30  6.87  6.31  7.30  5.79  3.54  3.77  5.06  7.44
 4314.25  7.36  7.17 13.20  6.18  6.73  6.21  7.17  5.69  3.47  3.69  4.95  7.29
 4315.25  7.13  6.96 12.84  5.98  6.51  6.04  6.94  5.52  3.35  3.55  4.78  7.06
 4316.25  7.10  6.95 12.78  5.96  6.49  6.05  6.93  5.52  3.34  3.54  4.77  7.03
 4317.25  6.96  6.82 12.54  5.85  6.35  5.96  6.80  5.43  3.27  3.47  4.67  6.89
 4318.25  6.89  6.76 12.41  5.79  6.28  5.93  6.73  5.39  3.24  3.43  4.61  6.82
 4319.25  7.02  6.91 12.58  5.92  6.40  6.09  6.87  5.53  3.32  3.51  4.71  6.96
 4320.25  7.16  7.06 12.75  6.04  6.53  6.25  7.02  5.66  3.41  3.59  4.81  7.09
 4321.25  7.12  7.02 12.65  6.01  6.48  6.24  6.98  5.65  3.39  3.57  4.77  7.05
 4322.25  7.20  7.11 12.74  6.09  6.56  6.35  7.07  5.74  3.45  3.62  4.83  7.13
 4323.25  7.46  7.39 13.08  6.33  6.80  6.63  7.34  5.99  3.60  3.78  5.02  7.39
 4324.25  8.08  8.01 13.88  6.88  7.38  7.24  7.95  6.54  3.97  4.15  5.48  8.00
 4325.25  8.24  8.19 14.07  7.04  7.53  7.44  8.13  6.71  4.08  4.26  5.60  8.16
 4326.25  7.94  7.91 13.64  6.78  7.25  7.20  7.84  6.48  3.92  4.08  5.37  7.87
 4327.25  7.73  7.71 13.31  6.59  7.04  7.04  7.63  6.31  3.80  3.95  5.20  7.65
 4328.25  7.59  7.58 13.09  6.47  6.91  6.94  7.50  6.22  3.74  3.87  5.10  7.51
 4329.25  7.48  7.49 12.91  6.39  6.80  6.88  7.41  6.15  3.69  3.81  5.01  7.41
 4330.25  7.37  7.39 12.72  6.29  6.70  6.81  7.30  6.07  3.64  3.75  4.93  7.29
 4331.25  7.30  7.32 12.58  6.24  6.62  6.78  7.24  6.03  3.61  3.71  4.87  7.22
 4332.25  7.32  7.36 12.58  6.27  6.64  6.84  7.27  6.08  3.64  3.73  4.88  7.24
 4333.25  7.35  7.41 12.59  6.31  6.67  6.91  7.31  6.13  3.68  3.75  4.91  7.28
 4334.25  7.37  7.44 12.58  6.34  6.69  6.97  7.34  6.17  3.70  3.76  4.92  7.29
 4335.25  7.42  7.50 12.61  6.40  6.72  7.05  7.39  6.23  3.74  3.79  4.95  7.34
 4336.25  7.38  7.47 12.52  6.37  6.69  7.05  7.36  6.22  3.73  3.77  4.91  7.30
 4337.25  7.29  7.39 12.35  6.30  6.59  6.99  7.27  6.16  3.69  3.72  4.84  7.20
 4338.25  7.51  7.61 12.60  6.50  6.78  7.23  7.49  6.37  3.83  3.84  4.99  7.41
 4339.25  7.76  7.87 12.91  6.75  7.02  7.52  7.75  6.62  3.99  4.00  5.17  7.66
 4340.25  7.93  8.04 13.09  6.91  7.17  7.72  7.92  6.79  4.11  4.10  5.29  7.82
 4341.25  8.00  8.10 13.13  6.98  7.22  7.82  7.99  6.87  4.16  4.14  5.33  7.88
 4342.25  7.92  8.01 12.98  6.91  7.13  7.77  7.92  6.82  4.13  4.09  5.27  7.80
 4343.25  7.74  7.83 12.70  6.76  6.96  7.63  7.76  6.68  4.03  3.98  5.12  7.61
 4344.25  7.52  7.60 12.36  6.57  6.74  7.45  7.56  6.50  3.91  3.85  4.96  7.39
 4345.25  7.42  7.49 12.18  6.49  6.64  7.38  7.49  6.43  3.86  3.79  4.87  7.28
 4346.25  7.32  7.39 12.00  6.41  6.54  7.31  7.42  6.36  3.81  3.73  4.80  7.18
 4347.25  7.26  7.32 11.88  6.36  6.47  7.28  7.39  6.33  3.79  3.70  4.75  7.12
 4348.25  7.28  7.34 11.87  6.39  6.49  7.34  7.44  6.37  3.81  3.71  4.76  7.14
 4349.25  7.19  7.25 11.70  6.32  6.40  7.28  7.38  6.31  3.77  3.66  4.69  7.04
 4350.25  7.00  7.05 11.40  6.15  6.21  7.12  7.21  6.15  3.67  3.55  4.54  6.85
 4351.25  7.21  7.25 11.64  6.35  6.39  7.36  7.44  6.36  3.80  3.67  4.68  7.04
 4352.25  7.63  7.67 12.16  6.74  6.77  7.82  7.90  6.76  4.07  3.92  4.98  7.45
 4353.25  7.69  7.73 12.20  6.81  6.81  7.92  7.99  6.84  4.12  3.96  5.01  7.51
 4354.25  7.51  7.55 11.92  6.65  6.64  7.76  7.84  6.70  4.02  3.85  4.88  7.32
 4355.25  7.48  7.51 11.83  6.63  6.60  7.76  7.83  6.69  4.01  3.83  4.84  7.29
 4356.25  7.46  7.49 11.76  6.62  6.57  7.77  7.84  6.69  4.01  3.82  4.82  7.26
 4357.25  7.38  7.40 11.60  6.55  6.48  7.72  7.78  6.63  3.97  3.77  4.76  7.17
 4358.25  7.27  7.28 11.40  6.46  6.37  7.64  7.69  6.55  3.91  3.70  4.67  7.06
 4359.25  7.33  7.34 11.42  6.52  6.41  7.73  7.78  6.62  3.96  3.74  4.70  7.11
 4360.25  7.58  7.59 11.70  6.76  6.63  8.03  8.07  6.88  4.13  3.89  4.88  7.35
 4361.25  7.48  7.48 11.51  6.67  6.53  7.96  7.99  6.80  4.07  3.82  4.79  7.24
 4362.25  7.14  7.13 11.00  6.36  6.21  7.63  7.65  6.50  3.87  3.62  4.54  6.90
 4363.25  7.08  7.07 10.87  6.32  6.15  7.60  7.62  6.47  3.85  3.59  4.50  6.84
 4364.25  7.32  7.30 11.12  6.55  6.35  7.89  7.90  6.71  4.01  3.73  4.66  7.06
 4365.25  7.39  7.37 11.16  6.62  6.41  8.00  8.00  6.80  4.06  3.77  4.70  7.13
 4366.25  7.31  7.28 10.99  6.55  6.32  7.94  7.94  6.74  4.02  3.72  4.63  7.04
 4367.25  7.37  7.34 11.01  6.62  6.36  8.04  8.03  6.81  4.07  3.76  4.67  7.09
 4368.25  7.34  7.30 10.92  6.60  6.33  8.04  8.02  6.80  4.06  3.74  4.64  7.06
 4369.25  7.02  6.98 10.44  6.31  6.03  7.73  7.71  6.52  3.87  3.55  4.41  6.74
 4370.25  7.11  7.07 10.50  6.41  6.10  7.85  7.83  6.62  3.94  3.60  4.46  6.82
 4371.25  7.46  7.40 10.88  6.75  6.39  8.25  8.22  6.97  4.17  3.80  4.69  7.15
 4372.25  7.49  7.43 10.86  6.79  6.41  8.32  8.28  7.01  4.20  3.82  4.71  7.17
 4373.25  7.35  7.29 10.63  6.68  6.28  8.20  8.16  6.90  4.12  3.74  4.61  7.03
 4374.25  7.38  7.31 10.60  6.72  6.29  8.26  8.21  6.95  4.15  3.75  4.63  7.05
 4375.25  7.56  7.49 10.77  6.90  6.44  8.49  8.44  7.14  4.28  3.86  4.75  7.22
 4376.25  7.61  7.53 10.77  6.96  6.47  8.58  8.51  7.21  4.32  3.89  4.79  7.26
 4377.25  7.34  7.26 10.36  6.72  6.22  8.31  8.25  6.96  4.16  3.73  4.60  6.99
 4378.25  7.03  6.95  9.91  6.45  5.94  8.01  7.94  6.68  3.97  3.55  4.38  6.68
 4379.25  6.99  6.90  9.80  6.42  5.89  7.99  7.91  6.66  3.95  3.52  4.35  6.63
 4380.25  7.00  6.90  9.75  6.44  5.89  8.03  7.95  6.68  3.97  3.53  4.36  6.63
 4381.25  7.12  7.01  9.83  6.57  5.98  8.19  8.10  6.81  4.06  3.59  4.44  6.74
 4382.25  7.25  7.14  9.93  6.70  6.10  8.36  8.26  6.96  4.15  3.67  4.52  6.85
 4383.25  7.33  7.21  9.97  6.80  6.16  8.48  8.38  7.06  4.22  3.71  4.58  6.93
 4384.25  7.67  7.55 10.33  7.14  6.47  8.89  8.78  7.41  4.46  3.92  4.82  7.25
 4385.25  7.95  7.82 10.60  7.42  6.71  9.23  9.11  7.70  4.66  4.08  5.02  7.51
 4386.25  7.76  7.63 10.30  7.25  6.53  9.05  8.93  7.53  4.54  3.97  4.88  7.32
 4387.25  7.48  7.34  9.90  7.00  6.28  8.77  8.64  7.27  4.36  3.80  4.68  7.04
 4388.25  7.48  7.34  9.84  7.02  6.28  8.81  8.65  7.30  4.38  3.80  4.68  7.04
 4389.25  7.66  7.52 10.00  7.20  6.44  9.04  8.86  7.49  4.51  3.91  4.81  7.20
 4390.25  7.66  7.51  9.93  7.22  6.43  9.07  8.86  7.51  4.52  3.91  4.81  7.19
 4391.25  7.61  7.45  9.80  7.18  6.38  9.04  8.80  7.47  4.50  3.88  4.77  7.13
 4392.25  7.52  7.36  9.64  7.11  6.30  8.97  8.70  7.40  4.45  3.83  4.70  7.04
 4393.25  7.39  7.22  9.44  6.99  6.18  8.85  8.56  7.29  4.37  3.75  4.61  6.90
 4394.25  7.21  7.05  9.21  6.84  6.03  8.68  8.37  7.13  4.27  3.65  4.49  6.73
 4395.25  7.22  7.05  9.19  6.86  6.03  8.72  8.37  7.15  4.28  3.65  4.49  6.73
 4396.25  7.32  7.14  9.29  6.97  6.11  8.86  8.49  7.26  4.36  3.71  4.56  6.82
 4397.25  7.29  7.10  9.22  6.95  6.08  8.85  8.45  7.24  4.35  3.69  4.53  6.78
 4398.25  7.24  7.04  9.13  6.92  6.03  8.81  8.39  7.20  4.32  3.66  4.50  6.72
 4399.25  7.32  7.12  9.20  7.01  6.09  8.90  8.48  7.29  4.39  3.70  4.55  6.78
 4400.25  7.35  7.14  9.21  7.05  6.12  8.91  8.51  7.33  4.42  3.72  4.57  6.80
 4401.25  7.43  7.21  9.28  7.14  6.18  8.97  8.60  7.42  4.48  3.77  4.62  6.86
 4402.25  7.43  7.20  9.25  7.15  6.17  8.94  8.60  7.42  4.49  3.76  4.62  6.85
 4403.25  7.16  6.93  8.91  6.90  5.93  8.60  8.30  7.17  4.32  3.61  4.43  6.58
 4404.25  7.08  6.85  8.79  6.83  5.86  8.48  8.21  7.10  4.28  3.56  4.37  6.49
 4405.25  7.26  7.02  8.96  7.01  6.00  8.64  8.40  7.28  4.40  3.66  4.49  6.64
 4406.25  7.19  6.95  8.86  6.96  5.94  8.53  8.32  7.22  4.37  3.62  4.44  6.56
 4407.25  6.90  6.67  8.50  6.68  5.69  8.17  8.00  6.94  4.18  3.45  4.24  6.28
 4408.25  6.98  6.75  8.56  6.76  5.75  8.22  8.09  7.03  4.24  3.50  4.29  6.34
 4409.25  6.98  6.74  8.53  6.77  5.74  8.19  8.08  7.03  4.25  3.49  4.29  6.33
 4410.25  6.83  6.60  8.34  6.63  5.61  7.99  7.92  6.89  4.16  3.41  4.19  6.18
 4411.25  7.02  6.78  8.52  6.81  5.76  8.17  8.12  7.09  4.30  3.51  4.31  6.34
 4412.25  6.94  6.70  8.40  6.74  5.69  8.05  8.03  7.02  4.25  3.47  4.25  6.25
 4413.25  6.63  6.40  8.02  6.44  5.42  7.67  7.69  6.71  4.05  3.29  4.04  5.95
 4414.25  6.77  6.53  8.16  6.58  5.54  7.80  7.84  6.86  4.16  3.37  4.13  6.07
 4415.25  7.03  6.78  8.43  6.84  5.75  8.05  8.13  7.13  4.34  3.51  4.30  6.29
 4416.25  7.04  6.80  8.42  6.86  5.76  8.03  8.15  7.16  4.36  3.52  4.31  6.30
 4417.25  6.83  6.59  8.15  6.65  5.57  7.77  7.91  6.95  4.22  3.40  4.17  6.09
 4418.25  7.02  6.77  8.34  6.85  5.73  7.94  8.12  7.15  4.36  3.51  4.29  6.25
 4419.25  7.24  6.99  8.57  7.07  5.92  8.16  8.37  7.39  4.53  3.63  4.44  6.44
 4420.25  7.16  6.91  8.44  6.99  5.84  8.03  8.27  7.31  4.48  3.58  4.38  6.35
 4421.25  6.97  6.72  8.20  6.81  5.68  7.79  8.06  7.13  4.36  3.47  4.25  6.16
 4422.25  7.01  6.76  8.23  6.86  5.72  7.81  8.11  7.18  4.40  3.50  4.28  6.19
 4423.25  7.23  6.98  8.44  7.08  5.91  8.01  8.35  7.41  4.56  3.62  4.42  6.38
 4424.25  7.34  7.08  8.53  7.18  6.00  8.09  8.46  7.53  4.64  3.68  4.49  6.46
 4425.25  7.26  7.00  8.42  7.11  5.94  7.97  8.38  7.46  4.60  3.63  4.44  6.38
 4426.25  7.03  6.77  8.13  6.88  5.74  7.69  8.11  7.23  4.44  3.50  4.27  6.15
 4427.25  6.93  6.68  8.00  6.79  5.66  7.55  8.00  7.14  4.39  3.44  4.21  6.05
 4428.25  6.96  6.69  7.99  6.82  5.68  7.54  8.02  7.17  4.41  3.45  4.22  6.05
 4429.25  7.05  6.78  8.06  6.91  5.76  7.60  8.12  7.26  4.48  3.50  4.28  6.12
 4430.25  7.26  6.98  8.27  7.12  5.94  7.79  8.36  7.49  4.64  3.62  4.42  6.30
 4431.25  7.52  7.23  8.53  7.38  6.16  8.03  8.64  7.76  4.84  3.77  4.60  6.51
 4432.25  7.36  7.07  8.32  7.22  6.03  7.82  8.45  7.60  4.73  3.67  4.49  6.35
 4433.25  7.16  6.87  8.07  7.02  5.85  7.57  8.22  7.40  4.60  3.55  4.35  6.16
 4434.25  7.27  6.97  8.16  7.14  5.95  7.65  8.33  7.52  4.69  3.61  4.42  6.24
 4435.25  7.45  7.15  8.33  7.32  6.10  7.80  8.52  7.71  4.83  3.71  4.54  6.39
 4436.25  7.53  7.22  8.39  7.40  6.17  7.85  8.60  7.80  4.89  3.76  4.60  6.44
 4437.25  7.37  7.06  8.18  7.24  6.03  7.64  8.40  7.64  4.78  3.67  4.48  6.28
 4438.25  7.20  6.90  7.98  7.08  5.89  7.44  8.21  7.48  4.68  3.58  4.37  6.12
 4439.25  7.07  6.77  7.80  6.95  5.78  7.27  8.05  7.35  4.59  3.51  4.28  5.99
 4440.25  7.05  6.75  7.76  6.94  5.77  7.22  8.02  7.34  4.59  3.51  4.27  5.96
 4441.25  7.22  6.91  7.91  7.10  5.91  7.36  8.20  7.51  4.72  3.61  4.38  6.09
 4442.25  7.43  7.11  8.10  7.31  6.09  7.55  8.42  7.73  4.88  3.73  4.52  6.26
 4443.25  7.47  7.15  8.11  7.36  6.12  7.57  8.45  7.77  4.92  3.76  4.55  6.28
 4444.25  7.52  7.20  8.14  7.43  6.17  7.61  8.50  7.83  4.97  3.80  4.58  6.31
 4445.25  7.51  7.19  8.10  7.44  6.17  7.58  8.47  7.82  4.97  3.80  4.58  6.29
 4446.25  7.20  6.88  7.74  7.15  5.89  7.24  8.12  7.50  4.75  3.62  4.36  6.00
 4447.25  6.99  6.69  7.50  6.98  5.72  7.02  7.89  7.29  4.62  3.51  4.23  5.81
 4448.25  7.12  6.81  7.60  7.13  5.83  7.14  8.02  7.42  4.72  3.59  4.31  5.90
 4449.25  7.23  6.91  7.69  7.26  5.93  7.23  8.12  7.53  4.81  3.66  4.38  5.98
 4450.25  7.27  6.95  7.70  7.32  5.96  7.25  8.15  7.57  4.85  3.68  4.41  6.00
 4451.25  7.29  6.97  7.69  7.37  5.98  7.25  8.17  7.60  4.87  3.70  4.42  6.01
 4452.25  7.30  6.98  7.68  7.41  5.99  7.25  8.17  7.62  4.89  3.71  4.43  6.00
 4453.25  7.47  7.14  7.82  7.61  6.14  7.40  8.35  7.79  5.03  3.82  4.55  6.14
 4454.25  7.62  7.28  7.94  7.78  6.27  7.53  8.49  7.94  5.14  3.91  4.64  6.24
 4455.25  7.66  7.32  7.95  7.85  6.30  7.55  8.52  7.98  5.18  3.94  4.67  6.26
 4456.25  7.71  7.37  7.98  7.94  6.35  7.59  8.57  8.04  5.24  3.98  4.71  6.30
 4457.25  7.70  7.36  7.94  7.95  6.34  7.56  8.55  8.03  5.24  3.98  4.70  6.28
 4458.25  7.70  7.37  7.92  7.99  6.35  7.55  8.55  8.04  5.26  3.99  4.70  6.28
 4459.25  7.72  7.38  7.90  8.03  6.37  7.55  8.56  8.06  5.28  4.00  4.72  6.29
 4460.25  7.76  7.42  7.92  8.10  6.41  7.58  8.59  8.11  5.32  4.04  4.75  6.33
 4461.25  7.65  7.32  7.78  8.01  6.31  7.45  8.46  8.00  5.25  3.98  4.67  6.23
 4462.25  7.41  7.08  7.51  7.79  6.10  7.20  8.19  7.75  5.08  3.84  4.50  6.01
 4463.25  7.48  7.16  7.57  7.90  6.16  7.26  8.27  7.83  5.15  3.89  4.56  6.07
 4464.25  7.54  7.21  7.61  7.98  6.21  7.30  8.32  7.89  5.20  3.93  4.60  6.12
 4465.25  7.65  7.32  7.71  8.13  6.30  7.39  8.43  8.01  5.30  4.00  4.67  6.21
 4466.25  7.83  7.49  7.87  8.34  6.46  7.55  8.61  8.20  5.45  4.12  4.80  6.36
 4467.25  7.89  7.55  7.91  8.43  6.50  7.59  8.66  8.26  5.50  4.16  4.84  6.40
 4468.25  7.85  7.51  7.86  8.42  6.47  7.54  8.62  8.22  5.48  4.14  4.81  6.37
 4469.25  7.72  7.39  7.72  8.31  6.36  7.39  8.47  8.09  5.40  4.07  4.72  6.25
 4470.25  7.84  7.52  7.82  8.46  6.46  7.49  8.58  8.22  5.50  4.15  4.80  6.35
 4471.25  7.94  7.64  7.91  8.60  6.55  7.58  8.69  8.33  5.59  4.22  4.88  6.43
 4472.25  7.79  7.50  7.74  8.47  6.41  7.42  8.52  8.18  5.49  4.13  4.77  6.30
 4473.25  7.65  7.38  7.59  8.35  6.29  7.27  8.36  8.04  5.39  4.06  4.68  6.18
 4474.25  7.56  7.31  7.49  8.29  6.21  7.17  8.26  7.95  5.34  4.01  4.62  6.10
 4475.25  7.41  7.18  7.33  8.15  6.08  7.01  8.09  7.79  5.23  3.92  4.52  5.97
 4476.25  7.44  7.22  7.35  8.21  6.11  7.02  8.12  7.83  5.27  3.95  4.54  5.99
 4477.25  7.63  7.42  7.52  8.44  6.27  7.18  8.30  8.03  5.43  4.07  4.67  6.14
 4478.25  7.62  7.42  7.49  8.46  6.26  7.16  8.28  8.02  5.44  4.07  4.66  6.13
 4479.25  7.59  7.40  7.45  8.45  6.23  7.11  8.24  7.99  5.43  4.06  4.64  6.10
 4480.25  7.65  7.48  7.49  8.55  6.28  7.16  8.29  8.06  5.49  4.10  4.68  6.15
 4481.25  7.81  7.65  7.63  8.76  6.42  7.29  8.45  8.22  5.63  4.20  4.79  6.28
 4482.25  7.89  7.74  7.70  8.93  6.49  7.36  8.52  8.32  5.71  4.26  4.85  6.35
 4483.25  7.85  7.71  7.65  8.97  6.45  7.30  8.47  8.27  5.69  4.24  4.82  6.30
 4484.25  7.67  7.55  7.45  8.86  6.29  7.12  8.26  8.09  5.56  4.14  4.69  6.14
 4485.25  7.53  7.43  7.31  8.80  6.17  6.99  8.11  7.95  5.47  4.06  4.60  6.03
 4486.25  7.53  7.43  7.28  8.88  6.16  6.98  8.08  7.94  5.48  4.06  4.59  6.02
 4487.25  7.56  7.48  7.30  9.01  6.19  7.01  8.11  7.98  5.52  4.09  4.61  6.04
 4488.25  7.62  7.54  7.34  9.16  6.23  7.06  8.15  8.04  5.58  4.13  4.64  6.08
 4489.25  7.79  7.72  7.49  9.44  6.38  7.22  8.31  8.21  5.72  4.24  4.76  6.22
 4490.25  7.83  7.78  7.51  9.58  6.41  7.25  8.34  8.25  5.77  4.27  4.78  6.25
 4491.25  7.73  7.69  7.40  9.55  6.32  7.16  8.23  8.14  5.71  4.21  4.71  6.16
 4492.25  7.66  7.64  7.32  9.56  6.26  7.09  8.14  8.06  5.66  4.17  4.66  6.10
 4493.25  7.65  7.64  7.29  9.63  6.25  7.08  8.12  8.04  5.67  4.17  4.65  6.08
 4494.25  7.67  7.66  7.29  9.74  6.26  7.09  8.12  8.05  5.70  4.18  4.66  6.09
 4495.25  7.89  7.89  7.49 10.08  6.44  7.29  8.33  8.26  5.88  4.32  4.80  6.27
 4496.25  7.87  7.88  7.45 10.14  6.42  7.27  8.30  8.23  5.88  4.31  4.78  6.24
 4497.25  7.68  7.71  7.26 10.01  6.26  7.09  8.09  8.04  5.75  4.20  4.66  6.08
 4498.25  7.67  7.71  7.24 10.08  6.25  7.08  8.07  8.02  5.75  4.20  4.65  6.07
 4499.25  7.63  7.68  7.20 10.11  6.21  7.03  8.01  7.96  5.73  4.17  4.61  6.02
 4500.25  7.63  7.69  7.20 10.20  6.20  7.03  7.99  7.95  5.74  4.17  4.61  6.02
 4501.25  7.65  7.72  7.22 10.31  6.21  7.05  8.00  7.97  5.77  4.19  4.62  6.03
 4502.25  7.78  7.87  7.34 10.55  6.31  7.17  8.12  8.09  5.89  4.28  4.70  6.13
 4503.25  7.82  7.93  7.37 10.68  6.33  7.20  8.14  8.12  5.93  4.30  4.73  6.16
 4504.25  7.59  7.72  7.16 10.48  6.13  6.98  7.90  7.88  5.76  4.17  4.57  5.97
 4505.25  7.51  7.65  7.08 10.46  6.05  6.91  7.80  7.79  5.71  4.12  4.51  5.89
 4506.25  7.54  7.70  7.10 10.58  6.06  6.93  7.82  7.81  5.74  4.14  4.53  5.91
 4507.25  7.44  7.62  7.00 10.53  5.96  6.83  7.70  7.70  5.68  4.08  4.46  5.82
 4508.25  7.48  7.68  7.04 10.66  5.99  6.87  7.73  7.73  5.72  4.11  4.48  5.85
 4509.25  7.69  7.91  7.24 11.02  6.15  7.06  7.93  7.94  5.91  4.25  4.62  6.02
 4510.25  7.82  8.06  7.36 11.26  6.25  7.18  8.05  8.06  6.02  4.33  4.70  6.12
 4511.25  7.79  8.04  7.33 11.30  6.21  7.15  8.00  8.02  6.01  4.31  4.68  6.09
 4512.25  7.80  8.07  7.33 11.39  6.21  7.15  7.99  8.02  6.03  4.32  4.68  6.09
 4513.25  7.91  8.20  7.44 11.61  6.29  7.25  8.09  8.12  6.13  4.39  4.75  6.17
 4514.25  7.92  8.23  7.45 11.71  6.29  7.26  8.09  8.13  6.16  4.40  4.76  6.18
 4515.25  7.94  8.26  7.46 11.81  6.29  7.27  8.09  8.13  6.18  4.41  4.76  6.17
 4516.25  7.96  8.30  7.48 11.91  6.29  7.28  8.09  8.14  6.21  4.43  4.77  6.17
 4517.25  7.99  8.33  7.49 12.01  6.29  7.29  8.09  8.15  6.23  4.44  4.77  6.17
 4518.25  8.01  8.36  7.50 12.11  6.29  7.30  8.09  8.15  6.25  4.45  4.78  6.17
 4519.25  8.07  8.43  7.55 12.31  6.32  7.34  8.13  8.20  6.31  4.49  4.81  6.20
 4520.25  8.09  8.47  7.56 12.48  6.32  7.36  8.13  8.20  6.34  4.50  4.82  6.20
 4521.25  8.07  8.45  7.53 12.60  6.29  7.32  8.08  8.16  6.32  4.49  4.79  6.16
 4522.25  7.96  8.34  7.41 12.60  6.17  7.21  7.95  8.03  6.23  4.41  4.71  6.04
 4523.25  7.93  8.32  7.37 12.70  6.13  7.17  7.91  7.98  6.21  4.39  4.68  6.00
 4524.25  7.96  8.36  7.39 12.89  6.14  7.18  7.93  8.00  6.24  4.41  4.69  6.00
 4525.25  7.98  8.39  7.40 13.06  6.13  7.19  7.95  8.00  6.27  4.42  4.69  6.00
 4526.25  8.14  8.57  7.54 13.42  6.25  7.33  8.11  8.14  6.41  4.52  4.79  6.11
 4527.25  8.17  8.61  7.56 13.61  6.26  7.34  8.14  8.16  6.45  4.54  4.80  6.11
 4528.25  8.09  8.53  7.48 13.64  6.17  7.25  8.05  8.06  6.38  4.48  4.74  6.03
 4529.25  8.15  8.61  7.52 13.87  6.20  7.29  8.10  8.10  6.44  4.52  4.77  6.05
 4530.25  8.29  8.76  7.64 14.19  6.29  7.40  8.23  8.21  6.56  4.60  4.85  6.14
 4531.25  8.23  8.71  7.58 14.26  6.23  7.33  8.17  8.14  6.53  4.56  4.80  6.08
 4532.25  8.17  8.65  7.51 14.30  6.15  7.25  8.10  8.06  6.48  4.52  4.75  6.00
 4533.25  7.99  8.47  7.33 14.18  5.99  7.07  7.92  7.86  6.33  4.40  4.62  5.84
 4534.25  7.96  8.44  7.31 14.28  5.95  7.03  7.89  7.82  6.32  4.38  4.59  5.80
 4535.25  8.07  8.53  7.40 14.57  6.02  7.11  7.99  7.91  6.42  4.45  4.65  5.86
 4536.25  8.18  8.62  7.50 14.85  6.08  7.19  8.09  7.99  6.51  4.51  4.71  5.92
 4537.25  8.11  8.53  7.43 14.88  6.01  7.11  8.02  7.91  6.47  4.47  4.66  5.85
 4538.25  8.02  8.42  7.34 14.88  5.92  7.01  7.92  7.81  6.40  4.41  4.59  5.76
 4539.25  7.99  8.36  7.31 14.96  5.88  6.97  7.88  7.77  6.38  4.38  4.56  5.71
 4540.25  8.01  8.36  7.32 15.12  5.87  6.97  7.90  7.77  6.40  4.39  4.56  5.71
 4541.25  8.11  8.44  7.41 15.39  5.93  7.04  7.99  7.85  6.49  4.45  4.61  5.76
 4542.25  8.14  8.46  7.44 15.57  5.95  7.05  8.02  7.88  6.52  4.47  4.63  5.77
 4543.25  7.95  8.24  7.26 15.41  5.78  6.87  7.82  7.68  6.37  4.36  4.50  5.60
 4544.25  7.91  8.18  7.21 15.47  5.74  6.81  7.78  7.62  6.34  4.34  4.46  5.55
 4545.25  8.07  8.31  7.35 15.82  5.84  6.93  7.92  7.76  6.48  4.43  4.54  5.64
 4546.25  8.25  8.47  7.50 16.21  5.96  7.07  8.08  7.91  6.63  4.54  4.64  5.75
 4547.25  8.31  8.49  7.54 16.40  5.97  7.09  8.12  7.94  6.67  4.57  4.66  5.76
 4548.25  8.27  8.41  7.48 16.42  5.91  7.01  8.05  7.86  6.62  4.54  4.61  5.69
 4549.25  8.42  8.53  7.60 16.75  6.00  7.12  8.18  7.98  6.75  4.63  4.68  5.78
 4550.25  8.72  8.78  7.85 17.28  6.20  7.35  8.44  8.23  6.99  4.80  4.85  5.96
 4551.25  8.66  8.69  7.78 17.30  6.13  7.27  8.37  8.15  6.93  4.76  4.79  5.89
 4552.25  8.46  8.45  7.58 17.10  5.95  7.06  8.15  7.93  6.76  4.63  4.64  5.71
 4553.25  8.59  8.54  7.68 17.39  6.02  7.14  8.25  8.02  6.86  4.70  4.70  5.77
 4554.25  8.63  8.55  7.70 17.54  6.02  7.14  8.27  8.03  6.88  4.72  4.71  5.76
 4555.25  8.59  8.47  7.64 17.56  5.96  7.08  8.21  7.97  6.84  4.69  4.66  5.70
 4556.25  8.73  8.57  7.75 17.78  6.04  7.16  8.32  8.07  6.95  4.77  4.73  5.77
 4557.25  8.91  8.70  7.89 18.06  6.14  7.28  8.47  8.20  7.09  4.87  4.82  5.86
 4558.25  8.77  8.53  7.74 18.94  6.01  7.14  8.32  8.05  6.97  4.78  4.71  5.73
 4559.25  8.63  8.36  7.60 21.01  5.88  6.99  8.16  7.89  6.84  4.68  4.60  5.60
 4560.25  8.61  8.30  7.56 21.90  5.84  6.94  8.12  7.84  6.82  4.66  4.57  5.55
 4561.25  8.68  8.33  7.60 21.88  5.86  6.96  8.16  7.87  6.87  4.70  4.59  5.57
 4562.25  8.75  8.36  7.64 21.73  5.88  6.99  8.20  7.91  6.91  4.73  4.61  5.58
 4563.25  8.75  8.33  7.62 21.47  5.86  6.96  8.19  7.88  6.91  4.73  4.59  5.55
 4564.25  8.84  8.37  7.68 21.34  5.90  7.00  8.25  7.93  6.97  4.77  4.62  5.58
 4565.25  9.03  8.52  7.84 21.38  6.01  7.13  8.41  8.08  7.13  4.88  4.72  5.68
 4566.25  9.13  8.58  7.91 21.27  6.06  7.19  8.48  8.15  7.20  4.94  4.76  5.72
 4567.25  9.13  8.53  7.89 21.00  6.03  7.16  8.47  8.12  7.20  4.93  4.74  5.69
 4568.25  9.07  8.42  7.80 20.63  5.96  7.08  8.41  8.03  7.14  4.89  4.68  5.62
 4569.25  9.04  8.33  7.73 20.31  5.91  7.02  8.38  7.98  7.10  4.86  4.64  5.56
 4570.25  9.13  8.37  7.77 20.18  5.95  7.06  8.48  8.03  7.18  4.91  4.68  5.60
 4571.25  9.20  8.37  7.79 20.01  5.97  7.08  8.55  8.07  7.22  4.94  4.70  5.61
 4572.25  9.33  8.44  7.87 19.93  6.04  7.15  8.69  8.16  7.32  5.02  4.76  5.68
 4573.25  9.47  8.51  7.95 19.85  6.11  7.23  8.82  8.25  7.43  5.09  4.82  5.75
 4574.25  9.34  8.34  7.79 19.38  5.99  7.08  8.71  8.11  7.31  5.00  4.72  5.63
 4575.25  9.33  8.26  7.73 19.07  5.95  7.03  8.70  8.06  7.29  4.98  4.69  5.60
 4576.25  9.48  8.32  7.80 18.96  6.01  7.09  8.82  8.14  7.38  5.05  4.74  5.65
 4577.25  9.53  8.28  7.77 18.70  5.99  7.07  8.84  8.13  7.39  5.05  4.73  5.64
 4578.25  9.52  8.19  7.70 18.36  5.94  7.01  8.82  8.07  7.35  5.02  4.69  5.59
 4579.25  9.64  8.21  7.73 18.20  5.97  7.04  8.90  8.11  7.41  5.07  4.71  5.63
 4580.25  9.77  8.25  7.78 18.06  6.02  7.09  9.01  8.18  7.49  5.12  4.75  5.68
 4581.25  9.90  8.29  7.82 17.90  6.07  7.13  9.11  8.23  7.57  5.18  4.79  5.72
 4582.25 10.07  8.35  7.90 17.79  6.14  7.20  9.24  8.32  7.67  5.25  4.85  5.78
 4583.25 10.08  8.28  7.84 17.47  6.10  7.15  9.23  8.28  7.65  5.23  4.82  5.75
 4584.25 10.05  8.17  7.75 17.09  6.04  7.06  9.19  8.21  7.59  5.19  4.76  5.68
 4585.25 10.15  8.17  7.76 16.88  6.06  7.08  9.25  8.27  7.64  5.22  4.78  5.70
 4586.25 10.09  8.05  7.65 16.47  5.98  6.98  9.18  8.19  7.56  5.16  4.71  5.63
 4587.25 10.17  8.03  7.65 16.23  5.98  6.98  9.23  8.23  7.59  5.18  4.71  5.63
 4588.25 10.29  8.05  7.68 16.05  6.02  7.01  9.32  8.30  7.65  5.22  4.75  5.67
 4589.25 10.34  8.02  7.66 15.77  6.02  6.99  9.35  8.32  7.67  5.23  4.74  5.66
 4590.25 10.24  7.85  7.51 15.30  5.90  6.86  9.23  8.20  7.55  5.14  4.64  5.55
 4591.25 10.32  7.85  7.52 15.07  5.92  6.87  9.29  8.25  7.59  5.17  4.66  5.56
 4592.25 10.55  7.95  7.64 15.00  6.03  6.98  9.48  8.41  7.74  5.27  4.74  5.66
 4593.25 10.73  8.03  7.72 14.90  6.11  7.05  9.63  8.54  7.85  5.36  4.81  5.74
 4594.25 10.72  7.94  7.65 14.66  6.06  6.99  9.60  8.51  7.82  5.33  4.77  5.69
 4595.25 10.71  7.86  7.58 14.51  6.01  6.93  9.57  8.47  7.78  5.30  4.73  5.64
 4596.25 10.94  7.97  7.70 14.67  6.12  7.04  9.77  8.64  7.93  5.41  4.82  5.75
 4597.25 11.11  8.02  7.77 14.76  6.19  7.11  9.90  8.76  8.03  5.49  4.88  5.81
 4598.25 11.07  7.91  7.67 14.60  6.12  7.02  9.84  8.70  7.97  5.44  4.82  5.74
 4599.25 11.15  7.91  7.67 14.59  6.13  7.03  9.90  8.74  8.01  5.47  4.83  5.76
 4600.25 11.21  7.89  7.66 14.55  6.13  7.01  9.93  8.76  8.02  5.48  4.83  5.75
 4601.25 11.37  7.96  7.72 14.63  6.20  7.07 10.06  8.87  8.12  5.55  4.88  5.81
 4602.25 11.46  7.97  7.73 14.63  6.21  7.09 10.12  8.92  8.16  5.58  4.90  5.83
 4603.25 11.40  7.85  7.62 14.45  6.13  6.98 10.04  8.84  8.08  5.52  4.83  5.75
 4604.25 11.31  7.72  7.50 14.24  6.03  6.86  9.94  8.74  7.98  5.44  4.75  5.65
 4605.25 11.26  7.61  7.39 14.05  5.95  6.76  9.85  8.65  7.89  5.38  4.68  5.57
 4606.25 11.54  7.72  7.51 14.20  6.05  6.87 10.04  8.82  8.04  5.49  4.76  5.67
 4607.25 11.77  7.78  7.58 14.28  6.12  6.93 10.17  8.93  8.14  5.56  4.82  5.73
 4608.25 11.84  7.73  7.53 14.19  6.08  6.88 10.16  8.91  8.12  5.55  4.79  5.70
 4609.25 11.85  7.63  7.44 14.02  6.01  6.79 10.09  8.84  8.05  5.49  4.73  5.62
 4610.25 11.72  7.43  7.25 13.71  5.86  6.61  9.90  8.66  7.87  5.36  4.60  5.48
 4611.25 11.78  7.38  7.21 13.62  5.82  6.57  9.89  8.64  7.85  5.35  4.58  5.44
 4612.25 12.16  7.55  7.38 13.86  5.98  6.72 10.15  8.87  8.06  5.50  4.70  5.59
 4613.25 12.44  7.65  7.49 13.99  6.07  6.82 10.33  9.03  8.20  5.61  4.78  5.68
 4614.25 12.76  7.78  7.62 14.16  6.19  6.94 10.55  9.22  8.37  5.73  4.88  5.79
 4615.25 12.95  7.82  7.67 14.20  6.24  6.97 10.65  9.30  8.45  5.79  4.92  5.83
 4616.25 12.91  7.69  7.54 13.99  6.14  6.85 10.54  9.19  8.34  5.71  4.83  5.73
 4617.25 12.86  7.56  7.42 13.79  6.04  6.73 10.44  9.08  8.23  5.63  4.75  5.64
 4618.25 12.98  7.54  7.41 13.74  6.03  6.72 10.47  9.11  8.25  5.64  4.75  5.63
 4619.25 13.16  7.57  7.44 13.77  6.07  6.74 10.56  9.18  8.31  5.69  4.78  5.66
 4620.25 13.42  7.66  7.53 13.88  6.16  6.83 10.73  9.32  8.44  5.78  4.85  5.75
 4621.25 13.48  7.60  7.49 13.78  6.13  6.78 10.72  9.30  8.42  5.76  4.82  5.71
 4622.25 13.49  7.52  7.41 13.64  6.07  6.70 10.66  9.25  8.36  5.72  4.77  5.65
 4623.25 13.67  7.54  7.44 13.66  6.12  6.73 10.76  9.32  8.42  5.77  4.80  5.68
 4624.25 13.74  7.50  7.40 13.57  6.10  6.69 10.76  9.31  8.41  5.75  4.78  5.66
 4625.25 13.79  7.44  7.34 13.47  6.06  6.63 10.73  9.28  8.37  5.73  4.75  5.62
 4626.25 13.97  7.46  7.38 13.49  6.10  6.66 10.83  9.36  8.44  5.78  4.78  5.65
 4627.25 14.04  7.42  7.34 13.41  6.09  6.62 10.83  9.35  8.42  5.77  4.76  5.63
 4628.25 14.02  7.32  7.25 13.24  6.02  6.53 10.75  9.27  8.33  5.71  4.69  5.56
 4629.25 14.07  7.27  7.20 13.15  5.99  6.48 10.74  9.25  8.30  5.69  4.67  5.53
 4630.25 14.38  7.38  7.32 13.29  6.11  6.59 10.95  9.43  8.46  5.81  4.76  5.63
 4631.25 14.66  7.47  7.42 13.41  6.21  6.68 11.13  9.58  8.59  5.92  4.83  5.72
 4632.25 14.68  7.40  7.35 13.28  6.16  6.61 11.09  9.51  8.54  5.88  4.79  5.67
 4633.25 14.65  7.30  7.25 13.10  6.09  6.51 11.00  9.41  8.45  5.82  4.73  5.60
 4634.25 14.84  7.35  7.30 13.14  6.14  6.55 11.12  9.47  8.52  5.88  4.77  5.65
 4635.25 14.98  7.41  7.35 13.20  6.20  6.60 11.24  9.56  8.61  5.95  4.81  5.71
 4636.25 14.99  7.43  7.37 13.20  6.24  6.62 11.32  9.59  8.65  5.98  4.83  5.73
 4637.25 15.00  7.47  7.41 13.22  6.28  6.65 11.42  9.65  8.72  6.04  4.87  5.77
 4638.25 14.95  7.48  7.43 13.20  6.30  6.65 11.48  9.67  8.75  6.07  4.88  5.79
 4639.25 15.03  7.56  7.53 13.29  6.39  6.73 11.65  9.79  8.87  6.16  4.95  5.87
 4640.25 15.07  7.63  7.61 13.35  6.46  6.78 11.78  9.88  8.97  6.24  5.00  5.94
 4641.25 14.86  7.53  7.52 13.18  6.39  6.69 11.70  9.77  8.88  6.17  4.93  5.86
 4642.25 14.78  7.52  7.53 13.13  6.39  6.67 11.73  9.77  8.89  6.18  4.93  5.86
 4643.25 14.64  7.46  7.48 13.01  6.36  6.62 11.71  9.71  8.84  6.16  4.90  5.83
 4644.25 14.52  7.42  7.46 12.93  6.34  6.58 11.71  9.68  8.83  6.15  4.88  5.81
 4645.25 14.65  7.54  7.60 13.07  6.46  6.69 11.92  9.83  8.99  6.27  4.97  5.92
 4646.25 14.71  7.63  7.69 13.15  6.55  6.76 12.08  9.94  9.10  6.37  5.04  5.99
 4647.25 14.86  7.77  7.85 13.31  6.68  6.88 12.32 10.12  9.28  6.51  5.15  6.12
 4648.25 15.00  7.90  8.00 13.47  6.82  7.00 12.56 10.30  9.46  6.66  5.26  6.25
 4649.25 14.98  7.93  8.04 13.48  6.86  7.02 12.65 10.35  9.52  6.71  5.30  6.28
 4650.25 14.52  7.66  7.78 13.06  6.63  6.77 12.33 10.03  9.23  6.49  5.11  6.06
 4651.25 14.03  7.37  7.51 12.62  6.39  6.50 11.98  9.70  8.93  6.27  4.92  5.83
 4652.25 13.91  7.34  7.48 12.54  6.37  6.47 11.98  9.67  8.91  6.26  4.91  5.81
 4653.25 13.98  7.42  7.58 12.63  6.46  6.54 12.15  9.78  9.03  6.36  4.99  5.89
 4654.25 13.93  7.43  7.61 12.61  6.48  6.55 12.21  9.80  9.06  6.39  5.01  5.91
 4655.25 13.86  7.43  7.62 12.57  6.49  6.55 12.26  9.81  9.08  6.41  5.03  5.91
 4656.25 13.72  7.38  7.58 12.46  6.46  6.51 12.23  9.76  9.04  6.39  5.00  5.88
 4657.25 13.63  7.35  7.57 12.40  6.45  6.49 12.24  9.74  9.04  6.39  5.00  5.87
 4658.25 13.58  7.36  7.59 12.37  6.47  6.50 12.25  9.76  9.07  6.42  5.02  5.89
 4659.25 13.35  7.25  7.49 12.18  6.39  6.40 12.07  9.64  8.96  6.35  4.96  5.80
 4660.25 13.13  7.14  7.39 11.99  6.31  6.31 11.89  9.52  8.86  6.27  4.90  5.72
 4661.25 12.99  7.09  7.35 11.88  6.28  6.27 11.79  9.47  8.82  6.25  4.87  5.69
 4662.25 12.99  7.13  7.41 11.91  6.34  6.31 11.83  9.53  8.89  6.31  4.92  5.73
 4663.25 13.01  7.19  7.48 11.96  6.41  6.36 11.88  9.61  8.98  6.39  4.98  5.79
 4664.25 13.14  7.32  7.63 12.11  6.55  6.49 12.04  9.78  9.16  6.53  5.09  5.91
 4665.25 13.24  7.44  7.77 12.23  6.68  6.60 12.17  9.94  9.32  6.66  5.20  6.02
 4666.25 13.16  7.43  7.77 12.19  6.69  6.59 12.13  9.94  9.33  6.68  5.21  6.02
 4667.25 13.18  7.50  7.86 12.25  6.78  6.66 12.20 10.04  9.43  6.77  5.27  6.09
 4668.25 13.38  7.70  8.07 12.48  6.98  6.84 12.44 10.28  9.68  6.97  5.44  6.27
 4669.25 13.32  7.71  8.10 12.45  7.01  6.86 12.43 10.31  9.72  7.01  5.47  6.29
 4670.25 13.01  7.55  7.95 12.18  6.88  6.71 12.18 10.13  9.56  6.89  5.36  6.16
 4671.25 12.62  7.34  7.74 11.84  6.70  6.52 11.86  9.87  9.33  6.71  5.21  5.99
 4672.25 12.37  7.22  7.63 11.63  6.61  6.42 11.67  9.74  9.21  6.62  5.14  5.89
 4673.25 12.23  7.17  7.58 11.51  6.59  6.38 11.57  9.69  9.17  6.60  5.11  5.86
 4674.25 12.29  7.28  7.69 11.60  6.70  6.47 11.68  9.82  9.31  6.72  5.21  5.96
 4675.25 12.28  7.33  7.74 11.61  6.77  6.52 11.72  9.90  9.39  6.79  5.26  6.01
 4676.25 12.05  7.22  7.63 11.42  6.69  6.43 11.55  9.78  9.28  6.72  5.20  5.93
 4677.25 11.95  7.21  7.61 11.35  6.70  6.42 11.49  9.77  9.28  6.72  5.20  5.92
 4678.25 11.88  7.22  7.62 11.31  6.72  6.43 11.48  9.79  9.30  6.75  5.22  5.94
 4679.25 11.88  7.27  7.68 11.34  6.80  6.48 11.53  9.87  9.38  6.83  5.28  6.00
 4680.25 11.94  7.38  7.79 11.42  6.92  6.58 11.64 10.00  9.52  6.95  5.38  6.09
 4681.25 11.84  7.37  7.78 11.36  6.93  6.58 11.60  9.99  9.53  6.97  5.39  6.10
 4682.25 11.68  7.32  7.73 11.23  6.90  6.53 11.49  9.92  9.48  6.94  5.36  6.06
 4683.25 11.53  7.27  7.67 11.11  6.87  6.48 11.39  9.86  9.43  6.91  5.33  6.02
 4684.25 11.34  7.19  7.59 10.96  6.81  6.42 11.26  9.77  9.35  6.86  5.29  5.96
 4685.25 11.17  7.13  7.53 10.82  6.77  6.36 11.14  9.69  9.29  6.83  5.25  5.92
 4686.25 11.09  7.13  7.53 10.77  6.79  6.36 11.11  9.69  9.30  6.85  5.27  5.93
 4687.25 11.18  7.26  7.66 10.89  6.94  6.49 11.26  9.86  9.48  7.00  5.39  6.04
 4688.25 11.41  7.49  7.91 11.15  7.19  6.71 11.55 10.15  9.78  7.25  5.59  6.26
 4689.25 11.35  7.51  7.93 11.12  7.23  6.73 11.54 10.17  9.81  7.29  5.62  6.28
 4690.25 10.95  7.28  7.69 10.76  7.02  6.52 11.20  9.89  9.55  7.09  5.45  6.08
 4691.25 10.73  7.17  7.58 10.57  6.94  6.42 11.03  9.76  9.43  7.01  5.38  5.99
 4692.25 10.75  7.26  7.66 10.62  7.04  6.50 11.11  9.86  9.55  7.11  5.46  6.07
 4693.25 10.77  7.34  7.75 10.68  7.14  6.58 11.19  9.97  9.66  7.22  5.55  6.15
 4694.25 10.65  7.32  7.73 10.59  7.14  6.56 11.12  9.94  9.65  7.22  5.54  6.13
 4695.25 10.66  7.37  7.78 10.61  7.21  6.61 11.17 10.01  9.73  7.30  5.60  6.19
 4696.25 10.63  7.39  7.80 10.57  7.24  6.63 11.15 10.03  9.76  7.33  5.63  6.20
 4697.25 10.46  7.28  7.68 10.37  7.15  6.54 10.97  9.89  9.64  7.24  5.55  6.11
 4698.25 10.38  7.24  7.64 10.26  7.13  6.51 10.89  9.84  9.60  7.23  5.53  6.08
 4699.25 10.39  7.28  7.67 10.25  7.19  6.55 10.90  9.88  9.66  7.29  5.58  6.11
 4700.25 10.41  7.32  7.71 10.25  7.24  6.60 10.92  9.93  9.72  7.35  5.63  6.15
 4701.25 10.39  7.34  7.72 10.20  7.26  6.62 10.90  9.95  9.75  7.39  5.65  6.17
 4702.25 10.45  7.41  7.79 10.23  7.35  6.69 10.96 10.03  9.84  7.49  5.72  6.23
 4703.25 10.35  7.36  7.74 10.11  7.31  6.66 10.88  9.97  9.80  7.46  5.69  6.19
 4704.25 10.33  7.37  7.75 10.06  7.33  6.67 10.88  9.98  9.82  7.50  5.71  6.20
 4705.25 10.32  7.39  7.76 10.02  7.36  6.70 10.89 10.00  9.85  7.54  5.74  6.22
 4706.25 10.11  7.26  7.62  9.81  7.23  6.58 10.70  9.83  9.70  7.43  5.64  6.10
 4707.25 10.01  7.20  7.55  9.70  7.19  6.53 10.61  9.76  9.63  7.39  5.60  6.06
 4708.25 10.14  7.33  7.69  9.84  7.33  6.66 10.77  9.91  9.81  7.55  5.72  6.17
 4709.25 10.08  7.32  7.67  9.80  7.32  6.66 10.74  9.89  9.80  7.56  5.71  6.16
 4710.25 10.03  7.31  7.65  9.76  7.32  6.65 10.71  9.87  9.79  7.57  5.71  6.15
 4711.25 10.02  7.33  7.67  9.77  7.35  6.68 10.73  9.90  9.83  7.62  5.74  6.17
 4712.25  9.93  7.29  7.62  9.69  7.32  6.65 10.65  9.84  9.78  7.60  5.72  6.14
 4713.25 10.01  7.38  7.72  9.78  7.42  6.74 10.76  9.95  9.91  7.72  5.80  6.22
 4714.25 10.09  7.48  7.81  9.88  7.52  6.84 10.87 10.06 10.03  7.84  5.89  6.30
 4715.25 10.14  7.55  7.88  9.94  7.60  6.90 10.94 10.14 10.12  7.93  5.96  6.36
 4716.25 10.06  7.51  7.84  9.87  7.57  6.88 10.87 10.09 10.08  7.91  5.93  6.33
 4717.25  9.91  7.42  7.74  9.74  7.49  6.80 10.74  9.97  9.98  7.84  5.87  6.25
 4718.25  9.78  7.34  7.66  9.62  7.42  6.73 10.63  9.87  9.89  7.78  5.81  6.18
 4719.25  9.62  7.24  7.55  9.48  7.32  6.64 10.48  9.74  9.78  7.70  5.74  6.10
 4720.25  9.43  7.12  7.42  9.30  7.20  6.53 10.31  9.58  9.63  7.59  5.64  5.99
 4721.25  9.51  7.22  7.51  9.40  7.31  6.63 10.42  9.70  9.76  7.72  5.73  6.07
 4722.25  9.73  7.42  7.72  9.62  7.53  6.83 10.67  9.95 10.02  7.95  5.91  6.25
 4723.25  9.76  7.48  7.78  9.67  7.59  6.89 10.73 10.01 10.10  8.04  5.97  6.31
 4724.25  9.67  7.44  7.73  9.60  7.56  6.85 10.66  9.95 10.05  8.01  5.94  6.27
 4725.25  9.37  7.21  7.49  9.30  7.33  6.65 10.34  9.66  9.77  7.79  5.76  6.07
 4726.25  9.16  7.06  7.33  9.09  7.19  6.51 10.13  9.47  9.58  7.65  5.64  5.93
 4727.25  9.24  7.13  7.40  9.16  7.27  6.58 10.21  9.55  9.67  7.75  5.71  6.00
 4728.25  9.47  7.34  7.62  9.39  7.49  6.79 10.47  9.80  9.93  8.00  5.90  6.18
 4729.25  9.66  7.51  7.79  9.57  7.67  6.95 10.67 10.00 10.14  8.20  6.05  6.33
 4730.25  9.64  7.51  7.78  9.54  7.68  6.96 10.65  9.99 10.13  8.22  6.06  6.33
 4731.25  9.49  7.40  7.66  9.38  7.57  6.86 10.49  9.84  9.99  8.12  5.97  6.23
 4732.25  9.30  7.26  7.51  9.19  7.43  6.73 10.29  9.66  9.80  7.99  5.86  6.11
 4733.25  9.17  7.16  7.41  9.05  7.34  6.64 10.15  9.52  9.68  7.91  5.78  6.02
 4734.25  9.08  7.10  7.34  8.95  7.28  6.59 10.06  9.44  9.60  7.86  5.74  5.97
 4735.25  9.16  7.18  7.42  9.03  7.37  6.67 10.14  9.53  9.70  7.97  5.82  6.04
 4736.25  9.22  7.25  7.48  9.08  7.45  6.73 10.21  9.60  9.77  8.06  5.88  6.09
 4737.25  9.30  7.33  7.56  9.15  7.54  6.82 10.29  9.69  9.87  8.17  5.95  6.16
 4738.25  9.34  7.38  7.60  9.18  7.59  6.87 10.34  9.73  9.92  8.24  6.00  6.21
 4739.25  9.19  7.27  7.49  9.03  7.49  6.77 10.18  9.59  9.78  8.15  5.92  6.11
 4740.25  9.22  7.31  7.52  9.05  7.54  6.81 10.21  9.63  9.82  8.21  5.96  6.14
 4741.25  9.45  7.51  7.73  9.26  7.78  7.00 10.46  9.87 10.07  8.45  6.15  6.33
 4742.25  9.48  7.56  7.77  9.29  7.86  7.05 10.50  9.91 10.13  8.53  6.19  6.37
 4743.25  9.37  7.48  7.69  9.17  7.80  6.97 10.38  9.80 10.02  8.45  6.13  6.29
 4744.25  9.31  7.44  7.65  9.10  7.80  6.93 10.31  9.74  9.97  8.43  6.10  6.26
 4745.25  9.31  7.46  7.67  9.10  7.84  6.95 10.31  9.75  9.98  8.47  6.13  6.27
 4746.25  9.29  7.46  7.67  9.08  7.88  6.95 10.30  9.75  9.98  8.50  6.14  6.27
 4747.25  9.11  7.32  7.53  8.89  7.76  6.82 10.11  9.56  9.80  8.36  6.02  6.15
 4748.25  9.04  7.27  7.48  8.82  7.74  6.77 10.05  9.50  9.74  8.33  5.99  6.10
 4749.25  9.26  7.48  7.69  9.03  7.98  6.97 10.31  9.73  9.99  8.58  6.18  6.28
 4750.25  9.32  7.54  7.76  9.08  8.08  7.03 10.39  9.80 10.07  8.67  6.24  6.34
 4751.25  9.18  7.44  7.65  8.93  8.00  6.93 10.26  9.66  9.93  8.57  6.15  6.24
 4752.25  9.07  7.36  7.58  8.82  7.94  6.86 10.16  9.56  9.83  8.51  6.09  6.17
 4753.25  9.06  7.37  7.59  8.81  7.99  6.87 10.17  9.56  9.84  8.55  6.11  6.18
 4754.25  9.07  7.39  7.61  8.81  8.04  6.89 10.20  9.57  9.86  8.59  6.14  6.20
 4755.25  9.19  7.51  7.73  8.92  8.19  7.00 10.35  9.71 10.00  8.75  6.25  6.30
 4756.25  9.23  7.55  7.78  8.94  8.27  7.04 10.40  9.74 10.04  8.82  6.29  6.33
 4757.25  9.24  7.56  7.79  8.93  8.31  7.05 10.42  9.75 10.05  8.86  6.31  6.34
 4758.25  9.31  7.62  7.86  8.98  8.41  7.11 10.50  9.81 10.12  8.95  6.38  6.40
 4759.25  9.26  7.59  7.82  8.92  8.40  7.08 10.46  9.76 10.08  8.94  6.36  6.36
 4760.25  9.14  7.49  7.72  8.78  8.32  6.98 10.33  9.63  9.95  8.85  6.29  6.27
 4761.25  9.12  7.48  7.71  8.74  8.34  6.97 10.32  9.60  9.93  8.86  6.30  6.26
 4762.25  9.22  7.57  7.81  8.82  8.47  7.06 10.43  9.70 10.04  8.99  6.39  6.34
 4763.25  9.27  7.63  7.86  8.86  8.56  7.12 10.51  9.76 10.10  9.08  6.46  6.39
 4764.25  9.17  7.54  7.78  8.74  8.49  7.03 10.40  9.64  9.99  9.00  6.40  6.31
 4765.25  9.15  7.54  7.77  8.70  8.51  7.03 10.39  9.62  9.97  9.02  6.41  6.30
 4766.25  9.16  7.55  7.78  8.69  8.55  7.04 10.40  9.62  9.98  9.06  6.43  6.31
 4767.25  9.19  7.59  7.82  8.71  8.62  7.07 10.45  9.65 10.02  9.12  6.48  6.34
 4768.25  9.25  7.65  7.88  8.75  8.71  7.13 10.52  9.71 10.09  9.21  6.55  6.39
 4769.25  9.27  7.68  7.91  8.75  8.77  7.15 10.56  9.73 10.11  9.27  6.59  6.41
 4770.25  9.20  7.62  7.85  8.66  8.73  7.09 10.48  9.65 10.04  9.22  6.55  6.36
 4771.25  8.98  7.44  7.66  8.43  8.56  6.92 10.26  9.42  9.81  9.04  6.40  6.20
 4772.25  8.97  7.44  7.66  8.41  8.59  6.92 10.25  9.41  9.80  9.06  6.42  6.19
 4773.25  8.99  7.46  7.68  8.40  8.64  6.94 10.28  9.42  9.82  9.10  6.45  6.21
 4774.25  8.90  7.39  7.61  8.30  8.58  6.87 10.19  9.33  9.73  9.04  6.40  6.14
 4775.25  8.83  7.34  7.55  8.21  8.55  6.81 10.12  9.27  9.65  9.00  6.36  6.09
 4776.25  8.77  7.30  7.51  8.14  8.53  6.78 10.07  9.23  9.60  8.98  6.34  6.05
 4777.25  8.85  7.37  7.59  8.20  8.64  6.84 10.16  9.33  9.69  9.08  6.42  6.11
 4778.25  8.78  7.32  7.53  8.11  8.61  6.79 10.09  9.27  9.63  9.04  6.39  6.06
 4779.25  8.75  7.30  7.52  8.07  8.62  6.78 10.07  9.26  9.60  9.04  6.39  6.05
 4780.25  8.87  7.42  7.64  8.17  8.80  6.88 10.21  9.40  9.74  9.20  6.50  6.14
 4781.25  8.88  7.43  7.65  8.16  8.89  6.89 10.23  9.43  9.76  9.24  6.53  6.15
 4782.25  8.70  7.28  7.50  7.98  8.80  6.74 10.03  9.25  9.57  9.08  6.41  6.02
 4783.25  8.64  7.24  7.46  7.92  8.84  6.69  9.98  9.21  9.52  9.05  6.38  5.98
 4784.25  8.68  7.28  7.50  7.96  8.98  6.72 10.03  9.27  9.57  9.12  6.43  6.01
 4785.25  8.82  7.41  7.63  8.08  9.21  6.83 10.19  9.43  9.72  9.29  6.56  6.11
 4786.25  8.90  7.49  7.72  8.15  9.39  6.89 10.29  9.53  9.81  9.41  6.65  6.18
 4787.25  8.93  7.52  7.75  8.17  9.51  6.91 10.32  9.57  9.85  9.46  6.69  6.20
 4788.25  8.93  7.52  7.75  8.16  9.60  6.91 10.33  9.58  9.85  9.49  6.70  6.20
 4789.25  8.94  7.53  7.76  8.15  9.70  6.90 10.33  9.59  9.86  9.52  6.72  6.20
 4790.25  9.04  7.63  7.86  8.24  9.90  6.98 10.45  9.72  9.97  9.65  6.82  6.28
 4791.25  8.99  7.58  7.82  8.18  9.93  6.93 10.39  9.67  9.92  9.62  6.80  6.24
 4792.25  8.79  7.41  7.64  7.98  9.80  6.76 10.17  9.47  9.70  9.43  6.65  6.09
 4793.25  8.72  7.35  7.59  7.91  9.82  6.70 10.10  9.41  9.63  9.39  6.61  6.04
 4794.25  8.81  7.44  7.68  7.99 10.01  6.77 10.20  9.52  9.74  9.51  6.71  6.11
 4795.25  8.83  7.46  7.69  7.99 10.11  6.77 10.21  9.54  9.75  9.55  6.73  6.12
 4796.25  8.84  7.48  7.71  8.00 10.22  6.78 10.22  9.57  9.77  9.59  6.76  6.13
 4797.25  8.92  7.56  7.79  8.06 10.40  6.83 10.31  9.67  9.86  9.70  6.84  6.19
 4798.25  8.90  7.54  7.77  8.03 10.46  6.81 10.28  9.65  9.84  9.70  6.84  6.17
 4799.25  8.97  7.62  7.85  8.09 10.63  6.86 10.36  9.75  9.92  9.81  6.92  6.23
 4800.25  9.07  7.71  7.94  8.17 10.83  6.93 10.46  9.86 10.03  9.93  7.02  6.30
 4801.25  9.11  7.75  7.98  8.20 10.96  6.96 10.50  9.91 10.07 10.00  7.07  6.33
 4802.25  9.11  7.76  7.99  8.19 11.05  6.96 10.50  9.93 10.08 10.03  7.09  6.33
 4803.25  9.16  7.80  8.04  8.23 11.19  6.99 10.55  9.99 10.13 10.10  7.14  6.37
 4804.25  9.25  7.89  8.12  8.30 11.38  7.05 10.64 10.09 10.23 10.23  7.23  6.44
 4805.25  9.28  7.92  8.15  8.31 11.50  7.07 10.67 10.13 10.26 10.28  7.27  6.46
 4806.25  9.36  8.01  8.24  8.39 11.69  7.13 10.76 10.24 10.35 10.40  7.36  6.53
 4807.25  9.42  8.07  8.30  8.43 11.85  7.18 10.82 10.31 10.42 10.49  7.43  6.58
 4808.25  9.46  8.11  8.34  8.45 11.98  7.20 10.86 10.36 10.46 10.56  7.48  6.61
 4809.25  9.42  8.08  8.31  8.41 12.02  7.16 10.81 10.33 10.42 10.54  7.46  6.58
 4810.25  9.35  8.02  8.25  8.34 12.03  7.10 10.73 10.27 10.35 10.50  7.42  6.53
 4811.25  9.35  8.02  8.25  8.32 12.12  7.08 10.72 10.28 10.35 10.52  7.43  6.52
 4812.25  9.35  8.03  8.26  8.31 12.20  7.08 10.72 10.29 10.35 10.55  7.45  6.53
 4813.25  9.30  8.00  8.23  8.26 12.24  7.04 10.67 10.25 10.31 10.53  7.43  6.50
 4814.25  9.27  7.98  8.22  8.22 12.29  7.00 10.63 10.23 10.28 10.52  7.43  6.47
 4815.25  9.25  7.96  8.22  8.19 12.35  6.97 10.60 10.21 10.25 10.52  7.42  6.45
 4816.25  9.16  7.89  8.15  8.10 12.32  6.89 10.50 10.13 10.16 10.45  7.37  6.39
 4817.25  9.08  7.82  8.10  8.02 12.32  6.83 10.41 10.06 10.08 10.39  7.32  6.33
 4818.25  9.08  7.83  8.11  8.00 12.40  6.81 10.40 10.07 10.08 10.41  7.34  6.33
 4819.25  9.14  7.88  8.19  8.05 12.56  6.85 10.46 10.14 10.14 10.50  7.40  6.37
 4820.25  9.14  7.89  8.20  8.05 12.67  6.84 10.45 10.15 10.14 10.52  7.42  6.37
 4821.25  9.14  7.89  8.22  8.05 12.81  6.83 10.45 10.16 10.14 10.55  7.44  6.37
 4822.25  9.07  7.83  8.17  7.99 12.89  6.77 10.37 10.12 10.07 10.50  7.39  6.32
 4823.25  9.14  7.90  8.25  8.06 13.14  6.82 10.44 10.24 10.15 10.60  7.47  6.37
 4824.25  9.38  8.12  8.49  8.29 13.60  7.01 10.70 10.55 10.40 10.89  7.70  6.56
 4825.25  9.39  8.13  8.51  8.29 13.76  7.01 10.69 10.59 10.42 10.92  7.72  6.56
 4826.25  9.23  8.00  8.39  8.15 13.73  6.88 10.52 10.47 10.28 10.77  7.60  6.44
 4827.25  9.24  8.01  8.41  8.17 13.90  6.88 10.53 10.53 10.32 10.81  7.63  6.45
 4828.25  9.28  8.05  8.47  8.21 14.11  6.91 10.57 10.61 10.40 10.88  7.68  6.48
 4829.25  9.22  7.99  8.42  8.15 14.18  6.85 10.49 10.58 10.36 10.83  7.64  6.43
 4830.25  9.28  8.05  8.49  8.21 14.42  6.89 10.55 10.69 10.45 10.92  7.71  6.47
 4831.25  9.43  8.19  8.66  8.35 14.78  7.02 10.71 10.91 10.65 11.12  7.87  6.59
 4832.25  9.44  8.20  8.69  8.37 14.95  7.02 10.72 10.96 10.69 11.15  7.90  6.60
 4833.25  9.40  8.17  8.66  8.33 15.04  6.98 10.66 10.95 10.68 11.13  7.87  6.57
 4834.25  9.22  8.01  8.51  8.17 14.96  6.83 10.47 10.80 10.52 10.96  7.74  6.43
 4835.25  9.18  7.97  8.49  8.14 15.06  6.80 10.42 10.80 10.50 10.94  7.72  6.40
 4836.25  9.39  8.16  8.70  8.33 15.49  6.96 10.63 11.07 10.76 11.19  7.92  6.56
 4837.25  9.47  8.24  8.79  8.41 15.75  7.02 10.71 11.21 10.88 11.31  8.01  6.62
 4838.25  9.34  8.13  8.69  8.29 15.73  6.91 10.57 11.11 10.77 11.19  7.91  6.52
 4839.25  9.26  8.05  8.62  8.21 15.76  6.84 10.46 11.05 10.70 11.11  7.85  6.45
 4840.25  9.33  8.12  8.71  8.28 16.01  6.89 10.52 11.17 10.81 11.22  7.93  6.51
 4841.25  9.38  8.17  8.78  8.33 16.23  6.93 10.57 11.28 10.90 11.30  8.00  6.55
 4842.25  9.37  8.16  8.78  8.33 16.36  6.91 10.54 11.31 10.92 11.31  8.00  6.54
 4843.25  9.21  8.02  8.65  8.18 16.29  6.78 10.36 11.17 10.77 11.16  7.88  6.42
 4844.25  9.22  8.03  8.68  8.20 16.46  6.79 10.36 11.23 10.82 11.20  7.91  6.43
 4845.25  9.35  8.15  8.81  8.32 16.78  6.88 10.48 11.41 10.99 11.36  8.04  6.52
 4846.25  9.38  8.18  8.85  8.34 16.96  6.90 10.50 11.48 11.04 11.41  8.08  6.54
 4847.25  9.26  8.07  8.76  8.24 16.94  6.80 10.36 11.39 10.94 11.31  7.99  6.45
 4848.25  9.20  8.01  8.72  8.18 16.99  6.74 10.27 11.36 10.90 11.25  7.95  6.40
 4849.25  9.41  8.21  8.94  8.38 17.43  6.91 10.48 11.64 11.16 11.52  8.15  6.56
 4850.25  9.67  8.45  9.22  8.62 17.94  7.11 10.75 11.98 11.49 11.84  8.41  6.77
 4851.25  9.64  8.42  9.22  8.60 18.04  7.08 10.71 11.99 11.48 11.83  8.40  6.74
 4852.25  9.52  8.31  9.12  8.49 18.01  6.98 10.56 11.89 11.38 11.71  8.30  6.65
 4853.25  9.50  8.30  9.12  8.47 18.12  6.96 10.52 11.90 11.38 11.71  8.30  6.63
 4854.25  9.59  8.38  9.23  8.56 18.39  7.03 10.61 12.05 11.51 11.84  8.40  6.70
 4855.25  9.84  8.61  9.50  8.79 18.88  7.22 10.86 12.38 11.82 12.15  8.65  6.89
 4856.25 10.15  8.89  9.83  9.08 19.44  7.46 11.17 12.77 12.19 12.51  8.95  7.13
 4857.25 10.15  8.89  9.84  9.08 19.57  7.45 11.15 12.81 12.22 12.52  8.96  7.13
 4858.25  9.99  8.75  9.72  8.94 19.50  7.32 10.97 12.67 12.08 12.36  8.83  7.00
 4859.25 10.08  8.83  9.82  9.03 19.74  7.39 11.05 12.81 12.20 12.48  8.93  7.08
 4860.25 10.25  8.99 10.01  9.20 19.99  7.52 11.21 13.05 12.42 12.68  9.10  7.22
 4861.25 10.19  8.94  9.98  9.15 20.08  7.47 11.14 13.02 12.39 12.64  9.07  7.19
 4862.25  9.63  8.43  9.45  8.64 21.12  7.01 10.53 12.42 11.78 12.01  8.56  6.76
 4863.25  9.67  8.47  9.51  8.68 24.31  7.03 10.55 12.49 11.85 12.06  8.61  6.80
 4864.25 10.13  8.89  9.99  9.11 26.12  7.39 11.02 13.07 12.40 12.60  9.05  7.17
 4865.25 10.21  8.97 10.09  9.20 26.14  7.45 11.09 13.20 12.52 12.71  9.15  7.25
 4866.25 10.12  8.89 10.02  9.12 25.78  7.37 10.97 13.14 12.44 12.62  9.07  7.18
 4867.25 10.09  8.86 10.01  9.10 25.52  7.34 10.93 13.14 12.44 12.60  9.06  7.17
 4868.25 10.05  8.83 10.00  9.07 25.24  7.31 10.87 13.14 12.42 12.57  9.05  7.15
 4869.25  9.97  8.76  9.94  9.00 24.89  7.24 10.77 13.08 12.36 12.49  8.99  7.10
 4870.25  9.80  8.61  9.79  8.85 24.41  7.11 10.58 12.93 12.19 12.31  8.85  6.98
 4871.25  9.83  8.64  9.85  8.89 24.22  7.13 10.60 13.01 12.26 12.36  8.90  7.01
 4872.25 10.27  9.05 10.31  9.31 24.63  7.49 11.04 13.57 12.79 12.88  9.34  7.38
 4873.25 10.50  9.27 10.57  9.53 24.71  7.67 11.27 13.88 13.08 13.16  9.57  7.57
 4874.25 10.25  9.04 10.33  9.30 24.12  7.46 10.99 13.62 12.81 12.88  9.35  7.38
 4875.25 10.03  8.84 10.14  9.10 23.57  7.28 10.74 13.41 12.58 12.65  9.17  7.21
 4876.25  9.98  8.79 10.11  9.06 23.25  7.24 10.67 13.38 12.52 12.60  9.14  7.18
 4877.25  9.98  8.79 10.12  9.06 23.00  7.23 10.65 13.42 12.52 12.61  9.15  7.19
 4878.25  9.87  8.68 10.03  8.96 22.59  7.14 10.51 13.32 12.38 12.48  9.06  7.11
 4879.25  9.86  8.68 10.04  8.95 22.33  7.13 10.48 13.35 12.37 12.48  9.07  7.11
 4880.25  9.73  8.56  9.92  8.83 21.88  7.01 10.33 13.22 12.21 12.34  8.96  7.01
 4881.25  9.50  8.34  9.70  8.62 21.28  6.83 10.06 12.98 11.94 12.08  8.75  6.83
 4882.25  9.55  8.39  9.77  8.67 21.10  6.86 10.10 13.08 11.99 12.15  8.82  6.88
 4883.25  9.67  8.50  9.89  8.79 21.03  6.95 10.21 13.26 12.13 12.30  8.95  6.99
 4884.25  9.62  8.45  9.82  8.74 20.68  6.90 10.12 13.23 12.06 12.24  8.91  6.95
 4885.25  9.65  8.48  9.84  8.77 20.47  6.92 10.13 13.30 12.09 12.29  8.95  6.98
 4886.25  9.66  8.48  9.83  8.78 20.22  6.92 10.12 13.34 12.09 12.30  8.98  6.99
 4887.25  9.71  8.53  9.87  8.83 20.03  6.96 10.15 13.44 12.14 12.37  9.04  7.04
 4888.25  9.72  8.54  9.87  8.85 19.78  6.96 10.14 13.49 12.15 12.39  9.07  7.06
 4889.25  9.67  8.49  9.81  8.80 19.43  6.92 10.07 13.46 12.08 12.34  9.03  7.02
 4890.25  9.76  8.57  9.88  8.89 19.29  6.98 10.13 13.60 12.18 12.45  9.13  7.10
 4891.25  9.78  8.60  9.89  8.91 19.05  7.00 10.14 13.67 12.20 12.49  9.17  7.13
 4892.25  9.88  8.69  9.98  9.01 18.91  7.07 10.21 13.82 12.31 12.61  9.28  7.21
 4893.25  9.91  8.72  9.99  9.03 18.67  7.08 10.22 13.89 12.33 12.65  9.32  7.24
 4894.25  9.82  8.65  9.89  8.94 18.27  7.01 10.11 13.81 12.23 12.56  9.25  7.18
 4895.25  9.82  8.66  9.87  8.92 17.99  7.00 10.08 13.84 12.22 12.56  9.26  7.18
 4896.25  9.72  8.58  9.77  8.81 17.57  6.92  9.96 13.76 12.10 12.46  9.18  7.11
 4897.25  9.62  8.49  9.65  8.70 17.14  6.84  9.83 13.67 11.97 12.35  9.10  7.04
 4898.25  9.64  8.51  9.65  8.69 16.88  6.84  9.83 13.72 11.99 12.37  9.13  7.06
 4899.25  9.76  8.63  9.76  8.79 16.78  6.94  9.93 13.91 12.12 12.53  9.26  7.17
 4900.25  9.98  8.85  9.97  8.98 16.87  7.10 10.13 14.21 12.37 12.79  9.49  7.35
 4901.25 10.14  9.00 10.11  9.10 16.99  7.22 10.27 14.44 12.54 12.98  9.66  7.48
 4902.25  9.99  8.87  9.95  8.94 16.74  7.10 10.09 14.28 12.36 12.81  9.52  7.37
 4903.25  9.98  8.87  9.93  8.91 16.68  7.09 10.06 14.31 12.35 12.81  9.53  7.37
 4904.25 10.22  9.10 10.15  9.12 16.95  7.27 10.28 14.64 12.61 13.10  9.78  7.57
 4905.25 10.18  9.08 10.11  9.07 16.86  7.24 10.23 14.64 12.58 13.08  9.77  7.56
 4906.25  9.92  8.85  9.84  8.81 16.48  7.04  9.96 14.36 12.29 12.79  9.54  7.36
 4907.25  9.90  8.86  9.83  8.80 16.44  7.04  9.94 14.40 12.29 12.81  9.56  7.37
 4908.25 10.03  9.00  9.96  8.91 16.58  7.15 10.07 14.62 12.45 12.99  9.72  7.50
 4909.25 10.14  9.12 10.07  9.00 16.70  7.25 10.17 14.81 12.59 13.14  9.85  7.61
 4910.25 10.20  9.21 10.14  9.06 16.76  7.32 10.24 14.95 12.68 13.24  9.95  7.69
 4911.25 10.19  9.23 10.13  9.05 16.72  7.33 10.23 15.00 12.69 13.25  9.98  7.70
 4912.25 10.16  9.22 10.11  9.01 16.66  7.32 10.19 15.02 12.67 13.24  9.98  7.70
 4913.25 10.13  9.21 10.07  8.98 16.59  7.31 10.15 15.03 12.65 13.22  9.98  7.70
 4914.25 10.09  9.19 10.03  8.93 16.50  7.29 10.11 15.04 12.61 13.19  9.98  7.68
 4915.25  9.98  9.12  9.93  8.83 16.35  7.23 10.00 14.96 12.51 13.10  9.91  7.62
 4916.25  9.85  9.01  9.80  8.70 16.14  7.14  9.86 14.83 12.37 12.96  9.80  7.53
 4917.25  9.81  9.00  9.76  8.66 16.07  7.12  9.82 14.78 12.35 12.94  9.80  7.52
 4918.25  9.89  9.10  9.83  8.73 16.15  7.21  9.90 14.86 12.46 13.06  9.92  7.61
 4919.25 10.13  9.36 10.06  8.95 16.44  7.42 10.14 15.13 12.75 13.37 10.19  7.83
 4920.25 10.45  9.68 10.36  9.24 16.82  7.69 10.46 15.50 13.13 13.76 10.55  8.12
 4921.25 10.56  9.81 10.45  9.34 16.93  7.80 10.57 15.61 13.27 13.91 10.70  8.24
 4922.25 10.53  9.81 10.40  9.30 16.87  7.79 10.53 15.54 13.25 13.90 10.70  8.23
 4923.25 10.46  9.77 10.31  9.23 16.75  7.76 10.46 15.43 13.19 13.84 10.67  8.19
 4924.25 10.61  9.95 10.45  9.37 16.92  7.90 10.61 15.59 13.38 14.04 10.86  8.35
 4925.25 10.58  9.96 10.40  9.33 16.85  7.89 10.57 15.52 13.36 14.03 10.87  8.34
 4926.25 10.41  9.83 10.21  9.17 16.61  7.76 10.40 15.29 13.17 13.85 10.73  8.21
 4927.25 10.49  9.96 10.27  9.24 16.69  7.85 10.48 15.36 13.27 13.97 10.86  8.31
 4928.25 10.45  9.96 10.22  9.20 16.61  7.84 10.45 15.29 13.24 13.95 10.87  8.30
 4929.25 10.40  9.96 10.15  9.15 16.53  7.82 10.41 15.20 13.19 13.92 10.86  8.27
 4930.25 10.35  9.94 10.08  9.09 16.43  7.79 10.36 15.11 13.13 13.88 10.84  8.25
 4931.25 10.37 10.00 10.08  9.11 16.42  7.82 10.38 15.10 13.16 13.92 10.90  8.28
 4932.25 10.33 10.01 10.03  9.07 16.36  7.81 10.36 15.03 13.13 13.91 10.91  8.28
 4933.25 10.24  9.97  9.92  8.99 16.21  7.75 10.27 14.89 13.03 13.82 10.85  8.22
 4934.25 10.44 10.20 10.09  9.17 16.43  7.93 10.48 15.11 13.27 14.08 11.10  8.41
 4935.25 10.60 10.40 10.23  9.32 16.60  8.09 10.65 15.27 13.45 14.29 11.30  8.57
 4936.25 10.49 10.33 10.10  9.22 16.44  8.01 10.54 15.10 13.33 14.18 11.23  8.49
 4937.25 10.42 10.31 10.01  9.16 16.32  7.97 10.48 14.99 13.26 14.12 11.20  8.46
 4938.25 10.39 10.31  9.95  9.12 16.24  7.95 10.45 14.91 13.22 14.10 11.19  8.44
 4939.25 10.35 10.31  9.90  9.08 16.17  7.94 10.42 14.84 13.18 14.07 11.19  8.43
 4940.25 10.65 10.65 10.16  9.36 16.50  8.20 10.72 15.16 13.52 14.44 11.54  8.71
 4941.25 10.70 10.74 10.19  9.40 16.52  8.26 10.78 15.19 13.58 14.52 11.63  8.77
 4942.25 10.59 10.67 10.06  9.30 16.35  8.18 10.67 15.03 13.46 14.41 11.56  8.69
 4943.25 10.56 10.67 10.00  9.26 16.27  8.17 10.64 14.95 13.42 14.39 11.56  8.68
 4944.25 10.51 10.66  9.93  9.21 16.17  8.14 10.59 14.85 13.37 14.35 11.54  8.65
 4945.25 10.49 10.68  9.90  9.20 16.12  8.14 10.59 14.80 13.36 14.35 11.56  8.66
 4946.25 10.56 10.79  9.94  9.26 16.16  8.21 10.66 14.85 13.44 14.45 11.67  8.74
 4947.25 10.68 10.95 10.03  9.36 16.27  8.33 10.78 14.96 13.57 14.61 11.83  8.86
 4948.25 10.57 10.87  9.90  9.26 16.09  8.25 10.67 14.79 13.45 14.50 11.75  8.78
 4949.25 10.41 10.75  9.72  9.11 15.86  8.13 10.52 14.56 13.27 14.33 11.62  8.65
 4950.25 10.35 10.73  9.64  9.05 15.75  8.09 10.46 14.46 13.20 14.28 11.59  8.62
 4951.25 10.44 10.86  9.70  9.13 15.82  8.18 10.55 14.53 13.30 14.40 11.72  8.72
 4952.25 10.50 10.96  9.74  9.19 15.86  8.26 10.62 14.57 13.38 14.50 11.83  8.79
 4953.25 10.45 10.95  9.68  9.14 15.76  8.24 10.58 14.48 13.33 14.46 11.81  8.77
 4954.25 10.42 10.95  9.64  9.11 15.68  8.23 10.55 14.40 13.29 14.44 11.81  8.76
 4955.25 10.45 11.02  9.66  9.13 15.68  8.28 10.58 14.40 13.33 14.49 11.88  8.80
 4956.25 10.54 11.16  9.73  9.21 15.75  8.38 10.67 14.47 13.43 14.61 12.01  8.90
 4957.25 10.49 11.18  9.68  9.16 15.65  8.36 10.63 14.38 13.38 14.58 12.00  8.87
 4958.25 10.60 11.36  9.77  9.25 15.74  8.48 10.74 14.47 13.50 14.72 12.15  8.98
 4959.25 10.58 11.41  9.74  9.23 15.67  8.48 10.73 14.41 13.48 14.71 12.16  8.99
 4960.25 10.25 11.13  9.41  8.93 15.23  8.22 10.39 13.98 13.10 14.34 11.84  8.70
 4961.25 10.12 11.07  9.28  8.81 15.03  8.13 10.27 13.80 12.96 14.20 11.74  8.61
 4962.25 10.15 11.17  9.30  8.83 15.03  8.18 10.30 13.80 12.99 14.25 11.81  8.65
 4963.25 10.14 11.24  9.29  8.82 14.98  8.19 10.30 13.76 12.99 14.24 11.84  8.66
 4964.25 10.02 11.18  9.16  8.71 14.79  8.11 10.18 13.59 12.85 14.10 11.74  8.57
 4965.25  9.90 11.11  9.04  8.60 14.60  8.03 10.06 13.44 12.71 13.96 11.64  8.48
 4966.25  9.97 11.26  9.09  8.65 14.65  8.11 10.14 13.51 12.79 14.05 11.75  8.56
 4967.25  9.95 11.30  9.06  8.63 14.58  8.11 10.12 13.47 12.77 14.02 11.76  8.55
 4968.25  9.81 11.22  8.92  8.50 14.36  8.01  9.98 13.29 12.60 13.85 11.64  8.44
 4969.25  9.87 11.34  8.95  8.55 14.38  8.07 10.03 13.34 12.66 13.92 11.73  8.50
 4970.25  9.98 11.53  9.05  8.66 14.48  8.19 10.15 13.47 12.79 14.06 11.89  8.62
 4971.25 10.03 11.64  9.08  8.71 14.49  8.25 10.19 13.50 12.84 14.11 11.97  8.67
 4972.25  9.91 11.58  8.96  8.61 14.30  8.17 10.08 13.36 12.71 13.97 11.87  8.59
 4973.25  9.85 11.57  8.88  8.56 14.17  8.12 10.02 13.26 12.62 13.89 11.83  8.54
 4974.25  9.99 11.79  9.00  8.69 14.30  8.26 10.17 13.41 12.78 14.06 12.01  8.68
 4975.25 10.08 11.95  9.07  8.78 14.36  8.36 10.27 13.51 12.88 14.17 12.15  8.79
 4976.25 10.02 11.95  9.01  8.74 14.25  8.33 10.22 13.43 12.81 14.10 12.12  8.76
 4977.25 10.00 12.00  8.97  8.73 14.18  8.34 10.22 13.39 12.78 14.08 12.13  8.77
 4978.25 10.02 12.08  8.98  8.76 14.16  8.37 10.25 13.40 12.80 14.10 12.18  8.81
 4979.25 10.10 12.23  9.04  8.84 14.20  8.46 10.34 13.47 12.88 14.19 12.30  8.91
 4980.25 10.21 12.42  9.13  8.95 14.29  8.57 10.46 13.59 13.00 14.33 12.47  9.04
 4981.25 10.23 12.51  9.13  8.98 14.26  8.61 10.49 13.61 13.02 14.35 12.53  9.08
 4982.25 10.29 12.63  9.17  9.03 14.26  8.68 10.56 13.65 13.07 14.42 12.62  9.15
 4983.25 10.51 12.95  9.36  9.25 14.46  8.90 10.80 13.90 13.31 14.68 12.91  9.39
 4984.25 10.75 13.28  9.57  9.48 14.68  9.14 11.05 14.16 13.58 14.96 13.21  9.64
 4985.25 10.74 13.34  9.55  9.48 14.61  9.15 11.05 14.14 13.56 14.95 13.24  9.65
 4986.25 10.64 13.29  9.45  9.40 14.43  9.08 10.97 14.01 13.44 14.84 13.17  9.59
 4987.25 10.53 13.22  9.32  9.29 14.23  8.99 10.86 13.86 13.30 14.70 13.08  9.50
 4988.25 10.28 13.01  9.08  9.07 13.88  8.78 10.62 13.56 13.01 14.40 12.83  9.29
 4989.25 10.17 12.99  8.98  8.98 13.69  8.71 10.52 13.42 12.88 14.27 12.75  9.22
 4990.25 10.25 13.20  9.05  9.07 13.73  8.80 10.61 13.50 12.97 14.37 12.88  9.32
 4991.25 10.25 13.32  9.04  9.07 13.66  8.81 10.62 13.48 12.96 14.37 12.91  9.34
 4992.25 10.27 13.47  9.05  9.10 13.62  8.85 10.65 13.49 12.97 14.39 12.97  9.38
 4993.25 10.21 13.52  8.98  9.05 13.48  8.81 10.60 13.40 12.89 14.31 12.93  9.35
 4994.25 10.19 13.63  8.96  9.04 13.40  8.81 10.60 13.37 12.87 14.30 12.95  9.36
 4995.25 10.27 13.85  9.03  9.13 13.44  8.90 10.69 13.45 12.95 14.39 13.08  9.46
 4996.25 10.24 13.95  9.00  9.11 13.35  8.89 10.68 13.41 12.92 14.37 13.09  9.46
 4997.25 10.19 14.03  8.97  9.09 13.24  8.87 10.65 13.36 12.87 14.32 13.09  9.45
 4998.25 10.23 14.22  9.01  9.14 13.24  8.93 10.72 13.40 12.92 14.39 13.19  9.53
 4999.25 10.21 14.33  8.99  9.14 13.17  8.93 10.72 13.38 12.91 14.37 13.21  9.54
 5000.25 10.20 14.45  8.99  9.15 13.10  8.94 10.73 13.36 12.90 14.38 13.25  9.57
 5001.25 10.20 14.58  8.99  9.17 13.05  8.96 10.75 13.36 12.90 14.38 13.29  9.60
 5002.25 10.16 14.67  8.95  9.15 12.95  8.94 10.73 13.31 12.86 14.35 13.30  9.60
 5003.25 10.21 14.87  9.00  9.22 12.96  9.01 10.81 13.36 12.92 14.42 13.40  9.68
 5004.25 10.23 15.02  9.02  9.25 12.93  9.05 10.85 13.38 12.94 14.45 13.47  9.73
 5005.25 10.11 15.01  8.92  9.16 12.74  8.96 10.74 13.23 12.80 14.31 13.37  9.65
 5006.25 10.06 15.09  8.88  9.13 12.63  8.93 10.71 13.17 12.75 14.26 13.36  9.63
 5007.25 10.15 15.33  8.96  9.22 12.68  9.02 10.82 13.26 12.85 14.37 13.50  9.74
 5008.25 10.11 15.41  8.93  9.18 12.58  9.01 10.79 13.21 12.80 14.33 13.50  9.74
 5009.25 10.07 15.49  8.89  9.15 12.48  8.98 10.77 13.15 12.75 14.29 13.50  9.73
 5010.25 10.00 15.54  8.84  9.10 12.35  8.94 10.72 13.07 12.68 14.22 13.46  9.69
 5011.25 10.00 15.67  8.84  9.10 12.30  8.96 10.74 13.07 12.68 14.22 13.51  9.72
 5012.25 10.08 15.90  8.91  9.18 12.33  9.05 10.83 13.17 12.76 14.32 13.64  9.83
 5013.25 10.21 16.21  9.04  9.31 12.43  9.19 10.99 13.34 12.92 14.49 13.84  9.99
 5014.25 10.28 16.42  9.11  9.38 12.45  9.27 11.08 13.43 12.99 14.59 13.97 10.09
 5015.25 10.35 16.64  9.17  9.45 12.47  9.35 11.17 13.52 13.07 14.68 14.09 10.19
 5016.25 10.27 16.67  9.10  9.38 12.33  9.30 11.11 13.44 12.98 14.60 14.04 10.14
 5017.25 10.12 16.62  8.97  9.25 12.11  9.18 10.97 13.29 12.81 14.44 13.91 10.03
 5018.25 10.17 16.81  9.02  9.30 12.11  9.24 11.04 13.36 12.87 14.51 14.01 10.11
 5019.25 10.38 17.21  9.22  9.50 12.29  9.46 11.27 13.62 13.10 14.78 14.30 10.35
 5020.25 10.35 17.29  9.20  9.48 12.22  9.45 11.25 13.60 13.07 14.76 14.31 10.35
 5021.25 10.20 17.17  9.06  9.34 12.03  9.32 11.10 13.43 12.89 14.59 14.17 10.23
 5022.25 10.26 17.26  9.12  9.41 12.09  9.40 11.18 13.53 12.97 14.68 14.30 10.33
 5023.25 10.36 17.34  9.22  9.51 12.18  9.51 11.30 13.65 13.08 14.81 14.46 10.46
 5024.25 10.36 17.29  9.23  9.51 12.17  9.53 11.31 13.67 13.08 14.83 14.50 10.49
 5025.25 10.32 17.17  9.19  9.48 12.11  9.51 11.28 13.63 13.04 14.79 14.49 10.48
 5026.25 10.35 17.16  9.22  9.51 12.12  9.55 11.32 13.68 13.09 14.84 14.57 10.54
 5027.25 10.44 17.21  9.31  9.60 12.21  9.65 11.42 13.79 13.21 14.96 14.72 10.66
 5028.25 10.53 17.28  9.40  9.69 12.30  9.76 11.53 13.91 13.34 15.08 14.87 10.78
 5029.25 10.61 17.32  9.48  9.77 12.37  9.86 11.63 14.02 13.46 15.19 15.01 10.90
 5030.25 10.46 17.08  9.34  9.63 12.19  9.73 11.48 13.86 13.31 15.03 14.87 10.77
 5031.25 10.29 16.81  9.19  9.48 11.99  9.58 11.31 13.67 13.14 14.84 14.71 10.63
 5032.25 10.26 16.71  9.16  9.45 11.94  9.57 11.29 13.65 13.12 14.81 14.71 10.63
 5033.25 10.24 16.63  9.15  9.44 11.91  9.57 11.28 13.64 13.13 14.80 14.73 10.65
 5034.25 10.12 16.43  9.05  9.33 11.77  9.47 11.17 13.52 13.02 14.67 14.64 10.56
 5035.25 10.05 16.28  8.99  9.27 11.67  9.42 11.11 13.45 12.96 14.60 14.59 10.52
 5036.25 10.16 16.35  9.09  9.37 11.77  9.55 11.23 13.58 13.10 14.74 14.76 10.66
 5037.25 10.30 16.47  9.23  9.51 11.91  9.72 11.39 13.76 13.29 14.92 14.98 10.84
 5038.25 10.17 16.25  9.11  9.39 11.75  9.64 11.26 13.62 13.16 14.78 14.86 10.74
 5039.25 10.03 16.02  8.98  9.26 11.59  9.54 11.13 13.47 13.02 14.62 14.74 10.63
 5040.25 10.12 16.08  9.07  9.35 11.68  9.68 11.24 13.59 13.15 14.75 14.90 10.76
 5041.25 10.19 16.11  9.15  9.43 11.74  9.79 11.32 13.69 13.26 14.85 15.03 10.87
 5042.25 10.30 16.19  9.25  9.53 11.84  9.94 11.45 13.83 13.40 14.99 15.20 11.01
 5043.25 10.37 16.21  9.32  9.60 11.90 10.05 11.53 13.92 13.51 15.09 15.33 11.12
 5044.25 10.11 15.84  9.08  9.36 11.61  9.84 11.27 13.63 13.23 14.79 15.06 10.88
 5045.25  9.98 15.61  8.97  9.24 11.45  9.75 11.14 13.49 13.10 14.64 14.94 10.78
 5046.25  9.97 15.53  8.96  9.23 11.42  9.78 11.14 13.48 13.11 14.64 14.97 10.80
 5047.25  9.87 15.35  8.87  9.14 11.30  9.73 11.04 13.38 13.02 14.53 14.89 10.73
 5048.25  9.83 15.25  8.84  9.11 11.24  9.73 11.01 13.35 13.00 14.50 14.88 10.72
 5049.25  9.92 15.30  8.93  9.21 11.32  9.87 11.12 13.47 13.13 14.62 15.04 10.85
 5050.25 10.00 15.34  9.01  9.29 11.40  9.99 11.22 13.58 13.25 14.74 15.19 10.97
 5051.25  9.96 15.23  8.97  9.25 11.33  9.99 11.18 13.54 13.21 14.69 15.17 10.95
 5052.25  9.92 15.12  8.94  9.22 11.28  9.99 11.15 13.51 13.19 14.66 15.17 10.95
 5053.25  9.99 15.14  9.01  9.29 11.33 10.10 11.24 13.60 13.29 14.75 15.29 11.05
 5054.25  9.94 15.02  8.97  9.25 11.27 10.10 11.20 13.56 13.27 14.71 15.28 11.04
 5055.25  9.91 14.91  8.95  9.23 11.22 10.11 11.18 13.53 13.25 14.69 15.28 11.04
 5056.25  9.88 14.78  8.91  9.19 11.16 10.11 11.14 13.49 13.22 14.65 15.27 11.02
 5057.25  9.87 14.69  8.90  9.19 11.13 10.14 11.14 13.50 13.23 14.65 15.30 11.04
 5058.25  9.90 14.64  8.93  9.21 11.13 10.20 11.17 13.53 13.27 14.68 15.36 11.09
 5059.25  9.87 14.52  8.90  9.18 11.08 10.20 11.14 13.49 13.26 14.65 15.36 11.09
 5060.25  9.86 14.42  8.90  9.17 11.05 10.23 11.14 13.48 13.26 14.64 15.39 11.11
 5061.25  9.94 14.44  8.98  9.25 11.11 10.35 11.23 13.58 13.37 14.75 15.52 11.22
 5062.25  9.95 14.36  8.98  9.25 11.09 10.39 11.23 13.58 13.39 14.76 15.56 11.25
 5063.25  9.92 14.24  8.96  9.22 11.04 10.39 11.20 13.54 13.37 14.72 15.56 11.24
 5064.25  9.95 14.19  8.99  9.25 11.05 10.46 11.22 13.57 13.42 14.77 15.63 11.30
 5065.25 10.11 14.30  9.14  9.40 11.20 10.66 11.39 13.76 13.62 14.97 15.87 11.50
 5066.25 10.30 14.44  9.33  9.58 11.38 10.89 11.58 13.98 13.86 15.22 16.14 11.73
 5067.25 10.24 14.28  9.27  9.51 11.29 10.86 11.50 13.90 13.80 15.17 16.09 11.68
 5068.25 10.19 14.14  9.23  9.47 11.22 10.85 11.45 13.85 13.76 15.16 16.07 11.66
 5069.25 10.25 14.11  9.28  9.52 11.25 10.93 11.50 13.90 13.83 15.26 16.17 11.74
 5070.25 10.26 14.04  9.29  9.53 11.25 10.98 11.50 13.92 13.87 15.32 16.22 11.78
 5071.25 10.14 13.80  9.18  9.41 11.09 10.89 11.36 13.77 13.73 15.21 16.10 11.68
 5072.25 10.13 13.71  9.18  9.40 11.07 10.92 11.35 13.76 13.74 15.25 16.13 11.70
 5073.25 10.29 13.80  9.33  9.55 11.21 11.12 11.51 13.94 13.94 15.48 16.35 11.89
 5074.25 10.29 13.72  9.33  9.55 11.19 11.16 11.50 13.94 13.96 15.53 16.39 11.92
 5075.25 10.29 13.62  9.33  9.54 11.16 11.18 11.49 13.93 13.98 15.56 16.42 11.94
 5076.25 10.33 13.57  9.37  9.58 11.17 11.26 11.52 13.97 14.08 15.65 16.50 12.00
 5077.25 10.26 13.40  9.31  9.51 11.08 11.22 11.43 13.89 14.05 15.61 16.45 11.95
 5078.25 10.12 13.15  9.18  9.37 10.91 11.12 11.28 13.72 13.94 15.48 16.31 11.83
 5079.25 10.00 12.92  9.07  9.26 10.76 11.06 11.14 13.58 13.85 15.38 16.19 11.72
 5080.25 10.08 12.93  9.15  9.33 10.83 11.24 11.22 13.67 14.01 15.52 16.33 11.84
 5081.25 10.23 13.01  9.29  9.48 10.96 11.51 11.37 13.85 14.24 15.75 16.55 12.03
 5082.25 10.18 12.85  9.24  9.43 10.88 11.55 11.31 13.78 14.23 15.72 16.52 11.99
 5083.25 10.04 12.61  9.12  9.30 10.72 11.51 11.15 13.62 14.12 15.60 16.38 11.87
 5084.25 10.00 12.47  9.08  9.27 10.65 11.57 11.10 13.57 14.13 15.59 16.36 11.85
 5085.25 10.09 12.47  9.16  9.35 10.71 11.76 11.18 13.66 14.28 15.73 16.49 11.96
 5086.25 10.06 12.35  9.13  9.33 10.66 11.82 11.14 13.61 14.29 15.73 16.48 11.95
 5087.25 10.01 12.25  9.08  9.28 10.58 11.87 11.07 13.55 14.28 15.71 16.45 11.92
 5088.25  9.98 12.17  9.05  9.25 10.51 11.92 11.02 13.50 14.29 15.70 16.43 11.90
 5089.25  9.95 12.10  9.02  9.22 10.46 11.99 10.98 13.46 14.30 15.70 16.41 11.89
 5090.25  9.93 12.04  9.00  9.21 10.41 12.06 10.95 13.43 14.33 15.71 16.41 11.90
 5091.25  9.84 11.89  8.91  9.12 10.29 12.05 10.83 13.31 14.26 15.63 16.30 11.82
 5092.25  9.84 11.86  8.91  9.12 10.26 12.14 10.82 13.30 14.31 15.66 16.32 11.84
 5093.25  9.86 11.84  8.93  9.14 10.25 12.26 10.83 13.32 14.38 15.72 16.36 11.89
 5094.25  9.80 11.74  8.87  9.08 10.17 12.28 10.75 13.24 14.35 15.68 16.30 11.85
 5095.25  9.79 11.69  8.86  9.07 10.13 12.37 10.73 13.22 14.39 15.71 16.31 11.86
 5096.25  9.85 11.71  8.92  9.13 10.16 12.52 10.78 13.28 14.51 15.82 16.40 11.95
 5097.25  9.93 11.76  8.99  9.20 10.21 12.71 10.85 13.37 14.65 15.95 16.52 12.06
 5098.25 10.10 11.90  9.14  9.36 10.35 12.99 11.01 13.55 14.90 16.20 16.75 12.27
 5099.25 10.20 11.98  9.24  9.46 10.43 13.20 11.10 13.66 15.07 16.36 16.90 12.41
 5100.25 10.27 12.01  9.30  9.52 10.47 13.36 11.16 13.73 15.20 16.48 17.00 12.50
 5101.25 10.20 11.89  9.23  9.45 10.38 13.37 11.06 13.63 15.15 16.42 16.92 12.45
 5102.25 10.07 11.71  9.11  9.34 10.24 13.32 10.92 13.48 15.05 16.30 16.78 12.33
 5103.25 10.02 11.62  9.06  9.29 10.18 13.35 10.85 13.41 15.03 16.27 16.73 12.30
 5104.25 10.05 11.61  9.09  9.31 10.19 13.47 10.87 13.44 15.11 16.34 16.78 12.35
 5105.25 10.14 11.67  9.17  9.40 10.27 13.66 10.95 13.53 15.27 16.49 16.92 12.48
 5106.25 10.15 11.63  9.18  9.41 10.27 13.76 10.94 13.53 15.32 16.53 16.94 12.51
 5107.25 10.19 11.63  9.21  9.44 10.29 13.89 10.97 13.56 15.41 16.61 17.00 12.57
 5108.25 10.34 11.75  9.35  9.59 10.43 14.15 11.11 13.71 15.64 16.82 17.20 12.76
 5109.25 10.50 11.88  9.50  9.74 10.57 14.43 11.27 13.87 15.88 17.06 17.42 12.96
 5110.25 10.44 11.78  9.44  9.69 10.51 14.45 11.20 13.79 15.86 17.02 17.37 12.92
 5111.25 10.50 11.80  9.50  9.74 10.55 14.61 11.25 13.84 15.97 17.13 17.46 13.01
 5112.25 10.47 11.73  9.47  9.72 10.51 14.66 11.21 13.79 15.98 17.12 17.44 13.00
 5113.25 10.25 11.45  9.26  9.50 10.27 14.48 10.97 13.51 15.75 16.87 17.16 12.77
 5114.25 10.16 11.31  9.17  9.41 10.16 14.45 10.86 13.38 15.67 16.78 17.06 12.69
 5115.25 10.24 11.36  9.24  9.49 10.23 14.63 10.94 13.46 15.82 16.92 17.18 12.80
 5116.25 10.32 11.40  9.32  9.57 10.30 14.81 11.01 13.53 15.96 17.05 17.30 12.91
 5117.25 10.35 11.38  9.34  9.59 10.31 14.93 11.03 13.54 16.03 17.11 17.34 12.96
 5118.25 10.24 11.22  9.23  9.48 10.18 14.87 10.90 13.39 15.94 17.00 17.21 12.86
 5119.25 10.14 11.08  9.13  9.38 10.06 14.83 10.78 13.25 15.85 16.88 17.09 12.76
 5120.25 10.12 11.04  9.11  9.36 10.03 14.89 10.75 13.21 15.86 16.85 17.08 12.76
 5121.25 10.16 11.06  9.15  9.41 10.05 15.05 10.78 13.24 15.96 16.90 17.15 12.83
 5122.25 10.20 11.08  9.17  9.44 10.07 15.23 10.81 13.26 16.04 16.94 17.20 12.88
 5123.25 10.18 11.04  9.16  9.43 10.04 15.37 10.78 13.22 16.06 16.92 17.20 12.89
 5124.25 10.23 11.07  9.19  9.47 10.07 15.59 10.81 13.25 16.16 16.97 17.26 12.95
 5125.25 10.30 11.11  9.25  9.53 10.12 15.83 10.87 13.30 16.28 17.05 17.36 13.05
 5126.25 10.32 11.12  9.28  9.56 10.13 16.02 10.89 13.31 16.36 17.08 17.41 13.10
 5127.25 10.32 11.09  9.27  9.56 10.11 16.18 10.87 13.29 16.39 17.06 17.41 13.11
 5128.25 10.27 11.01  9.21  9.50 10.04 16.27 10.80 13.20 16.36 16.99 17.35 13.07
 5129.25 10.24 10.97  9.19  9.48 10.00 16.39 10.76 13.15 16.37 16.95 17.33 13.06
 5130.25 10.27 10.97  9.21  9.50 10.01 16.58 10.78 13.16 16.44 16.97 17.37 13.10
 5131.25 10.19 10.87  9.14  9.44  9.92 16.64 10.69 13.05 16.39 16.87 17.29 13.04
 5132.25 10.00 10.65  8.96  9.25  9.71 16.54 10.48 12.81 16.19 16.62 17.05 12.83
 5133.25  9.93 10.55  8.90  9.19  9.63 16.61 10.40 12.71 16.14 16.52 16.97 12.77
 5134.25  9.94 10.54  8.90  9.19  9.62 16.76 10.39 12.69 16.18 16.52 16.98 12.79
 5135.25  9.96 10.54  8.92  9.21  9.63 16.94 10.40 12.70 16.26 16.55 17.03 12.84
 5136.25  9.90 10.45  8.86  9.15  9.55 17.01 10.32 12.60 16.21 16.46 16.95 12.78
 5137.25  9.93 10.46  8.88  9.18  9.56 17.19 10.34 12.61 16.29 16.49 17.00 12.83
 5138.25 10.08 10.59  9.02  9.32  9.69 17.53 10.48 12.76 16.52 16.67 17.20 13.02
 5139.25 10.10 10.59  9.04  9.35  9.70 17.71 10.50 12.77 16.59 16.70 17.25 13.07
 5140.25 10.23 10.70  9.16  9.46  9.81 18.02 10.61 12.89 16.79 16.85 17.42 13.23
 5141.25 10.32 10.78  9.25  9.56  9.90 18.29 10.70 12.98 16.95 16.97 17.55 13.36
 5142.25 10.06 10.48  9.00  9.31  9.64 18.09 10.42 12.66 16.65 16.62 17.22 13.07
 5143.25 10.08 10.49  9.02  9.33  9.67 18.26 10.43 12.66 16.72 16.65 17.25 13.12
 5144.25 10.22 10.61  9.15  9.46  9.80 18.59 10.56 12.80 16.94 16.82 17.44 13.29
 5145.25 10.18 10.54  9.11  9.42  9.76 18.67 10.50 12.72 16.92 16.75 17.38 13.26
 5146.25 10.17 10.51  9.10  9.42  9.76 18.81 10.49 12.70 16.95 16.74 17.37 13.28
 5147.25 10.22 10.54  9.15  9.47  9.81 19.02 10.53 12.74 17.06 16.80 17.44 13.36
 5148.25 10.23 10.53  9.16  9.47  9.81 19.16 10.52 12.72 17.11 16.81 17.45 13.39
 5149.25 10.25 10.53  9.18  9.49  9.83 19.33 10.53 12.73 17.17 16.83 17.48 13.44
 5150.25 10.29 10.55  9.22  9.54  9.88 19.53 10.57 12.76 17.27 16.88 17.54 13.52
 5151.25 10.33 10.57  9.25  9.57  9.92 19.72 10.59 12.77 17.36 16.92 17.59 13.58
 5152.25 10.34 10.57  9.26  9.59  9.93 19.87 10.59 12.77 17.41 16.93 17.60 13.62
 5153.25 10.36 10.58  9.28  9.61  9.95 20.03 10.61 12.77 17.48 16.95 17.63 13.67
 5154.25 10.35 10.56  9.28  9.60  9.94 20.16 10.59 12.74 17.51 16.94 17.62 13.69
 5155.25 10.39 10.59  9.31  9.64  9.98 20.35 10.63 12.76 17.59 16.98 17.67 13.75
 5156.25 10.40 10.59  9.32  9.66  9.99 20.50 10.63 12.75 17.65 16.99 17.69 13.79
 5157.25 10.40 10.59  9.33  9.67 10.00 20.64 10.63 12.73 17.70 16.99 17.70 13.82
 5158.25 10.39 10.57  9.31  9.68  9.99 20.75 10.61 12.69 17.72 16.97 17.68 13.83
 5159.25 10.37 10.53  9.29  9.67  9.97 20.86 10.59 12.65 17.73 16.93 17.66 13.83
 5160.25 10.39 10.55  9.31  9.71  9.99 21.02 10.61 12.65 17.80 16.96 17.69 13.88
 5161.25 10.44 10.59  9.37  9.78 10.05 21.23 10.66 12.69 17.91 17.02 17.76 13.97
 5162.25 10.43 10.57  9.36  9.78 10.04 21.34 10.64 12.65 17.93 17.01 17.75 13.99
 5163.25 10.48 10.61  9.40  9.84 10.08 21.50 10.68 12.68 18.03 17.05 17.80 14.06
 5164.25 10.54 10.67  9.47  9.92 10.15 21.58 10.74 12.73 18.15 17.13 17.89 14.16
 5165.25 10.47 10.58  9.40  9.87 10.08 21.81 10.67 12.63 18.10 17.04 17.80 14.10
 5166.25 10.41 10.51  9.35  9.82 10.02 24.49 10.60 12.54 18.06 16.96 17.73 14.06
 5167.25 10.44 10.54  9.38  9.87 10.06 28.49 10.63 12.55 18.14 16.99 17.77 14.12
 5168.25 10.85 10.94  9.77 10.28 10.45 30.23 11.03 12.97 18.69 17.49 18.28 14.62
 5169.25 11.02 11.10  9.93 10.47 10.63 30.35 11.20 13.14 18.95 17.70 18.50 14.84
 5170.25 10.81 10.89  9.74 10.28 10.43 29.86 10.99 12.89 18.73 17.44 18.25 14.63
 5171.25 10.57 10.63  9.52 10.07 10.19 29.31 10.74 12.61 18.47 17.14 17.95 14.38
 5172.25 10.61 10.66  9.55 10.12 10.23 29.12 10.77 12.62 18.55 17.17 17.99 14.44
 5173.25 11.07 11.11 10.00 10.58 10.68 29.49 11.24 13.10 19.17 17.72 18.57 15.00
 5174.25 11.26 11.30 10.18 10.79 10.88 29.50 11.43 13.29 19.44 17.94 18.81 15.25
 5175.25 10.79 10.82  9.74 10.35 10.42 28.66 10.95 12.76 18.86 17.35 18.24 14.73
 5176.25 10.35 10.37  9.33  9.93  9.98 27.82 10.50 12.25 18.26 16.78 17.68 14.24
 5177.25 10.22 10.23  9.21  9.82  9.86 27.40 10.36 12.09 18.04 16.60 17.51 14.11
 5178.25 10.21 10.22  9.21  9.83  9.86 27.16 10.35 12.06 17.98 16.58 17.51 14.13
 5179.25 10.23 10.22  9.23  9.86  9.87 26.93 10.36 12.05 17.95 16.59 17.53 14.17
 5180.25 10.27 10.25  9.27  9.92  9.92 26.75 10.40 12.08 17.95 16.62 17.59 14.25
 5181.25 10.30 10.29  9.31  9.98  9.97 26.56 10.44 12.10 17.95 16.66 17.64 14.32
 5182.25 10.35 10.33  9.36 10.04 10.02 26.38 10.49 12.13 17.96 16.71 17.71 14.40
 5183.25 10.52 10.49  9.52 10.22 10.20 26.36 10.65 12.29 18.12 16.90 17.93 14.63
 5184.25 11.03 10.99 10.01 10.74 10.70 26.78 11.16 12.82 18.70 17.51 18.56 15.24
 5185.25 11.38 11.34 10.35 11.11 11.06 26.98 11.51 13.18 19.08 17.92 19.00 15.68
 5186.25 10.99 10.95  9.98 10.74 10.69 26.23 11.11 12.74 18.55 17.44 18.53 15.25
 5187.25 10.56 10.51  9.58 10.33 10.27 25.40 10.68 12.25 17.96 16.89 17.99 14.77
 5188.25 10.07 10.02  9.12  9.86  9.80 24.46 10.18 11.70 17.28 16.26 17.36 14.21
 5189.25  9.87  9.82  8.94  9.69  9.62 23.92  9.98 11.46 16.97 15.99 17.11 14.00
 5190.25 10.13 10.08  9.19  9.96  9.88 24.02 10.23 11.72 17.25 16.31 17.45 14.34
 5191.25 10.08 10.02  9.15  9.93  9.84 23.69 10.18 11.65 17.13 16.23 17.38 14.30
 5192.25 10.29 10.24  9.35 10.16 10.06 23.73 10.39 11.86 17.36 16.49 17.67 14.59
 5193.25 10.72 10.67  9.77 10.61 10.50 24.05 10.83 12.31 17.86 17.01 18.23 15.13
 5194.25 10.88 10.82  9.92 10.78 10.66 23.98 10.98 12.45 18.00 17.19 18.43 15.34
 5195.25 10.67 10.61  9.73 10.60 10.46 23.44 10.77 12.21 17.69 16.92 18.17 15.12
 5196.25 10.72 10.65  9.78 10.67 10.52 23.22 10.81 12.23 17.69 16.96 18.23 15.19
 5197.25 10.51 10.44  9.58 10.49 10.32 22.66 10.60 11.99 17.38 16.69 17.96 14.97
 5198.25  8.24  8.18  7.46  8.24  8.09 18.89  8.32  9.48 14.21 13.63 14.79 12.12
 5199.25  6.15  6.11  5.55  6.17  6.04 14.82  6.22  7.13 10.99 10.53 11.51  9.31
 5200.25  7.06  7.01  6.38  7.10  6.94 16.32  7.14  8.14 12.37 11.90 12.97 10.59
 5201.25  7.39  7.33  6.69  7.45  7.27 16.68  7.48  8.49 12.84 12.39 13.49 11.07
 5202.25  7.61  7.55  6.89  7.69  7.50 16.79  7.70  8.73 13.12 12.69 13.82 11.39
 5203.25  9.40  9.33  8.56  9.52  9.28 19.40  9.52 10.70 15.62 15.18 16.43 13.76
 5204.25  9.69  9.61  8.83  9.84  9.57 19.53  9.81 11.00 15.96 15.55 16.81 14.15
 5205.25 10.09 10.01  9.21 10.26  9.98 19.80 10.22 11.42 16.42 16.05 17.33 14.67
 5206.25 10.71 10.63  9.80 10.92 10.61 20.41 10.85 12.08 17.16 16.81 18.12 15.45
 5207.25 10.86 10.76  9.94 11.08 10.76 20.47 11.00 12.22 17.28 16.97 18.29 15.65
 5208.25 10.73 10.63  9.82 10.98 10.64 20.26 10.88 12.08 17.07 16.80 18.12 15.53
 5209.25 10.62 10.52  9.71 10.88 10.53 20.07 10.77 11.95 16.88 16.65 17.96 15.43
 5210.25 10.50 10.39  9.60 10.78 10.42 19.87 10.65 11.81 16.67 16.49 17.80 15.32
 5211.25 10.45 10.33  9.55 10.75 10.37 19.75 10.60 11.75 16.56 16.41 17.72 15.28
 5212.25 10.38 10.26  9.48 10.70 10.31 19.62 10.54 11.67 16.42 16.31 17.62 15.23
 5213.25 10.34 10.21  9.44 10.68 10.28 19.52 10.51 11.62 16.32 16.25 17.56 15.22
 5214.25 10.31 10.18  9.41 10.67 10.25 19.44 10.48 11.58 16.23 16.20 17.51 15.21
 5215.25 10.32 10.18  9.42 10.70 10.27 19.40 10.50 11.58 16.19 16.20 17.52 15.25
 5216.25 10.46 10.32  9.56 10.87 10.41 19.55 10.65 11.72 16.31 16.36 17.68 15.45
 5217.25 10.52 10.37  9.61 10.95 10.48 19.58 10.71 11.77 16.33 16.42 17.75 15.55
 5218.25 10.29 10.14  9.39 10.73 10.25 19.23 10.48 11.52 15.99 16.12 17.44 15.31
 5219.25 10.20 10.05  9.31 10.67 10.17 19.07 10.40 11.42 15.83 16.00 17.32 15.23
 5220.25 10.24 10.09  9.35 10.73 10.21 19.08 10.45 11.46 15.83 16.03 17.36 15.31
 5221.25 10.21 10.05  9.32 10.72 10.16 18.99 10.42 11.41 15.74 15.98 17.31 15.30
 5222.25 10.27 10.10  9.37 10.79 10.20 19.02 10.48 11.47 15.76 16.04 17.37 15.40
 5223.25 10.32 10.15  9.42 10.86 10.23 19.04 10.54 11.51 15.77 16.09 17.42 15.49
 5224.25 10.13  9.96  9.24 10.69 10.03 18.74 10.36 11.30 15.48 15.84 17.17 15.29
 5225.25  9.63  9.46  8.77 10.19  9.51 18.01  9.85 10.76 14.81 15.18 16.49 14.69
 5226.25  9.92  9.75  9.04 10.51  9.78 18.36 10.15 11.06 15.14 15.53 16.87 15.08
 5227.25 10.56 10.37  9.64 11.19 10.40 19.17 10.80 11.73 15.91 16.31 17.69 15.90
 5228.25 10.80 10.61  9.87 11.46 10.62 19.44 11.05 11.98 16.18 16.59 17.98 16.23
 5229.25 10.70 10.51  9.78 11.39 10.51 19.27 10.96 11.87 16.04 16.45 17.85 16.14
 5230.25 10.55 10.35  9.63 11.25 10.33 19.02 10.81 11.70 15.83 16.25 17.64 15.98
 5231.25 10.53 10.33  9.61 11.24 10.30 18.95 10.80 11.67 15.78 16.20 17.61 15.99
 5232.25 10.38 10.18  9.47 11.08 10.13 18.71 10.65 11.50 15.58 16.00 17.41 15.84
 5233.25 10.23 10.03  9.33 10.92  9.97 18.47 10.51 11.34 15.37 15.80 17.20 15.68
 5234.25 10.58 10.37  9.66 11.27 10.30 18.88 10.87 11.70 15.77 16.22 17.64 16.15
 5235.25 10.79 10.58  9.87 11.48 10.49 19.11 11.09 11.92 16.01 16.46 17.90 16.44
 5236.25 10.68 10.47  9.77 11.36 10.37 18.93 10.99 11.80 15.86 16.31 17.76 16.34
 5237.25 10.65 10.44  9.75 11.32 10.32 18.85 10.97 11.76 15.80 16.26 17.71 16.34
 5238.25 10.63 10.43  9.74 11.30 10.29 18.79 10.96 11.74 15.76 16.23 17.69 16.35
 5239.25 10.15  9.95  9.29 10.80  9.81 18.12 10.48 11.23 15.15 15.62 17.07 15.79
 5240.25  9.61  9.43  8.79 10.24  9.28 17.36  9.95 10.66 14.47 14.93 16.36 15.14
 5241.25 10.23 10.05  9.39 10.88  9.87 18.16 10.59 11.32 15.23 15.71 17.17 15.97
 5242.25 10.66 10.47  9.80 11.32 10.28 18.68 11.05 11.77 15.74 16.23 17.72 16.55
 5243.25 10.71 10.52  9.86 11.36 10.31 18.71 11.12 11.82 15.78 16.28 17.78 16.64
 5244.25 10.83 10.65  9.98 11.48 10.42 18.82 11.26 11.95 15.91 16.41 17.93 16.83
 5245.25 10.93 10.75 10.08 11.58 10.51 18.91 11.39 12.05 16.01 16.53 18.05 16.99
 5246.25 10.90 10.72 10.06 11.54 10.46 18.83 11.37 12.02 15.95 16.47 18.01 16.98
 5247.25 10.84 10.66 10.01 11.48 10.39 18.71 11.33 11.95 15.87 16.39 17.93 16.95
 5248.25 10.84 10.67 10.02 11.48 10.38 18.68 11.36 11.96 15.86 16.39 17.93 16.99
 5249.25 10.78 10.62  9.97 11.41 10.31 18.57 11.32 11.90 15.77 16.30 17.86 16.96
 5250.25 10.60 10.44  9.80 11.22 10.12 18.29 11.15 11.71 15.53 16.07 17.62 16.77
 5251.25 10.46 10.30  9.68 11.07  9.97 18.07 11.03 11.58 15.35 15.89 17.45 16.63
 5252.25 10.60 10.45  9.82 11.21 10.10 18.21 11.20 11.74 15.50 16.05 17.62 16.85
 5253.25 10.62 10.47  9.85 11.23 10.11 18.19 11.24 11.77 15.51 16.07 17.65 16.91
 5254.25 10.56 10.42  9.80 11.17 10.04 18.07 11.21 11.72 15.42 15.99 17.58 16.87
 5255.25 10.50 10.37  9.76 11.10  9.97 17.95 11.17 11.67 15.33 15.90 17.51 16.84
 5256.25 10.25 10.13  9.53 10.84  9.72 17.59 10.93 11.42 15.02 15.59 17.20 16.56
 5257.25  9.63  9.51  8.94 10.19  9.11 16.72 10.31 10.76 14.23 14.79 16.39 15.79
 5258.25  9.71  9.59  9.02 10.27  9.17 16.78 10.41 10.85 14.31 14.88 16.50 15.92
 5259.25 10.22 10.11  9.52 10.80  9.65 17.42 10.96 11.41 14.93 15.52 17.18 16.63
 5260.25 10.34 10.24  9.64 10.92  9.76 17.53 11.11 11.55 15.06 15.66 17.34 16.82
 5261.25 10.31 10.21  9.62 10.88  9.72 17.45 11.10 11.53 15.01 15.61 17.31 16.82
 5262.25 10.36 10.27  9.68 10.93  9.77 17.47 11.18 11.60 15.05 15.66 17.38 16.93
 5263.25 10.56 10.47  9.88 11.13  9.96 17.68 11.41 11.82 15.28 15.90 17.64 17.22
 5264.25 10.71 10.62 10.03 11.29 10.10 17.83 11.59 11.99 15.44 16.07 17.84 17.45
 5265.25 10.82 10.74 10.15 11.39 10.20 17.92 11.72 12.12 15.55 16.19 17.98 17.62
 5266.25 10.86 10.79 10.20 11.43 10.23 17.93 11.79 12.18 15.59 16.23 18.04 17.71
 5267.25 10.90 10.84 10.25 11.47 10.27 17.94 11.86 12.24 15.63 16.28 18.10 17.81
 5268.25 10.83 10.78 10.20 11.40 10.20 17.82 11.82 12.18 15.53 16.19 18.03 17.76
 5269.25 10.68 10.64 10.08 11.24 10.06 17.59 11.69 12.03 15.34 16.00 17.85 17.63
 5270.25 10.84 10.80 10.25 11.38 10.21 17.75 11.88 12.22 15.52 16.19 18.06 17.87
 5271.25 10.96 10.93 10.39 11.48 10.32 17.85 12.03 12.36 15.65 16.33 18.22 18.06
 5272.25 10.62 10.60 10.08 11.11  9.99 17.39 11.69 12.01 15.23 15.91 17.80 17.67
 5273.25 10.41 10.40  9.90 10.88  9.79 17.09 11.51 11.81 14.97 15.65 17.56 17.46
 5274.25 10.47 10.47  9.98 10.92  9.85 17.13 11.60 11.88 15.04 15.72 17.64 17.58
 5275.25 10.46 10.47  9.99 10.89  9.84 17.07 11.61 11.89 15.02 15.70 17.64 17.61
 5276.25 10.16 10.17  9.71 10.56  9.54 16.65 11.31 11.57 14.66 15.33 17.26 17.26
 5277.25  9.94  9.96  9.52 10.32  9.33 16.32 11.10 11.35 14.40 15.07 16.98 17.02
 5278.25  9.99 10.02  9.59 10.35  9.38 16.35 11.18 11.42 14.47 15.16 17.06 17.13
 5279.25 10.29 10.34  9.91 10.64  9.67 16.70 11.54 11.77 14.86 15.56 17.47 17.57
 5280.25 10.39 10.44 10.02 10.71  9.76 16.78 11.66 11.88 14.98 15.69 17.60 17.73
 5281.25 10.38 10.44 10.04 10.69  9.75 16.73 11.68 11.89 14.98 15.71 17.61 17.77
 5282.25 10.49 10.56 10.16 10.77  9.85 16.82 11.82 12.02 15.12 15.86 17.75 17.94
 5283.25 10.56 10.65 10.26 10.83  9.93 16.88 11.93 12.12 15.22 15.98 17.86 18.09
 5284.25 10.63 10.73 10.34 10.87  9.98 16.91 12.02 12.20 15.31 16.08 17.95 18.21
 5285.25 10.72 10.84 10.45 10.95 10.07 16.99 12.15 12.32 15.43 16.21 18.08 18.37
 5286.25 10.63 10.75 10.38 10.83  9.98 16.83 12.07 12.23 15.33 16.12 17.97 18.30
 5287.25 10.54 10.69 10.32 10.73  9.90 16.69 12.01 12.16 15.24 16.04 17.88 18.24
 5288.25 10.52 10.67 10.32 10.68  9.87 16.62 12.00 12.14 15.22 16.04 17.86 18.25
 5289.25 10.51 10.68 10.34 10.66  9.87 16.57 12.02 12.16 15.23 16.05 17.87 18.29
 5290.25 10.60 10.79 10.45 10.73  9.95 16.64 12.13 12.27 15.34 16.18 17.99 18.45
 5291.25 10.57 10.77 10.44 10.67  9.92 16.55 12.11 12.25 15.32 16.17 17.96 18.45
 5292.25 10.43 10.64 10.32 10.51  9.79 16.33 11.98 12.12 15.16 16.02 17.80 18.32
 5293.25 10.41 10.63 10.32 10.47  9.76 16.25 11.97 12.10 15.14 16.02 17.78 18.33
 5294.25 10.43 10.66 10.35 10.46  9.78 16.21 12.01 12.14 15.17 16.06 17.81 18.39
 5295.25 10.31 10.55 10.25 10.32  9.66 16.00 11.89 12.02 15.04 15.93 17.67 18.28
 5296.25 10.32 10.57 10.28 10.31  9.66 15.96 11.92 12.04 15.06 15.96 17.69 18.33
 5297.25 10.43 10.69 10.41 10.39  9.76 16.03 12.05 12.17 15.20 16.12 17.84 18.51
 5298.25 10.53 10.81 10.53 10.47  9.86 16.09 12.17 12.28 15.32 16.26 17.97 18.68
 5299.25 10.39 10.68 10.41 10.30  9.72 15.86 12.03 12.14 15.16 16.10 17.80 18.54
 5300.25 10.02 10.30 10.05  9.91  9.36 15.33 11.64 11.73 14.71 15.65 17.32 18.08
 5301.25 10.04 10.34 10.09  9.90  9.39 15.30 11.68 11.76 14.74 15.70 17.35 18.15
 5302.25 10.26 10.57 10.33 10.10  9.61 15.51 11.93 12.01 15.02 15.99 17.65 18.48
 5303.25 10.26 10.58 10.36 10.07  9.62 15.45 11.94 12.01 15.02 16.01 17.66 18.52
 5304.25 10.19 10.51 10.31  9.97  9.56 15.29 11.87 11.93 14.94 15.93 17.56 18.46
 5305.25 10.08 10.41 10.24  9.84  9.46 15.10 11.77 11.82 14.82 15.82 17.43 18.36
 5306.25 10.05 10.39 10.25  9.79  9.44 15.00 11.75 11.79 14.78 15.80 17.40 18.35
 5307.25 10.07 10.42 10.30  9.80  9.47 14.96 11.79 11.82 14.82 15.84 17.44 18.42
 5308.25 10.08 10.44 10.34  9.79  9.49 14.91 11.80 11.83 14.83 15.86 17.48 18.46
 5309.25 10.09 10.46 10.39  9.80  9.51 14.86 11.83 11.85 14.85 15.90 17.55 18.52
 5310.25 10.10 10.48 10.43  9.79  9.53 14.80 11.85 11.86 14.86 15.92 17.60 18.56
 5311.25 10.09 10.48 10.45  9.77  9.53 14.73 11.85 11.85 14.86 15.93 17.64 18.59
 5312.25  9.99 10.39 10.39  9.66  9.44 14.55 11.76 11.75 14.74 15.82 17.55 18.49
 5313.25  9.88 10.27 10.30  9.54  9.34 14.34 11.64 11.62 14.60 15.69 17.44 18.37
 5314.25  9.73 10.12 10.18  9.38  9.21 14.09 11.49 11.46 14.42 15.51 17.29 18.20
 5315.25  9.85 10.24 10.34  9.48  9.33 14.18 11.63 11.60 14.57 15.68 17.49 18.40
 5316.25 10.11 10.50 10.64  9.73  9.59 14.43 11.92 11.88 14.90 16.02 17.88 18.78
 5317.25 10.17 10.56 10.74  9.78  9.66 14.44 12.01 11.96 14.98 16.12 18.01 18.90
 5318.25 10.13 10.51 10.73  9.73  9.63 14.33 11.97 11.92 14.93 16.08 18.00 18.88
 5319.25 10.01 10.38 10.64  9.60  9.52 14.12 11.85 11.78 14.78 15.94 17.88 18.75
 5320.25 10.01 10.37 10.68  9.59  9.53 14.05 11.86 11.78 14.79 15.96 17.93 18.77
 5321.25 10.03 10.39 10.73  9.60  9.56 14.01 11.89 11.81 14.82 16.00 18.00 18.82
 5322.25 10.10 10.45 10.83  9.65  9.64 14.03 11.97 11.88 14.90 16.09 18.13 18.93
 5323.25 10.13 10.47 10.90  9.66  9.67 13.99 12.01 11.92 14.93 16.14 18.21 18.99
 5324.25 10.01 10.35 10.81  9.54  9.57 13.79 11.90 11.79 14.80 16.01 18.10 18.86
 5325.25 10.08 10.41 10.91  9.59  9.64 13.80 11.98 11.86 14.87 16.11 18.23 18.97
 5326.25 10.12 10.44 10.98  9.61  9.69 13.78 12.03 11.91 14.92 16.17 18.33 19.05
 5327.25 10.13 10.44 11.03  9.61  9.71 13.73 12.05 11.92 14.93 16.20 18.38 19.08
 5328.25 10.31 10.61 11.24  9.77  9.89 13.86 12.25 12.11 15.13 16.43 18.65 19.34
 5329.25 10.77 11.06 11.75 10.20 10.34 14.32 12.76 12.61 15.67 17.03 19.28 19.95
 5330.25 10.75 11.03 11.76 10.16 10.32 14.22 12.74 12.58 15.64 17.06 19.29 19.94
 5331.25 10.05 10.32 11.06  9.48  9.65 13.35 11.99 11.82 14.79 16.24 18.43 19.04
 5332.25  9.78 10.03 10.80  9.20  9.39 12.95 11.69 11.52 14.44 15.94 18.09 18.68
 5333.25 10.14 10.38 11.21  9.53  9.75 13.31 12.12 11.91 14.88 16.46 18.62 19.20
 5334.25 10.40 10.64 11.52  9.76 10.01 13.56 12.44 12.20 15.19 16.84 19.01 19.57
 5335.25 10.33 10.56 11.48  9.68  9.95 13.44 12.40 12.12 15.09 16.81 18.95 19.49
 5336.25 10.25 10.47 11.42  9.59  9.88 13.33 12.35 12.03 14.99 16.76 18.88 19.40
 5337.25 10.34 10.55 11.55  9.66  9.97 13.40 12.48 12.13 15.08 16.92 19.04 19.54
 5338.25 10.40 10.59 11.67  9.70 10.03 13.44 12.58 12.19 15.14 17.05 19.15 19.63
 5339.25 10.35 10.53 11.67  9.64  9.99 13.35 12.56 12.13 15.07 17.04 19.12 19.58
 5340.25 10.36 10.53 11.74  9.63 10.00 13.33 12.61 12.14 15.07 17.10 19.17 19.61
 5341.25 10.58 10.74 12.04  9.82 10.21 13.55 12.89 12.37 15.33 17.43 19.50 19.92
 5342.25 10.66 10.82 12.20  9.89 10.28 13.62 13.02 12.46 15.42 17.59 19.64 20.04
 5343.25 10.45 10.59 12.03  9.67 10.06 13.35 12.81 12.22 15.15 17.37 19.40 19.78
 5344.25 10.28 10.41 11.91  9.50  9.90 13.13 12.66 12.04 14.94 17.21 19.22 19.58
 5345.25 10.26 10.38 11.95  9.47  9.87 13.07 12.67 12.00 14.91 17.24 19.23 19.56
 5346.25 10.26 10.37 12.01  9.46  9.86 13.05 12.71 11.99 14.90 17.29 19.27 19.59
 5347.25 10.24 10.34 12.04  9.43  9.83 12.99 12.72 11.95 14.86 17.31 19.27 19.57
 5348.25 10.16 10.25 12.02  9.34  9.75 12.87 12.66 11.85 14.75 17.26 19.20 19.48
 5349.25 10.23 10.32 12.16  9.41  9.81 12.93 12.78 11.91 14.84 17.41 19.34 19.60
 5350.25 10.27 10.35 12.26  9.43  9.84 12.94 12.86 11.94 14.87 17.50 19.42 19.66
 5351.25 10.08 10.16 12.11  9.25  9.65 12.70 12.68 11.72 14.63 17.31 19.21 19.43
 5352.25 10.03 10.10 12.12  9.19  9.60 12.62 12.66 11.65 14.56 17.30 19.18 19.38
 5353.25 10.12 10.18 12.27  9.26  9.67 12.68 12.79 11.73 14.66 17.46 19.33 19.51
 5354.25 10.18 10.23 12.40  9.31  9.72 12.72 12.89 11.78 14.72 17.58 19.44 19.60
 5355.25 10.14 10.19 12.42  9.27  9.68 12.65 12.88 11.73 14.67 17.59 19.43 19.57
 5356.25 10.09 10.14 12.43  9.22  9.63 12.57 12.87 11.67 14.60 17.58 19.41 19.53
 5357.25 10.06 10.11 12.46  9.18  9.59 12.51 12.87 11.62 14.56 17.59 19.40 19.51
 5358.25  9.97 10.01 12.41  9.09  9.50 12.38 12.80 11.51 14.44 17.52 19.31 19.40
 5359.25  9.99 10.03 12.50  9.10  9.51 12.38 12.86 11.52 14.46 17.60 19.38 19.45
 5360.25 10.06 10.10 12.65  9.17  9.58 12.44 12.98 11.59 14.55 17.76 19.53 19.58
 5361.25 10.10 10.14 12.76  9.21  9.62 12.46 13.07 11.63 14.59 17.87 19.63 19.66
 5362.25 10.09 10.12 12.81  9.19  9.60 12.42 13.09 11.60 14.57 17.91 19.64 19.66
 5363.25 10.15 10.18 12.94  9.24  9.66 12.47 13.20 11.66 14.64 18.04 19.74 19.76
 5364.25 10.23 10.26 13.09  9.31  9.73 12.53 13.33 11.73 14.73 18.19 19.85 19.89
 5365.25 10.22 10.25 13.15  9.30  9.72 12.50 13.36 11.72 14.71 18.24 19.85 19.90
 5366.25 10.26 10.28 13.25  9.33  9.75 12.51 13.44 11.75 14.76 18.35 19.90 19.98
 5367.25 10.24 10.27 13.30  9.31  9.74 12.47 13.46 11.72 14.73 18.38 19.89 19.98
 5368.25 10.16 10.18 13.27  9.23  9.65 12.36 13.40 11.62 14.63 18.33 19.78 19.89
 5369.25 10.16 10.17 13.33  9.22  9.64 12.33 13.44 11.61 14.62 18.37 19.78 19.90
 5370.25 10.22 10.24 13.47  9.28  9.71 12.38 13.55 11.67 14.70 18.52 19.87 20.02
 5371.25 10.38 10.39 13.71  9.42  9.85 12.52 13.77 11.83 14.88 18.78 20.08 20.25
 5372.25 10.49 10.50 13.92  9.52  9.96 12.62 13.94 11.94 15.01 18.97 20.23 20.42
 5373.25 10.39 10.40 13.90  9.42  9.86 12.49 13.86 11.82 14.88 18.90 20.11 20.31
 5374.25 10.24 10.25 13.85  9.27  9.71 12.30 13.73 11.65 14.70 18.76 19.91 20.13
 5375.25 10.22 10.22 13.94  9.24  9.68 12.24 13.73 11.61 14.66 18.77 19.88 20.12
 5376.25 10.18 10.18 14.01  9.20  9.64 12.17 13.72 11.56 14.60 18.77 19.83 20.08
 5377.25 10.21 10.21 14.17  9.23  9.67 12.18 13.81 11.59 14.62 18.87 19.87 20.14
 5378.25 10.32 10.31 14.43  9.32  9.77 12.28 14.03 11.69 14.74 19.07 20.03 20.30
 5379.25 10.41 10.40 14.66  9.40  9.85 12.35 14.25 11.78 14.84 19.24 20.15 20.43
 5380.25 10.32 10.32 14.68  9.32  9.76 12.24 14.26 11.68 14.72 19.18 20.04 20.33
 5381.25 10.31 10.31 14.78  9.30  9.75 12.20 14.36 11.65 14.69 19.21 20.02 20.31
 5382.25 10.41 10.42 15.03  9.40  9.85 12.29 14.60 11.76 14.81 19.41 20.17 20.47
 5383.25 10.42 10.42 15.15  9.40  9.85 12.27 14.72 11.75 14.79 19.47 20.17 20.48
 5384.25 10.41 10.41 15.26  9.39  9.84 12.24 14.83 11.73 14.77 19.51 20.17 20.49
 5385.25 10.45 10.45 15.43  9.42  9.87 12.26 14.99 11.76 14.80 19.62 20.22 20.55
 5386.25 10.35 10.36 15.43  9.32  9.77 12.13 14.99 11.65 14.67 19.54 20.10 20.43
 5387.25 10.33 10.34 15.53  9.30  9.75 12.08 15.08 11.62 14.64 19.57 20.07 20.41
 5388.25 10.30 10.31 15.60  9.27  9.72 12.02 15.15 11.57 14.58 19.58 20.03 20.38
 5389.25 10.31 10.32 15.74  9.28  9.73 12.01 15.27 11.57 14.58 19.65 20.05 20.40
 5390.25 10.37 10.39 15.93  9.33  9.79 12.05 15.46 11.63 14.65 19.79 20.14 20.50
 5391.25 10.34 10.36 16.01  9.30  9.75 11.99 15.54 11.59 14.59 19.80 20.10 20.47
 5392.25 10.34 10.35 16.12  9.29  9.74 11.96 15.64 11.58 14.57 19.85 20.10 20.47
 5393.25 10.36 10.38 16.27  9.31  9.76 11.97 15.78 11.60 14.59 19.94 20.13 20.52
 5394.25 10.34 10.36 16.36  9.29  9.74 11.92 15.87 11.57 14.55 19.97 20.11 20.50
 5395.25 10.36 10.38 16.50  9.30  9.76 11.92 16.00 11.59 14.57 20.05 20.14 20.54
 5396.25 10.35 10.38 16.60  9.29  9.75 11.88 16.10 11.58 14.54 20.09 20.13 20.54
 5397.25 10.29 10.32 16.64  9.23  9.69 11.79 16.13 11.51 14.45 20.06 20.05 20.46
 5398.25 10.35 10.38 16.83  9.28  9.74 11.83 16.31 11.56 14.51 20.19 20.13 20.55
 5399.25 10.32 10.34 16.90  9.25  9.70 11.77 16.38 11.52 14.46 20.20 20.09 20.52
 5400.25 10.16 10.19 16.82  9.10  9.55 11.58 16.29 11.35 14.26 20.05 19.89 20.32
 5401.25 10.18 10.21 16.96  9.12  9.57 11.58 16.43 11.37 14.27 20.13 19.92 20.36
 5402.25 10.25 10.28 17.15  9.18  9.63 11.62 16.62 11.44 14.33 20.27 20.01 20.46
 5403.25 10.21 10.24 17.21  9.13  9.58 11.55 16.67 11.39 14.27 20.26 19.95 20.41
 5404.25 10.25 10.28 17.37  9.16  9.62 11.57 16.82 11.42 14.30 20.37 20.01 20.47
 5405.25 10.42 10.46 17.70  9.32  9.78 11.73 17.14 11.60 14.49 20.65 20.24 20.71
 5406.25 10.50 10.54 17.91  9.39  9.86 11.79 17.35 11.68 14.57 20.81 20.35 20.83
 5407.25 10.43 10.47 17.91  9.33  9.79 11.69 17.37 11.61 14.48 20.77 20.26 20.75
 5408.25 10.26 10.30 17.69  9.16  9.62 11.48 17.25 11.42 14.26 20.59 20.03 20.52
 5409.25 10.18 10.22 17.54  9.09  9.54 11.38 17.26 11.33 14.16 20.54 19.93 20.43
 5410.25 10.23 10.28 17.54  9.13  9.59 11.41 17.43 11.38 14.20 20.66 20.01 20.51
 5411.25 10.28 10.32 17.54  9.17  9.63 11.43 17.59 11.43 14.24 20.77 20.07 20.58
 5412.25 10.25 10.29 17.44  9.14  9.60 11.38 17.66 11.40 14.20 20.79 20.04 20.56
 5413.25 10.19 10.22 17.30  9.08  9.54 11.28 17.68 11.33 14.11 20.76 19.96 20.48
 5414.25 10.10 10.12 17.12  9.00  9.45 11.17 17.66 11.23 13.99 20.69 19.84 20.37
 5415.25 10.14 10.15 17.10  9.03  9.48 11.18 17.81 11.26 14.02 20.78 19.89 20.43
 5416.25 10.24 10.24 17.17  9.11  9.57 11.26 18.04 11.36 14.12 20.97 20.02 20.57
 5417.25 10.20 10.19 17.05  9.07  9.53 11.19 18.09 11.31 14.06 20.96 19.97 20.53
 5418.25 10.14 10.11 16.90  9.01  9.46 11.09 18.10 11.23 13.96 20.92 19.87 20.44
 5419.25 10.20 10.16 16.91  9.06  9.51 11.13 18.27 11.29 14.02 21.05 19.94 20.53
 5420.25 10.24 10.18 16.89  9.09  9.54 11.16 18.41 11.32 14.04 21.14 19.97 20.58
 5421.25 10.25 10.19 16.84  9.10  9.56 11.16 18.53 11.33 14.04 21.21 19.98 20.61
 5422.25 10.24 10.16 16.75  9.09  9.54 11.13 18.62 11.31 14.01 21.24 19.95 20.60
 5423.25 10.23 10.14 16.67  9.08  9.54 11.11 18.77 11.29 13.98 21.27 19.92 20.59
 5424.25 10.28 10.18 16.67  9.12  9.59 11.15 19.02 11.34 14.03 21.40 19.98 20.67
 5425.25 10.45 10.33 16.81  9.28  9.75 11.31 19.42 11.51 14.20 21.66 20.19 20.90
 5426.25 10.49 10.36 16.79  9.31  9.79 11.34 19.67 11.54 14.24 21.77 20.23 20.96
 5427.25 10.38 10.24 16.59  9.21  9.68 11.22 19.71 11.42 14.09 21.67 20.07 20.82
 5428.25 10.31 10.16 16.43  9.14  9.62 11.13 19.80 11.34 13.98 21.62 19.96 20.73
 5429.25 10.39 10.23 16.46  9.22  9.69 11.20 20.09 11.42 14.06 21.77 20.06 20.85
 5430.25 10.60 10.42 16.64  9.40  9.89 11.40 20.54 11.62 14.28 22.09 20.31 21.12
 5431.25 10.74 10.54 16.74  9.53 10.03 11.53 20.91 11.77 14.42 22.32 20.48 21.31
 5432.25 10.56 10.35 16.45  9.36  9.85 11.33 20.85 11.57 14.19 22.13 20.23 21.08
 5433.25 10.45 10.24 16.25  9.26  9.75 11.21 20.89 11.45 14.05 22.03 20.08 20.95
 5434.25 10.50 10.27 16.24  9.31  9.80 11.25 21.13 11.49 14.09 22.09 20.13 21.01
 5435.25 10.51 10.27 16.18  9.32  9.81 11.24 21.32 11.50 14.08 22.06 20.13 21.02
 5436.25 10.49 10.23 16.08  9.29  9.78 11.20 21.46 11.46 14.02 21.97 20.08 20.97
 5437.25 10.38 10.11 15.87  9.18  9.68 11.07 21.49 11.34 13.88 21.76 19.92 20.81
 5438.25 10.34 10.06 15.75  9.15  9.65 11.02 21.61 11.29 13.82 21.66 19.86 20.75
 5439.25 10.28  9.99 15.60  9.09  9.58 10.94 21.70 11.22 13.72 21.52 19.76 20.65
 5440.25 10.17  9.87 15.40  8.98  9.48 10.81 21.72 11.10 13.57 21.32 19.60 20.49
 5441.25 10.12  9.81 15.27  8.94  9.44 10.75 21.82 11.05 13.50 21.20 19.52 20.42
 5442.25 10.11  9.78 15.18  8.93  9.42 10.73 21.97 11.04 13.46 21.13 19.49 20.39
 5443.25 10.05  9.72 15.03  8.87  9.37 10.66 22.06 10.98 13.38 20.99 19.41 20.30
 5444.25 10.04  9.70 14.93  8.86  9.36 10.63 22.21 10.97 13.35 20.92 19.38 20.28
 5445.25 10.04  9.68 14.85  8.86  9.36 10.62 22.37 10.96 13.32 20.87 19.36 20.26
 5446.25 10.12  9.75 14.86  8.93  9.43 10.68 22.65 11.04 13.39 20.92 19.45 20.36
 5447.25 10.27  9.89 14.97  9.07  9.58 10.83 23.03 11.20 13.56 21.08 19.65 20.56
 5448.25 10.39 10.00 15.03  9.18  9.70 10.94 23.36 11.33 13.68 21.19 19.80 20.72
 5449.25 10.26  9.86 14.79  9.06  9.58 10.80 23.35 11.19 13.51 20.96 19.61 20.53
 5450.25 10.06  9.65 14.46  8.87  9.38 10.57 23.22 10.98 13.25 20.62 19.32 20.24
 5451.25  9.94  9.53 14.23  8.76  9.27 10.44 23.22 10.85 13.10 20.41 19.15 20.07
 5452.25  9.89  9.47 14.09  8.71  9.23 10.38 23.31 10.80 13.02 20.29 19.07 19.99
 5453.25  9.95  9.52 14.08  8.77  9.29 10.43 23.56 10.87 13.08 20.32 19.15 20.07
 5454.25 10.01  9.57 14.07  8.83  9.35 10.48 23.81 10.93 13.13 20.35 19.22 20.15
 5455.25 10.02  9.57 14.00  8.83  9.36 10.48 23.98 10.94 13.12 20.31 19.22 20.15
 5456.25 10.14  9.68 14.06  8.94  9.48 10.59 24.31 11.07 13.24 20.43 19.37 20.31
 5457.25 10.28  9.80 14.13  9.07  9.61 10.72 24.66 11.21 13.38 20.56 19.54 20.48
 5458.25 10.14  9.66 13.88  8.94  9.48 10.56 24.62 11.06 13.21 20.32 19.34 20.29
 5459.25 10.01  9.52 13.64  8.82  9.35 10.42 24.59 10.93 13.03 20.08 19.16 20.10
 5460.25  9.94  9.44 13.47  8.76  9.29 10.33 24.64 10.85 12.93 19.93 19.05 19.99
 5461.25  9.90  9.40 13.34  8.72  9.25 10.29 24.74 10.81 12.87 19.83 18.98 19.93
 5462.25  9.92  9.41 13.29  8.74  9.28 10.31 24.93 10.83 12.88 19.81 19.00 19.95
 5463.25 10.06  9.53 13.35  8.86  9.41 10.45 25.27 10.97 13.02 19.93 19.17 20.13
 5464.25 10.25  9.70 13.49  9.04  9.60 10.65 25.70 11.18 13.22 20.14 19.42 20.38
 5465.25 10.29  9.73 13.45  9.08  9.64 10.70 25.91 11.22 13.25 20.14 19.46 20.43
 5466.25 10.16  9.60 13.21  8.96  9.52 10.57 25.87 11.08 13.08 19.91 19.27 20.24
 5467.25 10.11  9.54 13.06  8.91  9.47 10.52 25.88 11.02 13.00 19.79 19.19 20.16
 5468.25 10.10  9.52 12.97  8.91  9.47 10.52 25.83 11.02 12.98 19.73 19.17 20.14
 5469.25 10.03  9.45 12.81  8.84  9.41 10.45 26.27 10.95 12.88 19.58 19.07 20.04
 5470.25 10.00  9.40 12.67  8.81  9.38 10.42 30.35 10.91 12.82 19.48 19.01 19.98
 5471.25 10.05  9.44 12.64  8.86  9.44 10.47 36.13 10.96 12.86 19.49 19.07 20.04
 5472.25 10.13  9.52 12.65  8.94  9.52 10.57 38.01 11.05 12.94 19.56 19.17 20.15
 5473.25 10.22  9.59 12.66  9.02  9.61 10.66 38.03 11.14 13.02 19.62 19.27 20.26
 5474.25 10.32  9.68 12.69  9.11  9.71 10.77 37.91 11.25 13.12 19.70 19.39 20.39
 5475.25 10.36  9.71 12.64  9.15  9.76 10.81 37.70 11.29 13.15 19.70 19.42 20.43
 5476.25 10.35  9.68 12.53  9.14  9.75 10.80 37.41 11.28 13.13 19.62 19.39 20.41
 5477.25 10.44  9.77 12.55  9.22  9.84 10.90 37.27 11.37 13.23 19.69 19.49 20.52
 5478.25 10.58  9.89 12.64  9.34  9.97 11.04 37.17 11.51 13.37 19.80 19.64 20.68
 5479.25 10.50  9.81 12.51  9.27  9.90 10.96 36.80 11.42 13.27 19.65 19.52 20.57
 5480.25 10.39  9.70 12.36  9.17  9.80 10.85 36.38 11.31 13.14 19.45 19.36 20.42
 5481.25 10.34  9.65 12.27  9.12  9.75 10.80 36.03 11.26 13.08 19.32 19.28 20.34
 5482.25 10.41  9.71 12.30  9.18  9.81 10.87 35.84 11.32 13.14 19.35 19.34 20.41
 5483.25 10.46  9.76 12.32  9.23  9.87 10.93 35.64 11.38 13.19 19.37 19.39 20.47
 5484.25 10.41  9.70 12.22  9.17  9.82 10.88 35.28 11.32 13.12 19.24 19.30 20.39
 5485.25 10.33  9.62 12.10  9.10  9.74 10.80 34.90 11.23 13.03 19.08 19.18 20.27
 5486.25 10.27  9.56 12.00  9.04  9.69 10.74 34.53 11.17 12.95 18.95 19.08 20.18
 5487.25 10.23  9.51 11.92  9.00  9.65 10.70 34.18 11.13 12.89 18.86 19.00 20.11
 5488.25 10.26  9.54 11.91  9.03  9.68 10.73 33.93 11.17 12.92 18.87 19.02 20.14
 5489.25 10.34  9.61 11.96  9.10  9.76 10.81 33.75 11.25 13.00 18.95 19.11 20.23
 5490.25 10.32  9.58 11.89  9.08  9.74 10.79 33.42 11.24 12.97 18.89 19.06 20.19
 5491.25 10.21  9.47 11.74  8.97  9.64 10.68 32.98 11.13 12.84 18.72 18.89 20.04
 5492.25 10.06  9.33 11.55  8.84  9.50 10.54 32.48 10.98 12.66 18.50 18.68 19.84
 5493.25 10.04  9.30 11.48  8.81  9.47 10.51 32.13 10.96 12.62 18.44 18.62 19.79
 5494.25 10.09  9.35 11.50  8.87  9.53 10.57 31.92 11.03 12.68 18.49 18.68 19.87
 5495.25 10.08  9.33 11.45  8.85  9.52 10.56 31.60 11.02 12.66 18.45 18.64 19.85
 5496.25 10.01  9.26 11.34  8.79  9.45 10.49 31.18 10.95 12.57 18.32 18.53 19.75
 5497.25  9.97  9.22 11.26  8.75  9.42 10.45 30.82 10.91 12.52 18.24 18.45 19.69
 5498.25  9.98  9.22 11.23  8.76  9.43 10.46 30.51 10.92 12.51 18.22 18.44 19.70
 5499.25  9.96  9.20 11.17  8.75  9.42 10.44 30.18 10.91 12.49 18.18 18.40 19.67
 5500.25  9.84  9.08 11.01  8.64  9.30 10.32 29.68 10.79 12.34 17.99 18.22 19.50
 5501.25  9.78  9.01 10.90  8.58  9.25 10.25 29.26 10.73 12.26 17.87 18.11 19.41
 5502.25  9.85  9.08 10.94  8.64  9.34 10.33 29.05 10.81 12.34 17.95 18.19 19.51
 5503.25  9.93  9.15 10.99  8.72  9.44 10.42 28.85 10.90 12.42 18.03 18.28 19.62
 5504.25  9.93  9.14 10.95  8.72  9.45 10.42 28.52 10.90 12.41 18.00 18.25 19.61
 5505.25  9.90  9.11 10.88  8.69  9.43 10.40 28.14 10.88 12.37 17.93 18.19 19.56
 5506.25  9.88  9.07 10.81  8.66  9.42 10.37 27.76 10.85 12.32 17.86 18.13 19.52
 5507.25  9.93  9.11 10.81  8.70  9.47 10.42 27.49 10.90 12.36 17.89 18.17 19.57
 5508.25 10.03  9.19 10.87  8.79  9.58 10.53 27.29 11.01 12.46 17.99 18.27 19.70
 5509.25 10.05  9.20 10.85  8.80  9.61 10.55 26.97 11.02 12.46 17.98 18.27 19.71
 5510.25 10.00  9.15 10.75  8.75  9.57 10.50 26.54 10.97 12.39 17.88 18.17 19.63
 5511.25 10.00  9.14 10.71  8.74  9.58 10.50 26.19 10.97 12.38 17.85 18.15 19.62
 5512.25  9.97  9.11 10.64  8.72  9.56 10.47 25.85 10.94 12.33 17.78 18.08 19.57
 5513.25 10.04  9.16 10.67  8.77  9.63 10.54 25.77 11.00 12.39 17.82 18.14 19.65
 5514.25 10.15  9.26 10.76  8.87  9.75 10.66 25.85 11.12 12.50 17.94 18.26 19.79
 5515.25 10.17  9.27 10.75  8.87  9.77 10.67 25.82 11.14 12.50 17.92 18.25 19.80
 5516.25 10.19  9.29 10.75  8.89  9.80 10.70 25.79 11.16 12.51 17.92 18.26 19.82
 5517.25 10.20  9.29 10.74  8.89  9.82 10.71 25.75 11.17 12.51 17.90 18.24 19.82
 5518.25 10.18  9.27 10.69  8.87  9.81 10.69 25.67 11.15 12.47 17.84 18.19 19.79
 5519.25 10.14  9.22 10.62  8.83  9.78 10.65 25.54 11.10 12.41 17.75 18.10 19.71
 5520.25 10.17  9.24 10.62  8.84  9.81 10.67 25.52 11.13 12.42 17.74 18.10 19.73
 5521.25 10.27  9.33 10.71  8.93  9.92 10.78 25.61 11.24 12.52 17.85 18.21 19.87
 5522.25 10.32  9.36 10.72  8.97  9.97 10.83 25.62 11.28 12.55 17.87 18.24 19.91
 5523.25 10.35  9.38 10.73  8.99 10.01 10.86 25.60 11.31 12.57 17.87 18.25 19.94
 5524.25 10.36  9.39 10.71  8.99 10.03 10.87 25.55 11.32 12.57 17.85 18.23 19.94
 5525.25 10.35  9.37 10.68  8.98 10.03 10.87 25.48 11.31 12.55 17.80 18.20 19.92
 5526.25 10.34  9.35 10.64  8.96 10.03 10.85 25.40 11.29 12.53 17.75 18.15 19.89
 5527.25 10.29  9.30 10.57  8.92  9.99 10.80 25.28 11.24 12.47 17.65 18.06 19.81
 5528.25 10.35  9.35 10.60  8.96 10.05 10.86 25.30 11.30 12.53 17.69 18.12 19.87
 5529.25 10.55  9.53 10.78  9.14 10.26 11.07 25.52 11.51 12.75 17.92 18.39 20.13
 5530.25 10.63  9.60 10.84  9.21 10.35 11.16 25.57 11.60 12.84 17.98 18.50 20.23
 5531.25 10.52  9.49 10.70  9.10 10.25 11.04 25.36 11.48 12.71 17.81 18.36 20.07
 5532.25 10.50  9.46 10.65  9.08 10.23 11.02 25.27 11.45 12.68 17.74 18.32 20.03
 5533.25 10.54  9.50 10.66  9.11 10.28 11.06 25.27 11.50 12.73 17.76 18.38 20.07
 5534.25 10.53  9.48 10.63  9.10 10.28 11.05 25.19 11.49 12.71 17.71 18.37 20.05
 5535.25 10.53  9.47 10.59  9.09 10.28 11.05 25.12 11.49 12.70 17.67 18.36 20.03
 5536.25 10.58  9.51 10.62  9.14 10.34 11.10 25.14 11.55 12.76 17.70 18.43 20.09
 5537.25 10.58  9.49 10.59  9.12 10.34 11.09 25.07 11.55 12.75 17.66 18.43 20.07
 5538.25 10.49  9.40 10.47  9.04 10.26 11.00 24.88 11.47 12.64 17.51 18.31 19.93
 5539.25 10.45  9.35 10.39  8.99 10.22 10.95 24.75 11.42 12.58 17.42 18.24 19.85
 5540.25 10.44  9.33 10.36  8.98 10.22 10.94 24.68 11.42 12.57 17.40 18.24 19.84
 5541.25 10.43  9.31 10.32  8.96 10.22 10.92 24.59 11.41 12.55 17.37 18.22 19.80
 5542.25 10.29  9.17 10.15  8.83 10.09 10.78 24.33 11.27 12.38 17.17 18.03 19.59
 5543.25  9.85  8.75  9.68  8.42  9.66 10.32 23.61 10.80 11.88 16.57 17.43 18.96
 5544.25  9.73  8.64  9.54  8.31  9.55 10.19 23.37 10.68 11.74 16.40 17.26 18.78
 5545.25  9.73  8.63  9.51  8.30  9.57 10.19 23.30 10.69 11.73 16.38 17.26 18.76
 5546.25  9.44  8.36  9.20  8.04  9.29  9.88 22.79 10.38 11.40 15.98 16.85 18.33
 5547.25  9.89  8.76  9.61  8.43  9.75 10.32 23.41 10.87 11.90 16.57 17.47 18.95
 5548.25 10.29  9.12  9.98  8.78 10.15 10.70 23.92 11.29 12.33 17.07 18.00 19.49
 5549.25 10.29  9.12  9.96  8.78 10.16 10.68 23.86 11.30 12.33 17.06 18.00 19.50
 5550.25 10.13  8.95  9.78  8.62 10.01 10.48 23.55 11.12 12.14 16.82 17.77 19.29
 5551.25 10.10  8.92  9.74  8.59  9.99 10.43 23.44 11.10 12.10 16.77 17.73 19.28
 5552.25 10.19  8.99  9.80  8.66 10.09 10.49 23.50 11.20 12.19 16.87 17.85 19.43
 5553.25 10.21  9.01  9.81  8.68 10.13 10.49 23.47 11.23 12.21 16.89 17.87 19.49
 5554.25 10.26  9.04  9.83  8.71 10.18 10.51 23.47 11.28 12.25 16.93 17.93 19.58
 5555.25 10.32  9.09  9.88  8.76 10.25 10.55 23.49 11.35 12.32 17.00 18.01 19.69
 5556.25 10.44  9.19  9.98  8.86 10.38 10.64 23.59 11.48 12.44 17.14 18.16 19.88
 5557.25 10.44  9.19  9.96  8.86 10.40 10.62 23.53 11.49 12.44 17.12 18.16 19.91
 5558.25 10.38  9.12  9.88  8.80 10.34 10.53 23.37 11.43 12.36 17.03 18.08 19.85
 5559.25 10.44  9.17  9.92  8.84 10.41 10.56 23.38 11.49 12.42 17.09 18.15 19.96
 5560.25 10.41  9.13  9.87  8.81 10.39 10.50 23.26 11.46 12.37 17.03 18.10 19.94
 5561.25 10.40  9.12  9.84  8.80 10.40 10.47 23.18 11.46 12.36 17.01 18.09 19.96
 5562.25 10.47  9.17  9.89  8.85 10.47 10.51 23.20 11.53 12.43 17.08 18.17 20.07
 5563.25 10.48  9.17  9.88  8.85 10.49 10.49 23.14 11.54 12.43 17.07 18.18 20.11
 5564.25 10.12  8.83  9.51  8.52 10.14 10.10 22.54 11.16 12.02 16.58 17.69 19.63
 5565.25  9.32  8.10  8.74  7.81  9.36  9.29 21.27 10.32 11.13 15.51 16.60 18.52
 5566.25  9.71  8.45  9.10  8.16  9.76  9.66 21.80 10.75 11.56 16.03 17.14 19.12
 5567.25 10.53  9.20  9.87  8.88 10.59 10.45 22.93 11.62 12.47 17.09 18.24 20.29
 5568.25 10.65  9.30  9.97  8.99 10.73 10.55 23.03 11.76 12.60 17.23 18.40 20.49
 5569.25 10.62  9.28  9.93  8.96 10.72 10.50 22.92 11.74 12.57 17.19 18.37 20.49
 5570.25 10.40  9.08  9.71  8.77 10.52 10.27 22.56 11.53 12.33 16.91 18.10 20.23
 5571.25 10.34  9.02  9.64  8.71 10.48 10.19 22.41 11.47 12.26 16.82 18.02 20.18
 5572.25 10.61  9.26  9.89  8.95 10.76 10.43 22.72 11.77 12.56 17.16 18.37 20.58
 5573.25 10.75  9.39 10.01  9.07 10.93 10.56 22.85 11.93 12.72 17.33 18.56 20.80
 5574.25 10.97  9.60 10.21  9.27 11.17 10.76 23.08 12.18 12.96 17.60 18.85 21.13
 5575.25 10.88  9.51 10.11  9.19 11.09 10.65 22.89 12.09 12.86 17.48 18.74 21.04
 5576.25  9.73  8.45  9.00  8.16  9.94  9.49 21.15 10.86 11.57 15.96 17.18 19.44
 5577.25  4.24  3.62  3.88  3.48  4.35  4.11 10.54  4.81  5.16  7.51  8.21  9.55
 5578.25  1.60  1.36  1.46  1.31  1.65  1.55  4.15  1.83  1.96  2.90  3.19  3.76
 5579.25  1.40  1.19  1.27  1.14  1.44  1.35  3.61  1.60  1.71  2.54  2.79  3.29
 5580.25  2.99  2.55  2.73  2.45  3.09  2.88  7.55  3.42  3.65  5.37  5.91  6.95
 5581.25  8.49  7.33  7.79  7.07  8.72  8.19 18.75  9.56 10.13 14.15 15.34 17.60
 5582.25 10.52  9.15  9.69  8.85 10.78 10.15 21.94 11.77 12.42 16.97 18.31 20.79
 5583.25 10.60  9.22  9.75  8.92 10.85 10.21 21.98 11.86 12.50 17.07 18.45 20.93
 5584.25 10.89  9.49 10.03  9.18 11.13 10.48 22.31 12.18 12.82 17.43 18.87 21.35
 5585.25 10.99  9.58 10.11  9.27 11.22 10.56 22.38 12.28 12.92 17.55 19.05 21.52
 5586.25 10.99  9.57 10.10  9.26 11.20 10.53 22.30 12.28 12.91 17.53 19.10 21.54
 5587.25 11.01  9.58 10.11  9.27 11.21 10.53 22.26 12.30 12.92 17.55 19.17 21.60
 5588.25 11.12  9.68 10.21  9.37 11.31 10.62 22.34 12.43 13.04 17.68 19.37 21.78
 5589.25 10.82  9.41  9.92  9.10 11.00 10.31 21.88 12.11 12.71 17.30 19.03 21.42
 5590.25  9.84  8.51  8.99  8.22  9.99  9.35 20.44 11.06 11.62 16.03 17.77 20.08
 5591.25  9.89  8.55  9.03  8.27 10.03  9.38 20.45 11.11 11.67 16.08 17.88 20.18
 5592.25 10.65  9.24  9.74  8.94 10.79 10.11 21.45 11.93 12.50 17.06 18.96 21.28
 5593.25 10.78  9.35  9.86  9.06 10.91 10.22 21.57 12.07 12.64 17.21 19.18 21.49
 5594.25 10.75  9.32  9.82  9.03 10.87 10.18 21.46 12.04 12.60 17.15 19.19 21.48
 5595.25 10.71  9.29  9.78  8.99 10.82 10.13 21.35 12.01 12.55 17.10 19.20 21.47
 5596.25 10.74  9.30  9.80  9.01 10.83 10.14 21.31 12.04 12.57 17.11 19.28 21.54
 5597.25 10.59  9.17  9.66  8.89 10.68  9.99 21.06 11.89 12.41 16.92 19.14 21.38
 5598.25 10.37  8.96  9.44  8.68 10.44  9.76 20.68 11.65 12.16 16.62 18.89 21.10
 5599.25 10.12  8.74  9.20  8.46 10.18  9.51 20.27 11.39 11.88 16.28 18.61 20.78
 5600.25 10.39  8.98  9.45  8.70 10.45  9.77 20.59 11.68 12.18 16.62 19.03 21.20
 5601.25 10.63  9.19  9.67  8.91 10.67  9.98 20.84 11.94 12.43 16.91 19.39 21.56
 5602.25 10.71  9.27  9.74  8.99 10.75 10.05 20.89 12.04 12.52 17.01 19.56 21.71
 5603.25 10.75  9.30  9.77  9.02 10.77 10.08 20.86 12.08 12.56 17.04 19.65 21.79
 5604.25 10.73  9.29  9.75  9.01 10.75 10.05 20.76 12.07 12.54 17.01 19.68 21.80
 5605.25 10.37  8.96  9.41  8.68 10.38  9.69 20.19 11.68 12.14 16.53 19.25 21.33
 5606.25  9.38  8.06  8.47  7.81  9.37  8.73 18.69 10.61 11.03 15.21 17.90 19.90
 5607.25  9.42  8.09  8.51  7.84  9.40  8.76 18.67 10.66 11.07 15.26 18.01 19.97
 5608.25 10.31  8.89  9.33  8.63 10.28  9.60 19.86 11.63 12.06 16.41 19.31 21.27
 5609.25 10.57  9.13  9.58  8.87 10.54  9.84 20.13 11.91 12.34 16.74 19.72 21.63
 5610.25 10.56  9.11  9.55  8.85 10.51  9.81 20.03 11.90 12.32 16.70 19.74 21.60
 5611.25 10.57  9.12  9.56  8.86 10.51  9.81 19.96 11.91 12.33 16.70 19.80 21.60
 5612.25 10.55  9.10  9.54  8.85 10.48  9.79 19.86 11.90 12.31 16.67 19.83 21.58
 5613.25 10.48  9.03  9.47  8.79 10.40  9.71 19.68 11.83 12.22 16.56 19.78 21.47
 5614.25 10.47  9.02  9.45  8.78 10.38  9.69 19.58 11.82 12.20 16.54 19.81 21.45
 5615.25 10.62  9.15  9.59  8.92 10.52  9.82 19.69 11.98 12.36 16.71 20.06 21.65
 5616.25 10.87  9.38  9.82  9.15 10.76 10.05 19.94 12.26 12.64 17.01 20.45 21.98
 5617.25 10.97  9.46  9.90  9.23 10.84 10.13 19.98 12.36 12.73 17.12 20.61 22.10
 5618.25 10.53  9.06  9.49  8.84 10.40  9.70 19.32 11.90 12.25 16.56 20.08 21.50
 5619.25 10.44  8.97  9.40  8.76 10.30  9.60 19.12 11.80 12.15 16.43 20.01 21.38
 5620.25 10.74  9.24  9.68  9.03 10.58  9.88 19.43 12.13 12.47 16.79 20.46 21.77
 5621.25 10.82  9.31  9.75  9.10 10.63  9.94 19.45 12.21 12.55 16.88 20.60 21.87
 5622.25 10.83  9.31  9.75  9.11 10.61  9.94 19.37 12.23 12.56 16.88 20.66 21.88
 5623.25 10.83  9.31  9.75  9.11 10.58  9.92 19.29 12.23 12.55 16.86 20.71 21.87
 5624.25 10.41  8.93  9.36  8.74 10.15  9.52 18.66 11.79 12.10 16.33 20.20 21.30
 5625.25  9.81  8.38  8.79  8.20  9.52  8.94 17.79 11.14 11.43 15.56 19.44 20.48
 5626.25 10.44  8.93  9.36  8.75 10.10  9.51 18.58 11.82 12.10 16.36 20.40 21.40
 5627.25 11.09  9.50  9.95  9.32 10.69 10.09 19.31 12.50 12.77 17.14 21.29 22.26
 5628.25 11.14  9.52  9.97  9.34 10.69 10.11 19.27 12.54 12.78 17.16 21.38 22.29
 5629.25 11.09  9.46  9.90  9.28 10.60 10.03 19.10 12.48 12.70 17.07 21.34 22.20
 5630.25 11.03  9.38  9.82  9.21 10.49  9.94 18.91 12.42 12.59 16.95 21.28 22.09
 5631.25 11.07  9.40  9.84  9.24 10.48  9.96 18.85 12.48 12.60 16.97 21.36 22.12
 5632.25 11.17  9.47  9.92  9.31 10.54 10.04 18.88 12.61 12.68 17.07 21.52 22.22
 5633.25 11.17  9.45  9.90  9.30 10.49 10.03 18.77 12.62 12.65 17.03 21.55 22.20
 5634.25 11.24  9.50  9.95  9.35 10.51 10.08 18.75 12.71 12.68 17.08 21.66 22.26
 5635.25 11.31  9.54  9.99  9.39 10.53 10.13 18.72 12.80 12.72 17.13 21.78 22.32
 5636.25 11.31  9.52  9.98  9.39 10.49 10.12 18.62 12.82 12.69 17.11 21.81 22.30
 5637.25 11.33  9.52  9.97  9.38 10.46 10.12 18.53 12.84 12.67 17.09 21.85 22.29
 5638.25 11.37  9.54  9.99  9.41 10.45 10.15 18.47 12.90 12.68 17.10 21.93 22.32
 5639.25 11.39  9.54  9.99  9.41 10.42 10.15 18.39 12.94 12.67 17.09 21.99 22.32
 5640.25 11.12  9.28  9.72  9.16 10.13  9.89 17.95 12.67 12.35 16.74 21.67 21.94
 5641.25 11.06  9.21  9.64  9.09 10.02  9.82 17.76 12.61 12.25 16.63 21.61 21.83
 5642.25 11.39  9.49  9.93  9.37 10.28 10.11 18.05 12.98 12.56 16.99 22.07 22.23
 5643.25 11.38  9.46  9.90  9.34 10.23 10.09 17.93 12.98 12.52 16.95 22.08 22.20
 5644.25 11.23  9.32  9.74  9.20 10.05  9.94 17.64 12.84 12.34 16.74 21.92 21.98
 5645.25 11.08  9.16  9.58  9.06  9.86  9.78 17.34 12.69 12.14 16.51 21.75 21.75
 5646.25 10.61  8.74  9.14  8.65  9.38  9.34 16.65 12.20 11.62 15.90 21.15 21.10
 5647.25 10.54  8.66  9.06  8.58  9.28  9.27 16.47 12.14 11.52 15.78 21.08 20.98
 5648.25 10.95  9.00  9.41  8.93  9.61  9.63 16.90 12.59 11.91 16.24 21.66 21.50
 5649.25 11.04  9.07  9.48  9.01  9.65  9.70 16.96 12.71 11.98 16.32 21.82 21.61
 5650.25 11.06  9.08  9.48  9.02  9.63  9.71 16.92 12.75 11.97 16.30 21.88 21.61
 5651.25 11.18  9.16  9.57  9.12  9.69  9.80 17.01 12.89 12.06 16.40 22.06 21.74
 5652.25 11.21  9.18  9.57  9.14  9.67  9.82 16.99 12.94 12.06 16.40 22.13 21.76
 5653.25 11.17  9.12  9.52  9.09  9.59  9.77 16.88 12.90 11.99 16.31 22.10 21.68
 5654.25 10.49  8.51  8.89  8.50  8.93  9.13 15.96 12.17 11.24 15.43 21.18 20.71
 5655.25  6.62  5.26  5.51  5.26  5.53  5.68 10.55  7.82  7.13 10.16 14.70 14.28
 5656.25  3.90  3.06  3.21  3.06  3.21  3.31  6.35  4.64  4.19  6.10  9.14  8.82
 5657.25  4.39  3.44  3.61  3.44  3.59  3.72  7.08  5.22  4.70  6.82 10.21  9.83
 5658.25  8.39  6.67  6.98  6.69  6.93  7.19 12.90  9.85  8.91 12.49 17.89 17.27
 5659.25 10.79  8.67  9.05  8.70  8.96  9.32 16.03 12.54 11.38 15.58 21.71 20.98
 5660.25 10.49  8.40  8.76  8.43  8.65  9.03 15.59 12.22 11.03 15.16 21.30 20.53
 5661.25 11.21  8.99  9.37  9.03  9.24  9.65 16.40 13.00 11.72 15.98 22.31 21.46
 5662.25 11.75  9.44  9.83  9.50  9.69 10.13 16.98 13.59 12.24 16.58 23.04 22.14
 5663.25 12.28  9.88 10.28  9.95 10.12 10.59 17.52 14.16 12.73 17.13 23.71 22.75
 5664.25 12.63 10.17 10.58 10.25 10.40 10.90 17.86 14.54 13.05 17.48 24.16 23.14
 5665.25 12.61 10.13 10.53 10.22 10.34 10.86 17.77 14.52 12.99 17.41 24.15 23.07
 5666.25 12.77 10.25 10.65 10.35 10.44 10.99 17.88 14.69 13.11 17.54 24.36 23.21
 5667.25 13.00 10.43 10.83 10.54 10.60 11.18 18.06 14.94 13.30 17.74 24.64 23.43
 5668.25 13.18 10.57 10.97 10.69 10.73 11.32 18.20 15.14 13.44 17.89 24.86 23.59
 5669.25 13.19 10.55 10.96 10.68 10.69 11.31 18.14 15.15 13.41 17.85 24.89 23.55
 5670.25 12.69 10.08 10.47 10.22 10.20 10.82 17.51 14.62 12.86 17.25 24.32 22.92
 5671.25 12.36  9.76 10.15  9.91  9.87 10.50 17.07 14.28 12.49 16.83 23.94 22.48
 5672.25 12.51  9.87 10.26 10.03  9.96 10.62 17.18 14.45 12.60 16.95 24.15 22.62
 5673.25 12.54  9.87 10.26 10.05  9.95 10.63 17.14 14.48 12.59 16.94 24.20 22.61
 5674.25 12.56  9.86 10.26 10.05  9.93 10.61 17.09 14.51 12.57 16.91 24.24 22.58
 5675.25 12.70  9.95 10.35 10.15 10.00 10.71 17.18 14.66 12.67 17.01 24.42 22.69
 5676.25 12.82 10.02 10.44 10.25 10.07 10.78 17.25 14.81 12.75 17.10 24.58 22.79
 5677.25 12.84 10.01 10.43 10.25 10.05 10.77 17.20 14.89 12.74 17.07 24.62 22.77
 5678.25 12.74  9.90 10.32 10.15  9.92 10.65 17.02 14.87 12.61 16.91 24.52 22.60
 5679.25 12.61  9.76 10.18 10.03  9.77 10.50 16.81 14.81 12.45 16.72 24.38 22.40
 5680.25 12.57  9.69 10.11  9.97  9.69 10.42 16.69 14.84 12.37 16.62 24.34 22.30
 5681.25 12.52  9.62 10.04  9.92  9.61 10.34 16.57 14.87 12.28 16.52 24.29 22.19
 5682.25 12.39  9.48  9.90  9.80  9.46 10.19 16.35 14.81 12.12 16.32 24.14 21.99
 5683.25 12.38  9.44  9.87  9.79  9.41 10.15 16.27 14.87 12.08 16.26 24.14 21.92
 5684.25 12.56  9.57 10.01  9.96  9.53 10.28 16.41 15.15 12.22 16.42 24.39 22.10
 5685.25 12.49  9.48  9.92  9.90  9.43 10.19 16.26 15.14 12.12 16.29 24.31 21.97
 5686.25 12.30  9.29  9.73  9.73  9.23  9.98 15.98 15.01 11.90 16.03 24.09 21.68
 5687.25 12.33  9.30  9.74  9.77  9.23  9.99 15.96 15.13 11.91 16.02 24.15 21.68
 5688.25 12.59  9.49  9.94 10.00  9.41 10.18 16.18 15.49 12.12 16.26 24.48 21.95
 5689.25 12.58  9.46  9.92 10.00  9.37 10.15 16.11 15.56 12.09 16.21 24.49 21.90
 5690.25 12.29  9.18  9.64  9.74  9.08  9.86 15.71 15.31 11.77 15.84 24.13 21.49
 5691.25 12.38  9.24  9.71  9.83  9.13  9.91 15.76 15.49 11.83 15.90 24.27 21.56
 5692.25 12.35  9.18  9.66  9.80  9.06  9.85 15.65 15.52 11.77 15.81 24.22 21.48
 5693.25 12.23  9.06  9.54  9.71  8.93  9.72 15.46 15.47 11.62 15.64 24.02 21.28
 5694.25 12.35  9.13  9.63  9.81  8.99  9.79 15.53 15.67 11.71 15.72 24.09 21.38
 5695.25 12.50  9.23  9.74  9.95  9.08  9.89 15.63 15.91 11.82 15.84 24.19 21.52
 5696.25 12.53  9.24  9.75  9.98  9.08  9.89 15.61 16.02 11.82 15.84 24.14 21.52
 5697.25 12.33  9.04  9.56  9.80  8.87  9.69 15.32 15.86 11.59 15.56 23.79 21.22
 5698.25 12.17  8.88  9.40  9.67  8.71  9.52 15.08 15.75 11.41 15.33 23.49 20.97
 5699.25 12.34  9.00  9.53  9.82  8.81  9.64 15.21 16.01 11.54 15.47 23.62 21.14
 5700.25 12.46  9.08  9.62  9.93  8.88  9.71 15.28 16.22 11.63 15.56 23.69 21.25
 5701.25 12.41  9.01  9.56  9.89  8.81  9.64 15.16 16.24 11.55 15.46 23.54 21.14
 5702.25 12.42  9.00  9.55  9.90  8.79  9.62 15.11 16.32 11.53 15.43 23.47 21.11
 5703.25 12.38  8.94  9.50  9.87  8.73  9.56 15.01 16.34 11.46 15.33 23.33 21.02
 5704.25 12.34  8.88  9.45  9.84  8.67  9.50 14.91 16.37 11.40 15.25 23.20 20.93
 5705.25 12.37  8.88  9.46  9.87  8.67  9.49 14.88 16.47 11.40 15.23 23.15 20.93
 5706.25 12.41  8.88  9.47  9.91  8.67  9.50 14.86 16.58 11.40 15.23 23.11 20.93
 5707.25 12.50  8.93  9.53  9.99  8.71  9.54 14.90 16.75 11.46 15.28 23.13 20.99
 5708.25 12.49  8.89  9.51  9.98  8.68  9.51 14.83 16.81 11.42 15.22 23.04 20.94
 5709.25 12.50  8.88  9.50 10.00  8.66  9.49 14.78 16.89 11.41 15.19 22.97 20.92
 5710.25 12.65  8.97  9.61 10.13  8.75  9.59 14.88 17.13 11.52 15.30 23.06 21.05
 5711.25 12.68  8.97  9.62 10.16  8.75  9.59 14.85 17.23 11.52 15.29 23.02 21.05
 5712.25 12.67  8.93  9.59 10.15  8.71  9.54 14.78 17.28 11.47 15.23 22.91 20.98
 5713.25 12.69  8.92  9.59 10.18  8.70  9.54 14.74 17.37 11.47 15.21 22.85 20.97
 5714.25 12.58  8.81  9.49 10.09  8.59  9.42 14.57 17.32 11.34 15.05 22.63 20.80
 5715.25 12.52  8.75  9.44 10.06  8.53  9.36 14.46 17.33 11.27 14.96 22.49 20.70
 5716.25 12.57  8.80  9.50 10.14  8.58  9.41 14.50 17.50 11.33 15.01 22.52 20.78
 5717.25 12.56  8.80  9.51 10.18  8.58  9.41 14.48 17.61 11.33 15.00 22.48 20.77
 5718.25 12.43  8.71  9.43 10.12  8.49  9.32 14.34 17.58 11.23 14.87 22.29 20.64
 5719.25 12.42  8.72  9.45 10.17  8.50  9.33 14.33 17.70 11.25 14.88 22.26 20.65
 5720.25 12.46  8.76  9.51 10.27  8.54  9.37 14.36 17.86 11.30 14.92 22.28 20.71
 5721.25 12.47  8.79  9.55 10.37  8.56  9.40 14.37 18.00 11.33 14.95 22.28 20.75
 5722.25 12.43  8.78  9.54 10.41  8.55  9.39 14.32 18.08 11.32 14.92 22.20 20.71
 5723.25 12.32  8.70  9.46 10.38  8.47  9.31 14.20 18.08 11.23 14.80 22.04 20.59
 5724.25 12.33  8.72  9.49 10.47  8.49  9.33 14.20 18.26 11.26 14.83 22.03 20.62
 5725.25 12.42  8.81  9.58 10.63  8.58  9.43 14.29 18.56 11.37 14.94 22.12 20.74
 5726.25 12.40  8.81  9.57 10.68  8.58  9.43 14.27 18.75 11.37 14.92 22.07 20.73
 5727.25 12.40  8.83  9.59 10.76  8.59  9.44 14.27 18.96 11.40 14.94 22.05 20.75
 5728.25 12.39  8.83  9.59 10.83  8.60  9.45 14.25 19.16 11.42 14.94 22.02 20.75
 5729.25 12.43  8.88  9.64 10.94  8.64  9.50 14.29 19.41 11.48 14.99 22.04 20.82
 5730.25 12.47  8.93  9.69 11.06  8.69  9.55 14.32 19.66 11.54 15.04 22.06 20.88
 5731.25 12.43  8.91  9.67 11.10  8.67  9.54 14.28 19.82 11.53 15.01 21.99 20.85
 5732.25 12.45  8.94  9.70 11.19  8.70  9.57 14.29 20.06 11.58 15.04 22.00 20.89
 5733.25 12.57  9.06  9.82 11.38  8.81  9.69 14.42 20.40 11.72 15.18 22.12 21.05
 5734.25 12.56  9.06  9.82 11.45  8.81  9.69 14.39 20.59 11.73 15.18 22.08 21.04
 5735.25 12.47  9.01  9.76 11.44  8.76  9.64 14.30 20.69 11.67 15.09 21.95 20.96
 5736.25 12.34  8.91  9.66 11.39  8.66  9.54 14.15 20.73 11.57 14.96 21.76 20.81
 5737.25 12.30  8.90  9.64 11.44  8.65  9.53 14.11 20.89 11.56 14.93 21.70 20.78
 5738.25 12.39  8.99  9.73 11.60  8.74  9.62 14.21 21.20 11.68 15.04 21.79 20.91
 5739.25 12.43  9.04  9.78 11.71  8.78  9.67 14.26 21.44 11.74 15.09 21.80 20.96
 5740.25 12.34  8.99  9.72 11.71  8.73  9.61 14.19 21.54 11.68 15.01 21.68 20.88
 5741.25 12.37  9.04  9.76 11.82  8.76  9.65 14.23 21.78 11.74 15.05 21.69 20.93
 5742.25 12.43  9.11  9.82 11.95  8.83  9.72 14.31 22.05 11.82 15.13 21.75 21.02
 5743.25 12.10  8.85  9.55 11.71  8.58  9.46 13.97 21.84 11.53 14.78 21.32 20.64
 5744.25 11.79  8.61  9.30 11.48  8.34  9.20 13.65 21.64 11.25 14.45 20.90 20.27
 5745.25 12.03  8.83  9.52 11.79  8.55  9.43 13.92 22.14 11.51 14.72 21.19 20.58
 5746.25 12.05  8.88  9.56 11.90  8.59  9.47 13.97 22.38 11.57 14.77 21.20 20.64
 5747.25 11.99  8.86  9.53 11.93  8.57  9.45 13.93 22.52 11.55 14.73 21.13 20.60
 5748.25 11.98  8.88  9.55 12.01  8.59  9.47 13.94 22.72 11.58 14.75 21.13 20.62
 5749.25 11.98  8.91  9.57 12.10  8.61  9.50 13.97 22.93 11.62 14.78 21.16 20.66
 5750.25 11.91  8.88  9.54 12.12  8.58  9.46 13.92 23.04 11.59 14.73 21.09 20.60
 5751.25 11.78  8.80  9.45 12.09  8.51  9.38 13.81 23.09 11.50 14.64 20.96 20.48
 5752.25 11.73  8.79  9.43 12.12  8.49  9.36 13.78 23.24 11.49 14.62 20.93 20.45
 5753.25 11.71  8.81  9.44 12.20  8.50  9.38 13.79 23.43 11.52 14.64 20.94 20.46
 5754.25 11.68  8.81  9.44 12.25  8.50  9.38 13.79 23.59 11.52 14.64 20.92 20.45
 5755.25 11.59  8.76  9.39 12.26  8.45  9.33 13.72 23.68 11.47 14.58 20.83 20.37
 5756.25 11.47  8.69  9.30 12.23  8.38  9.25 13.61 23.71 11.38 14.47 20.69 20.24
 5757.25 11.32  8.60  9.20 12.21  8.28  9.15 13.47 23.71 11.27 14.33 20.52 20.07
 5758.25 11.22  8.55  9.15 12.25  8.23  9.09 13.40 23.78 11.21 14.26 20.41 19.98
 5759.25 11.17  8.53  9.12 12.33  8.21  9.07 13.36 23.89 11.18 14.22 20.36 19.93
 5760.25 11.11  8.51  9.10 12.41  8.19  9.06 13.33 24.01 11.16 14.19 20.30 19.88
 5761.25 11.03  8.47  9.06 12.47  8.15  9.02 13.27 24.09 11.11 14.13 20.21 19.80
 5762.25 11.11  8.57  9.16 12.70  8.25  9.13 13.39 24.40 11.22 14.25 20.34 19.93
 5763.25 11.17  8.66  9.25 12.91  8.32  9.22 13.48 24.67 11.32 14.35 20.43 20.03
 5764.25 11.09  8.62  9.21 12.97  8.29  9.19 13.43 24.76 11.28 14.30 20.35 19.96
 5765.25 10.93  8.52  9.10 12.94  8.18  9.08 13.28 24.73 11.15 14.15 20.16 19.77
 5766.25 10.82  8.45  9.03 12.96  8.12  9.02 13.19 24.76 11.07 14.05 20.03 19.65
 5767.25 10.81  8.47  9.04 13.08  8.13  9.04 13.20 24.93 11.09 14.07 20.03 19.66
 5768.25 10.72  8.43  9.00 13.13  8.09  9.00 13.13 25.00 11.03 14.00 19.94 19.57
 5769.25 10.64  8.39  8.95 13.18  8.05  8.96 13.07 25.07 10.98 13.94 19.85 19.49
 5770.25 10.63  8.42  8.98 13.32  8.07  8.99 13.09 25.25 11.01 13.96 19.86 19.51
 5771.25 10.82  8.62  9.18 13.67  8.25  9.19 13.33 25.61 11.24 14.22 20.13 19.79
 5772.25 10.97  8.78  9.35 13.99  8.41  9.37 13.53 25.81 11.43 14.42 20.35 20.01
 5773.25 10.96  8.81  9.36 14.12  8.42  9.39 13.55 26.65 11.45 14.44 20.35 20.02
 5774.25 10.96  8.85  9.40 14.27  8.46  9.43 13.58 32.12 11.49 14.48 20.38 20.06
 5775.25 10.97  8.89  9.44 14.42  8.49  9.47 13.62 38.57 11.53 14.52 20.41 20.09
 5776.25 10.99  8.92  9.47 14.57  8.52  9.51 13.65 40.20 11.58 14.56 20.43 20.12
 5777.25 10.92  8.88  9.42 14.61  8.48  9.47 13.59 40.01 11.53 14.49 20.34 20.04
 5778.25 10.77  8.78  9.31 14.56  8.37  9.36 13.43 39.59 11.41 14.33 20.14 19.85
 5779.25 10.71  8.75  9.27 14.63  8.33  9.33 13.38 39.30 11.38 14.29 20.07 19.80
 5780.25 10.78  8.83  9.36 14.83  8.41  9.42 13.48 39.17 11.48 14.38 20.16 19.93
 5781.25 10.87  8.94  9.46 15.07  8.51  9.53 13.60 39.07 11.60 14.51 20.29 20.09
 5782.25 10.92  9.00  9.52 15.26  8.57  9.60 13.67 38.91 11.68 14.58 20.35 20.19
 5783.25 10.92  9.03  9.54 15.38  8.59  9.62 13.69 38.68 11.71 14.60 20.35 20.23
 5784.25 10.95  9.08  9.59 15.55  8.64  9.67 13.76 38.49 11.77 14.65 20.39 20.31
 5785.25 10.93  9.08  9.59 15.65  8.64  9.68 13.77 38.23 11.78 14.64 20.37 20.32
 5786.25 10.92  9.10  9.60 15.77  8.66  9.70 13.80 37.99 11.80 14.65 20.36 20.35
 5787.25 10.95  9.15  9.65 15.93  8.71  9.75 13.86 37.80 11.86 14.71 20.40 20.43
 5788.25 10.88  9.11  9.60 15.97  8.66  9.71 13.81 37.47 11.81 14.64 20.31 20.37
 5789.25 10.79  9.06  9.54 16.00  8.61  9.66 13.75 37.12 11.75 14.56 20.20 20.30
 5790.25 10.71  9.01  9.48 16.02  8.56  9.60 13.69 36.77 11.69 14.48 20.09 20.23
 5791.25 10.56  8.90  9.37 15.97  8.45  9.49 13.56 36.33 11.57 14.32 19.90 20.08
 5792.25 10.52  8.89  9.35 16.04  8.44  9.48 13.54 36.02 11.55 14.29 19.84 20.06
 5793.25 10.53  8.93  9.38 16.17  8.47  9.52 13.59 35.80 11.60 14.33 19.87 20.12
 5794.25 10.41  8.84  9.29 16.07  8.39  9.43 13.49 35.38 11.50 14.20 19.71 20.00
 5795.25 10.41  8.87  9.32 16.07  8.41  9.45 13.53 35.14 11.53 14.22 19.71 20.04
 5796.25 10.59  9.05  9.51 16.27  8.59  9.65 13.77 35.14 11.75 14.45 19.96 20.33
 5797.25 10.61  9.10  9.55 16.27  8.63  9.69 13.82 34.91 11.80 14.49 19.98 20.39
 5798.25  9.98  8.55  8.99 15.46  8.10  9.13 13.13 33.76 11.16 13.76 19.14 19.58
 5799.25 10.05  8.64  9.07 15.52  8.18  9.22 13.24 33.61 11.27 13.87 19.23 19.71
 5800.25 10.55  9.12  9.57 16.12  8.64  9.72 13.86 34.06 11.83 14.48 19.91 20.43
 5801.25 10.42  9.02  9.46 15.93  8.55  9.62 13.74 33.62 11.72 14.34 19.74 20.29
 5802.25 10.31  8.94  9.38 15.76  8.47  9.54 13.65 33.19 11.63 14.24 19.59 20.18
 5803.25 10.19  8.86  9.30 15.60  8.39  9.46 13.55 32.76 11.54 14.13 19.46 20.07
 5804.25 10.06  8.76  9.20 15.41  8.30  9.36 13.43 32.31 11.43 14.01 19.31 19.93
 5805.25 10.08  8.79  9.23 15.39  8.33  9.39 13.47 32.04 11.46 14.05 19.34 19.98
 5806.25 10.10  8.82  9.26 15.38  8.36  9.43 13.52 31.79 11.51 14.09 19.39 20.04
 5807.25 10.09  8.82  9.27 15.33  8.37  9.45 13.54 31.48 11.52 14.10 19.39 20.05
 5808.25 10.04  8.79  9.24 15.23  8.34  9.42 13.50 31.12 11.49 14.07 19.34 20.01
 5809.25 10.01  8.77  9.22 15.15  8.32  9.40 13.48 30.77 11.47 14.04 19.31 19.99
 5810.25  9.94  8.72  9.17 15.03  8.27  9.35 13.42 30.37 11.41 13.98 19.22 19.92
 5811.25  9.90  8.70  9.15 14.94  8.25  9.34 13.40 30.01 11.39 13.95 19.18 19.89
 5812.25  9.87  8.68  9.13 14.86  8.24  9.33 13.39 29.66 11.37 13.93 19.16 19.88
 5813.25  9.83  8.66  9.11 14.78  8.21  9.31 13.37 29.29 11.35 13.90 19.11 19.85
 5814.25  9.85  8.69  9.14 14.76  8.24  9.34 13.41 29.01 11.39 13.94 19.15 19.90
 5815.25  9.84  8.69  9.15 14.71  8.25  9.35 13.42 28.68 11.40 13.95 19.15 19.91
 5816.25  9.86  8.72  9.18 14.69  8.27  9.39 13.46 28.39 11.43 13.99 19.19 19.96
 5817.25  9.90  8.77  9.23 14.70  8.32  9.44 13.53 28.13 11.50 14.06 19.25 20.04
 5818.25  9.86  8.74  9.20 14.61  8.30  9.42 13.51 27.78 11.47 14.03 19.21 20.01
 5819.25  9.73  8.63  9.09 14.40  8.19  9.31 13.37 27.41 11.34 13.88 19.04 19.84
 5820.25  9.67  8.59  9.05 14.28  8.15  9.27 13.32 27.26 11.30 13.83 18.97 19.78
 5821.25  9.66  8.59  9.05 14.23  8.16  9.28 13.33 27.22 11.30 13.83 18.97 19.79
 5822.25  9.59  8.54  9.00 14.11  8.11  9.23 13.27 27.10 11.25 13.77 18.89 19.73
 5823.25  9.55  8.51  8.97 14.01  8.08  9.21 13.24 27.01 11.22 13.73 18.84 19.69
 5824.25  9.50  8.48  8.94 13.91  8.05  9.18 13.20 26.91 11.18 13.69 18.78 19.64
 5825.25  9.51  8.49  8.96 13.88  8.07  9.20 13.24 26.90 11.21 13.72 18.81 19.68
 5826.25  9.57  8.57  9.04 13.92  8.15  9.29 13.34 26.98 11.31 13.82 18.91 19.80
 5827.25  9.58  8.59  9.06 13.89  8.17  9.31 13.37 26.97 11.35 13.85 18.94 19.84
 5828.25  9.56  8.58  9.05 13.82  8.16  9.31 13.38 26.92 11.36 13.84 18.93 19.84
 5829.25  9.61  8.64  9.10 13.84  8.22  9.38 13.46 26.97 11.43 13.92 19.00 19.93
 5830.25  9.63  8.67  9.13 13.83  8.25  9.42 13.52 26.99 11.49 13.97 19.05 19.99
 5831.25  9.62  8.67  9.12 13.76  8.25  9.42 13.53 26.94 11.50 13.97 19.04 19.99
 5832.25  9.62  8.69  9.13 13.72  8.27  9.45 13.57 26.93 11.54 13.99 19.07 20.03
 5833.25  9.57  8.65  9.08 13.60  8.24  9.41 13.53 26.82 11.50 13.94 19.00 19.97
 5834.25  9.63  8.72  9.14 13.62  8.30  9.49 13.64 26.89 11.60 14.04 19.10 20.08
 5835.25  9.65  8.74  9.16 13.58  8.33  9.52 13.68 26.88 11.64 14.07 19.13 20.13
 5836.25  9.55  8.65  9.06 13.40  8.25  9.43 13.58 26.70 11.55 13.96 18.99 20.02
 5837.25  9.54  8.66  9.06 13.33  8.25  9.44 13.60 26.66 11.56 13.96 18.99 20.06
 5838.25  9.60  8.72  9.11 13.34  8.31  9.51 13.69 26.72 11.65 14.05 19.08 20.20
 5839.25  9.65  8.77  9.16 13.34  8.36  9.57 13.77 26.75 11.72 14.11 19.15 20.34
 5840.25  9.61  8.74  9.12 13.23  8.34  9.55 13.75 26.67 11.70 14.08 19.10 20.35
 5841.25  9.58  8.71  9.08 13.12  8.31  9.52 13.73 26.58 11.68 14.04 19.05 20.36
 5842.25  9.61  8.74  9.11 13.10  8.34  9.56 13.79 26.59 11.73 14.09 19.10 20.46
 5843.25  9.64  8.78  9.14 13.07  8.38  9.61 13.85 26.60 11.79 14.14 19.15 20.57
 5844.25  9.75  8.89  9.24 13.13  8.49  9.73 14.00 26.72 11.93 14.28 19.30 20.78
 5845.25  9.73  8.87  9.22 13.04  8.47  9.73 13.99 26.66 11.93 14.27 19.27 20.82
 5846.25  9.61  8.77  9.11 12.84  8.38  9.65 13.88 26.46 11.82 14.14 19.12 20.72
 5847.25  9.66  8.82  9.15 12.84  8.43  9.72 13.96 26.50 11.89 14.20 19.19 20.85
 5848.25  9.58  8.75  9.07 12.67  8.36  9.66 13.88 26.34 11.82 14.11 19.07 20.79
 5849.25  9.45  8.63  8.94 12.45  8.25  9.55 13.74 26.11 11.69 13.96 18.89 20.67
 5850.25  9.40  8.60  8.90 12.34  8.21  9.53 13.70 26.01 11.66 13.91 18.83 20.66
 5851.25  9.46  8.66  8.95 12.34  8.27  9.61 13.79 26.06 11.74 13.99 18.92 20.81
 5852.25  9.54  8.74  9.03 12.37  8.36  9.72 13.92 26.15 11.86 14.11 19.04 20.99
 5853.25  9.27  8.49  8.77 11.99  8.12  9.47 13.60 25.70 11.57 13.77 18.66 20.65
 5854.25  8.56  7.83  8.08 11.09  7.48  8.77 12.72 24.50 10.76 12.87 17.60 19.62
 5855.25  8.97  8.22  8.47 11.50  7.86  9.21 13.26 25.15 11.26 13.40 18.22 20.31
 5856.25  9.62  8.83  9.09 12.19  8.45  9.89 14.10 26.12 12.02 14.22 19.15 21.34
 5857.25  9.60  8.82  9.08 12.10  8.45  9.90 14.10 26.06 12.02 14.20 19.13 21.37
 5858.25  9.57  8.80  9.04 12.00  8.42  9.89 14.08 25.98 12.00 14.16 19.08 21.39
 5859.25  9.54  8.78  9.02 11.90  8.41  9.89 14.07 25.90 11.99 14.14 19.04 21.41
 5860.25  9.41  8.66  8.89 11.68  8.29  9.78 13.92 25.67 11.86 13.97 18.85 21.28
 5861.25  9.30  8.56  8.78 11.49  8.20  9.69 13.80 25.46 11.75 13.83 18.69 21.17
 5862.25  9.24  8.51  8.72 11.36  8.16  9.66 13.76 25.34 11.70 13.77 18.60 21.15
 5863.25  9.26  8.53  8.73 11.30  8.18  9.69 13.79 25.32 11.74 13.79 18.62 21.22
 5864.25  9.22  8.50  8.70 11.19  8.15  9.68 13.77 25.23 11.71 13.74 18.56 21.23
 5865.25  9.07  8.36  8.55 10.95  8.02  9.54 13.60 24.95 11.55 13.55 18.33 21.05
 5866.25  8.31  7.66  7.82 10.03  7.34  8.78 12.63 23.64 10.68 12.57 17.18 19.90
 5867.25  7.46  6.86  7.01  8.99  6.58  7.91 11.50 22.02  9.67 11.43 15.80 18.48
 5868.25  7.49  6.90  7.04  8.97  6.61  7.97 11.57 22.04  9.73 11.48 15.85 18.59
 5869.25  7.28  6.70  6.83  8.68  6.42  7.76 11.28 21.57  9.48 11.18 15.47 18.25
 5870.25  7.78  7.18  7.30  9.22  6.88  8.30 11.99 22.50 10.10 11.86 16.30 19.20
 5871.25  8.39  7.77  7.89  9.90  7.45  8.97 12.83 23.58 10.86 12.69 17.28 20.32
 5872.25  8.83  8.19  8.31 10.37  7.86  9.45 13.42 24.28 11.41 13.28 17.96 21.11
 5873.25  8.71  8.08  8.19 10.21  7.76  9.35 13.27 24.04 11.30 13.14 17.79 21.00
 5874.25  8.37  7.76  7.86  9.81  7.45  9.01 12.81 23.41 10.92 12.71 17.28 20.51
 5875.25  8.54  7.93  8.03  9.98  7.62  9.22 13.03 23.66 11.16 12.95 17.56 20.88
 5876.25  8.60  8.00  8.08 10.02  7.68  9.30 13.10 23.71 11.25 13.05 17.67 21.05
 5877.25  8.65  8.05  8.13 10.06  7.74  9.38 13.17 23.77 11.34 13.14 17.76 21.22
 5878.25  8.86  8.26  8.33 10.27  7.94  9.62 13.43 24.07 11.61 13.43 18.09 21.64
 5879.25  8.88  8.28  8.34 10.27  7.96  9.66 13.45 24.05 11.66 13.47 18.13 21.74
 5880.25  8.83  8.25  8.30 10.19  7.93  9.63 13.38 23.92 11.63 13.42 18.08 21.74
 5881.25  8.83  8.25  8.29 10.17  7.93  9.65 13.37 23.87 11.65 13.44 18.09 21.82
 5882.25  8.86  8.28  8.31 10.17  7.97  9.70 13.39 23.87 11.70 13.49 18.14 21.94
 5883.25  8.83  8.27  8.29 10.12  7.95  9.70 13.36 23.79 11.70 13.48 18.12 21.98
 5884.25  8.83  8.27  8.29 10.10  7.96  9.72 13.35 23.74 11.72 13.50 18.13 22.06
 5885.25  8.83  8.28  8.29 10.08  7.97  9.75 13.34 23.70 11.75 13.52 18.15 22.14
 5886.25  8.79  8.25  8.24 10.00  7.93  9.72 13.27 23.56 11.71 13.47 18.09 22.13
 5887.25  8.78  8.25  8.23  9.97  7.94  9.74 13.26 23.51 11.73 13.48 18.09 22.20
 5888.25  8.25  7.75  7.72  9.37  7.45  9.20 12.55 22.57 11.11 12.80 17.29 21.40
 5889.25  6.69  6.28  6.25  7.63  6.03  7.53 10.41 19.52  9.17 10.65 14.68 18.54
 5890.25  5.23  4.90  4.87  5.98  4.70  5.92  8.27 16.09  7.27  8.49 11.91 15.32
 5891.25  3.55  3.32  3.30  4.06  3.18  4.05  5.70 11.49  5.00  5.87  8.37 10.98
 5892.25  4.11  3.86  3.82  4.69  3.70  4.70  6.57 13.05  5.79  6.78  9.60 12.58
 5893.25  7.44  7.01  6.94  8.37  6.74  8.44 11.40 20.78 10.20 11.75 15.99 20.25
 5894.25  8.92  8.44  8.36  9.97  8.13 10.10 13.39 23.45 12.08 13.81 18.42 23.01
 5895.25  8.32  7.86  7.77  9.29  7.57  9.46 12.59 22.39 11.36 13.01 17.50 22.08
 5896.25  6.35  5.99  5.91  7.12  5.75  7.30  9.87 18.46  8.86 10.25 14.13 18.30
 5897.25  4.36  4.10  4.04  4.89  3.94  5.06  6.92 13.59  6.19  7.22 10.19 13.56
 5898.25  5.06  4.77  4.70  5.66  4.58  5.88  7.97 15.35  7.17  8.32 11.64 15.41
 5899.25  8.06  7.63  7.52  8.91  7.35  9.28 12.20 21.69 11.11 12.71 17.11 21.89
 5900.25  9.01  8.55  8.43  9.90  8.25 10.35 13.43 23.25 12.31 14.00 18.60 23.59
 5901.25  8.97  8.52  8.40  9.84  8.22 10.34 13.38 23.15 12.29 13.97 18.56 23.61
 5902.25  8.98  8.53  8.40  9.81  8.23 10.37 13.37 23.12 12.32 14.00 18.59 23.71
 5903.25  9.00  8.55  8.43  9.81  8.26 10.43 13.40 23.12 12.37 14.05 18.64 23.84
 5904.25  8.77  8.33  8.20  9.54  8.05 10.20 13.09 22.70 12.11 13.76 18.31 23.55
 5905.25  8.60  8.18  8.05  9.34  7.91 10.04 12.87 22.39 11.93 13.56 18.07 23.36
 5906.25  8.88  8.44  8.31  9.61  8.17 10.37 13.21 22.78 12.29 13.93 18.49 23.89
 5907.25  8.61  8.20  8.06  9.32  7.93 10.10 12.86 22.30 11.99 13.59 18.11 23.53
 5908.25  8.05  7.65  7.53  8.71  7.41  9.50 12.11 21.29 11.30 12.83 17.23 22.63
 5909.25  8.49  8.09  7.95  9.17  7.84 10.02 12.68 21.99 11.88 13.43 17.94 23.48
 5910.25  8.52  8.11  7.97  9.19  7.86 10.07 12.70 21.97 11.93 13.47 17.98 23.59
 5911.25  7.97  7.59  7.45  8.60  7.36  9.48 11.97 21.00 11.26 12.73 17.14 22.72
 5912.25  8.49  8.10  7.95  9.14  7.86 10.10 12.65 21.84 11.94 13.44 17.97 23.71
 5913.25  8.92  8.52  8.37  9.58  8.27 10.61 13.19 22.48 12.50 14.02 18.63 24.50
 5914.25  8.89  8.49  8.34  9.55  8.26 10.60 13.14 22.38 12.48 13.98 18.59 24.53
 5915.25  8.63  8.24  8.09  9.26  8.02 10.33 12.80 21.88 12.18 13.64 18.19 24.17
 5916.25  7.12  6.79  6.66  7.66  6.60  8.63 10.78 19.13 10.26 11.55 15.73 21.45
 5917.25  6.58  6.27  6.15  7.08  6.10  8.02 10.03 18.00  9.56 10.77 14.77 20.40
 5918.25  7.94  7.59  7.44  8.50  7.38  9.62 11.86 20.49 11.36 12.70 17.09 23.16
 5919.25  8.55  8.19  8.03  9.14  7.98 10.35 12.66 21.45 12.17 13.54 18.06 24.31
 5920.25  8.66  8.29  8.13  9.24  8.08 10.49 12.79 21.57 12.32 13.69 18.24 24.59
 5921.25  8.62  8.26  8.10  9.20  8.06 10.48 12.75 21.47 12.30 13.65 18.20 24.64
 5922.25  8.54  8.18  8.01  9.10  7.98 10.41 12.63 21.25 12.21 13.54 18.06 24.56
 5923.25  8.47  8.12  7.95  9.02  7.93 10.36 12.54 21.06 12.15 13.45 17.95 24.50
 5924.25  8.41  8.07  7.90  8.95  7.88 10.32 12.47 20.90 12.10 13.37 17.87 24.48
 5925.25  8.08  7.75  7.58  8.59  7.57  9.96 12.04 20.29 11.71 12.93 17.36 24.00
 5926.25  7.44  7.13  6.97  7.91  6.97  9.24 11.18 19.10 10.92 12.05 16.31 22.89
 5927.25  7.96  7.64  7.47  8.44  7.47  9.87 11.87 19.95 11.64 12.77 17.17 23.94
 5928.25  8.54  8.20  8.02  9.03  8.03 10.55 12.61 20.83 12.43 13.55 18.07 25.02
 5929.25  8.55  8.20  8.02  9.03  8.04 10.57 12.61 20.77 12.49 13.56 18.08 25.11
 5930.25  8.51  8.16  7.98  8.97  8.00 10.52 12.55 20.63 12.48 13.50 18.01 25.12
 5931.25  8.55  8.20  8.01  9.00  8.04 10.56 12.59 20.61 12.57 13.55 18.07 25.25
 5932.25  8.47  8.13  7.94  8.91  7.98 10.47 12.49 20.41 12.52 13.45 17.94 25.18
 5933.25  7.69  7.38  7.20  8.09  7.24  9.56 11.46 19.01 11.54 12.38 16.69 23.83
 5934.25  6.18  5.92  5.77  6.50  5.81  7.76  9.39 16.07  9.50 10.19 14.02 20.68
 5935.25  6.73  6.46  6.30  7.06  6.33  8.41 10.15 17.09 10.31 11.00 15.03 21.99
 5936.25  8.08  7.76  7.57  8.45  7.62 10.00 11.95 19.47 12.19 12.91 17.32 24.79
 5937.25  8.43  8.10  7.91  8.79  7.96 10.39 12.39 19.97 12.69 13.38 17.87 25.49
 5938.25  8.52  8.19  8.00  8.87  8.05 10.50 12.51 20.04 12.86 13.51 18.01 25.72
 5939.25  8.57  8.24  8.05  8.92  8.11 10.55 12.57 20.04 12.97 13.58 18.08 25.88
 5940.25  8.56  8.23  8.04  8.89  8.10 10.53 12.53 19.92 12.99 13.55 18.04 25.89
 5941.25  8.52  8.20  8.01  8.84  8.07 10.48 12.48 19.77 12.99 13.49 17.97 25.87
 5942.25  8.57  8.24  8.05  8.87  8.11 10.52 12.52 19.76 13.09 13.55 18.03 26.01
 5943.25  8.70  8.37  8.18  8.99  8.24 10.67 12.69 19.91 13.31 13.73 18.24 26.34
 5944.25  8.75  8.42  8.23  9.03  8.29 10.72 12.74 19.91 13.42 13.79 18.32 26.50
 5945.25  8.68  8.36  8.17  8.96  8.23 10.65 12.65 19.72 13.38 13.70 18.21 26.44
 5946.25  8.41  8.10  7.91  8.68  7.98 10.33 12.30 19.21 13.07 13.34 17.79 26.04
 5947.25  7.65  7.36  7.18  7.89  7.24  9.44 11.30 17.88 12.08 12.29 16.57 24.72
 5948.25  7.87  7.58  7.39  8.11  7.46  9.69 11.58 18.18 12.42 12.60 16.93 25.23
 5949.25  8.56  8.26  8.06  8.82  8.13 10.49 12.47 19.22 13.41 13.54 18.01 26.53
 5950.25  8.81  8.50  8.30  9.07  8.37 10.77 12.78 19.53 13.78 13.87 18.39 27.03
 5951.25  8.84  8.54  8.33  9.10  8.41 10.80 12.81 19.51 13.87 13.91 18.44 27.14
 5952.25  8.80  8.49  8.29  9.04  8.36 10.74 12.75 19.36 13.85 13.85 18.37 27.07
 5953.25  8.65  8.35  8.15  8.89  8.22 10.57 12.55 19.05 13.70 13.65 18.14 26.79
 5954.25  7.17  6.92  6.74  7.38  6.81  8.84 10.58 16.38 11.65 11.56 15.62 23.63
 5955.25  6.39  6.15  6.00  6.57  6.06  7.90  9.51 14.90 10.56 10.43 14.25 21.92
 5956.25  7.75  7.48  7.30  7.96  7.37  9.50 11.33 17.22 12.56 12.37 16.58 24.71
 5957.25  8.61  8.32  8.12  8.83  8.20 10.48 12.42 18.50 13.77 13.53 17.92 26.19
 5958.25  8.75  8.45  8.25  8.96  8.33 10.63 12.58 18.61 13.99 13.70 18.11 26.36
 5959.25  8.71  8.42  8.22  8.92  8.30 10.59 12.54 18.50 13.99 13.66 18.07 26.31
 5960.25  8.63  8.34  8.14  8.83  8.22 10.48 12.43 18.31 13.93 13.56 17.95 26.16
 5961.25  8.69  8.40  8.20  8.89  8.29 10.55 12.50 18.34 14.06 13.65 18.05 26.24
 5962.25  8.79  8.49  8.29  8.97  8.38 10.65 12.61 18.43 14.23 13.77 18.18 26.35
 5963.25  8.87  8.58  8.37  9.05  8.46 10.74 12.71 18.53 14.38 13.89 18.30 26.46
 5964.25  8.85  8.56  8.35  9.02  8.44 10.71 12.70 18.47 14.40 13.86 18.27 26.40
 5965.25  8.81  8.53  8.31  8.98  8.40 10.66 12.66 18.38 14.40 13.82 18.21 26.30
 5966.25  8.75  8.48  8.26  8.91  8.35 10.58 12.59 18.26 14.36 13.74 18.12 26.16
 5967.25  8.73  8.47  8.24  8.89  8.34 10.56 12.58 18.21 14.38 13.72 18.09 26.09
 5968.25  8.25  8.00  7.78  8.40  7.87 10.01 11.98 17.45 13.77 13.09 17.35 25.24
 5969.25  7.59  7.36  7.15  7.72  7.23  9.24 11.13 16.37 12.88 12.18 16.29 24.01
 5970.25  8.03  7.80  7.57  8.16  7.66  9.74 11.71 17.05 13.55 12.80 17.00 24.81
 5971.25  8.02  7.80  7.57  8.15  7.66  9.73 11.71 17.02 13.59 12.80 16.99 24.77
 5972.25  7.85  7.64  7.41  7.97  7.49  9.51 11.50 16.72 13.39 12.56 16.71 24.42
 5973.25  8.50  8.28  8.04  8.62  8.13 10.23 12.34 17.71 14.35 13.45 17.72 25.55
 5974.25  8.72  8.50  8.25  8.83  8.34 10.45 12.63 18.00 14.70 13.74 18.04 25.86
 5975.25  8.69  8.48  8.22  8.80  8.31 10.40 12.60 17.93 14.73 13.71 17.99 25.77
 5976.25  8.61  8.41  8.15  8.71  8.24 10.29 12.51 17.78 14.73 13.61 17.86 25.60
 5977.25  8.33  8.14  7.88  8.43  7.97  9.95 12.16 17.32 14.46 13.24 17.43 25.09
 5978.25  7.33  7.17  6.93  7.42  7.01  8.79 10.86 15.69 13.11 11.86 15.81 23.19
 5979.25  7.39  7.22  6.98  7.46  7.06  8.83 10.94 15.75 13.30 11.94 15.89 23.26
 5980.25  8.37  8.20  7.92  8.45  8.01  9.92 12.23 17.30 14.87 13.30 17.48 25.06
 5981.25  8.52  8.35  8.07  8.60  8.16 10.07 12.44 17.50 15.21 13.51 17.70 25.28
 5982.25  8.46  8.31  8.02  8.54  8.11  9.98 12.37 17.39 15.25 13.44 17.61 25.15
 5983.25  8.49  8.34  8.05  8.56  8.14  9.99 12.41 17.40 15.40 13.48 17.64 25.16
 5984.25  8.57  8.43  8.13  8.64  8.22 10.06 12.53 17.49 15.64 13.59 17.76 25.26
 5985.25  8.66  8.52  8.22  8.73  8.31 10.13 12.65 17.59 15.88 13.71 17.89 25.36
 5986.25  8.72  8.58  8.28  8.79  8.37 10.17 12.73 17.65 16.09 13.79 17.97 25.42
 5987.25  8.67  8.54  8.23  8.73  8.33 10.09 12.67 17.54 16.13 13.73 17.88 25.30
 5988.25  8.67  8.55  8.24  8.74  8.34 10.08 12.69 17.52 16.26 13.74 17.88 25.26
 5989.25  8.69  8.58  8.27  8.76  8.37 10.08 12.73 17.52 16.41 13.77 17.91 25.26
 5990.25  8.68  8.57  8.25  8.74  8.35 10.04 12.72 17.46 16.50 13.75 17.87 25.18
 5991.25  8.68  8.59  8.26  8.75  8.36 10.02 12.73 17.44 16.61 13.75 17.86 25.13
 5992.25  8.73  8.65  8.31  8.80  8.42 10.06 12.81 17.49 16.79 13.81 17.91 25.16
 5993.25  8.80  8.72  8.38  8.86  8.49 10.11 12.90 17.56 16.99 13.89 17.99 25.21
 5994.25  8.76  8.69  8.34  8.82  8.45 10.04 12.86 17.46 17.04 13.83 17.91 25.08
 5995.25  8.75  8.69  8.34  8.81  8.45 10.00 12.86 17.42 17.13 13.81 17.87 25.01
 5996.25  8.75  8.70  8.35  8.82  8.46  9.99 12.88 17.40 17.24 13.81 17.86 24.96
 5997.25  8.75  8.71  8.35  8.81  8.46  9.96 12.88 17.37 17.34 13.80 17.84 24.90
 5998.25  8.65  8.62  8.26  8.71  8.37  9.83 12.76 17.19 17.30 13.66 17.67 24.67
 5999.25  8.33  8.31  7.95  8.39  8.06  9.45 12.35 16.67 16.91 13.22 17.15 24.06
 6000.25  8.53  8.53  8.15  8.59  8.26  9.66 12.63 16.95 17.32 13.49 17.44 24.35
 6001.25  8.84  8.84  8.45  8.90  8.57  9.96 13.03 17.37 17.88 13.89 17.88 24.80
 6002.25  8.92  8.94  8.54  8.98  8.66 10.03 13.15 17.46 18.11 13.99 17.98 24.87
 6003.25  8.92  8.94  8.53  8.98  8.65 10.00 13.15 17.42 18.20 13.98 17.95 24.81
 6004.25  8.75  8.79  8.37  8.81  8.49  9.80 12.94 17.15 18.05 13.75 17.68 24.47
 6005.25  8.10  8.15  7.75  8.16  7.87  9.07 12.11 16.14 17.16 12.87 16.67 23.30
 6006.25  8.33  8.39  7.97  8.39  8.10  9.31 12.43 16.47 17.62 13.18 17.01 23.65
 6007.25  8.98  9.05  8.60  9.03  8.73  9.97 13.26 17.39 18.70 14.03 17.95 24.66
 6008.25  9.05  9.13  8.67  9.10  8.81 10.03 13.35 17.46 18.91 14.11 18.04 24.72
 6009.25  9.09  9.19  8.72  9.15  8.86 10.05 13.40 17.49 19.07 14.16 18.08 24.75
 6010.25  9.09  9.20  8.71  9.14  8.86 10.02 13.39 17.46 19.17 14.15 18.05 24.71
 6011.25  9.04  9.16  8.67  9.10  8.82  9.95 13.33 17.36 19.20 14.09 17.96 24.61
 6012.25  9.04  9.17  8.67  9.09  8.82  9.92 13.32 17.33 19.29 14.08 17.94 24.58
 6013.25  9.08  9.22  8.71  9.13  8.86  9.94 13.36 17.35 19.45 14.13 17.97 24.62
 6014.25  9.15  9.30  8.78  9.20  8.94 10.00 13.45 17.42 19.65 14.22 18.05 24.70
 6015.25  9.19  9.36  8.82  9.24  8.98 10.03 13.49 17.45 19.81 14.27 18.09 24.74
 6016.25  9.17  9.35  8.81  9.22  8.97 10.00 13.46 17.39 19.88 14.24 18.04 24.68
 6017.25  9.14  9.34  8.78  9.19  8.95  9.96 13.42 17.33 19.94 14.21 17.98 24.61
 6018.25  9.20  9.41  8.85  9.26  9.02 10.01 13.50 17.39 20.14 14.29 18.05 24.69
 6019.25  9.21  9.43  8.85  9.26  9.03 10.01 13.50 17.36 20.24 14.29 18.03 24.67
 6020.25  9.21  9.45  8.86  9.27  9.04 10.00 13.50 17.34 20.34 14.30 18.02 24.65
 6021.25  9.31  9.56  8.96  9.37  9.15 10.10 13.62 17.45 20.59 14.43 18.14 24.78
 6022.25  9.40  9.67  9.05  9.47  9.26 10.18 13.73 17.55 20.82 14.55 18.25 24.89
 6023.25  9.44  9.72  9.10  9.51  9.31 10.21 13.78 17.58 20.98 14.60 18.29 24.93
 6024.25  9.38  9.67  9.04  9.45  9.26 10.13 13.69 17.46 20.99 14.52 18.19 24.80
 6025.25  9.35  9.65  9.01  9.42  9.24 10.09 13.65 17.39 21.07 14.48 18.15 24.73
 6026.25  9.32  9.64  8.99  9.39  9.23 10.05 13.61 17.32 21.21 14.44 18.10 24.66
 6027.25  8.74  9.06  8.43  8.82  8.67  9.44 12.88 16.47 20.52 13.69 17.27 23.73
 6028.25  7.93  8.23  7.64  8.00  7.87  8.56 11.82 15.23 19.36 12.59 16.02 22.30
 6029.25  8.37  8.70  8.07  8.44  8.33  9.02 12.39 15.87 20.29 13.19 16.69 23.05
 6030.25  8.88  9.23  8.57  8.96  8.85  9.55 13.04 16.58 21.29 13.87 17.45 23.88
 6031.25  9.14  9.50  8.83  9.23  9.12  9.81 13.37 16.92 21.88 14.22 17.82 24.27
 6032.25  9.21  9.59  8.91  9.30  9.21  9.88 13.46 17.00 22.18 14.31 17.92 24.36
 6033.25  9.22  9.60  8.92  9.31  9.23  9.88 13.46 16.98 22.38 14.32 17.93 24.35
 6034.25  9.07  9.45  8.77  9.16  9.09  9.70 13.26 16.73 22.32 14.12 17.70 24.08
 6035.25  8.60  8.97  8.31  8.69  8.63  9.20 12.66 16.04 21.76 13.51 17.01 23.29
 6036.25  8.63  9.01  8.35  8.72  8.68  9.22 12.70 16.05 21.99 13.55 17.05 23.32
 6037.25  8.99  9.39  8.71  9.09  9.06  9.60 13.16 16.54 22.75 14.03 17.58 23.89
 6038.25  9.11  9.52  8.82  9.21  9.18  9.70 13.30 16.67 23.10 14.17 17.73 24.04
 6039.25  9.09  9.51  8.80  9.19  9.18  9.68 13.27 16.62 23.26 14.15 17.70 23.99
 6040.25  9.06  9.48  8.78  9.17  9.17  9.64 13.23 16.55 23.39 14.12 17.66 23.92
 6041.25  9.05  9.48  8.77  9.16  9.17  9.61 13.21 16.50 23.55 14.10 17.63 23.87
 6042.25  9.05  9.49  8.77  9.16  9.18  9.60 13.21 16.48 23.72 14.10 17.63 23.85
 6043.25  9.07  9.52  8.80  9.19  9.22  9.62 13.23 16.48 23.93 14.13 17.65 23.86
 6044.25  9.08  9.53  8.81  9.20  9.24  9.62 13.24 16.46 24.12 14.15 17.66 23.85
 6045.25  9.10  9.56  8.83  9.22  9.28  9.62 13.26 16.46 24.32 14.17 17.68 23.85
 6046.25  9.19  9.65  8.91  9.31  9.38  9.70 13.36 16.54 24.63 14.28 17.80 23.96
 6047.25  9.18  9.65  8.91  9.30  9.38  9.68 13.35 16.50 24.79 14.27 17.78 23.92
 6048.25  9.06  9.54  8.80  9.19  9.28  9.55 13.20 16.31 24.77 14.12 17.61 23.71
 6049.25  9.04  9.52  8.78  9.17  9.27  9.52 13.17 16.25 24.91 14.09 17.57 23.65
 6050.25  9.12  9.61  8.86  9.25  9.36  9.59 13.26 16.33 25.20 14.20 17.68 23.75
 6051.25  9.19  9.69  8.92  9.32  9.45  9.65 13.34 16.39 25.47 14.28 17.77 23.83
 6052.25  9.17  9.67  8.91  9.30  9.44  9.62 13.31 16.33 25.61 14.26 17.73 23.77
 6053.25  9.11  9.61  8.84  9.24  9.39  9.54 13.22 16.21 25.67 14.17 17.63 23.64
 6054.25  9.13  9.65  8.87  9.27  9.43  9.55 13.25 16.22 25.88 14.20 17.66 23.65
 6055.25  9.15  9.67  8.89  9.28  9.45  9.56 13.27 16.20 26.06 14.22 17.67 23.65
 6056.25  9.09  9.61  8.83  9.23  9.41  9.49 13.19 16.10 26.13 14.15 17.58 23.53
 6057.25  9.14  9.67  8.88  9.28  9.47  9.54 13.25 16.15 26.37 14.21 17.65 23.59
 6058.25  9.23  9.77  8.97  9.37  9.58  9.62 13.36 16.26 26.67 14.32 17.77 23.69
 6059.25  9.26  9.81  9.00  9.40  9.62  9.64 13.39 16.29 26.88 14.36 17.80 23.71
 6060.25  9.22  9.78  8.97  9.37  9.60  9.61 13.34 16.23 26.98 14.32 17.75 23.63
 6061.25  9.27  9.83  9.02  9.42  9.68  9.65 13.39 16.28 27.21 14.37 17.80 23.67
 6062.25  9.28  9.85  9.03  9.44  9.72  9.66 13.41 16.28 27.39 14.39 17.81 23.67
 6063.25  9.13  9.70  8.89  9.29  9.59  9.50 13.22 16.07 27.32 14.20 17.60 23.41
 6064.25  9.07  9.64  8.83  9.23  9.56  9.43 13.14 15.97 27.38 14.13 17.51 23.29
 6065.25  9.23  9.81  8.98  9.39  9.75  9.58 13.33 16.17 27.78 14.33 17.72 23.50
 6066.25  9.35  9.94  9.10  9.52  9.90  9.71 13.48 16.33 28.13 14.50 17.88 23.67
 6067.25  9.34  9.94  9.10  9.51  9.92  9.69 13.46 16.30 28.27 14.50 17.86 23.65
 6068.25  9.08  9.67  8.84  9.26  9.68  9.42 13.13 15.94 28.02 14.17 17.49 23.25
 6069.25  8.92  9.51  8.69  9.09  9.54  9.25 12.93 15.70 27.91 13.97 17.25 23.00
 6070.25  9.11  9.71  8.87  9.29  9.76  9.44 13.16 15.95 28.36 14.22 17.51 23.29
 6071.25  9.24  9.85  9.00  9.42  9.93  9.57 13.32 16.11 28.72 14.40 17.69 23.49
 6072.25  9.28  9.90  9.04  9.47 10.00  9.60 13.36 16.16 28.94 14.46 17.74 23.56
 6073.25  9.36  9.98  9.12  9.55 10.11  9.68 13.45 16.25 29.20 14.57 17.84 23.67
 6074.25  9.41 10.04  9.18  9.61 10.19  9.72 13.51 16.30 29.41 14.64 17.90 23.75
 6075.25  9.44 10.07  9.21  9.63 10.24  9.74 13.54 16.32 29.47 14.69 17.93 23.78
 6076.25  9.51 10.16  9.29  9.71 10.35  9.81 13.63 16.41 29.49 14.79 18.03 23.89
 6077.25  9.52 10.17  9.30  9.72 10.39  9.82 13.63 16.40 30.74 14.81 18.03 23.90
 6078.25  9.42 10.07  9.21  9.63 10.31  9.71 13.51 16.26 38.03 14.69 17.90 23.76
 6079.25  9.34  9.99  9.13  9.54 10.25  9.62 13.40 16.13 45.39 14.59 17.78 23.63
 6080.25  9.45 10.10  9.23  9.65 10.39  9.72 13.52 16.26 46.93 14.73 17.93 23.78
 6081.25  9.34  9.99  9.13  9.55 10.30  9.60 13.38 16.10 46.57 14.60 17.79 23.62
 6082.25  9.28  9.93  9.07  9.48 10.26  9.53 13.30 16.00 46.21 14.53 17.71 23.52
 6083.25  9.35 10.01  9.15  9.56 10.37  9.60 13.38 16.08 46.04 14.63 17.82 23.63
 6084.25  9.38 10.05  9.18  9.60 10.43  9.63 13.42 16.11 45.80 14.68 17.87 23.68
 6085.25  9.37 10.04  9.17  9.58 10.44  9.61 13.39 16.08 45.51 14.66 17.85 23.65
 6086.25  9.46 10.14  9.27  9.68 10.56  9.69 13.50 16.19 45.36 14.79 17.98 23.79
 6087.25  9.17  9.84  8.98  9.39 10.28  9.39 13.14 15.78 44.64 14.42 17.58 23.34
 6088.25  8.09  8.71  7.92  8.29  9.13  8.29 11.76 14.25 42.50 12.98 15.98 21.56
 6089.25  8.29  8.92  8.12  8.49  9.37  8.48 12.01 14.52 42.58 13.25 16.29 21.89
 6090.25  9.23  9.92  9.06  9.46 10.43  9.44 13.20 15.83 43.89 14.53 17.69 23.44
 6091.25  9.34 10.03  9.17  9.57 10.57  9.54 13.33 15.96 43.76 14.67 17.85 23.60
 6092.25  9.33 10.02  9.16  9.56 10.58  9.52 13.31 15.92 43.46 14.66 17.84 23.58
 6093.25  9.38 10.08  9.21  9.61 10.66  9.57 13.36 15.98 43.24 14.73 17.91 23.65
 6094.25  9.40 10.12  9.24  9.64 10.72  9.59 13.39 15.99 42.98 14.77 17.95 23.69
 6095.25  9.34 10.07  9.18  9.59 10.68  9.52 13.31 15.90 42.60 14.70 17.87 23.60
 6096.25  9.20  9.94  9.04  9.44 10.55  9.37 13.12 15.69 42.08 14.52 17.68 23.38
 6097.25  9.09  9.84  8.94  9.34 10.45  9.25 12.98 15.53 41.61 14.39 17.52 23.20
 6098.25  9.15  9.92  9.00  9.40 10.54  9.30 13.05 15.59 41.39 14.47 17.61 23.29
 6099.25  9.24 10.04  9.09  9.50 10.67  9.39 13.17 15.70 41.24 14.60 17.75 23.44
 6100.25  9.17  9.99  9.03  9.44 10.63  9.32 13.09 15.60 40.82 14.51 17.66 23.33
 6101.25  9.04  9.87  8.90  9.31 10.54  9.18 12.93 15.40 40.31 14.35 17.48 23.12
 6102.25  9.20 10.05  9.06  9.48 10.77  9.33 13.13 15.60 40.24 14.56 17.71 23.36
 6103.25  9.37 10.25  9.24  9.66 11.01  9.50 13.34 15.82 40.19 14.79 17.95 23.62
 6104.25  9.42 10.33  9.29  9.72 11.12  9.55 13.41 15.88 39.95 14.87 18.03 23.70
 6105.25  9.24 10.15  9.11  9.54 10.97  9.36 13.18 15.64 39.36 14.64 17.78 23.42
 6106.25  9.11 10.02  8.98  9.40 10.87  9.22 13.01 15.46 38.82 14.46 17.59 23.20
 6107.25  9.14 10.08  9.01  9.44 10.96  9.25 13.06 15.51 38.55 14.51 17.64 23.26
 6108.25  9.10 10.06  8.98  9.41 10.97  9.20 13.01 15.47 38.17 14.47 17.59 23.19
 6109.25  9.12 10.09  8.99  9.43 11.04  9.22 13.03 15.50 37.87 14.50 17.62 23.22
 6110.25  9.18 10.17  9.04  9.49 11.15  9.26 13.10 15.57 37.62 14.57 17.70 23.30
 6111.25  9.20 10.21  9.06  9.52 11.23  9.28 13.13 15.61 37.33 14.61 17.74 23.33
 6112.25  9.20 10.22  9.05  9.52 11.27  9.27 13.13 15.61 36.99 14.61 17.73 23.31
 6113.25  9.15 10.18  9.00  9.47 11.26  9.21 13.06 15.54 36.57 14.53 17.65 23.22
 6114.25  9.15 10.20  9.00  9.48 11.32  9.21 13.07 15.55 36.23 14.54 17.66 23.22
 6115.25  9.28 10.36  9.12  9.61 11.51  9.33 13.22 15.72 36.09 14.71 17.84 23.40
 6116.25  9.29 10.39  9.13  9.63 11.58  9.34 13.24 15.74 35.77 14.73 17.85 23.41
 6117.25  9.34 10.45  9.17  9.68 11.68  9.38 13.30 15.81 35.49 14.80 17.92 23.48
 6118.25  9.42 10.56  9.25  9.76 11.82  9.45 13.40 15.92 35.26 14.91 18.03 23.59
 6119.25  9.42 10.58  9.24  9.77 11.88  9.44 13.40 15.92 34.91 14.93 18.03 23.58
 6120.25  9.35 10.51  9.17  9.70 11.84  9.36 13.31 15.83 34.44 14.84 17.93 23.46
 6121.25  9.30 10.48  9.12  9.66 11.84  9.31 13.25 15.77 34.01 14.79 17.86 23.38
 6122.25  9.34 10.54  9.15  9.70 11.93  9.34 13.30 15.83 33.70 14.85 17.91 23.43
 6123.25  9.51 10.74  9.32  9.88 12.18  9.50 13.50 16.05 33.58 15.08 18.14 23.67
 6124.25  9.61 10.87  9.41  9.99 12.35  9.60 13.63 16.19 33.39 15.23 18.28 23.80
 6125.25  9.53 10.79  9.33  9.90 12.30  9.51 13.53 16.09 33.01 15.13 18.17 23.66
 6126.25  9.50 10.78  9.29  9.87 12.31  9.47 13.49 16.05 32.85 15.10 18.12 23.59
 6127.25  9.53 10.84  9.32  9.91 12.40  9.50 13.53 16.09 32.85 15.15 18.16 23.62
 6128.25  9.55 10.88  9.34  9.94 12.48  9.51 13.55 16.12 32.83 15.19 18.19 23.63
 6129.25  9.54 10.89  9.32  9.93 12.51  9.49 13.53 16.10 32.76 15.18 18.16 23.59
 6130.25  9.58 10.96  9.35  9.97 12.61  9.52 13.58 16.16 32.77 15.24 18.22 23.63
 6131.25  9.62 11.03  9.39 10.01 12.70  9.56 13.63 16.22 32.78 15.31 18.27 23.67
 6132.25  9.63 11.07  9.39 10.02 12.76  9.56 13.64 16.23 32.75 15.33 18.28 23.66
 6133.25  9.59 11.05  9.36  9.97 12.77  9.52 13.60 16.19 32.65 15.29 18.22 23.59
 6134.25  9.51 10.99  9.27  9.88 12.73  9.43 13.50 16.09 32.48 15.20 18.10 23.45
 6135.25  9.53 11.03  9.28  9.89 12.80  9.44 13.52 16.11 32.46 15.23 18.12 23.46
 6136.25  9.59 11.12  9.34  9.94 12.91  9.49 13.59 16.19 32.49 15.32 18.18 23.52
 6137.25  9.53 11.08  9.27  9.86 12.89  9.42 13.51 16.11 32.35 15.24 18.09 23.41
 6138.25  9.35 10.90  9.09  9.67 12.72  9.23 13.29 15.87 32.02 15.02 17.82 23.12
 6139.25  9.57 11.17  9.30  9.89 13.04  9.45 13.57 16.17 32.32 15.32 18.13 23.43
 6140.25  9.22 10.81  8.95  9.52 12.68  9.09 13.13 15.70 31.71 14.87 17.62 22.88
 6141.25  8.76 10.32  8.50  9.03 12.20  8.63 12.55 15.07 30.90 14.26 16.94 22.13
 6142.25  9.33 10.97  9.05  9.61 13.00  9.19 13.26 15.85 31.79 15.03 17.75 23.00
 6143.25  9.80 11.51  9.50 10.07 13.66  9.64 13.83 16.47 32.45 15.64 18.39 23.68
 6144.25  9.50 11.21  9.20  9.76 13.40  9.35 13.47 16.08 31.96 15.27 17.97 23.22
 6145.25  8.82 10.47  8.52  9.05 12.64  8.66 12.62 15.15 30.78 14.36 16.97 22.12
 6146.25  8.55 10.19  8.26  8.77 12.40  8.40 12.28 14.78 30.26 14.01 16.57 21.67
 6147.25  9.28 11.03  8.96  9.50 13.42  9.11 13.20 15.79 31.45 15.00 17.62 22.81
 6148.25  9.48 11.27  9.14  9.69 13.76  9.30 13.44 16.05 31.71 15.26 17.88 23.09
 6149.25  8.64 10.35  8.31  8.82 12.78  8.47 12.39 14.90 30.24 14.14 16.65 21.73
 6150.25  7.98  9.62  7.66  8.14 12.01  7.81 11.54 13.95 28.95 13.23 15.63 20.58
 6151.25  8.85 10.63  8.50  9.01 13.24  8.67 12.66 15.19 30.51 14.44 16.93 22.03
 6152.25  9.28 11.14  8.91  9.44 13.88  9.08 13.19 15.79 31.18 15.03 17.55 22.69
 6153.25  9.43 11.33  9.05  9.58 14.18  9.23 13.39 16.01 31.38 15.24 17.75 22.91
 6154.25  9.58 11.52  9.19  9.72 14.46  9.38 13.57 16.22 31.55 15.44 17.95 23.11
 6155.25  9.60 11.56  9.19  9.72 14.57  9.39 13.59 16.24 31.52 15.47 17.95 23.11
 6156.25  9.63 11.62  9.22  9.75 14.71  9.42 13.63 16.30 31.53 15.52 17.99 23.14
 6157.25  9.32 11.30  8.91  9.43 14.40  9.11 13.25 15.89 30.98 15.12 17.54 22.64
 6158.25  9.05 11.00  8.63  9.14 14.14  8.83 12.91 15.52 30.48 14.76 17.14 22.19
 6159.25  9.08 11.07  8.66  9.16 14.28  8.86 12.95 15.58 30.48 14.81 17.18 22.23
 6160.25  9.16 11.18  8.73  9.23 14.47  8.94 13.06 15.70 30.56 14.93 17.28 22.33
 6161.25  9.50 11.58  9.04  9.56 15.00  9.26 13.47 16.16 31.05 15.38 17.74 22.82
 6162.25  9.62 11.74  9.15  9.67 15.25  9.37 13.62 16.33 31.18 15.54 17.89 22.98
 6163.25  9.77 11.92  9.28  9.80 15.53  9.51 13.80 16.53 31.35 15.74 18.08 23.17
 6164.25  9.96 12.16  9.46  9.98 15.87  9.70 14.03 16.79 31.57 15.99 18.33 23.42
 6165.25  9.92 12.14  9.41  9.93 15.91  9.65 13.98 16.75 31.46 15.95 18.26 23.34
 6166.25  9.79 12.01  9.28  9.79 15.84  9.52 13.82 16.59 31.21 15.79 18.07 23.13
 6167.25  9.72 11.95  9.20  9.71 15.83  9.45 13.74 16.50 31.05 15.70 17.96 23.00
 6168.25  9.71 11.96  9.18  9.68 15.91  9.43 13.72 16.49 30.98 15.69 17.93 22.96
 6169.25  9.62 11.88  9.09  9.59 15.89  9.34 13.62 16.38 30.79 15.58 17.79 22.81
 6170.25  9.55 11.81  9.00  9.50 15.87  9.26 13.52 16.29 30.61 15.47 17.67 22.67
 6171.25  8.82 10.99  8.30  8.77 14.97  8.54 12.61 15.29 29.34 14.49 16.62 21.50
 6172.25  7.80  9.81  7.31  7.74 13.58  7.54 11.29 13.81 27.34 13.05 15.05 19.71
 6173.25  8.66 10.85  8.13  8.60 14.91  8.38 12.41 15.08 28.93 14.27 16.35 21.19
 6174.25  9.66 12.02  9.07  9.58 16.37  9.35 13.65 16.46 30.55 15.60 17.77 22.74
 6175.25  9.77 12.16  9.16  9.67 16.60  9.44 13.78 16.61 30.65 15.74 17.90 22.87
 6176.25  9.59 11.98  8.99  9.49 16.46  9.27 13.57 16.39 30.32 15.50 17.65 22.58
 6177.25  9.22 11.57  8.62  9.12 16.04  8.90 13.11 15.89 29.66 15.01 17.11 21.99
 6178.25  9.02 11.35  8.42  8.90 15.84  8.70 12.85 15.61 29.26 14.73 16.80 21.65
 6179.25  9.59 12.03  8.96  9.46 16.70  9.24 13.56 16.40 30.12 15.48 17.59 22.50
 6180.25  9.78 12.27  9.13  9.64 16.99  9.43 13.79 16.66 30.35 15.73 17.84 22.76
 6181.25  9.77 12.27  9.12  9.62 16.94  9.41 13.78 16.65 30.27 15.70 17.81 22.71
 6182.25  9.79 12.32  9.13  9.63 16.90  9.42 13.80 16.68 30.23 15.72 17.82 22.71
 6183.25  9.77 12.31  9.10  9.60 16.81  9.40 13.77 16.66 30.14 15.70 17.78 22.64
 6184.25  9.74 12.30  9.07  9.56 16.71  9.36 13.74 16.63 30.03 15.65 17.73 22.57
 6185.25  9.62 12.18  8.95  9.44 16.49  9.24 13.59 16.48 29.78 15.49 17.55 22.35
 6186.25  9.52 12.08  8.84  9.32 16.29  9.14 13.46 16.34 29.55 15.35 17.39 22.16
 6187.25  9.76 12.38  9.07  9.55 16.55  9.37 13.76 16.67 29.86 15.66 17.70 22.48
 6188.25  9.89 12.54  9.18  9.67 16.65  9.48 13.92 16.85 29.99 15.82 17.85 22.63
 6189.25  9.89 12.56  9.17  9.66 16.59  9.48 13.94 16.86 29.92 15.81 17.82 22.60
 6190.25  9.84 12.52  9.12  9.60 16.46  9.42 13.89 16.80 29.78 15.74 17.72 22.49
 6191.25  9.89 12.59  9.16  9.64 16.47  9.47 13.97 16.87 29.80 15.81 17.77 22.53
 6192.25 10.05 12.76  9.31  9.80 16.62  9.62 14.18 17.09 29.97 16.01 17.95 22.73
 6193.25 10.04 12.72  9.30  9.78 16.54  9.61 14.18 17.09 29.89 15.99 17.91 22.68
 6194.25  9.52 12.09  8.80  9.26 15.79  9.10 13.56 16.40 29.03 15.31 17.18 21.88
 6195.25  9.59 12.14  8.85  9.31 15.81  9.16 13.66 16.49 29.07 15.39 17.23 21.94
 6196.25  9.94 12.52  9.18  9.65 16.22  9.50 14.11 16.98 29.55 15.85 17.69 22.43
 6197.25  9.93 12.48  9.17  9.63 16.15  9.48 14.11 16.97 29.47 15.83 17.65 22.38
 6198.25 10.02 12.57  9.25  9.72 16.21  9.57 14.25 17.11 29.55 15.95 17.75 22.49
 6199.25 10.13 12.66  9.35  9.82 16.28  9.67 14.39 17.24 29.64 16.08 17.87 22.60
 6200.25 10.15 12.66  9.37  9.83 16.25  9.69 14.44 17.25 29.62 16.11 17.87 22.61
 6201.25 10.14 12.62  9.35  9.81 16.17  9.68 14.44 17.22 29.54 16.09 17.83 22.56
 6202.25 10.11 12.57  9.33  9.79 16.08  9.66 14.44 17.17 29.44 16.06 17.78 22.50
 6203.25  9.42 11.75  8.66  9.10 15.11  8.98 13.59 16.21 28.29 15.15 16.80 21.43
 6204.25  8.22 10.33  7.53  7.92 13.42  7.82 12.07 14.49 26.12 13.51 15.04 19.46
 6205.25  8.92 11.13  8.19  8.61 14.33  8.50 13.00 15.48 27.33 14.48 16.05 20.59
 6206.25  9.92 12.25  9.13  9.57 15.59  9.46 14.27 16.83 28.90 15.81 17.41 22.09
 6207.25 10.09 12.42  9.29  9.74 15.75  9.62 14.51 17.04 29.10 16.03 17.62 22.31
 6208.25 10.03 12.33  9.23  9.68 15.62  9.57 14.45 16.94 28.95 15.95 17.52 22.19
 6209.25  9.78 12.02  8.98  9.42 15.22  9.31 14.15 16.58 28.49 15.62 17.15 21.79
 6210.25  9.67 11.87  8.87  9.32 15.02  9.21 14.04 16.42 28.26 15.47 16.97 21.60
 6211.25  9.65 11.83  8.86  9.30 14.94  9.19 14.04 16.38 28.17 15.45 16.93 21.54
 6212.25  8.58 10.57  7.85  8.25 13.46  8.15 12.68 14.86 26.27 14.00 15.38 19.81
 6213.25  8.28 10.20  7.57  7.96 13.00  7.87 12.31 14.42 25.67 13.59 14.92 19.29
 6214.25  9.05 11.07  8.29  8.71 13.98  8.60 13.33 15.49 26.99 14.65 16.02 20.52
 6215.25  9.41 11.46  8.63  9.05 14.39  8.95 13.81 15.97 27.53 15.13 16.50 21.05
 6216.25  9.96 12.06  9.15  9.59 15.03  9.48 14.52 16.69 28.33 15.85 17.22 21.84
 6217.25 10.10 12.18  9.27  9.72 15.13  9.61 14.70 16.85 28.46 16.01 17.37 22.00
 6218.25 10.08 12.13  9.25  9.70 15.05  9.59 14.70 16.80 28.37 15.99 17.32 21.94
 6219.25 10.00 12.02  9.17  9.61 14.88  9.51 14.61 16.67 28.18 15.88 17.19 21.79
 6220.25  9.96 11.95  9.14  9.57 14.77  9.47 14.58 16.60 28.06 15.83 17.11 21.70
 6221.25 10.00 11.97  9.17  9.61 14.75  9.50 14.65 16.63 28.05 15.89 17.14 21.73
 6222.25  9.36 11.22  8.57  8.98 13.86  8.88 13.86 15.75 26.97 15.07 16.24 20.74
 6223.25  8.04  9.70  7.34  7.71 12.08  7.62 12.16 13.88 24.56 13.28 14.33 18.58
 6224.25  8.70 10.43  7.96  8.35 12.88  8.25 13.05 14.81 25.71 14.24 15.27 19.64
 6225.25  9.87 11.70  9.05  9.48 14.29  9.37 14.57 16.39 27.58 15.83 16.87 21.41
 6226.25  9.92 11.73  9.10  9.53 14.29  9.43 14.66 16.44 27.59 15.94 16.92 21.47
 6227.25  9.88 11.65  9.07  9.49 14.17  9.39 14.63 16.37 27.45 15.92 16.85 21.38
 6228.25  9.92 11.67  9.11  9.53 14.15  9.43 14.70 16.41 27.43 16.01 16.88 21.41
 6229.25  9.89 11.60  9.08  9.50 14.04  9.41 14.69 16.35 27.30 16.00 16.81 21.34
 6230.25  9.83 11.49  9.02  9.44 13.90  9.35 14.63 16.26 27.13 15.95 16.71 21.22
 6231.25  9.88 11.52  9.08  9.49 13.89  9.40 14.72 16.31 27.12 16.05 16.76 21.27
 6232.25 10.01 11.62  9.20  9.62 13.97  9.53 14.90 16.46 27.24 16.25 16.91 21.43
 6233.25  9.95 11.53  9.15  9.57 13.84  9.48 14.86 16.38 27.08 16.22 16.82 21.33
 6234.25  9.64 11.15  8.86  9.26 13.38  9.18 14.50 15.94 26.51 15.84 16.37 20.84
 6235.25  8.26  9.60  7.57  7.93 11.59  7.86 12.71 14.01 24.04 13.96 14.41 18.62
 6236.25  7.05  8.20  6.44  6.75  9.95  6.69 11.05 12.19 21.52 12.18 12.55 16.44
 6237.25  6.32  7.35  5.77  6.05  8.93  6.00 10.02 11.04 19.78 11.07 11.37 15.01
 6238.25  6.60  7.64  6.03  6.32  9.25  6.27 10.46 11.48 20.36 11.55 11.81 15.54
 6239.25  7.93  9.11  7.27  7.61 10.91  7.55 12.37 13.47 23.10 13.59 13.84 17.95
 6240.25  9.27 10.55  8.52  8.91 12.51  8.84 14.20 15.35 25.43 15.53 15.74 20.11
 6241.25  9.00 10.23  8.27  8.65 12.12  8.59 13.88 14.97 24.90 15.19 15.35 19.67
 6242.25  8.46  9.60  7.77  8.12 11.38  8.07 13.18 14.20 23.87 14.46 14.56 18.77
 6243.25  8.48  9.60  7.79  8.15 11.35  8.10 13.25 14.22 23.83 14.52 14.59 18.78
 6244.25  8.69  9.79  7.99  8.34 11.53  8.30 13.56 14.50 24.12 14.85 14.87 19.09
 6245.25  8.38  9.42  7.70  8.03 11.08  8.00 13.16 14.03 23.47 14.43 14.40 18.54
 6246.25  9.13 10.21  8.41  8.76 11.93  8.74 14.21 15.08 24.70 15.53 15.46 19.72
 6247.25  9.94 11.04  9.18  9.54 12.81  9.53 15.29 16.15 25.91 16.66 16.54 20.90
 6248.25  9.94 11.00  9.17  9.52 12.73  9.52 15.31 16.13 25.81 16.68 16.52 20.86
 6249.25  9.45 10.45  8.71  9.05 12.09  9.06 14.72 15.49 24.98 16.06 15.86 20.12
 6250.25  9.50 10.47  8.76  9.09 12.08  9.11 14.82 15.55 24.98 16.16 15.91 20.17
 6251.25  9.86 10.82  9.10  9.43 12.42  9.46 15.31 16.02 25.45 16.68 16.38 20.66
 6252.25  9.95 10.88  9.18  9.51 12.44  9.55 15.45 16.12 25.49 16.82 16.48 20.75
 6253.25  9.92 10.82  9.16  9.47 12.34  9.53 15.45 16.08 25.37 16.82 16.43 20.69
 6254.25 10.02 10.89  9.25  9.56 12.38  9.63 15.61 16.21 25.43 16.99 16.55 20.80
 6255.25 10.07 10.90  9.29  9.60 12.35  9.68 15.70 16.26 25.42 17.08 16.59 20.83
 6256.25 10.02 10.82  9.25  9.55 12.23  9.64 15.68 16.19 25.26 17.05 16.52 20.74
 6257.25  9.75 10.51  8.99  9.28 11.85  9.38 15.36 15.83 24.77 16.72 16.15 20.32
 6258.25  8.27  8.93  7.60  7.85 10.08  7.94 13.38 13.78 22.17 14.64 14.07 17.97
 6259.25  5.98  6.48  5.48  5.66  7.33  5.74 10.04 10.34 17.38 11.07 10.57 13.80
 6260.25  6.35  6.86  5.82  6.01  7.73  6.10 10.63 10.91 18.13 11.70 11.14 14.48
 6261.25  8.99  9.64  8.29  8.53 10.76  8.67 14.48 14.79 23.20 15.79 15.07 19.06
 6262.25  9.88 10.56  9.13  9.38 11.74  9.54 15.70 15.99 24.56 17.07 16.27 20.38
 6263.25  9.54 10.18  8.80  9.04 11.33  9.21 15.29 15.53 23.95 16.64 15.80 19.85
 6264.25  9.45 10.07  8.72  8.96 11.21  9.13 15.21 15.41 23.73 16.55 15.67 19.70
 6265.25  9.52 10.11  8.78  9.01 11.25  9.20 15.32 15.49 23.74 16.67 15.74 19.76
 6266.25  8.26  8.79  7.61  7.80  9.81  7.98 13.63 13.75 21.53 14.89 13.98 17.76
 6267.25  7.75  8.23  7.13  7.31  9.21  7.49 12.93 13.01 20.51 14.14 13.23 16.88
 6268.25  9.22  9.76  8.51  8.71 10.85  8.93 15.03 15.08 23.01 16.35 15.31 19.23
 6269.25  9.42  9.94  8.70  8.90 11.04  9.13 15.33 15.35 23.24 16.66 15.57 19.51
 6270.25  9.08  9.57  8.38  8.56 10.64  8.80 14.90 14.88 22.61 16.21 15.09 18.96
 6271.25  9.64 10.13  8.91  9.09 11.23  9.36 15.68 15.63 23.41 17.03 15.84 19.77
 6272.25  9.91 10.39  9.17  9.35 11.51  9.64 16.08 15.98 23.74 17.44 16.19 20.14
 6273.25  9.81 10.27  9.08  9.25 11.37  9.54 15.98 15.85 23.50 17.34 16.05 19.97
 6274.25  9.70 10.13  8.97  9.14 11.22  9.44 15.87 15.70 23.24 17.26 15.88 19.78
 6275.25  9.57  9.98  8.85  9.01 11.05  9.32 15.73 15.52 22.97 17.18 15.70 19.56
 6276.25  8.07  8.41  7.43  7.57  9.35  7.85 13.63 13.41 20.34 15.05 13.57 17.13
 6277.25  7.19  7.48  6.61  6.73  8.34  7.00 12.34 12.10 18.62 13.74 12.25 15.57
 6278.25  8.59  8.91  7.93  8.05  9.88  8.38 14.39 14.11 21.12 16.02 14.26 17.87
 6279.25  8.91  9.23  8.24  8.36 10.22  8.71 14.86 14.58 21.69 16.63 14.72 18.38
 6280.25  8.83  9.12  8.16  8.27 10.10  8.63 14.75 14.46 21.55 16.63 14.60 18.25
 6281.25  9.58  9.88  8.87  8.99 10.90  9.39 15.79 15.49 22.74 17.84 15.62 19.36
 6282.25  9.81 10.09  9.09  9.20 11.13  9.62 16.09 15.79 23.07 18.28 15.92 19.67
 6283.25  9.73  9.98  9.01  9.11 11.01  9.54 15.99 15.68 22.93 18.28 15.80 19.54
 6284.25  9.66  9.89  8.95  9.04 10.91  9.48 15.90 15.59 22.81 18.30 15.70 19.42
 6285.25  9.67  9.89  8.96  9.05 10.89  9.50 15.92 15.61 22.82 18.43 15.71 19.42
 6286.25  9.69  9.88  8.98  9.06 10.88  9.53 15.94 15.62 22.82 18.57 15.72 19.42
 6287.25  9.47  9.65  8.78  8.85 10.63  9.32 15.65 15.33 22.45 18.36 15.42 19.07
 6288.25  7.32  7.45  6.75  6.81  8.25  7.20 12.55 12.28 18.63 15.05 12.35 15.56
 6289.25  5.86  5.95  5.39  5.43  6.61  5.77 10.28 10.04 15.61 12.54 10.10 12.89
 6290.25  7.60  7.71  7.02  7.06  8.51  7.49 12.96 12.68 19.11 15.71 12.74 15.99
 6291.25  9.16  9.28  8.49  8.54 10.18  9.05 15.21 14.89 21.84 18.33 14.96 18.50
 6292.25  9.34  9.45  8.66  8.70 10.35  9.23 15.45 15.12 22.07 18.68 15.18 18.72
 6293.25  9.46  9.56  8.78  8.81 10.45  9.36 15.61 15.28 22.23 18.97 15.33 18.87
 6294.25  9.62  9.71  8.93  8.96 10.59  9.53 15.83 15.50 22.46 19.31 15.54 19.09
 6295.25  9.64  9.72  8.94  8.97 10.58  9.55 15.83 15.53 22.43 19.42 15.53 19.06
 6296.25  9.66  9.73  8.97  8.99 10.58  9.58 15.87 15.58 22.44 19.56 15.56 19.08
 6297.25  9.43  9.49  8.75  8.76 10.31  9.36 15.56 15.29 22.09 19.35 15.25 18.74
 6298.25  8.74  8.78  8.09  8.10  9.54  8.67 14.60 14.35 20.92 18.37 14.29 17.67
 6299.25  7.36  7.39  6.80  6.80  8.04  7.31 12.59 12.38 18.42 16.16 12.31 15.40
 6300.25  4.79  4.81  4.41  4.41  5.25  4.77  8.47  8.33 12.79 11.16  8.26 10.53
 6301.25  1.68  1.69  1.54  1.54  1.85  1.67  3.06  3.01  4.77  4.15  2.98  3.86
 6302.25  1.23  1.23  1.13  1.12  1.34  1.22  2.23  2.20  3.48  3.05  2.17  2.82
 6303.25  2.56  2.56  2.36  2.35  2.80  2.56  4.63  4.57  7.14  6.33  4.51  5.81
 6304.25  7.58  7.57  7.02  6.99  8.22  7.57 12.86 12.73 18.59 16.92 12.56 15.64
 6305.25  9.38  9.35  8.71  8.67 10.12  9.36 15.46 15.33 21.75 20.06 15.12 18.55
 6306.25  9.35  9.32  8.69  8.64 10.08  9.35 15.42 15.30 21.67 20.11 15.08 18.49
 6307.25  8.27  8.22  7.66  7.62  8.92  8.27 13.90 13.81 19.84 18.46 13.57 16.80
 6308.25  5.78  5.74  5.33  5.29  6.26  5.79 10.11 10.05 14.96 13.91  9.85 12.45
 6309.25  6.06  6.02  5.60  5.55  6.56  6.08 10.56 10.51 15.54 14.56 10.29 12.97
 6310.25  8.60  8.53  7.98  7.91  9.25  8.63 14.37 14.32 20.32 19.30 14.03 17.29
 6311.25  9.53  9.44  8.86  8.79 10.22  9.57 15.66 15.63 21.81 20.89 15.30 18.70
 6312.25  9.71  9.61  9.03  8.94 10.39  9.75 15.89 15.88 22.05 21.25 15.52 18.94
 6313.25  9.68  9.57  9.01  8.92 10.35  9.73 15.86 15.86 21.99 21.31 15.49 18.90
 6314.25  9.52  9.40  8.86  8.76 10.18  9.58 15.64 15.65 21.70 21.16 15.27 18.64
 6315.25  9.50  9.37  8.84  8.73 10.14  9.56 15.61 15.64 21.63 21.22 15.23 18.60
 6316.25  9.68  9.53  9.01  8.90 10.31  9.74 15.84 15.89 21.88 21.58 15.46 18.84
 6317.25  9.74  9.59  9.07  8.95 10.37  9.81 15.92 15.99 21.94 21.78 15.54 18.92
 6318.25  9.72  9.56  9.06  8.93 10.34  9.80 15.90 15.98 21.89 21.84 15.51 18.88
 6319.25  9.79  9.62  9.13  8.99 10.40  9.88 15.98 16.08 21.95 22.03 15.59 18.96
 6320.25  9.87  9.69  9.21  9.07 10.48  9.97 16.09 16.21 22.04 22.25 15.69 19.07
 6321.25  9.55  9.36  8.90  8.77 10.13  9.65 15.66 15.80 21.53 21.86 15.26 18.60
 6322.25  8.27  8.09  7.69  7.57  8.78  8.36 13.87 14.02 19.42 19.86 13.51 16.63
 6323.25  7.35  7.19  6.83  6.71  7.81  7.44 12.52 12.69 17.75 18.29 12.19 15.12
 6324.25  8.68  8.49  8.10  7.96  9.19  8.79 14.42 14.64 20.05 20.74 14.07 17.25
 6325.25  9.55  9.35  8.93  8.78 10.09  9.68 15.60 15.86 21.41 22.25 15.25 18.55
 6326.25  9.64  9.43  9.02  8.86 10.17  9.78 15.69 16.00 21.52 22.50 15.36 18.67
 6327.25  9.57  9.36  8.95  8.79 10.09  9.71 15.57 15.91 21.38 22.55 15.26 18.55
 6328.25  9.41  9.20  8.81  8.64  9.91  9.55 15.33 15.71 21.11 22.49 15.04 18.30
 6329.25  9.39  9.17  8.79  8.62  9.88  9.54 15.27 15.70 21.04 22.63 15.01 18.26
 6330.25  8.27  8.07  7.73  7.57  8.70  8.41 13.68 14.12 19.16 20.90 13.45 16.51
 6331.25  5.94  5.78  5.53  5.41  6.26  6.05 10.17 10.56 14.73 16.40 10.00 12.51
 6332.25  6.53  6.36  6.10  5.97  6.88  6.66 11.08 11.52 15.91 17.85 10.91 13.57
 6333.25  9.08  8.86  8.52  8.34  9.52  9.25 14.76 15.33 20.44 22.85 14.57 17.75
 6334.25  9.62  9.38  9.03  8.85 10.06  9.81 15.46 16.09 21.25 23.90 15.29 18.53
 6335.25  9.57  9.33  8.99  8.80 10.00  9.76 15.36 16.03 21.14 24.00 15.21 18.44
 6336.25  9.71  9.46  9.13  8.93 10.13  9.91 15.52 16.23 21.32 24.39 15.39 18.62
 6337.25  9.81  9.56  9.23  9.03 10.23 10.02 15.63 16.39 21.44 24.73 15.52 18.76
 6338.25  9.72  9.47  9.15  8.95 10.13  9.94 15.49 16.28 21.28 24.77 15.40 18.62
 6339.25  9.58  9.33  9.02  8.82  9.97  9.80 15.28 16.11 21.04 24.72 15.21 18.40
 6340.25  9.63  9.37  9.07  8.86 10.01  9.85 15.31 16.19 21.08 24.96 15.26 18.45
 6341.25  8.61  8.37  8.10  7.91  8.97  8.83 13.91 14.78 19.44 23.43 13.88 16.93
 6342.25  7.36  7.15  6.91  6.74  7.67  7.56 12.12 12.94 17.26 21.23 12.11 14.91
 6343.25  8.38  8.13  7.88  7.69  8.72  8.60 13.54 14.44 18.99 23.34 13.55 16.54
 6344.25  9.33  9.07  8.81  8.59  9.70  9.58 14.82 15.79 20.51 25.17 14.85 17.98
 6345.25  9.34  9.07  8.81  8.59  9.70  9.59 14.80 15.80 20.49 25.34 14.85 17.97
 6346.25  9.44  9.17  8.92  8.70  9.81  9.71 14.91 15.94 20.62 25.68 14.98 18.11
 6347.25  9.43  9.15  8.91  8.68  9.80  9.70 14.87 15.92 20.56 25.82 14.95 18.07
 6348.25  9.39  9.11  8.88  8.65  9.76  9.67 14.80 15.87 20.48 25.93 14.90 18.01
 6349.25  8.69  8.42  8.21  7.99  9.04  8.96 13.83 14.89 19.35 24.90 13.95 16.95
 6350.25  7.73  7.48  7.30  7.09  8.05  7.98 12.47 13.49 17.70 23.25 12.60 15.43
 6351.25  8.56  8.30  8.10  7.88  8.91  8.84 13.61 14.70 19.08 24.99 13.77 16.73
 6352.25  9.29  9.01  8.81  8.56  9.65  9.60 14.57 15.73 20.22 26.42 14.76 17.82
 6353.25  9.36  9.07  8.88  8.63  9.73  9.68 14.63 15.82 20.29 26.70 14.85 17.91
 6354.25  9.39  9.10  8.91  8.66  9.75  9.71 14.64 15.86 20.31 26.90 14.89 17.94
 6355.25  9.44  9.14  8.96  8.70  9.80  9.77 14.68 15.92 20.34 27.13 14.95 18.01
 6356.25  9.18  8.88  8.71  8.46  9.53  9.51 14.31 15.56 19.92 26.86 14.62 17.63
 6357.25  7.45  7.20  7.06  6.85  7.75  7.75 11.91 13.05 16.99 23.71 12.20 14.92
 6358.25  6.53  6.31  6.19  6.00  6.80  6.80 10.55 11.63 15.27 21.82 10.85 13.37
 6359.25  8.21  7.94  7.80  7.57  8.54  8.55 12.93 14.18 18.26 25.56 13.30 16.16
 6360.25  9.32  9.02  8.87  8.62  9.68  9.70 14.40 15.76 20.02 27.74 14.83 17.86
 6361.25  9.34  9.04  8.89  8.65  9.70  9.73 14.40 15.79 20.02 27.94 14.87 17.90
 6362.25  9.22  8.92  8.78  8.54  9.57  9.62 14.22 15.62 19.81 27.92 14.73 17.75
 6363.25  8.57  8.28  8.16  7.93  8.91  8.96 13.33 14.70 18.75 26.93 13.86 16.78
 6364.25  4.30  4.14  4.08  3.95  4.48  4.52  7.01  7.85 10.40 16.21  7.36  9.16
 6365.25  2.07  2.00  1.97  1.90  2.17  2.18  3.43  3.88  5.21  8.50  3.63  4.57
 6366.25  2.58  2.48  2.44  2.37  2.69  2.72  4.25  4.80  6.42 10.52  4.50  5.66
 6367.25  6.33  6.10  6.02  5.85  6.59  6.65 10.03 11.23 14.52 22.43 10.60 13.02
 6368.25  9.05  8.74  8.64  8.41  9.39  9.49 13.85 15.38 19.37 28.67 14.61 17.60
 6369.25  9.19  8.88  8.79  8.55  9.54  9.66 14.04 15.58 19.56 29.10 14.83 17.84
 6370.25  9.20  8.89  8.80  8.56  9.55  9.67 14.03 15.59 19.54 29.28 14.86 17.87
 6371.25  9.24  8.92  8.84  8.61  9.59  9.72 14.08 15.64 19.57 29.51 14.93 17.94
 6372.25  9.28  8.96  8.88  8.65  9.63  9.78 14.12 15.70 19.61 29.76 15.00 18.02
 6373.25  9.24  8.92  8.85  8.62  9.59  9.74 14.06 15.64 19.52 29.86 14.97 17.98
 6374.25  9.18  8.86  8.79  8.56  9.52  9.69 13.97 15.55 19.39 29.93 14.90 17.91
 6375.25  9.21  8.89  8.83  8.60  9.56  9.73 14.00 15.60 19.42 30.15 14.97 17.98
 6376.25  9.28  8.95  8.90  8.67  9.62  9.81 14.08 15.69 19.51 30.43 15.08 18.10
 6377.25  9.30  8.96  8.91  8.69  9.63  9.83 14.08 15.70 19.52 30.62 15.11 18.13
 6378.25  9.36  9.02  8.98  8.75  9.70  9.91 14.15 15.79 19.60 30.86 15.21 18.24
 6379.25  9.32  8.97  8.93  8.71  9.65  9.86 14.08 15.72 19.52 30.77 15.16 18.19
 6380.25  8.67  8.34  8.31  8.10  8.99  9.20 13.23 14.82 18.51 29.60 14.30 17.24
 6381.25  8.21  7.89  7.86  7.67  8.51  8.72 12.59 14.15 17.75 31.59 13.67 16.53
 6382.25  8.98  8.63  8.61  8.40  9.30  9.53 13.60 15.23 18.96 45.92 14.75 17.73
 6383.25  9.28  8.91  8.90  8.69  9.61  9.85 13.98 15.64 19.40 56.94 15.17 18.19
 6384.25  9.30  8.93  8.92  8.70  9.62  9.87 13.98 15.66 19.41 58.59 15.21 18.23
 6385.25  9.35  8.97  8.97  8.75  9.67  9.93 14.03 15.72 19.48 58.41 15.29 18.31
 6386.25  9.26  8.89  8.89  8.68  9.59  9.85 13.91 15.61 19.34 57.97 15.20 18.21
 6387.25  8.32  7.96  7.97  7.78  8.62  8.87 12.65 14.26 17.83 55.99 13.89 16.77
 6388.25  7.41  7.09  7.10  6.93  7.69  7.92 11.41 12.93 16.30 53.74 12.59 15.31
 6389.25  8.46  8.10  8.12  7.92  8.77  9.03 12.82 14.46 18.04 55.62 14.13 17.03
 6390.25  9.31  8.92  8.94  8.73  9.64  9.93 13.92 15.65 19.35 56.75 15.32 18.33
 6391.25  9.40  9.00  9.03  8.82  9.73 10.03 14.02 15.77 19.47 56.56 15.45 18.48
 6392.25  9.39  8.99  9.03  8.81  9.72 10.02 13.99 15.75 19.44 56.22 15.45 18.47
 6393.25  9.31  8.91  8.95  8.74  9.63  9.94 13.87 15.63 19.30 55.77 15.36 18.37
 6394.25  9.31  8.91  8.95  8.74  9.64  9.95 13.86 15.63 19.29 55.44 15.37 18.39
 6395.25  9.35  8.95  9.00  8.79  9.68 10.00 13.90 15.69 19.35 55.18 15.45 18.47
 6396.25  9.45  9.04  9.10  8.89  9.78 10.11 14.01 15.82 19.48 54.99 15.60 18.62
 6397.25  9.48  9.06  9.12  8.92  9.81 10.15 14.03 15.84 19.50 54.69 15.64 18.67
 6398.25  9.46  9.04  9.11  8.91  9.79 10.15 14.00 15.82 19.46 54.32 15.63 18.66
 6399.25  9.50  9.08  9.16  8.95  9.83 10.21 14.03 15.87 19.50 54.04 15.70 18.73
 6400.25  9.58  9.16  9.24  9.03  9.92 10.31 14.12 15.97 19.61 53.82 15.83 18.87
 6401.25  9.73  9.29  9.38  9.18 10.07 10.47 14.29 16.16 19.80 53.68 16.04 19.09
 6402.25  9.77  9.33  9.43  9.22 10.11 10.53 14.33 16.21 19.85 53.40 16.11 19.16
 6403.25  9.66  9.22  9.32  9.12  9.99 10.43 14.17 16.06 19.67 52.89 15.97 19.01
 6404.25  9.61  9.17  9.28  9.08  9.95 10.39 14.10 15.99 19.59 52.47 15.92 18.96
 6405.25  9.47  9.03  9.14  8.95  9.80 10.26 13.91 15.80 19.37 51.91 15.75 18.78
 6406.25  9.44  9.00  9.11  8.92  9.77 10.24 13.85 15.75 19.31 51.51 15.72 18.74
 6407.25  9.39  8.94  9.07  8.87  9.72 10.20 13.77 15.68 19.22 51.07 15.67 18.68
 6408.25  7.76  7.37  7.49  7.32  8.05  8.48 11.62 13.35 16.61 47.56 13.37 16.13
 6409.25  6.98  6.63  6.74  6.58  7.25  7.65 10.55 12.18 15.25 45.31 12.22 14.83
 6410.25  8.68  8.25  8.38  8.20  8.99  9.48 12.81 14.67 18.07 48.72 14.74 17.63
 6411.25  9.63  9.17  9.32  9.13  9.97 10.51 14.02 15.99 19.52 49.98 16.10 19.09
 6412.25  9.58  9.11  9.27  9.08  9.91 10.47 13.94 15.91 19.42 49.53 16.05 19.02
 6413.25  9.59  9.12  9.28  9.09  9.92 10.49 13.94 15.92 19.42 49.17 16.09 19.04
 6414.25  9.30  8.84  9.00  8.82  9.63 10.20 13.57 15.52 18.99 48.34 15.72 18.63
 6415.25  8.72  8.27  8.43  8.26  9.03  9.59 12.81 14.71 18.08 46.95 14.93 17.75
 6416.25  8.95  8.49  8.66  8.49  9.27  9.85 13.11 15.03 18.42 46.98 15.29 18.11
 6417.25  9.45  8.97  9.16  8.98  9.78 10.40 13.74 15.71 19.16 47.43 16.01 18.86
 6418.25  9.55  9.07  9.25  9.08  9.88 10.52 13.86 15.84 19.29 47.19 16.16 19.01
 6419.25  9.52  9.04  9.23  9.05  9.85 10.50 13.81 15.80 19.23 46.76 16.15 18.98
 6420.25  9.37  8.89  9.09  8.91  9.70 10.36 13.62 15.59 19.00 46.13 15.97 18.77
 6421.25  8.81  8.35  8.53  8.37  9.12  9.76 12.89 14.80 18.13 44.76 15.21 17.92
 6422.25  8.45  8.01  8.19  8.03  8.76  9.39 12.42 14.30 17.56 43.70 14.72 17.37
 6423.25  9.15  8.68  8.88  8.71  9.48 10.16 13.32 15.27 18.63 44.57 15.74 18.46
 6424.25  9.42  8.94  9.15  8.97  9.75 10.46 13.65 15.63 19.01 44.61 16.14 18.86
 6425.25  9.45  8.97  9.19  9.01  9.78 10.50 13.68 15.67 19.05 44.24 16.20 18.91
 6426.25  9.49  9.01  9.24  9.05  9.83 10.56 13.73 15.72 19.11 43.90 16.29 18.98
 6427.25  9.40  8.92  9.15  8.96  9.73 10.48 13.60 15.59 18.98 43.34 16.19 18.85
 6428.25  9.38  8.90  9.14  8.95  9.71 10.47 13.57 15.56 18.96 42.88 16.18 18.83
 6429.25  9.42  8.94  9.20  9.00  9.76 10.53 13.62 15.62 19.04 42.54 16.27 18.90
 6430.25  9.41  8.93  9.19  8.99  9.75 10.53 13.60 15.59 19.03 42.09 16.28 18.88
 6431.25  9.41  8.94  9.21  9.00  9.76 10.55 13.60 15.60 19.05 41.77 16.31 18.90
 6432.25  9.46  8.98  9.26  9.05  9.81 10.62 13.65 15.65 19.12 41.70 16.40 18.98
 6433.25  9.44  8.96  9.25  9.03  9.79 10.60 13.62 15.62 19.10 41.60 16.40 18.95
 6434.25  9.35  8.88  9.17  8.95  9.70 10.53 13.50 15.50 18.98 41.40 16.31 18.83
 6435.25  9.34  8.87  9.16  8.93  9.68 10.52 13.47 15.47 18.96 41.32 16.31 18.81
 6436.25  9.32  8.86  9.16  8.93  9.68 10.52 13.46 15.46 18.95 41.25 16.32 18.80
 6437.25  9.29  8.82  9.14  8.89  9.64 10.50 13.40 15.41 18.91 41.14 16.30 18.76
 6438.25  9.28  8.82  9.14  8.89  9.64 10.51 13.39 15.40 18.91 41.08 16.31 18.75
 6439.25  9.34  8.87  9.20  8.95  9.70 10.59 13.46 15.49 19.00 41.12 16.42 18.85
 6440.25  9.54  9.07  9.41  9.15  9.91 10.84 13.71 15.76 19.31 41.40 16.73 19.15
 6441.25  9.64  9.17  9.52  9.25 10.01 10.98 13.82 15.90 19.47 41.51 16.89 19.31
 6442.25  9.50  9.05  9.40  9.13  9.88 10.87 13.66 15.73 19.28 41.25 16.74 19.12
 6443.25  9.45  8.99  9.36  9.08  9.83 10.84 13.58 15.66 19.21 41.11 16.69 19.05
 6444.25  9.44  8.99  9.36  9.07  9.82 10.86 13.57 15.66 19.21 41.05 16.71 19.05
 6445.25  9.40  8.95  9.33  9.04  9.78 10.85 13.51 15.61 19.16 40.94 16.68 18.99
 6446.25  9.40  8.95  9.34  9.04  9.79 10.88 13.51 15.62 19.17 40.89 16.70 19.00
 6447.25  9.45  9.00  9.40  9.09  9.84 10.96 13.56 15.69 19.25 40.92 16.80 19.08
 6448.25  9.45  9.01  9.41  9.10  9.85 11.00 13.56 15.70 19.27 40.88 16.83 19.10
 6449.25  9.37  8.94  9.35  9.03  9.77 10.95 13.46 15.61 19.17 40.71 16.76 19.00
 6450.25  9.32  8.89  9.31  8.99  9.72 10.92 13.39 15.54 19.11 40.58 16.71 18.93
 6451.25  9.42  8.99  9.41  9.08  9.83 11.06 13.51 15.68 19.26 40.69 16.88 19.08
 6452.25  9.41  8.98  9.42  9.08  9.82 11.08 13.50 15.67 19.26 40.62 16.89 19.08
 6453.25  9.05  8.63  9.06  8.73  9.45 10.71 13.03 15.18 18.72 39.95 16.40 18.55
 6454.25  8.92  8.52  8.95  8.62  9.33 10.60 12.87 15.02 18.54 39.68 16.26 18.37
 6455.25  9.16  8.75  9.19  8.85  9.57 10.89 13.17 15.35 18.91 40.05 16.62 18.73
 6456.25  9.20  8.80  9.25  8.90  9.62 10.97 13.22 15.42 19.00 40.08 16.72 18.81
 6457.25  9.23  8.83  9.29  8.93  9.66 11.04 13.25 15.47 19.05 40.07 16.79 18.87
 6458.25  9.30  8.89  9.37  9.00  9.73 11.14 13.33 15.56 19.15 40.11 16.90 18.97
 6459.25  9.03  8.63  9.11  8.74  9.45 10.87 12.98 15.19 18.75 39.58 16.54 18.57
 6460.25  8.90  8.52  9.00  8.62  9.32 10.75 12.82 15.02 18.57 39.32 16.39 18.38
 6461.25  9.34  8.95  9.46  9.06  9.79 11.29 13.38 15.64 19.26 40.05 17.06 19.07
 6462.25  9.49  9.10  9.62  9.21  9.95 11.49 13.56 15.85 19.49 40.24 17.29 19.29
 6463.25  9.53  9.14  9.68  9.25  9.99 11.57 13.61 15.91 19.56 40.25 17.37 19.36
 6464.25  8.90  8.53  9.05  8.64  9.35 10.88 12.82 15.05 18.61 39.10 16.48 18.42
 6465.25  7.62  7.30  7.77  7.40  8.02  9.42 11.15 13.21 16.54 36.44 14.55 16.35
 6466.25  7.79  7.46  7.95  7.56  8.20  9.64 11.36 13.46 16.83 36.76 14.82 16.64
 6467.25  6.94  6.64  7.09  6.73  7.31  8.65 10.21 12.16 15.33 34.59 13.45 15.15
 6468.25  7.06  6.75  7.22  6.85  7.44  8.81 10.37 12.34 15.54 34.83 13.65 15.36
 6469.25  8.68  8.33  8.89  8.44  9.13 10.76 12.51 14.76 18.30 38.40 16.23 18.09
 6470.25  9.32  8.94  9.54  9.06  9.79 11.52 13.31 15.65 19.29 39.50 17.17 19.07
 6471.25  8.29  7.95  8.50  8.05  8.73 10.35 11.99 14.19 17.68 37.51 15.65 17.44
 6472.25  6.66  6.37  6.85  6.46  7.03  8.42  9.80 11.73 14.84 33.53 13.04 14.62
 6473.25  7.08  6.78  7.29  6.88  7.48  8.96 10.38 12.39 15.61 34.58 13.75 15.37
 6474.25  8.80  8.44  9.06  8.55  9.27 11.03 12.63 14.93 18.52 38.32 16.47 18.23
 6475.25  9.13  8.76  9.40  8.88  9.61 11.44 13.04 15.38 19.02 38.78 16.95 18.71
 6476.25  7.52  7.20  7.76  7.30  7.93  9.55 10.94 13.05 16.39 35.41 14.49 16.08
 6477.25  6.30  6.03  6.53  6.12  6.66  8.10  9.29 11.18 14.22 32.22 12.48 13.92
 6478.25  7.70  7.38  7.97  7.48  8.13  9.82 11.18 13.34 16.76 35.82 14.82 16.40
 6479.25  8.27  7.93  8.57  8.03  8.72 10.53 11.92 14.18 17.73 37.00 15.73 17.34
 6480.25  8.40  8.06  8.71  8.16  8.86 10.72 12.08 14.38 17.96 37.20 15.95 17.54
 6481.25  9.38  9.01  9.73  9.13  9.88 11.91 13.33 15.76 19.52 38.98 17.42 19.06
 6482.25  9.52  9.15  9.89  9.26 10.03 12.12 13.50 15.95 19.74 39.15 17.63 19.25
 6483.25  9.35  8.98  9.72  9.09  9.85 11.97 13.27 15.71 19.48 38.73 17.38 18.97
 6484.25  9.48  9.11  9.87  9.23  9.99 12.18 13.43 15.90 19.69 38.90 17.59 19.16
 6485.25  9.62  9.25 10.02  9.36 10.14 12.40 13.60 16.09 19.93 39.11 17.81 19.36
 6486.25  9.48  9.11  9.88  9.22  9.99 12.29 13.42 15.91 19.73 38.82 17.62 19.15
 6487.25  9.41  9.04  9.82  9.15  9.92 12.27 13.32 15.82 19.64 38.64 17.54 19.03
 6488.25  9.49  9.12  9.92  9.24 10.01 12.42 13.43 15.94 19.79 38.72 17.68 19.15
 6489.25  9.57  9.20 10.01  9.31 10.09 12.57 13.51 16.05 19.92 38.78 17.80 19.26
 6490.25  9.61  9.23 10.06  9.35 10.13 12.67 13.55 16.10 19.98 38.74 17.87 19.30
 6491.25  9.59  9.22 10.06  9.34 10.12 12.71 13.53 16.09 19.97 38.65 17.87 19.28
 6492.25  9.58  9.21 10.06  9.33 10.11 12.75 13.51 16.08 19.97 38.57 17.88 19.27
 6493.25  9.58  9.21 10.06  9.33 10.11 12.81 13.50 16.09 19.99 38.50 17.90 19.26
 6494.25  9.60  9.22 10.08  9.34 10.13 12.88 13.52 16.12 20.03 38.49 17.95 19.29
 6495.25  9.52  9.14 10.01  9.26 10.05 12.84 13.41 16.01 19.92 38.27 17.86 19.17
 6496.25  9.55  9.18 10.05  9.30 10.09 12.94 13.45 16.07 19.99 38.26 17.93 19.22
 6497.25  9.72  9.34 10.23  9.46 10.27 13.20 13.65 16.30 20.26 38.49 18.19 19.47
 6498.25  9.19  8.82  9.68  8.94  9.72 12.60 12.99 15.58 19.48 37.55 17.46 18.69
 6499.25  7.15  6.85  7.56  6.95  7.59 10.06 10.33 12.59 16.06 33.09 14.25 15.33
 6500.25  5.12  4.89  5.43  4.97  5.45  7.36  7.53  9.30 12.10 26.84 10.64 11.49
 6501.25  6.00  5.74  6.36  5.82  6.38  8.60  8.75 10.76 13.88 29.66 12.27 13.20
 6502.25  8.66  8.31  9.15  8.43  9.18 12.16 12.29 14.86 18.70 36.29 16.75 17.86
 6503.25  9.33  8.96  9.85  9.08  9.89 13.05 13.14 15.81 19.77 37.45 17.77 18.89
 6504.25  9.20  8.82  9.72  8.95  9.75 12.94 12.97 15.63 19.58 37.15 17.60 18.69
 6505.25  8.94  8.57  9.45  8.70  9.49 12.67 12.64 15.27 19.20 36.63 17.24 18.30
 6506.25  7.44  7.12  7.89  7.23  7.92 10.76 10.70 13.07 16.68 33.39 14.88 15.84
 6507.25  7.33  7.01  7.78  7.12  7.81 10.66 10.55 12.90 16.50 33.04 14.71 15.64
 6508.25  8.92  8.55  9.45  8.68  9.48 12.79 12.61 15.25 19.19 36.34 17.26 18.25
 6509.25  9.40  9.01  9.95  9.15  9.98 13.45 13.21 15.92 19.95 37.12 17.99 18.97
 6510.25  9.41  9.03  9.97  9.17 10.01 13.53 13.23 15.95 19.99 37.10 18.04 19.00
 6511.25  9.47  9.08 10.03  9.23 10.07 13.65 13.29 16.03 20.09 37.10 18.14 19.07
 6512.25  9.44  9.05 10.00  9.20 10.04 13.66 13.25 15.99 20.05 36.96 18.12 19.02
 6513.25  9.41  9.02  9.97  9.17 10.01 13.67 13.21 15.95 20.02 36.84 18.09 18.97
 6514.25  9.39  9.00  9.96  9.16 10.00 13.70 13.19 15.93 19.99 36.69 18.08 18.93
 6515.25  8.79  8.42  9.34  8.57  9.38 12.98 12.43 15.09 19.07 35.53 17.20 18.02
 6516.25  8.68  8.31  9.22  8.47  9.27 12.88 12.29 14.93 18.89 35.20 17.04 17.83
 6517.25  9.35  8.96  9.93  9.13  9.97 13.80 13.13 15.88 19.95 36.35 18.08 18.85
 6518.25  9.63  9.22 10.22  9.40 10.27 14.21 13.47 16.27 20.40 36.80 18.53 19.27
 6519.25  9.71  9.30 10.31  9.49 10.36 14.37 13.57 16.39 20.54 36.86 18.71 19.39
 6520.25  9.71  9.30 10.32  9.49 10.37 14.43 13.58 16.40 20.56 36.82 18.77 19.40
 6521.25  9.63  9.22 10.24  9.41 10.29 14.38 13.48 16.30 20.46 36.64 18.72 19.28
 6522.25  9.55  9.14 10.16  9.34 10.21 14.33 13.38 16.20 20.36 36.43 18.66 19.17
 6523.25  8.58  8.20  9.15  8.39  9.20 13.11 12.16 14.83 18.84 34.58 17.25 17.67
 6524.25  7.56  7.21  8.08  7.39  8.12 11.79 10.83 13.33 17.12 32.37 15.65 16.00
 6525.25  8.71  8.32  9.29  8.52  9.34 13.46 12.32 15.03 19.07 34.71 17.56 17.87
 6526.25  9.50  9.09 10.13  9.31 10.18 14.62 13.32 16.15 20.31 36.08 18.83 19.09
 6527.25  9.39  8.98 10.02  9.20 10.07 14.58 13.18 16.00 20.12 35.81 18.72 18.93
 6528.25  9.49  9.07 10.13  9.30 10.19 14.82 13.30 16.15 20.26 35.92 18.93 19.09
 6529.25  9.81  9.39 10.47  9.63 10.53 15.35 13.70 16.60 20.71 36.36 19.45 19.56
 6530.25 10.00  9.57 10.67  9.81 10.73 15.69 13.93 16.85 20.96 36.56 19.77 19.83
 6531.25  9.97  9.54 10.65  9.79 10.71 15.76 13.89 16.82 20.90 36.43 19.78 19.79
 6532.25  9.86  9.44 10.54  9.69 10.60 15.73 13.76 16.69 20.72 36.17 19.69 19.64
 6533.25  8.94  8.54  9.58  8.79  9.64 14.60 12.62 15.44 19.29 34.52 18.37 18.27
 6534.25  6.10  5.81  6.58  5.99  6.62 10.50  8.87 11.11 14.23 27.74 13.52 13.40
 6535.25  5.77  5.50  6.23  5.67  6.28 10.06  8.42 10.59 13.56 26.71 12.94 12.78
 6536.25  8.48  8.10  9.11  8.35  9.18 14.26 12.03 14.85 18.50 33.41 17.81 17.57
 6537.25  9.75  9.32 10.45  9.60 10.52 16.12 13.63 16.67 20.47 35.64 19.83 19.52
 6538.25  9.82  9.40 10.53  9.68 10.61 16.33 13.72 16.80 20.57 35.67 20.00 19.64
 6539.25  9.77  9.35 10.48  9.63 10.56 16.37 13.66 16.76 20.48 35.50 19.99 19.58
 6540.25  9.75  9.33 10.47  9.62 10.54 16.45 13.64 16.76 20.43 35.37 20.02 19.55
 6541.25  9.60  9.18 10.32  9.47 10.38 16.35 13.45 16.58 20.19 35.02 19.85 19.34
 6542.25  9.22  8.81  9.92  9.10  9.97 15.92 12.98 16.07 19.59 34.27 19.33 18.77
 6543.25  9.13  8.73  9.83  9.02  9.88 15.90 12.87 15.97 19.43 34.00 19.25 18.65
 6544.25  9.04  8.64  9.74  8.93  9.77 15.87 12.75 15.86 19.27 33.73 19.17 18.51
 6545.25  7.15  6.81  7.74  7.05  7.75 13.10 10.29 13.02 16.04 29.60 16.02 15.38
 6546.25  5.29  5.03  5.75  5.22  5.75 10.08  7.75  9.97 12.43 24.25 12.47 11.89
 6547.25  5.56  5.29  6.04  5.49  6.04 10.63  8.13 10.45 12.97 25.02 13.07 12.44
 6548.25  8.07  7.70  8.73  7.97  8.72 14.81 11.51 14.51 17.60 31.39 17.79 16.97
 6549.25  9.32  8.90 10.05  9.20 10.03 16.76 13.10 16.37 19.61 33.74 19.89 18.97
 6550.25  9.28  8.87 10.03  9.17  9.99 16.83 13.07 16.36 19.55 33.63 19.91 18.93
 6551.25  9.39  8.97 10.14  9.27 10.10 17.07 13.20 16.53 19.69 33.70 20.12 19.09
 6552.25  9.44  9.02 10.20  9.32 10.15 17.24 13.26 16.62 19.74 33.64 20.24 19.17
 6553.25  9.31  8.90 10.07  9.19 10.01 17.16 13.11 16.46 19.53 33.33 20.11 18.98
 6554.25  7.39  7.04  8.03  7.29  7.96 14.28 10.62 13.59 16.31 29.28 16.91 15.84
 6555.25  5.21  4.95  5.69  5.13  5.63 10.59  7.65  9.98 12.14 23.21 12.69 11.78
 6556.25  6.42  6.11  7.00  6.33  6.92 12.82  9.32 12.06 14.51 26.66 15.19 14.11
 6557.25  9.01  8.62  9.78  8.90  9.67 17.13 12.74 16.14 19.01 32.43 19.88 18.57
 6558.25  9.56  9.14 10.36  9.44 10.24 18.02 13.42 16.94 19.82 33.27 20.79 19.39
 6559.25  9.65  9.24 10.47  9.53 10.34 18.26 13.55 17.10 19.95 33.35 21.00 19.55
 6560.25  9.63  9.22 10.45  9.51 10.31 18.33 13.52 17.10 19.90 33.21 21.02 19.52
 6561.25  9.58  9.17 10.41  9.47 10.25 18.37 13.47 17.06 19.81 33.03 21.01 19.46
 6562.25  9.56  9.15 10.39  9.44 10.23 18.43 13.44 17.05 19.76 32.88 21.03 19.44
 6563.25  8.86  8.47  9.66  8.75  9.48 17.47 12.56 16.06 18.66 31.52 19.97 18.36
 6564.25  7.24  6.92  7.95  7.15  7.78 14.97 10.47 13.62 15.95 28.10 17.24 15.70
 6565.25  7.73  7.38  8.49  7.63  8.28 15.87 11.11 14.41 16.78 29.10 18.18 16.55
 6566.25  9.36  8.96 10.26  9.25 10.00 18.50 13.21 16.88 19.40 32.17 20.97 19.18
 6567.25  9.65  9.25 10.59  9.54 10.30 18.91 13.58 17.32 19.82 32.55 21.48 19.62
 6568.25  9.49  9.09 10.43  9.37 10.12 18.62 13.37 17.11 19.56 32.18 21.29 19.38
 6569.25  8.94  8.56  9.87  8.84  9.55 17.75 12.69 16.35 18.71 31.13 20.49 18.56
 6570.25  7.50  7.17  8.33  7.41  8.03 15.40 10.83 14.18 16.33 28.14 18.06 16.21
 6571.25  7.87  7.53  8.75  7.77  8.41 15.96 11.32 14.78 16.94 28.82 18.78 16.85
 6572.25  9.03  8.66 10.03  8.93  9.63 17.73 12.82 16.56 18.80 30.98 20.83 18.73
 6573.25  9.21  8.83 10.24  9.10  9.81 17.94 13.04 16.84 19.06 31.20 21.23 19.01
 6574.25  9.27  8.90 10.33  9.17  9.87 17.98 13.13 16.96 19.14 31.19 21.48 19.11
 6575.25  9.32  8.95 10.41  9.22  9.92 18.00 13.19 17.06 19.20 31.17 21.71 19.20
 6576.25  9.45  9.07 10.56  9.35 10.05 18.13 13.36 17.27 19.39 31.31 22.07 19.40
 6577.25  9.13  8.76 10.24  9.03  9.71 17.61 12.96 16.84 18.90 30.66 21.72 18.93
 6578.25  6.85  6.55  7.75  6.77  7.31 13.88  9.97 13.28 15.05 25.75 17.70 15.09
 6579.25  5.67  5.42  6.46  5.60  6.06 11.75  8.35 11.28 12.83 22.56 15.35 12.88
 6580.25  7.54  7.23  8.56  7.46  8.04 14.96 10.91 14.49 16.28 27.18 19.35 16.35
 6581.25  9.17  8.80 10.36  9.07  9.74 17.45 13.02 17.02 18.93 30.32 22.39 19.03
 6582.25  9.30  8.93 10.53  9.20  9.87 17.59 13.19 17.25 19.13 30.45 22.76 19.24
 6583.25  9.28  8.92 10.53  9.18  9.86 17.51 13.17 17.26 19.10 30.31 22.88 19.22
 6584.25  9.00  8.65 10.25  8.90  9.56 17.05 12.83 16.89 18.67 29.73 22.58 18.81
 6585.25  8.70  8.36  9.93  8.60  9.25 16.55 12.45 16.48 18.19 29.08 22.22 18.35
 6586.25  8.89  8.55 10.16  8.78  9.44 16.77 12.69 16.79 18.47 29.30 22.68 18.66
 6587.25  9.27  8.91 10.59  9.15  9.83 17.26 13.16 17.37 19.04 29.85 23.45 19.25
 6588.25  9.42  9.06 10.78  9.30  9.99 17.42 13.35 17.63 19.26 30.02 23.84 19.49
 6589.25  9.51  9.15 10.89  9.38 10.07 17.49 13.46 17.79 19.38 30.09 24.13 19.64
 6590.25  9.51  9.15 10.92  9.38 10.08 17.44 13.47 17.83 19.38 30.05 24.29 19.66
 6591.25  9.41  9.06 10.83  9.28  9.97 17.24 13.35 17.72 19.23 29.85 24.28 19.53
 6592.25  9.22  8.87 10.64  9.09  9.77 16.91 13.11 17.48 18.93 29.49 24.12 19.26
 6593.25  9.14  8.79 10.56  9.00  9.68 16.73 13.01 17.38 18.79 29.30 24.12 19.14
 6594.25  9.42  9.06 10.89  9.27  9.96 17.06 13.36 17.82 19.20 29.73 24.71 19.57
 6595.25  9.63  9.27 11.14  9.48 10.18 17.30 13.63 18.15 19.50 30.04 25.19 19.90
 6596.25  9.51  9.16 11.03  9.36 10.06 17.08 13.49 18.02 19.32 29.81 25.16 19.74
 6597.25  8.86  8.53 10.33  8.71  9.38 16.09 12.68 17.10 18.33 28.66 24.23 18.77
 6598.25  7.85  7.54  9.21  7.71  8.32 14.52 11.37 15.56 16.69 26.67 22.51 17.13
 6599.25  8.41  8.09  9.87  8.26  8.90 15.31 12.10 16.47 17.60 27.73 23.70 18.06
 6600.25  9.27  8.92 10.86  9.10  9.79 16.50 13.20 17.80 18.93 29.25 25.34 19.44
 6601.25  9.35  9.00 10.97  9.18  9.87 16.55 13.30 17.95 19.03 29.34 25.61 19.57
 6602.25  9.26  8.92 10.90  9.08  9.78 16.37 13.20 17.85 18.89 29.15 25.61 19.45
 6603.25  9.29  8.95 10.97  9.12  9.81 16.36 13.25 17.94 18.94 29.17 25.81 19.52
 6604.25  9.05  8.71 10.72  8.87  9.55 15.95 12.94 17.61 18.56 28.71 25.54 19.15
 6605.25  7.43  7.14  8.90  7.28  7.86 13.48 10.84 15.07 15.91 25.48 22.60 16.48
 6606.25  6.92  6.65  8.33  6.77  7.33 12.63 10.16 14.24 15.01 24.30 21.66 15.58
 6607.25  8.63  8.31 10.32  8.44  9.11 15.16 12.41 17.06 17.87 27.82 25.21 18.52
 6608.25  9.44  9.10 11.27  9.24  9.95 16.26 13.45 18.31 19.11 29.21 26.75 19.80
 6609.25  9.61  9.26 11.48  9.40 10.11 16.41 13.66 18.58 19.34 29.44 27.16 20.06
 6610.25  9.62  9.28 11.52  9.41 10.13 16.37 13.68 18.64 19.36 29.43 27.33 20.10
 6611.25  9.43  9.09 11.34  9.22  9.93 16.04 13.45 18.40 19.07 29.08 27.16 19.83
 6612.25  9.39  9.05 11.32  9.18  9.89 15.91 13.41 18.38 19.00 28.97 27.24 19.79
 6613.25  9.47  9.12 11.43  9.24  9.96 15.93 13.50 18.51 19.10 29.05 27.50 19.91
 6614.25  9.45  9.11 11.44  9.22  9.94 15.84 13.48 18.52 19.07 28.99 27.61 19.90
 6615.25  9.60  9.25 11.63  9.36 10.08 15.96 13.67 18.76 19.27 29.18 27.98 20.13
 6616.25  7.98  7.68  9.78  7.77  8.40 13.58 11.58 16.25 16.68 26.07 25.09 17.50
 6617.25  4.39  4.21  5.49  4.26  4.63  7.84  6.59  9.68  9.94 16.77 16.14 10.53
 6618.25  3.71  3.56  4.66  3.60  3.92  6.63  5.60  8.29  8.50 14.52 14.08  9.02
 6619.25  6.00  5.76  7.48  5.82  6.32 10.36  8.89 12.85 13.12 21.31 20.89 13.88
 6620.25  9.11  8.78 11.19  8.86  9.56 14.93 13.07 18.20 18.48 28.15 27.83 19.43
 6621.25  9.45  9.11 11.60  9.18  9.89 15.30 13.48 18.72 18.97 28.67 28.49 19.92
 6622.25  9.39  9.05 11.56  9.12  9.83 15.15 13.42 18.67 18.87 28.54 28.49 19.81
 6623.25  9.42  9.08 11.61  9.15  9.86 15.11 13.45 18.74 18.91 28.54 28.63 19.84
 6624.25  9.43  9.09 11.65  9.16  9.88 15.05 13.47 18.79 18.92 28.52 28.74 19.83
 6625.25  9.40  9.06 11.63  9.12  9.83 14.93 13.43 18.76 18.86 28.42 28.77 19.76
 6626.25  9.48  9.14 11.75  9.19  9.91 14.95 13.53 18.90 18.98 28.50 28.99 19.85
 6627.25  9.63  9.29 11.95  9.34 10.07 15.08 13.72 19.12 19.21 28.71 29.34 20.06
 6628.25  9.38  9.04 11.69  9.09  9.81 14.67 13.41 18.75 18.85 28.25 29.09 19.66
 6629.25  8.76  8.43 10.98  8.48  9.16 13.76 12.62 17.79 17.91 27.13 28.20 18.68
 6630.25  9.11  8.78 11.42  8.82  9.53 14.15 13.07 18.32 18.46 27.71 29.02 19.21
 6631.25  9.62  9.27 12.03  9.31 10.05 14.74 13.71 19.07 19.23 28.51 30.07 19.95
 6632.25  9.69  9.34 12.13  9.38 10.11 14.75 13.79 19.15 19.33 28.57 30.37 20.03
 6633.25  9.69  9.34 12.15  9.37 10.11 14.67 13.79 19.14 19.34 28.52 30.56 20.00
 6634.25  9.59  9.24 12.06  9.27 10.00 14.46 13.66 18.98 19.20 28.31 30.59 19.83
 6635.25  8.75  8.42 11.10  8.45  9.13 13.28 12.60 17.71 17.94 26.83 29.32 18.52
 6636.25  8.25  7.94 10.53  7.96  8.62 12.54 11.96 16.92 17.16 25.86 28.56 17.70
 6637.25  9.27  8.93 11.75  8.95  9.67 13.81 13.27 18.48 18.76 27.65 30.62 19.28
 6638.25  9.68  9.33 12.26  9.35 10.09 14.26 13.79 19.08 19.38 28.29 31.50 19.88
 6639.25  9.51  9.16 12.08  9.18  9.91 13.96 13.58 18.83 19.14 27.97 31.41 19.61
 6640.25  9.46  9.11 12.04  9.12  9.85 13.81 13.52 18.73 19.06 27.84 31.50 19.50
 6641.25  9.57  9.22 12.19  9.23  9.97 13.87 13.66 18.89 19.24 27.97 31.87 19.65
 6642.25  9.64  9.29 12.29  9.29 10.03 13.87 13.75 18.98 19.35 28.04 32.16 19.73
 6643.25  9.66  9.31 12.34  9.31 10.05 13.82 13.78 19.00 19.39 28.04 32.38 19.75
 6644.25  9.73  9.37 12.44  9.37 10.12 13.82 13.87 19.09 19.49 28.10 32.66 19.84
 6645.25  9.88  9.52 12.64  9.51 10.27 13.92 14.06 19.29 19.72 28.30 33.08 20.05
 6646.25  9.94  9.58 12.73  9.57 10.33 13.91 14.14 19.37 19.82 28.35 33.36 20.12
 6647.25  9.96  9.60 12.78  9.58 10.35 13.85 14.16 19.39 19.85 28.34 33.56 20.14
 6648.25 10.01  9.66 12.87  9.64 10.41 13.84 14.24 19.46 19.95 28.39 33.83 20.21
 6649.25  9.97  9.62 12.84  9.59 10.36 13.70 14.19 19.39 19.89 28.27 33.93 20.13
 6650.25  9.79  9.44 12.65  9.41 10.17 13.40 13.98 19.12 19.65 27.96 33.82 19.87
 6651.25  9.68  9.35 12.56  9.31 10.06 13.21 13.85 18.97 19.51 27.75 33.83 19.71
 6652.25  9.66  9.33 12.55  9.29 10.04 13.14 13.83 18.93 19.49 27.67 33.96 19.66
 6653.25  9.74  9.41 12.67  9.36 10.12 13.20 13.93 19.03 19.61 27.76 34.25 19.77
 6654.25  9.79  9.46 12.76  9.41 10.17 13.23 14.01 19.10 19.70 27.80 34.51 19.84
 6655.25  9.78  9.46 12.77  9.40 10.17 13.19 14.00 19.08 19.70 27.75 34.66 19.81
 6656.25  9.81  9.49 12.83  9.43 10.19 13.19 14.04 19.11 19.75 27.75 34.87 19.84
 6657.25  9.96  9.64 13.03  9.58 10.35 13.34 14.24 19.32 19.98 27.94 35.27 20.05
 6658.25 10.16  9.84 13.29  9.77 10.55 13.55 14.49 19.59 20.27 28.20 35.74 20.32
 6659.25 10.63 10.30 13.86 10.23 11.03 14.06 15.06 20.21 20.92 28.83 36.56 20.95
 6660.25 10.93 10.59 14.22 10.52 11.32 14.36 15.41 20.59 21.32 29.19 37.11 21.33
 6661.25  7.46  7.22 10.05  7.16  7.76 10.12 11.00 15.34 15.99 23.08 30.87 15.98
 6662.25  5.06  4.88  6.95  4.84  5.26  6.96  7.64 10.95 11.48 17.23 24.15 11.46
 6663.25  4.47  4.31  6.18  4.27  4.65  6.16  6.79  9.78 10.27 15.50 22.12 10.23
 6664.25  5.62  5.43  7.73  5.38  5.83  7.66  8.45 12.02 12.61 18.64 26.24 12.55
 6665.25  9.48  9.20 12.63  9.11  9.80 12.49 13.66 18.51 19.31 26.75 35.64 19.21
 6666.25 11.10 10.79 14.58 10.70 11.45 14.37 15.67 20.78 21.63 29.20 38.30 21.50
 6667.25 11.10 10.79 14.59 10.69 11.43 14.32 15.66 20.76 21.63 29.14 38.44 21.48
 6668.25 10.87 10.57 14.32 10.47 11.19 14.03 15.41 20.46 21.35 28.80 38.31 21.18
 6669.25 10.54 10.25 13.92 10.15 10.84 13.62 15.01 20.02 20.92 28.30 38.01 20.73
 6670.25 10.97 10.67 14.40 10.57 11.27 14.08 15.54 20.58 21.51 28.85 38.73 21.29
 6671.25 11.51 11.21 14.98 11.10 11.81 14.65 16.17 21.25 22.20 29.51 39.55 21.96
 6672.25 11.76 11.46 15.24 11.34 12.05 14.89 16.46 21.54 22.52 29.77 39.98 22.25
 6673.25 12.05 11.74 15.53 11.63 12.33 15.17 16.80 21.88 22.88 30.07 40.44 22.59
 6674.25 12.47 12.17 15.97 12.05 12.75 15.60 17.28 22.35 23.38 30.51 41.02 23.07
 6675.25 12.78 12.48 16.28 12.35 13.05 15.89 17.62 22.66 23.73 30.80 41.46 23.40
 6676.25 11.82 11.54 15.21 11.41 12.07 14.82 16.55 21.50 22.60 29.65 40.58 22.27
 6677.25  7.72  7.52 10.33  7.42  7.91 10.01 11.44 15.59 16.57 23.00 33.85 16.27
 6678.25  5.45  5.30  7.41  5.23  5.59  7.15  8.28 11.55 12.37 17.76 27.65 12.13
 6679.25  4.39  4.27  5.99  4.21  4.49  5.77  6.73  9.45 10.16 14.77 23.70  9.95
 6680.25  4.95  4.82  6.71  4.75  5.06  6.47  7.55 10.52 11.32 16.29 25.98 11.09
 6681.25  9.46  9.25 12.35  9.12  9.64 11.95 13.70 18.10 19.26 25.89 37.69 18.92
 6682.25 12.87 12.62 16.22 12.46 13.08 15.75 17.78 22.54 23.79 30.61 42.44 23.43
 6683.25 13.01 12.76 16.35 12.61 13.21 15.86 17.94 22.66 23.94 30.72 42.47 23.58
 6684.25 12.92 12.68 16.24 12.52 13.11 15.74 17.85 22.53 23.84 30.59 42.38 23.48
 6685.25 12.64 12.41 15.91 12.25 12.82 15.40 17.55 22.19 23.52 30.25 46.55 23.15
 6686.25 12.13 11.92 15.35 11.75 12.31 14.83 17.00 21.58 22.94 29.64 62.39 22.57
 6687.25 11.38 11.18 14.49 11.02 11.54 13.98 16.15 20.64 22.02 28.69 73.03 21.65
 6688.25 10.61 10.43 13.60 10.26 10.76 13.08 15.24 19.62 21.01 27.62 73.73 20.64
 6689.25  8.73  8.58 11.36  8.43  8.86 10.89 12.87 16.88 18.21 24.52 70.77 17.85
 6690.25  5.90  5.79  7.83  5.68  5.98  7.47  8.99 12.11 13.21 18.49 63.00 12.92
 6691.25  5.88  5.78  7.78  5.67  5.96  7.42  8.96 12.05 13.16 18.40 62.54 12.87
 6692.25  8.81  8.67 11.39  8.51  8.91 10.89 12.98 16.89 18.30 24.51 69.79 17.93
 6693.25 10.72 10.57 13.62 10.39 10.83 13.05 15.41 19.61 21.13 27.57 72.12 20.74
 6694.25 10.95 10.80 13.86 10.61 11.05 13.27 15.68 19.87 21.42 27.85 71.98 21.02
 6695.25 10.96 10.83 13.85 10.63 11.06 13.28 15.71 19.85 21.44 27.85 71.63 21.04
 6696.25 10.90 10.77 13.76 10.56 10.98 13.19 15.63 19.73 21.35 27.74 71.19 20.94
 6697.25 10.87 10.75 13.70 10.53 10.95 13.14 15.60 19.67 21.30 27.69 70.79 20.89
 6698.25 10.85 10.74 13.66 10.52 10.92 13.11 15.59 19.61 21.28 27.65 70.40 20.86
 6699.25 10.74 10.64 13.52 10.41 10.81 12.98 15.47 19.44 21.13 27.48 69.91 20.71
 6700.25 10.48 10.39 13.20 10.15 10.54 12.68 15.16 19.06 20.77 27.10 69.24 20.36
 6701.25 10.28 10.19 12.95  9.96 10.33 12.44 14.92 18.76 20.49 26.79 68.62 20.09
 6702.25 10.49 10.41 13.17 10.16 10.54 12.66 15.19 19.01 20.77 27.08 68.47 20.38
 6703.25 10.62 10.54 13.28 10.29 10.65 12.79 15.34 19.14 20.93 27.24 68.22 20.55
 6704.25 10.66 10.59 13.30 10.33 10.69 12.82 15.40 19.17 20.98 27.28 67.87 20.61
 6705.25 10.46 10.40 13.04 10.13 10.48 12.58 15.16 18.86 20.70 26.97 67.24 20.33
 6706.25 10.21 10.15 12.72  9.88 10.22 12.29 14.86 18.49 20.35 26.59 66.55 19.99
 6707.25 10.44 10.39 12.95 10.11 10.45 12.53 15.15 18.77 20.66 26.91 66.41 20.31
 6708.25 10.62 10.57 13.11 10.28 10.61 12.71 15.36 18.96 20.88 27.13 66.20 20.54
 6709.25 10.59 10.54 13.04 10.25 10.57 12.66 15.33 18.89 20.83 27.07 65.76 20.50
 6710.25 10.55 10.52 12.96 10.21 10.53 12.61 15.29 18.81 20.78 27.00 65.31 20.45
 6711.25 10.55 10.51 12.92 10.20 10.52 12.58 15.29 18.76 20.76 26.96 64.88 20.44
 6712.25 10.51 10.48 12.84 10.16 10.47 12.52 15.24 18.67 20.69 26.89 64.42 20.38
 6713.25 10.52 10.49 12.82 10.17 10.47 12.52 15.26 18.65 20.70 26.88 64.01 20.40
 6714.25 10.52 10.49 12.78 10.17 10.46 12.50 15.26 18.62 20.69 26.86 63.59 20.39
 6715.25 10.40 10.38 12.61 10.05 10.34 12.36 15.12 18.42 20.52 26.67 63.03 20.23
 6716.25 10.32 10.30 12.49  9.97 10.25 12.25 15.03 18.28 20.40 26.54 62.51 20.12
 6717.25 10.19 10.17 12.31  9.84 10.11 12.09 14.87 18.07 20.21 26.32 61.92 19.94
 6718.25  9.75  9.74 11.78  9.41  9.67 11.59 14.33 17.44 19.58 25.64 60.91 19.32
 6719.25  9.63  9.62 11.61  9.29  9.54 11.44 14.18 17.24 19.40 25.43 60.31 19.14
 6720.25 10.16 10.14 12.16  9.80 10.05 12.01 14.84 17.92 20.14 26.21 60.59 19.88
 6721.25 10.52 10.51 12.53 10.15 10.40 12.39 15.29 18.37 20.63 26.72 60.60 20.38
 6722.25 10.60 10.59 12.58 10.23 10.47 12.46 15.39 18.45 20.73 26.81 60.26 20.48
 6723.25 10.64 10.63 12.59 10.27 10.51 12.49 15.45 18.48 20.78 26.85 59.88 20.54
 6724.25 10.65 10.64 12.57 10.28 10.51 12.49 15.46 18.48 20.78 26.85 59.45 20.55
 6725.25 10.58 10.58 12.45 10.21 10.43 12.40 15.38 18.37 20.68 26.73 58.93 20.45
 6726.25 10.63 10.63 12.48 10.26 10.48 12.44 15.45 18.43 20.75 26.79 58.55 20.52
 6727.25 10.68 10.68 12.49 10.31 10.52 12.48 15.52 18.47 20.81 26.84 58.17 20.59
 6728.25 10.68 10.68 12.45 10.30 10.50 12.46 15.52 18.45 20.80 26.82 57.71 20.58
 6729.25 10.60 10.61 12.34 10.22 10.42 12.36 15.44 18.34 20.69 26.69 57.17 20.48
 6730.25 10.57 10.57 12.26 10.19 10.38 12.31 15.40 18.27 20.64 26.62 56.66 20.43
 6731.25 10.52 10.53 12.17 10.14 10.32 12.24 15.34 18.19 20.56 26.53 56.13 20.35
 6732.25 10.21 10.22 11.80  9.83 10.01 11.88 14.97 17.76 20.13 26.07 55.26 19.93
 6733.25  9.90  9.91 11.42  9.53  9.69 11.52 14.59 17.33 19.68 25.58 54.35 19.49
 6734.25 10.20 10.22 11.71  9.82  9.98 11.84 14.97 17.72 20.10 26.01 54.29 19.91
 6735.25 10.69 10.70 12.20 10.29 10.45 12.36 15.57 18.33 20.76 26.69 54.42 20.56
 6736.25 10.77 10.78 12.25 10.37 10.52 12.43 15.68 18.42 20.86 26.78 54.03 20.67
 6737.25 10.74 10.75 12.18 10.33 10.48 12.38 15.64 18.35 20.80 26.70 53.57 20.61
 6738.25 10.73 10.74 12.13 10.32 10.45 12.36 15.63 18.32 20.77 26.66 53.32 20.59
 6739.25 10.77 10.78 12.15 10.36 10.49 12.40 15.68 18.35 20.82 26.70 53.29 20.64
 6740.25 10.78 10.79 12.14 10.36 10.49 12.40 15.70 18.34 20.82 26.69 53.23 20.64
 6741.25 10.53 10.54 11.85 10.12 10.24 12.12 15.40 18.00 20.48 26.32 52.86 20.31
 6742.25 10.50 10.50 11.78 10.07 10.19 12.07 15.36 17.93 20.42 26.24 52.75 20.25
 6743.25 10.68 10.68 11.95 10.25 10.37 12.26 15.59 18.15 20.66 26.48 52.92 20.49
 6744.25 10.76 10.76 12.00 10.32 10.44 12.34 15.68 18.23 20.75 26.57 52.95 20.58
 6745.25 10.68 10.67 11.89 10.24 10.35 12.24 15.59 18.10 20.63 26.43 52.79 20.46
 6746.25 10.47 10.46 11.64 10.03 10.14 12.00 15.34 17.81 20.33 26.12 52.47 20.17
 6747.25 10.58 10.56 11.73 10.13 10.24 12.11 15.47 17.93 20.47 26.27 52.54 20.31
 6748.25 10.77 10.75 11.91 10.31 10.43 12.31 15.71 18.16 20.72 26.55 52.73 20.57
 6749.25 10.88 10.86 12.00 10.41 10.53 12.42 15.85 18.27 20.85 26.70 52.80 20.70
 6750.25 10.96 10.93 12.05 10.48 10.60 12.49 15.94 18.35 20.94 26.81 52.82 20.79
 6751.25 10.90 10.86 11.96 10.42 10.54 12.42 15.88 18.25 20.86 26.73 52.69 20.71
 6752.25 10.85 10.81 11.88 10.37 10.48 12.36 15.82 18.17 20.78 26.67 52.57 20.63
 6753.25 10.89 10.85 11.90 10.40 10.52 12.39 15.87 18.20 20.82 26.73 52.55 20.68
 6754.25 10.92 10.87 11.90 10.42 10.53 12.41 15.90 18.21 20.84 26.77 52.52 20.73
 6755.25 10.90 10.85 11.85 10.40 10.51 12.38 15.89 18.17 20.81 26.75 52.43 20.74
 6756.25 10.95 10.89 11.88 10.45 10.56 12.43 15.95 18.20 20.86 26.82 52.43 20.83
 6757.25 10.96 10.90 11.86 10.45 10.56 12.43 15.97 18.20 20.87 26.84 52.37 20.87
 6758.25 10.95 10.88 11.82 10.43 10.54 12.40 15.95 18.15 20.83 26.82 52.29 20.87
 6759.25 10.96 10.88 11.80 10.44 10.55 12.41 15.97 18.15 20.84 26.84 52.23 20.90
 6760.25 10.95 10.87 11.76 10.42 10.53 12.38 15.95 18.11 20.81 26.82 52.15 20.91
 6761.25 10.89 10.81 11.68 10.36 10.47 12.32 15.89 18.02 20.73 26.75 52.02 20.86
 6762.25 10.82 10.73 11.57 10.29 10.39 12.23 15.81 17.90 20.62 26.65 51.86 20.78
 6763.25  9.68  9.60 10.36  9.19  9.28 10.99 14.39 16.37 19.01 24.94 50.15 19.19
 6764.25  6.29  6.23  6.76  5.94  6.00  7.22  9.76 11.27 13.38 18.36 41.98 13.56
 6765.25  5.09  5.03  5.46  4.79  4.85  5.86  7.99  9.27 11.09 15.47 37.40 11.26
 6766.25  7.31  7.23  7.79  6.90  6.97  8.35 11.20 12.83 15.16 20.55 44.82 15.41
 6767.25 10.44 10.33 11.04  9.90  9.99 11.77 15.35 17.30 20.05 26.12 51.02 20.36
 6768.25 10.99 10.87 11.58 10.42 10.52 12.35 16.03 17.98 20.77 26.90 51.66 21.12
 6769.25 11.06 10.93 11.63 10.48 10.58 12.41 16.11 18.05 20.85 27.00 51.67 21.23
 6770.25 11.02 10.89 11.56 10.45 10.54 12.37 16.08 17.99 20.80 26.96 51.57 21.20
 6771.25 10.98 10.84 11.49 10.40 10.49 12.31 16.02 17.92 20.72 26.89 51.44 21.16
 6772.25 11.01 10.87 11.49 10.43 10.51 12.33 16.06 17.94 20.75 26.94 51.40 21.22
 6773.25 11.01 10.87 11.48 10.43 10.51 12.33 16.08 17.94 20.75 26.95 51.34 21.25
 6774.25 11.04 10.89 11.48 10.45 10.53 12.34 16.12 17.95 20.76 26.98 51.30 21.30
 6775.25 11.06 10.91 11.49 10.47 10.55 12.36 16.16 17.97 20.79 27.01 51.25 21.35
 6776.25 11.08 10.92 11.49 10.49 10.56 12.37 16.19 17.98 20.80 27.04 51.20 21.39
 6777.25 11.13 10.97 11.53 10.54 10.61 12.42 16.27 18.03 20.88 27.12 51.20 21.48
 6778.25 11.15 10.97 11.53 10.55 10.62 12.42 16.30 18.04 20.89 27.14 51.14 21.52
 6779.25 11.21 11.03 11.58 10.61 10.67 12.49 16.40 18.11 20.97 27.23 51.14 21.62
 6780.25 11.24 11.05 11.58 10.63 10.69 12.50 16.44 18.12 21.00 27.26 51.10 21.67
 6781.25 11.16 10.97 11.49 10.56 10.62 12.42 16.36 18.02 20.91 27.17 50.95 21.60
 6782.25 11.16 10.96 11.47 10.56 10.62 12.42 16.37 18.00 20.90 27.17 50.87 21.62
 6783.25 11.10 10.90 11.40 10.50 10.56 12.35 16.32 17.92 20.82 27.09 50.73 21.56
 6784.25 11.01 10.79 11.28 10.40 10.46 12.24 16.21 17.78 20.70 26.96 50.55 21.45
 6785.25 10.85 10.63 11.10 10.25 10.31 12.07 16.04 17.57 20.49 26.75 50.28 21.26
 6786.25 10.78 10.55 11.01 10.18 10.24 11.99 15.96 17.47 20.39 26.65 50.12 21.19
 6787.25 10.92 10.68 11.14 10.31 10.37 12.13 16.14 17.63 20.57 26.85 50.23 21.39
 6788.25 10.96 10.72 11.17 10.35 10.41 12.18 16.22 17.68 20.63 26.92 50.22 21.48
 6789.25 10.80 10.56 10.99 10.20 10.25 12.00 16.03 17.46 20.42 26.70 49.95 21.28
 6790.25 10.72 10.47 10.88 10.11 10.17 11.91 15.94 17.34 20.31 26.59 49.77 21.19
 6791.25 10.95 10.69 11.10 10.33 10.39 12.14 16.23 17.61 20.61 26.90 49.99 21.51
 6792.25 11.07 10.81 11.21 10.45 10.51 12.27 16.40 17.76 20.77 27.08 50.08 21.70
 6793.25 11.08 10.81 11.20 10.46 10.52 12.28 16.43 17.76 20.78 27.10 50.01 21.73
 6794.25 11.13 10.85 11.23 10.50 10.56 12.32 16.50 17.80 20.84 27.16 49.99 21.81
 6795.25 11.15 10.86 11.23 10.52 10.58 12.34 16.54 17.82 20.87 27.20 49.94 21.86
 6796.25 11.17 10.87 11.24 10.54 10.60 12.36 16.57 17.83 20.89 27.23 49.89 21.91
 6797.25 11.16 10.86 11.21 10.53 10.59 12.34 16.57 17.80 20.88 27.22 49.80 21.92
 6798.25 11.13 10.82 11.16 10.49 10.56 12.31 16.55 17.75 20.84 27.18 49.68 21.89
 6799.25 11.16 10.84 11.17 10.52 10.58 12.33 16.59 17.77 20.87 27.22 49.63 21.95
 6800.25 11.15 10.82 11.14 10.51 10.57 12.31 16.59 17.74 20.85 27.22 49.54 21.96
 6801.25 11.11 10.77 11.08 10.46 10.52 12.26 16.55 17.68 20.79 27.17 49.40 21.92
 6802.25 11.14 10.79 11.09 10.48 10.55 12.28 16.60 17.70 20.83 27.22 49.35 21.97
 6803.25 11.11 10.76 11.04 10.46 10.52 12.25 16.58 17.65 20.79 27.20 49.23 21.96
 6804.25 11.03 10.67 10.94 10.37 10.44 12.16 16.49 17.53 20.68 27.09 49.05 21.86
 6805.25 11.06 10.69 10.95 10.40 10.46 12.18 16.53 17.55 20.71 27.14 48.99 21.91
 6806.25 11.17 10.79 11.05 10.50 10.57 12.29 16.68 17.68 20.85 27.31 49.05 22.08
 6807.25 11.16 10.77 11.02 10.49 10.56 12.28 16.68 17.65 20.84 27.30 48.95 22.09
 6808.25 11.18 10.78 11.02 10.50 10.57 12.29 16.72 17.66 20.86 27.34 48.89 22.13
 6809.25 11.18 10.78 11.01 10.50 10.57 12.29 16.73 17.64 20.85 27.35 48.80 22.15
 6810.25 11.14 10.73 10.96 10.46 10.53 12.24 16.69 17.58 20.80 27.31 48.67 22.11
 6811.25 11.10 10.69 10.91 10.41 10.49 12.19 16.66 17.51 20.75 27.27 48.54 22.08
 6812.25 11.12 10.70 10.92 10.43 10.50 12.21 16.69 17.52 20.77 27.30 48.48 22.13
 6813.25 11.11 10.68 10.90 10.42 10.49 12.19 16.69 17.50 20.75 27.30 48.39 22.14
 6814.25 11.09 10.66 10.87 10.39 10.47 12.16 16.68 17.46 20.72 27.29 48.28 22.15
 6815.25 11.09 10.64 10.85 10.39 10.47 12.16 16.69 17.44 20.72 27.30 48.19 22.20
 6816.25 11.13 10.68 10.88 10.42 10.50 12.19 16.75 17.48 20.77 27.36 48.16 22.31
 6817.25 11.21 10.74 10.94 10.49 10.57 12.27 16.86 17.56 20.86 27.48 48.18 22.46
 6818.25 11.25 10.78 10.97 10.52 10.61 12.30 16.93 17.60 20.91 27.55 48.14 22.58
 6819.25 11.21 10.74 10.93 10.49 10.57 12.26 16.92 17.54 20.87 27.51 48.02 22.59
 6820.25 11.11 10.63 10.81 10.38 10.47 12.15 16.83 17.40 20.73 27.38 47.81 22.51
 6821.25 11.15 10.66 10.84 10.41 10.51 12.18 16.90 17.43 20.77 27.44 47.77 22.61
 6822.25 11.27 10.77 10.95 10.53 10.63 12.31 17.09 17.58 20.93 27.62 47.84 22.83
 6823.25 11.23 10.72 10.89 10.48 10.58 12.26 17.07 17.51 20.87 27.57 47.70 22.83
 6824.25 11.25 10.74 10.90 10.50 10.60 12.28 17.13 17.53 20.90 27.62 47.64 22.91
 6825.25 11.25 10.72 10.89 10.49 10.60 12.27 17.15 17.51 20.89 27.62 47.54 22.96
 6826.25 11.15 10.62 10.78 10.39 10.50 12.16 17.07 17.38 20.76 27.50 47.34 22.89
 6827.25 11.00 10.47 10.62 10.24 10.36 12.00 16.91 17.17 20.56 27.30 47.06 22.74
 6828.25  9.55  9.06  9.20  8.86  8.97 10.46 15.07 15.28 18.52 25.09 44.75 20.68
 6829.25  7.32  6.91  7.02  6.75  6.84  8.05 11.97 12.11 14.96 20.94 39.89 16.94
 6830.25  6.67  6.29  6.39  6.15  6.23  7.35 11.03 11.13 13.83 19.54 37.94 15.75
 6831.25  5.64  5.31  5.39  5.19  5.26  6.23  9.47  9.53 11.93 17.10 34.35 13.70
 6832.25  6.99  6.58  6.67  6.43  6.53  7.69 11.53 11.57 14.36 20.19 38.53 16.41
 6833.25  9.82  9.28  9.40  9.09  9.22 10.73 15.59 15.59 18.94 25.61 44.82 21.38
 6834.25  9.24  8.71  8.82  8.53  8.66 10.10 14.82 14.78 18.06 24.64 43.70 20.51
 6835.25  6.96  6.54  6.62  6.40  6.50  7.65 11.57 11.50 14.31 20.17 38.21 16.50
 6836.25  5.44  5.10  5.17  4.99  5.07  6.00  9.25  9.16 11.54 16.63 33.13 13.46
 6837.25  7.43  6.98  7.06  6.83  6.94  8.15 12.31 12.17 15.11 21.16 39.25 17.47
 6838.25 10.43  9.83  9.93  9.64  9.79 11.34 16.52 16.31 19.78 26.58 45.29 22.53
 6839.25 11.14 10.50 10.60 10.31 10.47 12.08 17.44 17.19 20.74 27.62 46.19 23.58
 6840.25 11.10 10.46 10.56 10.28 10.44 12.04 17.43 17.13 20.70 27.58 46.06 23.59
 6841.25 10.46  9.83  9.92  9.66  9.81 11.36 16.65 16.31 19.83 26.67 45.08 22.74
 6842.25 10.08  9.46  9.55  9.29  9.45 10.96 16.18 15.81 19.30 26.11 44.43 22.24
 6843.25  8.86  8.29  8.36  8.14  8.28  9.66 14.55 14.15 17.47 24.06 42.15 20.35
 6844.25  8.60  8.03  8.10  7.89  8.03  9.37 14.21 13.78 17.06 23.59 41.54 19.96
 6845.25 10.58  9.92 10.00  9.76  9.93 11.48 16.92 16.41 19.99 26.88 44.89 23.13
 6846.25 11.27 10.57 10.65 10.41 10.59 12.19 17.82 17.26 20.91 27.87 45.74 24.14
 6847.25 11.26 10.56 10.64 10.40 10.58 12.18 17.85 17.24 20.90 27.87 45.63 24.19
 6848.25 11.30 10.59 10.66 10.44 10.62 12.22 17.92 17.27 20.95 27.94 45.58 24.29
 6849.25 11.32 10.59 10.66 10.45 10.63 12.23 17.97 17.27 20.97 27.97 45.48 24.36
 6850.25 11.28 10.55 10.62 10.41 10.59 12.18 17.95 17.21 20.92 27.92 45.32 24.37
 6851.25 11.04 10.31 10.37 10.17 10.36 11.92 17.68 16.91 20.60 27.59 44.89 24.09
 6852.25 10.60  9.88  9.95  9.76  9.94 11.47 17.16 16.35 20.03 26.96 44.19 23.55
 6853.25 10.84 10.11 10.17  9.98 10.17 11.71 17.50 16.64 20.35 27.27 44.41 23.94
 6854.25 11.25 10.49 10.55 10.37 10.56 12.14 18.04 17.13 20.89 27.82 44.84 24.55
 6855.25 11.37 10.59 10.64 10.48 10.67 12.25 18.21 17.26 21.03 27.94 44.86 24.76
 6856.25 11.38 10.60 10.65 10.49 10.68 12.26 18.26 17.26 21.06 27.93 44.77 24.83
 6857.25 11.39 10.59 10.64 10.49 10.68 12.26 18.30 17.25 21.06 27.91 44.66 24.89
 6858.25 11.35 10.55 10.59 10.45 10.65 12.22 18.28 17.20 21.01 27.83 44.50 24.90
 6859.25 11.39 10.57 10.62 10.48 10.68 12.25 18.36 17.23 21.06 27.85 44.43 25.00
 6860.25 11.38 10.56 10.60 10.47 10.67 12.24 18.38 17.21 21.05 27.81 44.30 25.04
 6861.25 11.36 10.52 10.56 10.44 10.64 12.21 18.38 17.16 21.02 27.75 44.15 25.06
 6862.25 11.29 10.45 10.49 10.38 10.58 12.13 18.33 17.07 20.93 27.63 43.95 25.03
 6863.25 10.57  9.76  9.79  9.69  9.88 11.38 17.46 16.16 19.96 26.57 42.83 24.07
 6864.25  7.89  7.23  7.26  7.18  7.33  8.54 13.71 12.52 15.85 21.84 37.47 19.60
 6865.25  4.83  4.40  4.42  4.37  4.47  5.25  8.81  7.94 10.29 14.73 27.55 13.09
 6866.25  4.40  4.01  4.02  3.98  4.07  4.79  8.09  7.25  9.43 13.54 25.54 12.06
 6867.25  6.96  6.35  6.37  6.32  6.45  7.52 12.27 11.05 14.04 19.34 33.28 17.53
 6868.25  8.86  8.13  8.15  8.10  8.26  9.52 14.99 13.57 16.86 22.41 36.07 20.61
 6869.25  9.57  8.80  8.81  8.76  8.93 10.27 16.02 14.49 17.88 23.52 37.22 21.77
 6870.25  9.95  9.14  9.16  9.12  9.29 10.67 16.65 15.02 18.51 24.28 38.23 22.55
 6871.25  9.93  9.11  9.13  9.09  9.27 10.65 16.71 15.00 18.52 24.29 38.25 22.65
 6872.25  8.25  7.52  7.53  7.51  7.66  8.88 14.48 12.83 16.13 21.66 35.52 20.20
 6873.25  7.68  6.98  6.99  6.97  7.12  8.27 13.72 12.06 15.27 20.68 34.44 19.40
 6874.25  9.80  8.96  8.96  8.95  9.12 10.50 16.79 14.87 18.44 24.23 38.26 23.03
 6875.25 10.87  9.96  9.97  9.96 10.15 11.62 18.28 16.21 19.93 25.81 39.86 24.77
 6876.25 11.06 10.13 10.13 10.13 10.32 11.81 18.61 16.46 20.23 26.13 40.21 25.25
 6877.25 11.04 10.10 10.10 10.10 10.29 11.79 18.67 16.44 20.26 26.14 40.21 25.42
 6878.25 11.19 10.22 10.23 10.24 10.43 11.95 19.01 16.67 20.58 26.50 40.73 25.95
 6879.25 11.07 10.10 10.10 10.12 10.31 11.82 18.92 16.52 20.45 26.33 40.51 25.95
 6880.25 11.23 10.23 10.24 10.26 10.46 11.99 19.28 16.77 20.79 26.72 41.06 26.52
 6881.25 11.39 10.37 10.37 10.40 10.60 12.16 19.63 17.01 21.13 27.12 41.63 27.08
 6882.25  9.71  8.78  8.78  8.82  9.00 10.40 17.43 14.88 18.82 24.59 38.98 24.73
 6883.25  8.63  7.77  7.78  7.82  7.97  9.26 15.86 13.41 17.14 22.61 36.55 22.91
 6884.25  9.82  8.87  8.87  8.93  9.09 10.50 17.62 14.96 18.91 24.51 38.43 25.00
 6885.25 10.71  9.70  9.70  9.77  9.94 11.42 18.86 16.06 20.13 25.74 39.49 26.39
 6886.25 10.75  9.73  9.73  9.82  9.98 11.46 18.87 16.04 20.08 25.55 38.92 26.36
 6887.25 11.05 10.00 10.00 10.10 10.26 11.77 19.40 16.45 20.59 26.11 39.62 27.11
 6888.25 11.09 10.03 10.03 10.14 10.29 11.81 19.53 16.50 20.69 26.18 39.64 27.35
 6889.25 10.32  9.31  9.32  9.43  9.57 11.01 18.46 15.48 19.53 24.80 37.82 26.10
 6890.25  8.69  7.78  7.79  7.90  8.02  9.30 16.25 13.39 17.23 22.29 35.23 23.73
 6891.25  7.39  6.59  6.60  6.70  6.80  7.94 14.34 11.63 15.22 20.00 32.67 21.54
 6892.25  8.84  7.91  7.92  8.05  8.16  9.45 16.56 13.57 17.47 22.44 35.14 24.18
 6893.25 10.46  9.41  9.41  9.57  9.69 11.14 18.88 15.63 19.80 24.89 37.55 26.83
 6894.25 11.60 10.46 10.47 10.66 10.77 12.34 20.62 17.12 21.54 26.81 39.82 28.98
 6895.25 11.18 10.06 10.06 10.26 10.37 11.90 20.12 16.60 21.00 26.19 39.09 28.50
 6896.25  9.84  8.81  8.82  9.01  9.10 10.50 18.23 14.85 19.02 23.93 36.32 26.31
 6897.25 10.65  9.55  9.56  9.77  9.86 11.34 19.45 15.89 20.22 25.21 37.68 27.79
 6898.25 11.99 10.79 10.79 11.03 11.13 12.73 21.42 17.59 22.19 27.33 40.08 30.16
 6899.25 11.67 10.48 10.49 10.73 10.82 12.39 21.00 17.17 21.72 26.75 39.26 29.69
 6900.25 10.79  9.66  9.67  9.92  9.99 11.48 19.77 16.02 20.42 25.24 37.31 28.25
 6901.25 10.21  9.11  9.12  9.36  9.43 10.87 19.14 15.34 19.74 24.53 36.71 27.75
 6902.25  7.97  7.05  7.06  7.27  7.32  8.53 15.91 12.41 16.43 20.91 32.86 24.16
 6903.25  7.91  6.99  7.00  7.22  7.26  8.47 15.84 12.31 16.32 20.72 32.52 24.09
 6904.25  9.91  8.81  8.82  9.09  9.14 10.55 18.85 14.92 19.33 23.93 35.83 27.55
 6905.25 10.83  9.65  9.66  9.96 10.01 11.51 20.22 16.09 20.68 25.34 37.33 29.16
 6906.25 11.75 10.49 10.50 10.83 10.87 12.47 21.65 17.28 22.08 26.87 39.15 30.95
 6907.25 11.87 10.60 10.60 10.95 10.98 12.60 21.89 17.42 22.27 27.04 39.32 31.27
 6908.25 11.29 10.06 10.06 10.41 10.43 11.99 21.11 16.66 21.40 26.01 38.01 30.29
 6909.25 11.10  9.88  9.88 10.23 10.25 11.79 20.92 16.39 21.11 25.64 37.49 30.02
 6910.25 11.73 10.46 10.46 10.84 10.85 12.46 22.03 17.22 22.11 26.72 38.81 31.36
 6911.25 12.02 10.72 10.72 11.12 11.12 12.77 22.62 17.61 22.59 27.23 39.43 32.06
 6912.25 11.55 10.27 10.27 10.67 10.66 12.27 22.09 17.01 21.96 26.51 38.61 31.46
 6913.25  9.44  8.34  8.33  8.68  8.67 10.08 19.10 14.30 18.88 23.15 34.86 28.04
 6914.25  6.74  5.89  5.89  6.16  6.15  7.23 14.70 10.58 14.43 18.12 28.91 22.67
 6915.25  8.00  7.02  7.01  7.33  7.31  8.57 17.09 12.37 16.69 20.70 32.18 25.74
 6916.25 11.35 10.07 10.06 10.49 10.46 12.08 22.40 16.78 21.84 26.27 38.35 31.83
 6917.25 11.75 10.43 10.43 10.88 10.83 12.49 23.00 17.24 22.34 26.73 38.69 32.40
 6918.25 11.39 10.10 10.10 10.54 10.49 12.12 22.56 16.76 21.80 26.08 37.85 31.81
 6919.25 11.51 10.21 10.21 10.66 10.60 12.25 22.88 16.92 22.01 26.28 38.07 32.19
 6920.25 12.02 10.67 10.67 11.15 11.08 12.78 23.77 17.56 22.79 27.09 39.01 33.22
 6921.25 12.07 10.71 10.71 11.20 11.12 12.84 23.99 17.63 22.90 27.18 39.09 33.46
 6922.25 11.69 10.35 10.35 10.84 10.75 12.44 23.58 17.15 22.39 26.60 38.44 33.00
 6923.25 10.58  9.32  9.32  9.80  9.70 11.28 22.07 15.75 20.82 24.89 36.53 31.32
 6924.25  6.96  6.06  6.06  6.40  6.33  7.47 16.10 10.85 14.96 18.39 28.94 24.26
 6925.25  5.50  4.77  4.77  5.05  4.99  5.92 13.31  8.72 12.25 15.22 24.78 20.60
 6926.25  8.25  7.20  7.20  7.62  7.51  8.84 18.73 12.67 17.31 20.98 32.17 27.55
 6927.25 11.35 10.00 10.01 10.55 10.41 12.10 23.77 16.73 22.10 26.10 37.81 33.22
 6928.25 11.60 10.23 10.24 10.80 10.64 12.36 24.18 17.01 22.42 26.36 37.97 33.59
 6929.25 11.30  9.95  9.96 10.52 10.36 12.04 23.82 16.61 21.98 25.83 37.30 33.19
 6930.25 11.45 10.09 10.09 10.68 10.50 12.21 24.21 16.82 22.27 26.11 37.62 33.77
 6931.25 11.74 10.34 10.35 10.95 10.76 12.50 24.76 17.17 22.72 26.53 38.08 34.49
 6932.25 11.83 10.42 10.43 11.05 10.84 12.60 25.01 17.28 22.87 26.64 38.16 34.86
 6933.25 11.78 10.37 10.38 11.01 10.80 12.55 25.03 17.21 22.82 26.53 37.98 34.97
 6934.25 11.77 10.36 10.37 11.01 10.79 12.54 25.11 17.18 22.81 26.46 37.84 35.13
 6935.25 11.83 10.41 10.42 11.07 10.83 12.61 25.33 17.25 22.94 26.55 37.92 35.49
 6936.25 11.95 10.51 10.52 11.19 10.94 12.73 25.64 17.40 23.15 26.73 38.11 35.95
 6937.25 11.93 10.49 10.50 11.18 10.92 12.71 25.71 17.36 23.14 26.66 37.97 36.10
 6938.25 11.80 10.36 10.38 11.06 10.79 12.58 25.63 17.20 22.98 26.44 37.69 36.10
 6939.25 11.42 10.01 10.02 10.70 10.43 12.18 25.21 16.72 22.49 25.88 37.06 35.75
 6940.25  9.58  8.33  8.34  8.95  8.70 10.26 22.49 14.37 19.80 23.01 33.93 32.91
 6941.25  7.17  6.18  6.19  6.68  6.47  7.72 18.27 11.09 15.80 18.63 28.78 28.06
 6942.25  8.37  7.24  7.25  7.82  7.58  8.99 20.66 12.76 17.93 20.92 31.52 31.05
 6943.25 10.99  9.59  9.61 10.31 10.02 11.74 25.07 16.18 22.02 25.21 36.25 36.04
 6944.25 11.58 10.13 10.15 10.89 10.58 12.36 26.04 16.90 22.87 26.05 37.08 37.15
 6945.25 11.89 10.41 10.43 11.20 10.87 12.69 26.62 17.29 23.35 26.50 37.55 37.89
 6946.25 11.97 10.48 10.50 11.28 10.94 12.77 26.80 17.36 23.45 26.54 37.52 38.13
 6947.25 11.81 10.32 10.34 11.13 10.78 12.59 26.58 17.13 23.19 26.20 37.03 37.91
 6948.25 11.77 10.28 10.30 11.09 10.74 12.55 26.65 17.07 23.17 26.13 36.94 38.09
 6949.25 10.60  9.20  9.22  9.96  9.63 11.32 25.11 15.63 21.59 24.47 35.24 36.66
 6950.25  6.46  5.52  5.54  6.04  5.81  6.94 17.55 10.01 14.62 16.92 26.26 27.81
 6951.25  5.42  4.62  4.63  5.07  4.87  5.83 15.27  8.49 12.58 14.60 23.14 24.82
 6952.25  8.67  7.45  7.47  8.14  7.84  9.26 22.16 13.09 18.64 21.22 31.52 33.72
 6953.25 11.10  9.62  9.65 10.46 10.09 11.79 26.19 16.24 22.45 25.17 35.86 38.35
 6954.25 11.39  9.88  9.90 10.74 10.36 12.07 26.53 16.58 22.87 25.56 36.22 38.98
 6955.25 11.72 10.17 10.20 11.07 10.67 12.40 26.89 16.97 23.33 25.97 36.59 39.61
 6956.25 11.48  9.96  9.99 10.84 10.44 12.13 26.39 16.65 22.97 25.55 36.02 39.27
 6957.25 11.36  9.83  9.86 10.72 10.32 11.99 26.20 16.51 22.87 25.43 35.91 39.45
 6958.25 11.42  9.87  9.91 10.77 10.37 12.04 26.26 16.58 23.02 25.57 36.04 39.86
 6959.25 11.40  9.85  9.88 10.75 10.34 12.00 26.10 16.54 22.98 25.50 35.88 39.93
 6960.25 11.52  9.95  9.98 10.86 10.45 12.10 26.17 16.67 23.16 25.65 35.96 40.26
 6961.25 11.52  9.94  9.98 10.86 10.45 12.09 26.07 16.66 23.17 25.64 35.86 40.41
 6962.25 11.63 10.03 10.07 10.96 10.55 12.19 26.20 16.81 23.38 25.85 36.07 40.90
 6963.25 11.74 10.12 10.16 11.06 10.65 12.28 26.29 16.94 23.57 26.02 36.21 41.31
 6964.25 11.76 10.14 10.18 11.09 10.67 12.29 26.22 16.96 23.61 26.04 36.15 41.48
 6965.25 11.80 10.16 10.21 11.12 10.70 12.32 26.19 17.00 23.69 26.09 36.15 41.73
 6966.25 11.88 10.23 10.28 11.20 10.77 12.39 26.23 17.09 23.84 26.22 36.23 42.08
 6967.25 11.64 10.01 10.05 10.97 10.54 12.13 25.84 16.80 23.55 25.91 35.86 41.97
 6968.25 11.33  9.71  9.76 10.66 10.24 11.79 25.32 16.42 23.15 25.48 35.36 41.73
 6969.25 11.69 10.04 10.09 11.01 10.58 12.15 25.73 16.85 23.66 25.97 35.80 42.40
 6970.25 11.40  9.76  9.81 10.72 10.30 11.83 25.22 16.48 23.27 25.55 35.28 42.13
 6971.25  8.99  7.61  7.65  8.41  8.06  9.34 21.37 13.40 19.63 21.75 31.12 38.18
 6972.25  8.57  7.23  7.28  8.02  7.67  8.90 20.58 12.85 18.97 21.04 30.26 37.54
 6973.25 11.10  9.46  9.52 10.42 10.01 11.47 24.55 16.10 22.92 25.13 34.68 42.29
 6974.25 12.01 10.28 10.35 11.30 10.86 12.39 25.73 17.20 24.19 26.40 35.92 43.74
 6975.25 12.03 10.29 10.36 11.32 10.88 12.40 25.68 17.22 24.23 26.43 35.89 43.96
 6976.25 12.02 10.28 10.35 11.32 10.87 12.38 25.58 17.21 24.21 26.43 35.81 44.12
 6977.25 11.87 10.15 10.22 11.18 10.74 12.23 25.30 17.04 24.00 26.23 35.54 44.09
 6978.25 11.71 10.00 10.07 11.03 10.59 12.05 25.02 16.85 23.79 26.04 35.29 44.10
 6979.25  9.14  7.71  7.78  8.58  8.21  9.43 21.01 13.60 19.91 22.05 30.94 39.95
 6980.25  6.60  5.51  5.57  6.18  5.89  6.82 16.24 10.11 15.35 17.22 25.14 33.86
 6981.25  8.31  6.98  7.05  7.79  7.45  8.56 19.42 12.48 18.48 20.58 29.13 38.51
 6982.25 11.46  9.77  9.86 10.82 10.37 11.78 24.39 16.57 23.42 25.75 34.75 44.53
 6983.25 12.02 10.27 10.37 11.37 10.89 12.34 25.08 17.25 24.17 26.54 35.49 45.49
 6984.25 11.81 10.09 10.18 11.18 10.70 12.13 24.73 17.01 23.89 26.27 35.16 45.39
 6985.25 11.63  9.92 10.02 11.01 10.53 11.94 24.40 16.79 23.62 26.02 34.82 45.27
 6986.25 11.66  9.95 10.05 11.04 10.56 11.96 24.33 16.82 23.62 26.03 34.74 45.27
 6987.25 11.68  9.97 10.07 11.07 10.58 11.98 24.29 16.86 23.65 26.08 34.73 45.20
 6988.25 11.49  9.79  9.89 10.89 10.39 11.77 23.95 16.62 23.37 25.82 34.40 44.96
 6989.25 11.54  9.84  9.94 10.94 10.44 11.82 23.92 16.68 23.41 25.88 34.38 50.43
 6990.25 11.73 10.01 10.12 11.14 10.62 12.00 24.13 16.93 23.69 26.19 34.66 70.46
 6991.25 11.86 10.12 10.24 11.27 10.74 12.13 24.25 17.10 23.87 26.40 34.83 84.23
 6992.25 11.86 10.12 10.24 11.27 10.74 12.13 24.18 17.10 23.87 26.42 34.79 85.96
 6993.25 11.74 10.02 10.14 11.17 10.64 12.01 23.92 16.96 23.68 26.24 34.50 85.17
 6994.25 11.79 10.06 10.19 11.23 10.69 12.06 23.91 17.03 23.74 26.32 34.52 84.82
 6995.25 12.02 10.26 10.39 11.45 10.89 12.28 24.17 17.31 24.07 26.69 34.88 85.06
 6996.25 11.98 10.23 10.36 11.42 10.86 12.25 24.08 17.29 24.04 26.68 34.83 84.79
 6997.25 11.75 10.02 10.15 11.21 10.65 12.02 23.69 17.02 23.72 26.38 34.45 84.07
 6998.25 11.38  9.68  9.81 10.85 10.30 11.63 23.06 16.56 23.17 25.83 33.79 82.88
 6999.25 11.38  9.68  9.81 10.85 10.29 11.63 22.96 16.55 23.15 25.83 33.72 82.42
 7000.25 11.82 10.08 10.21 11.29 10.71 12.08 23.52 17.11 23.79 26.51 34.40 82.91
 7001.25 11.77 10.03 10.17 11.25 10.67 12.03 23.38 17.07 23.73 26.48 34.32 82.56
 7002.25 11.68  9.95 10.09 11.16 10.58 11.93 23.17 16.96 23.60 26.37 34.14 82.03
 7003.25 11.61  9.89 10.03 11.10 10.51 11.86 22.99 16.89 23.50 26.29 33.99 81.52
 7004.25 11.18  9.51  9.64 10.69 10.12 11.43 22.27 16.35 22.86 25.64 33.22 80.21
 7005.25  9.68  8.17  8.29  9.24  8.72  9.90 19.99 14.46 20.64 23.35 30.74 77.72
 7006.25  9.66  8.15  8.28  9.23  8.70  9.88 19.91 14.45 20.64 23.38 30.75 77.64
 7007.25 11.50  9.80  9.94 11.02 10.42 11.75 22.48 16.78 23.33 26.20 33.64 79.71
 7008.25 12.09 10.34 10.49 11.61 10.98 12.35 23.17 17.50 24.11 27.01 34.40 79.88
 7009.25 12.16 10.40 10.55 11.68 11.04 12.41 23.16 17.59 24.18 27.09 34.42 79.47
 7010.25 12.09 10.35 10.49 11.62 10.98 12.34 22.97 17.52 24.07 26.98 34.25 78.84
 7011.25 11.82 10.11 10.25 11.37 10.73 12.08 22.54 17.21 23.72 26.62 33.84 78.07
 7012.25 10.12  8.58  8.71  9.72  9.14 10.35 20.09 15.11 21.32 24.15 31.27 75.82
 7013.25  8.18  6.88  6.99  7.85  7.35  8.38 16.98 12.55 18.19 20.84 27.64 72.06
 7014.25  9.62  8.15  8.27  9.25  8.68  9.85 19.19 14.49 20.56 23.35 30.39 74.24
 7015.25 11.76 10.07 10.21 11.35 10.69 12.02 22.10 17.19 23.62 26.52 33.65 76.26
 7016.25 12.03 10.33 10.47 11.62 10.95 12.29 22.32 17.50 23.92 26.81 33.89 75.72
 7017.25 12.19 10.48 10.62 11.79 11.10 12.46 22.47 17.72 24.17 27.07 34.18 75.77
 7018.25 12.32 10.60 10.74 11.92 11.22 12.59 22.57 17.90 24.37 27.28 34.41 75.74
 7019.25 12.24 10.52 10.66 11.85 11.15 12.51 22.38 17.82 24.26 27.17 34.28 75.20
 7020.25 12.08 10.39 10.52 11.70 11.00 12.35 22.10 17.65 24.06 26.97 34.07 74.61
 7021.25 11.98 10.30 10.43 11.61 10.90 12.25 21.88 17.54 23.93 26.84 33.94 74.10
 7022.25 11.90 10.23 10.37 11.55 10.83 12.17 21.69 17.46 23.83 26.73 33.81 73.52
 7023.25 11.83 10.17 10.30 11.48 10.76 12.10 21.48 17.37 23.70 26.59 33.63 72.77
 7024.25 11.92 10.26 10.39 11.58 10.85 12.19 21.52 17.50 23.83 26.74 33.78 72.56
 7025.25 12.05 10.38 10.51 11.72 10.97 12.32 21.61 17.68 24.01 26.93 33.98 72.39
 7026.25 11.94 10.29 10.42 11.62 10.87 12.22 21.37 17.56 23.82 26.75 33.76 71.60
 7027.25 11.79 10.16 10.29 11.49 10.73 12.07 21.05 17.37 23.55 26.48 33.44 70.61
 7028.25 11.92 10.28 10.40 11.61 10.85 12.19 21.14 17.55 23.71 26.70 33.68 70.56
 7029.25 11.96 10.32 10.44 11.66 10.89 12.24 21.14 17.63 23.79 26.81 33.82 70.46
 7030.25 11.79 10.17 10.29 11.51 10.73 12.07 20.84 17.45 23.55 26.60 33.61 69.88
 7031.25 11.56  9.96 10.08 11.30 10.51 11.84 20.46 17.19 23.23 26.30 33.30 69.19
 7032.25 11.72 10.11 10.22 11.47 10.66 12.00 20.57 17.39 23.40 26.51 33.49 68.87
 7033.25 11.97 10.35 10.47 11.74 10.90 12.26 20.80 17.71 23.70 26.84 33.82 68.64
 7034.25 12.02 10.39 10.51 11.81 10.94 12.30 20.75 17.77 23.72 26.89 33.85 68.18
 7035.25 12.01 10.39 10.50 11.83 10.93 12.30 20.65 17.77 23.68 26.87 33.82 67.65
 7036.25 11.97 10.36 10.47 11.81 10.89 12.26 20.49 17.73 23.58 26.79 33.71 67.00
 7037.25 11.88 10.28 10.39 11.74 10.80 12.17 20.25 17.61 23.39 26.62 33.50 66.18
 7038.25 11.91 10.31 10.42 11.79 10.83 12.20 20.20 17.66 23.41 26.67 33.54 65.74
 7039.25 11.92 10.32 10.43 11.82 10.84 12.21 20.10 17.68 23.37 26.65 33.49 65.11
 7040.25 11.91 10.31 10.42 11.83 10.83 12.21 19.99 17.68 23.32 26.63 33.47 64.60
 7041.25 11.85 10.25 10.36 11.79 10.76 12.14 19.83 17.62 23.24 26.59 33.44 64.22
 7042.25 11.12  9.59  9.68 11.08 10.07 11.40 18.81 16.74 22.24 25.59 32.42 62.90
 7043.25 10.17  8.74  8.82 10.15  9.18 10.44 17.50 15.56 20.86 24.19 30.96 61.16
 7044.25 11.07  9.55  9.64 11.07 10.02 11.36 18.65 16.70 22.10 25.51 32.31 62.06
 7045.25 11.88 10.29 10.39 11.90 10.78 12.18 19.65 17.70 23.15 26.62 33.43 62.91
 7046.25 11.73 10.15 10.25 11.77 10.63 12.03 19.42 17.53 22.92 26.40 33.19 62.64
 7047.25 11.14  9.62  9.71 11.20 10.08 11.44 18.64 16.82 22.10 25.59 32.36 61.87
 7048.25 10.56  9.10  9.18 10.64  9.53 10.85 17.84 16.10 21.26 24.75 31.49 61.09
 7049.25  9.45  8.11  8.18  9.54  8.50  9.72 16.28 14.66 19.57 22.99 29.60 59.28
 7050.25  8.82  7.55  7.62  8.92  7.92  9.08 15.33 13.81 18.52 21.89 28.38 57.94
 7051.25  9.89  8.51  8.58 10.02  8.91 10.17 16.82 15.26 20.16 23.67 30.29 59.74
 7052.25 10.59  9.13  9.21 10.74  9.55 10.88 17.72 16.17 21.14 24.73 31.40 60.70
 7053.25 10.70  9.24  9.31 10.88  9.65 11.00 17.84 16.33 21.28 24.91 31.58 60.87
 7054.25 11.00  9.51  9.58 11.20  9.93 11.31 18.21 16.72 21.68 25.37 32.06 61.33
 7055.25 11.10  9.61  9.68 11.32 10.02 11.41 18.31 16.86 21.79 25.51 32.20 61.42
 7056.25 11.30  9.79  9.86 11.54 10.20 11.61 18.52 17.10 22.01 25.77 32.44 61.55
 7057.25 11.48  9.95 10.02 11.74 10.37 11.80 18.70 17.33 22.21 26.00 32.66 61.65
 7058.25 11.54 10.01 10.08 11.82 10.42 11.86 18.74 17.41 22.26 26.09 32.74 61.72
 7059.25 11.82 10.27 10.34 12.12 10.68 12.15 19.06 17.76 22.60 26.47 33.12 62.01
 7060.25 11.92 10.36 10.43 12.25 10.77 12.25 19.14 17.89 22.69 26.59 33.22 62.04
 7061.25 11.73 10.20 10.26 12.08 10.60 12.06 18.88 17.67 22.42 26.34 32.96 61.78
 7062.25 11.50  9.98 10.04 11.86 10.38 11.82 18.55 17.39 22.08 26.03 32.64 61.49
 7063.25 11.50  9.99 10.05 11.88 10.38 11.83 18.52 17.40 22.05 26.03 32.62 61.42
 7064.25 11.28  9.79  9.85 11.68 10.18 11.61 18.21 17.14 21.73 25.72 32.30 61.10
 7065.25 10.98  9.51  9.57 11.39  9.89 11.30 17.77 16.77 21.27 25.28 31.83 60.61
 7066.25 11.26  9.77  9.82 11.69 10.15 11.58 18.09 17.12 21.62 25.67 32.22 60.92
 7067.25 11.41  9.91  9.97 11.87 10.30 11.75 18.26 17.33 21.80 25.90 32.45 61.12
 7068.25 10.94  9.48  9.53 11.41  9.85 11.26 17.62 16.75 21.13 25.23 31.78 60.49
 7069.25 11.02  9.55  9.60 11.51  9.92 11.34 17.68 16.85 21.20 25.34 31.91 60.54
 7070.25 11.62 10.11 10.16 12.16 10.49 11.96 18.41 17.61 21.97 26.18 32.78 61.21
 7071.25 11.28  9.79  9.84 11.83 10.17 11.61 17.93 17.18 21.47 25.69 32.30 60.70
 7072.25 10.91  9.45  9.51 11.48  9.82 11.24 17.43 16.73 20.94 25.16 31.77 60.15
 7073.25 11.45  9.95 10.00 12.06 10.33 11.79 18.07 17.41 21.63 25.91 32.55 60.76
 7074.25 11.73 10.21 10.26 12.38 10.60 12.08 18.38 17.76 21.97 26.29 32.96 61.02
 7075.25 11.14  9.66  9.72 11.79 10.04 11.47 17.60 17.03 21.15 25.47 32.13 60.24
 7076.25 10.96  9.51  9.56 11.64  9.88 11.30 17.34 16.83 20.90 25.22 31.90 59.97
 7077.25 11.59 10.07 10.13 12.31 10.46 11.92 18.08 17.60 21.70 26.07 32.77 60.61
 7078.25 11.82 10.29 10.35 12.58 10.68 12.15 18.32 17.88 21.98 26.36 33.07 60.72
 7079.25 11.32  9.83  9.89 12.09 10.21 11.64 17.67 17.28 21.31 25.68 32.41 60.10
 7080.25 11.03  9.56  9.62 11.81  9.94 11.33 17.27 16.93 20.91 25.28 32.03 59.75
 7081.25 11.44  9.94  9.99 12.27 10.32 11.74 17.74 17.45 21.45 25.86 32.64 60.23
 7082.25 11.82 10.28 10.34 12.69 10.67 12.12 18.17 17.92 21.93 26.37 33.17 60.62
 7083.25 11.37  9.87  9.93 12.25 10.25 11.65 17.58 17.37 21.32 25.76 32.57 60.05
 7084.25 10.36  8.95  9.01 11.21  9.31 10.62 16.25 16.10 19.92 24.29 31.08 58.65
 7085.25 10.88  9.42  9.48 11.79  9.79 11.14 16.88 16.77 20.63 25.05 31.89 59.31
 7086.25 11.90 10.36 10.42 12.89 10.75 12.17 18.12 18.05 21.98 26.47 33.35 60.49
 7087.25 11.97 10.42 10.49 12.99 10.82 12.23 18.16 18.14 22.04 26.55 33.44 60.48
 7088.25 11.64 10.12 10.18 12.67 10.51 11.89 17.73 17.74 21.60 26.10 33.00 60.00
 7089.25 11.02  9.55  9.61 12.05  9.93 11.25 16.95 16.98 20.76 25.24 32.16 59.24
 7090.25 10.15  8.76  8.82 11.14  9.11 10.36 15.81 15.86 19.52 23.94 30.82 57.96
 7091.25 10.42  9.01  9.07 11.46  9.36 10.63 16.15 16.23 19.90 24.35 31.27 58.32
 7092.25 11.25  9.76  9.82 12.36 10.13 11.46 17.19 17.29 21.03 25.56 32.55 59.40
 7093.25 11.46  9.96 10.03 12.62 10.34 11.67 17.44 17.57 21.30 25.86 32.87 59.59
 7094.25 11.52 10.01 10.08 12.71 10.39 11.72 17.49 17.64 21.36 25.93 32.95 59.57
 7095.25 11.73 10.20 10.27 12.95 10.59 11.92 17.73 17.90 21.61 26.20 33.24 59.75
 7096.25 11.89 10.35 10.42 13.15 10.74 12.07 17.91 18.10 21.80 26.41 33.47 59.86
 7097.25 11.95 10.40 10.48 13.24 10.79 12.12 17.96 18.18 21.86 26.48 33.56 59.86
 7098.25 11.94 10.39 10.47 13.26 10.78 12.10 17.93 18.17 21.82 26.46 33.55 59.77
 7099.25 11.83 10.29 10.37 13.17 10.68 11.98 17.78 18.04 21.66 26.31 33.41 59.56
 7100.25 11.92 10.37 10.45 13.29 10.76 12.07 17.87 18.16 21.76 26.42 33.54 59.60
 7101.25 12.05 10.49 10.57 13.45 10.88 12.18 18.00 18.32 21.90 26.58 33.72 59.68
 7102.25 11.90 10.35 10.43 13.32 10.74 12.02 17.80 18.15 21.70 26.38 33.54 59.44
 7103.25 11.83 10.28 10.37 13.28 10.68 11.95 17.71 18.08 21.60 26.29 33.47 59.31
 7104.25 11.88 10.32 10.41 13.35 10.73 11.99 17.75 18.14 21.64 26.35 33.55 59.29
 7105.25 11.81 10.26 10.35 13.31 10.67 11.91 17.65 18.07 21.53 26.25 33.46 59.12
 7106.25 11.80 10.25 10.34 13.32 10.66 11.89 17.61 18.06 21.50 26.23 33.45 59.00
 7107.25 11.98 10.41 10.51 13.54 10.83 12.06 17.81 18.29 21.71 26.46 33.72 59.16
 7108.25 12.06 10.49 10.59 13.65 10.91 12.13 17.89 18.40 21.80 26.57 33.84 59.19
 7109.25 11.88 10.31 10.42 13.48 10.74 11.94 17.66 18.19 21.55 26.32 33.60 58.89
 7110.25 11.79 10.23 10.33 13.41 10.65 11.84 17.53 18.08 21.41 26.19 33.50 58.72
 7111.25 11.87 10.30 10.41 13.52 10.74 11.92 17.61 18.19 21.50 26.30 33.62 58.74
 7112.25 11.91 10.34 10.45 13.59 10.78 11.95 17.64 18.25 21.54 26.35 33.69 58.72
 7113.25 11.94 10.36 10.48 13.65 10.80 11.97 17.66 18.30 21.56 26.38 33.74 58.68
 7114.25 11.92 10.34 10.46 13.65 10.79 11.94 17.62 18.28 21.51 26.35 33.73 58.57
 7115.25 11.99 10.40 10.52 13.75 10.86 12.00 17.68 18.37 21.58 26.45 33.82 58.55
 7116.25 12.08 10.48 10.61 13.87 10.94 12.08 17.77 18.49 21.67 26.57 33.95 58.57
 7117.25 12.00 10.41 10.53 13.82 10.87 11.99 17.66 18.40 21.56 26.47 33.86 58.40
 7118.25 11.90 10.31 10.44 13.72 10.77 11.87 17.51 18.28 21.40 26.32 33.71 58.15
 7119.25 11.93 10.33 10.46 13.78 10.80 11.89 17.52 18.32 21.42 26.37 33.76 58.12
 7120.25 12.06 10.45 10.59 13.95 10.93 12.02 17.66 18.49 21.57 26.55 33.95 58.21
 7121.25 12.09 10.48 10.61 14.01 10.96 12.04 17.68 18.54 21.59 26.59 34.00 58.16
 7122.25 12.09 10.47 10.62 14.03 10.96 12.03 17.66 18.54 21.56 26.59 34.01 58.05
 7123.25 12.06 10.44 10.59 14.02 10.93 11.99 17.60 18.51 21.51 26.56 33.99 57.94
 7124.25 11.97 10.36 10.51 13.96 10.85 11.90 17.48 18.42 21.38 26.45 33.90 57.76
 7125.25 11.96 10.35 10.50 13.96 10.84 11.87 17.44 18.41 21.34 26.43 33.89 57.66
 7126.25 11.98 10.36 10.52 14.01 10.86 11.89 17.45 18.44 21.36 26.47 33.94 57.60
 7127.25 11.95 10.33 10.49 14.00 10.83 11.84 17.39 18.40 21.30 26.42 33.91 57.44
 7128.25 11.50  9.91 10.08 13.53 10.40 11.38 16.82 17.85 20.70 25.80 33.29 56.77
 7129.25 10.84  9.31  9.47 12.82  9.78 10.72 15.99 17.03 19.81 24.87 32.36 55.83
 7130.25 11.20  9.63  9.80 13.24 10.12 11.07 16.41 17.48 20.28 25.38 32.91 56.23
 7131.25 11.70 10.08 10.26 13.81 10.59 11.55 17.00 18.12 20.93 26.08 33.63 56.76
 7132.25 11.98 10.34 10.53 14.15 10.86 11.83 17.32 18.47 21.28 26.46 34.03 57.01
 7133.25 11.86 10.22 10.41 14.03 10.74 11.69 17.16 18.32 21.11 26.30 33.88 56.78
 7134.25 11.14  9.56  9.74 13.26 10.06 10.97 16.27 17.43 20.16 25.30 32.89 55.78
 7135.25 10.96  9.39  9.58 13.08  9.89 10.78 16.04 17.21 19.91 25.05 32.65 55.47
 7136.25 11.62 10.00 10.19 13.84 10.52 11.43 16.85 18.05 20.77 25.98 33.61 56.22
 7137.25 11.87 10.22 10.42 14.13 10.75 11.66 17.13 18.35 21.07 26.29 33.93 56.35
 7138.25 11.95 10.29 10.50 14.24 10.82 11.73 17.21 18.45 21.16 26.40 34.06 56.37
 7139.25 12.07 10.40 10.61 14.40 10.94 11.84 17.35 18.61 21.31 26.57 34.25 56.45
 7140.25 12.10 10.43 10.64 14.45 10.97 11.86 17.38 18.65 21.33 26.60 34.30 56.36
 7141.25 12.12 10.45 10.66 14.50 10.99 11.87 17.39 18.68 21.34 26.63 34.34 56.30
 7142.25 11.82 10.17 10.38 14.19 10.70 11.56 17.03 18.32 20.95 26.23 33.96 55.84
 7143.25 11.20  9.60  9.81 13.52 10.11 10.94 16.27 17.55 20.13 25.38 33.11 54.97
 7144.25 10.79  9.23  9.43 13.06  9.72 10.52 15.75 17.03 19.56 24.80 32.53 54.35
 7145.25 10.64  9.09  9.29 12.87  9.58 10.37 15.56 16.84 19.34 24.57 32.31 54.03
 7146.25 10.65  9.09  9.30 12.86  9.58 10.36 15.55 16.85 19.34 24.58 32.32 53.92
 7147.25 10.70  9.14  9.35 12.89  9.63 10.41 15.61 16.93 19.39 24.65 32.40 53.84
 7148.25 10.83  9.25  9.47 13.01  9.74 10.52 15.76 17.09 19.55 24.83 32.62 53.95
 7149.25 11.07  9.47  9.69 13.26  9.97 10.75 16.05 17.42 19.88 25.19 33.01 54.23
 7150.25 11.26  9.64  9.87 13.45 10.15 10.93 16.27 17.67 20.11 25.45 33.28 54.31
 7151.25 11.38  9.74  9.97 13.56 10.25 11.03 16.40 17.83 20.25 25.61 33.45 54.35
 7152.25 11.71 10.04 10.28 13.90 10.55 11.34 16.79 18.26 20.67 26.08 33.96 54.75
 7153.25 11.79 10.11 10.35 13.96 10.63 11.41 16.88 18.38 20.77 26.19 34.09 54.76
 7154.25 11.89 10.20 10.45 14.05 10.72 11.50 16.99 18.52 20.88 26.32 34.24 54.79
 7155.25 12.07 10.37 10.62 14.22 10.89 11.67 17.20 18.76 21.09 26.56 34.49 54.88
 7156.25 12.13 10.42 10.67 14.26 10.94 11.72 17.25 18.84 21.15 26.62 34.55 54.80
 7157.25 12.02 10.31 10.57 14.12 10.83 11.60 17.11 18.72 21.00 26.48 34.43 54.59
 7158.25 11.77 10.08 10.34 13.82 10.59 11.34 16.80 18.42 20.66 26.13 34.10 54.16
 7159.25 11.80 10.11 10.37 13.83 10.62 11.36 16.83 18.48 20.69 26.17 34.14 54.05
 7160.25 11.54  9.87 10.13 13.52 10.37 11.09 16.51 18.17 20.35 25.83 33.84 53.69
 7161.25 11.38  9.72  9.98 13.32 10.21 10.93 16.31 17.99 20.12 25.61 33.62 53.34
 7162.25 11.62  9.94 10.21 13.57 10.44 11.16 16.58 18.30 20.42 25.92 33.94 53.45
 7163.25 11.36  9.70  9.97 13.26 10.19 10.91 16.26 17.99 20.06 25.56 33.58 52.97
 7164.25 11.03  9.40  9.67 12.87  9.88 10.58 15.85 17.58 19.60 25.07 33.08 52.32
 7165.25 11.51  9.83 10.12 13.37 10.32 11.04 16.42 18.20 20.22 25.74 33.78 52.83
 7166.25 11.74 10.05 10.33 13.60 10.54 11.26 16.67 18.48 20.48 26.01 34.04 52.83
 7167.25 10.85  9.25  9.52 12.60  9.71 10.40 15.56 17.34 19.25 24.67 32.59 51.11
 7168.25 10.71  9.12  9.39 12.42  9.58 10.25 15.38 17.17 19.05 24.48 32.41 50.81
 7169.25 11.57  9.90 10.19 13.34 10.37 11.09 16.43 18.30 20.20 25.76 33.78 52.09
 7170.25 11.56  9.89 10.19 13.30 10.37 11.08 16.39 18.28 20.14 25.67 33.65 51.67
 7171.25 11.00  9.38  9.66 12.67  9.83 10.52 15.71 17.60 19.42 24.94 32.95 50.98
 7172.25 10.75  9.16  9.44 12.37  9.60 10.27 15.38 17.27 19.04 24.52 32.48 50.26
 7173.25 11.05  9.44  9.73 12.67  9.89 10.57 15.70 17.61 19.35 24.80 32.66 49.96
 7174.25 11.60  9.94 10.23 13.25 10.39 11.10 16.39 18.37 20.12 25.70 33.69 51.06
 7175.25 11.41  9.75 10.05 13.03 10.20 10.91 16.19 18.20 19.93 25.58 33.68 51.18
 7176.25 10.80  9.21  9.49 12.34  9.63 10.31 15.41 17.39 19.05 24.59 32.58 49.76
 7177.25 10.51  8.96  9.24 11.99  9.37 10.03 15.00 16.96 18.56 24.01 31.84 48.56
 7178.25 10.79  9.20  9.49 12.28  9.62 10.29 15.37 17.40 19.01 24.57 32.54 49.44
 7179.25 11.53  9.87 10.17 13.07 10.30 11.01 16.32 18.44 20.07 25.81 33.92 50.99
 7180.25 11.46  9.80 10.10 12.97 10.23 10.93 16.23 18.36 19.97 25.71 33.79 50.77
 7181.25 10.99  9.39  9.69 12.43  9.80 10.48 15.61 17.70 19.24 24.85 32.71 49.25
 7182.25 11.01  9.40  9.70 12.42  9.81 10.49 15.64 17.76 19.29 24.95 32.82 49.37
 7183.25 11.01  9.40  9.70 12.39  9.80 10.48 15.66 17.81 19.32 25.03 32.95 49.57
 7184.25 10.75  9.18  9.47 12.06  9.57 10.23 15.26 17.36 18.80 24.35 31.98 47.93
 7185.25 10.84  9.27  9.56 12.13  9.66 10.32 15.37 17.50 18.92 24.49 32.08 47.93
 7186.25 10.79  9.22  9.52 12.03  9.61 10.27 15.27 17.39 18.77 24.29 31.75 47.27
 7187.25 10.99  9.41  9.71 12.20  9.79 10.46 15.49 17.64 19.00 24.53 31.93 47.28
 7188.25 11.91 10.22 10.55 13.17 10.63 11.34 16.69 18.98 20.38 26.19 33.89 49.76
 7189.25 12.39 10.65 10.98 13.65 11.06 11.79 17.30 19.66 21.08 27.03 34.86 50.94
 7190.25 11.92 10.22 10.55 13.11 10.62 11.33 16.72 19.07 20.44 26.35 34.10 50.01
 7191.25 11.10  9.49  9.80 12.19  9.87 10.53 15.65 17.91 19.20 24.88 32.32 47.61
 7192.25 11.34  9.71 10.02 12.41 10.08 10.76 15.93 18.23 19.50 25.22 32.64 47.83
 7193.25 11.57  9.92 10.24 12.62 10.30 10.98 16.22 18.55 19.81 25.58 33.00 48.14
 7194.25 11.66 10.00 10.32 12.68 10.37 11.06 16.34 18.71 19.94 25.77 33.21 48.34
 7195.25 11.97 10.26 10.60 12.97 10.65 11.35 16.73 19.16 20.40 26.34 33.86 49.12
 7196.25 11.95 10.24 10.59 12.92 10.62 11.33 16.73 19.19 20.40 26.39 33.93 49.20
 7197.25 11.82 10.12 10.46 12.74 10.50 11.19 16.54 19.02 20.17 26.12 33.57 48.61
 7198.25 11.81 10.12 10.47 12.70 10.49 11.18 16.52 19.03 20.14 26.08 33.46 48.33
 7199.25 11.93 10.23 10.57 12.79 10.59 11.29 16.67 19.24 20.31 26.31 33.71 48.58
 7200.25 11.22  9.59  9.93 12.00  9.94 10.60 15.75 18.26 19.25 25.07 32.23 46.62
 7201.25 10.98  9.38  9.71 11.71  9.72 10.37 15.44 17.96 18.89 24.66 31.72 45.87
 7202.25 11.66  9.97 10.32 12.39 10.32 11.01 16.33 19.01 19.93 25.96 33.26 47.85
 7203.25 11.79 10.08 10.44 12.49 10.44 11.13 16.48 19.21 20.09 26.15 33.43 47.93
 7204.25 11.45  9.79 10.14 12.10 10.13 10.80 16.03 18.73 19.55 25.50 32.60 46.71
 7205.25 11.66  9.97 10.33 12.28 10.32 11.00 16.30 19.08 19.86 25.89 33.05 47.20
 7206.25 11.69 10.00 10.37 12.27 10.34 11.03 16.30 19.10 19.83 25.83 32.88 46.78
 7207.25 12.08 10.34 10.73 12.64 10.70 11.41 16.81 19.72 20.42 26.55 33.70 47.75
 7208.25 12.44 10.65 11.06 12.97 11.02 11.74 17.26 20.26 20.93 27.18 34.41 48.56
 7209.25 12.12 10.37 10.77 12.61 10.72 11.44 16.87 19.88 20.49 26.70 33.85 47.81
 7210.25 11.99 10.24 10.64 12.44 10.59 11.31 16.71 19.76 20.33 26.56 33.69 47.59
 7211.25 12.24 10.46 10.87 12.65 10.81 11.54 17.01 20.12 20.65 26.94 34.07 47.92
 7212.25 12.33 10.54 10.96 12.71 10.89 11.63 17.12 20.29 20.77 27.10 34.23 48.02
 7213.25 12.39 10.58 11.01 12.73 10.94 11.68 17.19 20.41 20.84 27.21 34.32 48.03
 7214.25 12.37 10.57 11.00 12.67 10.91 11.66 17.16 20.42 20.80 27.18 34.26 47.85
 7215.25 12.31 10.51 10.95 12.57 10.86 11.60 17.08 20.37 20.71 27.08 34.10 47.55
 7216.25 12.20 10.41 10.84 12.41 10.75 11.49 16.91 20.22 20.51 26.84 33.78 47.05
 7217.25 12.29 10.49 10.93 12.46 10.83 11.57 17.02 20.38 20.62 26.98 33.90 47.14
 7218.25 12.38 10.56 11.01 12.51 10.90 11.65 17.12 20.54 20.73 27.14 34.06 47.31
 7219.25 12.46 10.62 11.08 12.56 10.96 11.73 17.22 20.68 20.83 27.30 34.18 47.46
 7220.25 12.54 10.68 11.15 12.60 11.03 11.79 17.30 20.82 20.92 27.44 34.29 47.56
 7221.25 12.51 10.65 11.12 12.55 10.99 11.76 17.26 20.82 20.87 27.43 34.23 47.49
 7222.25 12.22 10.39 10.85 12.23 10.72 11.48 16.91 20.48 20.48 27.04 33.75 46.96
 7223.25 11.49  9.73 10.18 11.47 10.05 10.78 16.01 19.52 19.48 25.93 32.50 45.54
 7224.25 11.41  9.65 10.10 11.36  9.97 10.69 15.91 19.46 19.38 25.89 32.42 45.51
 7225.25 11.95 10.12 10.59 11.87 10.45 11.20 16.57 20.23 20.11 26.77 33.33 46.52
 7226.25 12.06 10.22 10.69 11.95 10.55 11.30 16.69 20.40 20.23 26.93 33.42 46.57
 7227.25 11.73  9.92 10.39 11.59 10.25 10.98 16.27 19.96 19.75 26.38 32.75 45.74
 7228.25 12.12 10.26 10.74 11.95 10.59 11.35 16.72 20.49 20.25 26.96 33.31 46.30
 7229.25 12.46 10.55 11.05 12.26 10.90 11.67 17.14 21.00 20.71 27.54 33.88 46.95
 7230.25 11.93 10.07 10.55 11.70 10.40 11.15 16.51 20.37 20.04 26.86 33.14 46.23
 7231.25 11.45  9.64 10.11 11.20  9.96 10.69 15.92 19.75 19.39 26.15 32.33 45.33
 7232.25 11.57  9.75 10.22 11.29 10.08 10.80 16.00 19.81 19.41 26.09 32.07 44.71
 7233.25 11.76  9.92 10.40 11.45 10.26 10.99 16.20 20.03 19.60 26.27 32.16 44.63
 7234.25 11.29  9.49  9.96 10.97  9.82 10.53 15.62 19.43 18.97 25.59 31.40 43.79
 7235.25 10.65  8.91  9.37 10.31  9.23  9.91 14.85 18.63 18.14 24.73 30.49 42.92
 7236.25 11.28  9.45  9.93 10.89  9.78 10.50 15.64 19.58 19.04 25.85 31.70 44.33
 7237.25 12.32 10.37 10.88 11.88 10.73 11.49 16.90 21.04 20.43 27.46 33.38 46.13
 7238.25 12.38 10.41 10.93 11.91 10.78 11.54 16.98 21.17 20.52 27.61 33.51 46.28
 7239.25 10.61  8.84  9.30 10.16  9.16  9.85 14.81 18.78 18.13 24.95 30.68 43.31
 7240.25  6.27  5.12  5.42  5.96  5.33  5.77  9.10 11.98 11.47 16.71 21.36 32.43
 7241.25  4.84  3.94  4.17  4.58  4.10  4.45  7.11  9.48  9.04 13.44 17.40 27.27
 7242.25  4.45  3.61  3.83  4.20  3.77  4.09  6.55  8.78  8.35 12.50 16.23 25.67
 7243.25  4.93  4.01  4.25  4.64  4.18  4.53  7.23  9.68  9.18 13.68 17.63 27.52
 7244.25  7.08  5.78  6.13  6.66  6.02  6.51 10.20 13.48 12.79 18.56 23.37 34.85
 7245.25  8.78  7.21  7.62  8.25  7.50  8.09 12.46 16.31 15.46 21.99 27.23 39.39
 7246.25  5.14  4.17  4.43  4.80  4.35  4.71  7.51 10.16  9.53 14.22 18.19 28.19
 7247.25  4.26  3.44  3.65  3.95  3.59  3.89  6.24  8.55  7.96 12.03 15.48 24.45
 7248.25  6.36  5.16  5.47  5.90  5.38  5.83  9.20 12.46 11.59 17.13 21.59 32.65
 7249.25  8.94  7.32  7.76  8.31  7.63  8.23 12.65 16.82 15.67 22.39 27.51 39.61
 7250.25 11.26  9.32  9.84 10.48  9.69 10.41 15.53 20.24 18.91 26.19 31.48 43.70
 7251.25 11.53  9.55 10.09 10.71  9.93 10.67 15.84 20.65 19.24 26.55 31.80 43.91
 7252.25 10.96  9.06  9.58 10.15  9.43 10.14 15.10 19.80 18.37 25.46 30.50 42.22
 7253.25 10.74  8.86  9.37  9.91  9.22  9.92 14.80 19.51 18.02 25.07 30.01 41.59
 7254.25  8.80  7.17  7.61  8.06  7.48  8.09 12.41 16.83 15.37 22.10 26.93 38.62
 7255.25  7.39  5.98  6.36  6.73  6.25  6.77 10.57 14.64 13.25 19.53 24.10 35.55
 7256.25  9.48  7.74  8.21  8.65  8.07  8.72 13.30 18.08 16.41 23.50 28.42 40.35
 7257.25  9.76  7.97  8.45  8.89  8.31  8.98 13.63 18.52 16.77 23.92 28.79 40.59
 7258.25 10.07  8.23  8.73  9.16  8.58  9.27 14.01 19.05 17.20 24.45 29.30 41.09
 7259.25 11.90  9.82 10.39 10.86 10.22 10.99 16.23 21.69 19.66 27.29 32.23 44.10
 7260.25 12.31 10.17 10.76 11.23 10.59 11.38 16.69 22.27 20.15 27.83 32.72 44.49
 7261.25 11.96  9.85 10.43 10.87 10.26 11.04 16.27 21.86 19.68 27.34 32.17 43.87
 7262.25 11.90  9.79 10.37 10.80 10.20 10.98 16.19 21.85 19.60 27.29 32.07 43.75
 7263.25 12.22 10.07 10.66 11.08 10.49 11.29 16.56 22.32 19.99 27.73 32.47 44.08
 7264.25 11.72  9.62 10.20 10.59 10.03 10.80 15.92 21.63 19.27 26.89 31.51 42.92
 7265.25 11.12  9.10  9.65 10.02  9.49 10.24 15.17 20.80 18.43 25.90 30.39 41.58
 7266.25 11.87  9.74 10.31 10.69 10.15 10.94 16.09 21.98 19.46 27.18 31.73 43.10
 7267.25 12.56 10.34 10.94 11.32 10.77 11.59 16.95 23.09 20.42 28.38 33.00 44.56
 7268.25 12.08  9.90 10.48 10.84 10.32 11.12 16.38 22.54 19.81 27.77 32.34 43.89
 7269.25 11.24  9.16  9.71 10.04  9.55 10.32 15.36 21.42 18.69 26.53 31.01 42.47
 7270.25 10.75  8.73  9.26  9.57  9.11  9.86 14.76 20.79 18.02 25.79 30.19 41.58
 7271.25 11.10  9.02  9.56  9.87  9.41 10.18 15.19 21.37 18.50 26.39 30.79 42.20
 7272.25 11.35  9.25  9.80 10.10  9.64 10.43 15.45 21.68 18.75 26.61 30.90 42.07
 7273.25 11.24  9.15  9.69  9.98  9.54 10.32 15.29 21.51 18.55 26.36 30.54 41.53
 7274.25 12.05  9.85 10.42 10.71 10.26 11.08 16.28 22.78 19.65 27.71 31.92 43.06
 7275.25 11.89  9.71 10.27 10.54 10.11 10.93 16.06 22.55 19.39 27.40 31.51 42.50
 7276.25  8.73  7.01  7.45  7.66  7.33  7.98 12.17 17.87 15.02 22.26 26.06 36.64
 7277.25  4.88  3.86  4.11  4.23  4.04  4.43  7.00 10.81  8.84 13.89 16.66 25.04
 7278.25  3.26  2.57  2.75  2.82  2.70  2.96  4.73  7.46  6.02  9.68 11.70 18.11
 7279.25  4.70  3.71  3.96  4.06  3.89  4.27  6.77 10.56  8.56 13.55 16.20 24.43
 7280.25 10.20  8.26  8.75  8.95  8.62  9.37 14.06 20.56 17.18 25.14 28.96 39.86
 7281.25 12.07  9.87 10.43 10.64 10.28 11.14 16.35 23.37 19.72 28.11 31.97 42.92
 7282.25 11.51  9.39  9.93 10.12  9.79 10.62 15.70 22.69 19.01 27.38 31.17 42.08
 7283.25 10.59  8.59  9.10  9.27  8.96  9.75 14.60 21.48 17.81 26.08 29.80 40.71
 7284.25 11.10  9.03  9.56  9.72  9.42 10.23 15.23 22.32 18.51 26.94 30.64 41.57
 7285.25  8.76  7.05  7.48  7.61  7.37  8.04 12.28 18.63 15.15 22.87 26.30 36.84
 7286.25  5.32  4.22  4.50  4.57  4.43  4.86  7.68 12.24  9.68 15.43 18.09 26.84
 7287.25  6.18  4.92  5.24  5.32  5.16  5.66  8.86 14.01 11.10 17.48 20.32 29.57
 7288.25  9.68  7.83  8.30  8.41  8.18  8.92 13.47 20.33 16.50 24.62 27.98 38.43
 7289.25 11.79  9.66 10.20 10.32 10.06 10.93 16.06 23.53 19.36 27.99 31.43 41.93
 7290.25 11.96  9.83 10.37 10.48 10.24 11.11 16.21 23.65 19.48 27.99 31.33 41.52
 7291.25 11.48  9.40  9.93 10.02  9.80 10.65 15.68 23.18 18.92 27.48 30.82 41.04
 7292.25 11.30  9.24  9.76  9.84  9.63 10.47 15.49 23.14 18.74 27.41 30.76 41.05
 7293.25 11.30  9.24  9.76  9.83  9.63 10.48 15.52 23.33 18.78 27.53 30.87 41.15
 7294.25 11.46  9.38  9.91  9.97  9.78 10.64 15.71 23.70 18.99 27.80 31.12 41.34
 7295.25 12.18 10.02 10.57 10.63 10.44 11.33 16.56 24.80 19.90 28.82 32.11 42.22
 7296.25 11.96  9.82 10.36 10.42 10.23 11.12 16.33 24.72 19.66 28.66 31.96 42.10
 7297.25  9.03  7.30  7.73  7.77  7.63  8.35 12.72 20.39 15.65 24.02 27.16 37.10
 7298.25  8.03  6.47  6.85  6.88  6.76  7.41 11.43 18.77 14.16 22.14 25.15 34.81
 7299.25 10.66  8.71  9.19  9.23  9.08  9.90 14.78 23.25 17.95 26.83 30.00 39.90
 7300.25 12.32 10.17 10.70 10.74 10.58 11.49 16.76 25.72 20.10 29.25 32.43 42.22
 7301.25 12.53 10.36 10.89 10.93 10.77 11.70 17.02 26.18 20.39 29.64 32.80 42.57
 7302.25 12.31 10.18 10.70 10.73 10.59 11.50 16.75 25.93 20.07 29.26 32.37 41.97
 7303.25 11.99  9.91 10.41 10.43 10.30 11.19 16.34 25.49 19.60 28.67 31.70 41.09
 7304.25 10.25  8.39  8.83  8.85  8.74  9.54 14.25 23.11 17.31 26.13 29.10 38.43
 7305.25  6.69  5.39  5.69  5.70  5.63  6.19  9.66 16.90 12.03 19.43 22.04 30.62
 7306.25  6.85  5.52  5.82  5.83  5.76  6.34  9.87 17.36 12.29 19.85 22.48 31.12
 7307.25 10.58  8.68  9.11  9.12  9.03  9.86 14.74 24.28 17.89 27.12 30.12 39.54
 7308.25 11.67  9.64 10.10 10.11 10.02 10.90 16.05 25.98 19.32 28.75 31.72 41.02
 7309.25 11.32  9.35  9.79  9.80  9.72 10.58 15.62 25.50 18.83 28.14 31.05 40.15
 7310.25 12.01  9.96 10.42 10.42 10.34 11.24 16.44 26.61 19.72 29.17 32.07 41.12
 7311.25 12.36 10.27 10.73 10.72 10.66 11.57 16.87 27.30 20.19 29.79 32.69 41.74
 7312.25 11.10  9.16  9.58  9.57  9.52 10.37 15.39 25.68 18.59 28.07 30.93 39.94
 7313.25 10.42  8.56  8.96  8.95  8.91  9.72 14.57 24.82 17.69 27.09 29.92 38.87
 7314.25 11.79  9.77 10.20 10.19 10.15 11.04 16.25 27.01 19.52 29.23 32.08 41.00
 7315.25 12.46 10.38 10.81 10.80 10.77 11.69 17.03 28.00 20.34 30.13 32.94 41.74
 7316.25 11.37  9.42  9.82  9.80  9.78 10.65 15.74 26.59 18.94 28.61 31.37 40.11
 7317.25  5.92  4.80  5.02  5.01  5.00  5.50  8.63 16.35 10.74 17.84 20.01 27.30
 7318.25  3.55  2.85  2.99  2.98  2.98  3.29  5.25 10.45  6.61 11.44 12.96 18.26
 7319.25  5.45  4.41  4.62  4.60  4.60  5.07  7.99 15.47  9.96 16.75 18.79 25.70
 7320.25 11.04  9.14  9.52  9.48  9.49 10.34 15.40 26.69 18.54 28.36 31.04 39.56
 7321.25 12.45 10.39 10.79 10.76 10.78 11.70 17.10 28.89 20.39 30.49 33.17 41.62
 7322.25 12.63 10.56 10.95 10.91 10.94 11.87 17.33 29.28 20.62 30.79 33.45 41.85
 7323.25 12.81 10.72 11.12 11.07 11.11 12.05 17.53 29.60 20.82 31.02 33.65 41.95
 7324.25 12.72 10.65 11.04 10.99 11.04 11.97 17.44 29.59 20.71 30.89 33.52 41.73
 7325.25 12.73 10.67 11.05 11.00 11.05 11.99 17.47 29.78 20.75 30.95 33.60 41.77
 7326.25 12.68 10.62 11.00 10.94 11.00 11.94 17.41 29.82 20.68 30.85 33.52 41.61
 7327.25 12.56 10.52 10.89 10.83 10.90 11.83 17.27 29.72 20.51 30.60 33.29 41.26
 7328.25 12.59 10.55 10.91 10.85 10.93 11.86 17.32 29.94 20.57 30.69 33.41 41.35
 7329.25 11.73  9.79 10.12 10.06 10.14 11.03 16.33 28.93 19.51 29.55 32.30 40.21
 7330.25  7.37  6.03  6.26  6.21  6.27  6.89 10.73 21.13 13.18 21.56 24.02 31.26
 7331.25  5.28  4.30  4.46  4.42  4.47  4.93  7.84 16.29  9.74 16.55 18.65 24.89
 7332.25  7.76  6.37  6.60  6.54  6.62  7.26 11.28 22.22 13.81 22.40 24.96 32.22
 7333.25 11.12  9.27  9.57  9.50  9.61 10.47 15.62 28.45 18.71 28.53 31.34 38.96
 7334.25 11.73  9.81 10.12 10.04 10.16 11.05 16.37 29.49 19.51 29.43 32.28 39.87
 7335.25 12.14 10.18 10.49 10.41 10.54 11.45 16.86 30.20 20.04 30.00 32.88 40.44
 7336.25 12.48 10.49 10.80 10.71 10.86 11.78 17.28 30.82 20.49 30.49 33.40 40.94
 7337.25 12.55 10.56 10.86 10.77 10.92 11.85 17.38 31.07 20.59 30.61 33.55 41.07
 7338.25 12.46 10.48 10.78 10.68 10.84 11.76 17.28 31.06 20.49 30.49 33.46 40.94
 7339.25 12.37 10.41 10.70 10.60 10.77 11.68 17.19 30.97 20.38 30.36 33.35 40.79
 7340.25 12.25 10.31 10.59 10.49 10.66 11.56 17.06 30.75 20.24 30.18 33.20 40.60
 7341.25  9.26  7.69  7.91  7.82  7.97  8.70 13.31 25.70 16.09 25.22 28.12 35.30
 7342.25  4.24  3.46  3.57  3.53  3.61  3.96  6.38 13.83  7.93 13.55 15.51 20.61
 7343.25  3.56  2.90  2.99  2.96  3.03  3.33  5.38 11.76  6.71 11.56 13.28 17.77
 7344.25  7.01  5.77  5.94  5.87  6.01  6.57 10.31 20.76 12.61 20.50 23.13 29.65
 7345.25 11.82  9.94 10.18 10.07 10.31 11.15 16.58 29.75 19.70 29.50 32.56 39.82
 7346.25 11.75  9.88 10.12 10.00 10.25 11.09 16.52 29.63 19.64 29.45 32.52 39.80
 7347.25 11.57  9.72  9.96  9.84 10.10 10.92 16.31 29.30 19.41 29.18 32.24 39.50
 7348.25 11.86  9.99 10.22 10.10 10.37 11.20 16.65 29.58 19.77 29.53 32.58 39.80
 7349.25 11.56  9.72  9.94  9.82 10.10 10.91 16.30 29.04 19.37 29.05 32.09 39.27
 7350.25 11.89 10.03 10.24 10.12 10.42 11.23 16.71 29.46 19.81 29.54 32.59 39.76
 7351.25 12.16 10.27 10.48 10.35 10.67 11.49 17.05 29.82 20.18 29.96 33.02 40.22
 7352.25 11.51  9.69  9.89  9.76 10.08 10.87 16.28 28.85 19.36 29.06 32.12 39.31
 7353.25 11.15  9.38  9.57  9.44  9.76 10.53 15.86 28.24 18.89 28.51 31.56 38.74
 7354.25 11.27  9.48  9.67  9.54  9.88 10.64 16.00 28.33 19.05 28.67 31.72 38.88
 7355.25 11.82  9.98 10.17 10.03 10.40 11.18 16.69 29.06 19.78 29.46 32.52 39.66
 7356.25 12.09 10.23 10.42 10.27 10.66 11.44 17.01 29.33 20.11 29.79 32.84 39.95
 7357.25 12.08 10.22 10.40 10.25 10.65 11.42 16.99 29.22 20.09 29.75 32.80 39.89
 7358.25 11.91 10.07 10.25 10.10 10.50 11.27 16.80 28.94 19.90 29.54 32.60 39.69
 7359.25  9.89  8.30  8.44  8.31  8.67  9.33 14.27 25.67 17.14 26.32 29.30 36.30
 7360.25  5.94  4.91  5.00  4.91  5.15  5.58  8.91 17.48 10.97 18.06 20.51 26.53
 7361.25  6.14  5.08  5.17  5.08  5.34  5.77  9.19 17.90 11.32 18.55 21.04 27.14
 7362.25 10.14  8.52  8.65  8.51  8.91  9.57 14.57 25.87 17.51 26.72 29.71 36.69
 7363.25 12.05 10.23 10.37 10.20 10.68 11.41 16.92 28.71 20.08 29.64 32.68 39.67
 7364.25 12.20 10.37 10.51 10.34 10.83 11.56 17.09 28.83 20.28 29.83 32.87 39.84
 7365.25 11.95 10.14 10.27 10.10 10.60 11.31 16.78 28.42 19.96 29.49 32.52 39.49
 7366.25 11.63  9.86  9.98  9.81 10.31 11.01 16.40 27.92 19.57 29.05 32.09 39.06
 7367.25 11.72  9.94 10.05  9.88 10.39 11.08 16.48 27.97 19.68 29.17 32.21 39.17
 7368.25 11.82 10.03 10.14  9.96 10.49 11.18 16.58 27.97 19.79 29.24 32.26 39.18
 7369.25 11.24  9.51  9.61  9.44  9.96 10.62 15.86 27.03 19.02 28.35 31.36 38.25
 7370.25  6.63  5.51  5.57  5.46  5.80  6.22  9.79 18.33 12.10 19.48 22.03 28.11
 7371.25  3.82  3.16  3.19  3.12  3.33  3.58  5.76 11.35  7.24 12.19 13.99 18.45
 7372.25  5.16  4.27  4.31  4.22  4.50  4.83  7.70 14.77  9.62 15.86 18.08 23.46
 7373.25 10.37  8.75  8.82  8.65  9.18  9.78 14.72 25.33 17.82 26.90 29.89 36.70
 7374.25 12.26 10.44 10.51 10.32 10.93 11.59 17.03 28.11 20.36 29.79 32.82 39.66
 7375.25 11.60  9.84  9.89  9.71 10.31 10.95 16.23 27.13 19.52 28.87 31.90 38.75
 7376.25 11.03  9.33  9.38  9.20  9.79 10.40 15.53 26.22 18.78 28.01 31.04 37.87
 7377.25 11.89 10.11 10.15  9.97 10.60 11.24 16.55 27.35 19.90 29.20 32.25 39.05
 7378.25 12.44 10.61 10.64 10.45 11.12 11.77 17.18 27.97 20.57 29.86 32.94 39.70
 7379.25 12.32 10.49 10.52 10.33 11.00 11.65 17.02 27.75 20.43 29.67 32.79 39.56
 7380.25 12.01 10.21 10.24 10.05 10.72 11.35 16.65 27.26 20.06 29.22 32.37 39.14
 7381.25 12.00 10.21 10.22 10.03 10.72 11.34 16.62 27.15 20.04 29.15 32.32 39.06
 7382.25 12.25 10.44 10.44 10.25 10.96 11.58 16.89 27.37 20.34 29.40 32.60 39.30
 7383.25 12.35 10.54 10.54 10.34 11.07 11.69 17.00 27.40 20.47 29.47 32.69 39.36
 7384.25 12.15 10.35 10.34 10.15 10.89 11.49 16.76 27.07 20.23 29.18 32.44 39.12
 7385.25 12.00 10.21 10.20 10.01 10.75 11.34 16.57 26.82 20.06 28.97 32.27 38.96
 7386.25 12.19 10.38 10.36 10.17 10.94 11.53 16.78 26.98 20.30 29.18 32.52 39.19
 7387.25 12.59 10.75 10.72 10.53 11.32 11.92 17.23 27.40 20.79 29.65 33.01 39.65
 7388.25 12.65 10.81 10.77 10.57 11.38 11.97 17.28 27.36 20.86 29.66 33.05 39.68
 7389.25 12.28 10.48 10.43 10.24 11.05 11.62 16.85 26.79 20.41 29.14 32.55 39.18
 7390.25 12.10 10.31 10.26 10.07 10.88 11.44 16.61 26.42 20.18 28.82 32.26 38.89
 7391.25 11.82 10.06 10.00  9.81 10.63 11.17 16.27 25.94 19.82 28.38 31.84 38.49
 7392.25 11.07  9.38  9.32  9.14  9.94 10.45 15.37 24.80 18.86 27.29 30.78 37.47
 7393.25  8.53  7.16  7.10  6.96  7.61  8.02 12.14 20.49 15.20 22.84 26.17 32.64
 7394.25  6.33  5.27  5.22  5.11  5.62  5.93  9.17 16.07 11.69 18.16 21.13 27.03
 7395.25  8.58  7.21  7.14  6.99  7.67  8.07 12.18 20.37 15.28 22.83 26.21 32.71
 7396.25 11.73  9.99  9.90  9.71 10.59 11.09 16.10 25.30 19.72 28.01 31.62 38.36
 7397.25 12.29 10.50 10.40 10.20 11.12 11.63 16.74 25.95 20.43 28.72 32.37 39.12
 7398.25 12.48 10.67 10.56 10.36 11.31 11.82 16.95 26.11 20.67 28.94 32.62 39.39
 7399.25 12.53 10.72 10.60 10.40 11.37 11.87 17.00 26.08 20.74 28.96 32.68 39.47
 7400.25 12.38 10.59 10.46 10.26 11.23 11.72 16.81 25.79 20.56 28.72 32.48 39.29
 7401.25 12.27 10.49 10.36 10.16 11.14 11.62 16.67 25.54 20.43 28.53 32.32 39.15
 7402.25 10.20  8.65  8.52  8.35  9.22  9.63 14.16 22.42 17.66 25.36 29.10 35.89
 7403.25  5.62  4.69  4.61  4.51  5.03  5.28  8.13 13.83 10.49 16.09 19.05 24.70
 7404.25  4.96  4.13  4.06  3.97  4.44  4.65  7.19 12.30  9.34 14.41 17.17 22.46
 7405.25  8.66  7.30  7.17  7.02  7.81  8.16 12.17 19.53 15.40 22.46 26.12 32.76
 7406.25 12.09 10.35 10.18  9.98 11.02 11.46 16.43 24.80 20.23 28.05 32.00 38.91
 7407.25 12.37 10.61 10.42 10.22 11.29 11.73 16.74 25.05 20.58 28.37 32.34 39.26
 7408.25 12.54 10.77 10.57 10.38 11.46 11.90 16.92 25.16 20.79 28.54 32.54 39.47
 7409.25 12.63 10.86 10.65 10.46 11.56 11.99 17.03 25.18 20.91 28.61 32.65 39.59
 7410.25 12.68 10.90 10.69 10.50 11.62 12.04 17.07 25.11 20.96 28.60 32.66 39.60
 7411.25 12.71 10.94 10.71 10.53 11.66 12.07 17.09 25.05 21.00 28.59 32.68 39.64
 7412.25 12.64 10.88 10.64 10.46 11.60 12.01 17.01 24.87 20.93 28.47 32.60 39.59
 7413.25 12.07 10.35 10.12  9.95 11.06 11.45 16.35 24.03 20.23 27.68 31.85 38.86
 7414.25 11.35  9.71  9.48  9.32 10.40 10.76 15.50 22.97 19.32 26.65 30.84 37.88
 7415.25 11.63  9.97  9.72  9.56 10.67 11.04 15.82 23.24 19.68 26.98 31.21 38.25
 7416.25 12.20 10.48 10.22 10.06 11.22 11.59 16.47 23.88 20.40 27.69 31.95 39.00
 7417.25 12.24 10.53 10.26 10.10 11.27 11.62 16.51 23.82 20.46 27.70 31.99 39.05
 7418.25 11.79 10.12  9.85  9.70 10.85 11.19 15.99 23.14 19.90 27.06 31.38 38.47
 7419.25 11.82 10.15  9.87  9.72 10.88 11.21 16.01 23.06 19.93 27.04 31.39 38.49
 7420.25 12.02 10.34 10.05  9.90 11.08 11.40 16.24 23.22 20.19 27.25 31.64 38.75
 7421.25 12.38 10.67 10.37 10.22 11.43 11.75 16.64 23.56 20.64 27.66 32.08 39.18
 7422.25 12.45 10.74 10.42 10.28 11.50 11.81 16.71 23.54 20.72 27.70 32.15 39.26
 7423.25 12.49 10.78 10.46 10.32 11.55 11.85 16.75 23.48 20.78 27.70 32.18 39.31
 7424.25 12.16 10.48 10.16 10.03 11.24 11.53 16.37 22.96 20.37 27.23 31.73 38.88
 7425.25 11.95 10.30  9.96  9.84 11.04 11.33 16.12 22.58 20.12 26.90 31.44 38.60
 7426.25 12.38 10.69 10.34 10.22 11.45 11.74 16.61 23.02 20.65 27.41 31.98 39.15
 7427.25 12.49 10.80 10.44 10.32 11.56 11.84 16.73 23.05 20.78 27.50 32.11 39.29
 7428.25 12.44 10.75 10.39 10.27 11.52 11.79 16.66 22.87 20.72 27.39 32.02 39.22
 7429.25 12.37 10.70 10.33 10.21 11.46 11.72 16.58 22.69 20.65 27.27 31.93 39.15
 7430.25 11.43  9.85  9.48  9.38 10.57 10.81 15.48 21.36 19.46 25.97 30.63 37.88
 7431.25  8.24  7.01  6.72  6.64  7.56  7.75 11.52 16.47 14.91 20.71 25.06 32.06
 7432.25  7.83  6.65  6.37  6.30  7.18  7.36 10.98 15.71 14.28 19.92 24.21 31.14
 7433.25 10.94  9.41  9.03  8.95 10.11 10.33 14.87 20.36 18.80 25.17 29.84 37.13
 7434.25 12.20 10.57 10.15 10.06 11.32 11.54 16.35 21.96 20.44 26.91 31.63 38.92
 7435.25 12.29 10.65 10.22 10.13 11.40 11.63 16.48 22.11 20.63 27.15 31.94 39.36
 7436.25 12.40 10.75 10.30 10.22 11.51 11.73 16.64 22.30 20.84 27.43 32.29 39.84
 7437.25 12.47 10.82 10.36 10.28 11.58 11.80 16.71 22.35 20.93 27.49 32.37 39.93
 7438.25 12.25 10.62 10.16 10.08 11.37 11.58 16.44 22.02 20.66 27.17 32.06 39.64
 7439.25  9.54  8.18  7.80  7.73  8.81  8.98 13.15 18.14 16.94 22.98 27.69 35.16
 7440.25  6.38  5.41  5.14  5.10  5.86  5.97  9.03 12.87 11.95 16.83 20.85 27.52
 7441.25  7.25  6.17  5.86  5.81  6.67  6.79 10.19 14.36 13.40 18.65 22.94 29.96
 7442.25 11.10  9.59  9.14  9.07 10.30 10.46 15.06 20.30 19.16 25.44 30.33 37.98
 7443.25 12.62 10.99 10.49 10.41 11.75 11.93 16.85 22.28 21.14 27.55 32.50 40.16
 7444.25 12.63 11.00 10.50 10.42 11.77 11.94 16.85 22.25 21.16 27.54 32.51 40.19
 7445.25 12.53 10.91 10.40 10.33 11.67 11.83 16.73 22.08 21.04 27.39 32.37 40.07
 7446.25 12.42 10.82 10.31 10.23 11.58 11.73 16.61 21.90 20.91 27.23 32.22 39.95
 7447.25 12.62 11.01 10.48 10.41 11.77 11.91 16.82 22.10 21.15 27.45 32.46 40.20
 7448.25 12.68 11.07 10.53 10.46 11.83 11.97 16.89 22.13 21.23 27.51 32.52 40.30
 7449.25 12.59 10.99 10.45 10.38 11.75 11.88 16.78 21.98 21.13 27.37 32.40 40.21
 7450.25 12.56 10.97 10.43 10.36 11.73 11.86 16.76 21.91 21.10 27.32 32.36 40.20
 7451.25 12.56 10.97 10.42 10.36 11.73 11.85 16.75 21.86 21.10 27.29 32.34 40.21
 7452.25 12.55 10.97 10.42 10.36 11.73 11.84 16.74 21.81 21.10 27.26 32.33 40.23
 7453.25 12.44 10.88 10.32 10.26 11.63 11.73 16.62 21.63 20.97 27.10 32.19 40.11
 7454.25 12.41 10.85 10.29 10.23 11.61 11.70 16.58 21.55 20.94 27.04 32.15 40.09
 7455.25 12.52 10.96 10.38 10.33 11.71 11.81 16.70 21.64 21.07 27.15 32.29 40.24
 7456.25 12.56 11.00 10.42 10.36 11.76 11.84 16.75 21.64 21.12 27.18 32.34 40.31
 7457.25 12.57 11.01 10.42 10.37 11.77 11.85 16.76 21.61 21.14 27.16 32.35 40.34
 7458.25 12.56 11.01 10.41 10.36 11.76 11.83 16.74 21.55 21.13 27.12 32.34 40.35
 7459.25 12.33 10.80 10.21 10.16 11.55 11.61 16.48 21.23 20.85 26.81 32.05 40.09
 7460.25 11.88 10.38  9.80  9.75 11.11 11.17 15.96 20.61 20.29 26.19 31.45 39.51
 7461.25 12.18 10.67 10.07 10.02 11.41 11.45 16.30 20.95 20.67 26.57 31.85 39.93
 7462.25 12.29 10.77 10.17 10.12 11.52 11.56 16.43 21.04 20.81 26.69 32.00 40.09
 7463.25 11.37  9.93  9.35  9.31 10.64 10.67 15.36 19.82 19.64 25.41 30.73 38.85
 7464.25 10.34  8.99  8.44  8.41  9.65  9.67 14.11 18.36 18.23 23.84 29.12 37.23
 7465.25 10.75  9.36  8.80  8.76 10.04 10.05 14.60 18.88 18.80 24.44 29.77 37.92
 7466.25 11.29  9.86  9.27  9.24 10.57 10.57 15.25 19.58 19.54 25.22 30.61 38.79
 7467.25 10.76  9.38  8.81  8.78 10.06 10.06 14.62 18.82 18.83 24.42 29.80 37.98
 7468.25  9.28  8.04  7.53  7.51  8.65  8.64 12.78 16.65 16.70 21.99 27.23 35.31
 7469.25  9.60  8.34  7.81  7.78  8.96  8.94 13.19 17.08 17.18 22.51 27.81 35.95
 7470.25 11.53 10.09  9.48  9.45 10.81 10.78 15.53 19.71 19.87 25.47 30.96 39.21
 7471.25 11.79 10.33  9.70  9.67 11.06 11.02 15.83 20.00 20.20 25.80 31.33 39.59
 7472.25  9.94  8.65  8.09  8.07  9.29  9.25 13.60 17.43 17.67 22.98 28.39 36.61
 7473.25  8.24  7.13  6.65  6.64  7.69  7.64 11.46 14.87 15.13 20.02 25.17 33.15
 7474.25  8.90  7.72  7.21  7.19  8.31  8.26 12.30 15.84 16.15 21.20 26.51 34.63
 7475.25  7.84  6.78  6.32  6.31  7.31  7.26 10.93 14.16 14.49 19.19 24.28 32.16
 7476.25  7.99  6.92  6.44  6.43  7.45  7.39 11.12 14.35 14.73 19.44 24.59 32.52
 7477.25 11.11  9.73  9.10  9.09 10.43 10.34 15.02 18.83 19.32 24.66 30.30 38.65
 7478.25 12.03 10.57  9.91  9.89 11.31 11.21 16.10 19.99 20.54 25.95 31.66 40.03
 7479.25 11.90 10.46  9.79  9.78 11.19 11.09 15.95 19.79 20.39 25.75 31.48 39.87
 7480.25  9.93  8.66  8.07  8.06  9.30  9.20 13.56 17.07 17.68 22.75 28.34 36.67
 7481.25  7.50  6.50  6.03  6.02  7.00  6.92 10.48 13.41 13.97 18.41 23.53 31.41
 7482.25  7.74  6.71  6.23  6.22  7.23  7.13 10.78 13.76 14.36 18.85 24.05 32.02
 7483.25 10.26  8.97  8.36  8.34  9.62  9.50 13.97 17.45 18.17 23.23 28.92 37.33
 7484.25  9.95  8.69  8.09  8.08  9.33  9.20 13.58 16.98 17.71 22.69 28.34 36.72
 7485.25  6.91  5.98  5.54  5.53  6.46  6.36  9.69 12.39 13.01 17.16 22.12 29.83
 7486.25  7.87  6.83  6.33  6.33  7.36  7.24 10.94 13.87 14.57 19.01 24.27 32.31
 7487.25 11.34  9.96  9.29  9.28 10.67 10.51 15.27 18.83 19.68 24.81 30.63 39.14
 7488.25 11.95 10.53  9.82  9.81 11.26 11.08 15.99 19.60 20.50 25.67 31.54 40.07
 7489.25 11.83 10.42  9.71  9.70 11.15 10.96 15.85 19.43 20.35 25.49 31.37 39.92
 7490.25 11.71 10.31  9.61  9.59 11.03 10.84 15.70 19.25 20.20 25.31 31.20 39.77
 7491.25 12.13 10.70  9.98  9.97 11.44 11.23 16.19 19.76 20.74 25.86 31.78 40.35
 7492.25 12.42 10.97 10.23 10.22 11.72 11.50 16.52 20.09 21.11 26.23 32.16 40.74
 7493.25 12.42 10.98 10.23 10.22 11.73 11.50 16.51 20.07 21.12 26.21 32.16 40.76
 7494.25 11.74 10.35  9.63  9.62 11.07 10.84 15.71 19.19 20.25 25.28 31.22 39.85
 7495.25  9.58  8.37  7.75  7.74  8.99  8.79 13.08 16.26 17.26 21.99 27.76 36.32
 7496.25  9.69  8.48  7.85  7.84  9.11  8.90 13.22 16.40 17.44 22.17 27.97 36.56
 7497.25 11.89 10.49  9.75  9.74 11.22 10.97 15.84 19.32 20.46 25.45 31.43 40.12
 7498.25 12.44 11.00 10.24 10.23 11.75 11.48 16.46 19.98 21.17 26.17 32.19 40.87
 7499.25 12.42 10.99 10.22 10.21 11.73 11.46 16.43 19.94 21.14 26.13 32.16 40.86
 7500.25 12.37 10.95 10.17 10.16 11.70 11.41 16.36 19.86 21.09 26.05 32.10 40.82
 7501.25 12.04 10.64  9.87  9.86 11.38 11.08 15.96 19.42 20.68 25.60 31.65 40.40
 7502.25 11.96 10.57  9.80  9.79 11.33 11.00 15.86 19.30 20.58 25.48 31.55 40.31
 7503.25 12.20 10.79 10.01 10.00 11.57 11.23 16.12 19.58 20.89 25.78 31.87 40.64
 7504.25 12.10 10.70  9.92  9.91 11.49 11.13 15.99 19.43 20.77 25.64 31.73 40.50
 7505.25 12.14 10.75  9.96  9.95 11.55 11.17 16.03 19.46 20.83 25.68 31.79 40.52
 7506.25 12.33 10.92 10.12 10.11 11.74 11.34 16.22 19.66 21.06 25.90 32.03 40.72
 7507.25 12.45 11.04 10.23 10.22 11.88 11.46 16.36 19.80 21.23 26.05 32.19 40.85
 7508.25 12.53 11.11 10.29 10.29 11.97 11.53 16.42 19.86 21.32 26.13 32.28 40.90
 7509.25 12.46 11.05 10.23 10.23 11.92 11.46 16.34 19.76 21.25 26.03 32.21 40.79
 7510.25 12.33 10.94 10.11 10.11 11.81 11.34 16.18 19.58 21.09 25.85 32.05 40.60
 7511.25 12.30 10.91 10.08 10.08 11.80 11.30 16.13 19.52 21.06 25.80 32.01 40.53
 7512.25 12.45 11.05 10.20 10.21 11.95 11.44 16.28 19.67 21.24 25.97 32.20 40.68
 7513.25 12.57 11.16 10.31 10.31 12.09 11.55 16.40 19.80 21.40 26.11 32.36 40.80
 7514.25 12.50 11.10 10.24 10.25 12.04 11.48 16.31 19.70 21.32 26.02 32.29 40.69
 7515.25 12.45 11.06 10.20 10.21 12.01 11.44 16.25 19.62 21.27 25.94 32.23 40.61
 7516.25 12.40 11.02 10.15 10.16 11.98 11.39 16.18 19.54 21.22 25.87 32.18 40.52
 7517.25 12.30 10.93 10.06 10.07 11.89 11.29 16.05 19.39 21.10 25.73 32.05 40.36
 7518.25 11.38 10.09  9.26  9.27 11.02 10.42 14.99 18.23 19.93 24.47 30.78 39.07
 7519.25  9.86  8.69  7.94  7.96  9.55  8.99 13.16 16.19 17.83 22.18 28.37 36.56
 7520.25 10.65  9.42  8.62  8.64 10.34  9.74 14.11 17.24 18.96 23.39 29.69 37.89
 7521.25 12.08 10.75  9.86  9.88 11.76 11.09 15.77 19.06 20.88 25.42 31.82 39.99
 7522.25 12.17 10.84  9.94  9.97 11.87 11.18 15.87 19.16 21.01 25.54 31.96 40.10
 7523.25 11.55 10.27  9.40  9.42 11.28 10.59 15.15 18.37 20.21 24.68 31.10 39.21
 7524.25  9.02  7.97  7.24  7.26  8.81  8.22 12.08 14.91 16.59 20.68 26.78 34.65
 7525.25  5.53  4.84  4.37  4.39  5.40  5.00  7.57  9.54 10.76 13.78 18.56 25.08
 7526.25  4.42  3.87  3.48  3.49  4.32  4.00  6.08  7.70  8.74 11.26 15.36 21.04
 7527.25  6.87  6.05  5.46  5.48  6.74  6.24  9.32 11.63 13.13 16.57 22.01 29.14
 7528.25 11.17  9.97  9.07  9.10 11.00 10.24 14.65 17.78 19.78 24.08 30.57 38.49
 7529.25 11.91 10.66  9.71  9.74 11.75 10.94 15.52 18.74 20.81 25.15 31.72 39.62
 7530.25 11.38 10.17  9.24  9.27 11.24 10.43 14.89 18.06 20.14 24.41 30.98 38.85
 7531.25 10.68  9.54  8.64  8.67 10.57  9.78 14.06 17.14 19.20 23.37 29.89 37.71
 7532.25  7.86  6.97  6.27  6.29  7.79  7.15 10.58 13.15 14.94 18.57 24.54 31.93
 7533.25  7.69  6.82  6.12  6.15  7.63  6.99 10.35 12.89 14.67 18.23 24.17 31.48
 7534.25 10.78  9.66  8.73  8.76 10.72  9.87 14.14 17.25 19.39 23.48 30.06 37.78
 7535.25 12.28 11.06 10.03 10.07 12.24 11.29 15.89 19.18 21.44 25.62 32.33 40.02
 7536.25 12.41 11.19 10.15 10.18 12.39 11.42 16.03 19.33 21.62 25.79 32.52 40.17
 7537.25 12.36 11.16 10.10 10.14 12.36 11.37 15.97 19.27 21.59 25.73 32.47 40.10
 7538.25 12.25 11.06 10.00 10.04 12.26 11.26 15.83 19.13 21.47 25.58 32.34 39.94
 7539.25 12.13 10.95  9.89  9.94 12.16 11.15 15.69 18.98 21.34 25.42 32.20 39.77
 7540.25 12.19 11.02  9.94  9.99 12.25 11.21 15.75 19.05 21.44 25.50 32.30 39.83
 7541.25 11.47 10.36  9.32  9.36 11.55 10.53 14.91 18.14 20.53 24.51 31.30 38.80
 7542.25 10.10  9.09  8.14  8.18 10.20  9.24 13.29 16.35 18.65 22.47 29.15 36.59
 7543.25 10.76  9.71  8.71  8.75 10.89  9.86 14.07 17.22 19.61 23.48 30.26 37.69
 7544.25 12.01 10.89  9.79  9.84 12.18 11.05 15.52 18.82 21.32 25.26 32.14 39.54
 7545.25 12.36 11.23 10.10 10.15 12.56 11.38 15.92 19.25 21.80 25.73 32.63 40.00
 7546.25 12.52 11.39 10.25 10.29 12.75 11.54 16.09 19.45 22.03 25.94 32.86 40.19
 7547.25 12.51 11.38 10.23 10.27 12.76 11.52 16.06 19.42 22.03 25.91 32.86 40.15
 7548.25 12.27 11.17 10.03 10.06 12.55 11.30 15.79 19.13 21.76 25.61 32.57 39.84
 7549.25 12.29 11.20 10.04 10.08 12.60 11.33 15.81 19.15 21.81 25.63 32.62 39.85
 7550.25 12.53 11.44 10.26 10.30 12.87 11.56 16.07 19.44 22.14 25.95 32.95 40.15
 7551.25 12.52 11.43 10.25 10.28 12.88 11.55 16.05 19.43 22.15 25.93 32.96 40.13
 7552.25 12.48 11.40 10.21 10.24 12.86 11.51 15.99 19.37 22.12 25.88 32.93 40.06
 7553.25 12.51 11.44 10.24 10.27 12.92 11.54 16.02 19.41 22.19 25.92 32.99 40.09
 7554.25 12.17 11.12  9.94  9.97 12.60 11.22 15.63 18.99 21.78 25.47 32.56 39.64
 7555.25 11.90 10.87  9.69  9.72 12.35 10.96 15.31 18.64 21.45 25.10 32.20 39.25
 7556.25 12.34 11.29 10.08 10.11 12.82 11.38 15.80 19.18 22.04 25.69 32.82 39.84
 7557.25 12.64 11.58 10.35 10.38 13.16 11.67 16.13 19.55 22.45 26.08 33.24 40.22
 7558.25 11.12 10.15  9.03  9.05 11.63 10.23 14.38 17.62 20.45 23.96 31.06 38.00
 7559.25  8.42  7.63  6.73  6.75  8.85  7.70 11.10 13.89 16.40 19.54 26.17 32.83
 7560.25  9.00  8.16  7.22  7.24  9.47  8.24 11.81 14.72 17.34 20.55 27.35 34.07
 7561.25 11.66 10.64  9.49  9.51 12.25 10.74 14.98 18.31 21.26 24.74 31.95 38.80
 7562.25 12.46 11.40 10.20 10.22 13.11 11.51 15.89 19.31 22.35 25.84 33.11 39.93
 7563.25 12.43 11.37 10.17 10.19 13.10 11.48 15.84 19.27 22.33 25.80 33.10 39.89
 7564.25 12.51 11.45 10.24 10.26 13.21 11.56 15.93 19.36 22.46 25.90 33.25 39.99
 7565.25 12.59 11.52 10.31 10.33 13.32 11.64 16.01 19.46 22.59 26.00 33.40 40.09
 7566.25 12.69 11.61 10.40 10.42 13.44 11.74 16.11 19.57 22.73 26.12 33.56 40.20
 7567.25 12.79 11.71 10.49 10.51 13.58 11.84 16.21 19.68 22.88 26.25 33.74 40.32
 7568.25 12.23 11.18 10.00 10.01 13.03 11.31 15.58 19.00 22.19 25.51 33.04 39.59
 7569.25 10.87  9.89  8.81  8.82 11.63 10.01 13.99 17.26 20.37 23.58 31.06 37.56
 7570.25 10.95  9.97  8.88  8.89 11.74 10.09 14.08 17.36 20.50 23.69 31.23 37.69
 7571.25 12.04 10.99  9.83  9.84 12.90 11.13 15.33 18.75 22.02 25.25 32.90 39.32
 7572.25 10.05  9.13  8.12  8.13 10.84  9.25 12.98 16.10 19.16 22.19 29.63 35.91
 7573.25  5.99  5.39  4.75  4.76  6.52  5.47  7.93 10.11 12.35 14.62 20.59 25.90
 7574.25  5.60  5.04  4.44  4.44  6.11  5.12  7.42  9.48 11.63 13.77 19.55 24.64
 7575.25  8.49  7.68  6.81  6.81  9.25  7.80 11.07 13.91 16.81 19.56 26.78 32.76
 7576.25 10.20  9.26  8.23  8.24 11.09  9.39 13.14 16.33 19.57 22.51 30.23 36.38
 7577.25 11.40 10.38  9.27  9.28 12.39 10.54 14.55 17.92 21.35 24.33 32.23 38.37
 7578.25 12.52 11.44 10.26 10.27 13.59 11.60 15.82 19.33 22.89 25.88 33.88 39.97
 7579.25 12.68 11.59 10.40 10.41 13.78 11.76 15.99 19.52 23.15 26.08 34.14 40.18
 7580.25 12.71 11.62 10.43 10.43 13.84 11.79 16.02 19.56 23.23 26.12 34.22 40.21
 7581.25 12.74 11.64 10.45 10.46 13.89 11.82 16.04 19.60 23.31 26.15 34.30 40.25
 7582.25 12.68 11.58 10.40 10.40 13.85 11.76 15.96 19.52 23.28 26.07 34.27 40.17
 7583.25 12.73 11.63 10.44 10.44 13.93 11.81 16.01 19.58 23.39 26.13 34.37 40.22
 7584.25 12.79 11.69 10.50 10.50 14.02 11.87 16.08 19.66 23.52 26.21 34.50 40.30
 7585.25 12.78 11.67 10.49 10.49 14.03 11.86 16.06 19.65 23.55 26.19 34.52 40.28
 7586.25 12.20 11.12  9.97  9.97 13.44 11.30 15.40 18.93 22.84 25.41 33.77 39.49
 7587.25  9.40  8.51  7.57  7.57 10.47  8.66 12.12 15.21 18.78 21.12 29.12 34.68
 7588.25  7.72  6.95  6.17  6.16  8.65  7.09 10.06 12.77 16.02 18.10 25.60 30.87
 7589.25  9.85  8.92  7.96  7.95 11.00  9.08 12.66 15.84 19.57 21.87 30.04 35.55
 7590.25 12.39 11.29 10.15 10.14 13.74 11.49 15.61 19.17 23.28 25.68 34.20 39.72
 7591.25 12.69 11.57 10.42 10.41 14.09 11.77 15.95 19.54 23.71 26.07 34.64 40.10
 7592.25 12.40 11.29 10.16 10.15 13.79 11.49 15.61 19.15 23.32 25.62 34.14 39.52
 7593.25 11.62 10.57  9.51  9.50 12.96 10.76 14.65 18.01 22.00 24.15 32.30 37.39
 7594.25 10.07  9.14  8.21  8.20 11.27  9.31 12.76 15.77 19.41 21.31 28.76 33.37
 7595.25  8.91  8.08  7.25  7.24 10.02  8.23 11.34 14.07 17.42 19.13 26.01 30.23
 7596.25  8.70  7.89  7.08  7.08  9.79  8.04 11.05 13.70 16.98 18.59 25.25 29.27
 7597.25  9.16  8.31  7.48  7.47 10.30  8.47 11.57 14.28 17.65 19.25 26.00 29.99
 7598.25  8.64  7.83  7.05  7.04  9.75  7.99 10.96 13.56 16.84 18.36 24.93 28.79
 7599.25  5.94  5.34  4.77  4.76  6.79  5.45  7.69  9.74 12.45 13.69 19.45 22.91
 7600.25  3.68  3.29  2.93  2.92  4.25  3.37  4.84  6.24  8.18  9.06 13.44 16.17
 7601.25  4.25  3.80  3.38  3.38  4.90  3.89  5.56  7.13  9.31 10.26 15.04 17.93
 7602.25  6.54  5.89  5.28  5.28  7.47  6.02  8.37 10.49 13.32 14.48 20.18 23.39
 7603.25  7.86  7.11  6.42  6.41  8.94  7.26  9.93 12.27 15.36 16.58 22.55 25.82
 7604.25  7.84  7.10  6.41  6.40  8.93  7.25  9.90 12.21 15.29 16.45 22.35 25.52
 7605.25  7.99  7.23  6.54  6.53  9.12  7.39 10.09 12.45 15.62 16.78 22.82 26.02
 7606.25  8.03  7.26  6.57  6.55  9.17  7.42 10.12 12.49 15.70 16.83 22.91 26.08
 7607.25  8.05  7.27  6.58  6.57  9.21  7.43 10.16 12.56 15.83 16.94 23.13 26.31
 7608.25  8.45  7.64  6.91  6.90  9.68  7.81 10.64 13.13 16.55 17.68 24.10 27.35
 7609.25  8.38  7.58  6.86  6.85  9.62  7.75 10.57 13.05 16.48 17.57 23.98 27.19
 7610.25  8.44  7.62  6.90  6.88  9.72  7.79 10.66 13.19 16.73 17.81 24.42 27.68
 7611.25  9.05  8.17  7.41  7.39 10.43  8.36 11.41 14.09 17.87 18.99 25.99 29.39
 7612.25  8.69  7.84  7.10  7.09 10.04  8.02 10.98 13.59 17.30 18.36 25.24 28.53
 7613.25  9.25  8.34  7.56  7.55 10.71  8.54 11.67 14.44 18.42 19.50 26.80 30.24
 7614.25 10.46  9.45  8.59  8.57 12.08  9.67 13.12 16.14 20.47 21.60 29.44 33.06
 7615.25  9.95  8.97  8.15  8.13 11.52  9.19 12.51 15.44 19.69 20.76 28.46 31.97
 7616.25 10.75  9.69  8.81  8.80 12.46  9.93 13.49 16.63 21.21 22.31 30.56 34.25
 7617.25 12.92 11.69 10.67 10.65 14.91 11.97 16.06 19.61 24.77 25.96 35.07 39.06
 7618.25 12.96 11.71 10.68 10.66 15.01 11.99 16.16 19.80 25.15 26.33 35.78 39.87
 7619.25  9.67  8.65  7.82  7.81 11.40  8.88 12.36 15.52 20.39 21.45 30.50 34.46
 7620.25  7.10  6.31  5.68  5.67  8.44  6.49  9.19 11.72 15.77 16.63 24.49 27.98
 7621.25  8.07  7.20  6.51  6.50  9.54  7.40 10.36 13.07 17.37 18.22 26.25 29.69
 7622.25  9.92  8.90  8.08  8.07 11.61  9.13 12.56 15.62 20.38 21.26 29.78 33.32
 7623.25  8.37  7.49  6.78  6.78  9.82  7.69 10.66 13.35 17.59 18.35 26.06 29.24
 7624.25  7.22  6.44  5.81  5.81  8.49  6.61  9.25 11.68 15.62 16.28 23.55 26.55
 7625.25  9.38  8.40  7.62  7.62 10.93  8.62 11.88 14.81 19.48 20.20 28.52 31.84
 7626.25 10.47  9.42  8.57  8.57 12.11  9.65 13.13 16.20 21.08 21.76 30.19 33.50
 7627.25  8.22  7.36  6.68  6.68  9.56  7.56 10.42 13.00 17.23 17.76 25.17 28.07
 7628.25  8.15  7.29  6.60  6.61  9.47  7.48 10.35 12.95 17.29 17.74 25.30 28.21
 7629.25  8.94  7.99  7.23  7.24 10.39  8.20 11.38 14.27 19.20 19.64 28.19 31.46
 7630.25  5.99  5.31  4.78  4.78  7.03  5.46  7.77  9.96 13.91 14.22 21.51 24.40
 7631.25  4.48  3.96  3.56  3.56  5.26  4.07  5.84  7.53 10.67 10.87 16.77 19.12
 7632.25  7.01  6.24  5.64  5.65  8.14  6.42  8.99 11.36 15.63 15.82 23.21 25.97
 7633.25 11.36 10.23  9.33  9.34 12.97 10.49 14.19 17.43 23.06 23.22 32.30 35.52
 7634.25 11.20 10.08  9.19  9.21 12.77 10.33 13.99 17.19 22.82 22.92 31.93 35.10
 7635.25  8.17  7.30  6.62  6.63  9.39  7.50 10.38 12.97 17.71 17.74 25.51 28.25
 7636.25  8.17  7.30  6.62  6.64  9.37  7.50 10.37 12.96 17.77 17.72 25.52 28.23
 7637.25 11.74 10.59  9.68  9.70 13.30 10.85 14.61 17.87 23.80 23.67 32.88 35.98
 7638.25 12.85 11.62 10.64 10.67 14.50 11.90 15.91 19.35 25.62 25.42 35.04 38.24
 7639.25  9.66  8.67  7.88  7.91 11.00  8.89 12.19 15.09 20.60 20.36 28.97 31.83
 7640.25  7.98  7.13  6.46  6.49  9.12  7.32 10.17 12.72 17.71 17.42 25.31 27.92
 7641.25 10.29  9.25  8.42  8.45 11.67  9.48 12.96 16.00 21.91 21.50 30.53 33.43
 7642.25 12.94 11.69 10.70 10.74 14.55 11.98 16.08 19.60 26.37 25.84 35.92 39.10
 7643.25 11.47 10.32  9.41  9.45 12.95 10.59 14.40 17.71 24.23 23.66 33.44 36.51
 7644.25  8.68  7.76  7.04  7.08  9.86  7.97 11.06 13.81 19.43 18.87 27.48 30.17
 7645.25  8.93  7.99  7.26  7.30 10.11  8.21 11.36 14.14 19.90 19.26 27.94 30.62
 7646.25 11.82 10.65  9.72  9.77 13.27 10.92 14.82 18.18 25.02 24.19 34.19 37.19
 7647.25 13.08 11.82 10.80 10.86 14.64 12.11 16.32 19.92 27.25 26.31 36.90 40.03
 7648.25 11.34 10.20  9.30  9.35 12.74 10.47 14.29 17.61 24.52 23.58 33.64 36.59
 7649.25  9.32  8.35  7.59  7.64 10.50  8.58 11.86 14.75 20.96 20.04 29.16 31.82
 7650.25  9.98  8.96  8.14  8.20 11.20  9.19 12.66 15.68 22.22 21.18 30.65 33.36
 7651.25 12.43 11.21 10.23 10.30 13.86 11.49 15.58 19.08 26.58 25.34 35.93 38.90
 7652.25 13.23 11.95 10.92 11.00 14.71 12.25 16.54 20.19 28.05 26.70 37.71 40.75
 7653.25 11.62 10.46  9.52  9.60 12.97 10.73 14.68 18.08 25.58 24.22 34.80 37.70
 7654.25  8.93  7.99  7.23  7.30 10.03  8.21 11.47 14.36 21.00 19.73 29.34 31.99
 7655.25  7.89  7.03  6.34  6.41  8.88  7.23 10.23 12.93 19.37 18.06 27.54 30.16
 7656.25 10.39  9.30  8.44  8.52 11.60  9.56 13.29 16.56 24.20 22.60 33.41 36.29
 7657.25 13.02 11.74 10.71 10.82 14.41 12.04 16.36 20.03 28.37 26.60 38.00 40.94
 7658.25 12.49 11.26 10.27 10.37 13.83 11.55 15.74 19.31 27.52 25.72 36.92 39.78
 7659.25 11.08  9.97  9.06  9.16 12.28 10.23 14.05 17.33 25.05 23.29 33.84 36.50
 7660.25 11.05  9.94  9.04  9.15 12.22 10.20 14.00 17.26 24.97 23.15 33.61 36.21
 7661.25 12.68 11.45 10.44 10.56 13.94 11.74 15.94 19.48 27.85 25.82 37.00 39.73
 7662.25 13.33 12.04 10.99 11.12 14.62 12.35 16.74 20.44 29.25 27.06 38.75 41.56
 7663.25 10.60  9.50  8.60  8.71 11.70  9.76 13.61 16.98 25.39 23.21 34.73 37.52
 7664.25  7.48  6.66  5.99  6.07  8.30  6.85  9.80 12.48 19.58 17.65 27.85 30.37
 7665.25  7.83  6.97  6.28  6.37  8.65  7.17 10.21 12.94 20.15 18.15 28.31 30.76
 7666.25 11.16 10.04  9.11  9.24 12.20 10.30 14.23 17.59 26.08 23.72 34.98 37.55
 7667.25 13.35 12.07 11.01 11.16 14.48 12.37 16.78 20.47 29.64 27.07 38.94 41.59
 7668.25 13.52 12.22 11.15 11.30 14.64 12.53 17.00 20.74 30.12 27.43 39.52 42.18
 7669.25 13.03 11.76 10.71 10.87 14.09 12.06 16.44 20.13 29.48 26.74 38.79 41.41
 7670.25 12.40 11.18 10.17 10.33 13.39 11.47 15.69 19.24 28.37 25.64 37.38 39.90
 7671.25 12.16 10.97  9.97 10.14 13.10 11.25 15.39 18.88 27.94 25.17 36.77 39.22
 7672.25 12.87 11.62 10.59 10.76 13.82 11.92 16.24 19.86 29.26 26.34 38.27 40.76
 7673.25 13.50 12.20 11.12 11.31 14.45 12.51 16.99 20.73 30.48 27.40 39.66 42.22
 7674.25 13.12 11.84 10.77 10.97 14.03 12.15 16.59 20.31 30.17 26.99 39.32 41.92
 7675.25 12.75 11.49 10.45 10.64 13.61 11.80 16.17 19.84 29.71 26.45 38.70 41.32
 7676.25 12.61 11.37 10.33 10.53 13.42 11.67 15.97 19.58 29.40 26.06 38.05 40.64
 7677.25 12.58 11.34 10.31 10.52 13.35 11.65 15.93 19.50 29.39 25.93 37.78 40.35
 7678.25 13.12 11.85 10.78 11.00 13.89 12.16 16.58 20.24 30.49 26.80 38.86 41.47
 7679.25 13.58 12.27 11.17 11.40 14.33 12.60 17.13 20.87 31.47 27.56 39.81 42.46
 7680.25 13.46 12.15 11.06 11.29 14.17 12.48 17.00 20.74 31.53 27.45 39.74 42.40
 7681.25 13.25 11.95 10.87 11.11 13.92 12.28 16.77 20.49 31.38 27.16 39.41 42.07
 7682.25 12.65 11.40 10.35 10.58 13.27 11.72 16.08 19.72 30.59 26.27 38.37 41.00
 7683.25 11.54 10.36  9.38  9.61 12.10 10.67 14.81 18.29 29.06 24.67 36.59 39.20
 7684.25 11.52 10.34  9.36  9.59 12.05 10.65 14.80 18.30 29.30 24.72 36.73 39.37
 7685.25 12.29 11.05 10.02 10.27 12.81 11.38 15.71 19.34 30.74 25.91 38.11 40.78
 7686.25 12.10 10.88  9.85 10.10 12.59 11.20 15.51 19.11 30.67 25.68 37.90 40.57
 7687.25 11.55 10.36  9.37  9.61 11.98 10.67 14.87 18.40 29.99 24.88 37.04 39.71
 7688.25 10.85  9.71  8.77  9.01 11.24 10.01 14.05 17.47 28.98 23.80 35.80 38.46
 7689.25 10.49  9.38  8.47  8.70 10.84  9.68 13.61 16.96 28.44 23.18 35.03 37.66
 7690.25 10.90  9.77  8.83  9.07 11.23 10.07 14.11 17.53 29.29 23.83 35.75 38.38
 7691.25 11.67 10.48  9.48  9.74 11.98 10.80 15.03 18.57 30.75 25.04 37.13 39.79
 7692.25 11.81 10.61  9.60  9.87 12.10 10.93 15.20 18.77 31.17 25.29 37.41 40.09
 7693.25 10.98  9.84  8.88  9.14 11.22 10.15 14.23 17.68 30.02 24.06 36.07 38.74
 7694.25 10.54  9.43  8.50  8.75 10.74  9.73 13.71 17.08 29.42 23.37 35.28 37.95
 7695.25 11.40 10.23  9.25  9.52 11.59 10.55 14.74 18.23 30.95 24.68 36.68 39.34
 7696.25 12.07 10.85  9.83 10.12 12.23 11.19 15.51 19.09 32.07 25.62 37.63 40.28
 7697.25 12.21 10.99  9.96 10.25 12.34 11.33 15.69 19.29 32.47 25.85 37.88 40.54
 7698.25 12.22 11.00  9.97 10.27 12.32 11.34 15.72 19.33 32.71 25.92 37.99 40.66
 7699.25 12.12 10.91  9.88 10.18 12.19 11.25 15.62 19.21 32.74 25.80 37.87 40.54
 7700.25 11.19 10.04  9.07  9.36 11.23 10.37 14.53 18.01 31.45 24.45 36.41 39.08
 7701.25  9.71  8.68  7.82  8.08  9.73  8.98 12.77 15.98 29.00 22.08 33.71 36.36
 7702.25  9.98  8.93  8.04  8.31  9.98  9.23 13.09 16.36 29.62 22.52 34.19 36.84
 7703.25 11.70 10.52  9.52  9.83 11.69 10.86 15.15 18.69 32.67 25.21 37.15 39.82
 7704.25 12.57 11.33 10.28 10.61 12.53 11.69 16.16 19.80 34.12 26.45 38.45 41.12
 7705.25 12.66 11.43 10.36 10.70 12.61 11.79 16.28 19.94 34.44 26.61 38.62 41.30
 7706.25 12.73 11.49 10.43 10.77 12.66 11.86 16.38 20.04 34.70 26.72 38.73 41.40
 7707.25 13.00 11.75 10.66 11.02 12.91 12.12 16.69 20.37 35.22 27.09 39.09 41.76
 7708.25 13.22 11.96 10.87 11.23 13.11 12.34 16.95 20.66 35.67 27.39 39.38 42.04
 7709.25 13.27 12.01 10.91 11.28 13.14 12.38 17.00 20.71 35.86 27.45 39.41 42.08
 7710.25 13.17 11.92 10.82 11.20 13.02 12.30 16.90 20.60 35.87 27.33 39.27 41.93
 7711.25 12.96 11.72 10.64 11.01 12.79 12.10 16.68 20.35 35.77 27.07 39.01 41.68
 7712.25 11.62 10.47  9.46  9.82 11.44 10.82 15.13 18.66 33.97 25.21 37.06 39.74
 7713.25  7.02  6.26  5.61  5.84  6.90  6.49  9.44 11.98 24.45 17.03 27.02 29.42
 7714.25  4.25  3.77  3.37  3.51  4.16  3.92  5.80  7.46 16.31 10.89 18.13 19.96
 7715.25  4.62  4.10  3.66  3.82  4.52  4.26  6.29  8.09 17.64 11.77 19.47 21.40
 7716.25  6.70  5.98  5.35  5.58  6.55  6.20  9.06 11.53 24.16 16.47 26.32 28.70
 7717.25  5.94  5.29  4.73  4.94  5.78  5.49  8.05 10.29 22.05 14.81 23.95 26.20
 7718.25  4.55  4.05  3.62  3.78  4.43  4.21  6.22  7.99 17.74 11.64 19.24 21.16
 7719.25  4.16  3.70  3.30  3.45  4.04  3.84  5.69  7.33 16.49 10.71 17.80 19.59
 7720.25  5.38  4.79  4.29  4.48  5.21  4.98  7.33  9.39 20.67 13.57 22.11 24.23
 7721.25  8.62  7.73  6.95  7.25  8.36  8.01 11.53 14.51 29.55 20.28 31.18 33.76
 7722.25 11.76 10.63  9.62 10.01 11.41 10.98 15.38 18.96 35.75 25.56 37.32 40.00
 7723.25 12.20 11.04 10.00 10.41 11.81 11.40 15.89 19.53 36.55 26.19 37.97 40.65
 7724.25 11.30 10.20  9.22  9.61 10.91 10.54 14.84 18.36 35.27 24.88 36.55 39.23
 7725.25  8.90  7.99  7.18  7.50  8.56  8.27 11.91 14.99 30.73 20.87 31.91 34.51
 7726.25  8.34  7.48  6.72  7.03  8.01  7.75 11.21 14.17 29.46 19.86 30.64 33.21
 7727.25  8.03  7.20  6.47  6.76  7.69  7.46 10.82 13.70 28.64 19.26 29.86 32.41
 7728.25  7.18  6.43  5.76  6.03  6.86  6.66  9.72 12.38 26.39 17.56 27.60 30.08
 7729.25  9.20  8.28  7.45  7.79  8.79  8.56 12.30 15.46 31.09 21.43 32.44 35.12
 7730.25 11.98 10.86  9.83 10.26 11.46 11.20 15.67 19.33 36.08 25.94 37.50 40.29
 7731.25 12.23 11.09 10.06 10.49 11.68 11.44 15.97 19.66 36.38 26.31 37.84 40.66
 7732.25 12.05 10.93  9.90 10.33 11.49 11.27 15.76 19.44 36.04 26.07 37.53 40.39
 7733.25 12.39 11.25 10.20 10.64 11.79 11.60 16.16 19.89 36.45 26.55 37.98 40.87
 7734.25 12.57 11.43 10.37 10.82 11.95 11.78 16.37 20.13 36.63 26.81 38.19 41.12
 7735.25 11.97 10.86  9.84 10.28 11.35 11.20 15.68 19.37 35.68 25.98 37.28 40.26
 7736.25 10.90  9.87  8.92  9.32 10.30 10.18 14.42 17.96 33.89 24.38 35.51 38.52
 7737.25 10.19  9.20  8.30  8.69  9.59  9.50 13.55 16.98 32.52 23.24 34.17 37.21
 7738.25 10.62  9.61  8.68  9.09  9.99  9.92 14.09 17.60 33.23 23.95 34.92 38.01
 7739.25 12.09 10.98  9.96 10.41 11.38 11.32 15.83 19.57 35.53 26.18 37.27 40.41
 7740.25 12.58 11.45 10.40 10.86 11.84 11.79 16.41 20.21 36.17 26.88 37.95 41.12
 7741.25 11.92 10.85  9.84 10.29 11.20 11.17 15.58 19.22 34.44 25.61 36.18 39.27
 7742.25 11.40 10.35  9.38  9.82 10.68 10.67 14.97 18.56 33.60 24.88 35.38 38.51
 7743.25 11.52 10.47  9.49  9.93 10.79 10.78 15.12 18.73 33.73 25.07 35.54 38.72
 7744.25 12.32 11.23 10.20 10.67 11.54 11.55 16.06 19.77 34.83 26.21 36.68 39.89
 7745.25 12.66 11.55 10.51 10.98 11.86 11.88 16.46 20.21 35.24 26.69 37.12 40.37
 7746.25 12.40 11.31 10.27 10.74 11.59 11.63 16.16 19.90 34.83 26.37 36.76 40.06
 7747.25 11.86 10.80  9.80 10.25 11.06 11.11 15.54 19.23 34.02 25.65 35.98 39.33
 7748.25 11.78 10.73  9.73 10.18 10.98 11.04 15.46 19.15 33.85 25.57 35.86 39.25
 7749.25 12.13 11.06 10.04 10.50 11.30 11.37 15.87 19.61 34.30 26.09 36.34 39.78
 7750.25 10.03  9.10  8.22  8.61  9.30  9.37 13.36 16.77 30.70 22.84 32.74 36.19
 7751.25  5.71  5.14  4.61  4.85  5.26  5.31  7.83 10.12 20.41 14.43 22.08 24.96
 7752.25  3.45  3.10  2.77  2.91  3.16  3.20  4.77  6.23 13.10  9.07 14.29 16.37
 7753.25  3.48  3.12  2.79  2.94  3.19  3.23  4.82  6.29 13.16  9.15 14.38 16.50
 7754.25  6.22  5.61  5.03  5.29  5.71  5.78  8.51 10.97 21.61 15.56 23.45 26.55
 7755.25 10.93  9.95  9.01  9.43 10.10 10.23 14.48 18.10 32.00 24.42 34.26 37.96
 7756.25 12.66 11.57 10.52 10.99 11.72 11.88 16.52 20.38 34.60 26.96 36.91 40.65
 7757.25 12.39 11.32 10.28 10.75 11.45 11.63 16.22 20.07 34.16 26.62 36.52 40.31
 7758.25 11.16 10.16  9.20  9.64 10.27 10.45 14.78 18.47 32.24 24.87 34.62 38.46
 7759.25 10.75  9.78  8.84  9.27  9.87 10.06 14.29 17.93 31.49 24.25 33.90 37.78
 7760.25 10.28  9.34  8.44  8.85  9.42  9.61 13.71 17.27 30.54 23.48 32.98 36.87
 7761.25  6.49  5.85  5.25  5.52  5.90  6.04  8.88 11.47 21.97 16.25 24.08 27.51
 7762.25  5.12  4.61  4.13  4.35  4.64  4.76  7.06  9.20 18.06 13.21 19.93 23.01
 7763.25  7.24  6.54  5.87  6.18  6.57  6.74  9.86 12.69 23.73 17.84 26.01 29.68
 7764.25 11.57 10.56  9.56 10.01 10.59 10.85 15.27 19.07 32.39 25.55 35.02 39.12
 7765.25 13.00 11.90 10.82 11.32 11.92 12.22 16.95 20.93 34.42 27.59 37.09 41.23
 7766.25 13.12 12.02 10.93 11.43 12.03 12.35 17.09 21.09 34.51 27.78 37.22 41.41
 7767.25 13.25 12.14 11.04 11.55 12.13 12.47 17.23 21.24 34.59 27.95 37.35 41.57
 7768.25 13.29 12.19 11.08 11.60 12.16 12.51 17.29 21.29 34.58 28.03 37.38 41.64
 7769.25 13.14 12.04 10.94 11.45 12.00 12.36 17.11 21.09 34.30 27.85 37.14 41.46
 7770.25 12.73 11.65 10.57 11.07 11.59 11.97 16.65 20.58 33.68 27.32 36.56 40.93
 7771.25 12.41 11.35 10.29 10.78 11.28 11.66 16.28 20.17 33.15 26.91 36.07 40.49
 7772.25 12.66 11.59 10.51 11.01 11.50 11.91 16.57 20.48 33.42 27.27 36.38 40.84
 7773.25 11.37 10.38  9.38  9.85 10.29 10.68 15.06 18.79 31.40 25.42 34.39 38.89
 7774.25  8.95  8.12  7.30  7.68  8.03  8.37 12.08 15.33 26.87 21.35 29.76 34.16
 7775.25  7.25  6.56  5.88  6.20  6.48  6.77  9.90 12.70 22.98 18.05 25.70 29.86
 7776.25  7.78  7.05  6.32  6.66  6.95  7.27 10.59 13.53 24.13 19.13 26.98 31.29
 7777.25 10.24  9.33  8.41  8.84  9.19  9.60 13.70 17.20 29.10 23.66 32.24 36.87
 7778.25 12.30 11.26 10.19 10.69 11.09 11.57 16.16 19.97 32.36 26.85 35.62 40.35
 7779.25 13.28 12.19 11.07 11.59 11.99 12.52 17.29 21.19 33.61 28.20 36.93 41.70
 7780.25 12.67 11.61 10.52 11.03 11.41 11.93 16.59 20.42 32.68 27.39 36.05 40.87
 7781.25  9.24  8.41  7.55  7.95  8.24  8.66 12.44 15.69 26.71 21.91 29.98 34.69
 7782.25  6.39  5.79  5.17  5.46  5.66  5.97  8.77 11.26 20.19 16.26 23.05 27.23
 7783.25  7.04  6.38  5.71  6.02  6.24  6.58  9.62 12.29 21.69 17.65 24.76 29.14
 7784.25 10.67  9.74  8.78  9.22  9.53 10.02 14.22 17.72 29.09 24.42 32.69 37.60
 7785.25 12.68 11.63 10.53 11.04 11.38 11.95 16.62 20.40 32.19 27.49 35.94 40.91
 7786.25 12.50 11.46 10.37 10.87 11.21 11.78 16.41 20.17 31.84 27.26 35.68 40.67
 7787.25 11.99 10.98  9.92 10.41 10.73 11.29 15.82 19.50 30.99 26.55 34.90 39.91
 7788.25 11.85 10.85  9.79 10.27 10.58 11.15 15.65 19.30 30.66 26.35 34.66 39.69
 7789.25 12.08 11.07  9.99 10.48 10.79 11.37 15.92 19.59 30.90 26.70 34.99 40.04
 7790.25 12.29 11.28 10.18 10.67 10.98 11.58 16.17 19.86 31.11 27.02 35.29 40.35
 7791.25 11.98 10.99  9.91 10.39 10.69 11.29 15.81 19.45 30.54 26.58 34.80 39.88
 7792.25 10.72  9.80  8.80  9.25  9.52 10.08 14.29 17.74 28.40 24.64 32.69 37.77
 7793.25 10.05  9.17  8.22  8.65  8.90  9.44 13.47 16.78 27.11 23.54 31.44 36.51
 7794.25  9.23  8.41  7.53  7.92  8.15  8.66 12.44 15.56 25.40 22.05 29.69 34.70
 7795.25  5.26  4.77  4.24  4.47  4.61  4.91  7.25  9.26 16.03 13.71 19.30 23.21
 7796.25  3.75  3.40  3.01  3.18  3.28  3.51  5.21  6.69 11.76 10.05 14.35 17.47
 7797.25  5.18  4.70  4.17  4.40  4.53  4.84  7.14  9.12 15.65 13.53 19.01 22.93
 7798.25  9.99  9.13  8.17  8.59  8.82  9.39 13.37 16.59 26.29 23.34 30.99 36.16
 7799.25 12.83 11.81 10.64 11.15 11.42 12.11 16.80 20.44 30.84 27.84 35.83 41.15
 7800.25 13.09 12.06 10.87 11.39 11.65 12.37 17.10 20.76 31.09 28.20 36.17 41.51
 7801.25 13.26 12.22 11.02 11.54 11.80 12.55 17.29 20.95 31.19 28.43 36.37 41.74
 7802.25 13.52 12.47 11.25 11.78 12.04 12.80 17.58 21.26 31.41 28.77 36.68 42.08
 7803.25 13.65 12.61 11.37 11.90 12.16 12.94 17.74 21.41 31.47 28.95 36.83 42.26
 7804.25 13.48 12.44 11.21 11.74 11.99 12.78 17.54 21.19 31.14 28.74 36.58 42.05
 7805.25 13.11 12.09 10.88 11.40 11.64 12.43 17.13 20.73 30.54 28.27 36.08 41.59
 7806.25 13.09 12.08 10.85 11.38 11.61 12.42 17.10 20.69 30.40 28.25 36.03 41.57
 7807.25 13.39 12.36 11.12 11.65 11.88 12.72 17.44 21.05 30.67 28.65 36.40 41.96
 7808.25 12.55 11.57 10.37 10.88 11.09 11.91 16.48 19.99 29.40 27.51 35.21 40.82
 7809.25  8.71  7.97  7.07  7.45  7.61  8.23 11.78 14.63 22.70 21.12 28.12 33.47
 7810.25  5.66  5.15  4.55  4.80  4.90  5.33  7.80  9.84 15.88 14.73 20.29 24.77
 7811.25  6.12  5.58  4.92  5.19  5.30  5.77  8.41 10.58 16.89 15.78 21.59 26.29
 7812.25  9.79  8.98  7.98  8.40  8.56  9.29 13.16 16.20 24.45 23.14 30.35 35.95
 7813.25 12.13 11.18  9.99 10.49 10.67 11.54 16.02 19.41 28.23 26.98 34.51 40.28
 7814.25 12.20 11.25 10.04 10.54 10.72 11.61 16.09 19.49 28.21 27.08 34.58 40.39
 7815.25 12.25 11.30 10.09 10.59 10.77 11.67 16.16 19.55 28.17 27.16 34.64 40.48
 7816.25 11.98 11.04  9.85 10.34 10.51 11.41 15.84 19.19 27.65 26.77 34.20 40.07
 7817.25 11.62 10.71  9.54 10.02 10.17 11.08 15.43 18.72 26.99 26.25 33.62 39.52
 7818.25 12.08 11.15  9.94 10.43 10.59 11.53 15.97 19.32 27.55 26.93 34.31 40.24
 7819.25 12.96 11.99 10.70 11.22 11.38 12.38 17.00 20.42 28.66 28.17 35.55 41.51
 7820.25 12.51 11.57 10.31 10.81 10.96 11.96 16.48 19.85 27.92 27.56 34.89 40.89
 7821.25 10.61  9.78  8.66  9.10  9.23 10.13 14.21 17.31 24.86 24.64 31.75 37.72
 7822.25  6.29  5.76  5.05  5.33  5.41  5.98  8.65 10.78 16.22 16.14 21.71 26.71
 7823.25  3.62  3.31  2.89  3.05  3.09  3.44  5.04  6.34  9.74  9.75 13.44 16.92
 7824.25  3.84  3.51  3.06  3.23  3.28  3.65  5.35  6.72 10.24 10.32 14.18 17.84
 7825.25  7.33  6.73  5.90  6.21  6.30  6.99 10.02 12.40 18.16 18.37 24.34 29.77
 7826.25 11.95 11.06  9.80 10.27 10.40 11.45 15.83 19.08 26.45 26.76 33.87 40.06
 7827.25 12.78 11.86 10.52 11.02 11.15 12.26 16.81 20.14 27.59 27.97 35.09 41.32
 7828.25 13.16 12.23 10.86 11.36 11.50 12.63 17.25 20.60 28.05 28.49 35.58 41.84
 7829.25 13.17 12.24 10.87 11.37 11.50 12.65 17.27 20.61 28.02 28.51 35.57 41.86
 7830.25 12.13 11.26  9.95 10.42 10.54 11.64 16.06 19.29 26.52 27.06 34.06 40.38
 7831.25 11.78 10.93  9.64 10.10 10.21 11.31 15.65 18.83 25.96 26.55 33.49 39.84
 7832.25 12.71 11.82 10.45 10.93 11.05 12.22 16.74 20.01 27.24 27.89 34.85 41.24
 7833.25 13.51 12.59 11.17 11.66 11.78 13.01 17.67 21.00 28.27 28.98 35.92 42.32
 7834.25 13.52 12.61 11.17 11.67 11.79 13.03 17.68 21.00 28.23 28.99 35.90 42.34
 7835.25 12.68 11.81 10.43 10.90 11.01 12.22 16.72 19.96 27.06 27.88 34.73 41.22
 7836.25 12.33 11.48 10.12 10.57 10.68 11.88 16.32 19.51 26.52 27.39 34.20 40.72
 7837.25 12.90 12.03 10.62 11.09 11.19 12.44 16.98 20.22 27.26 28.19 34.98 41.53
 7838.25 13.63 12.73 11.26 11.74 11.85 13.16 17.82 21.10 28.16 29.15 35.94 42.49
 7839.25 13.81 12.91 11.43 11.91 12.01 13.34 18.03 21.31 28.35 29.39 36.15 42.72
 7840.25 13.49 12.61 11.14 11.61 11.71 13.04 17.67 20.92 27.89 28.99 35.73 42.33
 7841.25 12.32 11.49 10.10 10.54 10.63 11.90 16.31 19.44 26.22 27.36 34.05 40.67
 7842.25  8.36  7.75  6.73  7.05  7.11  8.05 11.40 13.89 19.53 20.57 26.53 32.72
 7843.25  5.82  5.38  4.65  4.87  4.92  5.60  8.06  9.94 14.32 15.19 20.08 25.37
 7844.25  6.99  6.48  5.60  5.87  5.92  6.74  9.63 11.80 16.77 17.79 23.23 29.05
 7845.25 11.42 10.65  9.32  9.72  9.80 11.05 15.23 18.21 24.64 25.97 32.49 39.14
 7846.25 13.57 12.72 11.20 11.65 11.74 13.17 17.77 20.97 27.68 29.11 35.74 42.44
 7847.25 13.58 12.74 11.21 11.66 11.74 13.19 17.79 20.98 27.65 29.14 35.75 42.47
 7848.25 13.63 12.79 11.25 11.69 11.78 13.25 17.85 21.03 27.66 29.20 35.80 42.54
 7849.25 13.50 12.67 11.14 11.58 11.66 13.14 17.71 20.87 27.45 29.05 35.63 42.39
 7850.25 11.71 10.96  9.56  9.95 10.02 11.38 15.60 18.58 24.87 26.50 32.97 39.75
 7851.25  8.99  8.38  7.25  7.56  7.62  8.74 12.25 14.81 20.38 21.92 27.94 34.47
 7852.25  8.57  7.99  6.90  7.20  7.25  8.33 11.72 14.18 19.57 21.13 27.02 33.49
 7853.25  8.90  8.30  7.17  7.47  7.52  8.66 12.13 14.65 20.11 21.75 27.70 34.26
 7854.25  5.56  5.17  4.43  4.63  4.66  5.40  7.71  9.45 13.32 14.57 19.09 24.36
 7855.25  3.53  3.28  2.80  2.93  2.95  3.44  4.94  6.09  8.69  9.58 12.75 16.58
 7856.25  4.04  3.76  3.21  3.35  3.37  3.93  5.64  6.94  9.85 10.88 14.41 18.67
 7857.25  7.94  7.42  6.38  6.64  6.68  7.75 10.85 13.14 18.01 19.73 25.21 31.51
 7858.25 12.20 11.47  9.98 10.36 10.41 11.95 16.19 19.18 25.22 27.34 33.66 40.66
 7859.25 10.18  9.55  8.25  8.57  8.61  9.97 13.73 16.45 22.03 24.10 30.17 37.06
 7860.25  8.52  7.97  6.85  7.12  7.16  8.34 11.62 14.05 19.10 21.07 26.78 33.42
 7861.25  8.20  7.68  6.59  6.85  6.88  8.03 11.20 13.56 18.45 20.43 26.01 32.58
 7862.25  5.81  5.43  4.64  4.82  4.84  5.69  8.04  9.84 13.62 15.24 19.80 25.39
 7863.25  5.62  5.26  4.49  4.67  4.69  5.52  7.79  9.54 13.19 14.82 19.26 24.77
 7864.25  9.08  8.53  7.33  7.61  7.64  8.93 12.31 14.82 19.83 22.06 27.75 34.52
 7865.25 12.94 12.22 10.64 11.00 11.04 12.75 17.01 20.07 25.84 28.40 34.58 41.72
 7866.25 13.47 12.75 11.12 11.48 11.52 13.29 17.63 20.73 26.50 29.13 35.30 42.45
 7867.25 13.47 12.76 11.12 11.48 11.51 13.30 17.62 20.73 26.46 29.15 35.30 42.49
 7868.25 11.82 11.17  9.67  9.99 10.02 11.67 15.68 18.63 24.11 26.80 32.85 40.05
 7869.25  8.34  7.85  6.72  6.95  6.98  8.24 11.36 13.76 18.35 20.76 26.20 32.97
 7870.25  7.62  7.17  6.13  6.34  6.36  7.53 10.43 12.68 16.97 19.32 24.52 31.11
 7871.25  8.33  7.85  6.72  6.94  6.96  8.24 11.35 13.75 18.26 20.78 26.19 33.01
 7872.25  5.69  5.35  4.55  4.71  4.72  5.63  7.86  9.63 13.02 15.02 19.33 25.03
 7873.25  5.18  4.87  4.14  4.27  4.29  5.13  7.16  8.80 11.90 13.80 17.82 23.22
 7874.25  8.28  7.82  6.69  6.90  6.92  8.22 11.26 13.64 17.96 20.59 25.86 32.66
 7875.25 12.60 11.96 10.37 10.66 10.69 12.52 16.58 19.63 24.87 28.01 33.95 41.32
 7876.25 13.48 12.82 11.15 11.45 11.48 13.41 17.60 20.72 26.01 29.22 35.14 42.52
 7877.25 13.60 12.96 11.27 11.57 11.60 13.55 17.75 20.88 26.17 29.41 35.32 42.73
 7878.25 13.47 12.84 11.16 11.45 11.47 13.44 17.60 20.74 26.00 29.28 35.17 42.62
 7879.25 11.19 10.65  9.17  9.42  9.44 11.17 14.91 17.80 22.73 25.92 31.65 39.07
 7880.25  7.29  6.92  5.89  6.05  6.07  7.29  9.99 12.18 16.06 18.70 23.57 30.23
 7881.25  6.55  6.22  5.28  5.43  5.44  6.56  9.02 11.04 14.62 17.12 21.70 28.07
 7882.25  8.34  7.93  6.76  6.94  6.96  8.36 11.37 13.79 18.01 20.93 26.11 33.19
 7883.25  7.49  7.12  6.07  6.23  6.24  7.53 10.27 12.51 16.43 19.21 24.11 30.93
 7884.25  7.31  6.95  5.92  6.07  6.08  7.35 10.03 12.24 16.07 18.83 23.65 30.42
 7885.25 10.05  9.57  8.23  8.43  8.44 10.11 13.54 16.28 20.87 24.14 29.60 37.05
 7886.25 11.87 11.34  9.81 10.03 10.05 11.95 15.77 18.77 23.68 27.16 32.80 40.42
 7887.25 11.73 11.20  9.69  9.91  9.92 11.82 15.60 18.59 23.46 26.96 32.56 40.21
 7888.25 11.42 10.90  9.43  9.63  9.64 11.52 15.23 18.19 22.99 26.50 32.07 39.73
 7889.25 11.28 10.76  9.31  9.51  9.52 11.38 15.06 18.00 22.76 26.29 31.83 39.51
 7890.25  9.04  8.61  7.40  7.56  7.57  9.14 12.27 14.84 19.08 22.34 27.49 34.87
 7891.25  5.41  5.14  4.38  4.48  4.48  5.47  7.51  9.23 12.17 14.55 18.41 24.29
 7892.25  4.60  4.37  3.72  3.80  3.81  4.66  6.41  7.90 10.46 12.58 15.99 21.30
 7893.25  6.75  6.42  5.50  5.61  5.61  6.84  9.30 11.38 14.83 17.66 22.07 28.72
 7894.25 10.51 10.03  8.68  8.84  8.85 10.65 14.13 16.96 21.47 25.07 30.39 38.10
 7895.25 11.49 10.98  9.54  9.71  9.71 11.66 15.34 18.31 22.96 26.69 32.08 39.87
 7896.25 11.55 11.04  9.60  9.77  9.77 11.73 15.41 18.40 23.03 26.80 32.18 39.99
 7897.25 11.87 11.35  9.89 10.05 10.05 12.06 15.80 18.83 23.50 27.34 32.75 40.62
 7898.25 12.41 11.88 10.37 10.53 10.53 12.61 16.44 19.54 24.25 28.16 33.58 41.49
 7899.25 12.43 11.90 10.40 10.55 10.55 12.65 16.47 19.57 24.27 28.21 33.61 41.54
 7900.25 12.14 11.62 10.15 10.29 10.30 12.37 16.13 19.20 23.83 27.79 33.14 41.07
 7901.25 12.63 12.10 10.59 10.74 10.74 12.87 16.69 19.81 24.45 28.46 33.79 41.70
 7902.25 13.50 12.95 11.39 11.53 11.54 13.76 17.69 20.89 25.58 29.65 34.96 42.88
 7903.25 13.59 13.03 11.47 11.61 11.62 13.86 17.79 21.01 25.70 29.84 35.13 43.09
 7904.25 12.70 12.17 10.68 10.80 10.82 12.97 16.78 19.94 24.54 28.71 33.97 41.99
 7905.25 12.21 11.70 10.25 10.36 10.38 12.49 16.21 19.33 23.87 28.06 33.28 41.33
 7906.25 12.86 12.33 10.83 10.95 10.97 13.15 16.97 20.15 24.73 29.00 34.20 42.28
 7907.25 12.82 12.30 10.81 10.92 10.94 13.13 16.92 20.11 24.66 28.97 34.13 42.24
 7908.25 12.17 11.67 10.24 10.34 10.36 12.48 16.16 19.28 23.73 28.04 33.13 41.26
 7909.25 12.20 11.71 10.28 10.37 10.40 12.53 16.20 19.32 23.76 28.12 33.17 41.34
 7910.25 12.91 12.40 10.93 11.01 11.05 13.26 17.03 20.22 24.72 29.18 34.22 42.46
 7911.25 12.52 12.02 10.58 10.66 10.70 12.88 16.59 19.74 24.20 28.69 33.70 42.01
 7912.25 11.54 11.08  9.72  9.79  9.83 11.89 15.43 18.47 22.82 27.29 32.23 40.59
 7913.25  9.35  8.95  7.81  7.87  7.90  9.66 12.71 15.41 19.34 23.54 28.19 36.35
 7914.25  5.78  5.52  4.79  4.82  4.84  5.99  8.04  9.90 12.72 15.89 19.49 26.20
 7915.25  3.40  3.25  2.81  2.82  2.84  3.53  4.78  5.93  7.70  9.78 12.14 16.79
 7916.25  3.16  3.02  2.61  2.63  2.64  3.29  4.45  5.52  7.18  9.15 11.35 15.76
 7917.25  5.56  5.32  4.61  4.64  4.66  5.78  7.73  9.52 12.22 15.38 18.79 25.43
 7918.25 10.87 10.45  9.19  9.22  9.27 11.28 14.62 17.52 21.69 26.35 31.01 39.60
 7919.25 11.90 11.45 10.10 10.13 10.19 12.34 15.87 18.91 23.23 28.07 32.79 41.51
 7920.25  9.87  9.49  8.32  8.34  8.39 10.27 13.40 16.15 20.14 24.76 29.27 37.87
 7921.25  8.71  8.37  7.32  7.33  7.38  9.08 11.93 14.46 18.19 22.61 26.91 35.33
 7922.25  6.01  5.77  5.02  5.03  5.06  6.29  8.36 10.27 13.13 16.68 20.18 27.43
 7923.25  4.48  4.30  3.73  3.74  3.76  4.69  6.28  7.75  9.99 12.86 15.69 21.77
 7924.25  5.95  5.72  4.98  4.98  5.02  6.24  8.28 10.16 12.98 16.58 20.00 27.28
 7925.25 10.07  9.71  8.54  8.53  8.60 10.53 13.65 16.40 20.38 25.26 29.62 38.50
 7926.25 11.74 11.34 10.03 10.02 10.09 12.27 15.71 18.70 22.96 28.12 32.60 41.71
 7927.25 12.42 12.01 10.65 10.63 10.71 12.98 16.51 19.56 23.90 29.13 33.60 42.75
 7928.25 13.15 12.73 11.33 11.30 11.39 13.74 17.35 20.45 24.84 30.12 34.55 43.69
 7929.25 12.77 12.37 10.99 10.96 11.05 13.36 16.92 19.98 24.34 29.65 34.04 43.24
 7930.25 11.64 11.27  9.98  9.94 10.03 12.21 15.60 18.55 22.82 28.09 32.43 41.72
 7931.25 10.59 10.24  9.05  9.01  9.09 11.13 14.32 17.13 21.25 26.43 30.67 39.95
 7932.25  7.48  7.22  6.34  6.30  6.37  7.90 10.35 12.57 15.94 20.37 24.07 32.59
 7933.25  5.37  5.19  4.54  4.51  4.55  5.69  7.52  9.22 11.86 15.44 18.46 25.77
 7934.25  6.04  5.84  5.12  5.08  5.13  6.41  8.44 10.31 13.21 17.13 20.37 28.22
 7935.25  9.28  8.98  7.93  7.86  7.95  9.80 12.67 15.25 19.11 24.15 28.10 37.37
 7936.25 11.74 11.39 10.13 10.04 10.15 12.38 15.73 18.67 22.98 28.48 32.63 42.25
 7937.25 12.47 12.11 10.80 10.70 10.82 13.14 16.60 19.60 24.00 29.59 33.72 43.40
 7938.25 13.16 12.79 11.43 11.33 11.45 13.86 17.39 20.44 24.90 30.56 34.67 44.38
 7939.25 13.30 12.93 11.57 11.45 11.58 14.01 17.55 20.60 25.08 30.77 34.85 44.60
 7940.25 12.98 12.62 11.29 11.16 11.30 13.69 17.18 20.21 24.67 30.38 34.42 44.24
 7941.25 12.78 12.42 11.11 10.98 11.11 13.49 16.95 19.95 24.39 30.13 34.13 44.00
 7942.25 12.73 12.37 11.07 10.94 11.08 13.45 16.89 19.88 24.33 30.10 34.06 43.98
 7943.25 12.68 12.33 11.04 10.89 11.04 13.41 16.84 19.82 24.27 30.07 34.01 43.99
 7944.25 12.41 12.06 10.79 10.64 10.79 13.13 16.52 19.46 23.90 29.72 33.62 43.66
 7945.25 12.25 11.91 10.66 10.50 10.65 12.98 16.34 19.26 23.68 29.53 33.39 43.48
 7946.25 12.06 11.73 10.49 10.33 10.48 12.79 16.12 19.01 23.42 29.28 33.10 43.24
 7947.25 11.28 10.96  9.79  9.63  9.78 11.99 15.18 17.97 22.28 28.09 31.84 42.00
 7948.25 11.10 10.78  9.63  9.46  9.62 11.80 14.96 17.72 22.01 27.83 31.55 41.74
 7949.25 11.40 11.09  9.92  9.74  9.90 12.13 15.34 18.12 22.46 28.35 32.06 42.33
 7950.25  8.19  7.95  7.06  6.92  7.04  8.76 11.29 13.54 17.20 22.38 25.71 35.36
 7951.25  5.80  5.63  4.98  4.87  4.96  6.23  8.13  9.85 12.72 16.95 19.72 28.13
 7952.25  7.11  6.90  6.12  5.99  6.11  7.63  9.88 11.90 15.24 20.10 23.18 32.46
 7953.25 11.11 10.81  9.68  9.47  9.65 11.85 14.98 17.68 21.98 27.95 31.53 41.92
 7954.25 12.25 11.93 10.72 10.49 10.69 13.05 16.36 19.18 23.64 29.80 33.39 43.87
 7955.25 12.53 12.21 10.99 10.75 10.95 13.35 16.70 19.53 24.03 30.26 33.81 44.33
 7956.25 13.22 12.89 11.64 11.38 11.59 14.07 17.50 20.37 24.93 31.26 34.76 45.29
 7957.25 13.39 13.06 11.80 11.53 11.76 14.26 17.69 20.56 25.13 31.52 34.96 45.51
 7958.25 13.35 13.03 11.78 11.50 11.73 14.23 17.65 20.50 25.06 31.49 34.87 45.43
 7959.25 13.29 12.98 11.73 11.45 11.68 14.18 17.58 20.42 24.98 31.48 34.80 45.40
 7960.25 13.17 12.86 11.63 11.34 11.57 14.06 17.44 20.26 24.81 31.36 34.62 45.26
 7961.25 13.07 12.77 11.55 11.25 11.49 13.97 17.34 20.14 24.68 31.28 34.49 45.17
 7962.25 13.07 12.77 11.55 11.25 11.49 13.97 17.34 20.12 24.67 31.33 34.49 45.20
 7963.25 13.11 12.81 11.60 11.28 11.53 14.02 17.38 20.16 24.71 31.43 34.53 45.28
 7964.25 12.24 11.95 10.80 10.49 10.73 13.12 16.37 19.08 23.56 30.30 33.35 44.20
 7965.25  7.35  7.16  6.40  6.20  6.35  7.95 10.21 12.17 15.59 21.12 23.68 33.48
 7966.25  3.78  3.68  3.27  3.16  3.25  4.11  5.36  6.47  8.48 11.92 13.53 20.26
 7967.25  3.52  3.43  3.05  2.94  3.02  3.83  4.99  6.03  7.91 11.18 12.68 19.08
 7968.25  6.29  6.12  5.47  5.28  5.43  6.82  8.80 10.51 13.58 18.75 20.97 30.29
 7969.25  9.99  9.73  8.76  8.46  8.69 10.78 13.64 16.05 20.22 26.96 29.67 40.72
 7970.25  9.18  8.93  8.03  7.75  7.96  9.93 12.60 14.88 18.88 25.46 28.06 39.02
 7971.25 10.35 10.08  9.09  8.77  9.01 11.19 14.07 16.50 20.74 27.65 30.27 41.46
 7972.25 12.42 12.10 10.98 10.61 10.88 13.38 16.56 19.21 23.76 31.02 33.66 45.00
 7973.25 12.90 12.57 11.43 11.04 11.32 13.89 17.12 19.80 24.39 31.77 34.35 45.76
 7974.25 12.76 12.43 11.30 10.91 11.19 13.76 16.95 19.61 24.19 31.62 34.15 45.61
 7975.25 12.72 12.39 11.27 10.87 11.15 13.74 16.90 19.54 24.13 31.61 34.09 45.61
 7976.25 13.13 12.79 11.65 11.24 11.53 14.18 17.37 20.03 24.66 32.22 34.65 46.22
 7977.25 12.81 12.48 11.36 10.95 11.24 13.87 17.01 19.64 24.25 31.85 34.22 45.86
 7978.25 10.26  9.97  9.03  8.68  8.92 11.19 13.93 16.28 20.54 27.82 30.08 41.66
 7979.25  7.97  7.73  6.96  6.68  6.87  8.74 11.00 12.99 16.70 23.31 25.35 36.40
 7980.25  7.62  7.38  6.65  6.38  6.57  8.37 10.53 12.45 16.06 22.56 24.51 35.44
 7981.25  5.98  5.80  5.21  4.99  5.14  6.60  8.35  9.92 12.94 18.55 20.21 30.06
 7982.25  5.43  5.26  4.72  4.52  4.65  6.00  7.59  9.03 11.83 17.10 18.62 28.02
 7983.25  8.32  8.07  7.29  6.98  7.18  9.16 11.42 13.43 17.24 24.11 25.97 37.25
 7984.25 12.46 12.12 11.04 10.61 10.89 13.61 16.54 19.07 23.71 31.63 33.63 45.63
 7985.25 13.34 12.99 11.87 11.41 11.71 14.56 17.57 20.15 24.89 32.93 34.88 46.93
 7986.25 13.45 13.10 11.97 11.50 11.80 14.69 17.69 20.27 25.03 33.13 35.03 47.14
 7987.25 13.17 12.82 11.71 11.24 11.54 14.41 17.37 19.92 24.67 32.82 34.67 46.85
 7988.25 12.58 12.24 11.16 10.70 10.99 13.80 16.68 19.18 23.89 32.06 33.86 46.13
 7989.25 12.00 11.68 10.64 10.18 10.46 13.21 16.01 18.44 23.10 31.28 33.02 45.36
 7990.25 12.05 11.73 10.68 10.22 10.50 13.28 16.06 18.49 23.16 31.39 33.08 45.47
 7991.25 12.42 12.09 11.02 10.55 10.84 13.69 16.49 18.94 23.66 31.98 33.61 46.06
 7992.25 12.41 12.08 11.02 10.54 10.83 13.70 16.48 18.91 23.65 32.03 33.61 46.12
 7993.25 10.60 10.31  9.36  8.93  9.19 11.77 14.29 16.52 20.97 29.08 30.58 43.03
 7994.25  5.54  5.37  4.84  4.60  4.74  6.23  7.72  9.09 11.98 17.72 18.79 28.71
 7995.25  3.30  3.20  2.88  2.73  2.81  3.73  4.64  5.50  7.34 11.14 11.84 18.83
 7996.25  3.82  3.70  3.33  3.15  3.25  4.31  5.36  6.33  8.44 12.78 13.54 21.39
 7997.25  7.55  7.33  6.63  6.29  6.48  8.49 10.39 12.12 15.78 22.90 24.04 35.63
 7998.25 11.61 11.30 10.29  9.80 10.08 12.93 15.52 17.79 22.47 31.05 32.31 45.11
 7999.25 11.96 11.64 10.62 10.11 10.40 13.32 15.94 18.23 22.97 31.64 32.86 45.72
 8000.25 11.66 11.35 10.34  9.84 10.12 13.01 15.58 17.83 22.53 31.21 32.37 45.27
 8001.25 11.99 11.67 10.65 10.13 10.41 13.38 15.97 18.23 23.00 31.79 32.90 45.89
 8002.25 12.36 12.04 11.00 10.46 10.75 13.80 16.42 18.70 23.54 32.44 33.50 46.58
 8003.25 12.27 11.95 10.91 10.37 10.66 13.72 16.30 18.57 23.40 32.34 33.36 46.49
 8004.25 12.18 11.86 10.83 10.29 10.58 13.64 16.20 18.45 23.27 32.26 33.22 46.41
 8005.25 12.43 12.11 11.07 10.51 10.81 13.92 16.49 18.76 23.62 32.68 33.59 46.83
 8006.25 12.59 12.26 11.22 10.65 10.95 14.10 16.67 18.93 23.80 32.93 33.78 47.03
 8007.25 12.64 12.32 11.27 10.70 11.00 14.17 16.72 18.98 23.84 33.02 33.78 47.02
 8008.25 12.93 12.60 11.55 10.95 11.26 14.50 17.06 19.33 24.23 33.56 34.22 47.54
 8009.25 13.22 12.89 11.82 11.21 11.52 14.83 17.40 19.70 24.64 34.13 34.69 48.11
 8010.25 13.20 12.86 11.80 11.18 11.49 14.82 17.37 19.66 24.60 34.20 34.65 48.14
 8011.25 13.33 12.99 11.92 11.30 11.61 14.98 17.52 19.81 24.76 34.45 34.81 48.32
 8012.25 13.09 12.75 11.70 11.08 11.39 14.74 17.24 19.50 24.42 34.18 34.44 47.98
 8013.25 12.55 12.22 11.20 10.59 10.89 14.19 16.61 18.83 23.69 33.50 33.66 47.25
 8014.25 11.37 11.07 10.12  9.55  9.83 12.94 15.21 17.34 22.05 31.81 31.86 45.53
 8015.25  7.72  7.50  6.81  6.39  6.59  8.90 10.61 12.26 16.06 24.55 24.51 37.24
 8016.25  5.78  5.61  5.08  4.76  4.91  6.71  8.04  9.34 12.42 19.63 19.52 30.85
 8017.25  7.36  7.14  6.49  6.08  6.28  8.53 10.14 11.72 15.40 23.86 23.64 36.27
 8018.25 11.09 10.78  9.87  9.28  9.56 12.72 14.86 16.93 21.61 31.73 31.38 45.27
 8019.25 12.89 12.55 11.54 10.88 11.19 14.71 17.01 19.23 24.16 34.66 34.21 48.19
 8020.25 12.84 12.50 11.49 10.83 11.14 14.68 16.95 19.16 24.08 34.66 34.11 48.13
 8021.25 11.26 10.94 10.03  9.42  9.70 12.97 15.07 17.14 21.85 32.31 31.67 45.70
 8022.25  9.91  9.63  8.80  8.25  8.50 11.50 13.42 15.35 19.79 30.00 29.28 43.17
 8023.25 10.89 10.58  9.69  9.09  9.36 12.61 14.61 16.64 21.28 31.84 31.01 44.99
 8024.25 12.78 12.44 11.45 10.77 11.07 14.71 16.88 19.06 23.97 34.94 34.00 48.01
 8025.25 12.52 12.18 11.21 10.53 10.83 14.45 16.57 18.73 23.62 34.68 33.64 47.66
 8026.25  8.82  8.55  7.82  7.31  7.53 10.33 12.00 13.76 17.88 27.90 26.85 40.25
 8027.25  4.72  4.57  4.16  3.86  3.99  5.61  6.58  7.64 10.23 17.11 16.29 26.36
 8028.25  3.94  3.81  3.46  3.22  3.32  4.69  5.51  6.40  8.61 14.61 13.84 22.72
 8029.25  6.05  5.86  5.35  4.97  5.13  7.20  8.39  9.69 12.88 21.25 20.14 31.73
 8030.25  8.96  8.70  7.96  7.42  7.64 10.60 12.22 13.99 18.23 28.82 27.38 40.94
 8031.25  9.48  9.20  8.43  7.86  8.09 11.21 12.88 14.71 19.09 30.01 28.44 42.15
 8032.25 11.03 10.72  9.86  9.20  9.47 12.98 14.80 16.80 21.51 33.02 31.31 45.24
 8033.25 11.79 11.46 10.56  9.86 10.14 13.85 15.71 17.77 22.61 34.36 32.54 46.48
 8034.25 11.79 11.47 10.57  9.87 10.15 13.88 15.71 17.77 22.61 34.45 32.54 46.44
 8035.25 12.63 12.29 11.35 10.61 10.90 14.83 16.69 18.82 23.78 35.82 33.80 47.70
 8036.25 12.69 12.34 11.41 10.66 10.95 14.92 16.76 18.89 23.85 36.00 33.89 47.77
 8037.25 12.60 12.25 11.32 10.58 10.86 14.84 16.65 18.77 23.74 35.99 33.78 47.67
 8038.25 13.01 12.66 11.71 10.94 11.24 15.32 17.13 19.28 24.29 36.69 34.37 48.25
 8039.25 13.44 13.08 12.12 11.33 11.63 15.82 17.62 19.79 24.84 37.34 34.94 48.77
 8040.25 13.59 13.23 12.26 11.46 11.77 16.01 17.78 19.96 25.04 37.64 35.14 48.95
 8041.25 13.40 13.04 12.08 11.29 11.59 15.82 17.56 19.73 24.80 37.49 34.89 48.71
 8042.25 12.98 12.63 11.70 10.91 11.20 15.39 17.08 19.22 24.25 37.00 34.31 48.11
 8043.25 12.70 12.36 11.44 10.66 10.95 15.11 16.75 18.87 23.87 36.67 33.89 47.67
 8044.25 12.93 12.58 11.65 10.86 11.15 15.38 17.00 19.14 24.16 37.08 34.20 47.95
 8045.25 13.36 13.01 12.06 11.25 11.54 15.88 17.50 19.66 24.73 37.77 34.79 48.52
 8046.25 13.64 13.28 12.33 11.50 11.80 16.22 17.82 19.99 25.10 38.26 35.19 48.91
 8047.25 13.58 13.21 12.27 11.43 11.73 16.18 17.75 19.92 25.03 38.31 35.14 48.87
 8048.25 13.42 13.06 12.12 11.29 11.59 16.03 17.57 19.73 24.83 38.20 34.94 48.67
 8049.25 13.39 13.03 12.09 11.25 11.55 16.02 17.52 19.68 24.79 38.25 34.89 48.61
 8050.25 13.41 13.04 12.11 11.26 11.57 16.07 17.54 19.70 24.81 38.37 34.91 48.63
 8051.25 12.52 12.17 11.28 10.47 10.76 15.11 16.51 18.61 23.64 37.22 33.67 47.40
 8052.25 11.06 10.74  9.93  9.18  9.44 13.48 14.76 16.75 21.55 34.95 31.34 45.01
 8053.25  8.65  8.38  7.72  7.11  7.32 10.68 11.74 13.45 17.65 30.10 26.60 39.70
 8054.25  7.09  6.86  6.31  5.79  5.97  8.83  9.72 11.19 14.87 26.28 22.96 35.26
 8055.25  9.07  8.79  8.11  7.46  7.69 11.23 12.28 14.04 18.36 31.20 27.48 40.68
 8056.25 12.75 12.39 11.51 10.65 10.95 15.49 16.75 18.89 23.93 38.00 33.98 47.63
 8057.25 13.55 13.17 12.26 11.36 11.68 16.40 17.67 19.87 24.99 39.21 35.09 48.70
 8058.25 13.48 13.10 12.20 11.30 11.61 16.34 17.59 19.78 24.89 39.21 35.00 48.58
 8059.25 13.57 13.18 12.28 11.37 11.69 16.46 17.68 19.88 25.00 39.44 35.10 48.65
 8060.25 13.66 13.26 12.36 11.44 11.76 16.58 17.77 19.98 25.10 39.73 35.21 48.75
 8061.25 13.54 13.15 12.25 11.33 11.65 16.47 17.63 19.84 24.96 39.78 35.07 48.61
 8062.25 12.12 11.75 10.92 10.06 10.36 14.90 15.97 18.09 23.03 37.88 33.01 46.54
 8063.25  7.69  7.43  6.86  6.26  6.47  9.68 10.45 12.04 15.90 28.82 24.31 36.71
 8064.25  5.39  5.20  4.79  4.36  4.51  6.87  7.42  8.62 11.57 22.20 18.30 28.84
 8065.25  6.56  6.33  5.84  5.32  5.50  8.34  8.98 10.39 13.83 26.03 21.52 33.15
 8066.25 10.89 10.53  9.78  8.97  9.25 13.56 14.46 16.48 21.20 36.47 30.94 44.31
 8067.25 13.36 12.95 12.08 11.13 11.46 16.41 17.39 19.62 24.72 40.65 34.87 48.31
 8068.25 13.32 12.90 12.04 11.08 11.41 16.37 17.33 19.56 24.65 40.77 34.80 48.23
 8069.25 13.30 12.88 12.02 11.06 11.39 16.37 17.30 19.54 24.62 40.89 34.76 48.16
 8070.25 13.50 13.07 12.22 11.24 11.57 16.62 17.52 19.78 24.87 41.32 35.02 48.37
 8071.25 13.85 13.41 12.54 11.54 11.88 17.03 17.91 20.19 25.31 41.97 35.49 48.82
 8072.25 14.07 13.63 12.75 11.73 12.08 17.30 18.16 20.45 25.59 42.45 35.79 49.11
 8073.25 14.10 13.65 12.78 11.76 12.11 17.35 18.19 20.49 25.63 42.67 35.84 49.14
 8074.25 13.96 13.51 12.65 11.62 11.97 17.21 18.02 20.31 25.45 42.66 35.65 48.94
 8075.25 13.69 13.23 12.39 11.37 11.71 16.93 17.70 19.99 25.10 42.48 35.29 48.57
 8076.25 13.13 12.69 11.87 10.86 11.21 16.34 17.06 19.32 24.39 41.92 34.56 47.85
 8077.25 13.13 12.68 11.87 10.86 11.20 16.36 17.06 19.32 24.39 42.11 34.56 47.85
 8078.25 13.23 12.77 11.96 10.94 11.28 16.48 17.16 19.43 24.51 42.41 34.69 47.94
 8079.25 12.29 11.86 11.08 10.11 10.44 15.45 16.07 18.28 23.25 41.23 33.35 46.58
 8080.25 12.56 12.11 11.33 10.33 10.67 15.76 16.37 18.61 23.61 41.79 33.73 46.90
 8081.25 13.72 13.24 12.42 11.36 11.71 17.09 17.69 20.01 25.13 43.55 35.34 48.40
 8082.25 14.00 13.52 12.69 11.60 11.97 17.43 18.01 20.34 25.48 44.08 35.71 48.69
 8083.25 13.85 13.37 12.55 11.46 11.82 17.28 17.83 20.16 25.29 44.07 35.52 48.46
 8084.25 13.52 13.04 12.24 11.17 11.52 16.94 17.45 19.77 24.87 43.78 35.07 47.95
 8085.25 13.10 12.63 11.84 10.79 11.14 16.48 16.96 19.25 24.31 43.35 34.47 47.28
 8086.25 12.16 11.71 10.96  9.96 10.29 15.43 15.87 18.10 23.05 42.20 33.13 45.93
 8087.25 11.46 11.02 10.31  9.35  9.66 14.63 15.03 17.21 22.06 41.27 32.04 44.78
 8088.25 12.17 11.70 10.96  9.95 10.28 15.47 15.86 18.10 23.05 42.57 33.15 45.84
 8089.25 13.62 13.12 12.32 11.23 11.58 17.14 17.52 19.87 24.98 44.77 35.21 47.79
 8090.25 14.08 13.56 12.76 11.64 12.00 17.68 18.03 20.40 25.55 45.47 35.78 48.26
 8091.25 14.11 13.59 12.79 11.67 12.02 17.74 18.06 20.44 25.59 45.68 35.83 48.25
 8092.25 14.22 13.69 12.89 11.76 12.11 17.87 18.18 20.56 25.73 46.01 35.98 48.34
 8093.25 14.08 13.55 12.76 11.63 11.98 17.74 18.01 20.40 25.55 45.99 35.80 48.10
 8094.25 12.90 12.40 11.65 10.58 10.91 16.42 16.66 18.97 24.02 44.56 34.18 46.46
 8095.25 10.14  9.71  9.08  8.19  8.46 13.18 13.36 15.41 19.98 39.98 29.61 41.65
 8096.25  9.44  9.03  8.44  7.60  7.86 12.33 12.50 14.46 18.87 38.66 28.26 40.10
 8097.25 11.61 11.12 10.44  9.43  9.74 14.92 15.12 17.33 22.20 43.03 32.19 44.26
 8098.25 13.53 12.99 12.24 11.11 11.45 17.12 17.35 19.72 24.84 46.07 35.06 47.07
 8099.25 13.94 13.39 12.62 11.47 11.81 17.55 17.80 20.21 25.35 46.77 35.61 47.54
 8100.25 13.85 13.30 12.54 11.38 11.73 17.43 17.70 20.11 25.25 46.86 35.51 47.41
 8101.25 13.68 13.12 12.37 11.23 11.57 17.21 17.50 19.90 25.02 46.78 35.28 47.11
 8102.25 13.28 12.73 11.99 10.87 11.20 16.73 17.03 19.42 24.50 46.41 34.74 46.52
 8103.25 10.96 10.48  9.84  8.86  9.15 14.01 14.31 16.48 21.22 42.83 31.07 42.72
 8104.25  8.00  7.62  7.13  6.38  6.60 10.38 10.64 12.41 16.37 36.22 25.07 35.90
 8105.25  8.05  7.67  7.18  6.42  6.64 10.43 10.69 12.48 16.46 36.51 25.19 35.98
 8106.25 10.86 10.37  9.75  8.76  9.04 13.81 14.16 16.35 21.06 43.13 30.90 42.35
 8107.25 12.71 12.15 11.47 10.34 10.66 15.93 16.33 18.71 23.72 46.36 33.89 45.36
 8108.25 13.24 12.67 11.97 10.81 11.14 16.51 16.94 19.36 24.42 47.24 34.64 46.03
 8109.25 13.39 12.80 12.11 10.93 11.27 16.65 17.10 19.54 24.61 47.62 34.86 46.19
 8110.25 13.39 12.80 12.11 10.92 11.26 16.62 17.09 19.54 24.61 47.77 34.86 46.13
 8111.25 13.49 12.89 12.21 11.01 11.34 16.70 17.20 19.66 24.74 47.99 35.00 46.21
 8112.25 13.51 12.91 12.23 11.02 11.36 16.70 17.21 19.67 24.75 47.94 34.99 46.12
 8113.25 13.45 12.85 12.18 10.97 11.30 16.59 17.12 19.58 24.64 47.64 34.84 45.85
 8114.25 13.62 13.01 12.34 11.12 11.46 16.76 17.31 19.79 24.86 47.78 35.09 46.03
 8115.25 13.89 13.27 12.59 11.34 11.68 17.03 17.61 20.12 25.24 48.18 35.54 46.46
 8116.25 13.97 13.34 12.67 11.40 11.75 17.10 17.70 20.23 25.35 48.26 35.69 46.57
 8117.25 13.95 13.32 12.65 11.38 11.73 17.05 17.67 20.20 25.32 48.10 35.65 46.45
 8118.25 14.01 13.37 12.71 11.43 11.78 17.07 17.72 20.26 25.36 47.98 35.68 46.38
 8119.25 14.12 13.47 12.81 11.52 11.87 17.16 17.83 20.38 25.49 48.00 35.81 46.43
 8120.25 14.15 13.49 12.84 11.54 11.89 17.16 17.85 20.41 25.52 47.92 35.84 46.39
 8121.25 14.01 13.34 12.70 11.40 11.75 16.96 17.67 20.22 25.31 47.56 35.61 46.08
 8122.25 13.89 13.23 12.60 11.30 11.64 16.81 17.53 20.08 25.15 47.27 35.44 45.82
 8123.25 13.87 13.19 12.57 11.27 11.61 16.74 17.49 20.04 25.11 47.15 35.42 45.75
 8124.25 13.75 13.07 12.45 11.15 11.49 16.59 17.35 19.91 24.98 46.97 35.31 45.60
 8125.25 13.64 12.96 12.35 11.05 11.39 16.44 17.23 19.77 24.83 46.70 35.16 45.37
 8126.25 13.82 13.13 12.52 11.20 11.54 16.60 17.42 19.98 25.05 46.82 35.39 45.53
 8127.25 14.00 13.29 12.69 11.35 11.69 16.76 17.61 20.19 25.29 46.99 35.65 45.73
 8128.25 13.70 12.99 12.40 11.08 11.41 16.41 17.27 19.84 24.93 46.57 35.30 45.35
 8129.25 13.28 12.59 12.01 10.71 11.04 15.91 16.79 19.32 24.35 45.76 34.65 44.58
 8130.25 13.23 12.53 11.96 10.66 10.99 15.81 16.70 19.22 24.21 45.31 34.42 44.18
 8131.25 13.71 12.98 12.41 11.07 11.41 16.30 17.23 19.79 24.84 45.90 35.10 44.81
 8132.25 13.70 12.97 12.40 11.05 11.39 16.26 17.22 19.78 24.85 45.85 35.13 44.80
 8133.25 12.93 12.22 11.68 10.39 10.71 15.37 16.32 18.81 23.76 44.34 33.86 43.34
 8134.25 12.61 11.91 11.38 10.11 10.42 14.98 15.93 18.39 23.27 43.57 33.28 42.61
 8135.25 13.21 12.48 11.95 10.62 10.94 15.62 16.62 19.14 24.12 44.49 34.24 43.57
 8136.25 13.54 12.79 12.25 10.89 11.22 15.96 17.00 19.56 24.61 45.09 34.85 44.21
 8137.25 13.42 12.66 12.13 10.77 11.10 15.80 16.87 19.43 24.51 45.02 34.81 44.20
 8138.25 13.35 12.58 12.05 10.70 11.02 15.69 16.79 19.35 24.44 44.90 34.76 44.14
 8139.25 13.07 12.31 11.78 10.45 10.77 15.34 16.45 18.99 24.02 44.25 34.28 43.56
 8140.25 11.70 10.99 10.51  9.29  9.58 13.78 14.85 17.25 22.06 41.74 32.02 41.13
 8141.25 10.33  9.67  9.23  8.13  8.39 12.19 13.21 15.45 19.99 39.04 29.60 38.51
 8142.25 11.10 10.40  9.93  8.76  9.05 13.03 14.13 16.47 21.18 40.49 31.03 40.02
 8143.25 12.85 12.07 11.54 10.24 10.56 14.93 16.17 18.69 23.70 43.36 33.88 42.97
 8144.25 13.74 12.91 12.36 11.00 11.34 15.84 17.16 19.75 24.86 44.51 35.14 44.18
 8145.25 14.05 13.20 12.64 11.27 11.61 16.14 17.50 20.12 25.27 44.85 35.58 44.60
 8146.25 13.93 13.08 12.53 11.17 11.51 15.97 17.35 19.96 25.07 44.40 35.30 44.22
 8147.25 12.79 11.97 11.45 10.17 10.49 14.68 16.04 18.55 23.52 42.52 33.59 42.41
 8148.25 10.26  9.55  9.11  8.04  8.31 11.86 13.08 15.31 19.84 38.00 29.38 37.96
 8149.25  9.38  8.72  8.31  7.32  7.57 10.85 12.03 14.13 18.46 36.07 27.71 36.11
 8150.25 11.31 10.53 10.05  8.89  9.19 12.94 14.32 16.68 21.47 39.93 31.35 40.04
 8151.25 13.68 12.79 12.24 10.91 11.25 15.49 17.05 19.66 24.80 43.71 35.10 43.89
 8152.25 13.97 13.06 12.51 11.17 11.52 15.75 17.35 19.96 25.10 43.71 35.31 43.96
 8153.25 13.65 12.74 12.21 10.89 11.24 15.35 16.96 19.53 24.60 42.88 34.69 43.20
 8154.25 13.36 12.46 11.93 10.64 10.98 14.99 16.61 19.14 24.14 42.08 34.10 42.48
 8155.25 13.72 12.79 12.25 10.93 11.28 15.33 17.03 19.60 24.70 42.79 34.81 43.26
 8156.25 14.33 13.35 12.80 11.44 11.80 15.95 17.73 20.38 25.61 43.95 35.93 44.50
 8157.25 14.23 13.26 12.71 11.36 11.73 15.80 17.60 20.23 25.42 43.49 35.66 44.11
 8158.25 14.07 13.09 12.55 11.21 11.58 15.57 17.40 20.00 25.16 42.99 35.33 43.68
 8159.25 14.39 13.39 12.84 11.48 11.85 15.89 17.78 20.43 25.69 43.67 36.01 44.44
 8160.25 14.19 13.18 12.64 11.29 11.67 15.62 17.54 20.16 25.38 43.15 35.64 43.99
 8161.25 13.14 12.19 11.68 10.42 10.77 14.46 16.30 18.79 23.77 40.72 33.60 41.60
 8162.25 12.69 11.75 11.25 10.03 10.37 13.92 15.76 18.20 23.08 39.65 32.75 40.59
 8163.25 13.28 12.30 11.78 10.52 10.88 14.52 16.46 18.97 24.01 40.85 33.91 41.89
 8164.25 13.23 12.25 11.73 10.47 10.84 14.42 16.38 18.87 23.87 40.44 33.69 41.55
 8165.25 13.55 12.53 12.01 10.73 11.10 14.72 16.75 19.29 24.39 41.09 34.37 42.31
 8166.25 14.27 13.20 12.65 11.31 11.70 15.44 17.59 20.24 25.52 42.63 35.83 43.98
 8167.25 14.43 13.34 12.79 11.44 11.84 15.57 17.77 20.43 25.75 42.81 36.11 44.26
 8168.25 13.94 12.87 12.34 11.03 11.42 15.01 17.18 19.78 24.98 41.55 35.11 43.05
 8169.25 13.21 12.18 11.67 10.42 10.79 14.19 16.31 18.80 23.82 39.71 33.60 41.26
 8170.25 13.44 12.39 11.87 10.61 10.99 14.39 16.57 19.10 24.18 40.07 34.05 41.73
 8171.25 14.44 13.32 12.77 11.43 11.84 15.40 17.74 20.39 25.70 42.06 35.96 43.88
 8172.25 14.76 13.60 13.05 11.68 12.11 15.69 18.10 20.80 26.19 42.64 36.58 44.56
 8173.25 14.59 13.43 12.88 11.53 11.95 15.47 17.91 20.60 25.99 42.30 36.37 44.33
 8174.25 14.53 13.36 12.81 11.46 11.89 15.36 17.82 20.51 25.89 42.05 36.26 44.17
 8175.25 14.47 13.30 12.75 11.41 11.84 15.25 17.74 20.42 25.77 41.71 36.08 43.91
 8176.25 13.83 12.69 12.16 10.88 11.29 14.54 16.97 19.56 24.73 40.08 34.74 42.31
 8177.25 13.16 12.06 11.55 10.33 10.72 13.80 16.17 18.66 23.63 38.37 33.33 40.63
 8178.25 13.31 12.20 11.67 10.45 10.85 13.91 16.34 18.85 23.85 38.57 33.63 40.93
 8179.25 13.93 12.77 12.22 10.95 11.37 14.51 17.06 19.65 24.78 39.77 34.85 42.29
 8180.25 14.50 13.28 12.71 11.40 11.84 15.05 17.71 20.38 25.63 40.87 35.96 43.54
 8181.25 14.30 13.09 12.52 11.23 11.67 14.81 17.47 20.12 25.31 40.33 35.58 43.08
 8182.25 14.12 12.91 12.34 11.06 11.50 14.58 17.25 19.88 25.03 39.86 35.27 42.70
 8183.25 14.56 13.31 12.73 11.42 11.88 15.00 17.75 20.45 25.68 40.64 36.11 43.62
 8184.25 14.91 13.63 13.04 11.71 12.18 15.33 18.15 20.88 26.15 41.12 36.70 44.23
 8185.25 14.73 13.45 12.85 11.55 12.01 15.10 17.92 20.63 25.85 40.60 36.34 43.78
 8186.25 14.24 12.98 12.40 11.13 11.59 14.58 17.35 20.01 25.13 39.56 35.48 42.80
 8187.25 14.34 13.06 12.47 11.20 11.67 14.64 17.46 20.14 25.27 39.67 35.71 43.03
 8188.25 14.23 12.95 12.36 11.10 11.57 14.50 17.31 19.97 25.05 39.21 35.41 42.64
 8189.25 13.12 11.90 11.34 10.16 10.61 13.34 16.04 18.59 23.48 37.20 33.61 40.67
 8190.25 12.30 11.11 10.57  9.44  9.87 12.49 15.14 17.65 22.50 36.29 32.77 39.95
 8191.25 13.04 11.79 11.22 10.04 10.50 13.21 15.99 18.60 23.59 37.57 34.11 41.39
 8192.25 13.94 12.64 12.04 10.81 11.29 14.08 16.96 19.61 24.62 38.35 35.09 42.21
 8193.25 13.95 12.64 12.05 10.83 11.32 14.06 16.94 19.57 24.51 37.93 34.86 41.83
 8194.25 14.63 13.27 12.65 11.38 11.90 14.71 17.72 20.43 25.49 39.09 36.09 43.19
 8195.25 14.92 13.52 12.89 11.60 12.13 14.97 18.04 20.80 25.92 39.59 36.69 43.85
 8196.25 13.67 12.34 11.73 10.53 11.03 13.68 16.64 19.30 24.27 37.67 34.92 42.03
 8197.25 11.81 10.61 10.07  8.99  9.44 11.80 14.51 16.96 21.59 34.29 31.77 38.63
 8198.25 12.26 11.02 10.46  9.36  9.83 12.22 15.01 17.50 22.17 34.78 32.40 39.24
 8199.25 14.07 12.69 12.07 10.86 11.38 13.99 17.03 19.69 24.60 37.44 35.16 42.08
 8200.25 14.71 13.29 12.65 11.40 11.95 14.60 17.72 20.42 25.36 38.09 35.95 42.83
 8201.25 14.91 13.46 12.81 11.55 12.11 14.76 17.94 20.67 25.65 38.39 36.38 43.31
 8202.25 15.04 13.57 12.91 11.63 12.20 14.85 18.10 20.86 25.90 38.70 36.80 43.81
 8203.25 15.03 13.55 12.88 11.61 12.19 14.81 18.09 20.86 25.90 38.62 36.85 43.87
 8204.25 14.94 13.45 12.78 11.52 12.10 14.69 17.98 20.74 25.75 38.33 36.72 43.71
 8205.25 14.88 13.38 12.71 11.46 12.04 14.59 17.90 20.66 25.66 38.11 36.64 43.61
 8206.25 14.86 13.36 12.68 11.43 12.02 14.55 17.87 20.64 25.63 37.97 36.65 43.61
 8207.25 14.84 13.33 12.65 11.40 12.00 14.49 17.85 20.61 25.59 37.81 36.63 43.58
 8208.25 14.75 13.24 12.56 11.32 11.92 14.38 17.74 20.49 25.45 37.52 36.49 43.41
 8209.25 14.26 12.76 12.10 10.89 11.48 13.85 17.18 19.89 24.78 36.65 35.77 42.65
 8210.25 14.05 12.56 11.91 10.71 11.30 13.62 16.94 19.63 24.48 36.19 35.46 42.30
 8211.25 14.35 12.84 12.18 10.96 11.56 13.89 17.26 19.97 24.82 36.39 35.81 42.61
 8212.25 14.66 13.12 12.44 11.21 11.83 14.15 17.57 20.30 25.15 36.58 36.15 42.90
 8213.25 14.98 13.41 12.73 11.47 12.11 14.44 17.93 20.69 25.57 36.95 36.67 43.43
 8214.25 15.16 13.56 12.87 11.60 12.25 14.57 18.11 20.89 25.78 37.07 36.93 43.70
 8215.25 15.03 13.44 12.75 11.49 12.14 14.42 17.98 20.74 25.62 36.79 36.81 43.56
 8216.25 14.64 13.06 12.38 11.14 11.79 14.00 17.54 20.28 25.12 36.16 36.30 43.04
 8217.25 14.35 12.79 12.11 10.90 11.54 13.69 17.20 19.90 24.66 35.50 35.73 42.38
 8218.25 14.41 12.84 12.17 10.95 11.60 13.72 17.25 19.93 24.65 35.37 35.66 42.22
 8219.25 14.94 13.32 12.63 11.38 12.05 14.20 17.84 20.57 25.36 36.18 36.54 43.15
 8220.25 15.08 13.44 12.74 11.48 12.17 14.30 17.99 20.74 25.54 36.36 36.78 43.40
 8221.25 14.95 13.31 12.62 11.37 12.05 14.14 17.82 20.55 25.30 35.99 36.47 43.02
 8222.25 15.08 13.42 12.73 11.47 12.16 14.23 17.95 20.69 25.43 36.10 36.63 43.16
 8223.25 15.04 13.38 12.69 11.43 12.13 14.17 17.90 20.62 25.34 35.93 36.53 43.01
 8224.25 14.65 13.02 12.33 11.10 11.79 13.77 17.47 20.15 24.80 35.26 35.93 42.34
 8225.25 14.17 12.56 11.89 10.68 11.37 13.28 16.93 19.58 24.19 34.56 35.29 41.68
 8226.25 13.50 11.94 11.30 10.14 10.81 12.62 16.16 18.71 23.17 33.21 33.98 40.19
 8227.25 12.78 11.29 10.68  9.58 10.22 11.93 15.29 17.72 21.95 31.46 32.26 38.15
 8228.25 12.52 11.05 10.45  9.38 10.01 11.66 14.96 17.33 21.44 30.66 31.49 37.20
 8229.25 13.73 12.15 11.50 10.35 11.03 12.79 16.34 18.84 23.18 32.77 33.71 39.62
 8230.25 14.39 12.74 12.07 10.87 11.59 13.40 17.08 19.67 24.13 33.94 34.96 40.99
 8231.25 13.91 12.29 11.63 10.46 11.17 12.92 16.53 19.07 23.45 33.09 34.16 40.11
 8232.25 14.31 12.64 11.96 10.76 11.49 13.27 17.00 19.61 24.09 33.94 35.10 41.18
 8233.25 14.73 13.01 12.32 11.08 11.84 13.64 17.48 20.13 24.70 34.67 35.92 42.07
 8234.25 14.67 12.94 12.25 11.02 11.78 13.56 17.40 20.05 24.61 34.52 35.84 41.96
 8235.25 14.97 13.21 12.50 11.25 12.03 13.82 17.75 20.44 25.07 35.10 36.50 42.70
 8236.25 15.27 13.47 12.75 11.49 12.28 14.08 18.06 20.78 25.44 35.47 36.95 43.14
 8237.25 15.29 13.49 12.76 11.50 12.31 14.08 18.08 20.79 25.43 35.39 36.93 43.08
 8238.25 15.33 13.51 12.78 11.52 12.33 14.09 18.12 20.84 25.49 35.44 37.06 43.21
 8239.25 15.36 13.52 12.80 11.53 12.35 14.09 18.14 20.86 25.51 35.41 37.09 43.22
 8240.25 15.30 13.46 12.73 11.47 12.29 14.01 18.07 20.78 25.41 35.25 37.01 43.10
 8241.25 15.35 13.49 12.76 11.50 12.33 14.03 18.11 20.83 25.47 35.30 37.12 43.21
 8242.25 14.78 12.96 12.25 11.03 11.84 13.48 17.48 20.15 24.70 34.35 36.23 42.24
 8243.25 13.34 11.63 10.97  9.84 10.59 12.10 15.87 18.40 22.75 32.07 33.98 39.85
 8244.25 13.31 11.59 10.92  9.79 10.55 12.04 15.84 18.39 22.77 32.15 34.14 40.07
 8245.25 14.62 12.77 12.05 10.84 11.66 13.24 17.29 19.97 24.53 34.13 36.24 42.25
 8246.25 15.14 13.24 12.51 11.26 12.11 13.71 17.86 20.58 25.17 34.79 36.97 42.97
 8247.25 15.17 13.25 12.52 11.28 12.13 13.71 17.88 20.61 25.19 34.76 37.01 42.99
 8248.25 14.84 12.94 12.22 10.99 11.84 13.38 17.52 20.23 24.78 34.28 36.61 42.57
 8249.25 13.90 12.06 11.37 10.20 11.01 12.47 16.48 19.12 23.58 32.96 35.35 41.29
 8250.25 13.63 11.80 11.12  9.97 10.78 12.19 16.17 18.79 23.21 32.51 34.97 40.89
 8251.25 14.50 12.59 11.88 10.68 11.53 12.98 17.11 19.80 24.28 33.59 36.12 42.00
 8252.25 15.07 13.12 12.39 11.16 12.03 13.50 17.71 20.43 24.92 34.15 36.73 42.53
 8253.25 15.24 13.26 12.53 11.29 12.18 13.64 17.88 20.61 25.10 34.29 36.94 42.72
 8254.25 15.50 13.49 12.75 11.49 12.40 13.86 18.17 20.93 25.44 34.63 37.37 43.15
 8255.25 15.26 13.27 12.53 11.30 12.20 13.62 17.89 20.62 25.07 34.12 36.90 42.61
 8256.25 14.21 12.31 11.61 10.44 11.29 12.62 16.71 19.33 23.62 32.38 35.16 40.72
 8257.25 13.77 11.88 11.20 10.06 10.90 12.18 16.23 18.84 23.10 31.83 34.71 40.30
 8258.25 14.60 12.63 11.91 10.71 11.60 12.92 17.16 19.85 24.22 33.10 36.09 41.75
 8259.25 15.24 13.22 12.48 11.25 12.17 13.51 17.84 20.56 24.94 33.75 36.79 42.39
 8260.25 15.45 13.40 12.66 11.42 12.35 13.68 18.07 20.79 25.18 33.95 37.07 42.64
 8261.25 15.66 13.57 12.82 11.57 12.51 13.84 18.31 21.05 25.49 34.30 37.52 43.13
 8262.25 15.52 13.43 12.68 11.44 12.38 13.69 18.15 20.88 25.29 34.03 37.32 42.91
 8263.25 15.31 13.24 12.50 11.27 12.20 13.47 17.92 20.62 24.97 33.59 36.92 42.44
 8264.25 15.53 13.42 12.67 11.43 12.38 13.65 18.15 20.87 25.24 33.84 37.26 42.78
 8265.25 15.83 13.68 12.92 11.66 12.62 13.90 18.48 21.22 25.62 34.25 37.76 43.30
 8266.25 15.91 13.74 12.98 11.71 12.68 13.94 18.57 21.31 25.71 34.30 37.90 43.42
 8267.25 15.79 13.63 12.86 11.61 12.57 13.82 18.44 21.17 25.56 34.10 37.76 43.27
 8268.25 15.77 13.59 12.83 11.58 12.54 13.78 18.42 21.14 25.51 33.99 37.72 43.20
 8269.25 15.82 13.64 12.87 11.62 12.59 13.82 18.48 21.19 25.55 33.99 37.77 43.22
 8270.25 15.73 13.54 12.78 11.53 12.49 13.71 18.37 21.07 25.41 33.82 37.64 43.07
 8271.25 15.27 13.12 12.37 11.16 12.10 13.28 17.87 20.53 24.80 33.09 36.91 42.28
 8272.25 15.11 12.96 12.23 11.03 11.96 13.12 17.68 20.31 24.52 32.72 36.55 41.85
 8273.25 15.13 12.98 12.24 11.05 11.98 13.13 17.70 20.31 24.50 32.64 36.49 41.73
 8274.25 14.76 12.64 11.92 10.76 11.67 12.78 17.28 19.84 23.95 31.95 35.77 40.92
 8275.25 15.11 12.94 12.21 11.03 11.95 13.08 17.67 20.26 24.42 32.49 36.40 41.57
 8276.25 15.28 13.08 12.35 11.16 12.09 13.22 17.86 20.46 24.63 32.72 36.67 41.85
 8277.25 15.18 12.97 12.23 11.05 11.98 13.10 17.75 20.36 24.54 32.65 36.68 41.87
 8278.25 14.42 12.25 11.55 10.41 11.30 12.37 16.94 19.50 23.64 31.73 35.83 41.04
 8279.25 10.90  9.13  8.56  7.67  8.37  9.22 12.99 15.17 18.79 26.13 30.03 34.99
 8280.25  7.44  6.15  5.76  5.12  5.62  6.22  8.98 10.61 13.41 19.34 22.69 26.98
 8281.25  7.33  6.06  5.67  5.05  5.54  6.12  8.86 10.46 13.22 19.07 22.42 26.63
 8282.25  7.81  6.46  6.04  5.39  5.91  6.52  9.41 11.10 13.99 20.05 23.56 27.85
 8283.25  5.92  4.87  4.55  4.05  4.45  4.91  7.17  8.50 10.81 15.77 18.76 22.42
 8284.25  5.62  4.61  4.31  3.84  4.22  4.66  6.82  8.09 10.29 15.04 17.97 21.49
 8285.25  8.24  6.80  6.37  5.68  6.23  6.86  9.93 11.68 14.68 20.92 24.71 29.06
 8286.25 12.41 10.37  9.76  8.77  9.56 10.45 14.72 17.06 20.93 28.54 33.01 37.89
 8287.25 11.48  9.56  8.99  8.08  8.81  9.63 13.64 15.84 19.51 26.75 31.10 35.77
 8288.25  7.83  6.44  6.03  5.39  5.91  6.49  9.43 11.10 13.94 19.84 23.59 27.66
 8289.25  6.82  5.58  5.23  4.66  5.11  5.62  8.24  9.71 12.28 17.64 21.17 24.94
 8290.25  5.07  4.13  3.87  3.44  3.78  4.16  6.15  7.28  9.27 13.50 16.38 19.46
 8291.25  4.83  3.93  3.68  3.27  3.60  3.95  5.86  6.93  8.84 12.89 15.70 18.66
 8292.25  7.78  6.36  5.97  5.33  5.84  6.40  9.37 10.99 13.84 19.66 23.61 27.58
 8293.25 11.71  9.70  9.13  8.21  8.95  9.75 13.91 16.09 19.81 27.03 31.76 36.27
 8294.25 14.06 11.77 11.12 10.06 10.92 11.82 16.50 18.86 22.84 30.28 35.11 39.56
 8295.25 15.62 13.15 12.46 11.31 12.24 13.20 18.19 20.66 24.78 32.38 37.35 41.81
 8296.25 15.43 12.94 12.25 11.11 12.04 12.99 18.01 20.47 24.65 32.34 37.46 41.98
 8297.25 10.82  8.87  8.35  7.50  8.19  8.90 12.87 14.89 18.46 25.35 30.20 34.51
 8298.25  7.19  5.82  5.46  4.88  5.35  5.84  8.65 10.12 12.80 18.20 22.24 25.88
 8299.25  7.18  5.79  5.44  4.86  5.33  5.81  8.62 10.08 12.75 18.10 22.17 25.75
 8300.25  5.52  4.42  4.15  3.71  4.07  4.44  6.64  7.78  9.90 14.21 17.59 20.55
 8301.25  4.33  3.45  3.24  2.89  3.17  3.46  5.21  6.12  7.82 11.31 14.13 16.58
 8302.25  6.49  5.19  4.87  4.36  4.78  5.20  7.77  9.07 11.50 16.35 20.22 23.46
 8303.25 12.02  9.77  9.22  8.31  9.05  9.78 14.13 16.21 19.98 26.98 32.27 36.43
 8304.25 12.45 10.13  9.57  8.64  9.40 10.14 14.60 16.69 20.50 27.48 32.79 36.87
 8305.25 12.50 10.15  9.59  8.66  9.41 10.16 14.63 16.71 20.50 27.44 32.79 36.80
 8306.25 13.95 11.38 10.77  9.75 10.57 11.38 16.25 18.45 22.49 29.73 35.33 39.43
 8307.25 14.84 12.13 11.48 10.41 11.28 12.12 17.21 19.47 23.62 31.00 36.73 40.85
 8308.25 15.85 13.00 12.33 11.21 12.12 12.99 18.28 20.59 24.82 32.24 38.05 42.12
 8309.25 16.36 13.45 12.76 11.62 12.54 13.42 18.82 21.13 25.39 32.80 38.67 42.70
 8310.25 16.00 13.09 12.42 11.30 12.20 13.07 18.41 20.68 24.92 32.27 38.18 42.18
 8311.25 13.14 10.58 10.00  9.05  9.82 10.56 15.29 17.33 21.24 28.20 33.99 37.90
 8312.25  8.13  6.40  6.02  5.40  5.90  6.38  9.61 11.06 13.95 19.39 24.25 27.60
 8313.25  7.10  5.55  5.22  4.68  5.11  5.53  8.41  9.68 12.28 17.22 21.76 24.87
 8314.25 10.63  8.41  7.93  7.14  7.77  8.37 12.44 14.18 17.66 23.96 29.57 33.24
 8315.25 15.52 12.56 11.91 10.82 11.69 12.51 17.84 19.98 24.17 31.32 37.47 41.31
 8316.25 16.30 13.24 12.57 11.45 12.34 13.18 18.64 20.80 25.02 32.14 38.31 42.09
 8317.25 16.23 13.16 12.50 11.38 12.27 13.10 18.56 20.68 24.88 31.94 38.13 41.86
 8318.25 15.93 12.87 12.22 11.12 11.99 12.80 18.21 20.30 24.47 31.46 37.67 41.36
 8319.25 14.99 12.01 11.39 10.32 11.16 11.93 17.21 19.25 23.39 30.36 36.70 40.41
 8320.25 13.51 10.72 10.15  9.17  9.94 10.65 15.59 17.51 21.47 28.21 34.49 38.13
 8321.25 13.43 10.65 10.09  9.12  9.88 10.57 15.47 17.34 21.22 27.81 33.98 37.51
 8322.25 15.27 12.20 11.59 10.52 11.35 12.12 17.46 19.43 23.54 30.37 36.75 40.31
 8323.25 16.69 13.41 12.76 11.61 12.51 13.32 18.99 21.04 25.32 32.35 38.92 42.53
 8324.25 16.85 13.52 12.86 11.71 12.61 13.42 19.14 21.19 25.49 32.55 39.19 42.78
 8325.25 16.80 13.44 12.79 11.63 12.53 13.33 19.06 21.09 25.38 32.42 39.10 42.66
 8326.25 17.10 13.67 13.02 11.85 12.75 13.56 19.34 21.35 25.64 32.69 39.38 42.91
 8327.25 17.33 13.83 13.17 11.99 12.90 13.71 19.54 21.54 25.82 32.88 39.60 43.10
 8328.25 17.43 13.87 13.22 12.04 12.94 13.74 19.59 21.57 25.83 32.87 39.61 43.06
 8329.25 17.45 13.86 13.21 12.03 12.93 13.72 19.56 21.50 25.72 32.69 39.41 42.79
 8330.25 17.49 13.84 13.19 12.02 12.92 13.70 19.56 21.49 25.70 32.69 39.45 42.82
 8331.25 17.50 13.78 13.14 11.96 12.86 13.64 19.54 21.46 25.68 32.73 39.59 42.96
 8332.25 17.27 13.53 12.90 11.73 12.62 13.39 19.26 21.16 25.35 32.39 39.29 42.62
 8333.25 17.14 13.37 12.75 11.59 12.46 13.22 19.08 20.94 25.10 32.12 39.05 42.32
 8334.25 17.22 13.39 12.77 11.60 12.48 13.23 19.12 20.97 25.12 32.14 39.15 42.36
 8335.25 17.32 13.43 12.81 11.64 12.52 13.27 19.19 21.02 25.17 32.21 39.29 42.45
 8336.25 17.46 13.50 12.88 11.71 12.59 13.34 19.30 21.12 25.27 32.33 39.50 42.60
 8337.25 17.61 13.59 12.96 11.79 12.67 13.41 19.41 21.22 25.36 32.44 39.68 42.72
 8338.25 17.11 13.12 12.51 11.37 12.22 12.95 18.84 20.59 24.66 31.64 38.87 41.83
 8339.25 15.63 11.80 11.24 10.17 10.97 11.64 17.25 18.91 22.85 29.72 36.97 39.86
 8340.25 14.90 11.13 10.59  9.56 10.33 10.97 16.45 18.06 21.96 28.83 36.20 39.07
 8341.25 15.76 11.80 11.24 10.17 10.96 11.63 17.32 18.96 22.93 29.91 37.41 40.23
 8342.25 17.13 12.92 12.34 11.19 12.03 12.74 18.71 20.38 24.44 31.50 39.08 41.83
 8343.25 16.36 12.22 11.66 10.55 11.36 12.03 17.86 19.48 23.48 30.50 38.16 40.86
 8344.25 11.14  8.01  7.61  6.83  7.40  7.88 12.28 13.53 16.78 22.80 29.81 32.28
 8345.25  6.27  4.40  4.17  3.72  4.04  4.32  6.94  7.70  9.74 13.72 18.70 20.47
 8346.25  3.64  2.53  2.40  2.13  2.32  2.48  4.03  4.48  5.70  8.14 11.30 12.41
 8347.25  3.37  2.33  2.21  1.97  2.14  2.29  3.72  4.13  5.26  7.52 10.48 11.49
 8348.25  6.21  4.30  4.08  3.64  3.95  4.22  6.81  7.52  9.50 13.39 18.38 19.99
 8349.25 14.23 10.25  9.79  8.81  9.50 10.08 15.38 16.75 20.40 27.05 34.85 37.13
 8350.25 17.07 12.49 11.95 10.81 11.61 12.28 18.30 19.81 23.78 30.85 38.99 41.26
 8351.25 14.56 10.39  9.92  8.92  9.62 10.21 15.65 17.03 20.74 27.55 35.65 37.85
 8352.25 13.21  9.30  8.87  7.95  8.60  9.13 14.19 15.47 18.99 25.54 33.52 35.63
 8353.25 12.31  8.60  8.20  7.34  7.94  8.44 13.20 14.41 17.75 24.04 31.84 33.85
 8354.25  7.10  4.82  4.58  4.08  4.43  4.72  7.63  8.39 10.55 14.86 20.62 22.11
 8355.25  5.42  3.64  3.46  3.07  3.34  3.57  5.81  6.39  8.08 11.51 16.23 17.42
 8356.25  7.93  5.34  5.09  4.53  4.91  5.24  8.45  9.26 11.60 16.26 22.54 24.03
 8357.25 14.84 10.37  9.92  8.91  9.60 10.18 15.62 16.90 20.53 27.27 35.65 37.47
 8358.25 17.90 12.75 12.24 11.05 11.86 12.53 18.70 20.11 24.04 31.17 39.86 41.64
 8359.25 18.44 13.13 12.61 11.40 12.22 12.90 19.18 20.59 24.54 31.72 40.50 42.22
 8360.25 18.75 13.33 12.81 11.59 12.41 13.10 19.43 20.83 24.79 31.97 40.82 42.48
 8361.25 18.16 12.77 12.27 11.07 11.88 12.54 18.75 20.11 24.02 31.15 40.03 41.64
 8362.25 16.03 10.99 10.55  9.47 10.18 10.78 16.51 17.79 21.49 28.41 37.26 38.80
 8363.25 14.61  9.83  9.43  8.43  9.09  9.64 15.01 16.20 19.74 26.47 35.28 36.75
 8364.25 15.20 10.22  9.81  8.78  9.46 10.03 15.55 16.76 20.36 27.20 36.16 37.59
 8365.25 14.52  9.67  9.27  8.29  8.93  9.48 14.80 15.96 19.45 26.15 35.07 36.42
 8366.25 10.54  6.80  6.51  5.78  6.26  6.65 10.71 11.60 14.39 19.97 27.85 29.02
 8367.25  9.15  5.82  5.57  4.94  5.35  5.70  9.25 10.04 12.52 17.56 24.87 25.91
 8368.25 12.29  7.93  7.61  6.77  7.31  7.77 12.37 13.36 16.44 22.54 31.07 32.20
 8369.25 16.94 11.29 10.86  9.74 10.46 11.07 16.97 18.18 21.88 28.91 38.30 39.44
 8370.25 19.13 12.98 12.51 11.27 12.07 12.74 19.09 20.35 24.20 31.41 40.92 41.99
 8371.25 19.61 13.32 12.85 11.59 12.39 13.07 19.51 20.76 24.63 31.85 41.42 42.44
 8372.25 19.72 13.35 12.88 11.61 12.42 13.09 19.55 20.78 24.64 31.87 41.50 42.46
 8373.25 19.88 13.43 12.96 11.69 12.50 13.17 19.64 20.86 24.70 31.91 41.56 42.46
 8374.25 19.86 13.35 12.89 11.61 12.42 13.09 19.55 20.75 24.58 31.79 41.51 42.35
 8375.25 19.84 13.27 12.81 11.54 12.34 13.00 19.46 20.65 24.48 31.70 41.49 42.28
 8376.25 19.98 13.33 12.87 11.59 12.39 13.06 19.53 20.71 24.52 31.74 41.56 42.29
 8377.25 19.93 13.22 12.77 11.50 12.29 12.95 19.42 20.58 24.38 31.62 41.52 42.19
 8378.25 19.53 12.81 12.37 11.11 11.89 12.54 18.95 20.09 23.87 31.12 41.12 41.74
 8379.25 19.77 12.94 12.50 11.24 12.02 12.67 19.12 20.25 24.04 31.32 41.39 41.96
 8380.25 19.96 13.04 12.60 11.32 12.10 12.76 19.24 20.36 24.15 31.45 41.57 42.08
 8381.25 18.05 11.48 11.07  9.90 10.62 11.22 17.30 18.36 22.00 29.15 39.30 39.75
 8382.25 15.14  9.30  8.96  7.96  8.56  9.08 14.41 15.34 18.65 25.37 35.25 35.64
 8383.25 11.74  7.00  6.73  5.96  6.42  6.82 11.10 11.85 14.61 20.38 29.32 29.63
 8384.25  7.92  4.60  4.42  3.90  4.21  4.48  7.44  7.97  9.93 14.22 21.22 21.43
 8385.25  8.27  4.80  4.62  4.07  4.39  4.67  7.75  8.30 10.33 14.76 22.01 22.18
 8386.25 14.19  8.57  8.27  7.33  7.89  8.36 13.37 14.21 17.30 23.72 33.46 33.62
 8387.25 20.04 12.82 12.41 11.13 11.89 12.53 19.02 20.06 23.76 31.10 41.63 41.73
 8388.25 20.56 13.25 12.83 11.52 12.29 12.95 19.55 20.58 24.31 31.69 42.30 42.31
 8389.25 20.28 13.01 12.61 11.31 12.06 12.71 19.27 20.30 24.00 31.38 42.12 42.02
 8390.25 20.47 13.16 12.76 11.45 12.21 12.86 19.47 20.49 24.19 31.59 42.44 42.23
 8391.25 20.37 13.09 12.69 11.38 12.14 12.78 19.39 20.39 24.08 31.49 42.47 42.14
 8392.25 19.23 12.17 11.80 10.54 11.26 11.87 18.27 19.25 22.85 30.21 41.31 40.87
 8393.25 18.55 11.65 11.29 10.07 10.76 11.36 17.62 18.57 22.12 29.42 40.60 40.05
 8394.25 19.14 12.11 11.74 10.49 11.20 11.81 18.19 19.15 22.73 30.08 41.38 40.71
 8395.25 20.32 13.05 12.67 11.35 12.10 12.74 19.36 20.34 23.97 31.41 42.83 42.05
 8396.25 20.72 13.38 13.00 11.65 12.41 13.06 19.76 20.73 24.37 31.84 43.36 42.47
 8397.25 20.51 13.21 12.84 11.50 12.25 12.90 19.56 20.53 24.15 31.61 43.24 42.24
 8398.25 20.32 13.05 12.68 11.35 12.09 12.74 19.38 20.33 23.93 31.41 43.18 42.06
 8399.25 16.39 10.11  9.80  8.70  9.31  9.85 15.56 16.40 19.64 26.63 38.19 36.98
 8400.25  7.49  4.33  4.19  3.67  3.95  4.21  7.05  7.49  9.26 13.39 21.17 20.24
 8401.25  4.43  2.53  2.45  2.14  2.31  2.46  4.17  4.43  5.51  8.09 13.19 12.51
 8402.25  5.37  3.07  2.98  2.60  2.80  2.99  5.05  5.37  6.66  9.75 15.85 14.99
 8403.25 11.65  6.91  6.70  5.90  6.32  6.72 11.02 11.65 14.18 19.97 30.51 29.01
 8404.25 19.60 12.48 12.15 10.84 11.53 12.18 18.71 19.61 23.09 30.59 43.02 41.24
 8405.25 20.70 13.37 13.03 11.65 12.38 13.06 19.79 20.70 24.24 31.79 44.30 42.42
 8406.25 20.75 13.41 13.07 11.69 12.42 13.09 19.85 20.75 24.28 31.86 44.49 42.50
 8407.25 20.79 13.44 13.10 11.72 12.44 13.12 19.89 20.79 24.31 31.90 44.65 42.54
 8408.25 20.71 13.39 13.06 11.68 12.39 13.08 19.83 20.72 24.21 31.79 44.62 42.41
 8409.25 20.51 13.22 12.89 11.52 12.23 12.91 19.63 20.51 23.99 31.57 44.52 42.20
 8410.25 20.38 13.10 12.78 11.41 12.11 12.79 19.50 20.38 23.84 31.45 44.55 42.11
 8411.25 20.45 13.16 12.83 11.46 12.16 12.84 19.58 20.45 23.91 31.54 44.77 42.22
 8412.25 20.58 13.27 12.94 11.56 12.26 12.95 19.71 20.58 24.03 31.69 45.03 42.37
 8413.25 20.62 13.30 12.98 11.59 12.29 12.99 19.76 20.62 24.07 31.73 45.18 42.42
 8414.25 20.58 13.28 12.96 11.57 12.27 12.96 19.73 20.58 24.01 31.68 45.22 42.35
 8415.25 18.89 11.97 11.67 10.37 11.02 11.67 18.10 18.91 22.23 29.78 43.41 40.42
 8416.25 11.28  6.70  6.52  5.71  6.11  6.51 10.77 11.33 13.71 19.54 31.33 28.56
 8417.25  6.85  3.98  3.87  3.38  3.62  3.87  6.55  6.91  8.46 12.43 21.13 18.96
 8418.25  7.75  4.55  4.43  3.86  4.13  4.42  7.45  7.85  9.59 14.03 23.67 21.22
 8419.25 14.26  8.78  8.57  7.53  8.03  8.55 13.82 14.48 17.29 24.09 37.45 34.13
 8420.25 19.75 12.87 12.59 11.20 11.86 12.56 19.28 20.08 23.42 31.15 45.40 41.87
 8421.25 20.09 13.21 12.93 11.51 12.18 12.89 19.69 20.50 23.85 31.61 45.96 42.33
 8422.25 19.80 13.02 12.75 11.34 12.00 12.71 19.47 20.26 23.60 31.36 45.83 42.09
 8423.25 19.81 13.09 12.82 11.40 12.05 12.77 19.55 20.34 23.66 31.44 46.02 42.17
 8424.25 19.43 12.83 12.57 11.17 11.80 12.51 19.25 20.02 23.32 31.10 45.80 41.84
 8425.25 18.40 12.05 11.81 10.46 11.06 11.75 18.29 19.04 22.28 29.99 44.82 40.74
 8426.25 17.99 11.79 11.55 10.22 10.81 11.49 17.96 18.70 21.91 29.60 44.52 40.34
 8427.25 18.39 12.16 11.93 10.56 11.16 11.85 18.43 19.17 22.41 30.14 45.18 40.90
 8428.25 17.78 11.73 11.51 10.17 10.75 11.42 17.89 18.61 21.81 29.50 44.63 40.25
 8429.25 16.49 10.78 10.58  9.32  9.85 10.49 16.66 17.35 20.45 27.99 43.15 38.67
 8430.25 13.61  8.73  8.57  7.51  7.95  8.49 13.81 14.42 17.17 24.08 38.68 34.23
 8431.25  6.45  4.00  3.92  3.40  3.61  3.88  6.59  6.91  8.41 12.42 22.08 18.93
 8432.25  3.79  2.34  2.30  1.99  2.12  2.27  3.90  4.09  5.00  7.49 13.77 11.65
 8433.25  4.54  2.82  2.77  2.40  2.55  2.74  4.69  4.92  6.01  8.97 16.42 13.89
 8434.25  9.86  6.31  6.20  5.40  5.72  6.13 10.22 10.68 12.85 18.52 31.58 27.27
 8435.25 16.66 11.21 11.04  9.72 10.24 10.92 17.25 17.93 21.05 28.68 44.50 39.42
 8436.25 16.34 11.01 10.85  9.55 10.05 10.72 16.99 17.66 20.76 28.36 44.26 39.08
 8437.25 16.67 11.32 11.16  9.82 10.33 11.02 17.40 18.07 21.19 28.85 44.88 39.60
 8438.25 18.78 13.09 12.92 11.45 12.00 12.76 19.64 20.33 23.58 31.44 47.58 42.24
 8439.25 19.72 13.95 13.79 12.25 12.82 13.62 20.69 21.37 24.66 32.56 48.75 43.34
 8440.25 19.68 13.98 13.82 12.28 12.85 13.64 20.74 21.40 24.69 32.59 48.88 43.38
 8441.25 19.53 13.91 13.76 12.22 12.78 13.58 20.69 21.33 24.60 32.51 48.92 43.31
 8442.25 19.43 13.89 13.74 12.20 12.75 13.56 20.68 21.30 24.57 32.48 49.01 43.28
 8443.25 19.26 13.80 13.66 12.12 12.66 13.47 20.61 21.20 24.46 32.38 49.09 43.20
 8444.25 19.20 13.81 13.68 12.13 12.67 13.48 20.65 21.22 24.47 32.40 49.31 43.22
 8445.25 19.11 13.78 13.66 12.11 12.64 13.45 20.64 21.18 24.43 32.36 49.49 43.19
 8446.25 19.04 13.77 13.65 12.10 12.62 13.44 20.65 21.18 24.42 32.36 49.69 43.20
 8447.25 18.16 13.05 12.94 11.44 11.94 12.73 19.81 20.31 23.52 31.43 49.04 42.31
 8448.25 16.20 11.47 11.37  9.98 10.44 11.17 17.84 18.30 21.38 29.14 46.98 40.00
 8449.25 16.14 11.45 11.36  9.97 10.42 11.16 17.85 18.28 21.35 29.12 47.17 39.98
 8450.25 17.99 13.03 12.94 11.42 11.91 12.71 19.86 20.29 23.48 31.41 49.64 42.30
 8451.25 18.70 13.68 13.59 12.03 12.51 13.35 20.66 21.08 24.29 32.26 50.63 43.13
 8452.25 17.11 12.38 12.30 10.83 11.28 12.07 19.08 19.46 22.59 30.47 49.12 41.36
 8453.25 10.42  7.22  7.17  6.22  6.50  7.02 11.88 12.14 14.48 20.78 37.72 30.31
 8454.25  6.31  4.30  4.28  3.69  3.86  4.18  7.29  7.45  9.00 13.36 26.39 20.41
 8455.25  7.00  4.81  4.78  4.12  4.31  4.67  8.12  8.29  9.99 14.76 28.93 22.38
 8456.25 12.51  8.87  8.83  7.68  8.01  8.63 14.38 14.63 17.28 24.33 43.01 34.63
 8457.25 17.46 12.86 12.82 11.29 11.72 12.55 19.82 20.10 23.24 31.20 50.87 42.15
 8458.25 18.20 13.54 13.50 11.91 12.35 13.21 20.66 20.92 24.09 32.10 51.92 43.04
 8459.25 18.10 13.50 13.46 11.88 12.31 13.17 20.64 20.88 24.04 32.05 52.05 42.98
 8460.25 18.16 13.59 13.56 11.97 12.40 13.27 20.77 20.99 24.14 32.16 52.33 43.08
 8461.25 18.15 13.63 13.61 12.00 12.43 13.30 20.84 21.03 24.19 32.21 52.60 43.15
 8462.25 17.54 13.14 13.12 11.55 11.96 12.82 20.27 20.45 23.57 31.59 52.23 42.56
 8463.25 16.88 12.61 12.60 11.06 11.45 12.30 19.65 19.80 22.89 30.88 51.77 41.87
 8464.25 16.85 12.62 12.62 11.08 11.46 12.31 19.69 19.82 22.91 30.91 52.00 41.90
 8465.25 15.19 11.28 11.29  9.86 10.21 11.00 17.95 18.06 21.01 28.81 50.05 39.73
 8466.25  7.86  5.63  5.64  4.85  5.04  5.47  9.58  9.63 11.51 16.88 34.12 25.25
 8467.25  4.20  2.99  2.99  2.56  2.66  2.90  5.19  5.21  6.29  9.47 20.80 14.73
 8468.25  4.35  3.11  3.11  2.67  2.77  3.02  5.41  5.42  6.53  9.83 21.65 15.28
 8469.25  8.55  6.22  6.23  5.36  5.55  6.04 10.55 10.56 12.58 18.33 36.95 27.19
 8470.25 16.09 12.24 12.27 10.74 11.07 11.93 19.30 19.30 22.31 30.28 52.52 41.28
 8471.25 17.87 13.82 13.86 12.20 12.56 13.49 21.31 21.28 24.39 32.49 54.83 43.50
 8472.25 17.88 13.88 13.92 12.26 12.60 13.54 21.40 21.35 24.46 32.57 55.09 43.58
 8473.25 17.84 13.89 13.94 12.27 12.61 13.56 21.43 21.37 24.46 32.58 55.29 43.60
 8474.25 17.65 13.76 13.81 12.15 12.48 13.42 21.30 21.21 24.30 32.42 55.34 43.44
 8475.25 16.91 13.14 13.20 11.58 11.89 12.82 20.58 20.47 23.53 31.62 54.82 42.68
 8476.25 15.02 11.54 11.60 10.10 10.38 11.24 18.55 18.43 21.37 29.30 52.77 40.34
 8477.25 14.48 11.10 11.17  9.71  9.97 10.81 17.99 17.85 20.75 28.60 52.25 39.62
 8478.25 16.44 12.80 12.87 11.26 11.55 12.47 20.21 20.03 23.07 31.14 54.93 42.22
 8479.25 17.60 13.84 13.93 12.24 12.53 13.50 21.51 21.31 24.40 32.52 56.37 43.57
 8480.25 17.69 13.95 14.05 12.34 12.63 13.61 21.67 21.44 24.54 32.67 56.68 43.71
 8481.25 17.70 13.98 14.08 12.36 12.65 13.63 21.72 21.47 24.58 32.71 56.93 43.77
 8482.25 17.68 13.98 14.08 12.37 12.64 13.63 21.75 21.47 24.58 32.72 57.13 43.80
 8483.25 17.65 13.98 14.09 12.37 12.64 13.63 21.78 21.46 24.58 32.73 57.33 43.82
 8484.25 17.63 13.99 14.10 12.37 12.63 13.63 21.82 21.46 24.59 32.75 57.53 43.84
 8485.25 17.64 14.01 14.13 12.40 12.66 13.66 21.89 21.49 24.63 32.78 57.75 43.89
 8486.25 17.50 13.91 14.04 12.31 12.55 13.56 21.80 21.37 24.50 32.65 57.80 43.76
 8487.25 17.24 13.70 13.83 12.11 12.35 13.34 21.57 21.11 24.24 32.38 57.74 43.51
 8488.25 17.07 13.57 13.69 11.99 12.22 13.21 21.45 20.95 24.08 32.23 57.80 43.38
 8489.25 17.27 13.77 13.90 12.18 12.40 13.41 21.73 21.19 24.34 32.50 58.24 43.66
 8490.25 17.57 14.06 14.18 12.46 12.67 13.70 22.11 21.53 24.70 32.86 58.73 44.01
 8491.25 17.58 14.10 14.22 12.49 12.70 13.73 22.19 21.57 24.74 32.91 58.93 44.06
 8492.25 17.37 13.93 14.04 12.34 12.54 13.56 22.02 21.37 24.54 32.70 58.93 43.87
 8493.25 16.63 13.29 13.39 11.73 11.92 12.92 21.27 20.58 23.73 31.87 58.38 43.07
 8494.25 11.88  9.27  9.34  8.08  8.22  8.98 15.77 15.17 17.86 25.18 51.33 35.87
 8495.25  7.16  5.49  5.53  4.74  4.83  5.31  9.81  9.37 11.25 16.62 38.78 25.14
 8496.25  7.01  5.38  5.42  4.65  4.73  5.20  9.65  9.20 11.05 16.33 38.42 24.76
 8497.25 11.19  8.74  8.80  7.62  7.73  8.47 15.07 14.40 17.02 24.15 50.47 34.68
 8498.25 15.52 12.42 12.49 10.94 11.08 12.06 20.32 19.47 22.58 30.64 57.82 41.86
 8499.25 15.56 12.47 12.54 11.00 11.13 12.11 20.43 19.54 22.66 30.73 57.80 41.95
 8500.25 15.83 12.73 12.80 11.24 11.37 12.37 20.79 19.87 23.01 31.11 58.08 42.36
 8501.25 16.59 13.43 13.49 11.89 12.02 13.05 21.70 20.72 23.92 32.07 58.88 43.33
 8502.25 16.18 13.09 13.14 11.57 11.69 12.71 21.31 20.30 23.48 31.62 58.36 42.89
 8503.25 15.19 12.23 12.28 10.78 10.89 11.87 20.25 19.23 22.35 30.42 57.13 41.70
 8504.25 14.75 11.86 11.91 10.45 10.55 11.50 19.79 18.75 21.85 29.86 56.48 41.14
 8505.25 11.47  9.10  9.14  7.96  8.04  8.81 15.84 14.90 17.62 24.90 50.69 35.64
 8506.25  6.28  4.90  4.92  4.25  4.29  4.73  8.99  8.38 10.11 15.01 35.17 22.94
 8507.25  4.78  3.73  3.74  3.22  3.26  3.59  6.91  6.42  7.78 11.69 28.48 18.19
 8508.25  6.84  5.36  5.37  4.65  4.69  5.18  9.82  9.12 10.99 16.24 37.19 24.65
 8509.25 13.13 10.56 10.58  9.28  9.36 10.23 18.08 16.93 19.88 27.57 53.34 38.66
 8510.25 16.37 13.41 13.43 11.90 11.98 13.02 21.96 20.66 23.89 32.04 57.80 43.35
 8511.25 16.43 13.48 13.50 11.97 12.05 13.09 22.07 20.73 23.97 32.11 57.69 43.40
 8512.25 16.46 13.53 13.54 12.02 12.09 13.13 22.15 20.78 24.02 32.15 57.56 43.43
 8513.25 16.55 13.63 13.64 12.12 12.18 13.23 22.31 20.90 24.15 32.30 57.61 43.59
 8514.25 16.57 13.66 13.67 12.15 12.21 13.26 22.39 20.94 24.20 32.36 57.58 43.66
 8515.25 16.57 13.69 13.68 12.17 12.23 13.28 22.45 20.96 24.23 32.39 57.49 43.71
 8516.25 16.74 13.86 13.85 12.33 12.39 13.44 22.69 21.16 24.44 32.60 57.57 43.92
 8517.25 16.85 13.97 13.96 12.45 12.49 13.56 22.86 21.29 24.58 32.76 57.60 44.08
 8518.25 16.75 13.91 13.89 12.39 12.43 13.49 22.81 21.21 24.51 32.68 57.42 44.01
 8519.25 16.76 13.93 13.91 12.42 12.45 13.52 22.87 21.24 24.53 32.70 57.31 44.03
 8520.25 16.72 13.91 13.89 12.40 12.43 13.49 22.88 21.21 24.51 32.68 57.19 44.03
 8521.25 16.27 13.52 13.49 12.03 12.06 13.10 22.44 20.74 24.03 32.20 56.68 43.59
 8522.25 14.95 12.35 12.31 10.94 10.96 11.95 20.98 19.29 22.51 30.60 55.08 42.01
 8523.25 14.37 11.84 11.81 10.48 10.49 11.45 20.35 18.64 21.83 29.86 54.25 41.27
 8524.25 15.32 12.70 12.66 11.28 11.29 12.30 21.52 19.73 23.00 31.12 55.36 42.56
 8525.25 16.16 13.48 13.44 12.01 12.01 13.06 22.53 20.68 24.00 32.18 56.22 43.60
 8526.25 16.61 13.92 13.87 12.42 12.42 13.48 23.09 21.20 24.54 32.73 56.59 44.14
 8527.25 16.93 14.23 14.18 12.72 12.72 13.79 23.50 21.56 24.93 33.12 56.83 44.53
 8528.25 17.28 14.58 14.52 13.05 13.04 14.12 23.94 21.96 25.34 33.54 57.07 44.93
 8529.25 17.79 15.08 15.02 13.53 13.51 14.62 24.54 22.52 25.91 34.10 57.43 45.46
 8530.25 18.09 15.38 15.32 13.82 13.80 14.91 24.90 22.85 26.26 34.44 57.58 45.77
 8531.25 18.13 15.44 15.37 13.88 13.86 14.97 25.00 22.91 26.33 34.50 57.52 45.84
 8532.25 17.73 15.07 15.01 13.54 13.51 14.61 24.63 22.51 25.93 34.12 57.09 45.50
 8533.25 17.26 14.64 14.58 13.13 13.10 14.18 24.17 22.02 25.44 33.65 56.57 45.06
 8534.25 16.94 14.35 14.30 12.87 12.83 13.90 23.87 21.70 25.12 33.32 56.16 44.75
 8535.25 16.66 14.10 14.05 12.65 12.60 13.66 23.61 21.41 24.83 33.03 55.77 44.47
 8536.25 16.33 13.81 13.76 12.38 12.33 13.38 23.30 21.07 24.49 32.69 55.34 44.14
 8537.25 16.31 13.80 13.75 12.38 12.32 13.37 23.32 21.06 24.48 32.69 55.23 44.15
 8538.25 16.33 13.82 13.78 12.41 12.34 13.39 23.39 21.09 24.52 32.74 55.15 44.19
 8539.25 14.74 12.39 12.35 11.08 11.01 11.99 21.58 19.32 22.67 30.77 53.14 42.23
 8540.25 10.67  8.81  8.79  7.81  7.76  8.51 16.40 14.44 17.31 24.58 46.13 35.46
 8541.25  9.51  7.83  7.81  6.93  6.88  7.56 14.84 12.99 15.67 22.55 43.40 33.05
 8542.25 13.39 11.21 11.18 10.01  9.94 10.85 20.02 17.76 20.99 28.90 50.77 40.23
 8543.25 17.71 15.16 15.13 13.74 13.64 14.74 25.11 22.62 26.12 34.34 55.84 45.65
 8544.25 17.80 15.25 15.23 13.83 13.73 14.83 25.26 22.74 26.25 34.48 55.86 45.79
 8545.25 18.31 15.75 15.73 14.33 14.22 15.33 25.85 23.29 26.81 35.03 56.21 46.30
 8546.25 18.77 16.20 16.18 14.77 14.65 15.77 26.36 23.76 27.29 35.50 56.47 46.71
 8547.25 18.43 15.88 15.86 14.47 14.35 15.46 26.06 23.43 26.97 35.20 56.12 46.45
 8548.25 18.11 15.58 15.57 14.19 14.06 15.17 25.78 23.12 26.67 34.92 55.78 46.20
 8549.25 15.98 13.60 13.59 12.30 12.18 13.21 23.49 20.84 24.33 32.58 53.60 44.00
 8550.25 11.15  9.29  9.28  8.31  8.21  8.99 17.48 15.17 18.20 25.73 46.30 36.78
 8551.25  9.86  8.17  8.17  7.30  7.21  7.91 15.72 13.55 16.38 23.50 43.43 34.18
 8552.25 13.16 11.06 11.07  9.96  9.84 10.74 20.21 17.63 20.94 28.93 49.61 40.27
 8553.25 17.33 14.88 14.88 13.56 13.41 14.49 25.18 22.36 25.94 34.24 54.56 45.56
 8554.25 18.13 15.65 15.66 14.31 14.16 15.26 26.08 23.21 26.81 35.09 55.13 46.34
 8555.25 18.06 15.59 15.60 14.27 14.10 15.20 26.06 23.16 26.76 35.05 54.96 46.30
 8556.25 18.55 16.07 16.09 14.75 14.58 15.69 26.61 23.67 27.28 35.56 55.23 46.76
 8557.25 18.92 16.44 16.46 15.12 14.94 16.06 27.03 24.07 27.68 35.94 55.42 47.11
 8558.25 18.89 16.42 16.44 15.11 14.92 16.04 27.05 24.05 27.68 35.94 55.28 47.11
 8559.25 18.84 16.38 16.41 15.08 14.89 16.00 27.05 24.01 27.65 35.93 55.13 47.10
 8560.25 18.74 16.30 16.33 15.00 14.81 15.92 27.00 23.93 27.58 35.86 54.94 47.04
 8561.25 18.73 16.29 16.32 15.00 14.80 15.91 27.02 23.92 27.58 35.87 54.80 47.05
 8562.25 18.65 16.22 16.26 14.95 14.75 15.85 26.99 23.86 27.52 35.83 54.61 47.01
 8563.25 18.72 16.29 16.34 15.03 14.82 15.93 27.11 23.94 27.61 35.92 54.55 47.09
 8564.25 18.69 16.27 16.32 15.02 14.81 15.91 27.13 23.93 27.61 35.92 54.41 47.09
 8565.25 18.59 16.19 16.24 14.95 14.73 15.84 27.08 23.84 27.53 35.86 54.21 47.04
 8566.25 18.65 16.25 16.31 15.02 14.79 15.90 27.18 23.91 27.61 35.93 54.12 47.10
 8567.25 18.74 16.33 16.40 15.12 14.89 16.00 27.31 24.01 27.71 36.03 54.06 47.19
 8568.25 18.70 16.30 16.37 15.10 14.86 15.97 27.31 23.97 27.68 36.01 53.88 47.16
 8569.25 18.50 16.11 16.19 14.93 14.68 15.79 27.15 23.78 27.50 35.85 53.59 47.01
 8570.25 18.52 16.13 16.22 14.96 14.71 15.82 27.21 23.81 27.54 35.88 53.47 47.04
 8571.25 18.63 16.24 16.33 15.08 14.82 15.93 27.36 23.93 27.66 36.00 53.41 47.14
 8572.25 18.60 16.21 16.31 15.07 14.80 15.91 27.36 23.90 27.64 35.99 53.25 47.13
 8573.25 18.47 16.09 16.20 14.96 14.69 15.79 27.23 23.78 27.53 35.89 53.01 47.03
 8574.25 18.11 15.75 15.86 14.64 14.37 15.46 26.86 23.43 27.19 35.57 52.60 46.75
 8575.25 17.48 15.14 15.26 14.06 13.79 14.86 26.18 22.78 26.54 34.96 51.92 46.19
 8576.25 17.19 14.87 14.99 13.81 13.53 14.60 25.86 22.49 26.25 34.69 51.53 45.93
 8577.25 17.59 15.26 15.39 14.20 13.91 14.99 26.27 22.93 26.69 35.12 51.75 46.33
 8578.25 17.77 15.43 15.57 14.39 14.09 15.18 26.45 23.13 26.90 35.33 51.77 46.51
 8579.25 17.82 15.48 15.63 14.45 14.14 15.23 26.48 23.19 26.96 35.39 51.67 46.56
 8580.25 17.53 15.21 15.36 14.20 13.89 14.97 26.16 22.91 26.67 35.12 51.27 46.31
 8581.25 17.91 15.58 15.73 14.57 14.25 15.34 26.54 23.31 27.08 35.51 51.45 46.66
 8582.25 18.39 16.04 16.21 15.04 14.70 15.81 27.01 23.81 27.58 35.99 51.70 47.09
 8583.25 18.50 16.15 16.33 15.16 14.82 15.92 27.10 23.94 27.70 36.12 51.66 47.20
 8584.25 18.58 16.23 16.41 15.25 14.90 16.01 27.16 24.03 27.79 36.20 51.58 47.28
 8585.25 18.45 16.11 16.30 15.15 14.79 15.90 27.02 23.92 27.68 36.08 51.34 47.19
 8586.25 18.36 16.02 16.22 15.07 14.70 15.82 26.91 23.83 27.60 35.99 51.12 47.12
 8587.25 18.42 16.09 16.28 15.15 14.77 15.88 26.95 23.91 27.67 36.04 51.03 47.19
 8588.25 18.23 15.91 16.11 14.98 14.60 15.71 26.75 23.73 27.50 35.86 50.75 47.05
 8589.25 16.41 14.18 14.38 13.31 12.94 14.00 24.79 21.82 25.58 33.98 48.93 45.34
 8590.25 13.77 11.74 11.93 10.97 10.63 11.58 21.67 18.85 22.46 30.72 45.67 42.19
 8591.25 14.44 12.36 12.56 11.58 11.21 12.20 22.48 19.64 23.30 31.60 46.40 43.09
 8592.25 17.16 14.89 15.12 14.04 13.63 14.73 25.57 22.67 26.44 34.78 49.24 46.15
 8593.25 17.92 15.62 15.86 14.77 14.34 15.46 26.35 23.48 27.25 35.55 49.78 46.87
 8594.25 17.89 15.60 15.85 14.76 14.33 15.45 26.31 23.47 27.25 35.53 49.63 46.87
 8595.25 18.04 15.75 16.01 14.92 14.47 15.60 26.45 23.64 27.41 35.67 49.61 47.02
 8596.25 18.13 15.83 16.11 15.02 14.56 15.69 26.52 23.74 27.51 35.75 49.54 47.11
 8597.25 17.54 15.27 15.55 14.48 14.02 15.13 25.89 23.14 26.92 35.17 48.89 46.61
 8598.25 14.81 12.71 12.97 11.99 11.57 12.59 22.80 20.14 23.84 32.05 45.84 43.69
 8599.25 12.53 10.65 10.89 10.02  9.64 10.54 19.95 17.47 20.97 28.93 42.54 40.54
 8600.25 13.79 11.79 12.05 11.12 10.70 11.68 21.53 18.99 22.62 30.72 44.24 42.41
 8601.25 16.70 14.48 14.78 13.74 13.26 14.36 24.91 22.28 26.06 34.26 47.50 45.87
 8602.25 17.72 15.46 15.78 14.71 14.21 15.34 25.98 23.38 27.17 35.32 48.31 46.86
 8603.25 17.70 15.45 15.77 14.71 14.20 15.33 25.94 23.37 27.16 35.30 48.15 46.87
 8604.25 17.48 15.23 15.56 14.51 13.99 15.12 25.69 23.15 26.94 35.07 47.80 46.69
 8605.25 17.51 15.27 15.61 14.55 14.02 15.16 25.70 23.19 26.98 35.10 47.67 46.73
 8606.25 17.65 15.40 15.75 14.69 14.16 15.30 25.83 23.34 27.13 35.23 47.65 46.88
 8607.25 17.76 15.52 15.87 14.82 14.27 15.42 25.93 23.47 27.26 35.34 47.62 47.00
 8608.25 17.79 15.55 15.91 14.86 14.30 15.45 25.94 23.51 27.30 35.36 47.55 47.04
 8609.25 17.76 15.52 15.89 14.84 14.27 15.43 25.88 23.49 27.28 35.31 47.45 47.02
 8610.25 17.46 15.24 15.61 14.56 14.00 15.15 25.55 23.19 26.98 35.01 47.13 46.77
 8611.25 17.29 15.08 15.46 14.42 13.85 15.00 25.35 23.02 26.82 34.84 46.92 46.64
 8612.25 16.89 14.70 15.09 14.06 13.49 14.63 24.91 22.61 26.41 34.42 46.51 46.29
 8613.25 16.64 14.46 14.86 13.83 13.26 14.39 24.62 22.35 26.14 34.15 46.22 46.08
 8614.25 16.06 13.92 14.31 13.30 12.73 13.85 23.96 21.73 25.51 33.51 45.58 45.51
 8615.25 15.24 13.16 13.55 12.57 12.01 13.10 23.01 20.83 24.59 32.56 44.63 44.64
 8616.25 14.36 12.35 12.74 11.79 11.25 12.30 21.95 19.84 23.54 31.45 43.50 43.58
 8617.25 12.67 10.82 11.18 10.31  9.81 10.77 19.81 17.82 21.37 29.08 41.03 41.18
 8618.25 12.23 10.43 10.79  9.94  9.45 10.39 19.22 17.29 20.80 28.42 40.28 40.51
 8619.25 11.85 10.09 10.44  9.62  9.14 10.05 18.68 16.82 20.28 27.81 39.57 39.87
 8620.25 10.66  9.04  9.37  8.62  8.17  9.01 17.03 15.31 18.58 25.81 37.29 37.67
 8621.25 10.39  8.81  9.14  8.40  7.96  8.78 16.62 14.97 18.20 25.33 36.70 37.15
 8622.25 10.07  8.54  8.86  8.14  7.71  8.51 16.15 14.57 17.74 24.76 35.99 36.51
 8623.25  9.21  7.78  8.09  7.42  7.02  7.76 14.88 13.41 16.41 23.11 33.97 34.56
 8624.25  8.94  7.55  7.86  7.21  6.82  7.54 14.46 13.06 16.01 22.59 33.29 33.94
 8625.25  8.91  7.53  7.84  7.19  6.79  7.52 14.39 13.02 15.97 22.52 33.16 33.89
 8626.25  8.32  7.02  7.32  6.71  6.34  7.01 13.49 12.23 15.03 21.32 31.62 32.40
 8627.25  7.75  6.54  6.82  6.25  5.90  6.53 12.62 11.45 14.11 20.12 30.05 30.88
 8628.25  7.89  6.65  6.94  6.36  6.00  6.65 12.79 11.64 14.34 20.40 30.36 31.27
 8629.25  7.92  6.69  6.98  6.40  6.03  6.68 12.82 11.69 14.41 20.48 30.41 31.39
 8630.25  7.08  5.97  6.23  5.71  5.38  5.97 11.53 10.52 13.01 18.63 27.97 28.97
 8631.25  7.02  5.93  6.18  5.67  5.34  5.92 11.41 10.44 12.92 18.50 27.75 28.81
 8632.25  7.62  6.44  6.72  6.17  5.81  6.44 12.30 11.29 13.93 19.82 29.44 30.60
 8633.25  7.38  6.25  6.52  5.98  5.63  6.24 11.92 10.96 13.54 19.30 28.71 29.93
 8634.25  6.67  5.64  5.89  5.40  5.08  5.63 10.81  9.96 12.34 17.70 26.55 27.78
 8635.25  7.02  5.95  6.20  5.69  5.35  5.94 11.33 10.47 12.95 18.50 27.57 28.90
 8636.25  8.11  6.89  7.18  6.60  6.21  6.87 12.93 12.00 14.77 20.87 30.59 32.07
 8637.25  7.34  6.23  6.49  5.96  5.61  6.21 11.75 10.92 13.49 19.19 28.39 29.88
 8638.25  6.88  5.84  6.09  5.59  5.25  5.83 11.05 10.28 12.73 18.18 27.02 28.53
 8639.25  7.79  6.63  6.91  6.35  5.97  6.61 12.39 11.58 14.27 20.19 29.57 31.24
 8640.25  9.51  8.13  8.47  7.80  7.34  8.11 14.85 13.95 17.04 23.69 33.83 35.68
 8641.25  8.53  7.29  7.59  6.98  6.56  7.26 13.42 12.62 15.50 21.76 31.44 33.30
 8642.25  8.28  7.07  7.37  6.78  6.37  7.05 13.03 12.28 15.10 21.25 30.76 32.68
 8643.25  9.04  7.75  8.06  7.43  6.98  7.72 14.11 13.34 16.34 22.81 32.61 34.66
 8644.25  9.60  8.24  8.58  7.91  7.43  8.21 14.87 14.11 17.23 23.89 33.85 36.00
 8645.25 11.35  9.80 10.19  9.42  8.87  9.77 17.21 16.41 19.84 26.97 37.30 39.58
 8646.25 13.38 11.65 12.08 11.21 10.58 11.61 19.77 18.95 22.63 30.10 40.56 42.94
 8647.25 13.34 11.62 12.05 11.19 10.55 11.58 19.69 18.91 22.58 30.04 40.44 42.90
 8648.25 10.06  8.68  9.02  8.33  7.83  8.64 15.37 14.74 17.94 24.70 34.54 37.01
 8649.25  7.92  6.80  7.08  6.52  6.11  6.77 12.34 11.83 14.58 20.53 29.50 31.89
 8650.25  8.69  7.48  7.78  7.18  6.73  7.45 13.42 12.91 15.85 22.14 31.42 33.97
 8651.25  6.84  5.87  6.11  5.63  5.26  5.84 10.69 10.29 12.74 18.11 26.26 28.62
 8652.25  5.13  4.39  4.57  4.21  3.93  4.37  8.09  7.80  9.73 14.03 20.75 22.82
 8653.25  5.27  4.52  4.71  4.33  4.04  4.50  8.29  8.02  9.99 14.39 21.21 23.37
 8654.25  6.73  5.79  6.03  5.55  5.19  5.76 10.47 10.16 12.59 17.89 25.84 28.40
 8655.25  8.50  7.35  7.64  7.05  6.60  7.31 13.02 12.68 15.59 21.78 30.72 33.64
 8656.25  6.47  5.57  5.80  5.34  4.99  5.54 10.03  9.79 12.14 17.29 24.96 27.63
 8657.25  5.39  4.63  4.82  4.44  4.14  4.61  8.40  8.21 10.23 14.70 21.47 23.94
 8658.25  5.41  4.66  4.85  4.47  4.16  4.63  8.41  8.25 10.28 14.76 21.50 24.06
 8659.25  7.45  6.44  6.70  6.19  5.77  6.41 11.40 11.21 13.84 19.50 27.64 30.75
 8660.25  8.46  7.33  7.62  7.05  6.58  7.30 12.81 12.64 15.53 21.66 30.28 33.64
 8661.25  6.00  5.19  5.39  4.98  4.64  5.16  9.24  9.14 11.36 16.20 23.30 26.25
 8662.25  5.23  4.52  4.70  4.34  4.03  4.49  8.07  8.00  9.98 14.33 20.75 23.53
 8663.25  5.60  4.84  5.04  4.65  4.32  4.82  8.61  8.55 10.65 15.23 21.94 24.90
 8664.25  8.66  7.54  7.83  7.25  6.76  7.50 12.99 12.93 15.87 22.03 30.52 34.20
 8665.25  9.24  8.06  8.36  7.75  7.23  8.02 13.78 13.74 16.81 23.20 31.93 35.74
 8666.25  6.07  5.26  5.47  5.05  4.70  5.23  9.26  9.25 11.50 16.37 23.40 26.66
 8667.25  5.28  4.57  4.75  4.39  4.08  4.55  8.09  8.09 10.09 14.45 20.83 23.88
 8668.25  5.77  5.01  5.20  4.81  4.47  4.98  8.80  8.82 10.98 15.66 22.43 25.69
 8669.25  8.71  7.61  7.89  7.32  6.82  7.57 12.99 13.04 16.00 22.17 30.61 34.60
 8670.25  9.47  8.29  8.59  7.98  7.44  8.25 14.02 14.10 17.23 23.70 32.43 36.58
 8671.25  6.58  5.73  5.94  5.51  5.11  5.70  9.94 10.02 12.43 17.58 24.90 28.56
 8672.25  5.64  4.91  5.10  4.72  4.38  4.88  8.57  8.66 10.77 15.36 21.97 25.39
 8673.25  5.98  5.21  5.41  5.01  4.65  5.18  9.06  9.17 11.39 16.19 23.05 26.63
 8674.25  8.89  7.79  8.07  7.51  6.98  7.75 13.14 13.32 16.30 22.50 30.89 35.18
 8675.25 11.79 10.42 10.78 10.06  9.39 10.37 16.99 17.23 20.76 27.81 36.94 41.54
 8676.25  8.47  7.43  7.70  7.16  6.65  7.39 12.56 12.77 15.68 21.73 29.95 34.31
 8677.25  6.55  5.73  5.94  5.51  5.11  5.70  9.84 10.03 12.44 17.56 24.76 28.74
 8678.25  6.44  5.64  5.84  5.43  5.03  5.61  9.67  9.88 12.25 17.30 24.42 28.41
 8679.25  8.31  7.30  7.56  7.04  6.53  7.26 12.28 12.56 15.44 21.38 29.47 33.97
 8680.25 12.17 10.80 11.15 10.44  9.73 10.75 17.35 17.74 21.32 28.38 37.41 42.31
 8681.25 11.31 10.03 10.36  9.68  9.01  9.97 16.24 16.64 20.11 26.98 35.88 40.81
 8682.25  8.27  7.28  7.53  7.02  6.50  7.24 12.18 12.53 15.42 21.34 29.38 34.06
 8683.25  7.41  6.51  6.74  6.28  5.81  6.48 10.97 11.31 13.98 19.51 27.12 31.67
 8684.25  8.12  7.16  7.40  6.90  6.39  7.11 11.94 12.34 15.19 21.03 28.96 33.72
 8685.25 11.32 10.07 10.39  9.74  9.05 10.01 16.17 16.69 20.17 26.98 35.77 40.93
 8686.25 13.66 12.24 12.61 11.86 11.06 12.18 19.05 19.64 23.40 30.56 39.53 44.78
 8687.25 11.52 10.26 10.59  9.94  9.22 10.21 16.39 16.97 20.49 27.33 36.11 41.40
 8688.25  9.13  8.09  8.36  7.82  7.23  8.05 13.27 13.79 16.90 23.10 31.34 36.51
 8689.25  8.68  7.68  7.94  7.43  6.86  7.64 12.63 13.16 16.17 22.20 30.25 35.41
 8690.25 10.00  8.89  9.18  8.61  7.96  8.84 14.38 14.99 18.27 24.73 33.15 38.53
 8691.25 13.15 11.80 12.15 11.45 10.64 11.74 18.32 19.06 22.78 29.83 38.64 44.20
 8692.25 14.16 12.75 13.11 12.39 11.53 12.68 19.49 20.28 24.09 31.23 40.04 45.65
 8693.25 12.49 11.20 11.53 10.87 10.08 11.14 17.48 18.26 21.93 28.90 37.63 43.32
 8694.25 10.60  9.46  9.75  9.18  8.47  9.41 15.09 15.84 19.25 25.88 34.35 40.04
 8695.25 10.10  9.01  9.29  8.74  8.06  8.96 14.43 15.18 18.51 25.00 33.35 39.06
 8696.25 11.02  9.86 10.16  9.58  8.84  9.81 15.59 16.41 19.90 26.61 35.10 40.94
 8697.25 12.47 11.20 11.53 10.90 10.08 11.15 17.38 18.29 21.98 28.95 37.57 43.52
 8698.25 12.06 10.82 11.14 10.53  9.72 10.77 16.85 17.77 21.41 28.32 36.88 42.89
 8699.25 11.30 10.12 10.43  9.85  9.08 10.08 15.88 16.80 20.35 27.11 35.57 41.62
 8700.25 11.19 10.03 10.33  9.76  8.99  9.99 15.73 16.67 20.20 26.95 35.36 41.47
 8701.25 11.05  9.91 10.21  9.65  8.88  9.87 15.53 16.50 20.01 26.72 35.09 41.25
 8702.25 10.45  9.36  9.64  9.11  8.37  9.33 14.74 15.71 19.12 25.69 33.92 40.10
 8703.25 11.09  9.95 10.25  9.70  8.92  9.92 15.54 16.56 20.09 26.79 35.10 41.39
 8704.25 12.89 11.63 11.97 11.36 10.47 11.60 17.74 18.88 22.63 29.62 38.08 44.47
 8705.25 13.75 12.45 12.80 12.17 11.22 12.42 18.74 19.94 23.77 30.84 39.29 45.73
 8706.25 13.28 12.01 12.35 11.74 10.81 11.98 18.16 19.38 23.18 30.20 38.62 45.13
 8707.25 12.73 11.50 11.83 11.24 10.34 11.47 17.48 18.71 22.46 29.42 37.79 44.37
 8708.25 11.87 10.70 11.02 10.46  9.60 10.68 16.42 17.63 21.28 28.12 36.39 43.01
 8709.25 10.67  9.60  9.89  9.39  8.58  9.58 14.92 16.07 19.55 26.15 34.22 40.86
 8710.25 10.78  9.71 10.00  9.49  8.68  9.69 15.04 16.22 19.73 26.34 34.41 41.11
 8711.25 12.49 11.30 11.63 11.07 10.15 11.29 17.15 18.44 22.18 29.09 37.32 44.15
 8712.25 13.69 12.43 12.78 12.19 11.20 12.42 18.57 19.93 23.79 30.82 39.07 45.98
 8713.25 13.63 12.38 12.72 12.14 11.14 12.37 18.49 19.86 23.72 30.74 38.96 45.97
 8714.25 13.60 12.36 12.70 12.13 11.12 12.35 18.44 19.84 23.70 30.71 38.90 46.02
 8715.25 13.92 12.66 13.01 12.44 11.41 12.66 18.80 20.23 24.12 31.15 39.31 46.52
 8716.25 14.15 12.89 13.24 12.67 11.62 12.89 19.06 20.52 24.42 31.46 39.60 46.89
 8717.25 14.15 12.88 13.24 12.67 11.61 12.89 19.04 20.52 24.42 31.46 39.56 46.95
 8718.25 14.17 12.90 13.26 12.69 11.62 12.91 19.04 20.55 24.45 31.48 39.57 47.05
 8719.25 14.03 12.77 13.13 12.57 11.50 12.78 18.87 20.41 24.29 31.31 39.39 46.95
 8720.25 14.02 12.77 13.12 12.56 11.49 12.78 18.85 20.41 24.29 31.30 39.37 47.02
 8721.25 14.15 12.89 13.24 12.67 11.60 12.90 18.97 20.57 24.45 31.47 39.53 47.25
 8722.25 14.30 13.03 13.38 12.81 11.73 13.04 19.13 20.76 24.64 31.66 39.71 47.50
 8723.25 14.32 13.06 13.41 12.83 11.76 13.08 19.14 20.80 24.68 31.70 39.74 47.61
 8724.25 14.22 12.96 13.32 12.74 11.67 12.98 19.01 20.70 24.56 31.57 39.61 47.55
 8725.25 14.15 12.90 13.25 12.67 11.60 12.92 18.91 20.62 24.48 31.48 39.51 47.54
 8726.25 14.15 12.90 13.25 12.66 11.60 12.92 18.89 20.63 24.47 31.48 39.49 47.60
 8727.25 13.78 12.55 12.89 12.32 11.27 12.58 18.45 20.20 24.01 30.99 39.00 47.20
 8728.25 13.08 11.89 12.22 11.66 10.65 11.91 17.61 19.35 23.09 30.02 37.99 46.29
 8729.25 12.77 11.60 11.93 11.37 10.38 11.63 17.23 18.98 22.67 29.57 37.53 45.90
 8730.25 13.70 12.48 12.81 12.23 11.19 12.51 18.30 20.13 23.89 30.87 38.85 47.28
 8731.25 14.40 13.15 13.49 12.89 11.82 13.18 19.09 20.98 24.77 31.80 39.77 48.25
 8732.25 14.49 13.24 13.58 12.97 11.89 13.27 19.18 21.10 24.88 31.91 39.86 48.42
 8733.25 14.50 13.25 13.59 12.98 11.90 13.28 19.17 21.12 24.88 31.92 39.86 48.49
 8734.25 14.57 13.33 13.66 13.05 11.97 13.36 19.24 21.22 24.97 32.01 39.94 48.63
 8735.25 14.43 13.20 13.53 12.91 11.84 13.23 19.06 21.06 24.79 31.83 39.74 48.52
 8736.25 14.24 13.02 13.34 12.73 11.67 13.05 18.82 20.84 24.55 31.58 39.48 48.35
 8737.25 14.25 13.03 13.35 12.74 11.67 13.06 18.81 20.87 24.56 31.59 39.48 48.42
 8738.25 14.16 12.95 13.27 12.65 11.59 12.98 18.70 20.77 24.44 31.47 39.36 48.38
 8739.25 13.50 12.32 12.63 12.03 11.01 12.36 17.92 19.98 23.60 30.58 38.45 47.57
 8740.25 13.11 11.96 12.27 11.67 10.67 12.00 17.45 19.52 23.09 30.04 37.89 47.09
 8741.25 13.12 11.97 12.27 11.67 10.67 12.01 17.44 19.54 23.09 30.04 37.88 47.15
 8742.25 12.84 11.71 12.01 11.41 10.42 11.75 17.09 19.20 22.71 29.62 37.44 46.80
 8743.25 12.96 11.83 12.12 11.52 10.52 11.87 17.21 19.36 22.87 29.77 37.60 47.03
 8744.25 13.62 12.46 12.76 12.13 11.10 12.50 17.97 20.18 23.73 30.68 38.54 48.02
 8745.25 13.48 12.32 12.62 12.00 10.97 12.37 17.78 20.01 23.54 30.47 38.32 47.88
 8746.25 13.70 12.53 12.83 12.20 11.16 12.58 18.01 20.29 23.81 30.74 38.60 48.22
 8747.25 14.02 12.84 13.14 12.49 11.44 12.89 18.36 20.68 24.21 31.14 39.00 48.68
 8748.25 14.09 12.89 13.19 12.54 11.49 12.94 18.41 20.76 24.28 31.19 39.06 48.81
 8749.25 14.04 12.85 13.14 12.49 11.44 12.90 18.33 20.70 24.20 31.10 38.97 48.79
 8750.25 14.20 13.00 13.29 12.63 11.57 13.05 18.48 20.89 24.39 31.28 39.15 49.05
 8751.25 14.05 12.85 13.14 12.48 11.43 12.90 18.29 20.71 24.19 31.05 38.93 48.90
 8752.25 13.09 11.94 12.22 11.58 10.58 11.99 17.16 19.55 22.94 29.72 37.59 47.67
 8753.25 13.20 12.04 12.32 11.68 10.67 12.10 17.27 19.69 23.08 29.86 37.73 47.88
 8754.25 14.24 13.03 13.32 12.64 11.58 13.09 18.45 20.95 24.39 31.23 39.12 49.31
 8755.25 14.51 13.28 13.57 12.88 11.81 13.34 18.73 21.27 24.71 31.54 39.43 49.68
 8756.25 14.57 13.33 13.62 12.93 11.85 13.39 18.78 21.34 24.77 31.58 39.48 49.79
 8757.25 14.51 13.27 13.55 12.86 11.79 13.33 18.69 21.27 24.68 31.48 39.37 49.76
 8758.25 14.23 13.00 13.28 12.59 11.53 13.07 18.37 20.95 24.33 31.10 39.00 49.48
 8759.25 11.99 10.89 11.14 10.52  9.59 10.95 15.73 18.14 21.31 27.81 35.59 46.15
 8760.25  7.13  6.42  6.57  6.17  5.58  6.45  9.64 11.35 13.64 18.64 25.06 34.46
 8761.25  5.34  4.79  4.91  4.60  4.15  4.82  7.27  8.62 10.43 14.46 19.81 27.99
 8762.25  4.94  4.43  4.54  4.25  3.84  4.46  6.73  7.99  9.68 13.44 18.49 26.30
 8763.25  3.62  3.24  3.32  3.10  2.80  3.26  4.94  5.89  7.15 10.01 13.91 20.16
 8764.25  3.68  3.29  3.37  3.15  2.84  3.31  5.01  5.99  7.26 10.15 14.11 20.48
 8765.25  6.38  5.73  5.86  5.48  4.96  5.76  8.60 10.21 12.25 16.78 22.76 31.92
 8766.25 10.44  9.44  9.65  9.06  8.24  9.50 13.76 16.13 19.00 25.12 32.72 43.69
 8767.25  8.89  8.02  8.20  7.68  6.97  8.07 11.81 13.94 16.52 22.12 29.26 39.87
 8768.25  5.06  4.54  4.64  4.33  3.91  4.57  6.84  8.20  9.86 13.63 18.75 27.00
 8769.25  3.56  3.19  3.26  3.04  2.75  3.21  4.83  5.82  7.02  9.79 13.64 20.08
 8770.25  3.01  2.70  2.75  2.57  2.32  2.71  4.09  4.93  5.95  8.32 11.64 17.31
 8771.25  4.15  3.71  3.79  3.53  3.19  3.74  5.60  6.75  8.11 11.26 15.62 23.01
 8772.25  8.29  7.46  7.60  7.11  6.46  7.51 10.98 13.09 15.47 20.77 27.68 38.59
 8773.25 12.02 10.90 11.08 10.41  9.51 10.96 15.56 18.27 21.21 27.53 35.38 47.26
 8774.25 13.98 12.74 12.94 12.19 11.18 12.81 17.81 20.73 23.81 30.32 38.29 50.27
 8775.25 14.49 13.22 13.42 12.65 11.62 13.29 18.37 21.34 24.42 30.95 38.94 51.01
 8776.25 12.97 11.79 11.96 11.25 10.30 11.85 16.62 19.49 22.45 28.84 36.81 49.06
 8777.25  7.75  6.97  7.08  6.61  6.00  7.01 10.24 12.32 14.51 19.53 26.25 37.49
 8778.25  4.57  4.09  4.15  3.87  3.50  4.11  6.11  7.45  8.86 12.24 17.01 25.61
 8779.25  4.02  3.59  3.65  3.40  3.07  3.61  5.38  6.58  7.83 10.84 15.14 23.07
 8780.25  3.19  2.85  2.89  2.69  2.43  2.87  4.27  5.24  6.24  8.67 12.19 18.84
 8781.25  3.32  2.97  3.01  2.80  2.53  2.98  4.44  5.45  6.48  9.00 12.65 19.60
 8782.25  6.58  5.90  5.98  5.57  5.06  5.93  8.69 10.57 12.42 16.84 22.97 33.89
 8783.25 13.17 11.97 12.10 11.37 10.43 12.02 16.74 19.78 22.59 28.92 36.98 50.10
 8784.25 15.00 13.70 13.83 13.03 12.01 13.75 18.79 22.01 24.90 31.36 39.48 52.64
 8785.25 15.09 13.79 13.91 13.11 12.09 13.83 18.87 22.13 25.00 31.45 39.58 52.85
 8786.25 14.72 13.44 13.55 12.76 11.76 13.48 18.46 21.71 24.55 30.98 39.13 52.56
 8787.25 14.31 13.04 13.15 12.36 11.38 13.08 17.98 21.23 24.03 30.43 38.60 52.20
 8788.25 14.33 13.07 13.16 12.38 11.40 13.10 17.99 21.27 24.05 30.44 38.63 52.35
 8789.25 14.34 13.07 13.16 12.37 11.40 13.10 17.98 21.28 24.04 30.42 38.63 52.48
 8790.25 14.07 12.82 12.90 12.12 11.16 12.84 17.67 20.98 23.70 30.06 38.28 52.27
 8791.25 12.48 11.32 11.39 10.67  9.80 11.35 15.83 18.99 21.58 27.76 35.90 50.05
 8792.25  7.46  6.70  6.74  6.27  5.72  6.71  9.71 11.97 13.85 18.62 25.37 38.18
 8793.25  4.72  4.22  4.24  3.94  3.58  4.23  6.21  7.74  9.03 12.39 17.38 27.57
 8794.25  5.38  4.82  4.84  4.49  4.09  4.82  7.05  8.79 10.21 13.95 19.46 30.61
 8795.25 10.06  9.09  9.11  8.51  7.79  9.09 12.89 15.74 17.97 23.58 31.29 45.57
 8796.25 14.47 13.20 13.22 12.43 11.47 13.19 18.02 21.50 24.10 30.43 38.75 53.47
 8797.25 14.90 13.61 13.62 12.82 11.84 13.60 18.48 22.02 24.61 30.96 39.28 54.09
 8798.25 14.84 13.56 13.56 12.76 11.79 13.54 18.40 21.96 24.53 30.87 39.21 54.14
 8799.25 14.85 13.57 13.56 12.76 11.79 13.55 18.40 21.98 24.52 30.85 39.20 54.26
 8800.25 14.69 13.43 13.41 12.61 11.65 13.40 18.21 21.81 24.32 30.64 39.00 54.19
 8801.25 14.71 13.44 13.41 12.61 11.65 13.41 18.22 21.83 24.32 30.63 39.01 54.32
 8802.25 14.91 13.63 13.59 12.79 11.82 13.59 18.42 22.07 24.54 30.85 39.24 54.64
 8803.25 14.70 13.44 13.39 12.59 11.64 13.39 18.18 21.84 24.28 30.57 38.96 54.49
 8804.25 14.27 13.03 12.97 12.19 11.25 12.98 17.68 21.33 23.73 29.98 38.39 54.07
 8805.25 14.56 13.32 13.25 12.46 11.51 13.26 18.00 21.69 24.08 30.34 38.75 54.52
 8806.25 15.05 13.78 13.71 12.90 11.93 13.72 18.52 22.26 24.64 30.91 39.32 55.16
 8807.25 15.12 13.86 13.78 12.96 11.99 13.79 18.59 22.36 24.72 30.99 39.41 55.35
 8808.25 15.05 13.80 13.70 12.89 11.93 13.72 18.50 22.29 24.62 30.88 39.32 55.40
 8809.25 14.98 13.74 13.63 12.82 11.86 13.65 18.41 22.23 24.53 30.78 39.24 55.44
 8810.25 13.98 12.79 12.68 11.91 10.99 12.70 17.30 21.05 23.29 29.48 37.94 54.35
 8811.25 11.56 10.52 10.42  9.74  8.95 10.44 14.52 17.97 20.05 25.93 34.20 50.76
 8812.25 10.28  9.33  9.23  8.62  7.90  9.26 13.00 16.24 18.19 23.79 31.85 48.37
 8813.25 11.25 10.24 10.13  9.46  8.69 10.15 14.14 17.57 19.59 25.40 33.66 50.43
 8814.25 13.61 12.47 12.33 11.56 10.67 12.36 16.85 20.63 22.79 28.91 37.41 54.31
 8815.25 14.68 13.49 13.33 12.52 11.58 13.36 18.02 21.91 24.10 30.29 38.82 55.75
 8816.25 14.82 13.63 13.47 12.66 11.71 13.51 18.17 22.09 24.27 30.46 39.00 56.03
 8817.25 14.97 13.78 13.61 12.79 11.84 13.65 18.33 22.27 24.44 30.62 39.17 56.30
 8818.25 15.00 13.81 13.63 12.81 11.86 13.67 18.35 22.30 24.46 30.64 39.20 56.44
 8819.25 14.84 13.67 13.47 12.66 11.72 13.52 18.16 22.12 24.26 30.42 38.99 56.36
 8820.25 14.68 13.52 13.32 12.51 11.58 13.36 17.98 21.94 24.06 30.20 38.79 56.30
 8821.25 14.54 13.39 13.18 12.38 11.45 13.23 17.81 21.78 23.88 30.02 38.62 56.27
 8822.25 14.18 13.05 12.84 12.04 11.14 12.88 17.40 21.35 23.42 29.53 38.15 55.95
 8823.25 13.25 12.17 11.96 11.20 10.34 12.00 16.35 20.21 22.23 28.25 36.84 54.83
 8824.25 11.86 10.87 10.67  9.96  9.18 10.70 14.76 18.43 20.36 26.19 34.67 52.79
 8825.25 11.50 10.54 10.33  9.64  8.88 10.37 14.33 17.96 19.85 25.61 34.06 52.29
 8826.25  9.99  9.14  8.94  8.34  7.66  8.98 12.54 15.87 17.60 22.99 31.09 49.17
 8827.25  5.75  5.23  5.11  4.74  4.34  5.13  7.34  9.50 10.65 14.37 20.36 35.33
 8828.25  3.12  2.83  2.76  2.56  2.34  2.77  4.00  5.23  5.89  8.06 11.69 21.54
 8829.25  2.00  1.81  1.77  1.64  1.50  1.78  2.57  3.37  3.79  5.21  7.61 14.38
 8830.25  2.38  2.17  2.11  1.95  1.79  2.12  3.06  4.01  4.51  6.19  9.03 17.07
 8831.25  5.57  5.08  4.95  4.59  4.21  4.97  7.09  9.21 10.29 13.85 19.66 34.86
 8832.25 10.70  9.81  9.57  8.92  8.23  9.61 13.33 16.90 18.66 24.17 32.57 52.23
 8833.25 10.23  9.38  9.15  8.52  7.85  9.18 12.78 16.26 17.97 23.36 31.67 51.47
 8834.25  9.22  8.45  8.23  7.65  7.05  8.26 11.57 14.82 16.42 21.52 29.53 49.22
 8835.25  7.75  7.09  6.90  6.41  5.89  6.92  9.78 12.64 14.06 18.64 26.03 45.06
 8836.25  8.07  7.38  7.18  6.67  6.14  7.20 10.15 13.12 14.56 19.25 26.81 46.29
 8837.25  6.66  6.09  5.92  5.49  5.05  5.94  8.42 10.96 12.19 16.26 22.97 41.14
 8838.25  3.64  3.32  3.22  2.98  2.74  3.23  4.64  6.11  6.84  9.29 13.53 26.24
 8839.25  3.32  3.03  2.93  2.72  2.49  2.94  4.22  5.58  6.24  8.48 12.40 24.37
 8840.25  5.85  5.35  5.18  4.81  4.42  5.20  7.39  9.68 10.77 14.41 20.56 38.09
 8841.25 11.81 10.92 10.60  9.90  9.17 10.63 14.55 18.41 20.16 25.72 34.39 56.04
 8842.25 14.54 13.51 13.14 12.32 11.48 13.18 17.62 21.89 23.77 29.65 38.56 60.32
 8843.25 14.89 13.86 13.47 12.64 11.78 13.50 17.99 22.30 24.18 30.06 38.99 60.90
 8844.25 14.99 13.96 13.57 12.73 11.88 13.60 18.10 22.43 24.30 30.17 39.11 61.20
 8845.25 14.92 13.90 13.50 12.67 11.82 13.53 18.02 22.35 24.21 30.06 39.01 61.33
 8846.25 14.22 13.23 12.83 12.03 11.21 12.87 17.24 21.52 23.36 29.16 38.12 60.74
 8847.25 12.20 11.31 10.94 10.21  9.49 10.97 14.96 18.98 20.72 26.31 35.16 58.16
 8848.25 11.62 10.77 10.41  9.71  9.01 10.44 14.30 18.24 19.93 25.44 34.22 57.45
 8849.25 12.96 12.05 11.65 10.89 10.13 11.68 15.82 19.98 21.74 27.43 36.37 59.77
 8850.25 12.05 11.19 10.80 10.08  9.37 10.83 14.77 18.78 20.48 26.03 34.85 58.47
 8851.25  7.25  6.68  6.43  5.97  5.51  6.45  9.08 11.92 13.15 17.37 24.58 46.31
 8852.25  5.36  4.94  4.74  4.39  4.05  4.75  6.76  8.96  9.92 13.29 19.22 38.47
 8853.25  7.07  6.53  6.27  5.82  5.38  6.29  8.86 11.66 12.86 17.01 24.12 46.10
 8854.25 12.11 11.27 10.86 10.14  9.44 10.89 14.82 18.88 20.54 26.08 34.92 59.37
 8855.25 14.54 13.60 13.12 12.30 11.50 13.15 17.55 21.96 23.73 29.53 38.57 63.06
 8856.25 14.45 13.52 13.04 12.22 11.42 13.06 17.44 21.86 23.61 29.41 38.44 63.15
 8857.25 14.28 13.36 12.87 12.06 11.27 12.90 17.24 21.65 23.39 29.17 38.20 63.11
 8858.25 14.02 13.12 12.63 11.82 11.05 12.65 16.95 21.35 23.07 28.83 37.86 63.01
 8859.25 14.18 13.28 12.78 11.97 11.19 12.81 17.13 21.56 23.28 29.05 38.10 63.48
 8860.25 14.56 13.65 13.14 12.31 11.52 13.16 17.54 22.02 23.75 29.55 38.63 64.20
 8861.25 14.55 13.65 13.13 12.30 11.51 13.15 17.53 22.02 23.74 29.55 38.64 64.43
 8862.25 14.20 13.32 12.80 11.98 11.21 12.82 17.14 21.61 23.31 29.09 38.19 64.26
 8863.25 12.81 11.99 11.50 10.73 10.02 11.51 15.59 19.88 21.52 27.18 36.21 62.67
 8864.25 11.20 10.46 10.01  9.32  8.68 10.02 13.74 17.76 19.30 24.71 33.54 60.24
 8865.25 10.83 10.11  9.66  8.99  8.37  9.67 13.30 17.25 18.76 24.09 32.85 59.71
 8866.25 12.17 11.40 10.90 10.16  9.48 10.91 14.84 19.06 20.65 26.21 35.18 62.28
 8867.25 13.54 12.72 12.17 11.37 10.64 12.18 16.38 20.82 22.47 28.19 37.30 64.52
 8868.25  9.24  8.63  8.22  7.64  7.10  8.22 11.40 14.93 16.28 21.12 29.28 55.95
 8869.25  4.63  4.31  4.09  3.78  3.50  4.09  5.80  7.81  8.59 11.53 16.86 37.31
 8870.25  3.85  3.58  3.39  3.14  2.91  3.39  4.83  6.53  7.18  9.68 14.27 32.54
 8871.25  6.25  5.84  5.53  5.12  4.75  5.53  7.80 10.43 11.43 15.17 21.80 46.04
 8872.25 12.34 11.61 11.06 10.32  9.64 11.05 15.00 19.28 20.83 26.37 35.37 63.70
 8873.25 14.71 13.91 13.27 12.43 11.65 13.26 17.65 22.29 23.93 29.74 38.93 67.22
 8874.25 15.03 14.23 13.58 12.73 11.94 13.57 18.00 22.68 24.32 30.14 39.34 67.77
 8875.25 15.26 14.46 13.79 12.93 12.14 13.78 18.24 22.95 24.59 30.41 39.61 68.20
 8876.25 15.25 14.46 13.79 12.93 12.14 13.77 18.23 22.95 24.59 30.40 39.61 68.40
 8877.25 15.20 14.42 13.74 12.88 12.09 13.72 18.17 22.89 24.53 30.33 39.54 68.53
 8878.25 15.16 14.39 13.71 12.85 12.06 13.68 18.12 22.85 24.47 30.26 39.47 68.61
 8879.25 15.21 14.45 13.76 12.90 12.11 13.73 18.17 22.90 24.52 30.30 39.49 68.75
 8880.25 15.35 14.59 13.88 13.02 12.23 13.85 18.31 23.07 24.70 30.48 39.70 69.19
 8881.25 15.39 14.64 13.93 13.06 12.27 13.89 18.36 23.14 24.77 30.55 39.79 69.53
 8882.25 15.24 14.50 13.78 12.92 12.13 13.74 18.19 22.97 24.59 30.37 39.62 69.59
 8883.25 15.17 14.44 13.71 12.85 12.06 13.67 18.11 22.90 24.52 30.29 39.56 69.73
 8884.25 15.16 14.44 13.70 12.85 12.06 13.66 18.10 22.90 24.52 30.29 39.57 69.80
 8885.25 14.69 14.00 13.26 12.42 11.65 13.21 17.58 22.36 23.96 29.70 39.00 69.26
 8886.25  8.92  8.45  7.94  7.38  6.87  7.91 10.96 14.52 15.76 20.40 28.47 57.55
 8887.25  3.43  3.24  3.03  2.80  2.59  3.01  4.29  5.86  6.43  8.63 12.81 31.05
 8888.25  2.26  2.14  2.00  1.84  1.71  1.99  2.84  3.89  4.27  5.76  8.63 21.57
 8889.25  3.19  3.01  2.81  2.60  2.41  2.80  3.99  5.46  5.99  8.04 11.97 29.07
 8890.25  7.82  7.42  6.95  6.44  5.99  6.91  9.65 12.91 14.04 18.32 25.96 53.76
 8891.25 12.26 11.69 10.99 10.24  9.57 10.93 14.87 19.35 20.85 26.34 35.56 65.49
 8892.25 12.75 12.17 11.44 10.68  9.99 11.38 15.43 20.00 21.52 27.07 36.36 66.12
 8893.25 13.86 13.25 12.47 11.66 10.93 12.41 16.66 21.39 22.95 28.59 37.96 67.43
 8894.25 15.00 14.37 13.55 12.70 11.92 13.48 17.91 22.77 24.36 30.06 39.45 68.57
 8895.25 15.34 14.72 13.88 13.01 12.23 13.80 18.28 23.18 24.76 30.47 39.86 68.79
 8896.25 14.76 14.16 13.33 12.49 11.72 13.25 17.66 22.51 24.07 29.75 39.15 68.05
 8897.25 13.27 12.71 11.93 11.14 10.43 11.85 16.01 20.68 22.20 27.77 37.13 66.16
 8898.25 12.51 11.98 11.22 10.47  9.79 11.14 15.16 19.72 21.20 26.68 35.99 65.00
 8899.25 12.73 12.21 11.43 10.67  9.98 11.35 15.42 20.02 21.51 27.01 36.35 65.19
 8900.25 14.00 13.46 12.62 11.80 11.07 12.53 16.83 21.62 23.15 28.77 38.17 66.69
 8901.25 15.23 14.67 13.79 12.92 12.15 13.69 18.17 23.10 24.66 30.34 39.75 67.93
 8902.25 15.43 14.88 13.98 13.11 12.32 13.88 18.39 23.34 24.90 30.60 40.02 68.07
 8903.25 13.10 12.61 11.79 11.01 10.31 11.69 15.81 20.46 21.95 27.46 36.78 65.05
 8904.25  6.38  6.12  5.66  5.24  4.87  5.61  7.93 10.76 11.71 15.41 22.29 46.71
 8905.25  3.61  3.46  3.19  2.95  2.73  3.16  4.52  6.21  6.79  9.08 13.54 31.04
 8906.25  4.07  3.90  3.60  3.33  3.09  3.57  5.09  7.00  7.64 10.20 15.13 34.09
 8907.25  8.15  7.84  7.26  6.74  6.26  7.19 10.07 13.54 14.66 19.05 26.98 53.17
 8908.25 13.59 13.13 12.24 11.45 10.71 12.14 16.38 21.20 22.66 28.25 37.66 65.28
 8909.25 14.49 14.03 13.09 12.27 11.50 12.98 17.39 22.36 23.82 29.49 38.95 66.33
 8910.25 12.89 12.47 11.59 10.83 10.12 11.49 15.61 20.38 21.78 27.31 36.69 64.16
 8911.25 12.03 11.64 10.79 10.07  9.40 10.70 14.65 19.28 20.62 26.05 35.33 62.74
 8912.25 12.38 11.98 11.11 10.38  9.68 11.01 15.04 19.77 21.10 26.58 35.91 63.19
 8913.25 13.46 13.06 12.12 11.35 10.60 12.02 16.26 21.19 22.54 28.14 37.57 64.63
 8914.25 14.81 14.39 13.39 12.57 11.77 13.28 17.75 22.88 24.24 29.93 39.40 66.11
 8915.25 15.27 14.86 13.83 13.00 12.18 13.71 18.25 23.44 24.79 30.49 39.95 66.42
 8916.25 15.18 14.78 13.75 12.92 12.11 13.63 18.15 23.36 24.68 30.37 39.82 66.14
 8917.25 14.80 14.41 13.38 12.58 11.77 13.27 17.74 22.93 24.21 29.89 39.32 65.53
 8918.25 14.66 14.28 13.24 12.45 11.64 13.13 17.58 22.79 24.05 29.72 39.17 65.30
 8919.25 13.45 13.11 12.11 11.36 10.61 12.01 16.25 21.33 22.53 28.12 37.53 63.73
 8920.25  6.91  6.72  6.14  5.72  5.29  6.08  8.59 11.83 12.63 16.53 23.72 46.68
 8921.25  2.81  2.73  2.48  2.31  2.13  2.46  3.53  4.98  5.34  7.16 10.74 23.83
 8922.25  2.18  2.12  1.92  1.79  1.65  1.90  2.74  3.87  4.14  5.57  8.39 18.82
 8923.25  3.53  3.43  3.12  2.90  2.68  3.09  4.43  6.25  6.67  8.92 13.30 28.76
 8924.25  8.99  8.77  8.01  7.49  6.94  7.93 11.09 15.14 16.03 20.68 28.97 53.47
 8925.25 13.64 13.35 12.28 11.55 10.76 12.17 16.48 21.74 22.82 28.44 37.88 63.29
 8926.25 13.48 13.22 12.14 11.41 10.63 12.03 16.31 21.57 22.62 28.23 37.66 62.92
 8927.25 13.53 13.28 12.19 11.47 10.68 12.08 16.37 21.66 22.68 28.29 37.72 62.81
 8928.25 13.05 12.81 11.74 11.04 10.27 11.63 15.82 21.04 22.02 27.58 36.93 61.82
 8929.25 11.60 11.39 10.40  9.76  9.06 10.30 14.18 19.12 20.03 25.37 34.52 59.17
 8930.25 10.70 10.52  9.57  8.98  8.32  9.48 13.14 17.90 18.75 23.94 32.93 57.42
 8931.25 11.53 11.35 10.34  9.71  9.01 10.24 14.12 19.11 19.97 25.34 34.52 59.07
 8932.25 13.03 12.85 11.73 11.04 10.26 11.62 15.82 21.15 22.02 27.61 36.99 61.41
 8933.25 13.88 13.71 12.53 11.82 11.00 12.42 16.78 22.25 23.10 28.75 38.13 62.21
 8934.25 14.10 13.94 12.74 12.03 11.20 12.63 17.02 22.53 23.36 29.01 38.36 62.18
 8935.25 13.83 13.68 12.49 11.79 10.96 12.37 16.73 22.25 23.05 28.71 38.11 61.97
 8936.25 13.14 13.02 11.84 11.17 10.37 11.74 15.98 21.43 22.20 27.82 37.22 61.12
 8937.25 12.74 12.63 11.47 10.82 10.03 11.37 15.54 20.94 21.68 27.27 36.66 60.47
 8938.25 12.73 12.63 11.46 10.81 10.03 11.36 15.53 20.96 21.66 27.26 36.65 60.32
 8939.25 13.20 13.12 11.91 11.24 10.43 11.80 16.06 21.58 22.26 27.90 37.29 60.67
 8940.25 13.55 13.48 12.24 11.57 10.74 12.13 16.45 22.03 22.69 28.33 37.70 60.74
 8941.25 13.51 13.45 12.20 11.53 10.71 12.09 16.41 22.01 22.64 28.29 37.67 60.58
 8942.25 13.69 13.64 12.37 11.70 10.87 12.26 16.62 22.27 22.88 28.55 37.95 60.71
 8943.25 13.54 13.51 12.23 11.57 10.74 12.12 16.46 22.12 22.70 28.38 37.81 60.51
 8944.25  8.33  8.32  7.45  7.00  6.45  7.37 10.40 14.64 15.07 19.63 27.76 49.13
 8945.25  4.18  4.18  3.71  3.48  3.19  3.67  5.29  7.68  7.92 10.63 15.80 31.12
 8946.25  3.76  3.77  3.34  3.13  2.87  3.30  4.77  6.95  7.15  9.62 14.36 28.45
 8947.25  6.76  6.78  6.03  5.67  5.21  5.97  8.50 12.16 12.47 16.45 23.72 43.06
 8948.25 12.72 12.76 11.49 10.87 10.08 11.38 15.56 21.16 21.59 27.17 36.52 58.27
 8949.25 14.29 14.35 12.97 12.30 11.43 12.84 17.33 23.22 23.65 29.39 38.86 60.37
 8950.25 14.04 14.11 12.74 12.07 11.21 12.61 17.06 22.96 23.36 29.10 38.61 60.03
 8951.25 13.93 14.01 12.64 11.98 11.13 12.51 16.93 22.80 23.17 28.87 38.30 59.37
 8952.25 13.79 13.89 12.52 11.87 11.02 12.38 16.78 22.64 22.97 28.65 38.03 58.84
 8953.25 12.66 12.76 11.45 10.85 10.04 11.33 15.52 21.21 21.51 27.11 36.45 57.20
 8954.25 10.84 10.95  9.77  9.23  8.53  9.66 13.42 18.68 18.93 24.20 33.16 53.34
 8955.25 11.11 11.23 10.03  9.48  8.76  9.91 13.74 19.11 19.33 24.66 33.68 53.73
 8956.25 13.31 13.46 12.08 11.45 10.61 11.94 16.28 22.22 22.42 28.13 37.59 57.95
 8957.25 14.18 14.36 12.91 12.26 11.38 12.76 17.27 23.39 23.56 29.37 38.91 59.12
 8958.25 10.53 10.70  9.52  9.00  8.30  9.40 13.09 18.38 18.50 23.74 32.72 52.52
 8959.25  4.38  4.47  3.92  3.69  3.38  3.87  5.59  8.28  8.32 11.21 16.65 30.56
 8960.25  2.48  2.53  2.22  2.09  1.91  2.19  3.18  4.77  4.78  6.50  9.83 18.74
 8961.25  2.75  2.81  2.46  2.32  2.12  2.43  3.53  5.29  5.29  7.19 10.85 20.47
 8962.25  5.62  5.75  5.05  4.76  4.36  4.98  7.15 10.54 10.52 14.04 20.48 35.72
 8963.25 11.64 11.89 10.58 10.04  9.28 10.44 14.40 20.07 20.01 25.39 34.34 52.64
 8964.25 13.83 14.14 12.65 12.03 11.16 12.49 16.91 23.09 23.00 28.69 37.97 56.35
 8965.25 13.29 13.61 12.15 11.55 10.71 11.99 16.31 22.41 22.27 27.90 37.07 55.14
 8966.25 13.08 13.41 11.96 11.37 10.53 11.80 16.09 22.20 22.03 27.65 36.85 54.80
 8967.25 13.72 14.09 12.57 11.95 11.08 12.40 16.86 23.22 23.01 28.82 38.28 56.55
 8968.25 14.42 14.81 13.23 12.60 11.69 13.05 17.66 24.21 23.95 29.88 39.48 57.76
 8969.25 14.65 15.07 13.46 12.82 11.90 13.28 17.93 24.52 24.22 30.16 39.74 57.79
 8970.25 13.68 14.09 12.55 11.95 11.07 12.38 16.83 23.23 22.91 28.70 38.08 55.64
 8971.25 12.22 12.62 11.19 10.64  9.84 11.03 15.15 21.19 20.85 26.35 35.34 52.13
 8972.25 11.51 11.91 10.53 10.00  9.23 10.37 14.36 20.34 19.97 25.46 34.52 51.41
 8973.25 10.29 10.68  9.39  8.90  8.19  9.24 12.97 18.72 18.32 23.69 32.74 49.80
 8974.25 10.54 10.95  9.63  9.13  8.41  9.47 13.26 19.09 18.66 24.06 33.10 49.88
 8975.25 12.82 13.31 11.78 11.21 10.37 11.60 15.92 22.35 21.85 27.61 36.97 53.68
 8976.25 13.78 14.31 12.69 12.09 11.20 12.50 17.03 23.72 23.17 29.09 38.63 55.39
 8977.25 13.99 14.54 12.89 12.29 11.38 12.69 17.29 24.09 23.50 29.48 39.12 55.85
 8978.25 14.26 14.84 13.16 12.55 11.63 12.96 17.61 24.50 23.86 29.89 39.56 56.14
 8979.25 13.74 14.32 12.68 12.09 11.20 12.48 17.01 23.76 23.11 29.01 38.50 54.60
 8980.25 11.96 12.50 11.01 10.48  9.68 10.83 14.94 21.23 20.59 26.15 35.19 50.51
 8981.25 11.84 12.41 10.90 10.38  9.58 10.72 14.84 21.21 20.52 26.14 35.30 50.68
 8982.25 12.25 12.86 11.28 10.75  9.92 11.10 15.37 22.02 21.27 27.13 36.68 52.53
 8983.25 11.34 11.93 10.42  9.92  9.13 10.24 14.33 20.82 20.05 25.83 35.37 51.22
 8984.25 11.17 11.77 10.27  9.78  9.01 10.10 14.15 20.63 19.83 25.58 35.09 50.75
 8985.25 12.17 12.82 11.22 10.70  9.88 11.03 15.30 22.01 21.16 27.01 36.53 51.79
 8986.25 12.30 12.96 11.37 10.86 10.04 11.18 15.38 21.94 21.08 26.72 35.80 50.07
 8987.25 10.23 10.82  9.42  8.99  8.28  9.26 12.94 18.85 18.04 23.21 31.69 45.07
 8988.25  9.13  9.70  8.39  8.00  7.35  8.24 11.66 17.32 16.51 21.53 29.95 43.31
 8989.25  7.39  7.90  6.78  6.45  5.91  6.65  9.55 14.53 13.78 18.31 26.16 39.03
 8990.25  4.14  4.45  3.79  3.60  3.29  3.71  5.43  8.52  8.03 10.96 16.35 25.85
 8991.25  3.53  3.81  3.23  3.07  2.80  3.17  4.64  7.32  6.88  9.42 14.13 22.41
 8992.25  6.67  7.19  6.13  5.84  5.35  6.01  8.65 13.28 12.51 16.70 23.99 35.58
 8993.25 12.07 12.93 11.17 10.70  9.87 10.98 15.23 22.15 21.02 26.87 36.29 49.89
 8994.25 11.23 12.09 10.38  9.93  9.15 10.19 14.29 21.13 19.98 25.82 35.33 49.13
 8995.25 10.84 11.70 10.01  9.58  8.81  9.83 13.84 20.61 19.44 25.23 34.71 48.39
 8996.25 13.02 14.03 12.09 11.60 10.72 11.87 16.39 23.75 22.47 28.59 38.28 51.83
 8997.25 14.53 15.63 13.54 13.02 12.08 13.32 18.10 25.74 24.39 30.61 40.30 53.57
 8998.25 14.71 15.84 13.72 13.20 12.26 13.49 18.29 25.94 24.56 30.76 40.36 53.38
 8999.25 13.72 14.82 12.79 12.30 11.41 12.57 17.12 24.48 23.12 29.09 38.32 50.80
 9000.25 12.26 13.30 11.41 10.98 10.16 11.21 15.41 22.30 21.00 26.62 35.34 47.14
 9001.25 11.59 12.65 10.77 10.35  9.56 10.57 14.70 21.65 20.29 26.01 34.97 47.20
 9002.25  6.45  7.12  5.94  5.69  5.21  5.82  8.44 13.28 12.27 16.53 23.79 34.67
 9003.25  3.06  3.40  2.81  2.69  2.45  2.75  4.05  6.57  6.03  8.33 12.46 19.16
 9004.25  2.88  3.22  2.65  2.54  2.32  2.59  3.83  6.22  5.70  7.88 11.80 18.16
 9005.25  5.68  6.33  5.23  5.02  4.59  5.12  7.47 11.92 10.94 14.85 21.55 31.71
 9006.25 11.83 13.05 11.01 10.61  9.80 10.81 15.05 22.34 20.78 26.70 35.84 48.26
 9007.25 13.46 14.79 12.58 12.15 11.26 12.36 16.90 24.45 22.83 28.82 37.82 49.81
 9008.25 13.76 15.15 12.88 12.44 11.54 12.65 17.27 24.99 23.30 29.39 38.51 50.61
 9009.25 14.44 15.91 13.53 13.08 12.14 13.28 18.08 26.05 24.28 30.54 39.85 52.16
 9010.25 14.60 16.11 13.69 13.24 12.29 13.44 18.27 26.32 24.51 30.79 40.11 52.40
 9011.25 13.94 15.42 13.06 12.64 11.73 12.82 17.48 25.30 23.51 29.61 38.63 50.53
 9012.25 13.73 15.23 12.87 12.46 11.56 12.63 17.25 25.03 23.22 29.29 38.22 49.99
 9013.25 14.53 16.14 13.64 13.21 12.27 13.39 18.22 26.35 24.43 30.73 39.96 52.06
 9014.25 14.91 16.57 14.00 13.57 12.61 13.75 18.66 26.95 24.97 31.36 40.67 52.86
 9015.25 14.33 15.97 13.46 13.05 12.11 13.21 17.98 26.09 24.12 30.36 39.44 51.31
 9016.25 12.79 14.32 12.01 11.63 10.79 11.78 16.14 23.63 21.79 27.57 35.99 47.00
 9017.25 12.81 14.37 12.03 11.66 10.82 11.80 16.17 23.71 21.82 27.62 36.02 46.98
 9018.25 14.26 16.00 13.41 13.02 12.09 13.16 17.93 26.11 24.04 30.28 39.26 50.92
 9019.25 14.97 16.80 14.10 13.69 12.73 13.83 18.78 27.24 25.08 31.51 40.69 52.60
 9020.25 14.83 16.69 13.97 13.57 12.61 13.70 18.64 27.15 24.95 31.40 40.59 52.49
 9021.25 14.22 16.07 13.39 13.01 12.07 13.13 17.95 26.33 24.13 30.49 39.54 51.26
 9022.25 12.43 14.15 11.67 11.33 10.49 11.44 15.86 23.77 21.65 27.71 36.41 47.72
 9023.25 10.95 12.57 10.26  9.95  9.18 10.04 14.16 21.77 19.68 25.60 34.23 45.59
 9024.25 11.98 13.74 11.24 10.92 10.09 11.01 15.40 23.42 21.21 27.37 36.23 47.77
 9025.25 13.22 15.08 12.46 12.12 11.24 12.21 16.78 24.87 22.64 28.74 37.31 48.34
 9026.25 13.50 15.40 12.74 12.40 11.51 12.48 17.08 25.20 22.94 29.01 37.49 48.34
 9027.25 14.42 16.46 13.62 13.26 12.32 13.34 18.21 26.79 24.38 30.76 39.64 50.96
 9028.25 14.54 16.65 13.74 13.39 12.44 13.46 18.39 27.14 24.66 31.15 40.15 51.61
 9029.25 13.70 15.77 12.93 12.59 11.68 12.66 17.45 26.08 23.60 30.04 38.98 50.39
 9030.25 12.03 13.98 11.32 11.02 10.19 11.08 15.53 23.83 21.39 27.66 36.48 47.83
 9031.25 11.40 13.30 10.72 10.44  9.64 10.48 14.78 22.89 20.47 26.62 35.29 46.47
 9032.25 12.80 14.89 12.08 11.78 10.90 11.82 16.45 25.01 22.45 28.83 37.67 48.91
 9033.25 13.70 15.92 12.95 12.64 11.72 12.68 17.52 26.37 23.72 30.26 39.22 50.55
 9034.25 13.62 15.86 12.88 12.57 11.65 12.60 17.43 26.32 23.63 30.18 39.13 50.43
 9035.25 14.10 16.41 13.35 13.04 12.10 13.07 17.99 26.98 24.23 30.82 39.75 50.95
 9036.25 14.73 17.11 13.96 13.65 12.69 13.67 18.70 27.82 25.02 31.65 40.57 51.71
 9037.25 14.98 17.42 14.22 13.91 12.94 13.92 18.99 28.18 25.34 32.00 40.90 51.98
 9038.25 13.93 16.32 13.20 12.91 11.97 12.91 17.82 26.90 24.05 30.67 39.56 50.65
 9039.25  8.81 10.58  8.30  8.10  7.44  8.09 11.70 19.04 16.63 22.27 30.31 40.90
 9040.25  5.58  6.80  5.24  5.11  4.68  5.11  7.55 12.84 11.05 15.26 21.58 30.44
 9041.25  6.33  7.71  5.95  5.81  5.32  5.80  8.53 14.40 12.41 17.02 23.83 33.17
 9042.25 10.72 12.84 10.13  9.91  9.15  9.89 14.05 22.26 19.54 25.63 33.96 44.50
 9043.25 14.02 16.56 13.33 13.07 12.14 13.04 17.93 27.03 24.06 30.59 39.15 49.67
 9044.25 14.75 17.39 14.03 13.77 12.80 13.73 18.78 28.14 25.07 31.74 40.42 51.05
 9045.25 13.91 16.53 13.22 12.97 12.04 12.93 17.87 27.21 24.10 30.79 39.52 50.22
 9046.25 12.97 15.52 12.31 12.08 11.18 12.03 16.80 25.99 22.89 29.51 38.19 48.86
 9047.25 13.61 16.25 12.95 12.71 11.79 12.65 17.53 26.83 23.69 30.32 38.93 49.43
 9048.25 14.00 16.72 13.34 13.10 12.16 13.03 17.99 27.38 24.19 30.85 39.44 49.86
 9049.25 13.58 16.28 12.92 12.70 11.78 12.62 17.52 26.92 23.69 30.37 38.97 49.41
 9050.25  9.28 11.40  8.79  8.62  7.94  8.57 12.36 20.28 17.46 23.33 31.29 41.36
 9051.25  4.94  6.19  4.66  4.57  4.19  4.54  6.75 11.75  9.90 13.79 19.44 27.17
 9052.25  4.02  5.06  3.80  3.72  3.41  3.69  5.51  9.71  8.13 11.41 16.22 22.90
 9053.25  5.99  7.50  5.66  5.56  5.10  5.51  8.14 14.02 11.83 16.32 22.64 31.01
 9054.25 11.32 13.88 10.77 10.60  9.79 10.50 14.90 23.81 20.59 26.98 35.25 45.31
 9055.25 13.74 16.66 13.11 12.92 11.99 12.80 17.76 27.41 23.96 30.71 39.19 49.30
 9056.25 13.79 16.74 13.17 12.98 12.05 12.86 17.83 27.53 24.03 30.80 39.27 49.33
 9057.25 13.74 16.72 13.13 12.94 12.01 12.81 17.78 27.50 23.98 30.75 39.19 49.19
 9058.25 13.22 16.17 12.63 12.45 11.54 12.32 17.20 26.86 23.32 30.06 38.47 48.43
 9059.25 12.33 15.20 11.77 11.61 10.75 11.48 16.16 25.60 22.10 28.73 37.01 46.85
 9060.25 12.42 15.30 11.87 11.71 10.85 11.57 16.24 25.61 22.12 28.66 36.78 46.36
 9061.25 13.11 16.11 12.55 12.39 11.50 12.24 17.05 26.59 23.04 29.64 37.75 47.26
 9062.25 13.34 16.40 12.78 12.63 11.73 12.47 17.32 26.92 23.33 29.94 38.02 47.45
 9063.25 13.51 16.60 12.95 12.80 11.89 12.63 17.50 27.13 23.51 30.11 38.14 47.46
 9064.25 13.95 17.13 13.38 13.24 12.31 13.06 18.03 27.81 24.11 30.79 38.85 48.17
 9065.25 14.01 17.26 13.45 13.30 12.37 13.12 18.14 28.09 24.31 31.10 39.27 48.70
 9066.25 12.23 15.31 11.72 11.59 10.73 11.41 16.12 25.82 22.07 28.78 36.96 46.47
 9067.25 11.26 14.21 10.78 10.66  9.85 10.49 14.96 24.38 20.69 27.25 35.30 44.69
 9068.25 11.14 14.06 10.68 10.57  9.77 10.39 14.79 24.00 20.38 26.76 34.54 43.57
 9069.25 11.67 14.67 11.20 11.09 10.27 10.91 15.37 24.60 20.97 27.29 34.89 43.60
 9070.25 11.28 14.28 10.82 10.72  9.91 10.53 14.96 24.28 20.58 27.00 34.74 43.65
 9071.25 10.19 13.01  9.76  9.68  8.93  9.50 13.63 22.54 18.96 25.14 32.66 41.37
 9072.25 10.52 13.41 10.09 10.01  9.25  9.82 14.03 23.00 19.39 25.57 33.00 41.52
 9073.25 11.07 14.12 10.63 10.55  9.75 10.34 14.74 24.07 20.30 26.70 34.34 43.03
 9074.25 12.34 15.62 11.88 11.79 10.93 11.56 16.25 25.98 22.06 28.64 36.35 45.02
 9075.25 13.58 17.08 13.09 13.00 12.08 12.75 17.72 27.85 23.78 30.56 38.41 47.16
 9076.25 13.88 17.48 13.39 13.30 12.37 13.04 18.11 28.45 24.27 31.17 39.13 47.96
 9077.25 13.62 17.22 13.14 13.06 12.14 12.80 17.83 28.16 23.96 30.86 38.79 47.57
 9078.25 12.95 16.46 12.50 12.43 11.54 12.17 17.03 27.12 22.99 29.73 37.48 46.03
 9079.25 12.10 15.44 11.67 11.61 10.77 11.36 15.96 25.59 21.62 28.06 35.45 43.59
 9080.25 12.04 15.38 11.62 11.57 10.74 11.31 15.87 25.41 21.46 27.81 35.06 43.01
 9081.25 12.43 15.89 12.01 11.97 11.11 11.69 16.36 26.11 22.06 28.53 35.87 43.88
 9082.25 13.22 16.88 12.79 12.74 11.84 12.45 17.36 27.58 23.32 30.08 37.69 45.95
 9083.25 13.59 17.37 13.14 13.10 12.18 12.79 17.84 28.36 23.95 30.89 38.67 47.07
 9084.25 13.33 17.12 12.90 12.86 11.95 12.55 17.56 28.08 23.65 30.59 38.36 46.73
 9085.25 12.55 16.22 12.14 12.11 11.24 11.81 16.63 26.89 22.53 29.31 36.92 45.10
 9086.25 10.67 13.97 10.31 10.29  9.52 10.01 14.32 23.76 19.70 26.00 33.15 40.87
 9087.25  9.17 12.17  8.86  8.84  8.16  8.59 12.47 21.31 17.44 23.43 30.30 37.82
 9088.25  9.35 12.48  9.04  9.03  8.32  8.76 12.77 21.98 17.92 24.17 31.35 39.21
 9089.25 10.70 14.17 10.36 10.35  9.56 10.05 14.47 24.37 20.03 26.65 34.10 42.10
 9090.25 12.81 16.68 12.43 12.43 11.54 12.08 16.99 27.49 22.94 29.80 37.33 45.23
 9091.25 13.66 17.69 13.27 13.27 12.34 12.90 17.98 28.69 24.05 31.00 38.53 46.38
 9092.25 12.94 16.88 12.57 12.58 11.68 12.22 17.14 27.68 23.08 29.92 37.35 45.08
 9093.25 10.96 14.57 10.64 10.65  9.85 10.32 14.79 24.77 20.34 26.92 34.17 41.78
 9094.25  7.53 10.29  7.29  7.30  6.71  7.05 10.45 18.69 14.91 20.54 27.05 34.14
 9095.25  6.44  8.89  6.23  6.25  5.74  6.03  9.02 16.48 13.01 18.17 24.23 30.93
 9096.25  8.63 11.78  8.37  8.39  7.73  8.10 11.92 21.04 16.85 22.99 29.92 37.31
 9097.25 12.14 16.15 11.81 11.85 10.98 11.46 16.30 27.00 22.20 29.15 36.61 44.23
 9098.25 12.97 17.10 12.63 12.67 11.77 12.27 17.23 27.99 23.18 30.10 37.41 44.80
 9099.25 11.99 15.92 11.69 11.73 10.89 11.34 16.03 26.31 21.68 28.30 35.29 42.34
 9100.25 11.50 15.35 11.21 11.25 10.44 10.87 15.43 25.52 20.95 27.45 34.30 41.20
 9101.25 12.52 16.67 12.21 12.27 11.39 11.86 16.73 27.43 22.58 29.43 36.61 43.75
 9102.25 13.44 17.83 13.12 13.19 12.26 12.74 17.87 29.04 23.97 31.09 38.47 45.77
 9103.25 11.60 15.68 11.32 11.38 10.54 10.97 15.70 26.47 21.50 28.45 35.77 43.07
 9104.25  6.96  9.78  6.78  6.82  6.27  6.55  9.78 17.93 14.03 19.52 25.67 32.10
 9105.25  5.06  7.20  4.93  4.96  4.55  4.75  7.19 13.58 10.47 14.84 19.88 25.27
 9106.25  6.22  8.80  6.06  6.10  5.61  5.85  8.77 16.26 12.63 17.68 23.34 29.22
 9107.25 10.06 13.81  9.82  9.90  9.15  9.51 13.75 23.67 19.00 25.41 32.11 38.69
 9108.25 12.97 17.36 12.70 12.79 11.90 12.32 17.27 28.15 23.11 29.96 36.88 43.50
 9109.25 13.98 18.62 13.70 13.80 12.86 13.30 18.51 29.84 24.58 31.68 38.79 45.54
 9110.25 14.14 18.88 13.86 13.97 13.02 13.46 18.74 30.27 24.90 32.12 39.31 46.10
 9111.25 13.92 18.67 13.66 13.77 12.82 13.25 18.51 30.08 24.67 31.91 39.11 45.87
 9112.25 13.83 18.60 13.57 13.69 12.75 13.16 18.42 30.00 24.56 31.80 38.97 45.67
 9113.25 13.87 18.67 13.61 13.74 12.79 13.21 18.47 30.09 24.61 31.86 39.01 45.64
 9114.25 13.85 18.68 13.60 13.73 12.79 13.19 18.46 30.10 24.59 31.84 38.96 45.52
 9115.25 13.44 18.23 13.21 13.34 12.42 12.81 17.98 29.54 24.05 31.24 38.29 44.76
 9116.25 12.84 17.54 12.62 12.75 11.86 12.23 17.27 28.67 23.22 30.33 37.28 43.64
 9117.25 12.01 16.52 11.80 11.94 11.08 11.43 16.25 27.29 21.98 28.88 35.63 41.77
 9118.25 11.01 15.27 10.82 10.95 10.16 10.47 14.99 25.48 20.40 26.98 33.42 39.25
 9119.25 11.10 15.44 10.92 11.06 10.25 10.56 15.14 25.78 20.61 27.27 33.77 39.62
 9120.25 12.14 16.84 11.95 12.10 11.23 11.56 16.49 27.88 22.34 29.43 36.29 42.41
 9121.25 12.57 17.43 12.38 12.54 11.65 11.98 17.06 28.76 23.06 30.32 37.31 43.50
 9122.25 12.33 17.19 12.15 12.32 11.43 11.76 16.80 28.51 22.78 30.05 37.04 43.18
 9123.25 11.67 16.40 11.50 11.67 10.82 11.12 16.00 27.52 21.84 29.02 35.92 41.97
 9124.25 10.32 14.73 10.18 10.33  9.55  9.83 14.33 25.33 19.84 26.75 33.47 39.37
 9125.25  9.22 13.34  9.09  9.24  8.53  8.77 12.95 23.45 18.14 24.81 31.36 37.14
 9126.25  9.61 13.87  9.48  9.64  8.90  9.14 13.46 24.22 18.78 25.58 32.20 37.97
 9127.25 10.65 15.23 10.52 10.69  9.90 10.16 14.76 25.96 20.34 27.32 33.98 39.67
 9128.25 11.02 15.68 10.89 11.07 10.26 10.52 15.19 26.39 20.77 27.71 34.24 39.77
 9129.25 11.10 15.76 10.97 11.16 10.35 10.60 15.26 26.34 20.78 27.62 34.00 39.35
 9130.25 11.18 15.83 11.06 11.26 10.45 10.69 15.31 26.24 20.76 27.46 33.67 38.81
 9131.25 12.09 17.01 11.97 12.18 11.32 11.57 16.45 27.82 22.12 29.06 35.41 40.62
 9132.25 12.94 18.14 12.82 13.05 12.14 12.40 17.53 29.40 23.45 30.66 37.21 42.52
 9133.25 13.08 18.35 12.97 13.20 12.29 12.54 17.71 29.68 23.67 30.92 37.48 42.76
 9134.25 12.51 17.65 12.40 12.64 11.75 11.99 17.01 28.74 22.82 29.93 36.34 41.46
 9135.25 11.41 16.27 11.32 11.54 10.72 10.93 15.65 26.86 21.16 27.98 34.14 39.04
 9136.25 10.05 14.53  9.98 10.18  9.43  9.63 13.94 24.46 19.06 25.50 31.35 35.97
 9137.25 10.92 15.72 10.85 11.07 10.27 10.47 15.07 26.16 20.47 27.22 33.28 38.01
 9138.25 12.13 17.39 12.06 12.31 11.43 11.64 16.67 28.65 22.51 29.76 36.22 41.20
 9139.25 12.31 17.68 12.24 12.50 11.61 11.82 16.92 29.13 22.86 30.23 36.78 41.77
 9140.25 12.79 18.27 12.72 12.99 12.08 12.29 17.48 29.77 23.46 30.85 37.34 42.24
 9141.25 12.95 18.50 12.89 13.17 12.25 12.45 17.68 30.03 23.68 31.09 37.56 42.40
 9142.25 12.65 18.17 12.59 12.87 11.97 12.16 17.34 29.68 23.30 30.71 37.16 41.94
 9143.25 12.68 18.22 12.63 12.92 12.01 12.20 17.37 29.68 23.30 30.67 37.06 41.74
 9144.25 12.83 18.42 12.79 13.08 12.17 12.35 17.55 29.89 23.49 30.86 37.21 41.81
 9145.25 12.87 18.53 12.83 13.13 12.22 12.39 17.63 30.09 23.61 31.05 37.43 42.00
 9146.25 12.77 18.46 12.74 13.04 12.13 12.30 17.53 30.07 23.53 31.00 37.39 41.93
 9147.25 12.63 18.33 12.61 12.92 12.01 12.17 17.39 29.95 23.37 30.86 37.23 41.71
 9148.25 12.58 18.29 12.57 12.88 11.98 12.12 17.33 29.89 23.29 30.77 37.11 41.51
 9149.25 12.24 17.88 12.23 12.54 11.66 11.80 16.91 29.34 22.79 30.19 36.44 40.74
 9150.25 11.89 17.45 11.89 12.20 11.33 11.46 16.48 28.73 22.25 29.55 35.70 39.88
 9151.25 11.82 17.34 11.82 12.14 11.28 11.40 16.36 28.48 22.06 29.26 35.29 39.33
 9152.25 10.68 15.85 10.69 10.98 10.19 10.30 14.91 26.41 20.27 27.13 32.88 36.71
 9153.25  8.13 12.50  8.15  8.39  7.74  7.82 11.67 21.99 16.36 22.64 28.08 31.72
 9154.25  6.39 10.05  6.41  6.61  6.08  6.14  9.34 18.40 13.36 18.97 23.98 27.37
 9155.25  6.24  9.82  6.26  6.46  5.95  6.00  9.12 17.94 13.03 18.47 23.29 26.50
 9156.25  8.23 12.70  8.26  8.52  7.87  7.93 11.83 22.25 16.53 22.84 28.20 31.64
 9157.25 10.45 15.84 10.49 10.81 10.02 10.09 14.78 26.80 20.27 27.44 33.36 37.06
 9158.25 11.10 16.76 11.15 11.49 10.65 10.72 15.64 28.14 21.35 28.77 34.84 38.57
 9159.25 10.11 15.47 10.16 10.48  9.70  9.76 14.39 26.46 19.85 27.06 32.99 36.61
 9160.25 10.16 15.54 10.21 10.54  9.76  9.81 14.44 26.45 19.87 27.01 32.86 36.36
 9161.25 10.16 15.59 10.22 10.56  9.77  9.82 14.46 26.57 19.91 27.11 32.96 36.42
 9162.25  8.38 13.17  8.43  8.73  8.05  8.09 12.15 23.31 17.07 23.80 29.40 32.71
 9163.25  6.70 10.74  6.75  7.00  6.44  6.47  9.86 19.65 14.09 20.07 25.17 28.18
 9164.25  6.97 11.17  7.03  7.29  6.71  6.73 10.25 20.33 14.61 20.74 25.92 28.92
 9165.25  9.62 14.99  9.70 10.04  9.28  9.31 13.82 25.89 19.16 26.33 32.12 35.33
 9166.25 11.87 18.00 11.97 12.37 11.49 11.51 16.67 29.69 22.53 30.14 36.08 39.27
 9167.25 11.74 17.82 11.85 12.25 11.38 11.40 16.49 29.35 22.27 29.76 35.57 38.65
 9168.25 11.63 17.68 11.74 12.15 11.29 11.29 16.34 29.11 22.07 29.49 35.23 38.20
 9169.25 11.91 18.10 12.03 12.44 11.57 11.57 16.71 29.69 22.52 30.05 35.83 38.78
 9170.25 12.14 18.45 12.27 12.70 11.81 11.80 17.03 30.19 22.91 30.54 36.36 39.26
 9171.25 12.08 18.38 12.21 12.64 11.76 11.74 16.95 30.08 22.80 30.40 36.17 38.99
 9172.25 11.48 17.61 11.61 12.03 11.18 11.16 16.19 29.03 21.88 29.32 34.96 37.66
 9173.25 10.96 16.87 11.09 11.50 10.68 10.66 15.49 27.90 20.97 28.16 33.58 36.13
 9174.25 10.63 16.38 10.77 11.17 10.38 10.34 15.03 27.04 20.32 27.27 32.48 34.87
 9175.25 11.17 17.16 11.32 11.74 10.92 10.88 15.74 28.11 21.19 28.32 33.62 35.99
 9176.25 11.92 18.20 12.08 12.53 11.67 11.62 16.71 29.53 22.36 29.72 35.15 37.51
 9177.25 12.12 18.53 12.29 12.75 11.87 11.82 16.99 30.03 22.73 30.20 35.68 38.01
 9178.25 12.51 19.11 12.69 13.17 12.27 12.20 17.51 30.88 23.38 31.02 36.59 38.90
 9179.25 12.90 19.66 13.09 13.59 12.66 12.59 18.01 31.60 23.98 31.73 37.33 39.60
 9180.25 13.02 19.86 13.23 13.73 12.80 12.72 18.18 31.85 24.17 31.95 37.55 39.76
 9181.25 13.18 20.06 13.39 13.90 12.97 12.88 18.36 32.03 24.35 32.11 37.66 39.78
 9182.25 13.18 20.10 13.40 13.92 12.99 12.89 18.38 32.10 24.37 32.16 37.69 39.75
 9183.25 12.68 19.48 12.90 13.41 12.50 12.40 17.76 31.30 23.65 31.33 36.78 38.74
 9184.25 11.66 18.13 11.87 12.36 11.50 11.40 16.48 29.53 22.11 29.53 34.79 36.63
 9185.25 11.74 18.29 11.96 12.45 11.59 11.48 16.61 29.79 22.28 29.77 35.06 36.84
 9186.25 12.73 19.67 12.97 13.50 12.58 12.46 17.88 31.63 23.81 31.59 37.02 38.78
 9187.25 13.28 20.41 13.53 14.08 13.14 13.01 18.56 32.55 24.60 32.49 37.95 39.66
 9188.25 13.49 20.71 13.75 14.31 13.36 13.22 18.83 32.91 24.89 32.81 38.27 39.91
 9189.25 13.39 20.62 13.66 14.23 13.28 13.13 18.72 32.80 24.77 32.69 38.11 39.68
 9190.25 13.20 20.40 13.48 14.04 13.11 12.95 18.50 32.53 24.51 32.39 37.77 39.26
 9191.25 12.82 19.95 13.10 13.66 12.74 12.57 18.05 32.01 24.00 31.84 37.18 38.59
 9192.25 12.56 19.63 12.84 13.40 12.49 12.32 17.72 31.57 23.60 31.38 36.65 37.97
 9193.25 12.85 20.04 13.14 13.72 12.80 12.62 18.09 32.06 24.02 31.85 37.11 38.37
 9194.25 12.62 19.76 12.91 13.49 12.58 12.39 17.81 31.70 23.68 31.46 36.67 37.85
 9195.25 12.02 18.91 12.31 12.86 11.99 11.81 17.01 30.43 22.67 30.18 35.19 36.26
 9196.25 12.38 19.42 12.68 13.25 12.36 12.17 17.47 31.09 23.21 30.82 35.85 36.85
 9197.25 13.14 20.52 13.46 14.06 13.13 12.92 18.47 32.63 24.44 32.33 37.51 38.47
 9198.25 13.24 20.72 13.58 14.19 13.25 13.03 18.64 32.95 24.65 32.62 37.81 38.72
 9199.25 12.94 20.39 13.28 13.89 12.96 12.74 18.30 32.60 24.28 32.24 37.42 38.25
 9200.25 12.83 20.30 13.17 13.79 12.86 12.63 18.18 32.53 24.16 32.15 37.32 38.08
 9201.25 12.91 20.43 13.26 13.88 12.95 12.71 18.29 32.69 24.28 32.29 37.44 38.13
 9202.25 12.83 20.37 13.18 13.81 12.89 12.64 18.21 32.65 24.19 32.22 37.35 37.96
 9203.25 12.69 20.24 13.06 13.69 12.76 12.51 18.06 32.50 24.03 32.05 37.15 37.69
 9204.25 12.49 20.00 12.86 13.49 12.57 12.32 17.81 32.20 23.74 31.73 36.79 37.25
 9205.25 12.26 19.71 12.63 13.26 12.35 12.09 17.53 31.81 23.39 31.32 36.32 36.70
 9206.25 12.27 19.74 12.65 13.28 12.38 12.11 17.54 31.81 23.39 31.30 36.25 36.56
 9207.25 12.18 19.65 12.56 13.20 12.30 12.02 17.43 31.69 23.26 31.16 36.08 36.31
 9208.25 12.25 19.76 12.63 13.28 12.38 12.09 17.52 31.83 23.36 31.27 36.17 36.32
 9209.25 12.65 20.34 13.06 13.72 12.80 12.51 18.04 32.55 23.96 31.96 36.87 36.95
 9210.25 12.66 20.40 13.07 13.74 12.82 12.51 18.08 32.70 24.02 32.08 37.01 37.01
 9211.25 12.30 19.99 12.71 13.38 12.47 12.16 17.66 32.25 23.57 31.61 36.51 36.44
 9212.25 12.11 19.74 12.52 13.19 12.29 11.98 17.42 31.89 23.26 31.23 36.06 35.92
 9213.25 12.01 19.62 12.43 13.10 12.20 11.89 17.29 31.68 23.08 31.00 35.78 35.56
 9214.25 12.09 19.72 12.52 13.19 12.30 11.98 17.38 31.72 23.15 31.03 35.74 35.45
 9215.25 12.24 19.94 12.68 13.36 12.46 12.13 17.57 31.98 23.36 31.26 35.96 35.59
 9216.25 11.93 19.58 12.37 13.05 12.16 11.83 17.21 31.58 22.95 30.84 35.51 35.07
 9217.25 10.35 17.47 10.75 11.38 10.57 10.26 15.22 29.05 20.66 28.30 32.86 32.35
 9218.25  8.03 14.16  8.36  8.89  8.22  7.95 12.17 24.88 17.00 24.14 28.52 27.94
 9219.25  7.39 13.22  7.71  8.21  7.58  7.33 11.30 23.61 15.93 22.87 27.16 26.52
 9220.25  9.42 16.35  9.82 10.42  9.66  9.35 14.10 27.93 19.43 27.11 31.68 30.93
 9221.25 11.66 19.48 12.12 12.83 11.94 11.58 16.98 31.71 22.78 30.84 35.49 34.65
 9222.25 11.75 19.62 12.22 12.94 12.05 11.67 17.10 31.86 22.90 30.97 35.59 34.67
 9223.25 11.12 18.84 11.59 12.28 11.42 11.05 16.34 31.00 22.05 30.09 34.69 33.69
 9224.25  9.60 16.71 10.03 10.66  9.89  9.55 14.37 28.34 19.72 27.43 31.88 30.83
 9225.25  7.38 13.32  7.72  8.24  7.61  7.33 11.31 23.67 15.90 22.82 26.92 25.86
 9226.25  5.87 10.86  6.16  6.59  6.08  5.84  9.15 19.96 13.06 19.17 22.87 21.84
 9227.25  5.64 10.49  5.92  6.34  5.84  5.61  8.81 19.37 12.61 18.58 22.19 21.12
 9228.25  6.68 12.27  7.01  7.50  6.92  6.65 10.35 22.17 14.66 21.28 25.19 23.96
 9229.25  8.58 15.34  9.00  9.61  8.89  8.55 13.05 26.57 18.10 25.57 29.82 28.41
 9230.25 10.14 17.66 10.62 11.31 10.50 10.11 15.14 29.56 20.62 28.50 32.86 31.33
 9231.25 10.64 18.41 11.14 11.86 11.03 10.61 15.80 30.48 21.40 29.39 33.77 32.15
 9232.25 10.83 18.70 11.35 12.08 11.24 10.81 16.05 30.83 21.69 29.71 34.07 32.37
 9233.25 11.41 19.50 11.95 12.71 11.84 11.39 16.78 31.74 22.50 30.59 34.93 33.15
 9234.25 11.51 19.64 12.06 12.83 11.95 11.49 16.90 31.85 22.62 30.69 34.98 33.13
 9235.25 11.15 19.19 11.70 12.46 11.60 11.15 16.47 31.32 22.12 30.15 34.40 32.47
 9236.25 11.02 19.08 11.57 12.33 11.48 11.02 16.33 31.28 21.99 30.07 34.33 32.31
 9237.25 11.07 19.16 11.63 12.40 11.54 11.08 16.40 31.34 22.05 30.11 34.33 32.25
 9238.25 11.00 19.05 11.56 12.33 11.48 11.01 16.29 31.11 21.88 29.87 34.02 31.88
 9239.25 11.09 19.22 11.66 12.44 11.59 11.11 16.42 31.33 22.04 30.07 34.21 31.98
 9240.25 11.38 19.68 11.97 12.77 11.90 11.40 16.82 31.97 22.53 30.67 34.83 32.49
 9241.25 11.50 19.90 12.10 12.92 12.04 11.53 17.00 32.29 22.75 30.95 35.12 32.69
 9242.25 11.33 19.69 11.93 12.74 11.87 11.36 16.78 32.02 22.50 30.67 34.80 32.29
 9243.25 11.06 19.33 11.66 12.46 11.60 11.09 16.44 31.54 22.08 30.18 34.26 31.69
 9244.25 10.91 19.13 11.51 12.31 11.46 10.95 16.25 31.26 21.84 29.88 33.90 31.27
 9245.25 10.95 19.18 11.55 12.36 11.51 10.99 16.29 31.27 21.86 29.88 33.86 31.16
 9246.25 11.14 19.48 11.76 12.58 11.72 11.19 16.54 31.62 22.15 30.20 34.16 31.38
 9247.25 11.57 20.15 12.21 13.06 12.18 11.62 17.12 32.52 22.85 31.06 35.06 32.15
 9248.25 11.63 20.31 12.29 13.15 12.26 11.69 17.24 32.78 23.01 31.29 35.30 32.28
 9249.25 10.59 18.89 11.21 12.03 11.19 10.65 15.92 31.13 21.50 29.63 33.58 30.51
 9250.25  9.50 17.33 10.08 10.84 10.07  9.56 14.49 29.19 19.80 27.70 31.55 28.45
 9251.25  9.50 17.35 10.09 10.86 10.08  9.57 14.49 29.18 19.79 27.67 31.48 28.31
 9252.25  9.68 17.68 10.28 11.07 10.28  9.75 14.76 29.69 20.14 28.14 31.97 28.69
 9253.25  9.17 16.97  9.76 10.52  9.76  9.25 14.10 28.84 19.36 27.28 31.07 27.72
 9254.25  9.34 17.26  9.95 10.72  9.95  9.43 14.34 29.19 19.64 27.61 31.39 27.94
 9255.25 10.39 18.83 11.05 11.89 11.06 10.48 15.75 31.15 21.31 29.51 33.33 29.74
 9256.25 10.41 18.91 11.07 11.93 11.09 10.51 15.79 31.28 21.37 29.61 33.42 29.73
 9257.25 11.01 19.77 11.70 12.59 11.73 11.11 16.56 32.27 22.24 30.57 34.37 30.59
 9258.25 11.99 21.09 12.73 13.66 12.76 12.11 17.78 33.68 23.58 31.97 35.74 31.88
 9259.25 11.97 21.02 12.71 13.64 12.74 12.09 17.73 33.50 23.47 31.77 35.48 31.58
 9260.25 11.83 20.81 12.57 13.50 12.61 11.96 17.53 33.13 23.21 31.41 35.05 31.11
 9261.25 11.97 21.03 12.72 13.66 12.77 12.10 17.72 33.41 23.42 31.66 35.29 31.25
 9262.25 11.73 20.81 12.48 13.42 12.53 11.86 17.47 33.28 23.18 31.49 35.13 30.97
 9263.25 10.98 19.90 11.72 12.64 11.77 11.12 16.58 32.40 22.24 30.58 34.22 29.94
 9264.25  9.89 18.42 10.59 11.46 10.64 10.03 15.20 30.75 20.67 28.91 32.52 28.17
 9265.25  9.18 17.37  9.84 10.67  9.90  9.31 14.25 29.47 19.54 27.63 31.18 26.79
 9266.25 10.49 19.33 11.22 12.13 11.29 10.64 15.99 31.81 21.57 29.91 33.49 28.94
 9267.25 11.40 20.63 12.18 13.15 12.26 11.56 17.17 33.32 22.92 31.39 34.96 30.30
 9268.25 10.62 19.59 11.37 12.30 11.45 10.78 16.19 32.14 21.81 30.19 33.73 29.00
 9269.25 10.83 19.89 11.60 12.55 11.69 11.00 16.46 32.44 22.09 30.48 33.98 29.17
 9270.25 11.80 21.23 12.62 13.62 12.72 11.98 17.68 33.93 23.46 31.94 35.43 30.52
 9271.25 12.17 21.74 13.01 14.03 13.12 12.36 18.14 34.47 23.95 32.46 35.93 30.93
 9272.25 11.98 21.45 12.81 13.83 12.92 12.17 17.88 34.04 23.62 32.03 35.44 30.41
 9273.25 11.85 21.29 12.69 13.70 12.80 12.05 17.72 33.80 23.41 31.78 35.14 30.05
 9274.25 12.03 21.61 12.89 13.92 13.01 12.24 17.98 34.24 23.73 32.18 35.55 30.32
 9275.25 12.11 21.75 12.98 14.02 13.11 12.32 18.09 34.43 23.86 32.35 35.70 30.37
 9276.25 12.05 21.71 12.92 13.97 13.06 12.27 18.03 34.39 23.80 32.28 35.61 30.20
 9277.25 11.70 21.22 12.56 13.59 12.70 11.92 17.58 33.74 23.25 31.63 34.89 29.46
 9278.25 11.03 20.14 11.85 12.84 11.99 11.24 16.64 32.18 22.07 30.13 33.25 27.94
 9279.25 10.70 19.61 11.51 12.48 11.65 10.91 16.18 31.37 21.47 29.35 32.37 27.10
 9280.25 11.22 20.50 12.07 13.08 12.22 11.45 16.92 32.64 22.40 30.54 33.63 28.10
 9281.25 12.05 21.80 12.95 14.02 13.12 12.29 18.05 34.41 23.76 32.21 35.38 29.57
 9282.25 12.33 22.25 13.26 14.35 13.43 12.59 18.43 34.97 24.21 32.74 35.91 29.97
 9283.25 12.07 21.91 12.99 14.07 13.17 12.33 18.11 34.58 23.84 32.33 35.47 29.46
 9284.25 11.45 20.96 12.34 13.39 12.52 11.70 17.27 33.25 22.80 31.05 34.07 28.15
 9285.25 10.91 20.15 11.77 12.79 11.95 11.15 16.54 32.16 21.92 29.98 32.92 27.04
 9286.25 10.86 20.18 11.73 12.76 11.91 11.11 16.53 32.30 21.94 30.08 33.02 26.99
 9287.25  9.93 19.01 10.77 11.75 10.95 10.18 15.40 31.19 20.74 28.92 31.88 25.69
 9288.25  7.66 15.51  8.36  9.19  8.51  7.87 12.30 26.91 17.05 24.70 27.54 21.54
 9289.25  7.21 14.78  7.88  8.67  8.03  7.41 11.66 25.92 16.25 23.73 26.50 20.53
 9290.25  8.40 16.82  9.17 10.07  9.34  8.64 13.39 28.67 18.40 26.36 29.23 22.87
 9291.25  9.02 17.80  9.83 10.78 10.02  9.27 14.24 29.85 19.40 27.50 30.36 23.86
 9292.25 10.38 19.85 11.29 12.33 11.50 10.66 16.06 32.22 21.50 29.82 32.70 25.99
 9293.25 11.17 20.90 12.12 13.21 12.34 11.47 17.04 33.27 22.55 30.87 33.70 26.95
 9294.25  9.62 18.62 10.48 11.47 10.68  9.89 14.99 30.49 20.16 28.15 30.87 24.26
 9295.25  7.15 14.73  7.85  8.65  8.02  7.37 11.58 25.62 16.07 23.39 25.93 19.67
 9296.25  6.53 13.72  7.19  7.94  7.35  6.74 10.70 24.34 14.99 22.12 24.61 18.39
 9297.25  6.68 13.95  7.35  8.12  7.52  6.90 10.90 24.54 15.21 22.32 24.77 18.51
 9298.25  8.53 17.05  9.34 10.28  9.55  8.80 13.54 28.55 18.44 26.18 28.75 21.97
 9299.25 10.77 20.47 11.73 12.83 11.98 11.09 16.56 32.70 21.96 30.21 32.86 25.65
 9300.25 10.26 19.55 11.19 12.24 11.44 10.58 15.80 31.23 20.95 28.83 31.35 24.38
 9301.25 10.11 19.34 11.04 12.08 11.28 10.43 15.60 30.94 20.71 28.54 31.01 23.99
 9302.25 11.06 20.91 12.06 13.19 12.33 11.40 16.94 33.12 22.34 30.58 33.15 25.70
 9303.25 11.14 21.01 12.15 13.28 12.42 11.49 17.02 33.17 22.41 30.63 33.16 25.66
 9304.25 10.67 20.37 11.66 12.77 11.93 11.01 16.43 32.41 21.73 29.86 32.35 24.82
 9305.25 11.00 21.09 12.03 13.18 12.32 11.36 16.98 33.64 22.49 30.96 33.53 25.59
 9306.25  9.74 19.33 10.70 11.77 10.97 10.08 15.36 31.71 20.66 29.02 31.57 23.60
 9307.25  4.56 10.04  5.06  5.65  5.21  4.74  7.65 18.43 10.87 16.48 18.30 12.70
 9308.25  1.99  4.56  2.22  2.49  2.29  2.07  3.41  8.81  4.95  7.78  8.72  5.82
 9309.25  1.40  3.22  1.56  1.75  1.61  1.45  2.41  6.28  3.50  5.53  6.21  4.09
 9310.25  1.68  3.89  1.88  2.11  1.95  1.76  2.90  7.58  4.22  6.67  7.47  4.89
 9311.25  2.60  5.98  2.91  3.26  3.00  2.71  4.47 11.51  6.47 10.14 11.32  7.44
 9312.25  3.47  7.92  3.88  4.35  4.01  3.62  5.94 15.04  8.55 13.29 14.78  9.75
 9313.25  4.12  9.35  4.61  5.16  4.76  4.30  7.02 17.53 10.06 15.52 17.20 11.39
 9314.25  2.78  6.40  3.11  3.49  3.22  2.90  4.78 12.24  6.89 10.78 11.99  7.79
 9315.25  1.14  2.68  1.28  1.44  1.33  1.19  1.98  5.23  2.88  4.58  5.10  3.25
 9316.25  0.78  1.84  0.88  0.99  0.91  0.82  1.36  3.61  1.98  3.15  3.52  2.22
 9317.25  1.98  4.61  2.22  2.50  2.30  2.07  3.42  8.86  4.94  7.77  8.61  5.46
 9318.25  6.00 13.05  6.70  7.48  6.93  6.27  9.97 22.89 13.87 20.50 22.34 15.08
 9319.25  5.00 11.18  5.60  6.27  5.80  5.23  8.44 20.20 11.90 17.95 19.64 12.91
 9320.25  3.86  8.89  4.34  4.88  4.50  4.04  6.62 16.67  9.48 14.67 16.15 10.26
 9321.25  5.00 11.33  5.62  6.31  5.83  5.24  8.50 20.66 12.04 18.29 20.01 12.91
 9322.25  7.71 16.24  8.59  9.56  8.89  8.05 12.55 27.30 17.11 24.60 26.55 18.11
 9323.25  5.47 12.03  6.13  6.86  6.36  5.73  9.14 21.16 12.72 18.86 20.48 13.44
 9324.25  2.06  4.88  2.33  2.63  2.42  2.17  3.59  9.37  5.19  8.17  8.99  5.48
 9325.25  1.04  2.50  1.18  1.33  1.23  1.10  1.83  4.88  2.65  4.23  4.67  2.79
 9326.25  1.13  2.72  1.28  1.45  1.34  1.19  1.99  5.32  2.89  4.61  5.08  3.01
 9327.25  1.82  4.36  2.06  2.33  2.15  1.92  3.19  8.46  4.62  7.34  8.07  4.78
 9328.25  4.96 11.23  5.59  6.28  5.81  5.21  8.41 20.17 11.82 17.81 19.32 12.10
 9329.25 10.19 20.53 11.33 12.56 11.74 10.66 16.12 32.84 21.38 29.76 31.71 21.69
 9330.25 10.37 20.74 11.53 12.77 11.94 10.85 16.33 32.94 21.57 29.88 31.79 21.77
 9331.25  8.70 18.13  9.73 10.83 10.10  9.13 14.05 29.69 18.88 26.74 28.55 18.96
 9332.25  5.85 13.15  6.60  7.42  6.88  6.16  9.88 23.16 13.76 20.50 22.09 13.74
 9333.25  3.36  7.94  3.81  4.31  3.98  3.55  5.83 14.79  8.32 12.90 14.01  8.26
 9334.25  3.29  7.76  3.74  4.23  3.91  3.48  5.71 14.36  8.12 12.54 13.58  7.98
 9335.25  6.26 13.73  7.05  7.92  7.35  6.59 10.41 23.40 14.28 20.82 22.28 13.96
 9336.25  8.89 18.26  9.95 11.07 10.34  9.34 14.22 29.33 18.90 26.44 28.05 18.43
 9337.25  9.16 18.73 10.24 11.39 10.65  9.62 14.60 29.96 19.36 27.02 28.63 18.79
 9338.25  6.50 14.26  7.34  8.24  7.66  6.86 10.81 24.19 14.78 21.51 22.95 14.21
 9339.25  2.76  6.69  3.16  3.59  3.31  2.93  4.86 12.62  6.96 10.91 11.80  6.59
 9340.25  2.09  5.14  2.39  2.72  2.51  2.22  3.70  9.92  5.35  8.52  9.23  5.01
 9341.25  2.65  6.49  3.04  3.46  3.19  2.82  4.69 12.39  6.75 10.66 11.53  6.29
 9342.25  3.65  8.63  4.17  4.73  4.37  3.87  6.33 15.69  8.94 13.68 14.68  8.32
 9343.25  3.53  8.16  4.02  4.55  4.22  3.75  6.05 14.39  8.43 12.63 13.49  7.80
 9344.25  3.97  9.06  4.52  5.11  4.73  4.21  6.75 15.76  9.34 13.87 14.77  8.58
 9345.25  5.46 12.04  6.19  6.97  6.48  5.78  9.09 20.19 12.38 17.92 18.98 11.34
 9346.25  8.36 17.32  9.41 10.50  9.82  8.82 13.41 27.62 17.74 24.79 26.08 16.28
 9347.25 10.90 21.76 12.21 13.56 12.72 11.49 17.08 33.80 22.24 30.49 31.98 20.40
 9348.25 10.81 22.10 12.15 13.55 12.69 11.42 17.19 34.81 22.59 31.30 32.85 20.54
 9349.25  9.02 19.54 10.22 11.49 10.71  9.56 14.85 32.10 19.99 28.56 30.09 17.91
 9350.25  6.66 15.40  7.61  8.63  8.00  7.09 11.39 26.77 15.77 23.47 24.86 13.86
 9351.25  5.30 12.69  6.09  6.93  6.41  5.65  9.24 22.88 13.00 19.85 21.09 11.26
 9352.25  4.50 10.90  5.18  5.91  5.46  4.81  7.90 19.85 11.16 17.16 18.25  9.58
 9353.25  3.47  8.43  3.99  4.56  4.21  3.70  6.09 15.39  8.62 13.28 14.11  7.34
 9354.25  3.61  8.68  4.16  4.74  4.39  3.86  6.31 15.57  8.85 13.49 14.29  7.47
 9355.25  6.70 15.04  7.66  8.66  8.05  7.14 11.26 25.17 15.29 22.20 23.32 13.02
 9356.25  8.21 17.86  9.34 10.52  9.81  8.73 13.54 29.09 18.14 25.83 27.04 15.49
 9357.25  5.38 12.39  6.17  7.00  6.50  5.74  9.17 21.18 12.59 18.56 19.51 10.54
 9358.25  4.20  9.89  4.83  5.50  5.10  4.49  7.25 17.22 10.04 15.00 15.78  8.26
 9359.25  7.24 15.94  8.27  9.33  8.70  7.72 12.02 26.10 16.14 23.09 24.12 13.41
 9360.25 10.13 21.12 11.48 12.86 12.05 10.76 16.26 33.19 21.34 29.65 30.85 17.90
 9361.25 10.32 21.62 11.71 13.13 12.29 10.97 16.62 34.06 21.83 30.39 31.60 18.17
 9362.25  9.19 20.14 10.50 11.85 11.06  9.80 15.20 32.71 20.33 28.95 30.17 16.59
 9363.25  7.07 16.52  8.15  9.28  8.61  7.57 12.14 28.27 16.67 24.66 25.80 13.24
 9364.25  5.25 12.77  6.08  6.96  6.45  5.64  9.22 22.71 12.88 19.59 20.54 10.01
 9365.25  4.89 11.90  5.68  6.50  6.02  5.26  8.59 21.09 11.99 18.19 19.05  9.24
 9366.25  5.36 12.84  6.21  7.10  6.58  5.76  9.33 22.33 12.91 19.35 20.21  9.91
 9367.25  5.50 13.33  6.39  7.31  6.78  5.92  9.64 23.41 13.40 20.21 21.11 10.14
 9368.25  5.51 13.42  6.41  7.34  6.80  5.94  9.68 23.64 13.48 20.39 21.29 10.12
 9369.25  4.67 11.46  5.43  6.23  5.77  5.03  8.23 20.33 11.49 17.48 18.25  8.53
 9370.25  3.69  9.27  4.31  4.96  4.59  3.99  6.59 16.82  9.29 14.36 15.00  6.76
 9371.25  3.79  9.42  4.42  5.08  4.71  4.09  6.73 16.87  9.43 14.44 15.05  6.82
 9372.25  6.61 15.21  7.65  8.70  8.11  7.11 11.24 25.26 15.20 22.08 22.86 11.24
 9373.25  8.74 19.49 10.07 11.41 10.65  9.38 14.59 31.53 19.46 27.75 28.66 14.48
 9374.25  7.17 17.01  8.34  9.53  8.86  7.74 12.40 28.89 16.97 25.07 25.97 12.21
 9375.25  4.60 11.68  5.39  6.22  5.76  4.98  8.26 21.24 11.64 18.05 18.76  8.03
 9376.25  2.35  6.23  2.77  3.21  2.96  2.55  4.31 11.94  6.20  9.97 10.39  4.14
 9377.25  1.01  2.72  1.19  1.39  1.28  1.10  1.87  5.32  2.70  4.41  4.60  1.78
 9378.25  0.63  1.71  0.74  0.87  0.80  0.69  1.17  3.35  1.69  2.77  2.89  1.09
 9379.25  0.83  2.25  0.98  1.14  1.05  0.90  1.54  4.41  2.23  3.65  3.80  1.43
 9380.25  1.67  4.48  1.97  2.29  2.12  1.82  3.08  8.63  4.43  7.17  7.45  2.82
 9381.25  4.28 10.64  5.02  5.79  5.37  4.65  7.59 18.67 10.53 15.96 16.47  6.91
 9382.25  7.36 16.96  8.55  9.76  9.10  7.95 12.50 27.74 16.78 24.21 24.85 11.34
 9383.25  8.85 20.04 10.26 11.68 10.91  9.55 14.88 32.34 19.82 28.31 29.02 13.42
 9384.25  6.74 16.51  7.91  9.10  8.46  7.32 11.85 28.34 16.29 24.35 25.02 10.47
 9385.25  4.38 11.44  5.18  6.01  5.56  4.78  7.97 20.92 11.26 17.61 18.14  6.91
 9386.25  3.65  9.59  4.33  5.03  4.65  3.99  6.67 17.59  9.43 14.78 15.22  5.71
 9387.25  4.22 10.88  5.00  5.79  5.36  4.61  7.63 19.47 10.68 16.48 16.92  6.44
 9388.25  3.19  8.57  3.79  4.42  4.08  3.49  5.89 16.11  8.40 13.40 13.78  4.87
 9389.25  2.52  6.90  3.01  3.51  3.24  2.76  4.70 13.25  6.75 10.93 11.25  3.83
 9390.25  3.36  9.09  4.00  4.67  4.32  3.68  6.23 17.11  8.89 14.21 14.58  5.02
 9391.25  6.59 16.37  7.78  8.98  8.35  7.20 11.67 28.10 16.03 24.03 24.55  9.47
 9392.25  9.33 21.30 10.88 12.42 11.61 10.12 15.74 34.13 20.89 29.78 30.31 12.87
 9393.25  9.91 22.33 11.54 13.15 12.30 10.74 16.59 35.45 21.89 31.00 31.51 13.46
 9394.25  9.57 21.82 11.17 12.76 11.93 10.40 16.14 34.83 21.36 30.39 30.88 12.91
 9395.25  9.20 21.30 10.77 12.32 11.51 10.00 15.65 34.31 20.82 29.84 30.31 12.31
 9396.25  8.77 20.67 10.30 11.82 11.03  9.56 15.07 33.66 20.18 29.16 29.61 11.65
 9397.25  8.71 20.61 10.24 11.76 10.98  9.50 15.01 33.60 20.10 29.09 29.51 11.44
 9398.25  7.53 18.32  8.89 10.26  9.55  8.23 13.18 30.48 17.84 26.21 26.59  9.84
 9399.25  5.38 13.96  6.42  7.47  6.93  5.92  9.76 24.50 13.54 20.70 21.01  7.03
 9400.25  5.85 15.04  6.97  8.10  7.52  6.43 10.56 26.11 14.58 22.12 22.42  7.51
 9401.25  7.94 19.06  9.37 10.79 10.07  8.68 13.78 31.25 18.51 26.94 27.25  9.92
 9402.25  7.51 18.35  8.90 10.27  9.58  8.24 13.17 30.44 17.79 26.13 26.41  9.29
 9403.25  4.02 10.96  4.83  5.66  5.24  4.44  7.48 20.11 10.56 16.68 16.88  4.99
 9404.25  2.40  6.79  2.90  3.41  3.15  2.66  4.55 13.03  6.52 10.62 10.75  2.94
 9405.25  2.58  7.32  3.13  3.68  3.40  2.87  4.90 13.99  7.02 11.42 11.54  3.12
 9406.25  4.53 12.29  5.45  6.39  5.92  5.01  8.41 22.28 11.81 18.52 18.68  5.34
 9407.25  7.75 19.10  9.22 10.67  9.94  8.52 13.65 31.63 18.43 27.08 27.26  8.90
 9408.25  8.76 20.80 10.37 11.93 11.15  9.61 15.11 33.48 20.09 28.91 29.07  9.88
 9409.25  7.96 19.05  9.43 10.87 10.16  8.74 13.79 30.80 18.38 26.55 26.67  8.85
 9410.25  6.95 16.97  8.26  9.56  8.92  7.64 12.18 27.79 16.34 23.85 23.94  7.60
 9411.25  8.10 19.31  9.60 11.07 10.35  8.90 13.99 31.05 18.59 26.77 26.85  8.67
 9412.25  9.55 22.11 11.27 12.94 12.12 10.47 16.22 34.87 21.31 30.23 30.29 10.06
 9413.25  9.49 22.06 11.22 12.88 12.07 10.41 16.16 34.85 21.25 30.18 30.23  9.85
 9414.25  9.26 21.84 10.97 12.63 11.82 10.17 15.89 34.75 20.99 30.01 30.03  9.44
 9415.25  9.66 22.66 11.44 13.16 12.33 10.61 16.53 35.90 21.77 31.03 31.02  9.68
 9416.25  9.40 22.02 11.14 12.81 12.00 10.33 16.07 34.84 21.15 30.11 30.09  9.27
 9417.25  7.83 18.96  9.33 10.80 10.09  8.64 13.65 30.58 18.16 26.26 26.21  7.58
 9418.25  7.16 17.98  8.58  9.99  9.31  7.92 12.74 29.69 17.17 25.28 25.21  6.75
 9419.25  7.46 19.01  8.98 10.47  9.75  8.28 13.39 31.66 18.12 26.87 26.78  6.90
 9420.25  5.99 15.99  7.26  8.52  7.91  6.67 11.02 27.69 15.18 23.17 23.06  5.43
 9421.25  2.47  7.22  3.03  3.60  3.32  2.77  4.76 13.75  6.80 11.10 11.02  2.17
 9422.25  1.61  4.81  1.99  2.37  2.18  1.81  3.14  9.34  4.52  7.47  7.41  1.38
 9423.25  2.44  7.22  3.01  3.58  3.31  2.75  4.74 13.81  6.78 11.11 11.01  2.04
 9424.25  4.56 12.90  5.58  6.61  6.12  5.11  8.65 23.40 12.14 19.20 19.03  3.73
 9425.25  4.51 12.73  5.52  6.54  6.06  5.06  8.55 22.99 11.98 18.89 18.70  3.61
 9426.25  3.99 11.20  4.89  5.78  5.36  4.48  7.54 20.04 10.53 16.51 16.34  3.13
 9427.25  3.82 10.44  4.67  5.50  5.11  4.28  7.12 18.17  9.84 15.12 14.95  2.92
 9428.25  4.90 12.86  5.96  6.98  6.50  5.48  8.94 21.58 12.13 18.17 17.96  3.62
 9429.25  7.47 18.26  8.97 10.41  9.75  8.29 13.08 29.17 17.31 24.96 24.68  5.47
 9430.25  8.23 19.71  9.86 11.40 10.69  9.13 14.24 31.06 18.69 26.68 26.37  5.92
 9431.25  8.66 20.81 10.38 12.02 11.27  9.61 15.01 32.83 19.72 28.17 27.83  6.03
 9432.25  9.71 23.13 11.62 13.44 12.61 10.77 16.74 36.28 21.91 31.17 30.77  6.59
 9433.25 10.09 23.97 12.08 13.97 13.11 11.19 17.37 37.50 22.70 32.23 31.79  6.67
 9434.25  9.82 23.65 11.80 13.67 12.82 10.92 17.05 37.24 22.36 31.92 31.46  6.26
 9435.25  9.44 23.07 11.38 13.21 12.38 10.51 16.53 36.58 21.77 31.27 30.78  5.79
 9436.25  8.49 21.21 10.27 11.97 11.20  9.48 15.05 34.06 19.97 28.98 28.50  5.01
 9437.25  6.26 16.48  7.65  8.99  8.38  7.03 11.43 27.36 15.44 23.00 22.57  3.51
 9438.25  5.13 14.09  6.30  7.46  6.93  5.78  9.58 24.14 13.13 20.05 19.63  2.68
 9439.25  5.51 15.15  6.78  8.03  7.46  6.22 10.31 25.91 14.11 21.52 21.06  2.78
 9440.25  2.36  7.07  2.94  3.52  3.26  2.68  4.61 13.14  6.52 10.56 10.29  1.13
 9441.25  0.69  2.18  0.87  1.05  0.97  0.79  1.39  4.26  1.99  3.35  3.25  0.30
 9442.25  0.64  2.01  0.80  0.97  0.89  0.73  1.28  3.94  1.84  3.09  2.99  0.27
 9443.25  1.02  3.20  1.28  1.54  1.42  1.16  2.04  6.25  2.93  4.91  4.75  0.40
 9444.25  3.02  9.11  3.77  4.53  4.19  3.44  5.92 16.91  8.37 13.55 13.14  1.13
 9445.25  5.55 15.66  6.88  8.18  7.60  6.29 10.52 27.10 14.48 22.33 21.71  2.03
 9446.25  7.24 19.22  8.90 10.49  9.79  8.17 13.28 31.66 17.86 26.55 25.86  2.54
 9447.25  8.74 22.20 10.66 12.49 11.69  9.82 15.64 35.50 20.70 30.06 29.31  2.94
 9448.25  7.96 20.90  9.77 11.51 10.75  8.98 14.51 34.11 19.42 28.66 27.89  2.46
 9449.25  5.93 16.71  7.37  8.76  8.15  6.74 11.23 28.67 15.40 23.64 22.91  1.63
 9450.25  4.81 14.14  6.02  7.21  6.68  5.49  9.32 25.11 12.96 20.41 19.72  1.18
 9451.25  5.18 15.17  6.49  7.76  7.20  5.92 10.02 26.80 13.90 21.82 21.07  1.15
 9452.25  6.14 17.45  7.65  9.12  8.48  6.99 11.69 30.00 16.04 24.67 23.85  1.24
 9453.25  6.20 17.35  7.72  9.18  8.55  7.06 11.71 29.38 15.96 24.29 23.48  1.14
 9454.25  6.20 16.78  7.67  9.08  8.48  7.03 11.49 27.70 15.47 23.10 22.35  1.00
 9455.25  6.49 17.19  8.01  9.46  8.83  7.35 11.89 27.93 15.87 23.42 22.66  0.88
 9456.25  6.78 17.91  8.37  9.87  9.23  7.68 12.40 29.01 16.53 24.34 23.53  0.73
 9457.25  7.43 19.76  9.19 10.85 10.14  8.43 13.64 32.10 18.21 26.89 25.97  0.60
 9458.25  7.31 19.84  9.08 10.76 10.04  8.32 13.58 32.62 18.24 27.19 26.21  0.43
 9459.25  3.61 10.94  4.56  5.49  5.09  4.15  7.10 19.73  9.92 15.84 15.16  0.13
 9460.25  1.03  3.36  1.32  1.60  1.48  1.19  2.10  6.53  3.01  5.07  4.82  0.01
 9461.25  0.85  2.78  1.08  1.32  1.22  0.98  1.73  5.43  2.49  4.20  3.98  0.00
 9462.25  2.04  6.60  2.61  3.17  2.93  2.36  4.15 12.61  5.91  9.85  9.34  0.00
 9463.25  6.11 17.45  7.67  9.16  8.53  7.00 11.66 29.69 15.88 24.34 23.30  0.00
 9464.25  8.19 21.66 10.16 12.00 11.23  9.32 14.99 34.79 19.88 29.15 28.02  0.00
 9465.25  8.09 21.35 10.03 11.86 11.10  9.21 14.79 34.19 19.58 28.67 27.53  0.00
 9466.25  8.90 22.83 10.99 12.93 12.12 10.11 16.01 35.95 20.99 30.31 29.13  0.00
 9467.25  8.50 22.11 10.52 12.41 11.63  9.67 15.41 35.05 20.29 29.47 28.28  0.00
 9468.25  7.29 19.58  9.09 10.77 10.07  8.33 13.47 31.57 17.89 26.36 25.25  0.00
 9469.25  6.72 18.29  8.40  9.98  9.32  7.69 12.50 29.69 16.67 24.71 23.63  0.00
 9470.25  7.68 20.49  9.57 11.34 10.61  8.78 14.13 32.82 18.71 27.44 26.24  0.00
 9471.25  9.03 23.37 11.20 13.20 12.38 10.29 16.33 36.77 21.40 30.94 29.62  0.00
 9472.25  9.38 24.15 11.63 13.70 12.85 10.69 16.91 37.87 22.11 31.88 30.51  0.00
 9473.25  8.52 22.51 10.62 12.56 11.77  9.74 15.59 35.74 20.54 29.94 28.59  0.00
 9474.25  7.12 19.46  8.93 10.63  9.94  8.18 13.28 31.45 17.67 26.15 24.91  0.00
 9475.25  6.97 19.05  8.75 10.41  9.74  8.01 13.01 30.76 17.29 25.57 24.34  0.00
 9476.25  7.70 20.87  9.66 11.48 10.74  8.84 14.30 33.48 18.94 27.89 26.54  0.00
 9477.25  4.91 15.06  6.29  7.62  7.08  5.71  9.74 26.43 13.44 21.21 19.97  0.00
 9478.25  1.73  5.84  2.24  2.75  2.54  2.03  3.59 11.28  5.13  8.66  8.06  0.00
 9479.25  0.84  2.87  1.09  1.34  1.24  0.99  1.75  5.63  2.52  4.29  3.98  0.00
 9480.25  0.70  2.41  0.91  1.12  1.04  0.83  1.47  4.72  2.11  3.60  3.34  0.00
 9481.25  1.32  4.47  1.72  2.11  1.95  1.55  2.75  8.60  3.92  6.61  6.13  0.00
 9482.25  4.07 12.49  5.23  6.34  5.90  4.75  8.08 21.69 11.10 17.43 16.34  0.00
 9483.25  7.84 21.28  9.87 11.75 11.01  9.04 14.57 33.93 19.23 28.23 26.72  0.00
 9484.25  8.66 23.27 10.89 12.94 12.13  9.97 16.00 36.84 21.04 30.72 29.08  0.00
 9485.25  7.06 20.38  9.01 10.82 10.10  8.21 13.59 33.59 18.25 27.55 25.94  0.00
 9486.25  6.58 19.32  8.42 10.14  9.46  7.66 12.77 32.18 17.25 26.27 24.67  0.00
 9487.25  7.55 21.29  9.60 11.50 10.75  8.76 14.34 34.49 19.10 28.46 26.79  0.00
 9488.25  8.83 23.77 11.13 13.24 12.42 10.19 16.34 37.52 21.44 31.26 29.51  0.00
 9489.25  9.19 24.52 11.58 13.75 12.91 10.61 16.92 38.48 22.13 32.12 30.31  0.00
 9490.25  9.21 24.56 11.61 13.79 12.94 10.64 16.95 38.49 22.15 32.13 30.31  0.00
 9491.25  8.53 23.41 10.81 12.90 12.09  9.89 15.96 37.20 21.02 30.86 29.04  0.00
 9492.25  6.21 18.64  8.01  9.69  9.04  7.28 12.21 31.26 16.53 25.36 23.67  0.00
 9493.25  3.96 12.72  5.16  6.31  5.86  4.67  8.06 22.48 11.16 17.82 16.50  0.00
 9494.25  3.97 12.51  5.16  6.30  5.86  4.67  8.00 21.69 10.99 17.32 16.06  0.00
 9495.25  6.59 18.90  8.44 10.15  9.49  7.69 12.64 30.65 16.83 25.17 23.53  0.00
 9496.25  7.70 21.33  9.80 11.73 10.99  8.96 14.49 33.88 19.08 28.05 26.28  0.00
 9497.25  6.59 18.96  8.46 10.18  9.52  7.70 12.67 30.70 16.86 25.20 23.53  0.00
 9498.25  6.85 19.67  8.80 10.59  9.90  8.01 13.16 31.76 17.48 26.09 24.34  0.00
 9499.25  6.99 19.78  8.95 10.75 10.07  8.16 13.31 31.66 17.61 26.09 24.36  0.00
 9500.25  5.13 15.25  6.63  8.02  7.49  6.02 10.04 25.12 13.47 20.44 18.99  0.00
 9501.25  4.18 12.91  5.44  6.63  6.18  4.93  8.35 21.77 11.33 17.53 16.20  0.00
 9502.25  6.06 17.95  7.85  9.50  8.87  7.13 11.84 29.37 15.84 23.94 22.21  0.00
 9503.25  5.96 18.45  7.78  9.47  8.83  7.05 11.92 31.15 16.16 25.03 23.09  0.00
 9504.25  2.66  9.36  3.55  4.40  4.07  3.19  5.67 17.63  8.02 13.46 12.20  0.00
 9505.25  1.56  5.65  2.09  2.60  2.41  1.88  3.37 10.95  4.81  8.23  7.42  0.00
 9506.25  1.99  7.14  2.66  3.31  3.06  2.39  4.28 13.71  6.08 10.35  9.33  0.00
 9507.25  4.59 15.22  6.07  7.48  6.95  5.48  9.51 26.92 13.15 21.13 19.27  0.00
 9508.25  7.91 22.97 10.24 12.36 11.57  9.31 15.30 36.93 20.27 30.23 27.98  0.00
 9509.25  8.49 24.04 10.94 13.15 12.33  9.97 16.19 38.07 21.27 31.35 29.06  0.00
 9510.25  8.25 23.59 10.66 12.84 12.04  9.71 15.82 37.51 20.84 30.82 28.53  0.00
 9511.25  7.96 23.09 10.31 12.46 11.67  9.38 15.39 36.95 20.34 30.27 27.96  0.00
 9512.25  7.20 21.67  9.41 11.43 10.69  8.54 14.21 35.35 18.97 28.70 26.41  0.00
 9513.25  5.44 17.65  7.20  8.85  8.24  6.50 11.16 30.30 15.26 24.04 21.91  0.00
 9514.25  4.60 15.52  6.14  7.59  7.05  5.53  9.63 27.37 13.31 21.43 19.41  0.00
 9515.25  5.28 17.28  7.01  8.63  8.04  6.32 10.89 29.73 14.90 23.54 21.39  0.00
 9516.25  5.84 18.12  7.69  9.40  8.77  6.96 11.72 29.98 15.76 24.15 22.08  0.00
 9517.25  5.76 17.54  7.56  9.22  8.62  6.86 11.45 28.63 15.29 23.18 21.22  0.00
 9518.25  6.77 20.03  8.85 10.73 10.05  8.04 13.24 32.13 17.52 26.20 24.04  0.00
 9519.25  6.02 18.62  7.93  9.69  9.06  7.18 12.06 30.69 16.17 24.71 22.55  0.00
 9520.25  2.57  9.29  3.48  4.34  4.03  3.12  5.57 17.33  7.84 13.15 11.72  0.00
 9521.25  1.01  3.80  1.37  1.73  1.60  1.23  2.23  7.42  3.18  5.50  4.85  0.00
 9522.25  0.68  2.59  0.93  1.17  1.09  0.83  1.51  5.09  2.16  3.76  3.31  0.00
 9523.25  1.47  5.51  2.00  2.51  2.33  1.79  3.23 10.62  4.60  7.91  6.98  0.00
 9524.25  4.58 15.41  6.15  7.61  7.08  5.53  9.59 26.77 13.14 20.98 18.86  0.00
 9525.25  7.39 21.94  9.70 11.79 11.05  8.80 14.49 35.00 19.11 28.51 26.03  0.00
 9526.25  7.59 22.62  9.99 12.14 11.38  9.06 14.93 36.10 19.69 29.39 26.81  0.00
 9527.25  7.18 21.63  9.47 11.53 10.80  8.58 14.20 34.68 18.78 28.16 25.64  0.00
 9528.25  6.37 19.60  8.44 10.32  9.66  7.64 12.75 31.74 16.95 25.65 23.29  0.00
 9529.25  6.66 20.39  8.83 10.78 10.09  7.99 13.30 32.89 17.64 26.61 24.15  0.00
 9530.25  7.35 22.34  9.72 11.87 11.11  8.81 14.61 35.89 19.34 29.07 26.39  0.00
 9531.25  6.22 20.18  8.33 10.28  9.59  7.51 12.81 33.64 17.27 26.78 24.10  0.00
 9532.25  5.61 18.82  7.57  9.38  8.74  6.81 11.76 32.03 16.00 25.24 22.60  0.00
 9533.25  6.12 20.09  8.23 10.17  9.49  7.41 12.69 33.65 17.14 26.70 23.97  0.00
 9534.25  7.28 22.51  9.70 11.87 11.11  8.77 14.62 36.31 19.40 29.30 26.48  0.00
 9535.25  6.92 21.29  9.21 11.27 10.55  8.33 13.86 34.23 18.35 27.65 24.99  0.00
 9536.25  5.50 18.12  7.42  9.18  8.57  6.68 11.43 30.28 15.43 24.02 21.50  0.00
 9537.25  5.20 17.78  7.06  8.79  8.19  6.34 11.02 30.44 15.02 23.86 21.22  0.00
 9538.25  5.18 17.86  7.06  8.79  8.19  6.33 11.03 30.70 15.06 24.00 21.31  0.00
 9539.25  4.37 15.67  5.99  7.51  6.98  5.36  9.48 27.76 13.10 21.37 18.83  0.00
 9540.25  4.53 16.08  6.20  7.77  7.22  5.56  9.78 28.21 13.46 21.81 19.24  0.00
 9541.25  6.48 20.80  8.73 10.76 10.06  7.87 13.29 34.00 17.73 27.17 24.32  0.00
 9542.25  7.95 23.73 10.56 12.87 12.08  9.57 15.67 37.28 20.47 30.32 27.37  0.00
 9543.25  6.70 20.49  8.95 10.95 10.27  8.10 13.39 32.55 17.61 26.34 23.69  0.00
 9544.25  5.44 17.36  7.33  9.04  8.46  6.61 11.13 28.13 14.80 22.54 20.16  0.00
 9545.25  6.75 20.79  9.04 11.08 10.39  8.17 13.54 33.05 17.82 26.70 23.96  0.00
 9546.25  8.15 23.98 10.81 13.15 12.37  9.81 15.94 37.31 20.70 30.42 27.42  0.00
 9547.25  8.66 25.23 11.47 13.93 13.11 10.42 16.84 39.05 21.79 31.90 28.77  0.00
 9548.25  8.15 24.45 10.88 13.28 12.47  9.86 16.12 38.28 21.02 31.09 27.94  0.00
 9549.25  7.90 24.04 10.58 12.95 12.16  9.58 15.76 37.85 20.61 30.66 27.49  0.00
 9550.25  8.21 24.75 10.98 13.42 12.60  9.94 16.29 38.76 21.24 31.45 28.21  0.00
 9551.25  8.64 25.57 11.51 14.03 13.19 10.44 16.96 39.69 22.00 32.32 29.03  0.00
 9552.25  7.76 23.66 10.42 12.76 11.98  9.43 15.50 37.19 20.25 30.10 26.93  0.00
 9553.25  3.88 14.00  5.38  6.76  6.30  4.81  8.46 24.40 11.60 18.78 16.36  0.00
 9554.25  1.62  6.53  2.29  2.93  2.71  2.04  3.73 12.52  5.28  9.16  7.79  0.00
 9555.25  1.43  5.82  2.02  2.59  2.40  1.80  3.31 11.27  4.69  8.20  6.95  0.00
 9556.25  2.08  8.30  2.93  3.74  3.47  2.61  4.76 15.71  6.71 11.56  9.84  0.00
 9557.25  4.46 15.82  6.18  7.76  7.24  5.53  9.66 27.02 13.13 20.96 18.28  0.00
 9558.25  7.05 22.19  9.56 11.78 11.05  8.63 14.35 35.19 18.84 28.29 25.11  0.00
 9559.25  8.33 25.24 11.22 13.73 12.91 10.15 16.59 39.28 21.55 31.83 28.37  0.00
 9560.25  8.84 26.43 11.87 14.50 13.64 10.75 17.47 40.88 22.60 33.21 29.62  0.00
 9561.25  7.55 24.07 10.29 12.70 11.92  9.27 15.48 38.29 20.35 30.69 27.15  0.00
 9562.25  5.02 18.03  7.00  8.82  8.22  6.26 10.96 30.71 14.90 23.80 20.66  0.00
 9563.25  4.28 15.90  6.02  7.62  7.09  5.37  9.51 27.64 13.04 21.18 18.27  0.00
 9564.25  5.38 18.67  7.47  9.36  8.75  6.69 11.55 30.98 15.52 24.30 21.19  0.00
 9565.25  6.42 20.80  8.81 10.91 10.23  7.93 13.30 33.18 17.51 26.51 23.35  0.00
 9566.25  6.47 20.80  8.87 10.97 10.29  7.98 13.35 33.02 17.53 26.43 23.29  0.00
 9567.25  5.88 19.97  8.15 10.18  9.52  7.31 12.49 32.64 16.65 25.75 22.48  0.00
 9568.25  2.82 11.27  4.02  5.15  4.78  3.57  6.49 20.73  9.06 15.37 12.99  0.00
 9569.25  1.28  5.39  1.84  2.37  2.20  1.63  3.01 10.47  4.27  7.53  6.26  0.00
 9570.25  1.08  4.60  1.56  2.02  1.87  1.38  2.56  8.97  3.64  6.43  5.34  0.00
 9571.25  1.76  7.36  2.53  3.26  3.02  2.24  4.14 14.09  5.84 10.20  8.50  0.00
 9572.25  4.57 17.13  6.47  8.22  7.66  5.77 10.22 29.64 13.95 22.65 19.37  0.00
 9573.25  7.08 23.74  9.83 12.27 11.49  8.83 14.97 38.18 19.79 30.27 26.40  0.00
 9574.25  6.70 23.03  9.35 11.72 10.97  8.38 14.35 37.50 19.10 29.54 25.64  0.00
 9575.25  6.60 22.80  9.24 11.58 10.84  8.27 14.18 37.15 18.88 29.24 25.35  0.00
 9576.25  7.47 24.46 10.35 12.86 12.07  9.30 15.59 38.76 20.46 30.91 27.00  0.00
 9577.25  7.59 24.69 10.50 13.04 12.24  9.44 15.79 38.96 20.66 31.12 27.19  0.00
 9578.25  6.96 23.47  9.71 12.13 11.37  8.70 14.77 37.66 19.50 29.82 25.90  0.00
 9579.25  6.12 21.14  8.59 10.77 10.09  7.69 13.16 34.29 17.48 27.00 23.35  0.00
 9580.25  5.51 19.15  7.75  9.73  9.11  6.93 11.89 31.13 15.81 24.47 21.13  0.00
 9581.25  5.73 19.70  8.04 10.08  9.45  7.20 12.29 31.80 16.29 25.07 21.67  0.00
 9582.25  7.12 23.33  9.90 12.32 11.57  8.90 14.88 36.76 19.46 29.31 25.50  0.00
 9583.25  8.43 26.34 11.60 14.31 13.47 10.46 17.15 40.68 22.14 32.74 28.64  0.00
 9584.25  8.62 26.80 11.85 14.61 13.76 10.69 17.49 41.28 22.54 33.25 29.09  0.00
 9585.25  8.12 25.87 11.23 13.91 13.09 10.12 16.71 40.20 21.66 32.23 28.09  0.00
 9586.25  7.64 24.83 10.62 13.20 12.41  9.55 15.90 38.87 20.71 31.04 26.97  0.00
 9587.25  7.13 23.68  9.97 12.44 11.69  8.95 15.03 37.36 19.66 29.71 25.72  0.00
 9588.25  6.36 21.62  8.95 11.21 10.52  8.02 13.59 34.43 17.87 27.24 23.49  0.00
 9589.25  6.03 20.56  8.50 10.65  9.99  7.61 12.90 32.76 16.97 25.90 22.31  0.00
 9590.25  6.49 21.79  9.12 11.40 10.71  8.18 13.77 34.44 18.03 27.32 23.57  0.00
 9591.25  6.61 22.12  9.29 11.61 10.90  8.33 14.00 34.89 18.31 27.70 23.90  0.00
 9592.25  6.55 22.07  9.22 11.54 10.84  8.26 13.93 34.88 18.24 27.65 23.81  0.00
 9593.25  6.16 21.72  8.77 11.06 10.36  7.83 13.44 35.03 17.78 27.47 23.48  0.00
 9594.25  5.15 19.47  7.43  9.49  8.86  6.61 11.65 32.60 15.70 25.06 21.14  0.00
 9595.25  5.72 21.09  8.23 10.46  9.78  7.33 12.78 34.74 17.09 26.92 22.80  0.00
 9596.25  7.28 24.59 10.28 12.87 12.09  9.21 15.51 38.76 20.28 30.71 26.37  0.00
 9597.25  7.57 24.84 10.63 13.24 12.46  9.54 15.88 38.64 20.59 30.80 26.55  0.00
 9598.25  7.01 23.58  9.91 12.40 11.66  8.88 14.92 37.02 19.45 29.37 25.21  0.00
 9599.25  7.24 24.26 10.23 12.80 12.04  9.17 15.38 37.99 20.02 30.16 25.89  0.00
 9600.25  7.92 25.87 11.13 13.86 13.05  9.99 16.57 40.07 21.43 31.97 27.52  0.00
 9601.25  8.13 26.46 11.42 14.22 13.39 10.26 16.99 40.89 21.93 32.65 28.11  0.00
 9602.25  8.19 26.73 11.52 14.35 13.51 10.35 17.14 41.32 22.13 32.97 28.35  0.00
 9603.25  7.80 25.86 11.02 13.77 12.96  9.89 16.48 40.19 21.35 31.98 27.42  0.00
 9604.25  6.94 23.61  9.88 12.39 11.65  8.84 14.88 37.03 19.39 29.31 25.03  0.00
 9605.25  6.19 21.75  8.88 11.21 10.52  7.93 13.52 34.57 17.75 27.17 23.07  0.00
 9606.25  6.66 23.18  9.53 12.02 11.29  8.52 14.47 36.65 18.93 28.86 24.53  0.00
 9607.25  7.42 25.07 10.57 13.25 12.46  9.46 15.86 39.09 20.59 30.99 26.44  0.00
 9608.25  5.91 21.89  8.58 10.93 10.24  7.63 13.27 35.69 17.63 27.63 23.18  0.00
 9609.25  2.82 12.44  4.23  5.54  5.15  3.72  6.90 22.82  9.60 16.54 13.32  0.00
 9610.25  1.87  8.61  2.83  3.73  3.46  2.48  4.67 16.41  6.56 11.62  9.23  0.00
 9611.25  2.66 11.93  4.01  5.27  4.89  3.52  6.56 22.09  9.15 15.90 12.73  0.00
 9612.25  5.63 21.66  8.27 10.60  9.92  7.33 12.91 35.88 17.27 27.49 22.83  0.00
 9613.25  7.98 26.62 11.37 14.23 13.40 10.19 16.95 41.12 21.87 32.68 27.83  0.00
 9614.25  8.01 26.03 11.34 14.13 13.33 10.19 16.75 39.81 21.48 31.78 27.15  0.00
 9615.25  7.72 25.31 10.97 13.68 12.90  9.84 16.24 38.77 20.84 30.91 26.36  0.00
 9616.25  7.75 26.01 11.08 13.89 13.08  9.93 16.53 40.17 21.32 31.88 27.08  0.00
 9617.25  6.50 23.80  9.49 12.08 11.33  8.44 14.56 38.07 19.16 29.65 24.82  0.00
 9618.25  6.03 22.60  8.85 11.32 10.61  7.86 13.68 36.52 18.11 28.29 23.56  0.00
 9619.25  6.75 24.12  9.81 12.44 11.69  8.75 14.93 38.07 19.51 29.84 25.06  0.00
 9620.25  6.24 22.77  9.12 11.61 10.90  8.12 13.96 36.24 18.33 28.27 23.64  0.00
 9621.25  4.50 18.26  6.73  8.72  8.14  5.94 10.64 30.77 14.34 23.25 19.01  0.00
 9622.25  2.31 10.70  3.54  4.68  4.35  3.10  5.82 19.88  8.11 14.19 11.19  0.00
 9623.25  1.57  7.51  2.41  3.21  2.97  2.11  4.00 14.42  5.63 10.08  7.85  0.00
 9624.25  1.78  8.52  2.75  3.65  3.39  2.41  4.56 16.25  6.40 11.40  8.89  0.00
 9625.25  2.89 13.14  4.43  5.84  5.43  3.88  7.23 23.83 10.01 17.23 13.65  0.00
 9626.25  4.39 18.28  6.62  8.62  8.05  5.83 10.54 31.00 14.25 23.29 18.88  0.00
 9627.25  5.61 21.94  8.38 10.79 10.11  7.41 13.06 35.81 17.36 27.47 22.58  0.00
 9628.25  6.36 23.90  9.42 12.06 11.32  8.36 14.50 38.21 19.08 29.63 24.54  0.00
 9629.25  5.72 22.53  8.56 11.05 10.35  7.57 13.37 36.84 17.79 28.20 23.12  0.00
 9630.25  5.28 21.55  7.96 10.34  9.67  7.02 12.57 35.88 16.87 27.19 22.10  0.00
 9631.25  5.75 22.90  8.64 11.18 10.46  7.63 13.53 37.54 18.02 28.68 23.43  0.00
 9632.25  5.46 22.19  8.24 10.70 10.01  7.27 12.98 36.75 17.38 27.90 22.68  0.00
 9633.25  5.51 22.33  8.32 10.80 10.10  7.34 13.09 36.88 17.49 28.03 22.79  0.00
 9634.25  5.87 23.20  8.83 11.41 10.69  7.80 13.77 37.75 18.27 28.91 23.62  0.00
 9635.25  5.97 23.08  8.95 11.52 10.80  7.92 13.85 37.09 18.27 28.59 23.45  0.00
 9636.25  5.30 20.86  7.98 10.30  9.66  7.05 12.42 33.79 16.44 25.92 21.18  0.00
 9637.25  4.99 19.88  7.54  9.76  9.14  6.66 11.77 32.34 15.62 24.74 20.15  0.00
 9638.25  5.83 22.50  8.76 11.27 10.58  7.75 13.53 36.00 17.80 27.78 22.75  0.00
 9639.25  6.66 24.81  9.93 12.70 11.94  8.81 15.16 39.07 19.77 30.40 25.05  0.00
 9640.25  6.53 24.42  9.75 12.49 11.74  8.65 14.90 38.48 19.44 29.92 24.63  0.00
 9641.25  6.65 24.88  9.93 12.72 11.96  8.81 15.18 39.20 19.80 30.46 25.05  0.00
 9642.25  7.03 25.96 10.48 13.39 12.60  9.31 15.94 40.62 20.71 31.67 26.10  0.00
 9643.25  6.94 25.73 10.36 13.25 12.46  9.19 15.76 40.30 20.50 31.39 25.83  0.00
 9644.25  6.32 24.01  9.50 12.21 11.47  8.42 14.57 37.94 19.03 29.41 24.08  0.00
 9645.25  5.42 21.29  8.22 10.62  9.97  7.27 12.73 34.10 16.75 26.22 21.32  0.00
 9646.25  5.80 22.35  8.76 11.28 10.60  7.75 13.48 35.46 17.65 27.39 22.34  0.00
 9647.25  6.88 25.38 10.29 13.15 12.38  9.14 15.60 39.53 20.22 30.83 25.34  0.00
 9648.25  7.26 26.39 10.83 13.80 13.00  9.62 16.33 40.87 21.08 31.97 26.32  0.00
 9649.25  7.23 26.41 10.80 13.78 12.98  9.59 16.31 40.93 21.07 31.99 26.30  0.00
 9650.25  7.11 26.35 10.67 13.65 12.85  9.47 16.18 41.02 20.96 31.97 26.20  0.00
 9651.25  6.78 25.71 10.24 13.15 12.37  9.07 15.63 40.33 20.34 31.28 25.52  0.00
 9652.25  6.38 24.74  9.69 12.50 11.75  8.57 14.90 39.12 19.47 30.20 24.52  0.00
 9653.25  5.87 23.63  9.00 11.69 10.97  7.94 14.00 37.95 18.44 29.03 23.38  0.00
 9654.25  5.20 22.03  8.07 10.57  9.90  7.09 12.74 36.25 16.98 27.34 21.76  0.00
 9655.25  4.67 20.60  7.31  9.65  9.02  6.41 11.68 34.60 15.71 25.77 20.30  0.00
 9656.25  4.37 19.71  6.88  9.11  8.51  6.02 11.05 33.51 14.94 24.77 19.38  0.00
 9657.25  4.57 20.35  7.19  9.50  8.88  6.29 11.50 34.27 15.48 25.47 19.99  0.00
 9658.25  4.81 21.18  7.55  9.97  9.32  6.62 12.04 35.38 16.15 26.40 20.77  0.00
 9659.25  4.51 20.26  7.11  9.42  8.80  6.22 11.40 34.19 15.36 25.34 19.83  0.00
 9660.25  3.54 16.85  5.65  7.55  7.04  4.92  9.20 29.53 12.57 21.39 16.45  0.00
 9661.25  2.89 14.27  4.65  6.24  5.81  4.04  7.64 25.65 10.53 18.28 13.89  0.00
 9662.25  2.85 14.09  4.59  6.17  5.75  3.99  7.55 25.27 10.39 18.03 13.69  0.00
 9663.25  3.26 15.83  5.24  7.03  6.55  4.56  8.57 27.93 11.73 20.11 15.36  0.00
 9664.25  3.02 14.96  4.87  6.55  6.10  4.24  8.01 26.78 11.02 19.10 14.48  0.00
 9665.25  2.78 14.06  4.51  6.09  5.67  3.92  7.45 25.52 10.29 18.04 13.57  0.00
 9666.25  3.47 16.86  5.59  7.50  6.99  4.86  9.13 29.65 12.48 21.36 16.27  0.00
 9667.25  4.93 21.71  7.80 10.30  9.65  6.83 12.38 35.85 16.52 26.82 21.00  0.00
 9668.25  5.76 24.04  9.02 11.80 11.08  7.92 14.08 38.58 18.53 29.33 23.26  0.00
 9669.25  4.43 20.14  7.07  9.38  8.77  6.17 11.31 33.82 15.18 25.02 19.40  0.00
 9670.25  2.19 11.47  3.60  4.88  4.54  3.11  5.98 21.24  8.30 14.78 10.97  0.00
 9671.25  1.67  9.03  2.76  3.76  3.50  2.39  4.63 17.19  6.47 11.74  8.60  0.00
 9672.25  2.27 12.00  3.74  5.08  4.72  3.23  6.22 22.30  8.65 15.46 11.42  0.00
 9673.25  3.69 18.08  6.00  8.07  7.52  5.21  9.79 31.55 13.34 22.76 17.24  0.00
 9674.25  5.05 22.65  8.09 10.72 10.03  7.07 12.86 37.36 17.14 27.88 21.66  0.00
 9675.25  5.33 23.45  8.50 11.23 10.52  7.43 13.43 38.27 17.82 28.72 22.41  0.00
 9676.25  3.95 19.16  6.43  8.64  8.06  5.59 10.45 33.04 14.18 23.98 18.20  0.00
 9677.25  3.66 18.17  6.00  8.08  7.54  5.20  9.80 31.72 13.35 22.83 17.21  0.00
 9678.25  4.90 22.28  7.89 10.49  9.82  6.89 12.57 36.86 16.78 27.40 21.17  0.00
 9679.25  5.58 23.92  8.89 11.69 10.98  7.79 13.91 38.35 18.29 29.04 22.76  0.00
 9680.25  4.69 21.16  7.56 10.04  9.40  6.60 12.01 34.73 15.97 25.92 20.05  0.00
 9681.25  3.26 16.41  5.37  7.25  6.76  4.65  8.79 28.79 11.99 20.61 15.42  0.00
 9682.25  2.09 11.38  3.49  4.77  4.44  3.01  5.84 21.26  8.11 14.61 10.62  0.00
 9683.25  1.74  9.69  2.92  4.01  3.73  2.52  4.91 18.39  6.85 12.50  9.01  0.00
 9684.25  1.63  9.15  2.75  3.78  3.51  2.37  4.63 17.45  6.46 11.82  8.49  0.00
 9685.25  1.76  9.81  2.96  4.06  3.77  2.55  4.97 18.61  6.93 12.64  9.10  0.00
 9686.25  2.98 15.58  4.97  6.76  6.30  4.29  8.20 27.84 11.25 19.65 14.49  0.00
 9687.25  4.87 22.54  7.94 10.59  9.92  6.92 12.67 37.16 16.87 27.58 21.12  0.00
 9688.25  4.79 22.37  7.84 10.47  9.81  6.82 12.53 36.97 16.71 27.38 20.92  0.00
 9689.25  5.16 23.43  8.39 11.17 10.47  7.32 13.30 38.17 17.62 28.51 21.92  0.00
 9690.25  5.72 24.93  9.24 12.20 11.46  8.08 14.45 39.78 18.95 30.07 23.35  0.00
 9691.25  4.83 22.43  7.92 10.57  9.90  6.89 12.61 36.88 16.77 27.36 20.89  0.00
 9692.25  2.89 15.41  4.86  6.64  6.19  4.20  8.05 27.62 11.05 19.40 14.17  0.00
 9693.25  2.31 12.84  3.92  5.39  5.02  3.38  6.57 23.73  9.09 16.33 11.75  0.00
 9694.25  3.19 16.82  5.38  7.33  6.84  4.64  8.87 29.72 12.11 21.05 15.44  0.00
 9695.25  4.80 22.64  7.93 10.62  9.94  6.89 12.66 37.27 16.85 27.58 20.94  0.00
 9696.25  5.42 24.43  8.86 11.78 11.05  7.73 13.97 39.32 18.39 29.49 22.64  0.00
 9697.25  6.13 26.10  9.90 13.02 12.26  8.67 15.33 40.99 19.92 31.18 24.25  0.00
 9698.25  6.14 26.06  9.92 13.04 12.28  8.69 15.33 40.82 19.90 31.09 24.18  0.00
 9699.25  5.08 23.44  8.38 11.18 10.49  7.29 13.27 38.03 17.53 28.35 21.60  0.00
 9700.25  2.74 14.92  4.68  6.41  5.98  4.03  7.76 26.70 10.63 18.69 13.52  0.00
 9701.25  1.27  7.50  2.19  3.05  2.83  1.88  3.72 14.41  5.19  9.61  6.73  0.00
 9702.25  1.12  6.69  1.94  2.70  2.51  1.66  3.30 12.94  4.61  8.59  5.98  0.00
 9703.25  1.99 11.48  3.44  4.76  4.43  2.96  5.79 21.40  8.02 14.56 10.30  0.00
 9704.25  4.66 22.39  7.78 10.46  9.81  6.76 12.45 36.92 16.54 27.18 20.41  0.00
 9705.25  6.15 26.45 10.02 13.22 12.45  8.77 15.51 41.40 20.11 31.46 24.31  0.00
 9706.25  5.65 25.37  9.32 12.38 11.64  8.12 14.60 40.33 19.09 30.35 23.20  0.00
 9707.25  4.95 23.57  8.29 11.13 10.44  7.19 13.20 38.38 17.47 28.45 21.43  0.00
 9708.25  5.19 24.11  8.64 11.56 10.85  7.52 13.67 38.78 17.98 28.95 21.93  0.00
 9709.25  5.93 25.88  9.74 12.88 12.13  8.51 15.11 40.56 19.60 30.75 23.63  0.00
 9710.25  6.17 26.60 10.10 13.33 12.56  8.84 15.61 41.48 20.19 31.53 24.28  0.00
 9711.25  6.11 26.59 10.05 13.28 12.51  8.78 15.56 41.55 20.15 31.54 24.23  0.00
 9712.25  5.02 23.83  8.43 11.32 10.63  7.32 13.39 38.61 17.65 28.64 21.52  0.00
 9713.25  2.59 14.81  4.53  6.27  5.84  3.88  7.56 26.73 10.38 18.48 13.09  0.00
 9714.25  1.64  9.91  2.89  4.03  3.75  2.47  4.90 18.75  6.81 12.55  8.67  0.00
 9715.25  1.96 11.65  3.46  4.82  4.48  2.96  5.83 21.59  8.06 14.65 10.21  0.00
 9716.25  4.10 20.79  7.01  9.52  8.92  6.06 11.32 34.66 15.11 25.20 18.54  0.00
 9717.25  5.96 26.37  9.89 13.12 12.35  8.63 15.35 41.24 19.88 31.21 23.81  0.00
 9718.25  6.18 26.97 10.23 13.54 12.76  8.94 15.80 41.92 20.39 31.83 24.35  0.00
 9719.25  6.03 26.68 10.03 13.30 12.53  8.75 15.54 41.63 20.11 31.52 24.03  0.00
 9720.25  4.22 21.51  7.25  9.86  9.24  6.26 11.71 35.82 15.60 26.02 19.07  0.00
 9721.25  1.69 10.34  3.01  4.21  3.92  2.57  5.10 19.45  7.07 13.02  8.93  0.00
 9722.25  0.95  6.01  1.70  2.39  2.22  1.45  2.90 11.68  4.06  7.64  5.16  0.00
 9723.25  1.07  6.75  1.92  2.70  2.51  1.63  3.27 13.04  4.56  8.56  5.78  0.00
 9724.25  2.29 13.55  4.07  5.68  5.29  3.48  6.83 24.56  9.38 16.84 11.71  0.00
 9725.25  4.23 21.83  7.34 10.01  9.38  6.33 11.87 36.13 15.80 26.30 19.20  0.00
 9726.25  4.74 23.62  8.18 11.09 10.40  7.07 13.08 38.33 17.26 28.24 20.84  0.00
 9727.25  4.90 24.09  8.43 11.40 10.70  7.29 13.42 38.84 17.66 28.72 21.25  0.00
 9728.25  4.73 23.66  8.18 11.10 10.42  7.07 13.09 38.38 17.27 28.26 20.81  0.00
 9729.25  4.30 22.35  7.51 10.25  9.60  6.47 12.13 36.91 16.14 26.86 19.54  0.00
 9730.25  4.16 21.84  7.28  9.96  9.33  6.27 11.80 36.19 15.72 26.27 19.04  0.00
 9731.25  4.13 21.80  7.25  9.92  9.30  6.24 11.75 36.17 15.66 26.22 18.97  0.00
 9732.25  4.49 23.10  7.84 10.70 10.03  6.76 12.63 37.81 16.72 27.64 20.14  0.00
 9733.25  5.28 25.33  9.09 12.24 11.51  7.87 14.32 40.17 18.68 29.95 22.24  0.00
 9734.25  5.02 24.38  8.67 11.71 11.01  7.51 13.72 38.82 17.93 28.86 21.35  0.00
 9735.25  4.01 21.18  7.07  9.68  9.07  6.08 11.45 34.98 15.22 25.39 18.33  0.00
 9736.25  3.13 17.87  5.62  7.80  7.29  4.81  9.29 30.75 12.54 21.71 15.28  0.00
 9737.25  2.31 14.20  4.21  5.91  5.51  3.59  7.09 25.67  9.73 17.52 11.98  0.00
 9738.25  2.51 15.30  4.57  6.41  5.97  3.89  7.67 27.47 10.50 18.83 12.91  0.00
 9739.25  2.63 15.96  4.79  6.71  6.26  4.08  8.03 28.51 10.97 19.60 13.45  0.00
 9740.25  1.67 10.84  3.08  4.36  4.06  2.62  5.25 20.39  7.28 13.51  9.02  0.00
 9741.25  1.64 10.66  3.03  4.29  3.99  2.57  5.16 20.08  7.15 13.29  8.85  0.00
 9742.25  2.81 16.75  5.12  7.15  6.68  4.37  8.53 29.41 11.58 20.42 14.10  0.00
 9743.25  4.53 22.93  7.98 10.86 10.20  6.89 12.72 36.76 16.67 27.11 19.76  0.00
 9744.25  5.27 25.09  9.15 12.31 11.59  7.93 14.32 39.25 18.52 29.39 21.75  0.00
 9745.25  5.70 26.64  9.86 13.22 12.46  8.56 15.34 41.38 19.76 31.11 23.12  0.00
 9746.25  4.71 24.24  8.36 11.40 10.71  7.20 13.35 39.04 17.53 28.66 20.75  0.00
 9747.25  2.78 16.98  5.12  7.19  6.71  4.36  8.57 29.97 11.66 20.69 14.14  0.00
 9748.25  2.01 13.03  3.75  5.32  4.95  3.18  6.37 23.95  8.76 16.06 10.72  0.00
 9749.25  2.14 13.70  3.99  5.65  5.26  3.39  6.75 24.86  9.26 16.82 11.28  0.00
 9750.25  3.59 20.34  6.54  9.07  8.49  5.59 10.71 34.15 14.31 24.36 17.09  0.00
 9751.25  5.27 25.96  9.31 12.60 11.86  8.04 14.65 40.83 19.00 30.39 22.23  0.00
 9752.25  5.56 26.62  9.74 13.12 12.37  8.43 15.21 41.42 19.61 31.02 22.84  0.00
 9753.25  5.35 25.80  9.40 12.68 11.95  8.14 14.70 40.21 18.98 30.08 22.10  0.00
 9754.25  5.14 25.30  9.10 12.32 11.60  7.86 14.30 39.65 18.52 29.54 21.59  0.00
 9755.25  5.13 25.55  9.11 12.37 11.64  7.86 14.37 40.18 18.64 29.86 21.74  0.00
 9756.25  5.07 25.38  9.04 12.27 11.55  7.80 14.26 39.93 18.50 29.66 21.56  0.00
 9757.25  4.73 24.13  8.48 11.56 10.88  7.31 13.45 38.17 17.50 28.23 20.42  0.00
 9758.25  4.35 23.13  7.89 10.83 10.18  6.77 12.65 37.16 16.59 27.20 19.44  0.00
 9759.25  4.66 24.50  8.44 11.56 10.87  7.25 13.48 39.13 17.63 28.74 20.59  0.00
 9760.25  5.40 26.59  9.62 13.02 12.28  8.31 15.08 41.44 19.45 30.91 22.53  0.00
 9761.25  5.68 27.01 10.02 13.48 12.72  8.68 15.54 41.61 19.92 31.26 22.96  0.00
 9762.25  5.43 26.01  9.61 12.95 12.22  8.32 14.93 40.12 19.15 30.11 22.06  0.00
 9763.25  5.51 26.13  9.74 13.09 12.36  8.44 15.08 40.16 19.28 30.20 22.17  0.00
 9764.25  5.96 27.46 10.45 13.97 13.21  9.07 16.03 41.85 20.39 31.63 23.35  0.00
 9765.25  6.12 27.91 10.72 14.29 13.52  9.31 16.37 42.36 20.77 32.08 23.73  0.00
 9766.25  5.35 26.53  9.61 13.02 12.28  8.29 15.04 41.24 19.37 30.75 22.30  0.00
 9767.25  4.93 25.69  8.98 12.29 11.57  7.72 14.25 40.56 18.52 29.92 21.42  0.00
 9768.25  6.04 28.06 10.65 14.26 13.48  9.24 16.35 42.75 20.78 32.27 23.73  0.00
 9769.25  6.74 29.33 11.66 15.40 14.61 10.18 17.54 43.92 22.03 33.51 24.97  0.00
 9770.25  6.43 28.99 11.27 14.99 14.19  9.80 17.12 43.75 21.62 33.20 24.55  0.00
 9771.25  5.93 28.15 10.57 14.20 13.42  9.15 16.29 43.01 20.76 32.37 23.67  0.00
 9772.25  5.50 27.25  9.94 13.46 12.71  8.57 15.50 42.11 19.89 31.45 22.75  0.00
 9773.25  5.30 26.65  9.63 13.08 12.34  8.30 15.08 41.32 19.39 30.78 22.18  0.00
 9774.25  5.78 27.57 10.34 13.91 13.15  8.95 15.94 42.08 20.30 31.66 23.08  0.00
 9775.25  6.32 28.76 11.16 14.87 14.08  9.70 16.95 43.35 21.39 32.87 24.20  0.00
 9776.25  6.11 28.39 10.87 14.54 13.76  9.43 16.61 42.98 21.02 32.49 23.80  0.00
 9777.25  5.89 28.01 10.57 14.21 13.44  9.15 16.25 42.62 20.64 32.10 23.39  0.00
 9778.25  5.63 27.53 10.19 13.77 13.01  8.80 15.79 42.17 20.15 31.61 22.87  0.00
 9779.25  5.18 26.46  9.52 12.97 12.23  8.19 14.92 41.01 19.17 30.49 21.83  0.00
 9780.25  4.90 25.93  9.10 12.48 11.76  7.81 14.41 40.62 18.62 29.98 21.26  0.00
 9781.25  4.87 25.78  9.05 12.42 11.70  7.77 14.33 40.35 18.51 29.79 21.11  0.00
 9782.25  4.86 25.38  9.01 12.33 11.62  7.74 14.20 39.52 18.29 29.26 20.80  0.00
 9783.25  5.17 26.39  9.53 12.98 12.25  8.20 14.91 40.77 19.12 30.33 21.67  0.00
 9784.25  5.36 27.30  9.89 13.47 12.71  8.51 15.45 42.10 19.79 31.35 22.41  0.00
 9785.25  5.16 26.95  9.60 13.13 12.39  8.24 15.10 41.84 19.42 31.00 22.01  0.00
 9786.25  4.61 25.47  8.72 12.05 11.35  7.45 13.93 40.26 18.09 29.47 20.59  0.00
 9787.25  4.15 24.07  7.95 11.09 10.42  6.77 12.87 38.73 16.86 28.00 19.27  0.00
 9788.25  4.40 24.96  8.39 11.66 10.97  7.16 13.50 39.76 17.60 28.93 20.04  0.00
 9789.25  4.52 25.36  8.62 11.95 11.25  7.36 13.80 40.17 17.94 29.33 20.39  0.00
 9790.25  3.12 20.11  6.15  8.74  8.18  5.20 10.22 33.91 13.64 23.70 15.71  0.00
 9791.25  1.55 11.56  3.14  4.57  4.26  2.63  5.41 21.49  7.43 13.99  8.70  0.00
 9792.25  0.86  6.69  1.75  2.57  2.39  1.46  3.05 12.94  4.23  8.18  4.97  0.00
 9793.25  0.50  4.02  1.04  1.53  1.42  0.87  1.81  7.87  2.52  4.92  2.96  0.00
 9794.25  0.52  4.16  1.07  1.58  1.47  0.90  1.88  8.14  2.61  5.09  3.06  0.00
 9795.25  1.06  8.28  2.18  3.20  2.98  1.82  3.79 15.81  5.24 10.07  6.12  0.00
 9796.25  3.07 20.10  6.12  8.71  8.16  5.17 10.17 33.95 13.56 23.63 15.52  0.00
 9797.25  4.32 25.13  8.38 11.70 11.01  7.13 13.51 40.02 17.60 29.02 19.89  0.00
 9798.25  3.01 20.17  6.05  8.66  8.11  5.10 10.12 34.21 13.53 23.73 15.48  0.00
 9799.25  2.35 16.85  4.79  6.93  6.48  4.02  8.15 29.73 11.04 20.04 12.71  0.00
 9800.25  2.28 16.49  4.67  6.76  6.32  3.91  7.95 29.19 10.78 19.62 12.39  0.00
 9801.25  1.25  9.85  2.61  3.83  3.56  2.18  4.52 18.59  6.23 11.91  7.23  0.00
 9802.25  0.82  6.67  1.72  2.54  2.37  1.44  3.01 12.90  4.17  8.10  4.84  0.00
 9803.25  1.09  8.71  2.28  3.35  3.12  1.90  3.97 16.62  5.47 10.55  6.34  0.00
 9804.25  2.49 17.63  5.10  7.36  6.89  4.28  8.62 30.67 11.61 20.83 13.25  0.00
 9805.25  4.45 25.81  8.72 12.16 11.46  7.42 13.98 40.67 18.11 29.62 20.26  0.00
 9806.25  4.40 25.73  8.65 12.08 11.38  7.36 13.89 40.61 18.02 29.53 20.15  0.00
 9807.25  4.20 25.20  8.34 11.69 11.00  7.07 13.47 40.08 17.53 28.99 19.62  0.00
 9808.25  3.89 24.17  7.79 11.00 10.34  6.60 12.71 38.96 16.64 27.90 18.66  0.00
 9809.25  2.67 19.04  5.52  7.99  7.47  4.63  9.33 32.81 12.54 22.40 14.22  0.00
 9810.25  2.11 16.01  4.43  6.46  6.04  3.70  7.59 28.64 10.31 19.01 11.75  0.00
 9811.25  2.49 18.22  5.20  7.55  7.06  4.35  8.83 31.72 11.90 21.47 13.49  0.00
 9812.25  3.26 21.95  6.69  9.59  8.99  5.63 11.12 36.42 14.75 25.51 16.58  0.00
 9813.25  2.29 17.08  4.81  7.01  6.55  4.03  8.20 30.03 11.08 20.16 12.55  0.00
 9814.25  1.51 12.15  3.21  4.74  4.42  2.67  5.57 22.58  7.65 14.54  8.71  0.00
 9815.25  1.57 12.64  3.35  4.95  4.61  2.79  5.82 23.39  7.97 15.10  9.07  0.00
 9816.25  2.52 18.47  5.30  7.70  7.20  4.43  8.98 31.94 12.07 21.68 13.59  0.00
 9817.25  3.66 23.67  7.49 10.65 10.01  6.32 12.29 38.34 16.12 27.27 17.94  0.00
 9818.25  2.87 20.37  6.01  8.68  8.13  5.03 10.09 34.45 13.46 23.74 15.08  0.00
 9819.25  1.95 15.34  4.17  6.13  5.72  3.47  7.18 27.62  9.77 18.17 11.03  0.00
 9820.25  1.54 12.65  3.33  4.93  4.60  2.77  5.79 23.42  7.93 15.08  8.97  0.00
 9821.25  1.54 12.64  3.33  4.93  4.60  2.77  5.79 23.40  7.92 15.06  8.95  0.00
 9822.25  2.13 16.55  4.57  6.70  6.26  3.81  7.83 29.33 10.60 19.50 11.90  0.00
 9823.25  3.22 22.21  6.75  9.71  9.11  5.67 11.22 36.69 14.84 25.67 16.48  0.00
 9824.25  3.78 24.30  7.81 11.09 10.43  6.59 12.73 38.88 16.61 27.82 18.32  0.00
 9825.25  3.85 24.36  7.93 11.23 10.57  6.70 12.87 38.72 16.73 27.83 18.41  0.00
 9826.25  3.80 24.33  7.86 11.15 10.49  6.63 12.79 38.78 16.65 27.80 18.31  0.00
 9827.25  3.73 24.38  7.78 11.07 10.41  6.55 12.71 39.09 16.60 27.90 18.26  0.00
 9828.25  3.60 24.01  7.54 10.78 10.14  6.34 12.40 38.80 16.24 27.53 17.88  0.00
 9829.25  3.09 21.98  6.58  9.52  8.93  5.51 11.00 36.50 14.57 25.38 16.09  0.00
 9830.25  2.53 19.28  5.48  8.02  7.51  4.57  9.31 33.13 12.49 22.46 13.84  0.00
 9831.25  2.35 18.26  5.11  7.50  7.02  4.26  8.73 31.70 11.74 21.31 13.01  0.00
 9832.25  2.71 20.20  5.86  8.54  8.00  4.89  9.89 34.18 13.19 23.41 14.56  0.00
 9833.25  3.44 23.57  7.31 10.50  9.87  6.14 12.07 38.25 15.84 27.01 17.35  0.00
 9834.25  0.00  0.00  0.00  0.00  0.00  0.00  0.00  0.00  0.00  0.00  0.00  0.00
 9835.25  0.00  0.00  0.00  0.00  0.00  0.00  0.00  0.00  0.00  0.00  0.00  0.00
 9836.25  0.00  0.00  0.00  0.00  0.00  0.00  0.00  0.00  0.00  0.00  0.00  0.00
 9837.25  0.00  0.00  0.00  0.00  0.00  0.00  0.00  0.00  0.00  0.00  0.00  0.00
 9838.25  0.00  0.00  0.00  0.00  0.00  0.00  0.00  0.00  0.00  0.00  0.00  0.00
 9839.25  0.00  0.00  0.00  0.00  0.00  0.00  0.00  0.00  0.00  0.00  0.00  0.00
 9840.25  0.00  0.00  0.00  0.00  0.00  0.00  0.00  0.00  0.00  0.00  0.00  0.00
 9841.25  0.00  0.00  0.00  0.00  0.00  0.00  0.00  0.00  0.00  0.00  0.00  0.00
 9842.25  0.00  0.00  0.00  0.00  0.00  0.00  0.00  0.00  0.00  0.00  0.00  0.00
 9843.25  0.00  0.00  0.00  0.00  0.00  0.00  0.00  0.00  0.00  0.00  0.00  0.00
 9844.25  0.00  0.00  0.00  0.00  0.00  0.00  0.00  0.00  0.00  0.00  0.00  0.00
 9845.25  0.00  0.00  0.00  0.00  0.00  0.00  0.00  0.00  0.00  0.00  0.00  0.00
 9846.25  0.00  0.00  0.00  0.00  0.00  0.00  0.00  0.00  0.00  0.00  0.00  0.00
 9847.25  0.00  0.00  0.00  0.00  0.00  0.00  0.00  0.00  0.00  0.00  0.00  0.00
 9848.25  0.00  0.00  0.00  0.00  0.00  0.00  0.00  0.00  0.00  0.00  0.00  0.00
 9849.25  0.00  0.00  0.00  0.00  0.00  0.00  0.00  0.00  0.00  0.00  0.00  0.00
 9850.25  0.00  0.00  0.00  0.00  0.00  0.00  0.00  0.00  0.00  0.00  0.00  0.00
 9851.25  0.00  0.00  0.00  0.00  0.00  0.00  0.00  0.00  0.00  0.00  0.00  0.00
 9852.25  0.00  0.00  0.00  0.00  0.00  0.00  0.00  0.00  0.00  0.00  0.00  0.00
 9853.25  0.00  0.00  0.00  0.00  0.00  0.00  0.00  0.00  0.00  0.00  0.00  0.00
 9854.25  0.00  0.00  0.00  0.00  0.00  0.00  0.00  0.00  0.00  0.00  0.00  0.00
 9855.25  0.00  0.00  0.00  0.00  0.00  0.00  0.00  0.00  0.00  0.00  0.00  0.00
 9856.25  0.00  0.00  0.00  0.00  0.00  0.00  0.00  0.00  0.00  0.00  0.00  0.00
 9857.25  0.00  0.00  0.00  0.00  0.00  0.00  0.00  0.00  0.00  0.00  0.00  0.00
 9858.25  0.00  0.00  0.00  0.00  0.00  0.00  0.00  0.00  0.00  0.00  0.00  0.00
 9859.25  0.00  0.00  0.00  0.00  0.00  0.00  0.00  0.00  0.00  0.00  0.00  0.00
 9860.25  0.00  0.00  0.00  0.00  0.00  0.00  0.00  0.00  0.00  0.00  0.00  0.00
 9861.25  0.00  0.00  0.00  0.00  0.00  0.00  0.00  0.00  0.00  0.00  0.00  0.00
 9862.25  0.00  0.00  0.00  0.00  0.00  0.00  0.00  0.00  0.00  0.00  0.00  0.00
 9863.25  0.00  0.00  0.00  0.00  0.00  0.00  0.00  0.00  0.00  0.00  0.00  0.00
 9864.25  0.00  0.00  0.00  0.00  0.00  0.00  0.00  0.00  0.00  0.00  0.00  0.00
 9865.25  0.00  0.00  0.00  0.00  0.00  0.00  0.00  0.00  0.00  0.00  0.00  0.00
 9866.25  0.00  0.00  0.00  0.00  0.00  0.00  0.00  0.00  0.00  0.00  0.00  0.00
 9867.25  0.00  0.00  0.00  0.00  0.00  0.00  0.00  0.00  0.00  0.00  0.00  0.00
 9868.25  0.00  0.00  0.00  0.00  0.00  0.00  0.00  0.00  0.00  0.00  0.00  0.00
 9869.25  0.00  0.00  0.00  0.00  0.00  0.00  0.00  0.00  0.00  0.00  0.00  0.00
 9870.25  0.00  0.00  0.00  0.00  0.00  0.00  0.00  0.00  0.00  0.00  0.00  0.00
 9871.25  0.00  0.00  0.00  0.00  0.00  0.00  0.00  0.00  0.00  0.00  0.00  0.00
 9872.25  0.00  0.00  0.00  0.00  0.00  0.00  0.00  0.00  0.00  0.00  0.00  0.00
 9873.25  0.00  0.00  0.00  0.00  0.00  0.00  0.00  0.00  0.00  0.00  0.00  0.00
 9874.25  0.00  0.00  0.00  0.00  0.00  0.00  0.00  0.00  0.00  0.00  0.00  0.00
 9875.25  0.00  0.00  0.00  0.00  0.00  0.00  0.00  0.00  0.00  0.00  0.00  0.00
 9876.25  0.00  0.00  0.00  0.00  0.00  0.00  0.00  0.00  0.00  0.00  0.00  0.00
 9877.25  0.00  0.00  0.00  0.00  0.00  0.00  0.00  0.00  0.00  0.00  0.00  0.00
 9878.25  0.00  0.00  0.00  0.00  0.00  0.00  0.00  0.00  0.00  0.00  0.00  0.00
 9879.25  0.00  0.00  0.00  0.00  0.00  0.00  0.00  0.00  0.00  0.00  0.00  0.00
 9880.25  0.00  0.00  0.00  0.00  0.00  0.00  0.00  0.00  0.00  0.00  0.00  0.00
 9881.25  0.00  0.00  0.00  0.00  0.00  0.00  0.00  0.00  0.00  0.00  0.00  0.00
 9882.25  0.00  0.00  0.00  0.00  0.00  0.00  0.00  0.00  0.00  0.00  0.00  0.00
 9883.25  0.00  0.00  0.00  0.00  0.00  0.00  0.00  0.00  0.00  0.00  0.00  0.00
 9884.25  0.00  0.00  0.00  0.00  0.00  0.00  0.00  0.00  0.00  0.00  0.00  0.00
 9885.25  0.00  0.00  0.00  0.00  0.00  0.00  0.00  0.00  0.00  0.00  0.00  0.00
 9886.25  0.00  0.00  0.00  0.00  0.00  0.00  0.00  0.00  0.00  0.00  0.00  0.00
 9887.25  0.00  0.00  0.00  0.00  0.00  0.00  0.00  0.00  0.00  0.00  0.00  0.00
 9888.25  0.00  0.00  0.00  0.00  0.00  0.00  0.00  0.00  0.00  0.00  0.00  0.00
 9889.25  0.00  0.00  0.00  0.00  0.00  0.00  0.00  0.00  0.00  0.00  0.00  0.00
 9890.25  0.00  0.00  0.00  0.00  0.00  0.00  0.00  0.00  0.00  0.00  0.00  0.00
 9891.25  0.00  0.00  0.00  0.00  0.00  0.00  0.00  0.00  0.00  0.00  0.00  0.00
 9892.25  0.00  0.00  0.00  0.00  0.00  0.00  0.00  0.00  0.00  0.00  0.00  0.00
 9893.25  0.00  0.00  0.00  0.00  0.00  0.00  0.00  0.00  0.00  0.00  0.00  0.00
 9894.25  0.00  0.00  0.00  0.00  0.00  0.00  0.00  0.00  0.00  0.00  0.00  0.00
 9895.25  0.00  0.00  0.00  0.00  0.00  0.00  0.00  0.00  0.00  0.00  0.00  0.00
 9896.25  0.00  0.00  0.00  0.00  0.00  0.00  0.00  0.00  0.00  0.00  0.00  0.00
 9897.25  0.00  0.00  0.00  0.00  0.00  0.00  0.00  0.00  0.00  0.00  0.00  0.00
 9898.25  0.00  0.00  0.00  0.00  0.00  0.00  0.00  0.00  0.00  0.00  0.00  0.00
 9899.25  0.00  0.00  0.00  0.00  0.00  0.00  0.00  0.00  0.00  0.00  0.00  0.00
 9900.25  0.00  0.00  0.00  0.00  0.00  0.00  0.00  0.00  0.00  0.00  0.00  0.00
 9901.25  0.00  0.00  0.00  0.00  0.00  0.00  0.00  0.00  0.00  0.00  0.00  0.00
 9902.25  0.00  0.00  0.00  0.00  0.00  0.00  0.00  0.00  0.00  0.00  0.00  0.00
 9903.25  0.00  0.00  0.00  0.00  0.00  0.00  0.00  0.00  0.00  0.00  0.00  0.00
 9904.25  0.00  0.00  0.00  0.00  0.00  0.00  0.00  0.00  0.00  0.00  0.00  0.00
 9905.25  0.00  0.00  0.00  0.00  0.00  0.00  0.00  0.00  0.00  0.00  0.00  0.00
 9906.25  0.00  0.00  0.00  0.00  0.00  0.00  0.00  0.00  0.00  0.00  0.00  0.00
 9907.25  0.00  0.00  0.00  0.00  0.00  0.00  0.00  0.00  0.00  0.00  0.00  0.00
 9908.25  0.00  0.00  0.00  0.00  0.00  0.00  0.00  0.00  0.00  0.00  0.00  0.00
 9909.25  0.00  0.00  0.00  0.00  0.00  0.00  0.00  0.00  0.00  0.00  0.00  0.00
 9910.25  0.00  0.00  0.00  0.00  0.00  0.00  0.00  0.00  0.00  0.00  0.00  0.00
 9911.25  0.00  0.00  0.00  0.00  0.00  0.00  0.00  0.00  0.00  0.00  0.00  0.00
 9912.25  0.00  0.00  0.00  0.00  0.00  0.00  0.00  0.00  0.00  0.00  0.00  0.00
 9913.25  0.00  0.00  0.00  0.00  0.00  0.00  0.00  0.00  0.00  0.00  0.00  0.00
 9914.25  0.00  0.00  0.00  0.00  0.00  0.00  0.00  0.00  0.00  0.00  0.00  0.00
 9915.25  0.00  0.00  0.00  0.00  0.00  0.00  0.00  0.00  0.00  0.00  0.00  0.00
 9916.25  0.00  0.00  0.00  0.00  0.00  0.00  0.00  0.00  0.00  0.00  0.00  0.00
 9917.25  0.00  0.00  0.00  0.00  0.00  0.00  0.00  0.00  0.00  0.00  0.00  0.00
 9918.25  0.00  0.00  0.00  0.00  0.00  0.00  0.00  0.00  0.00  0.00  0.00  0.00
 9919.25  0.00  0.00  0.00  0.00  0.00  0.00  0.00  0.00  0.00  0.00  0.00  0.00
 9920.25  0.00  0.00  0.00  0.00  0.00  0.00  0.00  0.00  0.00  0.00  0.00  0.00
 9921.25  0.00  0.00  0.00  0.00  0.00  0.00  0.00  0.00  0.00  0.00  0.00  0.00
 9922.25  0.00  0.00  0.00  0.00  0.00  0.00  0.00  0.00  0.00  0.00  0.00  0.00
 9923.25  0.00  0.00  0.00  0.00  0.00  0.00  0.00  0.00  0.00  0.00  0.00  0.00
 9924.25  0.00  0.00  0.00  0.00  0.00  0.00  0.00  0.00  0.00  0.00  0.00  0.00
 9925.25  0.00  0.00  0.00  0.00  0.00  0.00  0.00  0.00  0.00  0.00  0.00  0.00
 9926.25  0.00  0.00  0.00  0.00  0.00  0.00  0.00  0.00  0.00  0.00  0.00  0.00
 9927.25  0.00  0.00  0.00  0.00  0.00  0.00  0.00  0.00  0.00  0.00  0.00  0.00
 9928.25  0.00  0.00  0.00  0.00  0.00  0.00  0.00  0.00  0.00  0.00  0.00  0.00
 9929.25  0.00  0.00  0.00  0.00  0.00  0.00  0.00  0.00  0.00  0.00  0.00  0.00
 9930.25  0.00  0.00  0.00  0.00  0.00  0.00  0.00  0.00  0.00  0.00  0.00  0.00
 9931.25  0.00  0.00  0.00  0.00  0.00  0.00  0.00  0.00  0.00  0.00  0.00  0.00
 9932.25  0.00  0.00  0.00  0.00  0.00  0.00  0.00  0.00  0.00  0.00  0.00  0.00
 9933.25  0.00  0.00  0.00  0.00  0.00  0.00  0.00  0.00  0.00  0.00  0.00  0.00
 9934.25  0.00  0.00  0.00  0.00  0.00  0.00  0.00  0.00  0.00  0.00  0.00  0.00
 9935.25  0.00  0.00  0.00  0.00  0.00  0.00  0.00  0.00  0.00  0.00  0.00  0.00
 9936.25  0.00  0.00  0.00  0.00  0.00  0.00  0.00  0.00  0.00  0.00  0.00  0.00
 9937.25  0.00  0.00  0.00  0.00  0.00  0.00  0.00  0.00  0.00  0.00  0.00  0.00
 9938.25  0.00  0.00  0.00  0.00  0.00  0.00  0.00  0.00  0.00  0.00  0.00  0.00
 9939.25  0.00  0.00  0.00  0.00  0.00  0.00  0.00  0.00  0.00  0.00  0.00  0.00
 9940.25  0.00  0.00  0.00  0.00  0.00  0.00  0.00  0.00  0.00  0.00  0.00  0.00
 9941.25  0.00  0.00  0.00  0.00  0.00  0.00  0.00  0.00  0.00  0.00  0.00  0.00
 9942.25  0.00  0.00  0.00  0.00  0.00  0.00  0.00  0.00  0.00  0.00  0.00  0.00
 9943.25  0.00  0.00  0.00  0.00  0.00  0.00  0.00  0.00  0.00  0.00  0.00  0.00
 9944.25  0.00  0.00  0.00  0.00  0.00  0.00  0.00  0.00  0.00  0.00  0.00  0.00
 9945.25  0.00  0.00  0.00  0.00  0.00  0.00  0.00  0.00  0.00  0.00  0.00  0.00
 9946.25  0.00  0.00  0.00  0.00  0.00  0.00  0.00  0.00  0.00  0.00  0.00  0.00
 9947.25  0.00  0.00  0.00  0.00  0.00  0.00  0.00  0.00  0.00  0.00  0.00  0.00
 9948.25  0.00  0.00  0.00  0.00  0.00  0.00  0.00  0.00  0.00  0.00  0.00  0.00
 9949.25  0.00  0.00  0.00  0.00  0.00  0.00  0.00  0.00  0.00  0.00  0.00  0.00
 9950.25  0.00  0.00  0.00  0.00  0.00  0.00  0.00  0.00  0.00  0.00  0.00  0.00
 9951.25  0.00  0.00  0.00  0.00  0.00  0.00  0.00  0.00  0.00  0.00  0.00  0.00
 9952.25  0.00  0.00  0.00  0.00  0.00  0.00  0.00  0.00  0.00  0.00  0.00  0.00
 9953.25  0.00  0.00  0.00  0.00  0.00  0.00  0.00  0.00  0.00  0.00  0.00  0.00
 9954.25  0.00  0.00  0.00  0.00  0.00  0.00  0.00  0.00  0.00  0.00  0.00  0.00
 9955.25  0.00  0.00  0.00  0.00  0.00  0.00  0.00  0.00  0.00  0.00  0.00  0.00
 9956.25  0.00  0.00  0.00  0.00  0.00  0.00  0.00  0.00  0.00  0.00  0.00  0.00
 9957.25  0.00  0.00  0.00  0.00  0.00  0.00  0.00  0.00  0.00  0.00  0.00  0.00
 9958.25  0.00  0.00  0.00  0.00  0.00  0.00  0.00  0.00  0.00  0.00  0.00  0.00
 9959.25  0.00  0.00  0.00  0.00  0.00  0.00  0.00  0.00  0.00  0.00  0.00  0.00
 9960.25  0.00  0.00  0.00  0.00  0.00  0.00  0.00  0.00  0.00  0.00  0.00  0.00
 9961.25  0.00  0.00  0.00  0.00  0.00  0.00  0.00  0.00  0.00  0.00  0.00  0.00
 9962.25  0.00  0.00  0.00  0.00  0.00  0.00  0.00  0.00  0.00  0.00  0.00  0.00
 9963.25  0.00  0.00  0.00  0.00  0.00  0.00  0.00  0.00  0.00  0.00  0.00  0.00
 9964.25  0.00  0.00  0.00  0.00  0.00  0.00  0.00  0.00  0.00  0.00  0.00  0.00
 9965.25  0.00  0.00  0.00  0.00  0.00  0.00  0.00  0.00  0.00  0.00  0.00  0.00
 9966.25  0.00  0.00  0.00  0.00  0.00  0.00  0.00  0.00  0.00  0.00  0.00  0.00
 9967.25  0.00  0.00  0.00  0.00  0.00  0.00  0.00  0.00  0.00  0.00  0.00  0.00
 9968.25  0.00  0.00  0.00  0.00  0.00  0.00  0.00  0.00  0.00  0.00  0.00  0.00
 9969.25  0.00  0.00  0.00  0.00  0.00  0.00  0.00  0.00  0.00  0.00  0.00  0.00
 9970.25  0.00  0.00  0.00  0.00  0.00  0.00  0.00  0.00  0.00  0.00  0.00  0.00
 9971.25  0.00  0.00  0.00  0.00  0.00  0.00  0.00  0.00  0.00  0.00  0.00  0.00
 9972.25  0.00  0.00  0.00  0.00  0.00  0.00  0.00  0.00  0.00  0.00  0.00  0.00
 9973.25  0.00  0.00  0.00  0.00  0.00  0.00  0.00  0.00  0.00  0.00  0.00  0.00
 9974.25  0.00  0.00  0.00  0.00  0.00  0.00  0.00  0.00  0.00  0.00  0.00  0.00
 9975.25  0.00  0.00  0.00  0.00  0.00  0.00  0.00  0.00  0.00  0.00  0.00  0.00
 9976.25  0.00  0.00  0.00  0.00  0.00  0.00  0.00  0.00  0.00  0.00  0.00  0.00
 9977.25  0.00  0.00  0.00  0.00  0.00  0.00  0.00  0.00  0.00  0.00  0.00  0.00
 9978.25  0.00  0.00  0.00  0.00  0.00  0.00  0.00  0.00  0.00  0.00  0.00  0.00
 9979.25  0.00  0.00  0.00  0.00  0.00  0.00  0.00  0.00  0.00  0.00  0.00  0.00
 9980.25  0.00  0.00  0.00  0.00  0.00  0.00  0.00  0.00  0.00  0.00  0.00  0.00
 9981.25  0.00  0.00  0.00  0.00  0.00  0.00  0.00  0.00  0.00  0.00  0.00  0.00
 9982.25  0.00  0.00  0.00  0.00  0.00  0.00  0.00  0.00  0.00  0.00  0.00  0.00
 9983.25  0.00  0.00  0.00  0.00  0.00  0.00  0.00  0.00  0.00  0.00  0.00  0.00
 9984.25  0.00  0.00  0.00  0.00  0.00  0.00  0.00  0.00  0.00  0.00  0.00  0.00
 9985.25  0.00  0.00  0.00  0.00  0.00  0.00  0.00  0.00  0.00  0.00  0.00  0.00
 9986.25  0.00  0.00  0.00  0.00  0.00  0.00  0.00  0.00  0.00  0.00  0.00  0.00
 9987.25  0.00  0.00  0.00  0.00  0.00  0.00  0.00  0.00  0.00  0.00  0.00  0.00
 9988.25  0.00  0.00  0.00  0.00  0.00  0.00  0.00  0.00  0.00  0.00  0.00  0.00
 9989.25  0.00  0.00  0.00  0.00  0.00  0.00  0.00  0.00  0.00  0.00  0.00  0.00
 9990.25  0.00  0.00  0.00  0.00  0.00  0.00  0.00  0.00  0.00  0.00  0.00  0.00
 9991.25  0.00  0.00  0.00  0.00  0.00  0.00  0.00  0.00  0.00  0.00  0.00  0.00
 9992.25  0.00  0.00  0.00  0.00  0.00  0.00  0.00  0.00  0.00  0.00  0.00  0.00
 9993.25  0.00  0.00  0.00  0.00  0.00  0.00  0.00  0.00  0.00  0.00  0.00  0.00
 9994.25  0.00  0.00  0.00  0.00  0.00  0.00  0.00  0.00  0.00  0.00  0.00  0.00
 9995.25  0.00  0.00  0.00  0.00  0.00  0.00  0.00  0.00  0.00  0.00  0.00  0.00
 9996.25  0.00  0.00  0.00  0.00  0.00  0.00  0.00  0.00  0.00  0.00  0.00  0.00
 9997.25  0.00  0.00  0.00  0.00  0.00  0.00  0.00  0.00  0.00  0.00  0.00  0.00
 9998.25  0.00  0.00  0.00  0.00  0.00  0.00  0.00  0.00  0.00  0.00  0.00  0.00
 9999.25  0.00  0.00  0.00  0.00  0.00  0.00  0.00  0.00  0.00  0.00  0.00  0.00
